game_id,title,url,video_id,channel,duration,view_count,like_count,comment_count
22500050,"Toronto Raptors vs Washington Wizards Full Game Highlights - November 21, 2025 | NBA Season",https://www.youtube.com/watch?v=qCZWwFr0pA0,qCZWwFr0pA0,GAMETIME HIGHLIGHTS,569,18970,220,6.0
22500049,"Boston Celtics vs Brooklyn Nets Full Game Highlights - November 21, 2025 | NBA Season",https://www.youtube.com/watch?v=qSBc8l9PaNc,qSBc8l9PaNc,GAMETIME HIGHLIGHTS,573,53338,523,69.0
22500049,Boston Celtics vs Brooklyn Nets  FULLGAME Qtr Nov 21.2025 Highlights | NBA HIGHLIGHT,https://www.youtube.com/watch?v=ML9M5PvwKD4,ML9M5PvwKD4,Mây Trắng Review,769,3046,12,
22500055,"Oklahoma City Thunder vs Utah Jazz Full Game Highlights - November 21, 2025 | NBA Season",https://www.youtube.com/watch?v=Slm2bcNEtQ4,Slm2bcNEtQ4,GAMETIME HIGHLIGHTS,567,102008,937,117.0
22500055,Oklahoma City Thunder vs Utah Jazz | Full Game Highlights | November 21 | 2025-26 NBA Season,https://www.youtube.com/watch?v=wx7dYcJpYQ8,wx7dYcJpYQ8,The CCB Network,601,5827,95,3.0
22500254,"Phoenix Suns vs Portland Trail Blazers Full Game Highlights - November 18, 2025 | NBA Season",https://www.youtube.com/watch?v=ufHTyCB3kEQ,ufHTyCB3kEQ,,550,4728,106,3.0
22500254,Phoenix Suns vs Portland Trail Blazers Full Game Highlights (November 18 2025) NBA,https://www.youtube.com/watch?v=zgBXRPj-c8A,zgBXRPj-c8A,Basket Club,477,1365,11,
22500248,"Chicago Bulls vs Denver Nuggets - FULL GAME HIGHLIGHTS | November 17, 2025 NBA Season",https://www.youtube.com/watch?v=6B8CSUezAe0,6B8CSUezAe0,Ximo Pierto,565,13059,254,14.0
22500248,"Denver Nuggets vs Chicago Bulls Full Game Highlights | Nov 17, 2025 | FreeDawkins",https://www.youtube.com/watch?v=wgE85ARs1vU,wgE85ARs1vU,,658,45808,1081,79.0
22500248,Denver Nuggets vs Chicago Bulls Full Game Highlights | Nov 17 | 2026 NBA Season,https://www.youtube.com/watch?v=qX3BuH6Bfac,qX3BuH6Bfac,Hooper Highlights,591,5612,208,6.0
22500256,"Indiana Pacers vs Charlotte Hornets Full Game Highlights - November 19, 2025 | NBA Season",https://www.youtube.com/watch?v=e3bmXlMGvQM,e3bmXlMGvQM,GAMETIME HIGHLIGHTS,558,28212,354,23.0
22500256,Charlotte Hornets vs Indiana Pacers Full Game Highlights | Nov 19 | 2026 NBA Season,https://www.youtube.com/watch?v=6fs97jNcbVY,6fs97jNcbVY,Hooper Highlights,599,1446,49,1.0
22500256,Charlotte Hornets vs Indiana Pacers | Full Game Highlights | November 19 | 2025-26 NBA Season,https://www.youtube.com/watch?v=Tv4mSeN1D5c,Tv4mSeN1D5c,The CCB Network,596,2637,55,2.0
22500252,"San Antonio Spurs vs Memphis Grizzlies - FULL GAME HIGHLIGHTS | November 18, 2025 NBA Season",https://www.youtube.com/watch?v=KnkDbjP9t4Y,KnkDbjP9t4Y,Ximo Pierto,571,13237,271,19.0
22500252,"San Antonio Spurs vs Memphis Grizzlies Full Game Highlights - November 18, 2025 | NBA Season",https://www.youtube.com/watch?v=RM-rzKRtLXA,RM-rzKRtLXA,,575,8092,162,7.0
22500252,San Antonio Spurs vs Memphis Grizzlies | Full Game Highlights | November 18 | 2025-26 NBA Season,https://www.youtube.com/watch?v=e9_MFNNw19w,e9_MFNNw19w,The CCB Network,622,82618,751,41.0
22500259,"Minnesota Timberwolves vs Washington Wizards Full Game Highlights - November 19, 2025 | NBA Season",https://www.youtube.com/watch?v=6DnJrpaJA1s,6DnJrpaJA1s,GAMETIME HIGHLIGHTS,562,35933,418,14.0
22500259,Minnesota Timberwolves vs Washington Wizards Full Game Highlights | Nov 19 | 2026 NBA Season,https://www.youtube.com/watch?v=v5707CTdRrI,v5707CTdRrI,Hooper Highlights,597,2077,78,
22500259,Minnesota Timberwolves vs Washington Wizards | Full Game Highlights | Nov 19 | 2025-26 NBA Season,https://www.youtube.com/watch?v=cj-MIUR1Tuk,cj-MIUR1Tuk,The CCB Network,600,4740,95,4.0
22500241,"Milwaukee Bucks vs Cleveland Cavaliers Full Game Highlights | Nov 17, 2025 | FreeDawkins",https://www.youtube.com/watch?v=PU6NFQTATGA,PU6NFQTATGA,,574,18527,515,21.0
22500241,"Milwaukee Bucks vs Cleveland Cavaliers - FULL GAME HIGHLIGHTS | November 17, 2025 NBA Season",https://www.youtube.com/watch?v=t0TkWNnnArU,t0TkWNnnArU,Ximo Pierto,563,3767,89,1.0
22500241,Milwaukee Bucks vs Cleveland Cavaliers | Full Game Highlights | November 17 | 2025-26 NBA Season,https://www.youtube.com/watch?v=FYcwiLb13yA,FYcwiLb13yA,The CCB Network,603,58570,512,26.0
22500264,"Los Angeles Clippers vs Orlando Magic Full Game Highlights - November 20, 2025 | NBA Season",https://www.youtube.com/watch?v=oDUSA7mBsds,oDUSA7mBsds,GAMETIME HIGHLIGHTS,570,130627,1031,83.0
22500264,LA Clippers vs Orlando Magic Full Game Highlights | Nov 20 | 2026 NBA Season,https://www.youtube.com/watch?v=mzY-LOgTwgY,mzY-LOgTwgY,Hooper Highlights,592,2399,85,1.0
22500264,"Los Angeles Clippers vs Orlando Magic - FULL GAME HIGHLIGHTS | November 20, 2025 NBA Season",https://www.youtube.com/watch?v=A9uYU0gQu0s,A9uYU0gQu0s,Ximo Pierto,577,3619,84,6.0
22500242,Indiana Pacers vs Detroit Pistons Full Game Highlights | Nov 17 | 2026 NBA Season,https://www.youtube.com/watch?v=OhUhLVJOsB8,OhUhLVJOsB8,Hooper Highlights,589,2318,71,1.0
22500247,"Oklahoma City Thunder vs New Orleans Pelicans - FULL GAME HIGHLIGHTS | November 17, 2025 NBA Season",https://www.youtube.com/watch?v=hrykKX3siyY,hrykKX3siyY,Ximo Pierto,576,8599,161,7.0
22500247,Oklahoma City Thunder vs New Orleans Pelicans Full Game Highlights | Nov 17 | 2026 NBA Season,https://www.youtube.com/watch?v=sWOaBXhQ__8,sWOaBXhQ__8,Hooper Highlights,589,2720,84,
22500247,New Orleans Pelicans vs Oklahoma City Thunder FULLGAME Qtr Nov 17.2025 Highlights | NBA hightlight,https://www.youtube.com/watch?v=oKynUVPuj08,oKynUVPuj08,Mây Trắng Review,803,1988,5,
22500052,"Dallas Mavericks vs New Orleans Pelicans Full Game Highlights - November 21, 2025 | NBA Season",https://www.youtube.com/watch?v=HwlS8jVFNiA,HwlS8jVFNiA,GAMETIME HIGHLIGHTS,583,123006,1108,127.0
22500052,"Dallas Mavericks vs New Orleans Pelicans - FULL GAME HIGHLIGHTS | November 21, 2025 NBA Cup",https://www.youtube.com/watch?v=oygBSeFfMfs,oygBSeFfMfs,Ximo Pierto,578,3884,89,8.0
22500052,Dallas Mavericks vs New Orleans Pelicans | Full Game Highlights | November 21 | 2025-26 NBA Season,https://www.youtube.com/watch?v=pow0ViaREBM,pow0ViaREBM,The CCB Network,626,7034,107,7.0
22500251,Detroit Pistons vs Atlanta Hawks | Full Game Highlights | November 18 | 2025-26 NBA Season,https://www.youtube.com/watch?v=R43o7gcue-8,R43o7gcue-8,The CCB Network,620,30519,350,12.0
22500251,"Detroit Pistons vs Atlanta Hawks Full Game Highlights - November 18, 2025 | NBA Season",https://www.youtube.com/watch?v=ne9FS3xXQ-k,ne9FS3xXQ-k,,568,4300,128,4.0
22500251,"FlightReacts To PISTONS at HAWKS | FULL GAME HIGHLIGHTS | November 18, 2025",https://www.youtube.com/watch?v=mHpBRgIWlRM,mHpBRgIWlRM,nonmaliceowl,791,7971,351,13.0
22500266,"Milwaukee Bucks vs Philadelphia 76ers Full Game Highlights - November 20, 2025 | NBA Season",https://www.youtube.com/watch?v=-uY2EAJ4Eoo,-uY2EAJ4Eoo,GAMETIME HIGHLIGHTS,571,218565,1917,138.0
22500266,"Milwaukee Bucks vs Philadelphia 76ers - FULL GAME HIGHLIGHTS | November 20, 2025 NBA Season",https://www.youtube.com/watch?v=w23CCdmouy8,w23CCdmouy8,Ximo Pierto,574,6941,134,8.0
22500266,Philadelphia 76ers vs Milwaukee Bucks Full Game Highlights | Nov 20 | 2026 NBA Season,https://www.youtube.com/watch?v=04nAS3vD7WI,04nAS3vD7WI,Hooper Highlights,595,2607,103,5.0
22500235,Brooklyn Nets vs Washington Wizards | Full Game Highlights | November 16 | 2025-26 NBA Season,https://www.youtube.com/watch?v=_hd3T0Rvk2A,_hd3T0Rvk2A,The CCB Network,558,7253,111,2.0
22500048,"Cleveland Cavaliers vs Indiana Pacers Full Game Highlights - November 21, 2025 | NBA Season",https://www.youtube.com/watch?v=yPEeARjfurY,yPEeARjfurY,GAMETIME HIGHLIGHTS,567,38353,418,31.0
22500048,"Cleveland Cavaliers vs Indiana Pacers - FULL GAME HIGHLIGHTS | November 21, 2025 NBA Cup",https://www.youtube.com/watch?v=-GV-YvQ-7yE,-GV-YvQ-7yE,Ximo Pierto,557,1925,50,1.0
22500048,Cleveland Cavaliers vs Indiana Pacers | Full Game Highlights | November 21 | 2025-26 NBA Season,https://www.youtube.com/watch?v=EOLGTOdZvdc,EOLGTOdZvdc,The CCB Network,605,2004,42,3.0
22500053,"Minnesota Timberwolves vs Phoenix Suns Full Game Highlights - November 21, 2025 | NBA Season",https://www.youtube.com/watch?v=xZPphKlIvhk,xZPphKlIvhk,GAMETIME HIGHLIGHTS,581,124619,1390,173.0
22500053,"FlightReacts To WOLVES at SUNS | EMIRATES NBA CUP 🏆 | FULL GAME HIGHLIGHTS | November 21, 2025!",https://www.youtube.com/watch?v=vD8y7mz-O9s,vD8y7mz-O9s,NotYourAverageFlight,719,41724,1808,106.0
22500053,Minnesota Timberwolves vs Phoenix Suns | Full Game Highlights | November 21 | 2025-26 NBA Season,https://www.youtube.com/watch?v=TZIB3bR3iXA,TZIB3bR3iXA,The CCB Network,623,6142,113,5.0
22500250,"Boston Celtics vs Brooklyn Nets - FULL GAME HIGHLIGHTS | November 18, 2025 NBA Season",https://www.youtube.com/watch?v=3VFE8EdRg2o,3VFE8EdRg2o,Ximo Pierto,570,5896,131,3.0
22500250,Boston Celtics vs Brooklyn Nets | Full Game Highlights | November 18 | 2025-26 NBA Season,https://www.youtube.com/watch?v=O1G7Yoy48L4,O1G7Yoy48L4,The CCB Network,625,41004,441,12.0
22500250,"Boston Celtics vs Brooklyn Nets Full Game Highlights - November 18, 2025 | NBA Season",https://www.youtube.com/watch?v=d3z93o50CAM,d3z93o50CAM,,545,3823,97,3.0
22500250,Boston Celtics vs Brooklyn Nets Full Game Highlights | Nov 18 | 2026 NBA Season,https://www.youtube.com/watch?v=OiiesAUvKrg,OiiesAUvKrg,Hooper Highlights,599,2626,112,1.0
22500239,Atlanta Hawks vs Phoenix Suns Full Game Highlights | Nov 16 | 2026 NBA Season,https://www.youtube.com/watch?v=BL25ccS_q3M,BL25ccS_q3M,Hooper Highlights,590,3284,126,
22500051,"Miami Heat vs Chicago Bulls Full Game Highlights - November 21, 2025 | NBA Season",https://www.youtube.com/watch?v=Q-HSTnmJ1yg,Q-HSTnmJ1yg,GAMETIME HIGHLIGHTS,555,54219,532,53.0
22500051,"Miami Heat vs Chicago Bulls - FULL GAME HIGHLIGHTS | November 21, 2025 NBA Cup",https://www.youtube.com/watch?v=h60R4cADqWI,h60R4cADqWI,Ximo Pierto,567,2641,65,7.0
22500051,Miami Heat vs Chicago Bulls | Full Game Highlights | November 21 | 2025-26 NBA Season,https://www.youtube.com/watch?v=BGazxbtEKs8,BGazxbtEKs8,The CCB Network,591,5685,95,
22500051,Miami Heat at Chicago Bulls (11/21/25) | Game Highlights | CHSN,https://www.youtube.com/watch?v=27ONHtNwROs,27ONHtNwROs,Chicago Sports Network,118,1523,7,6.0
22500265,"Memphis Grizzlies vs Sacramento Kings Full Game Highlights - November 20, 2025 | NBA Season",https://www.youtube.com/watch?v=55KMxwNup94,55KMxwNup94,GAMETIME HIGHLIGHTS,569,54439,505,67.0
22500265,Sacramento Kings vs Memphis Grizzlies Full Game Highlights | Nov 20 | 2026 NBA Season,https://www.youtube.com/watch?v=OOaqistwqf0,OOaqistwqf0,Hooper Highlights,598,1640,60,2.0
22500265,"Sacramento Kings vs Memphis Grizzlies - FULL GAME HIGHLIGHTS | November 20, 2025 NBA Season",https://www.youtube.com/watch?v=DbrvD35xGBI,DbrvD35xGBI,Ximo Pierto,558,2077,57,3.0
22500265,Memphis Grizzlies vs Sacramento Kings | Full Game Highlights | November 20 | 2025-26 NBA Season,https://www.youtube.com/watch?v=qzGaqFokzv4,qzGaqFokzv4,The CCB Network,603,3582,72,2.0
22500263,"Chicago Bulls vs Portland Trail Blazers Full Game Highlights - November 19, 2025 | NBA Season",https://www.youtube.com/watch?v=91H6pprBv2k,91H6pprBv2k,GAMETIME HIGHLIGHTS,580,71837,891,114.0
22500263,"Portland Trail Blazers vs Chicago Bulls Full Game Highlights - November 19, 2025 | NBA Season",https://www.youtube.com/watch?v=1mamYZrZIRs,1mamYZrZIRs,Swish NBA,580,4563,51,4.0
22500263,Chicago Bulls vs Portland Trail Blazers | Full Game Highlights | November 19 | 2025-26 NBA Season,https://www.youtube.com/watch?v=Yy3m_-gz-V4,Yy3m_-gz-V4,The CCB Network,625,6877,129,8.0
22500262,"New York Knicks vs Dallas Mavericks Full Game Highlights - November 19, 2025 | NBA Season",https://www.youtube.com/watch?v=UzB30ud1b3o,UzB30ud1b3o,GAMETIME HIGHLIGHTS,569,135662,1119,181.0
22500262,"New York Knicks vs Dallas Mavericks Full Game Highlights - November 19, 2025 | NBA Season",https://www.youtube.com/watch?v=JWaFIR8CsKM,JWaFIR8CsKM,Swish NBA,569,2100,34,3.0
22500262,New York Knicks vs Dallas Mavericks | Full Game Highlights | November 19 | 2025-26 NBA Season,https://www.youtube.com/watch?v=KOWjzCHzQi0,KOWjzCHzQi0,The CCB Network,603,12820,190,13.0
22500262,"FlightReacts To KNICKS at MAVERICKS | FULL GAME HIGHLIGHTS | November 19, 2025!",https://www.youtube.com/watch?v=1ndzbrmJ9k8,1ndzbrmJ9k8,NotYourAverageFlight,689,71168,2636,162.0
22500261,"Oklahoma City Thunder vs Sacramento Kings Full Game Highlights - November 19, 2025 | NBA Season",https://www.youtube.com/watch?v=N97JrrtlBiw,N97JrrtlBiw,GAMETIME HIGHLIGHTS,583,116744,1040,75.0
22500261,Oklahoma City Thunder vs Sacramento Kings | Full Game Highlights | November 19 | 2025-26 NBA Season,https://www.youtube.com/watch?v=EGgp2xG8lVo,EGgp2xG8lVo,The CCB Network,624,16340,213,6.0
22500261,Oklahoma City Thunder vs Sacramento Kings Full Game Highlights | Nov 19 | 2026 NBA Season,https://www.youtube.com/watch?v=7T88fw__plU,7T88fw__plU,Hooper Highlights,596,3021,96,3.0
22500261,"Oklahoma City Thunder vs Sacramento Kings - FULL GAME HIGHLIGHTS | November 19, 2025 NBA Season",https://www.youtube.com/watch?v=S2PR2ZI5BqA,S2PR2ZI5BqA,Ximo Pierto,567,4215,90,3.0
22500261,"Oklahoma City Thunder vs Sacramento Kings Full Game Highlights - November 19, 2025 | NBA Season",https://www.youtube.com/watch?v=UepMK39o_aA,UepMK39o_aA,Swish NBA,583,1350,30,1.0
22500246,"Minnesota Timberwolves vs Dallas Mavericks Full Game Highlights | Nov 17, 2025 | FreeDawkins",https://www.youtube.com/watch?v=37-ib9OOrQY,37-ib9OOrQY,,593,39498,804,55.0
22500246,Dallas Mavericks vs Minnesota Timberwolves | Full Game Highlights | November 17 | 2025-26 NBA Season,https://www.youtube.com/watch?v=zZ0vc5_5DZo,zZ0vc5_5DZo,The CCB Network,615,70018,507,25.0
22500246,"Dallas Mavericks vs Minnesota Timberwolves - FULL GAME HIGHLIGHTS | November 17, 2025 NBA Season",https://www.youtube.com/watch?v=SINal2IBNhM,SINal2IBNhM,Ximo Pierto,581,6696,113,4.0
22500246,Minnesota Timberwolves vs Dallas Mavericks FULLGAME Qtr Nov 17.2025 Highlights | NBA HIGHLIGHT,https://www.youtube.com/watch?v=JbQ5oOvgC64,JbQ5oOvgC64,Mây Trắng Review,799,2054,6,
22500246,Dallas Mavericks vs Minnesota Timberwolves Full Game Highlights | Nov 17 | 2026 NBA Season,https://www.youtube.com/watch?v=Cou-o5ZnORI,Cou-o5ZnORI,Hooper Highlights,597,3834,115,
22500255,"Houston Rockets vs Cleveland Cavaliers Full Game Highlights - November 19, 2025 | NBA Season",https://www.youtube.com/watch?v=b6rUKiNItaw,b6rUKiNItaw,GAMETIME HIGHLIGHTS,567,273769,2136,198.0
22500255,"Houston Rockets vs Cleveland Cavaliers Full Game Highlights | Nov 19, 2025 | FreeDawkins",https://www.youtube.com/watch?v=RMY9Wlp54uE,RMY9Wlp54uE,,596,23161,707,30.0
22500255,Houston Rockets vs Cleveland Cavaliers Full Game Highlights | Nov 19 | 2026 NBA Season,https://www.youtube.com/watch?v=ePZ37JSxC10,ePZ37JSxC10,Hooper Highlights,584,3810,150,2.0
22500255,"Houston Rockets vs Cleveland Cavaliers - FULL GAME HIGHLIGHTS | November 19, 2025 NBA Season",https://www.youtube.com/watch?v=VKptEQS2V2U,VKptEQS2V2U,Ximo Pierto,569,9449,210,6.0
22500255,Houston Rockets vs Cleveland Cavaliers | Full Game Highlights | November 19 | 2025-26 NBA Season,https://www.youtube.com/watch?v=mbrkIrJyv5k,mbrkIrJyv5k,The CCB Network,607,30425,347,15.0
22500040,"Brooklyn Nets vs Orlando Magic Full Game Highlights - November 14, 2025 | NBA Season",https://www.youtube.com/watch?v=sXwiGPLS_tk,sXwiGPLS_tk,GAMETIME HIGHLIGHTS,583,42354,472,32.0
22500040,Brooklyn Nets vs Orlando Magic | Full Game Highlights | November 14 | 2025-26 NBA Season,https://www.youtube.com/watch?v=JXkh-x1ZrpA,JXkh-x1ZrpA,The CCB Network,610,2451,38,
22500260,"Denver Nuggets vs New Orleans Pelicans Full Game Highlights - November 19, 2025 | NBA Season",https://www.youtube.com/watch?v=edrh9LZPyN8,edrh9LZPyN8,GAMETIME HIGHLIGHTS,560,149373,1131,73.0
22500260,"Denver Nuggets vs New Orleans Pelicans Full Game Highlights | Nov 19, 2025 | FreeDawkins",https://www.youtube.com/watch?v=1dkbSObn0sE,1dkbSObn0sE,FreeDawkins,615,16137,407,25.0
22500260,"Denver Nuggets vs New Orleans Pelicans - FULL GAME HIGHLIGHTS | November 19, 2025 NBA Season",https://www.youtube.com/watch?v=kVAFe_jAiV4,kVAFe_jAiV4,Ximo Pierto,579,4158,85,14.0
22500260,Denver Nuggets vs New Orleans Pelicans | Full Game Highlights | November 19 | 2025-26 NBA Season,https://www.youtube.com/watch?v=3CQdCRBwwFg,3CQdCRBwwFg,The CCB Network,597,10864,121,4.0
22500260,"Denver Nuggets vs New Orleans Pelicans Full Game Highlights - November 19, 2025 | NBA Season",https://www.youtube.com/watch?v=dUzBgQOvIYY,dUzBgQOvIYY,Swish NBA,560,4953,36,1.0
22500054,"Houston Rockets vs Denver Nuggets Full Game Highlights - November 21, 2025 | NBA Season",https://www.youtube.com/watch?v=9hY_4aHdoOw,9hY_4aHdoOw,GAMETIME HIGHLIGHTS,576,440133,3287,514.0
22500054,"Houston Rockets vs Denver Nuggets Full Game Highlights | Nov 21, 2025 | FreeDawkins",https://www.youtube.com/watch?v=bP1Vzlq5AaA,bP1Vzlq5AaA,,652,48692,1202,99.0
22500054,Houston Rockets vs Denver Nuggets | Full Game Highlights | November 21 | 2025-26 NBA Season,https://www.youtube.com/watch?v=chxI3OVlpKQ,chxI3OVlpKQ,The CCB Network,631,12887,182,8.0
22500054,"Houston Rockets vs Denver Nuggets - FULL GAME HIGHLIGHTS | November 21, 2025 NBA Cup",https://www.youtube.com/watch?v=ru_F-Nym-SY,ru_F-Nym-SY,Ximo Pierto,573,8244,152,10.0
22500267,"San Antonio Spurs vs Atlanta Hawks Full Game Highlights - November 20, 2025 | NBA Season",https://www.youtube.com/watch?v=0Rf7SCccD5Y,0Rf7SCccD5Y,GAMETIME HIGHLIGHTS,576,213642,1830,101.0
22500267,"San Antonio Spurs vs Atlanta Hawks - FULL GAME HIGHLIGHTS | November 20, 2025 NBA Season",https://www.youtube.com/watch?v=qePKOUY_rkQ,qePKOUY_rkQ,Ximo Pierto,573,6526,145,9.0
22500267,"San Antonio Spurs vs Atlanta Hawks Full Game Highlights - November 20, 2025 | NBA Season",https://www.youtube.com/watch?v=-LAGyov0lz0,-LAGyov0lz0,Swish NBA,576,2087,42,
22500267,San Antonio Spurs vs Atlanta Hawks Full Game Highlights | Nov 20 | 2026 NBA Season,https://www.youtube.com/watch?v=gGf__2NVTog,gGf__2NVTog,Hooper Highlights,597,3114,125,4.0
22500267,San Antonio Spurs vs Atlanta Hawks | Full Game Highlights | November 20 | 2025-26 NBA Season,https://www.youtube.com/watch?v=09LufmHeRRM,09LufmHeRRM,The CCB Network,611,11190,151,6.0
22500244,"New York Knicks vs Miami Heat Full Game Highlights | Nov 17, 2025 | FreeDawkins",https://www.youtube.com/watch?v=uGTSxXKbnF4,uGTSxXKbnF4,,705,10728,340,15.0
22500244,New York Knicks vs Miami Heat | Full Game Highlights | November 17 | 2025-26 NBA Season,https://www.youtube.com/watch?v=bIdEKiCvqoo,bIdEKiCvqoo,The CCB Network,613,42858,365,15.0
22500244,New York Knicks vs Miami Heat Full Game Highlights | Nov 17 | 2026 NBA Season,https://www.youtube.com/watch?v=8MVMdFrC7kA,8MVMdFrC7kA,Hooper Highlights,595,2767,116,2.0
22500244,"New York Knicks vs Miami Heat - FULL GAME HIGHLIGHTS | November 17, 2025 NBA Season",https://www.youtube.com/watch?v=Vf9mDqEYfzg,Vf9mDqEYfzg,Ximo Pierto,577,3372,90,7.0
22500244,"Miami HEAT 1st Half Highlights vs. the Knicks | November 17, 2025",https://www.youtube.com/watch?v=PTigfvan60M,PTigfvan60M,Luis Claudio De Jesús Charles,374,1043,53,4.0
22500245,"Toronto Raptors vs Charlotte Hornets - Full Team Highlights | Nov 17, 2025",https://www.youtube.com/watch?v=OEAdiCeAIkc,OEAdiCeAIkc,Raptors Nation,582,16960,253,30.0
22500245,Charlotte Hornets vs Toronto Raptors Full Game Highlights | Nov 17 | 2026 NBA Season,https://www.youtube.com/watch?v=n6LTgSZCGWI,n6LTgSZCGWI,Hooper Highlights,597,1870,74,2.0
22500245,"Toronto Raptors vs Charlotte Hornets - 4K FULL GAME HIGHLIGHTS | November 17, 2025 NBA Season",https://www.youtube.com/watch?v=Wiq2EJwMIxM,Wiq2EJwMIxM,Ximo Pierto,568,3188,75,5.0
22500245,Charlotte Hornets vs Toronto Raptors | Full Game Highlights | November 17 | 2025-26 NBA Season,https://www.youtube.com/watch?v=mp2MM1kJ0G0,mp2MM1kJ0G0,The CCB Network,615,15510,176,6.0
22500238,"Dallas Mavericks vs Portland Trail Blazers - FULL GAME HIGHLIGHTS | November 16, 2025 NBA Season",https://www.youtube.com/watch?v=QQvi_FSLvnM,QQvi_FSLvnM,Ximo Pierto,575,9106,158,8.0
22500238,Dallas Mavericks vs Portland Trail Blazers Full Game Highlights | Nov 16 | 2026 NBA Season,https://www.youtube.com/watch?v=ptaHk9Rj8iQ,ptaHk9Rj8iQ,Hooper Highlights,598,3917,137,7.0
22500238,Cooper Flagg MAKES HISTORY | Dallas Mavericks Team Highlights vs the Trail Blazers (11/16/2025),https://www.youtube.com/watch?v=Zmzj_A37AyQ,Zmzj_A37AyQ,PandaHank41,601,28718,333,69.0
22500234,"San Antonio Spurs vs Sacramento Kings - FULL GAME HIGHLIGHTS | November 16, 2025 NBA Season",https://www.youtube.com/watch?v=QYgcJYHiOVY,QYgcJYHiOVY,Ximo Pierto,557,14257,230,22.0
22500234,San Antonio Spurs vs Sacramento Kings Full Game Highlights | Nov 16 | 2026 NBA Season,https://www.youtube.com/watch?v=M8aTzFla5NA,M8aTzFla5NA,Hooper Highlights,596,4249,129,3.0
22500234,San Antonio Spurs vs Sacramento Kings 4th Qtr Nov 16. 2025 Highlights | NBA highlight,https://www.youtube.com/watch?v=pTE3CKf5ljk,pTE3CKf5ljk,Mây Trắng Review,572,2619,8,
22500043,"Milwaukee Bucks vs Charlotte Hornets Full Game Highlights - November 14, 2025 | NBA Season",https://www.youtube.com/watch?v=qTtUQTVN7yc,qTtUQTVN7yc,GAMETIME HIGHLIGHTS,580,162683,1666,168.0
22500043,"Milwaukee Bucks vs Charlotte Hornets - FULL GAME HIGHLIGHTS | November 14, 2025 NBA Cup",https://www.youtube.com/watch?v=RLrWNr_Tm-w,RLrWNr_Tm-w,Ximo Pierto,580,3983,56,4.0
22500229,"Oklahoma City Thunder vs Charlotte Hornets - FULL GAME HIGHLIGHTS | November 15, 2025 NBA Season",https://www.youtube.com/watch?v=BOvEtFxgZaw,BOvEtFxgZaw,Ximo Pierto,554,8661,171,4.0
22500229,Oklahoma City Thunder vs Charlotte Hornets | Full Game Highlights | November 15 | 2025-26 NBA Season,https://www.youtube.com/watch?v=YhBsHK_R600,YhBsHK_R600,The CCB Network,599,4046,73,
22500229,Oklahoma City Thunder vs Charlotte Hornets Full Game Highlights | Nov 15 | 2026 NBA Season,https://www.youtube.com/watch?v=pHqYJsfmT-w,pHqYJsfmT-w,Hooper Highlights,599,3744,142,4.0
22500044,"Minnesota Timberwolves vs Sacramento Kings Full Game Highlights - November 14, 2025 | NBA Season",https://www.youtube.com/watch?v=uhHRQWQUHGI,uhHRQWQUHGI,GAMETIME HIGHLIGHTS,578,122930,1155,151.0
22500044,"Minnesota Timberwolves vs Sacramento Kings - FULL GAME HIGHLIGHTS | November 14, 2025 NBA Cup",https://www.youtube.com/watch?v=3_YiRFo8aJU,3_YiRFo8aJU,Ximo Pierto,580,4192,86,9.0
22500044,Minnesota Timberwolves vs Sacramento Kings | Full Game Highlights | November 14 | 2025-26 NBA Season,https://www.youtube.com/watch?v=9flEvps1PSs,9flEvps1PSs,The CCB Network,604,11442,138,1.0
22500258,"Philadelphia 76ers vs Toronto Raptors Full Game Highlights - November 19, 2025 | NBA Season",https://www.youtube.com/watch?v=E-C4RvjbhVc,E-C4RvjbhVc,GAMETIME HIGHLIGHTS,569,46033,469,33.0
22500258,"Toronto Raptors vs Philadelphia 76ers - Full Team Highlights | Nov 19, 2025",https://www.youtube.com/watch?v=XBlxXEaOWHw,XBlxXEaOWHw,Raptors Nation,581,23754,338,53.0
22500258,"Toronto Raptors vs Philadelphia 76ers - FULL GAME HIGHLIGHTS | November 19, 2025 NBA Season",https://www.youtube.com/watch?v=q_C0mfCgTkE,q_C0mfCgTkE,Ximo Pierto,576,2892,64,4.0
22500258,Toronto Raptors vs Philadelphia 76ers Full Game Highlights | Nov 19 | 2026 NBA Season,https://www.youtube.com/watch?v=aQqQkcdWuVo,aQqQkcdWuVo,Hooper Highlights,598,2432,74,2.0
22500258,Philadelphia 76ers vs Toronto Raptors | Full Game Highlights | November 19 | 2025-26 NBA Season,https://www.youtube.com/watch?v=wxVSDC5PAPs,wxVSDC5PAPs,The CCB Network,603,6545,115,2.0
22500258,"Toronto Raptors vs Philadelphia 76ers - First Half Team Highlights | Nov 19, 2025",https://www.youtube.com/watch?v=OqU1gj0nVig,OqU1gj0nVig,Raptors Nation,266,4724,38,4.0
22500041,"Philadelphia 76ers vs Detroit Pistons Full Game Highlights - November 14, 2025 | NBA Season",https://www.youtube.com/watch?v=G2v5pw01jik,G2v5pw01jik,GAMETIME HIGHLIGHTS,554,104405,971,55.0
22500041,Philadelphia 76ers vs Detroit Pistons | Full Game Highlights | November 14 | 2025-26 NBA Season,https://www.youtube.com/watch?v=ddSLWqFlMWI,ddSLWqFlMWI,The CCB Network,602,6380,102,3.0
22500228,"Cleveland Cavaliers vs Memphis Grizzlies - FULL GAME HIGHLIGHTS | November 15, 2025 NBA Season",https://www.youtube.com/watch?v=ALLvTAdG2j4,ALLvTAdG2j4,Ximo Pierto,569,5189,94,8.0
22500228,Cleveland Cavaliers vs Memphis Grizzlies Full Game Highlights | Nov 15 | 2026 NBA Season,https://www.youtube.com/watch?v=ZRbiOw5MRDM,ZRbiOw5MRDM,Hooper Highlights,598,2918,109,
22500228,Cleveland Cavaliers vs Memphis Grizzlies 1st Qtr Nov 15. 2025 Highlights | NBA highlight,https://www.youtube.com/watch?v=QAdAg_zX_nQ,QAdAg_zX_nQ,Mây Trắng Review,728,1634,7,
22500233,"Los Angeles Clippers vs Boston Celtics - FULL GAME HIGHLIGHTS | November 16, 2025 NBA Season",https://www.youtube.com/watch?v=--cfdApmKFU,--cfdApmKFU,Ximo Pierto,573,13442,240,10.0
22500233,Boston Celtics vs LA Clippers Full Game Highlights | Nov 16 | 2026 NBA Season,https://www.youtube.com/watch?v=5jHWyGqffRg,5jHWyGqffRg,Hooper Highlights,598,3959,142,4.0
22500233,Boston Celtics vs Los Angeles Clippers FULLGAME Qtr Nov 16.2025 Highlights | NBA hightlight,https://www.youtube.com/watch?v=bCRvyyS7PpQ,bCRvyyS7PpQ,Mây Trắng Review,778,7226,25,2.0
22500232,"Denver Nuggets vs Minnesota Timberwolves Full Game Highlights | Nov 15, 2025 | FreeDawkins",https://www.youtube.com/watch?v=Bpgld-i6tJQ,Bpgld-i6tJQ,,599,69492,1407,86.0
22500232,"Denver Nuggets vs Minnesota Timberwolves - FULL GAME HIGHLIGHTS | November 15, 2025 NBA Season",https://www.youtube.com/watch?v=z9YHndxkG4g,z9YHndxkG4g,Ximo Pierto,555,8672,160,5.0
22500232,Minnesota Timberwolves vs Denver Nuggets FULLGAME Qtr Nov 15.2025 Highlights | NBA HIGHLIGHT,https://www.youtube.com/watch?v=dbfduiv7hqE,dbfduiv7hqE,Mây Trắng Review,789,15200,39,2.0
22500232,Denver Nuggets vs Minnesota Timberwolves Full Game Highlights | Nov 15 | 2026 NBA Season,https://www.youtube.com/watch?v=CZhNojQ3SVI,CZhNojQ3SVI,Hooper Highlights,592,2908,119,3.0
22500236,"Houston Rockets vs Orlando Magic - FULL GAME HIGHLIGHTS | November 16, 2025 NBA Season",https://www.youtube.com/watch?v=6Ee1YCSrum8,6Ee1YCSrum8,Ximo Pierto,578,8935,211,13.0
22500236,"Houston Rockets vs Orlando Magic Full Game Highlights | Nov 16, 2025 | FreeDawkins",https://www.youtube.com/watch?v=m1cjL52pfXM,m1cjL52pfXM,,692,43166,1257,103.0
22500236,Orlando Magic vs Houston Rockets | Full Game Highlights | November 16 | 2025-26 NBA Season,https://www.youtube.com/watch?v=FLrFJv2DRkI,FLrFJv2DRkI,The CCB Network,637,55600,583,18.0
22500236,Houston Rockets vs Orlando Magic Full Game Highlights | Nov 16 | 2026 NBA Season,https://www.youtube.com/watch?v=VSKEvrEviQY,VSKEvrEviQY,Hooper Highlights,594,4225,151,5.0
22500223,"Atlanta Hawks vs Sacramento Kings Full Game Highlights - November 12, 2025 | NBA Season",https://www.youtube.com/watch?v=E3jiXGW8JIM,E3jiXGW8JIM,GAMETIME HIGHLIGHTS,578,38432,454,46.0
22500224,"Denver Nuggets vs Los Angeles Clippers Full Game Highlights - November 12, 2025 | NBA Season",https://www.youtube.com/watch?v=bxRAd8kGYr0,bxRAd8kGYr0,GAMETIME HIGHLIGHTS,552,252945,2420,286.0
22500224,"Denver Nuggets vs Los Angeles Clippers Full Game Highlights | Nov 12, 2025 | FreeDawkins",https://www.youtube.com/watch?v=vpaNh9N7Fp0,vpaNh9N7Fp0,,588,14972,503,37.0
22500240,"Chicago Bulls vs Utah Jazz - FULL GAME HIGHLIGHTS | November 16, 2025 NBA Season",https://www.youtube.com/watch?v=ODU_g_AeFt4,ODU_g_AeFt4,Ximo Pierto,584,7782,148,10.0
22500240,Chicago Bulls vs Utah Jazz | Full Game Highlights | November 16 | 2025-26 NBA Season,https://www.youtube.com/watch?v=lj5-4kSjupc,lj5-4kSjupc,The CCB Network,640,3312,50,1.0
22500240,Utah Jazz  vs Chicago Bulls FULLGAME Qtr Nov 16.2025 Highlights | NBA hightlight,https://www.youtube.com/watch?v=BDJ3f8RTf-8,BDJ3f8RTf-8,Mây Trắng Review,848,1992,2,
22500240,Utah Jazz  vs Chicago Bulls FINAL Qtr Nov 16.2025 Highlights | NBA hightlight,https://www.youtube.com/watch?v=8xv7QafZmF8,8xv7QafZmF8,Mây Trắng Review,893,1849,5,
22500249,Golden State Warriors vs Orlando Magic | Full Game Highlights | November 18 | 2025-26 NBA Season,https://www.youtube.com/watch?v=O47BP64Qrsg,O47BP64Qrsg,The CCB Network,593,142140,1026,37.0
22500249,"Golden State Warriors vs Orlando Magic Full Game Highlights - November 18, 2025 | NBA Season",https://www.youtube.com/watch?v=EZVfU0bsDUg,EZVfU0bsDUg,,577,7792,180,5.0
22500249,"Golden State Warriors vs Orlando Magic - FULL GAME HIGHLIGHTS | November 18, 2025 NBA Season",https://www.youtube.com/watch?v=2m-n2xxZ4kM,2m-n2xxZ4kM,Ximo Pierto,577,12469,209,22.0
22500249,Golden State Warriors vs Orlando Magic Full Game Highlights 1st Qtr | Nov 18 | 2025 NBA Highlights,https://www.youtube.com/watch?v=JRAbpsMN_bo,JRAbpsMN_bo,Lakers Dynasty Highlights,534,71554,294,15.0
22500249,Golden State Warriors vs Orlando Magic Full Game Highlights 1st Qtr P2 | Nov 18| 2025 NBA Highlights,https://www.youtube.com/watch?v=t2Jgij-a-6g,t2Jgij-a-6g,Lakers Dynasty Highlights,407,16993,73,3.0
22500249,Golden State Warriors vs Orlando Magic Full Game Highlights 2nd Qtr | Nov 18 | 2025 NBA Highlights,https://www.youtube.com/watch?v=12z3yvSM3LQ,12z3yvSM3LQ,Lakers Dynasty Highlights,523,42191,139,5.0
22500249,Golden State Warriors vs Orlando Magic Full Game Highlights 4th Qtr | Nov 18 | 2025 NBA Highlights,https://www.youtube.com/watch?v=a9DZBPHPYKU,a9DZBPHPYKU,Lakers Dynasty Highlights,502,86158,247,14.0
22500249,Golden State Warriors vs Orlando Magic Full Game Highlights 4th Qtr P2| Nov 18 | 2025 NBA Highlights,https://www.youtube.com/watch?v=PUJPJ5W8r7c,PUJPJ5W8r7c,Lakers Dynasty Highlights,507,33047,101,10.0
22500230,"Toronto Raptors vs Indiana Pacers - FULL GAME HIGHLIGHTS | November 15, 2025 NBA Season",https://www.youtube.com/watch?v=Ud1UqoSlwcQ,Ud1UqoSlwcQ,Ximo Pierto,576,3528,73,4.0
22500230,"Toronto Raptors vs Indiana Pacers - Full Team Highlights | Nov 15, 2025",https://www.youtube.com/watch?v=NoMcxy1uAwI,NoMcxy1uAwI,Raptors Nation,554,24178,286,28.0
22500230,Indiana Pacers vs Toronto Raptors Full Game Highlights | Nov 15 | 2026 NBA Season,https://www.youtube.com/watch?v=BExAPBRcUDQ,BExAPBRcUDQ,Hooper Highlights,596,1799,56,
22500230,"Toronto Raptors vs Indiana Pacers - First Half Highlights | Nov 15, 2025",https://www.youtube.com/watch?v=qNyCgYCsjSQ,qNyCgYCsjSQ,Raptors Nation,273,4066,43,5.0
22500257,"Golden State Warriors vs Miami Heat Full Game Highlights - November 19, 2025 | NBA Season",https://www.youtube.com/watch?v=FLLJxa7e1CI,FLLJxa7e1CI,GAMETIME HIGHLIGHTS,582,233711,1631,177.0
22500257,"Golden State Warriors vs Miami Heat Full Game Highlights | Nov 19, 2025 | FreeDawkins",https://www.youtube.com/watch?v=_w0YolCnops,_w0YolCnops,FreeDawkins,599,56819,1314,102.0
22500257,Golden State Warriors vs Miami Heat Full Game Highlights 1st Qtr | Nov 19 | 2025 NBA Highlights,https://www.youtube.com/watch?v=qad5ZBunJRE,qad5ZBunJRE,Lakers Dynasty Highlights,560,65664,270,22.0
22500257,"Golden State Warriors vs Miami Heat - FULL GAME HIGHLIGHTS | November 19, 2025 NBA Season",https://www.youtube.com/watch?v=-JXWI8hyJPs,-JXWI8hyJPs,Ximo Pierto,580,5511,93,5.0
22500257,Golden State Warriors vs Miami Heat Full Game Highlights | Nov 19 | 2026 NBA Season,https://www.youtube.com/watch?v=6UzQFgv3P9g,6UzQFgv3P9g,Hooper Highlights,593,3566,124,2.0
22500257,Golden State Warriors vs Miami Heat Full Game Highlights 4th Qtr | Nov 19 | 2025 NBA Highlights,https://www.youtube.com/watch?v=CVgZSnPIEOA,CVgZSnPIEOA,Lakers Dynasty Highlights,483,52364,160,31.0
22500257,Golden State Warriors vs Miami Heat Full Game Highlights 2nd Qtr | Nov 19 | 2025 NBA Highlights,https://www.youtube.com/watch?v=jaPSec6CYvU,jaPSec6CYvU,Lakers Dynasty Highlights,509,32871,133,8.0
22500257,"FlightReacts To WARRIORS at HEAT | FULL GAME HIGHLIGHTS | November 19, 2025!",https://www.youtube.com/watch?v=67ewM_uvT-s,67ewM_uvT-s,NotYourAverageFlight,887,123997,4853,301.0
22500056,Golden State Warriors vs Portland Trail Blazers Full Game Highlights - November 21 2025 | NBA Season,https://www.youtube.com/watch?v=bdPYcAZdcTE,bdPYcAZdcTE,GAMETIME HIGHLIGHTS,581,275270,1960,354.0
22500056,"Golden State Warriors vs Portland Trail Blazers Full Game Highlights | Nov 21, 2025 | FreeDawkins",https://www.youtube.com/watch?v=aKFZmTuxDug,aKFZmTuxDug,,635,69502,1821,191.0
22500056,Golden State Warriors vs PT Blazers Full Game Highlights 4th Qtr | Nov 21 | 2025 NBA Highlights,https://www.youtube.com/watch?v=jqBDcifGVrg,jqBDcifGVrg,Lakers Dynasty Highlights,569,55772,184,25.0
22500056,Golden State Warriors vs PT Blazers Full Game Highlights 3rd Qtr | Nov 21 | 2025 NBA Highlights,https://www.youtube.com/watch?v=IMML3VJiunA,IMML3VJiunA,Lakers Dynasty Highlights,520,41539,153,20.0
22500056,Golden State Warriors vs Portland Trail Blazers | Full Game Highlights | Nov 21 | 2025-26 NBA Season,https://www.youtube.com/watch?v=YJ9ohq6WD4o,YJ9ohq6WD4o,The CCB Network,626,19090,224,4.0
22500056,Golden State Warriors vs PT Blazers Full Game Highlights 2nd Qtr | Nov 21 | 2025 NBA Highlights,https://www.youtube.com/watch?v=-e8gOoGENZg,-e8gOoGENZg,Lakers Dynasty Highlights,502,63122,204,12.0
22500056,Golden State Warriors vs PT Blazers Full Game Highlights 1st Qtr | Nov 21 | 2025 NBA Highlights,https://www.youtube.com/watch?v=bzL5wmWzUS0,bzL5wmWzUS0,Lakers Dynasty Highlights,540,78285,294,13.0
22500056,"Golden State Warriors vs Portland Trail Blazers - FULL GAME HIGHLIGHTS | November 21, 2025 NBA Cup",https://www.youtube.com/watch?v=KwR-zYUiAhI,KwR-zYUiAhI,,567,7969,130,2.0
22500227,"Atlanta Hawks vs Utah Jazz Full Game Highlights - November 13, 2025 | NBA Season",https://www.youtube.com/watch?v=nloSeWUrKik,nloSeWUrKik,GAMETIME HIGHLIGHTS,558,75553,748,67.0
22500227,"Utah Jazz vs Atlanta Hawks - FULL GAME HIGHLIGHTS | November 13, 2025 NBA Season",https://www.youtube.com/watch?v=YfaNX9y0WCM,YfaNX9y0WCM,Ximo Pierto,561,1256,46,2.0
22500227,Atlanta Hawks vs Utah Jazz | Full Game Highlights | November 13 | 2025-26 NBA Season,https://www.youtube.com/watch?v=6MQblJ3aB_8,6MQblJ3aB_8,The CCB Network,600,2746,59,
22500227,Atlanta Hawks vs Utah Jazz Full Game Highlights | Nov 13 | 2026 NBA Season,https://www.youtube.com/watch?v=XtAT3-TFobM,XtAT3-TFobM,Hooper Highlights,599,2117,69,3.0
22500222,"Los Angeles Lakers vs OKC Thunder Full Game Highlights | Nov 12, 2025 | FreeDawkins",https://www.youtube.com/watch?v=S0fk2Hhj9z4,S0fk2Hhj9z4,FreeDawkins,572,56975,1399,132.0
22500222,Los Angeles Lakers vs Oklahoma City Thunder | Full Game Highlights | Nov 12 | 2025-26 NBA Season,https://www.youtube.com/watch?v=SfvPbIB-bL0,SfvPbIB-bL0,The CCB Network,608,8753,144,9.0
22500222,"Los Angeles Lakers vs Oklahoma City Thunder - FULL GAME HIGHLIGHTS | November 12, 2025 NBA Season",https://www.youtube.com/watch?v=r1REZb39uuc,r1REZb39uuc,Ximo Pierto,567,8080,144,23.0
22500219,"New Orleans Pelicans vs Portland Trail Blazers Full Game Highlights - November 12, 2025 | NBA Season",https://www.youtube.com/watch?v=T9SCdObd_LM,T9SCdObd_LM,GAMETIME HIGHLIGHTS,584,32712,407,29.0
22500219,Portland Trail Blazers vs New Orleans Pelicans Full Game Highlights | Nov 12 | 2026 NBA Season,https://www.youtube.com/watch?v=ZIk6VjeFvu8,ZIk6VjeFvu8,Hooper Highlights,597,1246,50,
22500039,"New York Knicks vs Miami Heat Full Game Highlights - November 14, 2025 | NBA Season",https://www.youtube.com/watch?v=zisplHoKGzs,zisplHoKGzs,GAMETIME HIGHLIGHTS,565,111110,1013,212.0
22500039,"New York Knicks vs Miami Heat - FULL GAME HIGHLIGHTS | November 14, 2025 NBA Cup",https://www.youtube.com/watch?v=qLHf-5a4Jt0,qLHf-5a4Jt0,Ximo Pierto,569,2989,82,6.0
22500039,New York Knicks vs Miami Heat FULLGAME Qtr Nov 14.2025 Highlights | NBA hightlight,https://www.youtube.com/watch?v=FPxdLa8Sj7Q,FPxdLa8Sj7Q,Mây Trắng Review,845,4199,15,1.0
22500039,"Norman Powell Season-High 38 Points 👌 HEAT vs. Knicks | HEAT Highlights | November 14, 2025",https://www.youtube.com/watch?v=MjgOifg49dg,MjgOifg49dg,Miami HEAT,126,3513,96,11.0
22500039,New York Knicks vs Miami Heat | Full Game Highlights | November 14 | 2025-26 NBA Season,https://www.youtube.com/watch?v=RPSZrpUhQUg,RPSZrpUhQUg,The CCB Network,602,7825,118,8.0
22500225,"Toronto Raptors vs Cleveland Cavaliers - FULL GAME HIGHLIGHTS | November 13, 2025 NBA Season",https://www.youtube.com/watch?v=GOTWiraC6fk,GOTWiraC6fk,Ximo Pierto,552,2279,70,1.0
22500225,"Cleveland Cavaliers vs Toronto Raptors Full Game Highlights - November 13, 2025 | NBA Season",https://www.youtube.com/watch?v=mg-Aqa0U53Q,mg-Aqa0U53Q,GAMETIME HIGHLIGHTS,576,80452,777,42.0
22500225,Cleveland Cavaliers vs Toronto Raptors Full Game Highlights | Nov 13 | 2026 NBA Season,https://www.youtube.com/watch?v=HjEcA190atY,HjEcA190atY,Hooper Highlights,597,1909,72,
22500225,"Toronto Raptors vs Cleveland Cavaliers - Full Team Highlights | Nov 13, 2025",https://www.youtube.com/watch?v=4_zJEaK7wFE,4_zJEaK7wFE,Raptors Nation,583,16719,272,29.0
22500253,"Los Angeles Lakers vs Utah Jazz Full Game Highlights | Nov 18, 2025 | FreeDawkins",https://www.youtube.com/watch?v=UhTDz5Q8ESw,UhTDz5Q8ESw,,630,220558,5866,358.0
22500253,"Los Angeles Lakers vs Utah Jazz Full Game Highlights - November 18, 2025 | NBA Season",https://www.youtube.com/watch?v=ok_Vem4dTC0,ok_Vem4dTC0,,570,72151,840,33.0
22500253,Los Angeles Lakers vs Utah Jazz Full Game Highlights 1st Qtr | Nov 18 | 2025 NBA Highlights,https://www.youtube.com/watch?v=x8FjCerlE9w,x8FjCerlE9w,Lakers Dynasty Highlights,557,202560,845,112.0
22500253,"Los Angeles Lakers vs Utah Jazz - FULL GAME HIGHLIGHTS | November 18, 2025 NBA Season",https://www.youtube.com/watch?v=gRdew_uEswI,gRdew_uEswI,Ximo Pierto,565,36043,672,41.0
22500253,Los Angeles Lakers vs Utah Jazz FULLGAME Qtr Nov 18.2025 Highlights | NBA HIGHLIGHT,https://www.youtube.com/watch?v=Wgo8gxCD3VY,Wgo8gxCD3VY,Mây Trắng Review,828,9866,25,4.0
22500253,Los Angeles Lakers vs Utah Jazz Full Game Highlights 4th Qtr | Nov 18 | 2025 NBA Highlights,https://www.youtube.com/watch?v=V8BdCnUT-OM,V8BdCnUT-OM,Lakers Dynasty Highlights,554,173854,759,47.0
22500253,Los Angeles Lakers vs Utah Jazz Full Game Highlights 1st Qtr P2 | Nov 18 | 2025 NBA Highlights,https://www.youtube.com/watch?v=LOvYwMydWfY,LOvYwMydWfY,Lakers Dynasty Highlights,424,67746,285,8.0
22500253,Los Angeles Lakers vs Utah Jazz Full Game Highlights 2nd Qtr | Nov 18 | 2025 NBA Highlights,https://www.youtube.com/watch?v=AzbWoOWIGXM,AzbWoOWIGXM,Lakers Dynasty Highlights,523,118855,425,29.0
22500253,Los Angeles Lakers vs Utah Jazz Full Game Highlights | Nov 18 | 2026 NBA Season,https://www.youtube.com/watch?v=jj6lDqD9Hu0,jj6lDqD9Hu0,Hooper Highlights,597,7569,250,10.0
22500216,"Boston Celtics vs Memphis Grizzlies Full Game Highlights - November 12, 2025 | NBA Season",https://www.youtube.com/watch?v=EuXzkxJYc0Y,EuXzkxJYc0Y,GAMETIME HIGHLIGHTS,568,83617,972,50.0
22500216,Boston Celtics vs Memphis Grizzlies | Full Game Highlights | November 12 | 2025-26 NBA Season,https://www.youtube.com/watch?v=sX2n74MtcM0,sX2n74MtcM0,The CCB Network,594,3490,79,2.0
22500216,Boston Celtics vs Memphis Grizzlies Full Game Highlights | Nov 12 | 2026 NBA Season,https://www.youtube.com/watch?v=wOfB9uRxO7s,wOfB9uRxO7s,Hooper Highlights,597,1766,80,3.0
22500213,"Milwaukee Bucks vs Charlotte Hornets Full Game Highlights - November 12, 2025 | NBA Season",https://www.youtube.com/watch?v=AKFKfI2E63Y,AKFKfI2E63Y,GAMETIME HIGHLIGHTS,571,55127,598,57.0
22500213,Milwaukee Bucks vs Charlotte Hornets Full Game Highlights | Nov 12 | 2026 NBA Season,https://www.youtube.com/watch?v=clrK_CHbZgk,clrK_CHbZgk,Hooper Highlights,599,1619,49,
22500213,Milwaukee Bucks vs Charlotte Hornets | Full Game Highlights | November 12 | 2025-26 NBA Season,https://www.youtube.com/watch?v=MQPRUV1XMew,MQPRUV1XMew,The CCB Network,606,2477,56,4.0
22500215,"New York Knicks vs Orlando Magic - FULL GAME HIGHLIGHTS | November 12, 2025 NBA Season",https://www.youtube.com/watch?v=KfZ_eE4INWg,KfZ_eE4INWg,Ximo Pierto,568,2017,57,4.0
22500215,"New York Knicks vs Orlando Magic Full Game Highlights - November 12, 2025 | NBA Season",https://www.youtube.com/watch?v=kEUjFI2laKY,kEUjFI2laKY,GAMETIME HIGHLIGHTS,558,65235,710,61.0
22500215,Orlando Magic vs New York Knicks Full Game Highlights | Nov 12 | 2026 NBA Season,https://www.youtube.com/watch?v=u8W02dwpLhU,u8W02dwpLhU,Hooper Highlights,596,2018,82,3.0
22500215,New York Knicks vs Orlando Magic | Full Game Highlights | November 12 | 2025-26 NBA Season,https://www.youtube.com/watch?v=oJaffnU_5pI,oJaffnU_5pI,The CCB Network,585,2649,76,
22500046,"Los Angeles Clippers vs Dallas Mavericks Full Game Highlights - November 14, 2025 | NBA Season",https://www.youtube.com/watch?v=oNOX3jTlXU0,oNOX3jTlXU0,GAMETIME HIGHLIGHTS,578,260868,2026,239.0
22500046,"Dallas Mavericks vs Los Angeles Clippers - FULL GAME HIGHLIGHTS | November 14, 2025 NBA Cup",https://www.youtube.com/watch?v=6xXOBDFdRxQ,6xXOBDFdRxQ,Ximo Pierto,584,4718,102,13.0
22500046,Dallas Mavericks vs Los Angeles Clippers 4th Qtr Nov 14. 2025 Highlights | NBA highlight,https://www.youtube.com/watch?v=vAtVJqMy2Mg,vAtVJqMy2Mg,Mây Trắng Review,616,2076,9,
22500046,Dallas Mavericks vs Los Angeles Clippers 1st Qtr Nov 14. 2025 Highlights | NBA highlight,https://www.youtube.com/watch?v=frq1c4OvZFg,frq1c4OvZFg,Mây Trắng Review,588,2494,17,
22500046,Dallas Mavericks vs Los Angeles Clippers 2nd Qtr Nov 14. 2025 Highlights | NBA highlight,https://www.youtube.com/watch?v=BoxCWTC4Oko,BoxCWTC4Oko,Mây Trắng Review,680,1325,5,
22500218,"Houston Rockets vs Washington Wizards Full Game Highlights - November 12, 2025 | NBA Season",https://www.youtube.com/watch?v=HbCsI_LsY_Q,HbCsI_LsY_Q,GAMETIME HIGHLIGHTS,556,101726,921,88.0
22500218,"Houston Rockets vs Washington Wizards - FULL GAME HIGHLIGHTS | November 12, 2025 NBA Season",https://www.youtube.com/watch?v=JhLHEfuh3pk,JhLHEfuh3pk,Ximo Pierto,556,4825,112,1.0
22500218,Washington Wizards vs Houston Rockets Full Game Highlights | Nov 12 | 2026 NBA Season,https://www.youtube.com/watch?v=8GRPodH7o3M,8GRPodH7o3M,Hooper Highlights,594,2075,78,
22500218,Houston Rockets vs Washington Wizards | Full Game Highlights | November 12 | 2025-26 NBA Season,https://www.youtube.com/watch?v=dZc6QW0tMMc,dZc6QW0tMMc,The CCB Network,592,3829,86,
22500231,"Los Angeles Lakers vs Milwaukee Bucks Full Game Highlights | Nov 15, 2025 | FreeDawkins",https://www.youtube.com/watch?v=03-vua_Q0L4,03-vua_Q0L4,,582,157751,3879,253.0
22500231,"Los Angeles Lakers vs Milwaukee Bucks - FULL GAME HIGHLIGHTS | November 15, 2025 NBA Season",https://www.youtube.com/watch?v=_PbmtlYjF4w,_PbmtlYjF4w,Ximo Pierto,570,16372,283,16.0
22500231,Los Angeles Lakers vs Milwaukee Bucks | Full Game Highlights | November 15 | 2025-26 NBA Season,https://www.youtube.com/watch?v=MfgdGQQvFKI,MfgdGQQvFKI,The CCB Network,636,367037,2458,176.0
22500231,Los Angeles Lakers vs Milwaukee Bucks Full Game Highlights 1st Qtr | Nov 15 | 2025 NBA Highlights,https://www.youtube.com/watch?v=JOviXtloCfQ,JOviXtloCfQ,Lakers Dynasty Highlights,498,163661,772,61.0
22500231,Los Angeles Lakers vs Milwaukee Bucks Full Game Highlights 1st P2 Qtr | Nov 15 | 2025 NBA Highlights,https://www.youtube.com/watch?v=w0B9_WXbjIg,w0B9_WXbjIg,Lakers Dynasty Highlights,384,47634,228,5.0
22500231,Los Angeles Lakers vs Milwaukee Bucks Full Game Highlights 4th Qtr | Nov 15 | 2025 NBA Highlights,https://www.youtube.com/watch?v=sdgzNQMuTVY,sdgzNQMuTVY,Lakers Dynasty Highlights,514,179770,679,30.0
22500243,"Los Angeles Clippers vs Philadelphia 76ers - FULL GAME HIGHLIGHTS | November 17, 2025 NBA Season",https://www.youtube.com/watch?v=fJqiTs9yERk,fJqiTs9yERk,Ximo Pierto,575,10666,236,12.0
22500243,LA Clippers vs Philadelphia 76ers Full Game Highlights | Nov 17 | 2026 NBA Season,https://www.youtube.com/watch?v=qGuIoD8kWnc,qGuIoD8kWnc,Hooper Highlights,596,4009,138,3.0
22500243,LA Clippers vs Philadelphia 76ers | Full Game Highlights | November 17 | 2025-26 NBA Season,https://www.youtube.com/watch?v=8ixP4uLOLzk,8ixP4uLOLzk,The CCB Network,641,2822,35,1.0
22500243,LA Clippers vs Philadelphia 76ers Full Game Highlights 1st Qtr | Nov 17 | 2025 NBA Highlights,https://www.youtube.com/watch?v=FV-0VPdiaL8,FV-0VPdiaL8,Lakers Dynasty Highlights,555,16500,73,4.0
22500243,LA Clippers vs Philadelphia 76ers Full Game Highlights 4th Qtr | Nov 17 | 2025 NBA Highlights,https://www.youtube.com/watch?v=RtItgxWLTYU,RtItgxWLTYU,Lakers Dynasty Highlights,537,31491,125,7.0
22500243,LA Clippers vs Philadelphia 76ers Full Game Highlights 4th Qtr P2 | Nov 17 | 2025 NBA Highlights,https://www.youtube.com/watch?v=rgmxvuNF7wk,rgmxvuNF7wk,Lakers Dynasty Highlights,479,47657,163,19.0
22500243,LA Clippers vs Philadelphia 76ers Full Game Highlights 2nd Qtr | Nov 17 | 2025 NBA Highlights,https://www.youtube.com/watch?v=Swh5v7Et8Bg,Swh5v7Et8Bg,Lakers Dynasty Highlights,527,14076,58,1.0
22500220,"Golden State Warriors vs San Antonio Spurs Full Game Highlights | Nov 12, 2025 | FreeDawkins",https://www.youtube.com/watch?v=0iFYoD7NgQw,0iFYoD7NgQw,,627,150349,4924,255.0
22500220,"Golden State Warriors vs San Antonio Spurs - FULL GAME HIGHLIGHTS | November 12, 2025 NBA Season",https://www.youtube.com/watch?v=nAPILYwDLYI,nAPILYwDLYI,Ximo Pierto,579,15996,294,13.0
22500220,Golden State Warriors vs San Antonio Spurs | Full Game Highlights | November 12 | 2025-26 NBA Season,https://www.youtube.com/watch?v=NunkdrjYs88,NunkdrjYs88,The CCB Network,618,18639,262,10.0
22500220,Golden State Warriors vs San Antonio Spurs Full 4th Qtr P2 Highlights | Nov 12 | 2025 NBA Highlights,https://www.youtube.com/watch?v=d4X1iF98xnM,d4X1iF98xnM,Lakers Dynasty Highlights,534,235125,951,28.0
22500220,Golden State Warriors vs San Antonio Spurs Full 3rd Qtr P2 Highlights | Nov 12 | 2025 NBA Highlights,https://www.youtube.com/watch?v=TVgioHnU5Go,TVgioHnU5Go,Lakers Dynasty Highlights,426,39883,160,15.0
22500042,"Houston Rockets vs Portland Trail Blazers Full Game Highlights - November 14, 2025 | NBA Season",https://www.youtube.com/watch?v=iRatOG7aqmc,iRatOG7aqmc,GAMETIME HIGHLIGHTS,557,161759,1469,150.0
22500042,"Houston Rockets vs Portland Trail Blazers - FULL GAME HIGHLIGHTS | November 14, 2025 NBA Cup",https://www.youtube.com/watch?v=KusGhcqD-ec,KusGhcqD-ec,Ximo Pierto,566,6111,134,4.0
22500042,Houston Rockets vs Portland Trail Blazers Full Game Highlights 1st Qtr| Nov 14| 2025 NBA Highlights,https://www.youtube.com/watch?v=x3CWrTCvJYM,x3CWrTCvJYM,Lakers Dynasty Highlights,514,13299,48,
22500042,Houston Rockets vs Portland Trail Blazers Full Game Highlights 2nd Qtr | Nov 14| 2025 NBA Highlights,https://www.youtube.com/watch?v=4zDnDOg_No4,4zDnDOg_No4,Lakers Dynasty Highlights,506,11243,42,1.0
22500042,Houston Rockets vs Portland Trail Blazers Full Game Highlights 1st Qtr P2|Nov 14|2025 NBA Highlights,https://www.youtube.com/watch?v=PcXlhAKxh1w,PcXlhAKxh1w,Lakers Dynasty Highlights,255,2213,14,3.0
22500042,Houston Rockets vs Portland Trail Blazers Full Game Highlights 2nd Qtr P2|Nov 14|2025 NBA Highlights,https://www.youtube.com/watch?v=nwsDQVEtT58,nwsDQVEtT58,Lakers Dynasty Highlights,307,4400,20,1.0
22500214,"Chicago Bulls vs Detroit Pistons Full Game Highlights - November 12, 2025 | NBA Season",https://www.youtube.com/watch?v=Z-qAdoS3Xns,Z-qAdoS3Xns,GAMETIME HIGHLIGHTS,573,57765,734,37.0
22500214,Chicago Bulls vs Detroit Pistons Full Game Highlights | Nov 12 | 2026 NBA Season,https://www.youtube.com/watch?v=c3UBtu5aZuA,c3UBtu5aZuA,Hooper Highlights,595,1895,64,1.0
22500214,Chicago Bulls vs Detroit Pistons | Full Game Highlights | November 12 | 2025-26 NBA Season,https://www.youtube.com/watch?v=lNIWscBGmdA,lNIWscBGmdA,The CCB Network,599,3139,76,3.0
22500214,"Chicago Bulls vs Detroit Pistons - FULL GAME HIGHLIGHTS | November 12, 2025 NBA Season",https://www.youtube.com/watch?v=X3c9kuEvmVQ,X3c9kuEvmVQ,Ximo Pierto,582,1942,68,2.0
22500200,"Orlando Magic vs Portland Trail Blazers Full Game Highlights - November 10, 2025 | NBA Season",https://www.youtube.com/watch?v=KgghWrMQ6D0,KgghWrMQ6D0,GAMETIME HIGHLIGHTS,576,52341,649,41.0
22500200,Orlando Magic vs Portland Trail Blazers Full Game Highlights | Nov 10 | 2026 NBA Season,https://www.youtube.com/watch?v=zvsSFl9I2j8,zvsSFl9I2j8,Hooper Highlights,595,2005,90,1.0
22500205,"Minnesota Timberwolves vs Utah Jazz Full Game Highlights - November 10, 2025 | NBA Season",https://www.youtube.com/watch?v=xDI4Xruo9So,xDI4Xruo9So,GAMETIME HIGHLIGHTS,580,77697,839,25.0
22500205,Minnesota Timberwolves vs Utah Jazz | Full Game Highlights | November 10 | 2025-26 NBA Season,https://www.youtube.com/watch?v=CVXKvCL5m7A,CVXKvCL5m7A,The CCB Network,620,2435,65,
22500217,"Cleveland Cavaliers vs Miami Heat Full Game Highlights - November 12, 2025 | NBA Season",https://www.youtube.com/watch?v=2qKK3e20Rzo,2qKK3e20Rzo,GAMETIME HIGHLIGHTS,571,43866,524,53.0
22500217,Cleveland Cavaliers vs Miami Heat | Full Game Highlights | November 12 | 2025-26 NBA Season,https://www.youtube.com/watch?v=jvYbGnjiVA8,jvYbGnjiVA8,The CCB Network,598,3100,64,
22500217,Cleveland Cavaliers vs Miami Heat Full Game Highlights | Nov 12 | 2026 NBA Season,https://www.youtube.com/watch?v=jBOb0vp-JhM,jBOb0vp-JhM,Hooper Highlights,596,2004,67,
22500217,"Miami HEAT vs. Cleveland Cavaliers | HEAT Highlights | November 12, 2025",https://www.youtube.com/watch?v=1wGCzSxMbiI,1wGCzSxMbiI,Miami HEAT,142,1069,17,4.0
22500212,"Denver Nuggets vs Sacramento Kings Full Game Highlights - November 11, 2025 | NBA Season",https://www.youtube.com/watch?v=azBGwRh43P8,azBGwRh43P8,GAMETIME HIGHLIGHTS,576,200701,1872,307.0
22500212,"Denver Nuggets vs Sacramento Kings Full Game Highlights | Nov 11, 2025 | FreeDawkins",https://www.youtube.com/watch?v=aJFSJv8v8bk,aJFSJv8v8bk,,583,18298,515,25.0
22500212,"Denver Nuggets vs Sacramento Kings - FULL GAME HIGHLIGHTS | November 11, 2025 NBA Season",https://www.youtube.com/watch?v=ZDx3F1BTkD0,ZDx3F1BTkD0,Ximo Pierto,558,4490,112,2.0
22500211,"Indiana Pacers vs Utah Jazz Full Game Highlights - November 11, 2025 | NBA Season",https://www.youtube.com/watch?v=Ft_qkyeLPiU,Ft_qkyeLPiU,GAMETIME HIGHLIGHTS,555,42631,490,27.0
22500211,"Indiana Pacers vs Utah Jazz - FULL GAME HIGHLIGHTS | November 11, 2025 NBA Season",https://www.youtube.com/watch?v=aTNe-_XNr6o,aTNe-_XNr6o,Ximo Pierto,580,1329,40,4.0
22500211,Indiana Pacers vs Utah Jazz Full Game Highlights | Nov 11 | 2026 NBA Season,https://www.youtube.com/watch?v=_YVRLrRL_YI,_YVRLrRL_YI,Hooper Highlights,593,1326,56,
22500221,"Phoenix Suns vs Dallas Mavericks Full Game Highlights - November 12, 2025 | NBA Season",https://www.youtube.com/watch?v=SC55eBDmheI,SC55eBDmheI,GAMETIME HIGHLIGHTS,582,132326,1121,107.0
22500221,"Dallas Mavericks vs Phoenix Suns - FULL GAME HIGHLIGHTS | November 12, 2025 NBA Season",https://www.youtube.com/watch?v=Ge4rBY0bxS8,Ge4rBY0bxS8,Ximo Pierto,576,3601,70,6.0
22500221,Phoenix Suns vs Dallas Mavericks | Full Game Highlights | November 12 | 2025-26 NBA Season,https://www.youtube.com/watch?v=Op1KtLwAwUI,Op1KtLwAwUI,The CCB Network,609,10251,138,5.0
22500221,Dallas Mavericks vs Phoenix Suns Full Game Highlights | Nov 12 | 2026 NBA Season,https://www.youtube.com/watch?v=ZcmH9GG8EPM,ZcmH9GG8EPM,Hooper Highlights,595,2981,98,2.0
22500208,"New York Knicks vs Memphis Grizzlies Full Game Highlights - November 11, 2025 | NBA Season",https://www.youtube.com/watch?v=THlT_vqCB5I,THlT_vqCB5I,GAMETIME HIGHLIGHTS,565,107825,1154,77.0
22500208,"New York Knicks vs Memphis Grizzlies - FULL GAME HIGHLIGHTS | November 11, 2025 NBA Season",https://www.youtube.com/watch?v=qSix9Rg3mWA,qSix9Rg3mWA,Ximo Pierto,569,2009,56,
22500208,"New York Knicks vs Memphis Grizzlies Full Game Highlights | Nov 11, 2025 | FreeDawkins",https://www.youtube.com/watch?v=b_w-12bxsF4,b_w-12bxsF4,FreeDawkins,593,11824,357,25.0
22500208,New York Knicks vs Memphis Grizzlies | Full Game Highlights | November 11 | 2025-26 NBA Season,https://www.youtube.com/watch?v=3qDOsDH0N6U,3qDOsDH0N6U,The CCB Network,605,5451,114,1.0
22500208,New York Knicks vs Memphis Grizzlies FULLGAME Qtr Nov 11. 2025 Highlights | NBA highlight,https://www.youtube.com/watch?v=BxMfGG7yz9M,BxMfGG7yz9M,Mây Trắng Review,825,1842,10,
22500045,"Los Angeles Lakers vs New Orleans Pelicans Full Game Highlights - November 14, 2025 | NBA Season",https://www.youtube.com/watch?v=7Ys5C6rTo80,7Ys5C6rTo80,GAMETIME HIGHLIGHTS,569,588981,4506,223.0
22500045,"Los Angeles Lakers vs New Orleans Pelicans Full Game Highlights | Nov 14, 2025 | FreeDawkins",https://www.youtube.com/watch?v=l9TmHI4viHk,l9TmHI4viHk,,610,64577,1772,73.0
22500045,"Los Angeles Lakers vs New Orleans Pelicans - FULL GAME HIGHLIGHTS | November 14, 2025 NBA Cup",https://www.youtube.com/watch?v=-_-cVxUNhwk,-_-cVxUNhwk,Ximo Pierto,573,5176,121,2.0
22500045,Los Angeles Lakers vs New Orleans Pelicans Full Game Highlights 1st Qtr| Nov 14| 2025 NBA Highlights,https://www.youtube.com/watch?v=02GkSOT8H5k,02GkSOT8H5k,Lakers Dynasty Highlights,486,73632,356,17.0
22500045,Los Angeles Lakers vs New Orleans Pelicans | Full Game Highlights | November 14 | 2025-26 NBA Season,https://www.youtube.com/watch?v=GQPoB7R7WUo,GQPoB7R7WUo,The CCB Network,602,6137,115,
22500045,Los Angeles Lakers vs New Orleans Pelicans Full Game Highlights 2nd Qtr| Nov 14| 2025 NBA Highlights,https://www.youtube.com/watch?v=rcgfL_Vyd6g,rcgfL_Vyd6g,Lakers Dynasty Highlights,543,67607,311,5.0
22500045,Los Angeles Lakers vs New Orleans Pelicans Full Game Highlights 4th Qtr| Nov 14| 2025 NBA Highlights,https://www.youtube.com/watch?v=qD-EnIPjM-Q,qD-EnIPjM-Q,Lakers Dynasty Highlights,487,70406,340,12.0
22500047,"Golden State Warriors vs San Antonio Spurs Full Game Highlights - November 14, 2025 | NBA Season",https://www.youtube.com/watch?v=UawvININqMc,UawvININqMc,GAMETIME HIGHLIGHTS,580,999515,10666,989.0
22500047,"Golden State Warriors vs San Antonio Spurs Full Game Highlights | Nov 14, 2025 | FreeDawkins",https://www.youtube.com/watch?v=L_EBP0R6_m4,L_EBP0R6_m4,,680,171011,7855,759.0
22500047,"Golden State Warriors vs San Antonio Spurs - FULL GAME HIGHLIGHTS | November 14, 2025 NBA Cup",https://www.youtube.com/watch?v=QHGhlcDBsyM,QHGhlcDBsyM,Ximo Pierto,561,21733,421,48.0
22500047,Golden State Warriors vs San Antonio Spurs Full Game Highlights | Nov 14 | 2026 NBA Season,https://www.youtube.com/watch?v=b3C4A1n6n1E,b3C4A1n6n1E,Hooper Highlights,595,6107,236,12.0
22500047,Golden State Warriors vs San Antonio Spurs Full Game Highlights 1st Qtr| Nov 14| 2025 NBA Highlights,https://www.youtube.com/watch?v=5jUqyZk_kJ0,5jUqyZk_kJ0,Lakers Dynasty Highlights,504,73599,321,14.0
22500047,Golden State Warriors vs San Antonio Spurs | Full Game Highlights | November 14 | 2025-26 NBA Season,https://www.youtube.com/watch?v=m82lN57KV2k,m82lN57KV2k,The CCB Network,626,18666,309,27.0
22500047,Golden State Warriors vs SA Spurs Full Game Highlights 1st Qtr P2 | Nov 14 | 2025 NBA Highlights,https://www.youtube.com/watch?v=IXovzjDnYHE,IXovzjDnYHE,Lakers Dynasty Highlights,314,29228,103,3.0
22500204,"Phoenix Suns vs New Orleans Pelicans Full Game Highlights - November 10, 2025 | NBA Season",https://www.youtube.com/watch?v=9aE-OVacKxU,9aE-OVacKxU,GAMETIME HIGHLIGHTS,554,34239,463,28.0
22500204,Phoenix Suns vs New Orleans Pelicans | Full Game Highlights | November 10 | 2025-26 NBA Season,https://www.youtube.com/watch?v=d9OXAmCXG6E,d9OXAmCXG6E,The CCB Network,593,2101,52,2.0
22500204,Phoenix Suns vs New Orleans Pelicans Full Game Highlights | Nov 10 | 2026 NBA Season,https://www.youtube.com/watch?v=jn_dcuK_qlk,jn_dcuK_qlk,Hooper Highlights,593,1483,59,1.0
22500207,"Toronto Raptors vs Brooklyn Nets Full Game Highlights - November 11, 2025 | NBA Season",https://www.youtube.com/watch?v=8fC2a8F9JJ4,8fC2a8F9JJ4,GAMETIME HIGHLIGHTS,556,44967,463,21.0
22500207,"Toronto Raptors vs Brooklyn Nets - Full Team Highlights | Nov 11, 2025",https://www.youtube.com/watch?v=4g6csqeV84s,4g6csqeV84s,Raptors Nation,582,13791,179,11.0
22500207,Toronto Raptors vs Brooklyn Nets Full Game Highlights | Nov 11 | 2026 NBA Season,https://www.youtube.com/watch?v=oBMQ7trcc1o,oBMQ7trcc1o,Hooper Highlights,588,1255,46,
22500207,"Toronto Raptors vs Brooklyn Nets - First Half Team Highlights | Nov 11, 2025",https://www.youtube.com/watch?v=9Gjf8s--beE,9Gjf8s--beE,Raptors Nation,290,2204,27,4.0
22500195,"Philadelphia 76ers vs Detroit Pistons Full Game Highlights - November 9, 2025 | NBA Season",https://www.youtube.com/watch?v=2x3gYtTSmik,2x3gYtTSmik,GAMETIME HIGHLIGHTS,574,103581,1416,117.0
22500195,Philadelphia 76ers vs Detroit Pistons | Full Game Highlights | November 9 | 2025-26 NBA Season,https://www.youtube.com/watch?v=YtKYcUl7IQY,YtKYcUl7IQY,The CCB Network,607,5024,140,
22500197,"Minnesota Timberwolves vs Sacramento Kings Full Game Highlights - November 9, 2025 | NBA Season",https://www.youtube.com/watch?v=2iUQIjlSFSs,2iUQIjlSFSs,GAMETIME HIGHLIGHTS,567,101580,1058,101.0
22500197,"Minnesota Timberwolves vs Sacramento Kings - FULL GAME HIGHLIGHTS | November 9, 2025 NBA Season",https://www.youtube.com/watch?v=H7B4RAeQpEg,H7B4RAeQpEg,Ximo Pierto,581,6369,135,8.0
22500197,Minnesota Timberwolves vs Sacramento Kings | Full Game Highlights | November 9 | 2025-26 NBA Season,https://www.youtube.com/watch?v=XbjJqCmveS4,XbjJqCmveS4,The CCB Network,601,4897,113,2.0
22500206,"Los Angeles Clippers vs Atlanta Hawks Full Game Highlights - November 10, 2025 | NBA Season",https://www.youtube.com/watch?v=JbVKPGvTOsw,JbVKPGvTOsw,GAMETIME HIGHLIGHTS,579,111576,1110,150.0
22500206,"Los Angeles Clippers vs Atlanta Hawks - FULL GAME HIGHLIGHTS | November 10, 2025 NBA Season",https://www.youtube.com/watch?v=Ddmi-STf_Zg,Ddmi-STf_Zg,Ximo Pierto,577,3163,70,11.0
22500206,"You HAVE to See This ENDING! 😱 Clippers vs Hawks 🔥 November 10, 2025",https://www.youtube.com/watch?v=kUSfZccR5R8,kUSfZccR5R8,House of Highlights,80,19250,239,48.0
22500237,Golden State Warriors vs New Orleans Pelicans | Full Game Highlights | Nov 16 | 2025-26 NBA Season,https://www.youtube.com/watch?v=6QIBSSXNfuo,6QIBSSXNfuo,The CCB Network,629,101552,761,14.0
22500237,"Golden State Warriors vs New Orleans Pelicans - FULL GAME HIGHLIGHTS | November 16, 2025 NBA Season",https://www.youtube.com/watch?v=GPbvz5EYJng,GPbvz5EYJng,Ximo Pierto,565,10686,204,10.0
22500237,"Golden State Warriors vs New Orleans Pelicans Full Game Highlights | Nov 16, 2025 | FreeDawkins",https://www.youtube.com/watch?v=o_iVEbr381M,o_iVEbr381M,,593,114037,3622,151.0
22500237,Golden State Warriors vs Orleans Pelicans Full Game Highlights 1st Qtr| Nov 16| 2025 NBA Highlights,https://www.youtube.com/watch?v=TISskITK3Rw,TISskITK3Rw,Lakers Dynasty Highlights,510,67792,342,8.0
22500237,Golden State Warriors vs Orleans Pelicans Full Game Highlights 2nd Qtr| Nov 16| 2025 NBA Highlights,https://www.youtube.com/watch?v=Ix7MevtZJs4,Ix7MevtZJs4,Lakers Dynasty Highlights,549,48790,202,5.0
22500237,Golden State Warriors vs Orleans Pelicans Full Game Highlights 2nd Qtr P2|Nov 16|2025 NBA Highlights,https://www.youtube.com/watch?v=QPAnjEJubZs,QPAnjEJubZs,Lakers Dynasty Highlights,350,19941,91,3.0
22500237,Golden State Warriors vs Pelicans Full Game Highlights 1st Qtr P2 | Nov 16 | 2025 NBA Highlights,https://www.youtube.com/watch?v=dhsy3cOWvPE,dhsy3cOWvPE,Lakers Dynasty Highlights,356,22506,99,3.0
22500237,Golden State Warriors vs Orleans Pelicans Full Game Highlights 4th Qtr | Nov 16| 2025 NBA Highlights,https://www.youtube.com/watch?v=HpT8j45INIg,HpT8j45INIg,Lakers Dynasty Highlights,559,88566,324,9.0
22500237,Golden State Warriors vs Orleans Pelicans Full Game Highlights 3rd Qtr| Nov 16| 2025 NBA Highlights,https://www.youtube.com/watch?v=NSxdsRTmDQk,NSxdsRTmDQk,Lakers Dynasty Highlights,529,58359,239,11.0
22500237,Golden State Warriors vs Pelicans Full Game Highlights 4th Qtr P2 | Nov 16| 2025 NBA Highlights,https://www.youtube.com/watch?v=G1ZS_VyBrV0,G1ZS_VyBrV0,Lakers Dynasty Highlights,500,44458,221,11.0
22500199,"Detroit Pistons vs Washington Wizards Full Game Highlights - November 10, 2025 | NBA Season",https://www.youtube.com/watch?v=SVsoLK7TF3s,SVsoLK7TF3s,GAMETIME HIGHLIGHTS,582,54436,748,44.0
22500199,Detroit Pistons vs Washington Wizards | Full Game Highlights | November 10 | 2025-26 NBA Season,https://www.youtube.com/watch?v=Zu-V5RwW9dk,Zu-V5RwW9dk,The CCB Network,621,2882,48,2.0
22500199,Detroit Pistons vs Washington Wizards Full Game Highlights | Nov 10 | 2026 NBA Season,https://www.youtube.com/watch?v=0JhhcsZEEoI,0JhhcsZEEoI,Hooper Highlights,583,1983,74,4.0
22500199,"FlightReacts Wizards at Pistons | Full Game Highlights | November 10, 2025",https://www.youtube.com/watch?v=C1DkwzdBnJc,C1DkwzdBnJc,FTC_Clips,710,30510,713,41.0
22500199,Detroit Pistons vs Washington Wizards FULLGAME Qtr Nov 10.2025 Highlights | NBA HIGHLIGHT,https://www.youtube.com/watch?v=WPQ7wbirqvw,WPQ7wbirqvw,Mây Trắng Review,743,1184,7,
22500202,"San Antonio Spurs vs Chicago Bulls Full Game Highlights - November 10, 2025 | NBA Season",https://www.youtube.com/watch?v=7-pI8hjeqzU,7-pI8hjeqzU,GAMETIME HIGHLIGHTS,580,461284,5428,449.0
22500202,"San Antonio Spurs vs Chicago Bulls - FULL GAME HIGHLIGHTS | November 10, 2025 NBA Season",https://www.youtube.com/watch?v=kAcGRsEdloI,kAcGRsEdloI,Ximo Pierto,572,6025,144,5.0
22500202,"San Antonio Spurs vs Chicago Bulls Full Game Highlights | Nov 10, 2025 | FreeDawkins",https://www.youtube.com/watch?v=sHr9DLbXEaM,sHr9DLbXEaM,,579,34415,1369,64.0
22500202,San Antonio Spurs vs Chicago Bulls Full Game Highlights | Nov 10 | 2026 NBA Season,https://www.youtube.com/watch?v=E2IQxsBRNH8,E2IQxsBRNH8,Hooper Highlights,571,4832,219,5.0
22500192,"New York Knicks vs Brooklyn Nets Full Game Highlights - November 9, 2025 | NBA Season",https://www.youtube.com/watch?v=vg1Qbx73NIs,vg1Qbx73NIs,GAMETIME HIGHLIGHTS,579,72738,697,41.0
22500192,"New York Knicks vs Brooklyn Nets - FULL GAME HIGHLIGHTS | November 9, 2025 NBA Season",https://www.youtube.com/watch?v=50d863ZP9GU,50d863ZP9GU,Ximo Pierto,548,1959,62,6.0
22500192,New York Knicks vs Brooklyn Nets Full Game Highlights | Nov 9 | 2026 NBA Season,https://www.youtube.com/watch?v=1Vuin8H7OpA,1Vuin8H7OpA,Hooper Highlights,598,1933,79,
22500193,"Boston Celtics vs Orlando Magic Full Game Highlights - November 9, 2025 | NBA Season",https://www.youtube.com/watch?v=Mtd8sMdoJnE,Mtd8sMdoJnE,GAMETIME HIGHLIGHTS,578,89086,1018,47.0
22500193,"Boston Celtics vs Orlando Magic - FULL GAME HIGHLIGHTS | November 9, 2025 NBA Season",https://www.youtube.com/watch?v=J8aCGpU3tSM,J8aCGpU3tSM,Ximo Pierto,565,2951,80,2.0
22500193,Boston Celtics vs Orlando Magic Full Game Highlights | Nov 9 | 2026 NBA Season,https://www.youtube.com/watch?v=vez4YlRCO1I,vez4YlRCO1I,Hooper Highlights,595,2383,91,2.0
22500193,Orlando Magic vs Boston Celtics FULLGAME Qtr Nov 09.2025 Highlights | NBA hightlight,https://www.youtube.com/watch?v=9mZriSLLYzU,9mZriSLLYzU,Mây Trắng Review,888,1426,11,
22500201,"Cleveland Cavaliers vs Miami Heat Full Game Highlights - November 10, 2025 | NBA Season",https://www.youtube.com/watch?v=phIjLp8RBDg,phIjLp8RBDg,GAMETIME HIGHLIGHTS,579,129942,1664,123.0
22500201,Cleveland Cavaliers vs Miami Heat | Full Game Highlights | November 10 | 2025-26 NBA Season,https://www.youtube.com/watch?v=mSpXW2nVl5k,mSpXW2nVl5k,The CCB Network,626,5230,133,4.0
22500201,Cleveland Cavaliers vs Miami Heat Full Game Highlights | Nov 10 | 2026 NBA Season,https://www.youtube.com/watch?v=JgpNb0U4XcA,JgpNb0U4XcA,Hooper Highlights,593,2793,129,8.0
22500201,"Miami HEAT 1st Half Highlights vs. the Cavaliers | November 10, 2025",https://www.youtube.com/watch?v=m67xOdwZGo4,m67xOdwZGo4,Luis Claudio De Jesús Charles,385,1172,45,2.0
22500201,"FlightReacts To CAVALIERS at HEAT | FULL GAME HIGHLIGHTS | November 10, 2025!",https://www.youtube.com/watch?v=tjPC3yNzMJc,tjPC3yNzMJc,NotYourAverageFlight,663,67245,3083,124.0
22500036,"Minnesota Timberwolves vs Utah Jazz Full Game Highlights - November 7, 2025 | NBA Season",https://www.youtube.com/watch?v=z2lXWyoAb9E,z2lXWyoAb9E,GAMETIME HIGHLIGHTS,566,62898,708,53.0
22500036,Minnesota Timberwolves vs Utah Jazz Full Game Highlights | Nov 7 | 2026 NBA Season,https://www.youtube.com/watch?v=ScUd4JBcKwA,ScUd4JBcKwA,Hooper Highlights,595,1721,62,1.0
22500187,"Miami Heat vs Portland Trail Blazers Full Game Highlights - November 8, 2025 | NBA Season",https://www.youtube.com/watch?v=g1E_yNSK5_o,g1E_yNSK5_o,GAMETIME HIGHLIGHTS,579,58933,686,50.0
22500187,Portland Trail Blazers vs Miami Heat Full Game Highlights | Nov 8 | 2026 NBA Season,https://www.youtube.com/watch?v=eQlhIdluX4E,eQlhIdluX4E,Hooper Highlights,599,1935,88,4.0
22500187,"The Miami HEAT Closing Out the Game vs. the Trail Blazers | November 8, 2025",https://www.youtube.com/watch?v=OBzHdnCqH4c,OBzHdnCqH4c,Luis Claudio De Jesús Charles,598,2416,113,19.0
22500031,"Brooklyn Nets vs Detroit Pistons Full Game Highlights - November 7, 2025 | NBA Season",https://www.youtube.com/watch?v=Z3B_6CQoQXU,Z3B_6CQoQXU,GAMETIME HIGHLIGHTS,582,39769,481,26.0
22500031,Detroit Pistons vs Brooklyn Nets Full Game Highlights | Nov 7 | 2026 NBA Season,https://www.youtube.com/watch?v=L7q6GgwA5fA,L7q6GgwA5fA,Hooper Highlights,595,1458,65,1.0
22500189,"Denver Nuggets vs Indiana Pacers Full Game Highlights - November 8, 2025 | NBA Season",https://www.youtube.com/watch?v=qOVqgI5pnQE,qOVqgI5pnQE,GAMETIME HIGHLIGHTS,559,129738,1234,145.0
22500189,"Denver Nuggets vs Indiana Pacers - FULL GAME HIGHLIGHTS | November 8, 2025 NBA Season",https://www.youtube.com/watch?v=7YFKjDFwpjo,7YFKjDFwpjo,Ximo Pierto,557,33080,288,21.0
22500189,Indiana Pacers vs Denver Nuggets | Full Game Highlights | November 8 | 2025-26 NBA Season,https://www.youtube.com/watch?v=ce7T8idwAuY,ce7T8idwAuY,The CCB Network,640,9386,108,5.0
22500189,"Denver Nuggets vs Indiana Pacers Full Game Highlights | Nov 8, 2025 | FreeDawkins",https://www.youtube.com/watch?v=X9uQAoeaGhg,X9uQAoeaGhg,FreeDawkins,575,17304,783,34.0
22500189,Denver Nuggets vs Indiana Pacers Full Game Highlights | Nov 8 | 2026 NBA Season,https://www.youtube.com/watch?v=dXurZytUhAg,dXurZytUhAg,Hooper Highlights,569,2836,104,2.0
22500191,"Houston Rockets vs Milwaukee Bucks Full Game Highlights - November 9, 2025 | NBA Season",https://www.youtube.com/watch?v=EQ_X3qgiPUk,EQ_X3qgiPUk,GAMETIME HIGHLIGHTS,587,474634,4327,507.0
22500191,"Houston Rockets vs Milwaukee Bucks Full Game Highlights | Nov 9, 2025 | FreeDawkins",https://www.youtube.com/watch?v=3YGCcXoBzws,3YGCcXoBzws,,640,34796,1436,68.0
22500191,"Houston Rockets vs Milwaukee Bucks - FULL GAME HIGHLIGHTS | November 9, 2025 NBA Season",https://www.youtube.com/watch?v=mq1t7WbkJkk,mq1t7WbkJkk,Ximo Pierto,574,3895,119,3.0
22500191,Houston Rockets vs Milwaukee Bucks | Full Game Highlights | November 9 | 2025-26 NBA Season,https://www.youtube.com/watch?v=up4YUCKgVUg,up4YUCKgVUg,The CCB Network,625,14335,213,13.0
22500191,"FlightReacts Rockets at Bucks | Full Game Highlights | November 9, 2025",https://www.youtube.com/watch?v=8YQu5qFkfps,8YQu5qFkfps,FTC_Clips,247,2116,48,6.0
22500190,"Los Angeles Clippers vs Phoenix Suns Full Game Highlights - November 8, 2025 | NBA Season",https://www.youtube.com/watch?v=qthoh-86TAA,qthoh-86TAA,GAMETIME HIGHLIGHTS,579,101997,1000,139.0
22500190,"Los Angeles Clippers vs Phoenix Suns - FULL GAME HIGHLIGHTS | November 8, 2025 NBA Season",https://www.youtube.com/watch?v=e0PZc9ovDoA,e0PZc9ovDoA,Ximo Pierto,554,8469,110,12.0
22500190,LA Clippers vs Phoenix Suns Full Game Highlights | Nov 8 | 2026 NBA Season,https://www.youtube.com/watch?v=yc3EV5m2eAg,yc3EV5m2eAg,Hooper Highlights,596,2512,91,3.0
22500196,"Golden State Warriors vs Indiana Pacers Full Game Highlights - November 9, 2025 | NBA Season",https://www.youtube.com/watch?v=T2iLBAzwA_E,T2iLBAzwA_E,GAMETIME HIGHLIGHTS,571,510615,4331,163.0
22500196,"Golden State Warriors vs Indiana Pacers Full Game Highlights | Nov 9, 2025 | FreeDawkins",https://www.youtube.com/watch?v=1SfJaktDRF0,1SfJaktDRF0,,581,85349,3138,125.0
22500196,"Golden State Warriors vs Indiana Pacers - FULL GAME HIGHLIGHTS | November 9, 2025 NBA Season",https://www.youtube.com/watch?v=HASkliXXXmE,HASkliXXXmE,Ximo Pierto,544,7131,130,6.0
22500196,Golden State Warriors vs Indiana Pacers | Full Game Highlights | November 9 | 2025-26 NBA Season,https://www.youtube.com/watch?v=Vyi_llupxfI,Vyi_llupxfI,The CCB Network,602,9980,129,7.0
22500196,"FlightReacts To PACERS at WARRIORS | FULL GAME HIGHLIGHTS | November 9, 2025!",https://www.youtube.com/watch?v=GqdV5Pn5W1M,GqdV5Pn5W1M,NotYourAverageFlight,826,145218,5826,435.0
22500226,"Phoenix Suns vs Indiana Pacers Full Game Highlights - November 13, 2025 | NBA Season",https://www.youtube.com/watch?v=VYvAb0hS6Ek,VYvAb0hS6Ek,GAMETIME HIGHLIGHTS,559,108272,1047,150.0
22500226,"Phoenix Suns vs Indiana Pacers - FULL GAME HIGHLIGHTS | November 13, 2025 NBA Season",https://www.youtube.com/watch?v=swtmHmSXBZY,swtmHmSXBZY,Ximo Pierto,564,2038,58,3.0
22500226,Phoenix Suns vs Indiana Pacers Full Game Highlights | Nov 13 | 2026 NBA Season,https://www.youtube.com/watch?v=Cih4JBI_W18,Cih4JBI_W18,Hooper Highlights,592,1835,71,1.0
22500226,Phoenix Suns vs Indiana Pacers | Full Game Highlights | November 13 | 2025-26 NBA Season,https://www.youtube.com/watch?v=XA0qRsa2iVo,XA0qRsa2iVo,The CCB Network,593,3219,64,1.0
22500226,Indiana Pacers vs Phoenix Suns Full Game Highlights 1st Qtr | Nov 13 | 2025 NBA Highlights,https://www.youtube.com/watch?v=gsAydLYQ6aE,gsAydLYQ6aE,Lakers Dynasty Highlights,526,9320,32,
22500226,Indiana Pacers vs Phoenix Suns Full Game Highlights 2nd Qtr | Nov 13 | 2025 NBA Highlights,https://www.youtube.com/watch?v=biaEp5S6bMk,biaEp5S6bMk,Lakers Dynasty Highlights,489,3378,21,1.0
22500226,Indiana Pacers vs Phoenix Suns Full Game Highlights 4th Qtr | Nov 13 | 2025 NBA Highlights,https://www.youtube.com/watch?v=ff9cZXHP7l8,ff9cZXHP7l8,Lakers Dynasty Highlights,480,3085,22,
22500226,Indiana Pacers vs Phoenix Suns Full Game Highlights 3rd Qtr | Nov 13 | 2025 NBA Highlights,https://www.youtube.com/watch?v=st6LSjwmifI,st6LSjwmifI,Lakers Dynasty Highlights,516,5685,30,
22500226,Indiana Pacers vs Phoenix Suns Full Game Highlights 1st Qtr P2 | Nov 13 | 2025 NBA Highlights,https://www.youtube.com/watch?v=ADVEMQBJEjg,ADVEMQBJEjg,Lakers Dynasty Highlights,285,1727,11,1.0
22500034,"Dallas Mavericks vs Memphis Grizzlies Full Game Highlights - November 7, 2025 | NBA Season",https://www.youtube.com/watch?v=WJ7tttJP_yE,WJ7tttJP_yE,GAMETIME HIGHLIGHTS,580,230676,1755,391.0
22500034,"Dallas Mavericks vs Memphis Grizzlies - FULL GAME HIGHLIGHTS | November 7, 2025 NBA Cup",https://www.youtube.com/watch?v=3w0tunqsqmE,3w0tunqsqmE,Ximo Pierto,567,28741,215,61.0
22500034,Dallas Mavericks vs Memphis Grizzlies Full Game Highlights | Nov 7 | 2026 NBA Season,https://www.youtube.com/watch?v=mBY92qe9sZA,mBY92qe9sZA,Hooper Highlights,597,2676,106,3.0
22500188,"San Antonio Spurs vs New Orleans Pelicans Full Game Highlights - November 8, 2025 | NBA Season",https://www.youtube.com/watch?v=TK9TWS1zSFM,TK9TWS1zSFM,GAMETIME HIGHLIGHTS,578,335228,2931,305.0
22500188,"San Antonio Spurs vs New Orleans Pelicans - FULL GAME HIGHLIGHTS | November 8, 2025 NBA Season",https://www.youtube.com/watch?v=Evz5jUXN-G0,Evz5jUXN-G0,Ximo Pierto,582,70327,607,62.0
22500188,"San Antonio Spurs vs New Orleans Pelicans Full Game Highlights | Nov 8, 2025 | FreeDawkins",https://www.youtube.com/watch?v=RFIFoBOdtcY,RFIFoBOdtcY,FreeDawkins,600,21734,1018,27.0
22500188,New Orleans Pelicans vs San Antonio Spurs | Full Game Highlights | November 8 | 2025-26 NBA Season,https://www.youtube.com/watch?v=CJreu-63oro,CJreu-63oro,The CCB Network,587,4479,83,
22500188,San Antonio Spurs vs New Orleans Pelicans Full Game Highlights | Nov 8 | 2026 NBA Season,https://www.youtube.com/watch?v=Byxs3DcR024,Byxs3DcR024,Hooper Highlights,598,3562,123,3.0
22500185,"Los Angeles Lakers vs Atlanta Hawks Full Game Highlights - November 8, 2025 | NBA Season",https://www.youtube.com/watch?v=IJb3LCuKnic,IJb3LCuKnic,GAMETIME HIGHLIGHTS,575,537741,3705,524.0
22500185,"Los Angeles Lakers vs Atlanta Hawks Full Game Highlights | Nov 8, 2025 | FreeDawkins",https://www.youtube.com/watch?v=4skHh4s6Rj0,4skHh4s6Rj0,FreeDawkins,576,44636,1399,89.0
22500185,"Los Angeles Lakers vs Atlanta Hawks - FULL GAME HIGHLIGHTS | November 8, 2025 NBA Season",https://www.youtube.com/watch?v=fUxORR0hKUc,fUxORR0hKUc,Ximo Pierto,563,59727,472,55.0
22500185,Los Angeles Lakers vs Atlanta Hawks | Full Game Highlights | November 8 | 2025-26 NBA Season,https://www.youtube.com/watch?v=xkBrwwlzcNc,xkBrwwlzcNc,The CCB Network,613,9010,120,7.0
22500194,"Oklahoma City Thunder vs Memphis Grizzlies Full Game Highlights - November 9, 2025 | NBA Season",https://www.youtube.com/watch?v=OCFg6M6NMRs,OCFg6M6NMRs,GAMETIME HIGHLIGHTS,574,174838,1558,116.0
22500194,"Oklahoma City Thunder vs Memphis Grizzlies - FULL GAME HIGHLIGHTS | November 9, 2025 NBA Season",https://www.youtube.com/watch?v=_P1GPbEAM6M,_P1GPbEAM6M,Ximo Pierto,551,4917,118,4.0
22500194,Oklahoma City Thunder vs Memphis Grizzlies | Full Game Highlights | November 9 | 2025-26 NBA Season,https://www.youtube.com/watch?v=Lvl5EptI6Sg,Lvl5EptI6Sg,The CCB Network,606,2939,70,5.0
22500194,Oklahoma City Thunder vs Memphis Grizzlies Full Game Highlights | Nov 9 | 2026 NBA Season,https://www.youtube.com/watch?v=d7HTbx_IpBg,d7HTbx_IpBg,Hooper Highlights,598,2869,101,2.0
22500194,"Oklahoma City Thunder Vs Memphis Grizzlies Game 4TH Highlights - NOV 09,2025 | NBA SEASON",https://www.youtube.com/watch?v=AqpJyobMRcY,AqpJyobMRcY,Bé Huyền Vlogs,655,2565,9,1.0
22500198,"Los Angeles Lakers vs Charlotte Hornets Full Game Highlights - November 10, 2025 | NBA Season",https://www.youtube.com/watch?v=6Mw307e8BmE,6Mw307e8BmE,GAMETIME HIGHLIGHTS,582,700758,6473,323.0
22500198,"Los Angeles Lakers vs Charlotte Hornets Full Game Highlights | Nov 10, 2025 | FreeDawkins",https://www.youtube.com/watch?v=Z3kJaBvKFGE,Z3kJaBvKFGE,,586,71595,2512,78.0
22500198,"Los Angeles Lakers vs Charlotte Hornets - FULL GAME HIGHLIGHTS | November 10, 2025 NBA Season",https://www.youtube.com/watch?v=4NlsgNSQfwc,4NlsgNSQfwc,Ximo Pierto,575,7968,195,8.0
22500198,Los Angeles Lakers vs Charlotte Hornets | Full Game Highlights | November 10 | 2025-26 NBA Season,https://www.youtube.com/watch?v=Y8iJFrtyZtE,Y8iJFrtyZtE,The CCB Network,618,10932,145,3.0
22500198,Los Angeles Lakers vs Charlotte Hornets Full 4th Qtr P2 Highlights | Nov 10 | 2025 NBA Highlights,https://www.youtube.com/watch?v=ebGvipPBK2Y,ebGvipPBK2Y,Lakers Dynasty Highlights,496,93101,493,17.0
22500198,Los Angeles Lakers vs Charlotte Hornets Full 1st Qtr P2 Highlights | Nov 10 | 2025 NBA Highlights,https://www.youtube.com/watch?v=fwyXYz762VY,fwyXYz762VY,Lakers Dynasty Highlights,351,15196,89,1.0
22500198,"Lakers vs Hornets | Lakers Highlights | November 10th, 2025",https://www.youtube.com/watch?v=F9oQm5PpyB0,F9oQm5PpyB0,Lakers GametimeTV,534,69586,1300,83.0
22500181,"Golden State Warriors vs Sacramento Kings Full Game Highlights - November 5, 2025 | NBA Season",https://www.youtube.com/watch?v=6F5uXH5G33k,6F5uXH5G33k,GAMETIME HIGHLIGHTS,582,374420,3740,294.0
22500181,Golden State Warriors vs Sacramento Kings | Full Game Highlights | Nov 5 | 2025-26 NBA Season,https://www.youtube.com/watch?v=fTcVxCNd4ps,fTcVxCNd4ps,The CCB Network,624,2092,48,3.0
22500186,"Cleveland Cavaliers vs Chicago Bulls Full Game Highlights - November 8, 2025 | NBA Season",https://www.youtube.com/watch?v=fXnat16dCzo,fXnat16dCzo,GAMETIME HIGHLIGHTS,578,61773,759,42.0
22500186,"Chicago Bulls vs Cleveland Cavaliers - FULL GAME HIGHLIGHTS | November 8, 2025 NBA Season",https://www.youtube.com/watch?v=lXCmhzHyuQA,lXCmhzHyuQA,Ximo Pierto,563,35964,318,57.0
22500186,Cleveland Cavaliers vs Chicago Bulls Full Game Highlights | Nov 8 | 2026 NBA Season,https://www.youtube.com/watch?v=d3_WGenk29w,d3_WGenk29w,Hooper Highlights,596,2569,108,
22500186,Cleveland Cavaliers vs Chicago Bulls 2nd Qtr Nov 08. 2025 Highlights | NBA highlight,https://www.youtube.com/watch?v=Cj0Cdvqizcg,Cj0Cdvqizcg,Mây Trắng Review,722,1199,4,1.0
22500210,"Golden State Warriors vs Oklahoma City Thunder Full Game Highlights - November 11, 2025 | NBA Season",https://www.youtube.com/watch?v=a0VWCE-wH8M,a0VWCE-wH8M,GAMETIME HIGHLIGHTS,563,494737,4216,430.0
22500210,"Golden State Warriors vs Oklahoma City Thunder Full Game Highlights | Nov 11, 2025 | FreeDawkins",https://www.youtube.com/watch?v=Mt8bEKgP6OQ,Mt8bEKgP6OQ,FreeDawkins,573,75875,1955,187.0
22500210,"Golden State Warriors vs Oklahoma City Thunder - FULL GAME HIGHLIGHTS | November 11, 2025 NBA Season",https://www.youtube.com/watch?v=xmzmQRQuKh8,xmzmQRQuKh8,Ximo Pierto,568,8956,170,12.0
22500210,Golden State Warriors vs Oklahoma City Thunder | Full Game Highlights | Nov 11 | 2025-26 NBA Season,https://www.youtube.com/watch?v=gXjLvncJZJ0,gXjLvncJZJ0,The CCB Network,593,8453,147,4.0
22500210,Golden State Warriors vs Thunder Full 1st Qtr P2 Highlights | Nov 11 | 2025 NBA Highlights,https://www.youtube.com/watch?v=QufwT6RAgqs,QufwT6RAgqs,Lakers Dynasty Highlights,408,22447,81,5.0
22500210,Golden State Warriors vs Thunder Full 3rd Qtr P2 Highlights | Nov 11 | 2025 NBA Highlights,https://www.youtube.com/watch?v=tejieytj-Dw,tejieytj-Dw,Lakers Dynasty Highlights,478,13563,58,8.0
22500210,Golden State Warriors vs Oklahoma City Thunder Full 1st Qtr Highlights| Nov 11| 2025 NBA Highlights,https://www.youtube.com/watch?v=Ur2PFX8qeeI,Ur2PFX8qeeI,Lakers Dynasty Highlights,516,104368,439,25.0
22500210,Golden State Warriors vs Thunder Full 2nd Qtr P2 Highlights | Nov 11 | 2025 NBA Highlights,https://www.youtube.com/watch?v=8dDcl6nqDC4,8dDcl6nqDC4,Lakers Dynasty Highlights,465,17157,56,6.0
22500038,"Oklahoma City Thunder vs Sacramento Kings Full Game Highlights - November 7, 2025 | NBA Season",https://www.youtube.com/watch?v=X35X-cpbTN0,X35X-cpbTN0,GAMETIME HIGHLIGHTS,573,144617,1323,143.0
22500038,"Oklahoma City Thunder vs Sacramento Kings - FULL GAME HIGHLIGHTS | November 7, 2025 NBA Cup",https://www.youtube.com/watch?v=3ocrRJOfZNo,3ocrRJOfZNo,Ximo Pierto,569,104845,835,81.0
22500038,Oklahoma City Thunder vs Sacramento Kings | Full Game Highlights | November 7 | 2025-26 NBA Season,https://www.youtube.com/watch?v=Z_8d5uExuBE,Z_8d5uExuBE,The CCB Network,622,1378,23,
22500038,Oklahoma City Thunder vs Sacramento Kings Full Game Highlights | Nov 7 | 2026 NBA Season,https://www.youtube.com/watch?v=mB3bQVx7M6A,mB3bQVx7M6A,Hooper Highlights,595,3453,107,2.0
22500203,"Milwaukee Bucks vs Dallas Mavericks Full Game Highlights - November 10, 2025 | NBA Season",https://www.youtube.com/watch?v=M6vAjdr86ZI,M6vAjdr86ZI,GAMETIME HIGHLIGHTS,578,289065,2751,313.0
22500203,"Dallas Mavericks vs Milwaukee Bucks - FULL GAME HIGHLIGHTS | November 10, 2025 NBA Season",https://www.youtube.com/watch?v=jcUVhqaBcNA,jcUVhqaBcNA,Ximo Pierto,577,5749,127,8.0
22500203,Milwaukee Bucks vs Dallas Mavericks Full Game Highlights | Nov 10 | 2026 NBA Season,https://www.youtube.com/watch?v=N_LEYwZuMAc,N_LEYwZuMAc,Hooper Highlights,598,3905,152,6.0
22500203,Milwaukee Bucks vs Dallas Mavericks Full 1st Qtr Highlights | Nov 10 | 2025 NBA Highlights,https://www.youtube.com/watch?v=wRXRR2A1VyU,wRXRR2A1VyU,Lakers Dynasty Highlights,531,6420,32,
22500203,Milwaukee Bucks vs Dallas Mavericks Full 4th Qtr P2 Highlights | Nov 10 | 2025 NBA Highlights,https://www.youtube.com/watch?v=gIxvHH18bkI,gIxvHH18bkI,Lakers Dynasty Highlights,489,18930,65,9.0
22500203,Milwaukee Bucks vs Dallas Mavericks Full 4th Qtr Highlights | Nov 10 | 2025 NBA Highlights,https://www.youtube.com/watch?v=6_I1rVp6Ta8,6_I1rVp6Ta8,Lakers Dynasty Highlights,562,15575,61,3.0
22500203,Milwaukee Bucks vs Dallas Mavericks Full 3rd Qtr P2 Highlights | Nov 10 | 2025 NBA Highlights,https://www.youtube.com/watch?v=K4ZNOLbVC6k,K4ZNOLbVC6k,Lakers Dynasty Highlights,317,2404,13,
22500172,"Utah Jazz vs Detroit Pistons Full Game Highlights - November 5, 2025 | NBA Season",https://www.youtube.com/watch?v=jlDDYyPbvMA,jlDDYyPbvMA,GAMETIME HIGHLIGHTS,555,51676,544,22.0
22500172,Utah Jazz vs Detroit Pistons | Full Game Highlights | Nov 5 | 2025-26 NBA Season,https://www.youtube.com/watch?v=QDShKYilCv4,QDShKYilCv4,The CCB Network,613,2980,61,3.0
22500029,"Cleveland Cavaliers vs Washington Wizards Full Game Highlights - November 7, 2025 | NBA Season",https://www.youtube.com/watch?v=Nv99xewfAyw,Nv99xewfAyw,GAMETIME HIGHLIGHTS,578,23057,309,10.0
22500029,"Cleveland Cavaliers vs Washington Wizards - FULL GAME HIGHLIGHTS | November 7, 2025 NBA Cup",https://www.youtube.com/watch?v=5Hr22u3Cpxw,5Hr22u3Cpxw,Ximo Pierto,577,15749,165,10.0
22500029,Cleveland Cavaliers vs Washington Wizards | Full Game Highlights | November 7 | 2025-26 NBA Season,https://www.youtube.com/watch?v=SZWOp_c60E0,SZWOp_c60E0,The CCB Network,630,1789,40,1.0
22500029,Cleveland Cavaliers vs Washington Wizards Full Game Highlights | Nov 7 | 2026 NBA Season,https://www.youtube.com/watch?v=Kq6gg4wr9zA,Kq6gg4wr9zA,Hooper Highlights,593,1305,63,
22500033,"Miami Heat vs Charlotte Hornets Full Game Highlights - November 7, 2025 | NBA Season",https://www.youtube.com/watch?v=ENYU2fIOo6I,ENYU2fIOo6I,GAMETIME HIGHLIGHTS,575,48909,577,32.0
22500033,Charlotte Hornets vs Miami Heat | Full Game Highlights | November 7 | 2025-26 NBA Season,https://www.youtube.com/watch?v=YCNoW4Zn4OI,YCNoW4Zn4OI,The CCB Network,617,2450,44,
22500033,Charlotte Hornets vs Miami Heat Full Game Highlights | Nov 7 | 2026 NBA Season,https://www.youtube.com/watch?v=CV4z1pA0NZA,CV4z1pA0NZA,Hooper Highlights,599,1820,60,1.0
22500033,"Miami's Historic Scoring 1st Quarter 👌 HEAT vs. Hornets | HEAT Highlights | November 7, 2025",https://www.youtube.com/watch?v=aG9LrPtnsZU,aG9LrPtnsZU,Miami HEAT,144,4107,106,8.0
22500028,"Boston Celtics vs Orlando Magic Full Game Highlights - November 7, 2025 | NBA Season",https://www.youtube.com/watch?v=IsN8qnnFkSs,IsN8qnnFkSs,GAMETIME HIGHLIGHTS,581,75918,800,65.0
22500028,Boston Celtics vs Orlando Magic | Full Game Highlights | November 7 | 2025-26 NBA Season,https://www.youtube.com/watch?v=lKE9yzQWpu4,lKE9yzQWpu4,The CCB Network,643,4767,89,4.0
22500028,Boston Celtics vs Orlando Magic Full Game Highlights | Nov 7 | 2026 NBA Season,https://www.youtube.com/watch?v=VCzs6uLWVPA,VCzs6uLWVPA,Hooper Highlights,558,2348,98,4.0
22500028,Orlando Magic vs Boston Celtics 1st Qtr Nov 07. 2025 Highlights | NBA hightlight,https://www.youtube.com/watch?v=jfa8qUBfTRk,jfa8qUBfTRk,Mây Trắng Review,551,2992,17,
22500180,"Oklahoma City Thunder vs Portland Trail Blazers Full Game Highlights - November 5, 2025 | NBA Season",https://www.youtube.com/watch?v=a4vNXt3OGKg,a4vNXt3OGKg,GAMETIME HIGHLIGHTS,565,221933,2421,323.0
22500180,"Oklahoma City Thunder vs Portland Trail Blazers - FULL GAME HIGHLIGHTS | November 5, 2025 NBA Season",https://www.youtube.com/watch?v=cBOntofKQF4,cBOntofKQF4,Ximo Pierto,579,58704,641,134.0
22500184,"Philadelphia 76ers vs Toronto Raptors Full Game Highlights - November 8, 2025 | NBA Season",https://www.youtube.com/watch?v=RA2Q6uaqCOA,RA2Q6uaqCOA,GAMETIME HIGHLIGHTS,576,85260,938,63.0
22500184,"Toronto Raptors vs Philadelphia 76ers - Full Team Highlights | Nov 8, 2025",https://www.youtube.com/watch?v=qQ_MbIPw-Ic,qQ_MbIPw-Ic,Raptors Nation,577,6171,70,17.0
22500184,Philadelphia 76ers vs Toronto Raptors Full Game Highlights | Nov 8 | 2026 NBA Season,https://www.youtube.com/watch?v=Dn2xvFnHG20,Dn2xvFnHG20,Hooper Highlights,597,2242,92,2.0
22500184,Philadelphia 76ers vs Toronto Raptors FULLGAME Qtr Nov 08.2025 Highlights | NBA HIGHLIGHT,https://www.youtube.com/watch?v=BTmMFGT_XCc,BTmMFGT_XCc,Mây Trắng Review,765,1528,11,
22500184,Philadelphia 76ers vs Toronto Raptors 1st Qtr Nov 08.2025 Highlights | NBA HIGHLIGHT,https://www.youtube.com/watch?v=gMVVwgpt1A8,gMVVwgpt1A8,Mây Trắng Review,520,1216,4,
22500183,"Dallas Mavericks vs Washington Wizards Full Game Highlights - November 8, 2025 | NBA Season",https://www.youtube.com/watch?v=UgArZasdgtk,UgArZasdgtk,GAMETIME HIGHLIGHTS,574,83108,741,88.0
22500183,"Dallas Mavericks vs Washington Wizards - FULL GAME HIGHLIGHTS | November 8, 2025 NBA Season",https://www.youtube.com/watch?v=4kHLbB_cuyc,4kHLbB_cuyc,Ximo Pierto,583,12472,105,13.0
22500183,Dallas Mavericks vs Washington Wizards | Full Game Highlights | November 8 | 2025-26 NBA Season,https://www.youtube.com/watch?v=hdKrTQdAi6M,hdKrTQdAi6M,The CCB Network,623,2490,53,1.0
22500183,Dallas Mavericks vs Washington Wizards Full Game Highlights | Nov 8 | 2026 NBA Season,https://www.youtube.com/watch?v=4GdjubnM4ig,4GdjubnM4ig,Hooper Highlights,592,2143,84,
22500183,Washington Wizards vs Dallas Mavericks 1st Qtr Nov 08. 2025 Highlights | NBA hightlight,https://www.youtube.com/watch?v=RaomPK4MjT4,RaomPK4MjT4,Mây Trắng Review,571,1621,8,
22500183,Naji Marshall Dropped 30 Points | Dallas Mavericks Team Highlights vs the Wizards (11/8/2025),https://www.youtube.com/watch?v=aYPmW5vlRgY,aYPmW5vlRgY,PandaHank41,585,4450,151,31.0
22500173,"Indiana Pacers vs Brooklyn Nets Full Game Highlights - November 5, 2025 | NBA Season",https://www.youtube.com/watch?v=mmQGWV2R-Ls,mmQGWV2R-Ls,GAMETIME HIGHLIGHTS,575,30061,361,27.0
22500173,Brooklyn Nets vs Indiana Pacers | Full Game Highlights | Nov 5 | 2025-26 NBA Season,https://www.youtube.com/watch?v=kZXu4jCJWwI,kZXu4jCJWwI,The CCB Network,634,1690,40,4.0
22500173,Indiana Pacers vs Brooklyn Nets Full Game Highlights | Nov 5 | 2026 NBA Season,https://www.youtube.com/watch?v=LnuQU3HJ5tQ,LnuQU3HJ5tQ,Hooper Highlights,591,1293,49,
22500209,"Boston Celtics vs Philadelphia 76ers Full Game Highlights - November 11, 2025 | NBA Season",https://www.youtube.com/watch?v=gT_kuv13FNw,gT_kuv13FNw,GAMETIME HIGHLIGHTS,576,178001,1878,101.0
22500209,"Boston Celtics vs Philadelphia 76ers - FULL GAME HIGHLIGHTS | November 11, 2025 NBA Season",https://www.youtube.com/watch?v=3V6btVdCbKw,3V6btVdCbKw,Ximo Pierto,553,3222,93,5.0
22500209,Boston Celtics vs Philadelphia 76ers | Full Game Highlights | November 11 | 2025-26 NBA Season,https://www.youtube.com/watch?v=MH3Ku8X-yzY,MH3Ku8X-yzY,The CCB Network,610,8240,155,2.0
22500209,Boston Celtics vs Philadelphia 76ers Full Game Highlights | Nov 11 | 2026 NBA Season,https://www.youtube.com/watch?v=FVcjbirXVFo,FVcjbirXVFo,Hooper Highlights,596,2602,96,7.0
22500209,Boston Celtics vs Philadelphia 76ers Full 4th Qtr P2 Highlights | Nov 11 | 2025 NBA Highlights,https://www.youtube.com/watch?v=qQB6wt0Dkdk,qQB6wt0Dkdk,Lakers Dynasty Highlights,447,34856,107,4.0
22500209,Boston Celtics vs Philadelphia 76ers Full 1st Qtr Highlights | Nov 11 | 2025 NBA Highlights,https://www.youtube.com/watch?v=xSOvBGbRmh4,xSOvBGbRmh4,Lakers Dynasty Highlights,527,9800,38,4.0
22500209,Boston Celtics vs Philadelphia 76ers Full 4th Qtr Highlights | Nov 11 | 2025 NBA Highlights,https://www.youtube.com/watch?v=n4Gdd4IFyFI,n4Gdd4IFyFI,Lakers Dynasty Highlights,509,7165,23,1.0
22500209,Boston Celtics vs Philadelphia 76ers Full 3rd Qtr P2 Highlights | Nov 11 | 2025 NBA Highlights,https://www.youtube.com/watch?v=Cl0pOhjsFws,Cl0pOhjsFws,Lakers Dynasty Highlights,442,2148,2,
22500209,Boston Celtics vs Philadelphia 76ers Full 2nd Qtr P2 Highlights | Nov 11 | 2025 NBA Highlights,https://www.youtube.com/watch?v=wTGgb-iYIAQ,wTGgb-iYIAQ,Lakers Dynasty Highlights,527,3410,12,
22500174,"Boston Celtics vs Washington Wizards Full Game Highlights - November 5, 2025 | NBA Season",https://www.youtube.com/watch?v=0YdimZZ8q7E,0YdimZZ8q7E,GAMETIME HIGHLIGHTS,568,68485,789,41.0
22500174,Washington Wizards vs Boston Celtics | Full Game Highlights | Nov 5 | 2025-26 NBA Season,https://www.youtube.com/watch?v=7ZHdgoJ-f9w,7ZHdgoJ-f9w,The CCB Network,624,3402,77,1.0
22500174,Boston Celtics vs Washington Wizards Full Game Highlights | Nov 5 | 2026 NBA Season,https://www.youtube.com/watch?v=qSt2gjq_mFY,qSt2gjq_mFY,Hooper Highlights,599,1924,68,
22500174,Boston Celtics vs Washington Wizards 1st Qtr Nov 05. 2025 Highlights | NBA highlight,https://www.youtube.com/watch?v=LaImmrIjXQY,LaImmrIjXQY,Mây Trắng Review,683,2515,11,
22500178,"Denver Nuggets vs Miami Heat Full Game Highlights - November 5, 2025 | NBA Season",https://www.youtube.com/watch?v=wf9fi3gR3bo,wf9fi3gR3bo,GAMETIME HIGHLIGHTS,531,124284,1190,94.0
22500178,"Miami Heat vs Denver Nuggets - FULL GAME HIGHLIGHTS | November 5, 2025 NBA Season",https://www.youtube.com/watch?v=k8ui3wFOAKE,k8ui3wFOAKE,Ximo Pierto,568,81724,671,48.0
22500178,Miami Heat vs Denver Nuggets | Full Game Highlights | Nov 5 | 2025-26 NBA Season,https://www.youtube.com/watch?v=I6rn87deXf4,I6rn87deXf4,The CCB Network,626,6771,112,1.0
22500030,"Toronto Raptors vs Atlanta Hawks Full Game Highlights - November 7, 2025 | NBA Season",https://www.youtube.com/watch?v=PQ3Bj7qZxgI,PQ3Bj7qZxgI,GAMETIME HIGHLIGHTS,551,26098,315,19.0
22500030,"Toronto Raptors vs Atlanta Hawks - FULL GAME HIGHLIGHTS | November 7, 2025 NBA Cup",https://www.youtube.com/watch?v=0JmxBBzm3cc,0JmxBBzm3cc,Ximo Pierto,573,8132,80,17.0
22500030,"Toronto Raptors vs Atlanta Hawks - Full Team Highlights | NBA Cup Game | Nov 7, 2025",https://www.youtube.com/watch?v=D1jRvWGqTas,D1jRvWGqTas,Raptors Nation,575,15118,192,19.0
22500030,Toronto Raptors vs Atlanta Hawks Full Game Highlights | Nov 7 | 2026 NBA Season,https://www.youtube.com/watch?v=Gw5zb2TYMxE,Gw5zb2TYMxE,Hooper Highlights,598,1286,51,1.0
22500030,Toronto Raptors vs Atlanta Hawks | Full Game Highlights | November 7 | 2025-26 NBA Season,https://www.youtube.com/watch?v=DNSZ69iQ6JM,DNSZ69iQ6JM,The CCB Network,634,1899,52,2.0
22500030,"Toronto Raptors vs Atlanta Hawks - First Half Highlights | NBA Cup Game | Nov 7, 2025",https://www.youtube.com/watch?v=eRwLWMZw3tY,eRwLWMZw3tY,Raptors Nation,175,2502,20,9.0
22500035,"Milwaukee Bucks vs Chicago Bulls Full Game Highlights - November 7, 2025 | NBA Season",https://www.youtube.com/watch?v=1IvPfP4ZKEo,1IvPfP4ZKEo,GAMETIME HIGHLIGHTS,581,160724,1610,85.0
22500035,"Chicago Bulls vs Milwaukee Bucks - FULL GAME HIGHLIGHTS | November 7, 2025 NBA Cup",https://www.youtube.com/watch?v=5qbjLrqCggw,5qbjLrqCggw,Ximo Pierto,576,81802,629,64.0
22500035,Chicago Bulls vs Milwaukee Bucks | Full Game Highlights | November 7 | 2025-26 NBA Season,https://www.youtube.com/watch?v=zjFSFNscWvw,zjFSFNscWvw,The CCB Network,623,8148,151,6.0
22500035,Chicago Bulls vs Milwaukee Bucks Full Game Highlights | Nov 7 | 2026 NBA Season,https://www.youtube.com/watch?v=kbHvvg-qABY,kbHvvg-qABY,Hooper Highlights,599,2998,135,7.0
22500035,Chicago Bulls at Milwaukee Bucks (11/07/25) | Game Highlights | CHSN Bulls,https://www.youtube.com/watch?v=s-7Mrz1dVT4,s-7Mrz1dVT4,Chicago Sports Network,119,3486,18,3.0
22500168,"New Orleans Pelicans vs Charlotte Hornets Full Game Highlights - November 4, 2025 | NBA Season",https://www.youtube.com/watch?v=qq_Q3y1qrFw,qq_Q3y1qrFw,GAMETIME HIGHLIGHTS,567,44963,530,31.0
22500168,Charlotte Hornets vs New Orleans Pelicans | Full Game Highlights | Nov 4 | 2025-26 NBA Season,https://www.youtube.com/watch?v=ax-RP6t2H-Q,ax-RP6t2H-Q,The CCB Network,601,3127,71,3.0
22500168,Charlotte Hornets vs New Orleans Pelicans Full Game Highlights | Nov 4 | 2026 NBA Season,https://www.youtube.com/watch?v=MBUzk9wz4xU,MBUzk9wz4xU,Hooper Highlights,596,1387,62,2.0
22500177,"Dallas Mavericks vs New Orleans Pelicans Full Game Highlights - November 5, 2025 | NBA Season",https://www.youtube.com/watch?v=tpHCJxWMS_I,tpHCJxWMS_I,GAMETIME HIGHLIGHTS,533,167112,1384,269.0
22500177,New Orleans Pelicans vs Dallas Mavericks | Full Game Highlights | Nov 5 | 2025-26 NBA Season,https://www.youtube.com/watch?v=vKHiMX9PL64,vKHiMX9PL64,The CCB Network,624,5958,105,7.0
22500177,Dallas Mavericks vs New Orleans Pelicans Full Game Highlights | Nov 5 | 2026 NBA Season,https://www.youtube.com/watch?v=411FG_9AaDA,411FG_9AaDA,Hooper Highlights,592,3072,115,4.0
22500170,"Oklahoma City Thunder vs Los Angeles Clippers Full Game Highlights - November 4, 2025 | NBA Season",https://www.youtube.com/watch?v=N7OSycgh0Hk,N7OSycgh0Hk,GAMETIME HIGHLIGHTS,561,268847,2528,273.0
22500170,"Oklahoma City Thunder vs Los Angeles Clippers - FULL GAME HIGHLIGHTS | November 4, 2025 NBA Season",https://www.youtube.com/watch?v=yiarKi3A5_0,yiarKi3A5_0,Ximo Pierto,576,50030,510,30.0
22500170,"OKC Thunder vs Los Angeles Clippers Full Game Highlights | Nov 4, 2025 | FreeDawkins",https://www.youtube.com/watch?v=I8xTPtUgC40,I8xTPtUgC40,FreeDawkins,578,27587,1103,50.0
22500162,"Denver Nuggets vs Sacramento Kings Full Game Highlights - November 3, 2025 | NBA Season",https://www.youtube.com/watch?v=WewqMd8SGdA,WewqMd8SGdA,GAMETIME HIGHLIGHTS,578,208122,1968,159.0
22500162,Sacramento Kings vs Denver Nuggets | Full Game Highlights | Nov 3 | 2025-26 NBA Season,https://www.youtube.com/watch?v=uRHFLl50vs0,uRHFLl50vs0,The CCB Network,619,9204,128,3.0
22500162,Sacramento Kings vs Denver Nuggets Full Game Highlights | Nov 3 | 2026 NBA Season ,https://www.youtube.com/watch?v=8GvR-7U73qk,8GvR-7U73qk,Hooper Highlights,596,3869,137,5.0
22500166,"Atlanta Hawks vs Orlando Magic Full Game Highlights - November 4, 2025 | NBA Season",https://www.youtube.com/watch?v=nPtGKV__uio,nPtGKV__uio,GAMETIME HIGHLIGHTS,566,81484,703,44.0
22500166,Orlando Magic vs Atlanta Hawks | Full Game Highlights | Nov 4 | 2025-26 NBA Season,https://www.youtube.com/watch?v=RSsIsq_6Nrs,RSsIsq_6Nrs,The CCB Network,638,2820,61,3.0
22500166,Orlando Magic vs Atlanta Hawks Full Game Highlights | Nov 4 | 2026 NBA Season,https://www.youtube.com/watch?v=Mqykz9kEdcg,Mqykz9kEdcg,Hooper Highlights,593,1554,71,1.0
22500175,"New York Knicks vs Minnesota Timberwolves - FULL GAME HIGHLIGHTS | November 5, 2025 NBA Season",https://www.youtube.com/watch?v=6WcOztOSK0k,6WcOztOSK0k,Ximo Pierto,567,59572,622,23.0
22500175,"New York Knicks vs Minnesota Timberwolves Full Game Highlights | Nov 5, 2025 | FreeDawkins",https://www.youtube.com/watch?v=-Hz12VZN1Zc,-Hz12VZN1Zc,FreeDawkins,603,13657,709,12.0
22500175,Minnesota Timberwolves vs New York Knicks | Full Game Highlights | Nov 5 | 2025-26 NBA Season,https://www.youtube.com/watch?v=-X0bjJ9wuwA,-X0bjJ9wuwA,The CCB Network,632,33051,320,14.0
22500175,New York Knicks vs Minnesota Timberwolves Full Game Highlights | Nov 5 | 2026 NBA Season,https://www.youtube.com/watch?v=aEgBh6eGeOA,aEgBh6eGeOA,Hooper Highlights,593,3071,112,1.0
22500179,"Los Angeles Lakers vs San Antonio Spurs Full Game Highlights - November 5, 2025 | NBA Season",https://www.youtube.com/watch?v=K8EXW5h-g-A,K8EXW5h-g-A,GAMETIME HIGHLIGHTS,578,1055537,9976,833.0
22500179,"Los Angeles Lakers vs San Antonio Spurs - FULL GAME HIGHLIGHTS | November 5, 2025 NBA Season",https://www.youtube.com/watch?v=How51vlzEjI,How51vlzEjI,Ximo Pierto,575,330134,2426,172.0
22500179,"Los Angeles Lakers vs San Antonio Spurs Full Game Highlights | Nov 5, 2025 | FreeDawkins",https://www.youtube.com/watch?v=VIIKcMhutZc,VIIKcMhutZc,,648,100529,3755,235.0
22500179,"Lakers vs Spurs | Lakers Highlights | November 5, 2025",https://www.youtube.com/watch?v=Fd3qgZgSW8g,Fd3qgZgSW8g,LakeShow Highlights,600,194180,5196,608.0
22500179,"Lakers vs Spurs | Lakers Highlights | November 5th, 2025",https://www.youtube.com/watch?v=LhfA6R_uZWM,LhfA6R_uZWM,Lakers GametimeTV,563,12896,275,23.0
22500182,"Los Angeles Clippers vs Phoenix Suns Full Game Highlights - November 6, 2025 | NBA Season",https://www.youtube.com/watch?v=TdWXcCRJOHI,TdWXcCRJOHI,GAMETIME HIGHLIGHTS,579,255914,2307,131.0
22500182,"Los Angeles Clippers vs Phoenix Suns - FULL GAME HIGHLIGHTS | November 6, 2025 NBA Season",https://www.youtube.com/watch?v=yeElfHaPoyE,yeElfHaPoyE,Ximo Pierto,555,34477,360,20.0
22500182,Los Angeles Clippers vs Phoenix Suns | Full Game Highlights | November 6 | 2025-26 NBA Season,https://www.youtube.com/watch?v=XocS2VOxzFU,XocS2VOxzFU,The CCB Network,626,4288,90,1.0
22500182,LA Clippers vs Phoenix Suns Full Game Highlights | Nov 6 | 2026 NBA Season,https://www.youtube.com/watch?v=XfcL4dly9aw,XfcL4dly9aw,Hooper Highlights,596,3661,133,5.0
22500182,Phoenix Suns vs Los Angeles Clippers FULLGAME Qtr Nov 06.2025 Highlights | NBA HIGHLIGHT,https://www.youtube.com/watch?v=ooAkmvoy2As,ooAkmvoy2As,Mây Trắng Review,797,1438,6,
22500032,"Houston Rockets vs San Antonio Spurs Full Game Highlights - November 7, 2025 | NBA Season",https://www.youtube.com/watch?v=bsSC1CZDTqo,bsSC1CZDTqo,GAMETIME HIGHLIGHTS,579,589325,5238,367.0
22500032,"San Antonio Spurs vs Houston Rockets Full Game Highlights | Nov 7, 2025 | FreeDawkins",https://www.youtube.com/watch?v=HWOQqXdRSPc,HWOQqXdRSPc,,600,57822,1912,107.0
22500032,Houston Rockets vs San Antonio Spurs Full Game Highlights | Nov 7 | 2026 NBA Season,https://www.youtube.com/watch?v=NbKC5qn5AHg,NbKC5qn5AHg,Hooper Highlights,596,4592,174,6.0
22500032,"Houston Rockets vs San Antonio Spurs - FULL GAME HIGHLIGHTS | November 7, 2025 NBA Cup",https://www.youtube.com/watch?v=151Adw2GSzE,151Adw2GSzE,Ximo Pierto,569,129189,1005,66.0
22500032,Houston Rockets vs San Antonio Spurs | Full Game Highlights | November 7 | 2025-26 NBA Season,https://www.youtube.com/watch?v=6frRQeHM2S8,6frRQeHM2S8,The CCB Network,613,4422,95,6.0
22500032,"FlightReacts To ROCKETS at SPURS | FULL GAME HIGHLIGHTS | November 7, 2025!",https://www.youtube.com/watch?v=gKmK-lYkwAE,gKmK-lYkwAE,NotYourAverageFlight,804,140250,5056,160.0
22500157,"Milwaukee Bucks vs Indiana Pacers Full Game Highlights - November 3, 2025 | NBA Season",https://www.youtube.com/watch?v=MFFneYpFyec,MFFneYpFyec,GAMETIME HIGHLIGHTS,562,161258,2151,179.0
22500157,Milwaukee Bucks vs Indiana Pacers | Full Game Highlights | Nov 3 | 2025-26 NBA Season,https://www.youtube.com/watch?v=mgSLXAgy2mA,mgSLXAgy2mA,The CCB Network,645,3350,80,9.0
22500157,Milwaukee Bucks vs Indiana Pacers Full Game Highlights | Nov 3 | 2026 NBA Season,https://www.youtube.com/watch?v=WWWJSHkdia4,WWWJSHkdia4,Hooper Highlights,595,3095,140,6.0
22500176,"Houston Rockets vs Memphis Grizzlies Full Game Highlights - November 5, 2025 | NBA Season",https://www.youtube.com/watch?v=9zBnnobYXK8,9zBnnobYXK8,GAMETIME HIGHLIGHTS,578,250929,1980,172.0
22500176,"Houston Rockets vs Memphis Grizzlies Full Game Highlights | Nov 5, 2025 | FreeDawkins",https://www.youtube.com/watch?v=zxHr5fQlBZI,zxHr5fQlBZI,FreeDawkins,594,19159,820,22.0
22500176,Houston Rockets vs Memphis Grizzlies | Full Game Highlights | Nov 5 | 2025-26 NBA Season,https://www.youtube.com/watch?v=Okie-vmVhZo,Okie-vmVhZo,The CCB Network,629,4986,110,8.0
22500176,"Houston Rockets vs Memphis Grizzlies - FULL GAME HIGHLIGHTS | November 5, 2025 NBA Season",https://www.youtube.com/watch?v=lpZHK9biDR8,lpZHK9biDR8,Ximo Pierto,556,97432,751,47.0
22500176,Houston Rockets vs Memphis Grizzlies Full Game Highlights | Nov 5 | 2026 NBA Season,https://www.youtube.com/watch?v=BSYih0sxEyc,BSYih0sxEyc,Hooper Highlights,592,3238,116,2.0
22500161,"Memphis Grizzlies vs Detroit Pistons Full Game Highlights - November 3, 2025 | NBA Season",https://www.youtube.com/watch?v=pztT1h1gzQc,pztT1h1gzQc,GAMETIME HIGHLIGHTS,563,73836,807,61.0
22500161,Detroit Pistons vs Memphis Grizzlies | Full Game Highlights | Nov 3 | 2025-26 NBA Season,https://www.youtube.com/watch?v=_Oq5eNVlp4g,_Oq5eNVlp4g,The CCB Network,587,3772,61,2.0
22500161,Memphis Grizzlies vs Detroit Pistons Full Game Highlights | Nov 3 | 2026 NBA Season,https://www.youtube.com/watch?v=NKl_0a_S3oI,NKl_0a_S3oI,Hooper Highlights,599,2275,89,2.0
22500164,"Los Angeles Clippers vs Miami Heat Full Game Highlights - November 3, 2025 | NBA Season",https://www.youtube.com/watch?v=iJh-Zonq660,iJh-Zonq660,GAMETIME HIGHLIGHTS,579,158057,1462,164.0
22500164,"Los Angeles Clippers vs Miami Heat - FULL GAME HIGHLIGHTS | November 3, 2025 NBA Season",https://www.youtube.com/watch?v=wjpVHf6uw80,wjpVHf6uw80,Ximo Pierto,565,56928,471,39.0
22500164,LA Clippers vs Miami Heat Full Game Highlights | Nov 3 | 2026 NBA Season,https://www.youtube.com/watch?v=ZcPgrew8BsE,ZcPgrew8BsE,Hooper Highlights,591,3350,127,3.0
22500169,"Golden State Warriors vs Phoenix Suns Full Game Highlights - November 4, 2025 | NBA Season",https://www.youtube.com/watch?v=2WGTvsGPRxc,2WGTvsGPRxc,GAMETIME HIGHLIGHTS,557,491816,5340,171.0
22500169,"Golden State Warriors vs Phoenix Suns Full Game Highlights | Nov 4, 2025 | FreeDawkins",https://www.youtube.com/watch?v=WFaEMKIMBFU,WFaEMKIMBFU,,578,90898,3691,77.0
22500169,"Golden State Warriors vs Phoenix Suns - FULL GAME HIGHLIGHTS | November 4, 2025 NBA Season",https://www.youtube.com/watch?v=smQiOvGvRjM,smQiOvGvRjM,Ximo Pierto,576,146456,1237,27.0
22500169,Phoenix Suns vs Golden State Warriors | Full Game Highlights | Nov 4 | 2025-26 NBA Season,https://www.youtube.com/watch?v=EQRWQ8K6fiw,EQRWQ8K6fiw,The CCB Network,636,7775,166,2.0
22500156,"Minnesota Timberwolves vs Brooklyn Nets Full Game Highlights - November 3, 2025 | NBA Season",https://www.youtube.com/watch?v=67ZcvJQgljk,67ZcvJQgljk,GAMETIME HIGHLIGHTS,574,42522,466,21.0
22500156,Minnesota Timberwolves vs Brooklyn Nets | Full Game Highlights | Nov 3 | 2025-26 NBA Season,https://www.youtube.com/watch?v=mI_YjJjSeYQ,mI_YjJjSeYQ,The CCB Network,638,3859,56,1.0
22500156,Minnesota Timberwolves vs Brooklyn Nets Full Game Highlights | Nov 3 | 2026 NBA Season,https://www.youtube.com/watch?v=11dGhtaXkaY,11dGhtaXkaY,Hooper Highlights,598,1658,80,
22500171,"Philadelphia 76ers vs Cleveland Cavaliers - FULL GAME HIGHLIGHTS | November 5, 2025 NBA Season",https://www.youtube.com/watch?v=ztgaw1MRUKs,ztgaw1MRUKs,Ximo Pierto,564,42195,374,44.0
22500171,Cleveland Cavaliers vs Philadelphia 76ers Full Game Highlights | Nov 5 | 2026 NBA Season,https://www.youtube.com/watch?v=-Uk7DEtL678,-Uk7DEtL678,Hooper Highlights,596,2862,106,2.0
22500171,Philadelphia 76ers vs Cleveland Cavaliers | Full Game Highlights | Nov 5 | 2025-26 NBA Season,https://www.youtube.com/watch?v=toGsFKpi_Y0,toGsFKpi_Y0,The CCB Network,644,4762,107,4.0
22500171,"Cleveland Cavaliers vs Philadelphia 76ers Full Game Highlights - November 5, 2025 | NBA Season",https://www.youtube.com/watch?v=9bzLWf_uQbs,9bzLWf_uQbs,GAMETIME HIGHLIGHTS,550,98617,1044,37.0
22500171,Cleveland Cavaliers vs Philadelphia 76ers 1st Qtr Nov 05. 2025 Highlights | NBA hightlight,https://www.youtube.com/watch?v=mM26l916GqM,mM26l916GqM,Mây Trắng Review,562,2824,13,
22500171,Cleveland Cavaliers vs Philadelphia 76ers 2nd Qtr Nov 05.2025 Highlights | NBA hightlight,https://www.youtube.com/watch?v=CNnlNc4EBrQ,CNnlNc4EBrQ,Mây Trắng Review,585,2372,9,
22500151,"Cleveland Cavaliers vs Atlanta Hawks Full Game Highlights - November 2, 2025 | NBA Season",https://www.youtube.com/watch?v=jIWtvvrrhTA,jIWtvvrrhTA,GAMETIME HIGHLIGHTS,541,57881,660,23.0
22500151,"Atlanta Hawks vs Cleveland Cavaliers - FULL GAME HIGHLIGHTS | November 2, 2025 NBA Season",https://www.youtube.com/watch?v=FvpY90jdb2c,FvpY90jdb2c,Ximo Pierto,569,49723,492,38.0
22500159,"New York Knicks vs Washington Wizards - FULL GAME HIGHLIGHTS | November 3, 2025 NBA Season",https://www.youtube.com/watch?v=zOM96UJxtDU,zOM96UJxtDU,Ximo Pierto,566,30163,281,14.0
22500159,"New York Knicks vs Washington Wizards Full Game Highlights - November 3, 2025 | NBA Season",https://www.youtube.com/watch?v=mUpxKDh7aKY,mUpxKDh7aKY,GAMETIME HIGHLIGHTS,568,43976,545,18.0
22500159,Washington Wizards vs New York Knicks | Full Game Highlights | Nov 3 | 2025-26 NBA Season,https://www.youtube.com/watch?v=9X6oubACp6w,9X6oubACp6w,The CCB Network,624,2393,62,
22500165,"Milwaukee Bucks vs Toronto Raptors Full Game Highlights - November 4, 2025 | NBA Season",https://www.youtube.com/watch?v=saK0ivOgwzU,saK0ivOgwzU,GAMETIME HIGHLIGHTS,582,99351,1010,45.0
22500165,Milwaukee Bucks vs Toronto Raptors | Full Game Highlights | Nov 4 | 2025-26 NBA Season,https://www.youtube.com/watch?v=NxzJj7TVjqY,NxzJj7TVjqY,The CCB Network,631,6632,121,5.0
22500165,"4K | Milwaukee Bucks vs Toronto Raptors - FULL GAME HIGHLIGHTS | November 4, 2025 NBA Season",https://www.youtube.com/watch?v=FESp3xvN76M,FESp3xvN76M,Ximo Pierto,562,35861,294,20.0
22500165,"Toronto Raptors vs Milwaukee Bucks - Full Team Highlights | Nov 4, 2025",https://www.youtube.com/watch?v=vjyeGeoqI5g,vjyeGeoqI5g,Raptors Nation,581,9065,183,16.0
22500148,"Oklahoma City Thunder vs New Orleans Pelicans Full Game Highlights - November 2, 2025 | NBA Season",https://www.youtube.com/watch?v=LHxdM9T2BN4,LHxdM9T2BN4,GAMETIME HIGHLIGHTS,568,161949,1451,140.0
22500148,"New Orleans Pelicans vs Oklahoma City Thunder - FULL GAME HIGHLIGHTS | November 2, 2025 NBA Season",https://www.youtube.com/watch?v=U-PPdtI8WkE,U-PPdtI8WkE,Ximo Pierto,561,28014,238,22.0
22500148,New Orleans Pelicans vs Oklahoma City Thunder | Full Game Highlights | Nov 2 | 2025-26 NBA Season,https://www.youtube.com/watch?v=MWUqrTEnzJk,MWUqrTEnzJk,The CCB Network,646,5341,110,2.0
22500163,"Los Angeles Lakers vs Portland Trail Blazers Full Game Highlights - November 3, 2025 | NBA Season",https://www.youtube.com/watch?v=ZdOv5cQzjak,ZdOv5cQzjak,GAMETIME HIGHLIGHTS,554,629892,6325,739.0
22500163,"Los Angeles Lakers vs Portland Trail Blazers Full Game Highlights | Nov 3, 2025 | FreeDawkins",https://www.youtube.com/watch?v=_BTHyp72UPs,_BTHyp72UPs,,579,65913,2573,166.0
22500163,"Los Angeles Lakers vs Portland Trail Blazers - FULL GAME HIGHLIGHTS | November 3, 2025 NBA Season",https://www.youtube.com/watch?v=eumprr5L0SI,eumprr5L0SI,Ximo Pierto,565,85114,775,82.0
22500163,"Lakers vs Trail Blazers | Lakers Highlights | November 3, 2025",https://www.youtube.com/watch?v=4FAosZHsw30,4FAosZHsw30,LakeShow Highlights,599,224599,5473,583.0
22500153,"New York Knicks vs Chicago Bulls Full Game Highlights - November 2, 2025 | NBA Season",https://www.youtube.com/watch?v=seoC5TpTSPA,seoC5TpTSPA,GAMETIME HIGHLIGHTS,581,149093,1328,109.0
22500153,"Chicago Bulls vs New York Knicks - FULL GAME HIGHLIGHTS | November 2, 2025 NBA Season",https://www.youtube.com/watch?v=VM9Ru1JffP0,VM9Ru1JffP0,Ximo Pierto,575,32485,300,10.0
22500153,Chicago Bulls vs New York Knicks | Full Game Highlights | Nov 2 | 2025-26 NBA Season,https://www.youtube.com/watch?v=TsUXVxXF_po,TsUXVxXF_po,The CCB Network,590,3297,64,3.0
22500153,Chicago Bulls vs New York Knicks Full Game Highlights | Nov 2 | 2026 NBA Season,https://www.youtube.com/watch?v=rIg_-puXKRU,rIg_-puXKRU,Hooper Highlights,588,3198,143,
22500167,"Philadelphia 76ers vs Chicago Bulls - FULL GAME HIGHLIGHTS | November 4, 2025 NBA Season",https://www.youtube.com/watch?v=BLlrTZY5C0k,BLlrTZY5C0k,Ximo Pierto,572,77924,870,110.0
22500167,"Philadelphia 76ers vs Chicago Bulls Full Game Highlights - November 4, 2025 | NBA Season",https://www.youtube.com/watch?v=jFdJ_Ko_z0M,jFdJ_Ko_z0M,GAMETIME HIGHLIGHTS,572,185043,2470,217.0
22500167,Philadelphia 76ers vs Chicago Bulls | Full Game Highlights | Nov 4 | 2025-26 NBA Season,https://www.youtube.com/watch?v=IwaR1SJh-LM,IwaR1SJh-LM,The CCB Network,629,5220,158,11.0
22500167,Philadelphia 76ers vs Chicago Bulls Full Game Highlights | Nov 4 | 2026 NBA Season,https://www.youtube.com/watch?v=-oN5bseWHp8,-oN5bseWHp8,Hooper Highlights,599,2961,135,9.0
22500167,Chicago Bulls vs Philadelphia 76ers FULLGAME Qtr Nov 04.2025 Highlights | NBA hightlight,https://www.youtube.com/watch?v=YgINJlZ4AHs,YgINJlZ4AHs,Mây Trắng Review,795,1802,7,
22500167,Chicago Bulls vs Philadelphia 76ers 1st Qtr Nov 04. 2025 Highlights | NBA hightlight,https://www.youtube.com/watch?v=ejWE9QGMxE4,ejWE9QGMxE4,Mây Trắng Review,514,3359,13,
22500154,"San Antonio Spurs vs Phoenix Suns Full Game Highlights - November 2, 2025 | NBA Season",https://www.youtube.com/watch?v=9OxBRAMih7E,9OxBRAMih7E,GAMETIME HIGHLIGHTS,565,384047,3336,366.0
22500154,"San Antonio Spurs vs Phoenix Suns - FULL GAME HIGHLIGHTS | November 2, 2025 NBA Season",https://www.youtube.com/watch?v=Fx6WeqqDKiI,Fx6WeqqDKiI,Ximo Pierto,575,170846,941,52.0
22500154,San Antonio Spurs vs Phoenix Suns | Full Game Highlights | Nov 2 | 2025-26 NBA Season,https://www.youtube.com/watch?v=j661Vq2qFc0,j661Vq2qFc0,The CCB Network,603,5389,119,5.0
22500154,San Antonio Spurs vs Phoenix Suns Full Game Highlights | Nov 2 | 2026 NBA Season,https://www.youtube.com/watch?v=m4pR4t5ecB0,m4pR4t5ecB0,Hooper Highlights,598,5573,211,6.0
22500025,"Phoenix Suns vs Utah Jazz Full Game Highlights - October 31, 2025 | NBA Season",https://www.youtube.com/watch?v=32HmduvbLXM,32HmduvbLXM,GAMETIME HIGHLIGHTS,579,82762,749,34.0
22500025,Phoenix Suns vs Utah Jazz Full Game Highlights | Oct 31 | 2026 NBA Season,https://www.youtube.com/watch?v=hWvu7fSJSTI,hWvu7fSJSTI,Hooper Highlights,584,1736,68,2.0
22500150,"Utah Jazz vs Charlotte Hornets Full Game Highlights - November 2, 2025 | NBA Season",https://www.youtube.com/watch?v=jQblWbF3pe0,jQblWbF3pe0,GAMETIME HIGHLIGHTS,569,40516,496,31.0
22500150,Utah Jazz vs Charlotte Hornets | Full Game Highlights | Nov 2 | 2025-26 NBA Season,https://www.youtube.com/watch?v=_LwDCIxOofE,_LwDCIxOofE,The CCB Network,633,2333,62,1.0
22500150,Utah Jazz vs Charlotte Hornets Full Game Highlights | Nov 2 | 2026 NBA Season,https://www.youtube.com/watch?v=g-GnNMeOgEU,g-GnNMeOgEU,Hooper Highlights,585,1695,69,3.0
22500160,"Houston Rockets vs Dallas Mavericks Full Game Highlights - November 3, 2025 | NBA Season",https://www.youtube.com/watch?v=w3drMFW1Aoo,w3drMFW1Aoo,GAMETIME HIGHLIGHTS,541,550166,4723,394.0
22500160,"Dallas Mavericks vs Houston Rockets - FULL GAME HIGHLIGHTS | November 3, 2025 NBA Season",https://www.youtube.com/watch?v=d5z5pEHlg20,d5z5pEHlg20,Ximo Pierto,575,366987,1999,182.0
22500160,Dallas Mavericks vs Houston Rockets | Full Game Highlights | Nov 3 | 2025-26 NBA Season,https://www.youtube.com/watch?v=zLikDprw3ak,zLikDprw3ak,The CCB Network,621,5975,134,12.0
22500160,Dallas Mavericks vs Houston Rockets Full Game Highlights | Nov 3 | 2026 NBA Season,https://www.youtube.com/watch?v=kYEoRX5JdbE,kYEoRX5JdbE,Hooper Highlights,598,4914,162,6.0
22500149,"Philadelphia 76ers vs Brooklyn Nets Full Game Highlights - November 2, 2025 | NBA Season",https://www.youtube.com/watch?v=Bh3hcT5G9bs,Bh3hcT5G9bs,GAMETIME HIGHLIGHTS,557,85508,901,54.0
22500149,Philadelphia 76ers vs Brooklyn Nets | Full Game Highlights | Nov 2 | 2025-26 NBA Season,https://www.youtube.com/watch?v=KJ8QYwIn3Dk,KJ8QYwIn3Dk,The CCB Network,609,2509,49,1.0
22500149,Philadelphia 76ers vs Brooklyn Nets Full Game Highlights | Nov 2 | 2026 NBA Season,https://www.youtube.com/watch?v=k-epsKeSSxQ,k-epsKeSSxQ,Hooper Highlights,598,2487,107,1.0
22500158,"Boston Celtics vs Utah Jazz Full Game Highlights - November 3, 2025 | NBA Season",https://www.youtube.com/watch?v=79JgsZfOyMM,79JgsZfOyMM,GAMETIME HIGHLIGHTS,571,78389,870,101.0
22500158,Utah Jazz vs Boston Celtics | Full Game Highlights | Nov 3 | 2025-26 NBA Season,https://www.youtube.com/watch?v=V1UV9GRPNAk,V1UV9GRPNAk,The CCB Network,637,5315,101,9.0
22500158,Boston Celtics vs Utah Jazz Full Game Highlights | Nov 3 | 2026 NBA Season,https://www.youtube.com/watch?v=1bMYAhczHDg,1bMYAhczHDg,Hooper Highlights,592,2296,89,8.0
22500158,Boston Celtics vs Utah Jazz 1st Qtr Nov 03. 2025 Highlights | NBA highlight,https://www.youtube.com/watch?v=mfCtvu5UJdQ,mfCtvu5UJdQ,Mây Trắng Review,584,2576,8,1.0
22500158,Boston Celtics vs Utah Jazz 4th Qtr Nov 03. 2025 Highlights | NBA highlight,https://www.youtube.com/watch?v=EYzLOLGT9AQ,EYzLOLGT9AQ,Mây Trắng Review,688,1100,2,
22500145,"Orlando Magic vs Washington Wizards Full Game Highlights - November 1, 2025 | NBA Season",https://www.youtube.com/watch?v=6bF7gKJE5I4,6bF7gKJE5I4,GAMETIME HIGHLIGHTS,563,45331,454,14.0
22500145,Orlando Magic vs Washington Wizards | Full Game Highlights | Nov 1 | 2025-26 NBA Season,https://www.youtube.com/watch?v=04Ge0mN8FmU,04Ge0mN8FmU,The CCB Network,622,3234,71,2.0
22500145,Orlando Magic vs Washington Wizards Full Game Highlights | Nov 1 | 2026 NBA Season,https://www.youtube.com/watch?v=z2AvvpUgZQI,z2AvvpUgZQI,Hooper Highlights,593,1943,68,1.0
22500143,"Minnesota Timberwolves vs Charlotte Hornets Full Game Highlights - November 1, 2025 | NBA Season",https://www.youtube.com/watch?v=bmv_3m97Zgg,bmv_3m97Zgg,GAMETIME HIGHLIGHTS,579,175840,1489,172.0
22500143,"Minnesota Timberwolves vs Charlotte Hornets - FULL GAME HIGHLIGHTS | November 1, 2025 NBA Season",https://www.youtube.com/watch?v=hQGmV1_f2FA,hQGmV1_f2FA,Ximo Pierto,578,22869,200,5.0
22500143,Minnesota Timberwolves vs Charlotte Hornets Full Game Highlights | Nov 1 | 2026 NBA Season,https://www.youtube.com/watch?v=eQ_1UulvtlY,eQ_1UulvtlY,Hooper Highlights,598,2229,81,
22500143,Minnesota Timberwolves vs Charlotte Hornets | Full Game Highlights | Nov 1 | 2025-26 NBA Season,https://www.youtube.com/watch?v=yu3mllZG-Ok,yu3mllZG-Ok,The CCB Network,632,4090,76,
22500129,"Orlando Magic vs Detroit Pistons Full Game Highlights - October 29, 2025 | NBA Season",https://www.youtube.com/watch?v=e6o6KMgcTy0,e6o6KMgcTy0,GAMETIME HIGHLIGHTS,576,73006,748,31.0
22500129,Orlando Magic vs Detroit Pistons Full Game Highlights | Oct 29 | 2026 NBA Season,https://www.youtube.com/watch?v=81NfWP8SA5Y,81NfWP8SA5Y,Hooper Highlights,598,2579,116,2.0
22500152,"Memphis Grizzlies vs Toronto Raptors Full Game Highlights - November 2, 2025 | NBA Season",https://www.youtube.com/watch?v=B2jO1-j6IkM,B2jO1-j6IkM,GAMETIME HIGHLIGHTS,572,42353,511,51.0
22500152,"Memphis Grizzlies vs Toronto Raptors - FULL GAME HIGHLIGHTS | November 2, 2025 NBA Season",https://www.youtube.com/watch?v=EG-uMT6zZEo,EG-uMT6zZEo,Ximo Pierto,579,19411,146,3.0
22500152,"Toronto Raptors vs Memphis Grizzlies - Full Team Highlights | November 2, 2025",https://www.youtube.com/watch?v=YYacq1OS2Ew,YYacq1OS2Ew,Raptors Nation,582,7742,124,20.0
22500152,Memphis Grizzlies vs Toronto Raptors | Full Game Highlights | Nov 2 | 2025-26 NBA Season,https://www.youtube.com/watch?v=ZUFVmSYOT_0,ZUFVmSYOT_0,The CCB Network,620,3640,67,1.0
22500152,Memphis Grizzlies vs Toronto Raptors Full Game Highlights | Nov 2 | 2026 NBA Season,https://www.youtube.com/watch?v=FSETc0S-4Rs,FSETc0S-4Rs,Hooper Highlights,594,1650,75,1.0
22500020,"Atlanta Hawks vs Indiana Pacers Full Game Highlights - October 31, 2025 | NBA Season",https://www.youtube.com/watch?v=EL8FEgLLP-U,EL8FEgLLP-U,GAMETIME HIGHLIGHTS,568,51166,562,42.0
22500020,Atlanta Hawks vs Indiana Pacers | Full Game Highlights | Oct 31 | 2025-26 NBA Season,https://www.youtube.com/watch?v=E_vgsiNXr2A,E_vgsiNXr2A,The CCB Network,635,3706,83,2.0
22500020,Indiana Pacers vs Atlanta Hawks Full Game Highlights | Oct 31 | 2026 NBA Season,https://www.youtube.com/watch?v=uQnRIn7VsYo,uQnRIn7VsYo,Hooper Highlights,598,2174,70,9.0
22500020,Mac McClung NBA Highlights (10/31/25) Pacers Vs Hawks (12 pts 2 rebs 3 steals),https://www.youtube.com/watch?v=1fQgpfx0kFQ,1fQgpfx0kFQ,Mac McClung Mixtapes,84,2758,121,32.0
22500140,"Oklahoma City Thunder vs Washington Wizards Full Game Highlights - October 30, 2025 | NBA Season",https://www.youtube.com/watch?v=kjEino0Ma30,kjEino0Ma30,GAMETIME HIGHLIGHTS,545,110471,1143,113.0
22500140,Washington Wizards vs Oklahoma City Thunder | Full Game Highlights | Oct 30 | 2025-26 NBA Season,https://www.youtube.com/watch?v=JismB7HGbmk,JismB7HGbmk,The CCB Network,621,6578,118,
22500140,Oklahoma City Thunder vs Washington Wizards Full Game Highlights | Oct 30 | 2026 NBA Season,https://www.youtube.com/watch?v=PFHst5UbhTA,PFHst5UbhTA,Hooper Highlights,597,2843,107,3.0
22500142,"Milwaukee Bucks vs Sacramento Kings Full Game Highlights - November 1, 2025 | NBA Season",https://www.youtube.com/watch?v=DM8sLGMfh1w,DM8sLGMfh1w,GAMETIME HIGHLIGHTS,570,214596,1602,190.0
22500142,"Sacramento Kings vs Milwaukee Bucks - FULL GAME HIGHLIGHTS | November 1, 2025 NBA Season",https://www.youtube.com/watch?v=dMLyf73vhU0,dMLyf73vhU0,Ximo Pierto,574,92377,768,50.0
22500142,Sacramento Kings vs Milwaukee Bucks | Full Game Highlights | Nov 1 | 2025-26 NBA Season,https://www.youtube.com/watch?v=rG18B6hzSTI,rG18B6hzSTI,The CCB Network,608,5922,119,4.0
22500142,Milwaukee Bucks vs Sacramento Kings Full Game Highlights | Nov 1 | 2026 NBA Season,https://www.youtube.com/watch?v=kColRJwQd54,kColRJwQd54,Hooper Highlights,597,3172,113,5.0
22500027,"Los Angeles Clippers vs New Orleans Pelicans Full Game Highlights - October 31, 2025 | NBA Season",https://www.youtube.com/watch?v=6lhaRWt1jxw,6lhaRWt1jxw,GAMETIME HIGHLIGHTS,545,220730,2089,150.0
22500027,LA Clippers vs New Orleans Pelicans Full Game Highlights | Oct 31 | 2026 NBA Season,https://www.youtube.com/watch?v=q2ejUWeoncA,q2ejUWeoncA,Hooper Highlights,578,2553,110,4.0
22500027,"New Orleans Pelicans vs Los Angeles Clippers - FULL GAME HIGHLIGHTS | October 31, 2025 NBA Cup",https://www.youtube.com/watch?v=hQyoBHprhhc,hQyoBHprhhc,Ximo Pierto,576,96052,659,42.0
22500144,"Golden State Warriors vs Indiana Pacers Full Game Highlights - November 1, 2025 | NBA Season",https://www.youtube.com/watch?v=Gefc_AGu140,Gefc_AGu140,GAMETIME HIGHLIGHTS,576,450203,4009,324.0
22500144,"Golden State Warriors vs Indiana Pacers - FULL GAME HIGHLIGHTS | November 1, 2025 NBA Season",https://www.youtube.com/watch?v=e_YNJTVK88M,e_YNJTVK88M,Ximo Pierto,577,153846,1242,70.0
22500144,Golden State Warriors vs Indiana Pacers | Full Game Highlights | Nov 1 | 2025-26 NBA Season,https://www.youtube.com/watch?v=XGbapbVlpWs,XGbapbVlpWs,The CCB Network,601,11554,208,11.0
22500144,Golden State Warriors vs Indiana Pacers Full Game Highlights | Nov 1 | 2026 NBA Season,https://www.youtube.com/watch?v=VAxIH5fVaGA,VAxIH5fVaGA,Hooper Highlights,594,4041,137,6.0
22500138,"Orlando Magic vs Charlotte Hornets Full Game Highlights - October 30, 2025 | NBA Season",https://www.youtube.com/watch?v=GAXH6a2QDUA,GAXH6a2QDUA,GAMETIME HIGHLIGHTS,532,74231,722,31.0
22500138,Orlando Magic vs Charlotte Hornets | Full Game Highlights | Oct 30 | 2025-26 NBA Season,https://www.youtube.com/watch?v=Uuofw20rs50,Uuofw20rs50,The CCB Network,631,4940,95,1.0
22500138,Orlando Magic vs Charlotte Hornets Full Game Highlights | Oct 30 | 2026 NBA Season,https://www.youtube.com/watch?v=M4LSv4UK9i0,M4LSv4UK9i0,Hooper Highlights,598,2654,100,1.0
22500155,"Los Angeles Lakers vs Miami Heat Full Game Highlights - November 2, 2025 | NBA Season",https://www.youtube.com/watch?v=PLjbrMVrYKY,PLjbrMVrYKY,GAMETIME HIGHLIGHTS,566,751138,7551,524.0
22500155,"Los Angeles Lakers vs Miami Heat - FULL GAME HIGHLIGHTS | November 2, 2025 NBA Season",https://www.youtube.com/watch?v=jALwH0p6chU,jALwH0p6chU,Ximo Pierto,571,136062,1184,54.0
22500155,"Los Angeles Lakers vs Miami Heat Full Game Highlights | Nov 2, 2025 | FreeDawkins",https://www.youtube.com/watch?v=7s40hLgA2IE,7s40hLgA2IE,,566,79768,2853,147.0
22500155,Miami Heat vs Los Angeles Lakers | Full Game Highlights | Nov 2 | 2025-26 NBA Season,https://www.youtube.com/watch?v=BmMg5L3F9GI,BmMg5L3F9GI,The CCB Network,635,1413,39,1.0
22500155,"Lakers vs Heat | Lakers Highlights | November 2, 2025",https://www.youtube.com/watch?v=psEfQLPww-o,psEfQLPww-o,LakeShow Highlights,600,169657,4725,767.0
22500026,"Denver Nuggets vs Portland Trail Blazers Full Game Highlights - October 31, 2025 | NBA Season",https://www.youtube.com/watch?v=2tQ8OVh0JY0,2tQ8OVh0JY0,GAMETIME HIGHLIGHTS,558,195431,1758,492.0
22500026,Denver Nuggets vs Portland Trail Blazers Full Game Highlights | Oct 31 | 2026 NBA Season,https://www.youtube.com/watch?v=I3JgTAkhyQU,I3JgTAkhyQU,Hooper Highlights,598,3705,139,11.0
22500026,"Deni Avdija vs Nuggets 23 pts 4 ast 4 reb | Oct 31, 2025 | Regular Season",https://www.youtube.com/watch?v=1H1mkaT8g3o,1H1mkaT8g3o,DV highlights,127,3537,47,6.0
22500026,Portland Trail Blazers vs Denver Nuggets 4th Qtr Oct 31.2025 Highlights | NBA hightlight,https://www.youtube.com/watch?v=1-a1ofH5ee0,1-a1ofH5ee0,Mây Trắng Review,692,3210,14,5.0
22500115,"Atlanta Hawks vs Chicago Bulls Full Game Highlights - October 27, 2025 | NBA Season",https://www.youtube.com/watch?v=MGmJNfFuLmI,MGmJNfFuLmI,GAMETIME HIGHLIGHTS,552,75069,883,42.0
22500123,"Philadelphia 76ers vs Washington Wizards Full Game Highlights - October 28, 2025 | NBA Season",https://www.youtube.com/watch?v=zu2g_9KfgO4,zu2g_9KfgO4,GAMETIME HIGHLIGHTS,563,124859,1314,130.0
22500123,Philadelphia 76ers vs Washington Wizards | Full Game Highlights | Oct 28 | 2025-26 NBA Season,https://www.youtube.com/watch?v=FEvV7T0WiuM,FEvV7T0WiuM,The CCB Network,629,1105,33,
22500136,"Los Angeles Lakers vs Minnesota Timberwolves Full Game Highlights - October 29, 2025 | NBA Season",https://www.youtube.com/watch?v=TequnYSbZrM,TequnYSbZrM,GAMETIME HIGHLIGHTS,579,869751,8103,770.0
22500136,"Los Angeles Lakers vs Minnesota Timberwolves Full Game Highlights | Oct 29, 2025 | FreeDawkins",https://www.youtube.com/watch?v=XX7I9-ieTSA,XX7I9-ieTSA,FreeDawkins,703,106714,3900,250.0
22500136,"Los Angeles Lakers vs Minnesota Timberwolves - FULL GAME HIGHLIGHTS | October 29, 2025 NBA Season",https://www.youtube.com/watch?v=KeuIH6NTK4M,KeuIH6NTK4M,Ximo Pierto,566,122249,1235,74.0
22500136,"Lakers vs Timberwolves | Lakers Highlights | October 29, 2025",https://www.youtube.com/watch?v=tyWH2Ud1bOs,tyWH2Ud1bOs,LakeShow Highlights,574,176049,4520,415.0
22500021,"Boston Celtics vs Philadelphia 76ers Full Game Highlights - October 31, 2025 | NBA Season",https://www.youtube.com/watch?v=esHDI24YBCs,esHDI24YBCs,GAMETIME HIGHLIGHTS,556,232390,2235,171.0
22500021,Boston Celtics vs Philadelphia 76ers Full Game Highlights | Oct 31 | 2026 NBA Season,https://www.youtube.com/watch?v=dzzXdsnhIlk,dzzXdsnhIlk,Hooper Highlights,587,4667,168,5.0
22500021,"76ers vs. Celtics Ending - Final Minute | October 31, 2025",https://www.youtube.com/watch?v=fg_LxSqTEwc,fg_LxSqTEwc,Bleacher Report,84,14119,96,49.0
22500021,"Boston Celtics Defensive Highlights vs Philadelphia 76ers (October 31st, 2025)",https://www.youtube.com/watch?v=OHWeWIsdytw,OHWeWIsdytw,Tomasz Kordylewski (Timi),368,3656,159,14.0
22500130,"Atlanta Hawks vs Brooklyn Nets Full Game Highlights - October 29, 2025 | NBA Season",https://www.youtube.com/watch?v=b1DtzpwI6hw,b1DtzpwI6hw,GAMETIME HIGHLIGHTS,578,41780,394,23.0
22500130,Atlanta Hawks vs Brooklyn Nets | Full Game Highlights | Oct 29 | 2025-26 NBA Season,https://www.youtube.com/watch?v=sizx1AvXLa8,sizx1AvXLa8,The CCB Network,639,2722,82,2.0
22500130,Atlanta Hawks vs Brooklyn Nets Full Game Highlights | Oct 29 | 2026 NBA Season,https://www.youtube.com/watch?v=lJsz9IMv0EI,lJsz9IMv0EI,Hooper Highlights,599,1986,78,1.0
22500126,"Oklahoma City Thunder vs Sacramento Kings Full Game Highlights - October 28, 2025 | NBA Season",https://www.youtube.com/watch?v=Wit9RYxLq-w,Wit9RYxLq-w,GAMETIME HIGHLIGHTS,540,221626,1940,130.0
22500126,Sacramento Kings vs Oklahoma City Thunder Full Game Highlights | Oct 28 | 2026 NBA Season,https://www.youtube.com/watch?v=FRT8vbbWaso,FRT8vbbWaso,Hooper Highlights,598,5169,187,10.0
22500125,"New York Knicks vs Milwaukee Bucks Full Game Highlights - October 28, 2025 | NBA Season",https://www.youtube.com/watch?v=KXRWAIwJZQY,KXRWAIwJZQY,GAMETIME HIGHLIGHTS,550,251483,2348,151.0
22500125,"New York Knicks vs Milwaukee Bucks - FULL GAME HIGHLIGHTS | October 28, 2025 NBA Season",https://www.youtube.com/watch?v=ZG202vgStqo,ZG202vgStqo,Ximo Pierto,570,76009,641,45.0
22500146,"Houston Rockets vs Boston Celtics Full Game Highlights - November 1, 2025 | NBA Season",https://www.youtube.com/watch?v=F1mZo1vCHiY,F1mZo1vCHiY,GAMETIME HIGHLIGHTS,566,359996,3229,283.0
22500146,"Houston Rockets vs Boston Celtics - FULL GAME HIGHLIGHTS | November 1, 2025 NBA Season",https://www.youtube.com/watch?v=v_TyMJh7Mxk,v_TyMJh7Mxk,Ximo Pierto,564,81427,652,35.0
22500146,Houston Rockets vs Boston Celtics | Full Game Highlights | Nov 1 | 2025-26 NBA Season,https://www.youtube.com/watch?v=p_j_hxX5i6o,p_j_hxX5i6o,The CCB Network,627,13024,220,13.0
22500146,Houston Rockets vs Boston Celtics Full Game Highlights | Nov 1 | 2026 NBA Season,https://www.youtube.com/watch?v=RMdeFU2IQHE,RMdeFU2IQHE,Hooper Highlights,594,5136,179,12.0
22500146,Boston Celtics vs Houston Rockets 1st Qtr Nov 01. 2025 Highlights | NBA highlight,https://www.youtube.com/watch?v=x8KMsydyH-I,x8KMsydyH-I,Mây Trắng Review,571,6480,27,
22500120,"Phoenix Suns vs Utah Jazz Full Game Highlights - October 27, 2025 | NBA Season",https://www.youtube.com/watch?v=0XXGnNZSahg,0XXGnNZSahg,GAMETIME HIGHLIGHTS,566,74516,868,64.0
22500120,Phoenix Suns vs Utah Jazz Full Game Highlights | Oct 27 | 2026 NBA Season,https://www.youtube.com/watch?v=rt7psngIfKw,rt7psngIfKw,Hooper Highlights,586,2577,103,4.0
22500128,"Boston Celtics vs Cleveland Cavaliers Full Game Highlights - October 29, 2025 | NBA Season",https://www.youtube.com/watch?v=-FypeTa5p70,-FypeTa5p70,GAMETIME HIGHLIGHTS,574,182027,1629,124.0
22500128,"Cleveland Cavaliers vs Boston Celtics - FULL GAME HIGHLIGHTS | October 29, 2025 NBA Season",https://www.youtube.com/watch?v=5IjtWeZiYjM,5IjtWeZiYjM,Ximo Pierto,558,40054,420,14.0
22500128,Cleveland Cavaliers vs Boston Celtics Full Game Highlights | Oct 29 | 2026 NBA Season,https://www.youtube.com/watch?v=pAjYBIihlk0,pAjYBIihlk0,Hooper Highlights,598,3411,155,2.0
22500128,Boston Celtics vs Cleveland Cavaliers FULLGAME Qtr Oct 29.2025 Highlights | NBA HIGHLIGHT,https://www.youtube.com/watch?v=3JrKABGDMDQ,3JrKABGDMDQ,Mây Trắng Review,812,1236,8,
22500135,"Portland Trail Blazers vs Utah Jazz Full Game Highlights - October 29, 2025 | NBA Season",https://www.youtube.com/watch?v=UXaPBchknSY,UXaPBchknSY,GAMETIME HIGHLIGHTS,574,75951,674,41.0
22500135,Portland Trail Blazers vs Utah Jazz | Full Game Highlights | Oct 29 | 2025-26 NBA Season,https://www.youtube.com/watch?v=VGwyAal0CXg,VGwyAal0CXg,The CCB Network,639,1589,36,1.0
22500135,Portland Trail Blazers vs Utah Jazz Full Game Highlights | Oct 29 | 2026 NBA Season,https://www.youtube.com/watch?v=lHziXjQadJM,lHziXjQadJM,Hooper Highlights,593,2268,101,1.0
22500135,"Jrue Holiday vs Jazz 27 pts 8 ast 5 reb | Oct 29, 2025 | Regular Season",https://www.youtube.com/watch?v=iOxBkY2DfkM,iOxBkY2DfkM,DV highlights,187,1077,27,4.0
22500131,"Houston Rockets vs Toronto Raptors Full Game Highlights - October 29, 2025 | NBA Season",https://www.youtube.com/watch?v=C5PWSPadmVY,C5PWSPadmVY,GAMETIME HIGHLIGHTS,575,242649,1840,150.0
22500131,"Houston Rockets vs Toronto Raptors - FULL GAME HIGHLIGHTS | October 29, 2025 NBA Season",https://www.youtube.com/watch?v=3VfTLTx6G9c,3VfTLTx6G9c,Ximo Pierto,565,29188,252,15.0
22500131,Houston Rockets vs Toronto Raptors | Full Game Highlights | Oct 29 | 2025-26 NBA Season,https://www.youtube.com/watch?v=sLj3m4gW15Y,sLj3m4gW15Y,The CCB Network,620,6381,129,2.0
22500131,Houston Rockets vs Toronto Raptors Full Game Highlights | Oct 29 | 2026 NBA Season,https://www.youtube.com/watch?v=SbikhJLgLTM,SbikhJLgLTM,Hooper Highlights,598,3307,128,1.0
22500131,"Toronto Raptors vs Houston Rockets - Full Team Highlights | October 29, 2025",https://www.youtube.com/watch?v=sxoss77WdOc,sxoss77WdOc,Raptors Nation,582,3498,49,23.0
22500114,"Philadelphia 76ers vs Orlando Magic Full Game Highlights - October 27, 2025 | NBA Season",https://www.youtube.com/watch?v=rVNgdHGeRLc,rVNgdHGeRLc,GAMETIME HIGHLIGHTS,574,165700,1415,109.0
22500114,"Philadelphia 76ers vs Orlando Magic Full Game Highlights | Oct 27, 2025 | FreeDawkins",https://www.youtube.com/watch?v=uJuRcI4E-b4,uJuRcI4E-b4,FreeDawkins,658,14896,895,30.0
22500022,"Cleveland Cavaliers vs Toronto Raptors Full Game Highlights - October 31, 2025 | NBA Season",https://www.youtube.com/watch?v=O4sfumPz6oE,O4sfumPz6oE,GAMETIME HIGHLIGHTS,556,65720,588,28.0
22500022,"Toronto Raptors vs Cleveland Cavaliers - FULL GAME HIGHLIGHTS | October 31, 2025 NBA Cup",https://www.youtube.com/watch?v=CWrkwxbQulw,CWrkwxbQulw,Ximo Pierto,577,14323,132,14.0
22500022,Cleveland Cavaliers vs Toronto Raptors Full Game Highlights | Oct 31 | 2026 NBA Season,https://www.youtube.com/watch?v=hmFJjTamL7g,hmFJjTamL7g,Hooper Highlights,590,2222,86,
22500022,"Toronto Raptors vs Cleveland Cavaliers - Full Team Highlights | NBA Cup Game | October 31, 2025",https://www.youtube.com/watch?v=EHk2THKqhvE,EHk2THKqhvE,Raptors Nation,582,12638,127,31.0
22500022,"Toronto Raptors vs Cleveland Cavaliers - Full First Half Highlights | October 31, 2025",https://www.youtube.com/watch?v=KDQFhqQEoi4,KDQFhqQEoi4,Raptors Nation,247,1351,19,4.0
22500109,"Charlotte Hornets vs Washington Wizards Full Game Highlights - October 26, 2025 | NBA Season",https://www.youtube.com/watch?v=l6j0G1r6l74,l6j0G1r6l74,GAMETIME HIGHLIGHTS,558,79542,988,44.0
22500124,"Charlotte Hornets vs Miami Heat - FULL GAME HIGHLIGHTS | October 28, 2025 NBA Season",https://www.youtube.com/watch?v=CcCdHVfeTfQ,CcCdHVfeTfQ,Ximo Pierto,566,71315,650,76.0
22500124,"Miami HEAT vs. Charlotte Hornets | HEAT Full-Game Highlights | October 28, 2025",https://www.youtube.com/watch?v=vHVU1k_wAJ0,vHVU1k_wAJ0,Miami HEAT,777,33517,755,85.0
22500124,Miami Heat vs Charlotte Hornets 4th Qtr Oct 28. 2025 Highlights | NBA highlight,https://www.youtube.com/watch?v=wLfPaEwG68Y,wLfPaEwG68Y,Khang Lê Chess,723,1856,9,
22500117,"Boston Celtics vs New Orleans Pelicans Full Game Highlights - October 27, 2025 | NBA Season",https://www.youtube.com/watch?v=E-IrOyv0eqw,E-IrOyv0eqw,GAMETIME HIGHLIGHTS,565,105979,1019,65.0
22500117,"Boston Celtics vs New Orleans Pelicans | Full Game Highlights | Oct 27, 2025 | 2025-26 NBA Season",https://www.youtube.com/watch?v=hejJ53BHxps,hejJ53BHxps,The CCB Network,615,7740,159,2.0
22500134,"Denver Nuggets vs New Orleans Pelicans Full Game Highlights - October 29, 2025 | NBA Season",https://www.youtube.com/watch?v=qY-an-xBb1s,qY-an-xBb1s,GAMETIME HIGHLIGHTS,568,200173,1678,233.0
22500134,"New Orleans Pelicans vs Denver Nuggets - FULL GAME HIGHLIGHTS | October 29, 2025 NBA Season",https://www.youtube.com/watch?v=sJkav1-Kg70,sJkav1-Kg70,Ximo Pierto,571,70511,417,24.0
22500134,New Orleans Pelicans vs Denver Nuggets | Full Game Highlights | Oct 29 | 2025-26 NBA Season,https://www.youtube.com/watch?v=GcxIJJFGReQ,GcxIJJFGReQ,The CCB Network,540,7895,159,6.0
22500134,Denver Nuggets vs New Orleans Pelicans Full Game Highlights | Oct 29 | 2026 NBA Season,https://www.youtube.com/watch?v=HBsn6xh5Bmw,HBsn6xh5Bmw,Hooper Highlights,563,3824,162,5.0
22500023,"New York Knicks vs Chicago Bulls Full Game Highlights - October 31, 2025 | NBA Season",https://www.youtube.com/watch?v=5OZCFLzs2wE,5OZCFLzs2wE,GAMETIME HIGHLIGHTS,575,170382,1591,121.0
22500023,"New York Knicks vs Chicago Bulls - FULL GAME HIGHLIGHTS | October 31, 2025 NBA Cup",https://www.youtube.com/watch?v=I6VdcBKAU9M,I6VdcBKAU9M,Ximo Pierto,568,88443,759,116.0
22500023,New York Knicks vs Chicago Bulls | Full Game Highlights | Oct 31 | 2025-26 NBA Season,https://www.youtube.com/watch?v=EmrNl4QIBuM,EmrNl4QIBuM,The CCB Network,641,8265,118,4.0
22500023,New York Knicks at Chicago Bulls (10/31/25) | Game Highlights | CHSN Bulls,https://www.youtube.com/watch?v=4kbJ3O9po2U,4kbJ3O9po2U,Chicago Sports Network,118,17097,85,8.0
22500023,New York Knicks vs Chicago Bulls Full Game Highlights | Oct 31 | 2026 NBA Season,https://www.youtube.com/watch?v=rzD5ihoU_tM,rzD5ihoU_tM,Hooper Highlights,596,4017,165,2.0
22500023,Chicago Bulls vs New York Knicks FULLGAME Qtr Oct 31.2025 Highlights | NBA HIGHLIGHT,https://www.youtube.com/watch?v=jichjBoQWQA,jichjBoQWQA,Mây Trắng Review,812,2976,14,3.0
22500023,Chicago Bulls vs New York Knicks 2nd Qtr Oct 31.2025 Highlights | NBA HIGHLIGHT,https://www.youtube.com/watch?v=fV0i-QRuX2c,fV0i-QRuX2c,Mây Trắng Review,530,3983,8,2.0
22500112,"Los Angeles Clippers vs Portland Trail Blazers Full Game Highlights - October 26, 2025 | NBA Season",https://www.youtube.com/watch?v=w_ZHMWGeZhY,w_ZHMWGeZhY,GAMETIME HIGHLIGHTS,560,246530,1815,140.0
22500007,"Cleveland Cavaliers vs Detroit Pistons Full Game Highlights - October 27, 2025 | NBA Season",https://www.youtube.com/watch?v=gMV4Z2i4u1w,gMV4Z2i4u1w,GAMETIME HIGHLIGHTS,540,41925,590,37.0
22500007,"Cleveland Cavaliers vs Detroit Pistons - FULL GAME HIGHLIGHTS | October 27, 2025 NBA Season",https://www.youtube.com/watch?v=0P4B4VN-HjM,0P4B4VN-HjM,Ximo Pierto,572,4920,62,1.0
22500007,"Cleveland Cavaliers vs Detroit Pistons | Full Game Highlights | Oct 27, 2025 | 2025-26 NBA Season",https://www.youtube.com/watch?v=fAnZ9hs2vp8,fAnZ9hs2vp8,The CCB Network,618,4447,116,1.0
22500024,"Los Angeles Lakers vs Memphis Grizzlies Full Game Highlights - October 31, 2025 | NBA Season",https://www.youtube.com/watch?v=culBGNz4J3U,culBGNz4J3U,GAMETIME HIGHLIGHTS,544,932959,9049,409.0
22500024,"Los Angeles Lakers vs Memphis Grizzlies - FULL GAME HIGHLIGHTS | October 31, 2025 NBA Cup",https://www.youtube.com/watch?v=imp7xwEz9Tg,imp7xwEz9Tg,Ximo Pierto,566,243909,1849,119.0
22500024,Los Angeles Lakers vs Memphis Grizzlies | Full Game Highlights | Oct 31 | 2025-26 NBA Season,https://www.youtube.com/watch?v=qBpYJVKah6w,qBpYJVKah6w,The CCB Network,630,8209,114,2.0
22500024,"Lakers vs Grizzlies | Lakers Highlights | October 31, 2025",https://www.youtube.com/watch?v=cMvlI-j6q0E,cMvlI-j6q0E,LakeShow Highlights,598,205730,4675,295.0
22500024,Los Angeles Lakers vs Memphis Grizzlies Full Game Highlights | Oct 31 | 2026 NBA Season,https://www.youtube.com/watch?v=5M0jDaZaxdw,5M0jDaZaxdw,Hooper Highlights,593,7196,261,14.0
22500119,"Oklahoma City Thunder vs Dallas Mavericks Full Game Highlights - October 27, 2025 | NBA Season",https://www.youtube.com/watch?v=iqZ5YfZqJes,iqZ5YfZqJes,GAMETIME HIGHLIGHTS,566,423614,3400,450.0
22500119,Oklahoma City Thunder vs Dallas Mavericks Full Game Highlights | Oct 27 | 2026 NBA Season,https://www.youtube.com/watch?v=tdS5eGhXe10,tdS5eGhXe10,Hooper Highlights,589,5175,155,9.0
22500119,"Oklahoma City Thunder vs Dallas Mavericks | Full Game Highlights | Oct 27, 2025 | 2025-26 NBA Season",https://www.youtube.com/watch?v=BjKS_X6TmQ0,BjKS_X6TmQ0,The CCB Network,571,11728,224,7.0
22500119,"Dallas Mavericks vs OKC Thunder Full Game Highlights | Oct 27, 2025 | FreeDawkins",https://www.youtube.com/watch?v=OkcS8nVtR1Q,OkcS8nVtR1Q,FreeDawkins,595,39348,1364,96.0
22500139,"Golden State Warriors vs Milwaukee Bucks Full Game Highlights - October 30, 2025 | NBA Season",https://www.youtube.com/watch?v=RgdLfQFXnJ0,RgdLfQFXnJ0,GAMETIME HIGHLIGHTS,577,697606,6301,465.0
22500139,"Golden State Warriors vs Milwaukee Bucks Full Game Highlights | Oct 30, 2025 | FreeDawkins",https://www.youtube.com/watch?v=-cwsZO-HwbU,-cwsZO-HwbU,FreeDawkins,616,82232,2864,147.0
22500139,Golden State Warriors vs Milwaukee Bucks | Full Game Highlights | Oct 30 | 2025-26 NBA Season,https://www.youtube.com/watch?v=cDAy7yBxDBU,cDAy7yBxDBU,The CCB Network,622,15993,240,10.0
22500139,"Golden State Warriors vs Milwaukee Bucks - FULL GAME HIGHLIGHTS | October 30, 2025 NBA Season",https://www.youtube.com/watch?v=d_FwzuDM2YI,d_FwzuDM2YI,Ximo Pierto,571,108560,852,38.0
22500139,Golden State Warriors vs Milwaukee Bucks Full Game Highlights | Oct 30 | 2026 NBA Season,https://www.youtube.com/watch?v=UNcG8hRsvQM,UNcG8hRsvQM,Hooper Highlights,589,5658,209,9.0
22500139,"FlightReacts To Warriors vs Bucks Full Game Highlights | Oct 30, 2025!",https://www.youtube.com/watch?v=UMpCWqP4TDM,UMpCWqP4TDM,NotYourAverageFlight,721,205509,8660,603.0
22500008,"Minnesota Timberwolves vs Denver Nuggets Full Game Highlights - October 27, 2025 | NBA Season",https://www.youtube.com/watch?v=BUCt5bk119Y,BUCt5bk119Y,GAMETIME HIGHLIGHTS,554,316557,2964,290.0
22500008,Denver Nuggets vs Minnesota Timberwolves Full Game Highlights | Oct 27 | 2026 NBA Season,https://www.youtube.com/watch?v=r58iJK5qlnc,r58iJK5qlnc,Hooper Highlights,593,5631,195,2.0
22500008,"Denver Nuggets vs Minnesota Timberwolves - FULL GAME HIGHLIGHTS | October 27, 2025 NBA Season",https://www.youtube.com/watch?v=ZwRy_xFvQTs,ZwRy_xFvQTs,Ximo Pierto,570,39708,426,48.0
22500133,"Dallas Mavericks vs Indiana Pacers Full Game Highlights - October 29, 2025 | NBA Season",https://www.youtube.com/watch?v=0SnXE0Uuug4,0SnXE0Uuug4,GAMETIME HIGHLIGHTS,568,297645,2132,194.0
22500133,"Indiana Pacers vs Dallas Mavericks - FULL GAME HIGHLIGHTS | October 29, 2025 NBA Season",https://www.youtube.com/watch?v=IDDGvMHI7jw,IDDGvMHI7jw,Ximo Pierto,559,73106,485,15.0
22500133,"Dallas Mavericks vs Indiana Pacers Full Game Highlights | Oct 29, 2025 | FreeDawkins",https://www.youtube.com/watch?v=q6u9VHMOXSE,q6u9VHMOXSE,FreeDawkins,643,25241,978,42.0
22500133,Indiana Pacers vs Dallas Mavericks | Full Game Highlights | Oct 29 | 2025-26 NBA Season,https://www.youtube.com/watch?v=xNUtzs-TBlQ,xNUtzs-TBlQ,The CCB Network,581,8139,160,4.0
22500133,Dallas Mavericks vs Indiana Pacers Full Game Highlights | Oct 29 | 2026 NBA Season,https://www.youtube.com/watch?v=Tpu0ZlQ1y90,Tpu0ZlQ1y90,Hooper Highlights,595,3932,140,3.0
22500141,"San Antonio Spurs vs Miami Heat Full Game Highlights - October 30, 2025 | NBA Season",https://www.youtube.com/watch?v=Zd0eJJJPcEQ,Zd0eJJJPcEQ,GAMETIME HIGHLIGHTS,579,612288,5633,386.0
22500141,"Miami Heat vs San Antonio Spurs - FULL GAME HIGHLIGHTS | October 30, 2025 NBA Season",https://www.youtube.com/watch?v=-AvNBaGi2CY,-AvNBaGi2CY,Ximo Pierto,580,159133,1294,122.0
22500141,"San Antonio Spurs vs Miami Heat Full Game Highlights | Oct 30, 2025 | FreeDawkins",https://www.youtube.com/watch?v=a2-PF_aRIbU,a2-PF_aRIbU,FreeDawkins,622,50505,1925,66.0
22500141,Miami Heat vs San Antonio Spurs | Full Game Highlights | Oct 30 | 2025-26 NBA Season,https://www.youtube.com/watch?v=T5TvtFdM0OU,T5TvtFdM0OU,The CCB Network,630,23128,341,11.0
22500141,San Antonio Spurs vs Miami Heat Full Game Highlights | Oct 30 | 2026 NBA Season,https://www.youtube.com/watch?v=sdMspCUzaks,sdMspCUzaks,Hooper Highlights,595,5654,199,12.0
22500132,"Sacramento Kings vs Chicago Bulls Full Game Highlights - October 29, 2025 | NBA Season",https://www.youtube.com/watch?v=7L95UDdXmGk,7L95UDdXmGk,GAMETIME HIGHLIGHTS,581,100953,986,62.0
22500132,"Sacramento Kings vs Chicago Bulls - FULL GAME HIGHLIGHTS | October 29, 2025 NBA Season",https://www.youtube.com/watch?v=jO4fdXdVFs0,jO4fdXdVFs0,Ximo Pierto,567,63912,634,40.0
22500132,Sacramento Kings vs Chicago Bulls | Full Game Highlights | Oct 29 | 2025-26 NBA Season,https://www.youtube.com/watch?v=V0aqZ6ejVIc,V0aqZ6ejVIc,The CCB Network,629,6717,115,3.0
22500132,Sacramento Kings vs Chicago Bulls Full Game Highlights | Oct 29 | 2026 NBA Season,https://www.youtube.com/watch?v=EelY4fJih7g,EelY4fJih7g,Hooper Highlights,581,2882,127,
22500132,Sacramento Kings at Chicago Bulls (10/29/25) | Game Highlights | CHSN Bulls,https://www.youtube.com/watch?v=IGeqIR-ycHE,IGeqIR-ycHE,Chicago Sports Network,120,5058,67,8.0
22500107,"Milwaukee Bucks vs Cleveland Cavaliers Full Game Highlights - October 26, 2025 | NBA Season",https://www.youtube.com/watch?v=ipt9Qv34yD4,ipt9Qv34yD4,GAMETIME HIGHLIGHTS,540,197320,1650,88.0
22500107,"Milwaukee Bucks vs Cleveland Cavaliers | Full Game Highlights | Oct 26, 2025 | 2025-26 NBA Season",https://www.youtube.com/watch?v=4qb4Kblynj0,4qb4Kblynj0,The CCB Network,592,10295,212,3.0
22500107,Milwaukee Bucks vs Cleveland Cavaliers Full Game Highlights | Oct 26 | 2026 NBA Season,https://www.youtube.com/watch?v=V0wDtuxJBVo,V0wDtuxJBVo,Hooper Highlights,564,4112,156,7.0
22500127,"Golden State Warriors vs Los Angeles Clippers Full Game Highlights - October 28, 2025 | NBA Season",https://www.youtube.com/watch?v=oKgDNEmRCqo,oKgDNEmRCqo,GAMETIME HIGHLIGHTS,543,739870,7714,300.0
22500127,"Golden State Warriors vs Los Angeles Clippers - FULL GAME HIGHLIGHTS | October 28, 2025 NBA Season",https://www.youtube.com/watch?v=-xcG7kCsB3E,-xcG7kCsB3E,Ximo Pierto,547,407050,3372,160.0
22500127,"Golden State Warriors vs Los Angeles Clippers Full Game Highlights | Oct 28, 2025 | FreeDawkins",https://www.youtube.com/watch?v=ZOJsN1_qDw4,ZOJsN1_qDw4,FreeDawkins,591,140205,5534,250.0
22500127,LA Clippers vs Golden State Warriors | Full Game Highlights | Oct 28 | 2025-26 NBA Season,https://www.youtube.com/watch?v=xoZG3Kfrabs,xoZG3Kfrabs,The CCB Network,619,20215,315,10.0
22500127,Golden State Warriors vs LA Clippers Full Game Highlights | Oct 28 | 2026 NBA Season,https://www.youtube.com/watch?v=mOaGhrb50qE,mOaGhrb50qE,Hooper Highlights,596,6381,225,5.0
22500106,"Boston Celtics vs Detroit Pistons Full Game Highlights - October 26, 2025 | NBA Season",https://www.youtube.com/watch?v=L81XHoPHW88,L81XHoPHW88,GAMETIME HIGHLIGHTS,544,104532,1201,104.0
22500106,"Boston Celtics vs Detroit Pistons - FULL GAME HIGHLIGHTS | October 26, 2025 NBA Season",https://www.youtube.com/watch?v=qOCf2QRf_Hg,qOCf2QRf_Hg,Ximo Pierto,571,52567,412,20.0
22500106,"Boston Celtics vs Detroit Pistons | Full Game Highlights | Oct 26, 2025 | 2025-26 NBA Season",https://www.youtube.com/watch?v=PgQgdhBTiYg,PgQgdhBTiYg,The CCB Network,535,4962,136,9.0
22500116,"Houston Rockets vs Brooklyn Nets Full Game Highlights - October 27, 2025 | NBA Season",https://www.youtube.com/watch?v=j2JiF7CCkkQ,j2JiF7CCkkQ,GAMETIME HIGHLIGHTS,541,180078,1541,116.0
22500116,"Brooklyn Nets vs Houston Rockets | Full Game Highlights | Oct 27, 2025 | 2025-26 NBA Season",https://www.youtube.com/watch?v=zMKifSxis-0,zMKifSxis-0,The CCB Network,559,7321,191,1.0
22500116,Houston Rockets vs Brooklyn Nets Full Game Highlights | Oct 27 | 2026 NBA Season,https://www.youtube.com/watch?v=NzQCRKXst_0,NzQCRKXst_0,Hooper Highlights,569,3109,109,
22500116,"Brooklyn Nets vs Houston Rockets - FULL GAME HIGHLIGHTS | October 27, 2025 NBA Season",https://www.youtube.com/watch?v=gWHhIMT8_t0,gWHhIMT8_t0,Ximo Pierto,572,68554,566,43.0
22500105,"San Antonio Spurs vs Brooklyn Nets Full Game Highlights - October 26, 2025 | NBA Season",https://www.youtube.com/watch?v=pCr5lFfzyEI,pCr5lFfzyEI,GAMETIME HIGHLIGHTS,572,297549,3623,254.0
22500105,"Brooklyn Nets vs San Antonio Spurs - FULL GAME HIGHLIGHTS | October 26, 2025 NBA Season",https://www.youtube.com/watch?v=gcF2ZEPOAH4,gcF2ZEPOAH4,Ximo Pierto,570,456557,3017,279.0
22500105,San Antonio Spurs vs Brooklyn Nets Full Game Highlights | Oct 26 | 2026 NBA Season,https://www.youtube.com/watch?v=xS3iXqfKXSc,xS3iXqfKXSc,Hooper Highlights,585,4291,153,5.0
22500108,"Miami Heat vs New York Knicks Full Game Highlights - October 26, 2025 | NBA Season",https://www.youtube.com/watch?v=Ls9MTw-UMuQ,Ls9MTw-UMuQ,GAMETIME HIGHLIGHTS,524,97954,1048,65.0
22500108,"New York Knicks vs Miami Heat | Full Game Highlights | Oct 26, 2025 | 2025-26 NBA Season",https://www.youtube.com/watch?v=vO1gSVAuo3s,vO1gSVAuo3s,The CCB Network,570,6696,149,1.0
22500108,"Miami HEAT vs. New York Knicks | HEAT Full-Game Highlights | October 26, 2025",https://www.youtube.com/watch?v=PTh-9lePG4o,PTh-9lePG4o,Miami HEAT,567,28341,673,88.0
22500137,"Phoenix Suns vs Memphis Grizzlies Full Game Highlights - October 29, 2025 | NBA Season",https://www.youtube.com/watch?v=R5TYbm_tyZY,R5TYbm_tyZY,GAMETIME HIGHLIGHTS,573,107499,1089,60.0
22500137,"Memphis Grizzlies vs Phoenix Suns - FULL GAME HIGHLIGHTS | October 29, 2025 NBA Season",https://www.youtube.com/watch?v=WhtW_E-8sj8,WhtW_E-8sj8,Ximo Pierto,579,19016,203,11.0
22500137,Memphis Grizzlies vs Phoenix Suns | Full Game Highlights | Oct 29 | 2025-26 NBA Season,https://www.youtube.com/watch?v=hwN7CeHNJdo,hwN7CeHNJdo,The CCB Network,638,1148,30,
22500137,Memphis Grizzlies vs Phoenix Suns Full Game Highlights | Oct 29 | 2026 NBA Season,https://www.youtube.com/watch?v=JCtZc57pLw4,JCtZc57pLw4,Hooper Highlights,595,3172,132,1.0
22500137,"Grizzlies vs. Suns Ending - Final Minute | October 29, 2025",https://www.youtube.com/watch?v=x9TBpuxKS3c,x9TBpuxKS3c,Bleacher Report,96,17658,87,15.0
22500100,"Chicago Bulls vs Orlando Magic Full Game Highlights - October 25, 2025 | NBA Season",https://www.youtube.com/watch?v=ysEYxNBUWIQ,ysEYxNBUWIQ,GAMETIME HIGHLIGHTS,533,92499,1007,55.0
22500100,Chicago Bulls at Orlando Magic (10/25/25) | Game Highlights | CHSN Bulls,https://www.youtube.com/watch?v=igoKb-IuPEU,igoKb-IuPEU,Chicago Sports Network,120,14742,82,5.0
22500100,Chicago Bulls vs Orlando Magic Full Game Highlights | Oct 25 | 2026 NBA Season,https://www.youtube.com/watch?v=s1t9e02FkwQ,s1t9e02FkwQ,Hooper Highlights,568,3259,132,
22500118,"San Antonio Spurs vs Toronto Raptors Full Game Highlights - October 27, 2025 | NBA Season",https://www.youtube.com/watch?v=UID18K9hIBk,UID18K9hIBk,GAMETIME HIGHLIGHTS,566,373056,4598,268.0
22500118,"Toronto Raptors vs San Antonio Spurs - FULL GAME HIGHLIGHTS | October 27, 2025 NBA Season",https://www.youtube.com/watch?v=-N11zd6arx8,-N11zd6arx8,Ximo Pierto,575,49484,543,27.0
22500118,"San Antonio Spurs vs Toronto Raptors Full Game Highlights | Oct 27, 2025 | FreeDawkins",https://www.youtube.com/watch?v=nzfrR7bWo1M,nzfrR7bWo1M,FreeDawkins,577,25042,1168,41.0
22500118,San Antonio Spurs vs Toronto Raptors Full Game Highlights | Oct 27 | 2026 NBA Season,https://www.youtube.com/watch?v=4x2ruvCD26s,4x2ruvCD26s,Hooper Highlights,587,5202,196,10.0
22500118,"Toronto Raptors vs San Antonio Spurs - Full Team Highlights | October 27, 2025",https://www.youtube.com/watch?v=KZxM6sbtQhc,KZxM6sbtQhc,Raptors Nation,535,2313,32,14.0
22500096,"Dallas Mavericks vs Washington Wizards Full Game Highlights - October 24, 2025 | NBA Season",https://www.youtube.com/watch?v=wQTUiQ-qfvE,wQTUiQ-qfvE,GAMETIME HIGHLIGHTS,541,341758,2539,451.0
22500096,Dallas Mavericks vs Washington Wizards Full Game Highlights | Oct 24 | 2026 NBA Season,https://www.youtube.com/watch?v=H1fwKMCC6hY,H1fwKMCC6hY,Hooper Highlights,598,3876,151,9.0
22500091,"Cleveland Cavaliers vs Brooklyn Nets Full Game Highlights - October 24, 2025 | NBA Season",https://www.youtube.com/watch?v=ItHMsVQ3v88,ItHMsVQ3v88,GAMETIME HIGHLIGHTS,573,69094,752,30.0
22500091,"Cleveland Cavaliers vs Brooklyn Nets | Full Game Highlights | Oct 24, 2025 | 2025-26 NBA Season",https://www.youtube.com/watch?v=vk3LZWorahk,vk3LZWorahk,The CCB Network,574,3026,88,
22500018,"Boston Celtics vs New York Knicks Full Game Highlights - October 24, 2025 | NBA Season",https://www.youtube.com/watch?v=D6hZ_ecD9dc,D6hZ_ecD9dc,GAMETIME HIGHLIGHTS,536,197516,2002,108.0
22500018,"Boston Celtics vs New York Knicks | Full Game Highlights | Oct 24, 2025 | 2025-26 NBA Season",https://www.youtube.com/watch?v=N7BhgT0-BUU,N7BhgT0-BUU,The CCB Network,563,8840,183,9.0
22500080,"Brooklyn Nets vs Charlotte Hornets Full Game Highlights - October 22, 2025 | NBA Season",https://www.youtube.com/watch?v=twl8oBHOdiA,twl8oBHOdiA,GAMETIME HIGHLIGHTS,515,134602,1713,81.0
22500080,"Brooklyn Nets vs Charlotte Hornets - FULL GAME HIGHLIGHTS | Oct 22, 2025-26 NBA Season",https://www.youtube.com/watch?v=nqRkRyc2TX0,nqRkRyc2TX0,The CCB Network,620,6306,179,4.0
22500121,"Golden State Warriors vs Memphis Grizzlies Full Game Highlights - October 27, 2025 | NBA Season",https://www.youtube.com/watch?v=pui7d3fGcpA,pui7d3fGcpA,GAMETIME HIGHLIGHTS,556,861558,8676,285.0
22500121,"Memphis Grizzlies vs Golden State Warriors - FULL GAME HIGHLIGHTS | October 27, 2025 NBA Season",https://www.youtube.com/watch?v=PARNF78oSso,PARNF78oSso,Ximo Pierto,575,664389,4611,172.0
22500121,"Golden State Warriors vs Memphis Grizzlies Full Game Highlights | Oct 27, 2025 | FreeDawkins",https://www.youtube.com/watch?v=rDvcGM6lXco,rDvcGM6lXco,FreeDawkins,631,168751,6501,157.0
22500121,Golden State Warriors vs Memphis Grizzlies Full Game Highlights | Oct 27 | 2026 NBA Season,https://www.youtube.com/watch?v=_gnQvTrv8GE,_gnQvTrv8GE,Hooper Highlights,590,5849,213,5.0
22500111,"Dallas Mavericks vs Toronto Raptors Full Game Highlights - October 26, 2025 | NBA Season",https://www.youtube.com/watch?v=g7XGC3KVjdc,g7XGC3KVjdc,GAMETIME HIGHLIGHTS,542,347183,2548,128.0
22500111,"Dallas Mavericks vs Toronto Raptors Full Game Highlights | Oct 26, 2025 | FreeDawkins",https://www.youtube.com/watch?v=VvJVYF4ax1M,VvJVYF4ax1M,FreeDawkins,697,29383,1203,44.0
22500111,"Toronto Raptors vs Dallas Mavericks | Full Game Highlights | Oct 26, 2025 | 2025-26 NBA Season",https://www.youtube.com/watch?v=wCkRdiMC37o,wCkRdiMC37o,The CCB Network,569,8421,199,4.0
22500111,"Toronto Raptors vs Dallas Mavericks - Full Team Highlights | October 26, 2025",https://www.youtube.com/watch?v=n5Rg3K_evJY,n5Rg3K_evJY,Raptors Nation,584,2653,43,12.0
22500104,"Denver Nuggets vs Phoenix Suns Full Game Highlights - October 25, 2025 | NBA Season",https://www.youtube.com/watch?v=b_MILvT5c0g,b_MILvT5c0g,GAMETIME HIGHLIGHTS,562,340979,2858,189.0
22500104,"Phoenix Suns vs Denver Nuggets - FULL GAME HIGHLIGHTS | October 25, 2025 NBA Season",https://www.youtube.com/watch?v=JHsBpueTX6U,JHsBpueTX6U,Ximo Pierto,574,7418,62,3.0
22500104,"Phoenix Suns vs Denver Nuggets | Full Game Highlights | Oct 25, 2025 | 2025-26 NBA Season",https://www.youtube.com/watch?v=-xXAj7EoNZ4,-xXAj7EoNZ4,The CCB Network,582,25157,388,8.0
22500086,"Milwaukee Bucks vs Washington Wizards Full Game Highlights - October 22, 2025 | NBA Season",https://www.youtube.com/watch?v=d_Ts0uHQdx4,d_Ts0uHQdx4,GAMETIME HIGHLIGHTS,550,208173,1964,94.0
22500098,"Sacramento Kings vs Utah Jazz Full Game Highlights - October 24, 2025 | NBA Season",https://www.youtube.com/watch?v=bT069M9pM3Q,bT069M9pM3Q,GAMETIME HIGHLIGHTS,585,114605,1032,42.0
22500098,Sacramento Kings vs Utah Jazz Full Game Highlights | Oct 24 | 2026 NBA Season,https://www.youtube.com/watch?v=BRVNxfbyPOw,BRVNxfbyPOw,Hooper Highlights,593,2729,106,2.0
22500098,"Utah Jazz vs Sacramento Kings | Full Game Highlights | Oct 24, 2025 | 2025-26 NBA Season",https://www.youtube.com/watch?v=wW3xq-NlRtA,wW3xq-NlRtA,The CCB Network,600,8682,161,5.0
22500097,"Golden State Warriors vs Portland Trail Blazers Full Game Highlights - October 24, 2025 | NBA Season",https://www.youtube.com/watch?v=xmLW9oMNQp0,xmLW9oMNQp0,GAMETIME HIGHLIGHTS,560,546404,4347,452.0
22500097,Golden State Warriors vs Portland Trail Blazers | Full Highlights | Oct 24 | 2025-26 NBA Season,https://www.youtube.com/watch?v=j0kLA6DkPDs,j0kLA6DkPDs,The CCB Network,591,10383,223,6.0
22500097,"Golden State Warriors vs Portland Trail Blazers - Full Game Highlights | October 24, 2025 NBA Season",https://www.youtube.com/watch?v=lvB2e--M_kI,lvB2e--M_kI,Ximo Pierto,574,8436,87,4.0
22500101,"Oklahoma City Thunder vs Atlanta Hawks Full Game Highlights - October 25, 2025 | NBA Season",https://www.youtube.com/watch?v=KQiBor0Zr-4,KQiBor0Zr-4,GAMETIME HIGHLIGHTS,522,200981,1948,124.0
22500101,"Oklahoma City Thunder vs Atlanta Hawks | Full Game Highlights | Oct 25, 2025 | 2025-26 NBA Season",https://www.youtube.com/watch?v=zFrQIlKqBdw,zFrQIlKqBdw,The CCB Network,555,13583,238,1.0
22500101,Atlanta Hawks vs Oklahoma City Thunder Full Game Highlights | Oct 25 | 2026 NBA Season,https://www.youtube.com/watch?v=GRDeB7CUq90,GRDeB7CUq90,Hooper Highlights,582,4249,158,4.0
22500110,"Minnesota Timberwolves vs Indiana Pacers Full Game Highlights - October 26, 2025 | NBA Season",https://www.youtube.com/watch?v=MzXTMj6yI5s,MzXTMj6yI5s,GAMETIME HIGHLIGHTS,565,118700,1135,48.0
22500110,"Indiana Pacers vs Minnesota Timberwolves - FULL GAME HIGHLIGHTS | October 26, 2025 NBA Season",https://www.youtube.com/watch?v=Q5yGHHm6kOw,Q5yGHHm6kOw,Ximo Pierto,572,19276,186,14.0
22500110,"Indiana Pacers vs Minnesota Timberwolves | Full Game Highlights | Oct 26, 2025 | 2025-26 NBA Season",https://www.youtube.com/watch?v=AhJ9gQSYt30,AhJ9gQSYt30,The CCB Network,576,5631,140,5.0
22500110,Minnesota Timberwolves vs Indiana Pacers Full Game Highlights | Oct 26 | 2026 NBA Season,https://www.youtube.com/watch?v=-y9_aO9b4EU,-y9_aO9b4EU,Hooper Highlights,598,2582,101,
22500090,"Atlanta Hawks vs Orlando Magic Full Game Highlights - October 24, 2025 | NBA Season",https://www.youtube.com/watch?v=um_f5ZXulYw,um_f5ZXulYw,GAMETIME HIGHLIGHTS,565,86366,889,54.0
22500090,"INTENSE FINAL SECONDS 😱 Hawks vs Magic | October 24, 2025",https://www.youtube.com/watch?v=_DcsuHk2WjI,_DcsuHk2WjI,House of Highlights,90,17526,191,30.0
22500095,"San Antonio Spurs vs New Orleans Pelicans Full Game Highlights - October 24, 2025 | NBA Season",https://www.youtube.com/watch?v=j4tPaT2K9h8,j4tPaT2K9h8,GAMETIME HIGHLIGHTS,581,868482,8289,573.0
22500095,"San Antonio Spurs vs New Orleans Pelicans | Full Game Highlights | Oct 24, 2025 | 2025-26 NBA Season",https://www.youtube.com/watch?v=lckAQAC-Wtg,lckAQAC-Wtg,The CCB Network,601,24954,397,20.0
22500088,"Phoenix Suns vs Sacramento Kings Full Game Highlights - October 22, 2025 | NBA Season",https://www.youtube.com/watch?v=JO-8HVv3njk,JO-8HVv3njk,GAMETIME HIGHLIGHTS,570,208919,1969,124.0
22500113,"Los Angeles Lakers vs Sacramento Kings Full Game Highlights - October 26, 2025 | NBA Season",https://www.youtube.com/watch?v=bNhwTOkK8J4,bNhwTOkK8J4,GAMETIME HIGHLIGHTS,573,563831,6223,504.0
22500113,"Los Angeles Lakers vs Sacramento Kings Full Game Highlights | Oct 26, 2025 | FreeDawkins",https://www.youtube.com/watch?v=eLsdZnxiZw0,eLsdZnxiZw0,FreeDawkins,668,103814,4172,236.0
22500113,"Los Angeles Lakers vs Sacramento Kings - FULL GAME HIGHLIGHTS | October 26, 2025 NBA Season",https://www.youtube.com/watch?v=OKfi8yaQl6o,OKfi8yaQl6o,Ximo Pierto,583,604594,4565,289.0
22500113,"Lakers vs Kings | Lakers Highlights | October 26, 2025",https://www.youtube.com/watch?v=f7ZZ7B0A7cY,f7ZZ7B0A7cY,LakeShow Highlights,597,158111,4344,438.0
22500005,"Oklahoma City Thunder vs Indiana Pacers Full Game Highlights - October 23, 2025 | NBA Season",https://www.youtube.com/watch?v=a6576oNJoiQ,a6576oNJoiQ,GAMETIME HIGHLIGHTS,580,371083,3998,596.0
22500005,"Oklahoma City Thunder vs Indiana Pacers | Full Game Highlights | Oct 23, 2025 | 2025-26 NBA Season",https://www.youtube.com/watch?v=y6Y1lpV7UiQ,y6Y1lpV7UiQ,The CCB Network,616,12773,332,19.0
22500005,"Oklahoma City Thunder vs Indiana Pacers - Full Game Highlights | October 23, 2025-26 NBA Season",https://www.youtube.com/watch?v=Yw_18igB-Bg,Yw_18igB-Bg,Ximo Pierto,570,3358,83,7.0
22500122,"Los Angeles Lakers vs Portland Trail Blazers Full Game Highlights - October 27, 2025 | NBA Season",https://www.youtube.com/watch?v=ZxHdfUGX018,ZxHdfUGX018,GAMETIME HIGHLIGHTS,547,345715,2864,366.0
22500122,"Los Angeles Lakers vs Portland Trail Blazers Full Game Highlights | Oct 27, 2025 | FreeDawkins",https://www.youtube.com/watch?v=eoteBq9nrMc,eoteBq9nrMc,FreeDawkins,700,49143,1495,82.0
22500122,Los Angeles Lakers vs Portlant Trail Blazers Full Game Highlights | Oct 27 | 2026 NBA Season,https://www.youtube.com/watch?v=CJdZ8uwyGuI,CJdZ8uwyGuI,Hooper Highlights,574,4948,165,5.0
22500122,"Portland Trail Blazers vs Los Angeles Lakers - FULL GAME HIGHLIGHTS | October 27, 2025 NBA Season",https://www.youtube.com/watch?v=n9GpUHf2dsI,n9GpUHf2dsI,Ximo Pierto,564,31983,335,30.0
22500122,"Lakers vs Blazers | Lakers Highlights | October 27th, 2025",https://www.youtube.com/watch?v=Nkkk1B_HgjQ,Nkkk1B_HgjQ,Lakers GametimeTV,480,10517,158,13.0
22500103,"Memphis Grizzlies vs Indiana Pacers Full Game Highlights - October 25, 2025 | NBA Season",https://www.youtube.com/watch?v=Ny_Ub-MUbQQ,Ny_Ub-MUbQQ,GAMETIME HIGHLIGHTS,512,130459,1273,29.0
22500103,Memphis Grizzlies vs Indiana Pacers Full Game Highlights | Oct 25 | 2026 NBA Season,https://www.youtube.com/watch?v=V9CezZkDFxw,V9CezZkDFxw,Hooper Highlights,572,3328,131,2.0
22500103,"Indiana Pacers vs Memphis Grizzlies | Full Game Highlights | Oct 25, 2025 | 2025-26 NBA Season",https://www.youtube.com/watch?v=Tr768Zlrlas,Tr768Zlrlas,The CCB Network,551,6999,147,1.0
22500103,Memphis Grizzlies vs Indiana Pacers 1st Qtr Oct 25. 2025 Highlights | NBA highlight,https://www.youtube.com/watch?v=MrPj4y1RYNk,MrPj4y1RYNk,Mây Trắng Review,565,1306,4,
22500085,"New Orleans Pelicans vs Memphis Grizzlies Full Game Highlights - October 22, 2025 | NBA Season",https://www.youtube.com/watch?v=e9DQ8yBo6DM,e9DQ8yBo6DM,GAMETIME HIGHLIGHTS,550,365743,3862,158.0
22500085,Memphis Grizzlies vs New Orleans Pelicans Full Game Highlights | Oct 22 | 2026 NBA Season,https://www.youtube.com/watch?v=p-tddIzCZuM,p-tddIzCZuM,Hooper Highlights,597,4337,171,2.0
22500089,Minnesota Timberwolves vs Portland Trail Blazers Full Game Highlights - October 22 2025 | NBA Season,https://www.youtube.com/watch?v=R69b9EcM3IU,R69b9EcM3IU,GAMETIME HIGHLIGHTS,583,275162,2589,189.0
22500089,"Minnesota Timberwolves vs Portland Trail Blazers - FULL GAME HIGHLIGHTS | Oct 22, 2025-26 NBA Season",https://www.youtube.com/watch?v=WlRG-IoVYH0,WlRG-IoVYH0,The CCB Network,628,7552,176,3.0
22500089,"Minnesota Timberwolves vs Portland Trail Blazers Full Game Highlights | Oct 22, 2025 | FreeDawkins",https://www.youtube.com/watch?v=G5ppouWlaZM,G5ppouWlaZM,FreeDawkins,626,31638,1323,48.0
22500087,"Los Angeles Clippers vs Utah Jazz Full Game Highlights - October 22, 2025 | NBA Season",https://www.youtube.com/watch?v=rN5lAmWQau0,rN5lAmWQau0,GAMETIME HIGHLIGHTS,549,216689,1789,190.0
22500087,"LA Clippers vs Utah Jazz - FULL GAME HIGHLIGHTS | Oct 22, 2025-26 NBA Season",https://www.youtube.com/watch?v=ZCWWFAWLlmM,ZCWWFAWLlmM,The CCB Network,582,9697,188,8.0
22500093,"Houston Rockets vs Detroit Pistons Full Game Highlights - October 24, 2025 | NBA Season",https://www.youtube.com/watch?v=58WzON0rUXc,58WzON0rUXc,GAMETIME HIGHLIGHTS,557,450312,3698,350.0
22500093,"Detroit Pistons vs Houston Rockets | Full Game Highlights | Oct 24, 2025 | 2025-26 NBA Season",https://www.youtube.com/watch?v=8mLjCo1Uj_o,8mLjCo1Uj_o,The CCB Network,577,13282,296,12.0
22500093,Houston Rockets vs Detroit Pistons Full Game Highlights | Oct 24 | 2026 NBA Season,https://www.youtube.com/watch?v=N3G00LojSQU,N3G00LojSQU,Hooper Highlights,587,4757,189,3.0
22500093,"FlightReacts To PISTONS at ROCKETS | FULL GAME HIGHLIGHTS | October 24, 2025!",https://www.youtube.com/watch?v=j5xPQhm6NOc,j5xPQhm6NOc,NotYourAverageFlight,739,93669,3842,80.0
22500094,"Miami Heat vs Memphis Grizzlies Full Game Highlights - October 24, 2025 | NBA Season",https://www.youtube.com/watch?v=i0BrUAza78Q,i0BrUAza78Q,GAMETIME HIGHLIGHTS,544,87864,916,51.0
22500094,"Miami HEAT vs. Memphis Grizzlies | HEAT Full-Game Highlights | October 24, 2025",https://www.youtube.com/watch?v=aJoK-trkxR8,aJoK-trkxR8,Miami HEAT,754,40194,846,119.0
22500094,Memphis Grizzlies vs Miami Heat Full Game Highlights | Oct 24 | 2026 NBA Season,https://www.youtube.com/watch?v=HlZzHBuF0kU,HlZzHBuF0kU,Hooper Highlights,582,2705,112,
22500094,"Miami Heat vs Memphis Grizzlies | Full Game Highlights | Oct 24, 2025 | 2025-26 NBA Season",https://www.youtube.com/watch?v=Ua8VcACqh1c,Ua8VcACqh1c,The CCB Network,569,4194,110,6.0
22500083,"Boston Celtics vs Philadelphia 76ers Full Game Highlights - October 22, 2025 | NBA Season",https://www.youtube.com/watch?v=loTnBDJeTXg,loTnBDJeTXg,GAMETIME HIGHLIGHTS,555,499026,4811,356.0
22500083,"Boston Celtics vs Philadelphia 76ers Full Game Highlights | Oct 22, 2025 | FreeDawkins",https://www.youtube.com/watch?v=8iPnGmSwNZU,8iPnGmSwNZU,FreeDawkins,665,46667,1627,96.0
22500083,"Philadelphia 76ers vs Boston Celtics - FULL GAME HIGHLIGHTS | Oct 22, 2025-26 NBA Season",https://www.youtube.com/watch?v=NFCLlfAd1Ro,NFCLlfAd1Ro,The CCB Network,589,9194,241,8.0
22500019,"Los Angeles Lakers vs Minnesota Timberwolves Full Game Highlights - October 24, 2025 | NBA Season",https://www.youtube.com/watch?v=H0iHi7iFkiQ,H0iHi7iFkiQ,GAMETIME HIGHLIGHTS,552,1177168,11230,662.0
22500019,"Los Angeles Lakers vs Minnesota Timberwolves Full Game Highlights | Oct 24, 2025 | FreeDawkins",https://www.youtube.com/watch?v=5NTlOQO7J7k,5NTlOQO7J7k,FreeDawkins,613,143160,5189,245.0
22500019,"Minnesota Timberwolves vs Los Angeles Lakers - Full Game Highlights | October 24, 2025-26 NBA Season",https://www.youtube.com/watch?v=TzYF3CNgcA8,TzYF3CNgcA8,Ximo Pierto,571,5086,70,8.0
22500019,Minnesota Timberwolves vs Los Angeles Lakers Full Game Highlights | Oct 24 | 2026 NBA Season,https://www.youtube.com/watch?v=2Th4BoR0ymI,2Th4BoR0ymI,Hooper Highlights,597,7894,307,8.0
22500019,"Lakers vs Timberwolves | Lakers Highlights | October 24, 2025",https://www.youtube.com/watch?v=gxlThZ6ZH1Y,gxlThZ6ZH1Y,LakeShow Highlights,598,299515,6235,392.0
22500006,"Golden State Warriors vs Denver Nuggets Full Game Highlights | Oct 23, 2025 | FreeDawkins",https://www.youtube.com/watch?v=J61fiVUOoi4,J61fiVUOoi4,FreeDawkins,752,262347,13096,812.0
22500006,"Golden State Warriors vs Denver Nuggets Full Game Highlights - October 23, 2025 | NBA Season",https://www.youtube.com/watch?v=KjGEGxPnk1Y,KjGEGxPnk1Y,GAMETIME HIGHLIGHTS,582,1330486,15082,944.0
22500006,"Denver Nuggets vs Golden State Warriors - Full Game Highlights | October 23, 2025-26 NBA Season",https://www.youtube.com/watch?v=25vg3m3S3NQ,25vg3m3S3NQ,Ximo Pierto,566,16134,271,18.0
22500006,"Denver Nuggets vs Golden State Warriors | Full Game Highlights | Oct 23, 2025 | 2025-26 NBA Season",https://www.youtube.com/watch?v=5jWZ4hqPHPU,5jWZ4hqPHPU,The CCB Network,566,18717,422,19.0
22500084,"Chicago Bulls vs Detroit Pistons Full Game Highlights - October 22, 2025 | NBA Season",https://www.youtube.com/watch?v=kEJnYGrxO1I,kEJnYGrxO1I,GAMETIME HIGHLIGHTS,576,104632,1270,49.0
22500084,"Detroit Pistons vs Chicago Bulls - FULL GAME HIGHLIGHTS | Oct 22, 2025-26 NBA Season",https://www.youtube.com/watch?v=nTDX2OAo10A,nTDX2OAo10A,The CCB Network,615,5037,155,4.0
22500084,Detroit Pistons at Chicago Bulls (10/22/25) | Game Highlights | CHSN Bulls,https://www.youtube.com/watch?v=Y9S38Ag6xds,Y9S38Ag6xds,Chicago Sports Network,118,6386,70,12.0
22500003,"Cleveland Cavaliers vs New York Knicks Full Game Highlights - October 22, 2025 | NBA Season",https://www.youtube.com/watch?v=rXt8k-wjGew,rXt8k-wjGew,GAMETIME HIGHLIGHTS,574,225658,2198,80.0
22500003,"Cleveland Cavaliers vs New York Knicks - FULL GAME HIGHLIGHTS | Oct 22, 2025-26 NBA Season",https://www.youtube.com/watch?v=usVhfLfJsfk,usVhfLfJsfk,The CCB Network,603,6473,181,2.0
22500003,"Cleveland Cavaliers vs New York Knicks - Full Game Highlights | October 22, 2025-26 NBA Season",https://www.youtube.com/watch?v=87EflCp7JlI,87EflCp7JlI,Ximo Pierto,577,2212,74,7.0
22500003,"FlightReacts To CAVALIERS at KNICKS | FULL GAME HIGHLIGHTS | October 22, 2025!",https://www.youtube.com/watch?v=3vMs8AVriUU,3vMs8AVriUU,NotYourAverageFlight,647,47645,2268,102.0
22500082,"Atlanta Hawks vs Toronto Raptors Full Game Highlights - October 22, 2025 | NBA Season",https://www.youtube.com/watch?v=CfF7p0S2G2U,CfF7p0S2G2U,GAMETIME HIGHLIGHTS,565,83160,1030,55.0
22500082,"Toronto Raptors vs Atlanta Hawks - FULL GAME HIGHLIGHTS | Oct 22, 2025-26 NBA Season",https://www.youtube.com/watch?v=ZXUPb2tCfYA,ZXUPb2tCfYA,The CCB Network,608,3500,114,
22500082,"Toronto Raptors vs Atlanta Hawks - Full Team Highlights | October 22, 2025",https://www.youtube.com/watch?v=2oFvpXxpC44,2oFvpXxpC44,Raptors Nation,578,14025,262,38.0
22500082,"Toronto Raptors vs Atlanta Hawks - First Half Team Highlights | October 22, 2025",https://www.youtube.com/watch?v=KaS3oGCFOIs,KaS3oGCFOIs,Raptors Nation,278,4905,47,7.0
22500081,"Miami Heat vs Orlando Magic Full Game Highlights - October 22, 2025 | NBA Season",https://www.youtube.com/watch?v=jTA434KdzW8,jTA434KdzW8,GAMETIME HIGHLIGHTS,575,161187,1572,50.0
22500081,"Miami Heat vs Orlando Magic - FULL GAME HIGHLIGHTS | Oct 22, 2025-26 NBA Season",https://www.youtube.com/watch?v=rfsUQ4KxG0c,rfsUQ4KxG0c,The CCB Network,613,7192,205,5.0
22500081,"Miami HEAT vs. Orlando Magic | HEAT Full-Game Highlights | October 22, 2025",https://www.youtube.com/watch?v=WkSm-VU40Fw,WkSm-VU40Fw,Miami HEAT,650,11178,165,24.0
22500081,Orlando Magic vs Miami Heat Full Game Highlights | Oct 22 | 2026 NBA Season,https://www.youtube.com/watch?v=o8UhWHi-4lg,o8UhWHi-4lg,Hooper Highlights,580,3503,163,
22500092,"Milwaukee Bucks vs Toronto Raptors Full Game Highlights - October 24, 2025 | NBA Season",https://www.youtube.com/watch?v=fBFd_8W44lY,fBFd_8W44lY,GAMETIME HIGHLIGHTS,565,167217,1794,82.0
22500092,"Toronto Raptors vs Milwaukee Bucks - Full Team Highlights | October 24, 2025",https://www.youtube.com/watch?v=KfLqvaFcFsA,KfLqvaFcFsA,Raptors Nation,575,5189,63,12.0
22500092,"Milwaukee Bucks vs Toronto Raptors | Full Game Highlights | Oct 24, 2025 | 2025-26 NBA Season",https://www.youtube.com/watch?v=oCjwpIGWmHE,oCjwpIGWmHE,The CCB Network,592,19577,307,9.0
22500092,"Toronto Raptors vs Milwaukee Bucks - First Half Team Highlights | October 24, 2025",https://www.youtube.com/watch?v=UYyCLYwkBvk,UYyCLYwkBvk,Raptors Nation,298,4895,34,6.0
22500092,"Milwaukee Bucks vs Toronto Raptors - Full Game Highlights | October 24, 2025-26 NBA Season",https://www.youtube.com/watch?v=yp3Yym6tOVk,yp3Yym6tOVk,Ximo Pierto,576,5192,71,5.0
22500102,"Philadelphia 76ers vs Charlotte Hornets Full Game Highlights - October 25, 2025 | NBA Season",https://www.youtube.com/watch?v=KGhYdLlCM0I,KGhYdLlCM0I,GAMETIME HIGHLIGHTS,573,271582,2468,224.0
22500102,"Charlotte Hornets vs Philadelphia 76ers - FULL GAME HIGHLIGHTS | October 25, 2025 NBA Season",https://www.youtube.com/watch?v=LH_KlS8TU2E,LH_KlS8TU2E,Ximo Pierto,574,6252,95,3.0
22500102,Philadelphia 76ers vs Charlotte Hornets Full Game Highlights | Oct 25 | 2026 NBA Season,https://www.youtube.com/watch?v=Ru9FwTc_Dmg,Ru9FwTc_Dmg,Hooper Highlights,586,4431,170,1.0
22500102,"Charlotte Hornets vs Philadelphia 76ers | Full Game Highlights | Oct 25, 2025 | 2025-26 NBA Season",https://www.youtube.com/watch?v=7vTTeuYzvqk,7vTTeuYzvqk,The CCB Network,604,14188,246,8.0
22500102,"Philadelphia 76ers vs Charlotte Hornets Full Game Highlights | Oct 25, 2025 | FreeDawkins",https://www.youtube.com/watch?v=JAu61GU5-xg,JAu61GU5-xg,FreeDawkins,640,32926,1391,75.0
22500102,"INTENSE Ending 😱 Hornets vs 76ers Last Minute | October 25, 2025",https://www.youtube.com/watch?v=SJOsPDFzPGQ,SJOsPDFzPGQ,House of Highlights,99,15722,105,27.0
22500002,"Los Angeles Lakers vs Golden State Warriors Full Game Highlights - October 21, 2025 | NBA Season",https://www.youtube.com/watch?v=clKNdb7gNG4,clKNdb7gNG4,GAMETIME HIGHLIGHTS,581,2024701,20059,1300.0
22500002,"Golden State Warriors vs Los Angeles Lakers Full Game Highlights | Oct 21, 2025 | FreeDawkins",https://www.youtube.com/watch?v=gpssIL2D3wY,gpssIL2D3wY,FreeDawkins,637,226211,8836,484.0
22500002,"Golden State Warriors vs Los Angeles Lakers - Full Game Highlights | October 21, 2025-26 NBA Season",https://www.youtube.com/watch?v=v1bHw8GTl-U,v1bHw8GTl-U,Ximo Pierto,570,80355,531,25.0
22500002,"Golden State Warriors vs Los Angeles Lakers - FULL GAME HIGHLIGHTS | Oct 21, 2025-26 NBA Season",https://www.youtube.com/watch?v=OFKxBK7Ku1U,OFKxBK7Ku1U,The CCB Network,573,7457,172,7.0
22500001,"Oklahoma City Thunder vs Houston Rockets Full Game Highlights - October 21, 2025 | NBA Season",https://www.youtube.com/watch?v=ISI6GOnNWp0,ISI6GOnNWp0,GAMETIME HIGHLIGHTS,563,889395,10282,972.0
22500001,"Houston Rockets vs Oklahoma City Thunder - Full Game Highlights | October 21, 2025-26 NBA Season",https://www.youtube.com/watch?v=PazHxasZyKA,PazHxasZyKA,Ximo Pierto,578,15170,219,19.0
22500001,"Houston Rockets vs OKC Thunder Full Game Highlights | Oct 21, 2025 | FreeDawkins",https://www.youtube.com/watch?v=-UC7LzCMZd8,-UC7LzCMZd8,FreeDawkins,821,109159,4429,210.0
22500001,"Houston Rockets vs Oklahoma City Thunder - FULL GAME HIGHLIGHTS | Oct 21, 2025-26 NBA Season",https://www.youtube.com/watch?v=EzG9w_DOdEw,EzG9w_DOdEw,The CCB Network,587,4821,120,6.0
22500001,Houston Rockets vs Oklahoma City Thunder Full Game Highlights | Oct 21 | 2026 NBA Season,https://www.youtube.com/watch?v=AEID9EXGUTI,AEID9EXGUTI,Hooper Highlights,597,7157,308,16.0
22500004,"San Antonio Spurs vs Dallas Mavericks Full Game Highlights - October 22, 2025 | NBA Season",https://www.youtube.com/watch?v=WoExMGywFw4,WoExMGywFw4,GAMETIME HIGHLIGHTS,552,1207581,13334,1400.0
22500004,"Dallas Mavericks vs San Antonio Spurs Full Game Highlights | Oct 22, 2025 | FreeDawkins",https://www.youtube.com/watch?v=PeyfbQ1ugbs,PeyfbQ1ugbs,FreeDawkins,599,101846,3659,365.0
22500004,"San Antonio Spurs vs Dallas Mavericks - FULL GAME HIGHLIGHTS | Oct 22, 2025-26 NBA Season",https://www.youtube.com/watch?v=TgZgj1EMPLE,TgZgj1EMPLE,The CCB Network,600,15019,361,26.0
22500004,San Antonio Spurs vs Dallas Mavericks Full Game Highlights | Oct 22 | 2026 NBA Season,https://www.youtube.com/watch?v=EC6iDnDt1oY,EC6iDnDt1oY,Hooper Highlights,585,8268,321,17.0
22500004,"San Antonio Spurs vs Dallas Mavericks - Full Game Highlights | October 22, 2025-26 NBA Season",https://www.youtube.com/watch?v=DkDjNGL-YZA,DkDjNGL-YZA,Ximo Pierto,576,3319,64,7.022500424,"Charlotte Hornets vs Orlando Magic Full Game Highlights – December 26, 2025 | NBA Season",https://www.youtube.com/watch?v=l5ir1TZxJjk,l5ir1TZxJjk,GAMETIME HIGHLIGHTS,576,4394,60,15
22500428,"Milwaukee Bucks vs Memphis Grizzlies Full Game Highlights – December 26, 2025 | NBA Season",https://www.youtube.com/watch?v=2jiqv7eR_Bo,2jiqv7eR_Bo,GAMETIME HIGHLIGHTS,588,3927,78,11
22500413,"Milwaukee Bucks vs Indiana Pacers Full Game Highlights – December 23, 2025 | NBA Season",https://www.youtube.com/watch?v=liAwHhl5zPk,liAwHhl5zPk,GAMETIME HIGHLIGHTS,589,22705,279,31
22500409,"Charlotte Hornets vs Washington Wizards Full Game Highlights – December 23, 2025 | NBA Season",https://www.youtube.com/watch?v=IrpfL0OcIuI,IrpfL0OcIuI,GAMETIME HIGHLIGHTS,585,25787,392,32
22500423,"Miami Heat vs Atlanta Hawks Full Game Highlights – December 26, 2025 | NBA Season",https://www.youtube.com/watch?v=fSLyYkYg2Fc,fSLyYkYg2Fc,GAMETIME HIGHLIGHTS,591,7307,129,21
22500410,"Philadelphia 76ers vs Brooklyn Nets Full Game Highlights – December 23, 2025 | NBA Season",https://www.youtube.com/watch?v=2MFmXcufluk,2MFmXcufluk,GAMETIME HIGHLIGHTS,582,36816,480,37.0
22500410,Brooklyn Nets vs Philadelphia 76ers Full Game Highlights | Dec 23 | 2026 NBA Season,https://www.youtube.com/watch?v=cUy4wKukjvI,cUy4wKukjvI,Hooper Highlights,590,1127,43,
22500421,"Detroit Pistons vs Sacramento Kings Full Game Highlights – December 23, 2025 | NBA Season",https://www.youtube.com/watch?v=e6Zbg5Xz2gI,e6Zbg5Xz2gI,GAMETIME HIGHLIGHTS,586,53648,564,28.0
22500421,Detroit Pistons vs Sacramento Kings | Full Game Highlights | December 23 | 2025-26 NBA Season,https://www.youtube.com/watch?v=bzbJz1CbVxs,bzbJz1CbVxs,The CCB Network,626,3109,67,5.0
22500412,"Cleveland Cavaliers vs New Orleans Pelicans Full Game Highlights – December 23, 2025 | NBA Season",https://www.youtube.com/watch?v=3GcgHcw_tTE,3GcgHcw_tTE,GAMETIME HIGHLIGHTS,550,19369,301,14
22500412,New Orleans Pelicans vs Cleveland Cavaliers Full Game Highlights | Dec 23 | 2026 NBA Season,https://www.youtube.com/watch?v=F4nYdtiioWg,F4nYdtiioWg,Hooper Highlights,588,1055,46,2
22500419,"Memphis Grizzlies vs Utah Jazz Full Game Highlights – December 23, 2025 | NBA Season",https://www.youtube.com/watch?v=A5pa8rMZBTo,A5pa8rMZBTo,GAMETIME HIGHLIGHTS,582,25157,271,15.0
22500419,Memphis Grizzlies vs Utah Jazz | Full Game Highlights | December 23 | 2025-26 NBA Season,https://www.youtube.com/watch?v=Xnj7gYdiXiE,Xnj7gYdiXiE,The CCB Network,621,1633,38,2.0
22500427,"Philadelphia 76ers vs Chicago Bulls Full Game Highlights – December 26, 2025 | NBA Season",https://www.youtube.com/watch?v=FPv3NJdeBL0,FPv3NJdeBL0,GAMETIME HIGHLIGHTS,591,4996,105,22.0
22500427,"Philadelphia 76ers vs Chicago Bulls - FULL GAME HIGHLIGHTS | December 26, 2025",https://www.youtube.com/watch?v=3Owyo_HYpRE,3Owyo_HYpRE,PlayCut Network,573,1623,29,3.0
22500420,"Portland Trail Blazers vs Orlando Magic Full Game Highlights – December 23, 2025 | NBA Season",https://www.youtube.com/watch?v=FWhMT0oLWyE,FWhMT0oLWyE,GAMETIME HIGHLIGHTS,594,26522,322,30.0
22500420,Portland Trail Blazers vs Orlando Magic | Full Game Highlights | December 23 | 2025-26 NBA Season,https://www.youtube.com/watch?v=n4gGy5XSDD4,n4gGy5XSDD4,The CCB Network,633,1429,39,
22500425,"Toronto Raptors vs Washington Wizards Full Game Highlights – December 26, 2025 | NBA Season",https://www.youtube.com/watch?v=QQSi5Ab_wsw,QQSi5Ab_wsw,GAMETIME HIGHLIGHTS,580,1752,52,
22500425,"Toronto Raptors vs Washington Wizards - Full Team Highlights | Dec 26, 2025",https://www.youtube.com/watch?v=BQevfUHQurY,BQevfUHQurY,Raptors Nation,557,1758,27,18.0
22500416,"New York Knicks vs Minnesota Timberwolves Full Game Highlights – December 23, 2025 | NBA Season",https://www.youtube.com/watch?v=uG4saUqCmaM,uG4saUqCmaM,GAMETIME HIGHLIGHTS,550,112067,1258,63.0
22500416,New York Knicks vs Minnesota Timberwolves Full Game Highlights | Dec 23 | 2026 NBA Season,https://www.youtube.com/watch?v=mFbQVh_ZUak,mFbQVh_ZUak,Hooper Highlights,594,2406,101,
22500013,"Denver Nuggets vs Minnesota Timberwolves Full Game Highlights – December 25, 2025 | NBA Christmas",https://www.youtube.com/watch?v=KgXiqNun_KI,KgXiqNun_KI,GAMETIME HIGHLIGHTS,584,366485,4242,647
22500013,"Denver Nuggets vs Minnesota Timberwolves Full Game Highlights | Dec 25, 2025 | FreeDawkins",https://www.youtube.com/watch?v=8oQ1EaD6ug0,8oQ1EaD6ug0,FreeDawkins,692,18979,837,65
22500402,"Cleveland Cavaliers vs Charlotte Hornets Full Game Highlights – December 22, 2025 | NBA Season",https://www.youtube.com/watch?v=GMGhRQkBH2w,GMGhRQkBH2w,GAMETIME HIGHLIGHTS,587,39023,508,25.0
22500402,Charlotte Hornets vs Cleveland Cavaliers Full Game Highlights | Dec 22 | 2026 NBA Season,https://www.youtube.com/watch?v=N4l5B_uhVXg,N4l5B_uhVXg,Hooper Highlights,594,1192,59,
22500400,"Minnesota Timberwolves vs Milwaukee Bucks Full Game Highlights – December 21, 2025 | NBA Season",https://www.youtube.com/watch?v=qe5fqHXUQ2Q,qe5fqHXUQ2Q,GAMETIME HIGHLIGHTS,589,104780,1067,35.0
22500010,"Oklahoma City Thunder vs San Antonio Spurs Full Game Highlights – December 25, 2025 | NBA Season",https://www.youtube.com/watch?v=1zIvDzkBnro,1zIvDzkBnro,GAMETIME HIGHLIGHTS,559,456985,5063,741.0
22500010,"San Antonio Spurs vs Oklahoma City Thunder Full Game Highlights | Dec 25, 2025 | FreeDawkins",https://www.youtube.com/watch?v=4C566mTbZLM,4C566mTbZLM,FreeDawkins,570,49887,1687,224.0
22500010,"FlightReacts To SPURS at THUNDER | FULL GAME HIGHLIGHTS | December 25, 2025!",https://www.youtube.com/watch?v=iKA_tPgtkMQ,iKA_tPgtkMQ,NotYourAverageFlight,877,127894,5761,246.0
22500411,"Atlanta Hawks vs Chicago Bulls Full Game Highlights – December 23, 2025 | NBA Season",https://www.youtube.com/watch?v=WO0iQ6Dfouc,WO0iQ6Dfouc,GAMETIME HIGHLIGHTS,589,30955,458,54.0
22500411,Chicago Bulls vs Atlanta Hawks Full Game Highlights | Dec 23 | 2026 NBA Season,https://www.youtube.com/watch?v=EdN9AIwJ8zI,EdN9AIwJ8zI,Hooper Highlights,596,1225,56,1.0
22500411,Atlanta Hawks vs Chicago Bulls | Full Game Highlights | December 23 | 2025-26 NBA Season,https://www.youtube.com/watch?v=F7DtAYIL8f4,F7DtAYIL8f4,The CCB Network,628,2110,43,
22500414,"Toronto Raptors vs Miami Heat Full Game Highlights – December 23, 2025 | NBA Season",https://www.youtube.com/watch?v=j6hruWo9v1Q,j6hruWo9v1Q,GAMETIME HIGHLIGHTS,581,17566,270,14
22500414,"Toronto Raptors vs Miami Heat - Full Team Highlights | Dec 23, 2025",https://www.youtube.com/watch?v=lV861fJKedE,lV861fJKedE,Raptors Nation,582,17647,190,26
22500414,"Toronto Raptors vs Miami Heat - First Half Team Highlights | Dec 23, 2025",https://www.youtube.com/watch?v=JpoojfxuydE,JpoojfxuydE,Raptors Nation,246,2838,20,4
22500404,"Dallas Mavericks vs New Orleans Pelicans Full Game Highlights – December 22, 2025 | NBA Season",https://www.youtube.com/watch?v=ncTLIXM3PyM,ncTLIXM3PyM,GAMETIME HIGHLIGHTS,591,145113,1109,74
22500404,"Dallas Mavericks vs New Orleans Pelicans - FULL GAME HIGHLIGHTS | December 22, 2025 NBA Season",https://www.youtube.com/watch?v=ZhSJezzjv20,ZhSJezzjv20,Ximo Pierto,577,2721,58,1
22500404,"Dallas Mavericks vs New Orleans Pelicans Full Game Highlights | Dec 22, 2025 | FreeDawkins",https://www.youtube.com/watch?v=-FfX38RgciI,-FfX38RgciI,FreeDawkins,602,23354,510,44
22500391,"Memphis Grizzlies vs Washington Wizards Full Game Highlights – December 20, 2025 | NBA Season",https://www.youtube.com/watch?v=OoGEEFec8Gs,OoGEEFec8Gs,GAMETIME HIGHLIGHTS,593,23137,292,9
22500009,"New York Knicks vs Cleveland Cavaliers Full Game Highlights – December 25, 2025 | NBA Christmas",https://www.youtube.com/watch?v=OCXYgmAMuXE,OCXYgmAMuXE,GAMETIME HIGHLIGHTS,592,113040,1313,145
22500009,"New York Knicks vs Cleveland Cavaliers Full Game Highlights | Dec 25, 2025 | FreeDawkins",https://www.youtube.com/watch?v=us9KjcBl_0w,us9KjcBl_0w,FreeDawkins,653,18997,682,58
22500009,"INTENSE ENDING 😳 | Cavs vs Knicks | Dec 25, 2025",https://www.youtube.com/watch?v=O0r_GD_9-9g,O0r_GD_9-9g,House of Highlights,90,35474,360,48
22500009,"FlightReacts To CAVALIERS at KNICKS | FULL GAME HIGHLIGHTS | December 25, 2025!",https://www.youtube.com/watch?v=4MDxlxdw5lY,4MDxlxdw5lY,NotYourAverageFlight,889,60807,2864,100
22500403,"Boston Celtics vs Indiana Pacers Full Game Highlights – December 22, 2025 | NBA Season",https://www.youtube.com/watch?v=gZCdOPVvtGU,gZCdOPVvtGU,GAMETIME HIGHLIGHTS,585,86508,908,44.0
22500403,Boston Celtics vs Indiana Pacers | Full Game Highlights | December 22 | 2025-26 NBA Season,https://www.youtube.com/watch?v=1FoqzNGlb-c,1FoqzNGlb-c,The CCB Network,624,7684,145,3.0
22500403,Boston Celtics vs Indiana Pacers Full Game Highlights | Dec 22 | 2026 NBA Season,https://www.youtube.com/watch?v=7HduSwai79o,7HduSwai79o,Hooper Highlights,593,1578,60,1.0
22500012,"Los Angeles Lakers vs Houston Rockets Full Game Highlights – December 25, 2025 | NBA Christmas",https://www.youtube.com/watch?v=dzmo-vRlw9M,dzmo-vRlw9M,GAMETIME HIGHLIGHTS,571,463870,3401,664.0
22500012,Los Angeles Lakers vs Houston Rockets Full Game Highlights | Dec 25 | 2025 NBA Highlights,https://www.youtube.com/watch?v=GvcWUtSglSY,GvcWUtSglSY,Lakers Dynasty Highlights,560,7774,36,
22500012,"Los Angeles Lakers vs Houston Rockets Full Game Highlights | Dec 25, 2025 | FreeDawkins",https://www.youtube.com/watch?v=zeDxgHFSpj4,zeDxgHFSpj4,FreeDawkins,606,66970,1531,133.0
22500408,"Detroit Pistons vs Portland Trail Blazers Full Game Highlights – December 22, 2025 | NBA Season",https://www.youtube.com/watch?v=5BnTEw9CQtc,5BnTEw9CQtc,GAMETIME HIGHLIGHTS,581,43243,510,18.0
22500408,Detroit Pistons vs Portland Trail Blazers | Full Game Highlights | December 22 | 2025-26 NBA Season,https://www.youtube.com/watch?v=GHiTTlGqEzw,GHiTTlGqEzw,The CCB Network,620,1491,41,1.0
22500408,Detroit Pistons vs Portland Trail Blazers Full Game Highlights | Dec 22 | 2026 NBA Season,https://www.youtube.com/watch?v=jBjjHBwfYOs,jBjjHBwfYOs,Hooper Highlights,596,1476,46,
22500393,"Orlando Magic vs Utah Jazz Full Game Highlights – December 20, 2025 | NBA Season",https://www.youtube.com/watch?v=Oz6bw9fVJzQ,Oz6bw9fVJzQ,GAMETIME HIGHLIGHTS,585,31152,370,24
22500011,"Golden State Warriors vs Dallas Mavericks Full Game Highlights – December 25, 2025 | NBA Christmas",https://www.youtube.com/watch?v=vqaRCTh4Fdo,vqaRCTh4Fdo,GAMETIME HIGHLIGHTS,584,392560,3327,164
22500011,"Golden State Warriors vs Dallas Mavericks Full Game Highlights | Dec 25, 2025 | FreeDawkins",https://www.youtube.com/watch?v=eJlxrQZ5T5E,eJlxrQZ5T5E,FreeDawkins,644,103847,3334,159
22500011,Golden State Warriors vs Dallas Mavericks | Full Game Highlights | December 25 | 2025-26 NBA Season,https://www.youtube.com/watch?v=r6udQCoUTWc,r6udQCoUTWc,The CCB Network,623,8805,115,2
22500011,"WARRIORS vs MAVERICKS FULL GAME HIGHLIGHTS DECEMBER 25, 2025 NBA HIGHLIGHTS TODAY",https://www.youtube.com/watch?v=mbLV4ZOOMJo,mbLV4ZOOMJo,Ecalz90 Sports Simulation,844,8724,5,2
22500397,"Toronto Raptors vs Brooklyn Nets Full Game Highlights – December 21, 2025 | NBA Season",https://www.youtube.com/watch?v=EO0JsVZhq5Q,EO0JsVZhq5Q,GAMETIME HIGHLIGHTS,581,20357,283,13
22500397,"Toronto Raptors vs Brooklyn Nets - Full Team Highlights | Dec 21, 2025",https://www.youtube.com/watch?v=mvNs2OaXMtE,mvNs2OaXMtE,Raptors Nation,583,4484,49,11
22500417,"San Antonio Spurs vs Oklahoma City Thunder Full Game Highlights – December 23, 2025 | NBA Season",https://www.youtube.com/watch?v=Oz9mpnwsYDU,Oz9mpnwsYDU,GAMETIME HIGHLIGHTS,579,602959,6620,680
22500417,"San Antonio Spurs vs OKC Thunder Full Game Highlights | Dec 23, 2025 | FreeDawkins",https://www.youtube.com/watch?v=pGIEodgwqY0,pGIEodgwqY0,FreeDawkins,612,66082,2112,232
22500417,"San Antonio Spurs vs Oklahoma City Thunder - FULL GAME HIGHLIGHTS | December 23, 2025",https://www.youtube.com/watch?v=MJ4STfSOwSs,MJ4STfSOwSs,Ximo Pierto,567,8213,203,16
22500417,San Antonio Spurs vs Oklahoma City Thunder | Full Game Highlights | December 23 | 2025-26 NBA Season,https://www.youtube.com/watch?v=xBb5I23MkG4,xBb5I23MkG4,The CCB Network,615,11438,189,6
22500422,"Houston Rockets vs Los Angeles Clippers Full Game Highlights – December 23, 2025 | NBA Season",https://www.youtube.com/watch?v=FpSCz-UG7_Y,FpSCz-UG7_Y,GAMETIME HIGHLIGHTS,550,164204,1384,191
22500422,"Houston Rockets vs Los Angeles Clippers Full Game Highlights | Dec 23, 2025 | FreeDawkins",https://www.youtube.com/watch?v=6uzu-dZ_APg,6uzu-dZ_APg,FreeDawkins,595,28650,701,43
22500422,"Houston Rockets vs Los Angeles Clippers - FULL GAME HIGHLIGHTS | December 23, 2025",https://www.youtube.com/watch?v=sV46wyMzW8I,sV46wyMzW8I,Ximo Pierto,572,4262,102,4
22500422,Los Angeles Clippers vs Houston Rockets FULLGAME Qtr Dec 23.2025 Highlights | NBA hightlight,https://www.youtube.com/watch?v=bHZd66GhxQ4,bHZd66GhxQ4,韩大胆 Cờ Tướng Phương Bắc,785,1683,12,1
22500390,"Detroit Pistons vs Charlotte Hornets Full Game Highlights – December 20, 2025 | NBA Season",https://www.youtube.com/watch?v=nFDOsORFV-c,nFDOsORFV-c,GAMETIME HIGHLIGHTS,589,42892,536,25
22500390,Charlotte Hornets vs Detroit Pistons Full Game Highlights | Dec 20 | 2026 NBA Season,https://www.youtube.com/watch?v=CYasOB6W504,CYasOB6W504,Hooper Highlights,596,1453,51,1
22500394,"Portland Trail Blazers vs Sacramento Kings Full Game Highlights – December 20, 2025 | NBA Season",https://www.youtube.com/watch?v=RSU5EMWkoPM,RSU5EMWkoPM,GAMETIME HIGHLIGHTS,587,38594,444,26
22500394,Portland Trail Blazers vs Sacramento Kings | Full Game Highlights | December 20 | 2025-26 NBA Season,https://www.youtube.com/watch?v=quKzHEQ32n8,quKzHEQ32n8,The CCB Network,627,1860,46,1
22500386,"Houston Rockets vs Denver Nuggets Full Game Highlights – December 20, 2025 | NBA Season",https://www.youtube.com/watch?v=8dMTx_7BSjs,8dMTx_7BSjs,GAMETIME HIGHLIGHTS,589,294501,2371,209
22500386,"Denver Nuggets vs Houston Rockets Full Game Highlights | Dec 20, 2025 | FreeDawkins",https://www.youtube.com/watch?v=joUpuBCZQ2U,joUpuBCZQ2U,FreeDawkins,582,25680,722,43
22500398,"New York Knicks vs Miami Heat Full Game Highlights – December 21, 2025 | NBA Season",https://www.youtube.com/watch?v=ZaRrTD3ngao,ZaRrTD3ngao,GAMETIME HIGHLIGHTS,585,78694,808,29
22500398,"New York Knicks vs Miami Heat Full Game Highlights | Dec 21, 2025 | FreeDawkins",https://www.youtube.com/watch?v=EbVYkK0hO6E,EbVYkK0hO6E,FreeDawkins,591,12223,365,10
22500398,New York Knicks vs Miami Heat | Full Game Highlights | December 21 | 2025-26 NBA Season,https://www.youtube.com/watch?v=uRva1f5vIOY,uRva1f5vIOY,The CCB Network,624,7697,108,4
22500372,"New York Knicks vs Indiana Pacers Full Game Highlights – December 18, 2025 | NBA Season",https://www.youtube.com/watch?v=lfJPA4ylq98,lfJPA4ylq98,GAMETIME HIGHLIGHTS,582,47190,574,39
22500370,"San Antonio Spurs vs Washington Wizards Full Game Highlights – December 18, 2025 | NBA Season",https://www.youtube.com/watch?v=PTSp1yrBQnU,PTSp1yrBQnU,GAMETIME HIGHLIGHTS,576,160057,1641,123
22500380,"Portland Trail Blazers vs Sacramento Kings Full Game Highlights – December 18, 2025 | NBA Season",https://www.youtube.com/watch?v=RN123SUUCFw,RN123SUUCFw,GAMETIME HIGHLIGHTS,579,43062,528,72
22500376,"Dallas Mavericks vs Detroit Pistons Full Game Highlights – December 18, 2025 | NBA Season",https://www.youtube.com/watch?v=JobvZ2zncfM,JobvZ2zncfM,GAMETIME HIGHLIGHTS,591,162411,1689,151
22500389,"Indiana Pacers vs New Orleans Pelicans Full Game Highlights – December 20, 2025 | NBA Season",https://www.youtube.com/watch?v=MDQT29zU-_U,MDQT29zU-_U,GAMETIME HIGHLIGHTS,587,14052,230,7
22500389,"Indiana Pacers vs New Orleans Pelicans Full Game Highlights – December 20, 2025 | NBA Season",https://www.youtube.com/watch?v=xfCcSPpfnRY,xfCcSPpfnRY,GAMETIME HIGHLIGHTS,586,62395,660,22
22500384,"Cleveland Cavaliers vs Chicago Bulls Full Game Highlights – December 19, 2025 | NBA Season",https://www.youtube.com/watch?v=eXf_zh-QcMI,eXf_zh-QcMI,GAMETIME HIGHLIGHTS,592,40663,565,35.0
22500384,Chicago Bulls vs Cleveland Cavaliers Full Game Highlights | Dec 19 | 2026 NBA Season,https://www.youtube.com/watch?v=y90kfjSP3co,y90kfjSP3co,Hooper Highlights,580,1368,63,
22500396,"Atlanta Hawks vs Chicago Bulls Full Game Highlights – December 21, 2025 | NBA Season",https://www.youtube.com/watch?v=-LorfO1RdQ8,-LorfO1RdQ8,GAMETIME HIGHLIGHTS,574,48879,619,56.0
22500396,"Chicago Bulls vs Atlanta Hawks - FULL GAME HIGHLIGHTS | December 21, 2025 NBA Season",https://www.youtube.com/watch?v=FoGEOS8AoiA,FoGEOS8AoiA,Ximo Pierto,576,1726,46,3.0
22500396,Atlanta Hawks vs Chicago Bulls | Full Game Highlights | December 21 | 2025-26 NBA Season,https://www.youtube.com/watch?v=82WZvmawGaA,82WZvmawGaA,The CCB Network,613,2724,61,1.0
22500396,302 TOTAL POINTS 🤯 | Chicago Bulls vs. Atlanta Hawks - Game Highlights (12/21/25),https://www.youtube.com/watch?v=_MJNhfhkx_Y,_MJNhfhkx_Y,Chicago Sports Network,119,1493,7,1.0
22500383,"San Antonio Spurs vs Atlanta Hawks Full Game Highlights – December 19, 2025 | NBA Season",https://www.youtube.com/watch?v=e_uqzrAh5VQ,e_uqzrAh5VQ,GAMETIME HIGHLIGHTS,583,252295,2269,138.0
22500383,San Antonio Spurs vs Atlanta Hawks Full Game Highlights | Dec 19 | 2026 NBA Season,https://www.youtube.com/watch?v=9iXKIs26T08,9iXKIs26T08,Hooper Highlights,590,2847,103,3.0
22500377,"Denver Nuggets vs Orlando Magic Full Game Highlights – December 18, 2025 | NBA Season",https://www.youtube.com/watch?v=dx79YhbrC6Q,dx79YhbrC6Q,GAMETIME HIGHLIGHTS,589,144869,1508,124
22500369,"Oklahoma City Thunder vs Los Angeles Clippers Full Game Highlights – December 18, 2025 | NBA Season",https://www.youtube.com/watch?v=GRV7O0k6CwA,GRV7O0k6CwA,GAMETIME HIGHLIGHTS,579,134281,1315,132
22500399,"San Antonio Spurs vs Washington Wizards Full Game Highlights – December 21, 2025 | NBA Season",https://www.youtube.com/watch?v=VIJY55yh8ik,VIJY55yh8ik,GAMETIME HIGHLIGHTS,582,186856,1779,91
22500399,"San Antonio Spurs vs Washington Wizards Full Game Highlights | Dec 21, 2025 | FreeDawkins",https://www.youtube.com/watch?v=cZj-_sa-0FQ,cZj-_sa-0FQ,FreeDawkins,588,13393,403,15
22500399,"San Antonio Spurs vs Washington Wizards - FULL GAME HIGHLIGHTS | December 21, 2025 NBA Season",https://www.youtube.com/watch?v=5hGLcTsSXTg,5hGLcTsSXTg,Ximo Pierto,582,2510,68,3
22500399,San Antonio Spurs vs Washington Wizards | Full Game Highlights | December 21 | 2025-26 NBA Season,https://www.youtube.com/watch?v=dYFve8ezFo4,dYFve8ezFo4,The CCB Network,622,5199,106,1
22500406,"Oklahoma City Thunder vs Memphis Grizzlies Full Game Highlights – December 22, 2025 | NBA Season",https://www.youtube.com/watch?v=iH-7ObU14GU,iH-7ObU14GU,GAMETIME HIGHLIGHTS,575,146053,1240,112.0
22500406,"Oklahoma City Thunder vs Memphis Grizzlies - FULL GAME HIGHLIGHTS | December 22, 2025 NBA Season",https://www.youtube.com/watch?v=4WH_6TaHDK0,4WH_6TaHDK0,Ximo Pierto,568,2958,75,3.0
22500406,Oklahoma City Thunder vs Memphis Grizzlies Full Game Highlights | Dec 22 | 2026 NBA Season,https://www.youtube.com/watch?v=5DSVdxrk9Qo,5DSVdxrk9Qo,Hooper Highlights,574,2016,69,
22500406,Oklahoma City Thunder vs Memphis Grizzlies | Full Game Highlights | December 22 | 2025-26 NBA Season,https://www.youtube.com/watch?v=QyFr9Ds0P5E,QyFr9Ds0P5E,The CCB Network,614,3581,66,2.0
22500406,Oklahoma City Thunder vs Memphis Grizzlies Full Game Highlights 1st Qtr| Dec 22 |2025 NBA Highlights,https://www.youtube.com/watch?v=b3G4V_ywQeI,b3G4V_ywQeI,Lakers Dynasty Highlights,497,15010,60,1.0
22500406,Grizzlies vs Oklahoma City Thunder Full Game Highlights 1st Qtr P2 | Dec 22 |2025 NBA Highlights,https://www.youtube.com/watch?v=Q6slKxN0oW0,Q6slKxN0oW0,Lakers Dynasty Highlights,414,9648,36,1.0
22500401,"Houston Rockets vs Sacramento Kings Full Game Highlights – December 21, 2025 | NBA Season",https://www.youtube.com/watch?v=ogR4wF30hpU,ogR4wF30hpU,GAMETIME HIGHLIGHTS,572,243084,2287,366.0
22500401,"Houston Rockets vs Sacramento Kings Full Game Highlights | Dec 21, 2025 | FreeDawkins",https://www.youtube.com/watch?v=huF3TBuenUA,huF3TBuenUA,FreeDawkins,688,40944,1199,92.0
22500401,Houston Rockets vs Sacramento Kings Full Game Highlights | Dec 21 | 2026 NBA Season,https://www.youtube.com/watch?v=5b0VggqniwQ,5b0VggqniwQ,Hooper Highlights,598,2953,116,5.0
22500401,"INSANE OT ENDING 😱 Rockets vs Kings 🔥 December 21, 2025",https://www.youtube.com/watch?v=uWIXNPxMrIM,uWIXNPxMrIM,House of Highlights,90,26457,258,60.0
22500373,"Miami Heat vs Brooklyn Nets Full Game Highlights – December 18, 2025 | NBA Season",https://www.youtube.com/watch?v=eF9srTm7Lbc,eF9srTm7Lbc,GAMETIME HIGHLIGHTS,581,25350,317,8.0
22500373,"Miami HEAT vs. Brooklyn Nets | HEAT Highlights | December 18, 2025",https://www.youtube.com/watch?v=0WmMf6nUXZE,0WmMf6nUXZE,Miami HEAT,158,2465,69,12.0
22500418,"Los Angeles Lakers vs Phoenix Suns Full Game Highlights – December 23, 2025 | NBA Season",https://www.youtube.com/watch?v=DWzpMyWBHMQ,DWzpMyWBHMQ,GAMETIME HIGHLIGHTS,555,342613,2783,554.0
22500418,Los Angeles Lakers vs Phoenix Suns Full Game Highlights 1st Qtr | Dec 23 | 2025 NBA Highlights,https://www.youtube.com/watch?v=v8sVJ0L0ISI,v8sVJ0L0ISI,Lakers Dynasty Highlights,487,124500,585,59.0
22500418,"Los Angeles Lakers vs Phoenix Suns - FULL GAME HIGHLIGHTS | December 23, 2025",https://www.youtube.com/watch?v=U-Z55YQRziU,U-Z55YQRziU,Ximo Pierto,570,5625,123,12.0
22500418,Los Angeles Lakers vs Phoenix Suns Full Game Highlights 2nd Qtr | Dec 23 | 2025 NBA Highlights,https://www.youtube.com/watch?v=7gVj1CWc6zo,7gVj1CWc6zo,Gustavo Intenso,562,4754,22,
22500418,Los Angeles Lakers vs Phoenix Suns Full Game Highlights 3rd Qtr | Dec 23 | 2025 NBA Highlights,https://www.youtube.com/watch?v=7hUO1zOF4fQ,7hUO1zOF4fQ,Gustavo Intenso,554,2236,12,
22500418,Los Angeles Lakers vs Phoenix Suns Full Game Highlights 4th Qtr | Dec 23 | 2025 NBA Highlights,https://www.youtube.com/watch?v=4WYxAbzMgcE,4WYxAbzMgcE,Gustavo Intenso,541,3280,17,
22500381,"Boston Celtics vs Miami Heat Full Game Highlights – December 19, 2025 | NBA Season",https://www.youtube.com/watch?v=Nfj75ypzEdA,Nfj75ypzEdA,GAMETIME HIGHLIGHTS,593,88374,1015,22.0
22500381,Boston Celtics vs Miami Heat Full Game Highlights | Dec 19 | 2026 NBA Season,https://www.youtube.com/watch?v=4sgvC_3mU8Q,4sgvC_3mU8Q,Hooper Highlights,592,1990,86,2.0
22500381,"Boston Celtics vs Miami Heat Game 2nd Highlights - Dec 19 , 2025 | NBA Season",https://www.youtube.com/watch?v=7wSWLENUqMA,7wSWLENUqMA,Trường Nhiều Chuyện Media,485,1435,9,1.0
22500371,"Atlanta Hawks vs Charlotte Hornets Full Game Highlights – December 18, 2025 | NBA Season",https://www.youtube.com/watch?v=LO0CsmSUz9k,LO0CsmSUz9k,GAMETIME HIGHLIGHTS,581,52276,742,52.0
22500371,Atlanta Hawks vs Charlotte Hornets | Full Game Highlights | December 18 | 2025-26 NBA Season,https://www.youtube.com/watch?v=88OT0RC1WBk,88OT0RC1WBk,The CCB Network,620,3687,77,1.0
22500388,"Boston Celtics vs Toronto Raptors Full Game Highlights – December 20, 2025 | NBA Season",https://www.youtube.com/watch?v=voKYC9kGMMc,voKYC9kGMMc,GAMETIME HIGHLIGHTS,591,60151,714,31.0
22500388,"Boston Celtics vs Toronto Raptors Full Game Highlights | Dec 20, 2025 | FreeDawkins",https://www.youtube.com/watch?v=PII7Ok-SdYI,PII7Ok-SdYI,FreeDawkins,584,4732,169,4.0
22500388,"Toronto Raptors vs Boston Celtics - Full Team Highlights | Dec 20, 2025",https://www.youtube.com/watch?v=MlmnHaU5aTQ,MlmnHaU5aTQ,Raptors Nation,470,3847,47,17.0
22500388,"Toronto Raptors vs Boston Celtics Game 1ST Highlights - Dec 20 , 2025 | NBA Season",https://www.youtube.com/watch?v=MTqLSqk6lu0,MTqLSqk6lu0,Trường Nhiều Chuyện Media,588,1945,12,
22500388,"Toronto Raptors vs Boston Celtics - First Half Team Highlights | Dec 20, 2025",https://www.youtube.com/watch?v=ILzqiYrDtXM,ILzqiYrDtXM,Raptors Nation,227,1748,18,2.0
22500374,"Milwaukee Bucks vs Toronto Raptors Full Game Highlights – December 18, 2025 | NBA Season",https://www.youtube.com/watch?v=dkQ6UxWy-54,dkQ6UxWy-54,GAMETIME HIGHLIGHTS,550,22381,303,8.0
22500374,"Toronto Raptors vs Milwaukee Bucks - Full Team Highlights | Dec 18, 2025",https://www.youtube.com/watch?v=-dDlU_Kbzds,-dDlU_Kbzds,Raptors Nation,584,17624,234,24.0
22500374,"Toronto Raptors vs Milwaukee Bucks - First Half Team Highlights | Dec 18, 2025",https://www.youtube.com/watch?v=S_BEvOWrwmY,S_BEvOWrwmY,Raptors Nation,295,3674,37,4.0
22501216,"Indiana Pacers vs Washington Wizards Full Game Highlights – December 14, 2025 | NBA Season",https://www.youtube.com/watch?v=-QSlEy9Knfc,-QSlEy9Knfc,GAMETIME HIGHLIGHTS,579,16909,228,16.0
22501216,Indiana Pacers vs Washington Wizards | Full Game Highlights | December 14 | 2025-26 NBA Season,https://www.youtube.com/watch?v=yZvzAmjB8JM,yZvzAmjB8JM,The CCB Network,618,1256,34,
22500375,"Houston Rockets vs New Orleans Pelicans Full Game Highlights – December 18, 2025 | NBA Season",https://www.youtube.com/watch?v=FlLLrtX5M50,FlLLrtX5M50,GAMETIME HIGHLIGHTS,579,72841,771,137.0
22500375,"Houston Rockets vs New Orleans Pelicans Full Game Highlights | Dec 18, 2025 | FreeDawkins",https://www.youtube.com/watch?v=5F7JFSd3-dk,5F7JFSd3-dk,FreeDawkins,713,19342,501,41.0
22500375,Houston Rockets vs New Orleans Pelicans Full Game Highlights | Dec 18 | 2026 NBA Season,https://www.youtube.com/watch?v=UBunAGSofzE,UBunAGSofzE,Hooper Highlights,598,2305,82,6.0
22500367,"Cleveland Cavaliers vs Chicago Bulls Full Game Highlights – December 17, 2025 | NBA Season",https://www.youtube.com/watch?v=PKa92Fd4VI0,PKa92Fd4VI0,GAMETIME HIGHLIGHTS,574,74000,825,36.0
22500367,Cleveland Cavaliers vs Chicago Bulls Full Game Highlights | Dec 17 | 2026 NBA Season,https://www.youtube.com/watch?v=nidYkNOO1JA,nidYkNOO1JA,Hooper Highlights,573,2426,105,1.0
22500367,Cleveland Cavaliers vs Chicago Bulls Full Game Highlights 4th Qtr | Dec 17 | 2025 NBA Highlights,https://www.youtube.com/watch?v=se4zjssg3Hc,se4zjssg3Hc,Lakers Dynasty Highlights,326,6721,27,1.0
22500429,"Phoenix Suns vs New Orleans Pelicans Full Game Highlights – December 26, 2025 | NBA Season",https://www.youtube.com/watch?v=YRLNJ5ywWRI,YRLNJ5ywWRI,GAMETIME HIGHLIGHTS,594,6298,103,7.0
22500429,Phoenix Suns vs New Orleans Pelicans Full Game Highlights 1st Qtr | Dec 26 | 2025 NBA Highlights,https://www.youtube.com/watch?v=yiI6Fi_aGH4,yiI6Fi_aGH4,Lakers Dynasty Highlights,566,3976,20,1.0
22500429,Phoenix Suns vs New Orleans Pelicans Full Game Highlights 4th Qtr | Dec 26 | 2025 NBA Highlights,https://www.youtube.com/watch?v=PCOwfJ6vpFU,PCOwfJ6vpFU,Lakers Dynasty Highlights,566,5510,36,
22500429,Phoenix Suns vs New Orleans Pelicans Full Game Highlights 4th Qtr P2 | Dec 26 | 2025 NBA Highlights,https://www.youtube.com/watch?v=y_HD1AtHojQ,y_HD1AtHojQ,Lakers Dynasty Highlights,465,4197,25,1.0
22500429,Phoenix Suns vs New Orleans Pelicans Full Game Highlights 2nd Qtr | Dec 26 | 2025 NBA Highlights,https://www.youtube.com/watch?v=uXGMKLWRCb4,uXGMKLWRCb4,Lakers Dynasty Highlights,520,2809,15,
22500429,Phoenix Suns vs New Orleans Pelicans Full Game Highlights 3rd Qtr | Dec 26 | 2025 NBA Highlights,https://www.youtube.com/watch?v=es6xtQtX5f8,es6xtQtX5f8,Lakers Dynasty Highlights,551,2243,5,3.0
22500429,Phoenix Suns vs New Orleans Pelicans Full Game Highlights 3rd Qtr P2 | Dec 26 | 2025 NBA Highlights,https://www.youtube.com/watch?v=zYxEKlir1vk,zYxEKlir1vk,Lakers Dynasty Highlights,441,1366,13,
22500429,Phoenix Suns vs New Orleans Pelicans Full Game Highlights 2nd Qtr P2 | Dec 26 | 2025 NBA Highlights,https://www.youtube.com/watch?v=SvmSYnqI3hc,SvmSYnqI3hc,Lakers Dynasty Highlights,293,1069,3,
22501223,"Chicago Bulls vs New Orleans Pelicans Full Game Highlights – December 14, 2025 | NBA Season",https://www.youtube.com/watch?v=-tZ41KD2HQA,-tZ41KD2HQA,GAMETIME HIGHLIGHTS,586,22287,314,23.0
22501223,"New Orleans Pelicans vs Chicago Bulls - FULL GAME HIGHLIGHTS | December 14, 2025 NBA Season",https://www.youtube.com/watch?v=WN9R3r5C1zs,WN9R3r5C1zs,Ximo Pierto,567,1614,63,4.0
22500387,"Dallas Mavericks vs Philadelphia 76ers Full Game Highlights | Dec 20, 2025 | FreeDawkins",https://www.youtube.com/watch?v=PO0r0ZXfRIw,PO0r0ZXfRIw,FreeDawkins,621,22467,552,27.0
22500387,Dallas Mavericks vs Philadelphia 76ers | Full Game Highlights | December 20 | 2025-26 NBA Season,https://www.youtube.com/watch?v=6ilbPjz1R7M,6ilbPjz1R7M,The CCB Network,625,12985,139,4.0
22500387,"Dallas Mavericks vs Philadelphia 76ers - FULL GAME HIGHLIGHTS | December 20, 2025 NBA Season",https://www.youtube.com/watch?v=-wghb4pukvA,-wghb4pukvA,Ximo Pierto,552,2680,50,3.0
22500387,"Philadelphia 76ers VS Dallas Mavericks Game 1st Highlights - Dec 20 , 2025 | NBA Season",https://www.youtube.com/watch?v=wA0QE7r61qY,wA0QE7r61qY,Trường Nhiều Chuyện Media,703,3549,18,
22500387,"Philadelphia 76ers VS Dallas Mavericks Game 2ND Highlights - Dec 20 , 2025 | NBA Season",https://www.youtube.com/watch?v=kD2KO4FpEgo,kD2KO4FpEgo,Trường Nhiều Chuyện Media,722,2218,6,
22500426,"Boston Celtics vs Indiana Pacers Full Game Highlights – December 26, 2025 | NBA Season",https://www.youtube.com/watch?v=z1RJz7F052M,z1RJz7F052M,GAMETIME HIGHLIGHTS,587,8610,161,10.0
22500426,Boston Celtics vs Indiana Pacers Full Game Highlights 4th Qtr | Dec 26 | 2025 NBA Highlights,https://www.youtube.com/watch?v=ZvvDMaCtDCs,ZvvDMaCtDCs,Lakers Dynasty Highlights,564,8087,40,
22500426,Boston Celtics vs Indiana Pacers Full Game Highlights 1st Qtr | Dec 26 | 2025 NBA Highlights,https://www.youtube.com/watch?v=LmbbbvtWG6k,LmbbbvtWG6k,Lakers Dynasty Highlights,506,6837,26,
22500426,Boston Celtics vs Indiana Pacers Full Game Highlights 3rd Qtr | Dec 26 | 2025 NBA Highlights,https://www.youtube.com/watch?v=yaH0nUnfzl4,yaH0nUnfzl4,Lakers Dynasty Highlights,543,8322,39,
22500426,Boston Celtics vs Indiana Pacers Full Game Highlights 2nd Qtr | Dec 26 | 2025 NBA Highlights,https://www.youtube.com/watch?v=n7ipX3B5o8Q,n7ipX3B5o8Q,Lakers Dynasty Highlights,562,9452,50,
22500426,Boston Celtics vs Indiana Pacers Full Game Highlights 4th Qtr P2 | Dec 26 | 2025 NBA Highlights,https://www.youtube.com/watch?v=UlHXsqKxfKk,UlHXsqKxfKk,Lakers Dynasty Highlights,504,2496,12,
22500426,Boston Celtics vs Indiana Pacers Full Game Highlights 3rd Qtr P2 | Dec 26 | 2025 NBA Highlights,https://www.youtube.com/watch?v=9TfG4RZihFc,9TfG4RZihFc,Lakers Dynasty Highlights,549,1288,3,
22500426,Boston Celtics vs Indiana Pacers Full Game Highlights 1st Qtr P2 | Dec 26 | 2025 NBA Highlights,https://www.youtube.com/watch?v=c0_hDBSMN94,c0_hDBSMN94,Lakers Dynasty Highlights,455,3170,15,1.0
22501217,"Philadelphia 76ers vs Atlanta Hawks Full Game Highlights – December 14, 2025 | NBA Season",https://www.youtube.com/watch?v=5XEjpUl7ans,5XEjpUl7ans,GAMETIME HIGHLIGHTS,586,55154,619,23.0
22501217,Philadelphia 76ers vs Atlanta Hawks Full Game Highlights | Dec 14 | 2026 NBA Season,https://www.youtube.com/watch?v=rxnpriTNl2A,rxnpriTNl2A,Hooper Highlights,597,1750,59,
22501209,"Chicago Bulls vs Charlotte Hornets Full Game Highlights – December 12, 2025 | NBA Season",https://www.youtube.com/watch?v=a9DGO2o24zQ,a9DGO2o24zQ,GAMETIME HIGHLIGHTS,588,34696,430,20.0
22501222,"Boston Celtics vs Detroit Pistons Full Game Highlights – December 15, 2025 | NBA Season",https://www.youtube.com/watch?v=qM4P8Q6Xct0,qM4P8Q6Xct0,GAMETIME HIGHLIGHTS,572,140176,1656,115.0
22501222,Boston Celtics vs Detroit Pistons Full Game Highlights | Dec 15 | 2026 NBA Season,https://www.youtube.com/watch?v=5g4soynZM-Q,5g4soynZM-Q,Hooper Highlights,596,2867,124,11.0
22501222,Boston Celtics vs Detroit Pistons | Full Game Highlights | Dec 15 | 2025-26 NBA Season,https://www.youtube.com/watch?v=zX8ohsw-iUM,zX8ohsw-iUM,The CCB Network,611,2241,53,1.0
22501218,"Cleveland Cavaliers vs Charlotte Hornets Full Game Highlights – December 14, 2025 | NBA Season",https://www.youtube.com/watch?v=J2i-UH-MHYo,J2i-UH-MHYo,GAMETIME HIGHLIGHTS,590,47255,532,51
22501218,"Cleveland Cavaliers vs Charlotte Hornets - FULL GAME HIGHLIGHTS | December 14, 2025 NBA Season",https://www.youtube.com/watch?v=Yu3jg5TcvmM,Yu3jg5TcvmM,Ximo Pierto,583,3446,64,8
22501218,Cleveland Cavaliers vs Charlotte Hornets Full Game Highlights | Dec 14 | 2026 NBA Season,https://www.youtube.com/watch?v=u6sM5URO6OY,u6sM5URO6OY,Hooper Highlights,591,1102,68,2
22501213,"Memphis Grizzlies vs Utah Jazz Full Game Highlights – December 12, 2025 | NBA Season",https://www.youtube.com/watch?v=R1AfNRA6vjg,R1AfNRA6vjg,GAMETIME HIGHLIGHTS,589,61414,652,34
22500415,"Dallas Mavericks vs Denver Nuggets Full Game Highlights – December 23, 2025 | NBA Season",https://www.youtube.com/watch?v=oahcxnRsZ8k,oahcxnRsZ8k,GAMETIME HIGHLIGHTS,567,273326,2537,327
22500415,"Denver Nuggets vs Dallas Mavericks Full Game Highlights | Dec 23, 2025 | FreeDawkins",https://www.youtube.com/watch?v=WFnPODJhTGc,WFnPODJhTGc,FreeDawkins,705,40687,1072,77
22500415,Denver Nuggets vs Dallas Mavericks Full Game Highlights | Dec 23 | 2026 NBA Season,https://www.youtube.com/watch?v=dctJxxmC1Tk,dctJxxmC1Tk,Hooper Highlights,596,3143,104,5
22500415,Denver Nuggets vs Dallas Mavericks Full Game Highlights 1st Qtr | Dec 23 | 2025 NBA Highlights,https://www.youtube.com/watch?v=Ajm0CE5B4bY,Ajm0CE5B4bY,Lakers Dynasty Highlights,538,37981,169,6
22500415,"Dallas Mavericks vs Denver Nuggets - FULL GAME HIGHLIGHTS | December 23, 2025",https://www.youtube.com/watch?v=4ugAS2iCQDQ,4ugAS2iCQDQ,Ximo Pierto,583,4349,91,4
22500415,Denver Nuggets vs Dallas Mavericks Full Game Highlights 2nd Qtr | Dec 23 | 2025 NBA Highlights,https://www.youtube.com/watch?v=8aeWzs7zOZ0,8aeWzs7zOZ0,Lakers Dynasty Highlights,541,38971,124,1
22500415,Denver Nuggets vs Dallas Mavericks Full Game Highlights 1st Qtr P2 | Dec 23 | 2025 NBA Highlights,https://www.youtube.com/watch?v=P9rqd_iy0JA,P9rqd_iy0JA,Lakers Dynasty Highlights,278,7799,39,1
22500415,Denver Nuggets vs Dallas Mavericks Full Game Highlights 2nd Qtr P2 | Dec 23 | 2025 NBA Highlights,https://www.youtube.com/watch?v=Pi3nX4XUSLw,Pi3nX4XUSLw,Lakers Dynasty Highlights,227,11958,60,1
22501211,"Philadelphia 76ers vs Indiana Pacers Full Game Highlights – December 12, 2025 | NBA Season",https://www.youtube.com/watch?v=tclalW7BE_U,tclalW7BE_U,GAMETIME HIGHLIGHTS,584,75041,795,56.0
22501211,Philadelphia 76ers vs Indiana Pacers Full Game Highlights | Dec 12 | 2026 NBA Season,https://www.youtube.com/watch?v=shxHAIQ9pAQ,shxHAIQ9pAQ,Hooper Highlights,599,1480,65,
22500405,"Denver Nuggets vs Utah Jazz Full Game Highlights – December 22, 2025 | NBA Season",https://www.youtube.com/watch?v=m_btxxWdYLo,m_btxxWdYLo,GAMETIME HIGHLIGHTS,592,115044,1036,93.0
22500405,"Denver Nuggets vs Utah Jazz - FULL GAME HIGHLIGHTS | December 22, 2025 NBA Season",https://www.youtube.com/watch?v=iqyDzjWLXSw,iqyDzjWLXSw,Ximo Pierto,565,1920,56,2.0
22500405,Utah Jazz vs Denver Nuggets Full Game Highlights  2rd Qtr | Dec 22 | 2025 NBA Highlights,https://www.youtube.com/watch?v=b8M0O42tMI0,b8M0O42tMI0,Lakers Dynasty Highlights,520,7748,22,2.0
22500405,Denver Nuggets vs Utah Jazz Full Game Highlights | Dec 22 | 2026 NBA Season,https://www.youtube.com/watch?v=yM_nt-glPAA,yM_nt-glPAA,Hooper Highlights,595,1940,79,1.0
22500405,Utah Jazz vs Denver Nuggets Full Game Highlights 1st Qtr | Dec 22 | 2025 NBA Highlights,https://www.youtube.com/watch?v=5e2ate4bP14,5e2ate4bP14,Lakers Dynasty Highlights,543,13992,67,4.0
22500405,Utah Jazz vs Denver Nuggets Full Game Highlights 4th Qtr | Dec 22 | 2025 NBA Highlights,https://www.youtube.com/watch?v=5EoMDpwM0_0,5EoMDpwM0_0,Lakers Dynasty Highlights,533,7295,28,
22500405,Utah Jazz vs Denver Nuggets Full Game Highlights 2nd Qtr | Dec 22 | 2025 NBA Highlights,https://www.youtube.com/watch?v=YGg2o-CdNWU,YGg2o-CdNWU,Lakers Dynasty Highlights,566,11166,47,3.0
22500405,Utah Jazz vs Denver Nuggets Full Game Highlights 1st Qtr P2 | Dec 22 | 2025 NBA Highlights,https://www.youtube.com/watch?v=np5yV9JfcnA,np5yV9JfcnA,Lakers Dynasty Highlights,226,2971,16,1.0
22500405,Utah Jazz vs Denver Nuggets Full Game Highlights 2nd Qtr P2 | Dec 22 | 2025 NBA Highlights,https://www.youtube.com/watch?v=9KK3voyf63I,9KK3voyf63I,Lakers Dynasty Highlights,380,1401,9,
22501220,"Minnesota Timberwolves vs Sacramento Kings Full Game Highlights – December 14, 2025 | NBA Season",https://www.youtube.com/watch?v=sbnnnvhbsfw,sbnnnvhbsfw,GAMETIME HIGHLIGHTS,582,65768,624,25.0
22501220,Minnesota Timberwolves vs Sacramento Kings | Full Game Highlights | December 14 | 2025-26 NBA Season,https://www.youtube.com/watch?v=TEALLnR8Ob0,TEALLnR8Ob0,The CCB Network,621,3423,68,
22501220,Minnesota Timberwolves vs Sacramento Kings Full Game Highlights | Dec 14 | 2026 NBA Season,https://www.youtube.com/watch?v=DX3wC3LYhpY,DX3wC3LYhpY,Hooper Highlights,599,1694,60,2.0
22501210,"Detroit Pistons vs Atlanta Hawks Full Game Highlights – December 12, 2025 | NBA Season",https://www.youtube.com/watch?v=VOGBICUH-N8,VOGBICUH-N8,GAMETIME HIGHLIGHTS,578,60721,601,32.0
22501210,Detroit Pistons vs Atlanta Hawks Full Game Highlights | Dec 12 | 2026 NBA Season,https://www.youtube.com/watch?v=W4-5PMnQNOY,W4-5PMnQNOY,Hooper Highlights,591,1627,64,2.0
22500382,"New York Knicks vs Philadelphia 76ers Full Game Highlights – December 19, 2025 | NBA Season",https://www.youtube.com/watch?v=iiWKfFJ5ahI,iiWKfFJ5ahI,GAMETIME HIGHLIGHTS,590,117152,1296,89.0
22500382,Philadelphia 76ers vs New York Knicks Full Game Highlights | Dec 19 | 2026 NBA Season,https://www.youtube.com/watch?v=mPJkIRHbj5I,mPJkIRHbj5I,Hooper Highlights,599,2313,96,2.0
22500382,Philadelphia 76ers vs New York Knicks Full Game Highlights 4th Qtr | Dec 19 | 2025 NBA Highlights,https://www.youtube.com/watch?v=qOjb2PNhhaI,qOjb2PNhhaI,Lakers Dynasty Highlights,539,20520,82,1.0
22500382,Philadelphia 76ers vs New York Knicks Full Game Highlights 1st Qtr | Dec 19 | 2025 NBA Highlights,https://www.youtube.com/watch?v=l7FkDYr01Xo,l7FkDYr01Xo,Lakers Dynasty Highlights,535,1095,13,
22500382,Philadelphia 76ers vs New York Knicks Full Game Highlights 2nd Qtr | Dec 19 | 2025 NBA Highlights,https://www.youtube.com/watch?v=rJ8SRpPigdc,rJ8SRpPigdc,Lakers Dynasty Highlights,565,2127,13,
22500382,Philadelphia 76ers vs New York Knicks Full Game Highlights 3rd Qtr | Dec 19 | 2025 NBA Highlights,https://www.youtube.com/watch?v=Mwhv8W-BgNg,Mwhv8W-BgNg,Lakers Dynasty Highlights,545,2516,11,
22500379,"Los Angeles Lakers vs Utah Jazz Full Game Highlights – December 18, 2025 | NBA Season",https://www.youtube.com/watch?v=M_meBYUy8Is,M_meBYUy8Is,GAMETIME HIGHLIGHTS,578,554817,5018,291.0
22500379,"Los Angeles Lakers vs Utah Jazz Full Game Highlights | Dec 18, 2025 | FreeDawkins",https://www.youtube.com/watch?v=afiWPALIp24,afiWPALIp24,FreeDawkins,598,67961,2091,88.0
22500379,Los Angeles Lakers vs Utah Jazz Full Game Highlights 1st Qtr | Dec 18 | 2025 NBA Highlights,https://www.youtube.com/watch?v=ZCEEmB6mmZs,ZCEEmB6mmZs,Lakers Dynasty Highlights,518,108205,560,21.0
22500379,Los Angeles Lakers vs Utah Jazz Full Game Highlights 1st Qtr P2 | Dec 18 | 2025 NBA Highlights,https://www.youtube.com/watch?v=e5s5tlNLMIw,e5s5tlNLMIw,Lakers Dynasty Highlights,473,39030,182,8.0
22500379,Los Angeles Lakers vs Utah Jazz Full Game Highlights 4th Qtr | Dec 18 | 2025 NBA Highlights,https://www.youtube.com/watch?v=CJ4hqXM4fnY,CJ4hqXM4fnY,Lakers Dynasty Highlights,566,133130,630,10.0
22501219,"Milwaukee Bucks vs Brooklyn Nets Full Game Highlights – December 14, 2025 | NBA Season",https://www.youtube.com/watch?v=uTsb1oqI0go,uTsb1oqI0go,GAMETIME HIGHLIGHTS,577,39973,410,48.0
22501219,Milwaukee Bucks vs Brooklyn Nets Full Game Highlights | Dec 14 | 2026 NBA Season,https://www.youtube.com/watch?v=NzbpA-G-Ahs,NzbpA-G-Ahs,Hooper Highlights,589,1387,56,2.0
22501219,Milwaukee Bucks vs Brooklyn Nets | Full Game Highlights | December 14 | 2025-26 NBA Season,https://www.youtube.com/watch?v=GEf0mxc5ER8,GEf0mxc5ER8,The CCB Network,617,3340,67,1.0
22500364,"Indiana Pacers vs Sacramento Kings Full Game Highlights – December 8, 2025 | NBA Season",https://www.youtube.com/watch?v=cvqimCayboE,cvqimCayboE,GAMETIME HIGHLIGHTS,579,71554,602,71.0
22501212,"Cleveland Cavaliers vs Washington Wizards Full Game Highlights – December 12, 2025 | NBA Season",https://www.youtube.com/watch?v=AjW9GermyTE,AjW9GermyTE,GAMETIME HIGHLIGHTS,582,25674,352,16.0
22501212,Cleveland Cavaliers vs Washington Wizards Full Game Highlights | Dec 12 | 2026 NBA Season,https://www.youtube.com/watch?v=aorZKcmKcJs,aorZKcmKcJs,Hooper Highlights,596,1058,55,
22500385,Oklahoma City Thunder vs Minnesota Timberwolves Full Game Highlights – December 19 2025 | NBA Season,https://www.youtube.com/watch?v=npTXnl1NsBQ,npTXnl1NsBQ,GAMETIME HIGHLIGHTS,572,418886,5571,475.0
22500385,Oklahoma City Thunder vs Minnesota Timberwolves | Full Game Highlights | Dec 19 | 2025-26 NBA Season,https://www.youtube.com/watch?v=XfLh_PXgIO4,XfLh_PXgIO4,The CCB Network,611,6312,125,3.0
22500385,Thunder vs Timberwolves Full Game Highlights 1st Qtr | Dec 19 | 2025 NBA Highlights,https://www.youtube.com/watch?v=N9jJBmogT2U,N9jJBmogT2U,Lakers Dynasty Highlights,493,10600,48,3.0
22500385,Thunder vs Timberwolves Full Game Highlights 4th Qtr P2 | Dec 19 | 2025 NBA Highlights,https://www.youtube.com/watch?v=9GNtdSnNuuA,9GNtdSnNuuA,Lakers Dynasty Highlights,506,77893,328,32.0
22500385,Thunder vs Timberwolves Full Game Highlights 4th Qtr | Dec 19 | 2025 NBA Highlights,https://www.youtube.com/watch?v=zsLT2hslnpA,zsLT2hslnpA,Lakers Dynasty Highlights,558,54301,231,18.0
22500385,Thunder vs Timberwolves Full Game Highlights 1st Qtr P2 | Dec 19 | 2025 NBA Highlights,https://www.youtube.com/watch?v=z9jf7eyNKGg,z9jf7eyNKGg,Lakers Dynasty Highlights,346,3108,19,
22501227,"Toronto Raptors vs Miami Heat - FULL GAME HIGHLIGHTS | December 15, 2025 NBA Season",https://www.youtube.com/watch?v=6uqW0GtXLeg,6uqW0GtXLeg,Ximo Pierto,577,1502,42,2.0
22501227,"Miami Heat vs Toronto Raptors Full Game Highlights – December 15, 2025 | NBA Season",https://www.youtube.com/watch?v=Vfq7xxZU6m8,Vfq7xxZU6m8,GAMETIME HIGHLIGHTS,585,46491,482,20.0
22501227,"Toronto Raptors vs Miami Heat - Full Team Highlights | Dec 15, 2025",https://www.youtube.com/watch?v=KVUOGZMHRRc,KVUOGZMHRRc,Raptors Nation,583,21929,264,23.0
22501227,Toronto Raptors vs Miami Heat Full Game Highlights | Dec 15 | 2026 NBA Season,https://www.youtube.com/watch?v=EhSQ811LFCY,EhSQ811LFCY,Hooper Highlights,597,1519,64,1.0
22501227,"Toronto Raptors vs Miami Heat - First Half Team Highlights | Dec 15, 2025",https://www.youtube.com/watch?v=xhNZrOhyCnA,xhNZrOhyCnA,Raptors Nation,254,2364,27,2.0
22501207,"Portland Trail Blazers vs New Orleans Pelicans Full Game Highlights – December 11, 2025 | NBA Season",https://www.youtube.com/watch?v=l52u028Ajhs,l52u028Ajhs,GAMETIME HIGHLIGHTS,577,33554,359,32.0
22501207,"Portland Trail Blazers vs New Orleans Pelicans - FULL GAME HIGHLIGHTS | December 11, 2025 NBA Season",https://www.youtube.com/watch?v=BVAa6d1mmiA,BVAa6d1mmiA,Ximo Pierto,582,1113,45,1.0
22500395,"Los Angeles Lakers vs Los Angeles Clippers Full Game Highlights – December 20, 2025 | NBA Season",https://www.youtube.com/watch?v=uQ06bn04m2w,uQ06bn04m2w,GAMETIME HIGHLIGHTS,553,464152,3152,431.0
22500395,"Los Angeles Lakers vs Los Angeles Clippers Full Game Highlights | Dec 20, 2025 | FreeDawkins",https://www.youtube.com/watch?v=xxNCmD1uJig,xxNCmD1uJig,FreeDawkins,580,66659,1510,127.0
22500395,"Los Angeles Lakers vs Los Angeles Clippers - FULL GAME HIGHLIGHTS | December 20, 2025 NBA Season",https://www.youtube.com/watch?v=MgvIerIcw1M,MgvIerIcw1M,Ximo Pierto,559,8484,197,9.0
22500395,Los Angeles Lakers vs LA Clippers Full Game Highlights 4th Qtr | Dec 20 | 2025 NBA Highlights,https://www.youtube.com/watch?v=NnbFA_kZHcI,NnbFA_kZHcI,Lakers Dynasty Highlights,508,77843,255,30.0
22500395,Los Angeles Lakers vs LA Clippers Full Game Highlights 1st Qtr P2 | Dec 20 | 2025 NBA Highlights,https://www.youtube.com/watch?v=vnAHjb5PUt4,vnAHjb5PUt4,Lakers Dynasty Highlights,444,44758,183,12.0
22500395,Los Angeles Lakers vs LA Clippers Full Game Highlights 4th Qtr P2 | Dec 20 | 2025 NBA Highlights,https://www.youtube.com/watch?v=F7wnr2ZQHW0,F7wnr2ZQHW0,Lakers Dynasty Highlights,493,32412,138,12.0
22500395,Los Angeles Lakers vs LA Clippers Full Game Highlights 1st Qtr | Dec 20 | 2025 NBA Highlights,https://www.youtube.com/watch?v=AG0_vDSLnms,AG0_vDSLnms,Lakers Dynasty Highlights,506,73674,370,28.0
22500395,Los Angeles Lakers vs LA Clippers Full Game Highlights 2nd Qtr | Dec 20 | 2025 NBA Highlights,https://www.youtube.com/watch?v=t_Ple-TwSw0,t_Ple-TwSw0,Lakers Dynasty Highlights,564,65583,250,16.0
22501202,New York Knicks vs Toronto Raptors | Full Game Highlights | December 9 | 2025-26 NBA Season,https://www.youtube.com/watch?v=PWtccAqKyM4,PWtccAqKyM4,The CCB Network,609,12505,166,5.0
22501202,"Toronto Raptors vs New York Knicks - Full Team Highlights | NBA Cup Quarter-Final | Dec 9, 2025",https://www.youtube.com/watch?v=QSVhYmeRCQs,QSVhYmeRCQs,Raptors Nation,553,3983,35,48.0
22500407,"Golden State Warriors vs Orlando Magic Full Game Highlights – December 22, 2025 | NBA Season",https://www.youtube.com/watch?v=7uP64vbed2o,7uP64vbed2o,GAMETIME HIGHLIGHTS,558,393078,3519,188.0
22500407,"Golden State Warriors vs Orlando Magic Full Game Highlights | Dec 22, 2025 | FreeDawkins",https://www.youtube.com/watch?v=TMnusNoe1Jg,TMnusNoe1Jg,FreeDawkins,625,103803,3636,186.0
22500407,Golden State Warriors vs Orlando Magic Full Game Highlights 4th Qtr | Dec 22 | 2025 NBA Highlights,https://www.youtube.com/watch?v=emKgcBgsAM8,emKgcBgsAM8,Lakers Dynasty Highlights,538,96987,443,4.0
22500407,"Golden State Warriors vs Orlando Magic - FULL GAME HIGHLIGHTS | December 22, 2025 NBA Season",https://www.youtube.com/watch?v=7_jAfZ37Gqg,7_jAfZ37Gqg,Ximo Pierto,569,4042,69,7.0
22500407,Golden State Warriors vs Orlando Magic | Full Game Highlights | December 22 | 2025-26 NBA Season,https://www.youtube.com/watch?v=nn7m7PXJBdE,nn7m7PXJBdE,The CCB Network,597,8667,113,
22500407,Golden State Warriors vs Orlando Magic Full Game Highlights 1st Qtr | Dec 22 | 2025 NBA Highlights,https://www.youtube.com/watch?v=4b9EvDNyAE0,4b9EvDNyAE0,Lakers Dynasty Highlights,530,67311,320,14.0
22500407,Golden State Warriors vs Orlando Magic Full Game Highlights 3rd Qtr | Dec 22 | 2025 NBA Highlights,https://www.youtube.com/watch?v=XXELGVheibg,XXELGVheibg,Lakers Dynasty Highlights,518,50249,213,10.0
22500407,Golden State Warriors vs Orlando Magic Full Game Highlights 4th Qtr P2 | Dec 22| 2025 NBA Highlights,https://www.youtube.com/watch?v=2z-V6wCa3gI,2z-V6wCa3gI,Lakers Dynasty Highlights,353,39610,179,16.0
22500407,Golden State Warriors vs Orlando Magic Full Game Highlights 2nd Qtr | Dec 22 | 2025 NBA Highlights,https://www.youtube.com/watch?v=hOBNF8VAv8U,hOBNF8VAv8U,Lakers Dynasty Highlights,551,48702,230,6.0
22500407,Golden State Warriors vs Orlando Magic Full Game Highlights | Dec 22 | 2026 NBA Season,https://www.youtube.com/watch?v=DtTAN_imXEs,DtTAN_imXEs,Hooper Highlights,597,2812,104,2.0
22500351,"Atlanta Hawks vs Washington Wizards Full Game Highlights – December 6, 2025 | NBA Season",https://www.youtube.com/watch?v=GD8-Jec_WDA,GD8-Jec_WDA,GAMETIME HIGHLIGHTS,574,14705,224,6.0
22500368,"Minnesota Timberwolves vs Memphis Grizzlies Full Game Highlights – December 17, 2025 | NBA Season",https://www.youtube.com/watch?v=RZouyRU6XqY,RZouyRU6XqY,GAMETIME HIGHLIGHTS,572,146704,1204,50.0
22500368,"Memphis Grizzlies vs Minnesota Timberwolves - FULL GAME HIGHLIGHTS | December 17, 2025 NBA Season",https://www.youtube.com/watch?v=QgQAQp4H400,QgQAQp4H400,Ximo Pierto,587,2288,60,5.0
22500368,Grizzlies vs Timberwolves Full Game Highlights 1st Qtr | Dec 17 | 2025 NBA Highlights,https://www.youtube.com/watch?v=ixMMS1FrOOQ,ixMMS1FrOOQ,Lakers Dynasty Highlights,512,14724,69,4.0
22500368,Grizzlies vs Timberwolves Full Game Highlights 4th Qtr | Dec 17 | 2025 NBA Highlights,https://www.youtube.com/watch?v=bMgSHnCoIr4,bMgSHnCoIr4,Lakers Dynasty Highlights,553,18173,69,1.0
22500368,Grizzlies vs Timberwolves Full Game Highlights 2nd Qtr | Dec 17 | 2025 NBA Highlights,https://www.youtube.com/watch?v=_kj0VgX6L_s,_kj0VgX6L_s,Lakers Dynasty Highlights,532,10361,42,2.0
22500368,Grizzlies vs Timberwolves Full Game Highlights 1st Qtr P2 | Dec 17 | 2025 NBA Highlights,https://www.youtube.com/watch?v=a632Q8Vx5Ng,a632Q8Vx5Ng,Lakers Dynasty Highlights,359,2943,15,
22501206,"Boston Celtics vs Milwaukee Bucks Full Game Highlights – December 11, 2025 | NBA Season",https://www.youtube.com/watch?v=U7NJ3bAS3uo,U7NJ3bAS3uo,GAMETIME HIGHLIGHTS,554,98310,960,56.0
22501206,"Boston Celtics vs Milwaukee Bucks Full Game Highlights | Dec 11, 2025 | FreeDawkins",https://www.youtube.com/watch?v=KjUOzQS5s-A,KjUOzQS5s-A,FreeDawkins,578,10594,273,11.0
22501206,"Boston Celtics vs Milwaukee Bucks - FULL GAME HIGHLIGHTS | December 11, 2025 NBA Season",https://www.youtube.com/watch?v=pco0qNhNnsg,pco0qNhNnsg,Ximo Pierto,546,1614,50,5.0
22500366,"San Antonio Spurs vs New Orleans Pelicans Full Game Highlights – December 8, 2025 | NBA Season",https://www.youtube.com/watch?v=3N1KfHl-7mk,3N1KfHl-7mk,GAMETIME HIGHLIGHTS,845,113035,1098,88
22500366,San Antonio Spurs vs New Orleans Pelicans | Full Game Highlights | December 8 | 2025-26 NBA Season,https://www.youtube.com/watch?v=BveUV_Y3TbM,BveUV_Y3TbM,The CCB Network,622,10050,176,14
22500350,"Brooklyn Nets vs New Orleans Pelicans Full Game Highlights – December 6, 2025 | NBA Season",https://www.youtube.com/watch?v=gmqrSu9GO0U,gmqrSu9GO0U,GAMETIME HIGHLIGHTS,572,17385,247,16
22500392,"Golden State Warriors vs Phoenix Suns Full Game Highlights – December 20, 2025 | NBA Season",https://www.youtube.com/watch?v=aT3tw61U65Y,aT3tw61U65Y,GAMETIME HIGHLIGHTS,586,349000,3410,257
22500392,"Golden State Warriors vs Phoenix Suns Full Game Highlights | Dec 20, 2025 | FreeDawkins",https://www.youtube.com/watch?v=7XCW2onjEbI,7XCW2onjEbI,FreeDawkins,661,96497,3123,209
22500392,"Golden State Warriors vs Phoenix Suns - FULL GAME HIGHLIGHTS | December 20, 2025 NBA Season",https://www.youtube.com/watch?v=Fey65J1SPRs,Fey65J1SPRs,Ximo Pierto,577,3978,135,8
22500392,Golden State Warriors vs Phoenix Suns Full Game Highlights | Dec 20 | 2026 NBA Season,https://www.youtube.com/watch?v=KWCyYDkgKiQ,KWCyYDkgKiQ,Hooper Highlights,593,3018,118,6
22500392,Golden State Warriors vs Phoenix Suns Full Game Highlights 4th Qtr | Dec 20 | 2025 NBA Highlights,https://www.youtube.com/watch?v=z6WENblmrQc,z6WENblmrQc,Lakers Dynasty Highlights,537,69805,280,15
22500392,Golden State Warriors vs Phoenix Suns Full Game Highlights 1st Qtr | Dec 20 | 2025 NBA Highlights,https://www.youtube.com/watch?v=V4iT4uXiKKM,V4iT4uXiKKM,Lakers Dynasty Highlights,544,44072,222,10
22500392,Golden State Warriors vs Phoenix Suns Full Game Highlights 4th Qtr P2 | Dec 20 | 2025 NBA Highlights,https://www.youtube.com/watch?v=5if04mInkMI,5if04mInkMI,Lakers Dynasty Highlights,418,62280,243,26
22500392,Golden State Warriors vs Phoenix Suns Full Game Highlights 2nd Qtr | Dec 20 | 2025 NBA Highlights,https://www.youtube.com/watch?v=i14iWjHMFys,i14iWjHMFys,Lakers Dynasty Highlights,546,39594,143,7
22500363,"Oklahoma City Thunder vs Utah Jazz Full Game Highlights – December 7, 2025 | NBA Season",https://www.youtube.com/watch?v=E4mdQEFXyOo,E4mdQEFXyOo,GAMETIME HIGHLIGHTS,539,79207,878,98
22500363,Oklahoma City Thunder vs Utah Jazz | Full Game Highlights | December 7 | 2025-26 NBA Season,https://www.youtube.com/watch?v=Z44_2RFbK54,Z44_2RFbK54,The CCB Network,578,4759,72,5
22500360,"Memphis Grizzlies vs Portland Trail Blazers Full Game Highlights – December 7, 2025 | NBA Season",https://www.youtube.com/watch?v=Kr0tTOOFF-Q,Kr0tTOOFF-Q,GAMETIME HIGHLIGHTS,568,32713,384,25
22500360,Memphis Grizzlies vs Portland Trail Blazers | Full Game Highlights | December 7 | 2025-26 NBA Season,https://www.youtube.com/watch?v=MIgTpPClRkg,MIgTpPClRkg,The CCB Network,607,3113,65,4
22501208,"Denver Nuggets vs Sacramento Kings Full Game Highlights | Dec 11, 2025 | FreeDawkins",https://www.youtube.com/watch?v=S_pia9GFYVY,S_pia9GFYVY,FreeDawkins,604,21088,561,32
22501208,"Denver Nuggets vs Sacramento Kings Full Game Highlights – December 11, 2025 | NBA Season",https://www.youtube.com/watch?v=WrlWZxYqPhI,WrlWZxYqPhI,GAMETIME HIGHLIGHTS,543,182939,1354,173
22501208,"Denver Nuggets vs Sacramento Kings - FULL GAME HIGHLIGHTS | December 11, 2025 NBA Season",https://www.youtube.com/watch?v=g3hEJNMIWVc,g3hEJNMIWVc,Ximo Pierto,565,2772,55,1
22501208,Denver Nuggets vs Sacramento Kings Full Game Highlights 1st Qtr | Dec 11 | 2025 NBA Highlights,https://www.youtube.com/watch?v=1fIxCARlOhc,1fIxCARlOhc,Lakers Dynasty Highlights,521,8854,46,1
22501228,"Los Angeles Lakers vs Phoenix Suns Full Game Highlights – December 14, 2025 | NBA Season",https://www.youtube.com/watch?v=dJxAf6t8iAQ,dJxAf6t8iAQ,GAMETIME HIGHLIGHTS,576,623335,5222,732
22501228,"Los Angeles Lakers vs Phoenix Suns Full Game Highlights | Dec 14, 2025 | FreeDawkins",https://www.youtube.com/watch?v=RNOBYyjA3kE,RNOBYyjA3kE,FreeDawkins,688,105503,2879,375
22501228,"Los Angeles Lakers vs Phoenix Suns - FULL GAME HIGHLIGHTS | December 14, 2025 NBA Season",https://www.youtube.com/watch?v=53wjMhd1YyI,53wjMhd1YyI,Ximo Pierto,576,8550,271,36
22501228,Los Angeles Lakers vs Phoenix Suns Full Game Highlights 1st Qtr | Dec 14 | 2025 NBA Highlights,https://www.youtube.com/watch?v=nibVOdTHtOM,nibVOdTHtOM,Lakers Dynasty Highlights,551,125939,598,53
22501228,Los Angeles Lakers vs Phoenix Suns Full Game Highlights 1st Qtr P2 | Dec 14 | 2025 NBA Highlights,https://www.youtube.com/watch?v=v1Y8l4h92Z4,v1Y8l4h92Z4,Lakers Dynasty Highlights,348,31243,141,19
22501225,"Houston Rockets vs Denver Nuggets Full Game Highlights – December 15, 2025 | NBA Season",https://www.youtube.com/watch?v=RfemKa8jOwQ,RfemKa8jOwQ,GAMETIME HIGHLIGHTS,560,406231,3736,439
22501225,"Houston Rockets vs Denver Nuggets Full Game Highlights | Dec 15, 2025 | FreeDawkins",https://www.youtube.com/watch?v=fF-96Cc5lZI,fF-96Cc5lZI,FreeDawkins,709,49996,1556,134
22501225,"Houston Rockets vs Denver Nuggets - FULL GAME HIGHLIGHTS | December 15, 2025 NBA Season",https://www.youtube.com/watch?v=4EZWQTmqhsM,4EZWQTmqhsM,Ximo Pierto,575,5455,180,14
22501225,Houston Rockets vs Denver Nuggets Full Game Highlights OT Qtr  | Dec 15 | 2025 NBA Highlights,https://www.youtube.com/watch?v=SUYU7yvHwDk,SUYU7yvHwDk,Lakers Dynasty Highlights,453,72902,372,36
22501225,Houston Rockets vs Denver Nuggets Full Game Highlights 1st Qtr | Dec 15 | 2025 NBA Highlights,https://www.youtube.com/watch?v=OYliJYdhX9w,OYliJYdhX9w,Lakers Dynasty Highlights,475,23697,89,7
22501225,Houston Rockets vs Denver Nuggets Full Game Highlights 1st Qtr P2 | Dec 15 | 2025 NBA Highlights,https://www.youtube.com/watch?v=ZjgDCcqWXMA,ZjgDCcqWXMA,Lakers Dynasty Highlights,408,12464,58,1
22501225,Houston Rockets vs Denver Nuggets Full Game Highlights 4th Qtr | Dec 15 | 2025 NBA Highlights,https://www.youtube.com/watch?v=YIhVg3Z8r0c,YIhVg3Z8r0c,Lakers Dynasty Highlights,569,45775,185,13
22500365,"Minnesota Timberwolves vs Phoenix Suns Full Game Highlights – December 8, 2025 | NBA Season",https://www.youtube.com/watch?v=A3F_6V2n8t0,A3F_6V2n8t0,GAMETIME HIGHLIGHTS,578,175613,1377,126
22500365,"Minnesota Timberwolves vs Phoenix Suns Full Game Highlights | Dec 8, 2025 | FreeDawkins",https://www.youtube.com/watch?v=EiPXbyAQsF0,EiPXbyAQsF0,FreeDawkins,606,31307,756,34
22500365,Phoenix Suns vs Minnesota Timberwolves Full Game Highlights 4th Qtr P2 | Dec 8 | 2025 NBA Highlights,https://www.youtube.com/watch?v=YhTbteJ8Apo,YhTbteJ8Apo,Lakers Dynasty Highlights,449,35586,140,9
22500358,"Boston Celtics vs Toronto Raptors Full Game Highlights – December 7, 2025 | NBA Season",https://www.youtube.com/watch?v=qJH5gtw-jWg,qJH5gtw-jWg,GAMETIME HIGHLIGHTS,557,70744,759,27
22500358,"Boston Celtics vs Toronto Raptors – Full Game Highlights – December 7, 2025 NBA Season",https://www.youtube.com/watch?v=89OwOGuekm4,89OwOGuekm4,Ximo Pierto,567,2191,71,4
22500358,"Toronto Raptors vs Boston Celtics - Full Team Highlights | Dec 7, 2025",https://www.youtube.com/watch?v=qiTWOyzOCYA,qiTWOyzOCYA,Raptors Nation,582,6975,69,24
22501203,"Oklahoma City Thunder vs Phoenix Suns Full Game Highlights – December 10, 2025 | NBA Season",https://www.youtube.com/watch?v=_tdeuGOvPYI,_tdeuGOvPYI,GAMETIME HIGHLIGHTS,567,219848,2056,297
22501203,Oklahoma City Thunder vs Phoenix Suns Full Game Highlights | Dec 10 | 2025 NBA Emirates Cup,https://www.youtube.com/watch?v=NioshkGjoSY,NioshkGjoSY,Hooper Highlights,599,3827,141,11
22501203,"Phoenix Suns @ Oklahoma City Thunder | FULL NBA HIGHLIGHTS, EMIRATES NBA CUP | 10 December 2025 🏀",https://www.youtube.com/watch?v=lD0bEh3T4_Q,lD0bEh3T4_Q,Amazon Prime Video Sport,306,2129,24,1
22501203,Phoenix Suns vs Oklahoma City Thunder Full Game Highlights 4th Qtr | Dec 10 | 2025 NBA Highlights,https://www.youtube.com/watch?v=CnRenEJ8aWw,CnRenEJ8aWw,Lakers Dynasty Highlights,542,13893,63,1
22501221,Golden State Warriors vs Portland Trail Blazers Full Game Highlights – December 14 2025 | NBA Season,https://www.youtube.com/watch?v=hmlloslv0PM,hmlloslv0PM,GAMETIME HIGHLIGHTS,572,300675,2894,464
22501221,"Golden State Warriors vs Portland Trail Blazers Full Game Highlights | Dec 14, 2025 | FreeDawkins",https://www.youtube.com/watch?v=f8oqyO13kTs,f8oqyO13kTs,FreeDawkins,656,65903,1908,275
22501221,"Golden State Warriors vs Portland Trail Blazers - FULL GAME HIGHLIGHTS | Dec 14, 2025 NBA Season",https://www.youtube.com/watch?v=DILzFaONqVk,DILzFaONqVk,Ximo Pierto,568,5282,141,16
22501221,Golden State Warriors vs  Blazers Full Game Highlights 1st Qtr | Dec 14 | 2025 NBA Highlights,https://www.youtube.com/watch?v=kky1-hvSDQA,kky1-hvSDQA,Lakers Dynasty Highlights,563,35190,185,17
22501221,Golden State Warriors vs  Blazers Full Game Highlights 1st Qtr P2 | Dec 14 | 2025 NBA Highlights,https://www.youtube.com/watch?v=KIxwN1z1Cnw,KIxwN1z1Cnw,Lakers Dynasty Highlights,381,11349,72,6
22501221,Golden State Warriors vs  Blazers Full Game Highlights 4th Qtr | Dec 14 | 2025 NBA Highlights,https://www.youtube.com/watch?v=HuEcJy1R_c0,HuEcJy1R_c0,Lakers Dynasty Highlights,507,66507,227,9
22500353,"Milwaukee Bucks vs Detroit Pistons Full Game Highlights – December 6, 2025 | NBA Season",https://www.youtube.com/watch?v=mvui4ocxjEc,mvui4ocxjEc,GAMETIME HIGHLIGHTS,569,57686,594,32
22500353,Milwaukee Bucks vs Detroit Pistons Full Game Highlights | Dec 6 | 2026 NBA Season,https://www.youtube.com/watch?v=Dg9zmeQhnms,Dg9zmeQhnms,Hooper Highlights,592,1730,60,1
22500359,"Denver Nuggets vs Charlotte Hornets Full Game Highlights – December 7, 2025 | NBA Season",https://www.youtube.com/watch?v=iqunnO8BtHM,iqunnO8BtHM,GAMETIME HIGHLIGHTS,582,139214,1087,88
22500359,"Denver Nuggets vs Charlotte Hornets Full Game Highlights | Dec 7, 2025 | FreeDawkins",https://www.youtube.com/watch?v=FL5h1DsfcUM,FL5h1DsfcUM,FreeDawkins,570,11318,303,15
22500359,"Denver Nuggets vs Charlotte Hornets – Full Game Highlights – December 7, 2025 NBA Season",https://www.youtube.com/watch?v=Ag45ASTsuaE,Ag45ASTsuaE,Ximo Pierto,573,4663,59,1
22500345,"Indiana Pacers vs Chicago Bulls Full Game Highlights – December 5, 2025 | NBA Season",https://www.youtube.com/watch?v=R6qqI_B4S3s,R6qqI_B4S3s,GAMETIME HIGHLIGHTS,581,17754,227,19
22500357,"New York Knicks vs Orlando Magic Full Game Highlights – December 7, 2025 | NBA Season",https://www.youtube.com/watch?v=SoSjqF3V7Yc,SoSjqF3V7Yc,GAMETIME HIGHLIGHTS,581,66353,613,34.0
22500357,"New York Knicks vs Orlando Magic - FULL GAME HIGHLIGHTS | December 7, 2025 NBA Season",https://www.youtube.com/watch?v=86XA69CIw_c,86XA69CIw_c,Ximo Pierto,577,1471,35,
22500357,"New York Knicks vs Orlando Magic Full Game Highlights | Dec 7, 2025 | FreeDawkins",https://www.youtube.com/watch?v=b1v5f-p49OQ,b1v5f-p49OQ,FreeDawkins,601,9515,245,15.0
22500362,"Los Angeles Lakers vs Philadelphia 76ers Full Game Highlights – December 7, 2025 | NBA Season",https://www.youtube.com/watch?v=q5WhqF-5vq8,q5WhqF-5vq8,GAMETIME HIGHLIGHTS,580,709699,6549,585.0
22500362,"Los Angeles Lakers vs Philadelphia 76ers Full Game Highlights | Dec 7, 2025 | FreeDawkins",https://www.youtube.com/watch?v=4f5RtRx7thU,4f5RtRx7thU,FreeDawkins,606,96389,3349,252.0
22500362,"Los Angeles Lakers vs Philadelphia 76ers – Full Game Highlights – December 7, 2025 NBA Season",https://www.youtube.com/watch?v=dPwUkpiKy1k,dPwUkpiKy1k,Ximo Pierto,569,10531,225,11.0
22501224,"Dallas Mavericks vs Utah Jazz Full Game Highlights – December 15, 2025 | NBA Season",https://www.youtube.com/watch?v=LJCpMuBw2NY,LJCpMuBw2NY,GAMETIME HIGHLIGHTS,578,169539,1425,139.0
22501224,"Dallas Mavericks vs Utah Jazz - FULL GAME HIGHLIGHTS | December 15, 2025 NBA Season",https://www.youtube.com/watch?v=Ydh-vVYFwng,Ydh-vVYFwng,Ximo Pierto,566,2195,45,4.0
22501224,"Dallas Mavericks vs Utah Jazz Full Game Highlights | Dec 15, 2025  | FreeDawkins",https://www.youtube.com/watch?v=N3FAHpWrRJc,N3FAHpWrRJc,FreeDawkins,655,17325,513,30.0
22501224,Dallas Mavericks vs Utah Jazz Full Game Highlights 2nd Qtr | Dec 15 | 2025 NBA Highlights,https://www.youtube.com/watch?v=8k0B4r5ChOE,8k0B4r5ChOE,Lakers Dynasty Highlights,551,11245,40,
22501224,Dallas Mavericks vs Utah Jazz Full Game Highlights 1st Qtr | Dec 15 | 2025 NBA Highlights,https://www.youtube.com/watch?v=ipjzUIKKhK0,ipjzUIKKhK0,Lakers Dynasty Highlights,562,22719,99,4.0
22501224,Dallas Mavericks vs Utah Jazz Full Game Highlights 1st Qtr P2 | Dec 15 | 2025 NBA Highlights,https://www.youtube.com/watch?v=YqrJ0VKHF8g,YqrJ0VKHF8g,Lakers Dynasty Highlights,491,9277,45,
22501224,Dallas Mavericks vs Utah Jazz Full Game Highlights | Dec 15 | 2026 NBA Season,https://www.youtube.com/watch?v=E6isYeKux2E,E6isYeKux2E,Hooper Highlights,593,2472,92,3.0
22501224,Dallas Mavericks vs Utah Jazz Full Game Highlights 2nd Qtr P2 | Dec 15 | 2025 NBA Highlights,https://www.youtube.com/watch?v=MQG60ikyKXE,MQG60ikyKXE,Lakers Dynasty Highlights,442,7748,36,
22500339,"Miami Heat vs Orlando Magic Full Game Highlights – December 5, 2025 | NBA Season",https://www.youtube.com/watch?v=IINCitk4qkc,IINCitk4qkc,GAMETIME HIGHLIGHTS,582,53631,538,41.0
22500339,Orlando Magic vs Miami Heat Full Game Highlights | Dec 5 | 2026 NBA Season,https://www.youtube.com/watch?v=UCJuBeG2RuU,UCJuBeG2RuU,Hooper Highlights,595,1527,72,
22500343,"New York Knicks vs Utah Jazz Full Game Highlights – December 5, 2025 | NBA Season",https://www.youtube.com/watch?v=gfGwNN1hitU,gfGwNN1hitU,GAMETIME HIGHLIGHTS,585,38132,425,16.0
22500343,New York Knicks vs Utah Jazz Full Game Highlights | Dec 5 | 2026 NBA Season,https://www.youtube.com/watch?v=zSjsvQT9aeY,zSjsvQT9aeY,Hooper Highlights,589,1179,52,
22501215,"Golden State Warriors vs Minnesota Timberwolves Full Game Highlights - December 12, 2025 |NBA Season",https://www.youtube.com/watch?v=D6iBe1QOqGo,D6iBe1QOqGo,GAMETIME HIGHLIGHTS,589,391035,3145,302.0
22501215,"Golden State Warriors vs Minnesota Timberwolves Full Game Highlights | Dec 12, 2025 | FreeDawkins",https://www.youtube.com/watch?v=FzgHsGitVDs,FzgHsGitVDs,FreeDawkins,698,82661,2416,218.0
22501215,"Golden State Warriors vs Minnesota Timberwolves - FULL GAME HIGHLIGHTS | Dec 12, 2025 NBA Season",https://www.youtube.com/watch?v=hF2rzf4XnHQ,hF2rzf4XnHQ,Ximo Pierto,567,5622,131,14.0
22501215,Golden State Warriors vs Minnesota Timberwolves Full Game Highlights | Dec 12 | 2026 NBA Season,https://www.youtube.com/watch?v=84FJDfKE2Ms,84FJDfKE2Ms,Hooper Highlights,596,3338,123,1.0
22501215,Golden State Warriors vs Timberwolves Full Game Highlights 4th Qtr | Dec 12 | 2025 NBA Highlights,https://www.youtube.com/watch?v=NKEPn8BQwR8,NKEPn8BQwR8,Lakers Dynasty Highlights,511,61698,207,13.0
22501215,Golden State Warriors vs Timberwolves Full Game Highlights 4th Qtr P2 | Dec 12 | 2025 NBA Highlights,https://www.youtube.com/watch?v=p1M4UQ9IvD0,p1M4UQ9IvD0,Lakers Dynasty Highlights,441,41285,163,18.0
22500354,"Miami Heat vs Sacramento Kings Full Game Highlights – December 6, 2025 | NBA Season",https://www.youtube.com/watch?v=sQHOLqt735Q,sQHOLqt735Q,GAMETIME HIGHLIGHTS,576,53865,491,37.0
22500354,Sacramento Kings vs Miami Heat Full Game Highlights | Dec 6 | 2026 NBA Season,https://www.youtube.com/watch?v=jdLRpyMgeQs,jdLRpyMgeQs,Hooper Highlights,585,1452,62,1.0
22500354,"Miami HEAT vs. Sacramento Kings | HEAT Highlights | December 6, 2025",https://www.youtube.com/watch?v=M0MPHLyrZRI,M0MPHLyrZRI,Miami HEAT,150,1281,30,3.0
22500348,"Milwaukee Bucks vs Philadelphia 76ers Full Game Highlights – December 5, 2025 | NBA Season",https://www.youtube.com/watch?v=YRdTlP18UQQ,YRdTlP18UQQ,GAMETIME HIGHLIGHTS,579,35671,414,26.0
22500348,Milwaukee Bucks vs Philadelphia 76ers Full Game Highlights | Dec 5 | 2026 NBA Season,https://www.youtube.com/watch?v=_cq5F_9PG9k,_cq5F_9PG9k,Hooper Highlights,595,1926,76,3.0
22500347,"Los Angeles Clippers vs Memphis Grizzlies Full Game Highlights – December 5, 2025 | NBA Season",https://www.youtube.com/watch?v=qWq5J9oyL2Y,qWq5J9oyL2Y,GAMETIME HIGHLIGHTS,577,58792,490,64.0
22500347,LA Clippers vs Memphis Grizzlies Full Game Highlights | Dec 5 | 2026 NBA Season,https://www.youtube.com/watch?v=8mzqDk40JMA,8mzqDk40JMA,Hooper Highlights,598,1535,57,
22501204,"Los Angeles Lakers vs San Antonio Spurs Full Game Highlights – December 10, 2025 | NBA Season",https://www.youtube.com/watch?v=r_49CSiYc7k,r_49CSiYc7k,GAMETIME HIGHLIGHTS,573,626687,4849,1000
22501204,"Los Angeles Lakers vs San Antonio Spurs – FULL Quarterfinals Highlights | December 10, 2025 NBA Cup",https://www.youtube.com/watch?v=tWs6e22BwEY,tWs6e22BwEY,Ximo Pierto,565,8761,150,20
22501204,Los Angeles Lakers vs San Antonio Spurs Full Game Highlights 4th Qtr | Dec 10 | 2025 NBA Highlights,https://www.youtube.com/watch?v=pJNWPhB0f8s,pJNWPhB0f8s,Lakers Dynasty Highlights,503,78322,266,41
22501204,Los Angeles Lakers vs San Antonio Spurs Full Game Highlights 1st Qtr | Dec 10 | 2025 NBA Highlights,https://www.youtube.com/watch?v=bNlFvwGZVzA,bNlFvwGZVzA,Lakers Dynasty Highlights,507,203247,928,62
22501204,Los Angeles Lakers vs San Antonio Spurs Full Game Highlights 4th Qtr | Dec 10 | 2025 NBA Highlights,https://www.youtube.com/watch?v=qR74eOL4FGY,qR74eOL4FGY,Lakers Dynasty Highlights,276,35887,149,31
22500356,"Houston Rockets vs Dallas Mavericks Full Game Highlights – December 6, 2025 | NBA Season",https://www.youtube.com/watch?v=fhGp1dsSLrw,fhGp1dsSLrw,GAMETIME HIGHLIGHTS,582,336479,2446,378
22500356,"Houston Rockets vs Dallas Mavericks - FULL GAME HIGHLIGHTS | December 6, 2025 NBA Season",https://www.youtube.com/watch?v=3P3D9cJBlBs,3P3D9cJBlBs,Ximo Pierto,559,3738,66,6
22500356,"Dallas Mavericks vs Houston Rockets Full Game Highlights | Dec 6, 2025 | FreeDawkins",https://www.youtube.com/watch?v=7QsaqZHJZVA,7QsaqZHJZVA,FreeDawkins,664,41960,1013,67
22500356,Houston Rockets vs Dallas Mavericks | Full Game Highlights | December 6 | 2025-26 NBA Season,https://www.youtube.com/watch?v=OjqGWHC6YlU,OjqGWHC6YlU,The CCB Network,621,9340,118,2
22501214,"Dallas Mavericks vs Brooklyn Nets Full Game Highlights – December 12, 2025 | NBA Season",https://www.youtube.com/watch?v=hAbA7eJ4IjM,hAbA7eJ4IjM,GAMETIME HIGHLIGHTS,552,166360,1480,123
22501214,"Dallas Mavericks vs Brooklyn Nets - FULL GAME HIGHLIGHTS | December 12, 2025 NBA Season",https://www.youtube.com/watch?v=kwS9wCiXb8A,kwS9wCiXb8A,Ximo Pierto,562,3271,80,2
22501214,Brooklyn Nets vs Dallas Mavericks Full Game Highlights 2nd Qtr | Dec 12 | 2025 NBA Highlights,https://www.youtube.com/watch?v=vKHBi7U5Dgg,vKHBi7U5Dgg,Lakers Dynasty Highlights,538,14646,73,2
22501214,Brooklyn Nets vs Dallas Mavericks Full Game Highlights 4th Qtr | Dec 12 | 2025 NBA Highlights,https://www.youtube.com/watch?v=xWWu8O6TT6Y,xWWu8O6TT6Y,Lakers Dynasty Highlights,552,16185,66,8
22501214,Brooklyn Nets vs Dallas Mavericks Full Game Highlights 1st Qtr | Dec 12 | 2025 NBA Highlights,https://www.youtube.com/watch?v=-O5SDuS3LFM,-O5SDuS3LFM,Lakers Dynasty Highlights,520,2738,12,1
22501214,Brooklyn Nets vs Dallas Mavericks Full Game Highlights 1st Qtr P2 | Dec 12 | 2025 NBA Highlights,https://www.youtube.com/watch?v=rWtSe98rDbY,rWtSe98rDbY,Lakers Dynasty Highlights,345,13585,51,2
22500340,"Denver Nuggets vs Atlanta Hawks Full Game Highlights – December 5, 2025 | NBA Season",https://www.youtube.com/watch?v=C7ZYEckFw7I,C7ZYEckFw7I,GAMETIME HIGHLIGHTS,576,185020,1528,203
22500340,Denver Nuggets vs Atlanta Hawks Full Game Highlights | Dec 5 | 2026 NBA Season,https://www.youtube.com/watch?v=0DkfxLYWMLg,0DkfxLYWMLg,Hooper Highlights,588,2552,102,3
22500324,"Cleveland Cavaliers vs Portland Trail Blazers Full Game Highlights - December 3, 2025 | NBA Season",https://www.youtube.com/watch?v=xjKJz8pdD2A,xjKJz8pdD2A,GAMETIME HIGHLIGHTS,580,32372,423,53
22500329,"Brooklyn Nets vs Chicago Bulls Full Game Highlights - December 3, 2025 | NBA Season",https://www.youtube.com/watch?v=HcNqNSdLkCo,HcNqNSdLkCo,GAMETIME HIGHLIGHTS,581,22610,299,31
22500335,"Utah Jazz vs Brooklyn Nets Full Game Highlights – December 4, 2025 | NBA Season",https://www.youtube.com/watch?v=sXWQSvkNmk0,sXWQSvkNmk0,GAMETIME HIGHLIGHTS,578,35322,328,24.0
22500335,Utah Jazz vs Brooklyn Nets | Full Game Highlights | December 4 | 2025-26 NBA Season,https://www.youtube.com/watch?v=ddIwkzlyUsI,ddIwkzlyUsI,The CCB Network,617,2923,56,
22500378,"Golden State Warriors vs Phoenix Suns Full Game Highlights – December 18, 2025 | NBA Season",https://www.youtube.com/watch?v=Q2cDmhhQE3A,Q2cDmhhQE3A,GAMETIME HIGHLIGHTS,597,261023,2107,256.0
22500378,"Golden State Warriors vs Phoenix Suns Full Game Highlights | Dec 18, 2025 | FreeDawkins",https://www.youtube.com/watch?v=UtdOF7Ce2K0,UtdOF7Ce2K0,FreeDawkins,598,59224,1402,149.0
22500378,Golden State Warriors vs Phoenix Suns Full Game Highlights 1st Qtr | Dec 18 | 2025 NBA Highlights,https://www.youtube.com/watch?v=YfGB5fWIBZQ,YfGB5fWIBZQ,Lakers Dynasty Highlights,533,59771,311,22.0
22500378,Golden State Warriors vs Phoenix Suns Full Game Highlights 4th Qtr | Dec 18 | 2025 NBA Highlights,https://www.youtube.com/watch?v=8HOjI9UQSgE,8HOjI9UQSgE,Lakers Dynasty Highlights,487,50487,216,5.0
22500378,Golden State Warriors vs Phoenix Suns Full Game Highlights 2nd Qtr | Dec 18 | 2025 NBA Highlights,https://www.youtube.com/watch?v=b4H83G6w-kQ,b4H83G6w-kQ,Lakers Dynasty Highlights,562,45257,160,10.0
22500378,Golden State Warriors vs Phoenix Suns Full Game Highlights 1st Qtr P2 | Dec 18 | 2025 NBA Highlights,https://www.youtube.com/watch?v=Dbj1Rf27cnE,Dbj1Rf27cnE,Lakers Dynasty Highlights,359,13815,83,2.0
22500378,Golden State Warriors vs Phoenix Suns Full Game Highlights 2nd Qtr P2 | Dec 18 | 2025 NBA Highlights,https://www.youtube.com/watch?v=7WL-X-jE4YY,7WL-X-jE4YY,Lakers Dynasty Highlights,276,13743,73,2.0
22500378,Golden State Warriors vs Phoenix Suns Full Game Highlights 4th Qtr P2 | Dec 18 | 2025 NBA Highlights,https://www.youtube.com/watch?v=w7WK2Wtf0Oc,w7WK2Wtf0Oc,Lakers Dynasty Highlights,457,87530,362,36.0
22500378,Golden State Warriors vs Phoenix Suns Full Game Highlights 3rd Qtr | Dec 18 | 2025 NBA Highlights,https://www.youtube.com/watch?v=D5frCZLZhqc,D5frCZLZhqc,Lakers Dynasty Highlights,549,39543,176,4.0
22500378,Golden State Warriors vs Phoenix Suns Full Game Highlights 3rd Qtr P2 | Dec 18 | 2025 NBA Highlights,https://www.youtube.com/watch?v=X69yNZ2-LIQ,X69yNZ2-LIQ,Lakers Dynasty Highlights,356,16814,85,1.0
22500337,"Minnesota Timberwolves vs New Orleans Pelicans Full Game Highlights – December 4, 2025 | NBA Season",https://www.youtube.com/watch?v=Pu8jkU8ShTY,Pu8jkU8ShTY,GAMETIME HIGHLIGHTS,553,67797,734,28.0
22500337,"Minnesota Timberwolves vs New Orleans Pelicans Full Game Highlights | Dec 4, 2025 | FreeDawkins",https://www.youtube.com/watch?v=inqc7zW0uTY,inqc7zW0uTY,FreeDawkins,620,5690,216,9.0
22500341,"San Antonio Spurs vs Cleveland Cavaliers Full Game Highlights – December 5, 2025 | NBA Season",https://www.youtube.com/watch?v=y3DkF5Reuuc,y3DkF5Reuuc,GAMETIME HIGHLIGHTS,560,71488,760,37.0
22500341,San Antonio Spurs vs Cleveland Cavaliers Full Game Highlights | Dec 5 | 2026 NBA Season,https://www.youtube.com/watch?v=aoQdTIDgcgE,aoQdTIDgcgE,Hooper Highlights,593,1997,75,1.0
22500338,"Los Angeles Lakers vs Boston Celtics Full Game Highlights – December 5, 2025 | NBA Season",https://www.youtube.com/watch?v=timRUTyQte4,timRUTyQte4,GAMETIME HIGHLIGHTS,556,457116,3209,408.0
22500338,Los Angeles Lakers vs Boston Celtics Full Game Highlights 4th Qtr | Dec 5 | 2025 NBA Highlights,https://www.youtube.com/watch?v=RdiV6AT9Tug,RdiV6AT9Tug,Lakers Dynasty Highlights,557,29730,104,11.0
22500338,Los Angeles Lakers vs Boston Celtics Full Game Highlights 4th Qtr P2 | Dec 5 | 2025 NBA Highlights,https://www.youtube.com/watch?v=S2dD152vHQM,S2dD152vHQM,Lakers Dynasty Highlights,300,7753,33,7.0
22500334,"Boston Celtics vs Washington Wizards Full Game Highlights – December 4, 2025 | NBA Season",https://www.youtube.com/watch?v=p-_4KBxDfQk,p-_4KBxDfQk,GAMETIME HIGHLIGHTS,546,52200,651,38.0
22500334,Washington Wizards vs Boston Celtics FULLGAME Qtr Dec 04.2025 Highlights | NBA HIGHLIGHT,https://www.youtube.com/watch?v=1SCVUPT-DgY,1SCVUPT-DgY,Mây Trắng Review,766,1510,5,
22501226,"Los Angeles Clippers vs Memphis Grizzlies Full Game Highlights – December 15, 2025 | NBA Season",https://www.youtube.com/watch?v=bJooVVfYjMk,bJooVVfYjMk,GAMETIME HIGHLIGHTS,561,100875,928,69.0
22501226,"Los Angeles Clippers vs Memphis Grizzlies - FULL GAME HIGHLIGHTS | December 15, 2025 NBA Season",https://www.youtube.com/watch?v=SlXcP0sDXNE,SlXcP0sDXNE,Ximo Pierto,564,2706,70,5.0
22501226,Memphis Grizzlies vs LA Clippers Full Game Highlights 4th Qtr | Dec 15 | 2025 NBA Highlights,https://www.youtube.com/watch?v=dz1xDpA02IM,dz1xDpA02IM,Lakers Dynasty Highlights,494,17658,64,8.0
22501226,Memphis Grizzlies vs LA Clippers Full Game Highlights 1st Qtr | Dec 15 | 2025 NBA Highlights,https://www.youtube.com/watch?v=rbVDvFvsN9g,rbVDvFvsN9g,Lakers Dynasty Highlights,560,7885,35,5.0
22501226,Memphis Grizzlies vs LA Clippers Full Game Highlights 3rd Qtr | Dec 15 | 2025 NBA Highlights,https://www.youtube.com/watch?v=nkh7Idr4chA,nkh7Idr4chA,Lakers Dynasty Highlights,559,6678,26,3.0
22501226,Memphis Grizzlies vs LA Clippers Full Game Highlights 4th Qtr P2 | Dec 15 | 2025 NBA Highlights,https://www.youtube.com/watch?v=54JvyrsqOcA,54JvyrsqOcA,Lakers Dynasty Highlights,366,3123,14,
22501226,Memphis Grizzlies vs LA Clippers Full Game Highlights 1st Qtr P2 | Dec 15 | 2025 NBA Highlights,https://www.youtube.com/watch?v=0LAqjcV8IwQ,0LAqjcV8IwQ,Lakers Dynasty Highlights,380,2813,14,
22501226,Memphis Grizzlies vs LA Clippers Full Game Highlights 2nd Qtr | Dec 15 | 2025 NBA Highlights,https://www.youtube.com/watch?v=2ygNMwtBicY,2ygNMwtBicY,Lakers Dynasty Highlights,499,6734,29,5.0
22501226,Memphis Grizzlies vs LA Clippers Full Game Highlights 3rd Qtr P2 | Dec 15 | 2025 NBA Highlights,https://www.youtube.com/watch?v=bz7iI-nsd14,bz7iI-nsd14,Lakers Dynasty Highlights,410,3043,13,
22500355,"Los Angeles Clippers vs Minnesota Timberwolves Full Game Highlights – December 6, 2025 | NBA Season",https://www.youtube.com/watch?v=ciFh7hAPjjE,ciFh7hAPjjE,GAMETIME HIGHLIGHTS,580,135440,1121,99.0
22500355,"Minnesota Timberwolves vs Los Angeles Clippers Full Game Highlights | Dec 6, 2025 | FreeDawkins",https://www.youtube.com/watch?v=d3y6QXiDrB0,d3y6QXiDrB0,FreeDawkins,604,11857,382,20.0
22500355,"Los Angeles Clippers vs Minnesota Timberwolves - FULL GAME HIGHLIGHTS | December 6, 2025 NBA Season",https://www.youtube.com/watch?v=B4RXzw1lOM4,B4RXzw1lOM4,Ximo Pierto,584,2694,64,1.0
22500355,LA Clippers vs Minnesota Timberwolves Full Game Highlights 4th Qtr | Dec 6 | 2025 NBA Highlights,https://www.youtube.com/watch?v=2-AcTv8Q5x4,2-AcTv8Q5x4,Lakers Dynasty Highlights,530,22948,73,2.0
22500327,"Los Angeles Clippers vs Atlanta Hawks Full Game Highlights - December 3, 2025 | NBA Season",https://www.youtube.com/watch?v=9iDNrrjx1fM,9iDNrrjx1fM,GAMETIME HIGHLIGHTS,557,47787,461,34.0
22500327,"Los Angeles Clippers vs Atlanta Hawks - FULL GAME HIGHLIGHTS | December 3, 2025 NBA Season",https://www.youtube.com/watch?v=rd_sQ8wijuQ,rd_sQ8wijuQ,Ximo Pierto,546,1291,32,1.0
22501201,Miami Heat vs Orlando Magic | Full Game Highlights | December 9 | 2025-26 NBA Season,https://www.youtube.com/watch?v=LaUoNWN6c_U,LaUoNWN6c_U,The CCB Network,623,11493,137,4.0
22501201,Orlando Magic vs Miami Heat Full Game Highlights | Dec 9 | 2025 NBA Emirates Cup,https://www.youtube.com/watch?v=R_oHXufe8Ro,R_oHXufe8Ro,Hooper Highlights,598,2860,102,1.0
22501201,"Miami Heat vs Orlando Magic – FULL Quarterfinals Highlights | NBA Cup | December 9, 2025",https://www.youtube.com/watch?v=rOu-ygFmUG0,rOu-ygFmUG0,Ximo Pierto,575,2439,59,3.0
22501201,"Miami Heat Vs Orlando Magic Full Game Highlights - Dec 09 , 2025 | NBA CUP",https://www.youtube.com/watch?v=Bx52O_HmUvM,Bx52O_HmUvM,Lý Ngọc Hương ,810,4997,19,
22501201,Miami Heat vs Orlando Magic Full Game Highlights 4th Qtr | Dec 9 | 2025 NBA Highlights,https://www.youtube.com/watch?v=N5vM_J8ttiY,N5vM_J8ttiY,Lakers Dynasty Highlights,487,12623,50,4.0
22501201,Miami Heat vs Orlando Magic Full Game Highlights 4th Qtr P2 | Dec 9 | 2025 NBA Highlights,https://www.youtube.com/watch?v=WvBiBnb6Qro,WvBiBnb6Qro,Lakers Dynasty Highlights,325,10545,38,1.0
22500326,"San Antonio Spurs vs Orlando Magic Full Game Highlights - December 3, 2025 | NBA Season",https://www.youtube.com/watch?v=gRiP5-EwVcg,gRiP5-EwVcg,GAMETIME HIGHLIGHTS,575,123578,1323,106.0
22500326,"San Antonio Spurs vs Orlando Magic - FULL GAME HIGHLIGHTS | December 3, 2025 NBA Season",https://www.youtube.com/watch?v=jFs9nXq-fcs,jFs9nXq-fcs,Ximo Pierto,582,2540,65,8.0
22500361,"Golden State Warriors vs Chicago Bulls Full Game Highlights – December 7, 2025 | NBA Season",https://www.youtube.com/watch?v=PDX4-KigsB8,PDX4-KigsB8,GAMETIME HIGHLIGHTS,558,298396,2623,133.0
22500361,"Golden State Warriors vs Chicago Bulls – Full Game Highlights – December 7, 2025 NBA Season",https://www.youtube.com/watch?v=Jf7vuYpX6yA,Jf7vuYpX6yA,Ximo Pierto,580,4707,84,2.0
22500361,Golden State Warriors vs Chicago Bulls Full Game Highlights | Dec 7 | 2026 NBA Season,https://www.youtube.com/watch?v=gu4suq4DIN4,gu4suq4DIN4,Hooper Highlights,555,2702,104,4.0
22500361,Golden State Warriors vs Chicago Bulls Full Game Highlights 4th Qtr | Dec 7 | 2025 NBA Highlights,https://www.youtube.com/watch?v=u7HMHZb_B6Q,u7HMHZb_B6Q,Lakers Dynasty Highlights,531,75924,323,12.0
22500361,Golden State Warriors vs Chicago Bulls Full Game Highlights 4th Qtr P2 | Dec 7 | 2025 NBA Highlights,https://www.youtube.com/watch?v=W6vXCc0Eolc,W6vXCc0Eolc,Lakers Dynasty Highlights,356,22329,128,15.0
22500361,"FlightReacts To WARRIORS at BULLS | FULL GAME HIGHLIGHTS | December 7, 2025!",https://www.youtube.com/watch?v=W3sDsbaQH6Q,W3sDsbaQH6Q,NotYourAverageFlight,783,128534,5211,157.0
22500342,"Detroit Pistons vs Portland Trail Blazers Full Game Highlights – December 5, 2025 | NBA Season",https://www.youtube.com/watch?v=3a6eH0lR46E,3a6eH0lR46E,GAMETIME HIGHLIGHTS,581,53568,583,36.0
22500342,Detroit Pistons vs Portland Trail Blazers Full Game Highlights | Dec 5 | 2026 NBA Season,https://www.youtube.com/watch?v=-uevK-n49Qg,-uevK-n49Qg,Hooper Highlights,595,1751,79,
22500342,"Deni Avdija vs Pistons 35 pts 9 reb 7 ast | Dec 05, 2025 | Regular Season",https://www.youtube.com/watch?v=I_VeLbhPMMM,I_VeLbhPMMM,DV highlights,176,3009,44,5.0
22500344,"Toronto Raptors vs Charlotte Hornets Full Game Highlights – December 5, 2025 | NBA Season",https://www.youtube.com/watch?v=JlDmbpBuATw,JlDmbpBuATw,GAMETIME HIGHLIGHTS,582,28647,296,31.0
22500344,"Toronto Raptors vs Charlotte Hornets - Full Team Highlights | Dec 5, 2025",https://www.youtube.com/watch?v=KmrC8eM7Vuw,KmrC8eM7Vuw,Raptors Nation,445,2985,36,17.0
22500344,Charlotte Hornets vs Toronto Raptors Full Game Highlights | Dec 5 | 2026 NBA Season,https://www.youtube.com/watch?v=TkK1eiGd_PM,TkK1eiGd_PM,Hooper Highlights,595,1063,47,
22500344,"Toronto Raptors vs Charlotte Hornets - First Half Team Highlights | Dec 5, 2025",https://www.youtube.com/watch?v=2cjLWnbQ2VY,2cjLWnbQ2VY,Raptors Nation,191,2258,17,5.0
22500323,"Golden State Warriors vs Oklahoma City Thunder Full Game Highlights - December 2, 2025 | NBA Season",https://www.youtube.com/watch?v=qn5aGL9AXp8,qn5aGL9AXp8,GAMETIME HIGHLIGHTS,562,426297,3573,376.0
22500323,"Golden State Warriors vs OKC Thunder Full Game Highlights | Dec 2, 2025 | FreeDawkins",https://www.youtube.com/watch?v=RrvX348PwI0,RrvX348PwI0,FreeDawkins,597,96169,2527,266.0
22500352,"Golden State Warriors vs Cleveland Cavaliers Full Game Highlights – December 6, 2025 | NBA Season",https://www.youtube.com/watch?v=dJUOwOBAhKo,dJUOwOBAhKo,GAMETIME HIGHLIGHTS,575,253133,2006,219.0
22500352,"Golden State Warriors vs Cleveland Cavaliers Full Game Highlights | Dec 6, 2025 | FreeDawkins",https://www.youtube.com/watch?v=gvI_kyTWqNg,gvI_kyTWqNg,FreeDawkins,610,84929,2737,198.0
22500352,"Golden State Warriors vs Cleveland Cavaliers - FULL GAME HIGHLIGHTS | December 6, 2025 NBA Season",https://www.youtube.com/watch?v=6RGn_GjA2yY,6RGn_GjA2yY,Ximo Pierto,570,6937,126,10.0
22500352,"Golden State Warriors vs Cleveland Cavaliers Full Game Highlights – December 6, 2025 | NBA Season",https://www.youtube.com/watch?v=nDPfMME0fiw,nDPfMME0fiw,NBA Legends,582,1387,5,
22500352,Golden State Warriors vs Cavaliers Full Game Highlights 4th Qtr | Dec 6 | 2025 NBA Highlights,https://www.youtube.com/watch?v=KgqIaLJb3J8,KgqIaLJb3J8,Lakers Dynasty Highlights,542,88527,316,8.0
22500346,"Houston Rockets vs Phoenix Suns Full Game Highlights – December 5, 2025 | NBA Season",https://www.youtube.com/watch?v=FBdt-4KiyBY,FBdt-4KiyBY,GAMETIME HIGHLIGHTS,574,164216,1382,90.0
22500346,Houston Rockets vs Phoenix Suns Full Game Highlights | Dec 5 | 2026 NBA Season,https://www.youtube.com/watch?v=TMiyLBSDI5w,TMiyLBSDI5w,Hooper Highlights,592,2503,94,2.0
22500346,Phoenix Suns vs Houston Rockets Full Game Highlights 4th Qtr | Dec 5 | 2025 NBA Highlights,https://www.youtube.com/watch?v=NUXvVIHQCDQ,NUXvVIHQCDQ,Lakers Dynasty Highlights,550,10998,53,2.0
22500346,Phoenix Suns vs Houston Rockets Full Game Highlights 4th Qtr P2 | Dec 5 | 2025 NBA Highlights,https://www.youtube.com/watch?v=BZw3jkofMyY,BZw3jkofMyY,Lakers Dynasty Highlights,409,2943,14,2.0
22501205,"Houston Rockets vs Los Angeles Clippers Full Game Highlights – December 11, 2025 | NBA Season",https://www.youtube.com/watch?v=oSVL_hSk0hI,oSVL_hSk0hI,GAMETIME HIGHLIGHTS,593,310941,2250,170.0
22501205,"Houston Rockets vs Los Angeles Clippers Full Game Highlights | Dec 11, 2025 | FreeDawkins",https://www.youtube.com/watch?v=4eLqWzWHZ14,4eLqWzWHZ14,FreeDawkins,657,34232,791,52.0
22501205,"Houston Rockets vs Los Angeles Clippers - FULL GAME HIGHLIGHTS | December 11, 2025 NBA Season",https://www.youtube.com/watch?v=zvU-yL2gEk8,zvU-yL2gEk8,Ximo Pierto,569,4801,100,3.0
22501205,LA Clippers vs Houston Rockets Full Game Highlights 1st Qtr | Dec 11 | 2025 NBA Highlights,https://www.youtube.com/watch?v=xO1iHqW7qHc,xO1iHqW7qHc,Lakers Dynasty Highlights,491,26732,123,9.0
22501205,LA Clippers vs Houston Rockets Full Game Highlights 2nd Qtr | Dec 11 | 2025 NBA Highlights,https://www.youtube.com/watch?v=X8wT0ccd-lc,X8wT0ccd-lc,Lakers Dynasty Highlights,542,24238,104,3.0
22501205,LA Clippers vs Houston Rockets Full Game Highlights 4th Qtr | Dec 11 | 2025 NBA Highlights,https://www.youtube.com/watch?v=7RARov0vJdo,7RARov0vJdo,Lakers Dynasty Highlights,544,56161,183,13.0
22501205,LA Clippers vs Houston Rockets Full Game Highlights 1st Qtr P2 | Dec 11 | 2025 NBA Highlights,https://www.youtube.com/watch?v=xnkuzRPXdWo,xnkuzRPXdWo,Lakers Dynasty Highlights,340,8438,46,1.0
22501205,LA Clippers vs Houston Rockets Full Game Highlights 3rd Qtr | Dec 11 | 2025 NBA Highlights,https://www.youtube.com/watch?v=s-mqYYjxZNE,s-mqYYjxZNE,Lakers Dynasty Highlights,513,32300,109,3.0
22500325,"Denver Nuggets vs Indiana Pacers Full Game Highlights - December 3, 2025 | NBA Season",https://www.youtube.com/watch?v=lQ9jqPGnKZ0,lQ9jqPGnKZ0,GAMETIME HIGHLIGHTS,574,112593,953,73
22500325,"Denver Nuggets vs Indiana Pacers Full Game Highlights | Dec 3, 2025 | FreeDawkins",https://www.youtube.com/watch?v=d5qJhaFh0Gw,d5qJhaFh0Gw,FreeDawkins,598,11894,331,21
22500325,"Denver Nuggets vs Indiana Pacers - FULL GAME HIGHLIGHTS | December 3, 2025 NBA Season",https://www.youtube.com/watch?v=F8z2wHH_eo4,F8z2wHH_eo4,Ximo Pierto,550,1947,59,1
22500312,"Charlotte Hornets vs Brooklyn Nets Full Game Highlights - December 1, 2025 | NBA Season",https://www.youtube.com/watch?v=msgdnkDA0CE,msgdnkDA0CE,GAMETIME HIGHLIGHTS,570,29285,373,22
22500332,"Dallas Mavericks vs Miami Heat Full Game Highlights - December 3, 2025 | NBA Season",https://www.youtube.com/watch?v=y8G4FRT2hD8,y8G4FRT2hD8,GAMETIME HIGHLIGHTS,580,192424,1440,159
22500332,"Dallas Mavericks vs Miami Heat Full Game Highlights | Dec 3, 2025 | FreeDawkins",https://www.youtube.com/watch?v=-0NZbvJUyqU,-0NZbvJUyqU,FreeDawkins,608,27843,714,43
22500332,"Dallas Mavericks vs Miami Heat - FULL GAME HIGHLIGHTS | December 3, 2025 NBA Season",https://www.youtube.com/watch?v=lHDZMoUnADo,lHDZMoUnADo,Ximo Pierto,559,4403,91,5
22500304,"Philadelphia 76ers vs Atlanta Hawks Full Game Highlights - November 30, 2025 | NBA Season",https://www.youtube.com/watch?v=kuC18lKYrvQ,kuC18lKYrvQ,GAMETIME HIGHLIGHTS,580,69795,752,64
22500330,"Houston Rockets vs Sacramento Kings Full Game Highlights - December 3, 2025 | NBA Season",https://www.youtube.com/watch?v=Utgyw_5NCL0,Utgyw_5NCL0,GAMETIME HIGHLIGHTS,576,280408,1864,158
22500330,"Houston Rockets vs Sacramento Kings Full Game Highlights | Dec 3, 2025 | FreeDawkins",https://www.youtube.com/watch?v=MiizB72QgSA,MiizB72QgSA,FreeDawkins,588,19127,429,24
22500330,"Houston Rockets vs Sacramento Kings - FULL GAME HIGHLIGHTS | December 3, 2025 NBA Season",https://www.youtube.com/watch?v=geR5fbfzOvs,geR5fbfzOvs,Ximo Pierto,563,4059,88,4
22500322,"San Antonio Spurs vs Memphis Grizzlies Full Game Highlights - December 2, 2025 | NBA Season",https://www.youtube.com/watch?v=e18qfL-wPi0,e18qfL-wPi0,GAMETIME HIGHLIGHTS,542,133637,1332,76
22500322,"San Antonio Spurs vs Memphis Grizzlies Full Game Highlights | Dec 2, 2025 | FreeDawkins",https://www.youtube.com/watch?v=jJuBU45dpx4,jJuBU45dpx4,FreeDawkins,575,5805,189,6
22500331,"Milwaukee Bucks vs Detroit Pistons Full Game Highlights - December 3, 2025 | NBA Season",https://www.youtube.com/watch?v=a6SmlWvbO7U,a6SmlWvbO7U,GAMETIME HIGHLIGHTS,570,100558,1093,133.0
22500331,Detroit Pistons vs Milwaukee Bucks Full Game Highlights 4th Qtr | Dec 3 | 2025 NBA Highlights,https://www.youtube.com/watch?v=vXzzds4FYsE,vXzzds4FYsE,Lakers Dynasty Highlights,566,88809,243,4.0
22500331,Milwaukee Bucks vs Detroit Pistons FULLGAME Qtr Dec 03.2025 Highlights | NBA HIGHLIGHT,https://www.youtube.com/watch?v=cUor4DnLrrI,cUor4DnLrrI,Mây Trắng Review,770,1329,7,
22500316,"Houston Rockets vs Utah Jazz Full Game Highlights - December 1, 2025 | NBA Season",https://www.youtube.com/watch?v=fUWTdViaU6k,fUWTdViaU6k,GAMETIME HIGHLIGHTS,584,114731,974,124.0
22500316,"Houston Rockets vs Utah Jazz - FULL GAME HIGHLIGHTS | December 1, 2025 NBA Season",https://www.youtube.com/watch?v=KSb6jmu8jPM,KSb6jmu8jPM,Ximo Pierto,581,2534,69,1.0
22500328,"New York Knicks vs Charlotte Hornets Full Game Highlights - December 3, 2025 | NBA Season",https://www.youtube.com/watch?v=AEWZj2z1p9M,AEWZj2z1p9M,GAMETIME HIGHLIGHTS,582,61113,616,30.0
22500328,"New York Knicks vs Charlotte Hornets - FULL GAME HIGHLIGHTS | December 3, 2025 NBA Season",https://www.youtube.com/watch?v=UEgj5ZC_h6s,UEgj5ZC_h6s,Ximo Pierto,566,1433,33,2.0
22500328,New York Knicks vs Charlotte Hornets | Full Game Highlights | December 3 | 2025-26 NBA Season,https://www.youtube.com/watch?v=IeEh3bWuxiM,IeEh3bWuxiM,The CCB Network,622,4047,61,3.0
22500318,"Philadelphia 76ers vs Washington Wizards Full Game Highlights - December 2, 2025 | NBA Season",https://www.youtube.com/watch?v=GzBQ-3DVKLo,GzBQ-3DVKLo,GAMETIME HIGHLIGHTS,559,32066,388,9.0
22500318,Philadelphia 76ers vs Washington Wizards Full Game Highlights | Dec 2 | 2026 NBA Season,https://www.youtube.com/watch?v=8OqWgpraFAQ,8OqWgpraFAQ,Hooper Highlights,598,1353,62,
22500318,Philadelphia 76ers vs Washington Wizards | Full Game Highlights | December 2 | 2025-26 NBA Season,https://www.youtube.com/watch?v=Y_P9XTiI6hI,Y_P9XTiI6hI,The CCB Network,608,4139,70,2.0
22500336,"Los Angeles Lakers vs Toronto Raptors Full Game Highlights – December 4, 2025 | NBA Season",https://www.youtube.com/watch?v=k0Pa-1Z9fo8,k0Pa-1Z9fo8,GAMETIME HIGHLIGHTS,584,576785,5794,705.0
22500336,"Los Angeles Lakers vs Toronto Raptors Full Game Highlights | Dec 4, 2025 | FreeDawkins",https://www.youtube.com/watch?v=Si4TFhHtIK4,Si4TFhHtIK4,FreeDawkins,590,68730,2297,224.0
22500336,"Los Angeles Lakers vs Toronto Raptors - FULL GAME HIGHLIGHTS | December 4, 2025 NBA Season",https://www.youtube.com/watch?v=q5lYv4uyJWg,q5lYv4uyJWg,Ximo Pierto,566,9945,227,26.0
22500336,"Toronto Raptors vs Los Angeles Lakers - Full Team Highlights | Dec 4, 2025",https://www.youtube.com/watch?v=qVK8NXIH6_0,qVK8NXIH6_0,Raptors Nation,584,7599,84,25.0
22500310,"Cleveland Cavaliers vs Indiana Pacers Full Game Highlights - December 1, 2025 | NBA Season",https://www.youtube.com/watch?v=zqKRXlDLuqs,zqKRXlDLuqs,GAMETIME HIGHLIGHTS,581,24515,278,6.0
22500310,"Cleveland Cavaliers vs Indiana Pacers - FULL GAME HIGHLIGHTS | December 1, 2025 NBA Season",https://www.youtube.com/watch?v=MVObsU9hmw4,MVObsU9hmw4,Ximo Pierto,551,1042,37,
22500321,"Minnesota Timberwolves vs New Orleans Pelicans Full Game Highlights - December 2, 2025 | NBA Season",https://www.youtube.com/watch?v=B55SBSANlvY,B55SBSANlvY,GAMETIME HIGHLIGHTS,582,66241,774,41.0
22500321,"Minnesota Timberwolves vs New Orleans Pelicans Full Game Highlights | Dec 2, 2025 | FreeDawkins",https://www.youtube.com/watch?v=DBSQVN-ZINo,DBSQVN-ZINo,FreeDawkins,708,7338,246,6.0
22500321,Minnesota Timberwolves vs New Orleans Pelicans Full Game Highlights | Dec 2 | 2026 NBA Season,https://www.youtube.com/watch?v=GAm4ZwdFgIs,GAm4ZwdFgIs,Hooper Highlights,598,1522,74,
22500307,"Memphis Grizzlies vs Sacramento Kings Full Game Highlights - November 30, 2025 | NBA Season",https://www.youtube.com/watch?v=sqd7rFq61og,sqd7rFq61og,GAMETIME HIGHLIGHTS,578,35609,417,57.0
22500307,Memphis Grizzlies vs Sacramento Kings Full Game Highlights | Nov 30 | 2026 NBA Season,https://www.youtube.com/watch?v=7_k7fBkYHnM,7_k7fBkYHnM,Hooper Highlights,596,1516,54,
22500301,"Houston Rockets vs Utah Jazz Full Game Highlights - November 30, 2025 | NBA Season",https://www.youtube.com/watch?v=yvqNuVhGsCI,yvqNuVhGsCI,GAMETIME HIGHLIGHTS,566,130042,1104,99.0
22500301,"Houston Rockets vs Utah Jazz - FULL GAME HIGHLIGHTS | November 30, 2025 NBA Season",https://www.youtube.com/watch?v=NkUvvSvjkcE,NkUvvSvjkcE,Ximo Pierto,558,3795,83,5.0
22500349,"Oklahoma City Thunder vs Dallas Mavericks Full Game Highlights – December 5, 2025 | NBA Season",https://www.youtube.com/watch?v=jxL9QfItSBg,jxL9QfItSBg,GAMETIME HIGHLIGHTS,566,203495,1788,270.0
22500349,Oklahoma City Thunder vs Dallas Mavericks | Full Game Highlights | December 5 | 2025-26 NBA Season,https://www.youtube.com/watch?v=fJTGcuENQlk,fJTGcuENQlk,The CCB Network,605,7600,123,4.0
22500349,Dallas Mavericks vs Oklahoma City Thunder Full Game Highlights 4th Qtr | Dec 5 | 2025 NBA Highlights,https://www.youtube.com/watch?v=bUaJKLIHg2A,bUaJKLIHg2A,Lakers Dynasty Highlights,515,6451,30,1.0
22500349,Dallas Mavericks vs Oklahoma City Thunder Full Game Highlights | Dec 5 | 2026 NBA Season,https://www.youtube.com/watch?v=Twfnn1rDWaA,Twfnn1rDWaA,Hooper Highlights,595,3489,111,4.0
22500349,Dallas Mavericks vs Oklahoma City Thunder Full Game Highlights 4th Qtr P2| Dec 5|2025 NBA Highlights,https://www.youtube.com/watch?v=m98kn9ZI9aA,m98kn9ZI9aA,Lakers Dynasty Highlights,340,3625,16,1.0
22500314,"Chicago Bulls vs Orlando Magic Full Game Highlights - December 1, 2025 | NBA Season",https://www.youtube.com/watch?v=qAE6oWendZ0,qAE6oWendZ0,GAMETIME HIGHLIGHTS,577,39579,510,33.0
22500314,"Chicago Bulls vs Orlando Magic - FULL GAME HIGHLIGHTS | December 1, 2025 NBA Season",https://www.youtube.com/watch?v=-0Mud9hHZy0,-0Mud9hHZy0,Ximo Pierto,579,1216,47,1.0
22500314,Orlando Magic vs Chicago Bulls 2nd Qtr Dec 01. 2025 Highlights | NBA highlight,https://www.youtube.com/watch?v=OonqNkwTsPk,OonqNkwTsPk,Mây Trắng Review,646,1451,9,1.0
22500311,"Milwaukee Bucks vs Washington Wizards Full Game Highlights - December 1, 2025 | NBA Season",https://www.youtube.com/watch?v=uVyVKr8l_FM,uVyVKr8l_FM,GAMETIME HIGHLIGHTS,566,47817,498,84.0
22500311,Milwaukee Bucks vs Washington Wizards Full Game Highlights | Dec 1 | 2026 NBA Season,https://www.youtube.com/watch?v=Z87voDSG4b8,Z87voDSG4b8,Hooper Highlights,593,1358,58,
22500311,"Boston Celtics vs Milwaukee Bucks Full Game Highlights – December 11, 2025 | NBA Season",https://www.youtube.com/watch?v=U7NJ3bAS3uo,U7NJ3bAS3uo,GAMETIME HIGHLIGHTS,554,98312,960,56.0
22500077,"Sacramento Kings vs Utah Jazz Full Game Highlights - November 28, 2025 | NBA Season",https://www.youtube.com/watch?v=uEZixrRJAKs,uEZixrRJAKs,GAMETIME HIGHLIGHTS,582,52891,432,42
22500333,"Golden State Warriors vs Philadelphia 76ers Full Game Highlights – December 4, 2025 | NBA Season",https://www.youtube.com/watch?v=PsZqsSlo14g,PsZqsSlo14g,GAMETIME HIGHLIGHTS,577,277270,2249,214
22500333,"Golden State Warriors vs Philadelphia 76ers Full Game Highlights | Dec 4, 2025 | FreeDawkins",https://www.youtube.com/watch?v=cPEnrjcSh8M,cPEnrjcSh8M,FreeDawkins,624,52225,1385,177
22500333,"Golden State Warriors vs Philadelphia 76ers - FULL GAME HIGHLIGHTS | December 4, 2025 NBA Season",https://www.youtube.com/watch?v=towTztfgUK0,towTztfgUK0,Ximo Pierto,581,4620,80,8
22500333,Golden State Warriors vs 76ers Full Game Highlights 4th Qtr P2 | Dec 4 | 2025 NBA Highlights,https://www.youtube.com/watch?v=q5PT5rs6_wk,q5PT5rs6_wk,Lakers Dynasty Highlights,416,61835,225,28
22500333,Golden State Warriors vs 76ers Full Game Highlights 4th Qtr | Dec 4 | 2025 NBA Highlights,https://www.youtube.com/watch?v=KZTHsUkhje4,KZTHsUkhje4,Lakers Dynasty Highlights,557,35115,134,7
22500309,"Detroit Pistons vs Atlanta Hawks Full Game Highlights - December 1, 2025 | NBA Season",https://www.youtube.com/watch?v=ehNWKV1racs,ehNWKV1racs,GAMETIME HIGHLIGHTS,564,67765,662,51
22500309,"Detroit Pistons vs Atlanta Hawks Full Game Highlights – December 12, 2025 | NBA Season",https://www.youtube.com/watch?v=VOGBICUH-N8,VOGBICUH-N8,GAMETIME HIGHLIGHTS,578,60721,601,32
22500309,Atlanta Hawks vs Detroit Pistons Full Game Highlights | Dec 1 | 2026 NBA Season,https://www.youtube.com/watch?v=DPmADo0MG20,DPmADo0MG20,Hooper Highlights,596,1735,71,2
22500297,"Milwaukee Bucks vs Brooklyn Nets Full Game Highlights - November 29, 2025 | NBA Season",https://www.youtube.com/watch?v=6wvp5W_wkRs,6wvp5W_wkRs,GAMETIME HIGHLIGHTS,555,59376,636,45
22500297,Milwaukee Bucks vs Brooklyn Nets Full Game Highlights | Nov 29 | 2026 NBA Season,https://www.youtube.com/watch?v=F79Ug_V9Pfg,F79Ug_V9Pfg,Hooper Highlights,577,1485,58,1
22500315,"Denver Nuggets vs Dallas Mavericks Full Game Highlights - December 1, 2025 | NBA Season",https://www.youtube.com/watch?v=_Op4ikvSVY8,_Op4ikvSVY8,GAMETIME HIGHLIGHTS,577,294528,2368,449
22500315,"Denver Nuggets vs Dallas Mavericks - FULL GAME HIGHLIGHTS | December 1, 2025 NBA Season",https://www.youtube.com/watch?v=baMeCOXduyA,baMeCOXduyA,Ximo Pierto,573,4208,83,4
22500315,"Denver Nuggets vs Dallas Mavericks Full Game Highlights | Dec 1, 2025 | FreeDawkins",https://www.youtube.com/watch?v=MztRxharTeg,MztRxharTeg,FreeDawkins,616,37475,982,87
22500319,"Toronto Raptors vs Portland Trail Blazers Full Game Highlights - December 2, 2025 | NBA Season",https://www.youtube.com/watch?v=umcDCgINi_o,umcDCgINi_o,GAMETIME HIGHLIGHTS,567,41302,433,21
22500319,"Toronto Raptors vs Portland Trail Blazers - Full Team Highlights | Dec 2, 2025",https://www.youtube.com/watch?v=KH9Dxyrc7Sc,KH9Dxyrc7Sc,Raptors Nation,583,20627,258,23
22500319,Toronto Raptors vs Portland Trail Blazers Full Game Highlights | Dec 2 | 2026 NBA Season,https://www.youtube.com/watch?v=7DuotdnzEms,7DuotdnzEms,Hooper Highlights,596,1373,52,4
22500319,"Toronto Raptors vs Portland Trail Blazers - First Half Team Highlights | Dec 2, 2025",https://www.youtube.com/watch?v=p5sif2Rxo38,p5sif2Rxo38,Raptors Nation,306,3353,23,5
22500299,"Denver Nuggets vs Phoenix Suns - FULL GAME HIGHLIGHTS | November 29, 2025 NBA Season",https://www.youtube.com/watch?v=G0kWx80IkyU,G0kWx80IkyU,Ximo Pierto,575,3268,62,2.0
22500299,"Denver Nuggets vs Phoenix Suns Full Game Highlights | Nov 29, 2025 | FreeDawkins",https://www.youtube.com/watch?v=A9TlUIfeCRU,A9TlUIfeCRU,FreeDawkins,595,16548,404,32.0
22500295,"Chicago Bulls vs Indiana Pacers Full Game Highlights - November 29, 2025 | NBA Season",https://www.youtube.com/watch?v=woDoNhE_MBs,woDoNhE_MBs,GAMETIME HIGHLIGHTS,580,29728,339,23.0
22500295,"Chicago Bulls vs Indiana Pacers - FULL GAME HIGHLIGHTS | November 29, 2025 NBA Season",https://www.youtube.com/watch?v=w8DlIfeEiZo,w8DlIfeEiZo,Ximo Pierto,573,1321,36,1.0
22500306,"San Antonio Spurs vs Minnesota Timberwolves Full Game Highlights - November 30, 2025 | NBA Season",https://www.youtube.com/watch?v=XIM7SdD0D6I,XIM7SdD0D6I,GAMETIME HIGHLIGHTS,578,118793,1148,60.0
22500306,"Minnesota Timberwolves vs San Antonio Spurs Full Game Highlights | Nov 30, 2025 | FreeDawkins",https://www.youtube.com/watch?v=eXFO8Z4BUDs,eXFO8Z4BUDs,FreeDawkins,599,16411,469,25.0
22500306,"San Antonio Spurs vs Minnesota Timberwolves - FULL GAME HIGHLIGHTS | November 30, 2025 NBA Season",https://www.youtube.com/watch?v=6aVdeW4XoUw,6aVdeW4XoUw,Ximo Pierto,573,2547,54,
22500073,"Indiana Pacers vs Washington Wizards Full Game Highlights - November 28, 2025 | NBA Season",https://www.youtube.com/watch?v=b-5P8Vw-8Bc,b-5P8Vw-8Bc,GAMETIME HIGHLIGHTS,581,10420,193,6.0
22500076,"Denver Nuggets vs San Antonio Spurs Full Game Highlights - November 28, 2025 | NBA Season",https://www.youtube.com/watch?v=M4f-tgG-eeE,M4f-tgG-eeE,GAMETIME HIGHLIGHTS,582,301746,2234,312.0
22500076,"Denver Nuggets vs San Antonio Spurs Full Game Highlights | Nov 28, 2025 | FreeDawkins",https://www.youtube.com/watch?v=9gFAumpiZf0,9gFAumpiZf0,FreeDawkins,613,29728,775,76.0
22500320,"New York Knicks vs Boston Celtics Full Game Highlights | Dec 2, 2025 | FreeDawkins",https://www.youtube.com/watch?v=Ybd8y3p16V4,Ybd8y3p16V4,FreeDawkins,654,16928,494,20.0
22500320,"New York Knicks vs Boston Celtics Full Game Highlights - December 2, 2025 | NBA Season",https://www.youtube.com/watch?v=7gBTlP8g5Po,7gBTlP8g5Po,GAMETIME HIGHLIGHTS,572,125904,1163,87.0
22500320,"New York Knicks vs Boston Celtics - FULL GAME HIGHLIGHTS | December 2, 2025 NBA Season",https://www.youtube.com/watch?v=9-tCWhc2Bm0,9-tCWhc2Bm0,Ximo Pierto,573,3181,53,4.0
22500320,Boston Celtics vs New York Knicks Full Game Highlights 4th Qtr P2 | Dec 2 | 2025 NBA Highlights,https://www.youtube.com/watch?v=WKWNHmjIzjs,WKWNHmjIzjs,Lakers Dynasty Highlights,460,60277,143,3.0
22500320,"Boston Celtics VS New York Knicks Game 1ST Highlights - Dec 02 ,2025 | NBA Season",https://www.youtube.com/watch?v=Jkrhlxidx9c,Jkrhlxidx9c,Highlights Today,591,1197,6,
22500313,"Los Angeles Clippers vs Miami Heat Full Game Highlights - December 1, 2025 | NBA Season",https://www.youtube.com/watch?v=y3qEdaEQeVU,y3qEdaEQeVU,GAMETIME HIGHLIGHTS,563,82117,720,72.0
22500313,"Los Angeles Clippers vs Miami Heat - FULL GAME HIGHLIGHTS | December 1, 2025 NBA Season",https://www.youtube.com/watch?v=yCP5lavFcMg,yCP5lavFcMg,Ximo Pierto,566,2429,52,6.0
22500313,"Los Angeles Clippers vs Miami Heat Game 1st Highlights - December 01, 2025 | NBA Season",https://www.youtube.com/watch?v=JpKU6iJOtCI,JpKU6iJOtCI,Hùng Gà,488,1604,3,1.0
22500313,"HEAT Tie Franchise Record 24 3PTM 👌 HEAT vs. Clippers | HEAT Highlights | December 1, 2025",https://www.youtube.com/watch?v=9FA5zICFhTs,9FA5zICFhTs,Miami HEAT,163,6099,180,18.0
22500298,"Golden State Warriors vs New Orleans Pelicans Full Game Highlights - November 29, 2025 | NBA Season",https://www.youtube.com/watch?v=x2ORaM44yf4,x2ORaM44yf4,GAMETIME HIGHLIGHTS,559,348502,2944,203.0
22500298,"Golden State Warriors vs New Orleans Pelicans Full Game Highlights | Nov 29, 2025 | FreeDawkins",https://www.youtube.com/watch?v=hS1nnq7OCY8,hS1nnq7OCY8,FreeDawkins,576,83569,2604,117.0
22500298,Golden State Warriors vs New Orleans Pelicans FULLGAME Qtr Nov 29.2025 Highlights | NBA hightlight,https://www.youtube.com/watch?v=na6WXzZzrng,na6WXzZzrng,Mây Trắng Review,819,2108,11,
22500302,"Cleveland Cavaliers vs Boston Celtics Full Game Highlights - November 30, 2025 | NBA Season",https://www.youtube.com/watch?v=emSvEm5PfiE,emSvEm5PfiE,GAMETIME HIGHLIGHTS,584,98833,1047,58.0
22500302,"Boston Celtics vs Cleveland Cavaliers - FULL GAME HIGHLIGHTS | November 30, 2025 NBA Season",https://www.youtube.com/watch?v=Jm1eSSwHpwY,Jm1eSSwHpwY,Ximo Pierto,582,2205,59,2.0
22500302,Cleveland Cavaliers vs Boston Celtics FULLGAME Qtr Nov 30.2025 Highlights | NBA hightlight,https://www.youtube.com/watch?v=VcklshU40xA,VcklshU40xA,Mây Trắng Review,710,1768,6,1.0
22500305,Oklahoma City Thunder vs Portland Trail Blazers Full Game Highlights - November 30 2025 | NBA Season,https://www.youtube.com/watch?v=Fm22Serhrtk,Fm22Serhrtk,GAMETIME HIGHLIGHTS,579,109796,1099,130.0
22500305,"Oklahoma City Thunder vs Portland Trail Blazers - FULL GAME HIGHLIGHTS | Nov 30, 2025 NBA Season",https://www.youtube.com/watch?v=EBVzXXWY_BE,EBVzXXWY_BE,Ximo Pierto,583,3228,78,2.0
22500305,Portland Trail Blazers vs Oklahoma City Thunder FULLGAME Qtr Nov 30.2025 Highlights | NBA HIGHLIGHT,https://www.youtube.com/watch?v=tzRkMUM83Ak,tzRkMUM83Ak,Mây Trắng Review,798,1304,9,
22500303,"New York Knicks vs Toronto Raptors Full Game Highlights - November 30, 2025 | NBA Season",https://www.youtube.com/watch?v=LfT31cIiGs8,LfT31cIiGs8,GAMETIME HIGHLIGHTS,576,72225,696,30.0
22500303,"New York Knicks vs Toronto Raptors - FULL GAME HIGHLIGHTS | November 30, 2025 NBA Season",https://www.youtube.com/watch?v=-PTZsG4LGL0,-PTZsG4LGL0,Ximo Pierto,549,1865,52,2.0
22500303,"Toronto Raptors vs New York Knicks - Full Team Highlights | Nov 30, 2025",https://www.youtube.com/watch?v=14I4Wnyqy_Y,14I4Wnyqy_Y,Raptors Nation,531,5388,67,11.0
22500075,"Oklahoma City Thunder vs Phoenix Suns Full Game Highlights - November 28, 2025 | NBA Season",https://www.youtube.com/watch?v=XOqeBPnCWKE,XOqeBPnCWKE,GAMETIME HIGHLIGHTS,577,190027,1629,193.0
22500075,Oklahoma City Thunder vs Phoenix Suns Full Game Highlights | Nov 28 | 2026 NBA Season,https://www.youtube.com/watch?v=KcPHCHnUtSM,KcPHCHnUtSM,Hooper Highlights,592,2636,92,1.0
22500072,"Detroit Pistons vs Orlando Magic Full Game Highlights - November 28, 2025 | NBA Season",https://www.youtube.com/watch?v=DGx4tEQcQ6M,DGx4tEQcQ6M,GAMETIME HIGHLIGHTS,582,68689,702,83
22500072,Detroit Pistons vs Orlando Magic Full Game Highlights | Nov 28 | 2026 NBA Season,https://www.youtube.com/watch?v=78LjCTelRkw,78LjCTelRkw,Hooper Highlights,598,1827,69,7
22500300,"Los Angeles Clippers vs Dallas Mavericks Full Game Highlights - November 29, 2025 | NBA Season",https://www.youtube.com/watch?v=QD6uHj_xYvs,QD6uHj_xYvs,GAMETIME HIGHLIGHTS,591,248168,1895,257
22500300,Cooper Flagg Dropped 35 PTS in Win | Dallas Mavericks Team Highlights vs Clippers (11/29/2025),https://www.youtube.com/watch?v=cpq025UvP5s,cpq025UvP5s,PandaHank41,586,32813,432,84
22500300,"FlightReacts To MAVERICKS at CLIPPERS | FULL GAME HIGHLIGHTS | November 29, 2025",https://www.youtube.com/watch?v=2zdCH1Y2gzA,2zdCH1Y2gzA,nonmaliceowl,814,14896,504,12
22500317,"Los Angeles Lakers vs Phoenix Suns Full Game Highlights - December 1, 2025 | NBA Season",https://www.youtube.com/watch?v=GTj1t7nG0wI,GTj1t7nG0wI,GAMETIME HIGHLIGHTS,570,447079,3341,763
22500317,"Los Angeles Lakers vs Phoenix Suns - FULL GAME HIGHLIGHTS | December 1, 2025 NBA Season",https://www.youtube.com/watch?v=2-NVL0OT74M,2-NVL0OT74M,Ximo Pierto,580,3900,78,7
22500317,"Los Angeles Lakers vs Phoenix Suns Full Game Highlights | Dec 1, 2025 | FreeDawkins",https://www.youtube.com/watch?v=tR2bhJIqghc,tR2bhJIqghc,FreeDawkins,598,75744,1651,248
22500317,"Los Angeles Lakers vs Phoenix Suns Full Game Highlights – December 14, 2025 | NBA Season",https://www.youtube.com/watch?v=dJxAf6t8iAQ,dJxAf6t8iAQ,GAMETIME HIGHLIGHTS,576,623335,5222,732
22500317,Los Angeles Lakers vs Phoenix Suns Full Game Highlights 1st Qtr | Dec 14 | 2025 NBA Highlights,https://www.youtube.com/watch?v=nibVOdTHtOM,nibVOdTHtOM,Lakers Dynasty Highlights,551,125939,598,53
22500296,"Detroit Pistons vs Miami Heat Full Game Highlights - November 29, 2025 | NBA Season",https://www.youtube.com/watch?v=RvLYo_rOcog,RvLYo_rOcog,GAMETIME HIGHLIGHTS,549,69728,739,40
22500296,"Detroit Pistons vs Miami Heat Full Game Highlights | Nov 29, 2025 | FreeDawkins",https://www.youtube.com/watch?v=wRM-GiuxUVA,wRM-GiuxUVA,FreeDawkins,643,8349,271,7
22500296,"Andrew Wiggins Game-High 31 PTS | HEAT vs. Pistons | HEAT Highlights | November 29, 2025",https://www.youtube.com/watch?v=IB0SdI7GQXc,IB0SdI7GQXc,Miami HEAT,154,5587,93,18
22500079,"Los Angeles Clippers vs Memphis Grizzlies Full Game Highlights - November 28, 2025 | NBA Season",https://www.youtube.com/watch?v=MoEBOB91Pm8,MoEBOB91Pm8,GAMETIME HIGHLIGHTS,577,81102,646,70
22500079,LA Clippers vs Memphis Grizzlies Full Game Highlights | Nov 28 | 2026 NBA Season,https://www.youtube.com/watch?v=LVqFp0VXxD4,LVqFp0VXxD4,Hooper Highlights,591,1866,74,1
22500079,Los Angeles Clippers vs Memphis Grizzlies | Full Game Highlights | November 28 | 2025-26 NBA Season,https://www.youtube.com/watch?v=LAkUz7_2gZ4,LAkUz7_2gZ4,The CCB Network,627,4654,68,7
22500288,"Milwaukee Bucks vs Portland Trail Blazers Full Game Highlights - November 24, 2025 | NBA Season",https://www.youtube.com/watch?v=iYFnOGH3PIc,iYFnOGH3PIc,GAMETIME HIGHLIGHTS,550,43245,446,56
22500074,"New York Knicks vs Milwaukee Bucks Full Game Highlights - November 28, 2025 | NBA Season",https://www.youtube.com/watch?v=SofSDURewu4,SofSDURewu4,GAMETIME HIGHLIGHTS,551,101260,962,50.0
22500074,New York Knicks vs Milwaukee Bucks Full Game Highlights | Nov 28 | 2026 NBA Season,https://www.youtube.com/watch?v=G4ReDK1eNIg,G4ReDK1eNIg,Hooper Highlights,598,2231,84,1.0
22500074,New York Knicks vs Milwaukee Bucks FULLGAME Qtr Nov 28.2025 Highlights | NBA hightlight,https://www.youtube.com/watch?v=sRn6OPTnlKI,sRn6OPTnlKI,Mây Trắng Review,851,2776,15,2.0
22500069,"Cleveland Cavaliers vs Atlanta Hawks Full Game Highlights - November 28, 2025 | NBA Season",https://www.youtube.com/watch?v=mWtLRDAo9ew,mWtLRDAo9ew,GAMETIME HIGHLIGHTS,554,45642,437,33.0
22500069,Cleveland Cavaliers vs Atlanta Hawks Full Game Highlights | Nov 28 | 2026 NBA Season,https://www.youtube.com/watch?v=lXik1iQvrGA,lXik1iQvrGA,Hooper Highlights,599,1456,63,
22500069,Atlanta Hawks vs Cleveland Cavaliers FULLGAME Qtr Nov 28. 2025 Highlights | NBA highlight,https://www.youtube.com/watch?v=ztE3j_zl8o0,ztE3j_zl8o0,Mây Trắng Review,857,1276,4,
22500285,"New York Knicks vs Brooklyn Nets Full Game Highlights - November 24, 2025 | NBA Season",https://www.youtube.com/watch?v=9lu6mp8ryC8,9lu6mp8ryC8,GAMETIME HIGHLIGHTS,565,44483,530,17.0
22500067,"San Antonio Spurs vs Portland Trail Blazers Full Game Highlights - November 26, 2025 | NBA Season",https://www.youtube.com/watch?v=A5oiksCY-UY,A5oiksCY-UY,GAMETIME HIGHLIGHTS,557,127591,1371,133.0
22500067,San Antonio Spurs vs Portland Trail Blazers Full Game Highlights | Nov 26 | 2026 NBA Season,https://www.youtube.com/watch?v=kRrNd4hXFus,kRrNd4hXFus,Hooper Highlights,596,2669,87,3.0
22500294,"Toronto Raptors vs Charlotte Hornets Full Game Highlights - November 29, 2025 | NBA Season",https://www.youtube.com/watch?v=MoM6jxpq9DA,MoM6jxpq9DA,GAMETIME HIGHLIGHTS,569,55566,635,31.0
22500294,"Toronto Raptors vs Charlotte Hornets - FULL GAME HIGHLIGHTS | November 29, 2025 NBA Season",https://www.youtube.com/watch?v=D_XenmfukKU,D_XenmfukKU,Ximo Pierto,582,1322,40,1.0
22500294,"Toronto Raptors vs Charlotte Hornets - Full Team Highlights | Nov 29, 2025",https://www.youtube.com/watch?v=YHm_gnC5H4U,YHm_gnC5H4U,Raptors Nation,582,6526,67,33.0
22500294,Charlotte Hornets vs Toronto Raptors Full Game Highlights | Nov 29 | 2026 NBA Season,https://www.youtube.com/watch?v=prkXRq-uP68,prkXRq-uP68,Hooper Highlights,594,1249,45,1.0
22500071,"Chicago Bulls vs Charlotte Hornets Full Game Highlights - November 28, 2025 | NBA Season",https://www.youtube.com/watch?v=X_4QIFwaEak,X_4QIFwaEak,GAMETIME HIGHLIGHTS,553,32126,443,26.0
22500071,Charlotte Hornets vs Chicago Bulls Full Game Highlights | Nov 28 | 2026 NBA Season,https://www.youtube.com/watch?v=Vd03uI2mGGE,Vd03uI2mGGE,Hooper Highlights,587,1206,56,
22500071,Chicago Bulls vs Charlotte Hornets | Full Game Highlights | November 28 | 2025-26 NBA Season,https://www.youtube.com/watch?v=623leQB9CdU,623leQB9CdU,The CCB Network,602,1594,51,1.0
22500071,"Chicago Bulls vs Charlotte Hornets - FULL GAME HIGHLIGHTS | November 28, 2025 NBA Cup",https://www.youtube.com/watch?v=mwNoyKdyRVI,mwNoyKdyRVI,Ximo Pierto,566,2260,56,2.0
22500070,"Philadelphia 76ers vs Brooklyn Nets Full Game Highlights - November 28, 2025 | NBA Season",https://www.youtube.com/watch?v=qux9ocA83Gc,qux9ocA83Gc,GAMETIME HIGHLIGHTS,558,26862,293,9
22500070,Philadelphia 76ers vs Brooklyn Nets Full Game Highlights | Nov 28 | 2026 NBA Season,https://www.youtube.com/watch?v=ChtE0dHHdyY,ChtE0dHHdyY,Hooper Highlights,599,1138,50,1
22500070,Egor Demin Career High 23 Points/5 Assists vs 76ers Full Highlights! (11/28/2025),https://www.youtube.com/watch?v=leFWzVFT4is,leFWzVFT4is,HoopsHistoryHub,125,3433,43,6
22500276,"Atlanta Hawks vs Charlotte Hornets Full Game Highlights - November 23, 2025 | NBA Season",https://www.youtube.com/watch?v=XQcbt-E4epM,XQcbt-E4epM,GAMETIME HIGHLIGHTS,571,26261,353,31
22500065,"Memphis Grizzlies vs New Orleans Pelicans Full Game Highlights - November 26, 2025 | NBA Season",https://www.youtube.com/watch?v=hNBnYDehPR4,hNBnYDehPR4,GAMETIME HIGHLIGHTS,584,32440,368,16
22500065,"Memphis Grizzlies vs New Orleans Pelicans- FULL GAME HIGHLIGHTS | November 26, 2025 NBA Cup",https://www.youtube.com/watch?v=yv-rxMKIzrs,yv-rxMKIzrs,Ximo Pierto,584,1278,33,4
22500065,Memphis Grizzlies vs New Orleans Pelicans Full Game Highlights | Nov 26 | 2026 NBA Season,https://www.youtube.com/watch?v=cUlObixvDgk,cUlObixvDgk,Hooper Highlights,596,1282,56,1
22500060,"Boston Celtics vs Detroit Pistons Full Game Highlights - November 26, 2025 | NBA Season",https://www.youtube.com/watch?v=4qhkW0Uos6M,4qhkW0Uos6M,GAMETIME HIGHLIGHTS,584,148304,1305,121.0
22500060,"Detroit Pistons vs Boston Celtics - FULL GAME HIGHLIGHTS | November 26, 2025",https://www.youtube.com/watch?v=kueCaaARFGg,kueCaaARFGg,Ximo Pierto,582,4030,87,3.0
22500060,Boston Celtics vs Detroit Pistons Full Game Highlights | Nov 26 | 2026 NBA Season,https://www.youtube.com/watch?v=NN6twZWhwG4,NN6twZWhwG4,Hooper Highlights,592,2791,97,4.0
22500063,"Toronto Raptors vs Indiana Pacers Full Game Highlights - November 26, 2025 | NBA Season",https://www.youtube.com/watch?v=lNF-un1_kX0,lNF-un1_kX0,GAMETIME HIGHLIGHTS,584,37433,468,21.0
22500063,"Toronto Raptors vs Indiana Pacers - Full Team Highlights | NBA Cup Game | Nov 26, 2025",https://www.youtube.com/watch?v=H_A3BdP9S-o,H_A3BdP9S-o,Raptors Nation,582,28945,397,59.0
22500063,Indiana Pacers vs Toronto Raptors Full Game Highlights | Nov 26 | 2026 NBA Season,https://www.youtube.com/watch?v=mGP8I2kiIDM,mGP8I2kiIDM,Hooper Highlights,596,1327,70,
22500308,"Los Angeles Lakers vs New Orleans Pelicans Full Game Highlights - November 30, 2025 | NBA Season",https://www.youtube.com/watch?v=eF9_CJP0TXA,eF9_CJP0TXA,GAMETIME HIGHLIGHTS,575,503261,4321,260.0
22500308,"Los Angeles Lakers vs New Orleans Pelicans Full Game Highlights | Nov 30, 2025 | FreeDawkins",https://www.youtube.com/watch?v=GuuMYZit7FI,GuuMYZit7FI,FreeDawkins,597,83327,2446,93.0
22500308,"Los Angeles Lakers vs New Orleans Pelicans - FULL GAME HIGHLIGHTS | November 30, 2025 NBA Season",https://www.youtube.com/watch?v=qYFr7nIDXxA,qYFr7nIDXxA,Ximo Pierto,576,10824,170,13.0
22500308,"Los Angeles Lakers VS New Orleans Pelicans Game 2ND Highlights - Nov 30 ,2025 | NBA Season",https://www.youtube.com/watch?v=U-9lEggs42s,U-9lEggs42s,Highlights Today,829,3392,21,
22500308,"Los Angeles Lakers VS New Orleans Pelicans Game 1ST Highlights - Nov 30 ,2025 | NBA Season",https://www.youtube.com/watch?v=bguUju3peIk,bguUju3peIk,Highlights Today,607,2460,17,
22500308,"Los Angeles Lakers VS New Orleans Pelicans Game 3RD Highlights - Nov 30 ,2025 | NBA Season",https://www.youtube.com/watch?v=akSVxnt3dCo,akSVxnt3dCo,Highlights Today,687,1665,5,
22500283,"Detroit Pistons vs Indiana Pacers Full Game Highlights - November 24, 2025 | NBA Season",https://www.youtube.com/watch?v=BVh7hy034jE,BVh7hy034jE,GAMETIME HIGHLIGHTS,567,56471,625,29.0
22500283,Detroit Pistons vs Indiana Pacers Full Game Highlights | Nov 24 | 2026 NBA Season,https://www.youtube.com/watch?v=4rmq3mvMq8Q,4rmq3mvMq8Q,Hooper Highlights,598,1473,69,1.0
22500061,"New York Knicks vs Charlotte Hornets Full Game Highlights - November 26, 2025 | NBA Season",https://www.youtube.com/watch?v=rmxnw8MwBcQ,rmxnw8MwBcQ,GAMETIME HIGHLIGHTS,564,62384,605,25.0
22500061,"New York Knicks vs Charlotte Hornets - FULL GAME HIGHLIGHTS | November 26, 2025 NBA Cup",https://www.youtube.com/watch?v=25yX6iPZ-do,25yX6iPZ-do,Ximo Pierto,570,2690,69,2.0
22500061,New York Knicks vs Charlotte Hornets Full Game Highlights | Nov 26 | 2026 NBA Season,https://www.youtube.com/watch?v=dDUlb-MHIy8,dDUlb-MHIy8,Hooper Highlights,587,1446,51,
22500068,"Phoenix Suns vs Sacramento Kings Full Game Highlights - November 26, 2025 | NBA Season",https://www.youtube.com/watch?v=yYnIhEfJTmo,yYnIhEfJTmo,GAMETIME HIGHLIGHTS,585,48154,506,41.0
22500068,Phoenix Suns vs Sacramento Kings Full Game Highlights | Nov 26 | 2026 NBA Season,https://www.youtube.com/watch?v=hjLlLRKLnXI,hjLlLRKLnXI,Hooper Highlights,595,1921,83,1.0
22500068,Phoenix Suns vs Sacramento Kings | Full Game Highlights | November 26 | 2025-26 NBA Season,https://www.youtube.com/watch?v=AGfqwnHdFgE,AGfqwnHdFgE,The CCB Network,622,5205,77,3.0
22500078,"Los Angeles Lakers vs Dallas Mavericks Full Game Highlights - November 28, 2025 | NBA Season",https://www.youtube.com/watch?v=c8znCPLB0VA,c8znCPLB0VA,GAMETIME HIGHLIGHTS,576,969760,7901,723.0
22500078,Dallas Mavericks vs Los Angeles Lakers Full Game Highlights 4th Qtr | Nov 28 | 2025 NBA Highlights,https://www.youtube.com/watch?v=Q6E36KVpcF8,Q6E36KVpcF8,Lakers Dynasty Highlights,548,211254,887,62.0
22500078,"Lakers vs Mavericks | Lakers Highlights | November 28th, 2025",https://www.youtube.com/watch?v=CDGXl8ZHLlU,CDGXl8ZHLlU,Lakers GametimeTV,498,241565,3323,237.0
22500078,Los Angeles Lakers vs Dallas Mavericks FULLGAME Qtr Nov 28.2025 Highlights | NBA HIGHLIGHT,https://www.youtube.com/watch?v=s66jMhLAJzE,s66jMhLAJzE,Mây Trắng Review,725,5132,12,
22500066,"Golden State Warriors vs Houston Rockets Full Game Highlights - November 26, 2025 | NBA Season",https://www.youtube.com/watch?v=7H3KuLLvC-Q,7H3KuLLvC-Q,GAMETIME HIGHLIGHTS,581,580245,3748,345.0
22500066,"Golden State Warriors vs Houston Rockets Full Game Highlights | Nov 26, 2025 | FreeDawkins",https://www.youtube.com/watch?v=AsM337iPb1A,AsM337iPb1A,FreeDawkins,644,82395,1963,152.0
22500066,Golden State Warriors vs Houston Rockets Full Game Highlights 4th Qtr | Nov 26 | 2025 NBA Highlights,https://www.youtube.com/watch?v=rlAWAdN2-z0,rlAWAdN2-z0,Lakers Dynasty Highlights,556,334983,925,47.0
22500281,"San Antonio Spurs vs Phoenix Suns Full Game Highlights - November 23, 2025 | NBA Season",https://www.youtube.com/watch?v=gshsVsBgUd4,gshsVsBgUd4,GAMETIME HIGHLIGHTS,573,141102,1259,111.0
22500064,Oklahoma City Thunder vs Minnesota Timberwolves Full Game Highlights  -November 26 2025 | NBA Season,https://www.youtube.com/watch?v=t3tEbYW13ag,t3tEbYW13ag,GAMETIME HIGHLIGHTS,578,264500,2257,239
22500064,"OKC Thunder vs Minnesota Timberwolves Full Game Highlights | Nov 26, 2025 | FreeDawkins",https://www.youtube.com/watch?v=eMm4A7evgmI,eMm4A7evgmI,FreeDawkins,605,39929,1000,73
22500064,"Oklahoma City Thunder vs Minnesota Timberwolves - FULL GAME HIGHLIGHTS | November 26, 2025 NBA Cup",https://www.youtube.com/watch?v=VVQn9C3u5p8,VVQn9C3u5p8,Ximo Pierto,577,6376,141,17
22500058,"Philadelphia 76ers vs Orlando Magic Full Game Highlights - November 25, 2025 | NBA Season",https://www.youtube.com/watch?v=wv7PXzPOrBQ,wv7PXzPOrBQ,GAMETIME HIGHLIGHTS,553,99429,962,95
22500058,"Orlando Magic vs Philadelphia 76ers Full Game Highlights | Nov 25, 2025 | FreeDawkins",https://www.youtube.com/watch?v=w5R__Oy4V2g,w5R__Oy4V2g,FreeDawkins,585,9897,281,14
22500058,"Philadelphia 76ers vs Orlando Magic - FULL GAME HIGHLIGHTS | November 25, 2025 NBA Cup",https://www.youtube.com/watch?v=F1_lBeF0fUU,F1_lBeF0fUU,Ximo Pierto,567,2104,46,3
22500059,"Los Angeles Lakers vs Los Angeles Clippers Full Game Highlights - November 25, 2025 | NBA Season",https://www.youtube.com/watch?v=NlV4ayXx4LY,NlV4ayXx4LY,GAMETIME HIGHLIGHTS,576,886932,7760,708
22500059,"Los Angeles Lakers vs Los Angeles Clippers Full Game Highlights | Nov 25, 2025 | FreeDawkins",https://www.youtube.com/watch?v=QVskHqwV8Ck,QVskHqwV8Ck,FreeDawkins,622,127552,3777,229
22500059,"Los Angeles Lakers vs Los Angeles Clippers - FULL GAME HIGHLIGHTS | November 25, 2025 NBA Cup",https://www.youtube.com/watch?v=TmXXqe7V0bc,TmXXqe7V0bc,Ximo Pierto,581,26433,421,27
22500289,"Chicago Bulls vs New Orleans Pelicans Full Game Highlights - November 24, 2025 | NBA Season",https://www.youtube.com/watch?v=Uzj5i3Zx8Os,Uzj5i3Zx8Os,GAMETIME HIGHLIGHTS,580,33511,385,24
22500289,"Chicago Bulls vs New Orleans Pelicans - FULL GAME HIGHLIGHTS | November 24, 2025 NBA Season",https://www.youtube.com/watch?v=qS318gYIwrU,qS318gYIwrU,Ximo Pierto,570,2003,50,3
22500289,Chicago Bulls vs New Orleans Pelicans Full Game Highlights | Nov 24 | 2026 NBA Season,https://www.youtube.com/watch?v=jhIv7Iz5cIo,jhIv7Iz5cIo,Hooper Highlights,595,1348,58,1
22500290,"Houston Rockets vs Phoenix Suns Full Game Highlights - November 24, 2025 | NBA Season",https://www.youtube.com/watch?v=v5SbWoOr0oc,v5SbWoOr0oc,GAMETIME HIGHLIGHTS,557,197699,1527,143
22500290,"Houston Rockets vs Phoenix Suns Full Game Highlights | Nov 24, 2025 | FreeDawkins",https://www.youtube.com/watch?v=ONNYFBUS3NI,ONNYFBUS3NI,FreeDawkins,588,21369,526,42
22500290,"Houston Rockets vs Phoenix Suns - FULL GAME HIGHLIGHTS | November 24, 2025 NBA Season",https://www.youtube.com/watch?v=ywfrA6KfKmw,ywfrA6KfKmw,Ximo Pierto,561,4627,103,3
22500291,"Golden State Warriors vs Utah Jazz Full Game Highlights - November 24, 2025 | NBA Season",https://www.youtube.com/watch?v=K_zgdkNdpuI,K_zgdkNdpuI,GAMETIME HIGHLIGHTS,565,374397,3086,121
22500291,"Golden State Warriors vs Utah Jazz Full Game Highlights | Nov 24, 2025 | FreeDawkins",https://www.youtube.com/watch?v=GiFkpWXTCXo,GiFkpWXTCXo,FreeDawkins,601,112421,3686,134
22500291,"Golden State Warriors vs Utah Jazz - FULL GAME HIGHLIGHTS | November 24, 2025 NBA Season",https://www.youtube.com/watch?v=c7E1pd-Soks,c7E1pd-Soks,Ximo Pierto,563,8744,141,3
22500293,"Boston Celtics vs Minnesota Timberwolves Full Game Highlights - November 29, 2025 | NBA Season",https://www.youtube.com/watch?v=nMSeev6dfyY,nMSeev6dfyY,GAMETIME HIGHLIGHTS,577,120235,1329,89.0
22500293,Boston Celtics vs Minnesota Timberwolves Full Game Highlights | Nov 29 | 2026 NBA Season,https://www.youtube.com/watch?v=h3QmNrwZwpc,h3QmNrwZwpc,Hooper Highlights,599,2322,96,
22500293,Boston Celtics vs Minnesota Timberwolves  | Full Game Highlights | November 29 | 2025-26 NBA Season,https://www.youtube.com/watch?v=wNSCit3TL5M,wNSCit3TL5M,The CCB Network,616,7716,129,1.0
22500293,"FlightReacts To CELTICS at TIMBERWOLVES | FULL GAME HIGHLIGHTS | November 29, 2025",https://www.youtube.com/watch?v=P7YXtX-Zv6k,P7YXtX-Zv6k,nonmaliceowl,699,12991,443,9.0
22500293,Minnesota Timberwolves vs Boston Celtics 1st Qtr Nov 29. 2025 Highlights | NBA highlight,https://www.youtube.com/watch?v=F_SsquCmSSU,F_SsquCmSSU,Mây Trắng Review,564,1835,11,
22500293,Minnesota Timberwolves vs Boston Celtics 2nd Qtr Nov 29. 2025 Highlights | NBA highlight,https://www.youtube.com/watch?v=aHrB4wRN0NI,aHrB4wRN0NI,Mây Trắng Review,604,2027,9,
22500062,"Milwaukee Bucks vs Miami Heat Full Game Highlights - November 26, 2025 | NBA Season",https://www.youtube.com/watch?v=zEC-nJPkyLI,zEC-nJPkyLI,GAMETIME HIGHLIGHTS,575,82054,860,133.0
22500062,"Milwaukee Bucks vs Miami Heat - FULL GAME HIGHLIGHTS | November 26, 2025 NBA Cup",https://www.youtube.com/watch?v=Rl2-vyElKMQ,Rl2-vyElKMQ,Ximo Pierto,582,2303,64,
22500062,Milwaukee Bucks vs Miami Heat Full Game Highlights | Nov 26 | 2026 NBA Season,https://www.youtube.com/watch?v=VkE99ZJ5bIo,VkE99ZJ5bIo,Hooper Highlights,595,1918,85,
22500062,Miami Heat vs Milwaukee Bucks FULLGAME Qtr Nov 26.2025 Highlights | NBA hightlight,https://www.youtube.com/watch?v=-NDDaPhc4Jc,-NDDaPhc4Jc,Mây Trắng Review,699,2786,14,
22500099,"Los Angeles Clippers vs Phoenix Suns Full Game Highlights - October 24, 2025 | NBA Season",https://www.youtube.com/watch?v=0tU9GjA57Uc,0tU9GjA57Uc,GAMETIME HIGHLIGHTS,555,277630,2214,146.0
22500057,"Atlanta Hawks vs Washington Wizards Full Game Highlights - November 25, 2025 | NBA Season",https://www.youtube.com/watch?v=7QqD1AZDcsk,7QqD1AZDcsk,GAMETIME HIGHLIGHTS,578,42428,421,31
22500057,"Atlanta Hawks vs Washington Wizards - FULL GAME HIGHLIGHTS | November 25, 2025 NBA Cup",https://www.youtube.com/watch?v=ID3IvN2u0KE,ID3IvN2u0KE,Ximo Pierto,578,2254,66,2
22500057,Atlanta Hawks vs Washington Wizards Full Game Highlights | Nov 25 | 2026 NBA Season,https://www.youtube.com/watch?v=iJ5uLTvV5kg,iJ5uLTvV5kg,Hooper Highlights,597,1443,57,2
22500057,Washington Wizards vs Atlanta Hawks 1st Qtr Nov 25.2025 Highlights | NBA hightlight,https://www.youtube.com/watch?v=t81caVETl6s,t81caVETl6s,Mây Trắng Review,535,1348,5,1
22500292,"Minnesota Timberwolves vs Sacramento Kings Full Game Highlights - November 24, 2025 | NBA Season",https://www.youtube.com/watch?v=7EREa1mVFSc,7EREa1mVFSc,GAMETIME HIGHLIGHTS,577,194301,1889,220
22500292,"Minnesota Timberwolves vs Sacramento Kings - FULL GAME HIGHLIGHTS | November 24, 2025 NBA Season",https://www.youtube.com/watch?v=Rn6yHZflAZY,Rn6yHZflAZY,Ximo Pierto,573,3240,85,5
22500292,Sacramento Kings vs Minnesota Timberwolves FULLGAME Qtr Nov 24.2025 Highlights | NBA HIGHLIGHT,https://www.youtube.com/watch?v=s4kH_CIDk_8,s4kH_CIDk_8,Mây Trắng Review,785,1104,5,1
22500271,"Chicago Bulls vs Washington Wizards Full Game Highlights - November 22, 2025 | NBA Season",https://www.youtube.com/watch?v=zrP80Jrx-Nw,zrP80Jrx-Nw,GAMETIME HIGHLIGHTS,575,38787,507,19
22500271,"Chicago Bulls vs Washington Wizards - Full Game Highlights | November 22, 2025 NBA Season",https://www.youtube.com/watch?v=6BpHE3BbUK4,6BpHE3BbUK4,,577,2420,78,2
22500277,"Boston Celtics vs Orlando Magic Full Game Highlights - November 23, 2025 | NBA Season",https://www.youtube.com/watch?v=Dp91EzMbDCE,Dp91EzMbDCE,GAMETIME HIGHLIGHTS,572,75027,776,30.0
22500277,"Boston Celtics vs Orlando Magic - FULL GAME HIGHLIGHTS | November 23, 2025",https://www.youtube.com/watch?v=Kzhakcjhf94,Kzhakcjhf94,Ximo Pierto,580,2076,56,1.0
22500277,Boston Celtics vs Orlando Magic Full Game Highlights | Nov 23 | 2026 NBA Season,https://www.youtube.com/watch?v=-bjE7mPQNpE,-bjE7mPQNpE,Hooper Highlights,591,2318,85,
22500269,"New York Knicks vs Orlando Magic Full Game Highlights - November 22, 2025 | NBA Season",https://www.youtube.com/watch?v=fa_9iUTAxwc,fa_9iUTAxwc,GAMETIME HIGHLIGHTS,575,80146,801,92.0
22500269,Orlando Magic vs New York Knicks Full Game Highlights | Nov 22 | 2026 NBA Season,https://www.youtube.com/watch?v=CMHfCUdKbJo,CMHfCUdKbJo,Hooper Highlights,597,2119,85,
22500268,"Los Angeles Clippers vs Charlotte Hornets Full Game Highlights - November 22, 2025 | NBA Season",https://www.youtube.com/watch?v=NIcEltO_H-o,NIcEltO_H-o,GAMETIME HIGHLIGHTS,572,92438,1015,92.0
22500268,"Los Angeles Clippers vs Charlotte Hornets Full Game Highlights | Nov 22, 2025 | FreeDawkins",https://www.youtube.com/watch?v=PSoNNpZd-Qs,PSoNNpZd-Qs,,588,16460,501,30.0
22500282,"Los Angeles Lakers vs Utah Jazz Full Game Highlights - November 23, 2025 | NBA Season",https://www.youtube.com/watch?v=qtY642_vGxQ,qtY642_vGxQ,GAMETIME HIGHLIGHTS,578,703284,5549,526.0
22500282,"Los Angeles Lakers vs Utah Jazz Full Game Highlights | Nov 23, 2025 | FreeDawkins",https://www.youtube.com/watch?v=7hzR4gLJHac,7hzR4gLJHac,,592,100650,2611,195.0
22500282,"Los Angeles Lakers vs Utah Jazz - FULL GAME HIGHLIGHTS | November 23, 2025",https://www.youtube.com/watch?v=nt5KezCLqjQ,nt5KezCLqjQ,Ximo Pierto,574,13493,253,24.0
22500286,"Dallas Mavericks vs Miami Heat Full Game Highlights - November 24, 2025 | NBA Season",https://www.youtube.com/watch?v=K8dgQbUrc30,K8dgQbUrc30,GAMETIME HIGHLIGHTS,582,113501,989,120.0
22500286,"Dallas Mavericks vs Miami Heat - FULL GAME HIGHLIGHTS | November 24, 2025 NBA Season",https://www.youtube.com/watch?v=Mb25KyUfThY,Mb25KyUfThY,Ximo Pierto,582,4972,98,10.0
22500286,Dallas Mavericks vs Miami Heat Full Game Highlights | Nov 24 | 2026 NBA Season,https://www.youtube.com/watch?v=mT0GDML2V_k,mT0GDML2V_k,Hooper Highlights,598,2450,90,2.0
22500286,"Dallas Mavericks vs Miami Heat Game 3rd Highlights - Nov 24 ,2025 | NBA Season",https://www.youtube.com/watch?v=nfVJkBAOPSE,nfVJkBAOPSE,anh long đen,484,3777,14,
22500287,"Denver Nuggets vs Memphis Grizzlies Full Game Highlights - November 24, 2025 | NBA Season",https://www.youtube.com/watch?v=nyxJCuUbO7I,nyxJCuUbO7I,GAMETIME HIGHLIGHTS,572,179925,1484,101.0
22500287,"Denver Nuggets vs Memphis Grizzlies - FULL GAME HIGHLIGHTS | November 24, 2025 NBA Season",https://www.youtube.com/watch?v=QAgKchkdgb8,QAgKchkdgb8,Ximo Pierto,570,4095,98,7.0
22500287,"Denver Nuggets vs Memphis Grizzlies Full Game Highlights | Nov 24, 2025 | FreeDawkins",https://www.youtube.com/watch?v=Dw4eJnFLLys,Dw4eJnFLLys,FreeDawkins,608,20337,537,43.0
22500287,Memphis Grizzlies vs Denver Nuggets FULLGAME Qtr Nov 24.2025 Highlights | NBA HIGHLIGHT,https://www.youtube.com/watch?v=T6eCESz7RPY,T6eCESz7RPY,Mây Trắng Review,746,2390,8,2.0
22500272,"Milwaukee Bucks vs Detroit Pistons Full Game Highlights - November 22, 2025 | NBA Season",https://www.youtube.com/watch?v=DGNKa7_5slE,DGNKa7_5slE,GAMETIME HIGHLIGHTS,566,94954,949,138.0
22500272,Milwaukee Bucks vs Detroit Pistons Full Game Highlights | Nov 22 | 2026 NBA Season,https://www.youtube.com/watch?v=H2Ooa9NRu1I,H2Ooa9NRu1I,Hooper Highlights,585,2572,100,
22500272,Milwaukee Bucks vs Detroit Pistons FULLGAME Qtr Nov 22.2025 Highlights | NBA hightlight,https://www.youtube.com/watch?v=Vi3NGxCx8e4,Vi3NGxCx8e4,Mây Trắng Review,652,1193,7,
22500275,"Miami Heat vs Philadelphia 76ers Full Game Highlights - November 23, 2025 | NBA Season",https://www.youtube.com/watch?v=QJvuB6vU_KE,QJvuB6vU_KE,GAMETIME HIGHLIGHTS,582,85136,716,69.0
22500275,"Miami Heat vs Philadelphia 76ers Full Game Highlights | Nov 23, 2025 | FreeDawkins",https://www.youtube.com/watch?v=Tjdnpt4rAUM,Tjdnpt4rAUM,FreeDawkins,599,9292,296,7.0
22500275,"Miami Heat vs Philadelphia 76ers - FULL GAME HIGHLIGHTS | November 23, 2025",https://www.youtube.com/watch?v=HTh2IucEzCs,HTh2IucEzCs,Ximo Pierto,576,2671,59,2.0
22500275,"Powell, Ware, Jaquez Jr. Combine For 74 PTS 🔥 HEAT vs. 76ers | HEAT Highlights | November 23, 2025",https://www.youtube.com/watch?v=cT-bNmqycYE,cT-bNmqycYE,Miami HEAT,158,9295,186,26.0
22500273,"Dallas Mavericks vs Memphis Grizzlies Full Game Highlights - November 22, 2025 | NBA Season",https://www.youtube.com/watch?v=SZrgwyP4hxU,SZrgwyP4hxU,GAMETIME HIGHLIGHTS,579,194359,1315,196.0
22500273,"Dallas Mavericks vs Memphis Grizzlies Full Game Highlights | Nov 22, 2025 | FreeDawkins",https://www.youtube.com/watch?v=Os7EVqxXqgc,Os7EVqxXqgc,FreeDawkins,599,13295,283,25.0
22500273,"Dallas Mavericks vs Memphis Grizzlies - Full Game Highlights | November 22, 2025 NBA Season",https://www.youtube.com/watch?v=32oytYrpc_4,32oytYrpc_4,Ximo Pierto,572,2845,51,2.0
22500280,Oklahoma City Thunder vs Portland Trail Blazers Full Game Highlights - November 23 2025 | NBA Season,https://www.youtube.com/watch?v=C3OX6bkFRhU,C3OX6bkFRhU,GAMETIME HIGHLIGHTS,565,116292,1089,136.0
22500280,"OKC Thunder vs Portland Trail Blazers Full Game Highlights | Nov 23, 2025 | FreeDawkins",https://www.youtube.com/watch?v=NygixkvEPeM,NygixkvEPeM,FreeDawkins,584,13784,397,38.0
22500280,"Oklahoma City Thunder vs Portland Trail Blazers - FULL GAME HIGHLIGHTS | November 23, 2025",https://www.youtube.com/watch?v=7PRZVQ3IW7s,7PRZVQ3IW7s,Ximo Pierto,572,4287,81,3.0
22500280,"Oklahoma City Thunder Vs Portland Trail Blazers Full Game Highlights- November 23, 2025 | NBA Season",https://www.youtube.com/watch?v=I0eLnnSrefg,I0eLnnSrefg,PLAYTIME HIGHLIGHTS,319,2725,10,1.0
22500270,"Atlanta Hawks vs New Orleans Pelicans Full Game Highlights - November 22, 2025 | NBA Season",https://www.youtube.com/watch?v=WS9oVl5GnoA,WS9oVl5GnoA,GAMETIME HIGHLIGHTS,566,31203,356,39.0
22500270,"Atlanta Hawks vs New Orleans Pelicans - Full Game Highlights | November 22, 2025 NBA Season",https://www.youtube.com/watch?v=6kIIFxqyFCI,6kIIFxqyFCI,,584,1283,34,1.0
22500270,Atlanta Hawks vs New Orleans Pelicans Full Game Highlights | Nov 22 | 2026 NBA Season,https://www.youtube.com/watch?v=BTfRTaOmvuQ,BTfRTaOmvuQ,Hooper Highlights,590,1372,51,
22500279,"Toronto Raptors vs Brooklyn Nets Full Game Highlights - November 23, 2025 | NBA Season",https://www.youtube.com/watch?v=eqnWdJzYtIc,eqnWdJzYtIc,GAMETIME HIGHLIGHTS,573,19548,278,6.0
22500279,"Toronto Raptors vs Brooklyn Nets - FULL GAME HIGHLIGHTS | November 23, 2025",https://www.youtube.com/watch?v=xsGAGBuZ1JI,xsGAGBuZ1JI,Ximo Pierto,567,1138,32,1.0
22500279,"Toronto Raptors vs Brooklyn Nets - Full Team Highlights | Nov 23, 2025",https://www.youtube.com/watch?v=tHDIXCdTud4,tHDIXCdTud4,Raptors Nation,564,20344,273,48.0
22500279,"Toronto Raptors vs Brooklyn Nets - First Half Team Highlights | Nov 23, 2025",https://www.youtube.com/watch?v=LLERKPPhLRM,LLERKPPhLRM,Raptors Nation,247,4417,39,2.0
22500278,"Los Angeles Clippers vs Cleveland Cavaliers Full Game Highlights - November 23, 2025 | NBA Season",https://www.youtube.com/watch?v=qUcdPYxB-no,qUcdPYxB-no,GAMETIME HIGHLIGHTS,573,95707,835,36.0
22500278,"Los Angeles Clippers vs Cleveland Cavaliers - FULL GAME HIGHLIGHTS | November 23, 2025",https://www.youtube.com/watch?v=sqaS2gAo-4w,sqaS2gAo-4w,Ximo Pierto,570,4341,89,2.0
22500278,LA Clippers vs Cleveland Cavaliers Full Game Highlights | Nov 23 | 2026 NBA Season,https://www.youtube.com/watch?v=JaTVTX2fOG8,JaTVTX2fOG8,Hooper Highlights,593,2720,96,
22500278,Cleveland Cavaliers vs Los Angeles Clippers FULLGAME Qtr Nov 23.2025 Highlights | NBA HIGHLIGHT,https://www.youtube.com/watch?v=S0aJY4s8Fsg,S0aJY4s8Fsg,Mây Trắng Review,805,1130,3,
22500278,Los Angeles Clippers vs Cleveland Cavaliers | Full Game Highlights | Nov 23 | 2025-26 NBA Season,https://www.youtube.com/watch?v=w8_kOM2L384,w8_kOM2L384,The CCB Network,610,3590,107,2.0
22500274,"Denver Nuggets vs Sacramento Kings Full Game Highlights - November 22, 2025 | NBA Season",https://www.youtube.com/watch?v=RvVb178E448,RvVb178E448,GAMETIME HIGHLIGHTS,583,269009,2111,311.0
22500274,"Denver Nuggets vs Sacramento Kings - Full Game Highlights | November 22, 2025 NBA Season",https://www.youtube.com/watch?v=U8bo9tKD3v8,U8bo9tKD3v8,,580,4687,103,2.0
22500274,"Denver Nuggets vs Sacramento Kings Full Game Highlights | Nov 22, 2025 | FreeDawkins",https://www.youtube.com/watch?v=Yj1nrx6f810,Yj1nrx6f810,FreeDawkins,658,27121,751,101.0
22500274,Denver Nuggets vs Sacramento Kings Full Game Highlights | Nov 22 | 2026 NBA Season,https://www.youtube.com/watch?v=Aud9uZMqdaw,Aud9uZMqdaw,Hooper Highlights,597,4049,134,8.0
22500037,"Golden State Warriors vs Denver Nuggets Full Game Highlights - November 7, 2025 | NBA Season",https://www.youtube.com/watch?v=CK70V1y29aY,CK70V1y29aY,GAMETIME HIGHLIGHTS,557,420354,3471,313.0
22500037,"Golden State Warriors vs Denver Nuggets Full Game Highlights | Nov 7, 2025 | FreeDawkins",https://www.youtube.com/watch?v=O9AY56yT9cc,O9AY56yT9cc,FreeDawkins,593,55502,1753,144.0
22500037,"Golden State Warriors vs Denver Nuggets - FULL GAME HIGHLIGHTS | November 7, 2025 NBA Cup",https://www.youtube.com/watch?v=VdJlLWwxM50,VdJlLWwxM50,Ximo Pierto,553,109793,850,80.0
22500037,"WARRIORS vs NUGGETS FULL GAME HIGHLIGHTS November 7, 2025 | NBA Full Game Highlights Today (2K)",https://www.youtube.com/watch?v=z_yy1pL6T34,z_yy1pL6T34,Hoopletics,854,10725,20,1.0
22500284,"Cleveland Cavaliers vs Toronto Raptors Full Game Highlights - November 24, 2025 | NBA Season",https://www.youtube.com/watch?v=eWTDS_0wG54,eWTDS_0wG54,GAMETIME HIGHLIGHTS,580,66551,557,29
22500284,"Toronto Raptors vs Cleveland Cavaliers - Full Team Highlights | Nov 24, 2025",https://www.youtube.com/watch?v=zUqAhpy0Mh8,zUqAhpy0Mh8,Raptors Nation,583,22822,298,25
22500284,"Cleveland Cavaliers vs Toronto Rapors - FULL GAME HIGHLIGHTS | November 24, 2025 NBA Season",https://www.youtube.com/watch?v=nCyU_Hs3p9U,nCyU_Hs3p9U,Ximo Pierto,579,2303,62,5
22500284,Cleveland Cavaliers vs Toronto Raptors Full Game Highlights | Nov 24 | 2026 NBA Season,https://www.youtube.com/watch?v=TjmmQ4QX7iI,TjmmQ4QX7iI,Hooper Highlights,598,1755,84,2
22500284,"Toronto Raptors vs Cleveland Cavaliers - First Half Team Highlights | Nov 24, 2025",https://www.youtube.com/watch?v=WzPrbjO47ZI,WzPrbjO47ZI,Raptors Nation,232,3839,27,6
22500284,"Toronto Raptors vs Cleveland Cavaliers | November 24, 2024",https://www.youtube.com/watch?v=6alc0VFlIZw,6alc0VFlIZw,Raptors Nation,510,7664,71,3
