"game_id","title","url","video_id","channel","duration","view_count","like_count","comment_count"
22500431,"Los Angeles Clippers vs Portland Trail Blazers Full Game Highlights – December 26, 2025 | NBA Season","https://www.youtube.com/watch?v=11LdwX87xkY","11LdwX87xkY","GAMETIME HIGHLIGHTS",587,99233,1011,64
22500409,"Charlotte Hornets vs Washington Wizards Full Game Highlights – December 23, 2025 | NBA Season","https://www.youtube.com/watch?v=IrpfL0OcIuI","IrpfL0OcIuI","GAMETIME HIGHLIGHTS",585,26200,396,32
22500424,"Charlotte Hornets vs Orlando Magic Full Game Highlights – December 26, 2025 | NBA Season","https://www.youtube.com/watch?v=l5ir1TZxJjk","l5ir1TZxJjk","GAMETIME HIGHLIGHTS",576,25306,347,31
22500430,"Detroit Pistons vs Utah Jazz Full Game Highlights – December 26, 2025 | NBA Season","https://www.youtube.com/watch?v=U5T9X6OK6OA","U5T9X6OK6OA","GAMETIME HIGHLIGHTS",586,62175,658,38
22500413,"Milwaukee Bucks vs Indiana Pacers Full Game Highlights – December 23, 2025 | NBA Season","https://www.youtube.com/watch?v=liAwHhl5zPk","liAwHhl5zPk","GAMETIME HIGHLIGHTS",589,22880,283,31
22500427,"Philadelphia 76ers vs Chicago Bulls Full Game Highlights – December 26, 2025 | NBA Season","https://www.youtube.com/watch?v=FPv3NJdeBL0","FPv3NJdeBL0","GAMETIME HIGHLIGHTS",591,60020,714,45
22500427,"Philadelphia 76ers vs Chicago Bulls | Full Game Highlights | December 26 | 2025-26 NBA Season","https://www.youtube.com/watch?v=ChXOrBUSjQE","ChXOrBUSjQE","The CCB Network",631,2833,81,2
22500428,"Milwaukee Bucks vs Memphis Grizzlies Full Game Highlights – December 26, 2025 | NBA Season","https://www.youtube.com/watch?v=2jiqv7eR_Bo","2jiqv7eR_Bo","GAMETIME HIGHLIGHTS",588,50939,542,39.0
22500428,"Milwaukee Bucks vs Memphis Grizzlies | Full Game Highlights | December 26 | 2025-26 NBA Season","https://www.youtube.com/watch?v=hAG7gWbARWM","hAG7gWbARWM","The CCB Network",634,6054,93,9.0
22500420,"Portland Trail Blazers vs Orlando Magic Full Game Highlights – December 23, 2025 | NBA Season","https://www.youtube.com/watch?v=FWhMT0oLWyE","FWhMT0oLWyE","GAMETIME HIGHLIGHTS",594,26796,328,30.0
22500420,"Portland Trail Blazers vs Orlando Magic | Full Game Highlights | December 23 | 2025-26 NBA Season","https://www.youtube.com/watch?v=n4gGy5XSDD4","n4gGy5XSDD4","The CCB Network",633,1452,39,""
22500423,"Miami Heat vs Atlanta Hawks Full Game Highlights – December 26, 2025 | NBA Season","https://www.youtube.com/watch?v=fSLyYkYg2Fc","fSLyYkYg2Fc","GAMETIME HIGHLIGHTS",591,38125,429,49.0
22500423,"Miami Heat vs Atlanta Hawks | Full Game Highlights | December 26 | 2025-26 NBA Season","https://www.youtube.com/watch?v=9v08m-YNQhU","9v08m-YNQhU","The CCB Network",630,2734,61,1.0
22500425,"Toronto Raptors vs Washington Wizards Full Game Highlights – December 26, 2025 | NBA Season","https://www.youtube.com/watch?v=QQSi5Ab_wsw","QQSi5Ab_wsw","GAMETIME HIGHLIGHTS",580,13946,221,8
22500425,"Toronto Raptors vs Washington Wizards - Full Team Highlights | Dec 26, 2025","https://www.youtube.com/watch?v=BQevfUHQurY","BQevfUHQurY","Raptors Nation",557,4588,49,28
22500421,"Detroit Pistons vs Sacramento Kings Full Game Highlights – December 23, 2025 | NBA Season","https://www.youtube.com/watch?v=e6Zbg5Xz2gI","e6Zbg5Xz2gI","GAMETIME HIGHLIGHTS",586,54611,576,28
22500421,"Detroit Pistons vs Sacramento Kings | Full Game Highlights | December 23 | 2025-26 NBA Season","https://www.youtube.com/watch?v=bzbJz1CbVxs","bzbJz1CbVxs","The CCB Network",626,3186,68,5
22500416,"New York Knicks vs Minnesota Timberwolves Full Game Highlights – December 23, 2025 | NBA Season","https://www.youtube.com/watch?v=uG4saUqCmaM","uG4saUqCmaM","GAMETIME HIGHLIGHTS",550,112503,1266,63.0
22500416,"New York Knicks vs Minnesota Timberwolves Full Game Highlights | Dec 23 | 2026 NBA Season","https://www.youtube.com/watch?v=mFbQVh_ZUak","mFbQVh_ZUak","Hooper Highlights",594,2449,102,""
22500412,"Cleveland Cavaliers vs New Orleans Pelicans Full Game Highlights – December 23, 2025 | NBA Season","https://www.youtube.com/watch?v=3GcgHcw_tTE","3GcgHcw_tTE","GAMETIME HIGHLIGHTS",550,19480,304,14
22500412,"New Orleans Pelicans vs Cleveland Cavaliers Full Game Highlights | Dec 23 | 2026 NBA Season","https://www.youtube.com/watch?v=F4nYdtiioWg","F4nYdtiioWg","Hooper Highlights",588,1090,48,2
22500417,"San Antonio Spurs vs Oklahoma City Thunder Full Game Highlights – December 23, 2025 | NBA Season","https://www.youtube.com/watch?v=Oz9mpnwsYDU","Oz9mpnwsYDU","GAMETIME HIGHLIGHTS",579,605471,6640,691
22500417,"San Antonio Spurs vs OKC Thunder Full Game Highlights | Dec 23, 2025 | FreeDawkins","https://www.youtube.com/watch?v=pGIEodgwqY0","pGIEodgwqY0","FreeDawkins",612,66363,2121,233
22500417,"San Antonio Spurs vs Oklahoma City Thunder | Full Game Highlights | December 23 | 2025-26 NBA Season","https://www.youtube.com/watch?v=xBb5I23MkG4","xBb5I23MkG4","The CCB Network",615,11495,191,6
22500419,"Memphis Grizzlies vs Utah Jazz Full Game Highlights – December 23, 2025 | NBA Season","https://www.youtube.com/watch?v=A5pa8rMZBTo","A5pa8rMZBTo","GAMETIME HIGHLIGHTS",582,25565,281,16
22500419,"Memphis Grizzlies vs Utah Jazz | Full Game Highlights | December 23 | 2025-26 NBA Season","https://www.youtube.com/watch?v=Xnj7gYdiXiE","Xnj7gYdiXiE","The CCB Network",621,1658,38,2
22500410,"Philadelphia 76ers vs Brooklyn Nets Full Game Highlights – December 23, 2025 | NBA Season","https://www.youtube.com/watch?v=2MFmXcufluk","2MFmXcufluk","GAMETIME HIGHLIGHTS",582,37267,489,37
22500410,"Brooklyn Nets vs Philadelphia 76ers Full Game Highlights | Dec 23 | 2026 NBA Season","https://www.youtube.com/watch?v=cUy4wKukjvI","cUy4wKukjvI","Hooper Highlights",590,1156,45,1
22500410,"Philadelphia 76ers vs Brooklyn Nets | Full Game Highlights | December 23 | 2025-26 NBA Season","https://www.youtube.com/watch?v=jtK01l2U2Qw","jtK01l2U2Qw","The CCB Network",622,2592,54,2
22500013,"Denver Nuggets vs Minnesota Timberwolves Full Game Highlights – December 25, 2025 | NBA Christmas","https://www.youtube.com/watch?v=KgXiqNun_KI","KgXiqNun_KI","GAMETIME HIGHLIGHTS",584,413975,4575,699.0
22500013,"Denver Nuggets vs Minnesota Timberwolves Full Game Highlights | Dec 25, 2025 | FreeDawkins","https://www.youtube.com/watch?v=8oQ1EaD6ug0","8oQ1EaD6ug0","FreeDawkins",692,28382,1076,76.0
22500013,"Minnesota Timberwolves vs Denver Nuggets Full Game Highlights | Dec 25 | 2025 NBA Christmas","https://www.youtube.com/watch?v=B_5nnp0xaIY","B_5nnp0xaIY","Hooper Highlights",571,4331,186,12.0
22500411,"Atlanta Hawks vs Chicago Bulls Full Game Highlights – December 23, 2025 | NBA Season","https://www.youtube.com/watch?v=WO0iQ6Dfouc","WO0iQ6Dfouc","GAMETIME HIGHLIGHTS",589,31328,467,54.0
22500411,"Chicago Bulls vs Atlanta Hawks Full Game Highlights | Dec 23 | 2026 NBA Season","https://www.youtube.com/watch?v=EdN9AIwJ8zI","EdN9AIwJ8zI","Hooper Highlights",596,1247,57,1.0
22500411,"Atlanta Hawks vs Chicago Bulls | Full Game Highlights | December 23 | 2025-26 NBA Season","https://www.youtube.com/watch?v=F7DtAYIL8f4","F7DtAYIL8f4","The CCB Network",628,2138,44,""
22500422,"Houston Rockets vs Los Angeles Clippers Full Game Highlights – December 23, 2025 | NBA Season","https://www.youtube.com/watch?v=FpSCz-UG7_Y","FpSCz-UG7_Y","GAMETIME HIGHLIGHTS",550,165436,1400,191
22500422,"Houston Rockets vs LA Clippers Full Game Highlights | Dec 23 | 2026 NBA Season","https://www.youtube.com/watch?v=h8NYKAt5BVA","h8NYKAt5BVA","Hooper Highlights",588,2711,96,3
22500422,"Houston Rockets vs Los Angeles Clippers - FULL GAME HIGHLIGHTS | December 23, 2025","https://www.youtube.com/watch?v=sV46wyMzW8I","sV46wyMzW8I","Ximo Pierto",572,4428,105,4
22500414,"Toronto Raptors vs Miami Heat Full Game Highlights – December 23, 2025 | NBA Season","https://www.youtube.com/watch?v=j6hruWo9v1Q","j6hruWo9v1Q","GAMETIME HIGHLIGHTS",581,17723,275,14
22500414,"Toronto Raptors vs Miami Heat - Full Team Highlights | Dec 23, 2025","https://www.youtube.com/watch?v=lV861fJKedE","lV861fJKedE","Raptors Nation",582,17822,190,26
22500414,"Toronto Raptors vs Miami Heat - First Half Team Highlights | Dec 23, 2025","https://www.youtube.com/watch?v=JpoojfxuydE","JpoojfxuydE","Raptors Nation",246,2850,20,4
22500402,"Cleveland Cavaliers vs Charlotte Hornets Full Game Highlights – December 22, 2025 | NBA Season","https://www.youtube.com/watch?v=GMGhRQkBH2w","GMGhRQkBH2w","GAMETIME HIGHLIGHTS",587,39235,511,26.0
22500402,"Charlotte Hornets vs Cleveland Cavaliers Full Game Highlights | Dec 22 | 2026 NBA Season","https://www.youtube.com/watch?v=N4l5B_uhVXg","N4l5B_uhVXg","Hooper Highlights",594,1205,62,""
22500012,"Los Angeles Lakers vs Houston Rockets Full Game Highlights – December 25, 2025 | NBA Christmas","https://www.youtube.com/watch?v=dzmo-vRlw9M","dzmo-vRlw9M","GAMETIME HIGHLIGHTS",571,566805,3857,714.0
22500012,"Los Angeles Lakers vs Houston Rockets Full Game Highlights | Dec 25 | 2025 NBA Highlights","https://www.youtube.com/watch?v=GvcWUtSglSY","GvcWUtSglSY","Lakers Dynasty Highlights",560,9880,38,1.0
22500012,"Los Angeles Lakers vs Houston Rockets Full Game Highlights | Dec 25, 2025 | FreeDawkins","https://www.youtube.com/watch?v=zeDxgHFSpj4","zeDxgHFSpj4","FreeDawkins",606,72389,1634,145.0
22500400,"Minnesota Timberwolves vs Milwaukee Bucks Full Game Highlights – December 21, 2025 | NBA Season","https://www.youtube.com/watch?v=qe5fqHXUQ2Q","qe5fqHXUQ2Q","GAMETIME HIGHLIGHTS",589,105096,1072,35
22500400,"Minnesota Timberwolves vs Milwaukee Bucks | Full Game Highlights | December 21 | 2025-26 NBA Season","https://www.youtube.com/watch?v=TmvMtk9AW8Q","TmvMtk9AW8Q","The CCB Network",628,3726,73,2
22500403,"Boston Celtics vs Indiana Pacers Full Game Highlights – December 22, 2025 | NBA Season","https://www.youtube.com/watch?v=gZCdOPVvtGU","gZCdOPVvtGU","GAMETIME HIGHLIGHTS",585,86845,915,44
22500403,"Boston Celtics vs Indiana Pacers | Full Game Highlights | December 22 | 2025-26 NBA Season","https://www.youtube.com/watch?v=1FoqzNGlb-c","1FoqzNGlb-c","The CCB Network",624,7767,145,3
22500403,"Boston Celtics vs Indiana Pacers Full Game Highlights | Dec 22 | 2026 NBA Season","https://www.youtube.com/watch?v=7HduSwai79o","7HduSwai79o","Hooper Highlights",593,1597,61,1
22500408,"Detroit Pistons vs Portland Trail Blazers Full Game Highlights – December 22, 2025 | NBA Season","https://www.youtube.com/watch?v=5BnTEw9CQtc","5BnTEw9CQtc","GAMETIME HIGHLIGHTS",581,43360,512,18.0
22500408,"Detroit Pistons vs Portland Trail Blazers | Full Game Highlights | December 22 | 2025-26 NBA Season","https://www.youtube.com/watch?v=GHiTTlGqEzw","GHiTTlGqEzw","The CCB Network",620,1502,41,1.0
22500408,"Detroit Pistons vs Portland Trail Blazers Full Game Highlights | Dec 22 | 2026 NBA Season","https://www.youtube.com/watch?v=jBjjHBwfYOs","jBjjHBwfYOs","Hooper Highlights",596,1490,47,""
22500404,"Dallas Mavericks vs New Orleans Pelicans Full Game Highlights – December 22, 2025 | NBA Season","https://www.youtube.com/watch?v=ncTLIXM3PyM","ncTLIXM3PyM","GAMETIME HIGHLIGHTS",591,145348,1111,74.0
22500404,"Dallas Mavericks vs New Orleans Pelicans - FULL GAME HIGHLIGHTS | December 22, 2025 NBA Season","https://www.youtube.com/watch?v=ZhSJezzjv20","ZhSJezzjv20","Ximo Pierto",577,2733,61,1.0
22500404,"Dallas Mavericks vs New Orleans Pelicans Full Game Highlights | Dec 22, 2025 | FreeDawkins","https://www.youtube.com/watch?v=-FfX38RgciI","-FfX38RgciI","FreeDawkins",602,23418,510,44.0
22500391,"Memphis Grizzlies vs Washington Wizards Full Game Highlights – December 20, 2025 | NBA Season","https://www.youtube.com/watch?v=OoGEEFec8Gs","OoGEEFec8Gs","GAMETIME HIGHLIGHTS",593,23297,293,9
22500393,"Orlando Magic vs Utah Jazz Full Game Highlights – December 20, 2025 | NBA Season","https://www.youtube.com/watch?v=Oz6bw9fVJzQ","Oz6bw9fVJzQ","GAMETIME HIGHLIGHTS",585,31248,370,24
22500398,"New York Knicks vs Miami Heat Full Game Highlights – December 21, 2025 | NBA Season","https://www.youtube.com/watch?v=ZaRrTD3ngao","ZaRrTD3ngao","GAMETIME HIGHLIGHTS",585,78840,810,29
22500398,"New York Knicks vs Miami Heat Full Game Highlights | Dec 21, 2025 | FreeDawkins","https://www.youtube.com/watch?v=EbVYkK0hO6E","EbVYkK0hO6E","FreeDawkins",591,12261,366,10
22500397,"Toronto Raptors vs Brooklyn Nets Full Game Highlights – December 21, 2025 | NBA Season","https://www.youtube.com/watch?v=EO0JsVZhq5Q","EO0JsVZhq5Q","GAMETIME HIGHLIGHTS",581,20556,287,13
22500397,"Toronto Raptors vs Brooklyn Nets - Full Team Highlights | Dec 21, 2025","https://www.youtube.com/watch?v=mvNs2OaXMtE","mvNs2OaXMtE","Raptors Nation",583,4495,49,11
22500011,"Golden State Warriors vs Dallas Mavericks Full Game Highlights – December 25, 2025 | NBA Christmas","https://www.youtube.com/watch?v=vqaRCTh4Fdo","vqaRCTh4Fdo","GAMETIME HIGHLIGHTS",584,451268,3663,166
22500011,"Golden State Warriors vs Dallas Mavericks Full Game Highlights | Dec 25, 2025 | FreeDawkins","https://www.youtube.com/watch?v=eJlxrQZ5T5E","eJlxrQZ5T5E","FreeDawkins",644,113874,3526,160
22500011,"Golden State Warriors vs Dallas Mavericks Full Game Highlights | Dec 25 | 2025 NBA Christmas","https://www.youtube.com/watch?v=WFSNrDAQj9Y","WFSNrDAQj9Y","Hooper Highlights",596,3811,133,4
22500011,"WARRIORS vs MAVERICKS FULL GAME HIGHLIGHTS DECEMBER 25, 2025 NBA HIGHLIGHTS TODAY","https://www.youtube.com/watch?v=mbLV4ZOOMJo","mbLV4ZOOMJo","Ecalz90 Sports Simulation",844,9312,6,2
22500394,"Portland Trail Blazers vs Sacramento Kings Full Game Highlights – December 20, 2025 | NBA Season","https://www.youtube.com/watch?v=RSU5EMWkoPM","RSU5EMWkoPM","GAMETIME HIGHLIGHTS",587,38703,444,26
22500394,"Portland Trail Blazers vs Sacramento Kings | Full Game Highlights | December 20 | 2025-26 NBA Season","https://www.youtube.com/watch?v=quKzHEQ32n8","quKzHEQ32n8","The CCB Network",627,1870,46,1
22500370,"San Antonio Spurs vs Washington Wizards Full Game Highlights – December 18, 2025 | NBA Season","https://www.youtube.com/watch?v=PTSp1yrBQnU","PTSp1yrBQnU","GAMETIME HIGHLIGHTS",576,160154,1642,123
22500372,"New York Knicks vs Indiana Pacers Full Game Highlights – December 18, 2025 | NBA Season","https://www.youtube.com/watch?v=lfJPA4ylq98","lfJPA4ylq98","GAMETIME HIGHLIGHTS",582,47226,574,39
22500380,"Portland Trail Blazers vs Sacramento Kings Full Game Highlights – December 18, 2025 | NBA Season","https://www.youtube.com/watch?v=RN123SUUCFw","RN123SUUCFw","GAMETIME HIGHLIGHTS",579,43140,529,72
22500010,"Oklahoma City Thunder vs San Antonio Spurs Full Game Highlights – December 25, 2025 | NBA Season","https://www.youtube.com/watch?v=1zIvDzkBnro","1zIvDzkBnro","GAMETIME HIGHLIGHTS",559,497722,5341,759
22500010,"Oklahoma City Thunder vs San Antonio Spurs | Full Game Highlights | December 25 | 2025-26 NBA Season","https://www.youtube.com/watch?v=Sa8Lq84M4VU","Sa8Lq84M4VU","The CCB Network",598,11838,157,2
22500010,"FlightReacts To SPURS at THUNDER | FULL GAME HIGHLIGHTS | December 25, 2025!","https://www.youtube.com/watch?v=iKA_tPgtkMQ","iKA_tPgtkMQ","NotYourAverageFlight",877,158903,6546,260
22500010,"San Antonio Spurs vs Oklahoma City Thunder Full Game Highlights | Dec 25, 2025 | FreeDawkins","https://www.youtube.com/watch?v=4C566mTbZLM","4C566mTbZLM","FreeDawkins",570,53591,1769,228
22500010,"San Antonio Spurs vs Oklahoma City Thunder - FULL GAME HIGHLIGHTS | December 25, 2025","https://www.youtube.com/watch?v=cPJf2h37zbc","cPJf2h37zbc","PlayCut Network",561,11689,78,2
22500396,"Atlanta Hawks vs Chicago Bulls Full Game Highlights – December 21, 2025 | NBA Season","https://www.youtube.com/watch?v=-LorfO1RdQ8","-LorfO1RdQ8","GAMETIME HIGHLIGHTS",574,49121,622,56
22500396,"Chicago Bulls vs Atlanta Hawks - FULL GAME HIGHLIGHTS | December 21, 2025 NBA Season","https://www.youtube.com/watch?v=FoGEOS8AoiA","FoGEOS8AoiA","Ximo Pierto",576,1740,47,3
22500396,"Atlanta Hawks vs Chicago Bulls | Full Game Highlights | December 21 | 2025-26 NBA Season","https://www.youtube.com/watch?v=82WZvmawGaA","82WZvmawGaA","The CCB Network",613,2733,61,1
22500396,"302 TOTAL POINTS 🤯 | Chicago Bulls vs. Atlanta Hawks - Game Highlights (12/21/25)","https://www.youtube.com/watch?v=_MJNhfhkx_Y","_MJNhfhkx_Y","Chicago Sports Network",119,1525,8,2
22500009,"New York Knicks vs Cleveland Cavaliers Full Game Highlights – December 25, 2025 | NBA Christmas","https://www.youtube.com/watch?v=OCXYgmAMuXE","OCXYgmAMuXE","GAMETIME HIGHLIGHTS",592,120510,1374,148
22500009,"New York Knicks vs Cleveland Cavaliers Full Game Highlights | Dec 25, 2025 | FreeDawkins","https://www.youtube.com/watch?v=us9KjcBl_0w","us9KjcBl_0w","FreeDawkins",653,20670,729,59
22500009,"New York Knicks vs Cleveland Cavaliers Full Game Highlights | Dec 25 | 2025 NBA Christmas","https://www.youtube.com/watch?v=K-dcmcx79j4","K-dcmcx79j4","Hooper Highlights",595,1682,78,2
22500009,"INTENSE ENDING 😳 | Cavs vs Knicks | Dec 25, 2025","https://www.youtube.com/watch?v=O0r_GD_9-9g","O0r_GD_9-9g","House of Highlights",90,40543,369,61
22500009,"FlightReacts To CAVALIERS at KNICKS | FULL GAME HIGHLIGHTS | December 25, 2025!","https://www.youtube.com/watch?v=4MDxlxdw5lY","4MDxlxdw5lY","NotYourAverageFlight",889,78564,3416,112
22500389,"Indiana Pacers vs New Orleans Pelicans Full Game Highlights – December 20, 2025 | NBA Season","https://www.youtube.com/watch?v=MDQT29zU-_U","MDQT29zU-_U","GAMETIME HIGHLIGHTS",587,14091,231,7.0
22500389,"Indiana Pacers vs New Orleans Pelicans Full Game Highlights – December 20, 2025 | NBA Season","https://www.youtube.com/watch?v=xfCcSPpfnRY","xfCcSPpfnRY","GAMETIME HIGHLIGHTS",586,62460,660,22.0
22500390,"Detroit Pistons vs Charlotte Hornets Full Game Highlights – December 20, 2025 | NBA Season","https://www.youtube.com/watch?v=nFDOsORFV-c","nFDOsORFV-c","GAMETIME HIGHLIGHTS",589,43039,536,25.0
22500390,"Charlotte Hornets vs Detroit Pistons Full Game Highlights | Dec 20 | 2026 NBA Season","https://www.youtube.com/watch?v=CYasOB6W504","CYasOB6W504","Hooper Highlights",596,1458,52,1.0
22500390,"Detroit Pistons vs Charlotte Hornets | Full Game Highlights | December 20 | 2025-26 NBA Season","https://www.youtube.com/watch?v=3-_yexX75Mo","3-_yexX75Mo","The CCB Network",628,2298,54,""
22500384,"Cleveland Cavaliers vs Chicago Bulls Full Game Highlights – December 19, 2025 | NBA Season","https://www.youtube.com/watch?v=eXf_zh-QcMI","eXf_zh-QcMI","GAMETIME HIGHLIGHTS",592,40727,566,35.0
22500384,"Chicago Bulls vs Cleveland Cavaliers Full Game Highlights | Dec 19 | 2026 NBA Season","https://www.youtube.com/watch?v=y90kfjSP3co","y90kfjSP3co","Hooper Highlights",580,1375,63,""
22500383,"San Antonio Spurs vs Atlanta Hawks Full Game Highlights – December 19, 2025 | NBA Season","https://www.youtube.com/watch?v=e_uqzrAh5VQ","e_uqzrAh5VQ","GAMETIME HIGHLIGHTS",583,252510,2268,138.0
22500383,"San Antonio Spurs vs Atlanta Hawks Full Game Highlights | Dec 19 | 2026 NBA Season","https://www.youtube.com/watch?v=9iXKIs26T08","9iXKIs26T08","Hooper Highlights",590,2854,103,3.0
22500406,"Oklahoma City Thunder vs Memphis Grizzlies Full Game Highlights – December 22, 2025 | NBA Season","https://www.youtube.com/watch?v=iH-7ObU14GU","iH-7ObU14GU","GAMETIME HIGHLIGHTS",575,146305,1245,112.0
22500406,"Oklahoma City Thunder vs Memphis Grizzlies - FULL GAME HIGHLIGHTS | December 22, 2025 NBA Season","https://www.youtube.com/watch?v=4WH_6TaHDK0","4WH_6TaHDK0","Ximo Pierto",568,2983,75,3.0
22500406,"Oklahoma City Thunder vs Memphis Grizzlies Full Game Highlights | Dec 22 | 2026 NBA Season","https://www.youtube.com/watch?v=5DSVdxrk9Qo","5DSVdxrk9Qo","Hooper Highlights",574,2041,72,""
22500406,"Oklahoma City Thunder vs Memphis Grizzlies | Full Game Highlights | December 22 | 2025-26 NBA Season","https://www.youtube.com/watch?v=QyFr9Ds0P5E","QyFr9Ds0P5E","The CCB Network",614,3600,66,2.0
22500406,"Oklahoma City Thunder vs Memphis Grizzlies Full Game Highlights 1st Qtr| Dec 22 |2025 NBA Highlights","https://www.youtube.com/watch?v=b3G4V_ywQeI","b3G4V_ywQeI","Lakers Dynasty Highlights",497,14944,60,1.0
22500406,"Grizzlies vs Oklahoma City Thunder Full Game Highlights 1st Qtr P2 | Dec 22 |2025 NBA Highlights","https://www.youtube.com/watch?v=Q6slKxN0oW0","Q6slKxN0oW0","Lakers Dynasty Highlights",414,9658,36,1.0
22500377,"Denver Nuggets vs Orlando Magic Full Game Highlights – December 18, 2025 | NBA Season","https://www.youtube.com/watch?v=dx79YhbrC6Q","dx79YhbrC6Q","GAMETIME HIGHLIGHTS",589,145410,1509,124.0
22500371,"Atlanta Hawks vs Charlotte Hornets Full Game Highlights – December 18, 2025 | NBA Season","https://www.youtube.com/watch?v=LO0CsmSUz9k","LO0CsmSUz9k","GAMETIME HIGHLIGHTS",581,52576,744,53
22500401,"Houston Rockets vs Sacramento Kings Full Game Highlights – December 21, 2025 | NBA Season","https://www.youtube.com/watch?v=ogR4wF30hpU","ogR4wF30hpU","GAMETIME HIGHLIGHTS",572,243881,2291,366
22500401,"Houston Rockets vs Sacramento Kings Full Game Highlights | Dec 21, 2025 | FreeDawkins","https://www.youtube.com/watch?v=huF3TBuenUA","huF3TBuenUA","FreeDawkins",688,41023,1201,92
22500401,"Houston Rockets vs Sacramento Kings Full Game Highlights | Dec 21 | 2026 NBA Season","https://www.youtube.com/watch?v=5b0VggqniwQ","5b0VggqniwQ","Hooper Highlights",598,2978,118,5
22500401,"INSANE OT ENDING 😱 Rockets vs Kings 🔥 December 21, 2025","https://www.youtube.com/watch?v=uWIXNPxMrIM","uWIXNPxMrIM","House of Highlights",90,26542,258,60
22500399,"San Antonio Spurs vs Washington Wizards Full Game Highlights – December 21, 2025 | NBA Season","https://www.youtube.com/watch?v=VIJY55yh8ik","VIJY55yh8ik","GAMETIME HIGHLIGHTS",582,187183,1785,91
22500399,"San Antonio Spurs vs Washington Wizards Full Game Highlights | Dec 21, 2025 | FreeDawkins","https://www.youtube.com/watch?v=cZj-_sa-0FQ","cZj-_sa-0FQ","FreeDawkins",588,13430,404,15
22500399,"San Antonio Spurs vs Washington Wizards - FULL GAME HIGHLIGHTS | December 21, 2025 NBA Season","https://www.youtube.com/watch?v=5hGLcTsSXTg","5hGLcTsSXTg","Ximo Pierto",582,2520,69,3
22500399,"San Antonio Spurs vs Washington Wizards | Full Game Highlights | December 21 | 2025-26 NBA Season","https://www.youtube.com/watch?v=dYFve8ezFo4","dYFve8ezFo4","The CCB Network",622,5216,106,1
22500376,"Dallas Mavericks vs Detroit Pistons Full Game Highlights – December 18, 2025 | NBA Season","https://www.youtube.com/watch?v=JobvZ2zncfM","JobvZ2zncfM","GAMETIME HIGHLIGHTS",591,162595,1694,151
22500376,"FlightReacts To PISTONS at MAVERICKS | FULL GAME HIGHLIGHTS | December 18, 2025","https://www.youtube.com/watch?v=y4wzhF9uCec","y4wzhF9uCec","nonmaliceowl",865,21661,710,18
22500369,"Oklahoma City Thunder vs Los Angeles Clippers Full Game Highlights – December 18, 2025 | NBA Season","https://www.youtube.com/watch?v=GRV7O0k6CwA","GRV7O0k6CwA","GAMETIME HIGHLIGHTS",579,134420,1317,132
22500386,"Houston Rockets vs Denver Nuggets Full Game Highlights – December 20, 2025 | NBA Season","https://www.youtube.com/watch?v=8dMTx_7BSjs","8dMTx_7BSjs","GAMETIME HIGHLIGHTS",589,294926,2372,209
22500386,"Denver Nuggets vs Houston Rockets Full Game Highlights | Dec 20, 2025 | FreeDawkins","https://www.youtube.com/watch?v=joUpuBCZQ2U","joUpuBCZQ2U","FreeDawkins",582,25710,723,43
22500386,"Houston Rockets vs Denver Nuggets - FULL GAME HIGHLIGHTS | December 20, 2025 NBA Season","https://www.youtube.com/watch?v=CbhdVr6pl3k","CbhdVr6pl3k","Ximo Pierto",572,6067,187,7
22500386,"Denver Nuggets vs Houston Rockets FULLGAME Qtr Dec 20.2025 Highlights | NBA HIGHLIGHT","https://www.youtube.com/watch?v=q5a7E9aSqiQ","q5a7E9aSqiQ","Vui Vẻ Cờ Tướng",702,2422,8,3
22500373,"Miami Heat vs Brooklyn Nets Full Game Highlights – December 18, 2025 | NBA Season","https://www.youtube.com/watch?v=eF9srTm7Lbc","eF9srTm7Lbc","GAMETIME HIGHLIGHTS",581,25411,317,8.0
22500373,"Miami HEAT vs. Brooklyn Nets | HEAT Highlights | December 18, 2025","https://www.youtube.com/watch?v=0WmMf6nUXZE","0WmMf6nUXZE","Miami HEAT",158,2474,69,12.0
22500381,"Boston Celtics vs Miami Heat Full Game Highlights – December 19, 2025 | NBA Season","https://www.youtube.com/watch?v=Nfj75ypzEdA","Nfj75ypzEdA","GAMETIME HIGHLIGHTS",593,88681,1019,22.0
22500381,"Boston Celtics vs Miami Heat Full Game Highlights | Dec 19 | 2026 NBA Season","https://www.youtube.com/watch?v=4sgvC_3mU8Q","4sgvC_3mU8Q","Hooper Highlights",592,1996,86,2.0
22500381,"Boston Celtics vs Miami Heat Game 1st Highlights - Dec 19 , 2025 | NBA Season","https://www.youtube.com/watch?v=Nnmz4-5gLGQ","Nnmz4-5gLGQ","Trường Nhiều Chuyện Media",493,3423,19,2.0
22500388,"Boston Celtics vs Toronto Raptors Full Game Highlights – December 20, 2025 | NBA Season","https://www.youtube.com/watch?v=voKYC9kGMMc","voKYC9kGMMc","GAMETIME HIGHLIGHTS",591,60313,715,31.0
22500388,"Boston Celtics vs Toronto Raptors Full Game Highlights | Dec 20, 2025 | FreeDawkins","https://www.youtube.com/watch?v=PII7Ok-SdYI","PII7Ok-SdYI","FreeDawkins",584,4767,169,4.0
22500388,"Toronto Raptors vs Boston Celtics - Full Team Highlights | Dec 20, 2025","https://www.youtube.com/watch?v=MlmnHaU5aTQ","MlmnHaU5aTQ","Raptors Nation",470,3860,47,17.0
22500388,"Toronto Raptors vs Boston Celtics Game 1ST Highlights - Dec 20 , 2025 | NBA Season","https://www.youtube.com/watch?v=MTqLSqk6lu0","MTqLSqk6lu0","Trường Nhiều Chuyện Media",588,1948,12,""
22500388,"Toronto Raptors vs Boston Celtics - First Half Team Highlights | Dec 20, 2025","https://www.youtube.com/watch?v=ILzqiYrDtXM","ILzqiYrDtXM","Raptors Nation",227,1749,18,2.0
22500374,"Milwaukee Bucks vs Toronto Raptors Full Game Highlights – December 18, 2025 | NBA Season","https://www.youtube.com/watch?v=dkQ6UxWy-54","dkQ6UxWy-54","GAMETIME HIGHLIGHTS",550,22427,304,8.0
22500374,"Toronto Raptors vs Milwaukee Bucks - Full Team Highlights | Dec 18, 2025","https://www.youtube.com/watch?v=-dDlU_Kbzds","-dDlU_Kbzds","Raptors Nation",584,17646,234,24.0
22500374,"Toronto Raptors vs Milwaukee Bucks - First Half Team Highlights | Dec 18, 2025","https://www.youtube.com/watch?v=S_BEvOWrwmY","S_BEvOWrwmY","Raptors Nation",295,3675,37,4.0
22500375,"Houston Rockets vs New Orleans Pelicans Full Game Highlights – December 18, 2025 | NBA Season","https://www.youtube.com/watch?v=FlLLrtX5M50","FlLLrtX5M50","GAMETIME HIGHLIGHTS",579,72902,771,137.0
22500375,"Houston Rockets vs New Orleans Pelicans Full Game Highlights | Dec 18, 2025 | FreeDawkins","https://www.youtube.com/watch?v=5F7JFSd3-dk","5F7JFSd3-dk","FreeDawkins",713,19374,500,41.0
22500375,"Houston Rockets vs New Orleans Pelicans Full Game Highlights | Dec 18 | 2026 NBA Season","https://www.youtube.com/watch?v=UBunAGSofzE","UBunAGSofzE","Hooper Highlights",598,2313,82,6.0
22500429,"Phoenix Suns vs New Orleans Pelicans Full Game Highlights – December 26, 2025 | NBA Season","https://www.youtube.com/watch?v=YRLNJ5ywWRI","YRLNJ5ywWRI","GAMETIME HIGHLIGHTS",594,51090,521,33.0
22500429,"Phoenix Suns vs New Orleans Pelicans Full Game Highlights 1st Qtr | Dec 26 | 2025 NBA Highlights","https://www.youtube.com/watch?v=yiI6Fi_aGH4","yiI6Fi_aGH4","Lakers Dynasty Highlights",566,4953,22,1.0
22500429,"Phoenix Suns vs New Orleans Pelicans Full Game Highlights 4th Qtr | Dec 26 | 2025 NBA Highlights","https://www.youtube.com/watch?v=PCOwfJ6vpFU","PCOwfJ6vpFU","Lakers Dynasty Highlights",566,15519,57,1.0
22500429,"Phoenix Suns vs New Orleans Pelicans Full Game Highlights 4th Qtr P2 | Dec 26 | 2025 NBA Highlights","https://www.youtube.com/watch?v=y_HD1AtHojQ","y_HD1AtHojQ","Lakers Dynasty Highlights",465,16852,52,3.0
22500429,"Phoenix Suns vs New Orleans Pelicans Full Game Highlights 2nd Qtr | Dec 26 | 2025 NBA Highlights","https://www.youtube.com/watch?v=uXGMKLWRCb4","uXGMKLWRCb4","Lakers Dynasty Highlights",520,3315,19,""
22500429,"Phoenix Suns vs New Orleans Pelicans Full Game Highlights 3rd Qtr | Dec 26 | 2025 NBA Highlights","https://www.youtube.com/watch?v=es6xtQtX5f8","es6xtQtX5f8","Lakers Dynasty Highlights",551,2836,7,3.0
22500429,"Phoenix Suns vs New Orleans Pelicans Full Game Highlights 3rd Qtr P2 | Dec 26 | 2025 NBA Highlights","https://www.youtube.com/watch?v=zYxEKlir1vk","zYxEKlir1vk","Lakers Dynasty Highlights",441,1971,17,""
22500429,"Phoenix Suns vs New Orleans Pelicans Full Game Highlights 2nd Qtr P2 | Dec 26 | 2025 NBA Highlights","https://www.youtube.com/watch?v=SvmSYnqI3hc","SvmSYnqI3hc","Lakers Dynasty Highlights",293,1298,5,""
22500418,"Los Angeles Lakers vs Phoenix Suns Full Game Highlights – December 23, 2025 | NBA Season","https://www.youtube.com/watch?v=DWzpMyWBHMQ","DWzpMyWBHMQ","GAMETIME HIGHLIGHTS",555,343741,2794,554.0
22500418,"Los Angeles Lakers vs Phoenix Suns Full Game Highlights 1st Qtr | Dec 23 | 2025 NBA Highlights","https://www.youtube.com/watch?v=v8sVJ0L0ISI","v8sVJ0L0ISI","Lakers Dynasty Highlights",487,124538,586,59.0
22500418,"Los Angeles Lakers vs Phoenix Suns - FULL GAME HIGHLIGHTS | December 23, 2025","https://www.youtube.com/watch?v=U-Z55YQRziU","U-Z55YQRziU","Ximo Pierto",570,5733,123,12.0
22500418,"Los Angeles Lakers vs Phoenix Suns Full Game Highlights 2nd Qtr P2 | Dec 23 | 2025 NBA Highlights","https://www.youtube.com/watch?v=DOyg6u_MAfw","DOyg6u_MAfw","Gustavo Intenso",481,2278,11,2.0
22500418,"Los Angeles Lakers vs Phoenix Suns Full Game Highlights 2nd Qtr | Dec 23 | 2025 NBA Highlights","https://www.youtube.com/watch?v=7gVj1CWc6zo","7gVj1CWc6zo","Gustavo Intenso",562,4763,22,""
22500418,"Los Angeles Lakers vs Phoenix Suns Full Game Highlights 3rd Qtr | Dec 23 | 2025 NBA Highlights","https://www.youtube.com/watch?v=7hUO1zOF4fQ","7hUO1zOF4fQ","Gustavo Intenso",554,2245,12,""
22500418,"Los Angeles Lakers vs Phoenix Suns Full Game Highlights 4th Qtr | Dec 23 | 2025 NBA Highlights","https://www.youtube.com/watch?v=4WYxAbzMgcE","4WYxAbzMgcE","Gustavo Intenso",541,3294,17,""
22501216,"Indiana Pacers vs Washington Wizards Full Game Highlights – December 14, 2025 | NBA Season","https://www.youtube.com/watch?v=-QSlEy9Knfc","-QSlEy9Knfc","GAMETIME HIGHLIGHTS",579,16921,228,16.0
22501216,"Indiana Pacers vs Washington Wizards | Full Game Highlights | December 14 | 2025-26 NBA Season","https://www.youtube.com/watch?v=yZvzAmjB8JM","yZvzAmjB8JM","The CCB Network",618,1259,34,""
22501223,"Chicago Bulls vs New Orleans Pelicans Full Game Highlights – December 14, 2025 | NBA Season","https://www.youtube.com/watch?v=-tZ41KD2HQA","-tZ41KD2HQA","GAMETIME HIGHLIGHTS",586,22306,315,23.0
22501223,"New Orleans Pelicans vs Chicago Bulls - FULL GAME HIGHLIGHTS | December 14, 2025 NBA Season","https://www.youtube.com/watch?v=WN9R3r5C1zs","WN9R3r5C1zs","Ximo Pierto",567,1617,63,4.0
22501217,"Philadelphia 76ers vs Atlanta Hawks Full Game Highlights – December 14, 2025 | NBA Season","https://www.youtube.com/watch?v=5XEjpUl7ans","5XEjpUl7ans","GAMETIME HIGHLIGHTS",586,55178,619,23.0
22501217,"Philadelphia 76ers vs Atlanta Hawks Full Game Highlights | Dec 14 | 2026 NBA Season","https://www.youtube.com/watch?v=rxnpriTNl2A","rxnpriTNl2A","Hooper Highlights",597,1752,59,""
22501222,"Boston Celtics vs Detroit Pistons Full Game Highlights – December 15, 2025 | NBA Season","https://www.youtube.com/watch?v=qM4P8Q6Xct0","qM4P8Q6Xct0","GAMETIME HIGHLIGHTS",572,140276,1658,116.0
22501222,"Boston Celtics vs Detroit Pistons Full Game Highlights | Dec 15 | 2026 NBA Season","https://www.youtube.com/watch?v=5g4soynZM-Q","5g4soynZM-Q","Hooper Highlights",596,2871,124,11.0
22500415,"Dallas Mavericks vs Denver Nuggets Full Game Highlights – December 23, 2025 | NBA Season","https://www.youtube.com/watch?v=oahcxnRsZ8k","oahcxnRsZ8k","GAMETIME HIGHLIGHTS",567,274538,2548,327.0
22500415,"Denver Nuggets vs Dallas Mavericks Full Game Highlights | Dec 23, 2025 | FreeDawkins","https://www.youtube.com/watch?v=WFnPODJhTGc","WFnPODJhTGc","FreeDawkins",705,40906,1079,77.0
22500415,"Denver Nuggets vs Dallas Mavericks Full Game Highlights | Dec 23 | 2026 NBA Season","https://www.youtube.com/watch?v=dctJxxmC1Tk","dctJxxmC1Tk","Hooper Highlights",596,3198,106,5.0
22500415,"Dallas Mavericks vs Denver Nuggets - FULL GAME HIGHLIGHTS | December 23, 2025","https://www.youtube.com/watch?v=4ugAS2iCQDQ","4ugAS2iCQDQ","Ximo Pierto",583,4452,93,4.0
22500415,"Denver Nuggets vs Dallas Mavericks Full Game Highlights 1st Qtr | Dec 23 | 2025 NBA Highlights","https://www.youtube.com/watch?v=Ajm0CE5B4bY","Ajm0CE5B4bY","Lakers Dynasty Highlights",538,37968,170,6.0
22500415,"Denver Nuggets vs Dallas Mavericks Full Game Highlights 2nd Qtr | Dec 23 | 2025 NBA Highlights","https://www.youtube.com/watch?v=8aeWzs7zOZ0","8aeWzs7zOZ0","Lakers Dynasty Highlights",541,38978,125,1.0
22500415,"Dallas Mavericks vs Denver Nuggets | Full Game Highlights | December 23 | 2025-26 NBA Season","https://www.youtube.com/watch?v=twqkptlfKzI","twqkptlfKzI","The CCB Network",607,5587,101,6.0
22500415,"Denver Nuggets vs Dallas Mavericks Full Game Highlights 1st Qtr P2 | Dec 23 | 2025 NBA Highlights","https://www.youtube.com/watch?v=P9rqd_iy0JA","P9rqd_iy0JA","Lakers Dynasty Highlights",278,7815,40,1.0
22500387,"Dallas Mavericks vs Philadelphia 76ers Full Game Highlights | Dec 20, 2025 | FreeDawkins","https://www.youtube.com/watch?v=PO0r0ZXfRIw","PO0r0ZXfRIw","FreeDawkins",621,22560,552,27.0
22500387,"Dallas Mavericks vs Philadelphia 76ers - FULL GAME HIGHLIGHTS | December 20, 2025 NBA Season","https://www.youtube.com/watch?v=-wghb4pukvA","-wghb4pukvA","Ximo Pierto",552,2697,50,3.0
22500387,"Dallas Mavericks vs Philadelphia 76ers | Full Game Highlights | December 20 | 2025-26 NBA Season","https://www.youtube.com/watch?v=6ilbPjz1R7M","6ilbPjz1R7M","The CCB Network",625,13016,139,4.0
22500387,"Philadelphia 76ers VS Dallas Mavericks Game 1st Highlights - Dec 20 , 2025 | NBA Season","https://www.youtube.com/watch?v=wA0QE7r61qY","wA0QE7r61qY","Trường Nhiều Chuyện Media",703,3551,18,""
22500387,"Philadelphia 76ers VS Dallas Mavericks Game 2ND Highlights - Dec 20 , 2025 | NBA Season","https://www.youtube.com/watch?v=kD2KO4FpEgo","kD2KO4FpEgo","Trường Nhiều Chuyện Media",722,2219,6,""
22501209,"Chicago Bulls vs Charlotte Hornets Full Game Highlights – December 12, 2025 | NBA Season","https://www.youtube.com/watch?v=a9DGO2o24zQ","a9DGO2o24zQ","GAMETIME HIGHLIGHTS",588,34725,431,20.0
22501213,"Memphis Grizzlies vs Utah Jazz Full Game Highlights – December 12, 2025 | NBA Season","https://www.youtube.com/watch?v=R1AfNRA6vjg","R1AfNRA6vjg","GAMETIME HIGHLIGHTS",589,61467,652,34.0
22500426,"Boston Celtics vs Indiana Pacers Full Game Highlights – December 26, 2025 | NBA Season","https://www.youtube.com/watch?v=z1RJz7F052M","z1RJz7F052M","GAMETIME HIGHLIGHTS",587,68024,784,49.0
22500426,"Boston Celtics vs Indiana Pacers Full Game Highlights 4th Qtr | Dec 26 | 2025 NBA Highlights","https://www.youtube.com/watch?v=ZvvDMaCtDCs","ZvvDMaCtDCs","Lakers Dynasty Highlights",564,10982,46,""
22500426,"Boston Celtics vs Indiana Pacers Full Game Highlights 2nd Qtr | Dec 26 | 2025 NBA Highlights","https://www.youtube.com/watch?v=n7ipX3B5o8Q","n7ipX3B5o8Q","Lakers Dynasty Highlights",562,10824,54,""
22500426,"Boston Celtics vs Indiana Pacers Full Game Highlights 1st Qtr | Dec 26 | 2025 NBA Highlights","https://www.youtube.com/watch?v=LmbbbvtWG6k","LmbbbvtWG6k","Lakers Dynasty Highlights",506,8793,26,""
22500426,"Boston Celtics vs Indiana Pacers | Full Game Highlights | December 26 | 2025-26 NBA Season","https://www.youtube.com/watch?v=nDJGGhh8fGo","nDJGGhh8fGo","The CCB Network",626,10220,151,2.0
22500426,"Boston Celtics vs Indiana Pacers Full Game Highlights 4th Qtr P2 | Dec 26 | 2025 NBA Highlights","https://www.youtube.com/watch?v=UlHXsqKxfKk","UlHXsqKxfKk","Lakers Dynasty Highlights",504,3307,13,""
22500426,"Boston Celtics vs Indiana Pacers Full Game Highlights 3rd Qtr | Dec 26 | 2025 NBA Highlights","https://www.youtube.com/watch?v=yaH0nUnfzl4","yaH0nUnfzl4","Lakers Dynasty Highlights",543,9910,38,1.0
22500426,"Boston Celtics vs Indiana Pacers Full Game Highlights 3rd Qtr P2 | Dec 26 | 2025 NBA Highlights","https://www.youtube.com/watch?v=9TfG4RZihFc","9TfG4RZihFc","Lakers Dynasty Highlights",549,1575,4,""
22501218,"Cleveland Cavaliers vs Charlotte Hornets Full Game Highlights – December 14, 2025 | NBA Season","https://www.youtube.com/watch?v=J2i-UH-MHYo","J2i-UH-MHYo","GAMETIME HIGHLIGHTS",590,47284,533,51.0
22501218,"Cleveland Cavaliers vs Charlotte Hornets - FULL GAME HIGHLIGHTS | December 14, 2025 NBA Season","https://www.youtube.com/watch?v=Yu3jg5TcvmM","Yu3jg5TcvmM","Ximo Pierto",583,3451,64,8.0
22501218,"Cleveland Cavaliers vs Charlotte Hornets | Full Game Highlights | December 14 | 2025-26 NBA Season","https://www.youtube.com/watch?v=jOoW3B0ZyGY","jOoW3B0ZyGY","The CCB Network",630,3385,65,1.0
22501211,"Philadelphia 76ers vs Indiana Pacers Full Game Highlights – December 12, 2025 | NBA Season","https://www.youtube.com/watch?v=tclalW7BE_U","tclalW7BE_U","GAMETIME HIGHLIGHTS",584,75068,795,56.0
22501211,"Philadelphia 76ers vs Indiana Pacers Full Game Highlights | Dec 12 | 2026 NBA Season","https://www.youtube.com/watch?v=shxHAIQ9pAQ","shxHAIQ9pAQ","Hooper Highlights",599,1480,65,""
22501219,"Milwaukee Bucks vs Brooklyn Nets Full Game Highlights – December 14, 2025 | NBA Season","https://www.youtube.com/watch?v=uTsb1oqI0go","uTsb1oqI0go","GAMETIME HIGHLIGHTS",577,40027,411,48.0
22501219,"Milwaukee Bucks vs Brooklyn Nets Full Game Highlights | Dec 14 | 2026 NBA Season","https://www.youtube.com/watch?v=NzbpA-G-Ahs","NzbpA-G-Ahs","Hooper Highlights",589,1395,56,2.0
22501219,"Milwaukee Bucks vs Brooklyn Nets | Full Game Highlights | December 14 | 2025-26 NBA Season","https://www.youtube.com/watch?v=GEf0mxc5ER8","GEf0mxc5ER8","The CCB Network",617,3340,67,1.0
22501210,"Detroit Pistons vs Atlanta Hawks Full Game Highlights – December 12, 2025 | NBA Season","https://www.youtube.com/watch?v=VOGBICUH-N8","VOGBICUH-N8","GAMETIME HIGHLIGHTS",578,60737,601,33.0
22501210,"Detroit Pistons vs Atlanta Hawks Full Game Highlights | Dec 12 | 2026 NBA Season","https://www.youtube.com/watch?v=W4-5PMnQNOY","W4-5PMnQNOY","Hooper Highlights",591,1629,64,2.0
22501220,"Minnesota Timberwolves vs Sacramento Kings Full Game Highlights – December 14, 2025 | NBA Season","https://www.youtube.com/watch?v=sbnnnvhbsfw","sbnnnvhbsfw","GAMETIME HIGHLIGHTS",582,65809,624,25.0
22501220,"Minnesota Timberwolves vs Sacramento Kings Full Game Highlights | Dec 14 | 2026 NBA Season","https://www.youtube.com/watch?v=DX3wC3LYhpY","DX3wC3LYhpY","Hooper Highlights",599,1696,61,2.0
22501220,"Minnesota Timberwolves vs Sacramento Kings | Full Game Highlights | December 14 | 2025-26 NBA Season","https://www.youtube.com/watch?v=TEALLnR8Ob0","TEALLnR8Ob0","The CCB Network",621,3424,68,""
22500379,"Los Angeles Lakers vs Utah Jazz Full Game Highlights – December 18, 2025 | NBA Season","https://www.youtube.com/watch?v=M_meBYUy8Is","M_meBYUy8Is","GAMETIME HIGHLIGHTS",578,555138,5024,291
22500379,"Los Angeles Lakers vs Utah Jazz Full Game Highlights | Dec 18, 2025 | FreeDawkins","https://www.youtube.com/watch?v=afiWPALIp24","afiWPALIp24","FreeDawkins",598,68010,2091,88
22500379,"Los Angeles Lakers vs Utah Jazz Full Game Highlights 1st Qtr | Dec 18 | 2025 NBA Highlights","https://www.youtube.com/watch?v=ZCEEmB6mmZs","ZCEEmB6mmZs","Lakers Dynasty Highlights",518,108225,560,21
22500379,"Los Angeles Lakers vs Utah Jazz Full Game Highlights 1st Qtr P2 | Dec 18 | 2025 NBA Highlights","https://www.youtube.com/watch?v=e5s5tlNLMIw","e5s5tlNLMIw","Lakers Dynasty Highlights",473,39047,182,8
22500379,"Los Angeles Lakers vs Utah Jazz Full Game Highlights 4th Qtr | Dec 18 | 2025 NBA Highlights","https://www.youtube.com/watch?v=CJ4hqXM4fnY","CJ4hqXM4fnY","Lakers Dynasty Highlights",566,133239,631,10
22500395,"Los Angeles Lakers vs Los Angeles Clippers Full Game Highlights – December 20, 2025 | NBA Season","https://www.youtube.com/watch?v=uQ06bn04m2w","uQ06bn04m2w","GAMETIME HIGHLIGHTS",553,465161,3153,431
22500395,"Los Angeles Lakers vs Los Angeles Clippers Full Game Highlights | Dec 20, 2025 | FreeDawkins","https://www.youtube.com/watch?v=xxNCmD1uJig","xxNCmD1uJig","FreeDawkins",580,66972,1510,129
22500395,"Los Angeles Lakers vs Los Angeles Clippers - FULL GAME HIGHLIGHTS | December 20, 2025 NBA Season","https://www.youtube.com/watch?v=MgvIerIcw1M","MgvIerIcw1M","Ximo Pierto",559,8519,197,9
22500395,"Los Angeles Lakers vs LA Clippers Full Game Highlights 1st Qtr P2 | Dec 20 | 2025 NBA Highlights","https://www.youtube.com/watch?v=vnAHjb5PUt4","vnAHjb5PUt4","Lakers Dynasty Highlights",444,44770,183,12
22500395,"Los Angeles Lakers vs LA Clippers Full Game Highlights 4th Qtr | Dec 20 | 2025 NBA Highlights","https://www.youtube.com/watch?v=NnbFA_kZHcI","NnbFA_kZHcI","Lakers Dynasty Highlights",508,77898,255,30
22500395,"Los Angeles Lakers vs LA Clippers Full Game Highlights 1st Qtr | Dec 20 | 2025 NBA Highlights","https://www.youtube.com/watch?v=AG0_vDSLnms","AG0_vDSLnms","Lakers Dynasty Highlights",506,73737,371,28
22500395,"Los Angeles Lakers vs LA Clippers Full Game Highlights 4th Qtr P2 | Dec 20 | 2025 NBA Highlights","https://www.youtube.com/watch?v=F7wnr2ZQHW0","F7wnr2ZQHW0","Lakers Dynasty Highlights",493,32438,138,12
22500392,"Golden State Warriors vs Phoenix Suns Full Game Highlights – December 20, 2025 | NBA Season","https://www.youtube.com/watch?v=aT3tw61U65Y","aT3tw61U65Y","GAMETIME HIGHLIGHTS",586,349739,3414,257
22500392,"Golden State Warriors vs Phoenix Suns Full Game Highlights | Dec 20, 2025 | FreeDawkins","https://www.youtube.com/watch?v=7XCW2onjEbI","7XCW2onjEbI","FreeDawkins",661,96824,3125,210
22500392,"Golden State Warriors vs Phoenix Suns - FULL GAME HIGHLIGHTS | December 20, 2025 NBA Season","https://www.youtube.com/watch?v=Fey65J1SPRs","Fey65J1SPRs","Ximo Pierto",577,3999,135,8
22500392,"Golden State Warriors vs Phoenix Suns Full Game Highlights | Dec 20 | 2026 NBA Season","https://www.youtube.com/watch?v=KWCyYDkgKiQ","KWCyYDkgKiQ","Hooper Highlights",593,3037,119,6
22500392,"Golden State Warriors vs Phoenix Suns Full Game Highlights 1st Qtr | Dec 20 | 2025 NBA Highlights","https://www.youtube.com/watch?v=V4iT4uXiKKM","V4iT4uXiKKM","Lakers Dynasty Highlights",544,44124,222,10
22500392,"Golden State Warriors vs Phoenix Suns Full Game Highlights 4th Qtr | Dec 20 | 2025 NBA Highlights","https://www.youtube.com/watch?v=z6WENblmrQc","z6WENblmrQc","Lakers Dynasty Highlights",537,70026,280,15
22500392,"Golden State Warriors vs Phoenix Suns Full Game Highlights 1st Qtr P2 | Dec 20 | 2025 NBA Highlights","https://www.youtube.com/watch?v=GupwnoemWjg","GupwnoemWjg","Lakers Dynasty Highlights",396,15875,73,3
22501212,"Cleveland Cavaliers vs Washington Wizards Full Game Highlights – December 12, 2025 | NBA Season","https://www.youtube.com/watch?v=AjW9GermyTE","AjW9GermyTE","GAMETIME HIGHLIGHTS",582,25707,353,16.0
22501212,"Cleveland Cavaliers vs Washington Wizards Full Game Highlights | Dec 12 | 2026 NBA Season","https://www.youtube.com/watch?v=aorZKcmKcJs","aorZKcmKcJs","Hooper Highlights",596,1059,55,""
22501207,"Portland Trail Blazers vs New Orleans Pelicans Full Game Highlights – December 11, 2025 | NBA Season","https://www.youtube.com/watch?v=l52u028Ajhs","l52u028Ajhs","GAMETIME HIGHLIGHTS",577,33567,359,32.0
22501207,"Portland Trail Blazers vs New Orleans Pelicans - FULL GAME HIGHLIGHTS | December 11, 2025 NBA Season","https://www.youtube.com/watch?v=BVAa6d1mmiA","BVAa6d1mmiA","Ximo Pierto",582,1117,45,1.0
22500385,"Oklahoma City Thunder vs Minnesota Timberwolves Full Game Highlights – December 19 2025 | NBA Season","https://www.youtube.com/watch?v=npTXnl1NsBQ","npTXnl1NsBQ","GAMETIME HIGHLIGHTS",572,419418,5574,475.0
22500385,"Oklahoma City Thunder vs Minnesota Timberwolves | Full Game Highlights | Dec 19 | 2025-26 NBA Season","https://www.youtube.com/watch?v=XfLh_PXgIO4","XfLh_PXgIO4","The CCB Network",611,6321,125,3.0
22500385,"Thunder vs Timberwolves Full Game Highlights 1st Qtr | Dec 19 | 2025 NBA Highlights","https://www.youtube.com/watch?v=N9jJBmogT2U","N9jJBmogT2U","Lakers Dynasty Highlights",493,10621,48,3.0
22500385,"Thunder vs Timberwolves Full Game Highlights 1st Qtr P2 | Dec 19 | 2025 NBA Highlights","https://www.youtube.com/watch?v=z9jf7eyNKGg","z9jf7eyNKGg","Lakers Dynasty Highlights",346,3113,19,""
22500385,"Thunder vs Timberwolves Full Game Highlights 4th Qtr | Dec 19 | 2025 NBA Highlights","https://www.youtube.com/watch?v=zsLT2hslnpA","zsLT2hslnpA","Lakers Dynasty Highlights",558,54529,231,18.0
22500385,"Thunder vs Timberwolves Full Game Highlights 4th Qtr P2 | Dec 19 | 2025 NBA Highlights","https://www.youtube.com/watch?v=9GNtdSnNuuA","9GNtdSnNuuA","Lakers Dynasty Highlights",506,79200,331,32.0
22500385,"Thunder vs Timberwolves Full Game Highlights 2nd Qtr | Dec 19 | 2025 NBA Highlights","https://www.youtube.com/watch?v=twR2qKa1axE","twR2qKa1axE","Lakers Dynasty Highlights",548,9650,43,""
22501227,"Miami Heat vs Toronto Raptors Full Game Highlights – December 15, 2025 | NBA Season","https://www.youtube.com/watch?v=Vfq7xxZU6m8","Vfq7xxZU6m8","GAMETIME HIGHLIGHTS",585,46517,482,20.0
22501227,"Toronto Raptors vs Miami Heat - FULL GAME HIGHLIGHTS | December 15, 2025 NBA Season","https://www.youtube.com/watch?v=6uqW0GtXLeg","6uqW0GtXLeg","Ximo Pierto",577,1506,42,2.0
22501227,"Toronto Raptors vs Miami Heat - Full Team Highlights | Dec 15, 2025","https://www.youtube.com/watch?v=KVUOGZMHRRc","KVUOGZMHRRc","Raptors Nation",583,21948,264,23.0
22501227,"Toronto Raptors vs Miami Heat Full Game Highlights | Dec 15 | 2026 NBA Season","https://www.youtube.com/watch?v=EhSQ811LFCY","EhSQ811LFCY","Hooper Highlights",597,1525,64,1.0
22501227,"Toronto Raptors vs Miami Heat - First Half Team Highlights | Dec 15, 2025","https://www.youtube.com/watch?v=xhNZrOhyCnA","xhNZrOhyCnA","Raptors Nation",254,2365,27,2.0
22500382,"New York Knicks vs Philadelphia 76ers Full Game Highlights – December 19, 2025 | NBA Season","https://www.youtube.com/watch?v=iiWKfFJ5ahI","iiWKfFJ5ahI","GAMETIME HIGHLIGHTS",590,117261,1296,89.0
22500382,"Philadelphia 76ers vs New York Knicks Full Game Highlights | Dec 19 | 2026 NBA Season","https://www.youtube.com/watch?v=mPJkIRHbj5I","mPJkIRHbj5I","Hooper Highlights",599,2323,96,2.0
22500382,"Philadelphia 76ers vs New York Knicks Full Game Highlights 4th Qtr | Dec 19 | 2025 NBA Highlights","https://www.youtube.com/watch?v=qOjb2PNhhaI","qOjb2PNhhaI","Lakers Dynasty Highlights",539,20525,82,1.0
22500382,"Philadelphia 76ers vs New York Knicks Full Game Highlights 1st Qtr | Dec 19 | 2025 NBA Highlights","https://www.youtube.com/watch?v=l7FkDYr01Xo","l7FkDYr01Xo","Lakers Dynasty Highlights",535,1098,13,""
22500382,"Philadelphia 76ers vs New York Knicks Full Game Highlights 2nd Qtr | Dec 19 | 2025 NBA Highlights","https://www.youtube.com/watch?v=rJ8SRpPigdc","rJ8SRpPigdc","Lakers Dynasty Highlights",565,2127,13,""
22500382,"Philadelphia 76ers vs New York Knicks Full Game Highlights 3rd Qtr | Dec 19 | 2025 NBA Highlights","https://www.youtube.com/watch?v=Mwhv8W-BgNg","Mwhv8W-BgNg","Lakers Dynasty Highlights",545,2517,11,""
22500382,"Philadelphia 76ers vs New York Knicks Full Game Highlights 2nd Qtr P2 | Dec 19 | 2025 NBA Highlights","https://www.youtube.com/watch?v=woUxsjCkkJo","woUxsjCkkJo","Lakers Dynasty Highlights",422,1029,3,1.0
22500405,"Denver Nuggets vs Utah Jazz Full Game Highlights – December 22, 2025 | NBA Season","https://www.youtube.com/watch?v=m_btxxWdYLo","m_btxxWdYLo","GAMETIME HIGHLIGHTS",592,115196,1040,93.0
22500405,"Denver Nuggets vs Utah Jazz Full Game Highlights | Dec 22 | 2026 NBA Season","https://www.youtube.com/watch?v=yM_nt-glPAA","yM_nt-glPAA","Hooper Highlights",595,1957,81,1.0
22500405,"Denver Nuggets vs Utah Jazz - FULL GAME HIGHLIGHTS | December 22, 2025 NBA Season","https://www.youtube.com/watch?v=iqyDzjWLXSw","iqyDzjWLXSw","Ximo Pierto",565,1939,57,2.0
22500405,"Utah Jazz vs Denver Nuggets Full Game Highlights  2rd Qtr | Dec 22 | 2025 NBA Highlights","https://www.youtube.com/watch?v=b8M0O42tMI0","b8M0O42tMI0","Lakers Dynasty Highlights",520,7726,22,2.0
22500405,"Utah Jazz vs Denver Nuggets Full Game Highlights 1st Qtr | Dec 22 | 2025 NBA Highlights","https://www.youtube.com/watch?v=5e2ate4bP14","5e2ate4bP14","Lakers Dynasty Highlights",543,14005,67,4.0
22500405,"Utah Jazz vs Denver Nuggets Full Game Highlights 4th Qtr | Dec 22 | 2025 NBA Highlights","https://www.youtube.com/watch?v=5EoMDpwM0_0","5EoMDpwM0_0","Lakers Dynasty Highlights",533,7272,28,""
22500405,"Utah Jazz vs Denver Nuggets Full Game Highlights 2nd Qtr | Dec 22 | 2025 NBA Highlights","https://www.youtube.com/watch?v=YGg2o-CdNWU","YGg2o-CdNWU","Lakers Dynasty Highlights",566,11175,47,3.0
22500405,"Utah Jazz vs Denver Nuggets Full Game Highlights 1st Qtr P2 | Dec 22 | 2025 NBA Highlights","https://www.youtube.com/watch?v=np5yV9JfcnA","np5yV9JfcnA","Lakers Dynasty Highlights",226,2972,16,1.0
22500405,"Utah Jazz vs Denver Nuggets Full Game Highlights 2nd Qtr P2 | Dec 22 | 2025 NBA Highlights","https://www.youtube.com/watch?v=9KK3voyf63I","9KK3voyf63I","Lakers Dynasty Highlights",380,1403,9,""
22500405,"Denver Nuggets vs Utah Jazz | Full Game Highlights | December 22 | 2025-26 NBA Season","https://www.youtube.com/watch?v=DJQW1bHahHw","DJQW1bHahHw","The CCB Network",632,3237,57,2.0
22501208,"Denver Nuggets vs Sacramento Kings Full Game Highlights – December 11, 2025 | NBA Season","https://www.youtube.com/watch?v=WrlWZxYqPhI","WrlWZxYqPhI","GAMETIME HIGHLIGHTS",543,182964,1356,173.0
22501208,"Denver Nuggets vs Sacramento Kings Full Game Highlights | Dec 11, 2025 | FreeDawkins","https://www.youtube.com/watch?v=S_pia9GFYVY","S_pia9GFYVY","FreeDawkins",604,21103,561,32.0
22501208,"Denver Nuggets vs Sacramento Kings - FULL GAME HIGHLIGHTS | December 11, 2025 NBA Season","https://www.youtube.com/watch?v=g3hEJNMIWVc","g3hEJNMIWVc","Ximo Pierto",565,2775,55,1.0
22500364,"Indiana Pacers vs Sacramento Kings Full Game Highlights – December 8, 2025 | NBA Season","https://www.youtube.com/watch?v=cvqimCayboE","cvqimCayboE","GAMETIME HIGHLIGHTS",579,71569,602,71.0
22500364,"Sacramento Kings vs Indiana Pacers Full Game Highlights | Dec 8 | 2026 NBA Season","https://www.youtube.com/watch?v=2zrtggwiALA","2zrtggwiALA","Hooper Highlights",598,2030,73,3.0
22500407,"Golden State Warriors vs Orlando Magic Full Game Highlights – December 22, 2025 | NBA Season","https://www.youtube.com/watch?v=7uP64vbed2o","7uP64vbed2o","GAMETIME HIGHLIGHTS",558,394428,3527,188.0
22500407,"Golden State Warriors vs Orlando Magic Full Game Highlights | Dec 22, 2025 | FreeDawkins","https://www.youtube.com/watch?v=TMnusNoe1Jg","TMnusNoe1Jg","FreeDawkins",625,104161,3639,186.0
22500407,"Golden State Warriors vs Orlando Magic - FULL GAME HIGHLIGHTS | December 22, 2025 NBA Season","https://www.youtube.com/watch?v=7_jAfZ37Gqg","7_jAfZ37Gqg","Ximo Pierto",569,4078,69,7.0
22500407,"Golden State Warriors vs Orlando Magic | Full Game Highlights | December 22 | 2025-26 NBA Season","https://www.youtube.com/watch?v=nn7m7PXJBdE","nn7m7PXJBdE","The CCB Network",597,8688,113,""
22500407,"Golden State Warriors vs Orlando Magic Full Game Highlights 4th Qtr | Dec 22 | 2025 NBA Highlights","https://www.youtube.com/watch?v=emKgcBgsAM8","emKgcBgsAM8","Lakers Dynasty Highlights",538,97479,443,4.0
22500407,"Golden State Warriors vs Orlando Magic Full Game Highlights 1st Qtr | Dec 22 | 2025 NBA Highlights","https://www.youtube.com/watch?v=4b9EvDNyAE0","4b9EvDNyAE0","Lakers Dynasty Highlights",530,67435,320,14.0
22500407,"Golden State Warriors vs Orlando Magic Full Game Highlights 4th Qtr P2 | Dec 22| 2025 NBA Highlights","https://www.youtube.com/watch?v=2z-V6wCa3gI","2z-V6wCa3gI","Lakers Dynasty Highlights",353,39691,179,16.0
22500407,"Golden State Warriors vs Orlando Magic Full Game Highlights 2nd Qtr | Dec 22 | 2025 NBA Highlights","https://www.youtube.com/watch?v=hOBNF8VAv8U","hOBNF8VAv8U","Lakers Dynasty Highlights",551,48809,230,6.0
22500407,"Golden State Warriors vs Orlando Magic Full Game Highlights 1st Qtr P2| Dec 22 | 2025 NBA Highlights","https://www.youtube.com/watch?v=BBj3TRb5S8c","BBj3TRb5S8c","Lakers Dynasty Highlights",349,21937,105,1.0
22500407,"Golden State Warriors vs Orlando Magic Full Game Highlights 3rd Qtr | Dec 22 | 2025 NBA Highlights","https://www.youtube.com/watch?v=XXELGVheibg","XXELGVheibg","Lakers Dynasty Highlights",518,50354,213,10.0
22500363,"Oklahoma City Thunder vs Utah Jazz Full Game Highlights – December 7, 2025 | NBA Season","https://www.youtube.com/watch?v=E4mdQEFXyOo","E4mdQEFXyOo","GAMETIME HIGHLIGHTS",539,79228,878,98
22501206,"Boston Celtics vs Milwaukee Bucks Full Game Highlights – December 11, 2025 | NBA Season","https://www.youtube.com/watch?v=U7NJ3bAS3uo","U7NJ3bAS3uo","GAMETIME HIGHLIGHTS",554,98361,960,56
22501206,"Boston Celtics vs Milwaukee Bucks - FULL GAME HIGHLIGHTS | December 11, 2025 NBA Season","https://www.youtube.com/watch?v=pco0qNhNnsg","pco0qNhNnsg","Ximo Pierto",546,1617,50,5
22501206,"Boston Celtics Vs Milwaukee Bucks Game 1ST Highlights - DEC 11 , 2025 | NBA","https://www.youtube.com/watch?v=dNlnMk6n608","dNlnMk6n608","Lý Tử Lanh Vlogs",640,8020,35,4
22500366,"San Antonio Spurs vs New Orleans Pelicans Full Game Highlights – December 8, 2025 | NBA Season","https://www.youtube.com/watch?v=3N1KfHl-7mk","3N1KfHl-7mk","GAMETIME HIGHLIGHTS",845,113063,1098,88
22500366,"San Antonio Spurs vs New Orleans Pelicans | Full Game Highlights | December 8 | 2025-26 NBA Season","https://www.youtube.com/watch?v=BveUV_Y3TbM","BveUV_Y3TbM","The CCB Network",622,10050,176,14
22500367,"Cleveland Cavaliers vs Chicago Bulls Full Game Highlights – December 17, 2025 | NBA Season","https://www.youtube.com/watch?v=PKa92Fd4VI0","PKa92Fd4VI0","GAMETIME HIGHLIGHTS",574,74064,827,36.0
22500367,"Cleveland Cavaliers vs Chicago Bulls Full Game Highlights | Dec 17 | 2026 NBA Season","https://www.youtube.com/watch?v=nidYkNOO1JA","nidYkNOO1JA","Hooper Highlights",573,2430,105,1.0
22500367,"Cleveland Cavaliers vs Chicago Bulls Full Game Highlights 4th Qtr | Dec 17 | 2025 NBA Highlights","https://www.youtube.com/watch?v=se4zjssg3Hc","se4zjssg3Hc","Lakers Dynasty Highlights",326,6723,27,1.0
22500367,"Cleveland Cavaliers vs Chicago Bulls Full Game Highlights 4th Qtr P2 | Dec 17 | 2025 NBA Highlights","https://www.youtube.com/watch?v=PA_S2jCAah0","PA_S2jCAah0","Lakers Dynasty Highlights",324,3702,15,1.0
22500367,"Cleveland Cavaliers vs Chicago Bulls Full Game Highlights 2nd Qtr | Dec 17 | 2025 NBA Highlights","https://www.youtube.com/watch?v=k6pmA7hTzmQ","k6pmA7hTzmQ","Lakers Dynasty Highlights",448,3469,21,2.0
22500367,"Cleveland Cavaliers vs Chicago Bulls Full Game Highlights 2nd Qtr P2 | Dec 17 | 2025 NBA Highlights","https://www.youtube.com/watch?v=wHDAEBsmJsE","wHDAEBsmJsE","Lakers Dynasty Highlights",299,1448,12,""
22500351,"Atlanta Hawks vs Washington Wizards Full Game Highlights – December 6, 2025 | NBA Season","https://www.youtube.com/watch?v=GD8-Jec_WDA","GD8-Jec_WDA","GAMETIME HIGHLIGHTS",574,14718,224,6.0
22501203,"Oklahoma City Thunder vs Phoenix Suns Full Game Highlights – December 10, 2025 | NBA Season","https://www.youtube.com/watch?v=_tdeuGOvPYI","_tdeuGOvPYI","GAMETIME HIGHLIGHTS",567,219891,2056,297.0
22501203,"Oklahoma City Thunder vs Phoenix Suns Full Game Highlights | Dec 10 | 2025 NBA Emirates Cup","https://www.youtube.com/watch?v=NioshkGjoSY","NioshkGjoSY","Hooper Highlights",599,3829,141,11.0
22501203,"Phoenix Suns @ Oklahoma City Thunder | FULL NBA HIGHLIGHTS, EMIRATES NBA CUP | 10 December 2025 🏀","https://www.youtube.com/watch?v=lD0bEh3T4_Q","lD0bEh3T4_Q","Amazon Prime Video Sport",306,2134,24,1.0
22501203,"Phoenix Suns vs Oklahoma City Thunder Full Game Highlights 4th Qtr | Dec 10 | 2025 NBA Highlights","https://www.youtube.com/watch?v=CnRenEJ8aWw","CnRenEJ8aWw","Lakers Dynasty Highlights",542,13895,63,1.0
22500350,"Brooklyn Nets vs New Orleans Pelicans Full Game Highlights – December 6, 2025 | NBA Season","https://www.youtube.com/watch?v=gmqrSu9GO0U","gmqrSu9GO0U","GAMETIME HIGHLIGHTS",572,17395,247,16
22500360,"Memphis Grizzlies vs Portland Trail Blazers Full Game Highlights – December 7, 2025 | NBA Season","https://www.youtube.com/watch?v=Kr0tTOOFF-Q","Kr0tTOOFF-Q","GAMETIME HIGHLIGHTS",568,32721,384,25
22500360,"Memphis Grizzlies vs Portland Trail Blazers | Full Game Highlights | December 7 | 2025-26 NBA Season","https://www.youtube.com/watch?v=MIgTpPClRkg","MIgTpPClRkg","The CCB Network",607,3115,65,4
22500358,"Boston Celtics vs Toronto Raptors Full Game Highlights – December 7, 2025 | NBA Season","https://www.youtube.com/watch?v=qJH5gtw-jWg","qJH5gtw-jWg","GAMETIME HIGHLIGHTS",557,70758,759,27
22500358,"Boston Celtics vs Toronto Raptors – Full Game Highlights – December 7, 2025 NBA Season","https://www.youtube.com/watch?v=89OwOGuekm4","89OwOGuekm4","Ximo Pierto",567,2195,71,4
22500358,"Toronto Raptors vs Boston Celtics - Full Team Highlights | Dec 7, 2025","https://www.youtube.com/watch?v=qiTWOyzOCYA","qiTWOyzOCYA","Raptors Nation",582,6977,69,24
22501228,"Los Angeles Lakers vs Phoenix Suns Full Game Highlights – December 14, 2025 | NBA Season","https://www.youtube.com/watch?v=dJxAf6t8iAQ","dJxAf6t8iAQ","GAMETIME HIGHLIGHTS",576,623522,5224,732
22501228,"Los Angeles Lakers vs Phoenix Suns Full Game Highlights | Dec 14, 2025 | FreeDawkins","https://www.youtube.com/watch?v=RNOBYyjA3kE","RNOBYyjA3kE","FreeDawkins",688,105550,2880,375
22501228,"Los Angeles Lakers vs Phoenix Suns - FULL GAME HIGHLIGHTS | December 14, 2025 NBA Season","https://www.youtube.com/watch?v=53wjMhd1YyI","53wjMhd1YyI","Ximo Pierto",576,8556,271,36
22501228,"Los Angeles Lakers vs Phoenix Suns Full Game Highlights 1st Qtr | Dec 14 | 2025 NBA Highlights","https://www.youtube.com/watch?v=nibVOdTHtOM","nibVOdTHtOM","Lakers Dynasty Highlights",551,125959,598,53
22501228,"Los Angeles Lakers vs Phoenix Suns Full Game Highlights 1st Qtr P2 | Dec 14 | 2025 NBA Highlights","https://www.youtube.com/watch?v=v1Y8l4h92Z4","v1Y8l4h92Z4","Lakers Dynasty Highlights",348,31245,141,19
22501228,"Los Angeles Lakers vs Phoenix Suns Full Game Highlights 2nd Qtr | Dec 14 | 2025 NBA Highlights","https://www.youtube.com/watch?v=1X-L_iLClec","1X-L_iLClec","Lakers Dynasty Highlights",542,80445,339,21
22500365,"Minnesota Timberwolves vs Phoenix Suns Full Game Highlights – December 8, 2025 | NBA Season","https://www.youtube.com/watch?v=A3F_6V2n8t0","A3F_6V2n8t0","GAMETIME HIGHLIGHTS",578,175653,1377,126
22500365,"Minnesota Timberwolves vs Phoenix Suns Full Game Highlights | Dec 8, 2025 | FreeDawkins","https://www.youtube.com/watch?v=EiPXbyAQsF0","EiPXbyAQsF0","FreeDawkins",606,31310,756,34
22500365,"Phoenix Suns vs Minnesota Timberwolves Full Game Highlights 4th Qtr P2 | Dec 8 | 2025 NBA Highlights","https://www.youtube.com/watch?v=YhTbteJ8Apo","YhTbteJ8Apo","Lakers Dynasty Highlights",449,36154,140,9
22500359,"Denver Nuggets vs Charlotte Hornets Full Game Highlights – December 7, 2025 | NBA Season","https://www.youtube.com/watch?v=iqunnO8BtHM","iqunnO8BtHM","GAMETIME HIGHLIGHTS",582,139242,1088,88
22500359,"Denver Nuggets vs Charlotte Hornets Full Game Highlights | Dec 7, 2025 | FreeDawkins","https://www.youtube.com/watch?v=FL5h1DsfcUM","FL5h1DsfcUM","FreeDawkins",570,11324,303,15
22500359,"Denver Nuggets vs Charlotte Hornets – Full Game Highlights – December 7, 2025 NBA Season","https://www.youtube.com/watch?v=Ag45ASTsuaE","Ag45ASTsuaE","Ximo Pierto",573,4668,59,1
22500345,"Indiana Pacers vs Chicago Bulls Full Game Highlights – December 5, 2025 | NBA Season","https://www.youtube.com/watch?v=R6qqI_B4S3s","R6qqI_B4S3s","GAMETIME HIGHLIGHTS",581,17766,227,19.0
22500353,"Milwaukee Bucks vs Detroit Pistons Full Game Highlights – December 6, 2025 | NBA Season","https://www.youtube.com/watch?v=mvui4ocxjEc","mvui4ocxjEc","GAMETIME HIGHLIGHTS",569,57716,594,32.0
22500353,"Milwaukee Bucks vs Detroit Pistons Full Game Highlights | Dec 6 | 2026 NBA Season","https://www.youtube.com/watch?v=Dg9zmeQhnms","Dg9zmeQhnms","Hooper Highlights",592,1732,60,1.0
22500357,"New York Knicks vs Orlando Magic Full Game Highlights – December 7, 2025 | NBA Season","https://www.youtube.com/watch?v=SoSjqF3V7Yc","SoSjqF3V7Yc","GAMETIME HIGHLIGHTS",581,66361,613,34.0
22500357,"New York Knicks vs Orlando Magic - FULL GAME HIGHLIGHTS | December 7, 2025 NBA Season","https://www.youtube.com/watch?v=86XA69CIw_c","86XA69CIw_c","Ximo Pierto",577,1474,35,""
22500357,"New York Knicks vs Orlando Magic Full Game Highlights | Dec 7, 2025 | FreeDawkins","https://www.youtube.com/watch?v=b1v5f-p49OQ","b1v5f-p49OQ","FreeDawkins",601,9517,245,15.0
22500343,"New York Knicks vs Utah Jazz Full Game Highlights – December 5, 2025 | NBA Season","https://www.youtube.com/watch?v=gfGwNN1hitU","gfGwNN1hitU","GAMETIME HIGHLIGHTS",585,38136,425,16.0
22500343,"New York Knicks vs Utah Jazz Full Game Highlights | Dec 5 | 2026 NBA Season","https://www.youtube.com/watch?v=zSjsvQT9aeY","zSjsvQT9aeY","Hooper Highlights",589,1179,52,""
22500368,"Minnesota Timberwolves vs Memphis Grizzlies Full Game Highlights – December 17, 2025 | NBA Season","https://www.youtube.com/watch?v=RZouyRU6XqY","RZouyRU6XqY","GAMETIME HIGHLIGHTS",572,146822,1203,50.0
22500368,"Memphis Grizzlies vs Minnesota Timberwolves - FULL GAME HIGHLIGHTS | December 17, 2025 NBA Season","https://www.youtube.com/watch?v=QgQAQp4H400","QgQAQp4H400","Ximo Pierto",587,2295,61,5.0
22500368,"Grizzlies vs Timberwolves Full Game Highlights 1st Qtr | Dec 17 | 2025 NBA Highlights","https://www.youtube.com/watch?v=ixMMS1FrOOQ","ixMMS1FrOOQ","Lakers Dynasty Highlights",512,14730,69,4.0
22500368,"Grizzlies vs Timberwolves Full Game Highlights 4th Qtr | Dec 17 | 2025 NBA Highlights","https://www.youtube.com/watch?v=bMgSHnCoIr4","bMgSHnCoIr4","Lakers Dynasty Highlights",553,18178,69,1.0
22500368,"Grizzlies vs Timberwolves Full Game Highlights 2nd Qtr | Dec 17 | 2025 NBA Highlights","https://www.youtube.com/watch?v=_kj0VgX6L_s","_kj0VgX6L_s","Lakers Dynasty Highlights",532,10365,42,2.0
22500368,"Grizzlies vs Timberwolves Full Game Highlights 4th Qtr P2 | Dec 17 | 2025 NBA Highlights","https://www.youtube.com/watch?v=wene3TEcva4","wene3TEcva4","Lakers Dynasty Highlights",474,36124,113,5.0
22500368,"Grizzlies vs Timberwolves Full Game Highlights 1st Qtr P2 | Dec 17 | 2025 NBA Highlights","https://www.youtube.com/watch?v=a632Q8Vx5Ng","a632Q8Vx5Ng","Lakers Dynasty Highlights",359,2945,15,""
22500368,"Grizzlies vs Timberwolves Full Game Highlights 2nd Qtr P2 | Dec 17 | 2025 NBA Highlights","https://www.youtube.com/watch?v=1NAU2MhzqI0","1NAU2MhzqI0","Lakers Dynasty Highlights",423,4750,22,""
22500348,"Milwaukee Bucks vs Philadelphia 76ers Full Game Highlights – December 5, 2025 | NBA Season","https://www.youtube.com/watch?v=YRdTlP18UQQ","YRdTlP18UQQ","GAMETIME HIGHLIGHTS",579,35682,414,26.0
22500348,"Milwaukee Bucks vs Philadelphia 76ers Full Game Highlights | Dec 5 | 2026 NBA Season","https://www.youtube.com/watch?v=_cq5F_9PG9k","_cq5F_9PG9k","Hooper Highlights",595,1927,76,3.0
22501204,"Los Angeles Lakers vs San Antonio Spurs Full Game Highlights – December 10, 2025 | NBA Season","https://www.youtube.com/watch?v=r_49CSiYc7k","r_49CSiYc7k","GAMETIME HIGHLIGHTS",573,626866,4849,1000
22501204,"Los Angeles Lakers vs San Antonio Spurs – FULL Quarterfinals Highlights | December 10, 2025 NBA Cup","https://www.youtube.com/watch?v=tWs6e22BwEY","tWs6e22BwEY","Ximo Pierto",565,8764,150,20
22501204,"Los Angeles Lakers vs San Antonio Spurs Full Game Highlights 1st Qtr | Dec 10 | 2025 NBA Highlights","https://www.youtube.com/watch?v=bNlFvwGZVzA","bNlFvwGZVzA","Lakers Dynasty Highlights",507,203294,928,62
22501204,"Los Angeles Lakers vs San Antonio Spurs Full Game Highlights 4th Qtr | Dec 10 | 2025 NBA Highlights","https://www.youtube.com/watch?v=pJNWPhB0f8s","pJNWPhB0f8s","Lakers Dynasty Highlights",503,78324,266,41
22501204,"Los Angeles Lakers vs San Antonio Spurs Full Game Highlights 4th Qtr | Dec 10 | 2025 NBA Highlights","https://www.youtube.com/watch?v=qR74eOL4FGY","qR74eOL4FGY","Lakers Dynasty Highlights",276,35888,149,31
22501221,"Golden State Warriors vs Portland Trail Blazers Full Game Highlights – December 14 2025 | NBA Season","https://www.youtube.com/watch?v=hmlloslv0PM","hmlloslv0PM","GAMETIME HIGHLIGHTS",572,300789,2895,464
22501221,"Golden State Warriors vs Portland Trail Blazers Full Game Highlights | Dec 14, 2025 | FreeDawkins","https://www.youtube.com/watch?v=f8oqyO13kTs","f8oqyO13kTs","FreeDawkins",656,65941,1909,275
22501221,"Golden State Warriors vs Portland Trail Blazers - FULL GAME HIGHLIGHTS | Dec 14, 2025 NBA Season","https://www.youtube.com/watch?v=DILzFaONqVk","DILzFaONqVk","Ximo Pierto",568,5285,141,16
22501221,"Golden State Warriors vs  Blazers Full Game Highlights 1st Qtr | Dec 14 | 2025 NBA Highlights","https://www.youtube.com/watch?v=kky1-hvSDQA","kky1-hvSDQA","Lakers Dynasty Highlights",563,35211,185,17
22501221,"Golden State Warriors vs  Blazers Full Game Highlights 4th Qtr P2 | Dec 14 | 2025 NBA Highlights","https://www.youtube.com/watch?v=mCG2QE4T6Jk","mCG2QE4T6Jk","Lakers Dynasty Highlights",393,43355,212,46
22501221,"Golden State Warriors vs  Blazers Full Game Highlights 1st Qtr P2 | Dec 14 | 2025 NBA Highlights","https://www.youtube.com/watch?v=KIxwN1z1Cnw","KIxwN1z1Cnw","Lakers Dynasty Highlights",381,11354,72,6
22501221,"Golden State Warriors vs  Blazers Full Game Highlights 4th Qtr | Dec 14 | 2025 NBA Highlights","https://www.youtube.com/watch?v=HuEcJy1R_c0","HuEcJy1R_c0","Lakers Dynasty Highlights",507,66738,227,9
22500356,"Houston Rockets vs Dallas Mavericks Full Game Highlights – December 6, 2025 | NBA Season","https://www.youtube.com/watch?v=fhGp1dsSLrw","fhGp1dsSLrw","GAMETIME HIGHLIGHTS",582,336540,2448,378
22500356,"Dallas Mavericks vs Houston Rockets Full Game Highlights | Dec 6, 2025 | FreeDawkins","https://www.youtube.com/watch?v=7QsaqZHJZVA","7QsaqZHJZVA","FreeDawkins",664,41967,1013,67
22500356,"Houston Rockets vs Dallas Mavericks - FULL GAME HIGHLIGHTS | December 6, 2025 NBA Season","https://www.youtube.com/watch?v=3P3D9cJBlBs","3P3D9cJBlBs","Ximo Pierto",559,3743,66,6
22501224,"Dallas Mavericks vs Utah Jazz Full Game Highlights – December 15, 2025 | NBA Season","https://www.youtube.com/watch?v=LJCpMuBw2NY","LJCpMuBw2NY","GAMETIME HIGHLIGHTS",578,169682,1426,139.0
22501224,"Dallas Mavericks vs Utah Jazz - FULL GAME HIGHLIGHTS | December 15, 2025 NBA Season","https://www.youtube.com/watch?v=Ydh-vVYFwng","Ydh-vVYFwng","Ximo Pierto",566,2199,45,4.0
22501224,"Dallas Mavericks vs Utah Jazz Full Game Highlights | Dec 15, 2025  | FreeDawkins","https://www.youtube.com/watch?v=N3FAHpWrRJc","N3FAHpWrRJc","FreeDawkins",655,17339,513,30.0
22501224,"Dallas Mavericks vs Utah Jazz Full Game Highlights 2nd Qtr | Dec 15 | 2025 NBA Highlights","https://www.youtube.com/watch?v=8k0B4r5ChOE","8k0B4r5ChOE","Lakers Dynasty Highlights",551,11248,40,""
22501224,"Dallas Mavericks vs Utah Jazz Full Game Highlights 1st Qtr P2 | Dec 15 | 2025 NBA Highlights","https://www.youtube.com/watch?v=YqrJ0VKHF8g","YqrJ0VKHF8g","Lakers Dynasty Highlights",491,9281,45,""
22501224,"Dallas Mavericks vs Utah Jazz Full Game Highlights 1st Qtr | Dec 15 | 2025 NBA Highlights","https://www.youtube.com/watch?v=ipjzUIKKhK0","ipjzUIKKhK0","Lakers Dynasty Highlights",562,22731,99,4.0
22501224,"Dallas Mavericks vs Utah Jazz Full Game Highlights | Dec 15 | 2026 NBA Season","https://www.youtube.com/watch?v=E6isYeKux2E","E6isYeKux2E","Hooper Highlights",593,2480,92,3.0
22501224,"Dallas Mavericks vs Utah Jazz Full Game Highlights 2nd Qtr P2 | Dec 15 | 2025 NBA Highlights","https://www.youtube.com/watch?v=MQG60ikyKXE","MQG60ikyKXE","Lakers Dynasty Highlights",442,7748,36,""
22501225,"Houston Rockets vs Denver Nuggets Full Game Highlights – December 15, 2025 | NBA Season","https://www.youtube.com/watch?v=RfemKa8jOwQ","RfemKa8jOwQ","GAMETIME HIGHLIGHTS",560,406344,3737,439.0
22501225,"Houston Rockets vs Denver Nuggets Full Game Highlights | Dec 15, 2025 | FreeDawkins","https://www.youtube.com/watch?v=fF-96Cc5lZI","fF-96Cc5lZI","FreeDawkins",709,50018,1556,134.0
22501225,"Houston Rockets vs Denver Nuggets - FULL GAME HIGHLIGHTS | December 15, 2025 NBA Season","https://www.youtube.com/watch?v=4EZWQTmqhsM","4EZWQTmqhsM","Ximo Pierto",575,5460,180,14.0
22501225,"Houston Rockets vs Denver Nuggets Full Game Highlights OT Qtr  | Dec 15 | 2025 NBA Highlights","https://www.youtube.com/watch?v=SUYU7yvHwDk","SUYU7yvHwDk","Lakers Dynasty Highlights",453,72939,372,36.0
22501225,"Houston Rockets vs Denver Nuggets Full Game Highlights 1st Qtr P2 | Dec 15 | 2025 NBA Highlights","https://www.youtube.com/watch?v=ZjgDCcqWXMA","ZjgDCcqWXMA","Lakers Dynasty Highlights",408,12474,58,1.0
22501225,"Houston Rockets vs Denver Nuggets Full Game Highlights 4th Qtr | Dec 15 | 2025 NBA Highlights","https://www.youtube.com/watch?v=YIhVg3Z8r0c","YIhVg3Z8r0c","Lakers Dynasty Highlights",569,45802,185,13.0
22501225,"Houston Rockets vs Denver Nuggets Full Game Highlights 4th Qtr P2 | Dec 15 | 2025 NBA Highlights","https://www.youtube.com/watch?v=PhxOvhPeVYg","PhxOvhPeVYg","Lakers Dynasty Highlights",443,68357,233,29.0
22501225,"Houston Rockets vs Denver Nuggets Full Game Highlights 3rd Qtr P2 | Dec 15 | 2025 NBA Highlights","https://www.youtube.com/watch?v=DiEGeWmEpDA","DiEGeWmEpDA","Lakers Dynasty Highlights",549,13378,37,2.0
22501214,"Dallas Mavericks vs Brooklyn Nets Full Game Highlights – December 12, 2025 | NBA Season","https://www.youtube.com/watch?v=hAbA7eJ4IjM","hAbA7eJ4IjM","GAMETIME HIGHLIGHTS",552,166402,1480,123.0
22501214,"Dallas Mavericks vs Brooklyn Nets - FULL GAME HIGHLIGHTS | December 12, 2025 NBA Season","https://www.youtube.com/watch?v=kwS9wCiXb8A","kwS9wCiXb8A","Ximo Pierto",562,3276,80,2.0
22501214,"Brooklyn Nets vs Dallas Mavericks Full Game Highlights 2nd Qtr | Dec 12 | 2025 NBA Highlights","https://www.youtube.com/watch?v=vKHBi7U5Dgg","vKHBi7U5Dgg","Lakers Dynasty Highlights",538,14646,73,2.0
22501214,"Brooklyn Nets vs Dallas Mavericks Full Game Highlights 4th Qtr | Dec 12 | 2025 NBA Highlights","https://www.youtube.com/watch?v=xWWu8O6TT6Y","xWWu8O6TT6Y","Lakers Dynasty Highlights",552,16191,66,8.0
22501214,"Brooklyn Nets vs Dallas Mavericks Full Game Highlights 1st Qtr | Dec 12 | 2025 NBA Highlights","https://www.youtube.com/watch?v=-O5SDuS3LFM","-O5SDuS3LFM","Lakers Dynasty Highlights",520,2739,12,1.0
22501214,"Brooklyn Nets vs Dallas Mavericks Full Game Highlights 1st Qtr P2 | Dec 12 | 2025 NBA Highlights","https://www.youtube.com/watch?v=rWtSe98rDbY","rWtSe98rDbY","Lakers Dynasty Highlights",345,13586,51,2.0
22500354,"Miami Heat vs Sacramento Kings Full Game Highlights – December 6, 2025 | NBA Season","https://www.youtube.com/watch?v=sQHOLqt735Q","sQHOLqt735Q","GAMETIME HIGHLIGHTS",576,53884,491,37
22500354,"Sacramento Kings vs Miami Heat Full Game Highlights | Dec 6 | 2026 NBA Season","https://www.youtube.com/watch?v=jdLRpyMgeQs","jdLRpyMgeQs","Hooper Highlights",585,1453,62,1
22500354,"Miami HEAT vs. Sacramento Kings | HEAT Highlights | December 6, 2025","https://www.youtube.com/watch?v=M0MPHLyrZRI","M0MPHLyrZRI","Miami HEAT",150,1287,30,3
22500335,"Utah Jazz vs Brooklyn Nets Full Game Highlights – December 4, 2025 | NBA Season","https://www.youtube.com/watch?v=sXWQSvkNmk0","sXWQSvkNmk0","GAMETIME HIGHLIGHTS",578,35338,328,24
22500338,"Los Angeles Lakers vs Boston Celtics Full Game Highlights – December 5, 2025 | NBA Season","https://www.youtube.com/watch?v=timRUTyQte4","timRUTyQte4","GAMETIME HIGHLIGHTS",556,457222,3211,408
22500338,"Los Angeles Lakers vs Boston Celtics Full Game Highlights 4th Qtr | Dec 5 | 2025 NBA Highlights","https://www.youtube.com/watch?v=RdiV6AT9Tug","RdiV6AT9Tug","Lakers Dynasty Highlights",557,29745,104,11
22501202,"New York Knicks vs Toronto Raptors | Full Game Highlights | December 9 | 2025-26 NBA Season","https://www.youtube.com/watch?v=PWtccAqKyM4","PWtccAqKyM4","The CCB Network",609,12505,166,5.0
22501202,"Toronto Raptors vs New York Knicks - Full Team Highlights | NBA Cup Quarter-Final | Dec 9, 2025","https://www.youtube.com/watch?v=QSVhYmeRCQs","QSVhYmeRCQs","Raptors Nation",553,3984,35,48.0
22501202,"New York Knicks vs Toronto Raptors Full Game Highlights – December 9, 2025 |  NBA Cup Quarter-Finals","https://www.youtube.com/watch?v=RzecnQdQ3uo","RzecnQdQ3uo","GAMETIME HIGHLIGHTS",570,116841,1108,62.0
22501202,"New York Knicks vs Toronto Raptors Full Game Highlights | Dec 9 | 2025 NBA Emirates Cup","https://www.youtube.com/watch?v=XvIgfsaaJjI","XvIgfsaaJjI","Hooper Highlights",588,2434,91,4.0
22501202,"New York Knicks vs Toronto Raptors – FULL Quarterfinals Highlights | NBA Cup | December 9, 2025","https://www.youtube.com/watch?v=Nyny-co7TLw","Nyny-co7TLw","Ximo Pierto",553,2163,69,1.0
22500347,"Los Angeles Clippers vs Memphis Grizzlies Full Game Highlights – December 5, 2025 | NBA Season","https://www.youtube.com/watch?v=qWq5J9oyL2Y","qWq5J9oyL2Y","GAMETIME HIGHLIGHTS",577,58811,490,64.0
22500347,"LA Clippers vs Memphis Grizzlies Full Game Highlights | Dec 5 | 2026 NBA Season","https://www.youtube.com/watch?v=8mzqDk40JMA","8mzqDk40JMA","Hooper Highlights",598,1536,57,""
22500347,"Memphis Grizzlies vs Los Angeles Clippers 1st Qtr Dec 05. 2025 Highlights | NBA highlight","https://www.youtube.com/watch?v=re9X6FMua40","re9X6FMua40","Vui Vẻ Cờ Tướng",579,1509,12,""
22500378,"Golden State Warriors vs Phoenix Suns Full Game Highlights – December 18, 2025 | NBA Season","https://www.youtube.com/watch?v=Q2cDmhhQE3A","Q2cDmhhQE3A","GAMETIME HIGHLIGHTS",597,261204,2110,256.0
22500378,"Golden State Warriors vs Phoenix Suns Full Game Highlights | Dec 18, 2025 | FreeDawkins","https://www.youtube.com/watch?v=UtdOF7Ce2K0","UtdOF7Ce2K0","FreeDawkins",598,59271,1404,149.0
22500378,"Golden State Warriors vs Phoenix Suns Full Game Highlights 1st Qtr | Dec 18 | 2025 NBA Highlights","https://www.youtube.com/watch?v=YfGB5fWIBZQ","YfGB5fWIBZQ","Lakers Dynasty Highlights",533,59784,311,22.0
22500378,"Golden State Warriors vs Phoenix Suns Full Game Highlights 4th Qtr | Dec 18 | 2025 NBA Highlights","https://www.youtube.com/watch?v=8HOjI9UQSgE","8HOjI9UQSgE","Lakers Dynasty Highlights",487,50514,216,5.0
22500378,"Golden State Warriors vs Phoenix Suns Full Game Highlights 2nd Qtr | Dec 18 | 2025 NBA Highlights","https://www.youtube.com/watch?v=b4H83G6w-kQ","b4H83G6w-kQ","Lakers Dynasty Highlights",562,45276,160,10.0
22500378,"Golden State Warriors vs Phoenix Suns Full Game Highlights 1st Qtr P2 | Dec 18 | 2025 NBA Highlights","https://www.youtube.com/watch?v=Dbj1Rf27cnE","Dbj1Rf27cnE","Lakers Dynasty Highlights",359,13819,83,2.0
22500378,"Golden State Warriors vs Phoenix Suns Full Game Highlights 2nd Qtr P2 | Dec 18 | 2025 NBA Highlights","https://www.youtube.com/watch?v=7WL-X-jE4YY","7WL-X-jE4YY","Lakers Dynasty Highlights",276,13746,73,2.0
22500378,"Golden State Warriors vs Phoenix Suns Full Game Highlights 3rd Qtr | Dec 18 | 2025 NBA Highlights","https://www.youtube.com/watch?v=D5frCZLZhqc","D5frCZLZhqc","Lakers Dynasty Highlights",549,39566,176,4.0
22500378,"Golden State Warriors vs Phoenix Suns Full Game Highlights 4th Qtr P2 | Dec 18 | 2025 NBA Highlights","https://www.youtube.com/watch?v=w7WK2Wtf0Oc","w7WK2Wtf0Oc","Lakers Dynasty Highlights",457,87580,362,36.0
22500378,"Golden State Warriors vs Phoenix Suns Full Game Highlights 3rd Qtr P2 | Dec 18 | 2025 NBA Highlights","https://www.youtube.com/watch?v=X69yNZ2-LIQ","X69yNZ2-LIQ","Lakers Dynasty Highlights",356,16820,85,1.0
22500362,"Los Angeles Lakers vs Philadelphia 76ers Full Game Highlights – December 7, 2025 | NBA Season","https://www.youtube.com/watch?v=q5WhqF-5vq8","q5WhqF-5vq8","GAMETIME HIGHLIGHTS",580,709857,6549,585
22500362,"Los Angeles Lakers vs Philadelphia 76ers Full Game Highlights | Dec 7, 2025 | FreeDawkins","https://www.youtube.com/watch?v=4f5RtRx7thU","4f5RtRx7thU","FreeDawkins",606,96415,3349,252
22500362,"Los Angeles Lakers vs Philadelphia 76ers – Full Game Highlights – December 7, 2025 NBA Season","https://www.youtube.com/watch?v=dPwUkpiKy1k","dPwUkpiKy1k","Ximo Pierto",569,10535,225,11
22500362,"Los Angeles Lakers vs Philadelphia 76ers Full Game Highlights 4th Qtr | Dec 7 | 2025 NBA Highlights","https://www.youtube.com/watch?v=ZYwzXcwsPA8","ZYwzXcwsPA8","Lakers Dynasty Highlights",547,118756,475,18
22500361,"Golden State Warriors vs Chicago Bulls Full Game Highlights – December 7, 2025 | NBA Season","https://www.youtube.com/watch?v=PDX4-KigsB8","PDX4-KigsB8","GAMETIME HIGHLIGHTS",558,298442,2623,133
22500361,"Golden State Warriors vs Chicago Bulls – Full Game Highlights – December 7, 2025 NBA Season","https://www.youtube.com/watch?v=Jf7vuYpX6yA","Jf7vuYpX6yA","Ximo Pierto",580,4711,84,2
22500361,"Golden State Warriors vs Chicago Bulls Full Game Highlights | Dec 7 | 2026 NBA Season","https://www.youtube.com/watch?v=gu4suq4DIN4","gu4suq4DIN4","Hooper Highlights",555,2703,104,4
22500361,"Golden State Warriors vs Chicago Bulls Full Game Highlights 4th Qtr P2 | Dec 7 | 2025 NBA Highlights","https://www.youtube.com/watch?v=W6vXCc0Eolc","W6vXCc0Eolc","Lakers Dynasty Highlights",356,22331,128,15
22500361,"Golden State Warriors vs Chicago Bulls Full Game Highlights 4th Qtr | Dec 7 | 2025 NBA Highlights","https://www.youtube.com/watch?v=u7HMHZb_B6Q","u7HMHZb_B6Q","Lakers Dynasty Highlights",531,76244,323,12
22501215,"Golden State Warriors vs Minnesota Timberwolves Full Game Highlights - December 12, 2025 |NBA Season","https://www.youtube.com/watch?v=D6iBe1QOqGo","D6iBe1QOqGo","GAMETIME HIGHLIGHTS",589,391169,3147,302
22501215,"Golden State Warriors vs Minnesota Timberwolves Full Game Highlights | Dec 12, 2025 | FreeDawkins","https://www.youtube.com/watch?v=FzgHsGitVDs","FzgHsGitVDs","FreeDawkins",698,82698,2417,218
22501215,"Golden State Warriors vs Minnesota Timberwolves - FULL GAME HIGHLIGHTS | Dec 12, 2025 NBA Season","https://www.youtube.com/watch?v=hF2rzf4XnHQ","hF2rzf4XnHQ","Ximo Pierto",567,5626,131,14
22501215,"Golden State Warriors vs Minnesota Timberwolves Full Game Highlights | Dec 12 | 2026 NBA Season","https://www.youtube.com/watch?v=84FJDfKE2Ms","84FJDfKE2Ms","Hooper Highlights",596,3340,123,1
22501215,"Golden State Warriors vs Timberwolves Full Game Highlights 4th Qtr | Dec 12 | 2025 NBA Highlights","https://www.youtube.com/watch?v=NKEPn8BQwR8","NKEPn8BQwR8","Lakers Dynasty Highlights",511,61844,208,13
22501215,"Golden State Warriors vs Timberwolves Full Game Highlights 4th Qtr P2 | Dec 12 | 2025 NBA Highlights","https://www.youtube.com/watch?v=p1M4UQ9IvD0","p1M4UQ9IvD0","Lakers Dynasty Highlights",441,41360,164,18
22501215,"Golden State Warriors vs Timberwolves Full Game Highlights 1st Qtr | Dec 12 | 2025 NBA Highlights","https://www.youtube.com/watch?v=N54nuLdX8eI","N54nuLdX8eI","Lakers Dynasty Highlights",559,92126,398,24
22501215,"Golden State Warriors vs Timberwolves Full Game Highlights 1st Qtr P2 | Dec 12 | 2025 NBA Highlights","https://www.youtube.com/watch?v=nIAD_Sf_rkI","nIAD_Sf_rkI","Lakers Dynasty Highlights",283,18294,104,4
22500324,"Cleveland Cavaliers vs Portland Trail Blazers Full Game Highlights - December 3, 2025 | NBA Season","https://www.youtube.com/watch?v=xjKJz8pdD2A","xjKJz8pdD2A","GAMETIME HIGHLIGHTS",580,32379,423,53.0
22500341,"San Antonio Spurs vs Cleveland Cavaliers Full Game Highlights – December 5, 2025 | NBA Season","https://www.youtube.com/watch?v=y3DkF5Reuuc","y3DkF5Reuuc","GAMETIME HIGHLIGHTS",560,71520,760,37.0
22500341,"San Antonio Spurs vs Cleveland Cavaliers Full Game Highlights | Dec 5 | 2026 NBA Season","https://www.youtube.com/watch?v=aoQdTIDgcgE","aoQdTIDgcgE","Hooper Highlights",593,1997,75,1.0
22501226,"Los Angeles Clippers vs Memphis Grizzlies Full Game Highlights – December 15, 2025 | NBA Season","https://www.youtube.com/watch?v=bJooVVfYjMk","bJooVVfYjMk","GAMETIME HIGHLIGHTS",561,100926,929,69.0
22501226,"Los Angeles Clippers vs Memphis Grizzlies - FULL GAME HIGHLIGHTS | December 15, 2025 NBA Season","https://www.youtube.com/watch?v=SlXcP0sDXNE","SlXcP0sDXNE","Ximo Pierto",564,2711,70,5.0
22501226,"Memphis Grizzlies vs LA Clippers Full Game Highlights 4th Qtr | Dec 15 | 2025 NBA Highlights","https://www.youtube.com/watch?v=dz1xDpA02IM","dz1xDpA02IM","Lakers Dynasty Highlights",494,17684,64,8.0
22501226,"Memphis Grizzlies vs LA Clippers Full Game Highlights 1st Qtr | Dec 15 | 2025 NBA Highlights","https://www.youtube.com/watch?v=rbVDvFvsN9g","rbVDvFvsN9g","Lakers Dynasty Highlights",560,7895,35,5.0
22501226,"Memphis Grizzlies vs LA Clippers Full Game Highlights 4th Qtr P2 | Dec 15 | 2025 NBA Highlights","https://www.youtube.com/watch?v=54JvyrsqOcA","54JvyrsqOcA","Lakers Dynasty Highlights",366,3123,14,""
22501226,"Memphis Grizzlies vs LA Clippers Full Game Highlights 1st Qtr P2 | Dec 15 | 2025 NBA Highlights","https://www.youtube.com/watch?v=0LAqjcV8IwQ","0LAqjcV8IwQ","Lakers Dynasty Highlights",380,2818,14,""
22501226,"Memphis Grizzlies vs LA Clippers Full Game Highlights 2nd Qtr | Dec 15 | 2025 NBA Highlights","https://www.youtube.com/watch?v=2ygNMwtBicY","2ygNMwtBicY","Lakers Dynasty Highlights",499,6737,29,5.0
22501226,"Memphis Grizzlies vs LA Clippers Full Game Highlights 3rd Qtr | Dec 15 | 2025 NBA Highlights","https://www.youtube.com/watch?v=nkh7Idr4chA","nkh7Idr4chA","Lakers Dynasty Highlights",559,6688,26,3.0
22501226,"Memphis Grizzlies vs LA Clippers Full Game Highlights 3rd Qtr P2 | Dec 15 | 2025 NBA Highlights","https://www.youtube.com/watch?v=bz7iI-nsd14","bz7iI-nsd14","Lakers Dynasty Highlights",410,3046,13,""
22501201,"Miami Heat vs Orlando Magic | Full Game Highlights | December 9 | 2025-26 NBA Season","https://www.youtube.com/watch?v=LaUoNWN6c_U","LaUoNWN6c_U","The CCB Network",623,11499,137,4.0
22501201,"Orlando Magic vs Miami Heat Full Game Highlights | Dec 9 | 2025 NBA Emirates Cup","https://www.youtube.com/watch?v=R_oHXufe8Ro","R_oHXufe8Ro","Hooper Highlights",598,2861,102,1.0
22501201,"Miami Heat vs Orlando Magic – FULL Quarterfinals Highlights | NBA Cup | December 9, 2025","https://www.youtube.com/watch?v=rOu-ygFmUG0","rOu-ygFmUG0","Ximo Pierto",575,2441,59,3.0
22501201,"Miami Heat Vs Orlando Magic Full Game Highlights - Dec 09 , 2025 | NBA CUP","https://www.youtube.com/watch?v=Bx52O_HmUvM","Bx52O_HmUvM","Lý Ngọc Hương ",810,4997,19,""
22501201,"Miami Heat vs Orlando Magic Full Game Highlights 4th Qtr | Dec 9 | 2025 NBA Highlights","https://www.youtube.com/watch?v=N5vM_J8ttiY","N5vM_J8ttiY","Lakers Dynasty Highlights",487,12624,50,4.0
22501201,"Miami Heat vs Orlando Magic Full Game Highlights 4th Qtr P2 | Dec 9 | 2025 NBA Highlights","https://www.youtube.com/watch?v=WvBiBnb6Qro","WvBiBnb6Qro","Lakers Dynasty Highlights",325,10547,38,1.0
22500337,"Minnesota Timberwolves vs New Orleans Pelicans Full Game Highlights – December 4, 2025 | NBA Season","https://www.youtube.com/watch?v=Pu8jkU8ShTY","Pu8jkU8ShTY","GAMETIME HIGHLIGHTS",553,67806,734,28.0
22500337,"Minnesota Timberwolves vs New Orleans Pelicans Full Game Highlights | Dec 4, 2025 | FreeDawkins","https://www.youtube.com/watch?v=inqc7zW0uTY","inqc7zW0uTY","FreeDawkins",620,5690,216,9.0
22500340,"Denver Nuggets vs Atlanta Hawks Full Game Highlights – December 5, 2025 | NBA Season","https://www.youtube.com/watch?v=C7ZYEckFw7I","C7ZYEckFw7I","GAMETIME HIGHLIGHTS",576,185059,1527,203.0
22500340,"Denver Nuggets vs Atlanta Hawks Full Game Highlights | Dec 5 | 2026 NBA Season","https://www.youtube.com/watch?v=0DkfxLYWMLg","0DkfxLYWMLg","Hooper Highlights",588,2553,102,3.0
22500340,"Denver Nuggets vs Atlanta Hawks | Full Game Highlights | December 5 | 2025-26 NBA Season","https://www.youtube.com/watch?v=kMh2cNxA2KQ","kMh2cNxA2KQ","The CCB Network",626,9821,128,4.0
22500334,"Boston Celtics vs Washington Wizards Full Game Highlights – December 4, 2025 | NBA Season","https://www.youtube.com/watch?v=p-_4KBxDfQk","p-_4KBxDfQk","GAMETIME HIGHLIGHTS",546,52214,652,38.0
22500334,"Washington Wizards vs Boston Celtics FULLGAME Qtr Dec 04.2025 Highlights | NBA HIGHLIGHT","https://www.youtube.com/watch?v=1SCVUPT-DgY","1SCVUPT-DgY","Mây Trắng Review",766,1513,5,""
22500339,"Miami Heat vs Orlando Magic Full Game Highlights – December 5, 2025 | NBA Season","https://www.youtube.com/watch?v=IINCitk4qkc","IINCitk4qkc","GAMETIME HIGHLIGHTS",582,53649,538,41.0
22500339,"Orlando Magic vs Miami Heat Full Game Highlights | Dec 5 | 2026 NBA Season","https://www.youtube.com/watch?v=UCJuBeG2RuU","UCJuBeG2RuU","Hooper Highlights",595,1527,72,""
22500339,"Miami Heat vs Orlando Magic | Full Game Highlights | December 5 | 2025-26 NBA Season","https://www.youtube.com/watch?v=2sT0U266hwc","2sT0U266hwc","The CCB Network",622,4974,78,3.0
22500339,"Miami HEAT vs. Orlando Magic | HEAT Highlights | December 5, 2025","https://www.youtube.com/watch?v=nXXiEs3-XQU","nXXiEs3-XQU","Miami HEAT",162,1615,32,14.0
22500326,"San Antonio Spurs vs Orlando Magic Full Game Highlights - December 3, 2025 | NBA Season","https://www.youtube.com/watch?v=gRiP5-EwVcg","gRiP5-EwVcg","GAMETIME HIGHLIGHTS",575,123594,1323,106.0
22500326,"San Antonio Spurs vs Orlando Magic - FULL GAME HIGHLIGHTS | December 3, 2025 NBA Season","https://www.youtube.com/watch?v=jFs9nXq-fcs","jFs9nXq-fcs","Ximo Pierto",582,2543,65,8.0
22500346,"Houston Rockets vs Phoenix Suns Full Game Highlights – December 5, 2025 | NBA Season","https://www.youtube.com/watch?v=FBdt-4KiyBY","FBdt-4KiyBY","GAMETIME HIGHLIGHTS",574,164262,1382,90.0
22500346,"Houston Rockets vs Phoenix Suns Full Game Highlights | Dec 5 | 2026 NBA Season","https://www.youtube.com/watch?v=TMiyLBSDI5w","TMiyLBSDI5w","Hooper Highlights",592,2504,94,2.0
22500346,"Phoenix Suns vs Houston Rockets Full Game Highlights 4th Qtr | Dec 5 | 2025 NBA Highlights","https://www.youtube.com/watch?v=NUXvVIHQCDQ","NUXvVIHQCDQ","Lakers Dynasty Highlights",550,10998,53,2.0
22500346,"Phoenix Suns vs Houston Rockets Full Game Highlights 4th Qtr P2 | Dec 5 | 2025 NBA Highlights","https://www.youtube.com/watch?v=BZw3jkofMyY","BZw3jkofMyY","Lakers Dynasty Highlights",409,2943,14,2.0
22500329,"Brooklyn Nets vs Chicago Bulls Full Game Highlights - December 3, 2025 | NBA Season","https://www.youtube.com/watch?v=HcNqNSdLkCo","HcNqNSdLkCo","GAMETIME HIGHLIGHTS",581,22614,299,31.0
22500329,"Chicago Bulls vs. Brooklyn Nets (12/3/25) | Game Highlights | CHSN","https://www.youtube.com/watch?v=9ftykzJFkFA","9ftykzJFkFA","Chicago Sports Network",119,1195,11,6.0
22500352,"Golden State Warriors vs Cleveland Cavaliers Full Game Highlights – December 6, 2025 | NBA Season","https://www.youtube.com/watch?v=dJUOwOBAhKo","dJUOwOBAhKo","GAMETIME HIGHLIGHTS",575,253188,2006,219.0
22500352,"Golden State Warriors vs Cleveland Cavaliers Full Game Highlights | Dec 6, 2025 | FreeDawkins","https://www.youtube.com/watch?v=gvI_kyTWqNg","gvI_kyTWqNg","FreeDawkins",610,84969,2737,198.0
22500352,"Golden State Warriors vs Cleveland Cavaliers - FULL GAME HIGHLIGHTS | December 6, 2025 NBA Season","https://www.youtube.com/watch?v=6RGn_GjA2yY","6RGn_GjA2yY","Ximo Pierto",570,6938,126,10.0
22500352,"Golden State Warriors vs Cleveland Cavaliers Full Game Highlights – December 6, 2025 | NBA Season","https://www.youtube.com/watch?v=nDPfMME0fiw","nDPfMME0fiw","NBA Legends",582,1389,5,""
22500352,"Golden State Warriors vs Cavaliers Full Game Highlights 4th Qtr | Dec 6 | 2025 NBA Highlights","https://www.youtube.com/watch?v=KgqIaLJb3J8","KgqIaLJb3J8","Lakers Dynasty Highlights",542,88606,316,8.0
22500355,"Los Angeles Clippers vs Minnesota Timberwolves Full Game Highlights – December 6, 2025 | NBA Season","https://www.youtube.com/watch?v=ciFh7hAPjjE","ciFh7hAPjjE","GAMETIME HIGHLIGHTS",580,135465,1121,99.0
22500355,"Minnesota Timberwolves vs Los Angeles Clippers Full Game Highlights | Dec 6, 2025 | FreeDawkins","https://www.youtube.com/watch?v=d3y6QXiDrB0","d3y6QXiDrB0","FreeDawkins",604,11861,382,20.0
22500355,"Minnesota Timberwolves vs LA Clippers Full Game Highlights | Dec 6 | 2026 NBA Season","https://www.youtube.com/watch?v=k2lKDq56c1Q","k2lKDq56c1Q","Hooper Highlights",586,2169,81,2.0
22500355,"LA Clippers vs Minnesota Timberwolves Full Game Highlights 4th Qtr | Dec 6 | 2025 NBA Highlights","https://www.youtube.com/watch?v=2-AcTv8Q5x4","2-AcTv8Q5x4","Lakers Dynasty Highlights",530,22950,73,2.0
22500355,"LA Clippers vs Minnesota Timberwolves Full Game Highlights 4th Qtr P2 | Dec 6 | 2025 NBA Highlights","https://www.youtube.com/watch?v=8flWz3TJcBk","8flWz3TJcBk","Lakers Dynasty Highlights",287,11669,36,3.0
22500318,"Philadelphia 76ers vs Washington Wizards Full Game Highlights - December 2, 2025 | NBA Season","https://www.youtube.com/watch?v=GzBQ-3DVKLo","GzBQ-3DVKLo","GAMETIME HIGHLIGHTS",559,32076,388,9.0
22500318,"Philadelphia 76ers vs Washington Wizards Full Game Highlights | Dec 2 | 2026 NBA Season","https://www.youtube.com/watch?v=8OqWgpraFAQ","8OqWgpraFAQ","Hooper Highlights",598,1353,62,""
22500327,"Los Angeles Clippers vs Atlanta Hawks Full Game Highlights - December 3, 2025 | NBA Season","https://www.youtube.com/watch?v=9iDNrrjx1fM","9iDNrrjx1fM","GAMETIME HIGHLIGHTS",557,47799,461,34.0
22500327,"Los Angeles Clippers vs Atlanta Hawks - FULL GAME HIGHLIGHTS | December 3, 2025 NBA Season","https://www.youtube.com/watch?v=rd_sQ8wijuQ","rd_sQ8wijuQ","Ximo Pierto",546,1291,32,1.0
22500327,"Los Angeles Clippers vs Atlanta Hawks | Full Game Highlights | December 3 | 2025-26 NBA Season","https://www.youtube.com/watch?v=EyV9IDJFgVg","EyV9IDJFgVg","The CCB Network",591,3579,64,3.0
22501205,"Houston Rockets vs Los Angeles Clippers Full Game Highlights – December 11, 2025 | NBA Season","https://www.youtube.com/watch?v=oSVL_hSk0hI","oSVL_hSk0hI","GAMETIME HIGHLIGHTS",593,311086,2250,170
22501205,"Houston Rockets vs Los Angeles Clippers Full Game Highlights | Dec 11, 2025 | FreeDawkins","https://www.youtube.com/watch?v=4eLqWzWHZ14","4eLqWzWHZ14","FreeDawkins",657,34249,791,52
22501205,"Houston Rockets vs Los Angeles Clippers - FULL GAME HIGHLIGHTS | December 11, 2025 NBA Season","https://www.youtube.com/watch?v=zvU-yL2gEk8","zvU-yL2gEk8","Ximo Pierto",569,4805,100,3
22501205,"LA Clippers vs Houston Rockets Full Game Highlights 1st Qtr | Dec 11 | 2025 NBA Highlights","https://www.youtube.com/watch?v=xO1iHqW7qHc","xO1iHqW7qHc","Lakers Dynasty Highlights",491,26748,123,9
22501205,"LA Clippers vs Houston Rockets Full Game Highlights 2nd Qtr | Dec 11 | 2025 NBA Highlights","https://www.youtube.com/watch?v=X8wT0ccd-lc","X8wT0ccd-lc","Lakers Dynasty Highlights",542,24249,104,3
22501205,"LA Clippers vs Houston Rockets Full Game Highlights 4th Qtr | Dec 11 | 2025 NBA Highlights","https://www.youtube.com/watch?v=7RARov0vJdo","7RARov0vJdo","Lakers Dynasty Highlights",544,56227,183,13
22501205,"LA Clippers vs Houston Rockets Full Game Highlights 1st Qtr P2 | Dec 11 | 2025 NBA Highlights","https://www.youtube.com/watch?v=xnkuzRPXdWo","xnkuzRPXdWo","Lakers Dynasty Highlights",340,8441,46,1
22501205,"LA Clippers vs Houston Rockets Full Game Highlights 3rd Qtr | Dec 11 | 2025 NBA Highlights","https://www.youtube.com/watch?v=s-mqYYjxZNE","s-mqYYjxZNE","Lakers Dynasty Highlights",513,32304,109,3
22500323,"Golden State Warriors vs Oklahoma City Thunder Full Game Highlights - December 2, 2025 | NBA Season","https://www.youtube.com/watch?v=qn5aGL9AXp8","qn5aGL9AXp8","GAMETIME HIGHLIGHTS",562,426423,3574,376
22500323,"Golden State Warriors vs OKC Thunder Full Game Highlights | Dec 2, 2025 | FreeDawkins","https://www.youtube.com/watch?v=RrvX348PwI0","RrvX348PwI0","FreeDawkins",597,96198,2527,266
22500349,"Oklahoma City Thunder vs Dallas Mavericks Full Game Highlights – December 5, 2025 | NBA Season","https://www.youtube.com/watch?v=jxL9QfItSBg","jxL9QfItSBg","GAMETIME HIGHLIGHTS",566,203542,1788,270
22500349,"Dallas Mavericks vs Oklahoma City Thunder Full Game Highlights 4th Qtr | Dec 5 | 2025 NBA Highlights","https://www.youtube.com/watch?v=bUaJKLIHg2A","bUaJKLIHg2A","Lakers Dynasty Highlights",515,6451,30,1
22500349,"Dallas Mavericks vs Oklahoma City Thunder Full Game Highlights | Dec 5 | 2026 NBA Season","https://www.youtube.com/watch?v=Twfnn1rDWaA","Twfnn1rDWaA","Hooper Highlights",595,3491,111,4
22500349,"Dallas Mavericks vs Oklahoma City Thunder Full Game Highlights 4th Qtr P2| Dec 5|2025 NBA Highlights","https://www.youtube.com/watch?v=m98kn9ZI9aA","m98kn9ZI9aA","Lakers Dynasty Highlights",340,3625,16,1
22500322,"San Antonio Spurs vs Memphis Grizzlies Full Game Highlights - December 2, 2025 | NBA Season","https://www.youtube.com/watch?v=e18qfL-wPi0","e18qfL-wPi0","GAMETIME HIGHLIGHTS",542,133661,1332,76
22500322,"San Antonio Spurs vs Memphis Grizzlies Full Game Highlights | Dec 2, 2025 | FreeDawkins","https://www.youtube.com/watch?v=jJuBU45dpx4","jJuBU45dpx4","FreeDawkins",575,5810,189,6
22500312,"Charlotte Hornets vs Brooklyn Nets Full Game Highlights - December 1, 2025 | NBA Season","https://www.youtube.com/watch?v=msgdnkDA0CE","msgdnkDA0CE","GAMETIME HIGHLIGHTS",570,29305,373,22
22500316,"Houston Rockets vs Utah Jazz Full Game Highlights - December 1, 2025 | NBA Season","https://www.youtube.com/watch?v=fUWTdViaU6k","fUWTdViaU6k","GAMETIME HIGHLIGHTS",584,114761,974,124
22500316,"Houston Rockets vs Utah Jazz - FULL GAME HIGHLIGHTS | December 1, 2025 NBA Season","https://www.youtube.com/watch?v=KSb6jmu8jPM","KSb6jmu8jPM","Ximo Pierto",581,2534,69,1
22500325,"Denver Nuggets vs Indiana Pacers Full Game Highlights - December 3, 2025 | NBA Season","https://www.youtube.com/watch?v=lQ9jqPGnKZ0","lQ9jqPGnKZ0","GAMETIME HIGHLIGHTS",574,112603,953,73.0
22500325,"Denver Nuggets vs Indiana Pacers Full Game Highlights | Dec 3, 2025 | FreeDawkins","https://www.youtube.com/watch?v=d5qJhaFh0Gw","d5qJhaFh0Gw","FreeDawkins",598,11897,331,21.0
22500325,"Denver Nuggets vs Indiana Pacers - FULL GAME HIGHLIGHTS | December 3, 2025 NBA Season","https://www.youtube.com/watch?v=F8z2wHH_eo4","F8z2wHH_eo4","Ximo Pierto",550,1947,59,1.0
22500330,"Houston Rockets vs Sacramento Kings Full Game Highlights - December 3, 2025 | NBA Season","https://www.youtube.com/watch?v=Utgyw_5NCL0","Utgyw_5NCL0","GAMETIME HIGHLIGHTS",576,280442,1864,158.0
22500330,"Houston Rockets vs Sacramento Kings Full Game Highlights | Dec 3, 2025 | FreeDawkins","https://www.youtube.com/watch?v=MiizB72QgSA","MiizB72QgSA","FreeDawkins",588,19131,429,24.0
22500330,"Houston Rockets vs Sacramento Kings - FULL GAME HIGHLIGHTS | December 3, 2025 NBA Season","https://www.youtube.com/watch?v=geR5fbfzOvs","geR5fbfzOvs","Ximo Pierto",563,4061,88,4.0
22500342,"Detroit Pistons vs Portland Trail Blazers Full Game Highlights – December 5, 2025 | NBA Season","https://www.youtube.com/watch?v=3a6eH0lR46E","3a6eH0lR46E","GAMETIME HIGHLIGHTS",581,53581,583,36.0
22500342,"Detroit Pistons vs Portland Trail Blazers Full Game Highlights | Dec 5 | 2026 NBA Season","https://www.youtube.com/watch?v=-uevK-n49Qg","-uevK-n49Qg","Hooper Highlights",595,1752,79,""
22500342,"Deni Avdija vs Pistons 35 pts 9 reb 7 ast | Dec 05, 2025 | Regular Season","https://www.youtube.com/watch?v=I_VeLbhPMMM","I_VeLbhPMMM","DV highlights",176,3017,44,5.0
22500342,"Detroit Pistons vs Portland Trail Blazers | Full Game Highlights | December 5 | 2025-26 NBA Season","https://www.youtube.com/watch?v=B7XUQwMwhfw","B7XUQwMwhfw","The CCB Network",621,3343,71,5.0
22500332,"Dallas Mavericks vs Miami Heat Full Game Highlights - December 3, 2025 | NBA Season","https://www.youtube.com/watch?v=y8G4FRT2hD8","y8G4FRT2hD8","GAMETIME HIGHLIGHTS",580,192462,1440,159.0
22500332,"Dallas Mavericks vs Miami Heat Full Game Highlights | Dec 3, 2025 | FreeDawkins","https://www.youtube.com/watch?v=-0NZbvJUyqU","-0NZbvJUyqU","FreeDawkins",608,27843,714,43.0
22500332,"Dallas Mavericks vs Miami Heat - FULL GAME HIGHLIGHTS | December 3, 2025 NBA Season","https://www.youtube.com/watch?v=lHDZMoUnADo","lHDZMoUnADo","Ximo Pierto",559,4407,91,5.0
22500304,"Philadelphia 76ers vs Atlanta Hawks Full Game Highlights - November 30, 2025 | NBA Season","https://www.youtube.com/watch?v=kuC18lKYrvQ","kuC18lKYrvQ","GAMETIME HIGHLIGHTS",580,69797,752,64.0
22500331,"Milwaukee Bucks vs Detroit Pistons Full Game Highlights - December 3, 2025 | NBA Season","https://www.youtube.com/watch?v=a6SmlWvbO7U","a6SmlWvbO7U","GAMETIME HIGHLIGHTS",570,100576,1093,134.0
22500331,"Detroit Pistons vs Milwaukee Bucks Full Game Highlights 4th Qtr | Dec 3 | 2025 NBA Highlights","https://www.youtube.com/watch?v=vXzzds4FYsE","vXzzds4FYsE","Lakers Dynasty Highlights",566,90709,244,4.0
22500331,"Milwaukee Bucks vs Detroit Pistons FULLGAME Qtr Dec 03.2025 Highlights | NBA HIGHLIGHT","https://www.youtube.com/watch?v=cUor4DnLrrI","cUor4DnLrrI","Mây Trắng Review",770,1329,7,""
22500328,"New York Knicks vs Charlotte Hornets Full Game Highlights - December 3, 2025 | NBA Season","https://www.youtube.com/watch?v=AEWZj2z1p9M","AEWZj2z1p9M","GAMETIME HIGHLIGHTS",582,61124,616,30.0
22500328,"New York Knicks vs Charlotte Hornets - FULL GAME HIGHLIGHTS | December 3, 2025 NBA Season","https://www.youtube.com/watch?v=UEgj5ZC_h6s","UEgj5ZC_h6s","Ximo Pierto",566,1433,33,2.0
22500328,"New York Knicks vs Charlotte Hornets | Full Game Highlights | December 3 | 2025-26 NBA Season","https://www.youtube.com/watch?v=IeEh3bWuxiM","IeEh3bWuxiM","The CCB Network",622,4047,61,3.0
22500344,"Toronto Raptors vs Charlotte Hornets Full Game Highlights – December 5, 2025 | NBA Season","https://www.youtube.com/watch?v=JlDmbpBuATw","JlDmbpBuATw","GAMETIME HIGHLIGHTS",582,28673,296,31.0
22500344,"Toronto Raptors vs Charlotte Hornets - Full Team Highlights | Dec 5, 2025","https://www.youtube.com/watch?v=KmrC8eM7Vuw","KmrC8eM7Vuw","Raptors Nation",445,2988,36,17.0
22500344,"Charlotte Hornets vs Toronto Raptors Full Game Highlights | Dec 5 | 2026 NBA Season","https://www.youtube.com/watch?v=TkK1eiGd_PM","TkK1eiGd_PM","Hooper Highlights",595,1063,47,""
22500344,"Toronto Raptors vs Charlotte Hornets - First Half Team Highlights | Dec 5, 2025","https://www.youtube.com/watch?v=2cjLWnbQ2VY","2cjLWnbQ2VY","Raptors Nation",191,2258,17,5.0
22500344,"Toronto Raptors vs Charlotte Hornets | Full Game Highlights | December 5 | 2025-26 NBA Season","https://www.youtube.com/watch?v=cf_0dpFbOy4","cf_0dpFbOy4","The CCB Network",622,2259,48,1.0
22500310,"Cleveland Cavaliers vs Indiana Pacers Full Game Highlights - December 1, 2025 | NBA Season","https://www.youtube.com/watch?v=zqKRXlDLuqs","zqKRXlDLuqs","GAMETIME HIGHLIGHTS",581,24522,278,6.0
22500310,"Cleveland Cavaliers vs Indiana Pacers - FULL GAME HIGHLIGHTS | December 1, 2025 NBA Season","https://www.youtube.com/watch?v=MVObsU9hmw4","MVObsU9hmw4","Ximo Pierto",551,1044,37,""
22500321,"Minnesota Timberwolves vs New Orleans Pelicans Full Game Highlights - December 2, 2025 | NBA Season","https://www.youtube.com/watch?v=B55SBSANlvY","B55SBSANlvY","GAMETIME HIGHLIGHTS",582,66262,774,41.0
22500321,"Minnesota Timberwolves vs New Orleans Pelicans Full Game Highlights | Dec 2, 2025 | FreeDawkins","https://www.youtube.com/watch?v=DBSQVN-ZINo","DBSQVN-ZINo","FreeDawkins",708,7340,246,6.0
22500321,"Minnesota Timberwolves vs New Orleans Pelicans Full Game Highlights | Dec 2 | 2026 NBA Season","https://www.youtube.com/watch?v=GAm4ZwdFgIs","GAm4ZwdFgIs","Hooper Highlights",598,1522,74,""
22500307,"Memphis Grizzlies vs Sacramento Kings Full Game Highlights - November 30, 2025 | NBA Season","https://www.youtube.com/watch?v=sqd7rFq61og","sqd7rFq61og","GAMETIME HIGHLIGHTS",578,35617,417,57.0
22500307,"Memphis Grizzlies vs Sacramento Kings Full Game Highlights | Nov 30 | 2026 NBA Season","https://www.youtube.com/watch?v=7_k7fBkYHnM","7_k7fBkYHnM","Hooper Highlights",596,1574,54,""
22500313,"Los Angeles Clippers vs Miami Heat Full Game Highlights - December 1, 2025 | NBA Season","https://www.youtube.com/watch?v=y3qEdaEQeVU","y3qEdaEQeVU","GAMETIME HIGHLIGHTS",563,82143,720,72.0
22500313,"Los Angeles Clippers vs Miami Heat - FULL GAME HIGHLIGHTS | December 1, 2025 NBA Season","https://www.youtube.com/watch?v=yCP5lavFcMg","yCP5lavFcMg","Ximo Pierto",566,2430,52,6.0
22500313,"Los Angeles Clippers vs Miami Heat Game 1st Highlights - December 01, 2025 | NBA Season","https://www.youtube.com/watch?v=JpKU6iJOtCI","JpKU6iJOtCI","Hùng Gà",488,1604,3,1.0
22500311,"Milwaukee Bucks vs Washington Wizards Full Game Highlights - December 1, 2025 | NBA Season","https://www.youtube.com/watch?v=uVyVKr8l_FM","uVyVKr8l_FM","GAMETIME HIGHLIGHTS",566,47829,497,84.0
22500311,"Milwaukee Bucks vs Washington Wizards Full Game Highlights | Dec 1 | 2026 NBA Season","https://www.youtube.com/watch?v=Z87voDSG4b8","Z87voDSG4b8","Hooper Highlights",593,1358,58,""
22500311,"Milwaukee Bucks vs Washington Wizards | Full Game Highlights | December 1 | 2025-26 NBA Season","https://www.youtube.com/watch?v=xDzVqBPqv3U","xDzVqBPqv3U","The CCB Network",616,4127,71,2.0
22500077,"Sacramento Kings vs Utah Jazz Full Game Highlights - November 28, 2025 | NBA Season","https://www.youtube.com/watch?v=uEZixrRJAKs","uEZixrRJAKs","GAMETIME HIGHLIGHTS",582,52912,432,42.0
22500336,"Los Angeles Lakers vs Toronto Raptors Full Game Highlights – December 4, 2025 | NBA Season","https://www.youtube.com/watch?v=k0Pa-1Z9fo8","k0Pa-1Z9fo8","GAMETIME HIGHLIGHTS",584,576857,5794,705.0
22500336,"Los Angeles Lakers vs Toronto Raptors Full Game Highlights | Dec 4, 2025 | FreeDawkins","https://www.youtube.com/watch?v=Si4TFhHtIK4","Si4TFhHtIK4","FreeDawkins",590,68741,2297,224.0
22500336,"Toronto Raptors vs Los Angeles Lakers - Full Team Highlights | Dec 4, 2025","https://www.youtube.com/watch?v=qVK8NXIH6_0","qVK8NXIH6_0","Raptors Nation",584,7600,84,25.0
22500336,"Los Angeles Lakers vs Toronto Raptors - FULL GAME HIGHLIGHTS | December 4, 2025 NBA Season","https://www.youtube.com/watch?v=q5lYv4uyJWg","q5lYv4uyJWg","Ximo Pierto",566,9952,227,26.0
22500336,"Los Angeles Lakers vs Toronto Raptors Full Game Highlights 4th Qtr | Dec 4 | 2025 NBA Highlights","https://www.youtube.com/watch?v=hAMMO9bU3CA","hAMMO9bU3CA","Lakers Dynasty Highlights",558,118075,509,43.0
22500305,"Oklahoma City Thunder vs Portland Trail Blazers Full Game Highlights - November 30 2025 | NBA Season","https://www.youtube.com/watch?v=Fm22Serhrtk","Fm22Serhrtk","GAMETIME HIGHLIGHTS",579,109817,1099,130
22500305,"Oklahoma City Thunder vs Portland Trail Blazers - FULL GAME HIGHLIGHTS | Nov 30, 2025 NBA Season","https://www.youtube.com/watch?v=EBVzXXWY_BE","EBVzXXWY_BE","Ximo Pierto",583,3230,78,2
22500315,"Denver Nuggets vs Dallas Mavericks Full Game Highlights - December 1, 2025 | NBA Season","https://www.youtube.com/watch?v=_Op4ikvSVY8","_Op4ikvSVY8","GAMETIME HIGHLIGHTS",577,294569,2369,449
22500315,"Denver Nuggets vs Dallas Mavericks - FULL GAME HIGHLIGHTS | December 1, 2025 NBA Season","https://www.youtube.com/watch?v=baMeCOXduyA","baMeCOXduyA","Ximo Pierto",573,4212,83,4
22500315,"Denver Nuggets vs Dallas Mavericks Full Game Highlights | Dec 1, 2025 | FreeDawkins","https://www.youtube.com/watch?v=MztRxharTeg","MztRxharTeg","FreeDawkins",616,37481,982,87
22500333,"Golden State Warriors vs Philadelphia 76ers Full Game Highlights – December 4, 2025 | NBA Season","https://www.youtube.com/watch?v=PsZqsSlo14g","PsZqsSlo14g","GAMETIME HIGHLIGHTS",577,277319,2250,214
22500333,"Golden State Warriors vs Philadelphia 76ers Full Game Highlights | Dec 4, 2025 | FreeDawkins","https://www.youtube.com/watch?v=cPEnrjcSh8M","cPEnrjcSh8M","FreeDawkins",624,52270,1385,177
22500333,"Golden State Warriors vs Philadelphia 76ers - FULL GAME HIGHLIGHTS | December 4, 2025 NBA Season","https://www.youtube.com/watch?v=towTztfgUK0","towTztfgUK0","Ximo Pierto",581,4621,80,8
22500333,"Golden State Warriors vs 76ers Full Game Highlights 4th Qtr P2 | Dec 4 | 2025 NBA Highlights","https://www.youtube.com/watch?v=q5PT5rs6_wk","q5PT5rs6_wk","Lakers Dynasty Highlights",416,64506,239,28
22500333,"Golden State Warriors vs 76ers Full Game Highlights 4th Qtr | Dec 4 | 2025 NBA Highlights","https://www.youtube.com/watch?v=KZTHsUkhje4","KZTHsUkhje4","Lakers Dynasty Highlights",557,35144,134,7
22500309,"Detroit Pistons vs Atlanta Hawks Full Game Highlights - December 1, 2025 | NBA Season","https://www.youtube.com/watch?v=ehNWKV1racs","ehNWKV1racs","GAMETIME HIGHLIGHTS",564,67788,662,51
22500309,"Detroit Pistons vs Atlanta Hawks Full Game Highlights – December 12, 2025 | NBA Season","https://www.youtube.com/watch?v=VOGBICUH-N8","VOGBICUH-N8","GAMETIME HIGHLIGHTS",578,60737,601,33
22500309,"Atlanta Hawks vs Detroit Pistons Full Game Highlights | Dec 1 | 2026 NBA Season","https://www.youtube.com/watch?v=DPmADo0MG20","DPmADo0MG20","Hooper Highlights",596,1736,71,2
22500319,"Toronto Raptors vs Portland Trail Blazers Full Game Highlights - December 2, 2025 | NBA Season","https://www.youtube.com/watch?v=umcDCgINi_o","umcDCgINi_o","GAMETIME HIGHLIGHTS",567,41316,433,21
22500319,"Toronto Raptors vs Portland Trail Blazers - Full Team Highlights | Dec 2, 2025","https://www.youtube.com/watch?v=KH9Dxyrc7Sc","KH9Dxyrc7Sc","Raptors Nation",583,20643,258,23
22500319,"Toronto Raptors vs Portland Trail Blazers Full Game Highlights | Dec 2 | 2026 NBA Season","https://www.youtube.com/watch?v=7DuotdnzEms","7DuotdnzEms","Hooper Highlights",596,1373,52,4
22500319,"Toronto Raptors vs Portland Trail Blazers - First Half Team Highlights | Dec 2, 2025","https://www.youtube.com/watch?v=p5sif2Rxo38","p5sif2Rxo38","Raptors Nation",306,3354,23,5
22500299,"Denver Nuggets vs Phoenix Suns - FULL GAME HIGHLIGHTS | November 29, 2025 NBA Season","https://www.youtube.com/watch?v=G0kWx80IkyU","G0kWx80IkyU","Ximo Pierto",575,3270,62,2
22500299,"Denver Nuggets vs Phoenix Suns Full Game Highlights | Nov 29, 2025 | FreeDawkins","https://www.youtube.com/watch?v=A9TlUIfeCRU","A9TlUIfeCRU","FreeDawkins",595,16550,404,32
22500314,"Chicago Bulls vs Orlando Magic Full Game Highlights - December 1, 2025 | NBA Season","https://www.youtube.com/watch?v=qAE6oWendZ0","qAE6oWendZ0","GAMETIME HIGHLIGHTS",577,39582,510,33.0
22500314,"Chicago Bulls vs Orlando Magic - FULL GAME HIGHLIGHTS | December 1, 2025 NBA Season","https://www.youtube.com/watch?v=-0Mud9hHZy0","-0Mud9hHZy0","Ximo Pierto",579,1216,47,1.0
22500314,"Orlando Magic vs Chicago Bulls 2nd Qtr Dec 01. 2025 Highlights | NBA highlight","https://www.youtube.com/watch?v=OonqNkwTsPk","OonqNkwTsPk","Mây Trắng Review",646,1451,9,1.0
22500314,"Orlando Magic vs Chicago Bulls 1st Qtr Dec 01. 2025 Highlights | NBA highlight","https://www.youtube.com/watch?v=tmntqEXOby8","tmntqEXOby8","Mây Trắng Review",594,1479,4,""
22500297,"Milwaukee Bucks vs Brooklyn Nets Full Game Highlights - November 29, 2025 | NBA Season","https://www.youtube.com/watch?v=6wvp5W_wkRs","6wvp5W_wkRs","GAMETIME HIGHLIGHTS",555,59407,636,45.0
22500297,"Milwaukee Bucks vs Brooklyn Nets Full Game Highlights | Nov 29 | 2026 NBA Season","https://www.youtube.com/watch?v=F79Ug_V9Pfg","F79Ug_V9Pfg","Hooper Highlights",577,1487,58,1.0
22500295,"Chicago Bulls vs Indiana Pacers Full Game Highlights - November 29, 2025 | NBA Season","https://www.youtube.com/watch?v=woDoNhE_MBs","woDoNhE_MBs","GAMETIME HIGHLIGHTS",580,29739,339,23.0
22500295,"Chicago Bulls vs Indiana Pacers - FULL GAME HIGHLIGHTS | November 29, 2025 NBA Season","https://www.youtube.com/watch?v=w8DlIfeEiZo","w8DlIfeEiZo","Ximo Pierto",573,1326,36,1.0
22500071,"Chicago Bulls vs Charlotte Hornets Full Game Highlights - November 28, 2025 | NBA Season","https://www.youtube.com/watch?v=X_4QIFwaEak","X_4QIFwaEak","GAMETIME HIGHLIGHTS",553,32143,443,26.0
22500071,"Charlotte Hornets vs Chicago Bulls Full Game Highlights | Nov 28 | 2026 NBA Season","https://www.youtube.com/watch?v=Vd03uI2mGGE","Vd03uI2mGGE","Hooper Highlights",587,1207,56,""
22500079,"Los Angeles Clippers vs Memphis Grizzlies Full Game Highlights - November 28, 2025 | NBA Season","https://www.youtube.com/watch?v=MoEBOB91Pm8","MoEBOB91Pm8","GAMETIME HIGHLIGHTS",577,81126,646,70.0
22500079,"LA Clippers vs Memphis Grizzlies Full Game Highlights | Nov 28 | 2026 NBA Season","https://www.youtube.com/watch?v=LVqFp0VXxD4","LVqFp0VXxD4","Hooper Highlights",591,1869,75,1.0
22500076,"Denver Nuggets vs San Antonio Spurs Full Game Highlights - November 28, 2025 | NBA Season","https://www.youtube.com/watch?v=M4f-tgG-eeE","M4f-tgG-eeE","GAMETIME HIGHLIGHTS",582,301874,2233,312.0
22500076,"Denver Nuggets vs San Antonio Spurs Full Game Highlights | Nov 28, 2025 | FreeDawkins","https://www.youtube.com/watch?v=9gFAumpiZf0","9gFAumpiZf0","FreeDawkins",613,29746,776,76.0
22500073,"Indiana Pacers vs Washington Wizards Full Game Highlights - November 28, 2025 | NBA Season","https://www.youtube.com/watch?v=b-5P8Vw-8Bc","b-5P8Vw-8Bc","GAMETIME HIGHLIGHTS",581,10422,193,6.0
22500317,"Los Angeles Lakers vs Phoenix Suns Full Game Highlights - December 1, 2025 | NBA Season","https://www.youtube.com/watch?v=GTj1t7nG0wI","GTj1t7nG0wI","GAMETIME HIGHLIGHTS",570,447120,3341,763.0
22500317,"Los Angeles Lakers vs Phoenix Suns - FULL GAME HIGHLIGHTS | December 1, 2025 NBA Season","https://www.youtube.com/watch?v=2-NVL0OT74M","2-NVL0OT74M","Ximo Pierto",580,3902,78,7.0
22500317,"Los Angeles Lakers vs Phoenix Suns Full Game Highlights | Dec 1, 2025 | FreeDawkins","https://www.youtube.com/watch?v=tR2bhJIqghc","tR2bhJIqghc","FreeDawkins",598,75752,1651,248.0
22500317,"Los Angeles Lakers vs Phoenix Suns Full Game Highlights – December 14, 2025 | NBA Season","https://www.youtube.com/watch?v=dJxAf6t8iAQ","dJxAf6t8iAQ","GAMETIME HIGHLIGHTS",576,623520,5224,732.0
22500317,"Los Angeles Lakers vs Phoenix Suns Full Game Highlights 1st Qtr | Dec 14 | 2025 NBA Highlights","https://www.youtube.com/watch?v=nibVOdTHtOM","nibVOdTHtOM","Lakers Dynasty Highlights",551,125959,598,53.0
22500306,"San Antonio Spurs vs Minnesota Timberwolves Full Game Highlights - November 30, 2025 | NBA Season","https://www.youtube.com/watch?v=XIM7SdD0D6I","XIM7SdD0D6I","GAMETIME HIGHLIGHTS",578,118870,1148,60.0
22500306,"Minnesota Timberwolves vs San Antonio Spurs Full Game Highlights | Nov 30, 2025 | FreeDawkins","https://www.youtube.com/watch?v=eXFO8Z4BUDs","eXFO8Z4BUDs","FreeDawkins",599,16415,469,25.0
22500306,"San Antonio Spurs vs Minnesota Timberwolves - FULL GAME HIGHLIGHTS | November 30, 2025 NBA Season","https://www.youtube.com/watch?v=6aVdeW4XoUw","6aVdeW4XoUw","Ximo Pierto",573,2551,54,""
22500301,"Houston Rockets vs Utah Jazz Full Game Highlights - November 30, 2025 | NBA Season","https://www.youtube.com/watch?v=yvqNuVhGsCI","yvqNuVhGsCI","GAMETIME HIGHLIGHTS",566,130058,1104,99.0
22500301,"Houston Rockets vs Utah Jazz - FULL GAME HIGHLIGHTS | November 30, 2025 NBA Season","https://www.youtube.com/watch?v=NkUvvSvjkcE","NkUvvSvjkcE","Ximo Pierto",558,3797,83,5.0
22500301,"Houston Rockets vs Utah Jazz Full Game Highlights | Nov 30 | 2026 NBA Season","https://www.youtube.com/watch?v=J5NTRhxeaoA","J5NTRhxeaoA","Hooper Highlights",598,1615,66,""
22500320,"New York Knicks vs Boston Celtics Full Game Highlights - December 2, 2025 | NBA Season","https://www.youtube.com/watch?v=7gBTlP8g5Po","7gBTlP8g5Po","GAMETIME HIGHLIGHTS",572,125939,1164,87.0
22500320,"New York Knicks vs Boston Celtics Full Game Highlights | Dec 2, 2025 | FreeDawkins","https://www.youtube.com/watch?v=Ybd8y3p16V4","Ybd8y3p16V4","FreeDawkins",654,16933,494,20.0
22500320,"New York Knicks vs Boston Celtics - FULL GAME HIGHLIGHTS | December 2, 2025 NBA Season","https://www.youtube.com/watch?v=9-tCWhc2Bm0","9-tCWhc2Bm0","Ximo Pierto",573,3182,53,4.0
22500320,"Boston Celtics vs New York Knicks Full Game Highlights 4th Qtr P2 | Dec 2 | 2025 NBA Highlights","https://www.youtube.com/watch?v=WKWNHmjIzjs","WKWNHmjIzjs","Lakers Dynasty Highlights",460,60954,144,3.0
22500320,"Boston Celtics VS New York Knicks Game 1ST Highlights - Dec 02 ,2025 | NBA Season","https://www.youtube.com/watch?v=Jkrhlxidx9c","Jkrhlxidx9c","Highlights Today",591,1197,6,""
22500075,"Oklahoma City Thunder vs Phoenix Suns Full Game Highlights - November 28, 2025 | NBA Season","https://www.youtube.com/watch?v=XOqeBPnCWKE","XOqeBPnCWKE","GAMETIME HIGHLIGHTS",577,190065,1629,193.0
22500075,"Oklahoma City Thunder vs Phoenix Suns Full Game Highlights | Nov 28 | 2026 NBA Season","https://www.youtube.com/watch?v=KcPHCHnUtSM","KcPHCHnUtSM","Hooper Highlights",592,2637,92,1.0
22500302,"Cleveland Cavaliers vs Boston Celtics Full Game Highlights - November 30, 2025 | NBA Season","https://www.youtube.com/watch?v=emSvEm5PfiE","emSvEm5PfiE","GAMETIME HIGHLIGHTS",584,98821,1048,58
22500302,"Boston Celtics vs Cleveland Cavaliers - FULL GAME HIGHLIGHTS | November 30, 2025 NBA Season","https://www.youtube.com/watch?v=Jm1eSSwHpwY","Jm1eSSwHpwY","Ximo Pierto",582,2207,59,2
22500302,"Cleveland Cavaliers vs Boston Celtics FULLGAME Qtr Nov 30.2025 Highlights | NBA hightlight","https://www.youtube.com/watch?v=VcklshU40xA","VcklshU40xA","Mây Trắng Review",710,1768,6,1
22500300,"Los Angeles Clippers vs Dallas Mavericks Full Game Highlights - November 29, 2025 | NBA Season","https://www.youtube.com/watch?v=QD6uHj_xYvs","QD6uHj_xYvs","GAMETIME HIGHLIGHTS",591,248299,1895,257
22500300,"Cooper Flagg Dropped 35 PTS in Win | Dallas Mavericks Team Highlights vs Clippers (11/29/2025)","https://www.youtube.com/watch?v=cpq025UvP5s","cpq025UvP5s","PandaHank41",586,32830,432,84
22500300,"FlightReacts To MAVERICKS at CLIPPERS | FULL GAME HIGHLIGHTS | November 29, 2025","https://www.youtube.com/watch?v=2zdCH1Y2gzA","2zdCH1Y2gzA","nonmaliceowl",814,14924,505,12
22500296,"Detroit Pistons vs Miami Heat Full Game Highlights - November 29, 2025 | NBA Season","https://www.youtube.com/watch?v=RvLYo_rOcog","RvLYo_rOcog","GAMETIME HIGHLIGHTS",549,69762,739,40
22500296,"Detroit Pistons vs Miami Heat Full Game Highlights | Nov 29, 2025 | FreeDawkins","https://www.youtube.com/watch?v=wRM-GiuxUVA","wRM-GiuxUVA","FreeDawkins",643,8350,271,7
22500296,"Andrew Wiggins Game-High 31 PTS | HEAT vs. Pistons | HEAT Highlights | November 29, 2025","https://www.youtube.com/watch?v=IB0SdI7GQXc","IB0SdI7GQXc","Miami HEAT",154,5668,94,18
22500072,"Detroit Pistons vs Orlando Magic Full Game Highlights - November 28, 2025 | NBA Season","https://www.youtube.com/watch?v=DGx4tEQcQ6M","DGx4tEQcQ6M","GAMETIME HIGHLIGHTS",582,68733,702,83.0
22500072,"Detroit Pistons vs Orlando Magic Full Game Highlights | Nov 28 | 2026 NBA Season","https://www.youtube.com/watch?v=78LjCTelRkw","78LjCTelRkw","Hooper Highlights",598,1829,69,7.0
22500298,"Golden State Warriors vs New Orleans Pelicans Full Game Highlights - November 29, 2025 | NBA Season","https://www.youtube.com/watch?v=x2ORaM44yf4","x2ORaM44yf4","GAMETIME HIGHLIGHTS",559,348572,2944,203.0
22500298,"Golden State Warriors vs New Orleans Pelicans Full Game Highlights | Nov 29, 2025 | FreeDawkins","https://www.youtube.com/watch?v=hS1nnq7OCY8","hS1nnq7OCY8","FreeDawkins",576,83585,2606,117.0
22500298,"Golden State Warriors vs New Orleans Pelicans  - FULL GAME HIGHLIGHTS | November 29, 2025 NBA Season","https://www.youtube.com/watch?v=4JlokNJl01c","4JlokNJl01c","Ximo Pierto",573,6811,88,5.0
22500298,"Golden State Warriors vs New Orleans Pelicans FULLGAME Qtr Nov 29.2025 Highlights | NBA hightlight","https://www.youtube.com/watch?v=na6WXzZzrng","na6WXzZzrng","Mây Trắng Review",819,2109,11,""
22500308,"Los Angeles Lakers vs New Orleans Pelicans Full Game Highlights - November 30, 2025 | NBA Season","https://www.youtube.com/watch?v=eF9_CJP0TXA","eF9_CJP0TXA","GAMETIME HIGHLIGHTS",575,503311,4321,260.0
22500308,"Los Angeles Lakers vs New Orleans Pelicans Full Game Highlights | Nov 30, 2025 | FreeDawkins","https://www.youtube.com/watch?v=GuuMYZit7FI","GuuMYZit7FI","FreeDawkins",597,83347,2446,93.0
22500308,"Los Angeles Lakers vs New Orleans Pelicans - FULL GAME HIGHLIGHTS | November 30, 2025 NBA Season","https://www.youtube.com/watch?v=qYFr7nIDXxA","qYFr7nIDXxA","Ximo Pierto",576,10830,170,13.0
22500308,"Los Angeles Lakers VS New Orleans Pelicans Game 1ST Highlights - Nov 30 ,2025 | NBA Season","https://www.youtube.com/watch?v=bguUju3peIk","bguUju3peIk","Highlights Today",607,2460,17,""
22500288,"Milwaukee Bucks vs Portland Trail Blazers Full Game Highlights - November 24, 2025 | NBA Season","https://www.youtube.com/watch?v=iYFnOGH3PIc","iYFnOGH3PIc","GAMETIME HIGHLIGHTS",550,43247,446,56
22500074,"New York Knicks vs Milwaukee Bucks Full Game Highlights - November 28, 2025 | NBA Season","https://www.youtube.com/watch?v=SofSDURewu4","SofSDURewu4","GAMETIME HIGHLIGHTS",551,101285,962,50
22500074,"New York Knicks vs Milwaukee Bucks FULLGAME Qtr Nov 28.2025 Highlights | NBA hightlight","https://www.youtube.com/watch?v=sRn6OPTnlKI","sRn6OPTnlKI","Mây Trắng Review",851,2778,15,2
22500074,"New York Knicks vs Milwaukee Bucks Full Game Highlights | Nov 28 | 2026 NBA Season","https://www.youtube.com/watch?v=G4ReDK1eNIg","G4ReDK1eNIg","Hooper Highlights",598,2235,84,1
22500068,"Phoenix Suns vs Sacramento Kings Full Game Highlights - November 26, 2025 | NBA Season","https://www.youtube.com/watch?v=yYnIhEfJTmo","yYnIhEfJTmo","GAMETIME HIGHLIGHTS",585,48165,506,41
22500068,"Phoenix Suns vs Sacramento Kings Full Game Highlights | Nov 26 | 2026 NBA Season","https://www.youtube.com/watch?v=hjLlLRKLnXI","hjLlLRKLnXI","Hooper Highlights",595,1924,83,1
22500294,"Toronto Raptors vs Charlotte Hornets Full Game Highlights - November 29, 2025 | NBA Season","https://www.youtube.com/watch?v=MoM6jxpq9DA","MoM6jxpq9DA","GAMETIME HIGHLIGHTS",569,55608,635,31
22500294,"Toronto Raptors vs Charlotte Hornets - FULL GAME HIGHLIGHTS | November 29, 2025 NBA Season","https://www.youtube.com/watch?v=D_XenmfukKU","D_XenmfukKU","Ximo Pierto",582,1323,40,1
22500294,"Charlotte Hornets vs Toronto Raptors Full Game Highlights | Nov 29 | 2026 NBA Season","https://www.youtube.com/watch?v=prkXRq-uP68","prkXRq-uP68","Hooper Highlights",594,1251,45,1
22500294,"Toronto Raptors vs Charlotte Hornets - Full Team Highlights | Nov 29, 2025","https://www.youtube.com/watch?v=YHm_gnC5H4U","YHm_gnC5H4U","Raptors Nation",582,6533,67,33
22500285,"New York Knicks vs Brooklyn Nets Full Game Highlights - November 24, 2025 | NBA Season","https://www.youtube.com/watch?v=9lu6mp8ryC8","9lu6mp8ryC8","GAMETIME HIGHLIGHTS",565,44488,530,17
22500067,"San Antonio Spurs vs Portland Trail Blazers Full Game Highlights - November 26, 2025 | NBA Season","https://www.youtube.com/watch?v=A5oiksCY-UY","A5oiksCY-UY","GAMETIME HIGHLIGHTS",557,127619,1371,133
22500067,"San Antonio Spurs vs Portland Trail Blazers Full Game Highlights | Nov 26 | 2026 NBA Season","https://www.youtube.com/watch?v=kRrNd4hXFus","kRrNd4hXFus","Hooper Highlights",596,2670,87,3
22500276,"Atlanta Hawks vs Charlotte Hornets Full Game Highlights - November 23, 2025 | NBA Season","https://www.youtube.com/watch?v=XQcbt-E4epM","XQcbt-E4epM","GAMETIME HIGHLIGHTS",571,26271,353,31
22500070,"Philadelphia 76ers vs Brooklyn Nets Full Game Highlights - November 28, 2025 | NBA Season","https://www.youtube.com/watch?v=qux9ocA83Gc","qux9ocA83Gc","GAMETIME HIGHLIGHTS",558,26872,293,9
22500070,"Philadelphia 76ers vs Brooklyn Nets Full Game Highlights | Nov 28 | 2026 NBA Season","https://www.youtube.com/watch?v=ChtE0dHHdyY","ChtE0dHHdyY","Hooper Highlights",599,1140,50,1
22500070,"Egor Demin Career High 23 Points/5 Assists vs 76ers Full Highlights! (11/28/2025)","https://www.youtube.com/watch?v=leFWzVFT4is","leFWzVFT4is","HoopsHistoryHub",125,3479,43,6
22500060,"Boston Celtics vs Detroit Pistons Full Game Highlights - November 26, 2025 | NBA Season","https://www.youtube.com/watch?v=4qhkW0Uos6M","4qhkW0Uos6M","GAMETIME HIGHLIGHTS",584,148342,1305,121
22500060,"Detroit Pistons vs Boston Celtics - FULL GAME HIGHLIGHTS | November 26, 2025","https://www.youtube.com/watch?v=kueCaaARFGg","kueCaaARFGg","Ximo Pierto",582,4041,87,3
22500060,"Boston Celtics vs Detroit Pistons Full Game Highlights | Nov 26 | 2026 NBA Season","https://www.youtube.com/watch?v=NN6twZWhwG4","NN6twZWhwG4","Hooper Highlights",592,2864,99,4
22500065,"Memphis Grizzlies vs New Orleans Pelicans Full Game Highlights - November 26, 2025 | NBA Season","https://www.youtube.com/watch?v=hNBnYDehPR4","hNBnYDehPR4","GAMETIME HIGHLIGHTS",584,32453,368,16
22500065,"Memphis Grizzlies vs New Orleans Pelicans Full Game Highlights | Nov 26 | 2026 NBA Season","https://www.youtube.com/watch?v=cUlObixvDgk","cUlObixvDgk","Hooper Highlights",596,1283,56,1
22500065,"Memphis Grizzlies vs New Orleans Pelicans- FULL GAME HIGHLIGHTS | November 26, 2025 NBA Cup","https://www.youtube.com/watch?v=yv-rxMKIzrs","yv-rxMKIzrs","Ximo Pierto",584,1278,33,4
22500283,"Detroit Pistons vs Indiana Pacers Full Game Highlights - November 24, 2025 | NBA Season","https://www.youtube.com/watch?v=BVh7hy034jE","BVh7hy034jE","GAMETIME HIGHLIGHTS",567,56493,625,29
22500283,"Detroit Pistons vs Indiana Pacers Full Game Highlights | Nov 24 | 2026 NBA Season","https://www.youtube.com/watch?v=4rmq3mvMq8Q","4rmq3mvMq8Q","Hooper Highlights",598,1475,69,1
22500066,"Golden State Warriors vs Houston Rockets Full Game Highlights - November 26, 2025 | NBA Season","https://www.youtube.com/watch?v=7H3KuLLvC-Q","7H3KuLLvC-Q","GAMETIME HIGHLIGHTS",581,580567,3749,345
22500066,"Golden State Warriors vs Houston Rockets Full Game Highlights | Nov 26, 2025 | FreeDawkins","https://www.youtube.com/watch?v=AsM337iPb1A","AsM337iPb1A","FreeDawkins",644,82409,1963,152
22500066,"Golden State Warriors vs Houston Rockets Full Game Highlights 4th Qtr | Nov 26 | 2025 NBA Highlights","https://www.youtube.com/watch?v=rlAWAdN2-z0","rlAWAdN2-z0","Lakers Dynasty Highlights",556,341423,942,47
22500063,"Toronto Raptors vs Indiana Pacers Full Game Highlights - November 26, 2025 | NBA Season","https://www.youtube.com/watch?v=lNF-un1_kX0","lNF-un1_kX0","GAMETIME HIGHLIGHTS",584,37448,468,21.0
22500063,"Toronto Raptors vs Indiana Pacers - Full Team Highlights | NBA Cup Game | Nov 26, 2025","https://www.youtube.com/watch?v=H_A3BdP9S-o","H_A3BdP9S-o","Raptors Nation",582,28961,397,59.0
22500063,"Indiana Pacers vs Toronto Raptors Full Game Highlights | Nov 26 | 2026 NBA Season","https://www.youtube.com/watch?v=mGP8I2kiIDM","mGP8I2kiIDM","Hooper Highlights",596,1333,70,""
22500061,"New York Knicks vs Charlotte Hornets Full Game Highlights - November 26, 2025 | NBA Season","https://www.youtube.com/watch?v=rmxnw8MwBcQ","rmxnw8MwBcQ","GAMETIME HIGHLIGHTS",564,62394,605,25.0
22500061,"New York Knicks vs Charlotte Hornets - FULL GAME HIGHLIGHTS | November 26, 2025 NBA Cup","https://www.youtube.com/watch?v=25yX6iPZ-do","25yX6iPZ-do","Ximo Pierto",570,2690,69,2.0
22500061,"New York Knicks vs Charlotte Hornets Full Game Highlights | Nov 26 | 2026 NBA Season","https://www.youtube.com/watch?v=dDUlb-MHIy8","dDUlb-MHIy8","Hooper Highlights",587,1447,51,""
22500069,"Cleveland Cavaliers vs Atlanta Hawks Full Game Highlights - November 28, 2025 | NBA Season","https://www.youtube.com/watch?v=mWtLRDAo9ew","mWtLRDAo9ew","GAMETIME HIGHLIGHTS",554,45651,437,33.0
22500069,"Cleveland Cavaliers vs Atlanta Hawks Full Game Highlights | Nov 28 | 2026 NBA Season","https://www.youtube.com/watch?v=lXik1iQvrGA","lXik1iQvrGA","Hooper Highlights",599,1457,63,""
22500069,"Atlanta Hawks vs Cleveland Cavaliers FULLGAME Qtr Nov 28. 2025 Highlights | NBA highlight","https://www.youtube.com/watch?v=ztE3j_zl8o0","ztE3j_zl8o0","Mây Trắng Review",857,1276,4,""
22500069,"Atlanta Hawks vs Cleveland Cavaliers 4th Qtr Nov 28. 2025 Highlights | NBA highlight","https://www.youtube.com/watch?v=yMslapiIbIM","yMslapiIbIM","Mây Trắng Review",693,1392,5,""
22500293,"Boston Celtics vs Minnesota Timberwolves Full Game Highlights - November 29, 2025 | NBA Season","https://www.youtube.com/watch?v=nMSeev6dfyY","nMSeev6dfyY","GAMETIME HIGHLIGHTS",577,120289,1329,89.0
22500293,"Boston Celtics vs Minnesota Timberwolves Full Game Highlights | Nov 29 | 2026 NBA Season","https://www.youtube.com/watch?v=h3QmNrwZwpc","h3QmNrwZwpc","Hooper Highlights",599,2323,96,""
22500293,"FlightReacts To CELTICS at TIMBERWOLVES | FULL GAME HIGHLIGHTS | November 29, 2025","https://www.youtube.com/watch?v=P7YXtX-Zv6k","P7YXtX-Zv6k","nonmaliceowl",699,13018,443,9.0
22500293,"Minnesota Timberwolves vs Boston Celtics 1st Qtr Nov 29. 2025 Highlights | NBA highlight","https://www.youtube.com/watch?v=F_SsquCmSSU","F_SsquCmSSU","Mây Trắng Review",564,1835,11,""
22500293,"Minnesota Timberwolves vs Boston Celtics 2nd Qtr Nov 29. 2025 Highlights | NBA highlight","https://www.youtube.com/watch?v=aHrB4wRN0NI","aHrB4wRN0NI","Mây Trắng Review",604,2027,9,""
22500281,"San Antonio Spurs vs Phoenix Suns Full Game Highlights - November 23, 2025 | NBA Season","https://www.youtube.com/watch?v=gshsVsBgUd4","gshsVsBgUd4","GAMETIME HIGHLIGHTS",573,141107,1259,111.0
22500078,"Los Angeles Lakers vs Dallas Mavericks Full Game Highlights - November 28, 2025 | NBA Season","https://www.youtube.com/watch?v=c8znCPLB0VA","c8znCPLB0VA","GAMETIME HIGHLIGHTS",576,970067,7902,723.0
22500078,"Dallas Mavericks vs Los Angeles Lakers Full Game Highlights 4th Qtr | Nov 28 | 2025 NBA Highlights","https://www.youtube.com/watch?v=Q6E36KVpcF8","Q6E36KVpcF8","Lakers Dynasty Highlights",548,211613,890,62.0
22500078,"Lakers vs Mavericks | Lakers Highlights | November 28th, 2025","https://www.youtube.com/watch?v=CDGXl8ZHLlU","CDGXl8ZHLlU","Lakers GametimeTV",498,241618,3323,237.0
22500078,"Los Angeles Lakers vs Dallas Mavericks FULLGAME Qtr Nov 28.2025 Highlights | NBA HIGHLIGHT","https://www.youtube.com/watch?v=s66jMhLAJzE","s66jMhLAJzE","Mây Trắng Review",725,5133,12,""
22500059,"Los Angeles Lakers vs Los Angeles Clippers Full Game Highlights - November 25, 2025 | NBA Season","https://www.youtube.com/watch?v=NlV4ayXx4LY","NlV4ayXx4LY","GAMETIME HIGHLIGHTS",576,887038,7760,708
22500059,"Los Angeles Lakers vs Los Angeles Clippers Full Game Highlights | Nov 25, 2025 | FreeDawkins","https://www.youtube.com/watch?v=QVskHqwV8Ck","QVskHqwV8Ck","FreeDawkins",622,127561,3777,229
22500059,"Los Angeles Lakers vs Los Angeles Clippers - FULL GAME HIGHLIGHTS | November 25, 2025 NBA Cup","https://www.youtube.com/watch?v=TmXXqe7V0bc","TmXXqe7V0bc","Ximo Pierto",581,26447,421,27
22500064,"Oklahoma City Thunder vs Minnesota Timberwolves Full Game Highlights  -November 26 2025 | NBA Season","https://www.youtube.com/watch?v=t3tEbYW13ag","t3tEbYW13ag","GAMETIME HIGHLIGHTS",578,264548,2257,239
22500064,"OKC Thunder vs Minnesota Timberwolves Full Game Highlights | Nov 26, 2025 | FreeDawkins","https://www.youtube.com/watch?v=eMm4A7evgmI","eMm4A7evgmI","FreeDawkins",605,39940,1000,73
22500064,"Oklahoma City Thunder vs Minnesota Timberwolves - FULL GAME HIGHLIGHTS | November 26, 2025 NBA Cup","https://www.youtube.com/watch?v=VVQn9C3u5p8","VVQn9C3u5p8","Ximo Pierto",577,6379,141,17
22500058,"Philadelphia 76ers vs Orlando Magic Full Game Highlights - November 25, 2025 | NBA Season","https://www.youtube.com/watch?v=wv7PXzPOrBQ","wv7PXzPOrBQ","GAMETIME HIGHLIGHTS",553,99440,962,95
22500058,"Orlando Magic vs Philadelphia 76ers Full Game Highlights | Nov 25, 2025 | FreeDawkins","https://www.youtube.com/watch?v=w5R__Oy4V2g","w5R__Oy4V2g","FreeDawkins",585,9897,281,14
22500058,"Philadelphia 76ers vs Orlando Magic - FULL GAME HIGHLIGHTS | November 25, 2025 NBA Cup","https://www.youtube.com/watch?v=F1_lBeF0fUU","F1_lBeF0fUU","Ximo Pierto",567,2105,46,3
22500289,"Chicago Bulls vs New Orleans Pelicans Full Game Highlights - November 24, 2025 | NBA Season","https://www.youtube.com/watch?v=Uzj5i3Zx8Os","Uzj5i3Zx8Os","GAMETIME HIGHLIGHTS",580,33519,385,24
22500289,"Chicago Bulls vs New Orleans Pelicans - FULL GAME HIGHLIGHTS | November 24, 2025 NBA Season","https://www.youtube.com/watch?v=qS318gYIwrU","qS318gYIwrU","Ximo Pierto",570,2003,50,3
22500289,"Chicago Bulls vs New Orleans Pelicans Full Game Highlights | Nov 24 | 2026 NBA Season","https://www.youtube.com/watch?v=jhIv7Iz5cIo","jhIv7Iz5cIo","Hooper Highlights",595,1352,59,1
22500291,"Golden State Warriors vs Utah Jazz Full Game Highlights - November 24, 2025 | NBA Season","https://www.youtube.com/watch?v=K_zgdkNdpuI","K_zgdkNdpuI","GAMETIME HIGHLIGHTS",565,374432,3087,121
22500291,"Golden State Warriors vs Utah Jazz Full Game Highlights | Nov 24, 2025 | FreeDawkins","https://www.youtube.com/watch?v=GiFkpWXTCXo","GiFkpWXTCXo","FreeDawkins",601,112448,3686,134
22500291,"Golden State Warriors vs Utah Jazz - FULL GAME HIGHLIGHTS | November 24, 2025 NBA Season","https://www.youtube.com/watch?v=c7E1pd-Soks","c7E1pd-Soks","Ximo Pierto",563,8748,141,3
22500290,"Houston Rockets vs Phoenix Suns Full Game Highlights - November 24, 2025 | NBA Season","https://www.youtube.com/watch?v=v5SbWoOr0oc","v5SbWoOr0oc","GAMETIME HIGHLIGHTS",557,197717,1527,143
22500290,"Houston Rockets vs Phoenix Suns Full Game Highlights | Nov 24, 2025 | FreeDawkins","https://www.youtube.com/watch?v=ONNYFBUS3NI","ONNYFBUS3NI","FreeDawkins",588,21369,526,42
22500290,"Houston Rockets vs Phoenix Suns - FULL GAME HIGHLIGHTS | November 24, 2025 NBA Season","https://www.youtube.com/watch?v=ywfrA6KfKmw","ywfrA6KfKmw","Ximo Pierto",561,4630,103,3
22500303,"New York Knicks vs Toronto Raptors Full Game Highlights - November 30, 2025 | NBA Season","https://www.youtube.com/watch?v=LfT31cIiGs8","LfT31cIiGs8","GAMETIME HIGHLIGHTS",576,72236,696,30.0
22500303,"New York Knicks vs Toronto Raptors - FULL GAME HIGHLIGHTS | November 30, 2025 NBA Season","https://www.youtube.com/watch?v=-PTZsG4LGL0","-PTZsG4LGL0","Ximo Pierto",549,1865,52,2.0
22500303,"Toronto Raptors vs New York Knicks - Full Team Highlights | Nov 30, 2025","https://www.youtube.com/watch?v=14I4Wnyqy_Y","14I4Wnyqy_Y","Raptors Nation",531,5388,67,11.0
22500303,"New York Knicks vs Toronto Raptors Full Game Highlights | Nov 30 | 2026 NBA Season","https://www.youtube.com/watch?v=5qxeGqRex6k","5qxeGqRex6k","Hooper Highlights",585,1591,68,1.0
22500303,"New York Knicks vs Toronto Raptors 1st Qtr Nov 30. 2025 Highlights | NBA highlight","https://www.youtube.com/watch?v=9T5KNr9KMJI","9T5KNr9KMJI","Mây Trắng Review",538,2186,12,1.0
22500303,"Toronto Raptors vs New York Knicks - First Half Team Highlights | Nov 30, 2025","https://www.youtube.com/watch?v=KtpOPkYH0ro","KtpOPkYH0ro","Raptors Nation",246,2592,23,4.0
22500062,"Milwaukee Bucks vs Miami Heat Full Game Highlights - November 26, 2025 | NBA Season","https://www.youtube.com/watch?v=zEC-nJPkyLI","zEC-nJPkyLI","GAMETIME HIGHLIGHTS",575,82080,860,133.0
22500062,"Milwaukee Bucks vs Miami Heat - FULL GAME HIGHLIGHTS | November 26, 2025 NBA Cup","https://www.youtube.com/watch?v=Rl2-vyElKMQ","Rl2-vyElKMQ","Ximo Pierto",582,2305,64,""
22500062,"Milwaukee Bucks vs Miami Heat Full Game Highlights | Nov 26 | 2026 NBA Season","https://www.youtube.com/watch?v=VkE99ZJ5bIo","VkE99ZJ5bIo","Hooper Highlights",595,1927,86,""
22500062,"Miami Heat vs Milwaukee Bucks FULLGAME Qtr Nov 26.2025 Highlights | NBA hightlight","https://www.youtube.com/watch?v=-NDDaPhc4Jc","-NDDaPhc4Jc","Mây Trắng Review",699,2786,14,""
22500292,"Minnesota Timberwolves vs Sacramento Kings Full Game Highlights - November 24, 2025 | NBA Season","https://www.youtube.com/watch?v=7EREa1mVFSc","7EREa1mVFSc","GAMETIME HIGHLIGHTS",577,194405,1889,220.0
22500292,"Minnesota Timberwolves vs Sacramento Kings - FULL GAME HIGHLIGHTS | November 24, 2025 NBA Season","https://www.youtube.com/watch?v=Rn6yHZflAZY","Rn6yHZflAZY","Ximo Pierto",573,3242,85,5.0
22500292,"Sacramento Kings vs Minnesota Timberwolves FULLGAME Qtr Nov 24.2025 Highlights | NBA HIGHLIGHT","https://www.youtube.com/watch?v=s4kH_CIDk_8","s4kH_CIDk_8","Mây Trắng Review",785,1104,5,1.0
22500057,"Atlanta Hawks vs Washington Wizards Full Game Highlights - November 25, 2025 | NBA Season","https://www.youtube.com/watch?v=7QqD1AZDcsk","7QqD1AZDcsk","GAMETIME HIGHLIGHTS",578,42441,421,31.0
22500057,"Atlanta Hawks vs Washington Wizards - FULL GAME HIGHLIGHTS | November 25, 2025 NBA Cup","https://www.youtube.com/watch?v=ID3IvN2u0KE","ID3IvN2u0KE","Ximo Pierto",578,2254,66,2.0
22500057,"Atlanta Hawks vs Washington Wizards Full Game Highlights | Nov 25 | 2026 NBA Season","https://www.youtube.com/watch?v=iJ5uLTvV5kg","iJ5uLTvV5kg","Hooper Highlights",597,1444,57,2.0
22500057,"Washington Wizards vs Atlanta Hawks 1st Qtr Nov 25.2025 Highlights | NBA hightlight","https://www.youtube.com/watch?v=t81caVETl6s","t81caVETl6s","Mây Trắng Review",535,1348,5,1.0
22500277,"Boston Celtics vs Orlando Magic Full Game Highlights - November 23, 2025 | NBA Season","https://www.youtube.com/watch?v=Dp91EzMbDCE","Dp91EzMbDCE","GAMETIME HIGHLIGHTS",572,75040,777,30.0
22500277,"Boston Celtics vs Orlando Magic - FULL GAME HIGHLIGHTS | November 23, 2025","https://www.youtube.com/watch?v=Kzhakcjhf94","Kzhakcjhf94","Ximo Pierto",580,2079,56,1.0
22500277,"Boston Celtics vs Orlando Magic Full Game Highlights | Nov 23 | 2026 NBA Season","https://www.youtube.com/watch?v=-bjE7mPQNpE","-bjE7mPQNpE","Hooper Highlights",591,2320,85,""
22500055,"Oklahoma City Thunder vs Utah Jazz Full Game Highlights - November 21, 2025 | NBA Season","https://www.youtube.com/watch?v=Slm2bcNEtQ4","Slm2bcNEtQ4","GAMETIME HIGHLIGHTS",567,116265,1029,158.0
22500055,"Utah Jazz vs Oklahoma City Thunder Full Game Highlights | Nov 21 | 2026 NBA Season","https://www.youtube.com/watch?v=pGhLWVR4lFo","pGhLWVR4lFo","Hooper Highlights",596,2595,90,1.0
22500279,"Toronto Raptors vs Brooklyn Nets Full Game Highlights - November 23, 2025 | NBA Season","https://www.youtube.com/watch?v=eqnWdJzYtIc","eqnWdJzYtIc","GAMETIME HIGHLIGHTS",573,19556,278,6.0
22500279,"Toronto Raptors vs Brooklyn Nets - FULL GAME HIGHLIGHTS | November 23, 2025","https://www.youtube.com/watch?v=xsGAGBuZ1JI","xsGAGBuZ1JI","Ximo Pierto",567,1138,32,1.0
22500279,"Toronto Raptors vs Brooklyn Nets - First Half Team Highlights | Nov 23, 2025","https://www.youtube.com/watch?v=LLERKPPhLRM","LLERKPPhLRM","Raptors Nation",247,4417,39,2.0
22500050,"Toronto Raptors vs Washington Wizards Full Game Highlights - November 21, 2025 | NBA Season","https://www.youtube.com/watch?v=qCZWwFr0pA0","qCZWwFr0pA0","GAMETIME HIGHLIGHTS",569,20679,242,7.0
22500050,"Washington Wizards vs Toronto Raptors Full Game Highlights | Nov 21 | 2026 NBA Season","https://www.youtube.com/watch?v=_hKCer5Dab8","_hKCer5Dab8","Hooper Highlights",583,1065,44,""
22500287,"Denver Nuggets vs Memphis Grizzlies Full Game Highlights - November 24, 2025 | NBA Season","https://www.youtube.com/watch?v=nyxJCuUbO7I","nyxJCuUbO7I","GAMETIME HIGHLIGHTS",572,179949,1484,101.0
22500287,"Denver Nuggets vs Memphis Grizzlies - FULL GAME HIGHLIGHTS | November 24, 2025 NBA Season","https://www.youtube.com/watch?v=QAgKchkdgb8","QAgKchkdgb8","Ximo Pierto",570,4095,98,7.0
22500287,"Denver Nuggets vs Memphis Grizzlies Full Game Highlights | Nov 24, 2025 | FreeDawkins","https://www.youtube.com/watch?v=Dw4eJnFLLys","Dw4eJnFLLys","FreeDawkins",608,20339,537,43.0
22500287,"Memphis Grizzlies vs Denver Nuggets FULLGAME Qtr Nov 24.2025 Highlights | NBA HIGHLIGHT","https://www.youtube.com/watch?v=T6eCESz7RPY","T6eCESz7RPY","Mây Trắng Review",746,2390,8,2.0
22500282,"Los Angeles Lakers vs Utah Jazz Full Game Highlights - November 23, 2025 | NBA Season","https://www.youtube.com/watch?v=qtY642_vGxQ","qtY642_vGxQ","GAMETIME HIGHLIGHTS",578,703305,5550,526.0
22500282,"Los Angeles Lakers vs Utah Jazz Full Game Highlights | Nov 23, 2025 | FreeDawkins","https://www.youtube.com/watch?v=7hzR4gLJHac","7hzR4gLJHac","",592,100666,2611,195.0
22500282,"Los Angeles Lakers vs Utah Jazz - FULL GAME HIGHLIGHTS | November 23, 2025","https://www.youtube.com/watch?v=nt5KezCLqjQ","nt5KezCLqjQ","Ximo Pierto",574,13494,253,24.0
22500286,"Dallas Mavericks vs Miami Heat Full Game Highlights - November 24, 2025 | NBA Season","https://www.youtube.com/watch?v=K8dgQbUrc30","K8dgQbUrc30","GAMETIME HIGHLIGHTS",582,113529,989,120.0
22500286,"Dallas Mavericks vs Miami Heat - FULL GAME HIGHLIGHTS | November 24, 2025 NBA Season","https://www.youtube.com/watch?v=Mb25KyUfThY","Mb25KyUfThY","Ximo Pierto",582,4971,98,10.0
22500286,"Dallas Mavericks vs Miami Heat Full Game Highlights | Nov 24 | 2026 NBA Season","https://www.youtube.com/watch?v=mT0GDML2V_k","mT0GDML2V_k","Hooper Highlights",598,2453,91,2.0
22500286,"Dallas Mavericks vs Miami Heat Game 2nd Highlights - Nov 24 ,2025 | NBA Season","https://www.youtube.com/watch?v=-lo-DZFmBN4","-lo-DZFmBN4","anh long đen",526,2774,13,""
22500286,"Dallas Mavericks vs Miami Heat Game 3rd Highlights - Nov 24 ,2025 | NBA Season","https://www.youtube.com/watch?v=nfVJkBAOPSE","nfVJkBAOPSE","anh long đen",484,3777,14,""
22500272,"Milwaukee Bucks vs Detroit Pistons Full Game Highlights - November 22, 2025 | NBA Season","https://www.youtube.com/watch?v=DGNKa7_5slE","DGNKa7_5slE","GAMETIME HIGHLIGHTS",566,94963,949,138.0
22500272,"Milwaukee Bucks vs Detroit Pistons Full Game Highlights | Nov 22 | 2026 NBA Season","https://www.youtube.com/watch?v=H2Ooa9NRu1I","H2Ooa9NRu1I","Hooper Highlights",585,2575,101,""
22500272,"Milwaukee Bucks vs Detroit Pistons FULLGAME Qtr Nov 22.2025 Highlights | NBA hightlight","https://www.youtube.com/watch?v=Vi3NGxCx8e4","Vi3NGxCx8e4","Mây Trắng Review",652,1193,7,""
22500268,"Los Angeles Clippers vs Charlotte Hornets Full Game Highlights - November 22, 2025 | NBA Season","https://www.youtube.com/watch?v=NIcEltO_H-o","NIcEltO_H-o","GAMETIME HIGHLIGHTS",572,92457,1015,92.0
22500268,"Los Angeles Clippers vs Charlotte Hornets Full Game Highlights | Nov 22, 2025 | FreeDawkins","https://www.youtube.com/watch?v=PSoNNpZd-Qs","PSoNNpZd-Qs","",588,16468,501,30.0
22500268,"Harden 55 pts!! FlightReacts To CLIPPERS at HORNETS | FULL GAME HIGHLIGHTS | November 22, 2025!","https://www.youtube.com/watch?v=2b9vG_iJ9do","2b9vG_iJ9do","NotYourAverageFlight",734,120592,4171,121.0
22500270,"Atlanta Hawks vs New Orleans Pelicans Full Game Highlights - November 22, 2025 | NBA Season","https://www.youtube.com/watch?v=WS9oVl5GnoA","WS9oVl5GnoA","GAMETIME HIGHLIGHTS",566,31210,356,39.0
22500270,"Atlanta Hawks vs New Orleans Pelicans - Full Game Highlights | November 22, 2025 NBA Season","https://www.youtube.com/watch?v=6kIIFxqyFCI","6kIIFxqyFCI","",584,1285,34,1.0
22500270,"Atlanta Hawks vs New Orleans Pelicans Full Game Highlights | Nov 22 | 2026 NBA Season","https://www.youtube.com/watch?v=BTfRTaOmvuQ","BTfRTaOmvuQ","Hooper Highlights",590,1373,51,""
22500271,"Chicago Bulls vs Washington Wizards Full Game Highlights - November 22, 2025 | NBA Season","https://www.youtube.com/watch?v=zrP80Jrx-Nw","zrP80Jrx-Nw","GAMETIME HIGHLIGHTS",575,38793,507,19.0
22500271,"Chicago Bulls vs Washington Wizards - Full Game Highlights | November 22, 2025 NBA Season","https://www.youtube.com/watch?v=6BpHE3BbUK4","6BpHE3BbUK4","",577,2422,78,2.0
22500271,"Washington Wizards at Chicago Bulls (11/22/25) | Game Highlights | CHSN","https://www.youtube.com/watch?v=60igGNn2kE8","60igGNn2kE8","Chicago Sports Network",115,2029,30,2.0
22500284,"Cleveland Cavaliers vs Toronto Raptors Full Game Highlights - November 24, 2025 | NBA Season","https://www.youtube.com/watch?v=eWTDS_0wG54","eWTDS_0wG54","GAMETIME HIGHLIGHTS",580,66572,557,29
22500284,"Toronto Raptors vs Cleveland Cavaliers - Full Team Highlights | Nov 24, 2025","https://www.youtube.com/watch?v=zUqAhpy0Mh8","zUqAhpy0Mh8","Raptors Nation",583,22832,298,25
22500284,"Cleveland Cavaliers vs Toronto Rapors - FULL GAME HIGHLIGHTS | November 24, 2025 NBA Season","https://www.youtube.com/watch?v=nCyU_Hs3p9U","nCyU_Hs3p9U","Ximo Pierto",579,2304,62,5
22500284,"Cleveland Cavaliers vs Toronto Raptors Full Game Highlights | Nov 24 | 2026 NBA Season","https://www.youtube.com/watch?v=TjmmQ4QX7iI","TjmmQ4QX7iI","Hooper Highlights",598,1758,85,2
22500284,"Toronto Raptors vs Cleveland Cavaliers - First Half Team Highlights | Nov 24, 2025","https://www.youtube.com/watch?v=WzPrbjO47ZI","WzPrbjO47ZI","Raptors Nation",232,3839,27,6
22500056,"Golden State Warriors vs Portland Trail Blazers Full Game Highlights - November 21 2025 | NBA Season","https://www.youtube.com/watch?v=bdPYcAZdcTE","bdPYcAZdcTE","GAMETIME HIGHLIGHTS",581,309872,2165,363
22500056,"Golden State Warriors vs Portland Trail Blazers Full Game Highlights | Nov 21, 2025 | FreeDawkins","https://www.youtube.com/watch?v=aKFZmTuxDug","aKFZmTuxDug","",635,74323,1903,196
22500056,"Golden State Warriors vs Portland Trail Blazers - FULL GAME HIGHLIGHTS | November 21, 2025 NBA Cup","https://www.youtube.com/watch?v=KwR-zYUiAhI","KwR-zYUiAhI","",567,8686,143,2
22500273,"Dallas Mavericks vs Memphis Grizzlies Full Game Highlights - November 22, 2025 | NBA Season","https://www.youtube.com/watch?v=SZrgwyP4hxU","SZrgwyP4hxU","GAMETIME HIGHLIGHTS",579,194380,1315,196
22500273,"Dallas Mavericks vs Memphis Grizzlies Full Game Highlights | Nov 22, 2025 | FreeDawkins","https://www.youtube.com/watch?v=Os7EVqxXqgc","Os7EVqxXqgc","FreeDawkins",599,13295,283,25
22500273,"Dallas Mavericks vs Memphis Grizzlies - Full Game Highlights | November 22, 2025 NBA Season","https://www.youtube.com/watch?v=32oytYrpc_4","32oytYrpc_4","Ximo Pierto",572,2847,51,2
22500273,"Dallas Mavericks vs Memphis Grizzlies | Full Game Highlights | Nov 22 | 2025-26 NBA Season","https://www.youtube.com/watch?v=FRG8511x0ZI","FRG8511x0ZI","The CCB Network",619,7024,109,6
22500280,"Oklahoma City Thunder vs Portland Trail Blazers Full Game Highlights - November 23 2025 | NBA Season","https://www.youtube.com/watch?v=C3OX6bkFRhU","C3OX6bkFRhU","GAMETIME HIGHLIGHTS",565,116325,1089,136.0
22500280,"OKC Thunder vs Portland Trail Blazers Full Game Highlights | Nov 23, 2025 | FreeDawkins","https://www.youtube.com/watch?v=NygixkvEPeM","NygixkvEPeM","FreeDawkins",584,13786,397,38.0
22500280,"Oklahoma City Thunder vs Portland Trail Blazers - FULL GAME HIGHLIGHTS | November 23, 2025","https://www.youtube.com/watch?v=7PRZVQ3IW7s","7PRZVQ3IW7s","Ximo Pierto",572,4289,81,3.0
22500280,"Oklahoma City Thunder vs Portland Trail Blazers | Full Game Highlights | Nov 23 | 2025-26 NBA Season","https://www.youtube.com/watch?v=2gdJ24Rqp8Q","2gdJ24Rqp8Q","The CCB Network",599,7226,108,1.0
22500049,"Boston Celtics vs Brooklyn Nets Full Game Highlights - November 21, 2025 | NBA Season","https://www.youtube.com/watch?v=qSBc8l9PaNc","qSBc8l9PaNc","GAMETIME HIGHLIGHTS",573,58934,571,71.0
22500049,"Boston Celtics vs Brooklyn Nets Full Game Highlights | Nov 21 | 2026 NBA Season","https://www.youtube.com/watch?v=YOzRD3WaM3k","YOzRD3WaM3k","Hooper Highlights",598,1932,79,3.0
22500049,"Boston Celtics vs Brooklyn Nets  FULLGAME Qtr Nov 21.2025 Highlights | NBA HIGHLIGHT","https://www.youtube.com/watch?v=ML9M5PvwKD4","ML9M5PvwKD4","Mây Trắng Review",769,3069,12,""
22500053,"Minnesota Timberwolves vs Phoenix Suns Full Game Highlights - November 21, 2025 | NBA Season","https://www.youtube.com/watch?v=xZPphKlIvhk","xZPphKlIvhk","GAMETIME HIGHLIGHTS",581,139396,1505,176.0
22500053,"Minnesota Timberwolves vs Phoenix Suns Full Game Highlights | Nov 21 | 2026 NBA Season","https://www.youtube.com/watch?v=KNRSyzMgnCs","KNRSyzMgnCs","Hooper Highlights",599,2618,101,4.0
22500053,"FlightReacts To WOLVES at SUNS | EMIRATES NBA CUP 🏆 | FULL GAME HIGHLIGHTS | November 21, 2025!","https://www.youtube.com/watch?v=vD8y7mz-O9s","vD8y7mz-O9s","NotYourAverageFlight",719,61586,2441,119.0
22500275,"Miami Heat vs Philadelphia 76ers Full Game Highlights - November 23, 2025 | NBA Season","https://www.youtube.com/watch?v=QJvuB6vU_KE","QJvuB6vU_KE","GAMETIME HIGHLIGHTS",582,85158,716,69.0
22500275,"Miami Heat vs Philadelphia 76ers Full Game Highlights | Nov 23, 2025 | FreeDawkins","https://www.youtube.com/watch?v=Tjdnpt4rAUM","Tjdnpt4rAUM","FreeDawkins",599,9294,296,7.0
22500275,"Miami Heat vs Philadelphia 76ers - FULL GAME HIGHLIGHTS | November 23, 2025","https://www.youtube.com/watch?v=HTh2IucEzCs","HTh2IucEzCs","Ximo Pierto",576,2674,59,2.0
22500275,"Miami HEAT 1st Half Highlights vs. the 76ers | November 23, 2025","https://www.youtube.com/watch?v=tpKYA5lybJc","tpKYA5lybJc","Luis Claudio De Jesús Charles",332,1294,50,3.0
22500275,"Powell, Ware, Jaquez Jr. Combine For 74 PTS 🔥 HEAT vs. 76ers | HEAT Highlights | November 23, 2025","https://www.youtube.com/watch?v=cT-bNmqycYE","cT-bNmqycYE","Miami HEAT",158,9298,186,26.0
22500278,"Los Angeles Clippers vs Cleveland Cavaliers Full Game Highlights - November 23, 2025 | NBA Season","https://www.youtube.com/watch?v=qUcdPYxB-no","qUcdPYxB-no","GAMETIME HIGHLIGHTS",573,95718,835,36.0
22500278,"Los Angeles Clippers vs Cleveland Cavaliers - FULL GAME HIGHLIGHTS | November 23, 2025","https://www.youtube.com/watch?v=sqaS2gAo-4w","sqaS2gAo-4w","Ximo Pierto",570,4342,89,2.0
22500278,"LA Clippers vs Cleveland Cavaliers Full Game Highlights | Nov 23 | 2026 NBA Season","https://www.youtube.com/watch?v=JaTVTX2fOG8","JaTVTX2fOG8","Hooper Highlights",593,2720,96,""
22500278,"Cleveland Cavaliers vs Los Angeles Clippers FULLGAME Qtr Nov 23.2025 Highlights | NBA HIGHLIGHT","https://www.youtube.com/watch?v=S0aJY4s8Fsg","S0aJY4s8Fsg","Mây Trắng Review",805,1130,3,""
22500278,"Cleveland Cavaliers vs Los Angeles Clippers 1st Qtr Nov 23.2025 Highlights | NBA HIGHLIGHT","https://www.youtube.com/watch?v=THm3tSfq_ak","THm3tSfq_ak","Mây Trắng Review",512,1978,13,""
22500265,"Memphis Grizzlies vs Sacramento Kings Full Game Highlights - November 20, 2025 | NBA Season","https://www.youtube.com/watch?v=55KMxwNup94","55KMxwNup94","GAMETIME HIGHLIGHTS",569,55643,516,68.0
22500265,"Sacramento Kings vs Memphis Grizzlies - FULL GAME HIGHLIGHTS | November 20, 2025 NBA Season","https://www.youtube.com/watch?v=DbrvD35xGBI","DbrvD35xGBI","Ximo Pierto",558,2308,58,3.0
22500265,"Sacramento Kings vs Memphis Grizzlies Full Game Highlights | Nov 20 | 2026 NBA Season","https://www.youtube.com/watch?v=OOaqistwqf0","OOaqistwqf0","Hooper Highlights",598,1732,66,2.0
22500269,"New York Knicks vs Orlando Magic | Full Game Highlights | Nov 22 | 2025-26 NBA Season","https://www.youtube.com/watch?v=HuovTuXyuCY","HuovTuXyuCY","The CCB Network",609,14786,153,6.0
22500269,"New York Knicks vs Orlando Magic - Full Game Highlights | November 22, 2025 NBA Season","https://www.youtube.com/watch?v=M3owI9VnzxA","M3owI9VnzxA","",580,3869,80,2.0
22500269,"Orlando Magic vs New York Knicks Full Game Highlights | Nov 22 | 2026 NBA Season","https://www.youtube.com/watch?v=CMHfCUdKbJo","CMHfCUdKbJo","Hooper Highlights",597,2121,85,""
22500269,"New York Knicks vs Orlando Magic Full Game Highlights - November 22, 2025 | NBA Season","https://www.youtube.com/watch?v=fa_9iUTAxwc","fa_9iUTAxwc","GAMETIME HIGHLIGHTS",575,80149,801,92.0
22500048,"Cleveland Cavaliers vs Indiana Pacers Full Game Highlights - November 21, 2025 | NBA Season","https://www.youtube.com/watch?v=yPEeARjfurY","yPEeARjfurY","GAMETIME HIGHLIGHTS",567,41121,449,36.0
22500048,"Cleveland Cavaliers vs Indiana Pacers - FULL GAME HIGHLIGHTS | November 21, 2025 NBA Cup","https://www.youtube.com/watch?v=-GV-YvQ-7yE","-GV-YvQ-7yE","Ximo Pierto",557,2112,54,1.0
22500048,"Cleveland Cavaliers vs Indian Pacers Full Game Highlights | Nov 21 | 2026 NBA Season","https://www.youtube.com/watch?v=vabkCZ4TP9c","vabkCZ4TP9c","Hooper Highlights",598,1304,52,""
22500048,"Cleveland Cavaliers vs Indiana Pacers | Full Game Highlights | November 21 | 2025-26 NBA Season","https://www.youtube.com/watch?v=EOLGTOdZvdc","EOLGTOdZvdc","The CCB Network",605,2168,47,3.0
22500263,"Chicago Bulls vs Portland Trail Blazers Full Game Highlights - November 19, 2025 | NBA Season","https://www.youtube.com/watch?v=91H6pprBv2k","91H6pprBv2k","GAMETIME HIGHLIGHTS",580,72738,908,114.0
22500263,"Chicago Bulls vs Portland Trail Blazers FULLGAME Qtr Nov 19. 2025 Highlights | NBA highlight","https://www.youtube.com/watch?v=W-381WO3mqw","W-381WO3mqw","Mây Trắng Review",854,1091,3,1.0
22500274,"Denver Nuggets vs Sacramento Kings Full Game Highlights - November 22, 2025 | NBA Season","https://www.youtube.com/watch?v=RvVb178E448","RvVb178E448","GAMETIME HIGHLIGHTS",583,269017,2111,311.0
22500274,"Denver Nuggets vs Sacramento Kings - Full Game Highlights | November 22, 2025 NBA Season","https://www.youtube.com/watch?v=U8bo9tKD3v8","U8bo9tKD3v8","",580,4689,103,2.0
22500274,"Denver Nuggets vs Sacramento Kings Full Game Highlights | Nov 22, 2025 | FreeDawkins","https://www.youtube.com/watch?v=Yj1nrx6f810","Yj1nrx6f810","FreeDawkins",658,27121,751,101.0
22500274,"Denver Nuggets vs Sacramento Kings Full Game Highlights | Nov 22 | 2026 NBA Season","https://www.youtube.com/watch?v=Aud9uZMqdaw","Aud9uZMqdaw","Hooper Highlights",597,4050,135,8.0
22500259,"Minnesota Timberwolves vs Washington Wizards Full Game Highlights - November 19, 2025 | NBA Season","https://www.youtube.com/watch?v=6DnJrpaJA1s","6DnJrpaJA1s","GAMETIME HIGHLIGHTS",562,36761,431,14.0
22500259,"Minnesota Timberwolves vs Washington Wizards Full Game Highlights | Nov 19 | 2026 NBA Season","https://www.youtube.com/watch?v=v5707CTdRrI","v5707CTdRrI","Hooper Highlights",597,2183,85,""
22500256,"Indiana Pacers vs Charlotte Hornets Full Game Highlights - November 19, 2025 | NBA Season","https://www.youtube.com/watch?v=e3bmXlMGvQM","e3bmXlMGvQM","GAMETIME HIGHLIGHTS",558,28863,362,23.0
22500256,"Charlotte Hornets vs Indiana Pacers Full Game Highlights | Nov 19 | 2026 NBA Season","https://www.youtube.com/watch?v=6fs97jNcbVY","6fs97jNcbVY","Hooper Highlights",599,1522,54,1.0
22500267,"San Antonio Spurs vs Atlanta Hawks Full Game Highlights - November 20, 2025 | NBA Season","https://www.youtube.com/watch?v=0Rf7SCccD5Y","0Rf7SCccD5Y","GAMETIME HIGHLIGHTS",576,217343,1855,101.0
22500267,"San Antonio Spurs vs Atlanta Hawks - FULL GAME HIGHLIGHTS | November 20, 2025 NBA Season","https://www.youtube.com/watch?v=qePKOUY_rkQ","qePKOUY_rkQ","Ximo Pierto",573,7478,150,9.0
22500267,"San Antonio Spurs vs Atlanta Hawks Full Game Highlights | Nov 20 | 2026 NBA Season","https://www.youtube.com/watch?v=gGf__2NVTog","gGf__2NVTog","Hooper Highlights",597,3278,134,4.0
22500054,"Houston Rockets vs Denver Nuggets Full Game Highlights - November 21, 2025 | NBA Season","https://www.youtube.com/watch?v=9hY_4aHdoOw","9hY_4aHdoOw","GAMETIME HIGHLIGHTS",577,480776,3507,524.0
22500054,"Houston Rockets vs Denver Nuggets Full Game Highlights | Nov 21, 2025 | FreeDawkins","https://www.youtube.com/watch?v=bP1Vzlq5AaA","bP1Vzlq5AaA","",652,54115,1268,101.0
22500054,"Houston Rockets vs Denver Nuggets - FULL GAME HIGHLIGHTS | November 21, 2025 NBA Cup","https://www.youtube.com/watch?v=ru_F-Nym-SY","ru_F-Nym-SY","Ximo Pierto",573,9904,164,12.0
22500054,"Denver Nuggets vs Houston Rockets Full Game Highlights | Nov 21 | 2026 NBA Season","https://www.youtube.com/watch?v=o5wPZw3ppxc","o5wPZw3ppxc","Hooper Highlights",590,4296,156,5.0
22500262,"New York Knicks vs Dallas Mavericks Full Game Highlights - November 19, 2025 | NBA Season","https://www.youtube.com/watch?v=UzB30ud1b3o","UzB30ud1b3o","GAMETIME HIGHLIGHTS",569,138028,1137,184.0
22500262,"FlightReacts To KNICKS at MAVERICKS | FULL GAME HIGHLIGHTS | November 19, 2025!","https://www.youtube.com/watch?v=1ndzbrmJ9k8","1ndzbrmJ9k8","NotYourAverageFlight",689,75093,2790,165.0
22500262,"Dallas Mavericks vs New York Knicks FULLGAME Qtr Nov 19.2025 Highlights | NBA hightlight","https://www.youtube.com/watch?v=z5IIyd_o1Nc","z5IIyd_o1Nc","Mây Trắng Review",763,1741,6,""
22500051,"Miami Heat vs Chicago Bulls Full Game Highlights - November 21, 2025 | NBA Season","https://www.youtube.com/watch?v=Q-HSTnmJ1yg","Q-HSTnmJ1yg","GAMETIME HIGHLIGHTS",555,57169,578,58.0
22500051,"Miami Heat vs Chicago Bulls - FULL GAME HIGHLIGHTS | November 21, 2025 NBA Cup","https://www.youtube.com/watch?v=h60R4cADqWI","h60R4cADqWI","Ximo Pierto",567,2980,69,8.0
22500051,"Miami Heat vs Chicago Bulls Full Game Highlights | Nov 21 | 2026 NBA Season","https://www.youtube.com/watch?v=776OgLmDVT4","776OgLmDVT4","Hooper Highlights",597,1843,84,""
22500051,"Miami HEAT vs. Chicago Bulls | HEAT Highlights | November 21, 2025","https://www.youtube.com/watch?v=94XzP626wQE","94XzP626wQE","Miami HEAT",159,6479,140,33.0
22500257,"Golden State Warriors vs Miami Heat Full Game Highlights - November 19, 2025 | NBA Season","https://www.youtube.com/watch?v=FLLJxa7e1CI","FLLJxa7e1CI","GAMETIME HIGHLIGHTS",582,238666,1648,178.0
22500257,"Golden State Warriors vs Miami Heat Full Game Highlights | Nov 19, 2025 | FreeDawkins","https://www.youtube.com/watch?v=_w0YolCnops","_w0YolCnops","FreeDawkins",599,57532,1332,105.0
22500257,"Golden State Warriors vs Miami Heat - FULL GAME HIGHLIGHTS | November 19, 2025 NBA Season","https://www.youtube.com/watch?v=-JXWI8hyJPs","-JXWI8hyJPs","Ximo Pierto",580,5689,92,5.0
22500261,"Oklahoma City Thunder vs Sacramento Kings Full Game Highlights - November 19, 2025 | NBA Season","https://www.youtube.com/watch?v=N97JrrtlBiw","N97JrrtlBiw","GAMETIME HIGHLIGHTS",583,118225,1058,66.0
22500261,"Oklahoma City Thunder vs Sacramento Kings - FULL GAME HIGHLIGHTS | November 19, 2025 NBA Season","https://www.youtube.com/watch?v=S2PR2ZI5BqA","S2PR2ZI5BqA","Ximo Pierto",567,5190,96,3.0
22500261,"Oklahoma City Thunder vs Sacramento Kings Full Game Highlights | Nov 19 | 2026 NBA Season","https://www.youtube.com/watch?v=7T88fw__plU","7T88fw__plU","Hooper Highlights",596,3136,103,3.0
22500254,"Phoenix Suns vs Portland Trail Blazers Full Game Highlights - November 18, 2025 | NBA Season","https://www.youtube.com/watch?v=ufHTyCB3kEQ","ufHTyCB3kEQ","",550,6338,117,3.0
22500254,"Phoenix Suns vs Portland Trail Blazers Full Game Highlights (November 18 2025) NBA","https://www.youtube.com/watch?v=zgBXRPj-c8A","zgBXRPj-c8A","Basket Club",477,1403,12,""
22500239,"Atlanta Hawks vs Phoenix Suns Full Game Highlights | Nov 16 | 2026 NBA Season","https://www.youtube.com/watch?v=BL25ccS_q3M","BL25ccS_q3M","Hooper Highlights",590,3427,132,1.0
22500235,"Brooklyn Nets vs Washington Wizards | Full Game Highlights | November 16 | 2025-26 NBA Season","https://www.youtube.com/watch?v=_hd3T0Rvk2A","_hd3T0Rvk2A","The CCB Network",558,7404,112,2.0
22500052,"Dallas Mavericks vs New Orleans Pelicans Full Game Highlights - November 21, 2025 | NBA Season","https://www.youtube.com/watch?v=HwlS8jVFNiA","HwlS8jVFNiA","GAMETIME HIGHLIGHTS",583,129417,1161,183
22500052,"Dallas Mavericks vs New Orleans Pelicans - FULL GAME HIGHLIGHTS | November 21, 2025 NBA Cup","https://www.youtube.com/watch?v=oygBSeFfMfs","oygBSeFfMfs","Ximo Pierto",578,4294,97,8
22500052,"Dallas Mavericks vs New Orleans Pelicans Full Game Highlights | Nov 21 | 2026 NBA Season","https://www.youtube.com/watch?v=4qnUtrUIY4I","4qnUtrUIY4I","Hooper Highlights",598,2259,82,4
22500052,"Dallas Mavericks vs New Orleans Pelicans Full Game Highlights - November 21, 2025 | NBA Season","https://www.youtube.com/watch?v=zrTQrgylVYk","zrTQrgylVYk","Swish NBA",583,1375,23,3
22500052,"Dallas Mavericks vs New Orleans Pelicans | Full Game Highlights | November 21 | 2025-26 NBA Season","https://www.youtube.com/watch?v=pow0ViaREBM","pow0ViaREBM","The CCB Network",626,7296,111,7
22500241,"Milwaukee Bucks vs Cleveland Cavaliers - FULL GAME HIGHLIGHTS | November 17, 2025 NBA Season","https://www.youtube.com/watch?v=t0TkWNnnArU","t0TkWNnnArU","Ximo Pierto",563,3866,89,1
22500241,"Milwaukee Bucks vs Cleveland Cavaliers | Full Game Highlights | November 17 | 2025-26 NBA Season","https://www.youtube.com/watch?v=FYcwiLb13yA","FYcwiLb13yA","The CCB Network",603,58759,515,26
22500260,"Denver Nuggets vs New Orleans Pelicans Full Game Highlights - November 19, 2025 | NBA Season","https://www.youtube.com/watch?v=edrh9LZPyN8","edrh9LZPyN8","GAMETIME HIGHLIGHTS",560,149256,1140,72
22500260,"Denver Nuggets vs New Orleans Pelicans - FULL GAME HIGHLIGHTS | November 19, 2025 NBA Season","https://www.youtube.com/watch?v=kVAFe_jAiV4","kVAFe_jAiV4","Ximo Pierto",579,4284,85,14
22500260,"Denver Nuggets vs New Orleans Pelicans Full Game Highlights | Nov 19, 2025 | FreeDawkins","https://www.youtube.com/watch?v=1dkbSObn0sE","1dkbSObn0sE","FreeDawkins",615,16435,416,25
22500242,"Indiana Pacers vs Detroit Pistons Full Game Highlights | Nov 17 | 2026 NBA Season","https://www.youtube.com/watch?v=OhUhLVJOsB8","OhUhLVJOsB8","Hooper Highlights",589,2522,76,1.0
22500242,"Detroit Pistons vs Indiana Pacers 1st Qtr Nov 17.2025 Highlights | NBA HIGHLIGHT","https://www.youtube.com/watch?v=QkxgiMsRj6E","QkxgiMsRj6E","Mây Trắng Review",537,1655,4,""
22500255,"Houston Rockets vs Cleveland Cavaliers Full Game Highlights - November 19, 2025 | NBA Season","https://www.youtube.com/watch?v=b6rUKiNItaw","b6rUKiNItaw","GAMETIME HIGHLIGHTS",567,279272,2145,197.0
22500255,"Houston Rockets vs Cleveland Cavaliers Full Game Highlights | Nov 19, 2025 | FreeDawkins","https://www.youtube.com/watch?v=RMY9Wlp54uE","RMY9Wlp54uE","",596,23905,725,30.0
22500255,"Houston Rockets vs Cleveland Cavaliers - FULL GAME HIGHLIGHTS | November 19, 2025 NBA Season","https://www.youtube.com/watch?v=VKptEQS2V2U","VKptEQS2V2U","Ximo Pierto",569,11939,226,6.0
22500255,"Cleveland Cavaliers vs Houston Rockets FULLGAME Qtr Nov 19.2025 Highlights | NBA hightlight","https://www.youtube.com/watch?v=nZJ910SREGI","nZJ910SREGI","Mây Trắng Review",824,1788,7,1.0
22500249,"Golden State Warriors vs Orlando Magic Full Game Highlights - November 18, 2025 | NBA Season","https://www.youtube.com/watch?v=EZVfU0bsDUg","EZVfU0bsDUg","",577,7988,185,5.0
22500249,"Golden State Warriors vs Orlando Magic - FULL GAME HIGHLIGHTS | November 18, 2025 NBA Season","https://www.youtube.com/watch?v=2m-n2xxZ4kM","2m-n2xxZ4kM","Ximo Pierto",577,13018,209,22.0
22500249,"Golden State Warriors vs Orlando Magic | Full Game Highlights | November 18 | 2025-26 NBA Season","https://www.youtube.com/watch?v=O47BP64Qrsg","O47BP64Qrsg","The CCB Network",593,142842,1029,37.0
22500258,"Philadelphia 76ers vs Toronto Raptors Full Game Highlights - November 19, 2025 | NBA Season","https://www.youtube.com/watch?v=E-C4RvjbhVc","E-C4RvjbhVc","GAMETIME HIGHLIGHTS",569,47135,485,34.0
22500258,"Toronto Raptors vs Philadelphia 76ers - FULL GAME HIGHLIGHTS | November 19, 2025 NBA Season","https://www.youtube.com/watch?v=q_C0mfCgTkE","q_C0mfCgTkE","Ximo Pierto",576,3119,63,4.0
22500258,"Toronto Raptors vs Philadelphia 76ers - Full Team Highlights | Nov 19, 2025","https://www.youtube.com/watch?v=XBlxXEaOWHw","XBlxXEaOWHw","Raptors Nation",581,24716,345,53.0
22500258,"Toronto Raptors vs Philadelphia 76ers Full Game Highlights | Nov 19 | 2026 NBA Season","https://www.youtube.com/watch?v=aQqQkcdWuVo","aQqQkcdWuVo","Hooper Highlights",598,2547,82,2.0
22500266,"Milwaukee Bucks vs Philadelphia 76ers Full Game Highlights - November 20, 2025 | NBA Season","https://www.youtube.com/watch?v=-uY2EAJ4Eoo","-uY2EAJ4Eoo","GAMETIME HIGHLIGHTS",571,224052,1953,129.0
22500266,"Milwaukee Bucks vs Philadelphia 76ers - FULL GAME HIGHLIGHTS | November 20, 2025 NBA Season","https://www.youtube.com/watch?v=w23CCdmouy8","w23CCdmouy8","Ximo Pierto",574,9452,150,8.0
22500266,"Philadelphia 76ers vs Milwaukee Bucks Full Game Highlights | Nov 20 | 2026 NBA Season","https://www.youtube.com/watch?v=04nAS3vD7WI","04nAS3vD7WI","Hooper Highlights",595,2764,111,5.0
22500266,"MAXEY 54 PTS!!! FlightReacts To 76ERS at BUCKS | FULL GAME HIGHLIGHTS | November 20, 2025!","https://www.youtube.com/watch?v=FMZoxLeyOBI","FMZoxLeyOBI","NotYourAverageFlight",721,71146,3017,129.0
22500266,"Milwaukee Bucks vs Philadelphia 76ers  FULLGAME Qtr Nov 20.2025 Highlights | NBA HIGHLIGHT","https://www.youtube.com/watch?v=wxxIVGiMjQE","wxxIVGiMjQE","Mây Trắng Review",729,2215,12,""
22500264,"Los Angeles Clippers vs Orlando Magic Full Game Highlights - November 20, 2025 | NBA Season","https://www.youtube.com/watch?v=oDUSA7mBsds","oDUSA7mBsds","GAMETIME HIGHLIGHTS",570,131889,1039,83.0
22500264,"Los Angeles Clippers vs Orlando Magic - FULL GAME HIGHLIGHTS | November 20, 2025 NBA Season","https://www.youtube.com/watch?v=A9uYU0gQu0s","A9uYU0gQu0s","Ximo Pierto",577,3800,86,6.0
22500264,"LA Clippers vs Orlando Magic Full Game Highlights | Nov 20 | 2026 NBA Season","https://www.youtube.com/watch?v=mzY-LOgTwgY","mzY-LOgTwgY","Hooper Highlights",592,2511,95,1.0
22500264,"Los Angeles Clippers vs Orlando Magic | Full Game Highlights | November 20 | 2025-26 NBA Season","https://www.youtube.com/watch?v=115CxDeLx-Y","115CxDeLx-Y","The CCB Network",606,8056,113,7.0
22500264,"Orlando Magic vs Los Angeles Clippers 2nd Qtr Nov 20. 2025 Highlights | NBA highlight","https://www.youtube.com/watch?v=JyN6YJVl1BA","JyN6YJVl1BA","Mây Trắng Review",675,2704,17,""
22500252,"San Antonio Spurs vs Memphis Grizzlies - FULL GAME HIGHLIGHTS | November 18, 2025 NBA Season","https://www.youtube.com/watch?v=KnkDbjP9t4Y","KnkDbjP9t4Y","Ximo Pierto",571,14302,276,19
22500252,"San Antonio Spurs vs Memphis Grizzlies Full Game Highlights - November 18, 2025 | NBA Season","https://www.youtube.com/watch?v=RM-rzKRtLXA","RM-rzKRtLXA","",575,8491,166,7
22500252,"San Antonio Spurs vs Memphis Grizzlies | Full Game Highlights | November 18 | 2025-26 NBA Season","https://www.youtube.com/watch?v=e9_MFNNw19w","e9_MFNNw19w","The CCB Network",622,83042,757,41
22500040,"Brooklyn Nets vs Orlando Magic Full Game Highlights - November 14, 2025 | NBA Season","https://www.youtube.com/watch?v=sXwiGPLS_tk","sXwiGPLS_tk","GAMETIME HIGHLIGHTS",583,43032,479,31
22500253,"Los Angeles Lakers vs Utah Jazz Full Game Highlights - November 18, 2025 | NBA Season","https://www.youtube.com/watch?v=ok_Vem4dTC0","ok_Vem4dTC0","",570,108027,983,38
22500253,"Los Angeles Lakers vs Utah Jazz Full Game Highlights | Nov 18, 2025 | FreeDawkins","https://www.youtube.com/watch?v=UhTDz5Q8ESw","UhTDz5Q8ESw","",630,231146,5912,358
22500253,"Los Angeles Lakers vs Utah Jazz - FULL GAME HIGHLIGHTS | November 18, 2025 NBA Season","https://www.youtube.com/watch?v=gRdew_uEswI","gRdew_uEswI","Ximo Pierto",565,48705,748,43
22500251,"Detroit Pistons vs Atlanta Hawks Full Game Highlights - November 18, 2025 | NBA Season","https://www.youtube.com/watch?v=ne9FS3xXQ-k","ne9FS3xXQ-k","",568,4528,132,4.0
22500251,"Detroit Pistons vs Atlanta Hawks | Full Game Highlights | November 18 | 2025-26 NBA Season","https://www.youtube.com/watch?v=R43o7gcue-8","R43o7gcue-8","The CCB Network",620,30906,355,12.0
22500251,"FlightReacts To PISTONS at HAWKS | FULL GAME HIGHLIGHTS | November 18, 2025","https://www.youtube.com/watch?v=mHpBRgIWlRM","mHpBRgIWlRM","nonmaliceowl",791,12145,430,16.0
22500238,"Dallas Mavericks vs Portland Trail Blazers - FULL GAME HIGHLIGHTS | November 16, 2025 NBA Season","https://www.youtube.com/watch?v=QQvi_FSLvnM","QQvi_FSLvnM","Ximo Pierto",575,9471,161,8.0
22500238,"Dallas Mavericks vs Portland Trail Blazers Full Game Highlights | Nov 16 | 2026 NBA Season","https://www.youtube.com/watch?v=ptaHk9Rj8iQ","ptaHk9Rj8iQ","Hooper Highlights",598,4000,142,7.0
22500247,"Oklahoma City Thunder vs New Orleans Pelicans - FULL GAME HIGHLIGHTS | November 17, 2025 NBA Season","https://www.youtube.com/watch?v=hrykKX3siyY","hrykKX3siyY","Ximo Pierto",576,9057,162,7.0
22500247,"Oklahoma City Thunder vs New Orleans Pelicans Full Game Highlights | Nov 17 | 2026 NBA Season","https://www.youtube.com/watch?v=sWOaBXhQ__8","sWOaBXhQ__8","Hooper Highlights",589,2793,88,""
22500247,"New Orleans Pelicans vs Oklahoma City Thunder FULLGAME Qtr Nov 17.2025 Highlights | NBA hightlight","https://www.youtube.com/watch?v=oKynUVPuj08","oKynUVPuj08","Mây Trắng Review",803,1995,5,""
22500244,"New York Knicks vs Miami Heat Full Game Highlights | Nov 17, 2025 | FreeDawkins","https://www.youtube.com/watch?v=uGTSxXKbnF4","uGTSxXKbnF4","",705,11085,344,15
22500244,"New York Knicks vs Miami Heat - FULL GAME HIGHLIGHTS | November 17, 2025 NBA Season","https://www.youtube.com/watch?v=Vf9mDqEYfzg","Vf9mDqEYfzg","Ximo Pierto",577,3518,90,7
22500244,"New York Knicks vs Miami Heat | Full Game Highlights | November 17 | 2025-26 NBA Season","https://www.youtube.com/watch?v=bIdEKiCvqoo","bIdEKiCvqoo","The CCB Network",613,43065,369,12
22500248,"Chicago Bulls vs Denver Nuggets - FULL GAME HIGHLIGHTS | November 17, 2025 NBA Season","https://www.youtube.com/watch?v=6B8CSUezAe0","6B8CSUezAe0","Ximo Pierto",565,13311,255,14
22500248,"Denver Nuggets vs Chicago Bulls Full Game Highlights | Nov 17, 2025 | FreeDawkins","https://www.youtube.com/watch?v=wgE85ARs1vU","wgE85ARs1vU","",658,46218,1088,79
22500248,"Denver Nuggets vs Chicago Bulls Full Game Highlights | Nov 17 | 2026 NBA Season","https://www.youtube.com/watch?v=qX3BuH6Bfac","qX3BuH6Bfac","Hooper Highlights",591,5703,213,6
22500250,"Boston Celtics vs Brooklyn Nets - FULL GAME HIGHLIGHTS | November 18, 2025 NBA Season","https://www.youtube.com/watch?v=3VFE8EdRg2o","3VFE8EdRg2o","Ximo Pierto",570,6923,135,3
22500250,"Boston Celtics vs Brooklyn Nets Full Game Highlights - November 18, 2025 | NBA Season","https://www.youtube.com/watch?v=d3z93o50CAM","d3z93o50CAM","",545,3924,101,3
22500250,"Boston Celtics vs Brooklyn Nets | Full Game Highlights | November 18 | 2025-26 NBA Season","https://www.youtube.com/watch?v=O1G7Yoy48L4","O1G7Yoy48L4","The CCB Network",625,41390,445,11
22500250,"Boston Celtics vs Brooklyn Nets 1st Qtr Nov 18. 2025 Highlights | NBA highlight","https://www.youtube.com/watch?v=wJPYbKTbqu4","wJPYbKTbqu4","Mây Trắng Review",613,2148,8,1
22500243,"Los Angeles Clippers vs Philadelphia 76ers - FULL GAME HIGHLIGHTS | November 17, 2025 NBA Season","https://www.youtube.com/watch?v=fJqiTs9yERk","fJqiTs9yERk","Ximo Pierto",575,10980,238,12
22500243,"LA Clippers vs Philadelphia 76ers Full Game Highlights | Nov 17 | 2026 NBA Season","https://www.youtube.com/watch?v=qGuIoD8kWnc","qGuIoD8kWnc","Hooper Highlights",596,4129,141,3
22500243,"LA Clippers vs Philadelphia 76ers | Full Game Highlights | November 17 | 2025-26 NBA Season","https://www.youtube.com/watch?v=8ixP4uLOLzk","8ixP4uLOLzk","The CCB Network",641,2889,37,1
22500237,"Golden State Warriors vs New Orleans Pelicans Full Game Highlights | Nov 16, 2025 | FreeDawkins","https://www.youtube.com/watch?v=o_iVEbr381M","o_iVEbr381M","",593,115829,3637,151
22500237,"Golden State Warriors vs New Orleans Pelicans - FULL GAME HIGHLIGHTS | November 16, 2025 NBA Season","https://www.youtube.com/watch?v=GPbvz5EYJng","GPbvz5EYJng","Ximo Pierto",565,10927,205,10
22500237,"Golden State Warriors vs New Orleans Pelicans | Full Game Highlights | Nov 16 | 2025-26 NBA Season","https://www.youtube.com/watch?v=6QIBSSXNfuo","6QIBSSXNfuo","The CCB Network",629,101976,766,14
22500044,"Minnesota Timberwolves vs Sacramento Kings Full Game Highlights - November 14, 2025 | NBA Season","https://www.youtube.com/watch?v=uhHRQWQUHGI","uhHRQWQUHGI","GAMETIME HIGHLIGHTS",578,125209,1166,146
22500044,"Minnesota Timberwolves vs Sacramento Kings - FULL GAME HIGHLIGHTS | November 14, 2025 NBA Cup","https://www.youtube.com/watch?v=3_YiRFo8aJU","3_YiRFo8aJU","Ximo Pierto",580,4416,88,9
22500042,"Houston Rockets vs Portland Trail Blazers Full Game Highlights - November 14, 2025 | NBA Season","https://www.youtube.com/watch?v=iRatOG7aqmc","iRatOG7aqmc","GAMETIME HIGHLIGHTS",557,162884,1477,150.0
22500042,"Houston Rockets vs Portland Trail Blazers - FULL GAME HIGHLIGHTS | November 14, 2025 NBA Cup","https://www.youtube.com/watch?v=KusGhcqD-ec","KusGhcqD-ec","Ximo Pierto",566,6318,137,4.0
22500240,"Chicago Bulls vs Utah Jazz - FULL GAME HIGHLIGHTS | November 16, 2025 NBA Season","https://www.youtube.com/watch?v=ODU_g_AeFt4","ODU_g_AeFt4","Ximo Pierto",584,8183,151,10.0
22500240,"Chicago Bulls vs Utah Jazz | Full Game Highlights | November 16 | 2025-26 NBA Season","https://www.youtube.com/watch?v=lj5-4kSjupc","lj5-4kSjupc","The CCB Network",640,3365,52,1.0
22500240,"Utah Jazz  vs Chicago Bulls FULLGAME Qtr Nov 16.2025 Highlights | NBA hightlight","https://www.youtube.com/watch?v=BDJ3f8RTf-8","BDJ3f8RTf-8","Mây Trắng Review",848,1996,2,""
22500246,"Minnesota Timberwolves vs Dallas Mavericks Full Game Highlights | Nov 17, 2025 | FreeDawkins","https://www.youtube.com/watch?v=37-ib9OOrQY","37-ib9OOrQY","",593,40071,813,55.0
22500246,"Dallas Mavericks vs Minnesota Timberwolves - FULL GAME HIGHLIGHTS | November 17, 2025 NBA Season","https://www.youtube.com/watch?v=SINal2IBNhM","SINal2IBNhM","Ximo Pierto",581,6825,113,4.0
22500246,"Minnesota Timberwolves vs Dallas Mavericks FULLGAME Qtr Nov 17.2025 Highlights | NBA HIGHLIGHT","https://www.youtube.com/watch?v=JbQ5oOvgC64","JbQ5oOvgC64","Mây Trắng Review",799,2065,6,""
22500246,"Minnesota Timberwolves vs Dallas Mavericks1st Qtr Nov 17.2025 Highlights | NBA HIGHLIGHT","https://www.youtube.com/watch?v=uMZJeKqdKxQ","uMZJeKqdKxQ","Mây Trắng Review",580,3127,10,""
22500232,"Denver Nuggets vs Minnesota Timberwolves Full Game Highlights | Nov 15, 2025 | FreeDawkins","https://www.youtube.com/watch?v=Bpgld-i6tJQ","Bpgld-i6tJQ","",599,71347,1420,86.0
22500232,"Denver Nuggets vs Minnesota Timberwolves - FULL GAME HIGHLIGHTS | November 15, 2025 NBA Season","https://www.youtube.com/watch?v=z9YHndxkG4g","z9YHndxkG4g","Ximo Pierto",555,9013,164,6.0
22500232,"Minnesota Timberwolves vs Denver Nuggets FULLGAME Qtr Nov 15.2025 Highlights | NBA HIGHLIGHT","https://www.youtube.com/watch?v=dbfduiv7hqE","dbfduiv7hqE","Mây Trắng Review",789,15294,40,2.0
22500229,"Oklahoma City Thunder vs Charlotte Hornets - FULL GAME HIGHLIGHTS | November 15, 2025 NBA Season","https://www.youtube.com/watch?v=BOvEtFxgZaw","BOvEtFxgZaw","Ximo Pierto",554,9014,172,4.0
22500229,"Oklahoma City Thunder vs Charlotte Hornets | Full Game Highlights | November 15 | 2025-26 NBA Season","https://www.youtube.com/watch?v=YhBsHK_R600","YhBsHK_R600","The CCB Network",599,4103,75,""
22500229,"Oklahoma City Thunder vs Charlotte Hornets Full Game Highlights | Nov 15 | 2026 NBA Season","https://www.youtube.com/watch?v=pHqYJsfmT-w","pHqYJsfmT-w","Hooper Highlights",599,3813,144,4.0
22500228,"Cleveland Cavaliers vs Memphis Grizzlies - FULL GAME HIGHLIGHTS | November 15, 2025 NBA Season","https://www.youtube.com/watch?v=ALLvTAdG2j4","ALLvTAdG2j4","Ximo Pierto",569,5358,96,8.0
22500228,"Cleveland Cavaliers vs Memphis Grizzlies Full Game Highlights | Nov 15 | 2026 NBA Season","https://www.youtube.com/watch?v=ZRbiOw5MRDM","ZRbiOw5MRDM","Hooper Highlights",598,2985,112,""
22500228,"Cleveland Cavaliers vs Memphis Grizzlies 1st Qtr Nov 15. 2025 Highlights | NBA highlight","https://www.youtube.com/watch?v=QAdAg_zX_nQ","QAdAg_zX_nQ","Mây Trắng Review",728,1642,7,""
22500233,"Los Angeles Clippers vs Boston Celtics - FULL GAME HIGHLIGHTS | November 16, 2025 NBA Season","https://www.youtube.com/watch?v=--cfdApmKFU","--cfdApmKFU","Ximo Pierto",573,14139,245,10.0
22500233,"Boston Celtics vs LA Clippers Full Game Highlights | Nov 16 | 2026 NBA Season","https://www.youtube.com/watch?v=5jHWyGqffRg","5jHWyGqffRg","Hooper Highlights",598,4139,147,4.0
22500233,"Boston Celtics vs Los Angeles Clippers FULLGAME Qtr Nov 16.2025 Highlights | NBA hightlight","https://www.youtube.com/watch?v=bCRvyyS7PpQ","bCRvyyS7PpQ","Mây Trắng Review",778,7303,25,2.0
22500234,"San Antonio Spurs vs Sacramento Kings - FULL GAME HIGHLIGHTS | November 16, 2025 NBA Season","https://www.youtube.com/watch?v=QYgcJYHiOVY","QYgcJYHiOVY","Ximo Pierto",557,14791,231,22.0
22500234,"San Antonio Spurs vs Sacramento Kings Full Game Highlights | Nov 16 | 2026 NBA Season","https://www.youtube.com/watch?v=M8aTzFla5NA","M8aTzFla5NA","Hooper Highlights",596,4345,134,3.0
22500234,"San Antonio Spurs vs Sacramento Kings 1st Qtr Nov 16. 2025 Highlights | NBA highlight","https://www.youtube.com/watch?v=j36ZZztRA98","j36ZZztRA98","Mây Trắng Review",592,1724,7,""
22500234,"San Antonio Spurs vs Sacramento Kings 4th Qtr Nov 16. 2025 Highlights | NBA highlight","https://www.youtube.com/watch?v=pTE3CKf5ljk","pTE3CKf5ljk","Mây Trắng Review",572,2639,8,""
22500236,"Houston Rockets vs Orlando Magic - FULL GAME HIGHLIGHTS | November 16, 2025 NBA Season","https://www.youtube.com/watch?v=6Ee1YCSrum8","6Ee1YCSrum8","Ximo Pierto",578,9599,217,13.0
22500236,"Houston Rockets vs Orlando Magic Full Game Highlights | Nov 16, 2025 | FreeDawkins","https://www.youtube.com/watch?v=m1cjL52pfXM","m1cjL52pfXM","",692,44326,1278,103.0
22500236,"Orlando Magic vs Houston Rockets | Full Game Highlights | November 16 | 2025-26 NBA Season","https://www.youtube.com/watch?v=FLrFJv2DRkI","FLrFJv2DRkI","The CCB Network",637,55992,586,18.0
22500236,"Houston Rockets vs Orlando Magic Full Game Highlights | Nov 16 | 2026 NBA Season","https://www.youtube.com/watch?v=VSKEvrEviQY","VSKEvrEviQY","Hooper Highlights",594,4311,155,5.0
22500215,"New York Knicks vs Orlando Magic Full Game Highlights - November 12, 2025 | NBA Season","https://www.youtube.com/watch?v=kEUjFI2laKY","kEUjFI2laKY","GAMETIME HIGHLIGHTS",558,66278,725,61
22500215,"Orlando Magic vs New York Knicks Full Game Highlights | Nov 12 | 2026 NBA Season","https://www.youtube.com/watch?v=u8W02dwpLhU","u8W02dwpLhU","Hooper Highlights",596,2123,86,3
22500043,"Milwaukee Bucks vs Charlotte Hornets Full Game Highlights - November 14, 2025 | NBA Season","https://www.youtube.com/watch?v=qTtUQTVN7yc","qTtUQTVN7yc","GAMETIME HIGHLIGHTS",580,164925,1677,156
22500043,"Milwaukee Bucks vs Charlotte Hornets - FULL GAME HIGHLIGHTS | November 14, 2025 NBA Cup","https://www.youtube.com/watch?v=RLrWNr_Tm-w","RLrWNr_Tm-w","Ximo Pierto",580,4182,57,4
22500043,"FlightReacts Hornets at Bucks | EMIRATES NBA CUP | Full Game Highlights | November 14, 2025","https://www.youtube.com/watch?v=QvSNH53NZ2g","QvSNH53NZ2g","FTC_Clips",374,2152,65,4
22500223,"Atlanta Hawks vs Sacramento Kings Full Game Highlights - November 12, 2025 | NBA Season","https://www.youtube.com/watch?v=E3jiXGW8JIM","E3jiXGW8JIM","GAMETIME HIGHLIGHTS",578,38743,461,46
22500224,"Denver Nuggets vs Los Angeles Clippers Full Game Highlights - November 12, 2025 | NBA Season","https://www.youtube.com/watch?v=bxRAd8kGYr0","bxRAd8kGYr0","GAMETIME HIGHLIGHTS",552,255749,2436,286.0
22500224,"Denver Nuggets vs Los Angeles Clippers Full Game Highlights | Nov 12, 2025 | FreeDawkins","https://www.youtube.com/watch?v=vpaNh9N7Fp0","vpaNh9N7Fp0","",588,15123,507,37.0
22500231,"Los Angeles Lakers vs Milwaukee Bucks Full Game Highlights | Nov 15, 2025 | FreeDawkins","https://www.youtube.com/watch?v=03-vua_Q0L4","03-vua_Q0L4","",582,160274,3898,253.0
22500231,"Los Angeles Lakers vs Milwaukee Bucks - FULL GAME HIGHLIGHTS | November 15, 2025 NBA Season","https://www.youtube.com/watch?v=_PbmtlYjF4w","_PbmtlYjF4w","Ximo Pierto",570,17509,289,16.0
22500231,"Los Angeles Lakers vs Milwaukee Bucks | Full Game Highlights | November 15 | 2025-26 NBA Season","https://www.youtube.com/watch?v=MfgdGQQvFKI","MfgdGQQvFKI","The CCB Network",636,369051,2458,177.0
22500231,"Los Angeles Lakers vs Milwaukee Bucks Highlights Full Game - NOV 15.2025 | NBA","https://www.youtube.com/watch?v=EUtJgtqAma0","EUtJgtqAma0","Vi bầu trời",623,12861,52,4.0
22500219,"New Orleans Pelicans vs Portland Trail Blazers Full Game Highlights - November 12, 2025 | NBA Season","https://www.youtube.com/watch?v=T9SCdObd_LM","T9SCdObd_LM","GAMETIME HIGHLIGHTS",584,33411,414,30.0
22500219,"Portland Trail Blazers vs New Orleans Pelicans Full Game Highlights | Nov 12 | 2026 NBA Season","https://www.youtube.com/watch?v=ZIk6VjeFvu8","ZIk6VjeFvu8","Hooper Highlights",597,1304,53,""
22500230,"Toronto Raptors vs Indiana Pacers - FULL GAME HIGHLIGHTS | November 15, 2025 NBA Season","https://www.youtube.com/watch?v=Ud1UqoSlwcQ","Ud1UqoSlwcQ","Ximo Pierto",576,3822,74,4.0
22500230,"Toronto Raptors vs Indiana Pacers - Full Team Highlights | Nov 15, 2025","https://www.youtube.com/watch?v=NoMcxy1uAwI","NoMcxy1uAwI","Raptors Nation",554,24667,287,28.0
22500230,"Indiana Pacers vs Toronto Raptors Full Game Highlights | Nov 15 | 2026 NBA Season","https://www.youtube.com/watch?v=BExAPBRcUDQ","BExAPBRcUDQ","Hooper Highlights",596,1880,58,""
22500230,"Toronto Raptors vs Indiana Pacers - First Half Highlights | Nov 15, 2025","https://www.youtube.com/watch?v=qNyCgYCsjSQ","qNyCgYCsjSQ","Raptors Nation",273,4112,43,5.0
22500227,"Atlanta Hawks vs Utah Jazz Full Game Highlights - November 13, 2025 | NBA Season","https://www.youtube.com/watch?v=nloSeWUrKik","nloSeWUrKik","GAMETIME HIGHLIGHTS",558,76272,757,67.0
22500227,"Utah Jazz vs Atlanta Hawks - FULL GAME HIGHLIGHTS | November 13, 2025 NBA Season","https://www.youtube.com/watch?v=YfaNX9y0WCM","YfaNX9y0WCM","Ximo Pierto",561,1284,46,2.0
22500227,"Atlanta Hawks vs Utah Jazz Full Game Highlights | Nov 13 | 2026 NBA Season","https://www.youtube.com/watch?v=XtAT3-TFobM","XtAT3-TFobM","Hooper Highlights",599,2157,73,3.0
22500041,"Philadelphia 76ers vs Detroit Pistons Full Game Highlights - November 14, 2025 | NBA Season","https://www.youtube.com/watch?v=G2v5pw01jik","G2v5pw01jik","GAMETIME HIGHLIGHTS",554,105788,976,55.0
22500041,"Detroit Pistons vs Philadelphia 76ers 2nd Qtr Nov 14. 2025 Highlights | NBA highlight","https://www.youtube.com/watch?v=h6Stk6-lhlo","h6Stk6-lhlo","Mây Trắng Review",547,1799,8,3.0
22500041,"Detroit Pistons vs Philadelphia 76ers 1st Qtr Nov 14. 2025 Highlights | NBA highlight","https://www.youtube.com/watch?v=07SUmrhmznA","07SUmrhmznA","Mây Trắng Review",602,2151,11,2.0
22500222,"Los Angeles Lakers vs OKC Thunder Full Game Highlights | Nov 12, 2025 | FreeDawkins","https://www.youtube.com/watch?v=S0fk2Hhj9z4","S0fk2Hhj9z4","FreeDawkins",572,59911,1418,134.0
22500222,"Los Angeles Lakers vs Oklahoma City Thunder | Full Game Highlights | Nov 12 | 2025-26 NBA Season","https://www.youtube.com/watch?v=SfvPbIB-bL0","SfvPbIB-bL0","The CCB Network",608,8912,151,9.0
22500222,"Los Angeles Lakers vs Oklahoma City Thunder - FULL GAME HIGHLIGHTS | November 12, 2025 NBA Season","https://www.youtube.com/watch?v=r1REZb39uuc","r1REZb39uuc","Ximo Pierto",567,8246,146,23.0
22500220,"Golden State Warriors vs San Antonio Spurs Full Game Highlights | Nov 12, 2025 | FreeDawkins","https://www.youtube.com/watch?v=0iFYoD7NgQw","0iFYoD7NgQw","",627,151860,4941,254.0
22500220,"Golden State Warriors vs San Antonio Spurs - FULL GAME HIGHLIGHTS | November 12, 2025 NBA Season","https://www.youtube.com/watch?v=nAPILYwDLYI","nAPILYwDLYI","Ximo Pierto",579,16226,295,13.0
22500220,"Golden State Warriors vs San Antonio Spurs | Full Game Highlights | November 12 | 2025-26 NBA Season","https://www.youtube.com/watch?v=NunkdrjYs88","NunkdrjYs88","The CCB Network",618,18744,267,10.0
22500213,"Milwaukee Bucks vs Charlotte Hornets Full Game Highlights - November 12, 2025 | NBA Season","https://www.youtube.com/watch?v=AKFKfI2E63Y","AKFKfI2E63Y","GAMETIME HIGHLIGHTS",571,55563,606,57.0
22500213,"Milwaukee Bucks vs Charlotte Hornets Full Game Highlights | Nov 12 | 2026 NBA Season","https://www.youtube.com/watch?v=clrK_CHbZgk","clrK_CHbZgk","Hooper Highlights",599,1666,52,""
22500213,"Milwaukee Bucks vs Charlotte Hornets | Full Game Highlights | November 12 | 2025-26 NBA Season","https://www.youtube.com/watch?v=MQPRUV1XMew","MQPRUV1XMew","The CCB Network",606,2516,59,4.0
22500226,"Phoenix Suns vs Indiana Pacers Full Game Highlights - November 13, 2025 | NBA Season","https://www.youtube.com/watch?v=VYvAb0hS6Ek","VYvAb0hS6Ek","GAMETIME HIGHLIGHTS",559,108795,1057,136.0
22500226,"Phoenix Suns vs Indiana Pacers - FULL GAME HIGHLIGHTS | November 13, 2025 NBA Season","https://www.youtube.com/watch?v=swtmHmSXBZY","swtmHmSXBZY","Ximo Pierto",564,2080,58,3.0
22500226,"Phoenix Suns vs Indiana Pacers Full Game Highlights | Nov 13 | 2026 NBA Season","https://www.youtube.com/watch?v=Cih4JBI_W18","Cih4JBI_W18","Hooper Highlights",592,1883,76,1.0
22500045,"Los Angeles Lakers vs New Orleans Pelicans Full Game Highlights - November 14, 2025 | NBA Season","https://www.youtube.com/watch?v=7Ys5C6rTo80","7Ys5C6rTo80","GAMETIME HIGHLIGHTS",569,592585,4512,269.0
22500045,"Los Angeles Lakers vs New Orleans Pelicans Full Game Highlights | Nov 14, 2025 | FreeDawkins","https://www.youtube.com/watch?v=l9TmHI4viHk","l9TmHI4viHk","",610,65736,1777,72.0
22500045,"Los Angeles Lakers vs New Orleans Pelicans - FULL GAME HIGHLIGHTS | November 14, 2025 NBA Cup","https://www.youtube.com/watch?v=-_-cVxUNhwk","-_-cVxUNhwk","Ximo Pierto",573,5814,125,2.0
22500045,"Lakers vs Pelicans | Lakers Highlights | November 14th, 2025","https://www.youtube.com/watch?v=_1a2QIVDazg","_1a2QIVDazg","Lakers GametimeTV",509,155879,2214,133.0
22500217,"Cleveland Cavaliers vs Miami Heat Full Game Highlights - November 12, 2025 | NBA Season","https://www.youtube.com/watch?v=2qKK3e20Rzo","2qKK3e20Rzo","GAMETIME HIGHLIGHTS",571,44538,533,53.0
22500217,"Cleveland Cavaliers vs Miami Heat Full Game Highlights | Nov 12 | 2026 NBA Season","https://www.youtube.com/watch?v=jBOb0vp-JhM","jBOb0vp-JhM","Hooper Highlights",596,2060,70,""
22500217,"Miami HEAT vs. Cleveland Cavaliers | HEAT Highlights | November 12, 2025","https://www.youtube.com/watch?v=1wGCzSxMbiI","1wGCzSxMbiI","Miami HEAT",142,1136,17,4.0
22500047,"Golden State Warriors vs San Antonio Spurs Full Game Highlights - November 14, 2025 | NBA Season","https://www.youtube.com/watch?v=UawvININqMc","UawvININqMc","GAMETIME HIGHLIGHTS",580,1014104,10726,986.0
22500047,"Golden State Warriors vs San Antonio Spurs Full Game Highlights | Nov 14, 2025 | FreeDawkins","https://www.youtube.com/watch?v=L_EBP0R6_m4","L_EBP0R6_m4","",680,172881,7874,759.0
22500047,"Golden State Warriors vs San Antonio Spurs - FULL GAME HIGHLIGHTS | November 14, 2025 NBA Cup","https://www.youtube.com/watch?v=QHGhlcDBsyM","QHGhlcDBsyM","Ximo Pierto",561,23204,431,48.0
22500047,"Golden State Warriors vs San Antonio Spurs Full Game Highlights | Nov 14 | 2026 NBA Season","https://www.youtube.com/watch?v=b3C4A1n6n1E","b3C4A1n6n1E","Hooper Highlights",595,6230,240,12.0
22500216,"Boston Celtics vs Memphis Grizzlies Full Game Highlights - November 12, 2025 | NBA Season","https://www.youtube.com/watch?v=EuXzkxJYc0Y","EuXzkxJYc0Y","GAMETIME HIGHLIGHTS",568,84990,986,50.0
22500216,"Boston Celtics vs Memphis Grizzlies Full Game Highlights | Nov 12 | 2026 NBA Season","https://www.youtube.com/watch?v=wOfB9uRxO7s","wOfB9uRxO7s","Hooper Highlights",597,2030,83,3.0
22500216,"Boston Celtics vs Memphis Grizzlies 2nd Qtr Nov 12.2025 Highlights | NBA hightlight","https://www.youtube.com/watch?v=8wt4XOQw_Qk","8wt4XOQw_Qk","Mây Trắng Review",502,1362,6,""
22500039,"New York Knicks vs Miami Heat Full Game Highlights - November 14, 2025 | NBA Season","https://www.youtube.com/watch?v=zisplHoKGzs","zisplHoKGzs","GAMETIME HIGHLIGHTS",565,112509,1021,188.0
22500039,"New York Knicks vs Miami Heat - FULL GAME HIGHLIGHTS | November 14, 2025 NBA Cup","https://www.youtube.com/watch?v=qLHf-5a4Jt0","qLHf-5a4Jt0","Ximo Pierto",569,3149,83,6.0
22500039,"New York Knicks vs Miami Heat FULLGAME Qtr Nov 14.2025 Highlights | NBA hightlight","https://www.youtube.com/watch?v=FPxdLa8Sj7Q","FPxdLa8Sj7Q","Mây Trắng Review",845,4219,15,1.0
22500039,"Jordan Clarkson vs Heat 24 pts 5 reb 3 ast | Nov 14, 2025 | Regular Season","https://www.youtube.com/watch?v=9ChC_FVI38o","9ChC_FVI38o","DV highlights",91,7600,65,3.0
22500245,"Toronto Raptors vs Charlotte Hornets - 4K FULL GAME HIGHLIGHTS | November 17, 2025 NBA Season","https://www.youtube.com/watch?v=Wiq2EJwMIxM","Wiq2EJwMIxM","Ximo Pierto",568,3468,76,5.0
22500245,"Charlotte Hornets vs Toronto Raptors | Full Game Highlights | November 17 | 2025-26 NBA Season","https://www.youtube.com/watch?v=mp2MM1kJ0G0","mp2MM1kJ0G0","The CCB Network",615,15650,178,6.0
22500245,"Toronto Raptors vs Charlotte Hornets - Full Team Highlights | Nov 17, 2025","https://www.youtube.com/watch?v=OEAdiCeAIkc","OEAdiCeAIkc","Raptors Nation",582,17659,255,31.0
22500245,"Charlotte Hornets vs Toronto Raptors Full Game Highlights | Nov 17 | 2026 NBA Season","https://www.youtube.com/watch?v=n6LTgSZCGWI","n6LTgSZCGWI","Hooper Highlights",597,1976,78,2.0
22500245,"FlightReacts To HORNETS at RAPTORS | FULL GAME HIGHLIGHTS | November 17, 2025!","https://www.youtube.com/watch?v=ssdwRgp6QuA","ssdwRgp6QuA","NotYourAverageFlight",881,69867,2882,142.0
22500245,"Toronto Raptors vs Charlotte Hornets - First Half Team Highlights | Nov 17, 2025","https://www.youtube.com/watch?v=teGkohksxf8","teGkohksxf8","Raptors Nation",203,3286,35,1.0
22500205,"Minnesota Timberwolves vs Utah Jazz Full Game Highlights - November 10, 2025 | NBA Season","https://www.youtube.com/watch?v=xDI4Xruo9So","xDI4Xruo9So","GAMETIME HIGHLIGHTS",580,78534,845,26.0
22500046,"Los Angeles Clippers vs Dallas Mavericks Full Game Highlights - November 14, 2025 | NBA Season","https://www.youtube.com/watch?v=oNOX3jTlXU0","oNOX3jTlXU0","GAMETIME HIGHLIGHTS",578,263357,2036,225.0
22500046,"Dallas Mavericks vs Los Angeles Clippers - FULL GAME HIGHLIGHTS | November 14, 2025 NBA Cup","https://www.youtube.com/watch?v=6xXOBDFdRxQ","6xXOBDFdRxQ","Ximo Pierto",584,5229,107,13.0
22500046,"Dallas Mavericks vs Los Angeles Clippers 2nd Qtr Nov 14. 2025 Highlights | NBA highlight","https://www.youtube.com/watch?v=BoxCWTC4Oko","BoxCWTC4Oko","Mây Trắng Review",680,1337,5,""
22500046,"Los Angeles Clippers vs Dallas Mavericks | Full Game Highlights | November 14 | 2025-26 NBA Season","https://www.youtube.com/watch?v=RG9fmvz1bnk","RG9fmvz1bnk","The CCB Network",608,8522,147,7.0
22500218,"Houston Rockets vs Washington Wizards Full Game Highlights - November 12, 2025 | NBA Season","https://www.youtube.com/watch?v=HbCsI_LsY_Q","HbCsI_LsY_Q","GAMETIME HIGHLIGHTS",556,102579,928,87.0
22500218,"Houston Rockets vs Washington Wizards - FULL GAME HIGHLIGHTS | November 12, 2025 NBA Season","https://www.youtube.com/watch?v=JhLHEfuh3pk","JhLHEfuh3pk","Ximo Pierto",556,5159,113,1.0
22500218,"Washington Wizards vs Houston Rockets Full Game Highlights | Nov 12 | 2026 NBA Season","https://www.youtube.com/watch?v=8GRPodH7o3M","8GRPodH7o3M","Hooper Highlights",594,2159,84,""
22500204,"Phoenix Suns vs New Orleans Pelicans Full Game Highlights - November 10, 2025 | NBA Season","https://www.youtube.com/watch?v=9aE-OVacKxU","9aE-OVacKxU","GAMETIME HIGHLIGHTS",554,34816,474,28.0
22500204,"Phoenix Suns vs New Orleans Pelicans Full Game Highlights | Nov 10 | 2026 NBA Season","https://www.youtube.com/watch?v=jn_dcuK_qlk","jn_dcuK_qlk","Hooper Highlights",593,1564,62,1.0
22500221,"Phoenix Suns vs Dallas Mavericks Full Game Highlights - November 12, 2025 | NBA Season","https://www.youtube.com/watch?v=SC55eBDmheI","SC55eBDmheI","GAMETIME HIGHLIGHTS",582,133153,1127,107.0
22500221,"Dallas Mavericks vs Phoenix Suns - FULL GAME HIGHLIGHTS | November 12, 2025 NBA Season","https://www.youtube.com/watch?v=Ge4rBY0bxS8","Ge4rBY0bxS8","Ximo Pierto",576,3967,70,6.0
22500221,"Dallas Mavericks vs Phoenix Suns Full Game Highlights | Nov 12 | 2026 NBA Season","https://www.youtube.com/watch?v=ZcmH9GG8EPM","ZcmH9GG8EPM","Hooper Highlights",595,3059,102,2.0
22500214,"Chicago Bulls vs Detroit Pistons Full Game Highlights - November 12, 2025 | NBA Season","https://www.youtube.com/watch?v=Z-qAdoS3Xns","Z-qAdoS3Xns","GAMETIME HIGHLIGHTS",573,58608,744,37.0
22500214,"Chicago Bulls vs Detroit Pistons Full Game Highlights | Nov 12 | 2026 NBA Season","https://www.youtube.com/watch?v=c3UBtu5aZuA","c3UBtu5aZuA","Hooper Highlights",595,1958,67,1.0
22500214,"Chicago Bulls vs. Detroit Pistons (11/12/25) | Game Highlights | CHSN Bulls","https://www.youtube.com/watch?v=gaVkTbgOny8","gaVkTbgOny8","Chicago Sports Network",120,2051,17,9.0
22500195,"Philadelphia 76ers vs Detroit Pistons Full Game Highlights - November 9, 2025 | NBA Season","https://www.youtube.com/watch?v=2x3gYtTSmik","2x3gYtTSmik","GAMETIME HIGHLIGHTS",574,104423,1422,117.0
22500211,"Indiana Pacers vs Utah Jazz Full Game Highlights - November 11, 2025 | NBA Season","https://www.youtube.com/watch?v=Ft_qkyeLPiU","Ft_qkyeLPiU","GAMETIME HIGHLIGHTS",555,43390,498,27.0
22500211,"Indiana Pacers vs Utah Jazz - FULL GAME HIGHLIGHTS | November 11, 2025 NBA Season","https://www.youtube.com/watch?v=aTNe-_XNr6o","aTNe-_XNr6o","Ximo Pierto",580,1364,40,4.0
22500211,"Indiana Pacers vs Utah Jazz Full Game Highlights | Nov 11 | 2026 NBA Season","https://www.youtube.com/watch?v=_YVRLrRL_YI","_YVRLrRL_YI","Hooper Highlights",593,1365,59,""
22500225,"Cleveland Cavaliers vs Toronto Raptors Full Game Highlights - November 13, 2025 | NBA Season","https://www.youtube.com/watch?v=mg-Aqa0U53Q","mg-Aqa0U53Q","GAMETIME HIGHLIGHTS",576,81742,787,42.0
22500225,"Toronto Raptors vs Cleveland Cavaliers - FULL GAME HIGHLIGHTS | November 13, 2025 NBA Season","https://www.youtube.com/watch?v=GOTWiraC6fk","GOTWiraC6fk","Ximo Pierto",552,2347,70,1.0
22500225,"Toronto Raptors vs Cleveland Cavaliers - Full Team Highlights | Nov 13, 2025","https://www.youtube.com/watch?v=4_zJEaK7wFE","4_zJEaK7wFE","Raptors Nation",583,18023,274,29.0
22500225,"Cleveland Cavaliers vs Toronto Raptors Full Game Highlights | Nov 13 | 2026 NBA Season","https://www.youtube.com/watch?v=HjEcA190atY","HjEcA190atY","Hooper Highlights",597,2004,76,""
22500225,"Toronto Raptors vs Cleveland Cavaliers - First Half Team Highlights | Nov 13, 2025","https://www.youtube.com/watch?v=ZKQ42N7f99U","ZKQ42N7f99U","Raptors Nation",295,4138,40,1.0
22500200,"Orlando Magic vs Portland Trail Blazers Full Game Highlights - November 10, 2025 | NBA Season","https://www.youtube.com/watch?v=KgghWrMQ6D0","KgghWrMQ6D0","GAMETIME HIGHLIGHTS",576,52942,659,41.0
22500200,"Orlando Magic vs Portland Trail Blazers Full Game Highlights | Nov 10 | 2026 NBA Season","https://www.youtube.com/watch?v=zvsSFl9I2j8","zvsSFl9I2j8","Hooper Highlights",595,2049,93,1.0
22500209,"Boston Celtics vs Philadelphia 76ers Full Game Highlights - November 11, 2025 | NBA Season","https://www.youtube.com/watch?v=gT_kuv13FNw","gT_kuv13FNw","GAMETIME HIGHLIGHTS",576,179776,1892,102.0
22500209,"Boston Celtics vs Philadelphia 76ers - FULL GAME HIGHLIGHTS | November 11, 2025 NBA Season","https://www.youtube.com/watch?v=3V6btVdCbKw","3V6btVdCbKw","Ximo Pierto",553,3250,95,5.0
22500209,"Boston Celtics vs Philadelphia 76ers Full Game Highlights | Nov 11 | 2026 NBA Season","https://www.youtube.com/watch?v=FVcjbirXVFo","FVcjbirXVFo","Hooper Highlights",596,2651,99,7.0
22500197,"Minnesota Timberwolves vs Sacramento Kings Full Game Highlights - November 9, 2025 | NBA Season","https://www.youtube.com/watch?v=2iUQIjlSFSs","2iUQIjlSFSs","GAMETIME HIGHLIGHTS",567,102793,1064,101
22500197,"Minnesota Timberwolves vs Sacramento Kings - FULL GAME HIGHLIGHTS | November 9, 2025 NBA Season","https://www.youtube.com/watch?v=H7B4RAeQpEg","H7B4RAeQpEg","Ximo Pierto",581,6488,135,8
22500212,"Denver Nuggets vs Sacramento Kings Full Game Highlights - November 11, 2025 | NBA Season","https://www.youtube.com/watch?v=azBGwRh43P8","azBGwRh43P8","GAMETIME HIGHLIGHTS",576,203220,1885,299
22500212,"Denver Nuggets vs Sacramento Kings Full Game Highlights | Nov 11, 2025 | FreeDawkins","https://www.youtube.com/watch?v=aJFSJv8v8bk","aJFSJv8v8bk","",583,18526,515,25
22500212,"Denver Nuggets vs Sacramento Kings - FULL GAME HIGHLIGHTS | November 11, 2025 NBA Season","https://www.youtube.com/watch?v=ZDx3F1BTkD0","ZDx3F1BTkD0","Ximo Pierto",558,4526,113,2
22500202,"San Antonio Spurs vs Chicago Bulls Full Game Highlights - November 10, 2025 | NBA Season","https://www.youtube.com/watch?v=7-pI8hjeqzU","7-pI8hjeqzU","GAMETIME HIGHLIGHTS",580,463678,5450,444
22500202,"San Antonio Spurs vs Chicago Bulls - FULL GAME HIGHLIGHTS | November 10, 2025 NBA Season","https://www.youtube.com/watch?v=kAcGRsEdloI","kAcGRsEdloI","Ximo Pierto",572,6124,145,5
22500202,"San Antonio Spurs vs Chicago Bulls Full Game Highlights | Nov 10, 2025 | FreeDawkins","https://www.youtube.com/watch?v=sHr9DLbXEaM","sHr9DLbXEaM","",579,34536,1369,64
22500199,"Detroit Pistons vs Washington Wizards Full Game Highlights - November 10, 2025 | NBA Season","https://www.youtube.com/watch?v=SVsoLK7TF3s","SVsoLK7TF3s","GAMETIME HIGHLIGHTS",582,55277,757,44.0
22500199,"Detroit Pistons vs Washington Wizards Full Game Highlights | Nov 10 | 2026 NBA Season","https://www.youtube.com/watch?v=0JhhcsZEEoI","0JhhcsZEEoI","Hooper Highlights",583,2042,77,4.0
22500199,"FlightReacts Wizards at Pistons | Full Game Highlights | November 10, 2025","https://www.youtube.com/watch?v=C1DkwzdBnJc","C1DkwzdBnJc","FTC_Clips",710,32775,746,43.0
22500210,"Golden State Warriors vs Oklahoma City Thunder Full Game Highlights - November 11, 2025 | NBA Season","https://www.youtube.com/watch?v=a0VWCE-wH8M","a0VWCE-wH8M","GAMETIME HIGHLIGHTS",563,500571,4253,428.0
22500210,"Golden State Warriors vs Oklahoma City Thunder Full Game Highlights | Nov 11, 2025 | FreeDawkins","https://www.youtube.com/watch?v=Mt8bEKgP6OQ","Mt8bEKgP6OQ","FreeDawkins",573,77139,1965,194.0
22500210,"Golden State Warriors vs Oklahoma City Thunder - FULL GAME HIGHLIGHTS | November 11, 2025 NBA Season","https://www.youtube.com/watch?v=xmzmQRQuKh8","xmzmQRQuKh8","Ximo Pierto",568,9041,173,12.0
22500207,"Toronto Raptors vs Brooklyn Nets Full Game Highlights - November 11, 2025 | NBA Season","https://www.youtube.com/watch?v=8fC2a8F9JJ4","8fC2a8F9JJ4","GAMETIME HIGHLIGHTS",556,45878,471,21.0
22500207,"Toronto Raptors vs Brooklyn Nets - Full Team Highlights | Nov 11, 2025","https://www.youtube.com/watch?v=4g6csqeV84s","4g6csqeV84s","Raptors Nation",582,14040,181,11.0
22500207,"Toronto Raptors vs Brooklyn Nets Full Game Highlights | Nov 11 | 2026 NBA Season","https://www.youtube.com/watch?v=oBMQ7trcc1o","oBMQ7trcc1o","Hooper Highlights",588,1294,49,""
22500207,"Toronto Raptors vs Brooklyn Nets - First Half Team Highlights | Nov 11, 2025","https://www.youtube.com/watch?v=9Gjf8s--beE","9Gjf8s--beE","Raptors Nation",290,2212,27,4.0
22500208,"New York Knicks vs Memphis Grizzlies Full Game Highlights - November 11, 2025 | NBA Season","https://www.youtube.com/watch?v=THlT_vqCB5I","THlT_vqCB5I","GAMETIME HIGHLIGHTS",565,108685,1160,77.0
22500208,"New York Knicks vs Memphis Grizzlies Full Game Highlights | Nov 11, 2025 | FreeDawkins","https://www.youtube.com/watch?v=b_w-12bxsF4","b_w-12bxsF4","FreeDawkins",593,11957,361,23.0
22500208,"New York Knicks vs Memphis Grizzlies - FULL GAME HIGHLIGHTS | November 11, 2025 NBA Season","https://www.youtube.com/watch?v=qSix9Rg3mWA","qSix9Rg3mWA","Ximo Pierto",569,2041,56,""
22500208,"New York Knicks vs Memphis Grizzlies FULLGAME Qtr Nov 11. 2025 Highlights | NBA highlight","https://www.youtube.com/watch?v=BxMfGG7yz9M","BxMfGG7yz9M","Mây Trắng Review",825,1845,10,""
22500206,"Los Angeles Clippers vs Atlanta Hawks Full Game Highlights - November 10, 2025 | NBA Season","https://www.youtube.com/watch?v=JbVKPGvTOsw","JbVKPGvTOsw","GAMETIME HIGHLIGHTS",579,112816,1127,144.0
22500206,"Los Angeles Clippers vs Atlanta Hawks - FULL GAME HIGHLIGHTS | November 10, 2025 NBA Season","https://www.youtube.com/watch?v=Ddmi-STf_Zg","Ddmi-STf_Zg","Ximo Pierto",577,3236,71,11.0
22500206,"You HAVE to See This ENDING! 😱 Clippers vs Hawks 🔥 November 10, 2025","https://www.youtube.com/watch?v=kUSfZccR5R8","kUSfZccR5R8","House of Highlights",80,19449,239,49.0
22500203,"Milwaukee Bucks vs Dallas Mavericks Full Game Highlights - November 10, 2025 | NBA Season","https://www.youtube.com/watch?v=M6vAjdr86ZI","M6vAjdr86ZI","GAMETIME HIGHLIGHTS",578,290626,2756,307.0
22500203,"Dallas Mavericks vs Milwaukee Bucks - FULL GAME HIGHLIGHTS | November 10, 2025 NBA Season","https://www.youtube.com/watch?v=jcUVhqaBcNA","jcUVhqaBcNA","Ximo Pierto",577,5918,128,8.0
22500203,"Milwaukee Bucks vs Dallas Mavericks Full Game Highlights | Nov 10 | 2026 NBA Season","https://www.youtube.com/watch?v=N_LEYwZuMAc","N_LEYwZuMAc","Hooper Highlights",598,4099,155,6.0
22500191,"Houston Rockets vs Milwaukee Bucks Full Game Highlights - November 9, 2025 | NBA Season","https://www.youtube.com/watch?v=EQ_X3qgiPUk","EQ_X3qgiPUk","GAMETIME HIGHLIGHTS",587,480781,4348,511
22500191,"Houston Rockets vs Milwaukee Bucks - FULL GAME HIGHLIGHTS | November 9, 2025 NBA Season","https://www.youtube.com/watch?v=mq1t7WbkJkk","mq1t7WbkJkk","Ximo Pierto",574,3963,120,3
22500191,"Houston Rockets vs Milwaukee Bucks Full Game Highlights | Nov 9, 2025 | FreeDawkins","https://www.youtube.com/watch?v=3YGCcXoBzws","3YGCcXoBzws","",640,34985,1445,68
22500036,"Minnesota Timberwolves vs Utah Jazz Full Game Highlights - November 7, 2025 | NBA Season","https://www.youtube.com/watch?v=z2lXWyoAb9E","z2lXWyoAb9E","GAMETIME HIGHLIGHTS",566,63310,715,53
22500201,"Cleveland Cavaliers vs Miami Heat Full Game Highlights - November 10, 2025 | NBA Season","https://www.youtube.com/watch?v=phIjLp8RBDg","phIjLp8RBDg","GAMETIME HIGHLIGHTS",579,131827,1673,121
22500201,"Cleveland Cavaliers vs Miami Heat Full Game Highlights | Nov 10 | 2026 NBA Season","https://www.youtube.com/watch?v=JgpNb0U4XcA","JgpNb0U4XcA","Hooper Highlights",593,2873,132,8
22500201,"Miami HEAT 1st Half Highlights vs. the Cavaliers | November 10, 2025","https://www.youtube.com/watch?v=m67xOdwZGo4","m67xOdwZGo4","Luis Claudio De Jesús Charles",385,1205,45,2
22500201,"FlightReacts To CAVALIERS at HEAT | FULL GAME HIGHLIGHTS | November 10, 2025!","https://www.youtube.com/watch?v=tjPC3yNzMJc","tjPC3yNzMJc","NotYourAverageFlight",663,68405,3104,124
22500194,"Oklahoma City Thunder vs Memphis Grizzlies Full Game Highlights - November 9, 2025 | NBA Season","https://www.youtube.com/watch?v=OCFg6M6NMRs","OCFg6M6NMRs","GAMETIME HIGHLIGHTS",574,178046,1570,113
22500194,"Oklahoma City Thunder vs Memphis Grizzlies - FULL GAME HIGHLIGHTS | November 9, 2025 NBA Season","https://www.youtube.com/watch?v=_P1GPbEAM6M","_P1GPbEAM6M","Ximo Pierto",551,5009,118,4
22500194,"Oklahoma City Thunder vs Memphis Grizzlies Full Game Highlights | Nov 9 | 2026 NBA Season","https://www.youtube.com/watch?v=d7HTbx_IpBg","d7HTbx_IpBg","Hooper Highlights",598,2925,104,2
22500190,"Los Angeles Clippers vs Phoenix Suns Full Game Highlights - November 8, 2025 | NBA Season","https://www.youtube.com/watch?v=qthoh-86TAA","qthoh-86TAA","GAMETIME HIGHLIGHTS",579,102473,1010,139
22500190,"Los Angeles Clippers vs Phoenix Suns - FULL GAME HIGHLIGHTS | November 8, 2025 NBA Season","https://www.youtube.com/watch?v=e0PZc9ovDoA","e0PZc9ovDoA","Ximo Pierto",554,8520,110,12
22500190,"LA Clippers vs Phoenix Suns Full Game Highlights | Nov 8 | 2026 NBA Season","https://www.youtube.com/watch?v=yc3EV5m2eAg","yc3EV5m2eAg","Hooper Highlights",596,2547,93,3
22500031,"Brooklyn Nets vs Detroit Pistons Full Game Highlights - November 7, 2025 | NBA Season","https://www.youtube.com/watch?v=Z3B_6CQoQXU","Z3B_6CQoQXU","GAMETIME HIGHLIGHTS",582,40053,488,26
22500031,"Detroit Pistons vs Brooklyn Nets Full Game Highlights | Nov 7 | 2026 NBA Season","https://www.youtube.com/watch?v=L7q6GgwA5fA","L7q6GgwA5fA","Hooper Highlights",595,1487,68,1
22500198,"Los Angeles Lakers vs Charlotte Hornets Full Game Highlights - November 10, 2025 | NBA Season","https://www.youtube.com/watch?v=6Mw307e8BmE","6Mw307e8BmE","GAMETIME HIGHLIGHTS",582,704633,6487,323.0
22500198,"Los Angeles Lakers vs Charlotte Hornets - FULL GAME HIGHLIGHTS | November 10, 2025 NBA Season","https://www.youtube.com/watch?v=4NlsgNSQfwc","4NlsgNSQfwc","Ximo Pierto",575,8045,196,8.0
22500198,"Los Angeles Lakers vs Charlotte Hornets Full Game Highlights | Nov 10, 2025 | FreeDawkins","https://www.youtube.com/watch?v=Z3kJaBvKFGE","Z3kJaBvKFGE","",586,72047,2519,78.0
22500198,"Lakers vs Hornets | Lakers Highlights | November 10th, 2025","https://www.youtube.com/watch?v=F9oQm5PpyB0","F9oQm5PpyB0","Lakers GametimeTV",534,72448,1328,84.0
22500187,"Miami Heat vs Portland Trail Blazers Full Game Highlights - November 8, 2025 | NBA Season","https://www.youtube.com/watch?v=g1E_yNSK5_o","g1E_yNSK5_o","GAMETIME HIGHLIGHTS",579,59248,694,49.0
22500187,"Portland Trail Blazers vs Miami Heat Full Game Highlights | Nov 8 | 2026 NBA Season","https://www.youtube.com/watch?v=eQlhIdluX4E","eQlhIdluX4E","Hooper Highlights",599,1982,89,4.0
22500187,"The Miami HEAT Closing Out the Game vs. the Trail Blazers | November 8, 2025","https://www.youtube.com/watch?v=OBzHdnCqH4c","OBzHdnCqH4c","Luis Claudio De Jesús Charles",598,2472,113,19.0
22500193,"Boston Celtics vs Orlando Magic Full Game Highlights - November 9, 2025 | NBA Season","https://www.youtube.com/watch?v=Mtd8sMdoJnE","Mtd8sMdoJnE","GAMETIME HIGHLIGHTS",578,89894,1025,47.0
22500193,"Boston Celtics vs Orlando Magic - FULL GAME HIGHLIGHTS | November 9, 2025 NBA Season","https://www.youtube.com/watch?v=J8aCGpU3tSM","J8aCGpU3tSM","Ximo Pierto",565,2999,80,2.0
22500193,"Boston Celtics vs Orlando Magic Full Game Highlights | Nov 9 | 2026 NBA Season","https://www.youtube.com/watch?v=vez4YlRCO1I","vez4YlRCO1I","Hooper Highlights",595,2423,94,2.0
22500193,"Orlando Magic vs Boston Celtics FULLGAME Qtr Nov 09.2025 Highlights | NBA hightlight","https://www.youtube.com/watch?v=9mZriSLLYzU","9mZriSLLYzU","Mây Trắng Review",888,1435,11,""
22500186,"Cleveland Cavaliers vs Chicago Bulls Full Game Highlights - November 8, 2025 | NBA Season","https://www.youtube.com/watch?v=fXnat16dCzo","fXnat16dCzo","GAMETIME HIGHLIGHTS",578,62595,770,42.0
22500186,"Chicago Bulls vs Cleveland Cavaliers - FULL GAME HIGHLIGHTS | November 8, 2025 NBA Season","https://www.youtube.com/watch?v=lXCmhzHyuQA","lXCmhzHyuQA","Ximo Pierto",563,36371,319,57.0
22500186,"Cleveland Cavaliers vs Chicago Bulls Full Game Highlights | Nov 8 | 2026 NBA Season","https://www.youtube.com/watch?v=d3_WGenk29w","d3_WGenk29w","Hooper Highlights",596,2644,108,""
22500196,"Golden State Warriors vs Indiana Pacers Full Game Highlights - November 9, 2025 | NBA Season","https://www.youtube.com/watch?v=T2iLBAzwA_E","T2iLBAzwA_E","GAMETIME HIGHLIGHTS",571,512270,4338,162.0
22500196,"Golden State Warriors vs Indiana Pacers Full Game Highlights | Nov 9, 2025 | FreeDawkins","https://www.youtube.com/watch?v=1SfJaktDRF0","1SfJaktDRF0","",581,85763,3145,125.0
22500196,"Golden State Warriors vs Indiana Pacers - FULL GAME HIGHLIGHTS | November 9, 2025 NBA Season","https://www.youtube.com/watch?v=HASkliXXXmE","HASkliXXXmE","Ximo Pierto",544,7266,131,6.0
22500196,"FlightReacts To PACERS at WARRIORS | FULL GAME HIGHLIGHTS | November 9, 2025!","https://www.youtube.com/watch?v=GqdV5Pn5W1M","GqdV5Pn5W1M","NotYourAverageFlight",826,146139,5849,432.0
22500196,"Golden State Warriors Vs Indiana Pacers Game 3rd Highlights - NOV 09 ,2025 | NBA SEASON","https://www.youtube.com/watch?v=SWvlz8By3iY","SWvlz8By3iY","Bé Huyền Vlogs",477,14291,48,2.0
22500192,"New York Knicks vs Brooklyn Nets Full Game Highlights - November 9, 2025 | NBA Season","https://www.youtube.com/watch?v=vg1Qbx73NIs","vg1Qbx73NIs","GAMETIME HIGHLIGHTS",579,73475,705,41.0
22500192,"New York Knicks vs Brooklyn Nets - FULL GAME HIGHLIGHTS | November 9, 2025 NBA Season","https://www.youtube.com/watch?v=50d863ZP9GU","50d863ZP9GU","Ximo Pierto",548,2059,62,6.0
22500192,"New York Knicks vs Brooklyn Nets Full Game Highlights | Nov 9 | 2026 NBA Season","https://www.youtube.com/watch?v=1Vuin8H7OpA","1Vuin8H7OpA","Hooper Highlights",598,1984,82,""
22500192,"New York Knicks vs Brooklyn Nets 2nd Qtr Nov 09. 2025 Highlights | NBA highlight","https://www.youtube.com/watch?v=pXvo_yHec0Q","pXvo_yHec0Q","Mây Trắng Review",720,2483,25,""
22500180,"Oklahoma City Thunder vs Portland Trail Blazers Full Game Highlights - November 5, 2025 | NBA Season","https://www.youtube.com/watch?v=a4vNXt3OGKg","a4vNXt3OGKg","GAMETIME HIGHLIGHTS",565,225923,2458,324
22500189,"Denver Nuggets vs Indiana Pacers Full Game Highlights - November 8, 2025 | NBA Season","https://www.youtube.com/watch?v=qOVqgI5pnQE","qOVqgI5pnQE","GAMETIME HIGHLIGHTS",559,130408,1245,144
22500189,"Denver Nuggets vs Indiana Pacers - FULL GAME HIGHLIGHTS | November 8, 2025 NBA Season","https://www.youtube.com/watch?v=7YFKjDFwpjo","7YFKjDFwpjo","Ximo Pierto",557,33252,288,21
22500189,"Indiana Pacers vs Denver Nuggets | Full Game Highlights | November 8 | 2025-26 NBA Season","https://www.youtube.com/watch?v=ce7T8idwAuY","ce7T8idwAuY","The CCB Network",640,9412,109,5
22500189,"Denver Nuggets vs Indiana Pacers Full Game Highlights | Nov 8 | 2026 NBA Season","https://www.youtube.com/watch?v=dXurZytUhAg","dXurZytUhAg","Hooper Highlights",569,2882,107,2
22500185,"Los Angeles Lakers vs Atlanta Hawks Full Game Highlights - November 8, 2025 | NBA Season","https://www.youtube.com/watch?v=IJb3LCuKnic","IJb3LCuKnic","GAMETIME HIGHLIGHTS",575,539738,3714,496
22500185,"Los Angeles Lakers vs Atlanta Hawks - FULL GAME HIGHLIGHTS | November 8, 2025 NBA Season","https://www.youtube.com/watch?v=fUxORR0hKUc","fUxORR0hKUc","Ximo Pierto",563,59824,471,55
22500185,"Los Angeles Lakers vs Atlanta Hawks Full Game Highlights | Nov 8, 2025 | FreeDawkins","https://www.youtube.com/watch?v=4skHh4s6Rj0","4skHh4s6Rj0","FreeDawkins",576,44865,1402,88
22500185,"Los Angeles Lakers vs Atlanta Hawks | Full Game Highlights | November 8 | 2025-26 NBA Season","https://www.youtube.com/watch?v=xkBrwwlzcNc","xkBrwwlzcNc","The CCB Network",613,9038,121,7
22500029,"Cleveland Cavaliers vs Washington Wizards Full Game Highlights - November 7, 2025 | NBA Season","https://www.youtube.com/watch?v=Nv99xewfAyw","Nv99xewfAyw","GAMETIME HIGHLIGHTS",578,23412,315,10.0
22500029,"Cleveland Cavaliers vs Washington Wizards - FULL GAME HIGHLIGHTS | November 7, 2025 NBA Cup","https://www.youtube.com/watch?v=5Hr22u3Cpxw","5Hr22u3Cpxw","Ximo Pierto",577,15994,165,10.0
22500029,"Cleveland Cavaliers vs Washington Wizards | Full Game Highlights | November 7 | 2025-26 NBA Season","https://www.youtube.com/watch?v=SZWOp_c60E0","SZWOp_c60E0","The CCB Network",630,1819,41,1.0
22500029,"Cleveland Cavaliers vs Washington Wizards Full Game Highlights | Nov 7 | 2026 NBA Season","https://www.youtube.com/watch?v=Kq6gg4wr9zA","Kq6gg4wr9zA","Hooper Highlights",593,1356,64,""
22500034,"Dallas Mavericks vs Memphis Grizzlies Full Game Highlights - November 7, 2025 | NBA Season","https://www.youtube.com/watch?v=WJ7tttJP_yE","WJ7tttJP_yE","GAMETIME HIGHLIGHTS",580,231806,1760,384.0
22500034,"Dallas Mavericks vs Memphis Grizzlies - FULL GAME HIGHLIGHTS | November 7, 2025 NBA Cup","https://www.youtube.com/watch?v=3w0tunqsqmE","3w0tunqsqmE","Ximo Pierto",567,28820,215,61.0
22500034,"Dallas Mavericks vs Memphis Grizzlies Full Game Highlights | Nov 7 | 2026 NBA Season","https://www.youtube.com/watch?v=mBY92qe9sZA","mBY92qe9sZA","Hooper Highlights",597,2707,108,3.0
22500172,"Utah Jazz vs Detroit Pistons Full Game Highlights - November 5, 2025 | NBA Season","https://www.youtube.com/watch?v=jlDDYyPbvMA","jlDDYyPbvMA","GAMETIME HIGHLIGHTS",555,52412,553,22.0
22500172,"Utah Jazz vs Detroit Pistons | Full Game Highlights | Nov 5 | 2025-26 NBA Season","https://www.youtube.com/watch?v=QDShKYilCv4","QDShKYilCv4","The CCB Network",613,3050,61,3.0
22500184,"Philadelphia 76ers vs Toronto Raptors Full Game Highlights - November 8, 2025 | NBA Season","https://www.youtube.com/watch?v=RA2Q6uaqCOA","RA2Q6uaqCOA","GAMETIME HIGHLIGHTS",576,85802,945,63.0
22500184,"Toronto Raptors vs Philadelphia 76ers - Full Team Highlights | Nov 8, 2025","https://www.youtube.com/watch?v=qQ_MbIPw-Ic","qQ_MbIPw-Ic","Raptors Nation",577,6252,70,17.0
22500184,"Philadelphia 76ers vs Toronto Raptors Full Game Highlights | Nov 8 | 2026 NBA Season","https://www.youtube.com/watch?v=Dn2xvFnHG20","Dn2xvFnHG20","Hooper Highlights",597,2302,94,2.0
22500184,"Philadelphia 76ers vs Toronto Raptors FULLGAME Qtr Nov 08.2025 Highlights | NBA HIGHLIGHT","https://www.youtube.com/watch?v=BTmMFGT_XCc","BTmMFGT_XCc","Mây Trắng Review",765,1531,11,""
22500037,"Golden State Warriors vs Denver Nuggets Full Game Highlights - November 7, 2025 | NBA Season","https://www.youtube.com/watch?v=CK70V1y29aY","CK70V1y29aY","GAMETIME HIGHLIGHTS",557,420374,3471,313.0
22500037,"Golden State Warriors vs Denver Nuggets Full Game Highlights | Nov 7, 2025 | FreeDawkins","https://www.youtube.com/watch?v=O9AY56yT9cc","O9AY56yT9cc","FreeDawkins",593,55504,1753,144.0
22500037,"Golden State Warriors vs Denver Nuggets - FULL GAME HIGHLIGHTS | November 7, 2025 NBA Cup","https://www.youtube.com/watch?v=VdJlLWwxM50","VdJlLWwxM50","Ximo Pierto",553,109795,850,80.0
22500038,"Oklahoma City Thunder vs Sacramento Kings Full Game Highlights - November 7, 2025 | NBA Season","https://www.youtube.com/watch?v=X35X-cpbTN0","X35X-cpbTN0","GAMETIME HIGHLIGHTS",573,145453,1326,129.0
22500038,"Oklahoma City Thunder vs Sacramento Kings - FULL GAME HIGHLIGHTS | November 7, 2025 NBA Cup","https://www.youtube.com/watch?v=3ocrRJOfZNo","3ocrRJOfZNo","Ximo Pierto",569,105042,837,79.0
22500038,"Oklahoma City Thunder vs Sacramento Kings | Full Game Highlights | November 7 | 2025-26 NBA Season","https://www.youtube.com/watch?v=Z_8d5uExuBE","Z_8d5uExuBE","The CCB Network",622,1391,23,""
22500038,"Oklahoma City Thunder vs Sacramento Kings Full Game Highlights | Nov 7 | 2026 NBA Season","https://www.youtube.com/watch?v=mB3bQVx7M6A","mB3bQVx7M6A","Hooper Highlights",595,3505,109,2.0
22500033,"Miami Heat vs Charlotte Hornets Full Game Highlights - November 7, 2025 | NBA Season","https://www.youtube.com/watch?v=ENYU2fIOo6I","ENYU2fIOo6I","GAMETIME HIGHLIGHTS",575,49280,582,32.0
22500033,"Charlotte Hornets vs Miami Heat | Full Game Highlights | November 7 | 2025-26 NBA Season","https://www.youtube.com/watch?v=YCNoW4Zn4OI","YCNoW4Zn4OI","The CCB Network",617,2468,45,""
22500033,"Charlotte Hornets vs Miami Heat Full Game Highlights | Nov 7 | 2026 NBA Season","https://www.youtube.com/watch?v=CV4z1pA0NZA","CV4z1pA0NZA","Hooper Highlights",599,1852,61,1.0
22500033,"Miami's Historic Scoring 1st Quarter 👌 HEAT vs. Hornets | HEAT Highlights | November 7, 2025","https://www.youtube.com/watch?v=aG9LrPtnsZU","aG9LrPtnsZU","Miami HEAT",144,4163,106,8.0
22500188,"San Antonio Spurs vs New Orleans Pelicans Full Game Highlights - November 8, 2025 | NBA Season","https://www.youtube.com/watch?v=TK9TWS1zSFM","TK9TWS1zSFM","GAMETIME HIGHLIGHTS",578,336430,2938,292.0
22500188,"San Antonio Spurs vs New Orleans Pelicans - FULL GAME HIGHLIGHTS | November 8, 2025 NBA Season","https://www.youtube.com/watch?v=Evz5jUXN-G0","Evz5jUXN-G0","Ximo Pierto",582,70768,609,62.0
22500188,"San Antonio Spurs vs New Orleans Pelicans Full Game Highlights | Nov 8, 2025 | FreeDawkins","https://www.youtube.com/watch?v=RFIFoBOdtcY","RFIFoBOdtcY","FreeDawkins",600,21833,1018,27.0
22500188,"New Orleans Pelicans vs San Antonio Spurs | Full Game Highlights | November 8 | 2025-26 NBA Season","https://www.youtube.com/watch?v=CJreu-63oro","CJreu-63oro","The CCB Network",587,4507,83,""
22500188,"San Antonio Spurs vs New Orleans Pelicans Full Game Highlights | Nov 8 | 2026 NBA Season","https://www.youtube.com/watch?v=Byxs3DcR024","Byxs3DcR024","Hooper Highlights",598,3609,125,3.0
22500028,"Boston Celtics vs Orlando Magic Full Game Highlights - November 7, 2025 | NBA Season","https://www.youtube.com/watch?v=IsN8qnnFkSs","IsN8qnnFkSs","GAMETIME HIGHLIGHTS",581,76433,807,65.0
22500028,"Boston Celtics vs Orlando Magic | Full Game Highlights | November 7 | 2025-26 NBA Season","https://www.youtube.com/watch?v=lKE9yzQWpu4","lKE9yzQWpu4","The CCB Network",643,4967,89,4.0
22500028,"Boston Celtics vs Orlando Magic Full Game Highlights | Nov 7 | 2026 NBA Season","https://www.youtube.com/watch?v=VCzs6uLWVPA","VCzs6uLWVPA","Hooper Highlights",558,2378,101,4.0
22500028,"Orlando Magic vs Boston Celtics 1st Qtr Nov 07. 2025 Highlights | NBA hightlight","https://www.youtube.com/watch?v=jfa8qUBfTRk","jfa8qUBfTRk","Mây Trắng Review",551,2995,16,""
22500183,"Dallas Mavericks vs Washington Wizards - FULL GAME HIGHLIGHTS | November 8, 2025 NBA Season","https://www.youtube.com/watch?v=4kHLbB_cuyc","4kHLbB_cuyc","Ximo Pierto",583,12571,106,13.0
22500183,"Dallas Mavericks vs Washington Wizards Full Game Highlights - November 8, 2025 | NBA Season","https://www.youtube.com/watch?v=UgArZasdgtk","UgArZasdgtk","GAMETIME HIGHLIGHTS",574,83428,746,89.0
22500183,"Dallas Mavericks vs Washington Wizards | Full Game Highlights | November 8 | 2025-26 NBA Season","https://www.youtube.com/watch?v=hdKrTQdAi6M","hdKrTQdAi6M","The CCB Network",623,2501,53,1.0
22500183,"Dallas Mavericks vs Washington Wizards Full Game Highlights | Nov 8 | 2026 NBA Season","https://www.youtube.com/watch?v=4GdjubnM4ig","4GdjubnM4ig","Hooper Highlights",592,2193,86,""
22500183,"Washington Wizards vs Dallas Mavericks 1st Qtr Nov 08. 2025 Highlights | NBA hightlight","https://www.youtube.com/watch?v=RaomPK4MjT4","RaomPK4MjT4","Mây Trắng Review",571,1624,8,""
22500183,"Naji Marshall Dropped 30 Points | Dallas Mavericks Team Highlights vs Wizards (11/8/2025)","https://www.youtube.com/watch?v=aYPmW5vlRgY","aYPmW5vlRgY","PandaHank41",585,4620,151,31.0
22500181,"Golden State Warriors vs Sacramento Kings Full Game Highlights - November 5, 2025 | NBA Season","https://www.youtube.com/watch?v=6F5uXH5G33k","6F5uXH5G33k","GAMETIME HIGHLIGHTS",582,375607,3751,294.0
22500181,"Golden State Warriors vs Sacramento Kings - FULL GAME HIGHLIGHTS | November 5, 2025 NBA Season","https://www.youtube.com/watch?v=XidWgqq2z4Y","XidWgqq2z4Y","Ximo Pierto",572,168456,1149,114.0
22500181,"Golden State Warriors vs Sacramento Kings | Full Game Highlights | Nov 5 | 2025-26 NBA Season","https://www.youtube.com/watch?v=fTcVxCNd4ps","fTcVxCNd4ps","The CCB Network",624,2108,48,3.0
22500182,"Los Angeles Clippers vs Phoenix Suns Full Game Highlights - November 6, 2025 | NBA Season","https://www.youtube.com/watch?v=TdWXcCRJOHI","TdWXcCRJOHI","GAMETIME HIGHLIGHTS",579,256558,2311,131.0
22500182,"Los Angeles Clippers vs Phoenix Suns - FULL GAME HIGHLIGHTS | November 6, 2025 NBA Season","https://www.youtube.com/watch?v=yeElfHaPoyE","yeElfHaPoyE","Ximo Pierto",555,34577,360,20.0
22500182,"Los Angeles Clippers vs Phoenix Suns | Full Game Highlights | November 6 | 2025-26 NBA Season","https://www.youtube.com/watch?v=XocS2VOxzFU","XocS2VOxzFU","The CCB Network",626,4305,90,1.0
22500182,"LA Clippers vs Phoenix Suns Full Game Highlights | Nov 6 | 2026 NBA Season","https://www.youtube.com/watch?v=XfcL4dly9aw","XfcL4dly9aw","Hooper Highlights",596,3688,135,5.0
22500173,"Indiana Pacers vs Brooklyn Nets Full Game Highlights - November 5, 2025 | NBA Season","https://www.youtube.com/watch?v=mmQGWV2R-Ls","mmQGWV2R-Ls","GAMETIME HIGHLIGHTS",575,30385,367,27.0
22500173,"Brooklyn Nets vs Indiana Pacers | Full Game Highlights | Nov 5 | 2025-26 NBA Season","https://www.youtube.com/watch?v=kZXu4jCJWwI","kZXu4jCJWwI","The CCB Network",634,1702,40,4.0
22500173,"Indiana Pacers vs Brooklyn Nets Full Game Highlights | Nov 5 | 2026 NBA Season","https://www.youtube.com/watch?v=LnuQU3HJ5tQ","LnuQU3HJ5tQ","Hooper Highlights",591,1318,51,""
22500173,"Indiana Pacers vs Brooklyn Nets Suns 2nd Qtr Nov 05.2025 Highlights | NBA HIGHLIGHT","https://www.youtube.com/watch?v=0JNz51SUaXs","0JNz51SUaXs","Mây Trắng Review",528,1208,6,""
22500178,"Denver Nuggets vs Miami Heat Full Game Highlights - November 5, 2025 | NBA Season","https://www.youtube.com/watch?v=wf9fi3gR3bo","wf9fi3gR3bo","GAMETIME HIGHLIGHTS",531,124737,1195,93.0
22500178,"Miami Heat vs Denver Nuggets - FULL GAME HIGHLIGHTS | November 5, 2025 NBA Season","https://www.youtube.com/watch?v=k8ui3wFOAKE","k8ui3wFOAKE","Ximo Pierto",568,81971,671,48.0
22500178,"Miami Heat vs Denver Nuggets | Full Game Highlights | Nov 5 | 2025-26 NBA Season","https://www.youtube.com/watch?v=I6rn87deXf4","I6rn87deXf4","The CCB Network",626,6804,113,1.0
22500179,"Los Angeles Lakers vs San Antonio Spurs Full Game Highlights - November 5, 2025 | NBA Season","https://www.youtube.com/watch?v=K8EXW5h-g-A","K8EXW5h-g-A","GAMETIME HIGHLIGHTS",578,1067272,10006,835.0
22500179,"Los Angeles Lakers vs San Antonio Spurs - FULL GAME HIGHLIGHTS | November 5, 2025 NBA Season","https://www.youtube.com/watch?v=How51vlzEjI","How51vlzEjI","Ximo Pierto",575,368284,2546,172.0
22500179,"Los Angeles Lakers vs San Antonio Spurs Full Game Highlights | Nov 5, 2025 | FreeDawkins","https://www.youtube.com/watch?v=VIIKcMhutZc","VIIKcMhutZc","",648,101367,3760,235.0
22500179,"Lakers vs Spurs | Lakers Highlights | November 5, 2025","https://www.youtube.com/watch?v=Fd3qgZgSW8g","Fd3qgZgSW8g","LakeShow Highlights",600,197957,5216,619.0
22500179,"Los Angeles Lakers vs San Antonio Spurs Full Game Highlights | Nov 5 | 2026 NBA Season","https://www.youtube.com/watch?v=V4TDEAPraP4","V4TDEAPraP4","Hooper Highlights",594,6752,263,6.0
22500170,"Oklahoma City Thunder vs Los Angeles Clippers Full Game Highlights - November 4, 2025 | NBA Season","https://www.youtube.com/watch?v=N7OSycgh0Hk","N7OSycgh0Hk","GAMETIME HIGHLIGHTS",561,270133,2535,273
22500170,"Oklahoma City Thunder vs Los Angeles Clippers - FULL GAME HIGHLIGHTS | November 4, 2025 NBA Season","https://www.youtube.com/watch?v=yiarKi3A5_0","yiarKi3A5_0","Ximo Pierto",576,50203,512,30
22500170,"OKC Thunder vs Los Angeles Clippers Full Game Highlights | Nov 4, 2025 | FreeDawkins","https://www.youtube.com/watch?v=I8xTPtUgC40","I8xTPtUgC40","FreeDawkins",578,27899,1103,50
22500030,"Toronto Raptors vs Atlanta Hawks Full Game Highlights - November 7, 2025 | NBA Season","https://www.youtube.com/watch?v=PQ3Bj7qZxgI","PQ3Bj7qZxgI","GAMETIME HIGHLIGHTS",551,26267,320,19
22500030,"Toronto Raptors vs Atlanta Hawks - FULL GAME HIGHLIGHTS | November 7, 2025 NBA Cup","https://www.youtube.com/watch?v=0JmxBBzm3cc","0JmxBBzm3cc","Ximo Pierto",573,8189,80,17
22500030,"Toronto Raptors vs Atlanta Hawks - Full Team Highlights | NBA Cup Game | Nov 7, 2025","https://www.youtube.com/watch?v=D1jRvWGqTas","D1jRvWGqTas","Raptors Nation",575,15360,196,19
22500030,"Toronto Raptors vs Atlanta Hawks | Full Game Highlights | November 7 | 2025-26 NBA Season","https://www.youtube.com/watch?v=DNSZ69iQ6JM","DNSZ69iQ6JM","The CCB Network",634,1932,52,2
22500030,"Toronto Raptors vs Atlanta Hawks Full Game Highlights | Nov 7 | 2026 NBA Season","https://www.youtube.com/watch?v=Gw5zb2TYMxE","Gw5zb2TYMxE","Hooper Highlights",598,1312,54,1
22500030,"Toronto Raptors vs Atlanta Hawks - First Half Highlights | NBA Cup Game | Nov 7, 2025","https://www.youtube.com/watch?v=eRwLWMZw3tY","eRwLWMZw3tY","Raptors Nation",175,2507,20,9
22500176,"Houston Rockets vs Memphis Grizzlies Full Game Highlights - November 5, 2025 | NBA Season","https://www.youtube.com/watch?v=9zBnnobYXK8","9zBnnobYXK8","GAMETIME HIGHLIGHTS",578,252477,1985,172
22500176,"Houston Rockets vs Memphis Grizzlies Full Game Highlights | Nov 5, 2025 | FreeDawkins","https://www.youtube.com/watch?v=zxHr5fQlBZI","zxHr5fQlBZI","FreeDawkins",594,19262,818,23
22500176,"Houston Rockets vs Memphis Grizzlies - FULL GAME HIGHLIGHTS | November 5, 2025 NBA Season","https://www.youtube.com/watch?v=lpZHK9biDR8","lpZHK9biDR8","Ximo Pierto",556,97977,754,47
22500176,"Houston Rockets vs Memphis Grizzlies | Full Game Highlights | Nov 5 | 2025-26 NBA Season","https://www.youtube.com/watch?v=Okie-vmVhZo","Okie-vmVhZo","The CCB Network",629,5018,110,8
22500175,"New York Knicks vs Minnesota Timberwolves - FULL GAME HIGHLIGHTS | November 5, 2025 NBA Season","https://www.youtube.com/watch?v=6WcOztOSK0k","6WcOztOSK0k","Ximo Pierto",567,60156,621,23.0
22500175,"New York Knicks vs Minnesota Timberwolves Full Game Highlights | Nov 5, 2025 | FreeDawkins","https://www.youtube.com/watch?v=-Hz12VZN1Zc","-Hz12VZN1Zc","FreeDawkins",603,14038,715,12.0
22500175,"Minnesota Timberwolves vs New York Knicks | Full Game Highlights | Nov 5 | 2025-26 NBA Season","https://www.youtube.com/watch?v=-X0bjJ9wuwA","-X0bjJ9wuwA","The CCB Network",632,33161,320,14.0
22500171,"Cleveland Cavaliers vs Philadelphia 76ers Full Game Highlights - November 5, 2025 | NBA Season","https://www.youtube.com/watch?v=9bzLWf_uQbs","9bzLWf_uQbs","GAMETIME HIGHLIGHTS",550,99030,1051,37.0
22500171,"Philadelphia 76ers vs Cleveland Cavaliers | Full Game Highlights | Nov 5 | 2025-26 NBA Season","https://www.youtube.com/watch?v=toGsFKpi_Y0","toGsFKpi_Y0","The CCB Network",644,4795,108,4.0
22500171,"Cleveland Cavaliers vs Philadelphia 76ers Full Game Highlights | Nov 5 | 2026 NBA Season","https://www.youtube.com/watch?v=-Uk7DEtL678","-Uk7DEtL678","Hooper Highlights",596,2891,107,2.0
22500171,"Cleveland Cavaliers vs Philadelphia 76ers 1st Qtr Nov 05. 2025 Highlights | NBA hightlight","https://www.youtube.com/watch?v=mM26l916GqM","mM26l916GqM","Mây Trắng Review",562,2829,13,""
22500171,"Cleveland Cavaliers vs Philadelphia 76ers 2nd Qtr Nov 05.2025 Highlights | NBA hightlight","https://www.youtube.com/watch?v=CNnlNc4EBrQ","CNnlNc4EBrQ","Mây Trắng Review",585,2389,9,""
22500035,"Milwaukee Bucks vs Chicago Bulls Full Game Highlights - November 7, 2025 | NBA Season","https://www.youtube.com/watch?v=1IvPfP4ZKEo","1IvPfP4ZKEo","GAMETIME HIGHLIGHTS",581,161998,1621,84.0
22500035,"Chicago Bulls vs Milwaukee Bucks - FULL GAME HIGHLIGHTS | November 7, 2025 NBA Cup","https://www.youtube.com/watch?v=5qbjLrqCggw","5qbjLrqCggw","Ximo Pierto",576,82069,630,64.0
22500035,"Chicago Bulls vs Milwaukee Bucks | Full Game Highlights | November 7 | 2025-26 NBA Season","https://www.youtube.com/watch?v=zjFSFNscWvw","zjFSFNscWvw","The CCB Network",623,8187,152,6.0
22500035,"Chicago Bulls vs Milwaukee Bucks Full Game Highlights | Nov 7 | 2026 NBA Season","https://www.youtube.com/watch?v=kbHvvg-qABY","kbHvvg-qABY","Hooper Highlights",599,3020,137,7.0
22500035,"Chicago Bulls at Milwaukee Bucks (11/07/25) | Game Highlights | CHSN Bulls","https://www.youtube.com/watch?v=s-7Mrz1dVT4","s-7Mrz1dVT4","Chicago Sports Network",119,3510,18,3.0
22500177,"Dallas Mavericks vs New Orleans Pelicans Full Game Highlights - November 5, 2025 | NBA Season","https://www.youtube.com/watch?v=tpHCJxWMS_I","tpHCJxWMS_I","GAMETIME HIGHLIGHTS",533,167802,1390,269
22500177,"New Orleans Pelicans vs Dallas Mavericks | Full Game Highlights | Nov 5 | 2025-26 NBA Season","https://www.youtube.com/watch?v=vKHiMX9PL64","vKHiMX9PL64","The CCB Network",624,5989,106,7
22500177,"Dallas Mavericks vs New Orleans Pelicans Full Game Highlights | Nov 5 | 2026 NBA Season","https://www.youtube.com/watch?v=411FG_9AaDA","411FG_9AaDA","Hooper Highlights",592,3093,117,4
22500168,"New Orleans Pelicans vs Charlotte Hornets Full Game Highlights - November 4, 2025 | NBA Season","https://www.youtube.com/watch?v=qq_Q3y1qrFw","qq_Q3y1qrFw","GAMETIME HIGHLIGHTS",567,45187,534,32
22500168,"Charlotte Hornets vs New Orleans Pelicans | Full Game Highlights | Nov 4 | 2025-26 NBA Season","https://www.youtube.com/watch?v=ax-RP6t2H-Q","ax-RP6t2H-Q","The CCB Network",601,3152,71,3
22500168,"Charlotte Hornets vs New Orleans Pelicans Full Game Highlights | Nov 4 | 2026 NBA Season","https://www.youtube.com/watch?v=MBUzk9wz4xU","MBUzk9wz4xU","Hooper Highlights",596,1414,66,2
22500162,"Denver Nuggets vs Sacramento Kings Full Game Highlights - November 3, 2025 | NBA Season","https://www.youtube.com/watch?v=WewqMd8SGdA","WewqMd8SGdA","GAMETIME HIGHLIGHTS",578,208640,1967,155
22500162,"Sacramento Kings vs Denver Nuggets | Full Game Highlights | Nov 3 | 2025-26 NBA Season","https://www.youtube.com/watch?v=uRHFLl50vs0","uRHFLl50vs0","The CCB Network",619,9521,129,3
22500157,"Milwaukee Bucks vs Indiana Pacers Full Game Highlights - November 3, 2025 | NBA Season","https://www.youtube.com/watch?v=MFFneYpFyec","MFFneYpFyec","GAMETIME HIGHLIGHTS",562,162122,2161,177.0
22500157,"Milwaukee Bucks vs Indiana Pacers | Full Game Highlights | Nov 3 | 2025-26 NBA Season","https://www.youtube.com/watch?v=mgSLXAgy2mA","mgSLXAgy2mA","The CCB Network",645,3382,80,9.0
22500157,"Milwaukee Bucks vs Indiana Pacers Full Game Highlights | Nov 3 | 2026 NBA Season","https://www.youtube.com/watch?v=WWWJSHkdia4","WWWJSHkdia4","Hooper Highlights",595,3131,142,6.0
22500174,"Boston Celtics vs Washington Wizards Full Game Highlights - November 5, 2025 | NBA Season","https://www.youtube.com/watch?v=0YdimZZ8q7E","0YdimZZ8q7E","GAMETIME HIGHLIGHTS",568,69332,794,41.0
22500174,"Washington Wizards vs Boston Celtics | Full Game Highlights | Nov 5 | 2025-26 NBA Season","https://www.youtube.com/watch?v=7ZHdgoJ-f9w","7ZHdgoJ-f9w","The CCB Network",624,3445,79,1.0
22500174,"Boston Celtics vs Washington Wizards Full Game Highlights | Nov 5 | 2026 NBA Season","https://www.youtube.com/watch?v=qSt2gjq_mFY","qSt2gjq_mFY","Hooper Highlights",599,1964,71,""
22500174,"Boston Celtics vs Washington Wizards 2nd Qtr Nov 05. 2025 Highlights | NBA highlight","https://www.youtube.com/watch?v=gyHdEhtfnBA","gyHdEhtfnBA","Mây Trắng Review",623,2778,10,""
22500174,"Boston Celtics vs Washington Wizards 1st Qtr Nov 05. 2025 Highlights | NBA highlight","https://www.youtube.com/watch?v=LaImmrIjXQY","LaImmrIjXQY","Mây Trắng Review",683,2533,11,""
22500032,"Houston Rockets vs San Antonio Spurs Full Game Highlights - November 7, 2025 | NBA Season","https://www.youtube.com/watch?v=bsSC1CZDTqo","bsSC1CZDTqo","GAMETIME HIGHLIGHTS",579,601190,5250,360.0
22500032,"San Antonio Spurs vs Houston Rockets Full Game Highlights | Nov 7, 2025 | FreeDawkins","https://www.youtube.com/watch?v=HWOQqXdRSPc","HWOQqXdRSPc","",600,58080,1913,107.0
22500032,"Houston Rockets vs San Antonio Spurs - FULL GAME HIGHLIGHTS | November 7, 2025 NBA Cup","https://www.youtube.com/watch?v=151Adw2GSzE","151Adw2GSzE","Ximo Pierto",569,141490,1038,67.0
22500032,"Houston Rockets vs San Antonio Spurs | Full Game Highlights | November 7 | 2025-26 NBA Season","https://www.youtube.com/watch?v=6frRQeHM2S8","6frRQeHM2S8","The CCB Network",613,4446,95,6.0
22500032,"Houston Rockets vs San Antonio Spurs Full Game Highlights | Nov 7 | 2026 NBA Season","https://www.youtube.com/watch?v=NbKC5qn5AHg","NbKC5qn5AHg","Hooper Highlights",596,4623,177,6.0
22500032,"FlightReacts To ROCKETS at SPURS | FULL GAME HIGHLIGHTS | November 7, 2025!","https://www.youtube.com/watch?v=gKmK-lYkwAE","gKmK-lYkwAE","NotYourAverageFlight",804,141480,5089,160.0
22500166,"Atlanta Hawks vs Orlando Magic Full Game Highlights - November 4, 2025 | NBA Season","https://www.youtube.com/watch?v=nPtGKV__uio","nPtGKV__uio","GAMETIME HIGHLIGHTS",566,81906,705,44.0
22500166,"Orlando Magic vs Atlanta Hawks | Full Game Highlights | Nov 4 | 2025-26 NBA Season","https://www.youtube.com/watch?v=RSsIsq_6Nrs","RSsIsq_6Nrs","The CCB Network",638,2859,61,3.0
22500166,"Orlando Magic vs Atlanta Hawks Full Game Highlights | Nov 4 | 2026 NBA Season","https://www.youtube.com/watch?v=Mqykz9kEdcg","Mqykz9kEdcg","Hooper Highlights",593,1582,73,1.0
22500156,"Minnesota Timberwolves vs Brooklyn Nets Full Game Highlights - November 3, 2025 | NBA Season","https://www.youtube.com/watch?v=67ZcvJQgljk","67ZcvJQgljk","GAMETIME HIGHLIGHTS",574,42912,468,21.0
22500156,"Minnesota Timberwolves vs Brooklyn Nets | Full Game Highlights | Nov 3 | 2025-26 NBA Season","https://www.youtube.com/watch?v=mI_YjJjSeYQ","mI_YjJjSeYQ","The CCB Network",638,3911,57,1.0
22500156,"Minnesota Timberwolves vs Brooklyn Nets Full Game Highlights | Nov 3 | 2026 NBA Season","https://www.youtube.com/watch?v=11dGhtaXkaY","11dGhtaXkaY","Hooper Highlights",598,1699,82,""
22500160,"Houston Rockets vs Dallas Mavericks Full Game Highlights - November 3, 2025 | NBA Season","https://www.youtube.com/watch?v=w3drMFW1Aoo","w3drMFW1Aoo","GAMETIME HIGHLIGHTS",541,552037,4722,385.0
22500160,"Dallas Mavericks vs Houston Rockets - FULL GAME HIGHLIGHTS | November 3, 2025 NBA Season","https://www.youtube.com/watch?v=d5z5pEHlg20","d5z5pEHlg20","Ximo Pierto",575,368408,2000,183.0
22500160,"Dallas Mavericks vs Houston Rockets | Full Game Highlights | Nov 3 | 2025-26 NBA Season","https://www.youtube.com/watch?v=zLikDprw3ak","zLikDprw3ak","The CCB Network",621,6023,134,12.0
22500151,"Atlanta Hawks vs Cleveland Cavaliers - FULL GAME HIGHLIGHTS | November 2, 2025 NBA Season","https://www.youtube.com/watch?v=FvpY90jdb2c","FvpY90jdb2c","Ximo Pierto",569,50084,494,38.0
22500151,"Atlanta Hawks vs Cleveland Cavaliers 2nd Qtr Nov 29. 2025 Highlights | NBA highlight","https://www.youtube.com/watch?v=g3R-YJ9wiKw","g3R-YJ9wiKw","Mây Trắng Review",586,1358,6,""
22500164,"Los Angeles Clippers vs Miami Heat Full Game Highlights - November 3, 2025 | NBA Season","https://www.youtube.com/watch?v=iJh-Zonq660","iJh-Zonq660","GAMETIME HIGHLIGHTS",579,158957,1463,157.0
22500164,"Los Angeles Clippers vs Miami Heat - FULL GAME HIGHLIGHTS | November 3, 2025 NBA Season","https://www.youtube.com/watch?v=wjpVHf6uw80","wjpVHf6uw80","Ximo Pierto",565,57319,473,38.0
22500164,"LA Clippers vs Miami Heat Full Game Highlights | Nov 3 | 2026 NBA Season","https://www.youtube.com/watch?v=ZcPgrew8BsE","ZcPgrew8BsE","Hooper Highlights",591,3396,129,3.0
22500161,"Memphis Grizzlies vs Detroit Pistons - FULL GAME HIGHLIGHTS | November 3, 2025 NBA Season","https://www.youtube.com/watch?v=nqHVHcyPGLw","nqHVHcyPGLw","Ximo Pierto",575,23363,231,19.0
22500161,"Detroit Pistons vs Memphis Grizzlies | Full Game Highlights | Nov 3 | 2025-26 NBA Season","https://www.youtube.com/watch?v=_Oq5eNVlp4g","_Oq5eNVlp4g","The CCB Network",587,3797,61,2.0
22500161,"Memphis Grizzlies vs Detroit Pistons Full Game Highlights | Nov 3 | 2026 NBA Season","https://www.youtube.com/watch?v=NKl_0a_S3oI","NKl_0a_S3oI","Hooper Highlights",599,2305,92,2.0
22500165,"Milwaukee Bucks vs Toronto Raptors Full Game Highlights - November 4, 2025 | NBA Season","https://www.youtube.com/watch?v=saK0ivOgwzU","saK0ivOgwzU","GAMETIME HIGHLIGHTS",582,100211,1010,44
22500165,"Toronto Raptors vs Milwaukee Bucks - Full Team Highlights | Nov 4, 2025","https://www.youtube.com/watch?v=vjyeGeoqI5g","vjyeGeoqI5g","Raptors Nation",581,9731,184,16
22500165,"Milwaukee Bucks vs Toronto Raptors | Full Game Highlights | Nov 4 | 2025-26 NBA Season","https://www.youtube.com/watch?v=NxzJj7TVjqY","NxzJj7TVjqY","The CCB Network",631,6664,121,5
22500165,"4K | Milwaukee Bucks vs Toronto Raptors - FULL GAME HIGHLIGHTS | November 4, 2025 NBA Season","https://www.youtube.com/watch?v=FESp3xvN76M","FESp3xvN76M","Ximo Pierto",562,36048,293,20
22500169,"Golden State Warriors vs Phoenix Suns Full Game Highlights - November 4, 2025 | NBA Season","https://www.youtube.com/watch?v=2WGTvsGPRxc","2WGTvsGPRxc","GAMETIME HIGHLIGHTS",557,493827,5348,169
22500169,"Golden State Warriors vs Phoenix Suns Full Game Highlights | Nov 4, 2025 | FreeDawkins","https://www.youtube.com/watch?v=WFaEMKIMBFU","WFaEMKIMBFU","",578,91697,3696,77
22500169,"Golden State Warriors vs Phoenix Suns - FULL GAME HIGHLIGHTS | November 4, 2025 NBA Season","https://www.youtube.com/watch?v=smQiOvGvRjM","smQiOvGvRjM","Ximo Pierto",576,147642,1239,27
22500169,"Phoenix Suns vs Golden State Warriors | Full Game Highlights | Nov 4 | 2025-26 NBA Season","https://www.youtube.com/watch?v=EQRWQ8K6fiw","EQRWQ8K6fiw","The CCB Network",636,7807,167,2
22500148,"Oklahoma City Thunder vs New Orleans Pelicans Full Game Highlights - November 2, 2025 | NBA Season","https://www.youtube.com/watch?v=LHxdM9T2BN4","LHxdM9T2BN4","GAMETIME HIGHLIGHTS",568,162520,1458,134
22500148,"New Orleans Pelicans vs Oklahoma City Thunder - FULL GAME HIGHLIGHTS | November 2, 2025 NBA Season","https://www.youtube.com/watch?v=U-PPdtI8WkE","U-PPdtI8WkE","Ximo Pierto",561,28095,238,24
22500148,"New Orleans Pelicans vs Oklahoma City Thunder | Full Game Highlights | Nov 2 | 2025-26 NBA Season","https://www.youtube.com/watch?v=MWUqrTEnzJk","MWUqrTEnzJk","The CCB Network",646,5363,111,2
22500148,"Oklahoma City Thunder vs New Orleans Pelicans Full Game Highlights | Nov 2 | 2026 NBA Season","https://www.youtube.com/watch?v=SuxzIgfHBMU","SuxzIgfHBMU","Hooper Highlights",597,2910,103,2
22500025,"Phoenix Suns vs Utah Jazz Full Game Highlights - October 31, 2025 | NBA Season","https://www.youtube.com/watch?v=32HmduvbLXM","32HmduvbLXM","GAMETIME HIGHLIGHTS",579,82914,748,34.0
22500025,"Phoenix Suns vs Utah Jazz Full Game Highlights | Oct 31 | 2026 NBA Season","https://www.youtube.com/watch?v=hWvu7fSJSTI","hWvu7fSJSTI","Hooper Highlights",584,1770,69,2.0
22500150,"Utah Jazz vs Charlotte Hornets Full Game Highlights - November 2, 2025 | NBA Season","https://www.youtube.com/watch?v=jQblWbF3pe0","jQblWbF3pe0","GAMETIME HIGHLIGHTS",569,40791,494,31.0
22500150,"Utah Jazz vs Charlotte Hornets | Full Game Highlights | Nov 2 | 2025-26 NBA Season","https://www.youtube.com/watch?v=_LwDCIxOofE","_LwDCIxOofE","The CCB Network",633,2355,62,1.0
22500150,"Utah Jazz vs Charlotte Hornets Full Game Highlights | Nov 2 | 2026 NBA Season","https://www.youtube.com/watch?v=g-GnNMeOgEU","g-GnNMeOgEU","Hooper Highlights",585,1728,70,3.0
22500159,"New York Knicks vs Washington Wizards - FULL GAME HIGHLIGHTS | November 3, 2025 NBA Season","https://www.youtube.com/watch?v=zOM96UJxtDU","zOM96UJxtDU","Ximo Pierto",566,30356,282,14.0
22500159,"New York Knicks vs Washington Wizards Full Game Highlights - November 3, 2025 | NBA Season","https://www.youtube.com/watch?v=mUpxKDh7aKY","mUpxKDh7aKY","GAMETIME HIGHLIGHTS",568,44138,545,18.0
22500159,"Washington Wizards vs New York Knicks | Full Game Highlights | Nov 3 | 2025-26 NBA Season","https://www.youtube.com/watch?v=9X6oubACp6w","9X6oubACp6w","The CCB Network",624,2423,63,""
22500159,"Washington Wizards vs New York Knicks Full Game Highlights | Nov 3 | 2026 NBA Season","https://www.youtube.com/watch?v=Tl82YU5NUTM","Tl82YU5NUTM","Hooper Highlights",594,1842,83,""
22500027,"Los Angeles Clippers vs New Orleans Pelicans Full Game Highlights - October 31, 2025 | NBA Season","https://www.youtube.com/watch?v=6lhaRWt1jxw","6lhaRWt1jxw","GAMETIME HIGHLIGHTS",545,221376,2084,144.0
22500027,"LA Clippers vs New Orleans Pelicans Full Game Highlights | Oct 31 | 2026 NBA Season","https://www.youtube.com/watch?v=q2ejUWeoncA","q2ejUWeoncA","Hooper Highlights",578,2592,111,4.0
22500154,"San Antonio Spurs vs Phoenix Suns Full Game Highlights - November 2, 2025 | NBA Season","https://www.youtube.com/watch?v=9OxBRAMih7E","9OxBRAMih7E","GAMETIME HIGHLIGHTS",565,385740,3342,317.0
22500154,"San Antonio Spurs vs Phoenix Suns - FULL GAME HIGHLIGHTS | November 2, 2025 NBA Season","https://www.youtube.com/watch?v=Fx6WeqqDKiI","Fx6WeqqDKiI","Ximo Pierto",575,171912,949,52.0
22500154,"San Antonio Spurs vs Phoenix Suns | Full Game Highlights | Nov 2 | 2025-26 NBA Season","https://www.youtube.com/watch?v=j661Vq2qFc0","j661Vq2qFc0","The CCB Network",603,5416,121,5.0
22500154,"San Antonio Spurs vs Phoenix Suns Full Game Highlights | Nov 2 | 2026 NBA Season","https://www.youtube.com/watch?v=m4pR4t5ecB0","m4pR4t5ecB0","Hooper Highlights",598,5653,214,6.0
22500158,"Boston Celtics vs Utah Jazz Full Game Highlights - November 3, 2025 | NBA Season","https://www.youtube.com/watch?v=79JgsZfOyMM","79JgsZfOyMM","GAMETIME HIGHLIGHTS",571,78865,872,101.0
22500158,"Utah Jazz vs Boston Celtics | Full Game Highlights | Nov 3 | 2025-26 NBA Season","https://www.youtube.com/watch?v=V1UV9GRPNAk","V1UV9GRPNAk","The CCB Network",637,5341,102,9.0
22500158,"Boston Celtics vs Utah Jazz Full Game Highlights | Nov 3 | 2026 NBA Season","https://www.youtube.com/watch?v=1bMYAhczHDg","1bMYAhczHDg","Hooper Highlights",592,2323,91,8.0
22500158,"Boston Celtics vs Utah Jazz 1st Qtr Nov 03. 2025 Highlights | NBA highlight","https://www.youtube.com/watch?v=mfCtvu5UJdQ","mfCtvu5UJdQ","Mây Trắng Review",584,2578,8,1.0
22500158,"Boston Celtics vs Utah Jazz 4th Qtr Nov 03. 2025 Highlights | NBA highlight","https://www.youtube.com/watch?v=EYzLOLGT9AQ","EYzLOLGT9AQ","Mây Trắng Review",688,1105,2,""
22500163,"Los Angeles Lakers vs Portland Trail Blazers Full Game Highlights - November 3, 2025 | NBA Season","https://www.youtube.com/watch?v=ZdOv5cQzjak","ZdOv5cQzjak","GAMETIME HIGHLIGHTS",554,631184,6319,731.0
22500163,"Los Angeles Lakers vs Portland Trail Blazers Full Game Highlights | Nov 3, 2025 | FreeDawkins","https://www.youtube.com/watch?v=_BTHyp72UPs","_BTHyp72UPs","",579,66232,2574,167.0
22500163,"Los Angeles Lakers vs Portland Trail Blazers - FULL GAME HIGHLIGHTS | November 3, 2025 NBA Season","https://www.youtube.com/watch?v=eumprr5L0SI","eumprr5L0SI","Ximo Pierto",565,85682,780,82.0
22500163,"Lakers vs Trail Blazers | Lakers Highlights | November 3, 2025","https://www.youtube.com/watch?v=4FAosZHsw30","4FAosZHsw30","LakeShow Highlights",599,226034,5476,583.0
22500163,"FlightReacts To LAKERS at TRAIL BLAZERS | FULL GAME HIGHLIGHTS | November 3, 2025","https://www.youtube.com/watch?v=YBEeTWJEb0M","YBEeTWJEb0M","nonmaliceowl",618,13401,485,20.0
22500167,"Philadelphia 76ers vs Chicago Bulls Full Game Highlights - November 4, 2025 | NBA Season","https://www.youtube.com/watch?v=jFdJ_Ko_z0M","jFdJ_Ko_z0M","GAMETIME HIGHLIGHTS",572,186077,2477,217.0
22500167,"Philadelphia 76ers vs Chicago Bulls - FULL GAME HIGHLIGHTS | November 4, 2025 NBA Season","https://www.youtube.com/watch?v=BLlrTZY5C0k","BLlrTZY5C0k","Ximo Pierto",572,78410,872,110.0
22500167,"Philadelphia 76ers vs Chicago Bulls | Full Game Highlights | Nov 4 | 2025-26 NBA Season","https://www.youtube.com/watch?v=IwaR1SJh-LM","IwaR1SJh-LM","The CCB Network",629,5243,159,11.0
22500167,"Philadelphia 76ers vs Chicago Bulls Full Game Highlights | Nov 4 | 2026 NBA Season","https://www.youtube.com/watch?v=-oN5bseWHp8","-oN5bseWHp8","Hooper Highlights",599,3013,138,9.0
22500167,"Chicago Bulls vs Philadelphia 76ers 1st Qtr Nov 04. 2025 Highlights | NBA hightlight","https://www.youtube.com/watch?v=ejWE9QGMxE4","ejWE9QGMxE4","Mây Trắng Review",514,3373,13,""
22500167,"Chicago Bulls vs Philadelphia 76ers FULLGAME Qtr Nov 04.2025 Highlights | NBA hightlight","https://www.youtube.com/watch?v=YgINJlZ4AHs","YgINJlZ4AHs","Mây Trắng Review",795,1809,7,""
22500145,"Orlando Magic vs Washington Wizards Full Game Highlights - November 1, 2025 | NBA Season","https://www.youtube.com/watch?v=6bF7gKJE5I4","6bF7gKJE5I4","GAMETIME HIGHLIGHTS",563,45501,456,14.0
22500145,"Orlando Magic vs Washington Wizards | Full Game Highlights | Nov 1 | 2025-26 NBA Season","https://www.youtube.com/watch?v=04Ge0mN8FmU","04Ge0mN8FmU","The CCB Network",622,3249,71,2.0
22500145,"Orlando Magic vs Washington Wizards Full Game Highlights | Nov 1 | 2026 NBA Season","https://www.youtube.com/watch?v=z2AvvpUgZQI","z2AvvpUgZQI","Hooper Highlights",593,1976,69,1.0
22500153,"New York Knicks vs Chicago Bulls Full Game Highlights - November 2, 2025 | NBA Season","https://www.youtube.com/watch?v=seoC5TpTSPA","seoC5TpTSPA","GAMETIME HIGHLIGHTS",581,149755,1327,102.0
22500153,"Chicago Bulls vs New York Knicks - FULL GAME HIGHLIGHTS | November 2, 2025 NBA Season","https://www.youtube.com/watch?v=VM9Ru1JffP0","VM9Ru1JffP0","Ximo Pierto",575,32711,298,10.0
22500153,"Chicago Bulls vs New York Knicks | Full Game Highlights | Nov 2 | 2025-26 NBA Season","https://www.youtube.com/watch?v=TsUXVxXF_po","TsUXVxXF_po","The CCB Network",590,3314,66,3.0
22500153,"Chicago Bulls vs New York Knicks Full Game Highlights | Nov 2 | 2026 NBA Season","https://www.youtube.com/watch?v=rIg_-puXKRU","rIg_-puXKRU","Hooper Highlights",588,3241,146,""
22500020,"Atlanta Hawks vs Indiana Pacers Full Game Highlights - October 31, 2025 | NBA Season","https://www.youtube.com/watch?v=EL8FEgLLP-U","EL8FEgLLP-U","GAMETIME HIGHLIGHTS",568,51300,562,42.0
22500020,"Atlanta Hawks vs Indiana Pacers | Full Game Highlights | Oct 31 | 2025-26 NBA Season","https://www.youtube.com/watch?v=E_vgsiNXr2A","E_vgsiNXr2A","The CCB Network",635,3727,84,2.0
22500020,"Indiana Pacers vs Atlanta Hawks Full Game Highlights | Oct 31 | 2026 NBA Season","https://www.youtube.com/watch?v=uQnRIn7VsYo","uQnRIn7VsYo","Hooper Highlights",598,2199,71,9.0
22500149,"Philadelphia 76ers vs Brooklyn Nets Full Game Highlights - November 2, 2025 | NBA Season","https://www.youtube.com/watch?v=Bh3hcT5G9bs","Bh3hcT5G9bs","GAMETIME HIGHLIGHTS",557,86174,906,55.0
22500149,"Philadelphia 76ers vs Brooklyn Nets | Full Game Highlights | Nov 2 | 2025-26 NBA Season","https://www.youtube.com/watch?v=KJ8QYwIn3Dk","KJ8QYwIn3Dk","The CCB Network",609,2536,50,1.0
22500149,"Philadelphia 76ers vs Brooklyn Nets Full Game Highlights | Nov 2 | 2026 NBA Season","https://www.youtube.com/watch?v=k-epsKeSSxQ","k-epsKeSSxQ","Hooper Highlights",598,2543,110,1.0
22500149,"Milwaukee Bucks vs Philadelphia 76ers Full Game Highlights - November 20, 2025 | NBA Season","https://www.youtube.com/watch?v=-uY2EAJ4Eoo","-uY2EAJ4Eoo","GAMETIME HIGHLIGHTS",571,224052,1953,129.0
22500129,"Orlando Magic vs Detroit Pistons Full Game Highlights - October 29, 2025 | NBA Season","https://www.youtube.com/watch?v=e6o6KMgcTy0","e6o6KMgcTy0","GAMETIME HIGHLIGHTS",576,73916,751,31.0
22500129,"Orlando Magic vs Detroit Pistons Full Game Highlights | Oct 29 | 2026 NBA Season","https://www.youtube.com/watch?v=81NfWP8SA5Y","81NfWP8SA5Y","Hooper Highlights",598,2641,119,2.0
22500138,"Orlando Magic vs Charlotte Hornets - FULL GAME HIGHLIGHTS | October 30, 2025 NBA Season","https://www.youtube.com/watch?v=XxArTwexWNE","XxArTwexWNE","Ximo Pierto",566,26135,209,9.0
22500138,"Orlando Magic vs Charlotte Hornets | Full Game Highlights | Oct 30 | 2025-26 NBA Season","https://www.youtube.com/watch?v=Uuofw20rs50","Uuofw20rs50","The CCB Network",631,4963,95,1.0
22500138,"Orlando Magic vs Charlotte Hornets Full Game Highlights | Oct 30 | 2026 NBA Season","https://www.youtube.com/watch?v=M4LSv4UK9i0","M4LSv4UK9i0","Hooper Highlights",598,2694,101,1.0
22500140,"Oklahoma City Thunder vs Washington Wizards Full Game Highlights - October 30, 2025 | NBA Season","https://www.youtube.com/watch?v=kjEino0Ma30","kjEino0Ma30","GAMETIME HIGHLIGHTS",545,110883,1145,109.0
22500140,"Washington Wizards vs Oklahoma City Thunder | Full Game Highlights | Oct 30 | 2025-26 NBA Season","https://www.youtube.com/watch?v=JismB7HGbmk","JismB7HGbmk","The CCB Network",621,6617,119,""
22500140,"Oklahoma City Thunder vs Washington Wizards Full Game Highlights | Oct 30 | 2026 NBA Season","https://www.youtube.com/watch?v=PFHst5UbhTA","PFHst5UbhTA","Hooper Highlights",597,2878,110,3.0
22500026,"Denver Nuggets vs Portland Trail Blazers Full Game Highlights - October 31, 2025 | NBA Season","https://www.youtube.com/watch?v=2tQ8OVh0JY0","2tQ8OVh0JY0","GAMETIME HIGHLIGHTS",558,195874,1760,471.0
22500026,"Denver Nuggets vs Portland Trail Blazers Full Game Highlights | Oct 31 | 2026 NBA Season","https://www.youtube.com/watch?v=I3JgTAkhyQU","I3JgTAkhyQU","Hooper Highlights",598,3727,141,11.0
22500026,"Portland Trail Blazers vs Denver Nuggets 4th Qtr Oct 31.2025 Highlights | NBA hightlight","https://www.youtube.com/watch?v=1-a1ofH5ee0","1-a1ofH5ee0","Mây Trắng Review",692,3217,14,5.0
22500026,"Portland Trail Blazers vs Denver Nuggets 1st Qtr Oct 31.2025 Highlights | NBA hightlight","https://www.youtube.com/watch?v=FEBp-72RrIM","FEBp-72RrIM","Mây Trắng Review",557,2621,3,7.0
22500143,"Minnesota Timberwolves vs Charlotte Hornets Full Game Highlights - November 1, 2025 | NBA Season","https://www.youtube.com/watch?v=bmv_3m97Zgg","bmv_3m97Zgg","GAMETIME HIGHLIGHTS",579,176861,1491,163.0
22500143,"Minnesota Timberwolves vs Charlotte Hornets - FULL GAME HIGHLIGHTS | November 1, 2025 NBA Season","https://www.youtube.com/watch?v=hQGmV1_f2FA","hQGmV1_f2FA","Ximo Pierto",578,22949,200,5.0
22500143,"Minnesota Timberwolves vs Charlotte Hornets | Full Game Highlights | Nov 1 | 2025-26 NBA Season","https://www.youtube.com/watch?v=yu3mllZG-Ok","yu3mllZG-Ok","The CCB Network",632,4106,76,""
22500143,"Minnesota Timberwolves vs Charlotte Hornets Full Game Highlights | Nov 1 | 2026 NBA Season","https://www.youtube.com/watch?v=eQ_1UulvtlY","eQ_1UulvtlY","Hooper Highlights",598,2263,83,""
22500021,"Boston Celtics vs Philadelphia 76ers Full Game Highlights - October 31, 2025 | NBA Season","https://www.youtube.com/watch?v=esHDI24YBCs","esHDI24YBCs","GAMETIME HIGHLIGHTS",556,232856,2231,167.0
22500021,"Boston Celtics vs Philadelphia 76ers Full Game Highlights | Oct 31 | 2026 NBA Season","https://www.youtube.com/watch?v=dzzXdsnhIlk","dzzXdsnhIlk","Hooper Highlights",587,4707,170,5.0
22500021,"76ers vs. Celtics Ending - Final Minute | October 31, 2025","https://www.youtube.com/watch?v=fg_LxSqTEwc","fg_LxSqTEwc","Bleacher Report",84,14217,95,49.0
22500021,"Boston Celtics vs Philadelphia 76ers - FULL GAME HIGHLIGHTS | October 31, 2025 NBA Cup","https://www.youtube.com/watch?v=94klkEgxc58","94klkEgxc58","Ximo Pierto",565,50872,361,34.0
22500142,"Milwaukee Bucks vs Sacramento Kings Full Game Highlights - November 1, 2025 | NBA Season","https://www.youtube.com/watch?v=DM8sLGMfh1w","DM8sLGMfh1w","GAMETIME HIGHLIGHTS",570,215169,1604,182.0
22500142,"Sacramento Kings vs Milwaukee Bucks - FULL GAME HIGHLIGHTS | November 1, 2025 NBA Season","https://www.youtube.com/watch?v=dMLyf73vhU0","dMLyf73vhU0","Ximo Pierto",574,92849,769,50.0
22500142,"Sacramento Kings vs Milwaukee Bucks | Full Game Highlights | Nov 1 | 2025-26 NBA Season","https://www.youtube.com/watch?v=rG18B6hzSTI","rG18B6hzSTI","The CCB Network",608,5953,120,4.0
22500142,"Milwaukee Bucks vs Sacramento Kings Full Game Highlights | Nov 1 | 2026 NBA Season","https://www.youtube.com/watch?v=kColRJwQd54","kColRJwQd54","Hooper Highlights",597,3206,115,5.0
22500152,"Memphis Grizzlies vs Toronto Raptors Full Game Highlights - November 2, 2025 | NBA Season","https://www.youtube.com/watch?v=B2jO1-j6IkM","B2jO1-j6IkM","GAMETIME HIGHLIGHTS",572,42685,512,51.0
22500152,"Memphis Grizzlies vs Toronto Raptors - FULL GAME HIGHLIGHTS | November 2, 2025 NBA Season","https://www.youtube.com/watch?v=EG-uMT6zZEo","EG-uMT6zZEo","Ximo Pierto",579,19483,146,3.0
22500152,"Memphis Grizzlies vs Toronto Raptors | Full Game Highlights | Nov 2 | 2025-26 NBA Season","https://www.youtube.com/watch?v=ZUFVmSYOT_0","ZUFVmSYOT_0","The CCB Network",620,3714,67,1.0
22500152,"Toronto Raptors vs Memphis Grizzlies - Full Team Highlights | November 2, 2025","https://www.youtube.com/watch?v=YYacq1OS2Ew","YYacq1OS2Ew","Raptors Nation",582,8198,126,20.0
22500152,"Memphis Grizzlies vs Toronto Raptors Full Game Highlights | Nov 2 | 2026 NBA Season","https://www.youtube.com/watch?v=FSETc0S-4Rs","FSETc0S-4Rs","Hooper Highlights",594,1714,77,1.0
22500144,"Golden State Warriors vs Indiana Pacers Full Game Highlights - November 1, 2025 | NBA Season","https://www.youtube.com/watch?v=Gefc_AGu140","Gefc_AGu140","GAMETIME HIGHLIGHTS",576,451258,4017,316.0
22500144,"Golden State Warriors vs Indiana Pacers - FULL GAME HIGHLIGHTS | November 1, 2025 NBA Season","https://www.youtube.com/watch?v=e_YNJTVK88M","e_YNJTVK88M","Ximo Pierto",577,154045,1244,70.0
22500144,"Golden State Warriors vs Indiana Pacers | Full Game Highlights | Nov 1 | 2025-26 NBA Season","https://www.youtube.com/watch?v=XGbapbVlpWs","XGbapbVlpWs","The CCB Network",601,11581,209,11.0
22500144,"Golden State Warriors vs Indiana Pacers Full Game Highlights | Nov 1 | 2026 NBA Season","https://www.youtube.com/watch?v=VAxIH5fVaGA","VAxIH5fVaGA","Hooper Highlights",594,4066,139,6.0
22500144,"WARRIORS vs PACERS FULL GAME HIGHLIGHTS November 1, 2025 | NBA Full Game Highlights Today (2K)","https://www.youtube.com/watch?v=F6c97ioPGJs","F6c97ioPGJs","Hoopletics",899,2892,20,""
22500120,"Phoenix Suns vs Utah Jazz Full Game Highlights - October 27, 2025 | NBA Season","https://www.youtube.com/watch?v=0XXGnNZSahg","0XXGnNZSahg","GAMETIME HIGHLIGHTS",566,74944,868,64.0
22500126,"Oklahoma City Thunder vs Sacramento Kings Full Game Highlights - October 28, 2025 | NBA Season","https://www.youtube.com/watch?v=Wit9RYxLq-w","Wit9RYxLq-w","GAMETIME HIGHLIGHTS",540,222150,1941,124.0
22500126,"Sacramento Kings vs Oklahoma City Thunder Full Game Highlights | Oct 28 | 2026 NBA Season","https://www.youtube.com/watch?v=FRT8vbbWaso","FRT8vbbWaso","Hooper Highlights",598,5201,190,10.0
22500022,"Cleveland Cavaliers vs Toronto Raptors Full Game Highlights - October 31, 2025 | NBA Season","https://www.youtube.com/watch?v=O4sfumPz6oE","O4sfumPz6oE","GAMETIME HIGHLIGHTS",556,65977,590,28.0
22500022,"Toronto Raptors vs Cleveland Cavaliers - FULL GAME HIGHLIGHTS | October 31, 2025 NBA Cup","https://www.youtube.com/watch?v=CWrkwxbQulw","CWrkwxbQulw","Ximo Pierto",577,14485,132,14.0
22500022,"Toronto Raptors vs Cleveland Cavaliers - Full Team Highlights | NBA Cup Game | October 31, 2025","https://www.youtube.com/watch?v=EHk2THKqhvE","EHk2THKqhvE","Raptors Nation",582,12835,128,31.0
22500022,"Cleveland Cavaliers vs Toronto Raptors Full Game Highlights | Oct 31 | 2026 NBA Season","https://www.youtube.com/watch?v=hmFJjTamL7g","hmFJjTamL7g","Hooper Highlights",590,2274,87,""
22500022,"Toronto Raptors vs Cleveland Cavaliers - Full First Half Highlights | October 31, 2025","https://www.youtube.com/watch?v=KDQFhqQEoi4","KDQFhqQEoi4","Raptors Nation",247,1362,19,4.0
22500123,"Philadelphia 76ers vs Washington Wizards Full Game Highlights - October 28, 2025 | NBA Season","https://www.youtube.com/watch?v=zu2g_9KfgO4","zu2g_9KfgO4","GAMETIME HIGHLIGHTS",563,125536,1316,131.0
22500123,"Philadelphia 76ers vs Washington Wizards | Full Game Highlights | Oct 28 | 2025-26 NBA Season","https://www.youtube.com/watch?v=FEvV7T0WiuM","FEvV7T0WiuM","The CCB Network",629,1115,33,""
22500146,"Houston Rockets vs Boston Celtics Full Game Highlights - November 1, 2025 | NBA Season","https://www.youtube.com/watch?v=F1mZo1vCHiY","F1mZo1vCHiY","GAMETIME HIGHLIGHTS",566,362338,3237,275.0
22500146,"Houston Rockets vs Boston Celtics - FULL GAME HIGHLIGHTS | November 1, 2025 NBA Season","https://www.youtube.com/watch?v=v_TyMJh7Mxk","v_TyMJh7Mxk","Ximo Pierto",564,81736,654,34.0
22500146,"Houston Rockets vs Boston Celtics | Full Game Highlights | Nov 1 | 2025-26 NBA Season","https://www.youtube.com/watch?v=p_j_hxX5i6o","p_j_hxX5i6o","The CCB Network",627,13072,220,13.0
22500146,"Houston Rockets vs Boston Celtics Full Game Highlights | Nov 1 | 2026 NBA Season","https://www.youtube.com/watch?v=RMdeFU2IQHE","RMdeFU2IQHE","Hooper Highlights",594,5177,181,12.0
22500146,"Boston Celtics vs Houston Rockets 1st Qtr Nov 01. 2025 Highlights | NBA highlight","https://www.youtube.com/watch?v=x8KMsydyH-I","x8KMsydyH-I","Mây Trắng Review",571,6505,27,""
22500008,"Minnesota Timberwolves vs Denver Nuggets Full Game Highlights - October 27, 2025 | NBA Season","https://www.youtube.com/watch?v=BUCt5bk119Y","BUCt5bk119Y","GAMETIME HIGHLIGHTS",554,319485,2970,285.0
22500008,"Denver Nuggets vs Minnesota Timberwolves Full Game Highlights | Oct 27 | 2026 NBA Season","https://www.youtube.com/watch?v=r58iJK5qlnc","r58iJK5qlnc","Hooper Highlights",593,5774,200,2.0
22500155,"Los Angeles Lakers vs Miami Heat Full Game Highlights - November 2, 2025 | NBA Season","https://www.youtube.com/watch?v=PLjbrMVrYKY","PLjbrMVrYKY","GAMETIME HIGHLIGHTS",566,755289,7546,522.0
22500155,"Los Angeles Lakers vs Miami Heat - FULL GAME HIGHLIGHTS | November 2, 2025 NBA Season","https://www.youtube.com/watch?v=jALwH0p6chU","jALwH0p6chU","Ximo Pierto",571,176566,1327,53.0
22500155,"Los Angeles Lakers vs Miami Heat Full Game Highlights | Nov 2, 2025 | FreeDawkins","https://www.youtube.com/watch?v=7s40hLgA2IE","7s40hLgA2IE","",566,80070,2854,146.0
22500155,"Miami Heat vs Los Angeles Lakers | Full Game Highlights | Nov 2 | 2025-26 NBA Season","https://www.youtube.com/watch?v=BmMg5L3F9GI","BmMg5L3F9GI","The CCB Network",635,1440,39,1.0
22500155,"Lakers vs Heat | Lakers Highlights | November 2, 2025","https://www.youtube.com/watch?v=psEfQLPww-o","psEfQLPww-o","LakeShow Highlights",600,171268,4729,766.0
22500155,"Los Angeles Lakers Vs Miami Heat Game 1st Highlights - November 02, 2025 | NBA Season","https://www.youtube.com/watch?v=8T-db2rTJVc","8T-db2rTJVc","Chuyện Đời Thực 24H",493,4353,28,""
22500141,"San Antonio Spurs vs Miami Heat Full Game Highlights - October 30, 2025 | NBA Season","https://www.youtube.com/watch?v=Zd0eJJJPcEQ","Zd0eJJJPcEQ","GAMETIME HIGHLIGHTS",579,613819,5637,385.0
22500141,"San Antonio Spurs vs Miami Heat Full Game Highlights | Oct 30, 2025 | FreeDawkins","https://www.youtube.com/watch?v=a2-PF_aRIbU","a2-PF_aRIbU","FreeDawkins",622,50576,1921,66.0
22500141,"Miami Heat vs San Antonio Spurs - FULL GAME HIGHLIGHTS | October 30, 2025 NBA Season","https://www.youtube.com/watch?v=-AvNBaGi2CY","-AvNBaGi2CY","Ximo Pierto",580,160273,1295,122.0
22500141,"Miami Heat vs San Antonio Spurs | Full Game Highlights | Oct 30 | 2025-26 NBA Season","https://www.youtube.com/watch?v=T5TvtFdM0OU","T5TvtFdM0OU","The CCB Network",630,23185,342,11.0
22500141,"San Antonio Spurs vs Miami Heat Full Game Highlights | Oct 30 | 2026 NBA Season","https://www.youtube.com/watch?v=sdMspCUzaks","sdMspCUzaks","Hooper Highlights",595,5694,200,12.0
22500136,"Los Angeles Lakers vs Minnesota Timberwolves Full Game Highlights | Oct 29, 2025 | FreeDawkins","https://www.youtube.com/watch?v=XX7I9-ieTSA","XX7I9-ieTSA","FreeDawkins",703,107814,3906,250.0
22500136,"Los Angeles Lakers vs Minnesota Timberwolves Full Game Highlights - October 29, 2025 | NBA Season","https://www.youtube.com/watch?v=TequnYSbZrM","TequnYSbZrM","GAMETIME HIGHLIGHTS",579,871968,8097,753.0
22500136,"Los Angeles Lakers vs Minnesota Timberwolves - FULL GAME HIGHLIGHTS | October 29, 2025 NBA Season","https://www.youtube.com/watch?v=KeuIH6NTK4M","KeuIH6NTK4M","Ximo Pierto",566,127387,1257,73.0
22500136,"Lakers vs Timberwolves | Lakers Highlights | October 29, 2025","https://www.youtube.com/watch?v=tyWH2Ud1bOs","tyWH2Ud1bOs","LakeShow Highlights",574,177333,4525,416.0
22500125,"New York Knicks vs Milwaukee Bucks Full Game Highlights - October 28, 2025 | NBA Season","https://www.youtube.com/watch?v=KXRWAIwJZQY","KXRWAIwJZQY","GAMETIME HIGHLIGHTS",550,252683,2349,152
22500125,"New York Knicks vs Milwaukee Bucks - FULL GAME HIGHLIGHTS | October 28, 2025 NBA Season","https://www.youtube.com/watch?v=ZG202vgStqo","ZG202vgStqo","Ximo Pierto",570,76236,641,45
22500024,"Los Angeles Lakers vs Memphis Grizzlies Full Game Highlights - October 31, 2025 | NBA Season","https://www.youtube.com/watch?v=culBGNz4J3U","culBGNz4J3U","GAMETIME HIGHLIGHTS",544,936325,9056,411
22500024,"Los Angeles Lakers vs Memphis Grizzlies | Full Game Highlights | Oct 31 | 2025-26 NBA Season","https://www.youtube.com/watch?v=qBpYJVKah6w","qBpYJVKah6w","The CCB Network",630,8232,114,2
22500024,"Los Angeles Lakers vs Memphis Grizzlies - FULL GAME HIGHLIGHTS | October 31, 2025 NBA Cup","https://www.youtube.com/watch?v=imp7xwEz9Tg","imp7xwEz9Tg","Ximo Pierto",566,262563,1917,119
22500024,"Lakers vs Grizzlies | Lakers Highlights | October 31, 2025","https://www.youtube.com/watch?v=cMvlI-j6q0E","cMvlI-j6q0E","LakeShow Highlights",598,206623,4678,294
22500024,"Los Angeles Lakers vs Memphis Grizzlies Full Game Highlights | Oct 31 | 2026 NBA Season","https://www.youtube.com/watch?v=5M0jDaZaxdw","5M0jDaZaxdw","Hooper Highlights",593,7237,262,14
22500130,"Atlanta Hawks vs Brooklyn Nets Full Game Highlights - October 29, 2025 | NBA Season","https://www.youtube.com/watch?v=b1DtzpwI6hw","b1DtzpwI6hw","GAMETIME HIGHLIGHTS",578,41999,392,23
22500130,"Atlanta Hawks vs Brooklyn Nets | Full Game Highlights | Oct 29 | 2025-26 NBA Season","https://www.youtube.com/watch?v=sizx1AvXLa8","sizx1AvXLa8","The CCB Network",639,2881,83,2
22500130,"Atlanta Hawks vs Brooklyn Nets Full Game Highlights | Oct 29 | 2026 NBA Season","https://www.youtube.com/watch?v=lJsz9IMv0EI","lJsz9IMv0EI","Hooper Highlights",599,2018,80,1
22500134,"Denver Nuggets vs New Orleans Pelicans Full Game Highlights - October 29, 2025 | NBA Season","https://www.youtube.com/watch?v=qY-an-xBb1s","qY-an-xBb1s","GAMETIME HIGHLIGHTS",568,200840,1678,228
22500134,"New Orleans Pelicans vs Denver Nuggets - FULL GAME HIGHLIGHTS | October 29, 2025 NBA Season","https://www.youtube.com/watch?v=sJkav1-Kg70","sJkav1-Kg70","Ximo Pierto",571,70548,417,24
22500134,"New Orleans Pelicans vs Denver Nuggets | Full Game Highlights | Oct 29 | 2025-26 NBA Season","https://www.youtube.com/watch?v=GcxIJJFGReQ","GcxIJJFGReQ","The CCB Network",540,7915,160,6
22500128,"Boston Celtics vs Cleveland Cavaliers Full Game Highlights - October 29, 2025 | NBA Season","https://www.youtube.com/watch?v=-FypeTa5p70","-FypeTa5p70","GAMETIME HIGHLIGHTS",574,183617,1632,121
22500128,"Cleveland Cavaliers vs Boston Celtics - FULL GAME HIGHLIGHTS | October 29, 2025 NBA Season","https://www.youtube.com/watch?v=5IjtWeZiYjM","5IjtWeZiYjM","Ximo Pierto",558,40347,422,14
22500128,"Cleveland Cavaliers vs Boston Celtics Full Game Highlights | Oct 29 | 2026 NBA Season","https://www.youtube.com/watch?v=pAjYBIihlk0","pAjYBIihlk0","Hooper Highlights",598,3466,158,2
22500023,"New York Knicks vs Chicago Bulls Full Game Highlights - October 31, 2025 | NBA Season","https://www.youtube.com/watch?v=5OZCFLzs2wE","5OZCFLzs2wE","GAMETIME HIGHLIGHTS",575,170658,1591,119
22500023,"New York Knicks vs Chicago Bulls - FULL GAME HIGHLIGHTS | October 31, 2025 NBA Cup","https://www.youtube.com/watch?v=I6VdcBKAU9M","I6VdcBKAU9M","Ximo Pierto",568,88674,759,113
22500023,"New York Knicks vs Chicago Bulls | Full Game Highlights | Oct 31 | 2025-26 NBA Season","https://www.youtube.com/watch?v=EmrNl4QIBuM","EmrNl4QIBuM","The CCB Network",641,8286,118,4
22500023,"New York Knicks at Chicago Bulls (10/31/25) | Game Highlights | CHSN Bulls","https://www.youtube.com/watch?v=4kbJ3O9po2U","4kbJ3O9po2U","Chicago Sports Network",118,17124,84,8
22500023,"New York Knicks vs Chicago Bulls Full Game Highlights | Oct 31 | 2026 NBA Season","https://www.youtube.com/watch?v=rzD5ihoU_tM","rzD5ihoU_tM","Hooper Highlights",596,4049,166,2
22500023,"Chicago Bulls vs New York Knicks FULLGAME Qtr Oct 31.2025 Highlights | NBA HIGHLIGHT","https://www.youtube.com/watch?v=jichjBoQWQA","jichjBoQWQA","Mây Trắng Review",812,2994,14,3
22500109,"Charlotte Hornets vs Washington Wizards Full Game Highlights - October 26, 2025 | NBA Season","https://www.youtube.com/watch?v=l6j0G1r6l74","l6j0G1r6l74","GAMETIME HIGHLIGHTS",558,80189,991,44
22500117,"Boston Celtics vs New Orleans Pelicans Full Game Highlights - October 27, 2025 | NBA Season","https://www.youtube.com/watch?v=E-IrOyv0eqw","E-IrOyv0eqw","GAMETIME HIGHLIGHTS",565,106332,1021,62
22500117,"Boston Celtics vs New Orleans Pelicans | Full Game Highlights | Oct 27, 2025 | 2025-26 NBA Season","https://www.youtube.com/watch?v=hejJ53BHxps","hejJ53BHxps","The CCB Network",615,7760,159,2
22500135,"Portland Trail Blazers vs Utah Jazz Full Game Highlights - October 29, 2025 | NBA Season","https://www.youtube.com/watch?v=UXaPBchknSY","UXaPBchknSY","GAMETIME HIGHLIGHTS",574,76202,674,41
22500135,"Portland Trail Blazers vs Utah Jazz | Full Game Highlights | Oct 29 | 2025-26 NBA Season","https://www.youtube.com/watch?v=VGwyAal0CXg","VGwyAal0CXg","The CCB Network",639,1606,36,1
22500135,"Portland Trail Blazers vs Utah Jazz Full Game Highlights | Oct 29 | 2026 NBA Season","https://www.youtube.com/watch?v=lHziXjQadJM","lHziXjQadJM","Hooper Highlights",593,2297,102,1
22500135,"Jrue Holiday vs Jazz 27 pts 8 ast 5 reb | Oct 29, 2025 | Regular Season","https://www.youtube.com/watch?v=iOxBkY2DfkM","iOxBkY2DfkM","DV highlights",187,1617,34,4
22500115,"Atlanta Hawks vs Chicago Bulls Full Game Highlights - October 27, 2025 | NBA Season","https://www.youtube.com/watch?v=MGmJNfFuLmI","MGmJNfFuLmI","GAMETIME HIGHLIGHTS",552,76082,889,41
22500115,"Atlanta Hawks vs Chicago Bulls | Full Game Highlights | Oct 27, 2025 | 2025-26 NBA Season","https://www.youtube.com/watch?v=eZsblx5Llu0","eZsblx5Llu0","The CCB Network",596,5737,148,2
22500115,"Atlanta Hawks at Chicago Bulls (10/27/25) | Game Highlights | CHSN Bulls","https://www.youtube.com/watch?v=jjERrDapaWI","jjERrDapaWI","Chicago Sports Network",119,5509,68,9
22500112,"Los Angeles Clippers vs Portland Trail Blazers Full Game Highlights - October 26, 2025 | NBA Season","https://www.youtube.com/watch?v=w_ZHMWGeZhY","w_ZHMWGeZhY","GAMETIME HIGHLIGHTS",560,247490,1821,137
22500114,"Philadelphia 76ers vs Orlando Magic Full Game Highlights - October 27, 2025 | NBA Season","https://www.youtube.com/watch?v=rVNgdHGeRLc","rVNgdHGeRLc","GAMETIME HIGHLIGHTS",574,166586,1418,109
22500114,"Philadelphia 76ers vs Orlando Magic Full Game Highlights | Oct 27, 2025 | FreeDawkins","https://www.youtube.com/watch?v=uJuRcI4E-b4","uJuRcI4E-b4","FreeDawkins",658,15134,894,30
22500114,"Orlando Magic vs Philadelphia 76ers | Full Game Highlights | Oct 27, 2025 | 2025-26 NBA Season","https://www.youtube.com/watch?v=gQb3EZ3PN7o","gQb3EZ3PN7o","The CCB Network",580,7822,185,5
22500007,"Cleveland Cavaliers vs Detroit Pistons Full Game Highlights - October 27, 2025 | NBA Season","https://www.youtube.com/watch?v=gMV4Z2i4u1w","gMV4Z2i4u1w","GAMETIME HIGHLIGHTS",540,42257,588,37.0
22500007,"Cleveland Cavaliers vs Detroit Pistons - FULL GAME HIGHLIGHTS | October 27, 2025 NBA Season","https://www.youtube.com/watch?v=0P4B4VN-HjM","0P4B4VN-HjM","Ximo Pierto",572,4952,63,1.0
22500007,"Cleveland Cavaliers vs Detroit Pistons | Full Game Highlights | Oct 27, 2025 | 2025-26 NBA Season","https://www.youtube.com/watch?v=fAnZ9hs2vp8","fAnZ9hs2vp8","The CCB Network",618,4474,116,1.0
22500133,"Dallas Mavericks vs Indiana Pacers Full Game Highlights - October 29, 2025 | NBA Season","https://www.youtube.com/watch?v=0SnXE0Uuug4","0SnXE0Uuug4","GAMETIME HIGHLIGHTS",568,298379,2130,191.0
22500133,"Indiana Pacers vs Dallas Mavericks - FULL GAME HIGHLIGHTS | October 29, 2025 NBA Season","https://www.youtube.com/watch?v=IDDGvMHI7jw","IDDGvMHI7jw","Ximo Pierto",559,73151,484,15.0
22500133,"Dallas Mavericks vs Indiana Pacers Full Game Highlights | Oct 29, 2025 | FreeDawkins","https://www.youtube.com/watch?v=q6u9VHMOXSE","q6u9VHMOXSE","FreeDawkins",643,25301,977,42.0
22500133,"Dallas Mavericks vs Indiana Pacers Full Game Highlights | Oct 29 | 2026 NBA Season","https://www.youtube.com/watch?v=Tpu0ZlQ1y90","Tpu0ZlQ1y90","Hooper Highlights",595,3958,141,3.0
22500133,"Indiana Pacers vs Dallas Mavericks | Full Game Highlights | Oct 29 | 2025-26 NBA Season","https://www.youtube.com/watch?v=xNUtzs-TBlQ","xNUtzs-TBlQ","The CCB Network",581,8158,161,4.0
22500137,"Phoenix Suns vs Memphis Grizzlies Full Game Highlights - October 29, 2025 | NBA Season","https://www.youtube.com/watch?v=R5TYbm_tyZY","R5TYbm_tyZY","GAMETIME HIGHLIGHTS",573,108185,1088,60.0
22500137,"Memphis Grizzlies vs Phoenix Suns - FULL GAME HIGHLIGHTS | October 29, 2025 NBA Season","https://www.youtube.com/watch?v=WhtW_E-8sj8","WhtW_E-8sj8","Ximo Pierto",579,19080,203,11.0
22500137,"Memphis Grizzlies vs Phoenix Suns | Full Game Highlights | Oct 29 | 2025-26 NBA Season","https://www.youtube.com/watch?v=hwN7CeHNJdo","hwN7CeHNJdo","The CCB Network",638,1166,31,""
22500137,"Memphis Grizzlies vs Phoenix Suns Full Game Highlights | Oct 29 | 2026 NBA Season","https://www.youtube.com/watch?v=JCtZc57pLw4","JCtZc57pLw4","Hooper Highlights",595,3207,133,1.0
22500137,"Grizzlies vs. Suns Ending - Final Minute | October 29, 2025","https://www.youtube.com/watch?v=x9TBpuxKS3c","x9TBpuxKS3c","Bleacher Report",96,17745,88,14.0
22500139,"Golden State Warriors vs Milwaukee Bucks Full Game Highlights - October 30, 2025 | NBA Season","https://www.youtube.com/watch?v=RgdLfQFXnJ0","RgdLfQFXnJ0","GAMETIME HIGHLIGHTS",577,699671,6311,439
22500139,"Golden State Warriors vs Milwaukee Bucks Full Game Highlights | Oct 30, 2025 | FreeDawkins","https://www.youtube.com/watch?v=-cwsZO-HwbU","-cwsZO-HwbU","FreeDawkins",616,82531,2866,147
22500139,"Golden State Warriors vs Milwaukee Bucks - FULL GAME HIGHLIGHTS | October 30, 2025 NBA Season","https://www.youtube.com/watch?v=d_FwzuDM2YI","d_FwzuDM2YI","Ximo Pierto",571,110092,857,38
22500139,"Golden State Warriors vs Milwaukee Bucks | Full Game Highlights | Oct 30 | 2025-26 NBA Season","https://www.youtube.com/watch?v=cDAy7yBxDBU","cDAy7yBxDBU","The CCB Network",622,16021,241,10
22500139,"Golden State Warriors vs Milwaukee Bucks Full Game Highlights | Oct 30 | 2026 NBA Season","https://www.youtube.com/watch?v=UNcG8hRsvQM","UNcG8hRsvQM","Hooper Highlights",589,5704,212,9
22500139,"FlightReacts To Warriors vs Bucks Full Game Highlights | Oct 30, 2025!","https://www.youtube.com/watch?v=UMpCWqP4TDM","UMpCWqP4TDM","NotYourAverageFlight",721,206572,8665,596
22500131,"Houston Rockets vs Toronto Raptors Full Game Highlights - October 29, 2025 | NBA Season","https://www.youtube.com/watch?v=C5PWSPadmVY","C5PWSPadmVY","GAMETIME HIGHLIGHTS",575,244512,1843,145
22500131,"Houston Rockets vs Toronto Raptors - FULL GAME HIGHLIGHTS | October 29, 2025 NBA Season","https://www.youtube.com/watch?v=3VfTLTx6G9c","3VfTLTx6G9c","Ximo Pierto",565,29263,253,15
22500131,"Houston Rockets vs Toronto Raptors | Full Game Highlights | Oct 29 | 2025-26 NBA Season","https://www.youtube.com/watch?v=sLj3m4gW15Y","sLj3m4gW15Y","The CCB Network",620,6449,129,2
22500131,"Toronto Raptors vs Houston Rockets - Full Team Highlights | October 29, 2025","https://www.youtube.com/watch?v=sxoss77WdOc","sxoss77WdOc","Raptors Nation",582,3526,49,23
22500131,"Houston Rockets vs Toronto Raptors Full Game Highlights | Oct 29 | 2026 NBA Season","https://www.youtube.com/watch?v=SbikhJLgLTM","SbikhJLgLTM","Hooper Highlights",598,3350,130,1
22500100,"Chicago Bulls vs Orlando Magic Full Game Highlights - October 25, 2025 | NBA Season","https://www.youtube.com/watch?v=ysEYxNBUWIQ","ysEYxNBUWIQ","GAMETIME HIGHLIGHTS",533,92889,1009,55
22500100,"Chicago Bulls at Orlando Magic (10/25/25) | Game Highlights | CHSN Bulls","https://www.youtube.com/watch?v=igoKb-IuPEU","igoKb-IuPEU","Chicago Sports Network",120,14809,82,5
22500107,"Milwaukee Bucks vs Cleveland Cavaliers Full Game Highlights - October 26, 2025 | NBA Season","https://www.youtube.com/watch?v=ipt9Qv34yD4","ipt9Qv34yD4","GAMETIME HIGHLIGHTS",540,197667,1645,84.0
22500107,"Milwaukee Bucks vs Cleveland Cavaliers | Full Game Highlights | Oct 26, 2025 | 2025-26 NBA Season","https://www.youtube.com/watch?v=4qb4Kblynj0","4qb4Kblynj0","The CCB Network",592,10317,212,3.0
22500107,"Milwaukee Bucks vs Cleveland Cavaliers Full Game Highlights | Oct 26 | 2026 NBA Season","https://www.youtube.com/watch?v=V0wDtuxJBVo","V0wDtuxJBVo","Hooper Highlights",564,4125,157,7.0
22500132,"Sacramento Kings vs Chicago Bulls Full Game Highlights - October 29, 2025 | NBA Season","https://www.youtube.com/watch?v=7L95UDdXmGk","7L95UDdXmGk","GAMETIME HIGHLIGHTS",581,101469,988,62.0
22500132,"Sacramento Kings vs Chicago Bulls - FULL GAME HIGHLIGHTS | October 29, 2025 NBA Season","https://www.youtube.com/watch?v=jO4fdXdVFs0","jO4fdXdVFs0","Ximo Pierto",567,64062,635,40.0
22500132,"Sacramento Kings vs Chicago Bulls | Full Game Highlights | Oct 29 | 2025-26 NBA Season","https://www.youtube.com/watch?v=V0aqZ6ejVIc","V0aqZ6ejVIc","The CCB Network",629,6750,116,3.0
22500132,"Sacramento Kings vs Chicago Bulls Full Game Highlights | Oct 29 | 2026 NBA Season","https://www.youtube.com/watch?v=EelY4fJih7g","EelY4fJih7g","Hooper Highlights",581,2919,129,""
22500132,"Sacramento Kings at Chicago Bulls (10/29/25) | Game Highlights | CHSN Bulls","https://www.youtube.com/watch?v=IGeqIR-ycHE","IGeqIR-ycHE","Chicago Sports Network",120,5093,67,9.0
22500091,"Cleveland Cavaliers vs Brooklyn Nets Full Game Highlights - October 24, 2025 | NBA Season","https://www.youtube.com/watch?v=ItHMsVQ3v88","ItHMsVQ3v88","GAMETIME HIGHLIGHTS",573,69369,750,30.0
22500099,"Los Angeles Clippers vs Phoenix Suns Full Game Highlights - October 24, 2025 | NBA Season","https://www.youtube.com/watch?v=0tU9GjA57Uc","0tU9GjA57Uc","GAMETIME HIGHLIGHTS",555,277646,2214,146
22500099,"Phoenix Suns vs LA Clippers | Full Game Highlights | Oct 24, 2025 | 2025-26 NBA Season","https://www.youtube.com/watch?v=jvi5V037MvU","jvi5V037MvU","The CCB Network",583,20784,329,11
22500105,"San Antonio Spurs vs Brooklyn Nets Full Game Highlights - October 26, 2025 | NBA Season","https://www.youtube.com/watch?v=pCr5lFfzyEI","pCr5lFfzyEI","GAMETIME HIGHLIGHTS",572,298693,3620,252
22500105,"Brooklyn Nets vs San Antonio Spurs - FULL GAME HIGHLIGHTS | October 26, 2025 NBA Season","https://www.youtube.com/watch?v=gcF2ZEPOAH4","gcF2ZEPOAH4","Ximo Pierto",570,456887,3015,279
22500105,"San Antonio Spurs vs Brooklyn Nets Full Game Highlights | Oct 26 | 2026 NBA Season","https://www.youtube.com/watch?v=xS3iXqfKXSc","xS3iXqfKXSc","Hooper Highlights",585,4316,155,5
22500098,"Sacramento Kings vs Utah Jazz Full Game Highlights - October 24, 2025 | NBA Season","https://www.youtube.com/watch?v=bT069M9pM3Q","bT069M9pM3Q","GAMETIME HIGHLIGHTS",585,115199,1030,42
22500127,"Golden State Warriors vs Los Angeles Clippers Full Game Highlights - October 28, 2025 | NBA Season","https://www.youtube.com/watch?v=oKgDNEmRCqo","oKgDNEmRCqo","GAMETIME HIGHLIGHTS",543,742039,7720,299
22500127,"Golden State Warriors vs Los Angeles Clippers Full Game Highlights | Oct 28, 2025 | FreeDawkins","https://www.youtube.com/watch?v=ZOJsN1_qDw4","ZOJsN1_qDw4","FreeDawkins",591,140614,5536,250
22500127,"Golden State Warriors vs Los Angeles Clippers - FULL GAME HIGHLIGHTS | October 28, 2025 NBA Season","https://www.youtube.com/watch?v=-xcG7kCsB3E","-xcG7kCsB3E","Ximo Pierto",547,415164,3399,161
22500127,"LA Clippers vs Golden State Warriors | Full Game Highlights | Oct 28 | 2025-26 NBA Season","https://www.youtube.com/watch?v=xoZG3Kfrabs","xoZG3Kfrabs","The CCB Network",619,20246,314,10
22500127,"Golden State Warriors vs LA Clippers Full Game Highlights | Oct 28 | 2026 NBA Season","https://www.youtube.com/watch?v=mOaGhrb50qE","mOaGhrb50qE","Hooper Highlights",596,6414,228,5
22500118,"San Antonio Spurs vs Toronto Raptors Full Game Highlights - October 27, 2025 | NBA Season","https://www.youtube.com/watch?v=UID18K9hIBk","UID18K9hIBk","GAMETIME HIGHLIGHTS",566,374262,4602,269
22500118,"Toronto Raptors vs San Antonio Spurs - FULL GAME HIGHLIGHTS | October 27, 2025 NBA Season","https://www.youtube.com/watch?v=-N11zd6arx8","-N11zd6arx8","Ximo Pierto",575,49692,545,27
22500118,"Toronto Raptors vs San Antonio Spurs | Full Game Highlights | Oct 27, 2025 | 2025-26 NBA Season","https://www.youtube.com/watch?v=BPMTL7pSd-w","BPMTL7pSd-w","The CCB Network",580,33945,429,22
22500118,"San Antonio Spurs vs Toronto Raptors Full Game Highlights | Oct 27, 2025 | FreeDawkins","https://www.youtube.com/watch?v=nzfrR7bWo1M","nzfrR7bWo1M","FreeDawkins",577,25109,1165,41
22500118,"Toronto Raptors vs San Antonio Spurs - Full Team Highlights | October 27, 2025","https://www.youtube.com/watch?v=KZxM6sbtQhc","KZxM6sbtQhc","Raptors Nation",535,2329,32,14
22500108,"Miami Heat vs New York Knicks Full Game Highlights - October 26, 2025 | NBA Season","https://www.youtube.com/watch?v=Ls9MTw-UMuQ","Ls9MTw-UMuQ","GAMETIME HIGHLIGHTS",524,98350,1051,63
22500108,"New York Knicks vs Miami Heat | Full Game Highlights | Oct 26, 2025 | 2025-26 NBA Season","https://www.youtube.com/watch?v=vO1gSVAuo3s","vO1gSVAuo3s","The CCB Network",570,6718,149,1
22500108,"Miami HEAT vs. New York Knicks | HEAT Full-Game Highlights | October 26, 2025","https://www.youtube.com/watch?v=PTh-9lePG4o","PTh-9lePG4o","Miami HEAT",567,28551,674,90
22500106,"Boston Celtics vs Detroit Pistons Full Game Highlights - October 26, 2025 | NBA Season","https://www.youtube.com/watch?v=L81XHoPHW88","L81XHoPHW88","GAMETIME HIGHLIGHTS",544,105575,1203,103.0
22500106,"Boston Celtics vs Detroit Pistons - FULL GAME HIGHLIGHTS | October 26, 2025 NBA Season","https://www.youtube.com/watch?v=qOCf2QRf_Hg","qOCf2QRf_Hg","Ximo Pierto",571,52996,412,20.0
22500106,"Boston Celtics vs Detroit Pistons | Full Game Highlights | Oct 26, 2025 | 2025-26 NBA Season","https://www.youtube.com/watch?v=PgQgdhBTiYg","PgQgdhBTiYg","The CCB Network",535,5010,136,9.0
22500018,"Boston Celtics vs New York Knicks Full Game Highlights - October 24, 2025 | NBA Season","https://www.youtube.com/watch?v=D6hZ_ecD9dc","D6hZ_ecD9dc","GAMETIME HIGHLIGHTS",536,198722,2001,108.0
22500018,"Boston Celtics vs New York Knicks | Full Game Highlights | Oct 24, 2025 | 2025-26 NBA Season","https://www.youtube.com/watch?v=N7BhgT0-BUU","N7BhgT0-BUU","The CCB Network",563,8880,183,9.0
22500124,"Miami Heat vs Charlotte Hornets Full Game Highlights - October 28, 2025 | NBA Season","https://www.youtube.com/watch?v=ujRJ8GmGPm0","ujRJ8GmGPm0","GAMETIME HIGHLIGHTS",535,93115,1021,48.0
22500124,"Miami HEAT vs. Charlotte Hornets | HEAT Full-Game Highlights | October 28, 2025","https://www.youtube.com/watch?v=vHVU1k_wAJ0","vHVU1k_wAJ0","Miami HEAT",777,33821,755,85.0
22500124,"Miami Heat vs Charlotte Hornets 4th Qtr Oct 28. 2025 Highlights | NBA highlight","https://www.youtube.com/watch?v=wLfPaEwG68Y","wLfPaEwG68Y","Khang Lê Chess",723,1858,9,""
22500124,"The Miami HEAT Closing Out the Game vs. the Hornets | October 28, 2025","https://www.youtube.com/watch?v=vX9r4t5s4G0","vX9r4t5s4G0","Luis Claudio De Jesús Charles",590,1756,106,18.0
22500124,"Miami Heat vs Charlotte Hornets 1st Qtr Oct 28. 2025 Highlights | NBA highlight","https://www.youtube.com/watch?v=eGp1MnUSfvo","eGp1MnUSfvo","Khang Lê Chess",607,3820,23,""
22500104,"Denver Nuggets vs Phoenix Suns Full Game Highlights - October 25, 2025 | NBA Season","https://www.youtube.com/watch?v=b_MILvT5c0g","b_MILvT5c0g","GAMETIME HIGHLIGHTS",562,341662,2856,188.0
22500104,"Phoenix Suns vs Denver Nuggets - FULL GAME HIGHLIGHTS | October 25, 2025 NBA Season","https://www.youtube.com/watch?v=JHsBpueTX6U","JHsBpueTX6U","Ximo Pierto",574,7449,62,3.0
22500104,"Phoenix Suns vs Denver Nuggets | Full Game Highlights | Oct 25, 2025 | 2025-26 NBA Season","https://www.youtube.com/watch?v=-xXAj7EoNZ4","-xXAj7EoNZ4","The CCB Network",582,25182,388,8.0
22500119,"Oklahoma City Thunder vs Dallas Mavericks Full Game Highlights - October 27, 2025 | NBA Season","https://www.youtube.com/watch?v=iqZ5YfZqJes","iqZ5YfZqJes","GAMETIME HIGHLIGHTS",566,425825,3397,444.0
22500119,"Dallas Mavericks vs OKC Thunder Full Game Highlights | Oct 27, 2025 | FreeDawkins","https://www.youtube.com/watch?v=OkcS8nVtR1Q","OkcS8nVtR1Q","FreeDawkins",595,39527,1363,96.0
22500119,"Oklahoma City Thunder vs Dallas Mavericks Full Game Highlights | Oct 27 | 2026 NBA Season","https://www.youtube.com/watch?v=tdS5eGhXe10","tdS5eGhXe10","Hooper Highlights",589,5270,157,9.0
22500119,"Oklahoma City Thunder vs Dallas Mavericks | Full Game Highlights | Oct 27, 2025 | 2025-26 NBA Season","https://www.youtube.com/watch?v=BjKS_X6TmQ0","BjKS_X6TmQ0","The CCB Network",571,11810,224,7.0
22500119,"Oklahoma City Thunder vs Dallas Mavericks Full Game Highlights - October 27, 2025 | NBA Season","https://www.youtube.com/watch?v=wXK9ANuA__k","wXK9ANuA__k","NBA Legends",251,1128,3,""
22500093,"Houston Rockets vs Detroit Pistons Full Game Highlights - October 24, 2025 | NBA Season","https://www.youtube.com/watch?v=58WzON0rUXc","58WzON0rUXc","GAMETIME HIGHLIGHTS",557,452659,3701,351.0
22500093,"FlightReacts To PISTONS at ROCKETS | FULL GAME HIGHLIGHTS | October 24, 2025!","https://www.youtube.com/watch?v=j5xPQhm6NOc","j5xPQhm6NOc","NotYourAverageFlight",739,94812,3870,80.0
22500096,"Dallas Mavericks vs Washington Wizards Full Game Highlights - October 24, 2025 | NBA Season","https://www.youtube.com/watch?v=wQTUiQ-qfvE","wQTUiQ-qfvE","GAMETIME HIGHLIGHTS",541,342647,2541,432.0
22500096,"Washington Wizards vs Dallas Mavericks | Full Game Highlights | Oct 24, 2025 | 2025-26 NBA Season","https://www.youtube.com/watch?v=zDN1YWyFJIg","zDN1YWyFJIg","The CCB Network",593,6709,168,7.0
22500116,"Houston Rockets vs Brooklyn Nets Full Game Highlights - October 27, 2025 | NBA Season","https://www.youtube.com/watch?v=j2JiF7CCkkQ","j2JiF7CCkkQ","GAMETIME HIGHLIGHTS",541,180672,1540,112.0
22500116,"Brooklyn Nets vs Houston Rockets | Full Game Highlights | Oct 27, 2025 | 2025-26 NBA Season","https://www.youtube.com/watch?v=zMKifSxis-0","zMKifSxis-0","The CCB Network",559,7345,191,1.0
22500116,"Houston Rockets vs Brooklyn Nets Full Game Highlights | Oct 27 | 2026 NBA Season","https://www.youtube.com/watch?v=NzQCRKXst_0","NzQCRKXst_0","Hooper Highlights",569,3132,112,""
22500116,"Houston Rockets vs Brooklyn Nets 4th Qtr Oct 27.2025 Highlights | NBA HIGHLIGHT","https://www.youtube.com/watch?v=llVezzP12dY","llVezzP12dY","Khang Lê Chess",519,1000,5,""
22500121,"Golden State Warriors vs Memphis Grizzlies Full Game Highlights - October 27, 2025 | NBA Season","https://www.youtube.com/watch?v=pui7d3fGcpA","pui7d3fGcpA","GAMETIME HIGHLIGHTS",556,867931,8695,278.0
22500121,"Golden State Warriors vs Memphis Grizzlies Full Game Highlights | Oct 27, 2025 | FreeDawkins","https://www.youtube.com/watch?v=rDvcGM6lXco","rDvcGM6lXco","FreeDawkins",631,169317,6509,157.0
22500121,"Memphis Grizzlies vs Golden State Warriors - FULL GAME HIGHLIGHTS | October 27, 2025 NBA Season","https://www.youtube.com/watch?v=PARNF78oSso","PARNF78oSso","Ximo Pierto",575,722410,4871,171.0
22500121,"Golden State Warriors vs Memphis Grizzlies Full Game Highlights | Oct 27 | 2026 NBA Season","https://www.youtube.com/watch?v=_gnQvTrv8GE","_gnQvTrv8GE","Hooper Highlights",590,5968,215,5.0
22500090,"Atlanta Hawks vs Orlando Magic Full Game Highlights - October 24, 2025 | NBA Season","https://www.youtube.com/watch?v=um_f5ZXulYw","um_f5ZXulYw","GAMETIME HIGHLIGHTS",565,86547,889,54
22500090,"INTENSE FINAL SECONDS 😱 Hawks vs Magic | October 24, 2025","https://www.youtube.com/watch?v=_DcsuHk2WjI","_DcsuHk2WjI","House of Highlights",90,17657,192,30
22500101,"Oklahoma City Thunder vs Atlanta Hawks Full Game Highlights - October 25, 2025 | NBA Season","https://www.youtube.com/watch?v=KQiBor0Zr-4","KQiBor0Zr-4","GAMETIME HIGHLIGHTS",522,201410,1945,122
22500101,"Oklahoma City Thunder vs Atlanta Hawks | Full Game Highlights | Oct 25, 2025 | 2025-26 NBA Season","https://www.youtube.com/watch?v=zFrQIlKqBdw","zFrQIlKqBdw","The CCB Network",555,13605,240,1
22500101,"Atlanta Hawks vs Oklahoma City Thunder Full Game Highlights | Oct 25 | 2026 NBA Season","https://www.youtube.com/watch?v=GRDeB7CUq90","GRDeB7CUq90","Hooper Highlights",582,4271,160,4
22500122,"Los Angeles Lakers vs Portland Trail Blazers Full Game Highlights - October 27, 2025 | NBA Season","https://www.youtube.com/watch?v=ZxHdfUGX018","ZxHdfUGX018","GAMETIME HIGHLIGHTS",547,346536,2862,354
22500122,"Los Angeles Lakers vs Portland Trail Blazers Full Game Highlights | Oct 27, 2025 | FreeDawkins","https://www.youtube.com/watch?v=eoteBq9nrMc","eoteBq9nrMc","FreeDawkins",700,49415,1494,82
22500122,"Portland Trail Blazers vs Los Angeles Lakers | Full Game Highlights | Oct 27 | 2025-26 NBA Season","https://www.youtube.com/watch?v=0pUK7NKthLA","0pUK7NKthLA","The CCB Network",574,13989,186,6
22500122,"Lakers vs Blazers | Lakers Highlights | October 27th, 2025","https://www.youtube.com/watch?v=Nkkk1B_HgjQ","Nkkk1B_HgjQ","Lakers GametimeTV",480,10956,164,13
22500113,"Los Angeles Lakers vs Sacramento Kings Full Game Highlights - October 26, 2025 | NBA Season","https://www.youtube.com/watch?v=bNhwTOkK8J4","bNhwTOkK8J4","GAMETIME HIGHLIGHTS",573,565383,6231,505.0
22500113,"Los Angeles Lakers vs Sacramento Kings Full Game Highlights | Oct 26, 2025 | FreeDawkins","https://www.youtube.com/watch?v=eLsdZnxiZw0","eLsdZnxiZw0","FreeDawkins",668,104451,4171,237.0
22500113,"Los Angeles Lakers vs Sacramento Kings - FULL GAME HIGHLIGHTS | October 26, 2025 NBA Season","https://www.youtube.com/watch?v=OKfi8yaQl6o","OKfi8yaQl6o","Ximo Pierto",583,628768,4648,291.0
22500113,"Lakers vs Kings | Lakers Highlights | October 26, 2025","https://www.youtube.com/watch?v=f7ZZ7B0A7cY","f7ZZ7B0A7cY","LakeShow Highlights",597,159382,4338,435.0
22500086,"Milwaukee Bucks vs Washington Wizards Full Game Highlights - October 22, 2025 | NBA Season","https://www.youtube.com/watch?v=d_Ts0uHQdx4","d_Ts0uHQdx4","GAMETIME HIGHLIGHTS",550,208845,1963,93.0
22500103,"Memphis Grizzlies vs Indiana Pacers Full Game Highlights - October 25, 2025 | NBA Season","https://www.youtube.com/watch?v=Ny_Ub-MUbQQ","Ny_Ub-MUbQQ","GAMETIME HIGHLIGHTS",512,130729,1270,28.0
22500103,"Indiana Pacers vs Memphis Grizzlies | Full Game Highlights | Oct 25, 2025 | 2025-26 NBA Season","https://www.youtube.com/watch?v=Tr768Zlrlas","Tr768Zlrlas","The CCB Network",551,7008,147,1.0
22500103,"Memphis Grizzlies vs Indiana Pacers Full Game Highlights | Oct 25 | 2026 NBA Season","https://www.youtube.com/watch?v=V9CezZkDFxw","V9CezZkDFxw","Hooper Highlights",572,3341,132,2.0
22500103,"Memphis Grizzlies vs Indiana Pacers 1st Qtr Oct 25. 2025 Highlights | NBA highlight","https://www.youtube.com/watch?v=MrPj4y1RYNk","MrPj4y1RYNk","Mây Trắng Review",565,1308,4,""
22500088,"Phoenix Suns vs Sacramento Kings Full Game Highlights - October 22, 2025 | NBA Season","https://www.youtube.com/watch?v=JO-8HVv3njk","JO-8HVv3njk","GAMETIME HIGHLIGHTS",570,209619,1970,121.0
22500110,"Minnesota Timberwolves vs Indiana Pacers Full Game Highlights - October 26, 2025 | NBA Season","https://www.youtube.com/watch?v=MzXTMj6yI5s","MzXTMj6yI5s","GAMETIME HIGHLIGHTS",565,119001,1133,48.0
22500110,"Indiana Pacers vs Minnesota Timberwolves - FULL GAME HIGHLIGHTS | October 26, 2025 NBA Season","https://www.youtube.com/watch?v=Q5yGHHm6kOw","Q5yGHHm6kOw","Ximo Pierto",572,19311,187,14.0
22500110,"Indiana Pacers vs Minnesota Timberwolves | Full Game Highlights | Oct 26, 2025 | 2025-26 NBA Season","https://www.youtube.com/watch?v=AhJ9gQSYt30","AhJ9gQSYt30","The CCB Network",576,5654,140,5.0
22500110,"Minnesota Timberwolves vs Indiana Pacers Full Game Highlights | Oct 26 | 2026 NBA Season","https://www.youtube.com/watch?v=-y9_aO9b4EU","-y9_aO9b4EU","Hooper Highlights",598,2598,101,""
22500089,"Minnesota Timberwolves vs Portland Trail Blazers Full Game Highlights - October 22 2025 | NBA Season","https://www.youtube.com/watch?v=R69b9EcM3IU","R69b9EcM3IU","GAMETIME HIGHLIGHTS",583,275791,2589,177.0
22500089,"Minnesota Timberwolves vs Portland Trail Blazers - FULL GAME HIGHLIGHTS | Oct 22, 2025-26 NBA Season","https://www.youtube.com/watch?v=WlRG-IoVYH0","WlRG-IoVYH0","The CCB Network",628,7573,176,3.0
22500094,"Miami Heat vs Memphis Grizzlies Full Game Highlights - October 24, 2025 | NBA Season","https://www.youtube.com/watch?v=i0BrUAza78Q","i0BrUAza78Q","GAMETIME HIGHLIGHTS",544,88078,916,51.0
22500094,"Miami HEAT vs. Memphis Grizzlies | HEAT Full-Game Highlights | October 24, 2025","https://www.youtube.com/watch?v=aJoK-trkxR8","aJoK-trkxR8","Miami HEAT",754,40621,845,119.0
22500094,"Memphis Grizzlies vs Miami Heat 1st Qtr Oct 24. 2025 Highlights | NBA highlight","https://www.youtube.com/watch?v=W7OvD_OZurQ","W7OvD_OZurQ","Khang Lê Chess",633,3382,13,""
22500111,"Dallas Mavericks vs Toronto Raptors Full Game Highlights - October 26, 2025 | NBA Season","https://www.youtube.com/watch?v=g7XGC3KVjdc","g7XGC3KVjdc","GAMETIME HIGHLIGHTS",542,347631,2547,125.0
22500111,"Dallas Mavericks vs Toronto Raptors Full Game Highlights | Oct 26, 2025 | FreeDawkins","https://www.youtube.com/watch?v=VvJVYF4ax1M","VvJVYF4ax1M","FreeDawkins",697,29444,1202,44.0
22500111,"Toronto Raptors vs Dallas Mavericks | Full Game Highlights | Oct 26, 2025 | 2025-26 NBA Season","https://www.youtube.com/watch?v=wCkRdiMC37o","wCkRdiMC37o","The CCB Network",569,8434,199,4.0
22500111,"Toronto Raptors vs Dallas Mavericks - Full Team Highlights | October 26, 2025","https://www.youtube.com/watch?v=n5Rg3K_evJY","n5Rg3K_evJY","Raptors Nation",584,2672,43,12.0
22500111,"Dallas Mavericks vs Toronto Raptors 2nd Qtr Oct 26.2025 Highlights | NBA hightlight","https://www.youtube.com/watch?v=GmXhFTLdeJk","GmXhFTLdeJk","Mây Trắng Review",582,2634,8,2.0
22500085,"New Orleans Pelicans vs Memphis Grizzlies Full Game Highlights - October 22, 2025 | NBA Season","https://www.youtube.com/watch?v=e9DQ8yBo6DM","e9DQ8yBo6DM","GAMETIME HIGHLIGHTS",550,367160,3861,155.0
22500085,"New Orleans Pelicans vs Memphis Grizzlies - FULL GAME HIGHLIGHTS | Oct 22, 2025-26 NBA Season","https://www.youtube.com/watch?v=dATDB45Bw0E","dATDB45Bw0E","The CCB Network",613,10383,256,4.0
22500087,"Los Angeles Clippers vs Utah Jazz Full Game Highlights - October 22, 2025 | NBA Season","https://www.youtube.com/watch?v=rN5lAmWQau0","rN5lAmWQau0","GAMETIME HIGHLIGHTS",549,216964,1786,190
22500087,"LA Clippers vs Utah Jazz - FULL GAME HIGHLIGHTS | Oct 22, 2025-26 NBA Season","https://www.youtube.com/watch?v=ZCWWFAWLlmM","ZCWWFAWLlmM","The CCB Network",582,9719,187,8
22500019,"Los Angeles Lakers vs Minnesota Timberwolves Full Game Highlights - October 24, 2025 | NBA Season","https://www.youtube.com/watch?v=H0iHi7iFkiQ","H0iHi7iFkiQ","GAMETIME HIGHLIGHTS",552,1180852,11235,662
22500019,"Los Angeles Lakers vs Minnesota Timberwolves Full Game Highlights | Oct 24, 2025 | FreeDawkins","https://www.youtube.com/watch?v=5NTlOQO7J7k","5NTlOQO7J7k","FreeDawkins",613,143806,5187,245
22500019,"Minnesota Timberwolves vs Los Angeles Lakers - Full Game Highlights | October 24, 2025-26 NBA Season","https://www.youtube.com/watch?v=TzYF3CNgcA8","TzYF3CNgcA8","Ximo Pierto",571,5234,70,8
22500019,"Minnesota Timberwolves vs Los Angeles Lakers | Full Game Highlights | Oct 24 | 2025-26 NBA Season","https://www.youtube.com/watch?v=ZaAU3cEb86Y","ZaAU3cEb86Y","The CCB Network",587,12997,296,3
22500019,"Lakers vs Timberwolves | Lakers Highlights | October 24, 2025","https://www.youtube.com/watch?v=gxlThZ6ZH1Y","gxlThZ6ZH1Y","LakeShow Highlights",598,301377,6234,392
22500097,"Golden State Warriors vs Portland Trail Blazers Full Game Highlights - October 24, 2025 | NBA Season","https://www.youtube.com/watch?v=xmLW9oMNQp0","xmLW9oMNQp0","GAMETIME HIGHLIGHTS",560,547171,4347,447
22500097,"Golden State Warriors vs Portland Trail Blazers - Full Game Highlights | October 24, 2025 NBA Season","https://www.youtube.com/watch?v=lvB2e--M_kI","lvB2e--M_kI","Ximo Pierto",574,8495,87,4
22500097,"Golden State Warriors vs Portland Trail Blazers Full Game Highlights | Oct 24, 2025 | FreeDawkins","https://www.youtube.com/watch?v=TFSNn3UppD0","TFSNn3UppD0","FreeDawkins",596,76003,2415,141
22500097,"Golden State Warriors vs Portland Trail Blazers | Full Highlights | Oct 24 | 2025-26 NBA Season","https://www.youtube.com/watch?v=j0kLA6DkPDs","j0kLA6DkPDs","The CCB Network",591,10397,223,6
22500084,"Chicago Bulls vs Detroit Pistons Full Game Highlights - October 22, 2025 | NBA Season","https://www.youtube.com/watch?v=kEJnYGrxO1I","kEJnYGrxO1I","GAMETIME HIGHLIGHTS",576,105057,1270,49
22500084,"Detroit Pistons vs Chicago Bulls - FULL GAME HIGHLIGHTS | Oct 22, 2025-26 NBA Season","https://www.youtube.com/watch?v=nTDX2OAo10A","nTDX2OAo10A","The CCB Network",615,5052,155,4
22500084,"Detroit Pistons at Chicago Bulls (10/22/25) | Game Highlights | CHSN Bulls","https://www.youtube.com/watch?v=Y9S38Ag6xds","Y9S38Ag6xds","Chicago Sports Network",118,6429,70,12
22500080,"Brooklyn Nets vs Charlotte Hornets Full Game Highlights - October 22, 2025 | NBA Season","https://www.youtube.com/watch?v=twl8oBHOdiA","twl8oBHOdiA","GAMETIME HIGHLIGHTS",515,135394,1709,80
22500080,"Brooklyn Nets vs Charlotte Hornets - FULL GAME HIGHLIGHTS | Oct 22, 2025-26 NBA Season","https://www.youtube.com/watch?v=nqRkRyc2TX0","nqRkRyc2TX0","The CCB Network",620,6359,179,4
22500080,"Charlotte Hornets vs Brooklyn Nets Full Game Highlights | Oct 22 | 2026 NBA Season","https://www.youtube.com/watch?v=igtvGYM-Qqc","igtvGYM-Qqc","Hooper Highlights",579,3096,131,7
22500081,"Miami Heat vs Orlando Magic Full Game Highlights - October 22, 2025 | NBA Season","https://www.youtube.com/watch?v=jTA434KdzW8","jTA434KdzW8","GAMETIME HIGHLIGHTS",575,162276,1572,50
22500081,"Miami Heat vs Orlando Magic - FULL GAME HIGHLIGHTS | Oct 22, 2025-26 NBA Season","https://www.youtube.com/watch?v=rfsUQ4KxG0c","rfsUQ4KxG0c","The CCB Network",613,7228,206,5
22500081,"Miami HEAT vs. Orlando Magic | HEAT Full-Game Highlights | October 22, 2025","https://www.youtube.com/watch?v=WkSm-VU40Fw","WkSm-VU40Fw","Miami HEAT",650,11350,165,24
22500083,"Boston Celtics vs Philadelphia 76ers Full Game Highlights - October 22, 2025 | NBA Season","https://www.youtube.com/watch?v=loTnBDJeTXg","loTnBDJeTXg","GAMETIME HIGHLIGHTS",555,500114,4814,355
22500083,"Boston Celtics vs Philadelphia 76ers Full Game Highlights | Oct 22, 2025 | FreeDawkins","https://www.youtube.com/watch?v=8iPnGmSwNZU","8iPnGmSwNZU","FreeDawkins",665,46890,1628,96
22500083,"Philadelphia 76ers vs Boston Celtics - FULL GAME HIGHLIGHTS | Oct 22, 2025-26 NBA Season","https://www.youtube.com/watch?v=NFCLlfAd1Ro","NFCLlfAd1Ro","The CCB Network",589,9207,241,8
22500001,"Oklahoma City Thunder vs Houston Rockets Full Game Highlights - October 21, 2025 | NBA Season","https://www.youtube.com/watch?v=ISI6GOnNWp0","ISI6GOnNWp0","GAMETIME HIGHLIGHTS",563,893690,10299,970
22500001,"Houston Rockets vs OKC Thunder Full Game Highlights | Oct 21, 2025 | FreeDawkins","https://www.youtube.com/watch?v=-UC7LzCMZd8","-UC7LzCMZd8","FreeDawkins",821,111389,4453,210
22500001,"Houston Rockets vs Oklahoma City Thunder - Full Game Highlights | October 21, 2025-26 NBA Season","https://www.youtube.com/watch?v=PazHxasZyKA","PazHxasZyKA","Ximo Pierto",578,44910,352,22
22500001,"Houston Rockets vs Oklahoma City Thunder - FULL GAME HIGHLIGHTS | Oct 21, 2025-26 NBA Season","https://www.youtube.com/watch?v=EzG9w_DOdEw","EzG9w_DOdEw","The CCB Network",587,4855,120,6
22500002,"Los Angeles Lakers vs Golden State Warriors Full Game Highlights - October 21, 2025 | NBA Season","https://www.youtube.com/watch?v=clKNdb7gNG4","clKNdb7gNG4","GAMETIME HIGHLIGHTS",581,2034788,20083,1300.0
22500002,"Golden State Warriors vs Los Angeles Lakers Full Game Highlights | Oct 21, 2025 | FreeDawkins","https://www.youtube.com/watch?v=gpssIL2D3wY","gpssIL2D3wY","FreeDawkins",637,229681,8858,484.0
22500002,"Golden State Warriors vs Los Angeles Lakers - Full Game Highlights | October 21, 2025-26 NBA Season","https://www.youtube.com/watch?v=v1bHw8GTl-U","v1bHw8GTl-U","Ximo Pierto",570,134311,743,25.0
22500002,"Golden State Warriors vs Los Angeles Lakers - FULL GAME HIGHLIGHTS | Oct 21, 2025-26 NBA Season","https://www.youtube.com/watch?v=OFKxBK7Ku1U","OFKxBK7Ku1U","The CCB Network",573,7475,171,7.0
22500006,"Golden State Warriors vs Denver Nuggets Full Game Highlights - October 23, 2025 | NBA Season","https://www.youtube.com/watch?v=KjGEGxPnk1Y","KjGEGxPnk1Y","GAMETIME HIGHLIGHTS",582,1333957,15084,942.0
22500006,"Golden State Warriors vs Denver Nuggets Full Game Highlights | Oct 23, 2025 | FreeDawkins","https://www.youtube.com/watch?v=J61fiVUOoi4","J61fiVUOoi4","FreeDawkins",752,264486,13107,812.0
22500006,"Denver Nuggets vs Golden State Warriors | Full Game Highlights | Oct 23, 2025 | 2025-26 NBA Season","https://www.youtube.com/watch?v=5jWZ4hqPHPU","5jWZ4hqPHPU","The CCB Network",566,18852,422,19.0
22500006,"Denver Nuggets vs Golden State Warriors - Full Game Highlights | October 23, 2025-26 NBA Season","https://www.youtube.com/watch?v=25vg3m3S3NQ","25vg3m3S3NQ","Ximo Pierto",566,16529,276,18.0
22500095,"San Antonio Spurs vs New Orleans Pelicans Full Game Highlights - October 24, 2025 | NBA Season","https://www.youtube.com/watch?v=j4tPaT2K9h8","j4tPaT2K9h8","GAMETIME HIGHLIGHTS",581,870217,8285,572.0
22500095,"San Antonio Spurs vs New Orleans Pelicans - Full Game Highlights | October 24, 2025-26 NBA Season","https://www.youtube.com/watch?v=ez6jr9z-aX0","ez6jr9z-aX0","Ximo Pierto",575,5253,105,15.0
22500095,"San Antonio Spurs vs New Orleans Pelicans | Full Game Highlights | Oct 24, 2025 | 2025-26 NBA Season","https://www.youtube.com/watch?v=lckAQAC-Wtg","lckAQAC-Wtg","The CCB Network",601,24978,397,20.0
22500095,"Wemby vs Zion Showdown! Spurs vs Pelicans | Full Game Highlights | October 24, 2025","https://www.youtube.com/watch?v=VIhYqFSUf3A","VIhYqFSUf3A","NBA India",589,3394,19,""
22500005,"Oklahoma City Thunder vs Indiana Pacers Full Game Highlights - October 23, 2025 | NBA Season","https://www.youtube.com/watch?v=a6576oNJoiQ","a6576oNJoiQ","GAMETIME HIGHLIGHTS",580,372021,4002,587.0
22500005,"Oklahoma City Thunder vs Indiana Pacers | Full Game Highlights | Oct 23, 2025 | 2025-26 NBA Season","https://www.youtube.com/watch?v=y6Y1lpV7UiQ","y6Y1lpV7UiQ","The CCB Network",616,12799,333,19.0
22500005,"Oklahoma City Thunder vs Indiana Pacers - Full Game Highlights | October 23, 2025-26 NBA Season","https://www.youtube.com/watch?v=Yw_18igB-Bg","Yw_18igB-Bg","Ximo Pierto",570,3486,89,7.0
22500005,"Oklahoma City Thunder vs Indiana Pacers Full Game Highlights | Oct 23 | 2026 NBA Season","https://www.youtube.com/watch?v=30U5gutzpCM","30U5gutzpCM","Hooper Highlights",592,5421,242,9.0
22500082,"Atlanta Hawks vs Toronto Raptors Full Game Highlights - October 22, 2025 | NBA Season","https://www.youtube.com/watch?v=CfF7p0S2G2U","CfF7p0S2G2U","GAMETIME HIGHLIGHTS",565,83395,1028,55.0
22500082,"Toronto Raptors vs Atlanta Hawks - FULL GAME HIGHLIGHTS | Oct 22, 2025-26 NBA Season","https://www.youtube.com/watch?v=ZXUPb2tCfYA","ZXUPb2tCfYA","The CCB Network",608,3507,114,""
22500082,"Toronto Raptors vs Atlanta Hawks - Full Team Highlights | October 22, 2025","https://www.youtube.com/watch?v=2oFvpXxpC44","2oFvpXxpC44","Raptors Nation",578,14175,264,38.0
22500082,"Toronto Raptors vs Atlanta Hawks - First Half Team Highlights | October 22, 2025","https://www.youtube.com/watch?v=KaS3oGCFOIs","KaS3oGCFOIs","Raptors Nation",278,4925,47,7.0
22500092,"Milwaukee Bucks vs Toronto Raptors Full Game Highlights - October 24, 2025 | NBA Season","https://www.youtube.com/watch?v=fBFd_8W44lY","fBFd_8W44lY","GAMETIME HIGHLIGHTS",565,167940,1793,82.0
22500092,"Milwaukee Bucks vs Toronto Raptors | Full Game Highlights | Oct 24, 2025 | 2025-26 NBA Season","https://www.youtube.com/watch?v=oCjwpIGWmHE","oCjwpIGWmHE","The CCB Network",592,19617,307,9.0
22500092,"Toronto Raptors vs Milwaukee Bucks - Full Team Highlights | October 24, 2025","https://www.youtube.com/watch?v=KfLqvaFcFsA","KfLqvaFcFsA","Raptors Nation",575,5226,64,12.0
22500092,"Toronto Raptors vs Milwaukee Bucks - First Half Team Highlights | October 24, 2025","https://www.youtube.com/watch?v=UYyCLYwkBvk","UYyCLYwkBvk","Raptors Nation",298,4921,34,6.0
22500092,"FlightReacts To BUCKS at RAPTORS | FULL GAME HIGHLIGHTS | October 24, 2025","https://www.youtube.com/watch?v=f4DEF7dHEh4","f4DEF7dHEh4","nonmaliceowl",652,5626,287,9.0
22500004,"San Antonio Spurs vs Dallas Mavericks Full Game Highlights - October 22, 2025 | NBA Season","https://www.youtube.com/watch?v=WoExMGywFw4","WoExMGywFw4","GAMETIME HIGHLIGHTS",552,1211758,13347,1400
22500004,"Dallas Mavericks vs San Antonio Spurs Full Game Highlights | Oct 22, 2025 | FreeDawkins","https://www.youtube.com/watch?v=PeyfbQ1ugbs","PeyfbQ1ugbs","FreeDawkins",599,102330,3661,360
22500004,"San Antonio Spurs vs Dallas Mavericks - Full Game Highlights | October 22, 2025-26 NBA Season","https://www.youtube.com/watch?v=DkDjNGL-YZA","DkDjNGL-YZA","Ximo Pierto",576,3987,66,7
22500004,"San Antonio Spurs vs Dallas Mavericks - FULL GAME HIGHLIGHTS | Oct 22, 2025-26 NBA Season","https://www.youtube.com/watch?v=TgZgj1EMPLE","TgZgj1EMPLE","The CCB Network",600,15050,360,26
22500004,"San Antonio Spurs vs Dallas Mavericks Full Game Highlights | Oct 22 | 2026 NBA Season","https://www.youtube.com/watch?v=EC6iDnDt1oY","EC6iDnDt1oY","Hooper Highlights",585,8297,321,17
22500003,"Cleveland Cavaliers vs New York Knicks Full Game Highlights - October 22, 2025 | NBA Season","https://www.youtube.com/watch?v=rXt8k-wjGew","rXt8k-wjGew","GAMETIME HIGHLIGHTS",574,227463,2198,80
22500003,"Cleveland Cavaliers vs New York Knicks - FULL GAME HIGHLIGHTS | Oct 22, 2025-26 NBA Season","https://www.youtube.com/watch?v=usVhfLfJsfk","usVhfLfJsfk","The CCB Network",603,6522,181,2
22500003,"Cleveland Cavaliers vs New York Knicks - Full Game Highlights | October 22, 2025-26 NBA Season","https://www.youtube.com/watch?v=87EflCp7JlI","87EflCp7JlI","Ximo Pierto",577,3007,79,7
22500003,"Cleveland Cavaliers vs New York Knicks Full Game Highlights | Oct 22 | 2026 NBA Season","https://www.youtube.com/watch?v=kCmJFZ2mlYE","kCmJFZ2mlYE","Hooper Highlights",599,4272,185,2
22500003,"FlightReacts To CAVALIERS at KNICKS | FULL GAME HIGHLIGHTS | October 22, 2025!","https://www.youtube.com/watch?v=3vMs8AVriUU","3vMs8AVriUU","NotYourAverageFlight",647,48103,2276,102
22500102,"Philadelphia 76ers vs Charlotte Hornets Full Game Highlights - October 25, 2025 | NBA Season","https://www.youtube.com/watch?v=KGhYdLlCM0I","KGhYdLlCM0I","GAMETIME HIGHLIGHTS",573,272089,2468,223
22500102,"Philadelphia 76ers vs Charlotte Hornets Full Game Highlights | Oct 25, 2025 | FreeDawkins","https://www.youtube.com/watch?v=JAu61GU5-xg","JAu61GU5-xg","FreeDawkins",640,33012,1385,75
22500102,"Charlotte Hornets vs Philadelphia 76ers | Full Game Highlights | Oct 25, 2025 | 2025-26 NBA Season","https://www.youtube.com/watch?v=7vTTeuYzvqk","7vTTeuYzvqk","The CCB Network",604,14272,248,8
22500102,"Charlotte Hornets vs Philadelphia 76ers - FULL GAME HIGHLIGHTS | October 25, 2025 NBA Season","https://www.youtube.com/watch?v=LH_KlS8TU2E","LH_KlS8TU2E","Ximo Pierto",574,6274,97,3
22500102,"Philadelphia 76ers vs Charlotte Hornets Full Game Highlights | Oct 25 | 2026 NBA Season","https://www.youtube.com/watch?v=Ru9FwTc_Dmg","Ru9FwTc_Dmg","Hooper Highlights",586,4449,171,1
22500102,"INTENSE Ending 😱 Hornets vs 76ers Last Minute | October 25, 2025","https://www.youtube.com/watch?v=SJOsPDFzPGQ","SJOsPDFzPGQ","House of Highlights",99,15751,105,27
