"game_id","title","url","video_id","channel","duration","view_count","like_count","comment_count"
22401194,"Memphis Grizzlies vs Dallas Mavericks Full Game Highlights - April 13, 2025 | NBA Regular Season","https://www.youtube.com/watch?v=_N9xrSVb5AE","_N9xrSVb5AE","GAMETIME HIGHLIGHTS",578,149923,1436,51
22401189,"Cleveland Cavaliers vs Indiana Pacers Full Game Highlights - April 13, 2025 | NBA Regular Season","https://www.youtube.com/watch?v=ax3bQCsSARw","ax3bQCsSARw","GAMETIME HIGHLIGHTS",576,51180,938,35
22401177,"Miami Heat vs New Orleans Pelicans Full Game Highlights | Apr 11 | 2025 NBA Season","https://www.youtube.com/watch?v=5YloWNaHM4g","5YloWNaHM4g","Hooper Highlights",598,2725,110,4
22401184,"Los Angeles Clippers vs Sacramento Kings Full Game Highlights - April 11, 2025 | NBA Regular Season","https://www.youtube.com/watch?v=x-P6YOymHKo","x-P6YOymHKo","GAMETIME HIGHLIGHTS",587,210073,2181,88
22401193,"Denver Nuggets vs Houston Rockets Full Game Highlights - April 13, 2025 | NBA Regular Season","https://www.youtube.com/watch?v=YMIqIyvduCY","YMIqIyvduCY","GAMETIME HIGHLIGHTS",567,256748,2367,121
22401191,"Chicago Bulls vs Philadelphia 76ers Full Game Highlights - April 13, 2025 | NBA Regular Season","https://www.youtube.com/watch?v=gJoMYEM7GPg","gJoMYEM7GPg","GAMETIME HIGHLIGHTS",536,30473,849,26
22401197,"Toronto Raptors vs San Antonio Spurs Full Game Highlights - April 13, 2025 | NBA Regular Season","https://www.youtube.com/watch?v=zsXHPjwh4kM","zsXHPjwh4kM","GAMETIME HIGHLIGHTS",580,25540,769,15
22401178,"Dallas Mavericks vs Toronto Raptors Full Game Highlights - April 11, 2025 | Regular Season","https://www.youtube.com/watch?v=o1xqothBttw","o1xqothBttw","GAMETIME HIGHLIGHTS",535,70630,1175,54
22401187,"Boston Celtics vs Charlotte Hornets Full Game Highlights - April 13, 2025 | NBA Regular Season","https://www.youtube.com/watch?v=dz2ZgjZfFnE","dz2ZgjZfFnE","GAMETIME HIGHLIGHTS",535,95075,1414,50
22401167,"New York Knicks vs Detroit Pistons Full Game Highlights - April 10, 2025 | NBA Regular Season","https://www.youtube.com/watch?v=8T4Pdv8McV0","8T4Pdv8McV0","GAMETIME HIGHLIGHTS",575,117432,1664,80
22401185,"Los Angeles Lakers vs Houston Rockets Full Game Highlights - April 11, 2025 | Regular Season","https://www.youtube.com/watch?v=Ixtba7lS3Bs","Ixtba7lS3Bs","GAMETIME HIGHLIGHTS",582,1220280,11551,488
22401186,"Orlando Magic vs Atlanta Hawks Full Game Highlights - April 13, 2025 | NBA Regular Season","https://www.youtube.com/watch?v=zTIfI43bmSA","zTIfI43bmSA","GAMETIME HIGHLIGHTS",549,25665,780,4
22401192,"Milwaukee Bucks vs Detroit Pistons Full Game Highlights - April 13, 2025 | NBA Regular Season","https://www.youtube.com/watch?v=9iBp7SBfXDI","9iBp7SBfXDI","GAMETIME HIGHLIGHTS",546,76771,1229,63
22401175,"Cleveland Cavaliers vs New York Knicks Full Game Highlights - April 11, 2025 | Regular Season","https://www.youtube.com/watch?v=3dUoJdsR0-I","3dUoJdsR0-I","GAMETIME HIGHLIGHTS",537,96662,1433,263
22401179,"Minnesota Timberwolves vs Brooklyn Nets Full Game Highlights | Apr 11 | 2025 NBA Season","https://www.youtube.com/watch?v=xUogpOGyy0c","xUogpOGyy0c","Hooper Highlights",586,2947,109,1
22401179,"Minnesota Timberwolves vs Brooklyn Nets Full Game Highlights - April 11, 2025 | Regular Season","https://www.youtube.com/watch?v=JdWC40o5-qY","JdWC40o5-qY","GAMETIME HIGHLIGHTS",568,47380,959,8
22401182,"Phoenix Suns vs San Antonio Spurs Full Game Highlights - April 11, 2025 | Regular Season","https://www.youtube.com/watch?v=UXi_Dpt_XzE","UXi_Dpt_XzE","GAMETIME HIGHLIGHTS",582,22355,702,5
22401196,"Oklahoma City Thunder vs New Orleans Pelicans Full Game Highlights - April 13, 2025 | Regular Season","https://www.youtube.com/watch?v=xKX-VLfB3TQ","xKX-VLfB3TQ","GAMETIME HIGHLIGHTS",549,19760,712,5
22401173,"Atlanta Hawks vs Philadelphia 76ers Full Game Highlights - April 11, 2025 | Regular Season","https://www.youtube.com/watch?v=T93hoqBzshA","T93hoqBzshA","GAMETIME HIGHLIGHTS",574,14893,693,8
22401188,"New York Knicks vs Brooklyn Nets Full Game Highlights - April 13, 2025 | NBA Regular Season","https://www.youtube.com/watch?v=KDdiPW07uI8","KDdiPW07uI8","GAMETIME HIGHLIGHTS",555,49643,1050,71
22401180,"Denver Nuggets vs Memphis Grizzlies Full Game Highlights - April 11, 2025 | Regular Season","https://www.youtube.com/watch?v=kutLhOxSShc","kutLhOxSShc","GAMETIME HIGHLIGHTS",571,452488,4317,323
22401181,"Oklahoma City Thunder vs Utah Jazz Full Game Highlights | Apr 11 | 2025 NBA Season","https://www.youtube.com/watch?v=6eH8y5nQWJc","6eH8y5nQWJc","Hooper Highlights",593,1914,85,4.0
22401195,"Minnesota Timberwolves vs Utah Jazz Full Game Highlights | Apr 13 | 2025 NBA Season","https://www.youtube.com/watch?v=dVbPM8qdB0A","dVbPM8qdB0A","Hooper Highlights",582,2724,109,""
22401195,"Minnesota Timberwolves vs Utah Jazz Full Game Highlights - April 13, 2025 | NBA Regular Season","https://www.youtube.com/watch?v=CYEPkgN18HE","CYEPkgN18HE","GAMETIME HIGHLIGHTS",558,92943,1282,27.0
22401168,"Cleveland Cavaliers vs Indiana Pacers  Full Game Highlights - April 10, 2025 | NBA Regular Season","https://www.youtube.com/watch?v=GVHEyw0zL-8","GVHEyw0zL-8","GAMETIME HIGHLIGHTS",580,102354,1336,58.0
22401161,"Milwaukee Bucks vs New Orleans Pelicans Full Game Highlights - April 10, 2025 | NBA Regular Season","https://www.youtube.com/watch?v=JWC5rODXmKk","JWC5rODXmKk","GAMETIME HIGHLIGHTS",583,87370,1269,31.0
22401157,"Philadelphia 76ers vs Washington Wizards Full Game Highlights - April 9, 2025 | NBA Regular Season","https://www.youtube.com/watch?v=Al7TNqXIXE4","Al7TNqXIXE4","GAMETIME HIGHLIGHTS",565,8895,631,3.0
22401200,"Sacramento Kings vs Phoenix Suns Full Game Highlights | Apr 13 | 2025 NBA Season","https://www.youtube.com/watch?v=uYRnBegi1eE","uYRnBegi1eE","Hooper Highlights",595,1854,81,""
22401200,"Sacramento Kings vs Phoenix Suns Full Game Highlights - April 13, 2025 | NBA Regular Season","https://www.youtube.com/watch?v=7IYsmNmwoWU","7IYsmNmwoWU","GAMETIME HIGHLIGHTS",581,36502,793,8.0
22401172,"Orlando Magic vs Indiana Pacers Full Game Highlights | Apr 11 | 2025 NBA Season","https://www.youtube.com/watch?v=ljGfqf2Mkkw","ljGfqf2Mkkw","Hooper Highlights",584,1768,75,""
22401172,"Indiana Pacers vs Orlando Magic Full Game Highlights - April 11, 2025 | Regular Season","https://www.youtube.com/watch?v=SrgplTRgHvA","SrgplTRgHvA","GAMETIME HIGHLIGHTS",555,18734,692,14.0
22401183,"Golden State Warriors vs Portland Trail Blazers Full Game Highlights | April 11, 2025 | FreeDawkins","https://www.youtube.com/watch?v=W1-UQ-BIuDI","W1-UQ-BIuDI","FreeDawkins",586,683340,9893,258.0
22401183,"Golden State Warriors vs Portland Trail Blazers Full Game Highlights | Apr 11 | 2025 NBA Season","https://www.youtube.com/watch?v=vR152fUM6v0","vR152fUM6v0","Hooper Highlights",592,5846,197,1.0
22401169,"Atlanta Hawks vs Brooklyn Nets Full Game Highlights | Apr 10 | 2025 NBA Season","https://www.youtube.com/watch?v=vfFMG9Qtkgk","vfFMG9Qtkgk","Hooper Highlights",593,2142,83,1.0
22401169,"Atlanta Hawks vs Brooklyn Nets Full Game Highlights - April 10, 2025 | NBA Regular Season","https://www.youtube.com/watch?v=HKYnJRt2g-E","HKYnJRt2g-E","GAMETIME HIGHLIGHTS",591,23766,782,9.0
22401156,"Boston Celtics vs Orlando Magic Full Game Highlights - April 9, 2025 | NBA Regular Season","https://www.youtube.com/watch?v=Hy6uiNh5vC4","Hy6uiNh5vC4","GAMETIME HIGHLIGHTS",575,70274,1130,109
22401165,"Denver Nuggets vs Sacramento Kings Full Game Highlights - April 9, 2025 | NBA Regular Season","https://www.youtube.com/watch?v=DXD5c45ypmM","DXD5c45ypmM","GAMETIME HIGHLIGHTS",576,173594,1812,60
22401162,"Portland Trail Blazers vs Utah Jazz Full Game Highlights - April 9, 2025 | NBA Regular Season","https://www.youtube.com/watch?v=SIZv6JvUXiM","SIZv6JvUXiM","GAMETIME HIGHLIGHTS",584,11814,627,11
22401170,"Minnesota Timberwolves vs Memphis Grizzlies  Full Game Highlights - April 10, 2025 | Regular Season","https://www.youtube.com/watch?v=V7uI04PmXoc","V7uI04PmXoc","GAMETIME HIGHLIGHTS",583,485846,4203,166
22401170,"Minnesota Timberwolves vs Memphis Grizzlies - Full Game Highlights | April 10, 2025 NBA Season","https://www.youtube.com/watch?v=20KL_aV0_no","20KL_aV0_no","The CCB Network",634,1179,38,1
22401166,"Los Angeles Clippers vs Houston Rockets Full Game Highlights - April 9, 2025 | NBA Regular Season","https://www.youtube.com/watch?v=yVY5WcFLaSo","yVY5WcFLaSo","GAMETIME HIGHLIGHTS",582,181536,1978,128
22401164,"Oklahoma City Thunder vs Phoenix Suns Full Game Highlights | Apr 9 | 2025 NBA Season","https://www.youtube.com/watch?v=xWlvGbIvw1w","xWlvGbIvw1w","Hooper Highlights",593,3083,105,2
22401190,"Miami Heat vs Washington Wizards Full Game Highlights - April 13, 2025 | NBA Regular Season","https://www.youtube.com/watch?v=o2atG3CNhYw","o2atG3CNhYw","GAMETIME HIGHLIGHTS",572,27394,844,17
22401190,"Jaime Jaquez Jr. 41 PTS 10 REB 7 AST | Washington Wizards vs. Miami HEAT | April 13, 2025","https://www.youtube.com/watch?v=o13lYAypGRg","o13lYAypGRg","Miami HEAT",209,16920,286,64
22401155,"Los Angeles Clippers vs San Antonio Spurs Full Game Highlights - April 8, 2025 | NBA Regular Season","https://www.youtube.com/watch?v=kvSQf02NTTk","kvSQf02NTTk","GAMETIME HIGHLIGHTS",597,87142,1197,72
22401149,"Atlanta Hawks vs Orlando Magic Full Game Highlights - April 8, 2025 | NBA Regular Season","https://www.youtube.com/watch?v=Nvnft5Y6qv0","Nvnft5Y6qv0","GAMETIME HIGHLIGHTS",558,33109,761,16
22401150,"Brooklyn Nets vs New Orleans Pelicans Full Game Highlights - April 8, 2025 | NBA Regular Season","https://www.youtube.com/watch?v=EJ8eYV8p8OU","EJ8eYV8p8OU","GAMETIME HIGHLIGHTS",576,9141,637,7.0
22401171,"Milwaukee Bucks vs Detroit Pistons Full Game Highlights - April 11, 2025 | Regular Season","https://www.youtube.com/watch?v=O0zPZpBStfQ","O0zPZpBStfQ","GAMETIME HIGHLIGHTS",555,96418,1424,61.0
22401171,"Milwaukee Bucks vs Detroit Pistons Full Game Highlights | Apr 11 | 2025 NBA Season","https://www.youtube.com/watch?v=_gQwtZuvDDU","_gQwtZuvDDU","Hooper Highlights",587,3726,153,3.0
22401147,"Cleveland Cavaliers vs Chicago Bulls Full Game Highlights | Apr 8 | 2025 NBA Season","https://www.youtube.com/watch?v=i1aVDuacjTg","i1aVDuacjTg","Hooper Highlights",572,2672,112,""
22401144,"Sacramento Kings vs Detroit Pistons Full Game Highlights | Apr 7 | 2025 NBA Season","https://www.youtube.com/watch?v=caO1x6G9k00","caO1x6G9k00","Hooper Highlights",594,4156,156,8
22401152,"Minnesota Timberwolves vs Milwaukee Bucks Full Game Highlights - April 8, 2025 | NBA Regular Season","https://www.youtube.com/watch?v=Vm2w1vekliQ","Vm2w1vekliQ","GAMETIME HIGHLIGHTS",583,359889,3638,192
22401139,"San Antonio Spurs vs Portland Trail Blazers Full Game Highlights - April 6, 2025 |NBA Regular Season","https://www.youtube.com/watch?v=t1zhWlNX6bQ","t1zhWlNX6bQ","GAMETIME HIGHLIGHTS",570,17083,668,4
22401158,"Toronto Raptors vs Charlotte Hornets Full Game Highlights - April 9, 2025 | NBA Regular Season","https://www.youtube.com/watch?v=ZWCOeoifCNY","ZWCOeoifCNY","GAMETIME HIGHLIGHTS",552,10419,615,8
22401158,"Toronto Raptors vs Charlotte Hornets | April 9, 2025","https://www.youtube.com/watch?v=yqt0F-moSns","yqt0F-moSns","Raptors Nation",582,2658,113,11
22401134,"Toronto Raptors vs Brooklyn Nets Full Game Highlights - April 6, 2025 | NBA Regular Season","https://www.youtube.com/watch?v=XoQKM0HN5o4","XoQKM0HN5o4","GAMETIME HIGHLIGHTS",536,9984,592,5
22401142,"Denver Nuggets vs Indiana Pacers Full Game Highlights - April 6, 2025 | NBA Regular Season","https://www.youtube.com/watch?v=yIN3nSKwB-Y","yIN3nSKwB-Y","GAMETIME HIGHLIGHTS",523,191447,1875,288
22401140,"Phoenix Suns vs New York Knicks Full Game Highlights | Apr 6 | 2025 NBA Season","https://www.youtube.com/watch?v=oeqQYqLtSBg","oeqQYqLtSBg","Hooper Highlights",555,3687,141,2
22401174,"Boston Celtics vs Charlotte Hornets Full Game Highlights - April 11, 2025 | Regular Season","https://www.youtube.com/watch?v=5mf1FcArj1c","5mf1FcArj1c","GAMETIME HIGHLIGHTS",582,121795,1482,58
22401174,"Boston Celtics vs Charlotte Hornets Full Game Highlights | Apr 11 | 2025 NBA Season","https://www.youtube.com/watch?v=-iLdfY6dVb0","-iLdfY6dVb0","Hooper Highlights",596,2468,126,3
22401174,"Charlotte Hornets vs Boston Celtics - Full Game Highlights | April 11, 2025 NBA Season","https://www.youtube.com/watch?v=db0AiShkJI4","db0AiShkJI4","The CCB Network",638,13208,208,8
22401163,"Golden State Warriors vs San Antonio Spurs Full Game Highlights - April 9, 2025 | NBA Regular Season","https://www.youtube.com/watch?v=vaYYQjZpxcw","vaYYQjZpxcw","GAMETIME HIGHLIGHTS",582,206126,2156,112
22401163,"Golden State Warriors vs San Antonio Spurs Full Game Highlights | April 9, 2025 | FreeDawkins","https://www.youtube.com/watch?v=baJAihCK384","baJAihCK384","FreeDawkins",616,465474,6116,941
22401160,"Miami Heat vs Chicago Bulls Full Game Highlights | Apr 9 | 2025 NBA Season","https://www.youtube.com/watch?v=TKSd9o29rbk","TKSd9o29rbk","Hooper Highlights",590,3439,115,7
22401160,"Miami Heat vs Chicago Bulls Full Game Highlights - April 9, 2025 | NBA Regular Season","https://www.youtube.com/watch?v=O4RZZzEmxUo","O4RZZzEmxUo","GAMETIME HIGHLIGHTS",575,82699,1239,42
22401138,"Cleveland Cavaliers vs Sacramento Kings Full Game Highlights | Apr 6 | 2025 NBA Season","https://www.youtube.com/watch?v=9vMY2RhWBnw","9vMY2RhWBnw","Hooper Highlights",599,3523,133,11
22401199,"Los Angeles Lakers vs Portland Trail Blazers Full Game Highlights | Apr 13 | 2025 NBA Season","https://www.youtube.com/watch?v=_leL-tJgRSk","_leL-tJgRSk","Hooper Highlights",565,4805,146,7
22401199,"Los Angeles Lakers vs Portland Trail Blazers Full Game Highlights - April 13, 2025 | Regular Season","https://www.youtube.com/watch?v=nbrHkNpNlNI","nbrHkNpNlNI","GAMETIME HIGHLIGHTS",549,475109,3350,300
22401199,"Los Angeles Lakers vs Portland Trail Blazers - Full Game Highlights | April 13, 2025 NBA Season","https://www.youtube.com/watch?v=LBGHDkqam6w","LBGHDkqam6w","The CCB Network",523,6844,137,2
22400617,"Milwaukee Bucks vs New Orleans Pelicans Full Game Highlights - April 6, 2025 | NBA Regular Season","https://www.youtube.com/watch?v=JIIHJDLuuV0","JIIHJDLuuV0","GAMETIME HIGHLIGHTS",568,62148,1077,16
22401137,"Boston Celtics vs Washington Wizards Full Game Highlights | Apr 6 | 2025 NBA Season","https://www.youtube.com/watch?v=LCJjAIYFiLE","LCJjAIYFiLE","Hooper Highlights",592,2756,115,2
22401128,"New York Knicks vs Atlanta Hawks Full Game Highlights - April 5, 2025 | NBA Regular Season","https://www.youtube.com/watch?v=LH_LOCkHRWI","LH_LOCkHRWI","GAMETIME HIGHLIGHTS",557,63745,1013,34
22401146,"Memphis Grizzlies vs Charlotte Hornets Full Game Highlights - April 8, 2025 | NBA Regular Season","https://www.youtube.com/watch?v=dT0HHWA1YXA","dT0HHWA1YXA","GAMETIME HIGHLIGHTS",583,68546,1163,25.0
22401146,"Memphis Grizzlies vs Charlotte Hornets Full Game Highlights | Apr 8 | 2025 NBA Season","https://www.youtube.com/watch?v=6rm93_VAylU","6rm93_VAylU","Hooper Highlights",595,2655,113,2.0
22401198,"Golden State Warriors vs Los Angeles Clippers Full Game Highlights | April 13, 2025 | FreeDawkins","https://www.youtube.com/watch?v=ADXjT36l7pw","ADXjT36l7pw","FreeDawkins",781,954388,10747,1400.0
22401198,"Golden State Warriors vs Los Angeles Clippers Full Game Highlights - April 13, 2025 | Regular Season","https://www.youtube.com/watch?v=hRN9285DYLA","hRN9285DYLA","GAMETIME HIGHLIGHTS",582,439351,3765,178.0
22401198,"Golden State Warriors vs LA Clippers Full Game Highlights | Apr 13 | 2025 NBA Season","https://www.youtube.com/watch?v=I9eEiUq2mkg","I9eEiUq2mkg","Hooper Highlights",576,8175,265,12.0
22401198,"Los Angeles Clippers vs Golden State Warriors - Full Game Highlights | April 13, 2025 NBA Season","https://www.youtube.com/watch?v=DJu4_VHxlog","DJu4_VHxlog","The CCB Network",523,13656,273,16.0
22401148,"Indiana Pacers vs Washington Wizards Full Game Highlights | Apr 8 | 2025 NBA Season","https://www.youtube.com/watch?v=DWcUq2LkoOc","DWcUq2LkoOc","Hooper Highlights",599,1606,66,""
22401148,"Indiana Pacers vs Washington Wizards Full Game Highlights - April 8, 2025 | NBA Regular Season","https://www.youtube.com/watch?v=lWNYviOrZZw","lWNYviOrZZw","GAMETIME HIGHLIGHTS",583,17957,636,11.0
22401143,"Golden State Warriors vs Houston Rockets Full Game Highlights - April 6, 2025 | NBA Regular Season","https://www.youtube.com/watch?v=AArfJdhLTKk","AArfJdhLTKk","GAMETIME HIGHLIGHTS",574,318752,3022,248
22401143,"Golden State Warriors vs Houston Rockets Full Game Highlights | April 6, 2025 | FreeDawkins","https://www.youtube.com/watch?v=c2BoI6dtvz0","c2BoI6dtvz0","FreeDawkins",600,605887,6801,1000
22401127,"Dallas Mavericks vs LA Clippers Full Game Highlights | Apr 4 | 2025 NBA Season","https://www.youtube.com/watch?v=gTHtyDvhutg","gTHtyDvhutg","Hooper Highlights",591,5476,194,3
22401136,"Atlanta Hawks vs Utah Jazz Full Game Highlights - April 6, 2025 | NBA Regular Season","https://www.youtube.com/watch?v=qGh_7RFthCk","qGh_7RFthCk","GAMETIME HIGHLIGHTS",539,14343,664,11
22401136,"Atlanta Hawks vs Utah Jazz Full Game Highlights | Apr 6 | 2025 NBA Season","https://www.youtube.com/watch?v=T6ZOp4GhaoM","T6ZOp4GhaoM","Hooper Highlights",571,1663,72,1
22401151,"Boston Celtics vs New York Knicks Full Game Highlights - April 8, 2025 | NBA Regular Season","https://www.youtube.com/watch?v=JtavgG0ZCn8","JtavgG0ZCn8","GAMETIME HIGHLIGHTS",567,273975,2793,183.0
22401151,"Boston Celtics vs New York Knicks - Full Game Highlights | April 8, 2025 NBA Regular Season","https://www.youtube.com/watch?v=jUn8Uud3t2E","jUn8Uud3t2E","The CCB Network",519,13671,346,19.0
22401145,"Miami Heat vs Philadelphia 76ers Full Game Highlights - April 7, 2025 | NBA Regular Season","https://www.youtube.com/watch?v=8_C1_O61_0s","8_C1_O61_0s","GAMETIME HIGHLIGHTS",514,56289,930,5.0
22401145,"Philadelphia 76ers vs Miami Heat - Full Game Highlights | April 7, 2025 NBA Season","https://www.youtube.com/watch?v=6MjW9xIOIsM","6MjW9xIOIsM","The CCB Network",513,5294,109,""
22401133,"Chicago Bulls vs Charlotte Hornets Full Game Highlights | Apr 6 | 2025 NBA Season","https://www.youtube.com/watch?v=yGb9OdEHcTA","yGb9OdEHcTA","Hooper Highlights",570,1504,79,""
22401133,"Chicago Bulls vs Charlotte Hornets Full Game Highlights - April 6, 2025 | NBA Regular Season","https://www.youtube.com/watch?v=mE2O4KrflM0","mE2O4KrflM0","GAMETIME HIGHLIGHTS",533,43979,881,20.0
22401119,"Utah Jazz vs Indiana Pacers Full Game Highlights | Apr 4 | 2025 NBA Season","https://www.youtube.com/watch?v=VNQSmrMmDSw","VNQSmrMmDSw","Hooper Highlights",583,1349,63,""
22401159,"Los Angeles Lakers vs Dallas Mavericks Full Game Highlights - April 9, 2025 | NBA Regular Season","https://www.youtube.com/watch?v=WoNrJpjhH2E","WoNrJpjhH2E","GAMETIME HIGHLIGHTS",576,641107,6029,262.0
22401159,"Los Angeles Lakers vs Dallas Mavericks Full Game Highlights | April 9, 2025 | LUKA's Return","https://www.youtube.com/watch?v=URuTqjZY1zM","URuTqjZY1zM","FreeDawkins",685,1795442,24007,1300.0
22401159,"Los Angeles Lakers vs Dallas Mavericks Full Game Highlights | Apr 9 | 2025 NBA Season","https://www.youtube.com/watch?v=17yhTJap2k8","17yhTJap2k8","Hooper Highlights",598,10929,381,24.0
22401112,"Orlando Magic vs Washington Wizards Full Game Highlights - April 3, 2025 | NBA Regular Season","https://www.youtube.com/watch?v=6siqKk8M5FA","6siqKk8M5FA","GAMETIME HIGHLIGHTS",554,18231,736,5.0
22401115,"Milwaukee Bucks vs Philadelphia 76ers Full Game Highlights | Apr 3 | 2025 NBA Season","https://www.youtube.com/watch?v=Zkr6unZe22g","Zkr6unZe22g","Hooper Highlights",572,3577,147,8
22401114,"Miami Heat vs Memphis Grizzlies Full Game Highlights - April 3, 2025 | NBA Regular Season","https://www.youtube.com/watch?v=v1eggWFeUgk","v1eggWFeUgk","GAMETIME HIGHLIGHTS",562,111685,1523,76
22401118,"Sacramento Kings vs Charlotte Hornets Full Game Highlights - April 4, 2025 | NBA Regular Season","https://www.youtube.com/watch?v=TRkx6SpAlfg","TRkx6SpAlfg","GAMETIME HIGHLIGHTS",542,19981,688,6
22401129,"Memphis Grizzlies vs Detroit Pistons Full Game Highlights - April 5, 2025 | NBA Regular Season","https://www.youtube.com/watch?v=1dH_DZC_VaI","1dH_DZC_VaI","GAMETIME HIGHLIGHTS",576,113754,1357,34.0
22401129,"Memphis Grizzlies vs Detroit Pistons Full Game Highlights | April 5, 2025 | NBA Regular Season","https://www.youtube.com/watch?v=FPBahFeT-44","FPBahFeT-44","Basketball Insider USA",349,1187,4,""
22401131,"Milwaukee Bucks vs Miami Heat Full Game Highlights - April 5, 2025 | NBA Regular Season","https://www.youtube.com/watch?v=N2KASQB9QcM","N2KASQB9QcM","GAMETIME HIGHLIGHTS",566,139158,1630,51.0
22401131,"Miami Heat vs Milwaukee Bucks FULLGAME Qtr Apr 05. 2025 Highlights | NBA SEASON","https://www.youtube.com/watch?v=91L1e0F9drs","91L1e0F9drs","Khang Lê Chess",827,2221,12,""
22401154,"Golden State Warriors vs Phoenix Suns Full Game Highlights - April 8, 2025 | NBA Regular Season","https://www.youtube.com/watch?v=CoCTqHK2WX4","CoCTqHK2WX4","GAMETIME HIGHLIGHTS",558,219935,2525,95.0
22401154,"Golden State Warriors vs Phoenix Suns Full Game Highlights | April 8, 2025 | FreeDawkins","https://www.youtube.com/watch?v=YDzb78z0hkc","YDzb78z0hkc","FreeDawkins",610,912232,12565,444.0
22401154,"Golden State Warriors VS Phoenix Suns Game 1st Highlights Apr 08,2025 NBA Season 2024-25","https://www.youtube.com/watch?v=kQt9huMKuDQ","kQt9huMKuDQ","Audio Làng Quê Việt",500,3316,21,""
22401109,"Dallas Mavericks vs Atlanta Hawks Full Game Highlights - April 2, 2025 | NBA Regular Season","https://www.youtube.com/watch?v=SM3Pf5rfKDs","SM3Pf5rfKDs","GAMETIME HIGHLIGHTS",545,252186,2446,161
22401105,"Sacramento Kings vs Washington Wizards Full Game Highlights - April 2, 2025 | NBA Regular Season","https://www.youtube.com/watch?v=GIwEblzs5hQ","GIwEblzs5hQ","GAMETIME HIGHLIGHTS",567,21111,713,18
22401126,"Los Angeles Lakers vs New Orleans Pelicans Full Game Highlights | Apr 4 | 2025 NBA Season","https://www.youtube.com/watch?v=t7RmaavK9tY","t7RmaavK9tY","Hooper Highlights",599,10131,371,7
22401126,"Lakers vs Pelicans | Lakers Highlights | April 4, 2025","https://www.youtube.com/watch?v=akoKDdq9iMc","akoKDdq9iMc","LakeShow Highlights",600,340100,5991,321
22401107,"Houston Rockets vs Utah Jazz Full Game Highlights - April 2, 2025 | NBA Regular Season","https://www.youtube.com/watch?v=sabK0crDo3M","sabK0crDo3M","GAMETIME HIGHLIGHTS",547,36453,877,18
22401130,"Minnesota Timberwolves vs Philadelphia 76ers Full Game Highlights | Apr 5 | 2025 NBA Season","https://www.youtube.com/watch?v=gsTErubFI7A","gsTErubFI7A","Hooper Highlights",593,3132,132,1
22401130,"Minnesota Timberwolves vs Philadelphia 76ers Full Game Highlights - April 5 | NBA Regular Season","https://www.youtube.com/watch?v=BuxhH-6FnNw","BuxhH-6FnNw","GAMETIME HIGHLIGHTS",574,92767,1315,54
22401110,"Denver Nuggets vs San Antonio Spurs Full Game Highlights - April 2, 2025 | NBA Regular Season","https://www.youtube.com/watch?v=GkVxKV5jtiM","GkVxKV5jtiM","GAMETIME HIGHLIGHTS",543,120299,1293,148
22401122,"Chicago Bulls vs Portland Trail Blazers Full Game Highlights | Apr 4 | 2025 NBA Season","https://www.youtube.com/watch?v=ZiH5g78Gg0g","ZiH5g78Gg0g","Hooper Highlights",595,2477,102,""
22401122,"Chicago Bulls vs Portland Trail Blazers Full Game Highlights - April 4, 2025 | NBA Regular Season","https://www.youtube.com/watch?v=tuYaUshFZwU","tuYaUshFZwU","GAMETIME HIGHLIGHTS",573,48285,911,20.0
22401104,"Charlotte Hornets vs Indiana Pacers Full Game Highlights - April 2, 2025 | NBA Regular Season","https://www.youtube.com/watch?v=nhhDuUQ5m4c","nhhDuUQ5m4c","GAMETIME HIGHLIGHTS",558,24805,735,7.0
22401123,"Oklahoma City Thunder vs Houston Rockets Full Game Highlights - April 4, 2025 | NBA Regular Season","https://www.youtube.com/watch?v=VIVLNgm10_Q","VIVLNgm10_Q","GAMETIME HIGHLIGHTS",555,302829,2920,256.0
22401123,"Oklahoma City Thunder vs Houston Rockets Full Game Highlights | April 4, 2025 | NBA Regular Season","https://www.youtube.com/watch?v=cqRpe4KjX9Y","cqRpe4KjX9Y","Basketball Insider USA",388,1271,6,""
22401108,"Oklahoma City Thunder vs Detroit Pistons Full Game Highlights - April 2, 2025 | NBA Regular Season","https://www.youtube.com/watch?v=pxntU-8iAIo","pxntU-8iAIo","GAMETIME HIGHLIGHTS",543,131689,1533,67
22401120,"Boston Celtics vs Phoenix Suns Full Game Highlights | Apr 4 | 2025 NBA Season","https://www.youtube.com/watch?v=TxoSu0IHHmI","TxoSu0IHHmI","Hooper Highlights",601,3684,146,5
22401120,"Boston Celtics vs Phoenix Suns Full Game Highlights - April 4, 2025 | NBA Regular Season","https://www.youtube.com/watch?v=x6vaZSkcFDU","x6vaZSkcFDU","GAMETIME HIGHLIGHTS",567,166206,1917,77
22401135,"Los Angeles Lakers vs OKC Thunder Full Game Highlights | April 6, 2025 | FreeDawkins","https://www.youtube.com/watch?v=JB1HY_Kk9tI","JB1HY_Kk9tI","FreeDawkins",599,1452021,16726,1500
22401135,"Los Angeles Lakers vs Oklahoma City Thunder Full Game Highlights - April 6 | NBA Regular Season","https://www.youtube.com/watch?v=wVpuv1vxvRE","wVpuv1vxvRE","GAMETIME HIGHLIGHTS",540,457041,4493,255
22401135,"Lakers vs Thunder | Lakers Highlights | April 6, 2025","https://www.youtube.com/watch?v=S25fQV9FlWM","S25fQV9FlWM","LakeShow Highlights",600,525513,9659,616
22401124,"Cleveland Cavalier vs San Antonio Spurs Full Game Highlights | Apr 4 | 2025 NBA Season","https://www.youtube.com/watch?v=6tsIuKyiSlg","6tsIuKyiSlg","Hooper Highlights",586,2274,103,1.0
22401124,"Cleveland Cavaliers vs San Antonio Spurs Full Game Highlights - April 4, 2025 | NBA Regular Season","https://www.youtube.com/watch?v=_zHd0Tyttxo","_zHd0Tyttxo","GAMETIME HIGHLIGHTS",549,37457,846,15.0
22401125,"Golden State Warriors vs Denver Nuggets Full Game Highlights - April 4, 2025 | NBA Regular Season","https://www.youtube.com/watch?v=AxkF81M5NPM","AxkF81M5NPM","GAMETIME HIGHLIGHTS",557,625339,5978,308.0
22401125,"Golden State Warriors vs Denver Nuggets Full Game Highlights | April 4, 2025 | FreeDawkins","https://www.youtube.com/watch?v=dgAqG-93tiQ","dgAqG-93tiQ","FreeDawkins",599,1338102,21166,1200.0
22401132,"Los Angeles Clippers vs Dallas Mavericks Full Game Highlights - April 5, 2025 | NBA Regular Season","https://www.youtube.com/watch?v=EGslOwD-DAg","EGslOwD-DAg","GAMETIME HIGHLIGHTS",565,347068,2647,207.0
22401132,"Los Angeles Clippers vs Dallas Mavericks Full Game Highlights - April 5, 2025 | NBA Regular Season","https://www.youtube.com/watch?v=0-rZXE9FQA0","0-rZXE9FQA0","HALL OF HIGHLIGHTS",545,2205,16,""
22401132,"Los Angeles Clippers Vs Dallas Mavericks Game 1st Highlights Apr 5,2025 NBA Season 2024-25","https://www.youtube.com/watch?v=OR5k0nAcg5o","OR5k0nAcg5o","Audio Làng Quê Việt",590,1669,11,""
22401102,"Denver Nuggets vs Minnesota Timberwolves Full Game Highlights - April 1, 2025 | NBA Regular Season","https://www.youtube.com/watch?v=FlzXUnVfxkY","FlzXUnVfxkY","GAMETIME HIGHLIGHTS",578,724078,7089,746.0
22401116,"Toronto Raptors vs Portland Trail Blazers Full Game Highlights - April 3, 2025 | NBA Regular Season","https://www.youtube.com/watch?v=W8L9_tS7Pww","W8L9_tS7Pww","GAMETIME HIGHLIGHTS",539,16075,677,11.0
22401116,"Toronto Raptors vs Portland Trail Blazers | April 3, 2025","https://www.youtube.com/watch?v=O6HQ2UNmhck","O6HQ2UNmhck","Raptors Nation",582,1713,34,1.0
22401103,"Cleveland Cavaliers vs New York Knicks Full Game Highlights | Apr 2 | 2025 NBA Season","https://www.youtube.com/watch?v=osCL9MNR3ZE","osCL9MNR3ZE","Hooper Highlights",556,4369,182,3.0
22401103,"New York Knicks Vs Cleveland Cavaliers Game 1st Highlights Apr 02,2025 NBA Season 2024-25","https://www.youtube.com/watch?v=evod4f_Y0O0","evod4f_Y0O0","Audio Làng Quê Việt",584,1119,2,""
22401098,"Philadelphia 76ers vs New York Knicks Full Game Highlights - April 1, 2025 | NBA Regular Season","https://www.youtube.com/watch?v=_6CTCZqpjlY","_6CTCZqpjlY","GAMETIME HIGHLIGHTS",568,44075,923,10
22400988,"San Antonio Spurs vs Orlando Magic Full Game Highlights - April 1, 2025 | NBA Regular Season","https://www.youtube.com/watch?v=Ir0Xice2f70","Ir0Xice2f70","GAMETIME HIGHLIGHTS",536,24744,746,12
22401113,"Minnesota Timberwolves vs Brooklyn Nets Full Game Highlights | Apr 3 | 2025 NBA Season","https://www.youtube.com/watch?v=-WP3laybaaQ","-WP3laybaaQ","Hooper Highlights",591,3131,120,""
22401113,"Minnesota Timberwolves vs Brooklyn Nets Full Game Highlights - April 3, 2025 | NBA Regular Season","https://www.youtube.com/watch?v=XoylbSA_Q70","XoylbSA_Q70","GAMETIME HIGHLIGHTS",566,75169,1159,9.0
22401117,"Golden State Warriors vs  Los Angeles Lakers Full Game Highlights | April 3, 2025 | FreeDawkins","https://www.youtube.com/watch?v=zu7XWu5wrMg","zu7XWu5wrMg","FreeDawkins",639,1908890,27010,2000
22401117,"Los Angeles Lakers vs Golden State Warriors Full Game Highlights - April 3, 2025 |NBA Regular Season","https://www.youtube.com/watch?v=HkMpOzQC0kY","HkMpOzQC0kY","GAMETIME HIGHLIGHTS",559,386940,4706,224
22401153,"Los Angeles Lakers vs OKC Thunder Full Game Highlights - April 8, 2025 | NBA Regular Season","https://www.youtube.com/watch?v=fyUDFPkAd74","fyUDFPkAd74","GAMETIME HIGHLIGHTS",591,524026,4747,684.0
22401153,"Los Angeles Lakers vs OKC Thunder Full Game Highlights | April 8, 2025 | FreeDawkins","https://www.youtube.com/watch?v=CqI20V6hvJw","CqI20V6hvJw","FreeDawkins",616,513071,5771,1200.0
22401153,"Los Angeles Lakers vs Oklahoma City Thunder - Full Game Highlights | April 8, 2025 NBA Season","https://www.youtube.com/watch?v=VNeNq4AC_dA","VNeNq4AC_dA","The CCB Network",521,19876,367,24.0
22401153,"Lakers vs Thunder | Lakers Highlights | April 8, 2025","https://www.youtube.com/watch?v=ox0nHXGoxys","ox0nHXGoxys","LakeShow Highlights",554,79024,1492,328.0
22401121,"Toronto Raptors vs Detroit Pistons Full Game Highlights - April 4, 2025 | NBA Regular Season","https://www.youtube.com/watch?v=LlUxC5m5NMM","LlUxC5m5NMM","GAMETIME HIGHLIGHTS",560,19237,706,25.0
22401121,"Detroit Pistons vs Toronto Raptors Full Game Highlights | Apr 4 | 2025 NBA Season","https://www.youtube.com/watch?v=Bxj4IPtOIyE","Bxj4IPtOIyE","Hooper Highlights",594,1688,73,""
22401121,"Toronto Raptors vs Detroit Pistons | April 4, 2025","https://www.youtube.com/watch?v=IboNYk0_Ocw","IboNYk0_Ocw","Raptors Nation",580,1847,43,4.0
22401091,"Los Angeles Clippers vs Orlando Magic Full Game Highlights - March 31, 2025 | NBA Regular Season","https://www.youtube.com/watch?v=Ef78xLCk5tc","Ef78xLCk5tc","GAMETIME HIGHLIGHTS",529,130759,1583,69
22401095,"Dallas Mavericks vs Brooklyn Nets Full Game Highlights - March 31, 2025 | NBA Regular Season","https://www.youtube.com/watch?v=nW3QW4VgYks","nW3QW4VgYks","GAMETIME HIGHLIGHTS",568,94847,1133,49
22401090,"Sacramento Kings vs Indiana Pacers Full Game Highlights | Mar 31 | 2025 NBA Season","https://www.youtube.com/watch?v=NkXc81UUahM","NkXc81UUahM","Hooper Highlights",591,2005,79,3
22401087,"Philadelphia 76ers vs Toronto Raptors Full Game Highlights - March 30, 2025 | NBA Regular Season","https://www.youtube.com/watch?v=y_4h2X_ldKY","y_4h2X_ldKY","GAMETIME HIGHLIGHTS",563,14929,620,5
22401111,"LA Clippers vs New Orleans Pelicans Full Game Highlights | Apr 2 | 2025 NBA Season","https://www.youtube.com/watch?v=9zCHqcabIk4","9zCHqcabIk4","Hooper Highlights",596,3295,116,2
22401111,"Los Angeles Clippers vs New Orleans Pelicans Full Game Highlights - April 2  | NBA Regular Season","https://www.youtube.com/watch?v=6m1SZpKnxYU","6m1SZpKnxYU","GAMETIME HIGHLIGHTS",555,92458,1296,33
22401100,"Golden State Warriors vs Memphis Grizzlies Full Game Highlights | April 1, 2025 | FreeDawkins","https://www.youtube.com/watch?v=E07_YjIRulo","E07_YjIRulo","FreeDawkins",600,1425940,20195,1000
22401100,"Golden State Warriors vs Memphis Grizzlies Full Game Highlights - April 1, 2025 | NBA Regular Season","https://www.youtube.com/watch?v=85cFaxwx7wk","85cFaxwx7wk","GAMETIME HIGHLIGHTS",554,345207,3707,109
22401085,"Charlotte Hornets vs New Orleans Pelicans Full Game Highlights - March 30, 2025 | NBA Regular Season","https://www.youtube.com/watch?v=2qk5yiC8HiE","2qk5yiC8HiE","GAMETIME HIGHLIGHTS",568,18436,680,8
22401088,"Houston Rockets vs Phoenix Suns Full Game Highlights - March 30, 2025 | NBA Regular Season","https://www.youtube.com/watch?v=uBSp5IHM-k4","uBSp5IHM-k4","GAMETIME HIGHLIGHTS",582,79241,1151,100
22401101,"Milwaukee Bucks vs Phoenix Suns Full Game Highlights | Apr 1 | 2025 NBA Season","https://www.youtube.com/watch?v=YMLN3RjsJqM","YMLN3RjsJqM","Hooper Highlights",594,4263,165,1
22401101,"Milwaukee Bucks vs Phoenix Suns Full Game Highlights - April 1, 2025 | NBA Regular Season","https://www.youtube.com/watch?v=OFTDtOvPaAc","OFTDtOvPaAc","GAMETIME HIGHLIGHTS",550,145447,1697,59
22401084,"Minnesota Timberwolves vs Detroit Pistons Full Game Highlights | Mar 30 | 2025 NBA Season","https://www.youtube.com/watch?v=durnvf88l0E","durnvf88l0E","Hooper Highlights",590,6203,238,5
22401099,"Chicago Bulls vs Toronto Raptors Full Game Highlights - April 1, 2025 | NBA Regular Season","https://www.youtube.com/watch?v=68bqp3fatHI","68bqp3fatHI","GAMETIME HIGHLIGHTS",530,43747,913,28
22401099,"Toronto Raptors vs Chicago Bulls | April 1, 2025","https://www.youtube.com/watch?v=r9i21uEMU3E","r9i21uEMU3E","Raptors Nation",582,1762,56,4
22401075,"Brooklyn Nets vs Washington Wizards  Full Game Highlights | Mar 29 | 2025 NBA Season","https://www.youtube.com/watch?v=stYxyfgiBBA","stYxyfgiBBA","Hooper Highlights",568,1527,67,""
2022400521,"Mac McClung Leads Magic To #1 Seed In The East (03/29/25) Magic Vs Squadron (26 pts 2 asts 4 Rebs)","https://www.youtube.com/watch?v=s0ivZLAbeic","s0ivZLAbeic","Mac McClung Mixtapes",112,1823,84,29
22401079,"Oklahoma City Thunder vs Indiana Pacers Full Game Highlights - March 29, 2025 | NBA Regular Season","https://www.youtube.com/watch?v=gIjzHabEvWY","gIjzHabEvWY","GAMETIME HIGHLIGHTS",546,174167,1593,81
22401097,"Atlanta Hawks vs Portland Trail Blazers Full Game Highlights | Apr 1 | 2025 NBA Season","https://www.youtube.com/watch?v=kAlOIUPxi0c","kAlOIUPxi0c","Hooper Highlights",599,2323,91,3
22401097,"Portland Trail Blazers vs Atlanta Hawks Full Game Highlights - April 1, 2025 | NBA Regular Season","https://www.youtube.com/watch?v=Cw0ccFD-s4g","Cw0ccFD-s4g","GAMETIME HIGHLIGHTS",579,32345,806,25
22401093,"Boston Celtics vs Memphis Grizzlies Full Game Highlights - March 31, 2025 | NBA Regular Season","https://www.youtube.com/watch?v=ViH4kuOuNxY","ViH4kuOuNxY","GAMETIME HIGHLIGHTS",550,283408,2741,80
22401093,"Boston Celtics vs Memphis Grizzlies - Full Game Highlights | March 31, 2025 NBA Season","https://www.youtube.com/watch?v=OBURG4kP8B4","OBURG4kP8B4","The CCB Network",504,16290,327,7
22401094,"Oklahoma City Thunder vs Chicago Bulls Full Game Highlights | Mar 31 | 2025 NBA Season","https://www.youtube.com/watch?v=W9oV8xO_CmY","W9oV8xO_CmY","Hooper Highlights",583,3585,131,5
22401094,"Oklahoma City Thunder vs Chicago Bulls Full Game Highlights - March 31, 2025 | NBA Regular Season","https://www.youtube.com/watch?v=j7m-kITyw6s","j7m-kITyw6s","GAMETIME HIGHLIGHTS",546,130333,1493,92
22401080,"Boston Celtics vs San Antonio Spurs Full Game Highlights - March 29, 2025 | NBA Regular Season","https://www.youtube.com/watch?v=hcOo3EXQWfs","hcOo3EXQWfs","GAMETIME HIGHLIGHTS",555,114437,1450,85
22401077,"Dallas Mavericks vs Chicago Bulls Full Game Highlights - March 29, 2025 | NBA Regular Season","https://www.youtube.com/watch?v=OeX60oQDlvc","OeX60oQDlvc","GAMETIME HIGHLIGHTS",576,443338,2880,199
22401083,"Milwaukee Bucks vs Atlanta Hawks Full Game Highlights | Mar 30 | 2025 NBA Season","https://www.youtube.com/watch?v=UBh8YZ25nL4","UBh8YZ25nL4","Hooper Highlights",579,3399,125,4
22401083,"Milwaukee Bucks vs Atlanta Hawks Full Game Highlights - March 30, 2025 | NBA Regular Season","https://www.youtube.com/watch?v=6yiYYY5JXKc","6yiYYY5JXKc","GAMETIME HIGHLIGHTS",562,118284,1348,77
22401089,"Charlotte Hornets vs Utah Jazz Full Game Highlights - March 31, 2025 | NBA Regular Season","https://www.youtube.com/watch?v=ly4ewPOZh3Q","ly4ewPOZh3Q","GAMETIME HIGHLIGHTS",569,16716,630,7.0
22401089,"Charlotte Hornets vs Utah Jazz Full Game Highlights | Mar 31 | 2025 NBA Season","https://www.youtube.com/watch?v=PujatmLLgso","PujatmLLgso","Hooper Highlights",591,1128,57,""
22401074,"Sacramento Kings vs Orlando Magic Full Game Highlights - March 29, 2025 | NBA Regular Season","https://www.youtube.com/watch?v=5PiDzSbJJfU","5PiDzSbJJfU","GAMETIME HIGHLIGHTS",577,38487,781,10.0
22401067,"Cleveland Cavaliers vs Detroit Pistons Full Game Highlights - March 28, 2025 | NBA Regular Season","https://www.youtube.com/watch?v=3M6VeRqOc64","3M6VeRqOc64","GAMETIME HIGHLIGHTS",561,140662,1841,155.0
22401076,"Miami Heat vs Philadelphia 76ers Full Game Highlights | Mar 29 | 2025 NBA Season","https://www.youtube.com/watch?v=-baERCHfk40","-baERCHfk40","Hooper Highlights",594,2344,72,2
22401070,"Milwaukee Bucks vs New York Knicks Full Game Highlights - March 28, 2025 | NBA Regular Season","https://www.youtube.com/watch?v=2jRTX8nssy0","2jRTX8nssy0","GAMETIME HIGHLIGHTS",558,30572,736,13
2022400508,"Mac McClung Explodes For Career High 46 In OT Win (03/28/25) Magic Vs Squadron (46 pts 5 asts 5 reb)","https://www.youtube.com/watch?v=dMxmJcbkaK8","dMxmJcbkaK8","Mac McClung Mixtapes",378,7257,211,97
22401081,"LA Clippers vs Cleveland Cavaliers Full Game Highlights | Mar 30 | 2025 NBA Season","https://www.youtube.com/watch?v=hXxyne6sUg8","hXxyne6sUg8","Hooper Highlights",595,4696,187,2
22401081,"Cleveland Cavaliers vs Los Angeles Clippers Full Game Highlights - March 30, 2025 | Regular Season","https://www.youtube.com/watch?v=s_DBbqmyIk0","s_DBbqmyIk0","GAMETIME HIGHLIGHTS",553,133465,1612,86
22401068,"LA Clippers vs Brooklyn Nets Full Game Highlights | Mar 28 | 2025 NBA Season","https://www.youtube.com/watch?v=jWycbeeiSOk","jWycbeeiSOk","Hooper Highlights",570,3244,123,9
22401073,"Denver Nuggets vs Utah Jazz Full Game Highlights - March 28, 2025 | NBA Regular Season","https://www.youtube.com/watch?v=fue1nh-UEQk","fue1nh-UEQk","GAMETIME HIGHLIGHTS",566,108766,1376,85
22401082,"Portland Trail Blazers vs New York Knicks Full Game Highlights | Mar 30 | 2025 NBA Season","https://www.youtube.com/watch?v=nW_ESgFdQi4","nW_ESgFdQi4","Hooper Highlights",558,2349,105,2
22401082,"New York Knicks vs Portland Trail Blazers Full Game Highlights - March 30, 2025 | NBA Regular Season","https://www.youtube.com/watch?v=vDuyvfssxlU","vDuyvfssxlU","GAMETIME HIGHLIGHTS",553,38496,870,18
22401086,"Golden State Warriors vs San Antonio Spurs  Full Game Highlights - March 30, 2025 | Regular Season","https://www.youtube.com/watch?v=hHCVQRRJQvo","hHCVQRRJQvo","GAMETIME HIGHLIGHTS",581,262378,2730,94.0
22401086,"Golden State Warriors Full Game Highlights vs Spurs | March 30, 2025 | FreeDawkins","https://www.youtube.com/watch?v=6FtdEgmxtOU","6FtdEgmxtOU","FreeDawkins",609,733378,10760,411.0
2022400512,"Drew Timme NBA DEBUT 11 Points, 10 Rebs vs Clippers - Mar 28, 2025","https://www.youtube.com/watch?v=jHYu1KAXeao","jHYu1KAXeao","Hoops Showtime",65,1245,10,5.0
22401092,"Miami Heat vs Washington Wizards Full Game Highlights | Mar 31 | 2025 NBA Season","https://www.youtube.com/watch?v=ifld13fXlw4","ifld13fXlw4","Hooper Highlights",568,1499,61,1.0
22401092,"Pelle Larsson 15 pts 7 reb 5 ast vs Washington Wizards | 2025-03-31","https://www.youtube.com/watch?v=A85P3dlfL2E","A85P3dlfL2E","NBA Rookie Highlights",295,1275,15,""
22401092,"Miami Heat vs Washington Wizards Full Game Highlights - March 31, 2025 | NBA Regular Season","https://www.youtube.com/watch?v=oppVCWe5eW4","oppVCWe5eW4","GAMETIME HIGHLIGHTS",545,37891,841,15.0
22401061,"Indiana Pacers vs Washington Wizards Full Game Highlights - March 27, 2025 | NBA Regular Season","https://www.youtube.com/watch?v=RrY-DKDnPNo","RrY-DKDnPNo","GAMETIME HIGHLIGHTS",568,31019,784,38
22401096,"Los Angeles Lakers vs Houston Rockets Full Game Highlights - March 31, 2025 | NBA Regular Season","https://www.youtube.com/watch?v=NRLfxD29NW4","NRLfxD29NW4","GAMETIME HIGHLIGHTS",552,576411,5541,271
22401096,"Los Angeles Lakers vs Houston Rockets Full Game Highlights | March 31, 2025 | FreeDawkins","https://www.youtube.com/watch?v=W7NqvBw6Z_4","W7NqvBw6Z_4","FreeDawkins",610,762507,10043,703
22401096,"Lakers vs Rockets | Lakers Highlights | March 31, 2025","https://www.youtube.com/watch?v=ADABC6cD_3U","ADABC6cD_3U","LakeShow Highlights",600,305005,6408,331
22401064,"Oklahoma City Thunder vs Memphis Grizzlies Full Game Highlights | Mar 27 | 2025 NBA Season","https://www.youtube.com/watch?v=FMmOAYAFjyc","FMmOAYAFjyc","Hooper Highlights",594,4488,161,9
22401065,"Houston Rockets vs Utah Jazz Full Game Highlights - March 27, 2025 | NBA Regular Season","https://www.youtube.com/watch?v=LNNnZ3c1nl4","LNNnZ3c1nl4","GAMETIME HIGHLIGHTS",579,33027,782,18
22401072,"Golden State Warriors vs New Orleans Pelicans - Full Game Highlights | March 28, 2025 NBA Season","https://www.youtube.com/watch?v=v7i3eigox7U","v7i3eigox7U","The CCB Network",625,26609,481,10
22401072,"Golden State Warriors Full Team Highlights vs Pelicans | March 28, 2025 | FreeDawkins","https://www.youtube.com/watch?v=mDNKU9-drR8","mDNKU9-drR8","FreeDawkins",546,406740,7516,193
22401066,"Sacramento Kings vs Portland Trail Blazers Full Game Highlights - March 27, 2025 |NBA Regular Season","https://www.youtube.com/watch?v=PKnsUEpCYq8","PKnsUEpCYq8","GAMETIME HIGHLIGHTS",538,19372,672,9
22401060,"Dallas Mavericks vs Orlando Magic Full Game Highlights - March 27, 2025 | NBA Regular Season","https://www.youtube.com/watch?v=y_DDy8xpZxY","y_DDy8xpZxY","GAMETIME HIGHLIGHTS",555,169664,1489,39
22401054,"Toronto Raptors vs Brooklyn Nets Full Game Highlights - March 26, 2025 | NBA Regular Season","https://www.youtube.com/watch?v=Jn_X0hFMD7w","Jn_X0hFMD7w","GAMETIME HIGHLIGHTS",579,14453,622,5
22401106,"Boston Celtics vs Miami Heat Full Game Highlights | Apr 2 | 2025 NBA Season","https://www.youtube.com/watch?v=LXp86dY55mE","LXp86dY55mE","Hooper Highlights",596,4360,169,7.0
22401106,"Boston Celtics vs Miami Heat Full Game Highlights - April 2, 2025 | NBA Regular Season","https://www.youtube.com/watch?v=I7VoBLiGj0U","I7VoBLiGj0U","GAMETIME HIGHLIGHTS",569,217037,2179,222.0
22401106,"Boston Celtics Vs Miami Heat Game 1st Highlights Apr 02,2025 NBA Season 2024-25","https://www.youtube.com/watch?v=oeUOvwfz5Qo","oeUOvwfz5Qo","Audio Làng Quê Việt",606,3390,12,""
22401106,"Boston Celtics Vs Miami Heat Game 4th Highlights Apr 02,2025 NBA Season 2024-25","https://www.youtube.com/watch?v=_a9S-2QDxNA","_a9S-2QDxNA","Audio Làng Quê Việt",641,3054,11,""
22401053,"Philadelphia 76ers vs Washington Wizards Full Game Highlights - March 26, 2025 | NBA Regular Season","https://www.youtube.com/watch?v=45FNaAJJUBs","45FNaAJJUBs","GAMETIME HIGHLIGHTS",567,27006,712,18.0
22401057,"Milwaukee Bucks vs Denver Nuggets Full Game Highlights - March 26, 2025 | NBA Regular Season","https://www.youtube.com/watch?v=4a_zZ1FsYzI","4a_zZ1FsYzI","GAMETIME HIGHLIGHTS",559,240362,2480,149.0
22401051,"Cleveland Cavaliers vs Portland Trail Blazers Full Game Highlights - March 25 | NBA Regular Season","https://www.youtube.com/watch?v=lNvrpZpHKP8","lNvrpZpHKP8","GAMETIME HIGHLIGHTS",560,42824,873,22
22401048,"New York Knicks vs Dallas Mavericks Full Game Highlights - March 25, 2025 | NBA Regular Season","https://www.youtube.com/watch?v=Vi0ANKJw5vI","Vi0ANKJw5vI","GAMETIME HIGHLIGHTS",529,231487,2001,88
22401049,"Houston Rockets vs Atlanta Hawks Full Game Highlights - March 25, 2025 | NBA Regular Season","https://www.youtube.com/watch?v=1euQMbtCkZw","1euQMbtCkZw","GAMETIME HIGHLIGHTS",569,69213,1000,24
22401071,"Phoenix Suns vs Minnesota Timberwolves Full Game Highlights | Mar 28 | 2025 NBA Season","https://www.youtube.com/watch?v=P380JtXaMzc","P380JtXaMzc","Hooper Highlights",577,4032,138,1
22401071,"Phoenix Suns vs Minnesota Timberwolves Full Game Highlights - March 28, 2025 | NBA Regular Season","https://www.youtube.com/watch?v=ecwiV1czmxQ","ecwiV1czmxQ","GAMETIME HIGHLIGHTS",538,210029,1917,66
22401045,"Charlotte Hornets vs Orlando Magic Full Game Highlights - March 25, 2025 | NBA Regular Season","https://www.youtube.com/watch?v=toTFrSm6Wjs","toTFrSm6Wjs","GAMETIME HIGHLIGHTS",547,28283,754,27
22401050,"Memphis Grizzlies vs Utah Jazz Full Game Highlights - March 25, 2025 | NBA Regular Season","https://www.youtube.com/watch?v=2Uy4HffOjyw","2Uy4HffOjyw","GAMETIME HIGHLIGHTS",532,24500,690,9
22401059,"San Antonio Spurs vs Cleveland Cavaliers Full Game Highlights - March 27, 2025 | NBA Regular Season","https://www.youtube.com/watch?v=sJIBg2OJelc","sJIBg2OJelc","GAMETIME HIGHLIGHTS",526,66175,999,21
22401059,"Cleveland Cavaliers vs San Antonio Spurs Full Game Highlights | Mar 27 | 2025 NBA Season","https://www.youtube.com/watch?v=50bjzGFxmQg","50bjzGFxmQg","Hooper Highlights",567,2927,112,1
22401046,"San Antonio Spurs vs Detroit Pistons Full Game Highlights | Mar 25 | 2025 NBA Season","https://www.youtube.com/watch?v=UNRkjB5mA0Y","UNRkjB5mA0Y","Hooper Highlights",581,2756,97,1
22401078,"Los Angeles Lakers vs Memphis Grizzlies Full Game Highlights - March 29, 2025 | NBA Regular Season","https://www.youtube.com/watch?v=Gr1H0xHsCo0","Gr1H0xHsCo0","GAMETIME HIGHLIGHTS",542,628869,5487,184
22401078,"Los Angeles Lakers vs Memphis Grizzlies Full Game Highlights | March 29, 2025 | FreeDawkins","https://www.youtube.com/watch?v=HkQPKOoi5yE","HkQPKOoi5yE","FreeDawkins",611,927197,10454,606
22401078,"Lakers vs Grizzlies | Lakers Highlights | March 29, 2025","https://www.youtube.com/watch?v=MAWEgHswyv0","MAWEgHswyv0","LakeShow Highlights",600,357369,6616,324
2022400494,"Bronny James Highlights vs Santa Cruz Warriors | Lakers Highlights | March 25, 2025","https://www.youtube.com/watch?v=lDpb5hwN78s","lDpb5hwN78s","LakeShow Highlights",240,19590,423,39
22401042,"Denver Nuggets vs Chicago Bulls Full Game Highlights - March 24, 2025 | NBA Regular Season","https://www.youtube.com/watch?v=jw7Ri9CmIxc","jw7Ri9CmIxc","GAMETIME HIGHLIGHTS",558,119591,1530,134
22401062,"Atlanta Hawks vs Miami Heat Full Game Highlights - March 27, 2025 | NBA Regular Season","https://www.youtube.com/watch?v=Ogj_Se9rV-k","Ogj_Se9rV-k","GAMETIME HIGHLIGHTS",576,55420,917,12
22401062,"Miami HEAT Highlights vs. Atlanta Hawks | March 27, 2025","https://www.youtube.com/watch?v=NcbalqYU2ao","NcbalqYU2ao","Luis Claudio De Jesús Charles",572,2678,94,7
22401039,"Toronto Raptors vs Washington Wizards Full Game Highlights - March 24, 2025 | NBA Regular Season","https://www.youtube.com/watch?v=bAQ0jjmAOeo","bAQ0jjmAOeo","GAMETIME HIGHLIGHTS",556,17603,658,2
22401029,"Detroit Pistons vs New Orleans Pelicans Full Game Highlights - March 23, 2025 | NBA Regular Season","https://www.youtube.com/watch?v=b9eS8hKIh2c","b9eS8hKIh2c","GAMETIME HIGHLIGHTS",583,43041,1038,24
22401037,"Minnesota Timberwolves vs Indiana Pacers Full Game Highlights - March 24, 2025 | NBA Regular Season","https://www.youtube.com/watch?v=3zBrJcjPySE","3zBrJcjPySE","GAMETIME HIGHLIGHTS",567,100357,1339,32
22401033,"Toronto Raptors vs San Antonio Spurs Full Game Highlights - March 23, 2025 | NBA Regular Season","https://www.youtube.com/watch?v=XELJqvcnj0w","XELJqvcnj0w","GAMETIME HIGHLIGHTS",559,37846,1016,14
22401069,"Charlotte Hornets vs Toronto Raptors Full Game Highlights - March 28, 2025 | NBA Regular Season","https://www.youtube.com/watch?v=RvN9rRDpXew","RvN9rRDpXew","GAMETIME HIGHLIGHTS",581,15871,581,2
22401069,"Charlotte Hornets vs Toronto Raptors Full Game Highlights | Mar 28 | 2025 NBA Season","https://www.youtube.com/watch?v=WyhlI8DCaZk","WyhlI8DCaZk","Hooper Highlights",597,1423,62,1
22401069,"Toronto Raptors vs Charlotte Hornets | March 28, 2025","https://www.youtube.com/watch?v=ehu9EudZZX4","ehu9EudZZX4","Raptors Nation",528,3171,85,11
22401056,"Los Angeles Clippers vs New York Knicks Full Game Highlights - March 26, 2025 | NBA Regular Season","https://www.youtube.com/watch?v=VYmM0LtZRbs","VYmM0LtZRbs","GAMETIME HIGHLIGHTS",575,197703,2026,68
22401056,"Los Angeles Clippers vs New York Knicks - Full Game Highlights | March 26, 2025 NBA Season","https://www.youtube.com/watch?v=FiO-UTsxq9s","FiO-UTsxq9s","The CCB Network",508,15140,310,9
22401058,"Boston Celtics vs Phoenix Suns Full Game Highlights | Mar 26 | 2025 NBA Season","https://www.youtube.com/watch?v=AHjk2URDDsE","AHjk2URDDsE","Hooper Highlights",594,7949,241,29
22401058,"Boston Celtics vs Phoenix Suns Full Game Highlights - March 26, 2025 | NBA Regular Season","https://www.youtube.com/watch?v=c8jvWKakC9w","c8jvWKakC9w","GAMETIME HIGHLIGHTS",569,256406,2360,170
22401063,"Los Angeles Lakers vs Chicago Bulls Full Game Highlights - March 27, 2025 | NBA Regular Season","https://www.youtube.com/watch?v=VcwD9b9f4Gw","VcwD9b9f4Gw","GAMETIME HIGHLIGHTS",572,425363,5462,659.0
22401063,"Los Angeles Lakers vs Chicago Bulls Full Game Highlights | March 27, 2025 | FreeDawkins","https://www.youtube.com/watch?v=ti1bb58Ltuc","ti1bb58Ltuc","FreeDawkins",641,739440,11559,1900.0
22401063,"Los Angeles Lakers vs Chicago Bulls - Full Game Highlights | March 27, 2025 NBA Season","https://www.youtube.com/watch?v=DcKgR7b2lgw","DcKgR7b2lgw","The CCB Network",508,26752,698,70.0
22401041,"Philadelphia 76ers vs New Orleans Pelicans Full Game Highlights - March 24, 2025| NBA Regular Season","https://www.youtube.com/watch?v=4B8GB6RVVm0","4B8GB6RVVm0","GAMETIME HIGHLIGHTS",502,18728,656,8.0
22401041,"Philadelphia 76ers vs New Orleans Pelicans - Full Game Highlights | March 24, 2025 NBA Season","https://www.youtube.com/watch?v=l-cN3WxYkp4","l-cN3WxYkp4","The CCB Network",637,2712,63,""
22401040,"Dallas Mavericks vs Brooklyn Nets Full Game Highlights - March 24, 2025 | NBA Regular Season","https://www.youtube.com/watch?v=jnhIah81dIU","jnhIah81dIU","GAMETIME HIGHLIGHTS",541,389181,2718,185
22401040,"Dallas Mavericks vs Brooklyn Nets - Full Game Highlights | March 24, 2025 NBA Season","https://www.youtube.com/watch?v=UsgwTho-aM8","UsgwTho-aM8","The CCB Network",516,6607,155,6
22401043,"Milwaukee Bucks vs Phoenix Suns Full Game Highlights - March 24, 2025 | NBA Regular Season","https://www.youtube.com/watch?v=nhnxCSgbLzg","nhnxCSgbLzg","GAMETIME HIGHLIGHTS",560,278851,2862,172
22401043,"Milwaukee Bucks vs Phoenix Suns - Full Game Highlights | March 24, 2025 NBA Season","https://www.youtube.com/watch?v=xYordbZ5Oo8","xYordbZ5Oo8","The CCB Network",514,13200,305,15
22401024,"Brooklyn Nets vs Indiana Pacers Full Game Highlights - March 22, 2025 | NBA Regular Season","https://www.youtube.com/watch?v=N0a_la7iotE","N0a_la7iotE","GAMETIME HIGHLIGHTS",567,25860,746,10
22401044,"Boston Celtics vs Sacramento Kings Full Game Highlights - March 24, 2025 | NBA Regular Season","https://www.youtube.com/watch?v=KUKoHHnznMk","KUKoHHnznMk","GAMETIME HIGHLIGHTS",547,164953,1813,73
22401044,"Boston Celtics vs Sacramento Kings - Full Game Highlights | March 24, 2025 NBA Season","https://www.youtube.com/watch?v=Eqff8gxR5Gk","Eqff8gxR5Gk","The CCB Network",517,9466,234,5
22401019,"Dallas Mavericks vs Detroit Pistons Full Game Highlights - March 21, 2025 | NBA Regular Season","https://www.youtube.com/watch?v=ak1DvzXAC_4","ak1DvzXAC_4","GAMETIME HIGHLIGHTS",565,108454,1222,53
22401018,"Philadelphia 76ers vs San Antonio Spurs Full Game Highlights - March 21, 2025 | NBA Regular Season","https://www.youtube.com/watch?v=I4TemgtRaG0","I4TemgtRaG0","GAMETIME HIGHLIGHTS",574,40300,876,34.0
22401031,"Atlanta Hawks vs Philadelphia 76ers Full Game Highlights - March 23, 2025 | NBA Regular Season","https://www.youtube.com/watch?v=LY_M002GVR4","LY_M002GVR4","GAMETIME HIGHLIGHTS",544,23772,910,10.0
22401031,"Philadelphia 76ers vs Atlanta Hawks Full Game Highlights | Mar 23 | 2025 NBA Season","https://www.youtube.com/watch?v=C_nl22oMHaE","C_nl22oMHaE","Hooper Highlights",561,1558,72,""
22401030,"Cleveland Cavaliers vs Utah Jazz Full Game Highlights | Mar 23 | 2025 NBA Season","https://www.youtube.com/watch?v=hD_uDhMc8Z0","hD_uDhMc8Z0","Hooper Highlights",586,2760,104,""
22401030,"Cleveland Cavaliers vs Utah Jazz Full Game Highlights - March 23, 2025 | NBA Regular Season","https://www.youtube.com/watch?v=L5Do4Wjywy8","L5Do4Wjywy8","GAMETIME HIGHLIGHTS",572,28701,951,11.0
22401052,"Oklahoma City Thunder vs Sacramento Kings Full Game Highlights - March 25, 2025 | NBA Regular Season","https://www.youtube.com/watch?v=d3GThDOt-3A","d3GThDOt-3A","GAMETIME HIGHLIGHTS",582,108043,1349,63
22401052,"Oklahoma City Thunder vs Sacramento Kings Full Game Highlights | Mar 25 | 2025 NBA Season","https://www.youtube.com/watch?v=IEGs3NLsaU4","IEGs3NLsaU4","Hooper Highlights",546,5066,171,11
22401052,"Oklahoma City Thunder vs Sacramento Kings - Full Game Highlights | March 25, 2025 NBA Season","https://www.youtube.com/watch?v=tdHdCBK5A9c","tdHdCBK5A9c","The CCB Network",504,8536,187,5
22401035,"Denver Nuggets vs Houston Rockets Full Game Highlights - March 23, 2025 | NBA Regular Season","https://www.youtube.com/watch?v=VQDRfSGVu5c","VQDRfSGVu5c","GAMETIME HIGHLIGHTS",544,189860,2071,107
22401035,"Denver Nuggets vs Houston Rockets Full Game Highlights | Mar 23 | 2025 NBA Season","https://www.youtube.com/watch?v=LcRbct83Ung","LcRbct83Ung","Hooper Highlights",581,5286,189,9
22401011,"Indiana Pacers vs Brooklyn Nets Full Game Highlights - March 20, 2025 | NBA Regular Season","https://www.youtube.com/watch?v=_46SYfhcI_U","_46SYfhcI_U","GAMETIME HIGHLIGHTS",570,33780,833,15
22401034,"Boston Celtics vs Portland Trail Blazers Full Game Highlights - March 23, 2025 | NBA Regular Season","https://www.youtube.com/watch?v=Mb_OVNugP3o","Mb_OVNugP3o","GAMETIME HIGHLIGHTS",555,77078,1408,19
22401034,"Boston Celtics vs Portland Trail Blazers - Full Game Highlights | March 23, 2025 NBA Season","https://www.youtube.com/watch?v=wCLjCh5b4P4","wCLjCh5b4P4","The CCB Network",498,12507,232,12
22401027,"Milwaukee Bucks vs Sacramento Kings Full Game Highlights - March 22, 2025 | NBA Regular Season","https://www.youtube.com/watch?v=8YMc4SxUeyQ","8YMc4SxUeyQ","GAMETIME HIGHLIGHTS",554,141455,1606,76
22401027,"Milwaukee Bucks vs Sacramento Kings - Full Game Highlights | March 22, 2025 NBA Regular Season","https://www.youtube.com/watch?v=lapgrj0C7bE","lapgrj0C7bE","The CCB Network",516,8426,181,2
22401025,"Golden State Warriors vs Atlanta Hawks Full Game Highlights - March 22, 2025 | NBA Regular Season","https://www.youtube.com/watch?v=60CiNqnWrIA","60CiNqnWrIA","GAMETIME HIGHLIGHTS",572,525078,4040,246
22401025,"Golden State Warriors vs Atlanta Hawks - Full Game Highlights | March 22, 2025 NBA Season","https://www.youtube.com/watch?v=JgrvMKPp3es","JgrvMKPp3es","The CCB Network",513,15914,316,13
22401014,"Washington Wizards vs Orlando Magic Full Game Highlights - March 21, 2025 | NBA Regular Season","https://www.youtube.com/watch?v=Jd2Te6D1J2w","Jd2Te6D1J2w","GAMETIME HIGHLIGHTS",553,15352,675,5
22401014,"Orlando Magic vs Washington Wizards Full Game Highlights | Mar 21 | 2025 NBA Season","https://www.youtube.com/watch?v=h1gq0bntGBc","h1gq0bntGBc","Hooper Highlights",584,2026,79,1
22401038,"Los Angeles Lakers vs Orlando Magic Full Game Highlights - March 24, 2025 | NBA Regular Season","https://www.youtube.com/watch?v=fEWpzTUZn2U","fEWpzTUZn2U","GAMETIME HIGHLIGHTS",558,542290,4331,466
22401038,"Los Angeles Lakers vs Orlando Magic Full Game Highlights | March 24, 2025 | FreeDawkins","https://www.youtube.com/watch?v=XXKwGCLL6qU","XXKwGCLL6qU","FreeDawkins",589,381317,4308,708
22401038,"Los Angeles Lakers vs Orlando Magic - Full Game Highlights | March 24, 2025 NBA Season","https://www.youtube.com/watch?v=Cht5nSJIWvo","Cht5nSJIWvo","The CCB Network",514,18426,369,25
22401055,"Los Angeles Lakers vs Indiana Pacers Full Game Highlights - March 26, 2025 | NBA Regular Season","https://www.youtube.com/watch?v=3LGFU_Ildag","3LGFU_Ildag","GAMETIME HIGHLIGHTS",578,540128,6145,385
22401055,"Los Angeles Lakers Full Game Highlights vs Pacers | March 26, 2025 | FreeDawkins","https://www.youtube.com/watch?v=_tOvlnKaZNA","_tOvlnKaZNA","FreeDawkins",620,763162,11178,753
22401055,"Los Angeles Lakers vs Indiana Pacers Full Game Highlights | Mar 26 | 2025 NBA Season","https://www.youtube.com/watch?v=QQm4vVOYZtw","QQm4vVOYZtw","Hooper Highlights",599,10307,382,23
22401055,"Los Angeles Lakers vs Indiana Pacers - Full Game Highlights | March 26, 2025 NBA Season","https://www.youtube.com/watch?v=AR2xLob2-Lc","AR2xLob2-Lc","The CCB Network",516,21193,522,26
22401023,"Memphis Grizzlies vs LA Clippers Full Game Highlights | Mar 21 | 2025 NBA Season","https://www.youtube.com/watch?v=dMMgv_oC8LM","dMMgv_oC8LM","Hooper Highlights",599,7878,245,12
22401023,"Los Angeles Clippers vs Memphis Grizzlies Full Game Highlights - March 21, 2025 | NBA Regular Season","https://www.youtube.com/watch?v=4FyOgc0_41U","4FyOgc0_41U","GAMETIME HIGHLIGHTS",566,220888,2120,89
2022400459,"Mac McClung Leads Magic Over 1st Place Celtics (03/20/25) Magic Vs Celtics (27 pts 5 asts 5 rebs)","https://www.youtube.com/watch?v=90JJietxPXE","90JJietxPXE","Mac McClung Mixtapes",162,3422,118,87
22401013,"Sacramento Kings vs Chicago Bulls Full Game Highlights - March 20, 2025 | NBA Regular Season","https://www.youtube.com/watch?v=4EWI_ZcuJAY","4EWI_ZcuJAY","GAMETIME HIGHLIGHTS",526,58325,1040,38
22401021,"Phoenix Suns vs Cleveland Cavaliers Full Game Highlights | Mar 21 | 2025 NBA Season","https://www.youtube.com/watch?v=o_Qxgd68qNs","o_Qxgd68qNs","Hooper Highlights",585,8376,257,18
22401021,"FlightReacts To CAVALIERS at SUNS | FULL GAME HIGHLIGHTS | March 21, 2025","https://www.youtube.com/watch?v=B3iyJe_z99g","B3iyJe_z99g","nonmaliceowl",741,9019,303,16
22401016,"Minnesota Timberwolves vs New Orleans Pelicans Full Game Highlights | Mar 21 | 2025 NBA Season","https://www.youtube.com/watch?v=fbqSnKpfwmU","fbqSnKpfwmU","Hooper Highlights",594,3906,135,3
22401016,"Minnesota Timberwolves vs New Orleans Pelicans Full Game Highlights - March 21 | NBA Regular Season","https://www.youtube.com/watch?v=6JRywuHVdlQ","6JRywuHVdlQ","GAMETIME HIGHLIGHTS",517,58993,1047,17
22401015,"Miami Heat vs Houston Rockets Full Game Highlights - March 21, 2025 | NBA Regular Season","https://www.youtube.com/watch?v=t8Tb8Guxc_g","t8Tb8Guxc_g","GAMETIME HIGHLIGHTS",537,60425,1030,36
22401015,"Alperen Sengun vs Miami Heat | March 21, 2025","https://www.youtube.com/watch?v=tHeK7CxcEcs","tHeK7CxcEcs","Alpi Moments",503,2932,158,34
22401020,"Boston Celtics vs Utah Jazz Full Game Highlights - March 21, 2025 | NBA Regular Season","https://www.youtube.com/watch?v=26uCtAxczRY","26uCtAxczRY","GAMETIME HIGHLIGHTS",556,89151,1258,35
22401020,"Boston Celtics vs Utah Jazz - Full Game Highlights | March 21, 2025 NBA Season","https://www.youtube.com/watch?v=pSqlVICJTwY","pSqlVICJTwY","The CCB Network",512,10486,210,4
22401007,"Phoenix Suns vs Chicago Bulls Full Game Highlights | Mar 19 | 2025 NBA Season","https://www.youtube.com/watch?v=HrdP7PwuFHU","HrdP7PwuFHU","Hooper Highlights",576,2854,105,3
22400998,"Dallas Mavericks vs Indiana Pacers Full Game Highlights | Mar 19 | 2025 NBA Season","https://www.youtube.com/watch?v=t70f9v9XHU4","t70f9v9XHU4","Hooper Highlights",597,2821,103,2
22401047,"Golden State Warriors vs Miami Heat Full Game Highlights | March 25, 2025 | FreeDawkins","https://www.youtube.com/watch?v=ogi5RwYpXzo","ogi5RwYpXzo","FreeDawkins",606,357787,4072,461
22401047,"Golden State Warriors vs Miami Heat Full Game Highlights - March 25, 2025 | NBA Regular Season","https://www.youtube.com/watch?v=GB5XJCOsTgo","GB5XJCOsTgo","GAMETIME HIGHLIGHTS",521,225067,2146,106
22401047,"Golden State Warriors vs Miami Heat Full Game Highlights | Mar 25 | 2025 NBA Season","https://www.youtube.com/watch?v=AvAjA28mq0M","AvAjA28mq0M","Hooper Highlights",596,6125,200,11
22401047,"Golden State Warriors vs Miami Heat - Full Game Highlights | March 25, 2025 NBA Season","https://www.youtube.com/watch?v=rtBZxTL2xHw","rtBZxTL2xHw","The CCB Network",494,18109,323,13
22401005,"Golden State Warriors vs Toronto Raptors Full Game Highlights - March 20, 2025 | NBA Regular Season","https://www.youtube.com/watch?v=ZaeUW1drQfg","ZaeUW1drQfg","GAMETIME HIGHLIGHTS",580,294765,2949,72
22401005,"Golden State Warriors Full Game Highlights vs Raptors | March 20, 2025 | FreeDawkins","https://www.youtube.com/watch?v=ityNGxa0sZk","ityNGxa0sZk","FreeDawkins",658,765855,11705,522
22401010,"New York Knicks vs Charlotte Hornets Full Game Highlights | Mar 20 | 2025 NBA Season","https://www.youtube.com/watch?v=Jz9rPLh12A4","Jz9rPLh12A4","Hooper Highlights",594,2896,102,2
22401010,"New York Knicks vs Charlotte Hornets - Full Game Highlights | March 20, 2025 NBA Season","https://www.youtube.com/watch?v=KPUCfOnL7bE","KPUCfOnL7bE","The CCB Network",518,4852,123,4
22400999,"Houston Rockets vs Orlando Magic Full Game Highlights - March 19, 2025 | NBA Regular Season","https://www.youtube.com/watch?v=PIgMxKh_WtE","PIgMxKh_WtE","GAMETIME HIGHLIGHTS",551,59364,1074,40
22400996,"Los Angeles Lakers vs Milwaukee Bucks Full Game Highlights - March 20, 2025 | NBA Regular Season","https://www.youtube.com/watch?v=p2JNnmnO_v0","p2JNnmnO_v0","GAMETIME HIGHLIGHTS",560,801867,6495,646
22400996,"Milwaukee Bucks vs Los Angeles Lakers - Full Game Highlights | March 20, 2025 NBA Season","https://www.youtube.com/watch?v=u6-LKL0gWtA","u6-LKL0gWtA","The CCB Network",505,25683,428,20
22401026,"New York Knicks vs Washington Wizards Full Game Highlights - March 22, 2025 | NBA Regular Season","https://www.youtube.com/watch?v=ImS8uXlaI7Q","ImS8uXlaI7Q","GAMETIME HIGHLIGHTS",566,49294,876,13
22401026,"Washington Wizards vs New York Knicks - Full Game Highlights | March 22, 2025 NBA Season","https://www.youtube.com/watch?v=OfqVtSW5ebo","OfqVtSW5ebo","The CCB Network",505,4818,115,5
22401026,"New York Knicks vs Washington Wizards Full Game Highlights | Mar 22 | 2025 NBA Season","https://www.youtube.com/watch?v=6tmtToYWfI8","6tmtToYWfI8","Hooper Highlights",596,2682,103,2
22401036,"Los Angeles Clippers vs OKC Thunder Full Game Highlights | March 23, 2025 | FreeDawkins","https://www.youtube.com/watch?v=CXfXYZGXJpo","CXfXYZGXJpo","FreeDawkins",614,173219,2401,270
22401036,"Oklahoma City Thunder vs LA Clippers Full Game Highlights | Mar 23 | 2025 NBA Season","https://www.youtube.com/watch?v=gVhzO_HTlm0","gVhzO_HTlm0","Hooper Highlights",595,6182,213,6
22401036,"Oklahoma City Thunder vs Los Angeles Clippers Full Game Highlights - March 23 | NBA Regular Season","https://www.youtube.com/watch?v=0_7rhZXnhGI","0_7rhZXnhGI","GAMETIME HIGHLIGHTS",545,241886,2481,165
22401036,"Oklahoma City Thunder vs Los Angeles Clippers - Full Game Highlights | March 23, 2025 NBA Season","https://www.youtube.com/watch?v=yGlz0LWZvqE","yGlz0LWZvqE","The CCB Network",519,20489,397,16
22401017,"Oklahoma City Thunder vs Charlotte Hornets Full Game Highlights | Mar 21 | 2025 NBA Season","https://www.youtube.com/watch?v=Z1zboUwaAkc","Z1zboUwaAkc","Hooper Highlights",589,3534,129,6.0
22401017,"Charlotte Hornets vs Oklahoma City Thunder - Full Game Highlights | March 21, 2025 NBA Season","https://www.youtube.com/watch?v=12-AlQ9ItkM","12-AlQ9ItkM","The CCB Network",629,4689,106,""
22401017,"Oklahoma City Thunder vs Charlotte Hornets Full Game Highlights - March 21 | NBA Regular Season","https://www.youtube.com/watch?v=3CfsrRNOkXQ","3CfsrRNOkXQ","GAMETIME HIGHLIGHTS",570,69899,1063,47.0
22401028,"Los Angeles Lakers vs Chicago Bulls Full Game Highlights | March 22, 2025 | FreeDawkins","https://www.youtube.com/watch?v=82yEiP8T9I0","82yEiP8T9I0","FreeDawkins",608,414353,4786,764.0
22401028,"Los Angeles Lakers vs Chicago Bulls Full Game Highlights - March 22, 2025 | NBA Regular Season","https://www.youtube.com/watch?v=2DVDBHuRTRE","2DVDBHuRTRE","GAMETIME HIGHLIGHTS",568,657198,4850,680.0
22401028,"Chicago Bulls vs Los Angeles Lakers - Full Game Highlights | March 22, 2025 NBA Season","https://www.youtube.com/watch?v=6VblsyQ80U4","6VblsyQ80U4","The CCB Network",518,23142,411,40.0
22400993,"Atlanta Hawks vs Charlotte Hornets Full Game Highlights - March 18, 2025 | NBA Regular Season","https://www.youtube.com/watch?v=pbqUjAgq-HY","pbqUjAgq-HY","GAMETIME HIGHLIGHTS",540,38225,840,18
22401032,"Miami Heat vs Charlotte Hornets Full Game Highlights | Mar 23 | 2025 NBA Season","https://www.youtube.com/watch?v=9NLnsXBwS24","9NLnsXBwS24","Hooper Highlights",597,1638,74,1
22401032,"Charlotte Hornets vs Miami Heat - Full Game Highlights | March 23, 2025 NBA Season","https://www.youtube.com/watch?v=wxEw7Iob41o","wxEw7Iob41o","The CCB Network",507,4991,90,3
22401032,"Miami Heat vs Charlotte Hornets Full Game Highlights - March 23, 2025 | NBA Regular Season","https://www.youtube.com/watch?v=1XWy2jkevx4","1XWy2jkevx4","GAMETIME HIGHLIGHTS",575,48367,1061,13
22401032,"Andrew Wiggins 42 PTS 5 AST 3 REB 2 STL | Charlotte Hornets vs. Miami HEAT | March 23, 2025","https://www.youtube.com/watch?v=lNAI1UIiXec","lNAI1UIiXec","Miami HEAT",411,7718,125,21
22400985,"Alperen Sengun vs Philadelphia 76ers | March 17, 2025","https://www.youtube.com/watch?v=cYrMWh9EqiY","cYrMWh9EqiY","Alpi Moments",481,5907,302,63
22401008,"Memphis Grizzlies vs Portland Trail Blazers Full Game Highlights | Mar 19 | 2025 NBA Season","https://www.youtube.com/watch?v=ty6BdTpbito","ty6BdTpbito","Hooper Highlights",580,2628,103,3
22401008,"Memphis Grizzlies vs Portland Trail Blazers - Full Game Highlights | March 19  | 2024-25 NBA Season","https://www.youtube.com/watch?v=aZky5bGPxYA","aZky5bGPxYA","The CCB Network",608,5225,103,3
22401009,"Cleveland Cavaliers vs Sacramento Kings Full Game Highlights | Mar 19 | 2025 NBA Season","https://www.youtube.com/watch?v=IuVMY9RtOeE","IuVMY9RtOeE","Hooper Highlights",598,4414,159,13
22401009,"Cleveland Cavaliers vs Sacramento Kings Full Game Highlights - March 19, 2025 | NBA Regular Season","https://www.youtube.com/watch?v=7UQGjqjTsOo","7UQGjqjTsOo","GAMETIME HIGHLIGHTS",582,143187,1663,101
22400989,"Utah Jazz vs Chicago Bulls Full Game Highlights | Mar 17 | 2025 NBA Season","https://www.youtube.com/watch?v=mFKDhcHpgU0","mFKDhcHpgU0","Hooper Highlights",596,2044,86,""
22401001,"Minnesota Timberwolves vs New Orleans Pelicans Full Game Highlights - March 19  | NBA Regular Season","https://www.youtube.com/watch?v=x-EYKFqmzNo","x-EYKFqmzNo","GAMETIME HIGHLIGHTS",550,160791,1764,48
22401001,"New Orleans Pelicans vs Minnesota Timberwolves - Full Game Highlights | March 19, 2025 NBA Season","https://www.youtube.com/watch?v=zvvgcyvnV-4","zvvgcyvnV-4","The CCB Network",505,7988,185,12
22400995,"Washington Wizards vs Portland Trail Blazers Full Game Highlights - March 17 | NBA Regular Season","https://www.youtube.com/watch?v=omrsyGnnxPc","omrsyGnnxPc","GAMETIME HIGHLIGHTS",550,15256,647,8
22400627,"Utah Jazz vs Washington Wizards Full Game Highlights | Mar 19 | 2025 NBA Season","https://www.youtube.com/watch?v=UCLXeBzrgJo","UCLXeBzrgJo","Hooper Highlights",591,1649,62,1
22400627,"Washington Wizards vs Utah Jazz Full Game Highlights - March 19, 2025 | NBA Regular Season","https://www.youtube.com/watch?v=aPGL8tcx6b0","aPGL8tcx6b0","GAMETIME HIGHLIGHTS",520,11054,646,10
22400976,"Dallas Mavericks vs Philadelphia 76ers Full Game Highlights | Mar 16 | 2025 NBA Season","https://www.youtube.com/watch?v=qEh10OOEuH4","qEh10OOEuH4","Hooper Highlights",599,2905,105,4
22401002,"Oklahoma City Thunder vs Philadelphia 76ers Full Game Highlights | Mar 19 | 2025 NBA Season","https://www.youtube.com/watch?v=gJBRjtNB_-M","gJBRjtNB_-M","Hooper Highlights",589,3567,133,1
22401002,"Oklahoma City Thunder vs Philadelphia 76ers Full Game Highlights - March 19 | NBA Regular Season","https://www.youtube.com/watch?v=5jnVoDRXCKw","5jnVoDRXCKw","GAMETIME HIGHLIGHTS",537,42221,905,35
22401000,"Miami Heat vs Detroit Pistons Full Game Highlights - March 19, 2025 | NBA Regular Season","https://www.youtube.com/watch?v=YA2BdDpIBoo","YA2BdDpIBoo","GAMETIME HIGHLIGHTS",574,58992,1103,58
22401000,"Miami Heat vs Detroit Pistons Full Game Highlights | Mar 19 | 2025 NBA Season","https://www.youtube.com/watch?v=GDl0Ya7Q6bg","GDl0Ya7Q6bg","Hooper Highlights",594,3410,136,4
22401003,"San Antonio Spurs vs New York Knicks Full Game Highlights - March 19, 2025 | NBA Regular Season","https://www.youtube.com/watch?v=EXHr9lTyaHk","EXHr9lTyaHk","GAMETIME HIGHLIGHTS",544,80897,1332,95
22401003,"New York Knicks vs San Antonio Spurs - Full Game Highlights | March 19, 2025 NBA Season","https://www.youtube.com/watch?v=6QO5Y3d1xLs","6QO5Y3d1xLs","The CCB Network",528,9607,191,11
22400984,"New York Knicks vs Miami Heat Full Game Highlights | Mar 17 | 2025 NBA Season","https://www.youtube.com/watch?v=7KiBV8OxkkE","7KiBV8OxkkE","Hooper Highlights",591,3339,120,3.0
22400984,"Miami Heat vs New York Knicks - Full Game Highlights | March 17, 2025 NBA Season","https://www.youtube.com/watch?v=c1QwP-Y84sg","c1QwP-Y84sg","The CCB Network",520,6955,124,2.0
22401022,"Denver Nuggets vs Portland Trail Blazers Full Game Highlights - March 21, 2025 | NBA Regular Season","https://www.youtube.com/watch?v=wMVuLWA8DXg","wMVuLWA8DXg","GAMETIME HIGHLIGHTS",561,62192,951,83.0
22401022,"Denver Nuggets vs Portland Trail Blazers Full Game Highlights | Mar 21 | 2025 NBA Season","https://www.youtube.com/watch?v=UNeQKfe1y_U","UNeQKfe1y_U","Hooper Highlights",590,4494,138,8.0
22401022,"Denver Nuggets vs Portland Trail Blazers - Full Game Highlights | March 21, 2025 NBA Season","https://www.youtube.com/watch?v=Li_zXaKmoCU","Li_zXaKmoCU","The CCB Network",622,9009,183,24.0
22401022,"Deni Avdija 36 pts 8 reb 7 ast vs Denver Nuggets | 2025-03-21","https://www.youtube.com/watch?v=7Svp9grHq4E","7Svp9grHq4E","Basketball Highlights",529,1411,24,""
22400987,"New Orleans Pelicans vs Detroit Pistons Full Game Highlights | Mar 17 | 2025 NBA Season","https://www.youtube.com/watch?v=yl5q6KkRXIc","yl5q6KkRXIc","Hooper Highlights",591,3266,112,2
22400987,"New Orleans Pelicans vs Detroit Pistons Full Game Highlights - March 17, 2025 | NBA Regular Season","https://www.youtube.com/watch?v=79c69pDR-gY","79c69pDR-gY","GAMETIME HIGHLIGHTS",570,45166,926,43
22400986,"Minnesota Timberwolves vs Indiana Pacers Full Game Highlights | Mar 17 | 2025 NBA Season","https://www.youtube.com/watch?v=g-_T03sbA5A","g-_T03sbA5A","Hooper Highlights",596,5250,174,11
22400986,"Minnesota Timberwolves vs Indiana Pacers Full Game Highlights - March 17, 2025 | NBA Regular Season","https://www.youtube.com/watch?v=u3VwaFR6vcA","u3VwaFR6vcA","GAMETIME HIGHLIGHTS",575,138689,1554,76
22400992,"Memphis Grizzlies vs Sacramento Kings Full Game Highlights - March 17, 2025 | NBA Regular Season","https://www.youtube.com/watch?v=SYet5m9lPaI","SYet5m9lPaI","GAMETIME HIGHLIGHTS",565,82449,1099,22
22400992,"Memphis Grizzlies vs Sacramento Kings Full Game Highlights | Mar 17 | 2025 NBA Season","https://www.youtube.com/watch?v=xSNPHbrTZ9Y","xSNPHbrTZ9Y","Hooper Highlights",595,4529,160,3
22400994,"Boston Celtics vs Brooklyn Nets Full Game Highlights | Mar 18 | 2025 NBA Season","https://www.youtube.com/watch?v=svbHnzeB_c4","svbHnzeB_c4","Hooper Highlights",583,4880,174,5
22400994,"Brooklyn Nets vs Boston Celtics - Full Game Highlights | March 18, 2025 NBA Season","https://www.youtube.com/watch?v=UjpAslgfA4c","UjpAslgfA4c","The CCB Network",514,13935,227,8
22400994,"Boston Celtics vs Brooklyn Nets Full Game Highlights - March 18, 2025 | NBA Regular Season","https://www.youtube.com/watch?v=5oRlO57_Gtw","5oRlO57_Gtw","GAMETIME HIGHLIGHTS",563,131565,1615,95
22400963,"Minnesota Timberwolves vs Orlando Magic Full Game Highlights - March 14, 2025 | NBA Regular Season","https://www.youtube.com/watch?v=yauY_RNDcpI","yauY_RNDcpI","GAMETIME HIGHLIGHTS",583,100667,1412,56
22400979,"Cleveland Cavaliers vs Orlando Magic Full Game Highlights | Mar 16 | 2025 NBA Season","https://www.youtube.com/watch?v=hZmGwRND0bs","hZmGwRND0bs","Hooper Highlights",589,3651,162,7
22400979,"Cleveland Cavaliers vs Orlando Magic Full Game Highlights - March 16, 2025 | NBA Regular Season","https://www.youtube.com/watch?v=j7pX4-IwydY","j7pX4-IwydY","GAMETIME HIGHLIGHTS",562,116149,1534,99
22400997,"Cleveland Cavaliers vs LA Clippers Full Game Highlights | Mar 18 | 2025 NBA Season","https://www.youtube.com/watch?v=EShiwDLH1IU","EShiwDLH1IU","Hooper Highlights",598,5403,207,10
22400997,"Cleveland Cavaliers vs Los Angeles Clippers - Full Game Highlights | March 18, 2025 NBA Season","https://www.youtube.com/watch?v=jk4jbZzUals","jk4jbZzUals","The CCB Network",515,20888,440,19
22400997,"Los Angeles Clippers vs Cleveland Cavaliers Full Game Highlights - March 18 | NBA Regular Season","https://www.youtube.com/watch?v=_2lXOHZSNpQ","_2lXOHZSNpQ","GAMETIME HIGHLIGHTS",578,382544,3868,241
22400967,"Phoenix Suns vs Sacramento Kings Full Game Highlights | Mar 14 | 2025 NBA Season","https://www.youtube.com/watch?v=YLLFUyYLLNs","YLLFUyYLLNs","Hooper Highlights",559,4819,146,3
22400975,"Denver Nuggets vs Washington Wizards Full Game Highlights | Mar 15 | 2025 NBA Season","https://www.youtube.com/watch?v=bIyKQLTwc14","bIyKQLTwc14","Hooper Highlights",593,6364,265,22
22400975,"Denver Nuggets vs Washington Wizards Full Game Highlights - March 15, 2025 | NBA Regular Season","https://www.youtube.com/watch?v=p5vf3SbqhS0","p5vf3SbqhS0","GAMETIME HIGHLIGHTS",543,160505,2085,290
22400980,"Toronto Raptors vs Portland Trail Blazers Full Game Highlights - March 16, 2025 | NBA Regular Season","https://www.youtube.com/watch?v=YCfZuSgideo","YCfZuSgideo","GAMETIME HIGHLIGHTS",576,20721,739,13
22400980,"Toronto Raptors vs Portland Trail Blazers - Full Team Highlights | March 16, 2025","https://www.youtube.com/watch?v=8a5dqkAKVp8","8a5dqkAKVp8","Raptors Nation",583,2450,57,7
22400982,"Milwaukee Bucks vs Oklahoma City Thunder Full Game Highlights - March 16, 2025 | NBA Regular Season","https://www.youtube.com/watch?v=r7Fsp1Z0o80","r7Fsp1Z0o80","GAMETIME HIGHLIGHTS",524,329574,2974,161
22400982,"Oklahoma City Thunder vs Milwaukee Bucks - Full Game Highlights | March 16, 2025 NBA Season","https://www.youtube.com/watch?v=jMRC3EsjyyE","jMRC3EsjyyE","The CCB Network",490,18647,365,25
22400978,"Atlanta Hawks vs Brooklyn Nets Full Game Highlights | Mar 16 | 2025 NBA Season","https://www.youtube.com/watch?v=uRKuNNLLFJs","uRKuNNLLFJs","Hooper Highlights",583,2477,92,""
22400978,"Atlanta Hawks vs Brooklyn Nets Full Game Highlights - March 16, 2025 | NBA Regular Season","https://www.youtube.com/watch?v=lITWcwAf30o","lITWcwAf30o","GAMETIME HIGHLIGHTS",560,24817,788,7.0
22400961,"Dallas Mavericks vs Houston Rockets Full Game Highlights - March 14, 2025 | NBA Regular Season","https://www.youtube.com/watch?v=rVllvervvrQ","rVllvervvrQ","GAMETIME HIGHLIGHTS",528,57089,989,57.0
22401006,"Los Angeles Lakers vs Denver Nuggets Full Game Highlights - March 19, 2025 | NBA Regular Season","https://www.youtube.com/watch?v=vF0Xx3VCXcA","vF0Xx3VCXcA","GAMETIME HIGHLIGHTS",531,905998,8054,386
22401006,"Los Angeles Lakers vs Denver Nuggets Full Game Highlights | March 19, 2025 | FreeDawkins","https://www.youtube.com/watch?v=05s9qrlEyUQ","05s9qrlEyUQ","FreeDawkins",582,712219,8670,499
22401006,"Lakers vs Nuggets | Lakers Highlights | March 19, 2025","https://www.youtube.com/watch?v=gAbWC5OjXLU","gAbWC5OjXLU","LakeShow Highlights",601,332420,6898,476
22401006,"Denver Nuggets vs Los Angeles Lakers - Full Game Highlights | March 19, 2025 | 2024-25 NBA Season","https://www.youtube.com/watch?v=IGkI6fpx7-s","IGkI6fpx7-s","The CCB Network",494,28611,597,22
22400981,"Minnesota Timberwolves vs Utah Jazz Full Game Highlights | Mar 16 | 2025 NBA Season","https://www.youtube.com/watch?v=23OOpdbPixY","23OOpdbPixY","Hooper Highlights",590,3070,128,1.0
22400981,"Utah Jazz vs Minnesota Timberwolves - Full Game Highlights | March 16, 2025 NBA Season","https://www.youtube.com/watch?v=DqU0_y_JGuE","DqU0_y_JGuE","The CCB Network",628,7013,126,""
22400991,"Phoenix Suns vs Toronto Raptors Full Game Highlights | Mar 17 | 2025 NBA Season","https://www.youtube.com/watch?v=9iVeDAbEPvY","9iVeDAbEPvY","Hooper Highlights",582,2656,101,1.0
22400991,"Toronto Raptors vs Phoenix Suns | March 17, 2025","https://www.youtube.com/watch?v=rRCLWK8B45E","rRCLWK8B45E","Raptors Nation",442,1374,38,5.0
22400991,"Phoenix Suns vs Toronto Raptors Full Game Highlights - March 17, 2025 | NBA Regular Season","https://www.youtube.com/watch?v=Uv6NOFpZIRs","Uv6NOFpZIRs","GAMETIME HIGHLIGHTS",555,39584,815,7.0
22400972,"Milwaukee Bucks vs Indiana Pacers Full Game Highlights - March 15, 2025 | NBA Regular Season","https://www.youtube.com/watch?v=__P9s4cwPF0","__P9s4cwPF0","GAMETIME HIGHLIGHTS",581,136583,1682,60.0
22400972,"Indiana Pacers vs Milwaukee Bucks - Full Game Highlights | March 15, 2025 | 2024-25 NBA Season","https://www.youtube.com/watch?v=PGwkpdUHcZg","PGwkpdUHcZg","The CCB Network",493,8086,174,5.0
22400969,"Oklahoma City Thunder vs Detroit Pistons Full Game Highlights - March 15, 2025 | NBA Regular Season","https://www.youtube.com/watch?v=60o3ZoM9DvM","60o3ZoM9DvM","GAMETIME HIGHLIGHTS",545,94761,1386,102
22400969,"Oklahoma City Thunder vs Detroit Pistons Full Game Highlights | Mar 15 | 2025 NBA Season","https://www.youtube.com/watch?v=wjxraFSp86c","wjxraFSp86c","Hooper Highlights",567,5689,231,10
22400971,"Memphis Grizzlies vs Miami Heat Full Game Highlights | Mar 15 | 2025 NBA Season","https://www.youtube.com/watch?v=R01I9LndYxk","R01I9LndYxk","Hooper Highlights",585,3552,141,1
22400971,"Memphis Grizzlies vs Miami Heat Full Game Highlights - March 15, 2025 | NBA Regular Season","https://www.youtube.com/watch?v=PhHos0HILfk","PhHos0HILfk","GAMETIME HIGHLIGHTS",543,52180,1011,24
22401012,"Golden State Warriors Full Game Highlights vs Bucks | March 18, 2025 | FreeDawkins","https://www.youtube.com/watch?v=1NMhrdJqqEw","1NMhrdJqqEw","FreeDawkins",579,902672,14864,806
22401012,"Golden State Warriors vs Milwaukee Bucks Full Game Highlights | Mar 18 | 2025 NBA Season","https://www.youtube.com/watch?v=rWjKZsVwGD0","rWjKZsVwGD0","Hooper Highlights",567,5966,240,6
22401012,"Milwaukee Bucks vs Golden State Warriors - Full Game Highlights | March 18, 2025 NBA Season","https://www.youtube.com/watch?v=Mn5AEdlhxq0","Mn5AEdlhxq0","The CCB Network",518,25194,523,21
22401012,"Golden State Warriors vs Milwaukee Bucks Full Game Highlights - March 18, 2025 | NBA Regular Season","https://www.youtube.com/watch?v=xf6V3fExZso","xf6V3fExZso","GAMETIME HIGHLIGHTS",532,391038,4174,151
22400959,"Indiana Pacers vs Philadelphia 76ers Full Game Highlights | Mar 14 | 2025 NBA Season","https://www.youtube.com/watch?v=Ckkjm4GT4PY","Ckkjm4GT4PY","Hooper Highlights",580,2489,102,""
22400959,"Philadelphia 76ers vs Indiana Pacers Full Game Highlights - March 14, 2025 | NBA Regular Season","https://www.youtube.com/watch?v=pPOo2OGfA-c","pPOo2OGfA-c","GAMETIME HIGHLIGHTS",548,19620,722,12.0
22400960,"Los Angeles Clippers vs Atlanta Hawks Full Game Highlights - March 14, 2025 | NBA Regular Season","https://www.youtube.com/watch?v=4y3V0HKRjrQ","4y3V0HKRjrQ","GAMETIME HIGHLIGHTS",533,86585,1237,28
22400960,"LA Clippers vs Atlanta Hawks Full Game Highlights | Mar 14 | 2025 NBA Season","https://www.youtube.com/watch?v=86FcVDWJHc8","86FcVDWJHc8","Hooper Highlights",572,4042,140,4
22400977,"Los Angeles Lakers vs Phoenix Suns Full Game Highlights - March 16, 2025 | NBA Regular Season","https://www.youtube.com/watch?v=prb_2YcY8mI","prb_2YcY8mI","GAMETIME HIGHLIGHTS",561,981688,8196,408
22400977,"Phoenix Suns vs Los Angeles Lakers - Full Game Highlights | March 16, 2025 NBA Season","https://www.youtube.com/watch?v=wdNz-0K_4Ys","wdNz-0K_4Ys","The CCB Network",506,19903,419,10
22400977,"Lakers vs Suns | Lakers Highlights | March 16, 2025","https://www.youtube.com/watch?v=Bz00g2p4JYM","Bz00g2p4JYM","LakeShow Highlights",619,364111,6971,412
22400973,"San Antonio Spurs vs New Orleans Pelicans Full Game Highlights - March 15, 2025 | NBA Regular Season","https://www.youtube.com/watch?v=XwJ817An-qc","XwJ817An-qc","GAMETIME HIGHLIGHTS",542,51032,900,15
22400973,"San Antonio Spurs vs New Orleans Pelicans Full Game Highlights | Mar 15 | 2025 NBA Season","https://www.youtube.com/watch?v=9vNEtIBeC2A","9vNEtIBeC2A","Hooper Highlights",598,3221,129,3
22400965,"Los Angeles Lakers vs Denver Nuggets Full Game Highlights - March 14, 2025 | NBA Regular Season","https://www.youtube.com/watch?v=ek4aywR5kb4","ek4aywR5kb4","GAMETIME HIGHLIGHTS",578,1063795,7796,990
22400965,"Los Angeles Lakers vs Denver Nuggets - Full Game Highlights | March 14, 2025 NBA Season","https://www.youtube.com/watch?v=Sc6oLNt8bQs","Sc6oLNt8bQs","The CCB Network",512,24850,479,44
22400966,"Utah Jazz vs Toronto Raptors Full Game Highlights - March 14, 2025 | NBA Regular Season","https://www.youtube.com/watch?v=gUxBCRlPb8M","gUxBCRlPb8M","GAMETIME HIGHLIGHTS",564,10963,638,7
22400966,"Toronto Raptors vs Utah Jazz - Full Team Highlights | March 14, 2025","https://www.youtube.com/watch?v=LgUtfU8cfoA","LgUtfU8cfoA","Raptors Nation",582,3825,89,15
22400537,"Los Angeles Lakers vs San Antonio Spurs Full Game Highlights - March 17, 2025 | NBA Regular Season","https://www.youtube.com/watch?v=BfSgQh8Jlec","BfSgQh8Jlec","GAMETIME HIGHLIGHTS",543,1014321,8061,371
22400537,"San Antonio Spurs vs Los Angeles Lakers - Full Game Highlights | March 17, 2025 NBA Season","https://www.youtube.com/watch?v=unUY3qPYOKs","unUY3qPYOKs","The CCB Network",518,32819,527,19
22400537,"Los Angeles Lakers Full Team Highlights vs Spurs | March 17, 2025 | FreeDawkins","https://www.youtube.com/watch?v=EOlKIlX-158","EOlKIlX-158","FreeDawkins",585,382563,5443,249
22400537,"Lakers vs Spurs | Lakers Highlights | March 17, 2025","https://www.youtube.com/watch?v=Sb9lsKhfrlE","Sb9lsKhfrlE","LakeShow Highlights",601,368740,7103,463
22400951,"Dallas Mavericks vs San Antonio Spurs Full Game Highlights - March 12, 2025 | NBA Regular Season","https://www.youtube.com/watch?v=m1oXBjuRAys","m1oXBjuRAys","GAMETIME HIGHLIGHTS",556,134724,1348,66
22400968,"Boston Celtics vs Brooklyn Nets Full Game Highlights | Mar 15 | 2025 NBA Season","https://www.youtube.com/watch?v=OsZj5PtoWBY","OsZj5PtoWBY","Hooper Highlights",595,3608,159,6
22400968,"Boston Celtics vs Brooklyn Nets - Full Game Highlights | March 15, 2025 NBA Season","https://www.youtube.com/watch?v=pV9r5rej6rQ","pV9r5rej6rQ","The CCB Network",525,13127,245,13
22400968,"Boston Celtics vs Brooklyn Nets Full Game Highlights - March 15, 2025 | NBA Regular Season","https://www.youtube.com/watch?v=uy6ecL3QEdo","uy6ecL3QEdo","GAMETIME HIGHLIGHTS",583,105405,1477,40
22400538,"LA Clippers vs Charlotte Hornets Full Game Highlights | Mar 16 | 2025 NBA Season","https://www.youtube.com/watch?v=iXYH9MAGPk0","iXYH9MAGPk0","Hooper Highlights",599,4325,141,4
22400538,"Los Angeles Clippers vs Charlotte Hornets Full Game Highlights - March 16, 2025 | NBA Regular Season","https://www.youtube.com/watch?v=YJSl62lxgz8","YJSl62lxgz8","GAMETIME HIGHLIGHTS",571,131885,1416,48
22400538,"Charlotte Hornets vs LA Clippers - Full Game Highlights | March 16, 2025 NBA Season","https://www.youtube.com/watch?v=5LdIX7rh_28","5LdIX7rh_28","The CCB Network",625,7674,156,3
22400990,"Golden State Warriors vs Denver Nuggets  Full Game Highlights | March 17, 2025 | FreeDawkins","https://www.youtube.com/watch?v=ukeXoG2RnSM","ukeXoG2RnSM","FreeDawkins",617,437116,5349,755.0
22400990,"Golden State Warriors vs Denver Nuggets Full Game Highlights - March 17, 2025 | NBA Regular Season","https://www.youtube.com/watch?v=qvpO8O0GZwk","qvpO8O0GZwk","GAMETIME HIGHLIGHTS",569,466117,4273,319.0
22400990,"Golden State Warriors vs Denver Nuggets Full Game Highlights | Mar 17 | 2025 NBA Season","https://www.youtube.com/watch?v=laNcZkz_8Qo","laNcZkz_8Qo","Hooper Highlights",592,9776,356,27.0
22400990,"Denver Nuggets vs Golden State Warriors - Full Game Highlights | March 17, 2025 NBA Season","https://www.youtube.com/watch?v=FYbzEWZA4lA","FYbzEWZA4lA","The CCB Network",503,20901,400,26.0
22401141,"New Orleans Pelicans vs Orlando Magic Full Game Highlights | Mar 13 | 2025 NBA Season","https://www.youtube.com/watch?v=BIDuwAO6Ot4","BIDuwAO6Ot4","Hooper Highlights",584,2180,96,""
22401141,"Orlando Magic vs New Orleans Pelicans Full Game Highlights - March 13, 2025 | NBA Regular Season","https://www.youtube.com/watch?v=lMnn-jirWd4","lMnn-jirWd4","GAMETIME HIGHLIGHTS",561,34728,750,7.0
22400953,"New York Knicks vs Portland Trail Blazers Full Game Highlights - March 12, 2025 | NBA Regular Season","https://www.youtube.com/watch?v=5rkDSAFNyI0","5rkDSAFNyI0","GAMETIME HIGHLIGHTS",578,75168,1379,94.0
22400964,"San Antonio Spurs vs Charlotte Hornets Full Game Highlights - March 14, 2025 | NBA Regular Season","https://www.youtube.com/watch?v=2qz36Fugiu8","2qz36Fugiu8","GAMETIME HIGHLIGHTS",563,41377,896,36
22400964,"San Antonio Spurs vs Charlotte Hornets Full Game Highlights | Mar 14 | 2025 NBA Season","https://www.youtube.com/watch?v=N4fjYaMcaI0","N4fjYaMcaI0","Hooper Highlights",593,2508,93,1
22400941,"Detroit Pistons vs Washington Wizards Full Game Highlights | Mar 11 | 2025 NBA Season","https://www.youtube.com/watch?v=t-I6wLQm5ZU","t-I6wLQm5ZU","Hooper Highlights",594,3405,134,1
22400937,"Dallas Mavericks vs San Antonio Spurs Full Game Highlights - March 10, 2025 | NBA Regular Season","https://www.youtube.com/watch?v=IdMYXu-rpbg","IdMYXu-rpbg","GAMETIME HIGHLIGHTS",550,75752,996,29
22400934,"Houston Rockets vs Orlando Magic Full Game Highlights - March 10, 2025 | NBA Regular Season","https://www.youtube.com/watch?v=WAVtbZYgBoI","WAVtbZYgBoI","GAMETIME HIGHLIGHTS",531,38392,865,29
22400970,"Houston Rockets vs Chicago Bulls Full Game Highlights - March 15, 2025 | NBA Regular Season","https://www.youtube.com/watch?v=oetVw4UOh7g","oetVw4UOh7g","GAMETIME HIGHLIGHTS",573,69272,1088,37
22400970,"Chicago Bulls vs Houston Rockets - Full Game Highlights | March 15, 2025 | 2024-25 NBA Season","https://www.youtube.com/watch?v=4ZLdrAu_Xtw","4ZLdrAu_Xtw","The CCB Network",633,8390,155,2
22400970,"Houston Rockets vs Chicago Bulls Full Game Highlights | Mar 15 | 2025 NBA Season","https://www.youtube.com/watch?v=4EPQv5ANEuY","4EPQv5ANEuY","Hooper Highlights",597,3024,127,2
22400970,"Chicago Bulls Team Highlights vs. Houston Rockets | March 15, 2025 | CHSN Chicago Bulls","https://www.youtube.com/watch?v=mk5DSYbPXj4","mk5DSYbPXj4","Chicago Sports Network",118,2546,25,4
22400956,"Brooklyn Nets vs Chicago Bulls Full Game Highlights | Mar 13 | 2025 NBA Season","https://www.youtube.com/watch?v=WTwadfyt7Yo","WTwadfyt7Yo","Hooper Highlights",597,1944,86,1
22400956,"Brooklyn Nets vs Chicago Bulls Full Game Highlights - March 13, 2025 | NBA Regular Season","https://www.youtube.com/watch?v=5ONLNhl252M","5ONLNhl252M","GAMETIME HIGHLIGHTS",577,50172,962,20
22400958,"Boston Celtics vs Miami Heat Full Game Highlights - March 14, 2025 | NBA Regular Season","https://www.youtube.com/watch?v=gbE_1ksllkc","gbE_1ksllkc","GAMETIME HIGHLIGHTS",563,114155,1439,50
22400958,"Boston Celtics vs Miami Heat - Full Game Highlights | March 14, 2025 | 2024-25 NBA Season","https://www.youtube.com/watch?v=uHGS2wLjGWc","uHGS2wLjGWc","The CCB Network",491,12404,236,3
22400958,"Boston Celtics vs Miami Heat Full Game Highlights | Mar 14 | 2025 NBA Season","https://www.youtube.com/watch?v=LjcNnxpetJc","LjcNnxpetJc","Hooper Highlights",590,4022,167,5
22400945,"Atlanta Hawks vs Charlotte Hornets Full Game Highlights - March 12, 2025 | NBA Regular Season","https://www.youtube.com/watch?v=7rJwuHKkdQc","7rJwuHKkdQc","GAMETIME HIGHLIGHTS",567,40368,869,27
22400945,"Charlotte Hornets vs Atlanta Hawks - Full Game Highlights | March 12, 2025 NBA Season","https://www.youtube.com/watch?v=RvSo5UiM_qQ","RvSo5UiM_qQ","The CCB Network",494,4461,112,5
22400952,"Minnesota Timberwolves vs Denver Nuggets Full Game Highlights - March 12, 2025 | NBA Regular Season","https://www.youtube.com/watch?v=NbacFetp1kw","NbacFetp1kw","GAMETIME HIGHLIGHTS",582,327007,2936,243
22400952,"Minnesota Timberwolves vs Denver Nuggets - Full Game Highlights | March 12, 2025 NBA Season","https://www.youtube.com/watch?v=B1Az_pj0xYE","B1Az_pj0xYE","The CCB Network",492,21958,371,30
22400954,"Detroit Pistons vs Washington Wizards Full Game Highlights | Mar 13 | 2025 NBA Season","https://www.youtube.com/watch?v=IbbtLtw-sjw","IbbtLtw-sjw","Hooper Highlights",593,2320,94,""
22400954,"Detroit Pistons vs Washington Wizards Full Game Highlights - March 13, 2025 | NBA Regular Season","https://www.youtube.com/watch?v=K1Dc0_YvkCQ","K1Dc0_YvkCQ","GAMETIME HIGHLIGHTS",579,36808,846,24.0
22400974,"Golden State Warriors vs New York Knicks Full Game Highlights - March 15, 2025 | NBA Regular Season","https://www.youtube.com/watch?v=0slAOBUhzK8","0slAOBUhzK8","GAMETIME HIGHLIGHTS",570,445345,4362,139.0
22400974,"Golden State Warriors vs New York Knicks Full Game Highlights | Mar 15 | 2025 NBA Season","https://www.youtube.com/watch?v=kstCdFEx2iE","kstCdFEx2iE","Hooper Highlights",591,10285,372,16.0
22400974,"Golden State Warriors Full Team Highlights vs Knicks | March 15, 2025 | FreeDawkins","https://www.youtube.com/watch?v=1nfEO4ZfFZA","1nfEO4ZfFZA","FreeDawkins",580,757299,13112,574.0
22400974,"New York Knicks vs Golden State Warriors - Full Game Highlights | March 15, 2025 NBA Season","https://www.youtube.com/watch?v=rZM1DlJG4-0","rZM1DlJG4-0","The CCB Network",514,20595,438,20.0
22400950,"Memphis Grizzlies vs Utah Jazz Full Game Highlights - March 12, 2025 | NBA Regular Season","https://www.youtube.com/watch?v=o2LKh_w7Tro","o2LKh_w7Tro","GAMETIME HIGHLIGHTS",539,45452,1014,13.0
22400950,"Utah Jazz vs Memphis Grizzlies - Full Game Highlights | March 12, 2025 NBA Season","https://www.youtube.com/watch?v=xRM2BL6Ir1Q","xRM2BL6Ir1Q","The CCB Network",511,6832,185,3.0
22400948,"Los Angeles Clippers vs Miami Heat Full Game Highlights - March 12, 2025 | NBA Regular Season","https://www.youtube.com/watch?v=2uaVhlpenGc","2uaVhlpenGc","GAMETIME HIGHLIGHTS",572,123552,1284,50
22400948,"Los Angeles Clippers vs Miami Heat - Full Game Highlights | March 12, 2025 | 2024-25 NBA Season","https://www.youtube.com/watch?v=OxGd4iXjC0Y","OxGd4iXjC0Y","The CCB Network",488,8554,187,7
22400949,"Phoenix Suns vs Houston Rockets Full Game Highlights - March 12, 2025 | NBA Regular Season","https://www.youtube.com/watch?v=f3RZixr_uWI","f3RZixr_uWI","GAMETIME HIGHLIGHTS",563,149140,1579,114
22400949,"Phoenix Suns vs Houston Rockets - Full Game Highlights | March 12, 2025 NBA Season","https://www.youtube.com/watch?v=s0ZiVQjvOGo","s0ZiVQjvOGo","The CCB Network",496,12491,234,6
22400962,"Cleveland Cavaliers vs Memphis Grizzlies Full Game Highlights | Mar 14 | 2025 NBA Season","https://www.youtube.com/watch?v=Qxku62mcOgA","Qxku62mcOgA","Hooper Highlights",586,5314,183,1
22400962,"Cleveland Cavaliers vs Memphis Grizzlies - Full Game Highlights | March 14, 2025 NBA Season","https://www.youtube.com/watch?v=DCYhW4IT2r8","DCYhW4IT2r8","The CCB Network",509,11693,241,19
22400962,"Cleveland Cavaliers vs Memphis Grizzlies Full Game Highlights - March 14, 2025 | NBA Regular Season","https://www.youtube.com/watch?v=5E477j-BLDM","5E477j-BLDM","GAMETIME HIGHLIGHTS",541,171783,1868,76
22400928,"Atlanta Hawks vs Philadelphia 76ers Full Game Highlights | Mar 10 | 2025 NBA Season","https://www.youtube.com/watch?v=JJGL25hPtP0","JJGL25hPtP0","Hooper Highlights",589,2938,113,3
22400939,"New York Knicks vs Sacramento Kings Full Game Highlights - March 10, 2025 | NBA Regular Season","https://www.youtube.com/watch?v=KGFvgcJKI30","KGFvgcJKI30","GAMETIME HIGHLIGHTS",578,68946,1066,33
22400946,"Boston Celtics vs Oklahoma City Thunder Full Game Highlights - March 12, 2025 | NBA Regular Season","https://www.youtube.com/watch?v=x8y9ff3fbfY","x8y9ff3fbfY","GAMETIME HIGHLIGHTS",577,732691,6509,471
22400946,"Oklahoma City Thunder vs Boston Celtics - Full Game Highlights | March 12, 2025 NBA Season","https://www.youtube.com/watch?v=N5o2cYPlcU0","N5o2cYPlcU0","The CCB Network",508,29638,599,65
22400929,"Boston Celtics vs Utah Jazz Full Game Highlights | Mar 10 | 2025 NBA Season","https://www.youtube.com/watch?v=lu20pa2A5UE","lu20pa2A5UE","Hooper Highlights",588,3948,173,3
22400955,"Los Angeles Lakers vs Milwaukee Bucks Full Game Highlights - March 13, 2025 | NBA Regular Season","https://www.youtube.com/watch?v=1eplJtH6G5E","1eplJtH6G5E","GAMETIME HIGHLIGHTS",551,898160,6836,653
22400955,"Los Angeles Lakers vs Milwaukee Bucks - Full Game Highlights | March 13, 2025 NBA Season","https://www.youtube.com/watch?v=dgFfBt3BgvE","dgFfBt3BgvE","The CCB Network",507,34776,558,24
22400955,"Los Angeles Lakers Full Team Highlights vs Bucks | March 13, 2025 | FreeDawkins","https://www.youtube.com/watch?v=Fk6HsnrSc0c","Fk6HsnrSc0c","FreeDawkins",519,246210,3136,285
22400940,"Cleveland Cavaliers vs Brooklyn Nets Full Game Highlights | Mar 11 | 2025 NBA Season","https://www.youtube.com/watch?v=9A77fBCFEwM","9A77fBCFEwM","Hooper Highlights",595,4958,189,4
22400940,"Cleveland Cavaliers vs Brooklyn Nets Full Game Highlights - March 11, 2025 | NBA Regular Season","https://www.youtube.com/watch?v=6l0x_Lc9x_4","6l0x_Lc9x_4","GAMETIME HIGHLIGHTS",575,100156,1301,52
22400943,"LA Clippers vs New Orleans Pelicans Full Game Highlights | Mar 11 | 2025 NBA Season","https://www.youtube.com/watch?v=jGIlw5-kmVo","jGIlw5-kmVo","Hooper Highlights",594,7069,207,5
22400943,"Los Angeles Clippers vs New Orleans Pelicans - Full Game Highlights | March 11, 2025 NBA Season","https://www.youtube.com/watch?v=Mfm-Z7n9FsA","Mfm-Z7n9FsA","The CCB Network",514,19023,299,9
22400947,"Philadelphia 76ers vs Toronto Raptors Full Game Highlights - March 12, 2025 | NBA Regular Season","https://www.youtube.com/watch?v=GmDXqfAZhTs","GmDXqfAZhTs","GAMETIME HIGHLIGHTS",560,21137,728,13
22400947,"Toronto Raptors vs Philadelphia 76ers - Full Team Highlights | March 12, 2025","https://www.youtube.com/watch?v=MLIIvUkzwOg","MLIIvUkzwOg","Raptors Nation",563,3996,110,15
22400933,"Chicago Bulls vs Indiana Pacers Full Game Highlights - March 10, 2025 | NBA Regular Season","https://www.youtube.com/watch?v=gxosisjPOro","gxosisjPOro","GAMETIME HIGHLIGHTS",570,35481,806,20.0
22400933,"Indiana Pacers vs Chicago Bulls Full Game Highlights | Mar 10 | 2025 NBA Season","https://www.youtube.com/watch?v=dKZniRWrquM","dKZniRWrquM","Hooper Highlights",593,2631,115,""
22400936,"Denver Nuggets vs Oklahoma City Thunder Full Game Highlights - March 10, 2025 | NBA Regular Season","https://www.youtube.com/watch?v=RHfGpOaeCQE","RHfGpOaeCQE","GAMETIME HIGHLIGHTS",581,510277,5456,807.0
22400936,"Denver Nuggets vs Oklahoma City Thunder - Full Game Highlights | March 10, 2025 NBA Season","https://www.youtube.com/watch?v=ZtFmnrU8PJA","ZtFmnrU8PJA","The CCB Network",503,22750,427,40.0
22400927,"Los Angeles Clippers vs Sacramento Kings Full Game Highlights - March 9, 2025 | NBA Regular Season","https://www.youtube.com/watch?v=R-ZbLo2ZhWk","R-ZbLo2ZhWk","GAMETIME HIGHLIGHTS",555,181367,2315,128
22400942,"Milwaukee Bucks vs Indiana Pacers Full Game Highlights - March 11, 2025 | NBA Regular Season","https://www.youtube.com/watch?v=hcjsfYIolK0","hcjsfYIolK0","GAMETIME HIGHLIGHTS",550,202916,2325,129
22400942,"Milwaukee Bucks vs Indiana Pacers - Full Game Highlights | March 11, 2025 NBA Season","https://www.youtube.com/watch?v=aT4E-EkxnBw","aT4E-EkxnBw","The CCB Network",521,11219,255,16
22400932,"Washington Wizards vs Toronto Raptors Full Game Highlights - March 10, 2025 | NBA Regular Season","https://www.youtube.com/watch?v=uk9eKlq8Tyc","uk9eKlq8Tyc","GAMETIME HIGHLIGHTS",536,10359,626,8
22400932,"Toronto Raptors vs Washington Wizards - Full Team Highlights | March 10, 2025","https://www.youtube.com/watch?v=w-sb8Le1E3s","w-sb8Le1E3s","Raptors Nation",580,6004,111,8
2022400398,"Mac McClung Drops 35 & 11 In Easy Win (03/09/25) Magic Vs Swarm (35 pts 11 asts 6 rebs)","https://www.youtube.com/watch?v=drGaEcjX9o8","drGaEcjX9o8","Mac McClung Mixtapes",305,7185,183,107
22400935,"Phoenix Suns vs Memphis Grizzlies Full Game Highlights - March 10, 2025 | NBA Regular Season","https://www.youtube.com/watch?v=jUdivVR-o-I","jUdivVR-o-I","GAMETIME HIGHLIGHTS",580,190310,1983,102
22400935,"Phoenix Suns vs Memphis Grizzlies - Full Game Highlights | March 10, 2025 NBA Season","https://www.youtube.com/watch?v=i7UPlx_q6kY","i7UPlx_q6kY","The CCB Network",515,15513,301,11
22400926,"Detroit Pistons vs Portland Trail Blazers Full Game Highlights - March 9, 2025 | NBA Regular Season","https://www.youtube.com/watch?v=F2aSGYJCkrc","F2aSGYJCkrc","GAMETIME HIGHLIGHTS",567,22117,699,10
22400917,"Milwaukee Bucks vs Orlando Magic Full Game Highlights - March 8, 2025 | NBA Regular Season","https://www.youtube.com/watch?v=Cz-yYcV8-aY","Cz-yYcV8-aY","GAMETIME HIGHLIGHTS",581,126667,1356,87
22400931,"Miami Heat vs Charlotte Hornets Full Game Highlights - March 10, 2025 | NBA Regular Season","https://www.youtube.com/watch?v=dyNmZIp6nUY","dyNmZIp6nUY","GAMETIME HIGHLIGHTS",571,26619,728,34
22400931,"Charlotte Hornets vs Miami Heat - Full Game Highlights | March 10, 2025 NBA Season","https://www.youtube.com/watch?v=jxp51BGnqm4","jxp51BGnqm4","The CCB Network",503,4559,93,4
22400938,"Golden State Warriors vs Portland Trail Blazers Full Game Highlights - March 10 | NBA Regular Season","https://www.youtube.com/watch?v=fEjWMKwCqtE","fEjWMKwCqtE","GAMETIME HIGHLIGHTS",570,350103,3706,111
22400938,"Golden State Warriors Full Team Highlights vs Blazers | March 10, 2025 | FreeDawkins","https://www.youtube.com/watch?v=jdMezy11W-4","jdMezy11W-4","FreeDawkins",598,770818,12871,456
22400930,"Los Angeles Lakers vs Brooklyn Nets Full Game Highlights - March 10, 2025 | NBA Regular Season","https://www.youtube.com/watch?v=Bj7F3GzBG4s","Bj7F3GzBG4s","GAMETIME HIGHLIGHTS",585,688420,4882,556
22400930,"Los Angeles Lakers vs Brooklyn Nets - Full Game Highlights | March 10, 2025 NBA Season","https://www.youtube.com/watch?v=SumHN8uNOfA","SumHN8uNOfA","The CCB Network",519,18221,352,13
2022400393,"South Bay Lakers vs Motor City Cruise | Lakers Highlights | March 8, 2025","https://www.youtube.com/watch?v=zjdfeW_kAGs","zjdfeW_kAGs","LakeShow Highlights",544,14924,267,18
22400957,"Golden State Warriors Full Team Highlights vs Kings | March 13, 2025 | FreeDawkins","https://www.youtube.com/watch?v=Bo6_aqC0YDM","Bo6_aqC0YDM","FreeDawkins",609,789509,13436,789.0
22400957,"Golden State Warriors vs Sacramento Kings Full Game Highlights - March 13, 2025 | NBA Regular Season","https://www.youtube.com/watch?v=hC3I6k0Egf8","hC3I6k0Egf8","GAMETIME HIGHLIGHTS",579,387236,3889,108.0
22400957,"Golden State Warriors vs Sacramento Kings Full Game Highlights | Mar 13 | 2025 NBA Season","https://www.youtube.com/watch?v=LYgda7OWW4U","LYgda7OWW4U","Hooper Highlights",598,6624,300,10.0
22400957,"Sacramento Kings vs Golden State Warriors - Full Game Highlights | March 13, 2025 NBA Season","https://www.youtube.com/watch?v=Eq8yKoIHcbo","Eq8yKoIHcbo","The CCB Network",488,27465,517,17.0
22400925,"Minnesota Timberwolves vs San Antonio Spurs Full Game Highlights - March 9, 2025| NBA Regular Season","https://www.youtube.com/watch?v=z8x5-MVVoCw","z8x5-MVVoCw","GAMETIME HIGHLIGHTS",580,100726,1343,21.0
22400925,"Minnesota Timberwolves vs San Antonio Spurs Game 2nd Highlights Mar 09,2025 NBA Season 2024-25","https://www.youtube.com/watch?v=xAk-j2j8bsA","xAk-j2j8bsA","NipB RE",676,1252,4,""
22400920,"Oklahoma City Thunder vs Denver Nuggets Full Game Highlights - March 9, 2025 | NBA Regular Season","https://www.youtube.com/watch?v=ezt5ri1woHs","ezt5ri1woHs","GAMETIME HIGHLIGHTS",579,536248,4510,800
22400920,"Oklahoma City Thunder vs Denver Nuggets Full Game Highlights | Mar 9 | 2025 NBA Season","https://www.youtube.com/watch?v=dvUOR1I-omo","dvUOR1I-omo","Hooper Highlights",597,8357,305,16
22400924,"Philadelphia 76ers vs Utah Jazz Full Game Highlights - March 9, 2025 | NBA Regular Season","https://www.youtube.com/watch?v=p0TlYybdrks","p0TlYybdrks","GAMETIME HIGHLIGHTS",565,19672,656,8
22400924,"Utah Jazz vs Philadelphia 76ers - Full Game Highlights | March 9, 2025 NBA Season","https://www.youtube.com/watch?v=kfR7cxujzbM","kfR7cxujzbM","The CCB Network",615,5312,108,3
22400921,"Phoenix Suns vs Dallas Mavericks Full Game Highlights | Mar 9 | 2025 NBA Season","https://www.youtube.com/watch?v=epEgOhjZBIU","epEgOhjZBIU","Hooper Highlights",596,4271,157,3
22400921,"Phoenix Suns vs Dallas Mavericks - Full Game Highlights | March 9, 2025 | 2024-25 NBA Regular Season","https://www.youtube.com/watch?v=iWZyVEJVVYg","iWZyVEJVVYg","The CCB Network",516,8670,145,9
22400912,"Brooklyn Nets vs Charlotte Hornets Full Game Highlights | Mar 8 | 2025 NBA Season","https://www.youtube.com/watch?v=RspjIOzwSHY","RspjIOzwSHY","Hooper Highlights",594,2545,104,4.0
22400912,"Charlotte Hornets vs Brooklyn Nets Full Game Highlights - March 8, 2025 | NBA Regular Season","https://www.youtube.com/watch?v=QC6iErVIY3Q","QC6iErVIY3Q","GAMETIME HIGHLIGHTS",563,29187,721,25.0
22400899,"Indiana Pacers vs Atlanta Hawks Full Game Highlights | Mar 6 | 2025 NBA Season","https://www.youtube.com/watch?v=XEwFmRiPXw4","XEwFmRiPXw4","Hooper Highlights",597,3613,143,4.0
22400914,"Atlanta Hawks vs Indiana Pacers Full Game Highlights - March 8, 2025 | NBA Regular Season","https://www.youtube.com/watch?v=KHDlh0eTpvQ","KHDlh0eTpvQ","GAMETIME HIGHLIGHTS",577,41313,789,23.0
22400914,"Indiana Pacers vs Atlanta Hawks Full Game Highlights | Mar 8 | 2025 NBA Season","https://www.youtube.com/watch?v=fKlo_UhWazU","fKlo_UhWazU","Hooper Highlights",595,3157,133,""
22400923,"Memphis Grizzlies vs New Orleans Pelicans Full Game Highlights - March 9, 2025 | NBA Regular Season","https://www.youtube.com/watch?v=FCZZAt26Ies","FCZZAt26Ies","GAMETIME HIGHLIGHTS",560,62054,1072,33
22400923,"Memphis Grizzlies vs New Orleans Pelicans Full Game Highlights | Mar 9 | 2025 NBA Season","https://www.youtube.com/watch?v=VKwJYFnpls8","VKwJYFnpls8","Hooper Highlights",582,3995,158,1
2022400380,"South Bay Lakers vs Memphis Hustle | Lakers Highlights | March 6, 2025","https://www.youtube.com/watch?v=mynu1kJVSUk","mynu1kJVSUk","LakeShow Highlights",526,18864,339,18
22400916,"Miami Heat vs Chicago Bulls Full Game Highlights - March 8, 2025 | NBA Regular Season","https://www.youtube.com/watch?v=CCdNI2t4mHg","CCdNI2t4mHg","GAMETIME HIGHLIGHTS",578,65772,1077,62.0
22400916,"Chicago Bulls Vs Miami Heat Game 3rd Highlights Mar 8,2025 NBA Season 2024-25","https://www.youtube.com/watch?v=Ww-mpS31cug","Ww-mpS31cug","NipB RE",665,1045,4,""
2022400382,"Valley Suns Player Highlights: Jalen Bridges | 03-6-25","https://www.youtube.com/watch?v=4-fyD_4BpFg","4-fyD_4BpFg","Valley Suns",126,1649,12,""
22400918,"Los Angeles Lakers vs Boston Celtics Full Game Highlights - March 8, 2025 | NBA Regular Season","https://www.youtube.com/watch?v=7EO9eFrId-Q","7EO9eFrId-Q","GAMETIME HIGHLIGHTS",557,1399982,11884,1000.0
22400918,"Los Angeles Lakers Full Team Highlights vs Celtics| March 8, 2025 | FreeDawkins","https://www.youtube.com/watch?v=Amb8JzIJvFQ","Amb8JzIJvFQ","FreeDawkins",571,436168,5280,637.0
22400913,"Houston Rockets vs New Orleans Pelicans Full Game Highlights - March 8, 2025 | NBA Regular Season","https://www.youtube.com/watch?v=emzJDaNrS2I","emzJDaNrS2I","GAMETIME HIGHLIGHTS",576,48263,877,37
22400913,"New Orleans Pelicans vs Houston Rockets - Full Game Highlights | March 8, 2025 NBA Season","https://www.youtube.com/watch?v=6au_-Z370uA","6au_-Z370uA","The CCB Network",619,7398,135,6
22400909,"Denver Nuggets vs Phoenix Suns Full Game Highlights - March 7, 2025 | NBA Regular Season","https://www.youtube.com/watch?v=FeQQ6kqVYac","FeQQ6kqVYac","GAMETIME HIGHLIGHTS",535,420810,4031,352
22400909,"Denver Nuggets vs Phoenix Suns Full Game Highlights | Mar 7 | 2025 NBA Season","https://www.youtube.com/watch?v=9eM9E-EIUgk","9eM9E-EIUgk","Hooper Highlights",592,13290,466,43
22400922,"Cleveland Cavaliers vs Milwaukee Bucks Full Game Highlights - March 9, 2025 | 2024-25 NBA Season","https://www.youtube.com/watch?v=XjgxuDzAxrk","XjgxuDzAxrk","GAMETIME HIGHLIGHTS",571,336051,3076,158
22400922,"Cleveland Cavaliers vs Milwaukee Bucks - Full Game Highlights | March 9, 2025 NBA Season","https://www.youtube.com/watch?v=dwD4OAgLCk0","dwD4OAgLCk0","The CCB Network",520,15039,289,16
22400922,"Cleveland Cavaliers vs Milwaukee Bucks Full Game Highlights | Mar 9 | 2025 NBA Season","https://www.youtube.com/watch?v=JVUdpV8nto8","JVUdpV8nto8","Hooper Highlights",596,7444,239,9
22400910,"Sacramento Kings vs San Antonio Spurs Full Game Highlights - March 7, 2025 | NBA Regular Season","https://www.youtube.com/watch?v=2jucvxoqzDQ","2jucvxoqzDQ","GAMETIME HIGHLIGHTS",544,62437,991,58
22400910,"Sacramento Kings vs San Antonio Spurs Full Game Highlights | Mar 7 | 2025 NBA Season","https://www.youtube.com/watch?v=4vugaipWymc","4vugaipWymc","Hooper Highlights",535,4223,141,7
22400907,"Minnesota Timberwolves vs Miami Heat Full Game Highlights - March 7, 2025 | NBA Regular Season","https://www.youtube.com/watch?v=1wBAx8k_7bM","1wBAx8k_7bM","GAMETIME HIGHLIGHTS",545,146160,1550,52
22400907,"Minnesota Timberwolves vs Miami Heat Full Game Highlights | Mar 7 | 2025 NBA Season","https://www.youtube.com/watch?v=qYaEU7ZKXh8","qYaEU7ZKXh8","Hooper Highlights",596,4946,170,3
22400893,"Cleveland Cavaliers vs Miami Heat Full Game Highlights | Mar 5 | 2025 NBA Season","https://www.youtube.com/watch?v=FosftphO1IY","FosftphO1IY","Hooper Highlights",547,4350,170,4
22400905,"Toronto Raptors vs Utah Jazz Full Game Highlights - March 7, 2025 | NBA Regular Season","https://www.youtube.com/watch?v=8dbTvwuB3zo","8dbTvwuB3zo","GAMETIME HIGHLIGHTS",562,15811,611,16
22400905,"Utah Jazz vs Toronto Raptors Full Game Highlights | Mar 7 | 2025 NBA Season","https://www.youtube.com/watch?v=rhPgFkRaMNU","rhPgFkRaMNU","Hooper Highlights",589,1676,74,2
22400896,"Denver Nuggets vs Sacramento Kings Full Game Highlights - March 5, 2025 | NBA Regular Season","https://www.youtube.com/watch?v=usLKDQCdgmg","usLKDQCdgmg","GAMETIME HIGHLIGHTS",582,269535,2128,178
22400898,"Los Angeles Clippers vs Detroit Pistons Full Game Highlights - March 5, 2025 | NBA Regular Season","https://www.youtube.com/watch?v=9LKi_0abhd8","9LKi_0abhd8","GAMETIME HIGHLIGHTS",576,128864,1773,76
22400897,"Dallas Mavericks vs Milwaukee Bucks - Full Game Highlights | March 5, 2025 NBA Season","https://www.youtube.com/watch?v=Af2m59JhhyI","Af2m59JhhyI","The CCB Network",505,12001,221,15
22400888,"San Antonio Spurs vs Brooklyn Nets Full Game Highlights - March 4, 2025 | NBA Regular Season","https://www.youtube.com/watch?v=nZaEDrQ8EJ8","nZaEDrQ8EJ8","GAMETIME HIGHLIGHTS",574,71985,1015,15
22400908,"Oklahoma City Thunder vs Portland Trail Blazers Full Game Highlights - March 7, 2025 |Regular Season","https://www.youtube.com/watch?v=lxnr9agq9h4","lxnr9agq9h4","GAMETIME HIGHLIGHTS",544,51090,936,37
22400908,"Oklahoma City Thunder vs Portland Trail Blazers Full Game Highlights | Mar 7 | 2025 NBA Season","https://www.youtube.com/watch?v=4-B-SssA2nk","4-B-SssA2nk","Hooper Highlights",592,3774,137,12
22400919,"Golden State Warriors vs Detroit Pistons Full Game Highlights - March 8, 2025 | NBA Regular Season","https://www.youtube.com/watch?v=r7PZKHkjxyc","r7PZKHkjxyc","GAMETIME HIGHLIGHTS",563,435376,5168,230
22400919,"Golden State Warriors Full Team Highlights vs Pistons | March 8, 2025 | FreeDawkins","https://www.youtube.com/watch?v=_5P15NLJhA8","_5P15NLJhA8","FreeDawkins",608,810251,14169,862
22400919,"Detroit Pistons vs Golden State Warriors - Full Game Highlights | March 8, 2025 NBA Season","https://www.youtube.com/watch?v=dnzrRveZdHU","dnzrRveZdHU","The CCB Network",514,27528,556,26
22400902,"Houston Rockets vs New Orleans Pelicans Full Game Highlights | Mar 6 | 2025 NBA Season","https://www.youtube.com/watch?v=0QolJqkDNg8","0QolJqkDNg8","Hooper Highlights",575,4092,153,1
22400902,"Houston Rockets vs New Orleans Pelicans Full Game Highlights - March 6, 2025 | NBA Regular Season","https://www.youtube.com/watch?v=U936MmbH7CQ","U936MmbH7CQ","GAMETIME HIGHLIGHTS",551,64867,532,21
22400915,"Toronto Raptors vs Washington Wizards Full Game Highlights | Mar 8 | 2025 NBA Season","https://www.youtube.com/watch?v=snzC8iq4ZAk","snzC8iq4ZAk","Hooper Highlights",588,2257,102,4
22400915,"Toronto Raptors vs Washington Wizards - Full Team Highlights | March 8, 2025","https://www.youtube.com/watch?v=HHggj5jVOy4","HHggj5jVOy4","Raptors Nation",582,3626,65,10
22400915,"Washington Wizards vs Toronto Raptors Full Game Highlights - March 8, 2025 | NBA Regular Season","https://www.youtube.com/watch?v=L92QQyTOPrE","L92QQyTOPrE","GAMETIME HIGHLIGHTS",561,18080,656,17
22400889,"Los Angeles Clippers vs Phoenix Suns Full Game Highlights - March 4, 2025 | NBA Regular Season","https://www.youtube.com/watch?v=QeSKc5pEf5s","QeSKc5pEf5s","GAMETIME HIGHLIGHTS",559,229703,2305,111
22400886,"Cleveland Cavaliers vs Chicago Bulls Full Game Highlights - March 4, 2025 | NBA Regular Season","https://www.youtube.com/watch?v=fpC14dA7HfM","fpC14dA7HfM","GAMETIME HIGHLIGHTS",582,78689,1197,47
22400887,"Minnesota Timberwolves vs Philadelphia 76ers Full Game Highlights | Mar 4 | 2025 NBA Season","https://www.youtube.com/watch?v=tnvszcVD3lM","tnvszcVD3lM","Hooper Highlights",596,2818,114,3
22400895,"Oklahoma City Thunder vs Memphis Grizzlies Full Game Highlights - March 5, 2025 | NBA Regular Season","https://www.youtube.com/watch?v=Vv6hC8VCrtw","Vv6hC8VCrtw","GAMETIME HIGHLIGHTS",573,215866,2148,80
22400895,"Oklahoma City Thunder vs Memphis Grizzlies - Full Game Highlights | March 5, 2025 NBA Season","https://www.youtube.com/watch?v=u5I9IM6Ssm0","u5I9IM6Ssm0","The CCB Network",515,19933,314,10
22400894,"Utah Jazz vs Washington Wizards - Full Game Highlights | March 5, 2025 NBA Season","https://www.youtube.com/watch?v=hJfB0XMzQZQ","hJfB0XMzQZQ","The CCB Network",617,2663,60,3
22400894,"Utah Jazz vs Washington Wizards Full Game Highlights - March 5, 2025 | NBA Regular Season","https://www.youtube.com/watch?v=P5TbDH862i4","P5TbDH862i4","GAMETIME HIGHLIGHTS",535,14434,607,11
22400911,"LA Clippers vs New York Knicks Full Game Highlights | Mar 7 | 2025 NBA Season","https://www.youtube.com/watch?v=dpqIhXQgfxc","dpqIhXQgfxc","Hooper Highlights",595,7035,235,9
22400911,"New York Knicks vs Los Angeles Clippers Full Game Highlights - March 7, 2025 | NBA Regular Season","https://www.youtube.com/watch?v=dsXt8S93zbo","dsXt8S93zbo","GAMETIME HIGHLIGHTS",556,150549,1650,68
22400911,"Los Angeles Clippers Vs New York Knicks Game 4th Highlights Mar 07,2025 NBA Season 2024-25","https://www.youtube.com/watch?v=go6SGtMA5-A","go6SGtMA5-A","Hoạt Hình LTG",666,1863,11,1
22400881,"Utah Jazz vs Detroit Pistons Full Game Highlights - March 3, 2025 | NBA Regular Season","https://www.youtube.com/watch?v=nBwtdJjm8Go","nBwtdJjm8Go","GAMETIME HIGHLIGHTS",557,28221,785,27
22400906,"Dallas Mavericks vs Memphis Grizzlies Full Game Highlights | Mar 7 | 2025 NBA Season","https://www.youtube.com/watch?v=patQE97G7RI","patQE97G7RI","Hooper Highlights",599,5171,173,3
22400906,"Memphis Grizzlies vs Dallas Mavericks Full Game Highlights - March 7, 2025 | NBA Regular Season","https://www.youtube.com/watch?v=D1FGQHRWgTs","D1FGQHRWgTs","GAMETIME HIGHLIGHTS",544,224087,1874,136
22400906,"Memphis Grizzlies vs Dallas Mavericks - Full Game Highlights | March 7, 2025 NBA Season","https://www.youtube.com/watch?v=oFBH-gv3wv4","oFBH-gv3wv4","The CCB Network",507,15458,227,14
22400891,"Boston Celtics vs Portland Trail Blazers Full Game Highlights - March 5, 2025 | NBA Regular Season","https://www.youtube.com/watch?v=hKNXSBPqwHE","hKNXSBPqwHE","GAMETIME HIGHLIGHTS",582,124931,1644,91
22400891,"Boston Celtics vs Portland Trail Blazers Full Game Highlights | Mar 5 | 2025 NBA Season","https://www.youtube.com/watch?v=ajXybuqU4FE","ajXybuqU4FE","Hooper Highlights",596,4761,198,9
22400904,"Cleveland Cavaliers vs Charlotte Hornets Full Game Highlights | Mar 7 | 2025 NBA Season","https://www.youtube.com/watch?v=yvJq_Xw-0Cg","yvJq_Xw-0Cg","Hooper Highlights",589,4185,183,6
22400904,"Cleveland Cavaliers vs Charlotte Hornets Full Game Highlights - March 7, 2025 | NBA Regular Season","https://www.youtube.com/watch?v=0pLnAWDTxR4","0pLnAWDTxR4","GAMETIME HIGHLIGHTS",547,86500,1374,76
22400904,"Cleveland Cavaliers vs Charlotte Hornets - Full Game Highlights | March 7, 2025 NBA Season","https://www.youtube.com/watch?v=9JT0XOiRf-0","9JT0XOiRf-0","The CCB Network",522,12835,232,9
22400880,"Dallas Mavericks vs Sacramento Kings Full Game Highlights - March 3, 2025 | NBA Regular Season","https://www.youtube.com/watch?v=Mvd1XCsVOqE","Mvd1XCsVOqE","GAMETIME HIGHLIGHTS",568,182973,1828,152
22400884,"Milwaukee Bucks vs Atlanta Hawks Full Game Highlights - March 4, 2025 | NBA Regular Season","https://www.youtube.com/watch?v=lHw26FYaxzw","lHw26FYaxzw","GAMETIME HIGHLIGHTS",537,127697,1658,44
22400884,"Milwaukee Bucks vs Atlanta Hawks - Full Game Highlights | March 4, 2025 NBA Season","https://www.youtube.com/watch?v=SgcrsVszg3o","SgcrsVszg3o","The CCB Network",516,13735,233,3
22400872,"Utah Jazz vs New Orleans Pelicans Full Game Highlights - March 2, 2025 | NBA Regular Season","https://www.youtube.com/watch?v=4r0VUzpx7n4","4r0VUzpx7n4","GAMETIME HIGHLIGHTS",584,25405,706,7
22400903,"Los Angeles Lakers vs New York Knicks Full Game Highlights - March 6, 2025 | NBA Regular Season","https://www.youtube.com/watch?v=dSxPt7Fd81o","dSxPt7Fd81o","GAMETIME HIGHLIGHTS",571,794396,8331,452
22400903,"Los Angeles Lakers Full Team Highlights vs Knicks | March  6, 2025 | FreeDawkins","https://www.youtube.com/watch?v=i6Cvpdap8Bw","i6Cvpdap8Bw","FreeDawkins",615,892444,12775,996
22400903,"New York Knicks vs Los Angeles Lakers - Full Game Highlights | March 6, 2025 | 2024-25 NBA Season","https://www.youtube.com/watch?v=JpjaFzaPK4Y","JpjaFzaPK4Y","The CCB Network",508,73450,1072,55
22400883,"Toronto Raptors vs Orlando Magic Full Game Highlights - March 4, 2025 | NBA Regular Season","https://www.youtube.com/watch?v=ogZk31J8Sbs","ogZk31J8Sbs","GAMETIME HIGHLIGHTS",569,25496,695,12
22400883,"Toronto Raptors vs Orlando Magic - Full Team Highlights | March 4, 2025","https://www.youtube.com/watch?v=g_hq3Jk1TEU","g_hq3Jk1TEU","Raptors Nation",583,7125,123,19
22400900,"Boston Celtics vs Philadelphia 76ers Full Game Highlights - March 6, 2025 | NBA Regular Season","https://www.youtube.com/watch?v=FI7vzvAt4LE","FI7vzvAt4LE","GAMETIME HIGHLIGHTS",546,123294,1551,39
22400900,"Boston Celtics vs Philadelphia 76ers Full Game Highlights | Mar 6 | 2025 NBA Season","https://www.youtube.com/watch?v=ZHgDAQvF8Ag","ZHgDAQvF8Ag","Hooper Highlights",597,5413,208,8
22400900,"Philadelphia 76ers vs Boston Celtics - Full Game Highlights | March 6, 2025 NBA Season","https://www.youtube.com/watch?v=muTvLhulps8","muTvLhulps8","The CCB Network",501,17466,265,12
22400901,"Golden State Warriors vs Brooklyn Nets Full Game Highlights - March 6, 2025 | NBA Regular Season","https://www.youtube.com/watch?v=GubvfgQ0vSE","GubvfgQ0vSE","GAMETIME HIGHLIGHTS",579,609801,5763,264
22400901,"Golden State Warriors Full Team Highlights vs Nets | March 6, 2025 | FreeDawkins","https://www.youtube.com/watch?v=NeNFGifLk_o","NeNFGifLk_o","FreeDawkins",617,792734,13997,796
22400901,"Golden State Warriors vs Brooklyn Nets - Full Game Highlights | March 6, 2025 NBA Season","https://www.youtube.com/watch?v=L7AkFNNus20","L7AkFNNus20","The CCB Network",516,29917,539,19
22400882,"Indiana Pacers vs Houston Rockets Full Game Highlights - March 4, 2025 | NBA Regular Season","https://www.youtube.com/watch?v=Nngm75DuXJ8","Nngm75DuXJ8","GAMETIME HIGHLIGHTS",546,40240,876,24
22400882,"Houston Rockets vs Indiana Pacers - Full Game Highlights | March 4, 2025 NBA Season","https://www.youtube.com/watch?v=BUmU9voCSgo","BUmU9voCSgo","The CCB Network",629,7988,140,3
22400866,"Boston Celtics vs Denver Nuggets Full Game Highlights - March 2, 2025 | NBA Regular Season","https://www.youtube.com/watch?v=ANo1mS1lV48","ANo1mS1lV48","GAMETIME HIGHLIGHTS",580,542269,4363,455
22400890,"Los Angeles Lakers vs New Orleans Pelicans Full Game Highlights - March 4 | NBA Regular Season","https://www.youtube.com/watch?v=O-7BmyLN9dA","O-7BmyLN9dA","GAMETIME HIGHLIGHTS",580,1170138,14287,867
22400890,"New Orleans Pelicans vs Los Angeles Lakers - Full Game Highlights | March 4, 2025 NBA Season","https://www.youtube.com/watch?v=PGxRfyof3Lg","PGxRfyof3Lg","The CCB Network",515,29772,623,41
22400874,"Los Angeles Lakers vs Los Angeles Clippers Full Game Highlights - March 2, 2025 | NBA Regular Season","https://www.youtube.com/watch?v=aFl6p4jIwv4","aFl6p4jIwv4","GAMETIME HIGHLIGHTS",532,952618,8790,655
22400865,"Milwaukee Bucks vs Dallas Mavericks Full Game Highlights - March 1, 2025 | NBA Regular Season","https://www.youtube.com/watch?v=L44_bro2joI","L44_bro2joI","GAMETIME HIGHLIGHTS",575,435054,3687,323.0
22400944,"Chicago Bulls vs Orlando Magic Full Game Highlights - March 6, 2025 | NBA Regular Season","https://www.youtube.com/watch?v=mY_gTNcGoCU","mY_gTNcGoCU","GAMETIME HIGHLIGHTS",574,53486,939,29.0
22400944,"Chicago Bulls Vs Orlando Magic Game 4th Highlights Mar 6,2025 NBA Season 2024-25","https://www.youtube.com/watch?v=Oik2dN4AyrM","Oik2dN4AyrM","Hoạt Hình LTG",704,2791,16,1.0
22400944,"Chicago Bulls Vs Orlando Magic Game 1st Highlights Mar 6,2025 NBA Season 2024-25","https://www.youtube.com/watch?v=QIGmBA-M-Es","QIGmBA-M-Es","Hoạt Hình LTG",675,1163,5,""
22400876,"Philadelphia 76ers vs Portland Trail Blazers Full Game Highlights - March 3, 2025 | NBA Season","https://www.youtube.com/watch?v=Evil2HcZud8","Evil2HcZud8","GAMETIME HIGHLIGHTS",573,44714,812,25
22400876,"Philadelphia 76ers vs Portland Trail Blazers Full Game Highlights | Mar 3 | 2025 NBA Season","https://www.youtube.com/watch?v=OGi8QmPkSCQ","OGi8QmPkSCQ","Hooper Highlights",596,1544,80,1
22400878,"Memphis Grizzlies vs Atlanta Hawks Full Game Highlights - March 3, 2025 | NBA Regular Season","https://www.youtube.com/watch?v=pt5hutYV-gs","pt5hutYV-gs","GAMETIME HIGHLIGHTS",579,99426,1373,47
22400878,"Memphis Grizzlies vs Atlanta Hawks Full Game Highlights | Mar 3 | 2025 NBA Season","https://www.youtube.com/watch?v=vDN39IjfJqo","vDN39IjfJqo","Hooper Highlights",599,2867,111,2
22400862,"Sacramento Kings vs Houston Rockets Full Game Highlights - March 1, 2025 | NBA Regular Season","https://www.youtube.com/watch?v=Zf9i-Xwa7tA","Zf9i-Xwa7tA","GAMETIME HIGHLIGHTS",557,107598,1218,55
22400873,"Minnesota Timberwolves vs Phoenix Suns Full Game Highlights - March 2, 2025 | NBA Regular Season","https://www.youtube.com/watch?v=TTUSTdPDbSo","TTUSTdPDbSo","GAMETIME HIGHLIGHTS",582,239539,2526,113.0
22400873,"Phoenix Suns vs Minnesota Timberwolves Full Game Highlights | Mar 2 | 2025 NBA Season","https://www.youtube.com/watch?v=BTjip0A-0JM","BTjip0A-0JM","Hooper Highlights",547,8417,264,8.0
22400877,"Miami Heat vs Washington Wizards Full Game Highlights - March 3, 2025 | NBA Regular Season","https://www.youtube.com/watch?v=wKK9pUkga6g","wKK9pUkga6g","GAMETIME HIGHLIGHTS",510,31264,803,23.0
22400877,"Miami Heat vs Washington Wizards Full Game Highlights | Mar 3 | 2025 NBA Season","https://www.youtube.com/watch?v=qHKUJa2aP3c","qHKUJa2aP3c","Hooper Highlights",545,1401,69,""
22400892,"Minnesota Timberwolves vs Charlotte Hornets Full Game Highlights | Mar 5 | 2025 NBA Season","https://www.youtube.com/watch?v=suGiIb2uuG0","suGiIb2uuG0","Hooper Highlights",596,3763,141,2
22400892,"Minnesota Timberwolves vs Charlotte Hornets - Full Game Highlights | March 5, 2025 NBA Season","https://www.youtube.com/watch?v=48mI3-uYJlA","48mI3-uYJlA","The CCB Network",512,7635,156,2
22400892,"Minnesota Timberwolves vs Charlotte Hornets Full Game Highlights - March 5 | NBA Regular Season","https://www.youtube.com/watch?v=HyPC1KVYY7U","HyPC1KVYY7U","GAMETIME HIGHLIGHTS",580,131343,1599,49
22400863,"Memphis Grizzlies vs San Antonio Spurs Full Game Highlights - March 1, 2025 | NBA Regular Season","https://www.youtube.com/watch?v=U_XARGLubHI","U_XARGLubHI","GAMETIME HIGHLIGHTS",561,150962,1576,58
22400871,"Oklahoma City Thunder vs San Antonio Spurs Full Game Highlights - March 2, 2025 | NBA Regular Season","https://www.youtube.com/watch?v=dyO76TXx_TI","dyO76TXx_TI","GAMETIME HIGHLIGHTS",576,150705,1653,70
22400871,"Oklahoma City Thunder vs San Antonio Spurs - Full Game Highlights | March 2, 2025 NBA Season","https://www.youtube.com/watch?v=-L9dlvQUpWg","-L9dlvQUpWg","The CCB Network",632,1049,39,2
22400879,"Oklahoma City Thunder vs Houston Rockets Full Game Highlights - March 3, 2025 | NBA Regular Season","https://www.youtube.com/watch?v=-DYmMB-Z_Yk","-DYmMB-Z_Yk","GAMETIME HIGHLIGHTS",579,224808,2330,111
22400879,"Houston Rockets vs Oklahoma City Thunder - Full Game Highlights | March 3, 2025 NBA Season","https://www.youtube.com/watch?v=VIxBdFeQMsk","VIxBdFeQMsk","The CCB Network",622,17311,334,8
22400857,"Phoenix Suns vs New Orleans Pelicans Full Game Highlights - February 28, 2025 | NBA Regular Season","https://www.youtube.com/watch?v=a0JG8nBBFGQ","a0JG8nBBFGQ","GAMETIME HIGHLIGHTS",579,59483,894,40
22400869,"New York Knicks vs Miami Heat Full Game Highlights - March 2, 2025 | NBA Regular Season","https://www.youtube.com/watch?v=GuUbCC9ezO0","GuUbCC9ezO0","GAMETIME HIGHLIGHTS",580,94163,1286,30
22400869,"New York Knicks vs Miami Heat - Full Game Highlights | March 2, 2025 NBA Season","https://www.youtube.com/watch?v=8KUWR4RLYBo","8KUWR4RLYBo","The CCB Network",518,10544,218,3
22400868,"Indiana Pacers vs Chicago Bulls Full Game Highlights - March 2, 2025 | NBA Regular Season","https://www.youtube.com/watch?v=c2WAHVlG6zg","c2WAHVlG6zg","GAMETIME HIGHLIGHTS",572,34118,774,21
22400868,"Indiana Pacers vs Chicago Bulls Full Game Highlights | Mar 2 | 2025 NBA Season","https://www.youtube.com/watch?v=mOVM7VY6dH0","mOVM7VY6dH0","Hooper Highlights",595,3100,121,1
22400851,"Oklahoma City Thunder vs Atlanta Hawks Full Game Highlights - February 28, 2025 | NBA Regular Season","https://www.youtube.com/watch?v=kgiePFCSpTE","kgiePFCSpTE","GAMETIME HIGHLIGHTS",560,81448,1081,21
22400870,"Orlando Magic vs Toronto Raptors Full Game Highlights | Mar 2 | 2025 NBA Season","https://www.youtube.com/watch?v=gaqoZhnGNSs","gaqoZhnGNSs","Hooper Highlights",592,2718,90,1
22400870,"Toronto Raptors vs Orlando Magic - Full Game Highlights | March 2, 2025 NBA Season","https://www.youtube.com/watch?v=kgXWruIVJBo","kgXWruIVJBo","The CCB Network",642,4254,99,1
22400858,"Minnesota Timberwolves vs Utah Jazz Full Game Highlights - February 28, 2025 | NBA Regular Season","https://www.youtube.com/watch?v=4acuYBrGqKc","4acuYBrGqKc","GAMETIME HIGHLIGHTS",566,45985,813,44
22400856,"New York Knicks vs Memphis Grizzlies Full Game Highlights - February 28, 2025 | NBA Regular Season","https://www.youtube.com/watch?v=Jv0xLGUMMh8","Jv0xLGUMMh8","GAMETIME HIGHLIGHTS",577,173178,2020,87
22400850,"Denver Nuggets vs Detroit Pistons Full Game Highlights - February 28, 2025 | NBA Regular Season","https://www.youtube.com/watch?v=z5qVXRR_2pM","z5qVXRR_2pM","GAMETIME HIGHLIGHTS",566,144202,1597,93
22400867,"Cleveland Cavaliers vs Portland Trail Blazers Full Game Highlights | Mar 2 | 2025 NBA Season","https://www.youtube.com/watch?v=T4seXvbJHmk","T4seXvbJHmk","Hooper Highlights",597,4189,178,3
22400867,"Cleveland Cavaliers vs Portland Trail Blazers Full Game Highlights - March 2 | NBA Regular Season","https://www.youtube.com/watch?v=G_U5L5oN3Ak","G_U5L5oN3Ak","GAMETIME HIGHLIGHTS",573,69591,1050,28
22400875,"Golden State Warriors vs Charlotte Hornets Full Game Highlights - March 3, 2025 | NBA Regular Season","https://www.youtube.com/watch?v=ZGXdv3Is8zU","ZGXdv3Is8zU","GAMETIME HIGHLIGHTS",481,461767,4484,132
22400875,"Golden State Warriors vs Charlotte Hornets Full Game Highlights | Mar 3 | 2025 NBA Season","https://www.youtube.com/watch?v=zVjhsRK1yi0","zVjhsRK1yi0","Hooper Highlights",570,4300,156,7
22400875,"Golden State Warriors vs Charlotte Hornets - Full Game Highlights | March 3, 2025 NBA Season","https://www.youtube.com/watch?v=eKupe3Je_Os","eKupe3Je_Os","The CCB Network",488,30124,482,12
22400885,"Golden State Warriors vs New York Knicks Full Game Highlights - March 4, 2025 | NBA Regular Season","https://www.youtube.com/watch?v=3RV9jthwF3w","3RV9jthwF3w","GAMETIME HIGHLIGHTS",583,511054,5557,172
22400885,"Golden State Warriors Full Team Highlights vs Knicks | March 4, 2025 | FreeDawkins","https://www.youtube.com/watch?v=1LvWXxYNt2U","1LvWXxYNt2U","FreeDawkins",574,756160,14167,599
22400885,"Golden State Warriors vs New York Knicks - Full Game Highlights | March 4, 2025 NBA Season","https://www.youtube.com/watch?v=q2U7hqbZpdU","q2U7hqbZpdU","The CCB Network",524,26164,531,12
22400861,"Brooklyn Nets vs Detroit Pistons Full Game Highlights - March 1, 2025 | NBA Regular Season","https://www.youtube.com/watch?v=JzPWwAVEF9c","JzPWwAVEF9c","GAMETIME HIGHLIGHTS",523,28246,744,18.0
22400861,"Brooklyn Nets vs Detroit Pistons - Full Game Highlights | March 1, 2025 NBA Season","https://www.youtube.com/watch?v=KiBhnwsroBk","KiBhnwsroBk","The CCB Network",614,8010,144,4.0
22400860,"Charlotte Hornets vs Washington Wizards Full Game Highlights - March 1, 2025 | NBA Regular Season","https://www.youtube.com/watch?v=IXgezAuBWio","IXgezAuBWio","GAMETIME HIGHLIGHTS",580,33066,726,13.0
22400860,"Washington Wizards vs Charlotte Hornets - Full Game Highlights | March 1, 2025 NBA Season","https://www.youtube.com/watch?v=I_FVJ22JIcE","I_FVJ22JIcE","The CCB Network",502,3312,64,""
22400840,"Oklahoma City Thunder vs Brooklyn Nets Full Game Highlights - February 26, 2025 | NBA Regular Season","https://www.youtube.com/watch?v=y1pWgsPDHrc","y1pWgsPDHrc","GAMETIME HIGHLIGHTS",552,95665,1305,37
22400839,"Portland Trail Blazers vs Washington Wizards Full Game Highlights - February 26 | NBA Regular Season","https://www.youtube.com/watch?v=pjnU2RGOHNA","pjnU2RGOHNA","GAMETIME HIGHLIGHTS",581,25938,625,8
22400852,"Boston Celtics vs Cleveland Cavaliers Full Game Highlights - February 28, 2025 | NBA Regular Season","https://www.youtube.com/watch?v=zhmIZTHN4BY","zhmIZTHN4BY","GAMETIME HIGHLIGHTS",582,801817,7939,740
22400852,"Boston Celtics vs Cleveland Cavaliers Full Game Highlights | Feb 28 | 2025 NBA Season","https://www.youtube.com/watch?v=JYKorHWxMF0","JYKorHWxMF0","Hooper Highlights",596,13949,541,29
22400843,"Sacramento Kings vs Utah Jazz Full Game Highlights - February 26, 2025 | NBA Regular Season","https://www.youtube.com/watch?v=Ng0rUYR9hmg","Ng0rUYR9hmg","GAMETIME HIGHLIGHTS",583,32051,692,9
22400836,"Boston Celtics vs Detroit Pistons Full Game Highlights - February 26, 2025 | NBA Regular Season","https://www.youtube.com/watch?v=amzCQHizVrg","amzCQHizVrg","GAMETIME HIGHLIGHTS",571,310238,3975,221
22400841,"Miami Heat vs Atlanta Hawks Full Game Highlights - February 26, 2025 | NBA Regular Season","https://www.youtube.com/watch?v=XUFXGBYj-t4","XUFXGBYj-t4","GAMETIME HIGHLIGHTS",572,71560,1054,21
22400859,"Lakers vs Clippers | Lakers Highlights | February 28, 2025","https://www.youtube.com/watch?v=u2Vc_eXPpuE","u2Vc_eXPpuE","LakeShow Highlights",600,616818,10165,749
22400859,"Los Angeles Lakers vs Los Angeles Clippers Full Game Highlights - February 28  | NBA Regular Season","https://www.youtube.com/watch?v=Dl8MFIbPHxU","Dl8MFIbPHxU","GAMETIME HIGHLIGHTS",555,1472735,12691,1000
22400854,"Miami Heat vs Indiana Pacers Full Game Highlights - February 28, 2025 | NBA Regular Season","https://www.youtube.com/watch?v=6yD2jcF3vkM","6yD2jcF3vkM","GAMETIME HIGHLIGHTS",565,58792,977,30
22400854,"Miami HEAT Highlights vs. Indiana Pacers | February 28, 2025","https://www.youtube.com/watch?v=5BqEla-c4Pk","5BqEla-c4Pk","Luis Claudio De Jesús Charles",598,1445,71,4
22400864,"Golden State Warriors vs Philadelphia 76ers Full Game Highlights - March 1, 2025| NBA Regular Season","https://www.youtube.com/watch?v=8QDu4Yu7KHs","8QDu4Yu7KHs","GAMETIME HIGHLIGHTS",571,356388,3184,199
22400864,"Golden State Warriors Full Team Highlights vs 76ers | March 1, 2025  | FreeDawkins","https://www.youtube.com/watch?v=cAc2F1olhc0","cAc2F1olhc0","FreeDawkins",583,380997,4503,587
22400864,"Golden State Warriors vs Philadelphia 76ers - Full Game Highlights | March 1, 2025 NBA Season","https://www.youtube.com/watch?v=LfBx0hNWwUw","LfBx0hNWwUw","The CCB Network",514,27763,434,23
22400833,"San Antonio Spurs vs New Orleans Pelicans Full Game Highlights - February 25 | NBA Regular Season","https://www.youtube.com/watch?v=1a2k3bukCz4","1a2k3bukCz4","GAMETIME HIGHLIGHTS",584,70894,883,29
22400844,"San Antonio Spurs vs Houston Rockets Full Game Highlights - February 26, 2025 | NBA Regular Season","https://www.youtube.com/watch?v=oKUKs_2JDtw","oKUKs_2JDtw","GAMETIME HIGHLIGHTS",520,64594,924,48
22400844,"San Antonio Spurs vs Houston Rockets Full Game Highlights | Feb 26 | 2025 NBA Season","https://www.youtube.com/watch?v=epNtnEfHZTs","epNtnEfHZTs","Hooper Highlights",594,6112,190,6
22400846,"Milwaukee Bucks vs Denver Nuggets Full Game Highlights - February 27, 2025 | NBA Regular Season","https://www.youtube.com/watch?v=7yMwEcKFcHs","7yMwEcKFcHs","GAMETIME HIGHLIGHTS",543,425084,4424,457
22400846,"Denver Nuggets vs Milwaukee Bucks - Full Game Highlights | February 27, 2025 NBA Season","https://www.youtube.com/watch?v=jUbI_t56eR0","jUbI_t56eR0","The CCB Network",521,29717,551,30
22400849,"Los Angeles Lakers vs Minnesota Timberwolves Full Game Highlights | Feb 27 | 2025 NBA Season","https://www.youtube.com/watch?v=QCtn4eqfs0o","QCtn4eqfs0o","Hooper Highlights",584,9658,364,24
22400849,"Lakers vs Timberwolves | Lakers Highlights | February 27, 2025","https://www.youtube.com/watch?v=-zQ1EvTBzW8","-zQ1EvTBzW8","LakeShow Highlights",600,356360,6758,407
22400847,"Dallas Mavericks vs Charlotte Hornets Full Game Highlights | Feb 27 | 2025 NBA Season","https://www.youtube.com/watch?v=khV8uIR06dw","khV8uIR06dw","Hooper Highlights",587,3317,135,5
22400847,"Dallas Mavericks vs Charlotte Hornets Full Game Highlights - February 27, 2025 | NBA Regular Season","https://www.youtube.com/watch?v=ZzsHn6Nchp8","ZzsHn6Nchp8","GAMETIME HIGHLIGHTS",564,154450,1695,84
22400842,"LA Clippers vs Chicago Bulls Full Game Highlights | Feb 26 | 2025 NBA Season","https://www.youtube.com/watch?v=U8S6zmZRRuA","U8S6zmZRRuA","Hooper Highlights",594,5864,187,6
22400842,"Los Angeles Clippers vs Chicago Bulls - Full Game Highlights | February 26, 2025 NBA Season","https://www.youtube.com/watch?v=anwKdxk5KVA","anwKdxk5KVA","The CCB Network",507,18730,333,14
22400823,"Chicago Bulls vs Philadelphia 76ers Full Game Highlights - February 24, 2025 | NBA Regular Season","https://www.youtube.com/watch?v=_zSbMWQ9sME","_zSbMWQ9sME","GAMETIME HIGHLIGHTS",580,47717,761,51
22400837,"Toronto Raptors vs Indiana Pacers Full Game Highlights - February 26, 2025 | NBA Regular Season","https://www.youtube.com/watch?v=9lDWYFF_7XU","9lDWYFF_7XU","GAMETIME HIGHLIGHTS",582,21676,794,8
22400837,"Toronto Raptors vs Indiana Pacers - Full Team Highlights | Feb 26, 2025","https://www.youtube.com/watch?v=YPAvIJy1nWY","YPAvIJy1nWY","Raptors Nation",526,2232,53,3
22400831,"Milwaukee Bucks vs Houston Rockets Full Game Highlights - February 25, 2025 | NBA Regular Season","https://www.youtube.com/watch?v=zgJO-swUwz0","zgJO-swUwz0","GAMETIME HIGHLIGHTS",580,188228,1756,98
22400831,"Milwaukee Bucks vs Houston Rockets - Full Game Highlights | February 25, 2025 NBA Season","https://www.youtube.com/watch?v=zqjQBruLJDg","zqjQBruLJDg","The CCB Network",516,19875,303,15
22400821,"Los Angeles Clippers vs Detroit Pistons Full Game Highlights - February 24, 2025| NBA Regular Season","https://www.youtube.com/watch?v=HtV1UPpb9-I","HtV1UPpb9-I","GAMETIME HIGHLIGHTS",582,105956,1241,56
22400855,"Toronto Raptors vs Chicago Bulls Full Game Highlights | Feb 28 | 2025 NBA Season","https://www.youtube.com/watch?v=whBWIuJhNg0","whBWIuJhNg0","Hooper Highlights",597,3060,124,2
22400855,"Toronto Raptors vs Chicago Bulls - Full Team Highlights | Feb 28, 2025","https://www.youtube.com/watch?v=nz7KmGUdNno","nz7KmGUdNno","Raptors Nation",583,3865,43,10
22400855,"Chicago Bulls vs Toronto Raptors Full Game Highlights - February 28, 2025 | NBA Regular Season","https://www.youtube.com/watch?v=tODJOMKrhvA","tODJOMKrhvA","GAMETIME HIGHLIGHTS",582,36512,783,51
22400838,"Philadelphia 76ers vs New York Knicks Full Game Highlights - February 26, 2025 | NBA Regular Season","https://www.youtube.com/watch?v=Zf9j72KHRfM","Zf9j72KHRfM","GAMETIME HIGHLIGHTS",583,108648,1155,39
22400838,"Philadelphia 76ers vs New York Knicks - Full Game Highlights | February 26, 2025 NBA Season","https://www.youtube.com/watch?v=SFr4kDQfm5Q","SFr4kDQfm5Q","The CCB Network",517,23575,358,9
22400853,"Brooklyn Nets vs Portland Trail Blazers Full Game Highlights | Feb 28 | 2025 NBA Season","https://www.youtube.com/watch?v=GkNhK_kVeF0","GkNhK_kVeF0","Hooper Highlights",577,2508,99,2
22400853,"Brooklyn Nets vs Portland Trail Blazers Full Game Highlights - February 28 | NBA Regular Season","https://www.youtube.com/watch?v=HkNM_J3FedY","HkNM_J3FedY","GAMETIME HIGHLIGHTS",551,13477,578,18
22400853,"Killian Hayes 16 pts 4 reb 4 ast vs Portland Trail Blazers | 2025-02-28","https://www.youtube.com/watch?v=fsvTBau3HVY","fsvTBau3HVY","Basketball Highlights",231,1282,20,2
22400835,"Los Angeles Lakers vs Dallas Mavericks Full Game Highlights - February 25, 2025 | NBA Regular Season","https://www.youtube.com/watch?v=BDKnDgHMk2g","BDKnDgHMk2g","GAMETIME HIGHLIGHTS",584,1714172,18882,1100
22400835,"Los Angeles Lakers vs Dallas Mavericks Full Game Highlights | Feb 25 | 2025 NBA Season","https://www.youtube.com/watch?v=ghR9FISmPks","ghR9FISmPks","Hooper Highlights",597,21142,774,62
22400830,"Cleveland Cavaliers vs Orlando Magic Full Game Highlights - February 25, 2025 | NBA Regular Season","https://www.youtube.com/watch?v=9N7NcWEPUNI","9N7NcWEPUNI","GAMETIME HIGHLIGHTS",573,60383,948,47
22400830,"Cleveland Cavaliers vs Orlando Magic Full Game Highlights | Feb 25 | 2025 NBA Season","https://www.youtube.com/watch?v=1kPPtJAZngY","1kPPtJAZngY","Hooper Highlights",597,4485,163,3
22400815,"Orlando Magic vs Washington Wizards Full Game Highlights | Feb 23 | 2025 NBA Season","https://www.youtube.com/watch?v=eONc-gdcILo","eONc-gdcILo","Hooper Highlights",556,3342,94,1
22400820,"Minnesota Timberwolves vs Oklahoma City Thunder Full Game Highlights- February 23 2025 | NBA Season","https://www.youtube.com/watch?v=vpxl_2DQHpo","vpxl_2DQHpo","GAMETIME HIGHLIGHTS",537,377877,3637,194
22400832,"Phoenix Suns vs Memphis Grizzlies Full Game Highlights - February 25, 2025 | NBA Regular Season","https://www.youtube.com/watch?v=Jst335ydns4","Jst335ydns4","GAMETIME HIGHLIGHTS",580,249268,2387,138
22400832,"Phoenix Suns vs Memphis Grizzlies - Full Game Highlights | February 25, 2025 NBA Season","https://www.youtube.com/watch?v=LIAYLbXDbkI","LIAYLbXDbkI","The CCB Network",517,30014,468,21
22400827,"Portland Trail Blazers vs Utah Jazz Full Game Highlights - February 24, 2025 | NBA Regular Season","https://www.youtube.com/watch?v=DbqpI9xOAvc","DbqpI9xOAvc","GAMETIME HIGHLIGHTS",579,20742,551,6
22400827,"Utah Jazz vs Portland Trail Blazers Full Game Highlights | Feb 24 | 2025 NBA Season","https://www.youtube.com/watch?v=Ml4h4DV4YEI","Ml4h4DV4YEI","Hooper Highlights",595,2652,104,1
22400826,"Oklahoma City Thunder vs Minnesota Timberwolves Full Game Highlights | Feb 24 | 2025 NBA Season","https://www.youtube.com/watch?v=cKoXrLW4MwY","cKoXrLW4MwY","Hooper Highlights",596,10123,360,31
22400826,"Minnesota Timberwolves vs Oklahoma City Thunder - Full Game Highlights | February 24, 2025","https://www.youtube.com/watch?v=DoFQYXo3TpI","DoFQYXo3TpI","The CCB Network",521,56800,763,57
22400828,"Charlotte Hornets vs Sacramento Kings Full Game Highlights - February 24, 2025 | NBA Regular Season","https://www.youtube.com/watch?v=0hM80k75kbw","0hM80k75kbw","GAMETIME HIGHLIGHTS",573,121815,1497,61
22400828,"Sacramento Kings vs Charlotte Hornets Full Game Highlights | Feb 24 | 2025 NBA Season","https://www.youtube.com/watch?v=PVgtr8763H0","PVgtr8763H0","Hooper Highlights",596,4920,162,3
22400824,"Brooklyn Nets vs Washington Wizards Full Game Highlights - February 24, 2025 | NBA Regular Season","https://www.youtube.com/watch?v=37p2ICG6CQM","37p2ICG6CQM","GAMETIME HIGHLIGHTS",557,34624,665,7
22400824,"Brooklyn Nets vs Washington Wizards Full Game Highlights | Feb 24 | 2025 NBA Season","https://www.youtube.com/watch?v=fB4lzLcbgpY","fB4lzLcbgpY","Hooper Highlights",576,3000,101,1
22400810,"Charlotte Hornets vs Portland Trail Blazers Full Game Highlights | Feb 22 | 2025 NBA Season","https://www.youtube.com/watch?v=r2Xb8hb0N7Y","r2Xb8hb0N7Y","Hooper Highlights",592,2437,88,4
22400813,"LA Clippers vs Indiana Pacers Full Game Highlights | Feb 23 | 2025 NBA Season","https://www.youtube.com/watch?v=UH9oYOafjnc","UH9oYOafjnc","Hooper Highlights",588,4583,137,""
22400813,"Los Angeles Clippers vs Indiana Pacers Full Game Highlights - February 23, 2025 | NBA Regular Season","https://www.youtube.com/watch?v=kaf5Yl_mg9U","kaf5Yl_mg9U","GAMETIME HIGHLIGHTS",565,95490,1003,37.0
22400845,"Golden State Warriors vs Orlando Magic Full Game Highlights - February 27, 2025 | NBA Regular Season","https://www.youtube.com/watch?v=Hq5UYFrhU2Y","Hq5UYFrhU2Y","GAMETIME HIGHLIGHTS",577,491653,5330,242.0
22400845,"Golden State Warriors Full Team Highlights vs Magic | Feb 27, 2025 | FreeDawkins","https://www.youtube.com/watch?v=Vgqil3gRnFo","Vgqil3gRnFo","FreeDawkins",585,931975,17929,1000.0
22400845,"Golden State Warriors vs Orlando Magic Full Game Highlights | Feb 27 | 2025 NBA Season","https://www.youtube.com/watch?v=Era4yehh5j4","Era4yehh5j4","Hooper Highlights",597,14249,486,21.0
22400845,"Golden State Warriors vs Orlando Magic - Full Game Highlights | February 27, 2025 NBA Season","https://www.youtube.com/watch?v=tXF-jpbIcWM","tXF-jpbIcWM","The CCB Network",521,34204,638,27.0
22400825,"Miami Heat vs Atlanta Hawks Full Game Highlights | Feb 24 | 2025 NBA Season","https://www.youtube.com/watch?v=8WRczCWCu4A","8WRczCWCu4A","Hooper Highlights",552,3877,134,8
22400825,"Miami Heat vs Atlanta Hawks Full Game Highlights - February 24, 2025 | NBA Regular Season","https://www.youtube.com/watch?v=KnZZAFYQAV4","KnZZAFYQAV4","GAMETIME HIGHLIGHTS",527,48471,752,27
2022400302,"Mac McClung Scores 25, Including Crazy 360 Layup (02/21/25) Magic Vs Nets (25 pts 5 asts)","https://www.youtube.com/watch?v=CW1jwwZxCd0","CW1jwwZxCd0","Mac McClung Mixtapes",109,36222,303,174
22400804,"Oklahoma City Thunder vs Utah Jazz Full Game Highlights - February 21, 2025 | NBA Regular Season","https://www.youtube.com/watch?v=0MIoyAZZC6Y","0MIoyAZZC6Y","GAMETIME HIGHLIGHTS",579,59962,813,19
22400818,"San Antonio Spurs vs New Orleans Pelicans Full Game Highlights | Feb 23 | 2025 NBA Season","https://www.youtube.com/watch?v=9MgXleGt7lc","9MgXleGt7lc","Hooper Highlights",583,4398,134,10
22400818,"San Antonio Spurs vs New Orleans Pelicans - Full Game Highlights | February 23, 2025 NBA Season","https://www.youtube.com/watch?v=WzunoWbuqlI","WzunoWbuqlI","The CCB Network",500,9579,156,4
22400812,"Golden State Warriors vs Dallas Mavericks Full Game Highlights - February 23 | NBA Regular Season","https://www.youtube.com/watch?v=FpHQ_ldNiUk","FpHQ_ldNiUk","GAMETIME HIGHLIGHTS",568,831017,6900,256
22400812,"Golden State Warriors Full Team Highlights vs Mavs | Feb 23, 2025 | FreeDawkins","https://www.youtube.com/watch?v=4AehaZnfHDg","4AehaZnfHDg","FreeDawkins",589,953009,12830,584
22400834,"Golden State Warriors vs Charlotte Hornets Full Game Highlights - February 25 | NBA Regular Season","https://www.youtube.com/watch?v=gFBioiViqGg","gFBioiViqGg","GAMETIME HIGHLIGHTS",579,458014,16040,217
22400834,"Golden State Warriors vs Charlotte Hornets Full Game Highlights | Feb 25 | 2025 NBA Season","https://www.youtube.com/watch?v=hYe--AaLQjY","hYe--AaLQjY","Hooper Highlights",551,9216,321,9
22400834,"Charlotte Hornets vs Golden State Warriors - Full Game Highlights | February 25, 2025 NBA Season","https://www.youtube.com/watch?v=MNPymafJpmY","MNPymafJpmY","The CCB Network",516,18167,351,10
22400829,"Boston Celtics vs Toronto Raptors Full Game Highlights | Feb 25 | 2025 NBA Season","https://www.youtube.com/watch?v=vTCFDG1ilFI","vTCFDG1ilFI","Hooper Highlights",597,4309,165,2
22400829,"Boston Celtics vs Toronto Raptors - Full Game Highlights | February 25, 2025 NBA Season","https://www.youtube.com/watch?v=DNUuQTwbEFA","DNUuQTwbEFA","The CCB Network",506,19429,287,3
22400829,"Toronto Raptors vs Boston Celtics - Full Team Highlights | Feb 25, 2025","https://www.youtube.com/watch?v=m_qhPKrNT5s","m_qhPKrNT5s","Raptors Nation",582,2616,54,7
22400814,"Atlanta Hawks vs Detroit Pistons Full Game Highlights - February 23, 2025 | NBA Regular Season","https://www.youtube.com/watch?v=X-MxljF-UxM","X-MxljF-UxM","GAMETIME HIGHLIGHTS",576,69886,921,32
22400814,"Atlanta Hawks vs Detroit Pistons Full Game Highlights | Feb 23 | 2025 NBA Season","https://www.youtube.com/watch?v=w-zqtgoD0o0","w-zqtgoD0o0","Hooper Highlights",596,4927,167,7
22400809,"Houston Rockets vs Utah Jazz Full Game Highlights - February 22, 2025 | NBA Regular Season","https://www.youtube.com/watch?v=jqWpUe-eNjQ","jqWpUe-eNjQ","GAMETIME HIGHLIGHTS",551,57832,795,22
22400809,"Houston Rockets vs Utah Jazz Full Game Highlights | Feb 22 | 2025 NBA Season","https://www.youtube.com/watch?v=vq1d4Xv12d0","vq1d4Xv12d0","Hooper Highlights",572,4066,135,3
22400811,"New York Knicks vs Boston Celtics Full Game Highlights - February 23, 2025 | NBA Regular Season","https://www.youtube.com/watch?v=o1yanHcdN44","o1yanHcdN44","GAMETIME HIGHLIGHTS",582,216922,2273,109
22400811,"Boston Celtics vs New York Knicks Full Game Highlights | Feb 23 | 2025 NBA Season","https://www.youtube.com/watch?v=SChoZevnB2A","SChoZevnB2A","Hooper Highlights",546,5753,227,5
22400794,"Denver Nuggets vs Charlotte Hornets Full Game Highlights - February 20, 2025 | NBA Regular Season","https://www.youtube.com/watch?v=rJx1y3rVmL8","rJx1y3rVmL8","GAMETIME HIGHLIGHTS",581,262220,2221,126
22400793,"Los Angeles Clippers vs Milwaukee Bucks Full Game Highlights - February 20, 2025 |NBA Regular Season","https://www.youtube.com/watch?v=OTxYaZDNW0I","OTxYaZDNW0I","GAMETIME HIGHLIGHTS",583,457788,3509,177
22400807,"Philadelphia 76ers vs Brooklyn Nets Full Game Highlights - February 22, 2025 | NBA Regular Season","https://www.youtube.com/watch?v=WGtVOmP0wDU","WGtVOmP0wDU","GAMETIME HIGHLIGHTS",578,47896,709,28
22400807,"Brooklyn Nets vs Philadelphia 76ers - Full Game Highlights | February 22, 2025 NBA Season","https://www.youtube.com/watch?v=0pn7dUvRbDs","0pn7dUvRbDs","The CCB Network",620,27472,317,27
22400801,"Minnesota Timberwolves vs Houston Rockets Full Game Highlights | Feb 21 | 2025 NBA Season","https://www.youtube.com/watch?v=tmjhGpsZZVM","tmjhGpsZZVM","Hooper Highlights",582,6765,233,1
22400801,"Minnesota Timberwolves vs Houston Rockets - Full Game Highlights | February 21, 2025 NBA Season","https://www.youtube.com/watch?v=l7gES25SKD0","l7gES25SKD0","The CCB Network",505,48931,601,17
22400798,"Memphis Grizzlies vs Orlando Magic Full Game Highlights | Feb 21 | 2025 NBA Season","https://www.youtube.com/watch?v=XCApKFVHcas","XCApKFVHcas","Hooper Highlights",571,5174,189,11
22400798,"Memphis Grizzlies vs Orlando Magic Full Game Highlights - February 21, 2025 | NBA Regular Season","https://www.youtube.com/watch?v=QffifoZXhm4","QffifoZXhm4","GAMETIME HIGHLIGHTS",546,82024,1047,55
22400784,"Golden State Warriors vs Houston Rockets - Full Game Highlights | February 13, 2025 NBA Season","https://www.youtube.com/watch?v=q1DwWjByHYs","q1DwWjByHYs","The CCB Network",527,65822,869,34.0
22400822,"Denver Nuggets vs Indiana Pacers Full Game Highlights - February 24, 2025 | NBA Regular Season","https://www.youtube.com/watch?v=Gb5G5y8oQRY","Gb5G5y8oQRY","GAMETIME HIGHLIGHTS",546,172381,1562,96.0
22400822,"Denver Nuggets VS Indiana Pacers Game 1st Highlights Feb 24,2025 NBA Season 2024-25","https://www.youtube.com/watch?v=zG0LsxpwCV0","zG0LsxpwCV0","Yang Moyu, Investment Research Department",690,5723,29,1.0
22400822,"Denver Nuggets VS Indiana Pacers Game 2nd Highlights Feb 24,2025 NBA Season 2024-25","https://www.youtube.com/watch?v=vcRPsO_jqMY","vcRPsO_jqMY","Yang Moyu, Investment Research Department",745,2655,11,""
22400822,"Denver Nuggets VS Indiana Pacers Game 3rd Highlights Feb 24,2025 NBA Season 2024-25","https://www.youtube.com/watch?v=PVveu2iOoHk","PVveu2iOoHk","Yang Moyu, Investment Research Department",692,5954,21,""
22400802,"San Antonio Spurs vs Detroit Pistons Full Game Highlights | Feb 21 | 2025 NBA Season","https://www.youtube.com/watch?v=HNZLZ3tYhlY","HNZLZ3tYhlY","Hooper Highlights",568,5215,158,5.0
22400802,"San Antonio Spurs vs Detroit Pistons Full Game Highlights - February 21, 2025 | NBA Regular Season","https://www.youtube.com/watch?v=TOFNiQ8NWSA","TOFNiQ8NWSA","GAMETIME HIGHLIGHTS",545,75682,950,60.0
22400817,"Milwaukee Bucks vs Miami Heat Full Game Highlights | Feb 23 | 2025 NBA Season","https://www.youtube.com/watch?v=1piXAVKtzPY","1piXAVKtzPY","Hooper Highlights",597,5347,193,4
22400817,"Milwaukee Bucks vs Miami Heat Full Game Highlights - February 23, 2025 | NBA Regular Season","https://www.youtube.com/watch?v=e0UWXzaz7ps","e0UWXzaz7ps","GAMETIME HIGHLIGHTS",582,196405,1783,86
22400817,"Miami Heat vs Milwaukee Bucks - Full Game Highlights | February 23, 2025 NBA Season","https://www.youtube.com/watch?v=fdYx-bMwAMk","fdYx-bMwAMk","The CCB Network",525,17551,267,7
22400785,"Sacramento Kings vs New Orleans Pelicans Full Game Highlights - February 13, 2025|NBA Regular Season","https://www.youtube.com/watch?v=llQN5ycbnUY","llQN5ycbnUY","GAMETIME HIGHLIGHTS",555,48928,650,18
22400799,"Milwaukee Bucks vs Washington Wizards Full Game Highlights | Feb 21 | 2025 NBA Season","https://www.youtube.com/watch?v=8IAaDIPGt74","8IAaDIPGt74","Hooper Highlights",584,4477,161,3
22400799,"Milwaukee Bucks vs Washington Wizards - Full Game Highlights | February 21, 2025 NBA Season","https://www.youtube.com/watch?v=m7-3BEac2ec","m7-3BEac2ec","The CCB Network",511,23764,311,11
22400806,"Phoenix Suns vs Chicago Bulls Full Game Highlights | Feb 22 | 2025 NBA Season","https://www.youtube.com/watch?v=5n1sbeiMfHs","5n1sbeiMfHs","Hooper Highlights",596,5040,155,2.0
22400806,"Phoenix Suns vs Chicago Bulls Full Game Highlights - February 22, 2025 | 2025 NBA Regular Season","https://www.youtube.com/watch?v=ME8XyN5rWFk","ME8XyN5rWFk","GAMETIME HIGHLIGHTS",547,114881,1056,39.0
22400806,"Phoenix Suns vs Chicago Bulls - Full Game Highlights | February 22, 2025 NBA Season","https://www.youtube.com/watch?v=9fOIf8kYeTo","9fOIf8kYeTo","The CCB Network",491,16559,245,4.0
22400791,"Cleveland Cavaliers vs Brooklyn Nets Full Game Highlights | Feb 20 | 2025 NBA Season","https://www.youtube.com/watch?v=E_oCC3mpS34","E_oCC3mpS34","Hooper Highlights",599,4018,155,""
22400791,"Cleveland Cavaliers vs Brooklyn Nets Full Game Highlights - February 20, 2025 | NBA Regular Season","https://www.youtube.com/watch?v=auccpHvBZi8","auccpHvBZi8","GAMETIME HIGHLIGHTS",573,34494,663,18.0
22400788,"Memphis Grizzlies vs Indiana Pacers Full Game Highlights - February 20, 2025 | NBA Regular Season","https://www.youtube.com/watch?v=Qc698gEnVNY","Qc698gEnVNY","GAMETIME HIGHLIGHTS",581,111025,1155,26.0
22400788,"Memphis Grizzlies vs Indiana Pacers Full Game Highlights | Feb 20 | 2025 NBA Season","https://www.youtube.com/watch?v=yQyzarbVS-4","yQyzarbVS-4","Hooper Highlights",591,4932,184,4.0
22400772,"Philadelphia 76ers vs Brooklyn Nets Full Game Highlights - February 12, 2025 | NBA Regular Season","https://www.youtube.com/watch?v=SGF3LmYj_O4","SGF3LmYj_O4","GAMETIME HIGHLIGHTS",570,18501,503,19
22400816,"Phoenix Suns vs Toronto Raptors Full Game Highlights - February 23, 2025 | NBA Regular Season","https://www.youtube.com/watch?v=4Ogp92J4qGU","4Ogp92J4qGU","GAMETIME HIGHLIGHTS",583,13766,424,14
22400816,"Phoenix Suns vs Toronto Raptors Full Game Highlights | Feb 23 | 2025 NBA Season","https://www.youtube.com/watch?v=oZGHAjF3L2o","oZGHAjF3L2o","Hooper Highlights",544,3524,106,1
22400816,"Toronto Raptors vs Phoenix Suns - Full Team Highlights | Feb 23, 2025","https://www.youtube.com/watch?v=R6ewxqgYZyM","R6ewxqgYZyM","Raptors Nation",581,8122,181,16
22400816,"Phoenix Suns vs Toronto Raptors - Full Game Highlights | February 23, 2025 NBA Season","https://www.youtube.com/watch?v=Ff4LvXxkrX8","Ff4LvXxkrX8","The CCB Network",503,15457,215,13
22400819,"Cleveland Cavaliers vs Memphis Grizzlies Full Game Highlights- February 23, 2025 |NBA Regular Season","https://www.youtube.com/watch?v=3ZYr5R9rA6Y","3ZYr5R9rA6Y","GAMETIME HIGHLIGHTS",566,239364,2167,40.0
22400819,"Memphis Grizzlies vs Cleveland Cavaliers - Full Game Highlights | February 23, 2025 NBA Season","https://www.youtube.com/watch?v=IXshsJaBc_A","IXshsJaBc_A","The CCB Network",517,26610,411,7.0
22400819,"Cleveland Cavaliers VS Memphis Grizzlies Game 2nd Highlights Feb 23,2025 NBA Season 2024-25","https://www.youtube.com/watch?v=QzczbKhl-0s","QzczbKhl-0s","Yang Moyu, Investment Research Department",802,4653,19,""
22400819,"Cleveland Cavaliers VS Memphis Grizzlies Game 4th Highlights Feb 23,2025 NBA Season 2024-25","https://www.youtube.com/watch?v=i1xoTG1TDYw","i1xoTG1TDYw","Yang Moyu, Investment Research Department",748,15017,73,1.0
22400800,"Miami Heat vs Toronto Raptors Full Game Highlights - February 21, 2025 | NBA Regular Season","https://www.youtube.com/watch?v=N0vYqkt8_G4","N0vYqkt8_G4","GAMETIME HIGHLIGHTS",583,61281,829,31.0
22400800,"Toronto Raptors vs Miami Heat - Full Team Highlights | Feb 21, 2025","https://www.youtube.com/watch?v=OdUx48fWMGQ","OdUx48fWMGQ","Raptors Nation",582,3804,55,6.0
22400800,"Tyler Herro 28 PTS 7 AST 3 REB | Miami HEAT vs. Toronto Raptors | February 21, 2025","https://www.youtube.com/watch?v=WGcilZDY-LI","WGcilZDY-LI","Miami HEAT",449,12514,254,34.0
22400792,"New York Knicks vs Chicago Bulls Full Game Highlights | Feb 20 | 2025 NBA Season","https://www.youtube.com/watch?v=rLRKmPquxkc","rLRKmPquxkc","Hooper Highlights",596,4206,170,4
22400792,"Chicago Bulls vs New York Knicks - Full Game Highlights | February 20, 2025 NBA Season","https://www.youtube.com/watch?v=DybZCaDHD6s","DybZCaDHD6s","The CCB Network",497,19146,317,10
22400790,"Atlanta Hawks vs Orlando Magic Full Game Highlights | Feb 20 | 2025 NBA Season","https://www.youtube.com/watch?v=VN3P1wRYeJI","VN3P1wRYeJI","Hooper Highlights",582,3899,137,2
22400790,"Atlanta Hawks vs Orlando Magic Full Game Highlights - February 20, 2025 | NBA Regular Season","https://www.youtube.com/watch?v=yJ_IEZObWyw","yJ_IEZObWyw","GAMETIME HIGHLIGHTS",561,52214,712,18
22400803,"Dallas Mavericks vs New Orleans Pelicans Full Game Highlights | Feb 21 | 2025 NBA Season","https://www.youtube.com/watch?v=3KGGj0BAsN0","3KGGj0BAsN0","Hooper Highlights",584,8272,245,7
22400803,"Dallas Mavericks vs New Orleans Pelicans Full Game Highlights - February 21 | NBA Regular Season","https://www.youtube.com/watch?v=Osy5v3fR4AU","Osy5v3fR4AU","GAMETIME HIGHLIGHTS",558,339947,2663,162
22400803,"New Orleans Pelicans vs Dallas Mavericks - Full Game Highlights | February 21, 2025 NBA Season","https://www.youtube.com/watch?v=ax-ZeMcsK9M","ax-ZeMcsK9M","The CCB Network",521,25278,337,18
22400775,"Detroit Pistons vs Chicago Bulls Full Game Highlights | Feb 12 | 2025 NBA Season","https://www.youtube.com/watch?v=8Aj4ZBF0Ox0","8Aj4ZBF0Ox0","Hooper Highlights",593,4135,130,3
22400787,"Oklahoma City Thunder vs Minnesota Timberwolves Full Game Highlights | Feb 13 | 2025 NBA Season","https://www.youtube.com/watch?v=uGbMzKovJdI","uGbMzKovJdI","Hooper Highlights",587,11044,336,9
22400787,"Oklahoma City Thunder vs Minnesota Timberwolves Full Game Highlights - February 13 | NBA Season","https://www.youtube.com/watch?v=Iq-nGcQNhPk","Iq-nGcQNhPk","GAMETIME HIGHLIGHTS",568,373214,3156,171
22400805,"Golden State Warriors vs Sacramento Kings Full Game Highlights | Feb 21 | 2025 NBA Season","https://www.youtube.com/watch?v=qPbHiFRUVYw","qPbHiFRUVYw","Hooper Highlights",578,11101,364,11.0
22400805,"Golden State Warriors Full Team Highlights vs Kings | Feb 21, 2025 | FreeDawkins","https://www.youtube.com/watch?v=GVULlDwNTew","GVULlDwNTew","FreeDawkins",586,668127,10684,538.0
22400805,"Golden State Warriors vs Sacramento Kings - Full Game Highlights | February 21, 2025 NBA Season","https://www.youtube.com/watch?v=YhEZIHJRJMs","YhEZIHJRJMs","The CCB Network",491,23856,452,21.0
22400805,"Golden State Warriors vs Sacramento Kings | Full Game Highlights | 21 February 2025","https://www.youtube.com/watch?v=emyXMysiyQc","emyXMysiyQc","Ares Highlights",576,1933,0,""
22400771,"Indiana Pacers vs Washington Wizards Full Game Highlights - February 12, 2025 | NBA Regular Season","https://www.youtube.com/watch?v=fquTDhopu94","fquTDhopu94","GAMETIME HIGHLIGHTS",539,10913,408,4.0
22400771,"Indiana Pacers vs Washington Wizards Full Game Highlights | Feb 12 | 2025 NBA Season","https://www.youtube.com/watch?v=UoSbReZsxM4","UoSbReZsxM4","Hooper Highlights",598,2780,107,4.0
22400776,"Milwaukee Bucks vs Minnesota Timberwolves Full Game Highlights - February 12 | NBA Regular Season","https://www.youtube.com/watch?v=VJbJpsGvdxA","VJbJpsGvdxA","GAMETIME HIGHLIGHTS",572,124565,1343,72.0
22400783,"LA Clippers vs Memphis Grizzlies Full Game Highlights | Feb 12 | 2025 NBA Season","https://www.youtube.com/watch?v=ws5RHpNh66w","ws5RHpNh66w","Hooper Highlights",599,10217,307,8
22400778,"Oklahoma City Thunder vs Miami Heat Full Game Highlights | Feb 12 | 2025 NBA Season","https://www.youtube.com/watch?v=auzv7mwc_z4","auzv7mwc_z4","Hooper Highlights",593,5431,217,8
22400770,"Charlotte Hornets vs Orlando Magic Full Game Highlights - February 12, 2025 | NBA Regular Season","https://www.youtube.com/watch?v=jbQRjCFh1Nw","jbQRjCFh1Nw","GAMETIME HIGHLIGHTS",547,18848,513,14.0
22400770,"Orlando Magic vs Charlotte Hornets Full Game Highlights | Feb 12 | 2025 NBA Season","https://www.youtube.com/watch?v=4CZ2mcGT7x8","4CZ2mcGT7x8","Hooper Highlights",572,2990,114,""
22400786,"Dallas Mavericks vs Miami Heat Full Game Highlights - February 13, 2025 | NBA Regular Season","https://www.youtube.com/watch?v=niYEDMEuDKY","niYEDMEuDKY","GAMETIME HIGHLIGHTS",567,273845,2017,149.0
22400786,"Dallas Mavericks Vs Miami Heat Game 2nd Highlights Feb 13,2025 NBA Season 2024-25","https://www.youtube.com/watch?v=oF3ErOwfCzY","oF3ErOwfCzY","Yang Moyu, Investment Research Department",672,1145,8,""
22400786,"Dallas Mavericks Vs Miami Heat Game 3rd Highlights Feb 13,2025 NBA Season 2024-25","https://www.youtube.com/watch?v=djVMld9NaCo","djVMld9NaCo","Yang Moyu, Investment Research Department",670,1586,11,""
22400774,"Cleveland Cavaliers vs Toronto Raptors Full Game Highlights | Feb 12 | 2025 NBA Season","https://www.youtube.com/watch?v=-hYXZz6l5ac","-hYXZz6l5ac","Hooper Highlights",589,3421,122,1
22400774,"Toronto Raptors vs Cleveland Cavaliers - Feb 12, 2025","https://www.youtube.com/watch?v=n9pk-MAc76o","n9pk-MAc76o","Raptors Nation",582,1273,40,5
22400779,"Phoenix Suns vs Houston Rockets Full Game Highlights - February 12, 2025 | NBA Regular Season","https://www.youtube.com/watch?v=wOZIQ-n9Lxo","wOZIQ-n9Lxo","GAMETIME HIGHLIGHTS",502,52793,756,42
22400779,"Phoenix Suns vs Houston Rockets Full Game Highlights | Feb 12 | 2025 NBA Season","https://www.youtube.com/watch?v=NCFGihb4krc","NCFGihb4krc","Hooper Highlights",566,6191,251,14
22400764,"Philadelphia 76ers vs Toronto Raptors Full Game Highlights - February 11, 2025 | NBA Regular Season","https://www.youtube.com/watch?v=iZVj1swt4rw","iZVj1swt4rw","GAMETIME HIGHLIGHTS",574,55669,668,41
22400759,"Boston Celtics vs Miami Heat - Full Game Highlights | February 10, 2025 NBA Season","https://www.youtube.com/watch?v=BaTYegxOv8A","BaTYegxOv8A","The CCB Network",596,126721,1245,67
22400789,"Boston Celtics vs Philadelphia 76ers Full Game Highlights | Feb 20 | 2025 NBA Season","https://www.youtube.com/watch?v=ssTXrnoegM8","ssTXrnoegM8","Hooper Highlights",585,6039,219,7
22400789,"Boston Celtics vs Philadelphia 76ers - Full Game Highlights | February 20, 2025 NBA Season","https://www.youtube.com/watch?v=N8YNZP_s0_Y","N8YNZP_s0_Y","The CCB Network",515,38953,568,19
22400789,"Boston Celtics VS Philadelphia 76ers Game 1st Highlights Feb 20,2025 NBA Season 2024-25","https://www.youtube.com/watch?v=JAECb4UnY5M","JAECb4UnY5M","Yang Moyu, Investment Research Department",637,3708,17,3
22400789,"Boston Celtics vs Philadelphia 76ers Full Game Highlights - February 20, 2025 | NBA Regular Season","https://www.youtube.com/watch?v=yvloJjfg5vw","yvloJjfg5vw","GAMETIME HIGHLIGHTS",578,168410,1718,81
22400795,"Phoenix Suns vs San Antonio Spurs Full Game Highlights - February 20, 2025 | NBA Regular Season","https://www.youtube.com/watch?v=vMkqgjL1HQs","vMkqgjL1HQs","GAMETIME HIGHLIGHTS",561,136434,1424,84.0
22400795,"Phoenix Suns vs San Antonio Spurs Full Game Highlights | Feb 20 | 2025 NBA Season","https://www.youtube.com/watch?v=j1w-Zf8QNxc","j1w-Zf8QNxc","Hooper Highlights",584,7499,228,9.0
22400795,"Phoenix Suns vs San Antonio Spurs - Full Game Highlights | February 20, 2025 | 2024-25 NBA Season","https://www.youtube.com/watch?v=S29GvuYrB14","S29GvuYrB14","The CCB Network",472,31527,436,12.0
22400795,"Phoenix Suns vs San Antonio Spurs Game 1st Highlights Feb 20,2025 NBA Season 2024-25","https://www.youtube.com/watch?v=R2aaNrYGN5o","R2aaNrYGN5o","Yang Moyu, Investment Research Department",694,2265,12,""
22400763,"Denver Nuggets vs Portland Trail Blazers Full Game Highlights | Feb 10 | 2025 NBA Season","https://www.youtube.com/watch?v=OPgfvucP21U","OPgfvucP21U","Hooper Highlights",599,9034,285,21
22400761,"Oklahoma City Thunder vs New Orleans Pelicans Full Game Highlights | Feb 10 | 2025 NBA Season","https://www.youtube.com/watch?v=hKEzmtqwqB4","hKEzmtqwqB4","Hooper Highlights",598,7461,245,14
22400782,"Golden State Warriors vs Dallas Mavericks Full Game Highlights - February 12 | NBA Regular Season","https://www.youtube.com/watch?v=9X_L36xn568","9X_L36xn568","GAMETIME HIGHLIGHTS",570,535452,4541,313
22400782,"Golden State Warriors vs Dallas Mavericks - Full Game Highlights | February 12, 2025 NBA Season","https://www.youtube.com/watch?v=QoYO6WFjD3s","QoYO6WFjD3s","The CCB Network",518,89639,1258,77
22400758,"Charlotte Hornets vs Brooklyn Nets Full Game Highlights | Feb 10 | 2025 NBA Season","https://www.youtube.com/watch?v=nbxvjG_elfM","nbxvjG_elfM","Hooper Highlights",561,3478,118,2
22400781,"Los Angeles Lakers vs Utah Jazz Full Game Highlights - February 12, 2025 | NBA Regular Season","https://www.youtube.com/watch?v=Y6zbBx0omnw","Y6zbBx0omnw","GAMETIME HIGHLIGHTS",540,350492,2340,357
22400781,"Los Angeles Lakers vs Utah Jazz - Full Game Highlights | February 12, 2025 NBA Season","https://www.youtube.com/watch?v=R33HrVYO200","R33HrVYO200","The CCB Network",512,58439,713,63
22400808,"Los Angeles Lakers vs Denver Nuggets Full Game Highlights - February 22, 2025 | NBA Regular Season","https://www.youtube.com/watch?v=Y7LSbM7hTXE","Y7LSbM7hTXE","GAMETIME HIGHLIGHTS",579,1921839,18159,957
22400808,"Lakers vs Nuggets | Lakers Highlights | February 22, 2025","https://www.youtube.com/watch?v=m5WooBlZBMI","m5WooBlZBMI","LakeShow Highlights",601,664402,11445,1100
22400808,"Los Angeles Lakers Full Team Highlights vs Nuggets | Feb 22, 2025 | FreeDawkins","https://www.youtube.com/watch?v=-p28dfD7MrI","-p28dfD7MrI","FreeDawkins",591,705007,10327,825
22400808,"Los Angeles Lakers vs Denver Nuggets - Full Game Highlights | February 22, 2025 NBA Season","https://www.youtube.com/watch?v=m_8o4Y2z8kU","m_8o4Y2z8kU","The CCB Network",499,55099,823,42
22400808,"Los Angeles Lakers Full Team DEFENSE Highlights vs Denver Nuggets | February 22, 2025","https://www.youtube.com/watch?v=YgkyNskGHiE","YgkyNskGHiE","Lakeshow Huddle",643,225823,2686,232
22400767,"Phoenix Suns vs Memphis Grizzlies Full Game Highlights | Feb 11 | 2025 NBA Season","https://www.youtube.com/watch?v=bvbQPg89V1I","bvbQPg89V1I","Hooper Highlights",599,11085,375,12
22400767,"Memphis Grizzlies vs Phoenix Suns - Full Game Highlights | February 11, 2025 NBA Season","https://www.youtube.com/watch?v=MeXe9AayBq4","MeXe9AayBq4","The CCB Network",344,13344,213,6
22400797,"Cleveland Cavaliers vs New York Knicks Full Game Highlights - February 21, 2025 |NBA Regular Season","https://www.youtube.com/watch?v=PFwvZ6uf-E0","PFwvZ6uf-E0","GAMETIME HIGHLIGHTS",558,136211,1442,64.0
22400797,"Cleveland Cavaliers VS New York Knicks Game 1st Highlights Feb 21,2025 NBA Season 2024-25","https://www.youtube.com/watch?v=rWi2DBiunLk","rWi2DBiunLk","Yang Moyu, Investment Research Department",612,2450,11,""
22400797,"Cleveland Cavaliers VS New York Knicks Game 2nd Highlights Feb 21,2025 NBA Season 2024-25","https://www.youtube.com/watch?v=uUYsd_IQOTE","uUYsd_IQOTE","Yang Moyu, Investment Research Department",666,3861,14,1.0
22400797,"Cleveland Cavaliers VS New York Knicks Game 4th Highlights Feb 21,2025 NBA Season 2024-25","https://www.youtube.com/watch?v=EHqPRhaWejE","EHqPRhaWejE","Yang Moyu, Investment Research Department",640,2661,17,2.0
22400797,"Cleveland Cavaliers VS New York Knicks Game 3rd Highlights Feb 21,2025 NBA Season 2024-25","https://www.youtube.com/watch?v=Ur_6lIt_DGc","Ur_6lIt_DGc","Yang Moyu, Investment Research Department",588,2080,11,""
22400766,"Chicago Bulls vs Detroit Pistons Full Game Highlights - February 11, 2025 | NBA Regular Season","https://www.youtube.com/watch?v=gb5NuloDa1o","gb5NuloDa1o","GAMETIME HIGHLIGHTS",566,44273,731,76
22400766,"Chicago Bulls Vs Detroit Pistons Game 1st Highlights Feb 11,2025 NBA Season 2024-25","https://www.youtube.com/watch?v=XNOlehoznaQ","XNOlehoznaQ","Yang Moyu, Investment Research Department",663,1377,4,3
22400754,"Milwaukee Bucks vs Philadelphia 76ers Full Game Highlights | Feb 9 | 2025 NBA Season","https://www.youtube.com/watch?v=Q91-ITtSg98","Q91-ITtSg98","Hooper Highlights",598,19338,454,27
22400752,"Detroit Pistons vs Charlotte Hornets Full Game Highlights | Feb 9 | 2025 NBA Season","https://www.youtube.com/watch?v=zr7RsfMMvCs","zr7RsfMMvCs","Hooper Highlights",595,6650,182,4
22400780,"Denver Nuggets vs Portland Trail Blazers Full Game Highlights | Feb 12 | 2025 NBA Season","https://www.youtube.com/watch?v=_lgd1GbHTlk","_lgd1GbHTlk","Hooper Highlights",592,6782,251,21.0
22400780,"Denver Nuggets Vs Portland Trail Blazers Game 1st Highlights Feb 12,2025 NBA Season 2024-25","https://www.youtube.com/watch?v=EM-KTpDVD5s","EM-KTpDVD5s","Yang Moyu, Investment Research Department",664,1412,9,""
22400780,"Denver Nuggets Vs Portland Trail Blazers Game 4th Highlights Feb 12,2025 NBA Season 2024-25","https://www.youtube.com/watch?v=gzXEFqp-uvQ","gzXEFqp-uvQ","Yang Moyu, Investment Research Department",683,1457,8,""
22400773,"New York Knicks vs Atlanta Hawks Full Game Highlights - February 12, 2025 | NBA Regular Season","https://www.youtube.com/watch?v=EjGX-Xnz1c8","EjGX-Xnz1c8","GAMETIME HIGHLIGHTS",582,49776,795,19.0
22400773,"New York Knicks vs Atlanta Hawks Full Game Highlights | Feb 12 | 2025 NBA Season","https://www.youtube.com/watch?v=ZomaKnFHmx4","ZomaKnFHmx4","Hooper Highlights",591,6069,227,12.0
22400773,"Atlanta Hawks vs New York Knicks - Full Game Highlights | February 12, 2025 NBA Season","https://www.youtube.com/watch?v=fvVNIJR7eOE","fvVNIJR7eOE","The CCB Network",516,37098,527,28.0
22400743,"San Antonio Spurs vs Orlando Magic - Full Game Highlights | February 8, 2025 NBA Season","https://www.youtube.com/watch?v=Pdd7Ap02eDI","Pdd7Ap02eDI","The CCB Network",522,131484,1198,67
22401004,"Los Angeles Clippers vs Utah Jazz Full Game Highlights - February 13, 2025 | NBA Regular Season","https://www.youtube.com/watch?v=241c96rVFvg","241c96rVFvg","GAMETIME HIGHLIGHTS",580,144716,1194,70
22401004,"Los Angeles Clippers vs Utah Jazz - Full Game Highlights | February 13, 2025 NBA Season","https://www.youtube.com/watch?v=Porbo7EHa-g","Porbo7EHa-g","The CCB Network",526,21115,305,19
22401004,"Ben Simmons Clippers Debut 12 Points, 7 Rebs, 6 Assists vs Jazz - Feb 13, 2025 I 2024/25 season","https://www.youtube.com/watch?v=TxUPcoGymjE","TxUPcoGymjE","Hoops Showtime",136,9083,65,6
22401004,"Los Angeles Clippers Vs Utah Jazz Game 1st Highlights Feb 13,2025 NBA Season 2024-25","https://www.youtube.com/watch?v=W3l_ue09qAM","W3l_ue09qAM","Yang Moyu, Investment Research Department",635,2639,19,1
22400768,"Los Angeles Lakers vs Utah Jazz Full Game Highlights - February 10, 2025 | NBA Regular Season","https://www.youtube.com/watch?v=XB-B-io6KoA","XB-B-io6KoA","GAMETIME HIGHLIGHTS",582,912881,7818,422
22400768,"Los Angeles Lakers vs Utah Jazz - Full Game Highlights | Feb 10, 2025","https://www.youtube.com/watch?v=M4Wav9TLQ5o","M4Wav9TLQ5o","Raptors Nation",583,1414,15,6
22400751,"LA Clippers vs Utah Jazz Full Game Highlights | Feb 8 | 2025 NBA Season","https://www.youtube.com/watch?v=mkCWqIwzAsc","mkCWqIwzAsc","Hooper Highlights",595,9193,214,5
22400755,"Cleveland Cavaliers vs Minnesota Timberwolves Full Game Highlights | Feb 10 | 2025 NBA Season","https://www.youtube.com/watch?v=pi5s-0B111o","pi5s-0B111o","Hooper Highlights",556,7737,272,8
22400755,"Minnesota Timberwolves vs Cleveland Cavaliers - Full Game Highlights | February 10, 2025 NBA Season","https://www.youtube.com/watch?v=qRDKGrTn-M0","qRDKGrTn-M0","The CCB Network",613,119423,1122,35
22400757,"San Antonio Spurs vs Washington Wizards Full Game Highlights | Feb 10 | 2025 NBA Season","https://www.youtube.com/watch?v=i4-Yr0fDpJ8","i4-Yr0fDpJ8","Hooper Highlights",591,8963,287,12
22400757,"San Antonio Spurs vs Washington wizards - Full Game Highlights | February 10, 2025 NBA Season","https://www.youtube.com/watch?v=7ZitBSeSVsM","7ZitBSeSVsM","The CCB Network",481,107353,1149,68
22400749,"Denver Nuggets vs Phoenix Suns Full Game Highlights | Feb 8 | 2025 NBA Season","https://www.youtube.com/watch?v=0kpjeOK9dBc","0kpjeOK9dBc","Hooper Highlights",581,14551,382,18
22400769,"Boston Celtics vs San Antonio Spurs Full Game Highlights - February 12, 2025 | NBA Regular Season","https://www.youtube.com/watch?v=oxj9OpO_ftI","oxj9OpO_ftI","GAMETIME HIGHLIGHTS",554,216842,1970,138
22400769,"San Antonio Spurs vs Boston Celtics - Full Game Highlights | February 12, 2025 NBA Season","https://www.youtube.com/watch?v=iCd5KyCAJz4","iCd5KyCAJz4","The CCB Network",498,62292,747,20
22400769,"Boston Cetlics vs San Antonio Spurs Full Game Highlights | Feb 12 | 2025 NBA Season","https://www.youtube.com/watch?v=ztx328QZ2mw","ztx328QZ2mw","Hooper Highlights",597,8961,329,13
22400750,"Sacramento Kings vs New Orleans Pelicans Full Game Highlights | Feb 8 | 2025 NBA Season","https://www.youtube.com/watch?v=i5QriBKzwc4","i5QriBKzwc4","Hooper Highlights",587,6271,180,6.0
22400744,"Atlanta Hawks vs Washington Wizards Full Game Highlights | Feb 8 | 2025 NBA Season","https://www.youtube.com/watch?v=cLMEcYppcE0","cLMEcYppcE0","Hooper Highlights",598,4728,129,3.0
22400777,"Sacramento Kings vs New Orleans Pelicans - Full Game Highlights | February 12, 2025 NBA Season","https://www.youtube.com/watch?v=8C4RvAgWHUM","8C4RvAgWHUM","The CCB Network",627,4117,43,""
22400777,"Sacramento Kings vs New Orleans Pelicans Full Game Highlights | Feb 12 | 2025 NBA Season","https://www.youtube.com/watch?v=0lVPpgZCgKA","0lVPpgZCgKA","Hooper Highlights",592,3703,146,5.0
22400777,"Sacramento Kings vs New Orleans Pelicans Full Game Highlights - February 12 | NBA Regular Season","https://www.youtube.com/watch?v=MlLOZ8QMF-4","MlLOZ8QMF-4","GAMETIME HIGHLIGHTS",581,35994,572,7.0
22400760,"Golden State Warriors vs Milwaukee Bucks Full Game Highlights - February 10, 2025|NBA Regular Season","https://www.youtube.com/watch?v=IzUVBtw17sk","IzUVBtw17sk","GAMETIME HIGHLIGHTS",547,919629,7238,205
22400760,"Golden State Warriors vs Milwaukee Bucks - Full Game Highlights | February 10, 2025 NBA Season","https://www.youtube.com/watch?v=h5S-lKn3Xoc","h5S-lKn3Xoc","The CCB Network",487,75815,1020,34
22400762,"Dallas Mavericks vs Sacramento Kings Full Game Highlights | Feb 10 | 2025 NBA Season","https://www.youtube.com/watch?v=mCYiZay8rMQ","mCYiZay8rMQ","Hooper Highlights",598,11531,374,13
22400762,"Sacramento Kings vs Dallas Mavericks - Full Game Highlights | February 10, 2025 NBA Season","https://www.youtube.com/watch?v=8vHWCYM42MM","8vHWCYM42MM","The CCB Network",522,128766,1300,101
22400524,"Los Angeles Lakers vs Charlotte Hornets Full Game Highlights - February 19, 2025 |NBA Regular Season","https://www.youtube.com/watch?v=r_yg0a2eX8Q","r_yg0a2eX8Q","GAMETIME HIGHLIGHTS",547,919990,7084,1200
22400524,"Los Angeles Lakers Full Team Highlights vs Hornets | Feb 19, 2025 | FreeDawkins","https://www.youtube.com/watch?v=n3KZRKHhz8g","n3KZRKHhz8g","FreeDawkins",599,652089,7223,1300
22400524,"Charlotte Hornets vs Los Angeles Lakers - Full Game Highlights | February 19, 2025 NBA Season","https://www.youtube.com/watch?v=x1D7INEM-cY","x1D7INEM-cY","The CCB Network",506,75111,1133,129
22400524,"Los Angeles Lakers VS Charlotte Hornets Game 1st  Highlights Feb 19,2025 NBA Season 2024-25","https://www.youtube.com/watch?v=DRNfgcziTPM","DRNfgcziTPM","Yang Moyu, Investment Research Department",675,34755,190,5
22400524,"Luka Doncic vs Charlotte Hornets Full Highlights 14 PTS 11 REB 8 AST - February 19, 2025 | Lakers","https://www.youtube.com/watch?v=fRkNBXbGuc0","fRkNBXbGuc0","GAMETIME HIGHLIGHTS",152,30711,709,111
22400737,"Miami Heat vs Brooklyn Nets Full Game Highlights | Feb 7 | 2025 NBA Season","https://www.youtube.com/watch?v=oQtrl3vr-fY","oQtrl3vr-fY","Hooper Highlights",590,10504,243,17
22400796,"Los Angeles Lakers vs Portland Trail Blazers Full Game Highlights - February 20 | NBA Regular Season","https://www.youtube.com/watch?v=kkxUTGmF2WE","kkxUTGmF2WE","GAMETIME HIGHLIGHTS",581,515351,4387,304
22400796,"Los Angeles Lakers vs Portland Trail Blazers - Full Game Highlights | February 20 2025 NBA Season","https://www.youtube.com/watch?v=3_K_7LGItvA","3_K_7LGItvA","The CCB Network",515,58377,819,55
22400796,"Los Angeles Lakers vs Portland Trail Blazers Full Game Highlights | Feb 20 | 2025 NBA Season","https://www.youtube.com/watch?v=abktc_5T_a0","abktc_5T_a0","Hooper Highlights",599,13349,256,23
22400796,"Lakers vs Trail Blazers | Lakers Highlights | February 20, 2025","https://www.youtube.com/watch?v=nHAdmtnLeGM","nHAdmtnLeGM","LakeShow Highlights",583,285680,5185,369
22400796,"Los Angeles Lakers Full Team Highlights vs Blazers  | Feb 20, 2025","https://www.youtube.com/watch?v=z0VZGkztHDU","z0VZGkztHDU","FreeDawkins",595,436468,5846,581
22400765,"New York Knicks vs Indiana Pacers Full Game Highlights | Feb 11 | 2025 NBA Season","https://www.youtube.com/watch?v=GeppqcPaJr4","GeppqcPaJr4","Hooper Highlights",576,5822,209,5
22400765,"New York Knicks vs Indiana Pacers Full Game Highlights - February 11, 2025 | NBA Regular Season","https://www.youtube.com/watch?v=Ip7X-cTviQE","Ip7X-cTviQE","GAMETIME HIGHLIGHTS",551,83598,932,38
22400765,"New York Knicks vs Indiana Pacers - Full Game Highlights | February 11, 2025 NBA Season","https://www.youtube.com/watch?v=k0TrrJI0JRI","k0TrrJI0JRI","The CCB Network",504,42962,489,16
2022400252,"Bronny James Highlights (28 PTS) vs Valley Suns | Lakers Highlights | February 7, 2025","https://www.youtube.com/watch?v=ZYkFmn7iZEw","ZYkFmn7iZEw","LakeShow Highlights",259,48757,989,119
22400735,"Cleveland Cavaliers vs Washington Wizards Full Game Highlights | Feb 7 | 2025 NBA Season","https://www.youtube.com/watch?v=FTZDj3MkDow","FTZDj3MkDow","Hooper Highlights",592,8849,238,5
22400740,"Phoenix Suns vs Utah Jazz Full Game Highlights | Feb 7 | 2025 NBA Season","https://www.youtube.com/watch?v=SUfG2vLSJOU","SUfG2vLSJOU","Hooper Highlights",596,6100,200,13
22400753,"Houston Rockets vs Toronto Raptors Full Game Highlights | Feb 9 | 2025 NBA Season","https://www.youtube.com/watch?v=woh6wZBkYyA","woh6wZBkYyA","Hooper Highlights",597,7715,193,3
22400753,"Toronto Raptors vs Houston Rockets - Feb 9, 2025","https://www.youtube.com/watch?v=qB7Mo7m9IEQ","qB7Mo7m9IEQ","Raptors Nation",521,2872,79,9
22400748,"Boston Celtics vs New York Knicks Full Game Highlights | Feb 8 | 2025 NBA Season","https://www.youtube.com/watch?v=g1W77k6Io-g","g1W77k6Io-g","Hooper Highlights",598,9768,333,13
22400748,"Boston Celtics vs New York Knicks - Full Game Highlights | February 8, 2025 | 2024-25 NBA Season","https://www.youtube.com/watch?v=_2JN-bOyH1E","_2JN-bOyH1E","The CCB Network",496,173679,1805,122
22400728,"Boston Celtics vs Dallas Mavericks Full Game Highlights | Feb 6 | 2025 NBA Season","https://www.youtube.com/watch?v=hjCzK7_Xq9o","hjCzK7_Xq9o","Hooper Highlights",580,23120,600,32
22400733,"LA Clippers vs Indiana Pacers Full Game Highlights | Feb 6 | 2025 NBA Season","https://www.youtube.com/watch?v=Th38467f9cE","Th38467f9cE","Hooper Highlights",592,20365,327,16
22400717,"Milwaukee Bucks vs Charlotte Hornets Full Game Highlights | Feb 5 | 2025 NBA Season","https://www.youtube.com/watch?v=U_jndElBqag","U_jndElBqag","Hooper Highlights",587,6551,174,6
22400730,"Denver Nuggets vs Orlando Magic Full Game Highlights | Feb 6 | 2025 NBA Season","https://www.youtube.com/watch?v=E0LHJ-pCOCg","E0LHJ-pCOCg","Hooper Highlights",585,7636,243,14
22400720,"Brooklyn Nets vs Washington Wizards Full Game Highlights | Feb 5 | 2025 NBA Season","https://www.youtube.com/watch?v=DvaDbxV7ke0","DvaDbxV7ke0","Hooper Highlights",597,2607,93,1
22400747,"Minnesota Timberwolves vs Portland Trail Blazers Full Game Highlights | Feb 8 | 2025 NBA Season","https://www.youtube.com/watch?v=7i9PPadBkwA","7i9PPadBkwA","Hooper Highlights",587,7617,245,8
22400747,"Blazers vs Timberwolves - 2/8/2025","https://www.youtube.com/watch?v=ZW0pF38QPHc","ZW0pF38QPHc","Kazekid",357,1413,14,1
22400718,"Cleveland Cavaliers vs Detroit Pistons Full Game Highlights | Feb 5 | 2025 NBA Season","https://www.youtube.com/watch?v=4fJgqMv-Za0","4fJgqMv-Za0","Hooper Highlights",589,6803,247,12
22400723,"Minnesota Timberwolves vs Chicago Bulls Full Game Highlights | Feb 5 | 2025 NBA Season","https://www.youtube.com/watch?v=GG2cNsRxOaY","GG2cNsRxOaY","Hooper Highlights",600,9790,297,13
22400738,"Philadelphia 76ers vs Detroit Pistons Full Game Highlights | Feb 7 | 2025 NBA Season","https://www.youtube.com/watch?v=_fQd-XxZerc","_fQd-XxZerc","Hooper Highlights",598,6439,210,7
22400738,"Philadelphia 76ers vs Detroit Pistons - Full Game Highlights | February 7, 2025 NBA Season","https://www.youtube.com/watch?v=jTIQHBLZi_8","jTIQHBLZi_8","The CCB Network",354,21645,271,11
22400734,"San Antonio Spurs vs Charlotte Hornets Full Game Highlights | Feb 7 | 2025 NBA Season","https://www.youtube.com/watch?v=ztWVn6U47zI","ztWVn6U47zI","Hooper Highlights",582,13674,457,20
22400734,"San Antonio Spurs vs Charlotte Hornets - Full Game Highlights | February 7, 2025 NBA Season","https://www.youtube.com/watch?v=o8dPjzezZYo","o8dPjzezZYo","The CCB Network",493,169453,1776,101
22400739,"Oklahoma City Thunder vs Toronto Raptors Full Game Highlights | Feb 7 | 2025 NBA Season","https://www.youtube.com/watch?v=-BF_D1QVIxA","-BF_D1QVIxA","Hooper Highlights",598,7055,220,9
22400739,"Toronto Raptors vs Oklahoma City Thunder - Feb 7, 2025","https://www.youtube.com/watch?v=3O_VlGAm_sI","3O_VlGAm_sI","Raptors Nation",581,2268,58,8
22400722,"Toronto Raptors vs Memphis Grizzlies - 1st Half Highlights - Feb 5, 2025","https://www.youtube.com/watch?v=QB4j1yn5XS0","QB4j1yn5XS0","Raptors Nation",255,2006,18,2
22400727,"Sacramento Kings vs Orlando Magic Full Game Highlights | Feb 5 | 2025 NBA Season","https://www.youtube.com/watch?v=04AX4DZdddk","04AX4DZdddk","Hooper Highlights",562,9083,249,9
22400736,"Milwaukee Bucks vs Atlanta Hawks Full Game Highlights | Feb 7 | 2025 NBA Season","https://www.youtube.com/watch?v=WBBeOgj44Xg","WBBeOgj44Xg","Hooper Highlights",593,7257,215,6
22400736,"Milwaukee Bucks vs Atlanta Hawks - Full Game Highlights | February 7, 2025 NBA Season","https://www.youtube.com/watch?v=YAcNuLye1Mc","YAcNuLye1Mc","The CCB Network",505,123350,1056,38
22400726,"Denver Nuggets vs New Orleans Pelicans Full Game Highlights | Feb 5 | 2025 NBA Season","https://www.youtube.com/watch?v=WeVXgguzaps","WeVXgguzaps","Hooper Highlights",580,10930,289,17
22400716,"Indiana Pacers vs Portland Trail Blazers Full Game Highlights | Feb 4 | 2025 NBA Season","https://www.youtube.com/watch?v=pQ4Bh_T3OXo","pQ4Bh_T3OXo","Hooper Highlights",569,1711,87,5
22400721,"Miami Heat vs Philadelphia 76ers Full Game Highlights | Feb 5 | 2025 NBA Season","https://www.youtube.com/watch?v=VkU3x_0_658","VkU3x_0_658","Hooper Highlights",596,7217,197,8
22400711,"Houston Rockets vs Brooklyn Nets Full Game Highlights | Feb 4 | 2025 NBA Season","https://www.youtube.com/watch?v=HdOgnr4WHo0","HdOgnr4WHo0","Hooper Highlights",594,4749,185,16
22400731,"Los Angeles Lakers vs Golden State Warriors Full Game Highlights | Feb 6 | 2025 NBA Season","https://www.youtube.com/watch?v=mjkcZfpuhg4","mjkcZfpuhg4","Hooper Highlights",599,25104,789,48
22400731,"Los Angeles Lakers Full Team Highlights vs Warriors | Feb 6, 2025 | FreeDawkins","https://www.youtube.com/watch?v=0BrY76Z0ABs","0BrY76Z0ABs","FreeDawkins",573,1013276,12653,1100
22400714,"Miami Heat vs Chicago Bulls - Full Game Highlights | February 4, 2025 NBA Season","https://www.youtube.com/watch?v=syhAk5jlB3k","syhAk5jlB3k","The CCB Network",623,58704,611,26
22400712,"Dallas Mavericks vs Philadelphia 76ers Full Game Highlights | Feb 4 | 2025 NBA Season","https://www.youtube.com/watch?v=0SLIC9F55wg","0SLIC9F55wg","Hooper Highlights",598,8223,267,13
22400732,"Sacramento Kings vs Portland Trail Blazers Full Game Highlights | Feb 6 | 2025 NBA Season","https://www.youtube.com/watch?v=QKdk0xIHjRo","QKdk0xIHjRo","Hooper Highlights",572,5116,176,8
22400732,"Sacramento Kings vs Portland Trail Blazers - Full Game Highlights | February 6, 2025 NBA Season","https://www.youtube.com/watch?v=0iva8gmtAHQ","0iva8gmtAHQ","The CCB Network",596,51297,513,25
22400715,"Lakers vs Clippers | Lakers Highlights | February 4, 2025","https://www.youtube.com/watch?v=3NQqvLjvrNs","3NQqvLjvrNs","LakeShow Highlights",601,647982,9587,986
22400709,"Phoenix Suns vs Portland Trail Blazers Full Game Highlights | Feb 3 | 2025 NBA Season","https://www.youtube.com/watch?v=onqIVURO2K8","onqIVURO2K8","Hooper Highlights",593,7610,218,7
22400741,"Dallas Mavericks vs Houston Rockets Full Game Highlights - February 8, 2025 | NBA Regular Season","https://www.youtube.com/watch?v=7kPZTldlaK0","7kPZTldlaK0","GAMETIME HIGHLIGHTS",582,1431838,9792,777
22400741,"Dallas Mavericks vs Houston Rockets Full Game Highlights | Feb 8 | 2025 NBA Season","https://www.youtube.com/watch?v=yMKKNIEI7Io","yMKKNIEI7Io","Hooper Highlights",582,12073,424,23
22400741,"Anthony Davis Dallas Mavericks Debut FULL PLAY | Mavs vs Rockets | Feb 8, 2025","https://www.youtube.com/watch?v=AJ7spNcQFWc","AJ7spNcQFWc","FreeDawkins",584,599915,6591,610
22400729,"Minnesota Timberwolves vs Houston Rockets Full Game Highlights | Feb 6 | 2025 NBA Season","https://www.youtube.com/watch?v=3hL84QbltAY","3hL84QbltAY","Hooper Highlights",579,9289,324,6
22400729,"Houston Rockets vs Minnesota Timberwolves - Full Game Highlights | February 6, 2025 NBA Season","https://www.youtube.com/watch?v=64akP3cEpAI","64akP3cEpAI","The CCB Network",513,150762,1667,53
22400724,"Oklahoma City Thunder vs Phoenix Suns Full Game Highlights | Feb 5 | 2025 NBA Season","https://www.youtube.com/watch?v=h6bJ-9p4XMs","h6bJ-9p4XMs","Hooper Highlights",593,9006,291,10
22400724,"Phoenix Suns vs Oklahoma City Thunder - Full Game Highlights | February 5, 2025 | 2024-25 NBA Season","https://www.youtube.com/watch?v=39iYNCqA5JA","39iYNCqA5JA","The CCB Network",499,103282,1059,57
22400725,"Golden State Warriors vs Utah Jazz Full Game Highlights | Feb 5 | 2025 NBA Season","https://www.youtube.com/watch?v=29tx6UGuIaI","29tx6UGuIaI","Hooper Highlights",592,6326,207,17
22400725,"Golden State Warriors vs Utah Jazz - Full Game Highlights | February 5, 2025 NBA Season","https://www.youtube.com/watch?v=NlNk7UNImPA","NlNk7UNImPA","The CCB Network",519,85253,889,74
22400704,"Minnesota Timberwolves vs Sacramento Kings Full Game Highlights | Feb 3 | 2025 NBA Season","https://www.youtube.com/watch?v=edKXNCXqkaA","edKXNCXqkaA","Hooper Highlights",598,12197,297,16
22400705,"Oklahoma City Thunder vs Milwaukee Bucks Full Game Highlights | Feb 3 | 2025 NBA Season","https://www.youtube.com/watch?v=6c6sAjJ4Lcs","6c6sAjJ4Lcs","Hooper Highlights",593,10400,304,11
22400719,"San Antonio Spurs vs Atlanta Hawks Full Game Highlights | Feb 5 | 2025 NBA Season","https://www.youtube.com/watch?v=4-a7JQjwXqI","4-a7JQjwXqI","Hooper Highlights",598,11391,411,21
22400719,"San Antonio Spurs vs Atlanta Hawks - Full Game Highlights | February 5, 2025 NBA Season","https://www.youtube.com/watch?v=F2bSAxxDWCc","F2bSAxxDWCc","The CCB Network",521,183460,1901,112
22400742,"Los Angeles Lakers vs Indiana Pacers Full Game Highlights | Feb 8 | 2025 NBA Season","https://www.youtube.com/watch?v=gVclvUveqLs","gVclvUveqLs","Hooper Highlights",596,11046,363,11
22400742,"Lakers vs Pacers | Lakers Highlights | February 8, 2025","https://www.youtube.com/watch?v=ezw2r2QR7vA","ezw2r2QR7vA","LakeShow Highlights",600,836269,11866,1000
22400742,"Indiana Pacers vs Los Angeles Lakers - Full Game Highlights | February 8, 2025 NBA Season","https://www.youtube.com/watch?v=k2viZMHUCks","k2viZMHUCks","The CCB Network",511,181060,1855,94
22400701,"Atlanta Hawks vs Detroit Pistons Full Game Highlights | Feb 3 | 2025 NBA Season","https://www.youtube.com/watch?v=llQ8dQ-x11A","llQ8dQ-x11A","Hooper Highlights",598,5761,191,6
22400745,"Golden State Warriors vs Chicago Bulls Full Game Highlights | Feb 8 | 2025 NBA Season","https://www.youtube.com/watch?v=UJtAXWL29B4","UJtAXWL29B4","Hooper Highlights",585,20967,673,16
22400745,"Golden State Warriors Full Team Highlights vs Bulls | Butler's Debut | Feb 8, 2025 | FreeDawkins","https://www.youtube.com/watch?v=5Nd0hjVm60w","5Nd0hjVm60w","FreeDawkins",582,2164417,50582,1200
22400745,"Golden State Warriors vs Chicago Bulls - Full Game Highlights | February 8, 2025 NBA Season","https://www.youtube.com/watch?v=TY1Fpn6NOlM","TY1Fpn6NOlM","The CCB Network",496,129984,1723,51
22400706,"Denver Nuggets vs New Orleans Pelicans Full Game Highlights | Feb 3 | 2025 NBA Season","https://www.youtube.com/watch?v=1WYzrL3JBj4","1WYzrL3JBj4","Hooper Highlights",595,10305,297,52
2022400224,"Mac McClung Comes Up Clutch Vs Former Team  (02/02/25) Magic Vs Bluecoats (19 pts 3 asts 4 rebs)","https://www.youtube.com/watch?v=HrXujuXyrnA","HrXujuXyrnA","Mac McClung Mixtapes",130,3367,92,33
22400695,"Detroit Pistons vs Chicago Bulls Full Game Highlights | Feb 2 | 2025 NBA Season","https://www.youtube.com/watch?v=JmbGA6WCGPw","JmbGA6WCGPw","Hooper Highlights",581,4393,154,2
22400696,"Dallas Mavericks vs Cleveland Cavaliers Full Game Highlights | Feb 2 | 2025 NBA Season","https://www.youtube.com/watch?v=xcqXJEe2X_Q","xcqXJEe2X_Q","Hooper Highlights",598,11750,277,19
22400690,"Minnesota Timberwolves vs Washington Wizards Full Game Highlights | Feb 1 | 2025 NBA Season","https://www.youtube.com/watch?v=_smI8yqRCkI","_smI8yqRCkI","Hooper Highlights",574,5675,175,9
22400687,"Orlando Magic vs Utah Jazz Full Game Highlights | Feb 1 | 2025 NBA Season","https://www.youtube.com/watch?v=-sizujW3P5M","-sizujW3P5M","Hooper Highlights",593,2594,83,1
22400710,"Boston Celtics vs Cleveland Cavaliers - Full Game Highlights | February 4, 2025 NBA Season","https://www.youtube.com/watch?v=ryikdl985Vc","ryikdl985Vc","The CCB Network",528,232993,2506,141
22400710,"Boston Celtics vs Cleveland Cavaliers Full Game Highlights | Feb 4 | 2025 NBA Season","https://www.youtube.com/watch?v=YBf4DMSviuE","YBf4DMSviuE","Hooper Highlights",590,6313,279,16
22400689,"Houston Rockets vs Brooklyn Nets Full Game Highlights | Feb 1 | 2025 NBA Season","https://www.youtube.com/watch?v=bS6iP_sR7iQ","bS6iP_sR7iQ","Hooper Highlights",585,4638,137,2
22400693,"Miami Heat vs San Antonio Spurs - Full Game Highlights | February 1, 2025 | 2024-25 NBA Season","https://www.youtube.com/watch?v=N4xV7aYkS14","N4xV7aYkS14","The CCB Network",621,74167,811,42
22400694,"Phoenix Suns vs Portland Trail Blazers Full Game Highlights | Feb 1 | 2025 NBA Season","https://www.youtube.com/watch?v=14y-MmJogME","14y-MmJogME","Hooper Highlights",596,4545,139,6
22400703,"Memphis Grizzlies vs San Antonio Spurs Full Game Highlights | Feb 3 | 2025 NBA Season","https://www.youtube.com/watch?v=wOUsKasF1E0","wOUsKasF1E0","Hooper Highlights",587,9744,298,5
22400703,"San Antonio Spurs vs Memphis Grizzlies - Full Game Highlights | February 3, 2025 NBA Season","https://www.youtube.com/watch?v=PLMsLVGahPk","PLMsLVGahPk","The CCB Network",500,135579,1324,36
22400691,"Sacramento Kings vs Oklahoma City Thunder - Full Game Highlights | Feb 1, 2025 | 2024-25 NBA Season","https://www.youtube.com/watch?v=Wlv79sXDvmc","Wlv79sXDvmc","The CCB Network",633,73613,719,18
22400686,"Atlanta Hawks vs Indiana Pacers - Full Game Highlights | February 1, 2025 | 2024-25 NBA Season","https://www.youtube.com/watch?v=wVaJTnMsmkM","wVaJTnMsmkM","The CCB Network",717,25178,265,5
22400708,"Golden State Warriors vs Orlando Magic Full Game Highlights | Feb 3 | 2025 NBA Season","https://www.youtube.com/watch?v=_LnVCkRdIA8","_LnVCkRdIA8","Hooper Highlights",585,8435,296,9
22400708,"Orlando Magic vs Golden State Warriors - Full Game Highlights | February 3, 2025 NBA Season","https://www.youtube.com/watch?v=U7qDYOm-UQI","U7qDYOm-UQI","The CCB Network",491,81088,976,30
22400681,"Denver Nuggets vs Philadelphia 76ers Full Game Highlights | Jan 31 | 2025 NBA Season","https://www.youtube.com/watch?v=-DaYPNdJ9IA","-DaYPNdJ9IA","Hooper Highlights",597,11854,341,30
22400700,"Charlotte Hornets vs Washington Wizards Full Game Highlights | Feb 3 | 2025 NBA Season","https://www.youtube.com/watch?v=tH_RLuDTIUw","tH_RLuDTIUw","Hooper Highlights",596,2796,109,4
22400700,"Washington Wizards vs Charlotte Hornets - Full Game Highlights | Feb 3, 2025 | 2024-25 NBA Season","https://www.youtube.com/watch?v=FvAKF2MjcBQ","FvAKF2MjcBQ","The CCB Network",626,20292,229,8
22400677,"Minnesota Timberwolves vs Utah Jazz Full Game Highlights | Jan 30 | 2025 NBA Season","https://www.youtube.com/watch?v=anHXar2t3z8","anHXar2t3z8","Hooper Highlights",591,4834,169,2
22400685,"Phoenix Suns vs Golden State Warriors - Full Game Highlights | January 31, 2025 | 2024-25 NBA Season","https://www.youtube.com/watch?v=QPEmjE3URdM","QPEmjE3URdM","The CCB Network",632,292428,2449,103
22400680,"Dallas Mavericks vs Detroit Pistons Full Game Highlights | Jan 31 | 2025 NBA Season","https://www.youtube.com/watch?v=GgzueC7bE30","GgzueC7bE30","Hooper Highlights",558,5912,192,9
22400702,"New York Knicks vs Houston Rockets Full Game Highlights | Feb 3 | 2025 NBA Season","https://www.youtube.com/watch?v=ci3cSFD-9v4","ci3cSFD-9v4","Hooper Highlights",594,6538,257,16
22400702,"Houston Rockets vs New York Knicks - Full Game Highlights | February 3, 2025 NBA Season","https://www.youtube.com/watch?v=N75IggoIHBQ","N75IggoIHBQ","The CCB Network",516,113505,1277,32
22400669,"Sacramento Kings vs Philadelphia 76ers Full Game Highlights | Jan 29 | 2025 NBA Season","https://www.youtube.com/watch?v=s5LA3FNZPK8","s5LA3FNZPK8","Hooper Highlights",594,5546,173,3
22400713,"New York Knicks vs Toronto Raptors Full Game Highlights | Feb 4 | 2025 NBA Season","https://www.youtube.com/watch?v=-D23TeHphm0","-D23TeHphm0","Hooper Highlights",593,2850,99,4.0
22400713,"New York Knicks vs Toronto Raptors - Full Game Highlights | February 4, 2025 | 2024-25 NBA Season","https://www.youtube.com/watch?v=Ww61c4GkpBY","Ww61c4GkpBY","The CCB Network",499,40378,476,23.0
22400713,"Toronto Raptors vs New York Knicks - 1st Half Highlights - Feb 4, 2025","https://www.youtube.com/watch?v=XBVtfQ4Z1Ro","XBVtfQ4Z1Ro","Raptors Nation",216,2247,17,""
22400698,"Boston Celtics vs Philadelphia 76ers Full Game Highlights | Feb 2 | 2025 NBA Season","https://www.youtube.com/watch?v=luUUjfWlC9I","luUUjfWlC9I","Hooper Highlights",593,8750,312,15.0
22400698,"Boston Celtics vs Philadelphia 76ers - Full Game Highlights | February 2, 2025 NBA Season","https://www.youtube.com/watch?v=YQeKo-8p8Gk","YQeKo-8p8Gk","The CCB Network",508,129444,1524,73.0
22400678,"Portland Trail Blazers vs Orlando Magic Full Game Highlights | Jan 30 | 2025 NBA Season","https://www.youtube.com/watch?v=dsnabYQ0jjk","dsnabYQ0jjk","Hooper Highlights",597,4760,117,9.0
22400699,"Milwaukee Bucks vs Memphis Grizzlies Full Game Highlights | Feb 2 | 2025 NBA Season","https://www.youtube.com/watch?v=OGIet3juUxA","OGIet3juUxA","Hooper Highlights",598,8967,235,11
22400699,"Memphis Grizzlies vs Milwaukee Bucks - Full Game Highlights | February 2, 2025 | 2024-25 NBA Season","https://www.youtube.com/watch?v=lVe1y-5i8B8","lVe1y-5i8B8","The CCB Network",484,92343,981,39
22400688,"Denver Nuggets vs Charlotte Hornets - Full Game Highlights | February 1, 2025 | 2024-25 NBA Season","https://www.youtube.com/watch?v=yvm5HPLBcZE","yvm5HPLBcZE","The CCB Network",725,61713,635,30
22400688,"Denver Nuggets vs Charlotte Hornets Full Game Highlights | Feb 1 | 2025 NBA Season","https://www.youtube.com/watch?v=Dsi6MhWOkCs","Dsi6MhWOkCs","Hooper Highlights",595,5707,187,8
22400692,"Los Angeles Lakers vs New York Knicks - Full Game Highlights | February 1, 2025 | 2024-25 NBA Season","https://www.youtube.com/watch?v=pAHbbzQ5cdk","pAHbbzQ5cdk","The CCB Network",689,318791,3561,184
22400692,"Lakers vs Knicks | Lakers Highlights | February 1, 2025","https://www.youtube.com/watch?v=jigLYJUybr4","jigLYJUybr4","LakeShow Highlights",601,535696,8089,1000
22400670,"Dallas Mavericks vs New Orleans Pelicans Full Game Highlights | Jan 29 | 2025 NBA Season","https://www.youtube.com/watch?v=IArpFYmRWCk","IArpFYmRWCk","Hooper Highlights",598,12425,316,8
22400679,"Los Angeles Clippers vs Charlotte Hornets - Full Game Highlights | Jan 31, 2025 | 2024-25 NBA Season","https://www.youtube.com/watch?v=1EP3icjDuho","1EP3icjDuho","The CCB Network",636,48323,498,14
22400679,"LA Clippers vs Charlotte Hornets Full Game Highlights | Jan 31 | 2025 NBA Season","https://www.youtube.com/watch?v=4Yjr0z1Sz1o","4Yjr0z1Sz1o","Hooper Highlights",593,5326,168,4
22400672,"Phoenix Suns vs Minnesota Timberwolves Full Game Highlights | Jan 29 | 2025 NBA Season","https://www.youtube.com/watch?v=Qm98RCWUKgo","Qm98RCWUKgo","Hooper Highlights",597,13550,396,11
22400667,"Cleveland Cavaliers vs Miami Heat Full Game Highlights | Jan 29 | 2025 NBA Season","https://www.youtube.com/watch?v=I0naz0hfSLM","I0naz0hfSLM","Hooper Highlights",598,3816,139,2
22400671,"LA Clippers vs San Antonio Spurs Full Game Highlights | Jan 29 | 2025 NBA Season","https://www.youtube.com/watch?v=cN3js1Vayog","cN3js1Vayog","Hooper Highlights",598,20438,466,23
22400661,"Golden State Warriors Full Team Highlights vs Jazz | Jan 28, 2025 | FreeDawkins","https://www.youtube.com/watch?v=X_BreR8ComQ","X_BreR8ComQ","FreeDawkins",570,406809,6029,291
2022400191,"Mac McClung Scores Game High 29 In Win (01/28/25) Magic Vs Sky Hawks (29 pts 7 assists 6 rebounds)","https://www.youtube.com/watch?v=cUA3pPuEtUM","cUA3pPuEtUM","Mac McClung Mixtapes",200,7134,117,55
22400683,"Boston Celtics vs New Orleans Pelicans Full Game Highlights | Jan 31 | 2025 NBA Season","https://www.youtube.com/watch?v=WY9_mZYl49c","WY9_mZYl49c","Hooper Highlights",545,6231,216,12
22400683,"Boston Celtics vs New Orleans Pelicans - Full Game Highlights | Jan 31, 2025 | 2024-25 NBA Season","https://www.youtube.com/watch?v=nL1P58c7z5g","nL1P58c7z5g","The CCB Network",636,90646,930,47
22400676,"Houston Rockets vs Memphis Grizzlies - Full Game Highlights | January 30, 2025 | 2024-25 NBA Season","https://www.youtube.com/watch?v=McojVcHX3UE","McojVcHX3UE","The CCB Network",579,10519,138,3
22400676,"Memphis Grizzlies vs Houston Rockets Full Game Highlights | Jan 30 | 2025 NBA Season","https://www.youtube.com/watch?v=QlyKCRNtgmk","QlyKCRNtgmk","Hooper Highlights",597,9925,353,18
22400697,"LA Clippers vs Toronto Raptors Full Game Highlights | Feb 2 | 2025 NBA Season","https://www.youtube.com/watch?v=a7ThS2q0amo","a7ThS2q0amo","Hooper Highlights",598,3957,133,9
22400697,"Los Angeles Clippers vs Toronto Raptors - Full Game Highlights | February 2, 2025 NBA Season","https://www.youtube.com/watch?v=3wQfj39mJzo","3wQfj39mJzo","The CCB Network",501,56377,498,17
22400697,"Toronto Raptors vs Los Angeles Clippers - Feb 2, 2025","https://www.youtube.com/watch?v=AjB3OZUGS8U","AjB3OZUGS8U","Raptors Nation",583,22713,234,30
22400675,"Cleveland Cavaliers vs Atlanta Hawks Full Game Highlights | Jan 30 | 2025 NBA Season","https://www.youtube.com/watch?v=NRZjnDuWJto","NRZjnDuWJto","Hooper Highlights",570,5270,194,4
22400675,"Atlanta Hawks vs Cleveland Cavaliers - Full Game Highlights | January 30, 2025 NBA Season","https://www.youtube.com/watch?v=EkRceBGw-mQ","EkRceBGw-mQ","The CCB Network",498,49765,535,10
22400649,"Cleveland Cavaliers vs Detroit Pistons Full Game Highlights | Jan 27 | 2025 NBA Season","https://www.youtube.com/watch?v=3w5Ar5T3S5k","3w5Ar5T3S5k","Hooper Highlights",557,5234,160,3
22400658,"Milwaukee Bucks vs Utah Jazz Full Game Highlights | Jan 27 | 2025 NBA Season","https://www.youtube.com/watch?v=2Nv54f9Y4Rc","2Nv54f9Y4Rc","Hooper Highlights",594,7025,183,14.0
22400657,"Dallas Mavericks vs Washington Wizards Full Game Highlights | Jan 27 | 2025 NBA Season","https://www.youtube.com/watch?v=YPMXzvo0cjY","YPMXzvo0cjY","Hooper Highlights",594,7794,192,7.0
22400666,"Boston Celtis vs Chicago Bulls Full Game Highlights | Jan 29 | 2025 NBA Season","https://www.youtube.com/watch?v=UJTnWw3B8NE","UJTnWw3B8NE","Hooper Highlights",565,6587,240,6.0
22400666,"Chicago Bulls vs Boston Celtics | Full Game Highlights | 29 January 2025","https://www.youtube.com/watch?v=L5gHaaRL3fQ","L5gHaaRL3fQ","Ares Highlights",578,1658,21,""
22400673,"Golden State Warriors vs Oklahoma City Thunder Full Game Highlights | Jan 29 | 2025 NBA Season","https://www.youtube.com/watch?v=y5H7jDCCNos","y5H7jDCCNos","Hooper Highlights",572,18125,604,18
22400673,"Golden State Warriors Full Team Highlights vs Thunder | Jan 29, 2025 | FreeDawkins","https://www.youtube.com/watch?v=Hy8xTVT_yKo","Hy8xTVT_yKo","FreeDawkins",582,744628,12692,653
22400665,"Toronto Raptors vs Washington Wizards - 1st Half Highlights - Jan 29, 25","https://www.youtube.com/watch?v=zS8Ht9RTRaM","zS8Ht9RTRaM","Raptors Nation",261,2797,36,2
22400665,"Toronto Raptors vs Washington Wizards - Jan 29, 2025","https://www.youtube.com/watch?v=Bva7TMUOu7E","Bva7TMUOu7E","Raptors Nation",546,15839,211,37
22400664,"Indiana Pacers vs Detroit Pistons Full Game Highlights | Jan 29 | 2025 NBA Season","https://www.youtube.com/watch?v=kNRpEcGa1sk","kNRpEcGa1sk","Hooper Highlights",598,2863,112,2
22400664,"Detroit Pistons vs Indiana Pacers - Full Game Highlights | January 29, 2025 NBA Season","https://www.youtube.com/watch?v=SYEkhNP4xC4","SYEkhNP4xC4","The CCB Network",742,42129,408,10
2022400181,"Mac McClung Hits Game Winner In Overtime! (01/26/25) Magic Vs Celtics (29 pts 4 assists 4 rebounds)","https://www.youtube.com/watch?v=mmzWX-FeYFc","mmzWX-FeYFc","Mac McClung Mixtapes",158,21956,233,176
22400684,"Milwaukee Bucks vs San Antonio Spurs Full Game Highlights | Jan 31 | 2025 NBA Season","https://www.youtube.com/watch?v=NjK-cMvcoeU","NjK-cMvcoeU","Hooper Highlights",566,20751,496,30
22400684,"MILWAUKEE BUCKS vs SAN ANTONIO SPURS | FULL GAME HIGHLIGHTS | January 31, 2025 [1080p]","https://www.youtube.com/watch?v=zvfpqKYkA88","zvfpqKYkA88","NBA Highlights",567,5040,68,7
22400684,"Milwaukee Bucks vs San Antonio Spurs | Full Game Highlights | 31 January 2025","https://www.youtube.com/watch?v=s8bVNhEfJU0","s8bVNhEfJU0","Ares Highlights",551,3499,39,2
22400655,"Denver Nuggets vs Chicago Bulls - Full Game Highlights | January 27, 2025 | 2024-25 NBA Season","https://www.youtube.com/watch?v=oCqMsKKeAPg","oCqMsKKeAPg","The CCB Network",498,130526,1254,85
22400663,"Brooklyn Nets vs Charlotte Hornets - Full Game Highlights | January 29, 2025 NBA Season","https://www.youtube.com/watch?v=QoDvsMUEC0g","QoDvsMUEC0g","The CCB Network",604,27940,270,11
22400663,"Brooklyn Nets vs Charlotte Hornets Full Game Highlights | Jan 29 | 2025 NBA Season","https://www.youtube.com/watch?v=NlY47MCqTFc","NlY47MCqTFc","Hooper Highlights",588,2440,98,3
22400653,"New York Knicks vs Memphis Grizzlies Full Game Highlights | Jan 27 | 2025 NBA Season","https://www.youtube.com/watch?v=UaA1CgCOXFk","UaA1CgCOXFk","Hooper Highlights",597,5377,204,9
22400653,"Memphis Grizzlies vs New York Knicks - Full Game Highlights | January 27, 2025 NBA Season","https://www.youtube.com/watch?v=vqDK6boYkww","vqDK6boYkww","The CCB Network",513,125256,1405,48
22400659,"Los Angeles Clippers vs Phoenix Suns - Full Game Highlights | January 27, 2025 | 2024-25 NBA Season","https://www.youtube.com/watch?v=_spW4cZcFN0","_spW4cZcFN0","The CCB Network",508,182876,1715,58
22400659,"Phoenix Suns vs LA Clippers Full Game Highlights | Jan 27 | 2025 NBA Season","https://www.youtube.com/watch?v=XhyEVsFFqhc","XhyEVsFFqhc","Hooper Highlights",591,8619,277,5
22400638,"Detroit Pistons vs Orlando Magic Full Game Highlights | Jan 25 | 2025 NBA Season","https://www.youtube.com/watch?v=56BpLa9PlFY","56BpLa9PlFY","Hooper Highlights",598,4225,122,2
22400637,"New Orleans Pelicans vs Charlotte Hornets - Full Game Highlights | January 25, 2025 NBA Season","https://www.youtube.com/watch?v=Eg20hs717nk","Eg20hs717nk","The CCB Network",495,21219,287,15
22400636,"Miami Heat vs Brooklyn Nets Full Game Highlights | Jan 25 | 2025 NBA Season","https://www.youtube.com/watch?v=5H6UHGD96uQ","5H6UHGD96uQ","Hooper Highlights",598,5213,122,3
22400652,"Miami Heat vs Orlando Magic Full Game Highlights | Jan 27 | 2025 NBA Season","https://www.youtube.com/watch?v=AEvJsmx6CI0","AEvJsmx6CI0","Hooper Highlights",590,7793,221,2
22400652,"Tyler Herro 30 PTS 12 AST 8 REB 🔥 | Orlando Magic vs. Miami HEAT | January 27, 2025","https://www.youtube.com/watch?v=svwyefv4cjU","svwyefv4cjU","Miami HEAT",528,8764,210,32
22400532,"Atlanta Hawks vs Houston Rockets Full Game Highlights | Jan 28 | 2025 NBA Season","https://www.youtube.com/watch?v=8FDcn3UXt2w","8FDcn3UXt2w","Hooper Highlights",571,5608,197,5.0
22400532,"Houston Rockets vs Atlanta Hawks - Full Game Highlights | January 28, 2025 NBA Season","https://www.youtube.com/watch?v=lpWg7Vaae2s","lpWg7Vaae2s","The CCB Network",587,79672,785,29.0
22400634,"Denver Nuggets vs Minnesota Timberwolves Full Game Highlights | Jan 25 | 2025 NBA Season","https://www.youtube.com/watch?v=hq3jOOU5l8k","hq3jOOU5l8k","Hooper Highlights",574,9082,283,12.0
22400651,"Sacramento Kings vs Brooklyn Nets Full Game Highlights | Jan 27 | 2025 NBA Season","https://www.youtube.com/watch?v=nzHK9_L83UE","nzHK9_L83UE","Hooper Highlights",594,3505,112,1.0
22400651,"Sacramento Kings vs Brooklyn Nets | Full Game Highlights | 27 January 2025","https://www.youtube.com/watch?v=aVcXhtpXP60","aVcXhtpXP60","Ares Highlights",578,1110,4,""
22400674,"Los Angeles Lakers vs Washington Wizards - Full Game Highlights | January 30, 2025 NBA Season","https://www.youtube.com/watch?v=yDSXDesY5Cw","yDSXDesY5Cw","The CCB Network",509,87432,1057,32
22400674,"Lakers vs Wizards | Lakers Highlights | January 30, 2025","https://www.youtube.com/watch?v=W_A8rWh33oU","W_A8rWh33oU","LakeShow Highlights",598,227543,4367,331
22400674,"Los Angeles Lakers Full Team Highlights vs Wizards | Jan 30, 2025 | FreeDawkins","https://www.youtube.com/watch?v=c60Dnjanfhg","c60Dnjanfhg","FreeDawkins",596,451551,6109,318
22400682,"Chicago Bulls vs Toronto Raptors Full Game Highlights | Jan 31 | 2025 NBA Season","https://www.youtube.com/watch?v=zxI-a6uHUqs","zxI-a6uHUqs","Hooper Highlights",590,4819,143,""
22400682,"Toronto Raptors vs Chicago Bulls - Jan 31, 2025","https://www.youtube.com/watch?v=I_qVE5rgNmU","I_qVE5rgNmU","Raptors Nation",582,14326,100,9.0
22400682,"Toronto Raptors vs Chicago Bulls - 1st Half Highlights - Jan 31, 2025","https://www.youtube.com/watch?v=aHz3sHjEtuA","aHz3sHjEtuA","Raptors Nation",258,2131,19,1.0
22400682,"Matas Buzelis 12 pts 7 reb 3 blk vs Toronto Raptors | 2025-01-31","https://www.youtube.com/watch?v=LCUD4ktVMyY","LCUD4ktVMyY","NBA Rookie Highlights",240,1217,17,2.0
22400654,"New Orleans Pelicans vs Toronto Raptors Full Game Highlights | Jan 27 | 2025 NBA Season","https://www.youtube.com/watch?v=GhAPZsQKrjA","GhAPZsQKrjA","Hooper Highlights",577,2720,86,""
22400654,"Toronto Raptors vs New Orleans Pelicans - Jan 27, 2025","https://www.youtube.com/watch?v=1ABv4z-9AfY","1ABv4z-9AfY","Raptors Nation",582,19820,230,42.0
2022400172,"Bronny James 31 PTS (Career High) Highlights vs Rip City | Lakers Highlights | January 24, 2025","https://www.youtube.com/watch?v=mjEFim6yYgs","mjEFim6yYgs","LakeShow Highlights",337,38430,1120,103.0
22400626,"Denver Nuggets vs Sacramento Kings Full Game Highlights | Jan 23 | 2025 NBA Season","https://www.youtube.com/watch?v=kFfe0lhMCcM","kFfe0lhMCcM","Hooper Highlights",598,10509,329,29
22400643,"Utah Jazz vs Memphis Grizzlies Full Game Highlights | Jan 25 | 2025 NBA Season","https://www.youtube.com/watch?v=pgw0p-l1ps8","pgw0p-l1ps8","Hooper Highlights",599,3131,110,1
22400643,"Utah Jazz vs Memphis Grizzlies - Full Game Highlights | January 25, 2025 NBA Season","https://www.youtube.com/watch?v=OTahaNBQYCw","OTahaNBQYCw","The CCB Network",479,32915,412,8
22400647,"Oklahoma City Thunder vs Portland Trail Blazers - Full Game Highlights | January 26, 2025 NBA Season","https://www.youtube.com/watch?v=M8aGKMPlISo","M8aGKMPlISo","The CCB Network",682,62009,615,21
22400647,"Oklahoma City Thunder vs Portland Trail Blazers Full Game Highlights | Jan 26 | 2025 NBA Season","https://www.youtube.com/watch?v=dxQZ0xrZycQ","dxQZ0xrZycQ","Hooper Highlights",593,5500,173,11
22400648,"Los Angeles Lakers vs Charlotte Hornets Full Game Highlights | Jan 27 | 2025 NBA Season","https://www.youtube.com/watch?v=LB6Eb2YQpN0","LB6Eb2YQpN0","Hooper Highlights",595,8045,255,9
22400648,"Los Angeles Lakers vs Charlotte Hornets - Full Game Highlights | January 27, 2025 NBA Season","https://www.youtube.com/watch?v=T5MJvf63XLY","T5MJvf63XLY","The CCB Network",521,103553,1269,45
22400648,"Los Angeles Lakers Full Team Highlights vs Hornets | Jan 27, 2025 | FreeDawkins","https://www.youtube.com/watch?v=Wu8D53O0U3w","Wu8D53O0U3w","FreeDawkins",591,400680,5639,256
22400622,"Orlando Magic vs Portland Trail Blazers Full Game Highlights | Jan 23 | 2025 NBA Season","https://www.youtube.com/watch?v=XVgUiBIIHXo","XVgUiBIIHXo","Hooper Highlights",577,2935,95,3
22400639,"Toronto Raptors vs Atlanta Hawks Full Game Highlights | Jan 25 | 2025 NBA Season","https://www.youtube.com/watch?v=-Slq9m-ohBQ","-Slq9m-ohBQ","Hooper Highlights",583,2347,87,2
22400639,"Toronto Raptors vs Atlanta Hawks - 1st Half Highlights - Jan 25, 2025","https://www.youtube.com/watch?v=sfk9SOAG76I","sfk9SOAG76I","Raptors Nation",299,2578,32,5
22400641,"Sacramento Kings vs New York Knicks Full Game Highlights | Jan 25 | 2025 NBA Season","https://www.youtube.com/watch?v=Ht5BFQB66L8","Ht5BFQB66L8","Hooper Highlights",599,4329,153,""
22400641,"Sacramento Kings vs New York Knicks - Full Game Highlights | January 25, 2025 NBA Season","https://www.youtube.com/watch?v=VINkYvnhW8s","VINkYvnhW8s","The CCB Network",511,61951,641,19.0
22400620,"Boston Celtics vs LA Clippers Full Game Highlights | Jan 22 | 2025 NBA Season","https://www.youtube.com/watch?v=2raMck4HpC0","2raMck4HpC0","Hooper Highlights",593,10743,327,29.0
22400650,"Boston Celtics vs Houston Rockets Full Game Highlights | Jan 27 | 2025 NBA Season","https://www.youtube.com/watch?v=CcaZv1ZaWGs","CcaZv1ZaWGs","Hooper Highlights",593,8957,363,23.0
22400650,"Houston Rockets vs Boston Celtics - Full Game Highlights | January 27, 2025 | 2024-25 NBA Season","https://www.youtube.com/watch?v=GYxjAeGTKYg","GYxjAeGTKYg","The CCB Network",509,147049,1846,144.0
22400650,"Houston Rockets vs Boston Celtics GAME HIGHLIGHTS | 27/01/2025 NBA FULL Game Highlights #nba","https://www.youtube.com/watch?v=NZBvi4E0i_w","NZBvi4E0i_w","Sarang Media",608,1224,6,""
22400635,"Boston Celtics vs Dallas Mavericks Full Game Highlights | Jan 25 | 2025 NBA Season","https://www.youtube.com/watch?v=BpRz-JIhXk4","BpRz-JIhXk4","Hooper Highlights",595,7707,229,7.0
22400635,"Boston Celtics vs Dallas Mavericks - Full Game Highlights | January 25, 2025 | 2024-25 NBA Season","https://www.youtube.com/watch?v=R56OYNI7_Kw","R56OYNI7_Kw","The CCB Network",513,155100,1448,70.0
22400631,"Cleveland Cavaliers vs Philadelphia 76ers Full Game Highlights | Jan 24 | 2025 NBA Season","https://www.youtube.com/watch?v=9_3JmE-WlLQ","9_3JmE-WlLQ","Hooper Highlights",597,6881,259,13
22400631,"Cleveland Cavaliers vs Philadelphia 76ers - Full Game Highlights | January 24, 2025 NBA Season","https://www.youtube.com/watch?v=_ul05b03_fE","_ul05b03_fE","The CCB Network",512,104065,1077,35
22400646,"Milwaukee Bucks vs LA Clippers Full Game Highlights | Jan 25 | 2025 NBA Season","https://www.youtube.com/watch?v=gCU_mgIzbHs","gCU_mgIzbHs","Hooper Highlights",591,18733,456,18
22400646,"Milwaukee Bucks vs LA Clippers GAME HIGHLIGHTS | 25/01/2025 NBA FULL Game Highlights #nba","https://www.youtube.com/watch?v=ZxDvItK_vZ4","ZxDvItK_vZ4","Sarang Media",602,1846,10,1
22400614,"Minnesota Timberwolves vs Dallas Mavericks - Full Game Highlights | January 22, 2025 NBA Season","https://www.youtube.com/watch?v=L7v5hct8YeU","L7v5hct8YeU","The CCB Network",516,141068,1380,58
22400645,"Phoenix Suns vs Washington Wizards Full Game Highlights | Jan 25 | 2025 NBA Season","https://www.youtube.com/watch?v=gBe-InhBeZk","gBe-InhBeZk","Hooper Highlights",580,3904,142,6
22400645,"Washington Wizards vs Phoenix Suns - Full Game Highlights | January 25, 2025 NBA Season","https://www.youtube.com/watch?v=U4Zi9dTyGaU","U4Zi9dTyGaU","The CCB Network",509,60401,591,18
22400642,"Philadelphia 76ers vs Chicago Bulls Full Game Highlights | Jan 25 | 2025 NBA Season","https://www.youtube.com/watch?v=njVa9MTMINU","njVa9MTMINU","Hooper Highlights",581,3118,127,4
22400642,"Philadelphia 76ers vs Chicago Bulls - Full Game Highlights | January 25, 2025 | 2024-25 NBA Season","https://www.youtube.com/watch?v=STAy6rqH4Yc","STAy6rqH4Yc","The CCB Network",486,35864,407,14
22400632,"Memphis Grizzlies vs New Orleans Pelicans Full Game Highlights | Jan 24 | 2025 NBA Season","https://www.youtube.com/watch?v=aR1F2P2KF7I","aR1F2P2KF7I","Hooper Highlights",584,5393,174,4.0
22400632,"New Orleans Pelicans vs Memphis Grizzlies - Full Game Highlights | January 24, 2025 NBA Season","https://www.youtube.com/watch?v=1MYdNc49UD8","1MYdNc49UD8","The CCB Network",601,47996,527,8.0
22400660,"Los Angeles Lakers vs Philadelphia 76ers Full Game Highlights | Jan 28 | 2025 NBA Season","https://www.youtube.com/watch?v=vrJhuJ0YDzs","vrJhuJ0YDzs","Hooper Highlights",597,8845,301,26.0
22400660,"Los Angeles Lakers vs Philadelphia 76ers - Full Game Highlights | January 28, 2025 NBA Season","https://www.youtube.com/watch?v=IJAlbCvVxUA","IJAlbCvVxUA","The CCB Network",519,131884,1336,121.0
22400660,"Los Angeles Lakers Full Team Highlights vs 76ers | Jan 28, 2025 | FreeDawkins","https://www.youtube.com/watch?v=WBKwzfKtWq0","WBKwzfKtWq0","FreeDawkins",540,261714,2988,420.0
22400660,"Los Angeles Lakers vs Philadelphia 76ers Game Highlights |28/01/2025 Full Game Highlights #nba","https://www.youtube.com/watch?v=NojUNRojgrE","NojUNRojgrE","Sarang Media",563,1032,7,""
22400625,"Oklahoma City Thunder vs Dallas Mavericks Full Game Highlights | Jan 23 | 2025 NBA Season","https://www.youtube.com/watch?v=cyuNg4o4w_w","cyuNg4o4w_w","Hooper Highlights",598,7592,272,11.0
22400625,"Dallas Mavericks vs Oklahoma City Thunder - Full Game Highlights | January 23, 2025 NBA Season","https://www.youtube.com/watch?v=lrfiWELP5I0","lrfiWELP5I0","The CCB Network",516,153680,1676,171.0
22400613,"Phoenix Suns vs Brooklyn Nets Full Game Highlights | Jan 22 | 2025 NBA Season","https://www.youtube.com/watch?v=6GcWDxwMamU","6GcWDxwMamU","Hooper Highlights",597,3870,122,""
22400630,"Charlotte Hornets vs Portland Trail Blazers Full Game Highlights | Jan 24 | 2025 NBA Season","https://www.youtube.com/watch?v=vqS43L58W50","vqS43L58W50","Hooper Highlights",572,2909,114,2
22400630,"Portland Trail Blazers vs Charlotte Hornets - Full Game Highlights | January 24, 2025 NBA Season","https://www.youtube.com/watch?v=xzgHUUQ8_BE","xzgHUUQ8_BE","The CCB Network",624,26690,310,2
22400604,"Boston Celtics vs Golden State Warriors - Full Game Highlights | January 20, 2025 NBA Season","https://www.youtube.com/watch?v=bs9H5LS4X3A","bs9H5LS4X3A","The CCB Network",470,261631,2189,209
22400616,"Memphis Grizzlies vs Charlotte Hornets Full Game Highlights | Jan 22 | 2025 NBA Season","https://www.youtube.com/watch?v=RTWhffKm2qo","RTWhffKm2qo","Hooper Highlights",592,6111,165,1
22400616,"Charlotte Hornets vs Memphis Grizzlies - Full Game Highlights | January 22, 2025 NBA Season","https://www.youtube.com/watch?v=_7Ov5NI06Q0","_7Ov5NI06Q0","The CCB Network",522,52361,611,14
22400605,"Utah Jazz vs New Orleans Pelicans | Full Game Highlights | 20 January 2025","https://www.youtube.com/watch?v=3BY8QMpcsQE","3BY8QMpcsQE","Ares Highlights",554,1335,20,""
22400599,"Dallas Mavericks vs Charlotte Hornets Full Game Highlights | Jan 20 | 2025 NBA Season","https://www.youtube.com/watch?v=lLmRODpDb9I","lLmRODpDb9I","Hooper Highlights",598,6218,192,13.0
22400600,"Houston Rockets vs Detroit Pistons Full Game Highlights | Jan 20 | 2025 NBA Season","https://www.youtube.com/watch?v=SR2eg5f1OJI","SR2eg5f1OJI","Hooper Highlights",574,5459,159,6.0
22400619,"Golden State Warriors Full Team Highlights vs Kings | Jan 22, 2025  | FreeDawkins","https://www.youtube.com/watch?v=BO4wkH_S5-E","BO4wkH_S5-E","FreeDawkins",597,292537,3648,418
22400619,"Golden State Warriors vs Sacramento Kings Full Game Highlights | Jan 22 | 2025 NBA Season","https://www.youtube.com/watch?v=vCLjCjzmvx8","vCLjCjzmvx8","Hooper Highlights",587,6815,248,15
22400610,"Washington Wizards vs Los Angeles Lakers - Full Game Highlights | January 21, 2025 NBA Season","https://www.youtube.com/watch?v=YVmJzNfrm6w","YVmJzNfrm6w","The CCB Network",504,62269,867,30
22400610,"Los Angeles Lakers Full Team Highlights vs Wizards | Jan 21, 2025 | FreeDawkins","https://www.youtube.com/watch?v=AXXIM1VFjcs","AXXIM1VFjcs","FreeDawkins",580,336510,4691,202
22400598,"Sacrameneto Kings vs Washington Wizards Full Game Highlights | Jan 19 | 2025 NBA Season","https://www.youtube.com/watch?v=H6phsxMlZvI","H6phsxMlZvI","Hooper Highlights",598,2229,93,3
22400609,"Philadelphia 76ers vs Denver Nuggets Full Game Highlights | Jan 21 | 2025 NBA Season","https://www.youtube.com/watch?v=BIM9lH0P27o","BIM9lH0P27o","Hooper Highlights",597,7214,233,12
22400609,"Philadelphia 76ers vs Denver Nuggets - Full Game Highlights | January 21, 2025 NBA Season","https://www.youtube.com/watch?v=GcACrAVGvYw","GcACrAVGvYw","The CCB Network",507,114678,1081,77
22400612,"Detroit Pistons vs Atlanta Hawks - Full Game Highlights | January 22, 2025 NBA Season","https://www.youtube.com/watch?v=-yx9CD-UwmI","-yx9CD-UwmI","The CCB Network",595,44777,500,20
22400612,"Atlanta Hawks vs Detroit Pistons Full Game Highlights | Jan 22 | 2025 NBA Season","https://www.youtube.com/watch?v=KnlF0a36I_s","KnlF0a36I_s","Hooper Highlights",580,2628,100,3
22400595,"Oklahoma City Thunder vs Brooklyn Nets Full Game Highlights | Jan 19 | 2025 NBA Season","https://www.youtube.com/watch?v=pEEUv7VJqL4","pEEUv7VJqL4","Hooper Highlights",576,3695,139,2
22400597,"Chicago Bulls vs Portland Trail Blazers Full Game Highlights | Jan 19 | 2025 NBA Season","https://www.youtube.com/watch?v=A7ISnayP4XM","A7ISnayP4XM","Hooper Highlights",571,2858,102,5
22400606,"New York Knicks vs Brooklyn Nets - Full Game Highlights | January 21, 2025 NBA Season","https://www.youtube.com/watch?v=UVmTEAEgX5M","UVmTEAEgX5M","The CCB Network",519,47930,517,19.0
22400606,"New York Knicks vs Brooklyn Nets Full Game Highlights | Jan 21 | 2025 NBA Season","https://www.youtube.com/watch?v=cE9pTEhan5Y","cE9pTEhan5Y","Hooper Highlights",590,3253,128,6.0
22400628,"Chicago Bulls vs Golden State Warriors - Full Game Highlights | January 23, 2025 NBA Season","https://www.youtube.com/watch?v=5GYnPcGFwC8","5GYnPcGFwC8","The CCB Network",522,75075,953,52.0
22400628,"Golden State Warriors Full Team Highlights vs Bulls | Jan 23, 2025  | FreeDawkins","https://www.youtube.com/watch?v=juuwHcM7tLc","juuwHcM7tLc","FreeDawkins",531,441424,6799,387.0
22400628,"Golden State Warriors vs Chicago Bulls Full Game Highlights | Jan 23 | 2025 NBA Season","https://www.youtube.com/watch?v=wd4dLkULvhY","wd4dLkULvhY","Hooper Highlights",578,6844,270,4.0
22400624,"Milwaukee Bucks vs Miami Heat Full Game Highlights | Jan 23 | 2025 NBA Season","https://www.youtube.com/watch?v=yxcoGKqSVyQ","yxcoGKqSVyQ","Hooper Highlights",577,4201,168,3.0
22400624,"Miami Heat vs Milwaukee Bucks - Full Game Highlights | January 23, 2025 NBA Season","https://www.youtube.com/watch?v=pDlGaBJYgT4","pDlGaBJYgT4","The CCB Network",512,86334,925,33.0
22400624,"Milwaukee Bucks Vs Miami Heat Game 1st Highlights Jan 23,2025 NBA Season 2024-25","https://www.youtube.com/watch?v=JcIerHj12NQ","JcIerHj12NQ","Media OMG",631,4201,23,""
22400608,"Orlando Magic vs Toronto Raptors Full Game Highlights | Jan 21 | 2025 NBA Season","https://www.youtube.com/watch?v=E0D1t9Cmf3A","E0D1t9Cmf3A","Hooper Highlights",551,2326,81,1
22400608,"Toronto Raptors vs Orlando Magic - Jan 21, 2025","https://www.youtube.com/watch?v=ciEIYqTZdv8","ciEIYqTZdv8","Raptors Nation",581,13304,176,12
22400607,"Portland Trail Blazers vs Miami Heat - Full Game Highlights | January 21, 2025 | 2024-25 NBA Season","https://www.youtube.com/watch?v=arIi9bKcZm0","arIi9bKcZm0","The CCB Network",603,38779,400,24
22400607,"Kel'el Ware 20 PTS 15 REB 2 BLK | Portland Trail Blazers vs. Miami HEAT | January 21, 2025","https://www.youtube.com/watch?v=hYZ3kNTD6VY","hYZ3kNTD6VY","Miami HEAT",286,7354,98,15
22400611,"Los Angeles Clippers Vs Chicago Bulls Game 1st Highlights Jan 20,2025 NBA Season 2024-25","https://www.youtube.com/watch?v=uAUQQ0LYTik","uAUQQ0LYTik","NBA Highlights",621,4797,36,""
22400611,"Los Angeles Clippers Vs Chicago Bulls Game 3rd Highlights Jan 20,2025 NBA Season 2024-25","https://www.youtube.com/watch?v=5D2exB4Zz90","5D2exB4Zz90","NBA Highlights",647,4260,21,""
22400983,"LA Clippers vs Washington Wizards Full Game Highlights | Jan 23 | 2025 NBA Season","https://www.youtube.com/watch?v=AAvqfmHay9Q","AAvqfmHay9Q","Hooper Highlights",593,4940,149,2
22400983,"Los Angeles Clippers Vs Washington Wizards Game 3rd Highlights Jan 23,2025 NBA Season 2024-25","https://www.youtube.com/watch?v=AFR3PFg04iQ","AFR3PFg04iQ","Media OMG",715,1380,9,1
22400983,"Los Angeles Clippers Vs Washington Wizards Game 2nd Highlights Jan 23,2025 NBA Season 2024-25","https://www.youtube.com/watch?v=SUBF8m_HRII","SUBF8m_HRII","Media OMG",668,4180,8,1
22400602,"New York Knicks vs Atlanta Hawks Full Game Highlights | Jan 20 | 2025 NBA Season","https://www.youtube.com/watch?v=9JdIW_SsSF8","9JdIW_SsSF8","Hooper Highlights",580,3814,148,4
22400602,"Atlanta Hawks vs New York Knicks - Full Game Highlights | January 20, 2025 NBA Season","https://www.youtube.com/watch?v=2lNsqkR4aKw","2lNsqkR4aKw","The CCB Network",505,67748,806,27
22400623,"Toronto Raptors vs Atlanta Hawks - Full Game Highlights | January 23, 2025 NBA Season","https://www.youtube.com/watch?v=pMNEKsZVtWg","pMNEKsZVtWg","The CCB Network",629,24790,243,6
22400623,"Toronto Raptors vs Atlanta Hawks - 1st Half Highlights - Jan 23, 2025","https://www.youtube.com/watch?v=RlpYVXA0-uw","RlpYVXA0-uw","Raptors Nation",270,2738,26,3
22400623,"Toronto Raptors vs Atlanta Hawks - Jan 23, 2025","https://www.youtube.com/watch?v=GA7maRXaf6E","GA7maRXaf6E","Raptors Nation",582,17786,230,15
22400615,"Cleveland Cavaliers vs Houston Rockets Full Game Highlights | Jan 22 | 2025 NBA Season","https://www.youtube.com/watch?v=qTh7EjJhmmw","qTh7EjJhmmw","Hooper Highlights",596,9931,264,12
22400615,"Cleveland Cavaliers vs Houston Rockets | Full Game Highlights | 22 January 2025","https://www.youtube.com/watch?v=YTlf4R1Mfq4","YTlf4R1Mfq4","Ares Highlights",560,1471,15,2
22400615,"FlightReacts To CAVALIERS at ROCKETS | FULL GAME HIGHLIGHTS | January 22, 2025","https://www.youtube.com/watch?v=p6IJmqhapJc","p6IJmqhapJc","nonmaliceowl",761,14244,442,8
22400581,"Utah Jazz vs New Orleans Pelicans Full Game Highlights | Jan 17 | 2025 NBA Season","https://www.youtube.com/watch?v=LWYwoBqGOlM","LWYwoBqGOlM","Hooper Highlights",572,1921,74,3
22400590,"Cleveland Cavaliers vs Minnesota Timberwolves - Full Game Highlights | January 18, 2025 NBA Season","https://www.youtube.com/watch?v=TIV0E-AHg5M","TIV0E-AHg5M","The CCB Network",620,119098,1257,42
2022400136,"Mac McClung G League Highlights (01/18/25) Magic Vs Skyforce (24 pts 6 assists 5 rebounds)","https://www.youtube.com/watch?v=J6lk_e4Xams","J6lk_e4Xams","Mac McClung Mixtapes",132,2853,53,18
22400591,"Portland Trail Blazers vs Houston Rockets Full Game Highlights | Jan 18 | 2025 NBA Season","https://www.youtube.com/watch?v=se7N8rmGCnU","se7N8rmGCnU","Hooper Highlights",578,2492,102,1
22400601,"Memphis Grizzlies vs Minnesota Timberwolves Full Game Highlights | Jan 20 | 2025 NBA Season","https://www.youtube.com/watch?v=UZQqiFmN9Ow","UZQqiFmN9Ow","Hooper Highlights",599,5132,209,19.0
22400601,"Minnesota Timberwolves vs Memphis Grizzlies - Full Game Highlights | January 20, 2025 NBA Season","https://www.youtube.com/watch?v=QuFDhshBM0Y","QuFDhshBM0Y","The CCB Network",509,143778,1536,69.0
22400586,"Phoenix Suns vs Detroit Pistons Full Game Highlights | Jan 18 | 2025 NBA Season","https://www.youtube.com/watch?v=8jqQFjXIunQ","8jqQFjXIunQ","Hooper Highlights",593,5631,162,2.0
22400586,"Phoenix Suns vs Detroit Pistons | Full Game Highlights | 18 January 2025","https://www.youtube.com/watch?v=aJwx7fuVNxE","aJwx7fuVNxE","Ares Highlights",569,1548,18,""
2022400130,"Mac McClung G League Highlights (01/17/25) Magic Vs Skyforce (28 pts 4 assists 3 rebounds)","https://www.youtube.com/watch?v=7NwUfblyPeg","7NwUfblyPeg","Mac McClung Mixtapes",124,3510,94,45.0
22400596,"Los Angeles Lakers vs Los Angeles Clippers - Full Game Highlights | January 19, 2025 NBA Season","https://www.youtube.com/watch?v=h1s9Yevv5xo","h1s9Yevv5xo","The CCB Network",521,174065,1712,169
22400596,"Los Angeles Lakers vs LA Clippers Full Game Highlights | Jan 19 | 2025 NBA Season","https://www.youtube.com/watch?v=HJu8kofIUfQ","HJu8kofIUfQ","Hooper Highlights",595,8995,274,9
22400582,"Memphis Grizzlies vs San Antonio Spurs Full Game Highlights - January 17, 2025 | NBA Season","https://www.youtube.com/watch?v=py-GoGTOUVs","py-GoGTOUVs","GAMETIME HIGHLIGHTS",556,202611,1928,84
22400592,"Miami Heat vs San Antonio Spurs Full Game Highlights | Jan 19 | 2025 NBA Season","https://www.youtube.com/watch?v=eIKAxWOOdmI","eIKAxWOOdmI","Hooper Highlights",591,5126,163,11
22400592,"San Antonio Spurs vs Miami Heat - Full Game Highlights | January 19, 2025 NBA Season","https://www.youtube.com/watch?v=JO-RPv4o1YY","JO-RPv4o1YY","The CCB Network",508,68541,618,32
22400583,"Oklahoma City Thunder vs Dallas Mavericks Full Game Highlights - January 17, 2025 | NBA Season","https://www.youtube.com/watch?v=TDjNjdA_p3A","TDjNjdA_p3A","GAMETIME HIGHLIGHTS",550,416442,3907,322
22400594,"Philadelphia 76ers vs Milwaukee Bucks - Full Game Highlights | January 19, 2025 NBA Season","https://www.youtube.com/watch?v=mIolpzdcq9M","mIolpzdcq9M","The CCB Network",508,78687,861,21
22400594,"Milwaukee Bucks vs Philadelphia 76ers Full Game Highlights | Jan 19 | 2025 NBA Season","https://www.youtube.com/watch?v=ZbiIK4ToPFE","ZbiIK4ToPFE","Hooper Highlights",584,5475,161,8
22400603,"Cleveland Cavaliers vs Phoenix Suns Full Game Highlights | Jan 20 | 2025 NBA Season","https://www.youtube.com/watch?v=lRAbHVM2zX0","lRAbHVM2zX0","Hooper Highlights",558,6327,212,8.0
22400603,"Phoenix Suns vs Cleveland Cavaliers | Full Game Highlights | 20 January 2025","https://www.youtube.com/watch?v=L6nWdXG4t5U","L6nWdXG4t5U","Ares Highlights",569,1287,18,""
22400603,"Cleveland Cavaliers vs Phoenix Suns Full Game Highlights | Jan 20 | 2025 NBA Season","https://www.youtube.com/watch?v=qEh9HMmKiIk","qEh9HMmKiIk","Stadium Roars",495,1053,4,""
22400587,"Boston Celtics vs Atlanta Hawks Full Game Highlights | Jan 18 | 2025 NBA Season","https://www.youtube.com/watch?v=P0HRQ9pVz_g","P0HRQ9pVz_g","Hooper Highlights",593,5379,210,12.0
22400587,"Atlanta Hawks vs Boston Celtics - Full Game Highlights | January 18, 2025 NBA Season","https://www.youtube.com/watch?v=If-8Png2c2U","If-8Png2c2U","The CCB Network",522,133525,1547,77.0
22400629,"Los Angeles Lakers vs Boston Celtics Full Game Highlights | Jan 23 | 2025 NBA Season","https://www.youtube.com/watch?v=cmd9gT3kQsQ","cmd9gT3kQsQ","Hooper Highlights",542,11598,415,21
22400629,"Lakers vs Celtics | Lakers Highlights | January 23, 2025","https://www.youtube.com/watch?v=rLjOky8265c","rLjOky8265c","LakeShow Highlights",603,274442,5627,328
22400629,"Boston Celtics vs Los Angeles Lakers - Full Game Highlights | January 23, 2025 | 2024-25 NBA Season","https://www.youtube.com/watch?v=5WJ0MxstZtM","5WJ0MxstZtM","The CCB Network",494,191710,2204,79
22400629,"Los Angeles Lakers Full Team Highlights vs Celtics | Jan 23, 2025 | FreeDawkins","https://www.youtube.com/watch?v=WpOWxUWGCrg","WpOWxUWGCrg","FreeDawkins",575,579441,7998,381
22400564,"Milwaukee Bucks vs Orlando Magic Full Game Highlights | Jan 15 | 2025 NBA Season","https://www.youtube.com/watch?v=GQrdeBsvW3c","GQrdeBsvW3c","Hooper Highlights",587,1859,72,1
22400576,"Sacramento Kings vs Houston Rockets Full Game Highlights | Jan 16 | 2025 NBA Season","https://www.youtube.com/watch?v=OltfcrD6CcU","OltfcrD6CcU","Hooper Highlights",584,3403,120,3
22400575,"LA Clippers vs Portland Trail Blazers Full Game Highlights | Jan 16 | 2025 NBA Season","https://www.youtube.com/watch?v=OEzOQTvLDAg","OEzOQTvLDAg","Hooper Highlights",594,2137,81,2
22400584,"Charlotte Hornets vs Chicago Bulls - Full Game Highlights | January 17, 2025 | 2024-25 NBA Season","https://www.youtube.com/watch?v=XnS8Qg-zCS4","XnS8Qg-zCS4","The CCB Network",512,27470,389,8
22400584,"Charlotte Hornets vs Chicago Bulls Full Game Highlights | Jan 17 | 2025 NBA Season","https://www.youtube.com/watch?v=SXjRtdqYtS4","SXjRtdqYtS4","Hooper Highlights",595,7745,145,4
22400561,"New York Knicks vs Philadelphia 76ers - Full Game Highlights | January 15, 2025 | 2024-25 NBA Season","https://www.youtube.com/watch?v=90F6GZMdGc0","90F6GZMdGc0","The CCB Network",509,40754,502,32
22400579,"Denver Nuggets vs Miami Heat Full Game Highlights - January 17, 2025 | NBA Season","https://www.youtube.com/watch?v=FaRFBHetJFw","FaRFBHetJFw","GAMETIME HIGHLIGHTS",577,228367,1924,130.0
22400579,"Denver Nuggets vs Miami Heat - Full Game Highlights | January 17, 2025 NBA Season","https://www.youtube.com/watch?v=AdG_OARI0SQ","AdG_OARI0SQ","The CCB Network",513,35784,498,18.0
22400577,"Boston Celtics vs Orlando Magic Full Game Highlights | Jan 17 | 2025 NBA Season","https://www.youtube.com/watch?v=5GeNWqe5ZnA","5GeNWqe5ZnA","Hooper Highlights",582,3372,123,2.0
22400577,"Boston Celtics Vs Orlando Magic Game 2nd Highlights Jan 17,2025 NBA Season 2024-25","https://www.youtube.com/watch?v=ywgEwE54_gs","ywgEwE54_gs","NBA Highlights",669,2266,13,""
22400562,"Toronto Raptors vs Boston Celtics - Jan 15, 2025","https://www.youtube.com/watch?v=oQiAI2SVVms","oQiAI2SVVms","Raptors Nation",582,20434,231,21.0
22400563,"Atlanta Hawks vs Chicago Bulls Full Game Highlights | Jan 15 | 2025 NBA Season","https://www.youtube.com/watch?v=QXQMLShf5NY","QXQMLShf5NY","Hooper Highlights",592,1270,64,2
22400559,"Denver Nuggets vs Dallas Mavericks Full Game Highlights | Jan 14 | 2025 NBA Season","https://www.youtube.com/watch?v=2KkqIWjIyR4","2KkqIWjIyR4","Hooper Highlights",598,5220,193,13
22400589,"Golden State Warriors vs Washington Wizards Full Game Highlights | Jan 18 | 2025 NBA Season","https://www.youtube.com/watch?v=Cuw8c5_tzZ0","Cuw8c5_tzZ0","Hooper Highlights",597,6634,247,13
22400589,"Golden State Warriors Full Team Highlights vs Wizards | Jan 18, 2025  | FreeDawkins","https://www.youtube.com/watch?v=2i0H8f5xGmU","2i0H8f5xGmU","FreeDawkins",588,526683,7870,349
22400589,"Washington Wizards vs Golden State Warriors - Full Game Highlights | January 18, 2025 NBA Season","https://www.youtube.com/watch?v=RZIzmPcz0FE","RZIzmPcz0FE","The CCB Network",354,26578,379,47
22400568,"Denver Nuggets vs Houston Rockets Full Game Highlights - January 15, 2025 | NBA Regular Season","https://www.youtube.com/watch?v=8ZdGMR9jl6g","8ZdGMR9jl6g","Swish NBA",575,1679,38,""
22400574,"Oklahoma City Thunder vs Cleveland Cavaliers Full Game Highlights - January 16  | NBA Regular Season","https://www.youtube.com/watch?v=1fkfm16HcKU","1fkfm16HcKU","GAMETIME HIGHLIGHTS",562,376275,3461,235.0
22400574,"Cleveland Cavaliers vs Oklahoma City Thunder - Full Game Highlights | January 16, 2025 NBA Season","https://www.youtube.com/watch?v=1tt8J6RugNI","1tt8J6RugNI","The CCB Network",514,72835,980,61.0
22400572,"Indiana Pacers vs Detroit Pistons - Full Game Highlights | January 16, 2025 NBA Season","https://www.youtube.com/watch?v=J2eaTk97n0Q","J2eaTk97n0Q","The CCB Network",630,19370,272,1.0
22400572,"Detroit Pistons Vs Indiana Pacers Game 1st Highlights Jan 16,2025 NBA Season 2024-25","https://www.youtube.com/watch?v=3R3EQ2Dmb2k","3R3EQ2Dmb2k","NBA Highlights",614,1252,12,""
22400558,"Milwaukee Bucks vs Sacramento Kings Full Game Highlights | Jan 14 | 2025 NBA Season","https://www.youtube.com/watch?v=8qdz6NrLI1Q","8qdz6NrLI1Q","Hooper Highlights",573,2910,128,6
22400548,"Minnesota Timberwolves vs Washington Wizards - Full Game Highlights | January 13, 2025 NBA Season","https://www.youtube.com/watch?v=CshVYVhn9WQ","CshVYVhn9WQ","The CCB Network",484,36672,477,6
22400549,"New York Knicks vs Detroit Pistons Full Game Highlights - January 13, 2025 | NBA Regular Season","https://www.youtube.com/watch?v=8Vgd-DjP7xY","8Vgd-DjP7xY","Swish NBA",575,1041,35,""
22400553,"Miami Heat vs Los Angeles Clippers - Full Game Highlights | January 13, 2025 | 2024-25 NBA Season","https://www.youtube.com/watch?v=r6feO2AFE60","r6feO2AFE60","The CCB Network",512,87496,947,43.0
22400566,"Dallas Mavericks vs New Orleans Pelicans Full Game Highlights | Jan 15 | 2025 NBA Season","https://www.youtube.com/watch?v=iXZHXQUdz78","iXZHXQUdz78","Hooper Highlights",595,2496,88,3
22400566,"Dallas Mavericks vs New Orleans Pelicans Full Game Highlights - January 15  | NBA Regular Season","https://www.youtube.com/watch?v=bk80YsaCnoQ","bk80YsaCnoQ","Swish NBA",581,1359,38,2
22400580,"Milwaukee Bucks vs Toronto Raptors Full Game Highlights | Jan 17 | 2025 NBA Season","https://www.youtube.com/watch?v=XNP9KS-tdtE","XNP9KS-tdtE","Hooper Highlights",583,2201,106,3
22400580,"Toronto Raptors vs Milwaukee Bucks - Jan 17, 2025","https://www.youtube.com/watch?v=wt6Q6FdFZ34","wt6Q6FdFZ34","Raptors Nation",580,7059,54,7
22400580,"Toronto Raptors vs Milwaukee Bucks - 1st Half Highlights | Jan 17, 2025","https://www.youtube.com/watch?v=WmMclC_FFhQ","WmMclC_FFhQ","Raptors Nation",273,1361,14,4
22400544,"Philadelphia 76ers vs Orlando Magic Full Game Highlights - January 12, 2025 | NBA Regular Season","https://www.youtube.com/watch?v=fSWHy4t1IGc","fSWHy4t1IGc","Swish NBA",562,2489,69,2
22400560,"Brooklyn Nets vs Portland Trail Blazers Full Game Highlights - January 14, 2025 | NBA Regular Season","https://www.youtube.com/watch?v=neCHks1ksw0","neCHks1ksw0","Swish NBA",545,1429,31,""
22400560,"Brooklyn Nets vs Portland Trail Blazers Full Game Highlights | Jan 14 | 2025 NBA Season","https://www.youtube.com/watch?v=UBGG3e7APY4","UBGG3e7APY4","Hooper Highlights",576,1846,61,6.0
2022400107,"Henri Drell (30 points) Highlights vs Iowa Wolves 1/13/25","https://www.youtube.com/watch?v=GMGsFdQTMHE","GMGsFdQTMHE","Rip City Remix",79,2628,16,1
22400545,"Oklahoma City Thunder vs Washington Wizards Full Game Highlights | Jan 12 | 2025 NBA Season","https://www.youtube.com/watch?v=dxp5fffPZ1U","dxp5fffPZ1U","Hooper Highlights",598,1705,75,2
22400585,"Los Angeles Lakers vs Brooklyn Nets Full Game Highlights - January 17, 2025 | NBA Season","https://www.youtube.com/watch?v=zr_1K__ubc8","zr_1K__ubc8","GAMETIME HIGHLIGHTS",572,480943,3769,185.0
22400585,"Brooklyn Nets vs Los Angeles Lakers - Full Game Highlights | January 17, 2025 NBA Season","https://www.youtube.com/watch?v=p3QqyPghKxc","p3QqyPghKxc","The CCB Network",521,29669,421,31.0
22400585,"Los Angeles Lakers Vs Brooklyn Nets Game 2nd Highlights Jan 17,2025 NBA Season 2024-25","https://www.youtube.com/watch?v=2F2BhKUtMD4","2F2BhKUtMD4","NBA Highlights",604,8702,37,""
22400578,"New York Knicks vs Minnesota Timberwolves Full Game Highlights - January 17, 2025 | NBA Season","https://www.youtube.com/watch?v=o28mm_AravU","o28mm_AravU","GAMETIME HIGHLIGHTS",556,126063,1378,37
22400578,"Minnesota Timberwolves vs New York Knicks - Full Game Highlights | January 17, 2025 NBA Season","https://www.youtube.com/watch?v=awLbIPM5EvA","awLbIPM5EvA","The CCB Network",482,29816,461,13
22400578,"Minnesota Timberwolves vs New York Knicks Full Game Highlights | Jan 17 | 2025 NBA Season","https://www.youtube.com/watch?v=91PRhhaJ-Zc","91PRhhaJ-Zc","Hooper Highlights",591,2994,113,4
22400541,"Sacramento Kings vs Chicago Bulls Full Game Highlights | Jan 12 | 2025 NBA Season","https://www.youtube.com/watch?v=MWiFxhIvNrI","MWiFxhIvNrI","Hooper Highlights",591,1675,76,6
22400554,"Cleveland Cavaliers vs Indiana Pacers Full Game Highlights - January 14, 2025 | NBA Regular Season","https://www.youtube.com/watch?v=r3fe_zQ0vE4","r3fe_zQ0vE4","Swish NBA",578,1209,33,3
22400554,"Cleveland Cavaliers vs Indiana Pacers Full Game Highlights | Jan 14 | 2025 NBA Season","https://www.youtube.com/watch?v=mkfcM1ZiUNI","mkfcM1ZiUNI","Hooper Highlights",592,1886,85,2
22400557,"New Orleans Pelicans vs Chicago Bulls - Full Game Highlights | January 14, 2025 | 2024-25 NBA Season","https://www.youtube.com/watch?v=OT3D3PEvi0g","OT3D3PEvi0g","The CCB Network",523,30154,391,11
22400557,"New Orleans Pelicans vs Chicago Bulls Full Game Highlights | Jan 14 | 2025 NBA Season","https://www.youtube.com/watch?v=wVGwKXfb4eU","wVGwKXfb4eU","Hooper Highlights",596,1499,80,3
22400535,"Minnesota Timberwolves Full Team Highlights vs Grizzlies | Jan 11, 2025  | FreeDawkins","https://www.youtube.com/watch?v=4vLWqMzG-Uw","4vLWqMzG-Uw","FreeDawkins",588,70018,1456,56
22400540,"Denver Nuggets vs Dallas Mavericks Full Game Highlights | Jan 12 | 2025 NBA Season","https://www.youtube.com/watch?v=3GSY3NGst9k","3GSY3NGst9k","Hooper Highlights",596,4111,155,11
22400573,"Phoenix Suns vs Washington Wizards Full Game Highlights | Jan 16 | 2025 NBA Season","https://www.youtube.com/watch?v=eabSY-FXaAA","eabSY-FXaAA","Hooper Highlights",593,1828,78,2.0
22400573,"Phoenix Suns vs Washington Wizards - Full Game Highlights | January 16, 2025 NBA Season","https://www.youtube.com/watch?v=cbxxGRKZkjs","cbxxGRKZkjs","The CCB Network",516,18728,249,9.0
22400573,"Washington Wizards Vs Phoenix Suns Game 1st Highlights Jan 16,2025 NBA Season 2024-25","https://www.youtube.com/watch?v=flVm1B51sSs","flVm1B51sSs","NBA Highlights",605,1254,7,""
22400533,"Utah Jazz vs Phoenix Suns - Full Game Highlights | January 11, 2025 NBA Season","https://www.youtube.com/watch?v=3cEsPOODNDo","3cEsPOODNDo","The CCB Network",493,59731,579,15.0
22400556,"Phoenix Suns vs Atlanta Hawks Full Game Highlights | Jan 14 | 2025 NBA Season","https://www.youtube.com/watch?v=N2bXLcFXBWw","N2bXLcFXBWw","Hooper Highlights",593,1959,106,4
22400556,"Phoenix Suns vs Atlanta Hawks - Full Game Highlights | January 14, 2025 NBA Season","https://www.youtube.com/watch?v=CU8NiM8_IsE","CU8NiM8_IsE","The CCB Network",511,88526,971,47
22400552,"Los Angeles Lakers vs San Antonio Spurs Full Game Highlights - January 13, 2025 | NBA Regular Season","https://www.youtube.com/watch?v=JfYgQOgrv4g","JfYgQOgrv4g","Swish NBA",574,6044,136,8
22400552,"San Antonio Spurs Full Team Highlights vs Lakers | Jan 13, 2025 | FreeDawkins","https://www.youtube.com/watch?v=uTO_RUjomsA","uTO_RUjomsA","FreeDawkins",585,168187,2733,185
22400551,"Memphis Grizzlies vs Houston Rockets Full Game Highlights - January 13, 2025 | NBA Regular Season","https://www.youtube.com/watch?v=JrVgwgOukw8","JrVgwgOukw8","Swish NBA",584,2541,53,5
22400551,"Memphis Grizzlies vs Houston Rockets - Full Game Highlights | January 13, 2025 NBA Season","https://www.youtube.com/watch?v=_03vdrTESuk","_03vdrTESuk","The CCB Network",519,106416,1350,64
22400569,"Charlotte Hornets vs Utah Jazz Full Game Highlights - January 15, 2025 | NBA Regular Season","https://www.youtube.com/watch?v=spEcKBnRcD4","spEcKBnRcD4","Swish NBA",578,1048,20,2.0
22400569,"Charlotte Hornets vs Utah Jazz - Full Game Highlights | January 15, 2025 NBA Season","https://www.youtube.com/watch?v=j_LNWKxiGu0","j_LNWKxiGu0","The CCB Network",523,6941,139,3.0
22400569,"Charlotte Hornets vs Utah Jazz Full Game Highlights | Jan 15 | 2025 NBA Season","https://www.youtube.com/watch?v=sEEjqQ6tNAU","sEEjqQ6tNAU","Hooper Highlights",595,1563,70,""
22400543,"Cleveland Cavaliers vs Indiana Pacers Full Game Highlights - January 12, 2025 | NBA Regular Season","https://www.youtube.com/watch?v=E8qmMwCKocg","E8qmMwCKocg","Swish NBA",558,3600,66,4.0
22400543,"Indiana Pacers vs Cleveland Cavaliers | Full Game Highlights | 12 January 2025","https://www.youtube.com/watch?v=5LYvAYfEHZA","5LYvAYfEHZA","Ares Highlights",566,2637,9,""
22400567,"Memphis Grizzlies vs San Antonio Spurs Full Game Highlights - January 15, 2025 | NBA Regular Season","https://www.youtube.com/watch?v=46LEFestLMQ","46LEFestLMQ","GAMETIME HIGHLIGHTS",579,159590,1871,86.0
22400567,"Memphis Grizzlies vs San Antonio Spurs - Full Game Highlights | January 15, 2025 NBA Season","https://www.youtube.com/watch?v=chVwWo0Z8-k","chVwWo0Z8-k","The CCB Network",521,57210,718,51.0
22400567,"San Antonio Spurs Full Team Highlights vs Grizzlies | Jan 15, 2025 | FreeDawkins","https://www.youtube.com/watch?v=lMBR5Qso9PU","lMBR5Qso9PU","FreeDawkins",531,26926,1280,24.0
22400565,"Golden State Warriors vs Minnesota Timberwolves Full Game Highlights - January 15|NBA Regular Season","https://www.youtube.com/watch?v=YwqtnVcjFYk","YwqtnVcjFYk","GAMETIME HIGHLIGHTS",571,138448,1630,40
22400565,"Golden State Warriors Full Team Highlights vs Timberwolves | Jan 15, 2025  | FreeDawkins","https://www.youtube.com/watch?v=0_Jhh-1kaf8","0_Jhh-1kaf8","FreeDawkins",599,460191,8124,291
22400565,"Golden State Warriors vs Minnesota Timberwolves - Full Game Highlights | January 15, 2025 NBA Season","https://www.youtube.com/watch?v=DSt6DvEaZzw","DSt6DvEaZzw","The CCB Network",503,89715,1262,30
22400525,"Golden State Warriors vs Indiana Pacers Full Game Highlights - January 10, 2025 | NBA Regular Season","https://www.youtube.com/watch?v=uhb5Djdp4OE","uhb5Djdp4OE","Swish NBA",546,1262,42,1
22400539,"Milwaukee Bucks vs New York Knicks Full Game Highlights - January 12, 2025 | NBA Regular Season","https://www.youtube.com/watch?v=1KwUzpTEdN0","1KwUzpTEdN0","Swish NBA",578,1575,50,1
22400539,"Milwaukee Bucks Full Team Highlights vs Knicks | Jan 12, 2025  | FreeDawkins","https://www.youtube.com/watch?v=agRYU145R6g","agRYU145R6g","FreeDawkins",444,24897,827,25
22400542,"Boston Celtics vs New Orleans Pelicans Full Game Highlights | Jan 12 | 2025 NBA Season","https://www.youtube.com/watch?v=T2VPV7JNCac","T2VPV7JNCac","Hooper Highlights",595,2930,122,10
22400542,"New Orleans Pelicans vs Boston Celtics - Full Game Highlights | January 12, 2025 NBA Season","https://www.youtube.com/watch?v=fdnxX49kLPs","fdnxX49kLPs","The CCB Network",519,144484,1429,75
22400526,"Milwaukee Bucks vs Orlando Magic - Full Game Highlights | January 10, 2025 | 2024-25 NBA Season","https://www.youtube.com/watch?v=Ua0mRApAk60","Ua0mRApAk60","The CCB Network",492,99106,1183,63
22400527,"Philadelphia 76ers vs New Orleans Pelicans Full Game Highlights - January 10 | NBA Regular Season","https://www.youtube.com/watch?v=vA86OYqd1q8","vA86OYqd1q8","Swish NBA",583,2928,35,3
22400529,"Oklahoma City Thunder vs New York Knicks Full Game Highlights - January 10, 2025 | NBA Season","https://www.youtube.com/watch?v=bTHnUNgFk9A","bTHnUNgFk9A","Swish NBA",538,4023,67,2
22400523,"Tyler Herro 23 PTS 7 REB 5 AST 🔥 | Miami HEAT vs. Utah Jazz | January 9, 2025","https://www.youtube.com/watch?v=Hg5LVEzplXA","Hg5LVEzplXA","Miami HEAT",210,7436,125,11
22400521,"Portland Trail Blazers vs Dallas Mavericks - Full Game Highlights | January 9, 2025 NBA Season","https://www.youtube.com/watch?v=qVhGg5YTHXk","qVhGg5YTHXk","The CCB Network",511,42020,592,31
22400547,"Charlotte Hornets vs Phoenix Suns Full Game Highlights - January 12, 2025 | NBA Regular Season","https://www.youtube.com/watch?v=0U2QxwDzQIg","0U2QxwDzQIg","Swish NBA",584,1113,37,""
22400547,"Charlotte Hornets vs Phoenix Suns - Full Game Highlights | January 12, 2025 NBA Season","https://www.youtube.com/watch?v=puEqP8KM3pE","puEqP8KM3pE","The CCB Network",511,79133,880,38.0
22400546,"Brooklyn Nets vs Utah Jazz Full Game Highlights | Jan 12 | 2025 NBA Season","https://www.youtube.com/watch?v=n7GILngBIjU","n7GILngBIjU","Hooper Highlights",580,1370,55,1.0
22400546,"Brooklyn Nets vs Utah Jazz - Full Game Highlights | January 12, 2025 NBA Season","https://www.youtube.com/watch?v=RaJoDNg15AI","RaJoDNg15AI","The CCB Network",681,22333,290,14.0
22400570,"Los Angeles Lakers vs Miami Heat Full Game Highlights - January 15, 2025 | NBA Regular Season","https://www.youtube.com/watch?v=VKZ3trRuZlI","VKZ3trRuZlI","GAMETIME HIGHLIGHTS",584,254478,3191,209
22400570,"Miami Heat vs Los Angeles Lakers - Full Game Highlights | January 15, 2025 NBA Season","https://www.youtube.com/watch?v=Hk9Ku_JhzIk","Hk9Ku_JhzIk","The CCB Network",524,45648,671,29
22400570,"Lakers vs Heat | Lakers Highlights | January 15, 2025","https://www.youtube.com/watch?v=0iqDbgHIcYA","0iqDbgHIcYA","LakeShow Highlights",594,182246,3974,183
22400570,"Los Angeles Lakers Full Team Highlights vs Heat | Jan 15, 2025 | FreeDawkins","https://www.youtube.com/watch?v=_mLg48PHZW0","_mLg48PHZW0","FreeDawkins",558,274915,4698,137
22400510,"CHICAGO BULLS vs INDIANA PACERS | FULL GAME HIGHLIGHTS | January 8, 2025 | 2024-25 Season","https://www.youtube.com/watch?v=85DK-12e6YM","85DK-12e6YM","NBA Highlights",551,2463,22,2
22400528,"Sacramento Kings vs Boston Celtics - Full Game Highlights | January 10, 2025 NBA Season","https://www.youtube.com/watch?v=7JJYT9f0jfU","7JJYT9f0jfU","The CCB Network",508,148468,1575,74
22400528,"Boston Celtics vs Sacramento Kings Full Game Highlights Jan 10,2025 NBA Season 2024-25","https://www.youtube.com/watch?v=3_RxPpSmDNM","3_RxPpSmDNM","NBA TODAY ",400,3614,20,1
22400515,"LOS ANGELES CLIPPERS vs DENVER NUGGETS | FULL GAME HIGHLIGHTS | January 8, 2025 | 2024-25 Season","https://www.youtube.com/watch?v=zvf2NPaZh2A","zvf2NPaZh2A","NBA Highlights",566,10340,82,11
22400508,"Golden State Warriors vs Miami Heat Game 4th Highlights Jan 07,2025 NBA Season 2024-25","https://www.youtube.com/watch?v=qimwkVBQdBk","qimwkVBQdBk","Hightlight NBA",670,12419,64,2
22400507,"BOSTON CELTICS vs DENVER NUGGETS | FULL GAME HIGHLIGHTS | January 7, 2025 | 2024-25 Season","https://www.youtube.com/watch?v=2DuBPW4AvJ0","2DuBPW4AvJ0","NBA Highlights",591,2055,26,1
22400495,"Brooklyn Nets Vs Indiana Pacers Game 1st Highlights Jan 06,2025 NBA Season 2024-25","https://www.youtube.com/watch?v=QubRa4QGfvk","QubRa4QGfvk","Hightlight NBA",633,1065,6,""
22400505,"Minnesota Timberwolves vs New Orleans Pelicans - Full Game Highlights | January 7, 2025 NBA Season","https://www.youtube.com/watch?v=lFs1tSDZrXg","lFs1tSDZrXg","The CCB Network",501,62679,776,28.0
2022400068,"James Bouknight (28 points) Highlights vs Stockton Kings 1/6/25","https://www.youtube.com/watch?v=rwl5385RIk0","rwl5385RIk0","Rip City Remix",79,1412,9,7
22400520,"HOUSTON ROCKETS vs MEMPHIS GRIZZLIES | FULL GAME HIGHLIGHTS | January 9, 2025 | 2024-25 Season","https://www.youtube.com/watch?v=C61mFeiADrs","C61mFeiADrs","NBA Highlights",590,1077,20,1
22400520,"Memphis Grizzlies Vs Houston Rockets Game 1st+2nd Highlights Jan 09,2025 NBA Season 2024-25","https://www.youtube.com/watch?v=2DVH085-jF0","2DVH085-jF0","NBA TODAY ",676,2202,11,2
22400499,"Dallas Mavericks vs Memphis Grizzlies - Full Game Highlights | January 6, 2025 NBA Season","https://www.youtube.com/watch?v=tce7zohMlsw","tce7zohMlsw","The CCB Network",520,18845,248,14
22400518,"Golden State Warriors vs Detroit Pistons - Full Game Highlights | January 9, 2025 NBA Season","https://www.youtube.com/watch?v=PQdD5RY8RN0","PQdD5RY8RN0","The CCB Network",518,122140,1383,45
22400518,"Golden State Warriors Full Team Highlights vs Pistons | Jan 9, 2025  | FreeDawkins","https://www.youtube.com/watch?v=SVU-golOK5I","SVU-golOK5I","FreeDawkins",630,477374,7157,260
22400496,"Orlando Magic vs New York Knicks - Full Game Highlights | January 6, 2025 NBA Season","https://www.youtube.com/watch?v=lhN7JeP6EDE","lhN7JeP6EDE","The CCB Network",495,14051,164,7
22400494,"Phoenix Suns vs Philadelphia 76ers - Full Game Highlights | January 6, 2025 NBA Season","https://www.youtube.com/watch?v=XFwENxyeUAg","XFwENxyeUAg","The CCB Network",503,40419,412,15
22400497,"Toronto Raptors vs Milwaukee Bucks - Jan 6, 2025","https://www.youtube.com/watch?v=b1zkLQiVpsM","b1zkLQiVpsM","Raptors Nation",582,8366,60,19
22400517,"Toronto Raptors vs Cleveland Cavaliers - Full Game Highlights | January 9, 2025 NBA Season","https://www.youtube.com/watch?v=zpR5PxGBRo8","zpR5PxGBRo8","The CCB Network",513,41551,599,35
22400517,"Toronto Raptors vs Cleveland Cavaliers - Jan 9, 2025","https://www.youtube.com/watch?v=3X0MvMG_dmw","3X0MvMG_dmw","Raptors Nation",582,9543,88,13
22400500,"Los Angeles Clippers vs Minnesota Timberwolves - Full Game Highlights | January 6, 2025 NBA Season","https://www.youtube.com/watch?v=Iu8eM1KNMW8","Iu8eM1KNMW8","The CCB Network",509,55624,559,20
22400522,"Atlanta Hawks vs Phoenix Suns - Full Game Highlights | January 9, 2025 | 2024-25 NBA Season","https://www.youtube.com/watch?v=p8CTfrV4Apg","p8CTfrV4Apg","The CCB Network",515,82716,837,29.0
22400522,"Phoenix Suns Vs Atlanta Hawks Game 4th Highlights Jan 09,2025 NBA Season 2024-25","https://www.youtube.com/watch?v=mlDcXnCI8Bw","mlDcXnCI8Bw","NBA TODAY ",668,3539,24,""
22400550,"Golden State Warriors vs Toronto Raptors Full Game Highlights | Jan 13 | 2025 NBA Season","https://www.youtube.com/watch?v=53QOBRmEJSA","53QOBRmEJSA","Hooper Highlights",596,2656,91,7
22400550,"Golden State Warriors Full Team Highlights vs Raptors | Jan 13, 2025  | FreeDawkins","https://www.youtube.com/watch?v=_YI_xDz5F5Y","_YI_xDz5F5Y","FreeDawkins",567,249526,3745,276
22400550,"Golden State Warriors vs Toronto Raptors - Full Game Highlights | January 13, 2025 NBA Season","https://www.youtube.com/watch?v=mMczocCCv0Y","mMczocCCv0Y","The CCB Network",518,67645,827,55
22400550,"Toronto Raptors vs Golden State Warriors - Jan 13, 2025","https://www.youtube.com/watch?v=xu3Pi9rqz_g","xu3Pi9rqz_g","Raptors Nation",582,15705,182,22
22400509,"OKLAHOMA CITY THUNDER vs CLEVELAND CAVALIERS | FULL GAME HIGHLIGHTS | January 8, 2025 2024-25 Season","https://www.youtube.com/watch?v=-Sig3Wy176o","-Sig3Wy176o","NBA Highlights",563,14802,119,15
22400509,"Cleveland Cavaliers VS Oklahoma City Thunder Full Game 2ND Highlights Jan 08,2025 NBA Season 2024-25","https://www.youtube.com/watch?v=ZGG2vq1XbWo","ZGG2vq1XbWo","Hightlight NBA",696,17450,66,4
22400516,"San Antonio Spurs vs Milwaukee Bucks - Full Game Highlights | January 8, 2025 NBA Season","https://www.youtube.com/watch?v=tZL2J1NkcmE","tZL2J1NkcmE","The CCB Network",522,356201,2858,164
22400516,"Milwaukee Bucks VS San Antonio Spurs Full Game 1st Highlights Jan 08,2025 NBA Season 2024-25","https://www.youtube.com/watch?v=Rm9xmO_2yFQ","Rm9xmO_2yFQ","Hightlight NBA",606,5662,33,2
22400512,"WASHINGTON WIZARDS vs PHILADELPHIA 76ERS | FULL GAME HIGHLIGHTS | January 8, 2025 | 2024-25 Season","https://www.youtube.com/watch?v=-LM5y8c-qxs","-LM5y8c-qxs","NBA Highlights",569,1500,23,2.0
22400512,"Philadelphia 76ers Vs Washington Wizards Game 1st Highlights Jan 08,2025 NBA Season 2024-25","https://www.youtube.com/watch?v=bh9O2l93qoc","bh9O2l93qoc","Hightlight NBA",539,2675,16,1.0
22400534,"Toronto Raptors vs Detroit Pistons - Full Game Highlights | January 11, 2025 NBA Season","https://www.youtube.com/watch?v=lB3GG6q7eBA","lB3GG6q7eBA","The CCB Network",609,30998,393,15.0
22400534,"Toronto Raptors vs Detroit Pistons - Jan 11, 2025","https://www.youtube.com/watch?v=EGt16ajutsc","EGt16ajutsc","Raptors Nation",565,7202,67,22.0
22400534,"Detroit Pistons Vs Toronto Raptors Game 4th Highlights Jan 11,2025 NBA Season 2024-25","https://www.youtube.com/watch?v=kFxP5uyZGbw","kFxP5uyZGbw","NBA TODAY ",686,2060,10,""
22400511,"Toronto Raptors vs New York Knicks - Jan 8, 2025","https://www.youtube.com/watch?v=BKK974WXVDg","BKK974WXVDg","Raptors Nation",556,34897,242,32
22400511,"New York Knicks Vs Toronto Raptors Game 1st Highlights Jan 8,2025 NBA Season 2024-25","https://www.youtube.com/watch?v=iDLR8EAH7ZI","iDLR8EAH7ZI","Hightlight NBA",658,3578,25,5
22400504,"Los Angeles Lakers vs Dallas Mavericks Full Game Highlights - January 7, 2025 | NBA Regular Season","https://www.youtube.com/watch?v=93V1K3MzZHg","93V1K3MzZHg","Swish NBA",585,3600,50,1.0
22400504,"Los Angeles Lakers vs Dallas Mavericks - Full Game Highlights | January 7, 2025 | 2024-25 NBA Season","https://www.youtube.com/watch?v=55ZEwGKh9_o","55ZEwGKh9_o","The CCB Network",458,138589,1212,87.0
22400490,"Orlando Magic Vs Utah Jazz  Game 4th Highlights Jan 05,2025 NBA  Season 2024-25","https://www.youtube.com/watch?v=eBPN5MZ5Be8","eBPN5MZ5Be8","Hightlight NBA",654,1054,4,""
22400492,"Sacramento Kings vs Golden State Warriors - Full Game Highlights | January 5, 2025 NBA Season","https://www.youtube.com/watch?v=vGtlOLsFdfY","vGtlOLsFdfY","The CCB Network",598,13433,206,11
22400506,"Utah Jazz Vs Atlanta Hawks Game 4th Highlights Jan 07,2025 NBA Season 2024-25","https://www.youtube.com/watch?v=ZRByFnAVfUk","ZRByFnAVfUk","Hightlight NBA",669,3499,22,2
22400506,"Utah Jazz Vs Atlanta Hawks Game 1st Highlights Jan 07,2025 NBA Season 2024-25","https://www.youtube.com/watch?v=DGUiuWbZsTA","DGUiuWbZsTA","Hightlight NBA",637,3119,12,1
22400488,"Charlotte Hornets vs Cleveland Cavaliers - Full Game Highlights | January 5, 2025 NBA Season","https://www.youtube.com/watch?v=qodFGJb4KUk","qodFGJb4KUk","The CCB Network",500,5495,103,4
22400481,"Miami Heat Vs Utah Jazz Game 1st Highlights Jan 04,2025 NBA Season 2024-25","https://www.youtube.com/watch?v=oqK6y5Yq2Ko","oqK6y5Yq2Ko","Hightlight NBA",596,1539,11,""
22400486,"Los Angeles Clippers Vs Atlanta Hawks Game 4th Highlights Jan 4,2025 NBA Season 2024-25","https://www.youtube.com/watch?v=BgDgol2dj7A","BgDgol2dj7A","Hightlight NBA",673,3355,27,""
22400483,"Portland Trail Blazers vs Milwaukee Bucks - Full Game Highlights | January 4, 2025 NBA Season","https://www.youtube.com/watch?v=oAhZ8nVYD0U","oAhZ8nVYD0U","The CCB Network",484,4753,89,5.0
22400480,"Indiana Pacers Vs Phoenix Suns Game 1st Highlights Jan 04,2025 NBA Season 2024-25","https://www.youtube.com/watch?v=ulIwPBGFHIw","ulIwPBGFHIw","Hightlight NBA",593,2107,12,""
22400484,"Denver Nuggets vs San Antonio Spurs - Full Game Highlights | January 4, 2025 NBA Season","https://www.youtube.com/watch?v=jdffsLTfI-M","jdffsLTfI-M","The CCB Network",473,8857,185,27.0
22400472,"Washington Wizards vs New Orleans Pelicans - Full Game Highlights | January 3, 2025 NBA Season","https://www.youtube.com/watch?v=6a_Cn1vCzOM","6a_Cn1vCzOM","The CCB Network",622,2398,48,1
22400501,"Sacramento Kings Vs Miami Heat Game 1st Highlights Jan 06,2025 NBA Season 2024-25","https://www.youtube.com/watch?v=GlnALPKbeN8","GlnALPKbeN8","Hightlight NBA",591,3173,14,1
22400501,"Sacramento Kings Vs Miami Heat Game 2nd Highlights Jan 06,2025 NBA Season 2024-25","https://www.youtube.com/watch?v=3Y4fFioy7d8","3Y4fFioy7d8","Hightlight NBA",631,2287,12,1
22400477,"Los Angeles Lakers VS Atlanta Hawks Game 2nd Highlights Jan 03,2025 NBA Season 2024-25","https://www.youtube.com/watch?v=wtXY75t5m8M","wtXY75t5m8M","Hightlight NBA",592,15395,79,1
2022400046,"Matas Buzelis: Windy City Bulls vs. Texas Legends Highlights (1/3/25)","https://www.youtube.com/watch?v=kVQclwZZolE","kVQclwZZolE","Chicago State of Mind Sports",66,1022,6,""
22400469,"Detroit Pistons Vs Charlotte Hornets Game 1st Highlights Jan 3,2025 NBA Season 2024-25","https://www.youtube.com/watch?v=Df8q4zfpPvQ","Df8q4zfpPvQ","Hightlight NBA",632,1458,12,1.0
22400498,"San Antonio Spurs Full Team Highlights vs Bulls | Jan 6, 2025 | FreeDawkins","https://www.youtube.com/watch?v=iUbU_N1gY6U","iUbU_N1gY6U","FreeDawkins",595,32727,1088,55.0
22400498,"San Antonio Spurs vs Chicago Bulls - Full Game Highlights | January 6, 2025 NBA Season","https://www.youtube.com/watch?v=Y7NnIT87Rl4","Y7NnIT87Rl4","The CCB Network",521,55657,530,47.0
22400491,"Los Angeles Lakers vs Houston Rockets - Full Game Highlights | January 5, 2025 NBA Season","https://www.youtube.com/watch?v=WO2ARIoOc3M","WO2ARIoOc3M","The CCB Network",632,22012,330,20.0
22400491,"LAKERS vs GRIZZLIES FULL GAME HIGHLIGHTS JANUARY 5, 2026 NBA HIGHLIGHTS TODAY | NBA 2K26 GAMEPLAY","https://www.youtube.com/watch?v=a97UhF_Wrzc","a97UhF_Wrzc","Yondu 2k",618,3647,9,""
22400487,"Boston Celtics vs Oklahoma City Thunder - Full Game Highlights | January 5, 2025 NBA Season","https://www.youtube.com/watch?v=CZxySJ7av9o","CZxySJ7av9o","The CCB Network",523,171015,1864,106
22400487,"Oklahoma City Thunder VS Boston Celtics Game 4th Highlights Jan 05,2025 NBA Season 2024-25","https://www.youtube.com/watch?v=bOHHhdcVhTE","bOHHhdcVhTE","Hightlight NBA",725,85838,399,19
22400473,"New York Knicks vs Oklahoma City Thunder - Full Game Highlights | January 3, 2025 NBA Season","https://www.youtube.com/watch?v=WrBnM1Tnxiw","WrBnM1Tnxiw","The CCB Network",516,10225,209,12
22400471,"Boston Celtics vs Houston Rockets - Full Game Highlights | January 3, 2025 NBA Season","https://www.youtube.com/watch?v=oqHRit4LTiA","oqHRit4LTiA","The CCB Network",505,8580,146,3
22400466,"Oklahoma City Thunder Vs Los Angeles Clippers Game 2nd Highlights Jan 02,2025 NBA  Season 2024-25","https://www.youtube.com/watch?v=p8JA4RbUOTs","p8JA4RbUOTs","Hightlight NBA",585,1009,5,1
22400475,"San Antonio Spurs vs Denver Nuggets - Full Game Highlights | January 3, 2025 NBA Season","https://www.youtube.com/watch?v=lE4F3hOWAtg","lE4F3hOWAtg","The CCB Network",509,20457,416,27.0
22400474,"Dallas Mavericks Vs Cleveland Cavaliers Game 1st Highlights Jan 03,2025 NBA  Season 2024-25","https://www.youtube.com/watch?v=kK08PTtBr7g","kK08PTtBr7g","Hightlight NBA",608,2278,8,""
22400571,"LA Clippers vs Brooklyn Nets Full Game Highlights | Jan 15 | 2025 NBA Season","https://www.youtube.com/watch?v=UIvoCpPcNj4","UIvoCpPcNj4","Hooper Highlights",568,3128,96,13.0
22400571,"Brooklyn Nets vs Los Angeles Clippers | Full Game Highlights | 15 January 2025","https://www.youtube.com/watch?v=jwqMEyAxTH0","jwqMEyAxTH0","Ares Highlights",569,1057,10,""
22400571,"Kawhi Leonard 23 pts 2 reb 1 stl vs Brooklyn Nets | 2025-01-15","https://www.youtube.com/watch?v=wN12P38xfog","wN12P38xfog","Basketball Highlights",274,8365,99,5.0
22400571,"Los Angeles Clippers Vs Brooklyn Nets Game 2nd Highlights Jan 15,2025 NBA Season 2024-25","https://www.youtube.com/watch?v=vKtJWON-Sb4","vKtJWON-Sb4","NBA Highlights",727,2440,14,""
22400571,"Los Angeles Clippers Vs Brooklyn Nets Game 1st Highlights Jan 15,2025 NBA Season 2024-25","https://www.youtube.com/watch?v=aArPAvuxt9I","aArPAvuxt9I","NBA Highlights",622,5022,40,1.0
22400571,"Los Angeles Clippers Vs Brooklyn Nets Game 3rd Highlights Jan 15,2025 NBA Season 2024-25","https://www.youtube.com/watch?v=QrejxKGA0So","QrejxKGA0So","NBA Highlights",631,3512,19,1.0
22400461,"Atlanta Hawks vs Denver Nuggets - Full Game Highlights | January 1, 2025 NBA Season","https://www.youtube.com/watch?v=tR4_x2wUo-I","tR4_x2wUo-I","The CCB Network",591,15245,203,5.0
22400502,"Phoenix Suns vs Charlotte Hornets Full Game Highlights - January 7, 2025 | NBA Regular Season","https://www.youtube.com/watch?v=oSlrpUj8qrU","oSlrpUj8qrU","Swish NBA",560,1137,25,1.0
22400502,"Phoenix Suns vs Charlotte Hornets - Full Game Highlights | January 7, 2025 NBA Season","https://www.youtube.com/watch?v=7FOu9Nso850","7FOu9Nso850","The CCB Network",518,85900,851,50.0
22400502,"Charlotte Hornets Vs Phoenix Suns Game 2nd Highlights Jan 07,2025 NBA Season 2024-25","https://www.youtube.com/watch?v=JaG3ClMOnP0","JaG3ClMOnP0","Hightlight NBA",615,1171,7,1.0
22400479,"Minnesota Timberwolves vs Detroit Pistons - Full Game Highlights | January 4, 2025 NBA Season","https://www.youtube.com/watch?v=IgnbPbJ9mYQ","IgnbPbJ9mYQ","The CCB Network",501,5031,114,8.0
22400479,"Minnesota Timberwolves Vs Detroit Pistons  Game 4th Highlights Jan 04,2025 NBA  Season 2024-25","https://www.youtube.com/watch?v=kNMXpJmBJE0","kNMXpJmBJE0","Hightlight NBA",619,1190,9,""
22400458,"Utah Jazz vs New York Knicks - Full Game Highlights | January 1, 2025 NBA Season","https://www.youtube.com/watch?v=AbPD2lRozDU","AbPD2lRozDU","The CCB Network",486,5818,107,1
22400459,"Toronto Raptors vs Brooklyn Nets - Jan 1, 2025","https://www.youtube.com/watch?v=LVZlAnPQn1c","LVZlAnPQn1c","Raptors Nation",582,11833,170,23
22400456,"Chicago Bulls vs Washington Wizards - Full Game Highlights | January 1, 2024-25 NBA Season","https://www.youtube.com/watch?v=8afRrhA5guA","8afRrhA5guA","The CCB Network",512,2988,74,1
22400449,"Toronto Raptors vs Boston Celtics - Full Game Highlights | December 31, 2024-25 NBA Season","https://www.youtube.com/watch?v=S581UrpIIdU","S581UrpIIdU","The CCB Network",507,5029,91,3
22400460,"Dallas Mavericks vs Houston Rockets - Full Game Highlights | January 1, 2025 NBA Season","https://www.youtube.com/watch?v=g5-lupFD5Zk","g5-lupFD5Zk","The CCB Network",510,9035,161,8
22400513,"Brooklyn Nets Vs Detroit Pistons Game 1st Highlights Jan 8,2025 NBA Season 2024-25","https://www.youtube.com/watch?v=QNH-6KIp5DE","QNH-6KIp5DE","Hightlight NBA",652,5184,35,8.0
22400513,"Brooklyn Nets Vs Detroit Pistons Game 4th Highlights Jan 8,2025 NBA Season 2024-25","https://www.youtube.com/watch?v=JuU4NHlpSnw","JuU4NHlpSnw","Hightlight NBA",700,1960,11,""
22400513,"Brooklyn Nets Vs Detroit Pistons Game 2nd Highlights Jan 8,2025 NBA Season 2024-25","https://www.youtube.com/watch?v=vx3UPpYg5l8","vx3UPpYg5l8","Hightlight NBA",652,1111,9,""
22400513,"Brooklyn Nets Vs Detroit Pistons Game 3rd Highlights Jan 8,2025 NBA Season 2024-25","https://www.youtube.com/watch?v=5GgLx40fRGc","5GgLx40fRGc","Hightlight NBA",639,1103,3,""
22400442,"Chicago Bulls vs Charlotte Hornets - Full Game Highlights | December 30, 2024-25 NBA Season","https://www.youtube.com/watch?v=iOma5nhSVy0","iOma5nhSVy0","The CCB Network",504,2598,64,2
22400450,"Milwaukee Bucks vs Indiana Pacers - Full Game Highlights | December 31, 2024-25 NBA Season","https://www.youtube.com/watch?v=SSALqvIV7dI","SSALqvIV7dI","The CCB Network",504,9020,158,6
22400470,"Toronto Raptors vs Orlando Magic - Jan 3, 2025","https://www.youtube.com/watch?v=34hACMX8V40","34hACMX8V40","Raptors Nation",542,5332,51,10
22400470,"Toronto Raptors vs Orlando Magic - First Half Highlights | Jan 3, 2025","https://www.youtube.com/watch?v=e5eH4AOd4zQ","e5eH4AOd4zQ","Raptors Nation",255,1349,13,3
22400443,"New York Knicks vs Washington Wizards - Full Game Highlights | December 30, 2024-25 NBA Season","https://www.youtube.com/watch?v=lxEKl-Db_9U","lxEKl-Db_9U","The CCB Network",518,3073,88,""
22400451,"San Antonio Spurs vs New York Knicks Full Game Highlights – December 31, 2025 | NBA Season","https://www.youtube.com/watch?v=2AKLzaizIEM","2AKLzaizIEM","GAMETIME HIGHLIGHTS",580,433470,3880,241.0
22400437,"Indiana Pacers vs Boston Celtics - Full Game Highlights | December 29, 2024-25 NBA Season","https://www.youtube.com/watch?v=oqu27DT7EfY","oqu27DT7EfY","The CCB Network",504,10160,162,5
22400430,"Milwaukee Bucks vs Chicago Bulls - Full Game Highlights | December 28, 2024-25 NBA Season","https://www.youtube.com/watch?v=6Rs5zYvG8gc","6Rs5zYvG8gc","The CCB Network",517,5837,130,4.0
22400428,"Oklahoma City Thunder vs Charlotte Hornets - Full Game Highlights | December 28, 2024-25 NBA Season","https://www.youtube.com/watch?v=tQGs199pasw","tQGs199pasw","The CCB Network",496,3040,65,""
22400429,"New York Knicks vs Washington Wizards - Full Game Highlights | December 28, 2024-25 NBA Season","https://www.youtube.com/watch?v=gpFaw2hY24c","gpFaw2hY24c","The CCB Network",525,4765,109,2
22400420,"Indiana Pacers vs Boston Celtics - Full Game Highlights | December 27, 2024 | 2024-25 NBA Season","https://www.youtube.com/watch?v=2e3u_CLIbpw","2e3u_CLIbpw","The CCB Network",490,6524,134,4
2022400016,"Bronny James Highlights vs Cleveland Cavs | Lakers Highlights | December 28, 2024","https://www.youtube.com/watch?v=VKiO68hKYoM","VKiO68hKYoM","LakeShow Highlights",181,16861,396,46
22400427,"Tyler Herro 28 PTS 10 AST 7 REB | Miami HEAT vs. Atlanta Hawks | December 28, 2024","https://www.youtube.com/watch?v=-WbniKLwKfU","-WbniKLwKfU","Miami HEAT",258,2407,62,7
2022400007,"Mac McClung G League Highlights (12/27/24) Magic Vs Sky Hawks (17 pts 14 assists 3 rebounds)","https://www.youtube.com/watch?v=AHeIjDDOD7E","AHeIjDDOD7E","Mac McClung Mixtapes",206,6026,105,48
2022400003,"Bronny James Highlights vs Cleveland Cavs | Lakers Highlights | December 27, 2024","https://www.youtube.com/watch?v=TJbdk2FQ0Eg","TJbdk2FQ0Eg","LakeShow Highlights",205,46948,999,194
22400426,"Golden State Warriors Full Team Highlights vs Clippers | Dec 27, 2024 | FreeDawkins","https://www.youtube.com/watch?v=Cpz6xYMH8Eg","Cpz6xYMH8Eg","FreeDawkins",563,141242,2106,166
22400421,"San Antonio Spurs vs Brooklyn Nets - Full Game Highlights | December 27, 2024-25 NBA Season","https://www.youtube.com/watch?v=Le0QkQxf8qg","Le0QkQxf8qg","The CCB Network",501,10212,152,5
22400422,"Minnesota Timberwolves vs Houston Rockets - Full Game Highlights | December 27, 2024-25 NBA Season","https://www.youtube.com/watch?v=1TuYun3mZNQ","1TuYun3mZNQ","The CCB Network",531,7074,167,7
22400410,"OKLAHOMA CITY THUNDER at INDIANA PACERS | FULL GAME HIGHLIGHTS | December 26, 2024 | 2024-25 Season","https://www.youtube.com/watch?v=EZBzLy2UXDU","EZBzLy2UXDU","NBA Highlights",592,19014,48,4
22400446,"Cleveland Cavaliers Full Team Highlights vs Warriors | Dec 30, 2024  | FreeDawkins","https://www.youtube.com/watch?v=2bEimHHDXd8","2bEimHHDXd8","FreeDawkins",519,16804,877,53
22400446,"Cleveland Cavaliers vs Golden State Warriors - Full Game Highlights | December 30, 2024-25 Season","https://www.youtube.com/watch?v=b2QvDBwvJKY","b2QvDBwvJKY","The CCB Network",482,13458,254,10
22400424,"Denver Nuggets vs Orlando Magic Full Game Highlights – December 27, 2025 | NBA Season","https://www.youtube.com/watch?v=Jjn0p2qqjn8","Jjn0p2qqjn8","GAMETIME HIGHLIGHTS",590,145087,1398,231
22400423,"Memphis Grizzlies vs New Orleans Pelicans - Full Game Highlights | December 27, 2024-25 NBA Season","https://www.youtube.com/watch?v=Wmgye8PN54A","Wmgye8PN54A","The CCB Network",495,3359,84,3
22400418,"Detroit Pistons vs Utah Jazz Full Game Highlights – December 26, 2025 | NBA Season","https://www.youtube.com/watch?v=U5T9X6OK6OA","U5T9X6OK6OA","GAMETIME HIGHLIGHTS",586,66748,697,41
22400413,"Atlanta Hawks vs Chicago Bulls - Full Game Highlights | December 26, 2023-24 NBA Season","https://www.youtube.com/watch?v=nCkQsPsYdiw","nCkQsPsYdiw","The CCB Network",632,7359,186,4
22400412,"Charlotte Hornets vs Washington Wizards - Full Game Highlights | December 26, 2024-25 NBA Season","https://www.youtube.com/watch?v=mco0Wnq54XM","mco0Wnq54XM","The CCB Network",504,2634,80,5
22400467,"Golden State Warriors Full Team Highlights vs 76ers | Jan 2, 2025  | FreeDawkins","https://www.youtube.com/watch?v=rFwWzmlz30c","rFwWzmlz30c","FreeDawkins",605,435470,8095,318
22400467,"Philadelphia 76ers vs Golden State Warriors - Full Game Highlights | January 2, 2025 NBA Season","https://www.youtube.com/watch?v=EcYvCL9YWC8","EcYvCL9YWC8","The CCB Network",515,10035,238,12
22400467,"Golden State Warriors VS Philadelphia 76ers  Game 3RD Highlights Jan 02,2025 NBA Season 2025-26","https://www.youtube.com/watch?v=dY21OPDQA9k","dY21OPDQA9k","Hightlight NBA",790,14882,98,2
22400431,"Phoenix Suns vs Golden State Warriors - Full Game Highlights | December 28, 2024-25 NBA Season","https://www.youtube.com/watch?v=sADw3SbMDyE","sADw3SbMDyE","The CCB Network",516,13696,282,20
22400431,"Golden State Warriors Full Team Highlights vs Suns  Dec 28, 2024  FreeDawkins","https://www.youtube.com/watch?v=BW_8t_C_9iI","BW_8t_C_9iI","FreeDawkins",596,399650,7453,415
22400414,"Toronto Raptors vs Memphis Grizzlies - Dec 26, 2024","https://www.youtube.com/watch?v=rmbFYC9-kTo","rmbFYC9-kTo","Raptors Nation",582,5214,56,5
22400439,"Miami Heat vs Houston Rockets - Full Game Highlights | December 29, 2024 | 2024-25 NBA Season","https://www.youtube.com/watch?v=KEbnFOV-4hY","KEbnFOV-4hY","The CCB Network",475,6595,120,3
22400439,"Miami HEAT Highlights vs. Houston Rockets | December 29, 2024","https://www.youtube.com/watch?v=_z4Fc6LaQfE","_z4Fc6LaQfE","Luis Claudio De Jesús Charles",630,2582,95,20
22400407,"Philadelphia 76ers vs Boston Celtics - Full Game Highlights | December 25, 2024 | 2024-25 NBA Season","https://www.youtube.com/watch?v=DSGCr8YHTAs","DSGCr8YHTAs","The CCB Network",525,15691,284,14
22400406,"Minnesota Timberwolves vs Dallas Mavericks - Full Game Highlights | December 25, 2024-25 NBA Season","https://www.youtube.com/watch?v=n4r-5hunMGw","n4r-5hunMGw","The CCB Network",505,9789,180,3
22400408,"Los Angeles Lakers vs Golden State Warriors - Full Game Highlights | December 25, 2024-25 NBA Season","https://www.youtube.com/watch?v=dKmAIkqbvwQ","dKmAIkqbvwQ","The CCB Network",527,37303,641,36
22400403,"Golden State Warriors Full Team Highlights vs Pacers | Dec 23, 2024  | FreeDawkins","https://www.youtube.com/watch?v=Q9styWSRTgo","Q9styWSRTgo","FreeDawkins",591,202658,2730,233.0
22400395,"Minnesota Timberwolves vs Atlanta Hawks - Full Game Highlights | December 23, 2024-25 NBA Season","https://www.youtube.com/watch?v=2cwyLCGPHP0","2cwyLCGPHP0","The CCB Network",473,7043,142,1.0
22400405,"SAN ANTONIO SPURS at NEW YORK KNICKS | FULL GAME HIGHLIGHTS | December 25, 2024 | 2024-25 Season","https://www.youtube.com/watch?v=7B17T0dbzIY","7B17T0dbzIY","NBA Highlights",583,1099,9,""
22400400,"Jordan Poole 31 pts 3 reb 7 ast vs Oklahoma City Thunder | 2024-12-23","https://www.youtube.com/watch?v=tXXPe2K1B7o","tXXPe2K1B7o","Basketball Highlights",447,1776,35,3.0
22400392,"Jordan Clarkson Highlights | Cavaliers vs. Jazz | 23rd Dec 2024","https://www.youtube.com/watch?v=8nHzrIrUVOo","8nHzrIrUVOo","Cookies & Kareem",113,2645,31,""
22400399,"Los Angeles Clippers vs Memphis Grizzlies - Full Game Highlights | December 23, 2024-25 NBA Season","https://www.youtube.com/watch?v=3AgkkAK06dY","3AgkkAK06dY","The CCB Network",517,8643,185,4.0
22400404,"Los Angeles Lakers Full Team Highlights vs Pistons | Dec 23, 2024  | FreeDawkins","https://www.youtube.com/watch?v=uo6TxwkOjac","uo6TxwkOjac","FreeDawkins",571,110882,2315,304
22400391,"Houston Rockets vs Charlotte Hornets - Full Game Highlights | December 23, 2024-25 NBA Season","https://www.youtube.com/watch?v=f99IX6ReQ-k","f99IX6ReQ-k","The CCB Network",517,3380,84,2
22400388,"Toronto Raptors vs Houston Rockets | Dec 22, 2024","https://www.youtube.com/watch?v=Ba8bPRkQLP4","Ba8bPRkQLP4","Raptors Nation",583,6973,80,35
22400394,"San Antonio Spurs vs Philadelphia 76ers - Full Game Highlights | December 23, 2024-25 NBA Season","https://www.youtube.com/watch?v=PTOyn_Ka31o","PTOyn_Ka31o","The CCB Network",489,6992,141,8
22400401,"Deni Avdija 19 pts 6 reb 3 ast vs Dallas Mavericks | 2024-12-23","https://www.youtube.com/watch?v=bxahb1UrO70","bxahb1UrO70","Basketball Highlights",319,1391,18,""
22400387,"Jaden Ivey Highlights | Suns vs. Pistons | 21st Dec 2024","https://www.youtube.com/watch?v=zffVkEvZQA0","zffVkEvZQA0","Cookies & Kareem",137,1741,47,2.0
22400454,"Cleveland Cavaliers vs Los Angeles Lakers - Full Game Highlights | December 31, 2024-25 NBA Season","https://www.youtube.com/watch?v=mLK_4TriOhc","mLK_4TriOhc","The CCB Network",512,89555,969,71.0
22400454,"Cleveland Cavaliers Full Team Highlights vs Lakers | Dec 31, 2024  | FreeDawkins","https://www.youtube.com/watch?v=JmJ70tmKuvk","JmJ70tmKuvk","FreeDawkins",552,38595,1080,61.0
22400454,"Los Angeles Lakers Full Team Highlights vs Cavs | Dec 31, 2024  | FreeDawkins","https://www.youtube.com/watch?v=286PVB6NXwU","286PVB6NXwU","FreeDawkins",575,270778,2977,270.0
22400376,"Los Angeles Lakers vs Sacramento Kings - Full Game Highlights | December 21, 2024-25 NBA Season","https://www.youtube.com/watch?v=poCncdOcYn8","poCncdOcYn8","The CCB Network",508,16272,325,12
22400381,"Boston Celtics vs Chicago Bulls - Full Game Highlights | December 21, 2024 | 2024-25 NBA Season","https://www.youtube.com/watch?v=AXFeHYGceNk","AXFeHYGceNk","The CCB Network",497,11958,206,9
22400375,"Oklahoma City Thunder vs Miami Heat - Full Game Highlights | December 20, 2024 | 2024-25 NBA Season","https://www.youtube.com/watch?v=P0pNQeAt0yo","P0pNQeAt0yo","The CCB Network",476,7948,161,5
22400464,"Boston Celtics vs Minnesota Timberwolves - Full Game Highlights | January 2, 2025 NBA Season","https://www.youtube.com/watch?v=UquvS0Q9oEw","UquvS0Q9oEw","The CCB Network",514,13563,238,16.0
22400464,"Minnesota Timberwolves VS Boston Celtics  Game 4TH Highlights Jan 02,2025 NBA Season 2025-26","https://www.youtube.com/watch?v=4c9K2fcDQTM","4c9K2fcDQTM","Hightlight NBA",735,39430,185,4.0
22400464,"Minnesota Timberwolves VS Boston Celtics  Game 1ST Highlights Jan 02,2025 NBA Season 2025-26","https://www.youtube.com/watch?v=sNWRaKCdurM","sNWRaKCdurM","Hightlight NBA",691,7228,37,2.0
22400464,"Minnesota Timberwolves VS Boston Celtics  Game 2ND Highlights Jan 02,2025 NBA Season 2025-26","https://www.youtube.com/watch?v=ES7QCT8cmd0","ES7QCT8cmd0","Hightlight NBA",592,3453,14,""
22400365,"Alperen Sengun vs New Orleans Pelicans 🔥 | December 19, 2024","https://www.youtube.com/watch?v=KdCoT-mXaw0","KdCoT-mXaw0","Alpi Moments",518,4271,204,10.0
22400374,"Milwaukee Bucks vs Cleveland Cavaliers - Full Game Highlights | December 20, 2024-25 NBA Season","https://www.youtube.com/watch?v=YyVBzxm_5kE","YyVBzxm_5kE","The CCB Network",500,11194,221,8.0
22400373,"Charlotte Hornets vs Philadelphia 76ers - Full Game Highlights | December 20, 2024-25 NBA Season","https://www.youtube.com/watch?v=vX5011bNh4Y","vX5011bNh4Y","The CCB Network",627,6993,130,6
22400371,"Deandre Ayton Highlights | Trail Blazers vs. Nuggets | 19th Dec 2024","https://www.youtube.com/watch?v=4tG8RkXjnAY","4tG8RkXjnAY","Cookies & Kareem",136,2474,34,2
22400363,"Chicago Bulls vs Boston Celtics - Full Game Highlights | December 19, 2024-25 NBA Season","https://www.youtube.com/watch?v=uD8WqipI2BM","uD8WqipI2BM","The CCB Network",517,12826,247,11
22400362,"Charlotte Hornets vs Washington Wizards - Full Game Highlights | December 19, 2024-25 NBA Season","https://www.youtube.com/watch?v=f1Bgp326B-A","f1Bgp326B-A","The CCB Network",505,2486,65,3
22400367,"New York Knicks vs Minnesota Timberwolves - Full Game Highlights | December 19, 2024-25 NBA Season","https://www.youtube.com/watch?v=GOIxMK2yJ-w","GOIxMK2yJ-w","The CCB Network",506,12823,221,11
22401223,"Toronto Raptors vs Chicago Bulls | Dec 16, 2024","https://www.youtube.com/watch?v=3SC0PehSA0Y","3SC0PehSA0Y","Raptors Nation",582,8519,66,4
22400397,"Toronto Raptors vs New York Knicks - Full Game Highlights | December 23, 2024-25 NBA Season","https://www.youtube.com/watch?v=q9IZ50pBM9M","q9IZ50pBM9M","The CCB Network",508,19111,286,9
22400397,"Toronto Raptors vs New York Knicks - Dec 23, 2024","https://www.youtube.com/watch?v=P8IJ4g2HN80","P8IJ4g2HN80","Raptors Nation",527,6830,67,12
22401217,"Washington Wizards Vs Boston Celtics Game 1ST Highlights Dec 15,2024 NBA Cup 2024-25","https://www.youtube.com/watch?v=pJHHQ2QQ48U","pJHHQ2QQ48U","Yang Moyu, Investment Research Department",529,2283,13,1
22401218,"Minnesota Timberwolves vs San Antonio Spurs - Full Game Highlights | December 15, 2024-25 NBA Season","https://www.youtube.com/watch?v=933F252fl7M","933F252fl7M","The CCB Network",509,11891,181,6
22401227,"New York Knicks vs Orlando Magic - Full Game Highlights | December 15, 2024-25 NBA Season","https://www.youtube.com/watch?v=5adQm-12q2Q","5adQm-12q2Q","The CCB Network",503,6394,120,5
22401219,"Portland Trail Blazers vs Phoenix Suns - Full Game Highlights | December 15, 2024-25 NBA Season","https://www.youtube.com/watch?v=0ZFwC4Nc3MI","0ZFwC4Nc3MI","The CCB Network",507,5437,90,2
22401214,"Phoenix Suns vs Utah Jazz - Full Game Highlights | December 13, 2024-25 NBA Season","https://www.youtube.com/watch?v=RC4pJC1B9gw","RC4pJC1B9gw","The CCB Network",510,6594,138,3
22400468,"Los Angeles Lakers Highlights vs Portland Trail Blazers | Jan 2 | 2025 NBA Season","https://www.youtube.com/watch?v=pkVfjVcrrvc","pkVfjVcrrvc","Hooper Highlights",563,1262,28,4
22400468,"Los Angeles Lakers vs Portland Trail Blazers Full Game Highlights Jan 2,2025 NBA Season 2024-25","https://www.youtube.com/watch?v=4wzXbnf_yMk","4wzXbnf_yMk","Hightlight NBA",633,10656,74,5
22400468,"Lakers vs Trail Blazers | Lakers Highlights | January 2, 2025","https://www.youtube.com/watch?v=nxNtmJiqv70","nxNtmJiqv70","LakeShow Highlights",561,182400,3907,254
22400468,"Portland Trail Blazers vs Los Angeles Lakers - Full Game Highlights | January 2, 2025 NBA Season","https://www.youtube.com/watch?v=1kGgw-PR5qs","1kGgw-PR5qs","The CCB Network",514,20012,327,20
22400468,"Los Angeles Lakers vs Portland Trail Blazers Game 2nd Highlights Jan 02,2025 NBA Season 2024-25","https://www.youtube.com/watch?v=2McpBSOxhNw","2McpBSOxhNw","Hightlight NBA",625,13243,70,3
22400377,"Miami Heat vs Orlando Magic - Full Game Highlights | December 21, 2024-25 NBA Season","https://www.youtube.com/watch?v=JUoIzBkkiw0","JUoIzBkkiw0","The CCB Network",629,6349,117,14
22400377,"Cole Anthony Highlights | Magic vs. Heat | 21st Dec 2024","https://www.youtube.com/watch?v=0YqM1NDhHnc","0YqM1NDhHnc","Cookies & Kareem",196,1097,22,3
22401209,"Indiana Pacers vs Philadelphia 76ers - Full Game Highlights | December 13, 2024-25 NBA Season","https://www.youtube.com/watch?v=feBejgxaxnY","feBejgxaxnY","The CCB Network",505,8341,155,3
22400383,"Golden State Warriors Full Team Highlights vs Timberwolves | Dec 21, 2024  | FreeDawkins","https://www.youtube.com/watch?v=3uxbwyp8K74","3uxbwyp8K74","FreeDawkins",559,518572,8604,314
22400383,"Golden State Warriors vs Minnesota Timberwolves - Full Highlights | December 21, 2024-25 NBA Season","https://www.youtube.com/watch?v=PekZdELSLlU","PekZdELSLlU","The CCB Network",494,10345,231,11
22401210,"Los Angeles Lakers vs Minnesota Timberwolves - Full Game Highlights | December 13, 2024 NBA Season","https://www.youtube.com/watch?v=svlJ_k3Fts8","svlJ_k3Fts8","The CCB Network",502,17711,307,21
22401204,"Golden State Warriors vs Houston Rockets Full Game Highlights - December 11 | 2024-25 NBA Season","https://www.youtube.com/watch?v=U1N_saWG7tQ","U1N_saWG7tQ","Swish NBA",567,1910,60,6
22401211,"Brooklyn Nets vs Memphis Grizzlies - Full Game Highlights | December 13, 2024-25 NBA Season","https://www.youtube.com/watch?v=D4mQBQGty2w","D4mQBQGty2w","The CCB Network",499,8307,158,6
22401215,"Deni Avdija 19 pts 5 reb 4 ast vs San Antonio Spurs | 2024-12-13","https://www.youtube.com/watch?v=ZjU9WB0UkD0","ZjU9WB0UkD0","Basketball Highlights",293,1141,14,3
22401205,"Detroit Pistons vs Boston Celtics - Full Game Highlights | December 12, 2024-25 NBA Season","https://www.youtube.com/watch?v=ciPC__pykwU","ciPC__pykwU","The CCB Network",506,14108,212,2
22400368,"Los Angeles Clippers vs Dallas Mavericks - Full Game Highlights | December 19, 2024-25 NBA Season","https://www.youtube.com/watch?v=VZZVO0LMckA","VZZVO0LMckA","The CCB Network",499,8223,158,6
22400368,"Dallas Mavericks Vs Los Angeles Clippers Game 1ST Highlights Dec 19,2024 NBA Season 2024-25","https://www.youtube.com/watch?v=tKsPk-jvuZI","tKsPk-jvuZI","Yang Moyu, Investment Research Department",675,6376,30,1
22400372,"Los Angeles Lakers vs Sacramento Kings - Full Game Highlights | December 19, 2024-25 NBA Season","https://www.youtube.com/watch?v=AvovVPTbbnY","AvovVPTbbnY","The CCB Network",493,10589,225,7.0
22400372,"Los Angeles Lakers VS Sacramento Kings  Game 1ST Highlights Dec 19,2024 NBA Season 2024-25","https://www.youtube.com/watch?v=5gc9w8_OAHU","5gc9w8_OAHU","Yang Moyu, Investment Research Department",653,35482,230,""
22401206,"Toronto Raptors vs Miami Heat | Dec 12, 2024","https://www.youtube.com/watch?v=nLl2v5ciHkw","nLl2v5ciHkw","Raptors Nation",574,7360,68,4.0
22401224,"Brooklyn Nets Vs Cleveland Cavaliers Game 1st Highlights Dec 16,2024 NBA  Season 2024-25","https://www.youtube.com/watch?v=okDw_wRDVw0","okDw_wRDVw0","NBA TODAY",630,1211,6,""
22401224,"Brooklyn Nets vs Cleveland Cavaliers Game 1ST Highlights Dec 16,2024 NBA SEASON  2024-25","https://www.youtube.com/watch?v=YjrS9-z4Las","YjrS9-z4Las","Yang Moyu, Investment Research Department",576,1121,5,""
22400353,"Cam Spencer 14 pts 4 reb 5 ast vs Washington Wizards | 2024-12-08","https://www.youtube.com/watch?v=mOpSeWh_5S0","mOpSeWh_5S0","NBA Rookie Highlights",274,3218,33,4.0
22401226,"Los Angeles Clippers vs Utah Jazz Game 2ND Highlights Dec 16,2024 NBA Season 2024-25","https://www.youtube.com/watch?v=lhCHvWI4KIE","lhCHvWI4KIE","Yang Moyu, Investment Research Department",530,1006,5,1
22401226,"Los Angeles Clippers vs Utah Jazz Game 1ST Highlights Dec 16,2024 NBA Season 2024-25","https://www.youtube.com/watch?v=WktIEgIc8VM","WktIEgIc8VM","Yang Moyu, Investment Research Department",594,2517,16,1
22401228,"Dallas Mavericks Full Team Highlights vs Warriors | Dec 15, 2024 | FreeDawkins","https://www.youtube.com/watch?v=ho2h2cEzIL4","ho2h2cEzIL4","FreeDawkins",529,100567,1850,116
22401228,"Golden State Warriors Vs Dallas Mavericks Full Game Highlights Dec 15,2024 NBA Season 2024-25","https://www.youtube.com/watch?v=VOvEU9kKYyg","VOvEU9kKYyg","Yang Moyu, Investment Research Department",642,3771,12,2
22401221,"Jimmy Butler 35 PTS 19 REB 10 AST 4 STL 1 BLK | Miami HEAT vs. Detroit Pistons | December 16, 2024","https://www.youtube.com/watch?v=ovlYo_6bB54","ovlYo_6bB54","Miami HEAT",295,5222,87,16
22401221,"Miami Heat vs Detroit Pistons - Full Game Highlights | December 16, 2024-25 NBA Season","https://www.youtube.com/watch?v=9eId3Jx_5tI","9eId3Jx_5tI","The CCB Network",631,5319,119,16
22400351,"Cleveland Cavaliers vs Miami Heat - Full Game Highlights | December 8, 2024-25 NBA Season","https://www.youtube.com/watch?v=2jpZiPjoZY8","2jpZiPjoZY8","The CCB Network",494,40104,490,14
22400341,"Jokić 56! FlightReacts To NUGGETS at WIZARDS | FULL GAME HIGHLIGHTS | December 7, 2024!","https://www.youtube.com/watch?v=aD6ecWlrCsM","aD6ecWlrCsM","NotYourAverageFlight",784,87339,4058,237.0
22400370,"San Antonio Spurs vs Atlanta Hawks Full Game Highlights – December 19, 2025 | NBA Season","https://www.youtube.com/watch?v=e_uqzrAh5VQ","e_uqzrAh5VQ","GAMETIME HIGHLIGHTS",583,253217,2273,138.0
22400370,"De'Andre Hunter Highlights | Spurs vs. Hawks | 19th Dec 2024","https://www.youtube.com/watch?v=17_wFq6A7BY","17_wFq6A7BY","Cookies & Kareem",137,1145,16,1.0
22400370,"Victor Wembanyama Highlights | Spurs vs. Hawks | 19th Dec 2024","https://www.youtube.com/watch?v=u66PieDdSqA","u66PieDdSqA","Cookies & Kareem",260,2164,10,""
22400354,"New Orleans Pelicans vs San Antonio Spurs - Full Game Highlights | December 8, 2024-25 NBA Season","https://www.youtube.com/watch?v=5nCvuA3pIPk","5nCvuA3pIPk","The CCB Network",494,53475,630,18.0
22400345,"Memphis Grizzlies vs Boston Celtics - Full Game Highlights | December 7, 2024-25 NBA Season","https://www.youtube.com/watch?v=eN5Jn8AzrIM","eN5Jn8AzrIM","The CCB Network",512,111985,1221,67
22400346,"Phoenix Suns vs Miami Heat - Full Game Highlights | December 7, 2024 | 2024-25 NBA Season","https://www.youtube.com/watch?v=izefobq5WJM","izefobq5WJM","The CCB Network",507,30005,378,17
22400338,"Golden State Warriors vs Cleveland Cavaliers Full Game Highlights – December 6, 2025 | NBA Season","https://www.youtube.com/watch?v=dJUOwOBAhKo","dJUOwOBAhKo","GAMETIME HIGHLIGHTS",575,253466,2004,219
22400326,"Dallas Mavericks vs Washington Wizards - Full Game Highlights | December 5, 2024 NBA Season","https://www.youtube.com/watch?v=HXs4HqUKwFE","HXs4HqUKwFE","The CCB Network",491,33540,305,23
22401202,"New York Knicks vs Atlanta Hawks Full Game Highlights - December 11, 2024 | 2024-25 NBA Season","https://www.youtube.com/watch?v=GxsUsyuXYIU","GxsUsyuXYIU","Swish NBA",584,1237,47,1
22401202,"Atlanta Hawks vs New York Knicks - Full Game Highlights | December 11, 2024 Emirates NBA Cup","https://www.youtube.com/watch?v=lCLx_yXfeus","lCLx_yXfeus","The CCB Network",510,35291,460,18
22400337,"Sacramento Kings vs San Antonio Spurs - Full Game Highlights | December 6, 2024-25 NBA Season","https://www.youtube.com/watch?v=UQ08lXS-Js0","UQ08lXS-Js0","The CCB Network",502,5851,96,3
22400364,"Toronto Raptors vs Brooklyn Nets | Dec 19, 2024","https://www.youtube.com/watch?v=A8K3Qc3S6g8","A8K3Qc3S6g8","Raptors Nation",501,6737,62,9
22400364,"Toronto Raptors vs Brooklyn Nets | Dec 19, 2024","https://www.youtube.com/watch?v=6l4vUwntaPs","6l4vUwntaPs","Raptors Nation",267,2224,16,1
22400364,"Cameron Johnson Highlights | Raptors vs. Nets | 19th Dec 2024","https://www.youtube.com/watch?v=7Cx7nOk3Mqg","7Cx7nOk3Mqg","Cookies & Kareem",191,1466,21,1
22400327,"Charlotte Hornets vs New York Knicks - Full Game Highlights | December 5, 2024-25 NBA Season","https://www.youtube.com/watch?v=DT7VdVwdTKY","DT7VdVwdTKY","The CCB Network",519,23854,286,12
22400324,"Minnesota Timberwolves vs Los Angeles Clippers - Full Game Highlights | December 4, 2024 NBA Season","https://www.youtube.com/watch?v=i5GxJ8IQ-MM","i5GxJ8IQ-MM","The CCB Network",496,26949,268,8
22400329,"Sacramento Kings vs Memphis Grizzlies - Full Game Highlights | December 5, 2024-25 NBA Season","https://www.youtube.com/watch?v=Kc2kaUgx2A0","Kc2kaUgx2A0","The CCB Network",498,24339,315,8
22400325,"Denver Nuggets vs Cleveland Cavaliers - Full Game Highlights | December 5, 2024-25 NBA Season","https://www.youtube.com/watch?v=omZFKEr7goc","omZFKEr7goc","The CCB Network",494,91105,790,41
22400319,"Detroit Pistons vs Boston Celtics - Full Game Highlights | December 4, 2024-25 NBA Season","https://www.youtube.com/watch?v=uv5gjPPj2qE","uv5gjPPj2qE","The CCB Network",523,8400,153,5
22400321,"Los Angeles Lakers vs Miami Heat - Full Game Highlights | December 4, 2024-25 NBA Season","https://www.youtube.com/watch?v=m4leTH4bA50","m4leTH4bA50","The CCB Network",513,20496,267,17
22400359,"New York Knicks vs Toronto Raptors Full Game Highlights – December 9, 2025 |  NBA Cup Quarter-Finals","https://www.youtube.com/watch?v=RzecnQdQ3uo","RzecnQdQ3uo","GAMETIME HIGHLIGHTS",570,117007,1108,62
22400359,"New York Knicks vs Toronto Raptors - Full Game Highlights | December 9, 2024-25 NBA Season","https://www.youtube.com/watch?v=RlSjSuHsfSw","RlSjSuHsfSw","The CCB Network",611,11892,199,10
22400355,"Golden State Warriors Team Highlights vs Timberwolves | Dec 8, 2024 | FreeDawkins","https://www.youtube.com/watch?v=PldBiz6rNA4","PldBiz6rNA4","FreeDawkins",567,700778,11195,626
22400355,"Minnesota Timberwolves vs Golden State Warriors - Full Game Highlights | December 8, 2024 NBA Season","https://www.youtube.com/watch?v=bEk5_xJzlYY","bEk5_xJzlYY","The CCB Network",510,84194,1132,50
22400358,"Los Angeles Lakers Full Team Highlights vs Portland Trail Blazers | Dec 8, 2024 | FreeDawkins","https://www.youtube.com/watch?v=ukddYptJe30","ukddYptJe30","FreeDawkins",526,199617,2794,385
22400358,"Portland Trail Blazers vs Los Angeles Lakers - Full Game Highlights | December 8, 2024-25 NBA Season","https://www.youtube.com/watch?v=69aqp7BfwdU","69aqp7BfwdU","The CCB Network",501,23403,324,29
22400052,"Milwaukee Bucks vs Detroit Pistons Full Game Highlights - December 3, 2025 | NBA Season","https://www.youtube.com/watch?v=a6SmlWvbO7U","a6SmlWvbO7U","GAMETIME HIGHLIGHTS",570,100702,1096,134
22400323,"Atlanta Hawks vs Milwaukee Bucks - Full Game Highlights | December 4, 2024-25 NBA Season","https://www.youtube.com/watch?v=Vsonl1_6-28","Vsonl1_6-28","The CCB Network",497,6589,152,5
22401220,"Los Angeles Lakers Vs Memphis Grizzlies Full Game Highlights Dec 15,2024 NBA Season 2024-25","https://www.youtube.com/watch?v=MyFDP5NgUTg","MyFDP5NgUTg","Yang Moyu, Investment Research Department",641,2318,9,""
22401220,"Memphis Grizzlies vs Los Angeles Lakers - Full Game Highlights | December 15, 2024-25 NBA Season","https://www.youtube.com/watch?v=PICZkrrvBgs","PICZkrrvBgs","The CCB Network",492,17951,345,19.0
22401220,"Los Angeles Lakers Vs Memphis Grizzlies Game 2ND Highlights Dec 15,2024 NBA Season 2024-25","https://www.youtube.com/watch?v=AMBJXX6TItc","AMBJXX6TItc","Yang Moyu, Investment Research Department",608,21717,110,1.0
22400366,"Golden State Warriors vs Memphis Grizzlies - Full Game Highlights | December 19, 2024-25 NBA Season","https://www.youtube.com/watch?v=SUYDeSaW1_g","SUYDeSaW1_g","The CCB Network",519,10410,188,16
22400366,"Memphis Grizzlies Full Team Highlights vs Warriors | Dec 19, 2024  | FreeDawkins","https://www.youtube.com/watch?v=b0KcyLUwqJ4","b0KcyLUwqJ4","FreeDawkins",593,36902,1091,112
22400366,"Golden State Warriors Highlights vs Memphis Grizzlies | Dec 19 | 2025 NBA Season","https://www.youtube.com/watch?v=mMrpp_zkhds","mMrpp_zkhds","Hooper Highlights",453,1044,13,1
22400334,"Los Angeles Lakers vs Atlanta Hawks - Full Game Highlights | December 6, 2024-25 NBA Season","https://www.youtube.com/watch?v=Qf4gQeJPyUY","Qf4gQeJPyUY","The CCB Network",517,29016,389,43
22400334,"Lakers vs Hawks | Lakers Highlights | December 6, 2024","https://www.youtube.com/watch?v=M0FjwcLSOns","M0FjwcLSOns","LakeShow Highlights",536,57259,938,132
22400344,"Toronto Raptors vs Dallas Mavericks | Dec 7, 2024","https://www.youtube.com/watch?v=cxBft9umoiE","cxBft9umoiE","Raptors Nation",583,14809,119,9
22400344,"Toronto Raptors vs Dallas Mavericks - First Half Highlights | Dec 7, 2024","https://www.youtube.com/watch?v=QanfjaIPtWc","QanfjaIPtWc","Raptors Nation",295,4384,23,2
22400316,"Boston Celtics vs Miami Heat Full Game Highlights - December 2, 2024 | 2024-25 NBA Season","https://www.youtube.com/watch?v=BY-K2X-nt6I","BY-K2X-nt6I","Swish NBA",549,1092,33,2
22400342,"Oklahoma City Thunder vs New Orleans Pelicans - FullGame Highlights | December 7, 2024-25 NBA Season","https://www.youtube.com/watch?v=Op34AyQxVK8","Op34AyQxVK8","The CCB Network",616,11129,168,13
22400342,"Oklahoma City Thunder vs New Orleans Pelicans - FullGame Highlights | December 7, 2024-25 NBA Season","https://www.youtube.com/watch?v=Dup9Wkj7REI","Dup9Wkj7REI","The CCB Network",621,21303,217,4
22400313,"San Antonio Spurs vs Sacramento Kings Full Game Highlights - December 1, 2024 | 2024-25 NBA Season","https://www.youtube.com/watch?v=wp6o7vTs5W8","wp6o7vTs5W8","Swish NBA",570,1221,30,2
22400303,"Golden State Warriors vs Phoenix Suns Full Game Highlights - November 30, 2024 | 2024-25 NBA Season","https://www.youtube.com/watch?v=HkXwCfm1v1U","HkXwCfm1v1U","Swish NBA",583,2083,46,1
22400332,"Houston Rockets vs Golden State Warriors - Full Game Highlights | December 5, 2024-25 NBA Season","https://www.youtube.com/watch?v=Z4C-nQHBQuI","Z4C-nQHBQuI","The CCB Network",514,38842,482,19
22400332,"Golden State Warriors Team Highlights vs Rockets | Dec 5, 2024 | FreeDawkins","https://www.youtube.com/watch?v=F_aTBPRQ9Ks","F_aTBPRQ9Ks","FreeDawkins",593,416610,6576,373
22400044,"Los Angeles Clippers vs Minnesota Timberwolves - Full Highlights | Nov 29, 2024 Emirates NBA Cup","https://www.youtube.com/watch?v=KQP5ijnVZzM","KQP5ijnVZzM","The CCB Network",511,8869,147,10
22400304,"Houston Rockets vs Utah Jazz Full Game Highlights - November 30, 2025 | NBA Season","https://www.youtube.com/watch?v=yvqNuVhGsCI","yvqNuVhGsCI","GAMETIME HIGHLIGHTS",566,130160,1103,99.0
22400328,"Toronto Raptors vs OKC Thunder - First Half Highlights | Dec 5, 2024","https://www.youtube.com/watch?v=l8oA8hJVLFE","l8oA8hJVLFE","Raptors Nation",209,2298,21,""
22400328,"Toronto Raptors vs Oklahoma City Thunder | Dec 5, 2024","https://www.youtube.com/watch?v=2KlL8XmM9V4","2KlL8XmM9V4","Raptors Nation",463,6355,55,3.0
22400041,"Cleveland Cavaliers vs Atlanta Hawks Full Game Highlights - November 29, 2024 | 2024-25 NBA Season","https://www.youtube.com/watch?v=U1cWiLs3Gsk","U1cWiLs3Gsk","Swish NBA",581,1022,35,""
22400042,"New Orleans Pelicans vs Memphis Grizzlies - Full Highlights | November 29, 2024 Emirates NBA Cup","https://www.youtube.com/watch?v=CIqrbOVjSac","CIqrbOVjSac","The CCB Network",508,3960,102,4.0
22400040,"New York Knicks vs Charlotte Hornets Full Game Highlights - November 29, 2024 | 2024-25 NBA Season","https://www.youtube.com/watch?v=y3a3mWnG3F8","y3a3mWnG3F8","Swish NBA",576,1041,34,1
22400287,"Atlanta Hawks vs Cleveland Cavaliers - Full Game Highlights | November 27, 2024-25 NBA Season","https://www.youtube.com/watch?v=UxKGzj383Is","UxKGzj383Is","The CCB Network",515,7277,140,2
22400292,"New York Knicks vs Dallas Mavericks - Full Game Highlights | November 27, 2024 | 2024-25 NBA Season","https://www.youtube.com/watch?v=PfzYyr9VAiY","PfzYyr9VAiY","The CCB Network",506,8282,174,8
22400047,"Boston Celtics vs Chicago Bulls - Full Game Highlights | November 29, 2024 Emirates NBA Cup","https://www.youtube.com/watch?v=mzPaekB1oiU","mzPaekB1oiU","The CCB Network",522,8641,192,10
22400054,"Toronto Raptors vs Indiana Pacers | December 3, 2024","https://www.youtube.com/watch?v=3V6zxkRn7yk","3V6zxkRn7yk","Raptors Nation",579,17269,192,16
22400054,"Toronto Raptors vs Indiana Pacers - First Half Highlights | Dec 3, 2024","https://www.youtube.com/watch?v=MMq90kLx5Eo","MMq90kLx5Eo","Raptors Nation",309,3225,26,3
22400297,"Brooklyn Nets vs Phoenix Suns - Full Game Highlights | November 27, 2024-25 NBA Season","https://www.youtube.com/watch?v=lFnn91uWO1I","lFnn91uWO1I","The CCB Network",510,7056,149,8
22400294,"Sacramento Kings vs Minnesota Timberwolves - Full Game Highlights | November 27, 2024-25 NBA Season","https://www.youtube.com/watch?v=h3bDa2X_7o8","h3bDa2X_7o8","The CCB Network",507,5761,117,3
22400290,"Alperen Sengun vs Philadelphia 76ers 🔥 | November 27, 2024","https://www.youtube.com/watch?v=y232_Upq7zU","y232_Upq7zU","Alpi Moments",595,9179,310,46
22400291,"Los Angeles Clippers vs Washington Wizards - Full Game Highlights | November 27, 2024-25 NBA Season","https://www.youtube.com/watch?v=KBrZG-H1PZE","KBrZG-H1PZE","The CCB Network",521,4286,107,1.0
22400293,"Simone Fontecchio 18 pts 2 reb 1 ast vs Memphis Grizzlies | 2024-11-27","https://www.youtube.com/watch?v=7y4fPE3YjbE","7y4fPE3YjbE","Basketball Highlights",164,1697,21,""
22400286,"Miami Heat vs Charlotte Hornets - Full Game Highlights | November 27, 2024-25 NBA Season","https://www.youtube.com/watch?v=Q4D195-PRxA","Q4D195-PRxA","The CCB Network",508,5718,109,3
22400039,"Los Angeles Lakers vs Phoenix Suns - Full Game Highlights | November 26, 2024 Emirates NBA Cup","https://www.youtube.com/watch?v=_WE5_Tap3js","_WE5_Tap3js","The CCB Network",518,32458,384,43
22400309,"Toronto Raptors vs Miami Heat | December 1, 2024","https://www.youtube.com/watch?v=adtVsnRPHGo","adtVsnRPHGo","Raptors Nation",582,14596,177,9
22400309,"Toronto Raptors vs Miami Heat - First Half Highlights | Dec 1, 2024","https://www.youtube.com/watch?v=nb65OoEF1Sw","nb65OoEF1Sw","Raptors Nation",283,2840,22,3
22400038,"San Antonio Spurs vs Utah Jazz - Full Game Highlights | November 26, 2024 Emirates NBA Cup","https://www.youtube.com/watch?v=-Hc25JaoO5Y","-Hc25JaoO5Y","The CCB Network",504,24662,284,9
22400278,"Toronto Raptors vs Detroit Pistons | November 25, 2024","https://www.youtube.com/watch?v=9uwUEg71pSE","9uwUEg71pSE","Raptors Nation",536,8162,67,21
22400281,"Los Angeles Lakers vs Los Angeles Clippers Full Game Highlights - November 25, 2025 | NBA Season","https://www.youtube.com/watch?v=NlV4ayXx4LY","NlV4ayXx4LY","GAMETIME HIGHLIGHTS",576,887645,7760,707
22400277,"Orlando Magic vs Charlotte Hornets - Full Game Highlights | November 25, 2024-25 NBA Season","https://www.youtube.com/watch?v=NN7Dm96kAh4","NN7Dm96kAh4","The CCB Network",496,3539,79,9.0
22400280,"Dallas Mavericks vs Atlanta Hawks - Full Game Highlights | November 25, 2024-25 NBA Season","https://www.youtube.com/watch?v=bjz7pjob2OQ","bjz7pjob2OQ","The CCB Network",510,9274,157,5.0
22400295,"Toronto Raptors vs New Orleans Pelicans | November 27, 2024","https://www.youtube.com/watch?v=Cf2HSRf6OvE","Cf2HSRf6OvE","Raptors Nation",582,17640,178,24.0
22400295,"Toronto Raptors vs New Orleans Pelicans - First Half Highlights | Nov 27, 2024","https://www.youtube.com/watch?v=TNYOqvcYih0","TNYOqvcYih0","Raptors Nation",296,2542,32,""
22400282,"Portland Trail Blazers vs Memphis Grizzlies - Full Game Highlights | November 25, 2024-25 NBA Season","https://www.youtube.com/watch?v=08C-vdGHjng","08C-vdGHjng","The CCB Network",503,4080,105,7
22400048,"Los Angeles Lakers vs Oklahoma City Thunder Full Game Highlights - November 29 | 2024-25 NBA Season","https://www.youtube.com/watch?v=yB9B9taXNjk","yB9B9taXNjk","Swish NBA",573,2677,69,2
22400048,"Oklahoma City Thunder vs Los Angeles Lakers - Full Game Highlights | November 29, 2024 NBA Cup","https://www.youtube.com/watch?v=tBSTubGYFCk","tBSTubGYFCk","The CCB Network",470,13808,291,12
22400284,"Golden State Warriors vs Brooklyn Nets Full Game Highlights | Nov 25, 2024 | FreeDawkins","https://www.youtube.com/watch?v=256WneyyY5Y","256WneyyY5Y","FreeDawkins",590,821821,9168,823
22400296,"Los Angeles Lakers vs San Antonio Spurs - Full Game Highlights | November 27, 2024-25 NBA Season","https://www.youtube.com/watch?v=2Zvu1bT29VY","2Zvu1bT29VY","The CCB Network",505,13553,278,11
22400296,"Lakers vs Spurs | Lakers Highlights | November 27, 2024","https://www.youtube.com/watch?v=lBFAVPJSq4o","lBFAVPJSq4o","LakeShow Highlights",517,181141,3456,184
22400274,"Los Angeles Clippers vs Philadelphia 76ers - Full Game Highlights | November 24, 2024-25 NBA Season","https://www.youtube.com/watch?v=U003ZsBCA8U","U003ZsBCA8U","The CCB Network",502,5703,125,4
22400264,"Los Angeles Lakers vs Utah Jazz Full Game Highlights - November 23, 2025 | NBA Season","https://www.youtube.com/watch?v=qtY642_vGxQ","qtY642_vGxQ","GAMETIME HIGHLIGHTS",578,703587,5550,526
22400037,"Minnesota Timberwolves vs Houston Rockets Full Game Highlights - November 26 | 2024-25 NBA Season","https://www.youtube.com/watch?v=lfrKRSKfd_A","lfrKRSKfd_A","Swish NBA",577,1207,33,1
22400037,"Houston Rockets vs Minnesota Timberwolves - Full Highlights | November 26, 2024 Emirates NBA Cup","https://www.youtube.com/watch?v=fLaXEsdv6tw","fLaXEsdv6tw","The CCB Network",493,20360,291,19
22400027,"Brooklyn Nets vs Philadelphia 76ers - Full Game Highlights | November 22, 2024 Emirates NBA Cup","https://www.youtube.com/watch?v=T8Urd3ITP_0","T8Urd3ITP_0","The CCB Network",499,4779,114,4
22400283,"New York Knicks vs Denver Nuggets Full Game Highlights - November 25, 2024 | 2024-25 NBA Season","https://www.youtube.com/watch?v=ai4k2jCI7Xk","ai4k2jCI7Xk","Swish NBA",584,1166,35,2
22400283,"New York Knicks vs Denver Nuggets - Full Game Highlights | November 25, 2024 | 2024-25 NBA Season","https://www.youtube.com/watch?v=v_DFBehV72A","v_DFBehV72A","The CCB Network",510,27142,387,25
22400028,"Boston Celtics vs Washington Wizards - Full Game Highlights | November 22, 2024 Emirates NBA Cup","https://www.youtube.com/watch?v=-egeDFryZ5w","-egeDFryZ5w","The CCB Network",479,7052,139,8
22400029,"Indiana Pacers vs Milwaukee Bucks - Full Game Highlights | November 22, 2024 Emirates NBA Cup","https://www.youtube.com/watch?v=xfYfPpsRhVY","xfYfPpsRhVY","The CCB Network",523,6940,156,8
22400036,"Milwaukee Bucks vs Miami Heat Full Game Highlights - November 26, 2024 | 2024-25 NBA Season","https://www.youtube.com/watch?v=40PRM2dikRU","40PRM2dikRU","Swish NBA",583,1345,36,4
22400036,"Milwaukee Bucks vs Miami Heat - Full Game Highlights | November 26, 2024 Emirates NBA Cup","https://www.youtube.com/watch?v=hgr2-4YWdUA","hgr2-4YWdUA","The CCB Network",514,27829,330,28
22400318,"Los Angeles Lakers vs Minnesota Timberwolves Full Game Highlights - December 2 | 2024-25 NBA Season","https://www.youtube.com/watch?v=uasjn4ihtps","uasjn4ihtps","Swish NBA",558,2386,44,6.0
22400318,"Los Angeles Lakers Full Team Highlights vs Minnesota Timberwolves | Dec 2, 2024 | FreeDawkins","https://www.youtube.com/watch?v=bINGYrcELuU","bINGYrcELuU","FreeDawkins",559,98085,1685,435.0
22400318,"Minnesota Timberwolves Full Team Highlights vs Los Angeles Lakers | Dec 2, 2024 | FreeDawkins","https://www.youtube.com/watch?v=5eZkQR_zlP8","5eZkQR_zlP8","FreeDawkins",503,30658,964,64.0
22400260,"Detroit Pistons vs Charlotte Hornets - Full Game Highlights | November 21, 2024-25 NBA Season","https://www.youtube.com/watch?v=aOg8r1VfmsU","aOg8r1VfmsU","The CCB Network",522,6850,163,8.0
22400311,"Los Angeles Lakers vs Utah Jazz Full Game Highlights - December 1, 2024 | 2024-25 NBA Season","https://www.youtube.com/watch?v=qceMz-PlIDQ","qceMz-PlIDQ","Swish NBA",582,2055,45,""
22400311,"Los Angeles Lakers vs Utah Jazz Full Game Highlights 1st Qtr | Dec 18 | 2025 NBA Highlights","https://www.youtube.com/watch?v=ZCEEmB6mmZs","ZCEEmB6mmZs","Lakers Dynasty Highlights",518,108412,560,21.0
22400311,"Los Angeles Lakers vs Utah Jazz Full Game Highlights 4th Qtr | Dec 18 | 2025 NBA Highlights","https://www.youtube.com/watch?v=CJ4hqXM4fnY","CJ4hqXM4fnY","Lakers Dynasty Highlights",566,134129,633,10.0
22400257,"New York Knicks vs Phoenix Suns - Full Game Highlights | November 20, 2024 | 2024-25 NBA Season","https://www.youtube.com/watch?v=KDGJui4mjYU","KDGJui4mjYU","The CCB Network",502,59099,631,27
22400252,"New Orleans Pelicans vs Cleveland Cavaliers - Full Game Highlights | November 20, 2024-25 NBA Season","https://www.youtube.com/watch?v=p9DkKFxTjic","p9DkKFxTjic","The CCB Network",502,10550,162,5
22400032,"Golden State Warriors vs New Orleans Pelicans Full Game Highlights | Nov 22, 2024 | FreeDawkins","https://www.youtube.com/watch?v=757iTZgEzBE","757iTZgEzBE","FreeDawkins",600,1056655,13798,483
22400032,"Golden State Warriors vs New Orleans Pelicans - Full Game Highlights | November 22, 2024 NBA Cup","https://www.youtube.com/watch?v=TWUcfw-77gc","TWUcfw-77gc","The CCB Network",512,5789,131,3
22400259,"Los Angeles Clippers vs Orlando Magic Full Game Highlights - November 20, 2025 | NBA Season","https://www.youtube.com/watch?v=oDUSA7mBsds","oDUSA7mBsds","GAMETIME HIGHLIGHTS",570,131921,1040,83
22400270,"Los Angeles Lakers vs Denver Nuggets Full Game Highlights | Nov 23, 2024 | FreeDawkins","https://www.youtube.com/watch?v=C24iXQ6Kf5w","C24iXQ6Kf5w","FreeDawkins",596,802923,8847,1100
22400270,"Denver Nuggets vs Los Angeles Lakers - Full Game Highlights | November 23, 2024-25 NBA Season","https://www.youtube.com/watch?v=oWjUXMcluLw","oWjUXMcluLw","The CCB Network",635,12339,243,11
22400268,"Charlotte Hornets vs Milwaukee Bucks - Full Game Highlights | November 23, 2024-25 NBA Season","https://www.youtube.com/watch?v=M5iwU_u7yOM","M5iwU_u7yOM","The CCB Network",495,10464,214,12
22400268,"LAMELO 50! FlightReacts To HORNETS at BUCKS | FULL GAME HIGHLIGHTS | November 23, 2024!","https://www.youtube.com/watch?v=ry9zSKpHuQ4","ry9zSKpHuQ4","NotYourAverageFlight",784,143999,5372,179
22400034,"Sacramento Kings vs Los Angeles Clippers - Full Game Highlights | November 22, 2024 Emirates NBA Cup","https://www.youtube.com/watch?v=DV01ZoMpks4","DV01ZoMpks4","The CCB Network",515,6952,172,4
22400034,"Los Angeles Clippers vs Charlotte Hornets Full Game Highlights - November 22, 2025 | NBA Season","https://www.youtube.com/watch?v=NIcEltO_H-o","NIcEltO_H-o","GAMETIME HIGHLIGHTS",572,92565,1016,92
22400263,"Los Angeles Lakers vs Orlando Magic Full Game Highlights | Nov 21, 2024 | FreeDawkins","https://www.youtube.com/watch?v=gIg0wwSJG14","gIg0wwSJG14","FreeDawkins",639,957618,10784,1100
22400263,"Orlando Magic vs Los Angeles Lakers - Full Game Highlights | November 21, 2024 | 2024-25 NBA Season","https://www.youtube.com/watch?v=Eeq3V1klcR0","Eeq3V1klcR0","The CCB Network",504,11791,282,20
22400245,"Philadelphia 76ers vs Miami Heat - Full Game Highlights | November 18, 2024-25 NBA Season","https://www.youtube.com/watch?v=3j2agsfPsOk","3j2agsfPsOk","The CCB Network",503,5045,117,3
22400269,"Golden State Warriors vs San Antonio Spurs Full Game Highlights | Nov 23, 2024 | FreeDawkins","https://www.youtube.com/watch?v=PPw5SuZMQrY","PPw5SuZMQrY","FreeDawkins",575,887451,10584,764
22400269,"Golden State Warriors vs San Antonio Spurs - Full Game Highlights | November 23, 2024-25 NBA Season","https://www.youtube.com/watch?v=o8oX5hTi4M0","o8oX5hTi4M0","The CCB Network",493,10981,263,11
22400246,"Washington Wizards vs New York Knicks - Full Game Highlights | November 18, 2024-25 NBA Season","https://www.youtube.com/watch?v=lsoOHCAIfLU","lsoOHCAIfLU","The CCB Network",518,7441,109,3
22400435,"Los Angeles Lakers vs Sacramento Kings Full Game Highlights – December 28, 2025 | NBA Season","https://www.youtube.com/watch?v=zXFXYZZl93s","zXFXYZZl93s","GAMETIME HIGHLIGHTS",563,464492,3920,308
22400435,"Los Angeles Lakers vs Sacramento Kings - Full Game Highlights | December 28, 2025 NBA Season","https://www.youtube.com/watch?v=rH1IQg03Om8","rH1IQg03Om8","Ximo Pierto",576,10667,171,9
22400435,"Los Angeles Lakers vs Sacramento Kings Full Game Highlights 1st Qtr | Dec 28 | 2025 NBA Highlights","https://www.youtube.com/watch?v=MJLB7RSmkYo","MJLB7RSmkYo","Lakers Dynasty Highlights",496,110450,547,14
22400435,"Sacramento Kings vs Los Angeles Lakers - Full Game Highlights | December 28, 2024-25 NBA Season","https://www.youtube.com/watch?v=RpNKLM43gS4","RpNKLM43gS4","The CCB Network",516,14304,263,10
22400435,"Los Angeles Lakers vs Sacramento Kings Full Game Highlights 1st Qtr P2| Dec 28 | 2025 NBA Highlights","https://www.youtube.com/watch?v=znE043bHPNw","znE043bHPNw","Lakers Dynasty Highlights",443,35906,183,11
22400435,"Los Angeles Lakers vs Sacramento Kings Full Game Highlights 2nd Qtr | Dec 28 | 2025 NBA Highlights","https://www.youtube.com/watch?v=2BZGSgnsAYk","2BZGSgnsAYk","Lakers Dynasty Highlights",550,91790,411,8
22400435,"Los Angeles Lakers vs Sacramento Kings Full Game Highlights 4th Qtr P2| Dec 28 | 2025 NBA Highlights","https://www.youtube.com/watch?v=GreCsD5-Txk","GreCsD5-Txk","Lakers Dynasty Highlights",414,26905,174,9
22400435,"Los Angeles Lakers vs Sacramento Kings Full Game Highlights 4th Qtr | Dec 28 | 2025 NBA Highlights","https://www.youtube.com/watch?v=omhXCpNa2Rk","omhXCpNa2Rk","Lakers Dynasty Highlights",538,84467,378,10
22400435,"Los Angeles Lakers vs Sacramento Kings Full Game Highlights 2nd Qtr P2| Dec 28 | 2025 NBA Highlights","https://www.youtube.com/watch?v=5DriMl0lSzs","5DriMl0lSzs","Lakers Dynasty Highlights",365,24954,143,15
22400261,"Toronto Raptors vs Minnesota Timberwolves | Nov 21, 2024","https://www.youtube.com/watch?v=_M2QeN6cduE","_M2QeN6cduE","Raptors Nation",566,25017,280,34
22400261,"Toronto Raptors vs Minnesota Timberwolves - First Half Highlights | Nov 21, 2024","https://www.youtube.com/watch?v=-_W8tDO83EE","-_W8tDO83EE","Raptors Nation",243,4363,35,7
22400046,"Toronto Raptors vs Charlotte Hornets Full Game Highlights - November 29, 2025 | NBA Season","https://www.youtube.com/watch?v=MoM6jxpq9DA","MoM6jxpq9DA","GAMETIME HIGHLIGHTS",569,55886,634,31
22400046,"Toronto Raptors vs Miami Heat | November 29, 2024","https://www.youtube.com/watch?v=B9Rzj-GYbBM","B9Rzj-GYbBM","Raptors Nation",555,10299,74,12
22400046,"Toronto Raptors vs Miami Heat - First Half Highlights | Nov 29, 2024","https://www.youtube.com/watch?v=pA4TYCcVPZk","pA4TYCcVPZk","Raptors Nation",271,3493,26,2
22400046,"HEAT HIGHLIGHTS 🔥 Bam Logs 8th Career Triple-Double | Miami HEAT vs. Toronto Raptors | Nov. 29, 2024","https://www.youtube.com/watch?v=z9pBlgUVkwY","z9pBlgUVkwY","Miami HEAT",546,10104,130,15
22400022,"Charlotte Hornets vs Brooklyn Nets - Full Game Highlights | November 19, 2024 Emirates NBA Cup","https://www.youtube.com/watch?v=tWGxhClqcbM","tWGxhClqcbM","The CCB Network",509,3091,69.0,""
22400254,"Indiana Pacers vs Houston Rockets - Full Game Highlights | November 20, 2024-25 NBA Season","https://www.youtube.com/watch?v=5vjhABDEIXo","5vjhABDEIXo","The CCB Network",491,12930,166.0,6.0
22400254,"NBA Highlights | Houston Rockets vs Indiana Pacers | November 20th 2024","https://www.youtube.com/watch?v=gjYQahvhHkc","gjYQahvhHkc","division",194,17097,76.0,""
22400271,"Minnesota Timberwolves vs Boston Celtics Full Game Highlights - November 24 | 2024-25 NBA Season","https://www.youtube.com/watch?v=Im4g3VijKAs","Im4g3VijKAs","Swish NBA",580,1155,39.0,2.0
22400271,"Boston Celtics vs Minnesota Timberwolves Full Game Highlights | Nov 24, 2024 | FreeDawkins","https://www.youtube.com/watch?v=MBJjA68rpPQ","MBJjA68rpPQ","FreeDawkins",596,521100,5905.0,299.0
22400271,"Boston Celtics vs Minnesota Timberwolves Full Game Highlights   Nov 24  2024-2025 NBA Season","https://www.youtube.com/watch?v=po9MVykPOpI","po9MVykPOpI","SwishRHighlights",574,1103,"",""
22400262,"Charles Bassey Highlights | Spurs vs. Jazz | 21st Nov 2024","https://www.youtube.com/watch?v=BerieNR4k6g","BerieNR4k6g","Cookies & Kareem",157,2777,33,6
22400262,"Utah Jazz vs San Antonio Spurs - Full Game Highlights | November 21, 2024-25 NBA Season","https://www.youtube.com/watch?v=A6Da863VBqM","A6Da863VBqM","The CCB Network",629,18341,237,26
22400249,"Orlando Magic vs Phoenix Suns - Full Game Highlights | November 18, 2024 | 2024-25 NBA Season","https://www.youtube.com/watch?v=hf2EQ2bdBwQ","hf2EQ2bdBwQ","The CCB Network",489,4113,106,1
22400248,"Houston Rockets vs Milwaukee Bucks - Full Game Highlights | November 18, 2024 | 2024-25 NBA Season","https://www.youtube.com/watch?v=BBRck_deTWc","BBRck_deTWc","The CCB Network",475,15745,250,18
22400243,"Utah Jazz vs Los Angeles Clippers - Full Game Highlights | November 17, 2024-25 NBA Season","https://www.youtube.com/watch?v=tX5sibb7k9w","tX5sibb7k9w","The CCB Network",518,3500,99,2
22400253,"Chicago Bulls vs Milwaukee Bucks - Full Game Highlights | November 20, 2024-25 NBA Season","https://www.youtube.com/watch?v=sj1E96CLWUQ","sj1E96CLWUQ","The CCB Network",511,19866,259,2
22400253,"Milwaukee Bucks vs Philadelphia 76ers Full Game Highlights - November 20, 2025 | NBA Season","https://www.youtube.com/watch?v=-uY2EAJ4Eoo","-uY2EAJ4Eoo","GAMETIME HIGHLIGHTS",571,224224,1956,129
22400258,"Golden State Warriors vs Atlanta Hawks Full Game Highlights | Nov 20, 2024 | FreeDawkins","https://www.youtube.com/watch?v=ft0KVQ-Tas4","ft0KVQ-Tas4","FreeDawkins",597,1254621,17268,542
22400258,"Atlanta Hawks vs Golden State Warriors - Full Game Highlights | November 20, 2024-25 NBA Season","https://www.youtube.com/watch?v=OQGMvV3NAe0","OQGMvV3NAe0","The CCB Network",517,8894,163,6
22400275,"Cleveland Cavaliers vs Toronto Raptors Full Game Highlights - November 24, 2025 | NBA Season","https://www.youtube.com/watch?v=eWTDS_0wG54","eWTDS_0wG54","GAMETIME HIGHLIGHTS",580,66748,556,29.0
22400275,"Toronto Raptors vs Cleveland Cavaliers - Full Game Highlights | November 24, 2024-25 NBA Season","https://www.youtube.com/watch?v=XK2u2X52ch0","XK2u2X52ch0","The CCB Network",521,4856,110,2.0
22400275,"Toronto Raptors vs Cleveland Cavaliers | November 24, 2024","https://www.youtube.com/watch?v=6alc0VFlIZw","6alc0VFlIZw","Raptors Nation",510,7664,71,3.0
22400255,"Philadelphia 76ers vs Memphis Grizzlies - Full Game Highlights | November 20, 2024-25 NBA Season","https://www.youtube.com/watch?v=qocXo1gwHpc","qocXo1gwHpc","The CCB Network",499,11659,154,7.0
22400255,"Milwaukee Bucks vs Philadelphia 76ers Full Game Highlights - November 20, 2025 | NBA Season","https://www.youtube.com/watch?v=-uY2EAJ4Eoo","-uY2EAJ4Eoo","GAMETIME HIGHLIGHTS",571,224224,1956,129.0
22400236,"Charlotte Hornets vs Cleveland Cavaliers - Full Game Highlights | November 17, 2024-25 NBA Season","https://www.youtube.com/watch?v=XvnlJHl2qMo","XvnlJHl2qMo","The CCB Network",485,4009,109,""
22400238,"Denver Nuggets vs Memphis Grizzlies Full Game Highlights - November 17, 2024 | 2024-25 NBA Season","https://www.youtube.com/watch?v=wtmOBp4TngE","wtmOBp4TngE","GAMETIME HIGHLIGHTS",576,256977,1658,173
22400273,"Dallas Mavericks vs Miami Heat Full Game Highlights - November 24, 2024 | 2024-25 NBA Season","https://www.youtube.com/watch?v=g2SZEfpZLmc","g2SZEfpZLmc","Swish NBA",583,1361,29,2
22400273,"Dallas Mavericks vs Miami Heat Full Game Highlights - November 24, 2025 | NBA Season","https://www.youtube.com/watch?v=K8dgQbUrc30","K8dgQbUrc30","GAMETIME HIGHLIGHTS",582,113651,988,120
22400273,"Dallas Mavericks vs Miami Heat - Full Game Highlights | November 24, 2024-25 NBA Season","https://www.youtube.com/watch?v=fEnvpuAaDk0","fEnvpuAaDk0","The CCB Network",515,9985,180,6
22400242,"Dallas Mavericks vs Oklahoma City Thunder - Full Game Highlights | November 17, 2024-25 NBA Season","https://www.youtube.com/watch?v=Q_BSZEd2sE4","Q_BSZEd2sE4","The CCB Network",513,8795,193,13
22400023,"Denver Nuggets vs Memphis Grizzlies Full Game Highlights - November 19, 2024 | 2024-25 NBA Season","https://www.youtube.com/watch?v=QE7FSjSJbWc","QE7FSjSJbWc","GAMETIME HIGHLIGHTS",574,118778,1209,93
22400023,"Denver Nuggets vs New Orleans Pelicans Full Game Highlights - November 19, 2025 | NBA Season","https://www.youtube.com/watch?v=edrh9LZPyN8","edrh9LZPyN8","GAMETIME HIGHLIGHTS",560,149283,1141,72
22400240,"Brooklyn Nets vs New York Knicks - Full Game Highlights | November 17, 2024 | 2024-25 NBA Season","https://www.youtube.com/watch?v=DY4ZIGJwNTA","DY4ZIGJwNTA","The CCB Network",473,3948,104,5
22400024,"Dallas Mavericks vs New Orleans Pelicans Full Game Highlights - November 19 | 2024-25 NBA Season","https://www.youtube.com/watch?v=s7OFsVFtnYE","s7OFsVFtnYE","GAMETIME HIGHLIGHTS",575,233173,2009,121
22400024,"New Orleans Pelicans vs Dallas Mavericks - Full Game Highlights | November 19, 2024 Emirates NBA Cup","https://www.youtube.com/watch?v=S9K8yN-A7Jc","S9K8yN-A7Jc","The CCB Network",501,5251,102,2
22400021,"Cleveland Cavaliers vs Boston Celtics - Full Game Highlights | November 19, 2024 Emirates NBA Cup","https://www.youtube.com/watch?v=XYbE9Mh0-Ng","XYbE9Mh0-Ng","The CCB Network",519,11490,280,18
22400021,"Boston Celtics vs Cleveland Cavaliers Full Game Highlights - November 19, 2024 | 2024-25 NBA Season","https://www.youtube.com/watch?v=1tA8PjakDAQ","1tA8PjakDAQ","GAMETIME HIGHLIGHTS",574,551606,6641,427
22400010,"Philadelphia 76ers vs Orlando Magic - Full Game Highlights | November 15, 2024 Emirates NBA Cup","https://www.youtube.com/watch?v=nvouf8lrsOM","nvouf8lrsOM","The CCB Network",480,3220,98,6
22400016,"TRIPLE-DOUBLE 🔥 Alperen Sengun vs LA Clippers | November 15, 2024","https://www.youtube.com/watch?v=JqQI2Ozr-2I","JqQI2Ozr-2I","Alpi Moments",559,3586,224,14
22400232,"San Antonio Spurs vs Dallas Mavericks - Full Game Highlights | November 16, 2024-25 NBA Season","https://www.youtube.com/watch?v=sOeLY0C1j0U","sOeLY0C1j0U","The CCB Network",509,7319,158,3
22400251,"Golden State Warriors vs Los Angeles Clippers Full Game Highlights | Nov 18, 2024 | FreeDawkins","https://www.youtube.com/watch?v=7Q6fTzZ75xI","7Q6fTzZ75xI","FreeDawkins",572,1034576,11569,707
22400251,"Golden State Warriors vs Los Angeles Clippers - Full Game Highlights | November 18, 2024 NBA Season","https://www.youtube.com/watch?v=nncD69TuwKc","nncD69TuwKc","The CCB Network",521,6608,180,3
22400009,"Adebayo, Herro, Love, Highsmith Take #NBACup Win 🔥 | Miami HEAT vs. Indiana Pacers | Nov. 15, 2024","https://www.youtube.com/watch?v=qmG8R-MaB7I","qmG8R-MaB7I","Miami HEAT",470,6631,127,6
22400013,"Chicago Bulls vs Cleveland Cavaliers - Full Game Highlights | November 15, 2024 Emirates NBA Cup","https://www.youtube.com/watch?v=HcyuIW4DM1g","HcyuIW4DM1g","The CCB Network",516,4804,130,9
22400014,"Brooklyn Nets vs New York Knicks - Full Game Highlights | November 15, 2024 Emirates NBA Cup","https://www.youtube.com/watch?v=jUUzx6Ah66A","jUUzx6Ah66A","The CCB Network",518,4262,138,7
22400020,"Minnesota Timberwolves vs Sacramento Kings Full Game Highlights - November 15 | 2024-25 NBA Season","https://www.youtube.com/watch?v=Lljpn-QI9sc","Lljpn-QI9sc","GAMETIME HIGHLIGHTS",577,198648,2388,67
22400247,"Toronto Raptors vs Indiana Pacers - First Half Highlights | Nov 18, 2024","https://www.youtube.com/watch?v=Svtoaadt3Cc","Svtoaadt3Cc","Raptors Nation",266,2963,31,""
22400247,"Toronto Raptors vs Indiana Pacers | November 18, 2024","https://www.youtube.com/watch?v=zakkDZ9r_ZI","zakkDZ9r_ZI","Raptors Nation",559,13605,150,16.0
22400222,"Los Angeles Clippers vs Houston Rockets - Full Game Highlights | November 13, 2024-25 NBA Season","https://www.youtube.com/watch?v=Dmx82_xA5L0","Dmx82_xA5L0","The CCB Network",494,4778,108,6.0
22400218,"Boston Celtics vs Brooklyn Nets - Full Game Highlights | November 13, 2024 | 2024-25 NBA Season","https://www.youtube.com/watch?v=pmx4h8w4hi8","pmx4h8w4hi8","The CCB Network",505,5779,136,4
22400224,"Washington Wizards vs San Antonio Spurs - Full Game Highlights | November 13, 2024-25 NBA Season","https://www.youtube.com/watch?v=OUARm1s0ExA","OUARm1s0ExA","The CCB Network",510,5799,157,7
22400220,"Cleveland Cavaliers vs Philadelphia 76ers - Full Game Highlights | November 13, 2024-25 NBA Season","https://www.youtube.com/watch?v=HvIRpH_eiOY","HvIRpH_eiOY","The CCB Network",510,5068,136,7
22400234,"Phoenix Suns vs Minnesota Timberwolves- Full Game Highlights | November 17, 2024-25 NBA Season","https://www.youtube.com/watch?v=RzsYkpjIWeY","RzsYkpjIWeY","The CCB Network",513,5819,175,10
22400234,"Phoenix Suns vs Minnesota Timberwolves Full Game Highlights - November 17, 2024 | 2024-25 NBA Season","https://www.youtube.com/watch?v=_TBUefOlo2I","_TBUefOlo2I","GAMETIME HIGHLIGHTS",577,283433,3309,163
22400231,"Los Angeles Lakers vs New Orleans Pelicans Full Game Highlights | Nov 16, 2024 | FreeDawkins","https://www.youtube.com/watch?v=C3-riALJTvo","C3-riALJTvo","FreeDawkins",611,915897,11715,604
22400231,"Los Angeles Lakers vs New Orleans Pelicans - Full Game Highlights | November 16, 2024-25 NBA Season","https://www.youtube.com/watch?v=zxFVvft4a7E","zxFVvft4a7E","The CCB Network",474,6500,180,6
22400006,"Phoenix Suns vs Utah Jazz - Full Game Highlights | November 12, 2024 Emirates NBA Cup","https://www.youtube.com/watch?v=xwBXZpTzZmw","xwBXZpTzZmw","The CCB Network",510,4024,107,4
22400219,"Chicago Bulls vs New York Knicks - Full Game Highlights | November 13, 2024 | 2024-25 NBA Season","https://www.youtube.com/watch?v=NCmN48liU8o","NCmN48liU8o","The CCB Network",503,4052,140,7
22400225,"Los Angeles Lakers vs Memphis Grizzlies Full Game Highlights | Nov 13, 2024 | FreeDawkins","https://www.youtube.com/watch?v=O0l6qBm6U8c","O0l6qBm6U8c","FreeDawkins",616,1003867,12372,923
22400001,"Atlanta Hawks vs Boston Celtics - Full Game Highlights | November 12, 2024 Emirates NBA Cup","https://www.youtube.com/watch?v=_JM1ga6PgsY","_JM1ga6PgsY","The CCB Network",520,6935,180,9
22400004,"New York Knicks vs Philadelphia 76ers - Full Game Highlights | November 12, 2024 Emirates NBA Cup","https://www.youtube.com/watch?v=JtdASHllAkU","JtdASHllAkU","The CCB Network",514,7056,182,3
22400230,"Were these two Late Game Fouls by the Celtics? Raptors vs Celtics | Nov 16, 2024","https://www.youtube.com/watch?v=fPdbe5HpLMg","fPdbe5HpLMg","Raptors Nation",64,5063,66,62
22400230,"Toronto Raptors vs Boston Celtics | November 16, 2024","https://www.youtube.com/watch?v=0J5RiEyvFNE","0J5RiEyvFNE","Raptors Nation",581,9262,81,25
22400002,"Tyler Herro 40 PTS 8 AST 5 REB 4 STL 10-17 3PT | Miami HEAT vs. Detroit Pistons | November 12, 2024","https://www.youtube.com/watch?v=7QaVPbu_3pQ","7QaVPbu_3pQ","Miami HEAT",216,11219,215,30
22400212,"Cleveland Cavaliers vs Chicago Bulls - Full Game Highlights | November 11, 2024-25 NBA Season","https://www.youtube.com/watch?v=JLwqdttWAF8","JLwqdttWAF8","The CCB Network",508,5793,172,9
22400019,"Golden State Warriors vs Memphis Grizzlies Full Game Highlights | Nov 15, 2024 | FreeDawkins","https://www.youtube.com/watch?v=BPfiiL-VJQA","BPfiiL-VJQA","FreeDawkins",618,1397734,15880,621.0
22400019,"Memphis Grizzlies vs Golden State Warriors - Full Game Highlights | November 15, 2024 NBA Cup","https://www.youtube.com/watch?v=__Qrhbr9Lhg","__Qrhbr9Lhg","The CCB Network",504,7305,190,4.0
22400215,"Los Angeles Clippers vs Oklahoma City Thunder - Full Game Highlights | November 11, 2024-25 Season","https://www.youtube.com/watch?v=8ttieTd1u9I","8ttieTd1u9I","The CCB Network",527,8240,204,9.0
22400011,"Toronto Raptors vs Detroit Pistons | November 15, 2024","https://www.youtube.com/watch?v=tyczGL6cwjE","tyczGL6cwjE","Raptors Nation",526,5386,45,16.0
22400011,"Toronto Raptors vs Detroit Pistons - First Half Highlights | Nov 15, 2024","https://www.youtube.com/watch?v=Gkmwt1jad3U","Gkmwt1jad3U","Raptors Nation",278,1731,13,""
22400229,"Milwaukee Bucks vs Charlotte Hornets Full Game Highlights - November 16, 2024 | 2024-25 NBA Season","https://www.youtube.com/watch?v=3KtGy8EXCik","3KtGy8EXCik","GAMETIME HIGHLIGHTS",576,223116,2469,246
22400229,"Milwaukee Bucks vs Charlotte Hornets - Full Game Highlights | November 16, 2024-25 NBA Season","https://www.youtube.com/watch?v=PyW9sbZuClc","PyW9sbZuClc","The CCB Network",519,4939,131,6
22400216,"Sacramento Kings vs San Antonio Spurs - Full Game Highlights | November 11, 2024-25 NBA Season","https://www.youtube.com/watch?v=_OuXqKY7V3k","_OuXqKY7V3k","The CCB Network",521,9763,211,5
22400206,"Miami Heat vs Minnesota Timberwolves - Full Game Highlights | November 10, 2024 | 2024-25 NBA Season","https://www.youtube.com/watch?v=JOOBD3TP-Rs","JOOBD3TP-Rs","The CCB Network",489,6038,136,5
22400203,"New York Knicks vs Indiana Pacers - Full Game Highlights | November 10, 2024-25 NBA Season","https://www.youtube.com/watch?v=pmJon_sFleQ","pmJon_sFleQ","The CCB Network",504,5184,112,1
22400204,"Detroit Pistons vs Washington Wizards Full Game Highlights - November 10, 2025 | NBA Season","https://www.youtube.com/watch?v=SVsoLK7TF3s","SVsoLK7TF3s","GAMETIME HIGHLIGHTS",582,55359,756,44
22400202,"Boston Celtics vs Milwaukee Bucks - Full Game Highlights | November 10, 2024-25 NBA Season","https://www.youtube.com/watch?v=X1UlGjMPFcc","X1UlGjMPFcc","The CCB Network",495,7043,176,9
22400209,"Sacramento Kings vs Phoenix Suns - Full Game Highlights | November 10, 2024-25 NBA Season","https://www.youtube.com/watch?v=6FklrZmNdLw","6FklrZmNdLw","The CCB Network",515,5373,151,9
22400228,"Dallas Mavericks vs Utah Jazz Full Game Highlights - November 14, 2024 | 2024-25 NBA Season","https://www.youtube.com/watch?v=W2vgFX60kt0","W2vgFX60kt0","GAMETIME HIGHLIGHTS",579,336922,3047,333
22400228,"Dallas Mavericks vs Utah Jazz - Full Game Highlights | November 14, 2024 | 2024-25 NBA Season","https://www.youtube.com/watch?v=3gtj6w9z9tE","3gtj6w9z9tE","The CCB Network",497,8239,189,9
22400223,"Detroit pistons vs Milwaukee Bucks - Full Game Highlights | November 13, 2024-25 NBA Season","https://www.youtube.com/watch?v=Fq7B-IL54t4","Fq7B-IL54t4","The CCB Network",527,5174,131,9
22400223,"GIANNIS 59! FlightReacts To PISTONS at BUCKS | FULL GAME HIGHLIGHTS | November 13, 2024!","https://www.youtube.com/watch?v=WTh5TDrBlTc","WTh5TDrBlTc","NotYourAverageFlight",720,89014,4252,215
22400198,"Chicago Bulls vs Atlanta Hawks - Full Game Highlights | November 9, 2024-25 NBA Season","https://www.youtube.com/watch?v=JOe9QTRwhGk","JOe9QTRwhGk","The CCB Network",490,3504,97,1
22400208,"Dallas Mavericks vs Denver Nuggets - Full Game Highlights | November 10, 2024-25 NBA Season","https://www.youtube.com/watch?v=97EJo0CngYo","97EJo0CngYo","The CCB Network",518,10751,296,21
22400196,"LA Clippers vs Sacramento Kings Full Game Highlights  Nov 8, 2024 25 NBA Season😲🏀","https://www.youtube.com/watch?v=4--55EGaZRU","4--55EGaZRU","BBL NBA",286,1111,2,""
22400188,"Golden State Warriors vs Cleveland Cavaliers - Full Game Highlights | November 8, 2024-25 NBA Season","https://www.youtube.com/watch?v=WwB1XRekKws","WwB1XRekKws","The CCB Network",499,7639,211,14.0
22400199,"Brooklyn Nets vs Cleveland Cavaliers - Full Game Highlights | November 9, 2024-25 NBA Season","https://www.youtube.com/watch?v=NdYqHdE3-T4","NdYqHdE3-T4","The CCB Network",520,5488,179,9
22400184,"Indiana Pacers vs Charlotte Hornets - Full Game Highlights | November 8, 2024 | 2024-25 NBA Season","https://www.youtube.com/watch?v=XbHlm0Etwcg","XbHlm0Etwcg","The CCB Network",502,3272,101,3
22400189,"Milwaukee Bucks vs New York Knicks - Full Game Highlights | November 8, 2024-25 NBA Season","https://www.youtube.com/watch?v=PDcFlcMdGXI","PDcFlcMdGXI","The CCB Network",494,5623,134,11
22400187,"Brooklyn Nets vs Boston Celtics - Full Game Highlights | November 8, 2024-25 NBA Season","https://www.youtube.com/watch?v=-aNRTaF0kQs","-aNRTaF0kQs","The CCB Network",520,5821,137,8
22400190,"Phoenix Suns vs Dallas Mavericks - Full Game Highlights | November 8, 2024-25 NBA Season","https://www.youtube.com/watch?v=7THCVFxlhTA","7THCVFxlhTA","The CCB Network",503,8846,243,16
22400194,"Miami Heat vs Denver Nuggets - Full Game Highlights | November 8, 2024-25 NBA Season","https://www.youtube.com/watch?v=8Ywjd4slUyY","8Ywjd4slUyY","The CCB Network",514,5830,172,5
22400191,"Dallas Mavericks vs Washington Wizards Full Game Highlights - November 8, 2025 | NBA Season","https://www.youtube.com/watch?v=UgArZasdgtk","UgArZasdgtk","GAMETIME HIGHLIGHTS",574,83451,745,89
22400015,"Los Angeles Lakers vs San Antonio Spurs - Full Game Highlights | November 15, 2024 Emirates NBA Cup","https://www.youtube.com/watch?v=u9Qx_a4BANM","u9Qx_a4BANM","The CCB Network",501,10418,292,6
22400015,"Lakers vs Spurs | Lakers Highlights | November 15, 2024","https://www.youtube.com/watch?v=OQBn2G_cO3U","OQBn2G_cO3U","LakeShow Highlights",542,216548,4379,239
22400015,"Los Angeles Lakers vs San Antonio Spurs Full Game Highlights - November 15  | 2024-25 NBA Season","https://www.youtube.com/watch?v=CFTkejxAxuk","CFTkejxAxuk","GAMETIME HIGHLIGHTS",580,813622,8202,498
22400026,"Los Angeles Lakers vs Utah Jazz Full Game Highlights | Nov 19, 2024 | FreeDawkins","https://www.youtube.com/watch?v=VLcqpjhpTYU","VLcqpjhpTYU","FreeDawkins",583,1074676,12902,733
22400026,"Los Angeles Lakers vs Utah Jazz Full Game Highlights - November 19, 2024 | 2024-25 NBA Season","https://www.youtube.com/watch?v=3LYoTU2w7ok","3LYoTU2w7ok","GAMETIME HIGHLIGHTS",576,245468,2922,173
22400026,"Lakers vs Jazz | Lakers Highlights | November 19, 2024 | NBA In Season Tournament","https://www.youtube.com/watch?v=RIoXn97sA54","RIoXn97sA54","LakeShow Highlights",542,216218,4953,379
22400026,"Utah Jazz vs Los Angeles Lakers - Full Game Highlights | November 19, 2024 Emirates NBA Cup","https://www.youtube.com/watch?v=CLs7Nc3UbUY","CLs7Nc3UbUY","The CCB Network",514,7141,207,10
22400007,"Golden State Warriors vs Dallas Mavericks  Full Game Highlights | Nov 12, 2024 | FreeDawkins","https://www.youtube.com/watch?v=hDcW5z3crGc","hDcW5z3crGc","FreeDawkins",649,3191977,43664,2100
22400007,"Dallas Mavericks vs Golden State Warriors - Full Highlights | November 12, 2024 Emirates NBA Cup","https://www.youtube.com/watch?v=hUwu3hUUt34","hUwu3hUUt34","The CCB Network",519,11571,377,11
22400207,"Golden State Warriors vs OKC Thunder Full Game Highlights | Nov 10, 2024 | FreeDawkins","https://www.youtube.com/watch?v=SaxvLf3T0-0","SaxvLf3T0-0","FreeDawkins",605,1591360,21366,937
22400207,"Golden State Warriors vs Oklahoma City Thunder - Full Highlights | November 10, 2024-25 NBA Season","https://www.youtube.com/watch?v=MNklqu3bJQU","MNklqu3bJQU","The CCB Network",501,7794,215,3
22400175,"Cleveland Cavaliers vs New Orleans Pelicans - Full Game Highlights | November 6, 2024-25 NBA Season","https://www.youtube.com/watch?v=ifwWzUneX-c","ifwWzUneX-c","The CCB Network",498,3967,111,6
22400182,"Utah Jazz vs Milwaukee Bucks - Full Game Highlights | November 7, 2024 | 2024-25 NBA Season","https://www.youtube.com/watch?v=BUSZ9eG9F1w","BUSZ9eG9F1w","The CCB Network",501,5902,172,4
22400169,"Detroit Pistons vs Charlotte Hornets- Full Game Highlights | November 6, 2024-25 NBA Season","https://www.youtube.com/watch?v=wMcNUMgB8_E","wMcNUMgB8_E","The CCB Network",514,2719,84,6
22400181,"Minnesota Timberwolves vs Chicago Bulls - Full Game Highlights | November 7, 2024-25 NBA Season","https://www.youtube.com/watch?v=cRoBDGRixgo","cRoBDGRixgo","The CCB Network",513,4459,124,4
22400211,"Los Angeles Lakers vs Toronto Raptors Full Game Highlights | Nov 10, 2024 | FreeDawkins","https://www.youtube.com/watch?v=JSpeEMCu8Jg","JSpeEMCu8Jg","FreeDawkins",598,664651,9119,534
22400211,"Toronto Raptors vs Los Angeles Lakers - Full Game Highlights | November 10, 2024-25 NBA Season","https://www.youtube.com/watch?v=BbI-JZnBgCU","BbI-JZnBgCU","The CCB Network",519,7434,204,10
22400173,"San Antonio Spurs vs Houston Rockets - Full Game Highlights | November 6, 2024 | 2024-25 NBA Season","https://www.youtube.com/watch?v=YPdnaeWO4lw","YPdnaeWO4lw","The CCB Network",493,5494,138,6
22400005,"Toronto Raptors vs Milwaukee Bucks - First Half Highlights | Nov 12, 2024","https://www.youtube.com/watch?v=Toq0tt0zkaY","Toq0tt0zkaY","Raptors Nation",181,2099,14,3
22400005,"Toronto Raptors vs Milwaukee Bucks - Full Game Highlights | November 12, 2024 Emirates NBA Cup","https://www.youtube.com/watch?v=AU7n2z_nmKQ","AU7n2z_nmKQ","The CCB Network",492,4712,105,3
22400005,"Toronto Raptors vs Milwaukee Bucks | November 12, 2024","https://www.youtube.com/watch?v=YfKYwaGAqtc","YfKYwaGAqtc","Raptors Nation",465,6243,56,11
22400167,"Philadelphia 76ers vs Phoenix Suns - Full Game Highlights | November 4, 2024-25 NBA Season","https://www.youtube.com/watch?v=Cjf2agrtAlo","Cjf2agrtAlo","The CCB Network",491,8516,231,12
22400176,"Chicago Bulls vs Dallas Mavericks - Full Game Highlights | November 6, 2024-25 NBA Season","https://www.youtube.com/watch?v=NdBa9FUePvA","NdBa9FUePvA","The CCB Network",500,5602,145,4
22400158,"Memphis Grizzlies vs Brooklyn Nets - Full Game Highlights | November 4, 2024 | 2024-25 NBA Season","https://www.youtube.com/watch?v=ZoAphRARPXU","ZoAphRARPXU","The CCB Network",496,5447,150,7
22400165,"Indiana Pacers vs Dallas Mavericks - Full Game Highlights | November 4, 2024-25 NBA Season","https://www.youtube.com/watch?v=bzHtPPB34G0","bzHtPPB34G0","The CCB Network",514,7028,175,10
22400168,"Oklahoma City Thunder vs Los Angeles Clippers Full Game Highlights - November 4, 2025 | NBA Season","https://www.youtube.com/watch?v=N7OSycgh0Hk","N7OSycgh0Hk","GAMETIME HIGHLIGHTS",561,270219,2534,273
22400162,"Charlotte Hornets vs Minnesota Timberwolves - Full Game Highlights | November 4, 2024-25 NBA Season","https://www.youtube.com/watch?v=2PxEmWX5W18","2PxEmWX5W18","The CCB Network",508,4073,105,1
22400160,"Collin Sexton Highlights | Bulls vs. Jazz | 4th Nov 2024","https://www.youtube.com/watch?v=_9JcSkBT9EM","_9JcSkBT9EM","Cookies & Kareem",167,1188,13,1
22400166,"Toronto Raptors vs Denver Nuggets | November 4, 2024","https://www.youtube.com/watch?v=psOzBZc-VgA","psOzBZc-VgA","Raptors Nation",580,9668,85,12
22400157,"Boston Celtics vs Atlanta Hawks - Full Game Highlights | November 4, 2024-25 NBA Season","https://www.youtube.com/watch?v=tc1aXFN5Nac","tc1aXFN5Nac","The CCB Network",498,4631,128,6
22400183,"Portland Trail Blazers vs San Antonio Spurs - Full Game Highlights | November 7, 2024-25 NBA Season","https://www.youtube.com/watch?v=KZa93v4gWEQ","KZa93v4gWEQ","The CCB Network",515,5147,127,5
22400183,"Houston Rockets vs San Antonio Spurs Full Game Highlights - November 7, 2025 | NBA Season","https://www.youtube.com/watch?v=bsSC1CZDTqo","bsSC1CZDTqo","GAMETIME HIGHLIGHTS",579,601727,5249,360
22400150,"Oklahoma City Thunder vs Los Angeles Clippers - Full Game Highlights | November 2, 2024-25 Season","https://www.youtube.com/watch?v=KpwH9OrYAKU","KpwH9OrYAKU","The CCB Network",482,5869,172,2.0
22400180,"Toronto Raptors vs Sacramento Kings | November 6, 2024","https://www.youtube.com/watch?v=K451TgMSdGc","K451TgMSdGc","Raptors Nation",505,5455,52,3.0
22400180,"Toronto Raptors vs Sacramento Kings - First Half Highlights | November 6, 2024","https://www.youtube.com/watch?v=auSCrJR1olQ","auSCrJR1olQ","Raptors Nation",250,2248,20,3.0
22400179,"Philadelphia 76ers vs Los Angeles Clippers - Full Game Highlights | November 6, 2024-25 NBA Season","https://www.youtube.com/watch?v=_lG_MFSwYOs","_lG_MFSwYOs","The CCB Network",505,6168,162,5.0
22400179,"Philadelphia 76ers vs Los Angeles Clippers Full Game Highlights - November 6 | 2024-25 NBA Season","https://www.youtube.com/watch?v=qqAlmy2U-cY","qqAlmy2U-cY","Stadium Roars",525,1113,4,""
22400174,"Los Angeles Lakers vs Memphis Grizzlies Full Game Highlights | Nov 6, 2024 | FreeDawkins","https://www.youtube.com/watch?v=9lUt-PYhNNA","9lUt-PYhNNA","FreeDawkins",612,995953,10156,801
22400174,"Los Angeles Lakers vs Memphis Grizzlies - Full Game Highlights | November 6, 2024-25 NBA Season","https://www.youtube.com/watch?v=3hpyw5dSx-4","3hpyw5dSx-4","The CCB Network",517,8031,214,12
22400145,"Cleveland Cavaliers vs Milwaukee Bucks - Full Game Highlights | November 2, 2024-25 NBA Season","https://www.youtube.com/watch?v=hvWKEEwoHgM","hvWKEEwoHgM","The CCB Network",503,5695,212,16
22400148,"Oklahoma City Thunder vs Utah Jazz Full Game Highlights - November 21, 2025 | NBA Season","https://www.youtube.com/watch?v=Slm2bcNEtQ4","Slm2bcNEtQ4","GAMETIME HIGHLIGHTS",567,116388,1029,158
22400195,"Los Angeles Lakers vs Philadelphia 76ers Full Game Highlights - November 8 2024 | 2024-25 NBA Season","https://www.youtube.com/watch?v=Tu3s18K8BiU","Tu3s18K8BiU","GAMETIME HIGHLIGHTS",579,248774,2357,84
22400195,"Los Angeles Lakers vs Philadelphia 76ers Full Game Highlights | Nov 8, 2024 | FreeDawkins","https://www.youtube.com/watch?v=EFLqShLhbbM","EFLqShLhbbM","FreeDawkins",592,681439,8192,355
22400195,"Philadelphia 76ers vs Los Angeles Lakers - Full Game Highlights | November 8, 2024-25 NBA Season","https://www.youtube.com/watch?v=zXiNpnEGo0Q","zXiNpnEGo0Q","The CCB Network",496,7913,216,11
22400136,"Chicago Bulls vs Brooklyn Nets - Full Game Highlights | November 1, 2024-25 NBA Season","https://www.youtube.com/watch?v=SS7SKWWKtH8","SS7SKWWKtH8","The CCB Network",506,3110,90,6
22400138,"Indiana Pacers vs New Orleans Pelicans - Full Game Highlights | November 1, 2024-25 NBA Season","https://www.youtube.com/watch?v=hOrsQ3QOHUY","hOrsQ3QOHUY","The CCB Network",510,2615,104,4
22400172,"Golden State Warriors vs Boston Celtics Full Game Highlights | Nov 6, 2024 | FreeDawkins","https://www.youtube.com/watch?v=8QTh_p6QVVM","8QTh_p6QVVM","FreeDawkins",619,2295514,29078,1700
22400172,"Golden State Warriors vs Boston Celtics - Full Game Highlights | November 6, 2024-25 NBA Season","https://www.youtube.com/watch?v=1CbzHWdfMEI","1CbzHWdfMEI","The CCB Network",511,9591,311,13
22400156,"Los Angeles Lakers vs Detroit Pistons Full Game Highlights | Nov 4, 2024 | FreeDawkins","https://www.youtube.com/watch?v=qXl3-rt5Kv4","qXl3-rt5Kv4","FreeDawkins",577,282661,4088,528
22400156,"Los Angeles Lakers vs Detroit Pistons - Full Game Highlights | November 4, 2024-25 NBA Season","https://www.youtube.com/watch?v=CEwXXdZJbcA","CEwXXdZJbcA","The CCB Network",501,7005,205,9
22400132,"Boston Celtics vs Charlotte Hornets - Full Game Highlights | November 1, 2024-25 NBA Season","https://www.youtube.com/watch?v=HYUSEQWENeQ","HYUSEQWENeQ","The CCB Network",507,5123,166,5
22400124,"Brooklyn Nets vs Memphis Grizzlies - Full Game Highlights | October 30, 2024 | 2024-25 NBA Season","https://www.youtube.com/watch?v=X4G6E5ManuY","X4G6E5ManuY","The CCB Network",480,2681,87,7
22400131,"Los Angeles Clippers vs Phoenix Suns Full Game Highlights - October 31, 2024 NBA Season","https://www.youtube.com/watch?v=m4l8JzNBisY","m4l8JzNBisY","Stadium Roars",495,1696,12,""
22400128,"Milwaukee Bucks vs Memphis Grizzlies - Full Game Highlights | October 31, 2024-25 NBA Season","https://www.youtube.com/watch?v=zxx7zjf5GbU","zxx7zjf5GbU","The CCB Network",483,4945,143,15.0
22400121,"Bilal Coulibaly 27 pts 9 reb 3 stl vs Atlanta Hawks | 2024-10-30","https://www.youtube.com/watch?v=v5emHHdX1Tk","v5emHHdX1Tk","Basketball Highlights",347,1294,29,10.0
22400120,"Jared McCain 12 pts 3 reb 3 ast vs Detroit Pistons | 2024-10-30","https://www.youtube.com/watch?v=26TeMQ6XI-s","26TeMQ6XI-s","NBA Rookie Highlights",241,1026,19,2
22400152,"Atlanta Hawks vs New Orleans Pelicans - Full Game Highlights | November 3, 2024-25 NBA Season","https://www.youtube.com/watch?v=SQOlo2_mAQs","SQOlo2_mAQs","The CCB Network",504,3554,105,""
22400152,"Atlanta Hawks vs New Orleans Pelicans Full Game Highlights - November 3, 2024 | 2024-25 NBA Season","https://www.youtube.com/watch?v=vgOlKEnKaho","vgOlKEnKaho","Stadium Roars",505,1294,6,""
22400155,"Golden State Warriors vs Washington Wizards Full Game Highlights | Nov 4, 2024 | FreeDawkins","https://www.youtube.com/watch?v=hWbattYjvOw","hWbattYjvOw","FreeDawkins",599,696812,9492,362.0
22400155,"Golden State Warriors vs Washington Wizards - Full Game Highlights | November 4, 2024-25 NBA Season","https://www.youtube.com/watch?v=dZQe7tmDVPY","dZQe7tmDVPY","The CCB Network",486,5324,159,4.0
22400118,"Los Angeles Lakers vs Cleveland Cavaliers - Full Game Highlights | October 30, 2024-25 NBA Season","https://www.youtube.com/watch?v=E4lODi2sXwk","E4lODi2sXwk","The CCB Network",502,7705,242,11.0
22400146,"Minnesota Timberwolves vs San Antonio Spurs - Full Game Highlights | November 2, 2024-25 NBA Season","https://www.youtube.com/watch?v=4-Tsl52p25g","4-Tsl52p25g","The CCB Network",507,5994,198,13
22400146,"San Antonio Spurs vs Phoenix Suns Full Game Highlights - November 2, 2025 | NBA Season","https://www.youtube.com/watch?v=9OxBRAMih7E","9OxBRAMih7E","GAMETIME HIGHLIGHTS",565,385946,3342,317
22400139,"Denver Nuggets vs Minnesota Timberwolves Full Game Highlights | Nov 15, 2025 | FreeDawkins","https://www.youtube.com/watch?v=Bpgld-i6tJQ","Bpgld-i6tJQ","",599,71445,1420,86
22400139,"Denver Nuggets vs Minnesota Timberwolves - Full Game Highlights | November 1, 2024-25 NBA Season","https://www.youtube.com/watch?v=JmOC_xyqBt8","JmOC_xyqBt8","The CCB Network",501,7164,261,13
22400127,"Portland Trail Blazers vs Los Angeles Clippers - Full Game Highlights | October 30, 2024 NBA Season","https://www.youtube.com/watch?v=Tx28Td6casI","Tx28Td6casI","The CCB Network",624,3795,114,4
22400153,"Dallas Mavericks vs Orlando Magic Full Game Highlights - November 3, 2024 | 2024-25 NBA Season","https://www.youtube.com/watch?v=-YcElHorDfc","-YcElHorDfc","GAMETIME HIGHLIGHTS",555,474352,4536,174
22400153,"Orlando Magic vs Dallas Mavericks - Full Game Highlights | November 3, 2024-25 NBA Season","https://www.youtube.com/watch?v=bO2uy-fnzmQ","bO2uy-fnzmQ","The CCB Network",501,7577,197,7
22400116,"Golden State Warriors vs New Orleans Pelicans Full Game Highlights - October 29 | 2024-25 NBA Season","https://www.youtube.com/watch?v=mirolbY7s2w","mirolbY7s2w","GAMETIME HIGHLIGHTS",565,834595,10004,478
22400103,"Washington Wizards vs Atlanta Hawks - Full Game Highlights | October 28, 2024 NBA Season","https://www.youtube.com/watch?v=h7mO1fiko1U","h7mO1fiko1U","The CCB Network",493,1911,73,2
22400200,"Toronto Raptors vs Los Angeles Clippers - Full Game Highlights | November 9, 2024-25 NBA Season","https://www.youtube.com/watch?v=-uFtkRE4gJQ","-uFtkRE4gJQ","The CCB Network",520,6360,141,4
22400200,"Toronto Raptors vs LA Clippers - First Half Highlights | November 9, 2024","https://www.youtube.com/watch?v=n5yzDGFmqX4","n5yzDGFmqX4","Raptors Nation",190,1664,20,3
22400200,"Toronto Raptors vs Los Angeles Clippers | November 9, 2024","https://www.youtube.com/watch?v=ICJzGu2dV24","ICJzGu2dV24","Raptors Nation",581,6929,72,18
22400200,"Immanuel Quickley Highlights | Clippers vs. Raptors | 9th Nov 2024","https://www.youtube.com/watch?v=WDWagsVEur4","WDWagsVEur4","Cookies & Kareem",139,2303,26,3
22400111,"Los Angeles Lakers vs Phoenix Suns Full Game Highlights - October 28, 2024 | 2024-25 NBA Season","https://www.youtube.com/watch?v=at6pzGRgOrI","at6pzGRgOrI","GAMETIME HIGHLIGHTS",582,750691,7263,610
22400108,"Chicago Bulls vs Memphis Grizzlies - Full Game Highlights | October 28, 2024-25 NBA Season","https://www.youtube.com/watch?v=tt45xtRB2Vw","tt45xtRB2Vw","The CCB Network",499,3471,113,2
22400112,"Portland Trail Blazers vs Sacramento Kings - Full Game Highlights | October 28, 2024-25 NBA Season","https://www.youtube.com/watch?v=nro0g9Hauy4","nro0g9Hauy4","The CCB Network",616,2634,77,3
22400109,"Houston Rockets vs San Antonio Spurs - Full Game Highlights | October 28, 2024 | 2024-25 NBA Season","https://www.youtube.com/watch?v=M1_UJzMjCTs","M1_UJzMjCTs","The CCB Network",494,4284,136,3
22400107,"Toronto Raptors vs Denver Nuggets | October 28, 2024","https://www.youtube.com/watch?v=ub7zarF8r34","ub7zarF8r34","Raptors Nation",582,13186,122,40
22400110,"Dallas Mavericks vs Utah Jazz Full Game Highlights - October 28, 2024 | 2024-25 NBA Season","https://www.youtube.com/watch?v=urs3k2O6DMM","urs3k2O6DMM","GAMETIME HIGHLIGHTS",582,342603,3382,183
22400125,"San Antonio Spurs vs Oklahoma City Thunder Full Game Highlights - October 30  | 2024-25 NBA Season","https://www.youtube.com/watch?v=dRwO-qP3A7A","dRwO-qP3A7A","GAMETIME HIGHLIGHTS",587,469961,4195,408
22400125,"San Antonio Spurs vs Oklahoma City Thunder - Full Game Highlights | October 30, 2024-25 NBA Season","https://www.youtube.com/watch?v=veOpFk5zhwA","veOpFk5zhwA","The CCB Network",501,6176,189,8
22400102,"Indiana Pacers vs Orlando Magic - Full Game Highlights | October 28, 2024 | 2024-25 NBA Season","https://www.youtube.com/watch?v=IANmZKullCc","IANmZKullCc","The CCB Network",639,3303,133,6
22400099,"New Orleans Pelicans vs Portland Trail Blazers - Full Game Highlights | October 27, 2024 NBA Season","https://www.youtube.com/watch?v=UNHmPdbOhj4","UNHmPdbOhj4","The CCB Network",511,2457,71,""
22400091,"Oklahoma City Thunder vs Chicago Bulls - Full Game Highlights | October 26, 2024-25 NBA Season","https://www.youtube.com/watch?v=lQrmxM4gj9c","lQrmxM4gj9c","The CCB Network",499,4959,162,2.0
22400100,"Atlanta Hawks vs Oklahoma City Thunder - Full Game Highlights | October 27, 2024-25 NBA Season","https://www.youtube.com/watch?v=wYiQuwnsofg","wYiQuwnsofg","The CCB Network",518,5519,157,4.0
22400142,"Memphis Grizzlies vs Philadelphia 76ers - Full Game Highlights | November 2, 2024-25 NBA Season","https://www.youtube.com/watch?v=9RV-oapLKeE","9RV-oapLKeE","The CCB Network",511,4497,144,3
22400142,"Milwaukee Bucks vs Philadelphia 76ers Full Game Highlights - November 20, 2025 | NBA Season","https://www.youtube.com/watch?v=-uY2EAJ4Eoo","-uY2EAJ4Eoo","GAMETIME HIGHLIGHTS",571,224224,1956,129
22400142,"Philadelphia 76ers vs Brooklyn Nets Full Game Highlights - November 2, 2025 | NBA Season","https://www.youtube.com/watch?v=Bh3hcT5G9bs","Bh3hcT5G9bs","GAMETIME HIGHLIGHTS",557,86235,906,55
22400093,"Toronto Raptors vs Minnesota Timberwolves - Full Game Highlights | October 26, 2024-25 NBA Season","https://www.youtube.com/watch?v=XhIA_kq2xbE","XhIA_kq2xbE","The CCB Network",508,3612,122,4
22400090,"Jordan Poole 14 pts 6 ast 3 stl vs Cleveland Cavaliers | 2024-10-26","https://www.youtube.com/watch?v=fQf6ECfHmiY","fQf6ECfHmiY","Basketball Highlights",166,1230,18,2
22400113,"Denver Nuggets vs Brooklyn Nets Full Game Highlights - October 29, 2024 | 2024-25 NBA Season","https://www.youtube.com/watch?v=jmuJbyq0erE","jmuJbyq0erE","GAMETIME HIGHLIGHTS",587,275001,2536,189
22400113,"Ziaire Williams Highlights | Nets vs. Nuggets | 29th Oct 2024","https://www.youtube.com/watch?v=jDeU3hHdC9Y","jDeU3hHdC9Y","Cookies & Kareem",149,1856,21,6
22400106,"Cleveland Cavaliers vs New York Knicks - Full Game Highlights | October 28, 2024 NBA Season","https://www.youtube.com/watch?v=-WMr2oQbCAA","-WMr2oQbCAA","The CCB Network",483,4094,154,3
22400106,"New York Knicks vs Milwaukee Bucks Full Game Highlights - October 28, 2025 | NBA Season","https://www.youtube.com/watch?v=KXRWAIwJZQY","KXRWAIwJZQY","GAMETIME HIGHLIGHTS",550,252845,2349,152
22400087,"Los Angeles Clippers vs Denver Nuggets Full Game Highlights - October 26, 2024 | 2024-25 NBA Season","https://www.youtube.com/watch?v=UvC1N6GDPWE","UvC1N6GDPWE","GAMETIME HIGHLIGHTS",566,227751,2099,343
22400119,"Boston Celtics vs Indiana Pacers Full Game Highlights - October 30, 2024 | 2024-25 NBA Season","https://www.youtube.com/watch?v=xJG2gSnIcYs","xJG2gSnIcYs","GAMETIME HIGHLIGHTS",590,220545,2730,182
22400119,"Boston Celtics vs Indiana Pacers - Full Game Highlights | October 30, 2024-25 NBA Season","https://www.youtube.com/watch?v=emA0i_FocZ0","emA0i_FocZ0","The CCB Network",484,4869,173,5
22400122,"Miami Heat vs New York Knicks Full Game Highlights - October 30, 2024 | 2024-25 NBA Season","https://www.youtube.com/watch?v=7NsfnOi23qs","7NsfnOi23qs","GAMETIME HIGHLIGHTS",586,196584,1951,95
22400122,"New York Knicks vs Miami Heat - Full Game Highlights | October 30, 2024-25 NBA Season","https://www.youtube.com/watch?v=EGEQvFiYCII","EGEQvFiYCII","The CCB Network",509,4842,164,2
22400122,"Mikal Bridges Highlights | Heat vs. Knicks | 30th Oct 2024","https://www.youtube.com/watch?v=D_uw7Fjs1gs","D_uw7Fjs1gs","Cookies & Kareem",167,1313,25,2
22400094,"Houston Rockets vs San Antonio Spurs Full Game Highlights - October 26, 2024 | 2024-25 NBA Season","https://www.youtube.com/watch?v=eKoqDv9JNIk","eKoqDv9JNIk","GAMETIME HIGHLIGHTS",573,242201,2910,157
22400082,"Memphis Grizzlies vs Houston Rockets - Full Game Highlights | October 25, 2024-25 NBA Season","https://www.youtube.com/watch?v=AWZtYdrzVJM","AWZtYdrzVJM","The CCB Network",489,5355,177,7
22400079,"Atlanta Hawks vs Charlotte Hornets - Full Game Highlights | October 25, 2023-24 NBA Season","https://www.youtube.com/watch?v=n3DylztTK0c","n3DylztTK0c","The CCB Network",511,7384,205,6
22400117,"Nick Richards Highlights | Hornets vs. Raptors | 30th Oct 2024","https://www.youtube.com/watch?v=rIekcMXjzfg","rIekcMXjzfg","Cookies & Kareem",226,11456,61,27
22400117,"Tre Mann 27-Point Highlights vs. Raptors | October 30, 2024","https://www.youtube.com/watch?v=-759PCd4E8M","-759PCd4E8M","HornetsHoops",115,38546,435,48
22400117,"Cody Martin CAREER-HIGH 25 Points Highlights vs. Raptors | October 30, 2024","https://www.youtube.com/watch?v=4Fz_nR-z5C4","4Fz_nR-z5C4","HornetsHoops",90,4494,38,14
22400078,"Toronto Raptors vs Philadelphia 76ers | October 25, 2024","https://www.youtube.com/watch?v=HmS7J9qm6cQ","HmS7J9qm6cQ","Raptors Nation",558,16474,236,50
22400098,"Milwaukee Bucks vs Brooklyn Nets Full Game Highlights - October 27, 2024 | 2024-25 NBA Season","https://www.youtube.com/watch?v=vK58JKJV11w","vK58JKJV11w","GAMETIME HIGHLIGHTS",554,208676,1994,173
22400098,"Milwaukee Bucks vs Brooklyn Nets - Full Game Highlights | October 27, 2024 | 2024-25 NBA Season","https://www.youtube.com/watch?v=-dF7P3bGKJU","-dF7P3bGKJU","The CCB Network",472,4059,139,7
22400069,"Chicago Bulls vs New Orleans Pelicans - Full Game Highlights | October 23, 2024-25 NBA Season","https://www.youtube.com/watch?v=nu6CY3h1U_U","nu6CY3h1U_U","The CCB Network",515,4892,160,7
22400073,"Boston Celtics vs Washington Wizards - Full Game Highlights | October 24, 2024-25 NBA Season","https://www.youtube.com/watch?v=opsgnY5VyAo","opsgnY5VyAo","The CCB Network",500,5074,182,8
22400065,"Orlando Magic vs Miami Heat - Full Game Highlights | October 23, 2024-25 NBA Season","https://www.youtube.com/watch?v=MSkzY67Ch3M","MSkzY67Ch3M","The CCB Network",480,5197,173,5
22400123,"Orlando Magic vs Charlotte Hornets Full Game Highlights - October 30, 2025 | NBA Season","https://www.youtube.com/watch?v=GAXH6a2QDUA","GAXH6a2QDUA","GAMETIME HIGHLIGHTS",532,74738,722,31
22400123,"Josh Giddey 20 pts 11 reb 5 ast vs Orlando Magic | 2024-10-30","https://www.youtube.com/watch?v=RgtP0OhNKMA","RgtP0OhNKMA","Basketball Highlights",378,2251,25,5
22400123,"Josh Giddey Highlights | Bulls vs. Magic | 30th Oct 2024","https://www.youtube.com/watch?v=ztZbrmZpjQA","ztZbrmZpjQA","Cookies & Kareem",136,1943,19,6
22400092,"Orlando Magic vs Memphis Grizzlies - Full Game Highlights | October 26, 2024-25 NBA Season","https://www.youtube.com/watch?v=NTMSM3iS89Q","NTMSM3iS89Q","The CCB Network",505,4367,136,7
22400092,"Mac McClung NBA Highlights (10/26/24) Magic Vs Grizzlies (2 assists, 1 rebound)","https://www.youtube.com/watch?v=6eRRq-9EaM0","6eRRq-9EaM0","Mac McClung Mixtapes",59,18962,149,58
22400126,"New Orleans Pelicans vs Golden State Warriors - Full Game Highlights | October 30, 2024 NBA Season","https://www.youtube.com/watch?v=i1xoJxnFtHU","i1xoJxnFtHU","The CCB Network",496,4711,171,6
22400126,"Golden State Warriors vs New Orleans Pelicans Full Game Highlights | October 30, 2023 | FreeDawkins","https://www.youtube.com/watch?v=X-yj7l9S_AQ","X-yj7l9S_AQ","FreeDawkins",580,2233825,22317,1000
22400126,"Golden State Warriors vs New Orleans Pelicans - Full Highlights | October 30, 2023-24 NBA Season","https://www.youtube.com/watch?v=zF9F98zWD-4","zF9F98zWD-4","The CCB Network",493,17401,381,10
22400101,"Golden State Warriors vs Los Angeles Clippers Full Game Highlights - October 27 | 2024-25 NBA Season","https://www.youtube.com/watch?v=_RnWMfY8zmA","_RnWMfY8zmA","GAMETIME HIGHLIGHTS",569,883909,8348,498
22400101,"Golden State Warriors vs Memphis Grizzlies Full Game Highlights - October 27, 2025 | NBA Season","https://www.youtube.com/watch?v=pui7d3fGcpA","pui7d3fGcpA","GAMETIME HIGHLIGHTS",556,869065,8698,278
22400089,"Boston Celtics vs Detroit Pistons Full Game Highlights - October 26, 2025 | NBA Season","https://www.youtube.com/watch?v=L81XHoPHW88","L81XHoPHW88","GAMETIME HIGHLIGHTS",544,105631,1202,103
22400089,"Boston Celtics vs Detroit Pistons - FULL GAME HIGHLIGHTS | October 26, 2025 NBA Season","https://www.youtube.com/watch?v=qOCf2QRf_Hg","qOCf2QRf_Hg","Ximo Pierto",571,53020,412,20
22400064,"Brooklyn Nets vs Atlanta Hawks - Full Game Highlights | October 23, 2024-25 NBA Season","https://www.youtube.com/watch?v=xeGbWi8WFMo","xeGbWi8WFMo","The CCB Network",504,5402,157,11
22400062,"Minnesota Timberwolves vs Los Angeles Lakers - Full Game Highlights | October 22, 2024-25 NBA Season","https://www.youtube.com/watch?v=Ht1np1fN-Ck","Ht1np1fN-Ck","The CCB Network",525,11892,408,19
22400085,"Los Angeles Lakers vs. Phoenix Suns Full Game Highlights - October 25, 2024 | 2024-25 NBA Season","https://www.youtube.com/watch?v=nmikBevBs8k","nmikBevBs8k","GAMETIME HIGHLIGHTS",588,1165753,12223,833
22400085,"Phoenix Suns vs Los Angeles Lakers - Full Game Highlights | October 25, 2024-25 NBA Season","https://www.youtube.com/watch?v=Kp7BkSitCmk","Kp7BkSitCmk","The CCB Network",524,11907,417,8
22400095,"Dallas Mavericks vs Phoenix Suns Full Game Highlights - October 26, 2024 | 2024-25 NBA Season","https://www.youtube.com/watch?v=2QE3sOaLFlc","2QE3sOaLFlc","GAMETIME HIGHLIGHTS",573,695115,6275,428
22400095,"Dallas Mavericks vs Phoenix suns - Full Game Highlights | October 26, 2024-25 NBA Season","https://www.youtube.com/watch?v=Cedvq1Qcs_k","Cedvq1Qcs_k","The CCB Network",513,8659,282,5
22400084,"Golden State Warriors vs. Utah Jazz Full Game Highlights - October 25, 2024 | 2024-25 NBA Season","https://www.youtube.com/watch?v=LmBAKn-rMdY","LmBAKn-rMdY","GAMETIME HIGHLIGHTS",583,765025,9020,560.0
22400084,"Golden State Warriors vs Utah Jazz - Full Game Highlights | October 25, 2024-25 NBA Season","https://www.youtube.com/watch?v=k2wglxsHEdg","k2wglxsHEdg","The CCB Network",508,6604,195,5.0
22400076,"Sacramento Kings vs Minnesota Timberwolves Full Game Highlights - October 24  | 2024-25 NBA Season","https://www.youtube.com/watch?v=H1HrEjiyfYE","H1HrEjiyfYE","GAMETIME HIGHLIGHTS",586,244153,3251,145.0
22400076,"Minnesota Timberwolves vs Sacramento Kings - Full Game Highlights | October 24, 2024-25 NBA Season","https://www.youtube.com/watch?v=aThB1OkS1iM","aThB1OkS1iM","The CCB Network",513,7065,266,10.0
22400137,"Los Angeles Lakers vs Toronto Raptors Full Game Highlights | Nov 1, 2024 | FreeDawkins","https://www.youtube.com/watch?v=d7VxVKT-cEU","d7VxVKT-cEU","FreeDawkins",633,858801,10412,633.0
22400137,"Los Angeles Lakers vs Toronto Raptors - Full Game Highlights | November 1, 2024 | 2024-25 NBA Season","https://www.youtube.com/watch?v=Jos1dAInLAU","Jos1dAInLAU","The CCB Network",506,7071,211,6.0
22400137,"Toronto Raptors vs Los Angeles Lakers - First Half Highlights | Nov 1, 2024","https://www.youtube.com/watch?v=AJzwOIJ_SkA","AJzwOIJ_SkA","Raptors Nation",290,3689,14,7.0
22400137,"Los Angeles Lakers vs Toronto Raptors Full Game Highlights - November 1, 2024 | 2024-25 NBA Season","https://www.youtube.com/watch?v=Yn6uwVrpWJY","Yn6uwVrpWJY","Stadium Roars",488,1209,7,""
22400104,"Boston Celtics vs Milwaukee Bucks Full Game Highlights - October 28, 2024 | 2024-25 NBA Season","https://www.youtube.com/watch?v=0uCiDXprnLk","0uCiDXprnLk","GAMETIME HIGHLIGHTS",588,437324,5124,364
22400104,"Milwaukee Bucks vs Boston Celtics - Full Game Highlights | October 28, 2024-25 NBA Season","https://www.youtube.com/watch?v=unwvmqMWvsk","unwvmqMWvsk","The CCB Network",496,5603,214,7
22400104,"New York Knicks vs Milwaukee Bucks Full Game Highlights - October 28, 2025 | NBA Season","https://www.youtube.com/watch?v=KXRWAIwJZQY","KXRWAIwJZQY","GAMETIME HIGHLIGHTS",550,252846,2349,152
22400075,"Denver Nuggets vs Oklahoma City Thunder Full Game Highlights - October 24, 2024 | 2024-25 NBA Season","https://www.youtube.com/watch?v=anE7WrzXklw","anE7WrzXklw","GAMETIME HIGHLIGHTS",552,311460,3411,271
22400075,"Oklahoma City Thunder vs Denver Nuggets - Full Game Highlights | October 24, 2024-25 NBA Season","https://www.youtube.com/watch?v=7iKNvMycc74","7iKNvMycc74","The CCB Network",525,8767,271,6
22400074,"Dallas Mavericks vs San Antonio Spurs Full Game Highlights - October 24, 2024 | 2024-25 NBA Season","https://www.youtube.com/watch?v=-hL_qIOiQAc","-hL_qIOiQAc","GAMETIME HIGHLIGHTS",572,1198093,12659,499
22400074,"San Antonio Spurs vs Dallas Mavericks - Full Game Highlights | October 24, 2024-25 NBA Season","https://www.youtube.com/watch?v=IB0-kVKfdho","IB0-kVKfdho","The CCB Network",523,12409,395,18
22400068,"Charlotte Hornets vs Houston Rockets Full Game Highlights - October 23, 2024 | 2024-25 NBA Season","https://www.youtube.com/watch?v=zEUk0ha0dGg","zEUk0ha0dGg","GAMETIME HIGHLIGHTS",567,181545,2308,100
22400068,"Charlotte Hornets vs Houston Rockets - Full Game Highlights | October 23, 2024-25 NBA Season","https://www.youtube.com/watch?v=8wxRDFfXpHc","8wxRDFfXpHc","The CCB Network",489,4901,183,7
22400072,"Golden State Warriors vs Portland Trail Blazers Full Game Highlights | Oct 23, 2024 | FreeDawkins","https://www.youtube.com/watch?v=2mvDyOuRQDQ","2mvDyOuRQDQ","FreeDawkins",615,819290,12420,812
22400072,"Golden State Warriors vs Portland Trail Blazers - Full Game Highlights | October 23, 2024 NBA Season","https://www.youtube.com/watch?v=BsHcY4xG3QU","BsHcY4xG3QU","The CCB Network",509,7577,230,4
22400070,"Memphis Grizzlies vs Utah Jazz Full Game Highlights - October 23, 2024 | 2024-25 NBA Season","https://www.youtube.com/watch?v=ykVf8eFJF-Y","ykVf8eFJF-Y","GAMETIME HIGHLIGHTS",591,308706,3197,147
22400070,"Memphis Grizzlies vs Utah Jazz - Full Game Highlights | October 23, 2024-25 NBA Season","https://www.youtube.com/watch?v=7JGZQsYNIjU","7JGZQsYNIjU","The CCB Network",507,5753,190,6
22400066,"Milwaukee Bucks vs Philadelphia 76ers Full Game Highlights - October 23, 2024 | 2024-25 NBA Season","https://www.youtube.com/watch?v=xjHnwlU3wk4","xjHnwlU3wk4","GAMETIME HIGHLIGHTS",557,286913,3103,132
22400066,"Milwaukee Bucks vs Philadelphia 76ers - Full Game Highlights | October 23, 2024-25 NBA Season","https://www.youtube.com/watch?v=StcASubfoeA","StcASubfoeA","The CCB Network",497,8179,255,4
22400067,"Toronto Raptors vs Cleveland Cavaliers | October 23, 2024","https://www.youtube.com/watch?v=kHiESyC6yas","kHiESyC6yas","Raptors Nation",572,3077,36,17
22400067,"Toronto Raptors vs Cleveland Cavaliers - First Half Highlights | October 23, 2024","https://www.youtube.com/watch?v=ehKqw7cpefQ","ehKqw7cpefQ","Raptors Nation",193,2906,21,7
22400061,"New York Knicks vs Boston Celtics Full Game Highlights | October 22, 2024 | FreeDawkins","https://www.youtube.com/watch?v=yuCrG_HJN9c","yuCrG_HJN9c","FreeDawkins",595,480835,7878,534
22400061,"New York Knicks vs Boston Celtics - Full Game Highlights | October 22, 2024-25 NBA Season","https://www.youtube.com/watch?v=IQJ6LOutZDE","IQJ6LOutZDE","The CCB Network",513,9545,325,18
22400071,"Los Angeles Clippers vs Phoenix Suns Full Game Highlights - October 23, 2024 | 2024-25 NBA Season","https://www.youtube.com/watch?v=z_RtVuytuxk","z_RtVuytuxk","GAMETIME HIGHLIGHTS",583,486408,4656,279.0
22400071,"Phoenix Suns vs Los Angeles Clippers - Full Game Highlights | October 23, 2024-25 NBA Season","https://www.youtube.com/watch?v=4Mr-9NdGixA","4Mr-9NdGixA","The CCB Network",521,8166,258,7.0
22400096,"Los Angeles Lakers vs Sacramento Kings Full Game Highlights - October 26, 2025 | NBA Season","https://www.youtube.com/watch?v=bNhwTOkK8J4","bNhwTOkK8J4","GAMETIME HIGHLIGHTS",573,565877,6231,505.0
22400096,"Los Angeles Lakers vs Sacramento Kings Full Game Highlights - October 26, 2024 | 2024-25 NBA Season","https://www.youtube.com/watch?v=z_XbOQIz24g","z_XbOQIz24g","GAMETIME HIGHLIGHTS",581,964708,10697,569.0
22400096,"Los Angeles Lakers vs Sacramento Kings - FULL GAME HIGHLIGHTS | October 26, 2025 NBA Season","https://www.youtube.com/watch?v=OKfi8yaQl6o","OKfi8yaQl6o","Ximo Pierto",583,629340,4650,291.0
22400096,"Sacramento Kings vs Los Angeles Lakers - Full Game Highlights | October 26, 2024-25 NBA Season","https://www.youtube.com/watch?v=ZviAtElhXH8","ZviAtElhXH8","The CCB Network",540,10881,381,20.0
22400144,"Golden State Warriors vs Houston Rockets Full Game Highlights | Nov 2, 2024 | FreeDawkins","https://www.youtube.com/watch?v=94tgL9naOOI","94tgL9naOOI","FreeDawkins",633,895046,12421,862.0
22400144,"Golden State Warriors vs Houston Rockets - Full Game Highlights | November 2, 2024-25 NBA Season","https://www.youtube.com/watch?v=0BDPyDJGLYE","0BDPyDJGLYE","The CCB Network",504,6015,169,6.0
22400144,"Golden State Warriors vs Houston Rockets Full Game Highlights - November 26, 2025 | NBA Season","https://www.youtube.com/watch?v=7H3KuLLvC-Q","7H3KuLLvC-Q","GAMETIME HIGHLIGHTS",581,581441,3749,345.0
22400144,"Golden State Warriors vs Houston Rockets Full Game Highlights 4th Qtr | Nov 26 | 2025 NBA Highlights","https://www.youtube.com/watch?v=rlAWAdN2-z0","rlAWAdN2-z0","Lakers Dynasty Highlights",556,360262,988,47.0
22400144,"Houston Rockets vs Phoenix Suns Full Game Highlights - November 24, 2025 | NBA Season","https://www.youtube.com/watch?v=v5SbWoOr0oc","v5SbWoOr0oc","GAMETIME HIGHLIGHTS",557,197936,1527,143.0
22400144,"Golden State Warriors vs Houston Rockets Full Game Highlights - November 2, 2024 NBA Season","https://www.youtube.com/watch?v=4aGTAXd0u1U","4aGTAXd0u1U","Stadium Roars",485,1666,10,""
