game_id,video_id,exposure_zone,exposure_time_seconds,avg_area_pct,avg_dist_ref_pct,video_url
22500431,11LdwX87xkY,basket-logo,475.68,0.1362,35.13,https://www.youtube.com/watch?v=11LdwX87xkY
22500431,11LdwX87xkY,side-court-led-logo,508.11,1.8526,31.33,https://www.youtube.com/watch?v=11LdwX87xkY
22500431,11LdwX87xkY,side-court-logo,490.89,0.4035,25.01,https://www.youtube.com/watch?v=11LdwX87xkY
22500431,11LdwX87xkY,mid-court-logo,499.1,1.9319,30.99,https://www.youtube.com/watch?v=11LdwX87xkY
22500431,11LdwX87xkY,back-court-logo,459.66,1.223,24.68,https://www.youtube.com/watch?v=11LdwX87xkY
22500409,IrpfL0OcIuI,basket-logo,487.49,0.1741,35.09,https://www.youtube.com/watch?v=IrpfL0OcIuI
22500409,IrpfL0OcIuI,side-court-led-logo,530.13,0.845,29.58,https://www.youtube.com/watch?v=IrpfL0OcIuI
22500409,IrpfL0OcIuI,back-court-logo,488.29,0.7418,25.87,https://www.youtube.com/watch?v=IrpfL0OcIuI
22500409,IrpfL0OcIuI,side-court-logo,526.93,0.66,24.19,https://www.youtube.com/watch?v=IrpfL0OcIuI
22500409,IrpfL0OcIuI,mid-court-logo,523.52,2.1289,34.56,https://www.youtube.com/watch?v=IrpfL0OcIuI
22500424,l5ir1TZxJjk,basket-logo,413.21,0.2178,32.8,https://www.youtube.com/watch?v=l5ir1TZxJjk
22500424,l5ir1TZxJjk,mid-court-logo,421.82,2.2853,31.25,https://www.youtube.com/watch?v=l5ir1TZxJjk
22500424,l5ir1TZxJjk,side-court-logo,485.29,1.0373,25.98,https://www.youtube.com/watch?v=l5ir1TZxJjk
22500424,l5ir1TZxJjk,back-court-logo,442.84,1.4186,23.82,https://www.youtube.com/watch?v=l5ir1TZxJjk
22500424,l5ir1TZxJjk,side-court-led-logo,292.89,2.23,29.53,https://www.youtube.com/watch?v=l5ir1TZxJjk
22500430,U5T9X6OK6OA,side-court-led-logo,298.3,1.0056,31.5,https://www.youtube.com/watch?v=U5T9X6OK6OA
22500430,U5T9X6OK6OA,basket-logo,448.05,0.191,34.34,https://www.youtube.com/watch?v=U5T9X6OK6OA
22500430,U5T9X6OK6OA,back-court-logo,454.05,0.9617,21.6,https://www.youtube.com/watch?v=U5T9X6OK6OA
22500430,U5T9X6OK6OA,side-court-logo,477.88,0.6847,23.69,https://www.youtube.com/watch?v=U5T9X6OK6OA
22500430,U5T9X6OK6OA,mid-court-logo,390.99,1.7792,29.78,https://www.youtube.com/watch?v=U5T9X6OK6OA
22500413,liAwHhl5zPk,side-court-led-logo,498.3,1.1732,27.03,https://www.youtube.com/watch?v=liAwHhl5zPk
22500413,liAwHhl5zPk,basket-logo,458.06,0.2385,34.55,https://www.youtube.com/watch?v=liAwHhl5zPk
22500413,liAwHhl5zPk,mid-court-logo,300.9,2.489,27.99,https://www.youtube.com/watch?v=liAwHhl5zPk
22500413,liAwHhl5zPk,back-court-logo,468.07,1.955,23.0,https://www.youtube.com/watch?v=liAwHhl5zPk
22500413,liAwHhl5zPk,side-court-logo,0.4,0.5256,29.72,https://www.youtube.com/watch?v=liAwHhl5zPk
22500427,FPv3NJdeBL0,basket-logo,495.5,0.1962,37.34,https://www.youtube.com/watch?v=FPv3NJdeBL0
22500427,FPv3NJdeBL0,side-court-logo,473.67,0.3958,25.05,https://www.youtube.com/watch?v=FPv3NJdeBL0
22500427,FPv3NJdeBL0,mid-court-logo,416.02,2.0585,27.21,https://www.youtube.com/watch?v=FPv3NJdeBL0
22500427,FPv3NJdeBL0,side-court-led-logo,364.56,1.9401,25.79,https://www.youtube.com/watch?v=FPv3NJdeBL0
22500427,FPv3NJdeBL0,back-court-logo,511.51,1.7894,25.88,https://www.youtube.com/watch?v=FPv3NJdeBL0
22500427,ChXOrBUSjQE,basket-logo,496.0,0.198,37.53,https://www.youtube.com/watch?v=ChXOrBUSjQE
22500427,ChXOrBUSjQE,side-court-logo,469.4,0.3983,24.55,https://www.youtube.com/watch?v=ChXOrBUSjQE
22500427,ChXOrBUSjQE,side-court-led-logo,364.8,1.9426,25.98,https://www.youtube.com/watch?v=ChXOrBUSjQE
22500427,ChXOrBUSjQE,mid-court-logo,416.8,2.082,27.11,https://www.youtube.com/watch?v=ChXOrBUSjQE
22500427,ChXOrBUSjQE,back-court-logo,512.6,1.8038,25.95,https://www.youtube.com/watch?v=ChXOrBUSjQE
22500428,2jiqv7eR_Bo,mid-court-logo,298.7,1.8499,27.35,https://www.youtube.com/watch?v=2jiqv7eR_Bo
22500428,2jiqv7eR_Bo,side-court-logo,544.54,1.0265,28.51,https://www.youtube.com/watch?v=2jiqv7eR_Bo
22500428,2jiqv7eR_Bo,side-court-led-logo,467.87,1.9691,31.48,https://www.youtube.com/watch?v=2jiqv7eR_Bo
22500428,2jiqv7eR_Bo,back-court-logo,518.92,2.071,25.01,https://www.youtube.com/watch?v=2jiqv7eR_Bo
22500428,2jiqv7eR_Bo,basket-logo,502.3,0.185,35.66,https://www.youtube.com/watch?v=2jiqv7eR_Bo
22500428,hAG7gWbARWM,mid-court-logo,303.6,1.8899,27.2,https://www.youtube.com/watch?v=hAG7gWbARWM
22500428,hAG7gWbARWM,side-court-logo,552.4,1.0269,28.29,https://www.youtube.com/watch?v=hAG7gWbARWM
22500428,hAG7gWbARWM,side-court-led-logo,472.6,2.0824,31.32,https://www.youtube.com/watch?v=hAG7gWbARWM
22500428,hAG7gWbARWM,back-court-logo,524.0,2.0791,25.01,https://www.youtube.com/watch?v=hAG7gWbARWM
22500428,hAG7gWbARWM,basket-logo,507.2,0.1857,35.8,https://www.youtube.com/watch?v=hAG7gWbARWM
22500420,FWhMT0oLWyE,basket-logo,520.12,0.1699,31.99,https://www.youtube.com/watch?v=FWhMT0oLWyE
22500420,FWhMT0oLWyE,side-court-led-logo,555.16,1.8847,33.3,https://www.youtube.com/watch?v=FWhMT0oLWyE
22500420,FWhMT0oLWyE,side-court-logo,570.97,0.7136,26.1,https://www.youtube.com/watch?v=FWhMT0oLWyE
22500420,FWhMT0oLWyE,back-court-logo,516.12,1.1562,22.59,https://www.youtube.com/watch?v=FWhMT0oLWyE
22500420,FWhMT0oLWyE,mid-court-logo,457.26,1.6166,31.26,https://www.youtube.com/watch?v=FWhMT0oLWyE
22500420,n4gGy5XSDD4,basket-logo,519.6,0.1733,32.67,https://www.youtube.com/watch?v=n4gGy5XSDD4
22500420,n4gGy5XSDD4,side-court-led-logo,554.8,1.8904,32.75,https://www.youtube.com/watch?v=n4gGy5XSDD4
22500420,n4gGy5XSDD4,side-court-logo,567.8,0.7245,25.58,https://www.youtube.com/watch?v=n4gGy5XSDD4
22500420,n4gGy5XSDD4,back-court-logo,518.2,1.1908,22.75,https://www.youtube.com/watch?v=n4gGy5XSDD4
22500420,n4gGy5XSDD4,mid-court-logo,450.4,1.6322,30.82,https://www.youtube.com/watch?v=n4gGy5XSDD4
22500423,fSLyYkYg2Fc,basket-logo,454.65,0.1929,31.2,https://www.youtube.com/watch?v=fSLyYkYg2Fc
22500423,fSLyYkYg2Fc,side-court-led-logo,502.5,0.9765,26.03,https://www.youtube.com/watch?v=fSLyYkYg2Fc
22500423,fSLyYkYg2Fc,mid-court-logo,451.65,1.1474,32.2,https://www.youtube.com/watch?v=fSLyYkYg2Fc
22500423,fSLyYkYg2Fc,back-court-logo,462.26,1.1705,20.01,https://www.youtube.com/watch?v=fSLyYkYg2Fc
22500423,fSLyYkYg2Fc,side-court-logo,501.7,0.8053,23.86,https://www.youtube.com/watch?v=fSLyYkYg2Fc
22500423,9v08m-YNQhU,basket-logo,454.8,0.196,31.32,https://www.youtube.com/watch?v=9v08m-YNQhU
22500423,9v08m-YNQhU,side-court-led-logo,502.2,1.0096,25.92,https://www.youtube.com/watch?v=9v08m-YNQhU
22500423,9v08m-YNQhU,back-court-logo,460.8,1.1662,19.91,https://www.youtube.com/watch?v=9v08m-YNQhU
22500423,9v08m-YNQhU,mid-court-logo,452.2,1.1948,31.87,https://www.youtube.com/watch?v=9v08m-YNQhU
22500423,9v08m-YNQhU,side-court-logo,500.2,0.8214,23.65,https://www.youtube.com/watch?v=9v08m-YNQhU
22500425,QQSi5Ab_wsw,side-court-led-logo,548.15,1.0009,26.75,https://www.youtube.com/watch?v=QQSi5Ab_wsw
22500425,QQSi5Ab_wsw,basket-logo,503.5,0.1313,34.22,https://www.youtube.com/watch?v=QQSi5Ab_wsw
22500425,QQSi5Ab_wsw,back-court-logo,521.52,1.2582,22.52,https://www.youtube.com/watch?v=QQSi5Ab_wsw
22500425,QQSi5Ab_wsw,side-court-logo,550.35,0.8562,27.21,https://www.youtube.com/watch?v=QQSi5Ab_wsw
22500425,QQSi5Ab_wsw,mid-court-logo,351.75,1.3668,28.43,https://www.youtube.com/watch?v=QQSi5Ab_wsw
22500425,BQevfUHQurY,side-court-led-logo,445.85,1.3554,28.57,https://www.youtube.com/watch?v=BQevfUHQurY
22500425,BQevfUHQurY,side-court-logo,454.85,1.0027,28.86,https://www.youtube.com/watch?v=BQevfUHQurY
22500425,BQevfUHQurY,mid-court-logo,262.26,1.7362,28.09,https://www.youtube.com/watch?v=BQevfUHQurY
22500425,BQevfUHQurY,back-court-logo,385.99,1.5757,25.17,https://www.youtube.com/watch?v=BQevfUHQurY
22500425,BQevfUHQurY,basket-logo,355.96,0.1567,33.13,https://www.youtube.com/watch?v=BQevfUHQurY
22500421,e6Zbg5Xz2gI,basket-logo,491.09,0.2307,34.79,https://www.youtube.com/watch?v=e6Zbg5Xz2gI
22500421,e6Zbg5Xz2gI,side-court-led-logo,529.53,1.0218,32.12,https://www.youtube.com/watch?v=e6Zbg5Xz2gI
22500421,e6Zbg5Xz2gI,side-court-logo,536.74,0.9259,27.35,https://www.youtube.com/watch?v=e6Zbg5Xz2gI
22500421,e6Zbg5Xz2gI,mid-court-logo,493.49,1.6574,34.14,https://www.youtube.com/watch?v=e6Zbg5Xz2gI
22500421,e6Zbg5Xz2gI,back-court-logo,0.2,1.0491,65.13,https://www.youtube.com/watch?v=e6Zbg5Xz2gI
22500421,bzbJz1CbVxs,basket-logo,491.8,0.2451,35.01,https://www.youtube.com/watch?v=bzbJz1CbVxs
22500421,bzbJz1CbVxs,side-court-led-logo,529.8,1.0412,31.99,https://www.youtube.com/watch?v=bzbJz1CbVxs
22500421,bzbJz1CbVxs,side-court-logo,535.4,0.942,26.97,https://www.youtube.com/watch?v=bzbJz1CbVxs
22500421,bzbJz1CbVxs,mid-court-logo,495.2,1.6599,33.82,https://www.youtube.com/watch?v=bzbJz1CbVxs
22500421,bzbJz1CbVxs,back-court-logo,0.4,0.2226,48.5,https://www.youtube.com/watch?v=bzbJz1CbVxs
22500416,uG4saUqCmaM,basket-logo,432.83,0.2139,35.14,https://www.youtube.com/watch?v=uG4saUqCmaM
22500416,uG4saUqCmaM,side-court-led-logo,324.12,1.5208,33.3,https://www.youtube.com/watch?v=uG4saUqCmaM
22500416,uG4saUqCmaM,back-court-logo,450.05,1.7638,26.04,https://www.youtube.com/watch?v=uG4saUqCmaM
22500416,uG4saUqCmaM,side-court-logo,504.9,1.1605,29.2,https://www.youtube.com/watch?v=uG4saUqCmaM
22500416,uG4saUqCmaM,mid-court-logo,356.36,2.4975,31.66,https://www.youtube.com/watch?v=uG4saUqCmaM
22500416,mFbQVh_ZUak,side-court-logo,524.2,1.1929,29.98,https://www.youtube.com/watch?v=mFbQVh_ZUak
22500416,mFbQVh_ZUak,side-court-led-logo,300.8,1.5555,35.23,https://www.youtube.com/watch?v=mFbQVh_ZUak
22500416,mFbQVh_ZUak,back-court-logo,474.2,1.8191,23.18,https://www.youtube.com/watch?v=mFbQVh_ZUak
22500416,mFbQVh_ZUak,basket-logo,467.0,0.2215,33.51,https://www.youtube.com/watch?v=mFbQVh_ZUak
22500416,mFbQVh_ZUak,mid-court-logo,346.0,2.4578,33.04,https://www.youtube.com/watch?v=mFbQVh_ZUak
22500412,3GcgHcw_tTE,side-court-led-logo,483.88,0.9208,29.14,https://www.youtube.com/watch?v=3GcgHcw_tTE
22500412,3GcgHcw_tTE,basket-logo,453.65,0.1948,33.8,https://www.youtube.com/watch?v=3GcgHcw_tTE
22500412,3GcgHcw_tTE,back-court-logo,467.47,1.5483,23.78,https://www.youtube.com/watch?v=3GcgHcw_tTE
22500412,3GcgHcw_tTE,side-court-logo,456.86,0.7228,29.71,https://www.youtube.com/watch?v=3GcgHcw_tTE
22500412,3GcgHcw_tTE,mid-court-logo,318.52,1.9475,28.44,https://www.youtube.com/watch?v=3GcgHcw_tTE
22500412,F4nYdtiioWg,basket-logo,460.4,0.2,32.18,https://www.youtube.com/watch?v=F4nYdtiioWg
22500412,F4nYdtiioWg,back-court-logo,470.4,1.5678,22.22,https://www.youtube.com/watch?v=F4nYdtiioWg
22500412,F4nYdtiioWg,side-court-logo,428.0,0.7195,31.28,https://www.youtube.com/watch?v=F4nYdtiioWg
22500412,F4nYdtiioWg,side-court-led-logo,464.0,0.9496,29.88,https://www.youtube.com/watch?v=F4nYdtiioWg
22500412,F4nYdtiioWg,mid-court-logo,293.4,1.8405,29.24,https://www.youtube.com/watch?v=F4nYdtiioWg
22500417,Oz9mpnwsYDU,basket-logo,462.0,0.255,36.63,https://www.youtube.com/watch?v=Oz9mpnwsYDU
22500417,Oz9mpnwsYDU,side-court-logo,485.2,0.7003,30.19,https://www.youtube.com/watch?v=Oz9mpnwsYDU
22500417,Oz9mpnwsYDU,side-court-led-logo,498.8,2.6402,31.63,https://www.youtube.com/watch?v=Oz9mpnwsYDU
22500417,Oz9mpnwsYDU,back-court-logo,466.0,1.538,25.35,https://www.youtube.com/watch?v=Oz9mpnwsYDU
22500417,Oz9mpnwsYDU,mid-court-logo,323.6,2.035,31.15,https://www.youtube.com/watch?v=Oz9mpnwsYDU
22500417,pGIEodgwqY0,mid-court-logo,375.98,1.958,30.17,https://www.youtube.com/watch?v=pGIEodgwqY0
22500417,pGIEodgwqY0,side-court-logo,536.34,0.7055,29.25,https://www.youtube.com/watch?v=pGIEodgwqY0
22500417,pGIEodgwqY0,basket-logo,532.53,0.2518,38.0,https://www.youtube.com/watch?v=pGIEodgwqY0
22500417,pGIEodgwqY0,back-court-logo,539.14,1.5338,26.2,https://www.youtube.com/watch?v=pGIEodgwqY0
22500417,pGIEodgwqY0,side-court-led-logo,562.36,2.446,30.98,https://www.youtube.com/watch?v=pGIEodgwqY0
22500417,xBb5I23MkG4,basket-logo,462.0,0.2598,36.99,https://www.youtube.com/watch?v=xBb5I23MkG4
22500417,xBb5I23MkG4,side-court-logo,482.4,0.7197,29.49,https://www.youtube.com/watch?v=xBb5I23MkG4
22500417,xBb5I23MkG4,side-court-led-logo,498.8,2.6822,31.2,https://www.youtube.com/watch?v=xBb5I23MkG4
22500417,xBb5I23MkG4,back-court-logo,465.6,1.5708,24.76,https://www.youtube.com/watch?v=xBb5I23MkG4
22500417,xBb5I23MkG4,mid-court-logo,322.6,2.1033,31.2,https://www.youtube.com/watch?v=xBb5I23MkG4
22500419,A5pa8rMZBTo,basket-logo,456.26,0.2072,33.25,https://www.youtube.com/watch?v=A5pa8rMZBTo
22500419,A5pa8rMZBTo,back-court-logo,456.86,0.9398,21.18,https://www.youtube.com/watch?v=A5pa8rMZBTo
22500419,A5pa8rMZBTo,side-court-logo,473.47,0.6628,24.86,https://www.youtube.com/watch?v=A5pa8rMZBTo
22500419,A5pa8rMZBTo,side-court-led-logo,316.12,0.8545,31.66,https://www.youtube.com/watch?v=A5pa8rMZBTo
22500419,A5pa8rMZBTo,mid-court-logo,368.77,1.7396,30.74,https://www.youtube.com/watch?v=A5pa8rMZBTo
22500419,Xnj7gYdiXiE,back-court-logo,456.2,0.9544,21.16,https://www.youtube.com/watch?v=Xnj7gYdiXiE
22500419,Xnj7gYdiXiE,basket-logo,454.4,0.2045,33.44,https://www.youtube.com/watch?v=Xnj7gYdiXiE
22500419,Xnj7gYdiXiE,side-court-led-logo,313.0,0.8904,31.36,https://www.youtube.com/watch?v=Xnj7gYdiXiE
22500419,Xnj7gYdiXiE,side-court-logo,473.4,0.671,24.28,https://www.youtube.com/watch?v=Xnj7gYdiXiE
22500419,Xnj7gYdiXiE,mid-court-logo,366.6,1.7822,30.3,https://www.youtube.com/watch?v=Xnj7gYdiXiE
22500410,2MFmXcufluk,side-court-logo,481.48,1.0197,29.32,https://www.youtube.com/watch?v=2MFmXcufluk
22500410,2MFmXcufluk,mid-court-logo,362.16,2.33,30.71,https://www.youtube.com/watch?v=2MFmXcufluk
22500410,2MFmXcufluk,back-court-logo,454.85,2.2977,25.85,https://www.youtube.com/watch?v=2MFmXcufluk
22500410,2MFmXcufluk,side-court-led-logo,338.34,2.1166,31.02,https://www.youtube.com/watch?v=2MFmXcufluk
22500410,2MFmXcufluk,basket-logo,445.65,0.2577,35.22,https://www.youtube.com/watch?v=2MFmXcufluk
22500410,cUy4wKukjvI,side-court-logo,477.4,0.9886,29.21,https://www.youtube.com/watch?v=cUy4wKukjvI
22500410,cUy4wKukjvI,side-court-led-logo,345.0,2.1015,31.38,https://www.youtube.com/watch?v=cUy4wKukjvI
22500410,cUy4wKukjvI,back-court-logo,445.4,2.2878,25.56,https://www.youtube.com/watch?v=cUy4wKukjvI
22500410,cUy4wKukjvI,mid-court-logo,366.0,2.2255,31.1,https://www.youtube.com/watch?v=cUy4wKukjvI
22500410,cUy4wKukjvI,basket-logo,432.8,0.26,34.51,https://www.youtube.com/watch?v=cUy4wKukjvI
22500410,jtK01l2U2Qw,side-court-logo,481.6,1.0082,29.19,https://www.youtube.com/watch?v=jtK01l2U2Qw
22500410,jtK01l2U2Qw,mid-court-logo,362.0,2.4121,30.48,https://www.youtube.com/watch?v=jtK01l2U2Qw
22500410,jtK01l2U2Qw,back-court-logo,455.6,2.3069,25.74,https://www.youtube.com/watch?v=jtK01l2U2Qw
22500410,jtK01l2U2Qw,side-court-led-logo,339.6,2.08,30.99,https://www.youtube.com/watch?v=jtK01l2U2Qw
22500410,jtK01l2U2Qw,basket-logo,445.0,0.267,35.21,https://www.youtube.com/watch?v=jtK01l2U2Qw
22500013,KgXiqNun_KI,side-court-led-logo,547.15,0.8705,28.38,https://www.youtube.com/watch?v=KgXiqNun_KI
22500013,KgXiqNun_KI,basket-logo,518.92,0.1793,33.45,https://www.youtube.com/watch?v=KgXiqNun_KI
22500013,KgXiqNun_KI,mid-court-logo,514.71,0.9621,31.83,https://www.youtube.com/watch?v=KgXiqNun_KI
22500013,KgXiqNun_KI,back-court-logo,513.71,1.4776,22.29,https://www.youtube.com/watch?v=KgXiqNun_KI
22500013,KgXiqNun_KI,side-court-logo,497.1,0.4032,27.32,https://www.youtube.com/watch?v=KgXiqNun_KI
22500013,8oQ1EaD6ug0,basket-logo,593.59,0.1716,35.0,https://www.youtube.com/watch?v=8oQ1EaD6ug0
22500013,8oQ1EaD6ug0,side-court-led-logo,623.22,0.9277,27.44,https://www.youtube.com/watch?v=8oQ1EaD6ug0
22500013,8oQ1EaD6ug0,back-court-logo,593.79,1.5117,23.78,https://www.youtube.com/watch?v=8oQ1EaD6ug0
22500013,8oQ1EaD6ug0,mid-court-logo,598.2,0.9856,31.11,https://www.youtube.com/watch?v=8oQ1EaD6ug0
22500013,8oQ1EaD6ug0,side-court-logo,590.99,0.4181,26.48,https://www.youtube.com/watch?v=8oQ1EaD6ug0
22500013,B_5nnp0xaIY,side-court-led-logo,499.4,0.9473,28.38,https://www.youtube.com/watch?v=B_5nnp0xaIY
22500013,B_5nnp0xaIY,basket-logo,469.8,0.1757,34.38,https://www.youtube.com/watch?v=B_5nnp0xaIY
22500013,B_5nnp0xaIY,back-court-logo,477.6,1.4735,24.15,https://www.youtube.com/watch?v=B_5nnp0xaIY
22500013,B_5nnp0xaIY,mid-court-logo,476.0,0.9352,31.36,https://www.youtube.com/watch?v=B_5nnp0xaIY
22500013,B_5nnp0xaIY,side-court-logo,475.4,0.3849,27.58,https://www.youtube.com/watch?v=B_5nnp0xaIY
22500411,WO0iQ6Dfouc,basket-logo,471.07,0.2009,35.45,https://www.youtube.com/watch?v=WO0iQ6Dfouc
22500411,WO0iQ6Dfouc,side-court-led-logo,499.1,1.1014,26.18,https://www.youtube.com/watch?v=WO0iQ6Dfouc
22500411,WO0iQ6Dfouc,mid-court-logo,436.24,1.2471,31.13,https://www.youtube.com/watch?v=WO0iQ6Dfouc
22500411,WO0iQ6Dfouc,back-court-logo,466.27,1.3339,23.41,https://www.youtube.com/watch?v=WO0iQ6Dfouc
22500411,WO0iQ6Dfouc,side-court-logo,489.09,1.0322,24.5,https://www.youtube.com/watch?v=WO0iQ6Dfouc
22500411,EdN9AIwJ8zI,side-court-led-logo,486.2,1.0958,26.3,https://www.youtube.com/watch?v=EdN9AIwJ8zI
22500411,EdN9AIwJ8zI,back-court-logo,471.4,1.3666,23.42,https://www.youtube.com/watch?v=EdN9AIwJ8zI
22500411,EdN9AIwJ8zI,basket-logo,466.6,0.209,35.69,https://www.youtube.com/watch?v=EdN9AIwJ8zI
22500411,EdN9AIwJ8zI,mid-court-logo,435.4,1.2727,32.34,https://www.youtube.com/watch?v=EdN9AIwJ8zI
22500411,EdN9AIwJ8zI,side-court-logo,487.8,1.0602,24.37,https://www.youtube.com/watch?v=EdN9AIwJ8zI
22500411,F7DtAYIL8f4,basket-logo,470.0,0.2075,36.04,https://www.youtube.com/watch?v=F7DtAYIL8f4
22500411,F7DtAYIL8f4,side-court-led-logo,494.8,1.0687,26.04,https://www.youtube.com/watch?v=F7DtAYIL8f4
22500411,F7DtAYIL8f4,mid-court-logo,435.6,1.2742,30.7,https://www.youtube.com/watch?v=F7DtAYIL8f4
22500411,F7DtAYIL8f4,back-court-logo,465.2,1.3462,23.85,https://www.youtube.com/watch?v=F7DtAYIL8f4
22500411,F7DtAYIL8f4,side-court-logo,482.4,1.0481,24.16,https://www.youtube.com/watch?v=F7DtAYIL8f4
22500422,FpSCz-UG7_Y,basket-logo,481.28,0.1357,35.19,https://www.youtube.com/watch?v=FpSCz-UG7_Y
22500422,FpSCz-UG7_Y,side-court-led-logo,384.98,0.7567,33.55,https://www.youtube.com/watch?v=FpSCz-UG7_Y
22500422,FpSCz-UG7_Y,mid-court-logo,508.91,1.682,30.58,https://www.youtube.com/watch?v=FpSCz-UG7_Y
22500422,FpSCz-UG7_Y,back-court-logo,491.49,1.2335,24.12,https://www.youtube.com/watch?v=FpSCz-UG7_Y
22500422,FpSCz-UG7_Y,side-court-logo,491.89,0.2933,22.59,https://www.youtube.com/watch?v=FpSCz-UG7_Y
22500422,h8NYKAt5BVA,side-court-led-logo,383.2,0.7248,34.3,https://www.youtube.com/watch?v=h8NYKAt5BVA
22500422,h8NYKAt5BVA,basket-logo,531.4,0.136,33.64,https://www.youtube.com/watch?v=h8NYKAt5BVA
22500422,h8NYKAt5BVA,mid-court-logo,557.0,1.8041,31.48,https://www.youtube.com/watch?v=h8NYKAt5BVA
22500422,h8NYKAt5BVA,back-court-logo,539.6,1.215,22.46,https://www.youtube.com/watch?v=h8NYKAt5BVA
22500422,h8NYKAt5BVA,side-court-logo,539.2,0.2903,22.88,https://www.youtube.com/watch?v=h8NYKAt5BVA
22500422,sV46wyMzW8I,side-court-led-logo,395.6,0.7717,33.13,https://www.youtube.com/watch?v=sV46wyMzW8I
22500422,sV46wyMzW8I,mid-court-logo,515.92,1.6717,29.86,https://www.youtube.com/watch?v=sV46wyMzW8I
22500422,sV46wyMzW8I,back-court-logo,498.1,1.2242,24.66,https://www.youtube.com/watch?v=sV46wyMzW8I
22500422,sV46wyMzW8I,side-court-logo,496.9,0.2786,22.25,https://www.youtube.com/watch?v=sV46wyMzW8I
22500422,sV46wyMzW8I,basket-logo,485.49,0.1364,35.75,https://www.youtube.com/watch?v=sV46wyMzW8I
22500414,j6hruWo9v1Q,basket-logo,486.89,0.1719,34.97,https://www.youtube.com/watch?v=j6hruWo9v1Q
22500414,j6hruWo9v1Q,side-court-led-logo,220.42,0.9089,32.91,https://www.youtube.com/watch?v=j6hruWo9v1Q
22500414,j6hruWo9v1Q,side-court-logo,532.73,0.9656,25.02,https://www.youtube.com/watch?v=j6hruWo9v1Q
22500414,j6hruWo9v1Q,mid-court-logo,527.73,3.0281,33.53,https://www.youtube.com/watch?v=j6hruWo9v1Q
22500414,j6hruWo9v1Q,back-court-logo,498.5,1.0913,24.74,https://www.youtube.com/watch?v=j6hruWo9v1Q
22500414,lV861fJKedE,mid-court-logo,396.8,2.2439,29.29,https://www.youtube.com/watch?v=lV861fJKedE
22500414,lV861fJKedE,side-court-led-logo,178.98,1.2594,28.4,https://www.youtube.com/watch?v=lV861fJKedE
22500414,lV861fJKedE,side-court-logo,453.65,0.9404,25.65,https://www.youtube.com/watch?v=lV861fJKedE
22500414,lV861fJKedE,back-court-logo,421.02,1.2597,25.13,https://www.youtube.com/watch?v=lV861fJKedE
22500414,lV861fJKedE,basket-logo,410.81,0.2045,36.14,https://www.youtube.com/watch?v=lV861fJKedE
22500414,JpoojfxuydE,mid-court-logo,171.57,2.2753,30.05,https://www.youtube.com/watch?v=JpoojfxuydE
22500414,JpoojfxuydE,side-court-led-logo,84.88,1.2793,30.16,https://www.youtube.com/watch?v=JpoojfxuydE
22500414,JpoojfxuydE,side-court-logo,186.59,0.9232,26.91,https://www.youtube.com/watch?v=JpoojfxuydE
22500414,JpoojfxuydE,back-court-logo,170.57,1.285,23.98,https://www.youtube.com/watch?v=JpoojfxuydE
22500414,JpoojfxuydE,basket-logo,167.57,0.2051,34.65,https://www.youtube.com/watch?v=JpoojfxuydE
22500402,GMGhRQkBH2w,side-court-led-logo,540.14,0.7483,27.76,https://www.youtube.com/watch?v=GMGhRQkBH2w
22500402,GMGhRQkBH2w,basket-logo,506.71,0.1539,32.85,https://www.youtube.com/watch?v=GMGhRQkBH2w
22500402,GMGhRQkBH2w,back-court-logo,491.09,1.1764,22.13,https://www.youtube.com/watch?v=GMGhRQkBH2w
22500402,GMGhRQkBH2w,mid-court-logo,255.46,2.9415,28.0,https://www.youtube.com/watch?v=GMGhRQkBH2w
22500402,GMGhRQkBH2w,side-court-logo,8.01,0.4416,25.45,https://www.youtube.com/watch?v=GMGhRQkBH2w
22500402,N4l5B_uhVXg,basket-logo,504.6,0.1505,33.72,https://www.youtube.com/watch?v=N4l5B_uhVXg
22500402,N4l5B_uhVXg,side-court-led-logo,539.2,0.7341,27.06,https://www.youtube.com/watch?v=N4l5B_uhVXg
22500402,N4l5B_uhVXg,back-court-logo,475.8,1.1171,23.62,https://www.youtube.com/watch?v=N4l5B_uhVXg
22500402,N4l5B_uhVXg,mid-court-logo,321.0,2.4593,27.56,https://www.youtube.com/watch?v=N4l5B_uhVXg
22500402,N4l5B_uhVXg,side-court-logo,4.4,0.429,28.7,https://www.youtube.com/watch?v=N4l5B_uhVXg
22500012,dzmo-vRlw9M,basket-logo,516.32,0.1807,37.73,https://www.youtube.com/watch?v=dzmo-vRlw9M
22500012,dzmo-vRlw9M,side-court-logo,539.54,0.5413,27.89,https://www.youtube.com/watch?v=dzmo-vRlw9M
22500012,dzmo-vRlw9M,back-court-logo,524.32,1.8446,26.94,https://www.youtube.com/watch?v=dzmo-vRlw9M
22500012,dzmo-vRlw9M,side-court-led-logo,383.98,1.1191,32.35,https://www.youtube.com/watch?v=dzmo-vRlw9M
22500012,dzmo-vRlw9M,mid-court-logo,496.9,1.4557,33.45,https://www.youtube.com/watch?v=dzmo-vRlw9M
22500012,GvcWUtSglSY,basket-logo,515.8,0.1835,37.92,https://www.youtube.com/watch?v=GvcWUtSglSY
22500012,GvcWUtSglSY,back-court-logo,522.8,1.8231,27.0,https://www.youtube.com/watch?v=GvcWUtSglSY
22500012,GvcWUtSglSY,side-court-logo,536.2,0.5482,27.53,https://www.youtube.com/watch?v=GvcWUtSglSY
22500012,GvcWUtSglSY,side-court-led-logo,385.0,1.1178,31.88,https://www.youtube.com/watch?v=GvcWUtSglSY
22500012,GvcWUtSglSY,mid-court-logo,495.0,1.4693,32.75,https://www.youtube.com/watch?v=GvcWUtSglSY
22500012,zeDxgHFSpj4,basket-logo,541.94,0.1798,37.42,https://www.youtube.com/watch?v=zeDxgHFSpj4
22500012,zeDxgHFSpj4,back-court-logo,549.55,1.7892,26.55,https://www.youtube.com/watch?v=zeDxgHFSpj4
22500012,zeDxgHFSpj4,mid-court-logo,521.52,1.4548,33.09,https://www.youtube.com/watch?v=zeDxgHFSpj4
22500012,zeDxgHFSpj4,side-court-logo,561.76,0.5355,27.43,https://www.youtube.com/watch?v=zeDxgHFSpj4
22500012,zeDxgHFSpj4,side-court-led-logo,408.41,1.1248,32.36,https://www.youtube.com/watch?v=zeDxgHFSpj4
22500400,qe5fqHXUQ2Q,basket-logo,453.85,0.2642,39.27,https://www.youtube.com/watch?v=qe5fqHXUQ2Q
22500400,qe5fqHXUQ2Q,side-court-led-logo,197.4,2.2869,24.46,https://www.youtube.com/watch?v=qe5fqHXUQ2Q
22500400,qe5fqHXUQ2Q,mid-court-logo,279.68,1.765,26.08,https://www.youtube.com/watch?v=qe5fqHXUQ2Q
22500400,qe5fqHXUQ2Q,side-court-logo,506.51,1.2401,31.17,https://www.youtube.com/watch?v=qe5fqHXUQ2Q
22500400,qe5fqHXUQ2Q,back-court-logo,467.87,2.2829,26.31,https://www.youtube.com/watch?v=qe5fqHXUQ2Q
22500400,TmvMtk9AW8Q,basket-logo,452.2,0.2717,38.84,https://www.youtube.com/watch?v=TmvMtk9AW8Q
22500400,TmvMtk9AW8Q,mid-court-logo,280.6,1.7891,26.25,https://www.youtube.com/watch?v=TmvMtk9AW8Q
22500400,TmvMtk9AW8Q,side-court-led-logo,193.2,2.087,25.4,https://www.youtube.com/watch?v=TmvMtk9AW8Q
22500400,TmvMtk9AW8Q,side-court-logo,505.6,1.2653,31.1,https://www.youtube.com/watch?v=TmvMtk9AW8Q
22500400,TmvMtk9AW8Q,back-court-logo,467.6,2.3207,25.98,https://www.youtube.com/watch?v=TmvMtk9AW8Q
22500403,gZCdOPVvtGU,basket-logo,487.49,0.2509,37.21,https://www.youtube.com/watch?v=gZCdOPVvtGU
22500403,gZCdOPVvtGU,side-court-led-logo,524.52,0.9591,28.85,https://www.youtube.com/watch?v=gZCdOPVvtGU
22500403,gZCdOPVvtGU,side-court-logo,524.32,1.0145,27.03,https://www.youtube.com/watch?v=gZCdOPVvtGU
22500403,gZCdOPVvtGU,back-court-logo,497.9,2.1411,26.61,https://www.youtube.com/watch?v=gZCdOPVvtGU
22500403,gZCdOPVvtGU,mid-court-logo,454.05,0.9752,29.67,https://www.youtube.com/watch?v=gZCdOPVvtGU
22500403,1FoqzNGlb-c,basket-logo,486.2,0.2596,37.31,https://www.youtube.com/watch?v=1FoqzNGlb-c
22500403,1FoqzNGlb-c,side-court-led-logo,524.0,0.9558,28.31,https://www.youtube.com/watch?v=1FoqzNGlb-c
22500403,1FoqzNGlb-c,side-court-logo,524.6,1.0306,26.77,https://www.youtube.com/watch?v=1FoqzNGlb-c
22500403,1FoqzNGlb-c,back-court-logo,498.4,2.1664,26.84,https://www.youtube.com/watch?v=1FoqzNGlb-c
22500403,1FoqzNGlb-c,mid-court-logo,453.6,1.0308,29.16,https://www.youtube.com/watch?v=1FoqzNGlb-c
22500403,7HduSwai79o,basket-logo,484.8,0.2634,36.45,https://www.youtube.com/watch?v=7HduSwai79o
22500403,7HduSwai79o,side-court-led-logo,516.2,1.0349,28.46,https://www.youtube.com/watch?v=7HduSwai79o
22500403,7HduSwai79o,mid-court-logo,435.0,0.9707,30.46,https://www.youtube.com/watch?v=7HduSwai79o
22500403,7HduSwai79o,back-court-logo,492.0,2.163,25.91,https://www.youtube.com/watch?v=7HduSwai79o
22500403,7HduSwai79o,side-court-logo,514.0,1.0426,27.4,https://www.youtube.com/watch?v=7HduSwai79o
22500408,5BnTEw9CQtc,mid-court-logo,439.24,1.7432,31.7,https://www.youtube.com/watch?v=5BnTEw9CQtc
22500408,5BnTEw9CQtc,side-court-logo,528.53,0.7632,26.96,https://www.youtube.com/watch?v=5BnTEw9CQtc
22500408,5BnTEw9CQtc,side-court-led-logo,496.3,2.0727,32.59,https://www.youtube.com/watch?v=5BnTEw9CQtc
22500408,5BnTEw9CQtc,back-court-logo,479.28,1.2812,23.26,https://www.youtube.com/watch?v=5BnTEw9CQtc
22500408,5BnTEw9CQtc,basket-logo,469.87,0.1851,33.17,https://www.youtube.com/watch?v=5BnTEw9CQtc
22500408,GHiTTlGqEzw,mid-court-logo,437.8,1.7662,30.72,https://www.youtube.com/watch?v=GHiTTlGqEzw
22500408,GHiTTlGqEzw,side-court-logo,528.0,0.7705,26.14,https://www.youtube.com/watch?v=GHiTTlGqEzw
22500408,GHiTTlGqEzw,side-court-led-logo,495.8,2.0023,31.91,https://www.youtube.com/watch?v=GHiTTlGqEzw
22500408,GHiTTlGqEzw,back-court-logo,478.6,1.3174,23.53,https://www.youtube.com/watch?v=GHiTTlGqEzw
22500408,GHiTTlGqEzw,basket-logo,469.6,0.1893,33.88,https://www.youtube.com/watch?v=GHiTTlGqEzw
22500408,jBjjHBwfYOs,mid-court-logo,428.8,1.6605,32.0,https://www.youtube.com/watch?v=jBjjHBwfYOs
22500408,jBjjHBwfYOs,side-court-logo,532.4,0.7551,27.49,https://www.youtube.com/watch?v=jBjjHBwfYOs
22500408,jBjjHBwfYOs,side-court-led-logo,500.0,1.9479,33.34,https://www.youtube.com/watch?v=jBjjHBwfYOs
22500408,jBjjHBwfYOs,back-court-logo,480.0,1.2664,22.37,https://www.youtube.com/watch?v=jBjjHBwfYOs
22500408,jBjjHBwfYOs,basket-logo,473.6,0.1845,31.97,https://www.youtube.com/watch?v=jBjjHBwfYOs
22500404,ncTLIXM3PyM,basket-logo,488.69,0.1977,33.98,https://www.youtube.com/watch?v=ncTLIXM3PyM
22500404,ncTLIXM3PyM,side-court-logo,541.34,1.2173,26.64,https://www.youtube.com/watch?v=ncTLIXM3PyM
22500404,ncTLIXM3PyM,side-court-led-logo,366.37,1.6298,32.88,https://www.youtube.com/watch?v=ncTLIXM3PyM
22500404,ncTLIXM3PyM,mid-court-logo,433.63,2.0021,33.95,https://www.youtube.com/watch?v=ncTLIXM3PyM
22500404,ZhSJezzjv20,side-court-logo,539.54,1.1592,26.21,https://www.youtube.com/watch?v=ZhSJezzjv20
22500404,ZhSJezzjv20,mid-court-logo,431.63,1.9617,33.11,https://www.youtube.com/watch?v=ZhSJezzjv20
22500404,ZhSJezzjv20,side-court-led-logo,355.56,1.6503,31.65,https://www.youtube.com/watch?v=ZhSJezzjv20
22500404,ZhSJezzjv20,basket-logo,490.09,0.1942,34.47,https://www.youtube.com/watch?v=ZhSJezzjv20
22500404,ZhSJezzjv20,back-court-logo,0.2,0.1969,35.81,https://www.youtube.com/watch?v=ZhSJezzjv20
22500404,-FfX38RgciI,side-court-led-logo,370.77,1.4286,33.54,https://www.youtube.com/watch?v=-FfX38RgciI
22500404,-FfX38RgciI,side-court-logo,577.18,1.204,27.4,https://www.youtube.com/watch?v=-FfX38RgciI
22500404,-FfX38RgciI,mid-court-logo,459.46,2.0255,34.6,https://www.youtube.com/watch?v=-FfX38RgciI
22500404,-FfX38RgciI,basket-logo,529.53,0.1945,33.37,https://www.youtube.com/watch?v=-FfX38RgciI
22500391,OoGEEFec8Gs,basket-logo,532.33,0.1424,34.32,https://www.youtube.com/watch?v=OoGEEFec8Gs
22500391,OoGEEFec8Gs,side-court-led-logo,554.55,2.1298,33.23,https://www.youtube.com/watch?v=OoGEEFec8Gs
22500391,OoGEEFec8Gs,mid-court-logo,536.74,2.1975,32.2,https://www.youtube.com/watch?v=OoGEEFec8Gs
22500391,OoGEEFec8Gs,side-court-logo,554.35,0.8205,23.12,https://www.youtube.com/watch?v=OoGEEFec8Gs
22500391,OoGEEFec8Gs,back-court-logo,540.74,1.4232,23.03,https://www.youtube.com/watch?v=OoGEEFec8Gs
22500393,Oz6bw9fVJzQ,side-court-led-logo,324.32,1.0001,29.74,https://www.youtube.com/watch?v=Oz6bw9fVJzQ
22500393,Oz6bw9fVJzQ,basket-logo,458.66,0.188,33.74,https://www.youtube.com/watch?v=Oz6bw9fVJzQ
22500393,Oz6bw9fVJzQ,mid-court-logo,406.01,2.0461,29.6,https://www.youtube.com/watch?v=Oz6bw9fVJzQ
22500393,Oz6bw9fVJzQ,side-court-logo,497.3,0.6621,25.36,https://www.youtube.com/watch?v=Oz6bw9fVJzQ
22500393,Oz6bw9fVJzQ,back-court-logo,465.67,0.945,21.52,https://www.youtube.com/watch?v=Oz6bw9fVJzQ
22500398,ZaRrTD3ngao,basket-logo,479.48,0.2282,37.25,https://www.youtube.com/watch?v=ZaRrTD3ngao
22500398,ZaRrTD3ngao,side-court-led-logo,525.73,1.0915,29.26,https://www.youtube.com/watch?v=ZaRrTD3ngao
22500398,ZaRrTD3ngao,back-court-logo,490.69,2.1823,26.65,https://www.youtube.com/watch?v=ZaRrTD3ngao
22500398,ZaRrTD3ngao,side-court-logo,525.53,0.9962,28.19,https://www.youtube.com/watch?v=ZaRrTD3ngao
22500398,ZaRrTD3ngao,mid-court-logo,373.17,2.4814,30.41,https://www.youtube.com/watch?v=ZaRrTD3ngao
22500398,EbVYkK0hO6E,basket-logo,533.93,0.2202,37.04,https://www.youtube.com/watch?v=EbVYkK0hO6E
22500398,EbVYkK0hO6E,side-court-led-logo,568.97,0.9352,28.69,https://www.youtube.com/watch?v=EbVYkK0hO6E
22500398,EbVYkK0hO6E,back-court-logo,543.94,2.0654,27.37,https://www.youtube.com/watch?v=EbVYkK0hO6E
22500398,EbVYkK0hO6E,side-court-logo,568.57,0.9752,27.75,https://www.youtube.com/watch?v=EbVYkK0hO6E
22500398,EbVYkK0hO6E,mid-court-logo,422.22,2.3855,31.19,https://www.youtube.com/watch?v=EbVYkK0hO6E
22500397,EO0JsVZhq5Q,basket-logo,468.07,0.1696,35.31,https://www.youtube.com/watch?v=EO0JsVZhq5Q
22500397,EO0JsVZhq5Q,mid-court-logo,502.9,1.9611,32.43,https://www.youtube.com/watch?v=EO0JsVZhq5Q
22500397,EO0JsVZhq5Q,side-court-logo,503.3,0.6175,22.75,https://www.youtube.com/watch?v=EO0JsVZhq5Q
22500397,EO0JsVZhq5Q,back-court-logo,471.67,0.5989,23.01,https://www.youtube.com/watch?v=EO0JsVZhq5Q
22500397,EO0JsVZhq5Q,side-court-led-logo,426.83,1.8373,32.61,https://www.youtube.com/watch?v=EO0JsVZhq5Q
22500397,mvNs2OaXMtE,basket-logo,409.81,0.2187,37.11,https://www.youtube.com/watch?v=mvNs2OaXMtE
22500397,mvNs2OaXMtE,back-court-logo,413.21,0.7966,25.67,https://www.youtube.com/watch?v=mvNs2OaXMtE
22500397,mvNs2OaXMtE,side-court-logo,498.7,0.7693,25.73,https://www.youtube.com/watch?v=mvNs2OaXMtE
22500397,mvNs2OaXMtE,mid-court-logo,380.38,1.7715,27.47,https://www.youtube.com/watch?v=mvNs2OaXMtE
22500397,mvNs2OaXMtE,side-court-led-logo,303.3,1.9679,26.8,https://www.youtube.com/watch?v=mvNs2OaXMtE
22500011,vqaRCTh4Fdo,side-court-led-logo,223.8,2.3125,30.19,https://www.youtube.com/watch?v=vqaRCTh4Fdo
22500011,vqaRCTh4Fdo,basket-logo,467.4,0.2389,34.35,https://www.youtube.com/watch?v=vqaRCTh4Fdo
22500011,vqaRCTh4Fdo,back-court-logo,484.8,1.8067,23.04,https://www.youtube.com/watch?v=vqaRCTh4Fdo
22500011,vqaRCTh4Fdo,mid-court-logo,444.0,2.0431,31.59,https://www.youtube.com/watch?v=vqaRCTh4Fdo
22500011,vqaRCTh4Fdo,side-court-logo,482.2,0.6977,29.25,https://www.youtube.com/watch?v=vqaRCTh4Fdo
22500011,eJlxrQZ5T5E,mid-court-logo,513.31,1.8792,30.7,https://www.youtube.com/watch?v=eJlxrQZ5T5E
22500011,eJlxrQZ5T5E,side-court-led-logo,241.44,1.4647,28.57,https://www.youtube.com/watch?v=eJlxrQZ5T5E
22500011,eJlxrQZ5T5E,basket-logo,555.36,0.2226,35.51,https://www.youtube.com/watch?v=eJlxrQZ5T5E
22500011,eJlxrQZ5T5E,back-court-logo,572.77,1.765,23.92,https://www.youtube.com/watch?v=eJlxrQZ5T5E
22500011,eJlxrQZ5T5E,side-court-logo,547.55,0.6288,28.0,https://www.youtube.com/watch?v=eJlxrQZ5T5E
22500011,WFSNrDAQj9Y,side-court-led-logo,222.0,1.5091,28.19,https://www.youtube.com/watch?v=WFSNrDAQj9Y
22500011,WFSNrDAQj9Y,basket-logo,515.8,0.2325,36.02,https://www.youtube.com/watch?v=WFSNrDAQj9Y
22500011,WFSNrDAQj9Y,mid-court-logo,477.6,1.8937,30.06,https://www.youtube.com/watch?v=WFSNrDAQj9Y
22500011,WFSNrDAQj9Y,back-court-logo,531.8,1.7729,24.41,https://www.youtube.com/watch?v=WFSNrDAQj9Y
22500011,WFSNrDAQj9Y,side-court-logo,510.4,0.6511,27.37,https://www.youtube.com/watch?v=WFSNrDAQj9Y
22500011,mbLV4ZOOMJo,basket-logo,593.8,0.181,38.32,https://www.youtube.com/watch?v=mbLV4ZOOMJo
22500011,mbLV4ZOOMJo,back-court-logo,575.2,1.0718,26.93,https://www.youtube.com/watch?v=mbLV4ZOOMJo
22500011,mbLV4ZOOMJo,side-court-logo,614.2,0.7331,22.37,https://www.youtube.com/watch?v=mbLV4ZOOMJo
22500011,mbLV4ZOOMJo,mid-court-logo,613.2,1.8152,29.07,https://www.youtube.com/watch?v=mbLV4ZOOMJo
22500011,mbLV4ZOOMJo,side-court-led-logo,553.4,1.1783,32.38,https://www.youtube.com/watch?v=mbLV4ZOOMJo
22500394,RSU5EMWkoPM,side-court-led-logo,508.31,1.0883,32.04,https://www.youtube.com/watch?v=RSU5EMWkoPM
22500394,RSU5EMWkoPM,basket-logo,496.7,0.2386,33.52,https://www.youtube.com/watch?v=RSU5EMWkoPM
22500394,RSU5EMWkoPM,mid-court-logo,468.47,1.7006,34.02,https://www.youtube.com/watch?v=RSU5EMWkoPM
22500394,RSU5EMWkoPM,side-court-logo,529.13,0.9055,27.9,https://www.youtube.com/watch?v=RSU5EMWkoPM
22500394,RSU5EMWkoPM,back-court-logo,0.2,0.1485,58.49,https://www.youtube.com/watch?v=RSU5EMWkoPM
22500394,quKzHEQ32n8,side-court-led-logo,506.8,1.1818,32.01,https://www.youtube.com/watch?v=quKzHEQ32n8
22500394,quKzHEQ32n8,mid-court-logo,468.4,1.7044,33.89,https://www.youtube.com/watch?v=quKzHEQ32n8
22500394,quKzHEQ32n8,basket-logo,496.2,0.2514,33.58,https://www.youtube.com/watch?v=quKzHEQ32n8
22500394,quKzHEQ32n8,side-court-logo,526.8,0.922,27.8,https://www.youtube.com/watch?v=quKzHEQ32n8
22500370,PTSp1yrBQnU,basket-logo,471.27,0.2134,36.46,https://www.youtube.com/watch?v=PTSp1yrBQnU
22500370,PTSp1yrBQnU,mid-court-logo,413.41,2.1659,33.91,https://www.youtube.com/watch?v=PTSp1yrBQnU
22500370,PTSp1yrBQnU,side-court-logo,507.91,0.6624,30.31,https://www.youtube.com/watch?v=PTSp1yrBQnU
22500370,PTSp1yrBQnU,side-court-led-logo,507.51,2.8247,34.03,https://www.youtube.com/watch?v=PTSp1yrBQnU
22500370,PTSp1yrBQnU,back-court-logo,479.68,1.4542,23.41,https://www.youtube.com/watch?v=PTSp1yrBQnU
22500372,lfJPA4ylq98,side-court-led-logo,498.3,1.0118,26.28,https://www.youtube.com/watch?v=lfJPA4ylq98
22500372,lfJPA4ylq98,mid-court-logo,367.17,2.4538,30.54,https://www.youtube.com/watch?v=lfJPA4ylq98
22500372,lfJPA4ylq98,back-court-logo,485.29,1.8571,24.41,https://www.youtube.com/watch?v=lfJPA4ylq98
22500372,lfJPA4ylq98,basket-logo,474.47,0.2294,36.24,https://www.youtube.com/watch?v=lfJPA4ylq98
22500372,lfJPA4ylq98,side-court-logo,0.6,20.6205,19.96,https://www.youtube.com/watch?v=lfJPA4ylq98
22500380,RN123SUUCFw,side-court-led-logo,517.52,1.9289,31.23,https://www.youtube.com/watch?v=RN123SUUCFw
22500380,RN123SUUCFw,basket-logo,486.09,0.1763,33.72,https://www.youtube.com/watch?v=RN123SUUCFw
22500380,RN123SUUCFw,mid-court-logo,436.24,1.5222,28.82,https://www.youtube.com/watch?v=RN123SUUCFw
22500380,RN123SUUCFw,side-court-logo,534.73,0.7042,24.64,https://www.youtube.com/watch?v=RN123SUUCFw
22500380,RN123SUUCFw,back-court-logo,486.69,1.1834,23.64,https://www.youtube.com/watch?v=RN123SUUCFw
22500010,1zIvDzkBnro,basket-logo,501.0,0.1438,34.42,https://www.youtube.com/watch?v=1zIvDzkBnro
22500010,1zIvDzkBnro,side-court-led-logo,509.2,1.1908,37.77,https://www.youtube.com/watch?v=1zIvDzkBnro
22500010,1zIvDzkBnro,back-court-logo,509.2,1.3497,23.82,https://www.youtube.com/watch?v=1zIvDzkBnro
22500010,1zIvDzkBnro,side-court-logo,531.0,0.4368,28.21,https://www.youtube.com/watch?v=1zIvDzkBnro
22500010,1zIvDzkBnro,mid-court-logo,508.6,2.8213,33.64,https://www.youtube.com/watch?v=1zIvDzkBnro
22500010,Sa8Lq84M4VU,basket-logo,500.8,0.1466,35.31,https://www.youtube.com/watch?v=Sa8Lq84M4VU
22500010,Sa8Lq84M4VU,side-court-led-logo,508.4,1.1993,37.04,https://www.youtube.com/watch?v=Sa8Lq84M4VU
22500010,Sa8Lq84M4VU,back-court-logo,505.6,1.3593,24.31,https://www.youtube.com/watch?v=Sa8Lq84M4VU
22500010,Sa8Lq84M4VU,side-court-logo,528.8,0.4434,27.52,https://www.youtube.com/watch?v=Sa8Lq84M4VU
22500010,Sa8Lq84M4VU,mid-court-logo,509.0,2.8473,32.86,https://www.youtube.com/watch?v=Sa8Lq84M4VU
22500010,iKA_tPgtkMQ,basket-logo,536.8,0.1456,35.53,https://www.youtube.com/watch?v=iKA_tPgtkMQ
22500010,iKA_tPgtkMQ,side-court-led-logo,544.4,1.1892,36.06,https://www.youtube.com/watch?v=iKA_tPgtkMQ
22500010,iKA_tPgtkMQ,back-court-logo,541.4,1.4768,24.58,https://www.youtube.com/watch?v=iKA_tPgtkMQ
22500010,iKA_tPgtkMQ,side-court-logo,547.0,0.4244,27.13,https://www.youtube.com/watch?v=iKA_tPgtkMQ
22500010,iKA_tPgtkMQ,mid-court-logo,507.6,2.3766,31.26,https://www.youtube.com/watch?v=iKA_tPgtkMQ
22500010,4C566mTbZLM,basket-logo,502.5,0.1432,35.07,https://www.youtube.com/watch?v=4C566mTbZLM
22500010,4C566mTbZLM,side-court-led-logo,515.12,1.1849,36.53,https://www.youtube.com/watch?v=4C566mTbZLM
22500010,4C566mTbZLM,back-court-logo,505.91,1.3217,24.56,https://www.youtube.com/watch?v=4C566mTbZLM
22500010,4C566mTbZLM,side-court-logo,523.12,0.4248,27.55,https://www.youtube.com/watch?v=4C566mTbZLM
22500010,4C566mTbZLM,mid-court-logo,514.31,2.771,32.76,https://www.youtube.com/watch?v=4C566mTbZLM
22500010,cPJf2h37zbc,side-court-led-logo,505.71,1.5885,35.75,https://www.youtube.com/watch?v=cPJf2h37zbc
22500010,cPJf2h37zbc,side-court-logo,513.71,0.415,28.16,https://www.youtube.com/watch?v=cPJf2h37zbc
22500010,cPJf2h37zbc,back-court-logo,482.28,1.2806,26.13,https://www.youtube.com/watch?v=cPJf2h37zbc
22500010,cPJf2h37zbc,mid-court-logo,503.3,2.656,32.03,https://www.youtube.com/watch?v=cPJf2h37zbc
22500010,cPJf2h37zbc,basket-logo,460.66,0.139,35.81,https://www.youtube.com/watch?v=cPJf2h37zbc
22500396,-LorfO1RdQ8,basket-logo,470.07,0.1834,31.9,https://www.youtube.com/watch?v=-LorfO1RdQ8
22500396,-LorfO1RdQ8,side-court-led-logo,507.51,0.9359,25.55,https://www.youtube.com/watch?v=-LorfO1RdQ8
22500396,-LorfO1RdQ8,back-court-logo,468.27,1.2215,20.23,https://www.youtube.com/watch?v=-LorfO1RdQ8
22500396,-LorfO1RdQ8,mid-court-logo,438.64,1.1117,32.44,https://www.youtube.com/watch?v=-LorfO1RdQ8
22500396,-LorfO1RdQ8,side-court-logo,492.69,1.2391,22.9,https://www.youtube.com/watch?v=-LorfO1RdQ8
22500396,FoGEOS8AoiA,side-court-led-logo,535.74,0.922,24.79,https://www.youtube.com/watch?v=FoGEOS8AoiA
22500396,FoGEOS8AoiA,mid-court-logo,494.89,1.1759,30.19,https://www.youtube.com/watch?v=FoGEOS8AoiA
22500396,FoGEOS8AoiA,side-court-logo,532.13,1.15,21.68,https://www.youtube.com/watch?v=FoGEOS8AoiA
22500396,FoGEOS8AoiA,back-court-logo,502.7,1.1698,22.92,https://www.youtube.com/watch?v=FoGEOS8AoiA
22500396,FoGEOS8AoiA,basket-logo,488.69,0.1793,34.41,https://www.youtube.com/watch?v=FoGEOS8AoiA
22500396,82WZvmawGaA,basket-logo,469.6,0.1938,32.03,https://www.youtube.com/watch?v=82WZvmawGaA
22500396,82WZvmawGaA,side-court-led-logo,501.4,0.976,25.24,https://www.youtube.com/watch?v=82WZvmawGaA
22500396,82WZvmawGaA,back-court-logo,466.6,1.2451,19.72,https://www.youtube.com/watch?v=82WZvmawGaA
22500396,82WZvmawGaA,mid-court-logo,436.8,1.1478,32.44,https://www.youtube.com/watch?v=82WZvmawGaA
22500396,82WZvmawGaA,side-court-logo,487.6,1.2827,22.15,https://www.youtube.com/watch?v=82WZvmawGaA
22500009,OCXYgmAMuXE,basket-logo,493.4,0.16,34.18,https://www.youtube.com/watch?v=OCXYgmAMuXE
22500009,OCXYgmAMuXE,side-court-led-logo,255.8,0.8564,30.37,https://www.youtube.com/watch?v=OCXYgmAMuXE
22500009,OCXYgmAMuXE,side-court-logo,509.8,0.3272,27.02,https://www.youtube.com/watch?v=OCXYgmAMuXE
22500009,OCXYgmAMuXE,back-court-logo,497.4,1.072,23.54,https://www.youtube.com/watch?v=OCXYgmAMuXE
22500009,OCXYgmAMuXE,mid-court-logo,524.8,2.0498,33.08,https://www.youtube.com/watch?v=OCXYgmAMuXE
22500009,us9KjcBl_0w,basket-logo,556.16,0.1582,34.01,https://www.youtube.com/watch?v=us9KjcBl_0w
22500009,us9KjcBl_0w,mid-court-logo,590.99,2.0158,32.93,https://www.youtube.com/watch?v=us9KjcBl_0w
22500009,us9KjcBl_0w,back-court-logo,560.36,1.0787,23.88,https://www.youtube.com/watch?v=us9KjcBl_0w
22500009,us9KjcBl_0w,side-court-led-logo,285.69,0.886,29.99,https://www.youtube.com/watch?v=us9KjcBl_0w
22500009,us9KjcBl_0w,side-court-logo,570.57,0.3273,27.26,https://www.youtube.com/watch?v=us9KjcBl_0w
22500009,K-dcmcx79j4,mid-court-logo,540.2,2.0263,33.11,https://www.youtube.com/watch?v=K-dcmcx79j4
22500009,K-dcmcx79j4,side-court-led-logo,254.2,0.9507,29.18,https://www.youtube.com/watch?v=K-dcmcx79j4
22500009,K-dcmcx79j4,basket-logo,502.8,0.1607,33.93,https://www.youtube.com/watch?v=K-dcmcx79j4
22500009,K-dcmcx79j4,back-court-logo,509.6,1.0879,23.9,https://www.youtube.com/watch?v=K-dcmcx79j4
22500009,K-dcmcx79j4,side-court-logo,526.0,0.3317,27.49,https://www.youtube.com/watch?v=K-dcmcx79j4
22500009,O0r_GD_9-9g,basket-logo,65.87,0.1613,34.59,https://www.youtube.com/watch?v=O0r_GD_9-9g
22500009,O0r_GD_9-9g,mid-court-logo,72.67,1.7713,31.83,https://www.youtube.com/watch?v=O0r_GD_9-9g
22500009,O0r_GD_9-9g,side-court-led-logo,53.65,1.1721,32.68,https://www.youtube.com/watch?v=O0r_GD_9-9g
22500009,O0r_GD_9-9g,back-court-logo,68.87,1.2043,25.68,https://www.youtube.com/watch?v=O0r_GD_9-9g
22500009,O0r_GD_9-9g,side-court-logo,74.07,0.3171,27.11,https://www.youtube.com/watch?v=O0r_GD_9-9g
22500009,4MDxlxdw5lY,side-court-logo,587.6,0.3277,27.56,https://www.youtube.com/watch?v=4MDxlxdw5lY
22500009,4MDxlxdw5lY,mid-court-logo,509.0,1.8524,30.93,https://www.youtube.com/watch?v=4MDxlxdw5lY
22500009,4MDxlxdw5lY,side-court-led-logo,290.8,0.8991,31.22,https://www.youtube.com/watch?v=4MDxlxdw5lY
22500009,4MDxlxdw5lY,back-court-logo,584.0,1.075,22.56,https://www.youtube.com/watch?v=4MDxlxdw5lY
22500009,4MDxlxdw5lY,basket-logo,577.2,0.1626,32.54,https://www.youtube.com/watch?v=4MDxlxdw5lY
22500389,MDQT29zU-_U,side-court-led-logo,398.8,1.8328,34.4,https://www.youtube.com/watch?v=MDQT29zU-_U
22500389,MDQT29zU-_U,mid-court-logo,460.26,2.1782,35.0,https://www.youtube.com/watch?v=MDQT29zU-_U
22500389,MDQT29zU-_U,side-court-logo,537.74,1.1702,26.84,https://www.youtube.com/watch?v=MDQT29zU-_U
22500389,MDQT29zU-_U,basket-logo,490.09,0.1878,33.01,https://www.youtube.com/watch?v=MDQT29zU-_U
22500389,MDQT29zU-_U,back-court-logo,0.6,0.504,47.51,https://www.youtube.com/watch?v=MDQT29zU-_U
22500389,xfCcSPpfnRY,basket-logo,488.09,0.2406,35.63,https://www.youtube.com/watch?v=xfCcSPpfnRY
22500389,xfCcSPpfnRY,side-court-logo,519.92,0.9986,28.66,https://www.youtube.com/watch?v=xfCcSPpfnRY
22500389,xfCcSPpfnRY,mid-court-logo,381.18,2.0001,30.72,https://www.youtube.com/watch?v=xfCcSPpfnRY
22500389,xfCcSPpfnRY,side-court-led-logo,374.37,2.1923,31.01,https://www.youtube.com/watch?v=xfCcSPpfnRY
22500389,xfCcSPpfnRY,back-court-logo,500.3,2.5047,24.99,https://www.youtube.com/watch?v=xfCcSPpfnRY
22500390,nFDOsORFV-c,side-court-led-logo,506.91,1.1703,30.24,https://www.youtube.com/watch?v=nFDOsORFV-c
22500390,nFDOsORFV-c,side-court-logo,515.12,1.2348,23.62,https://www.youtube.com/watch?v=nFDOsORFV-c
22500390,nFDOsORFV-c,mid-court-logo,315.32,1.9638,29.81,https://www.youtube.com/watch?v=nFDOsORFV-c
22500390,nFDOsORFV-c,back-court-logo,480.68,1.3827,20.98,https://www.youtube.com/watch?v=nFDOsORFV-c
22500390,nFDOsORFV-c,basket-logo,466.07,0.2499,33.58,https://www.youtube.com/watch?v=nFDOsORFV-c
22500390,CYasOB6W504,side-court-led-logo,507.8,1.0755,29.24,https://www.youtube.com/watch?v=CYasOB6W504
22500390,CYasOB6W504,basket-logo,464.0,0.2463,35.34,https://www.youtube.com/watch?v=CYasOB6W504
22500390,CYasOB6W504,mid-court-logo,317.0,1.9369,28.7,https://www.youtube.com/watch?v=CYasOB6W504
22500390,CYasOB6W504,side-court-logo,511.8,1.2191,23.22,https://www.youtube.com/watch?v=CYasOB6W504
22500390,CYasOB6W504,back-court-logo,478.4,1.3666,22.12,https://www.youtube.com/watch?v=CYasOB6W504
22500390,3-_yexX75Mo,side-court-led-logo,504.2,1.1832,30.13,https://www.youtube.com/watch?v=3-_yexX75Mo
22500390,3-_yexX75Mo,side-court-logo,514.2,1.2461,23.52,https://www.youtube.com/watch?v=3-_yexX75Mo
22500390,3-_yexX75Mo,mid-court-logo,315.2,1.9726,29.68,https://www.youtube.com/watch?v=3-_yexX75Mo
22500390,3-_yexX75Mo,back-court-logo,479.6,1.4017,20.93,https://www.youtube.com/watch?v=3-_yexX75Mo
22500390,3-_yexX75Mo,basket-logo,465.0,0.2519,33.69,https://www.youtube.com/watch?v=3-_yexX75Mo
22500384,eXf_zh-QcMI,basket-logo,480.88,0.1914,32.74,https://www.youtube.com/watch?v=eXf_zh-QcMI
22500384,eXf_zh-QcMI,side-court-led-logo,490.29,0.8801,29.38,https://www.youtube.com/watch?v=eXf_zh-QcMI
22500384,eXf_zh-QcMI,back-court-logo,484.68,1.4552,22.47,https://www.youtube.com/watch?v=eXf_zh-QcMI
22500384,eXf_zh-QcMI,mid-court-logo,295.5,1.946,27.34,https://www.youtube.com/watch?v=eXf_zh-QcMI
22500384,eXf_zh-QcMI,side-court-logo,474.07,0.7176,28.93,https://www.youtube.com/watch?v=eXf_zh-QcMI
22500384,y90kfjSP3co,side-court-led-logo,474.2,0.9976,29.74,https://www.youtube.com/watch?v=y90kfjSP3co
22500384,y90kfjSP3co,basket-logo,466.2,0.1867,31.76,https://www.youtube.com/watch?v=y90kfjSP3co
22500384,y90kfjSP3co,back-court-logo,471.6,1.4231,21.77,https://www.youtube.com/watch?v=y90kfjSP3co
22500384,y90kfjSP3co,mid-court-logo,278.6,1.8481,28.18,https://www.youtube.com/watch?v=y90kfjSP3co
22500384,y90kfjSP3co,side-court-logo,441.8,0.7098,29.79,https://www.youtube.com/watch?v=y90kfjSP3co
22500383,e_uqzrAh5VQ,basket-logo,467.67,0.2186,33.82,https://www.youtube.com/watch?v=e_uqzrAh5VQ
22500383,e_uqzrAh5VQ,side-court-led-logo,502.7,1.2003,28.74,https://www.youtube.com/watch?v=e_uqzrAh5VQ
22500383,e_uqzrAh5VQ,mid-court-logo,408.21,1.2886,33.49,https://www.youtube.com/watch?v=e_uqzrAh5VQ
22500383,e_uqzrAh5VQ,back-court-logo,458.46,1.7442,23.78,https://www.youtube.com/watch?v=e_uqzrAh5VQ
22500383,e_uqzrAh5VQ,side-court-logo,482.48,1.2828,27.38,https://www.youtube.com/watch?v=e_uqzrAh5VQ
22500383,9iXKIs26T08,basket-logo,476.2,0.223,34.8,https://www.youtube.com/watch?v=9iXKIs26T08
22500383,9iXKIs26T08,mid-court-logo,418.4,1.2129,32.89,https://www.youtube.com/watch?v=9iXKIs26T08
22500383,9iXKIs26T08,side-court-logo,496.2,1.2861,26.56,https://www.youtube.com/watch?v=9iXKIs26T08
22500383,9iXKIs26T08,back-court-logo,465.4,1.8017,24.02,https://www.youtube.com/watch?v=9iXKIs26T08
22500383,9iXKIs26T08,side-court-led-logo,509.0,1.1811,27.86,https://www.youtube.com/watch?v=9iXKIs26T08
22500406,iH-7ObU14GU,side-court-led-logo,328.33,1.6046,33.41,https://www.youtube.com/watch?v=iH-7ObU14GU
22500406,iH-7ObU14GU,mid-court-logo,358.96,2.6858,32.43,https://www.youtube.com/watch?v=iH-7ObU14GU
22500406,iH-7ObU14GU,basket-logo,480.28,0.1933,34.24,https://www.youtube.com/watch?v=iH-7ObU14GU
22500406,iH-7ObU14GU,side-court-logo,475.68,0.5027,31.69,https://www.youtube.com/watch?v=iH-7ObU14GU
22500406,iH-7ObU14GU,back-court-logo,488.89,1.8522,24.04,https://www.youtube.com/watch?v=iH-7ObU14GU
22500406,4WH_6TaHDK0,side-court-logo,469.07,0.4915,29.4,https://www.youtube.com/watch?v=4WH_6TaHDK0
22500406,4WH_6TaHDK0,mid-court-logo,366.37,2.6962,29.87,https://www.youtube.com/watch?v=4WH_6TaHDK0
22500406,4WH_6TaHDK0,side-court-led-logo,343.54,1.5582,30.86,https://www.youtube.com/watch?v=4WH_6TaHDK0
22500406,4WH_6TaHDK0,basket-logo,481.48,0.1882,35.58,https://www.youtube.com/watch?v=4WH_6TaHDK0
22500406,4WH_6TaHDK0,back-court-logo,484.08,1.7365,26.41,https://www.youtube.com/watch?v=4WH_6TaHDK0
22500406,5DSVdxrk9Qo,basket-logo,464.6,0.1921,34.0,https://www.youtube.com/watch?v=5DSVdxrk9Qo
22500406,5DSVdxrk9Qo,mid-court-logo,356.2,2.5168,31.73,https://www.youtube.com/watch?v=5DSVdxrk9Qo
22500406,5DSVdxrk9Qo,side-court-led-logo,315.8,1.7716,31.61,https://www.youtube.com/watch?v=5DSVdxrk9Qo
22500406,5DSVdxrk9Qo,side-court-logo,454.8,0.4909,31.15,https://www.youtube.com/watch?v=5DSVdxrk9Qo
22500406,5DSVdxrk9Qo,back-court-logo,468.4,1.7682,24.6,https://www.youtube.com/watch?v=5DSVdxrk9Qo
22500406,QyFr9Ds0P5E,side-court-led-logo,327.0,1.6808,33.22,https://www.youtube.com/watch?v=QyFr9Ds0P5E
22500406,QyFr9Ds0P5E,mid-court-logo,356.0,2.7579,32.18,https://www.youtube.com/watch?v=QyFr9Ds0P5E
22500406,QyFr9Ds0P5E,basket-logo,481.0,0.1962,35.03,https://www.youtube.com/watch?v=QyFr9Ds0P5E
22500406,QyFr9Ds0P5E,back-court-logo,484.0,1.8528,24.51,https://www.youtube.com/watch?v=QyFr9Ds0P5E
22500406,QyFr9Ds0P5E,side-court-logo,464.4,0.5069,31.32,https://www.youtube.com/watch?v=QyFr9Ds0P5E
22500406,b3G4V_ywQeI,side-court-led-logo,320.0,1.985,29.32,https://www.youtube.com/watch?v=b3G4V_ywQeI
22500406,b3G4V_ywQeI,mid-court-logo,326.6,2.2936,28.19,https://www.youtube.com/watch?v=b3G4V_ywQeI
22500406,b3G4V_ywQeI,side-court-logo,421.4,0.4861,28.34,https://www.youtube.com/watch?v=b3G4V_ywQeI
22500406,b3G4V_ywQeI,back-court-logo,378.4,1.661,27.53,https://www.youtube.com/watch?v=b3G4V_ywQeI
22500406,b3G4V_ywQeI,basket-logo,346.4,0.1742,36.94,https://www.youtube.com/watch?v=b3G4V_ywQeI
22500406,Q6slKxN0oW0,basket-logo,248.6,0.1729,34.39,https://www.youtube.com/watch?v=Q6slKxN0oW0
22500406,Q6slKxN0oW0,mid-court-logo,226.6,2.5501,27.71,https://www.youtube.com/watch?v=Q6slKxN0oW0
22500406,Q6slKxN0oW0,side-court-logo,288.6,0.4646,29.53,https://www.youtube.com/watch?v=Q6slKxN0oW0
22500406,Q6slKxN0oW0,side-court-led-logo,224.2,2.4012,29.65,https://www.youtube.com/watch?v=Q6slKxN0oW0
22500406,Q6slKxN0oW0,back-court-logo,264.8,1.5936,27.77,https://www.youtube.com/watch?v=Q6slKxN0oW0
22500377,dx79YhbrC6Q,basket-logo,455.06,0.1912,33.72,https://www.youtube.com/watch?v=dx79YhbrC6Q
22500377,dx79YhbrC6Q,side-court-led-logo,491.69,1.0954,28.63,https://www.youtube.com/watch?v=dx79YhbrC6Q
22500377,dx79YhbrC6Q,back-court-logo,462.86,2.2621,23.56,https://www.youtube.com/watch?v=dx79YhbrC6Q
22500377,dx79YhbrC6Q,mid-court-logo,483.48,1.1048,30.8,https://www.youtube.com/watch?v=dx79YhbrC6Q
22500377,dx79YhbrC6Q,side-court-logo,513.71,1.0178,23.23,https://www.youtube.com/watch?v=dx79YhbrC6Q
22500371,LO0CsmSUz9k,basket-logo,437.44,0.1896,35.01,https://www.youtube.com/watch?v=LO0CsmSUz9k
22500371,LO0CsmSUz9k,side-court-led-logo,487.89,0.9121,28.67,https://www.youtube.com/watch?v=LO0CsmSUz9k
22500371,LO0CsmSUz9k,side-court-logo,487.69,1.049,28.51,https://www.youtube.com/watch?v=LO0CsmSUz9k
22500371,LO0CsmSUz9k,mid-court-logo,372.37,2.1308,33.49,https://www.youtube.com/watch?v=LO0CsmSUz9k
22500371,LO0CsmSUz9k,back-court-logo,444.24,0.936,25.47,https://www.youtube.com/watch?v=LO0CsmSUz9k
22500401,ogR4wF30hpU,basket-logo,467.87,0.2383,35.1,https://www.youtube.com/watch?v=ogR4wF30hpU
22500401,ogR4wF30hpU,side-court-led-logo,467.47,1.3174,29.45,https://www.youtube.com/watch?v=ogR4wF30hpU
22500401,ogR4wF30hpU,mid-court-logo,435.44,1.7318,31.36,https://www.youtube.com/watch?v=ogR4wF30hpU
22500401,ogR4wF30hpU,side-court-logo,493.69,0.9363,24.82,https://www.youtube.com/watch?v=ogR4wF30hpU
22500401,ogR4wF30hpU,back-court-logo,0.2,0.5763,2.65,https://www.youtube.com/watch?v=ogR4wF30hpU
22500401,huF3TBuenUA,basket-logo,610.01,0.2203,35.28,https://www.youtube.com/watch?v=huF3TBuenUA
22500401,huF3TBuenUA,mid-court-logo,577.18,1.7169,31.28,https://www.youtube.com/watch?v=huF3TBuenUA
22500401,huF3TBuenUA,side-court-logo,634.23,0.851,23.85,https://www.youtube.com/watch?v=huF3TBuenUA
22500401,huF3TBuenUA,side-court-led-logo,612.41,0.7861,29.23,https://www.youtube.com/watch?v=huF3TBuenUA
22500401,huF3TBuenUA,back-court-logo,0.4,1.122,10.39,https://www.youtube.com/watch?v=huF3TBuenUA
22500401,5b0VggqniwQ,side-court-led-logo,528.4,0.7882,28.96,https://www.youtube.com/watch?v=5b0VggqniwQ
22500401,5b0VggqniwQ,mid-court-logo,503.8,1.7069,31.26,https://www.youtube.com/watch?v=5b0VggqniwQ
22500401,5b0VggqniwQ,basket-logo,529.4,0.2272,35.37,https://www.youtube.com/watch?v=5b0VggqniwQ
22500401,5b0VggqniwQ,side-court-logo,549.4,0.8628,23.61,https://www.youtube.com/watch?v=5b0VggqniwQ
22500401,5b0VggqniwQ,back-court-logo,0.2,0.577,4.47,https://www.youtube.com/watch?v=5b0VggqniwQ
22500401,uWIXNPxMrIM,side-court-led-logo,39.04,0.6488,28.06,https://www.youtube.com/watch?v=uWIXNPxMrIM
22500401,uWIXNPxMrIM,basket-logo,46.05,0.21,37.03,https://www.youtube.com/watch?v=uWIXNPxMrIM
22500401,uWIXNPxMrIM,mid-court-logo,47.05,1.8359,30.87,https://www.youtube.com/watch?v=uWIXNPxMrIM
22500401,uWIXNPxMrIM,side-court-logo,50.45,1.0982,28.53,https://www.youtube.com/watch?v=uWIXNPxMrIM
22500401,uWIXNPxMrIM,back-court-logo,1.0,0.6768,16.29,https://www.youtube.com/watch?v=uWIXNPxMrIM
22500399,VIJY55yh8ik,side-court-led-logo,545.55,1.0547,28.3,https://www.youtube.com/watch?v=VIJY55yh8ik
22500399,VIJY55yh8ik,basket-logo,519.32,0.148,33.78,https://www.youtube.com/watch?v=VIJY55yh8ik
22500399,VIJY55yh8ik,side-court-logo,547.55,0.8524,28.51,https://www.youtube.com/watch?v=VIJY55yh8ik
22500399,VIJY55yh8ik,back-court-logo,533.13,1.5337,23.0,https://www.youtube.com/watch?v=VIJY55yh8ik
22500399,VIJY55yh8ik,mid-court-logo,247.05,1.4652,26.98,https://www.youtube.com/watch?v=VIJY55yh8ik
22500399,cZj-_sa-0FQ,basket-logo,512.31,0.1435,33.91,https://www.youtube.com/watch?v=cZj-_sa-0FQ
22500399,cZj-_sa-0FQ,side-court-led-logo,520.52,0.9982,27.04,https://www.youtube.com/watch?v=cZj-_sa-0FQ
22500399,cZj-_sa-0FQ,side-court-logo,532.73,0.8542,27.25,https://www.youtube.com/watch?v=cZj-_sa-0FQ
22500399,cZj-_sa-0FQ,back-court-logo,523.12,1.4942,22.86,https://www.youtube.com/watch?v=cZj-_sa-0FQ
22500399,cZj-_sa-0FQ,mid-court-logo,173.57,1.5204,25.55,https://www.youtube.com/watch?v=cZj-_sa-0FQ
22500399,5hGLcTsSXTg,basket-logo,476.08,0.1451,35.28,https://www.youtube.com/watch?v=5hGLcTsSXTg
22500399,5hGLcTsSXTg,side-court-led-logo,510.51,1.0305,26.94,https://www.youtube.com/watch?v=5hGLcTsSXTg
22500399,5hGLcTsSXTg,side-court-logo,512.71,0.8514,26.65,https://www.youtube.com/watch?v=5hGLcTsSXTg
22500399,5hGLcTsSXTg,back-court-logo,493.89,1.6055,25.03,https://www.youtube.com/watch?v=5hGLcTsSXTg
22500399,5hGLcTsSXTg,mid-court-logo,204.0,1.5636,24.98,https://www.youtube.com/watch?v=5hGLcTsSXTg
22500399,dYFve8ezFo4,basket-logo,518.8,0.1569,34.21,https://www.youtube.com/watch?v=dYFve8ezFo4
22500399,dYFve8ezFo4,side-court-led-logo,541.4,1.0528,28.33,https://www.youtube.com/watch?v=dYFve8ezFo4
22500399,dYFve8ezFo4,side-court-logo,541.6,0.8803,28.6,https://www.youtube.com/watch?v=dYFve8ezFo4
22500399,dYFve8ezFo4,mid-court-logo,248.6,1.5178,26.87,https://www.youtube.com/watch?v=dYFve8ezFo4
22500399,dYFve8ezFo4,back-court-logo,533.4,1.5737,23.13,https://www.youtube.com/watch?v=dYFve8ezFo4
22500376,JobvZ2zncfM,basket-logo,474.47,0.2304,35.16,https://www.youtube.com/watch?v=JobvZ2zncfM
22500376,JobvZ2zncfM,side-court-led-logo,458.46,2.0786,31.77,https://www.youtube.com/watch?v=JobvZ2zncfM
22500376,JobvZ2zncfM,back-court-logo,478.48,1.3278,25.37,https://www.youtube.com/watch?v=JobvZ2zncfM
22500376,JobvZ2zncfM,side-court-logo,200.0,0.8964,28.77,https://www.youtube.com/watch?v=JobvZ2zncfM
22500376,JobvZ2zncfM,mid-court-logo,238.04,1.4064,26.68,https://www.youtube.com/watch?v=JobvZ2zncfM
22500376,y4wzhF9uCec,side-court-led-logo,448.6,2.0241,33.15,https://www.youtube.com/watch?v=y4wzhF9uCec
22500376,y4wzhF9uCec,basket-logo,456.2,0.2251,33.02,https://www.youtube.com/watch?v=y4wzhF9uCec
22500376,y4wzhF9uCec,back-court-logo,463.4,1.3345,23.03,https://www.youtube.com/watch?v=y4wzhF9uCec
22500376,y4wzhF9uCec,side-court-logo,211.8,0.8669,31.76,https://www.youtube.com/watch?v=y4wzhF9uCec
22500376,y4wzhF9uCec,mid-court-logo,144.2,1.0763,23.42,https://www.youtube.com/watch?v=y4wzhF9uCec
22500369,GRV7O0k6CwA,side-court-led-logo,457.26,1.5,34.39,https://www.youtube.com/watch?v=GRV7O0k6CwA
22500369,GRV7O0k6CwA,side-court-logo,486.49,0.7904,24.64,https://www.youtube.com/watch?v=GRV7O0k6CwA
22500369,GRV7O0k6CwA,mid-court-logo,447.85,2.7113,30.84,https://www.youtube.com/watch?v=GRV7O0k6CwA
22500369,GRV7O0k6CwA,basket-logo,450.85,0.1907,34.76,https://www.youtube.com/watch?v=GRV7O0k6CwA
22500369,GRV7O0k6CwA,back-court-logo,0.4,0.7377,25.39,https://www.youtube.com/watch?v=GRV7O0k6CwA
22500386,8dMTx_7BSjs,side-court-led-logo,532.73,1.2093,29.43,https://www.youtube.com/watch?v=8dMTx_7BSjs
22500386,8dMTx_7BSjs,basket-logo,495.5,0.2124,35.36,https://www.youtube.com/watch?v=8dMTx_7BSjs
22500386,8dMTx_7BSjs,mid-court-logo,429.63,1.1447,30.26,https://www.youtube.com/watch?v=8dMTx_7BSjs
22500386,8dMTx_7BSjs,back-court-logo,508.91,2.778,25.54,https://www.youtube.com/watch?v=8dMTx_7BSjs
22500386,8dMTx_7BSjs,side-court-logo,544.94,1.1371,25.85,https://www.youtube.com/watch?v=8dMTx_7BSjs
22500386,joUpuBCZQ2U,side-court-led-logo,530.33,1.0773,28.89,https://www.youtube.com/watch?v=joUpuBCZQ2U
22500386,joUpuBCZQ2U,basket-logo,501.7,0.1982,36.92,https://www.youtube.com/watch?v=joUpuBCZQ2U
22500386,joUpuBCZQ2U,back-court-logo,517.12,2.646,26.7,https://www.youtube.com/watch?v=joUpuBCZQ2U
22500386,joUpuBCZQ2U,mid-court-logo,449.25,1.1445,29.7,https://www.youtube.com/watch?v=joUpuBCZQ2U
22500386,joUpuBCZQ2U,side-court-logo,539.94,1.0774,25.06,https://www.youtube.com/watch?v=joUpuBCZQ2U
22500386,CbhdVr6pl3k,side-court-led-logo,469.87,1.1199,29.3,https://www.youtube.com/watch?v=CbhdVr6pl3k
22500386,CbhdVr6pl3k,basket-logo,433.83,0.2022,36.49,https://www.youtube.com/watch?v=CbhdVr6pl3k
22500386,CbhdVr6pl3k,back-court-logo,444.64,2.658,26.56,https://www.youtube.com/watch?v=CbhdVr6pl3k
22500386,CbhdVr6pl3k,mid-court-logo,395.8,1.1378,30.01,https://www.youtube.com/watch?v=CbhdVr6pl3k
22500386,CbhdVr6pl3k,side-court-logo,476.88,1.0826,26.06,https://www.youtube.com/watch?v=CbhdVr6pl3k
22500386,q5a7E9aSqiQ,side-court-led-logo,510.8,2.237,32.62,https://www.youtube.com/watch?v=q5a7E9aSqiQ
22500386,q5a7E9aSqiQ,mid-court-logo,229.8,1.661,32.08,https://www.youtube.com/watch?v=q5a7E9aSqiQ
22500386,q5a7E9aSqiQ,basket-logo,472.6,0.3471,41.02,https://www.youtube.com/watch?v=q5a7E9aSqiQ
22500386,q5a7E9aSqiQ,side-court-logo,537.2,2.1786,27.65,https://www.youtube.com/watch?v=q5a7E9aSqiQ
22500386,q5a7E9aSqiQ,back-court-logo,508.2,5.3033,35.63,https://www.youtube.com/watch?v=q5a7E9aSqiQ
22500373,eF9srTm7Lbc,mid-court-logo,504.1,1.958,32.0,https://www.youtube.com/watch?v=eF9srTm7Lbc
22500373,eF9srTm7Lbc,side-court-led-logo,437.24,1.2036,34.78,https://www.youtube.com/watch?v=eF9srTm7Lbc
22500373,eF9srTm7Lbc,side-court-logo,478.48,0.6158,23.85,https://www.youtube.com/watch?v=eF9srTm7Lbc
22500373,eF9srTm7Lbc,back-court-logo,441.04,0.6337,21.11,https://www.youtube.com/watch?v=eF9srTm7Lbc
22500373,eF9srTm7Lbc,basket-logo,466.07,0.1621,33.14,https://www.youtube.com/watch?v=eF9srTm7Lbc
22500373,0WmMf6nUXZE,mid-court-logo,124.92,1.8312,32.66,https://www.youtube.com/watch?v=0WmMf6nUXZE
22500373,0WmMf6nUXZE,side-court-logo,119.72,0.5929,26.37,https://www.youtube.com/watch?v=0WmMf6nUXZE
22500373,0WmMf6nUXZE,side-court-led-logo,102.7,1.3211,34.32,https://www.youtube.com/watch?v=0WmMf6nUXZE
22500373,0WmMf6nUXZE,back-court-logo,109.51,0.5924,21.51,https://www.youtube.com/watch?v=0WmMf6nUXZE
22500373,0WmMf6nUXZE,basket-logo,110.71,0.1611,31.57,https://www.youtube.com/watch?v=0WmMf6nUXZE
22500381,Nfj75ypzEdA,side-court-led-logo,495.5,0.9813,29.47,https://www.youtube.com/watch?v=Nfj75ypzEdA
22500381,Nfj75ypzEdA,basket-logo,457.86,0.2416,34.14,https://www.youtube.com/watch?v=Nfj75ypzEdA
22500381,Nfj75ypzEdA,side-court-logo,488.69,0.995,28.47,https://www.youtube.com/watch?v=Nfj75ypzEdA
22500381,Nfj75ypzEdA,mid-court-logo,445.25,0.9912,33.1,https://www.youtube.com/watch?v=Nfj75ypzEdA
22500381,Nfj75ypzEdA,back-court-logo,463.86,2.1173,24.15,https://www.youtube.com/watch?v=Nfj75ypzEdA
22500381,4sgvC_3mU8Q,basket-logo,454.6,0.2458,35.09,https://www.youtube.com/watch?v=4sgvC_3mU8Q
22500381,4sgvC_3mU8Q,side-court-led-logo,492.0,1.021,29.73,https://www.youtube.com/watch?v=4sgvC_3mU8Q
22500381,4sgvC_3mU8Q,back-court-logo,461.0,2.0993,24.75,https://www.youtube.com/watch?v=4sgvC_3mU8Q
22500381,4sgvC_3mU8Q,mid-court-logo,446.2,1.0007,33.56,https://www.youtube.com/watch?v=4sgvC_3mU8Q
22500381,4sgvC_3mU8Q,side-court-logo,481.4,0.9994,28.2,https://www.youtube.com/watch?v=4sgvC_3mU8Q
22500381,Nnmz4-5gLGQ,mid-court-logo,159.4,2.8137,23.17,https://www.youtube.com/watch?v=Nnmz4-5gLGQ
22500381,Nnmz4-5gLGQ,side-court-led-logo,199.4,2.1802,35.52,https://www.youtube.com/watch?v=Nnmz4-5gLGQ
22500381,Nnmz4-5gLGQ,side-court-logo,215.2,2.1536,36.48,https://www.youtube.com/watch?v=Nnmz4-5gLGQ
22500381,Nnmz4-5gLGQ,basket-logo,105.8,0.6455,34.51,https://www.youtube.com/watch?v=Nnmz4-5gLGQ
22500381,Nnmz4-5gLGQ,back-court-logo,175.2,8.0111,27.72,https://www.youtube.com/watch?v=Nnmz4-5gLGQ
22500388,voKYC9kGMMc,side-court-led-logo,532.93,0.851,28.68,https://www.youtube.com/watch?v=voKYC9kGMMc
22500388,voKYC9kGMMc,basket-logo,497.3,0.238,37.56,https://www.youtube.com/watch?v=voKYC9kGMMc
22500388,voKYC9kGMMc,side-court-logo,529.73,0.8036,18.07,https://www.youtube.com/watch?v=voKYC9kGMMc
22500388,voKYC9kGMMc,back-court-logo,505.91,1.5317,25.02,https://www.youtube.com/watch?v=voKYC9kGMMc
22500388,voKYC9kGMMc,mid-court-logo,509.51,1.8842,32.2,https://www.youtube.com/watch?v=voKYC9kGMMc
22500388,PII7Ok-SdYI,basket-logo,522.92,0.235,37.41,https://www.youtube.com/watch?v=PII7Ok-SdYI
22500388,PII7Ok-SdYI,side-court-led-logo,556.16,0.8169,28.18,https://www.youtube.com/watch?v=PII7Ok-SdYI
22500388,PII7Ok-SdYI,mid-court-logo,549.35,1.9775,31.09,https://www.youtube.com/watch?v=PII7Ok-SdYI
22500388,PII7Ok-SdYI,side-court-logo,550.55,0.7902,17.88,https://www.youtube.com/watch?v=PII7Ok-SdYI
22500388,PII7Ok-SdYI,back-court-logo,529.73,1.5274,25.28,https://www.youtube.com/watch?v=PII7Ok-SdYI
22500388,MlmnHaU5aTQ,side-court-led-logo,401.6,0.8986,28.67,https://www.youtube.com/watch?v=MlmnHaU5aTQ
22500388,MlmnHaU5aTQ,mid-court-logo,357.16,1.8219,31.54,https://www.youtube.com/watch?v=MlmnHaU5aTQ
22500388,MlmnHaU5aTQ,back-court-logo,381.58,1.5439,24.77,https://www.youtube.com/watch?v=MlmnHaU5aTQ
22500388,MlmnHaU5aTQ,basket-logo,367.17,0.2375,36.81,https://www.youtube.com/watch?v=MlmnHaU5aTQ
22500388,MlmnHaU5aTQ,side-court-logo,398.8,0.8207,18.07,https://www.youtube.com/watch?v=MlmnHaU5aTQ
22500388,MTqLSqk6lu0,side-court-led-logo,292.8,3.2298,32.47,https://www.youtube.com/watch?v=MTqLSqk6lu0
22500388,MTqLSqk6lu0,mid-court-logo,146.2,5.8033,30.4,https://www.youtube.com/watch?v=MTqLSqk6lu0
22500388,MTqLSqk6lu0,side-court-logo,439.2,2.588,36.09,https://www.youtube.com/watch?v=MTqLSqk6lu0
22500388,MTqLSqk6lu0,back-court-logo,220.4,5.6744,30.89,https://www.youtube.com/watch?v=MTqLSqk6lu0
22500388,MTqLSqk6lu0,basket-logo,157.6,0.6348,35.94,https://www.youtube.com/watch?v=MTqLSqk6lu0
22500388,ILzqiYrDtXM,side-court-led-logo,190.19,0.7462,30.29,https://www.youtube.com/watch?v=ILzqiYrDtXM
22500388,ILzqiYrDtXM,mid-court-logo,186.59,1.39,32.89,https://www.youtube.com/watch?v=ILzqiYrDtXM
22500388,ILzqiYrDtXM,basket-logo,177.58,0.2502,35.04,https://www.youtube.com/watch?v=ILzqiYrDtXM
22500388,ILzqiYrDtXM,back-court-logo,184.18,1.6729,22.38,https://www.youtube.com/watch?v=ILzqiYrDtXM
22500388,ILzqiYrDtXM,side-court-logo,191.99,0.883,17.45,https://www.youtube.com/watch?v=ILzqiYrDtXM
22500374,dkQ6UxWy-54,basket-logo,426.83,0.2243,35.21,https://www.youtube.com/watch?v=dkQ6UxWy-54
22500374,dkQ6UxWy-54,side-court-logo,443.04,0.9604,28.01,https://www.youtube.com/watch?v=dkQ6UxWy-54
22500374,dkQ6UxWy-54,mid-court-logo,299.1,1.4885,27.89,https://www.youtube.com/watch?v=dkQ6UxWy-54
22500374,dkQ6UxWy-54,back-court-logo,433.23,1.3349,23.28,https://www.youtube.com/watch?v=dkQ6UxWy-54
22500374,dkQ6UxWy-54,side-court-led-logo,391.59,0.9106,29.1,https://www.youtube.com/watch?v=dkQ6UxWy-54
22500374,-dDlU_Kbzds,basket-logo,422.22,0.165,34.23,https://www.youtube.com/watch?v=-dDlU_Kbzds
22500374,-dDlU_Kbzds,mid-court-logo,454.25,1.5502,30.65,https://www.youtube.com/watch?v=-dDlU_Kbzds
22500374,-dDlU_Kbzds,side-court-logo,470.07,0.8452,22.25,https://www.youtube.com/watch?v=-dDlU_Kbzds
22500374,-dDlU_Kbzds,back-court-logo,407.41,0.9259,22.5,https://www.youtube.com/watch?v=-dDlU_Kbzds
22500374,-dDlU_Kbzds,side-court-led-logo,460.26,0.9133,27.21,https://www.youtube.com/watch?v=-dDlU_Kbzds
22500374,S_BEvOWrwmY,mid-court-logo,214.81,1.5741,29.57,https://www.youtube.com/watch?v=S_BEvOWrwmY
22500374,S_BEvOWrwmY,basket-logo,200.0,0.1691,34.17,https://www.youtube.com/watch?v=S_BEvOWrwmY
22500374,S_BEvOWrwmY,side-court-logo,222.82,0.8466,23.55,https://www.youtube.com/watch?v=S_BEvOWrwmY
22500374,S_BEvOWrwmY,back-court-logo,189.19,0.9792,22.47,https://www.youtube.com/watch?v=S_BEvOWrwmY
22500374,S_BEvOWrwmY,side-court-led-logo,216.22,1.0608,27.41,https://www.youtube.com/watch?v=S_BEvOWrwmY
22500375,FlLLrtX5M50,basket-logo,477.08,0.1889,34.41,https://www.youtube.com/watch?v=FlLLrtX5M50
22500375,FlLLrtX5M50,side-court-led-logo,358.16,1.5846,32.44,https://www.youtube.com/watch?v=FlLLrtX5M50
22500375,FlLLrtX5M50,side-court-logo,510.31,1.1467,26.22,https://www.youtube.com/watch?v=FlLLrtX5M50
22500375,FlLLrtX5M50,mid-court-logo,377.38,1.8633,32.47,https://www.youtube.com/watch?v=FlLLrtX5M50
22500375,5F7JFSd3-dk,basket-logo,645.65,0.185,36.2,https://www.youtube.com/watch?v=5F7JFSd3-dk
22500375,5F7JFSd3-dk,side-court-led-logo,481.28,1.3698,31.18,https://www.youtube.com/watch?v=5F7JFSd3-dk
22500375,5F7JFSd3-dk,side-court-logo,680.88,1.135,24.97,https://www.youtube.com/watch?v=5F7JFSd3-dk
22500375,5F7JFSd3-dk,mid-court-logo,513.51,1.8736,30.99,https://www.youtube.com/watch?v=5F7JFSd3-dk
22500375,5F7JFSd3-dk,back-court-logo,0.4,1.0785,13.69,https://www.youtube.com/watch?v=5F7JFSd3-dk
22500375,UBunAGSofzE,basket-logo,542.6,0.1854,35.73,https://www.youtube.com/watch?v=UBunAGSofzE
22500375,UBunAGSofzE,side-court-logo,570.4,1.1394,24.87,https://www.youtube.com/watch?v=UBunAGSofzE
22500375,UBunAGSofzE,mid-court-logo,426.6,1.8807,31.34,https://www.youtube.com/watch?v=UBunAGSofzE
22500375,UBunAGSofzE,side-court-led-logo,405.8,1.3577,31.66,https://www.youtube.com/watch?v=UBunAGSofzE
22500429,YRLNJ5ywWRI,basket-logo,439.04,0.1615,30.59,https://www.youtube.com/watch?v=YRLNJ5ywWRI
22500429,YRLNJ5ywWRI,side-court-led-logo,530.33,2.1272,39.84,https://www.youtube.com/watch?v=YRLNJ5ywWRI
22500429,YRLNJ5ywWRI,mid-court-logo,531.33,2.4341,37.8,https://www.youtube.com/watch?v=YRLNJ5ywWRI
22500429,YRLNJ5ywWRI,side-court-logo,541.14,1.1917,27.13,https://www.youtube.com/watch?v=YRLNJ5ywWRI
22500429,YRLNJ5ywWRI,back-court-logo,0.4,0.8775,6.0,https://www.youtube.com/watch?v=YRLNJ5ywWRI
22500429,yiI6Fi_aGH4,basket-logo,391.4,0.1593,35.8,https://www.youtube.com/watch?v=yiI6Fi_aGH4
22500429,yiI6Fi_aGH4,side-court-led-logo,484.0,1.923,34.4,https://www.youtube.com/watch?v=yiI6Fi_aGH4
22500429,yiI6Fi_aGH4,side-court-logo,498.6,1.1452,24.67,https://www.youtube.com/watch?v=yiI6Fi_aGH4
22500429,yiI6Fi_aGH4,mid-court-logo,492.4,2.3084,34.63,https://www.youtube.com/watch?v=yiI6Fi_aGH4
22500429,PCOwfJ6vpFU,side-court-logo,485.4,1.1151,27.41,https://www.youtube.com/watch?v=PCOwfJ6vpFU
22500429,PCOwfJ6vpFU,mid-court-logo,440.0,2.3273,32.33,https://www.youtube.com/watch?v=PCOwfJ6vpFU
22500429,PCOwfJ6vpFU,side-court-led-logo,417.0,2.4018,31.52,https://www.youtube.com/watch?v=PCOwfJ6vpFU
22500429,PCOwfJ6vpFU,basket-logo,360.8,0.1761,36.06,https://www.youtube.com/watch?v=PCOwfJ6vpFU
22500429,PCOwfJ6vpFU,back-court-logo,0.2,3.1924,23.04,https://www.youtube.com/watch?v=PCOwfJ6vpFU
22500429,y_HD1AtHojQ,side-court-logo,359.8,1.1305,27.93,https://www.youtube.com/watch?v=y_HD1AtHojQ
22500429,y_HD1AtHojQ,mid-court-logo,316.4,2.3752,33.91,https://www.youtube.com/watch?v=y_HD1AtHojQ
22500429,y_HD1AtHojQ,side-court-led-logo,296.0,2.2139,35.73,https://www.youtube.com/watch?v=y_HD1AtHojQ
22500429,y_HD1AtHojQ,basket-logo,273.4,0.1734,34.37,https://www.youtube.com/watch?v=y_HD1AtHojQ
22500429,y_HD1AtHojQ,back-court-logo,0.2,0.7139,28.14,https://www.youtube.com/watch?v=y_HD1AtHojQ
22500429,uXGMKLWRCb4,basket-logo,366.2,0.1554,35.32,https://www.youtube.com/watch?v=uXGMKLWRCb4
22500429,uXGMKLWRCb4,side-court-led-logo,487.8,2.3419,35.73,https://www.youtube.com/watch?v=uXGMKLWRCb4
22500429,uXGMKLWRCb4,mid-court-logo,486.8,2.4219,34.01,https://www.youtube.com/watch?v=uXGMKLWRCb4
22500429,uXGMKLWRCb4,side-court-logo,487.2,1.0655,25.35,https://www.youtube.com/watch?v=uXGMKLWRCb4
22500429,uXGMKLWRCb4,back-court-logo,0.2,1.0554,19.44,https://www.youtube.com/watch?v=uXGMKLWRCb4
22500429,es6xtQtX5f8,side-court-logo,432.2,1.227,26.99,https://www.youtube.com/watch?v=es6xtQtX5f8
22500429,es6xtQtX5f8,mid-court-logo,399.0,2.6289,35.05,https://www.youtube.com/watch?v=es6xtQtX5f8
22500429,es6xtQtX5f8,side-court-led-logo,370.2,2.3688,36.43,https://www.youtube.com/watch?v=es6xtQtX5f8
22500429,es6xtQtX5f8,basket-logo,318.6,0.1828,33.44,https://www.youtube.com/watch?v=es6xtQtX5f8
22500429,zYxEKlir1vk,side-court-logo,336.0,1.1157,25.85,https://www.youtube.com/watch?v=zYxEKlir1vk
22500429,zYxEKlir1vk,side-court-led-logo,270.2,2.7167,28.73,https://www.youtube.com/watch?v=zYxEKlir1vk
22500429,zYxEKlir1vk,mid-court-logo,288.0,2.2556,31.09,https://www.youtube.com/watch?v=zYxEKlir1vk
22500429,zYxEKlir1vk,basket-logo,223.0,0.1899,39.43,https://www.youtube.com/watch?v=zYxEKlir1vk
22500429,SvmSYnqI3hc,side-court-led-logo,223.2,2.4977,33.46,https://www.youtube.com/watch?v=SvmSYnqI3hc
22500429,SvmSYnqI3hc,mid-court-logo,245.2,2.8007,35.21,https://www.youtube.com/watch?v=SvmSYnqI3hc
22500429,SvmSYnqI3hc,side-court-logo,245.4,1.2196,27.51,https://www.youtube.com/watch?v=SvmSYnqI3hc
22500429,SvmSYnqI3hc,basket-logo,157.8,0.1789,34.61,https://www.youtube.com/watch?v=SvmSYnqI3hc
22500418,DWzpMyWBHMQ,side-court-led-logo,175.0,1.6722,29.49,https://www.youtube.com/watch?v=DWzpMyWBHMQ
22500418,DWzpMyWBHMQ,basket-logo,467.2,0.2468,32.35,https://www.youtube.com/watch?v=DWzpMyWBHMQ
22500418,DWzpMyWBHMQ,mid-court-logo,497.8,2.4158,35.89,https://www.youtube.com/watch?v=DWzpMyWBHMQ
22500418,DWzpMyWBHMQ,back-court-logo,478.0,1.9704,23.57,https://www.youtube.com/watch?v=DWzpMyWBHMQ
22500418,DWzpMyWBHMQ,side-court-logo,8.6,0.1772,36.44,https://www.youtube.com/watch?v=DWzpMyWBHMQ
22500418,v8sVJ0L0ISI,mid-court-logo,411.6,2.7385,31.44,https://www.youtube.com/watch?v=v8sVJ0L0ISI
22500418,v8sVJ0L0ISI,side-court-led-logo,234.8,2.0466,28.18,https://www.youtube.com/watch?v=v8sVJ0L0ISI
22500418,v8sVJ0L0ISI,back-court-logo,338.0,1.9658,29.87,https://www.youtube.com/watch?v=v8sVJ0L0ISI
22500418,v8sVJ0L0ISI,basket-logo,323.0,0.2287,36.52,https://www.youtube.com/watch?v=v8sVJ0L0ISI
22500418,v8sVJ0L0ISI,side-court-logo,10.2,0.7847,37.23,https://www.youtube.com/watch?v=v8sVJ0L0ISI
22500418,U-Z55YQRziU,basket-logo,486.29,0.2411,33.53,https://www.youtube.com/watch?v=U-Z55YQRziU
22500418,U-Z55YQRziU,mid-court-logo,524.52,2.6121,34.66,https://www.youtube.com/watch?v=U-Z55YQRziU
22500418,U-Z55YQRziU,back-court-logo,496.9,1.9136,24.44,https://www.youtube.com/watch?v=U-Z55YQRziU
22500418,U-Z55YQRziU,side-court-led-logo,214.61,1.627,29.09,https://www.youtube.com/watch?v=U-Z55YQRziU
22500418,U-Z55YQRziU,side-court-logo,6.01,0.1212,48.45,https://www.youtube.com/watch?v=U-Z55YQRziU
22500418,DOyg6u_MAfw,basket-logo,262.4,0.2409,35.85,https://www.youtube.com/watch?v=DOyg6u_MAfw
22500418,DOyg6u_MAfw,mid-court-logo,329.8,2.7999,31.87,https://www.youtube.com/watch?v=DOyg6u_MAfw
22500418,DOyg6u_MAfw,back-court-logo,277.8,1.9772,31.18,https://www.youtube.com/watch?v=DOyg6u_MAfw
22500418,DOyg6u_MAfw,side-court-led-logo,188.0,1.4923,26.96,https://www.youtube.com/watch?v=DOyg6u_MAfw
22500418,DOyg6u_MAfw,side-court-logo,5.4,0.5549,44.95,https://www.youtube.com/watch?v=DOyg6u_MAfw
22500418,7gVj1CWc6zo,mid-court-logo,462.2,2.6454,31.5,https://www.youtube.com/watch?v=7gVj1CWc6zo
22500418,7gVj1CWc6zo,basket-logo,386.0,0.2426,36.95,https://www.youtube.com/watch?v=7gVj1CWc6zo
22500418,7gVj1CWc6zo,back-court-logo,404.4,2.0196,30.13,https://www.youtube.com/watch?v=7gVj1CWc6zo
22500418,7gVj1CWc6zo,side-court-led-logo,261.8,1.3326,28.44,https://www.youtube.com/watch?v=7gVj1CWc6zo
22500418,7gVj1CWc6zo,side-court-logo,2.8,0.1164,51.18,https://www.youtube.com/watch?v=7gVj1CWc6zo
22500418,7hUO1zOF4fQ,mid-court-logo,466.2,2.6549,33.24,https://www.youtube.com/watch?v=7hUO1zOF4fQ
22500418,7hUO1zOF4fQ,side-court-led-logo,244.6,1.3219,28.19,https://www.youtube.com/watch?v=7hUO1zOF4fQ
22500418,7hUO1zOF4fQ,back-court-logo,423.6,2.0011,28.39,https://www.youtube.com/watch?v=7hUO1zOF4fQ
22500418,7hUO1zOF4fQ,basket-logo,405.0,0.2407,35.68,https://www.youtube.com/watch?v=7hUO1zOF4fQ
22500418,7hUO1zOF4fQ,side-court-logo,3.2,0.1193,47.66,https://www.youtube.com/watch?v=7hUO1zOF4fQ
22500418,4WYxAbzMgcE,side-court-led-logo,299.6,1.4023,27.86,https://www.youtube.com/watch?v=4WYxAbzMgcE
22500418,4WYxAbzMgcE,mid-court-logo,498.2,2.543,31.11,https://www.youtube.com/watch?v=4WYxAbzMgcE
22500418,4WYxAbzMgcE,back-court-logo,425.0,1.8733,30.98,https://www.youtube.com/watch?v=4WYxAbzMgcE
22500418,4WYxAbzMgcE,basket-logo,408.0,0.2213,37.56,https://www.youtube.com/watch?v=4WYxAbzMgcE
22500418,4WYxAbzMgcE,side-court-logo,4.6,0.1437,45.71,https://www.youtube.com/watch?v=4WYxAbzMgcE
22501216,-QSlEy9Knfc,basket-logo,484.88,0.2158,32.81,https://www.youtube.com/watch?v=-QSlEy9Knfc
22501216,-QSlEy9Knfc,side-court-led-logo,531.33,0.9946,26.1,https://www.youtube.com/watch?v=-QSlEy9Knfc
22501216,-QSlEy9Knfc,back-court-logo,494.09,1.6155,21.4,https://www.youtube.com/watch?v=-QSlEy9Knfc
22501216,-QSlEy9Knfc,mid-court-logo,358.36,2.117,29.32,https://www.youtube.com/watch?v=-QSlEy9Knfc
22501216,-QSlEy9Knfc,side-court-logo,0.4,0.0767,45.22,https://www.youtube.com/watch?v=-QSlEy9Knfc
22501216,yZvzAmjB8JM,basket-logo,485.4,0.2169,32.39,https://www.youtube.com/watch?v=yZvzAmjB8JM
22501216,yZvzAmjB8JM,side-court-led-logo,530.8,0.9873,26.42,https://www.youtube.com/watch?v=yZvzAmjB8JM
22501216,yZvzAmjB8JM,back-court-logo,494.0,1.6213,21.13,https://www.youtube.com/watch?v=yZvzAmjB8JM
22501216,yZvzAmjB8JM,mid-court-logo,359.8,2.1735,29.92,https://www.youtube.com/watch?v=yZvzAmjB8JM
22501216,yZvzAmjB8JM,side-court-logo,0.2,0.3074,47.4,https://www.youtube.com/watch?v=yZvzAmjB8JM
22501223,-tZ41KD2HQA,basket-logo,483.68,0.2378,36.03,https://www.youtube.com/watch?v=-tZ41KD2HQA
22501223,-tZ41KD2HQA,side-court-led-logo,440.24,1.8405,31.82,https://www.youtube.com/watch?v=-tZ41KD2HQA
22501223,-tZ41KD2HQA,back-court-logo,495.1,1.5447,24.8,https://www.youtube.com/watch?v=-tZ41KD2HQA
22501223,-tZ41KD2HQA,mid-court-logo,476.88,2.1837,30.91,https://www.youtube.com/watch?v=-tZ41KD2HQA
22501223,-tZ41KD2HQA,side-court-logo,534.53,0.9889,24.85,https://www.youtube.com/watch?v=-tZ41KD2HQA
22501223,WN9R3r5C1zs,mid-court-logo,484.68,2.1851,32.38,https://www.youtube.com/watch?v=WN9R3r5C1zs
22501223,WN9R3r5C1zs,side-court-led-logo,435.24,1.3146,32.71,https://www.youtube.com/watch?v=WN9R3r5C1zs
22501223,WN9R3r5C1zs,side-court-logo,516.32,0.9966,24.87,https://www.youtube.com/watch?v=WN9R3r5C1zs
22501223,WN9R3r5C1zs,back-court-logo,493.09,1.5363,23.91,https://www.youtube.com/watch?v=WN9R3r5C1zs
22501223,WN9R3r5C1zs,basket-logo,478.48,0.2337,35.03,https://www.youtube.com/watch?v=WN9R3r5C1zs
22501217,5XEjpUl7ans,side-court-led-logo,502.9,0.8403,24.98,https://www.youtube.com/watch?v=5XEjpUl7ans
22501217,5XEjpUl7ans,basket-logo,461.66,0.1547,32.85,https://www.youtube.com/watch?v=5XEjpUl7ans
22501217,5XEjpUl7ans,mid-court-logo,501.1,1.1784,29.29,https://www.youtube.com/watch?v=5XEjpUl7ans
22501217,5XEjpUl7ans,back-court-logo,467.47,0.9245,22.28,https://www.youtube.com/watch?v=5XEjpUl7ans
22501217,5XEjpUl7ans,side-court-logo,489.89,0.5499,20.08,https://www.youtube.com/watch?v=5XEjpUl7ans
22501217,rxnpriTNl2A,mid-court-logo,497.0,1.1516,29.02,https://www.youtube.com/watch?v=rxnpriTNl2A
22501217,rxnpriTNl2A,side-court-led-logo,499.8,0.8358,25.0,https://www.youtube.com/watch?v=rxnpriTNl2A
22501217,rxnpriTNl2A,side-court-logo,480.2,0.5552,20.52,https://www.youtube.com/watch?v=rxnpriTNl2A
22501217,rxnpriTNl2A,back-court-logo,457.2,0.9227,21.83,https://www.youtube.com/watch?v=rxnpriTNl2A
22501217,rxnpriTNl2A,basket-logo,451.4,0.1576,32.02,https://www.youtube.com/watch?v=rxnpriTNl2A
22501222,qM4P8Q6Xct0,basket-logo,496.1,0.1663,35.66,https://www.youtube.com/watch?v=qM4P8Q6Xct0
22501222,qM4P8Q6Xct0,side-court-led-logo,288.09,1.0596,31.44,https://www.youtube.com/watch?v=qM4P8Q6Xct0
22501222,qM4P8Q6Xct0,mid-court-logo,447.45,0.9696,28.94,https://www.youtube.com/watch?v=qM4P8Q6Xct0
22501222,qM4P8Q6Xct0,side-court-logo,502.7,0.4199,26.79,https://www.youtube.com/watch?v=qM4P8Q6Xct0
22501222,qM4P8Q6Xct0,back-court-logo,503.7,2.0635,24.38,https://www.youtube.com/watch?v=qM4P8Q6Xct0
22501222,5g4soynZM-Q,side-court-led-logo,316.2,1.0772,31.29,https://www.youtube.com/watch?v=5g4soynZM-Q
22501222,5g4soynZM-Q,basket-logo,497.2,0.1688,36.69,https://www.youtube.com/watch?v=5g4soynZM-Q
22501222,5g4soynZM-Q,side-court-logo,513.0,0.433,27.23,https://www.youtube.com/watch?v=5g4soynZM-Q
22501222,5g4soynZM-Q,mid-court-logo,461.2,1.0634,28.68,https://www.youtube.com/watch?v=5g4soynZM-Q
22501222,5g4soynZM-Q,back-court-logo,510.4,2.1248,25.79,https://www.youtube.com/watch?v=5g4soynZM-Q
22500415,oahcxnRsZ8k,basket-logo,502.7,0.145,36.61,https://www.youtube.com/watch?v=oahcxnRsZ8k
22500415,oahcxnRsZ8k,back-court-logo,481.48,0.8462,24.87,https://www.youtube.com/watch?v=oahcxnRsZ8k
22500415,oahcxnRsZ8k,side-court-led-logo,535.94,2.0975,29.13,https://www.youtube.com/watch?v=oahcxnRsZ8k
22500415,oahcxnRsZ8k,side-court-logo,514.11,0.3013,20.98,https://www.youtube.com/watch?v=oahcxnRsZ8k
22500415,oahcxnRsZ8k,mid-court-logo,489.49,1.3537,33.67,https://www.youtube.com/watch?v=oahcxnRsZ8k
22500415,WFnPODJhTGc,side-court-led-logo,663.86,2.0672,29.99,https://www.youtube.com/watch?v=WFnPODJhTGc
22500415,WFnPODJhTGc,basket-logo,614.81,0.1477,35.6,https://www.youtube.com/watch?v=WFnPODJhTGc
22500415,WFnPODJhTGc,back-court-logo,582.58,0.8326,24.15,https://www.youtube.com/watch?v=WFnPODJhTGc
22500415,WFnPODJhTGc,side-court-logo,619.22,0.2973,21.63,https://www.youtube.com/watch?v=WFnPODJhTGc
22500415,WFnPODJhTGc,mid-court-logo,609.61,1.4411,34.88,https://www.youtube.com/watch?v=WFnPODJhTGc
22500415,dctJxxmC1Tk,basket-logo,508.2,0.1488,35.59,https://www.youtube.com/watch?v=dctJxxmC1Tk
22500415,dctJxxmC1Tk,back-court-logo,478.8,0.8302,24.04,https://www.youtube.com/watch?v=dctJxxmC1Tk
22500415,dctJxxmC1Tk,side-court-led-logo,542.8,2.052,30.32,https://www.youtube.com/watch?v=dctJxxmC1Tk
22500415,dctJxxmC1Tk,side-court-logo,505.2,0.2992,22.02,https://www.youtube.com/watch?v=dctJxxmC1Tk
22500415,dctJxxmC1Tk,mid-court-logo,487.8,1.3934,35.48,https://www.youtube.com/watch?v=dctJxxmC1Tk
22500415,4ugAS2iCQDQ,basket-logo,505.91,0.147,36.74,https://www.youtube.com/watch?v=4ugAS2iCQDQ
22500415,4ugAS2iCQDQ,back-court-logo,476.28,0.8594,25.1,https://www.youtube.com/watch?v=4ugAS2iCQDQ
22500415,4ugAS2iCQDQ,side-court-led-logo,538.14,2.1019,28.84,https://www.youtube.com/watch?v=4ugAS2iCQDQ
22500415,4ugAS2iCQDQ,side-court-logo,515.12,0.3038,20.67,https://www.youtube.com/watch?v=4ugAS2iCQDQ
22500415,4ugAS2iCQDQ,mid-court-logo,489.09,1.3626,33.46,https://www.youtube.com/watch?v=4ugAS2iCQDQ
22500415,Ajm0CE5B4bY,side-court-led-logo,460.8,2.7802,28.46,https://www.youtube.com/watch?v=Ajm0CE5B4bY
22500415,Ajm0CE5B4bY,side-court-logo,423.8,0.4169,24.86,https://www.youtube.com/watch?v=Ajm0CE5B4bY
22500415,Ajm0CE5B4bY,mid-court-logo,386.6,1.5976,32.32,https://www.youtube.com/watch?v=Ajm0CE5B4bY
22500415,Ajm0CE5B4bY,back-court-logo,368.6,1.0588,27.96,https://www.youtube.com/watch?v=Ajm0CE5B4bY
22500415,Ajm0CE5B4bY,basket-logo,349.8,0.1714,37.66,https://www.youtube.com/watch?v=Ajm0CE5B4bY
22500415,8aeWzs7zOZ0,mid-court-logo,474.8,1.3091,29.36,https://www.youtube.com/watch?v=8aeWzs7zOZ0
22500415,8aeWzs7zOZ0,side-court-led-logo,490.2,2.3723,26.91,https://www.youtube.com/watch?v=8aeWzs7zOZ0
22500415,8aeWzs7zOZ0,side-court-logo,458.2,0.3072,21.71,https://www.youtube.com/watch?v=8aeWzs7zOZ0
22500415,8aeWzs7zOZ0,back-court-logo,423.0,0.807,26.97,https://www.youtube.com/watch?v=8aeWzs7zOZ0
22500415,8aeWzs7zOZ0,basket-logo,409.2,0.1451,38.63,https://www.youtube.com/watch?v=8aeWzs7zOZ0
22500415,twqkptlfKzI,basket-logo,502.4,0.1505,37.51,https://www.youtube.com/watch?v=twqkptlfKzI
22500415,twqkptlfKzI,back-court-logo,460.2,0.8931,25.04,https://www.youtube.com/watch?v=twqkptlfKzI
22500415,twqkptlfKzI,side-court-led-logo,534.4,2.1102,28.25,https://www.youtube.com/watch?v=twqkptlfKzI
22500415,twqkptlfKzI,side-court-logo,501.4,0.3069,19.19,https://www.youtube.com/watch?v=twqkptlfKzI
22500415,twqkptlfKzI,mid-court-logo,483.8,1.395,32.5,https://www.youtube.com/watch?v=twqkptlfKzI
22500415,P9rqd_iy0JA,side-court-logo,218.2,0.3296,22.0,https://www.youtube.com/watch?v=P9rqd_iy0JA
22500415,P9rqd_iy0JA,mid-court-logo,223.8,1.3721,30.73,https://www.youtube.com/watch?v=P9rqd_iy0JA
22500415,P9rqd_iy0JA,side-court-led-logo,236.6,3.4872,26.76,https://www.youtube.com/watch?v=P9rqd_iy0JA
22500415,P9rqd_iy0JA,back-court-logo,195.0,0.8919,28.44,https://www.youtube.com/watch?v=P9rqd_iy0JA
22500415,P9rqd_iy0JA,basket-logo,187.6,0.1551,39.5,https://www.youtube.com/watch?v=P9rqd_iy0JA
22500387,PO0r0ZXfRIw,side-court-logo,584.78,1.016,27.7,https://www.youtube.com/watch?v=PO0r0ZXfRIw
22500387,PO0r0ZXfRIw,mid-court-logo,443.44,2.1008,30.16,https://www.youtube.com/watch?v=PO0r0ZXfRIw
22500387,PO0r0ZXfRIw,side-court-led-logo,442.84,2.1194,31.69,https://www.youtube.com/watch?v=PO0r0ZXfRIw
22500387,PO0r0ZXfRIw,back-court-logo,550.15,2.4443,25.37,https://www.youtube.com/watch?v=PO0r0ZXfRIw
22500387,PO0r0ZXfRIw,basket-logo,535.94,0.238,35.63,https://www.youtube.com/watch?v=PO0r0ZXfRIw
22500387,-wghb4pukvA,side-court-logo,512.31,0.984,27.92,https://www.youtube.com/watch?v=-wghb4pukvA
22500387,-wghb4pukvA,mid-court-logo,387.79,2.1402,30.06,https://www.youtube.com/watch?v=-wghb4pukvA
22500387,-wghb4pukvA,side-court-led-logo,386.39,2.1671,31.27,https://www.youtube.com/watch?v=-wghb4pukvA
22500387,-wghb4pukvA,back-court-logo,475.28,2.3371,25.89,https://www.youtube.com/watch?v=-wghb4pukvA
22500387,-wghb4pukvA,basket-logo,460.66,0.2301,36.4,https://www.youtube.com/watch?v=-wghb4pukvA
22500387,6ilbPjz1R7M,basket-logo,487.0,0.2614,35.41,https://www.youtube.com/watch?v=6ilbPjz1R7M
22500387,6ilbPjz1R7M,side-court-logo,520.4,1.0128,28.5,https://www.youtube.com/watch?v=6ilbPjz1R7M
22500387,6ilbPjz1R7M,side-court-led-logo,373.8,2.1949,31.01,https://www.youtube.com/watch?v=6ilbPjz1R7M
22500387,6ilbPjz1R7M,mid-court-logo,378.6,2.018,30.1,https://www.youtube.com/watch?v=6ilbPjz1R7M
22500387,6ilbPjz1R7M,back-court-logo,499.6,2.5256,24.73,https://www.youtube.com/watch?v=6ilbPjz1R7M
22500387,wA0QE7r61qY,mid-court-logo,220.6,4.6737,26.67,https://www.youtube.com/watch?v=wA0QE7r61qY
22500387,wA0QE7r61qY,side-court-logo,420.4,2.7603,35.2,https://www.youtube.com/watch?v=wA0QE7r61qY
22500387,wA0QE7r61qY,side-court-led-logo,265.8,6.5094,26.69,https://www.youtube.com/watch?v=wA0QE7r61qY
22500387,wA0QE7r61qY,back-court-logo,206.8,7.3218,28.77,https://www.youtube.com/watch?v=wA0QE7r61qY
22500387,wA0QE7r61qY,basket-logo,117.2,0.7089,31.82,https://www.youtube.com/watch?v=wA0QE7r61qY
22500387,kD2KO4FpEgo,side-court-logo,431.6,2.7121,38.14,https://www.youtube.com/watch?v=kD2KO4FpEgo
22500387,kD2KO4FpEgo,back-court-logo,247.6,7.1819,28.48,https://www.youtube.com/watch?v=kD2KO4FpEgo
22500387,kD2KO4FpEgo,side-court-led-logo,233.6,6.787,30.29,https://www.youtube.com/watch?v=kD2KO4FpEgo
22500387,kD2KO4FpEgo,mid-court-logo,235.8,5.1101,29.51,https://www.youtube.com/watch?v=kD2KO4FpEgo
22500387,kD2KO4FpEgo,basket-logo,134.8,0.5354,32.29,https://www.youtube.com/watch?v=kD2KO4FpEgo
22501209,a9DGO2o24zQ,basket-logo,481.08,0.1711,32.92,https://www.youtube.com/watch?v=a9DGO2o24zQ
22501209,a9DGO2o24zQ,side-court-led-logo,499.7,0.6453,24.94,https://www.youtube.com/watch?v=a9DGO2o24zQ
22501209,a9DGO2o24zQ,side-court-logo,501.3,0.5901,23.52,https://www.youtube.com/watch?v=a9DGO2o24zQ
22501209,a9DGO2o24zQ,back-court-logo,481.88,0.6408,22.74,https://www.youtube.com/watch?v=a9DGO2o24zQ
22501209,a9DGO2o24zQ,mid-court-logo,446.85,1.5764,30.77,https://www.youtube.com/watch?v=a9DGO2o24zQ
22501213,R1AfNRA6vjg,side-court-logo,539.94,0.8679,26.89,https://www.youtube.com/watch?v=R1AfNRA6vjg
22501213,R1AfNRA6vjg,mid-court-logo,369.77,1.8106,27.67,https://www.youtube.com/watch?v=R1AfNRA6vjg
22501213,R1AfNRA6vjg,side-court-led-logo,480.08,2.0837,31.87,https://www.youtube.com/watch?v=R1AfNRA6vjg
22501213,R1AfNRA6vjg,back-court-logo,520.52,1.6627,23.35,https://www.youtube.com/watch?v=R1AfNRA6vjg
22501213,R1AfNRA6vjg,basket-logo,506.91,0.1672,34.33,https://www.youtube.com/watch?v=R1AfNRA6vjg
22500426,z1RJz7F052M,side-court-led-logo,542.14,0.9581,25.67,https://www.youtube.com/watch?v=z1RJz7F052M
22500426,z1RJz7F052M,basket-logo,496.3,0.1991,36.73,https://www.youtube.com/watch?v=z1RJz7F052M
22500426,z1RJz7F052M,mid-court-logo,412.21,2.2152,29.03,https://www.youtube.com/watch?v=z1RJz7F052M
22500426,z1RJz7F052M,back-court-logo,513.51,1.6393,25.62,https://www.youtube.com/watch?v=z1RJz7F052M
22500426,z1RJz7F052M,side-court-logo,0.8,19.1956,19.13,https://www.youtube.com/watch?v=z1RJz7F052M
22500426,ZvvDMaCtDCs,side-court-led-logo,455.2,1.0496,25.8,https://www.youtube.com/watch?v=ZvvDMaCtDCs
22500426,ZvvDMaCtDCs,mid-court-logo,338.6,2.142,25.65,https://www.youtube.com/watch?v=ZvvDMaCtDCs
22500426,ZvvDMaCtDCs,basket-logo,372.2,0.2025,38.63,https://www.youtube.com/watch?v=ZvvDMaCtDCs
22500426,ZvvDMaCtDCs,back-court-logo,405.2,1.7871,28.59,https://www.youtube.com/watch?v=ZvvDMaCtDCs
22500426,ZvvDMaCtDCs,side-court-logo,0.2,18.5963,20.59,https://www.youtube.com/watch?v=ZvvDMaCtDCs
22500426,n7ipX3B5o8Q,mid-court-logo,382.2,2.1413,27.86,https://www.youtube.com/watch?v=n7ipX3B5o8Q
22500426,n7ipX3B5o8Q,side-court-led-logo,470.4,0.9622,26.37,https://www.youtube.com/watch?v=n7ipX3B5o8Q
22500426,n7ipX3B5o8Q,basket-logo,403.0,0.1943,37.82,https://www.youtube.com/watch?v=n7ipX3B5o8Q
22500426,n7ipX3B5o8Q,back-court-logo,426.2,1.5975,26.42,https://www.youtube.com/watch?v=n7ipX3B5o8Q
22500426,n7ipX3B5o8Q,side-court-logo,0.2,9.8021,14.36,https://www.youtube.com/watch?v=n7ipX3B5o8Q
22500426,LmbbbvtWG6k,side-court-led-logo,456.2,1.1651,25.35,https://www.youtube.com/watch?v=LmbbbvtWG6k
22500426,LmbbbvtWG6k,mid-court-logo,370.4,2.1958,27.74,https://www.youtube.com/watch?v=LmbbbvtWG6k
22500426,LmbbbvtWG6k,back-court-logo,407.0,1.6374,27.73,https://www.youtube.com/watch?v=LmbbbvtWG6k
22500426,LmbbbvtWG6k,basket-logo,380.4,0.2002,38.84,https://www.youtube.com/watch?v=LmbbbvtWG6k
22500426,LmbbbvtWG6k,side-court-logo,0.2,19.9123,21.3,https://www.youtube.com/watch?v=LmbbbvtWG6k
22500426,nDJGGhh8fGo,side-court-led-logo,542.2,0.9532,25.99,https://www.youtube.com/watch?v=nDJGGhh8fGo
22500426,nDJGGhh8fGo,basket-logo,496.6,0.1999,36.3,https://www.youtube.com/watch?v=nDJGGhh8fGo
22500426,nDJGGhh8fGo,mid-court-logo,411.0,2.1796,29.09,https://www.youtube.com/watch?v=nDJGGhh8fGo
22500426,nDJGGhh8fGo,back-court-logo,514.0,1.6265,25.78,https://www.youtube.com/watch?v=nDJGGhh8fGo
22500426,nDJGGhh8fGo,side-court-logo,0.6,14.873,26.08,https://www.youtube.com/watch?v=nDJGGhh8fGo
22500426,UlHXsqKxfKk,basket-logo,333.2,0.1854,40.95,https://www.youtube.com/watch?v=UlHXsqKxfKk
22500426,UlHXsqKxfKk,side-court-led-logo,379.2,1.1464,25.31,https://www.youtube.com/watch?v=UlHXsqKxfKk
22500426,UlHXsqKxfKk,back-court-logo,345.8,1.5116,30.81,https://www.youtube.com/watch?v=UlHXsqKxfKk
22500426,UlHXsqKxfKk,mid-court-logo,301.8,1.7999,25.64,https://www.youtube.com/watch?v=UlHXsqKxfKk
22500426,UlHXsqKxfKk,side-court-logo,0.8,32.4532,17.38,https://www.youtube.com/watch?v=UlHXsqKxfKk
22500426,yaH0nUnfzl4,side-court-led-logo,461.6,1.033,27.08,https://www.youtube.com/watch?v=yaH0nUnfzl4
22500426,yaH0nUnfzl4,basket-logo,375.6,0.1977,38.46,https://www.youtube.com/watch?v=yaH0nUnfzl4
22500426,yaH0nUnfzl4,back-court-logo,393.2,1.6557,28.79,https://www.youtube.com/watch?v=yaH0nUnfzl4
22500426,yaH0nUnfzl4,mid-court-logo,368.8,2.083,27.8,https://www.youtube.com/watch?v=yaH0nUnfzl4
22500426,yaH0nUnfzl4,side-court-logo,0.6,22.0243,9.51,https://www.youtube.com/watch?v=yaH0nUnfzl4
22500426,9TfG4RZihFc,basket-logo,243.2,0.2575,36.03,https://www.youtube.com/watch?v=9TfG4RZihFc
22500426,9TfG4RZihFc,side-court-led-logo,248.4,1.7817,27.54,https://www.youtube.com/watch?v=9TfG4RZihFc
22500426,9TfG4RZihFc,back-court-logo,221.0,1.8991,26.3,https://www.youtube.com/watch?v=9TfG4RZihFc
22500426,9TfG4RZihFc,mid-court-logo,192.0,2.9361,28.63,https://www.youtube.com/watch?v=9TfG4RZihFc
22500426,9TfG4RZihFc,side-court-logo,11.4,1.9046,16.63,https://www.youtube.com/watch?v=9TfG4RZihFc
22501218,J2i-UH-MHYo,basket-logo,487.49,0.1834,34.65,https://www.youtube.com/watch?v=J2i-UH-MHYo
22501218,J2i-UH-MHYo,side-court-led-logo,491.89,0.9928,27.88,https://www.youtube.com/watch?v=J2i-UH-MHYo
22501218,J2i-UH-MHYo,mid-court-logo,336.94,1.8277,28.97,https://www.youtube.com/watch?v=J2i-UH-MHYo
22501218,J2i-UH-MHYo,back-court-logo,493.89,1.4236,24.1,https://www.youtube.com/watch?v=J2i-UH-MHYo
22501218,J2i-UH-MHYo,side-court-logo,433.03,0.6947,29.01,https://www.youtube.com/watch?v=J2i-UH-MHYo
22501218,Yu3jg5TcvmM,basket-logo,506.91,0.1739,37.41,https://www.youtube.com/watch?v=Yu3jg5TcvmM
22501218,Yu3jg5TcvmM,side-court-led-logo,509.31,0.8137,26.03,https://www.youtube.com/watch?v=Yu3jg5TcvmM
22501218,Yu3jg5TcvmM,mid-court-logo,372.97,2.0241,25.42,https://www.youtube.com/watch?v=Yu3jg5TcvmM
22501218,Yu3jg5TcvmM,back-court-logo,504.5,1.3712,26.58,https://www.youtube.com/watch?v=Yu3jg5TcvmM
22501218,Yu3jg5TcvmM,side-court-logo,393.59,0.7136,27.43,https://www.youtube.com/watch?v=Yu3jg5TcvmM
22501218,jOoW3B0ZyGY,basket-logo,488.0,0.1887,34.78,https://www.youtube.com/watch?v=jOoW3B0ZyGY
22501218,jOoW3B0ZyGY,side-court-led-logo,491.8,1.0328,27.71,https://www.youtube.com/watch?v=jOoW3B0ZyGY
22501218,jOoW3B0ZyGY,mid-court-logo,335.0,1.8535,28.64,https://www.youtube.com/watch?v=jOoW3B0ZyGY
22501218,jOoW3B0ZyGY,back-court-logo,493.2,1.4534,24.01,https://www.youtube.com/watch?v=jOoW3B0ZyGY
22501218,jOoW3B0ZyGY,side-court-logo,428.2,0.7271,28.52,https://www.youtube.com/watch?v=jOoW3B0ZyGY
22501211,tclalW7BE_U,basket-logo,470.47,0.2383,35.86,https://www.youtube.com/watch?v=tclalW7BE_U
22501211,tclalW7BE_U,side-court-led-logo,405.21,1.9207,31.73,https://www.youtube.com/watch?v=tclalW7BE_U
22501211,tclalW7BE_U,side-court-logo,522.72,0.9779,27.73,https://www.youtube.com/watch?v=tclalW7BE_U
22501211,tclalW7BE_U,back-court-logo,481.68,2.1388,26.46,https://www.youtube.com/watch?v=tclalW7BE_U
22501211,tclalW7BE_U,mid-court-logo,410.81,1.8745,29.79,https://www.youtube.com/watch?v=tclalW7BE_U
22501211,shxHAIQ9pAQ,side-court-logo,523.8,0.9608,27.16,https://www.youtube.com/watch?v=shxHAIQ9pAQ
22501211,shxHAIQ9pAQ,mid-court-logo,417.4,1.89,29.58,https://www.youtube.com/watch?v=shxHAIQ9pAQ
22501211,shxHAIQ9pAQ,side-court-led-logo,418.8,1.9411,31.58,https://www.youtube.com/watch?v=shxHAIQ9pAQ
22501211,shxHAIQ9pAQ,back-court-logo,482.8,2.0818,26.7,https://www.youtube.com/watch?v=shxHAIQ9pAQ
22501211,shxHAIQ9pAQ,basket-logo,472.6,0.238,36.44,https://www.youtube.com/watch?v=shxHAIQ9pAQ
22501219,uTsb1oqI0go,basket-logo,431.83,0.1773,34.08,https://www.youtube.com/watch?v=uTsb1oqI0go
22501219,uTsb1oqI0go,side-court-led-logo,393.79,1.3015,32.82,https://www.youtube.com/watch?v=uTsb1oqI0go
22501219,uTsb1oqI0go,side-court-logo,474.67,0.6036,25.35,https://www.youtube.com/watch?v=uTsb1oqI0go
22501219,uTsb1oqI0go,back-court-logo,419.62,0.6388,22.77,https://www.youtube.com/watch?v=uTsb1oqI0go
22501219,uTsb1oqI0go,mid-court-logo,465.47,2.1447,32.33,https://www.youtube.com/watch?v=uTsb1oqI0go
22501219,NzbpA-G-Ahs,mid-court-logo,472.8,2.1242,32.27,https://www.youtube.com/watch?v=NzbpA-G-Ahs
22501219,NzbpA-G-Ahs,side-court-logo,477.4,0.5851,25.5,https://www.youtube.com/watch?v=NzbpA-G-Ahs
22501219,NzbpA-G-Ahs,side-court-led-logo,398.0,1.3603,33.32,https://www.youtube.com/watch?v=NzbpA-G-Ahs
22501219,NzbpA-G-Ahs,back-court-logo,418.0,0.6552,23.37,https://www.youtube.com/watch?v=NzbpA-G-Ahs
22501219,NzbpA-G-Ahs,basket-logo,428.8,0.1783,34.19,https://www.youtube.com/watch?v=NzbpA-G-Ahs
22501219,GEf0mxc5ER8,basket-logo,431.2,0.1793,34.28,https://www.youtube.com/watch?v=GEf0mxc5ER8
22501219,GEf0mxc5ER8,side-court-led-logo,391.2,1.3091,33.03,https://www.youtube.com/watch?v=GEf0mxc5ER8
22501219,GEf0mxc5ER8,side-court-logo,471.6,0.5952,25.41,https://www.youtube.com/watch?v=GEf0mxc5ER8
22501219,GEf0mxc5ER8,back-court-logo,420.2,0.6456,22.73,https://www.youtube.com/watch?v=GEf0mxc5ER8
22501219,GEf0mxc5ER8,mid-court-logo,464.2,2.1515,32.28,https://www.youtube.com/watch?v=GEf0mxc5ER8
22501210,VOGBICUH-N8,basket-logo,467.67,0.2579,34.1,https://www.youtube.com/watch?v=VOGBICUH-N8
22501210,VOGBICUH-N8,side-court-led-logo,510.51,1.2417,30.85,https://www.youtube.com/watch?v=VOGBICUH-N8
22501210,VOGBICUH-N8,side-court-logo,514.11,1.2755,24.99,https://www.youtube.com/watch?v=VOGBICUH-N8
22501210,VOGBICUH-N8,back-court-logo,479.88,1.4416,21.52,https://www.youtube.com/watch?v=VOGBICUH-N8
22501210,VOGBICUH-N8,mid-court-logo,317.12,2.1827,29.76,https://www.youtube.com/watch?v=VOGBICUH-N8
22501210,W4-5PMnQNOY,basket-logo,453.2,0.267,34.33,https://www.youtube.com/watch?v=W4-5PMnQNOY
22501210,W4-5PMnQNOY,side-court-led-logo,490.6,1.2178,30.44,https://www.youtube.com/watch?v=W4-5PMnQNOY
22501210,W4-5PMnQNOY,side-court-logo,497.8,1.3366,25.15,https://www.youtube.com/watch?v=W4-5PMnQNOY
22501210,W4-5PMnQNOY,mid-court-logo,287.0,2.1674,28.35,https://www.youtube.com/watch?v=W4-5PMnQNOY
22501210,W4-5PMnQNOY,back-court-logo,464.0,1.5108,21.66,https://www.youtube.com/watch?v=W4-5PMnQNOY
22501220,sbnnnvhbsfw,basket-logo,455.46,0.221,36.22,https://www.youtube.com/watch?v=sbnnnvhbsfw
22501220,sbnnnvhbsfw,side-court-logo,524.12,1.182,29.6,https://www.youtube.com/watch?v=sbnnnvhbsfw
22501220,sbnnnvhbsfw,back-court-logo,473.87,1.771,26.89,https://www.youtube.com/watch?v=sbnnnvhbsfw
22501220,sbnnnvhbsfw,side-court-led-logo,264.66,1.4864,28.88,https://www.youtube.com/watch?v=sbnnnvhbsfw
22501220,sbnnnvhbsfw,mid-court-logo,326.53,2.0202,31.79,https://www.youtube.com/watch?v=sbnnnvhbsfw
22501220,DX3wC3LYhpY,side-court-logo,534.6,1.1442,28.94,https://www.youtube.com/watch?v=DX3wC3LYhpY
22501220,DX3wC3LYhpY,side-court-led-logo,261.4,1.4117,28.15,https://www.youtube.com/watch?v=DX3wC3LYhpY
22501220,DX3wC3LYhpY,mid-court-logo,338.2,1.8932,30.65,https://www.youtube.com/watch?v=DX3wC3LYhpY
22501220,DX3wC3LYhpY,back-court-logo,489.2,1.716,25.9,https://www.youtube.com/watch?v=DX3wC3LYhpY
22501220,DX3wC3LYhpY,basket-logo,475.0,0.221,36.06,https://www.youtube.com/watch?v=DX3wC3LYhpY
22501220,TEALLnR8Ob0,side-court-logo,524.0,1.207,29.36,https://www.youtube.com/watch?v=TEALLnR8Ob0
22501220,TEALLnR8Ob0,back-court-logo,474.2,1.7749,26.65,https://www.youtube.com/watch?v=TEALLnR8Ob0
22501220,TEALLnR8Ob0,side-court-led-logo,264.0,1.4661,29.6,https://www.youtube.com/watch?v=TEALLnR8Ob0
22501220,TEALLnR8Ob0,basket-logo,455.2,0.2267,36.18,https://www.youtube.com/watch?v=TEALLnR8Ob0
22501220,TEALLnR8Ob0,mid-court-logo,323.8,2.1175,31.47,https://www.youtube.com/watch?v=TEALLnR8Ob0
22500379,M_meBYUy8Is,basket-logo,487.4,0.1746,32.42,https://www.youtube.com/watch?v=M_meBYUy8Is
22500379,M_meBYUy8Is,mid-court-logo,526.0,2.0939,31.6,https://www.youtube.com/watch?v=M_meBYUy8Is
22500379,M_meBYUy8Is,side-court-logo,528.2,0.6869,22.81,https://www.youtube.com/watch?v=M_meBYUy8Is
22500379,M_meBYUy8Is,back-court-logo,501.0,0.9147,20.53,https://www.youtube.com/watch?v=M_meBYUy8Is
22500379,M_meBYUy8Is,side-court-led-logo,414.2,0.7623,35.38,https://www.youtube.com/watch?v=M_meBYUy8Is
22500379,afiWPALIp24,basket-logo,537.74,0.17,33.14,https://www.youtube.com/watch?v=afiWPALIp24
22500379,afiWPALIp24,mid-court-logo,572.17,1.9932,31.14,https://www.youtube.com/watch?v=afiWPALIp24
22500379,afiWPALIp24,side-court-logo,572.97,0.5989,22.49,https://www.youtube.com/watch?v=afiWPALIp24
22500379,afiWPALIp24,back-court-logo,553.95,0.9158,21.8,https://www.youtube.com/watch?v=afiWPALIp24
22500379,afiWPALIp24,side-court-led-logo,472.87,0.7445,34.89,https://www.youtube.com/watch?v=afiWPALIp24
22500379,ZCEEmB6mmZs,side-court-led-logo,366.6,1.0533,31.08,https://www.youtube.com/watch?v=ZCEEmB6mmZs
22500379,ZCEEmB6mmZs,side-court-logo,469.8,0.6306,24.84,https://www.youtube.com/watch?v=ZCEEmB6mmZs
22500379,ZCEEmB6mmZs,mid-court-logo,457.2,1.9759,30.05,https://www.youtube.com/watch?v=ZCEEmB6mmZs
22500379,ZCEEmB6mmZs,back-court-logo,415.0,1.0153,26.14,https://www.youtube.com/watch?v=ZCEEmB6mmZs
22500379,ZCEEmB6mmZs,basket-logo,380.0,0.1846,36.81,https://www.youtube.com/watch?v=ZCEEmB6mmZs
22500379,e5s5tlNLMIw,basket-logo,310.4,0.197,38.35,https://www.youtube.com/watch?v=e5s5tlNLMIw
22500379,e5s5tlNLMIw,side-court-logo,357.2,0.6527,23.93,https://www.youtube.com/watch?v=e5s5tlNLMIw
22500379,e5s5tlNLMIw,back-court-logo,318.6,1.0176,26.97,https://www.youtube.com/watch?v=e5s5tlNLMIw
22500379,e5s5tlNLMIw,mid-court-logo,329.8,1.9302,28.39,https://www.youtube.com/watch?v=e5s5tlNLMIw
22500379,e5s5tlNLMIw,side-court-led-logo,278.0,2.1793,29.17,https://www.youtube.com/watch?v=e5s5tlNLMIw
22500379,CJ4hqXM4fnY,side-court-led-logo,441.2,1.0086,30.82,https://www.youtube.com/watch?v=CJ4hqXM4fnY
22500379,CJ4hqXM4fnY,back-court-logo,468.2,0.8865,26.75,https://www.youtube.com/watch?v=CJ4hqXM4fnY
22500379,CJ4hqXM4fnY,side-court-logo,523.8,0.7146,23.74,https://www.youtube.com/watch?v=CJ4hqXM4fnY
22500379,CJ4hqXM4fnY,basket-logo,434.4,0.1708,37.34,https://www.youtube.com/watch?v=CJ4hqXM4fnY
22500379,CJ4hqXM4fnY,mid-court-logo,497.8,1.8899,27.75,https://www.youtube.com/watch?v=CJ4hqXM4fnY
22500395,uQ06bn04m2w,basket-logo,464.8,0.1648,34.67,https://www.youtube.com/watch?v=uQ06bn04m2w
22500395,uQ06bn04m2w,mid-court-logo,500.2,2.1498,36.92,https://www.youtube.com/watch?v=uQ06bn04m2w
22500395,uQ06bn04m2w,side-court-logo,502.4,0.6249,25.73,https://www.youtube.com/watch?v=uQ06bn04m2w
22500395,uQ06bn04m2w,side-court-led-logo,327.4,0.8483,37.41,https://www.youtube.com/watch?v=uQ06bn04m2w
22500395,xxNCmD1uJig,basket-logo,508.91,0.1581,36.23,https://www.youtube.com/watch?v=xxNCmD1uJig
22500395,xxNCmD1uJig,mid-court-logo,552.55,1.9742,35.69,https://www.youtube.com/watch?v=xxNCmD1uJig
22500395,xxNCmD1uJig,side-court-logo,554.35,0.6024,24.85,https://www.youtube.com/watch?v=xxNCmD1uJig
22500395,xxNCmD1uJig,side-court-led-logo,374.17,0.801,36.14,https://www.youtube.com/watch?v=xxNCmD1uJig
22500395,xxNCmD1uJig,back-court-logo,1.0,0.6405,22.76,https://www.youtube.com/watch?v=xxNCmD1uJig
22500395,MgvIerIcw1M,basket-logo,455.26,0.1516,38.23,https://www.youtube.com/watch?v=MgvIerIcw1M
22500395,MgvIerIcw1M,mid-court-logo,502.1,1.9788,33.28,https://www.youtube.com/watch?v=MgvIerIcw1M
22500395,MgvIerIcw1M,side-court-logo,504.9,0.5682,23.9,https://www.youtube.com/watch?v=MgvIerIcw1M
22500395,MgvIerIcw1M,side-court-led-logo,331.93,0.8695,32.25,https://www.youtube.com/watch?v=MgvIerIcw1M
22500395,MgvIerIcw1M,back-court-logo,0.2,0.7409,15.51,https://www.youtube.com/watch?v=MgvIerIcw1M
22500395,vnAHjb5PUt4,side-court-led-logo,194.8,1.2648,33.35,https://www.youtube.com/watch?v=vnAHjb5PUt4
22500395,vnAHjb5PUt4,side-court-logo,283.6,0.6285,23.99,https://www.youtube.com/watch?v=vnAHjb5PUt4
22500395,vnAHjb5PUt4,mid-court-logo,270.0,2.3179,33.12,https://www.youtube.com/watch?v=vnAHjb5PUt4
22500395,vnAHjb5PUt4,basket-logo,268.2,0.173,37.11,https://www.youtube.com/watch?v=vnAHjb5PUt4
22500395,vnAHjb5PUt4,back-court-logo,11.0,2.0061,27.35,https://www.youtube.com/watch?v=vnAHjb5PUt4
22500395,NnbFA_kZHcI,side-court-led-logo,337.2,1.0925,32.2,https://www.youtube.com/watch?v=NnbFA_kZHcI
22500395,NnbFA_kZHcI,basket-logo,384.8,0.1624,40.25,https://www.youtube.com/watch?v=NnbFA_kZHcI
22500395,NnbFA_kZHcI,side-court-logo,459.0,0.6222,24.03,https://www.youtube.com/watch?v=NnbFA_kZHcI
22500395,NnbFA_kZHcI,mid-court-logo,457.0,2.1912,31.88,https://www.youtube.com/watch?v=NnbFA_kZHcI
22500395,NnbFA_kZHcI,back-court-logo,0.2,0.2095,14.96,https://www.youtube.com/watch?v=NnbFA_kZHcI
22500395,AG0_vDSLnms,side-court-logo,476.0,0.5706,24.53,https://www.youtube.com/watch?v=AG0_vDSLnms
22500395,AG0_vDSLnms,mid-court-logo,474.8,2.1845,32.34,https://www.youtube.com/watch?v=AG0_vDSLnms
22500395,AG0_vDSLnms,side-court-led-logo,387.2,1.0477,35.07,https://www.youtube.com/watch?v=AG0_vDSLnms
22500395,AG0_vDSLnms,basket-logo,392.6,0.1504,36.56,https://www.youtube.com/watch?v=AG0_vDSLnms
22500395,AG0_vDSLnms,back-court-logo,0.2,0.1591,84.38,https://www.youtube.com/watch?v=AG0_vDSLnms
22500395,F7wnr2ZQHW0,basket-logo,259.6,0.1713,39.82,https://www.youtube.com/watch?v=F7wnr2ZQHW0
22500395,F7wnr2ZQHW0,side-court-logo,350.6,0.6437,25.71,https://www.youtube.com/watch?v=F7wnr2ZQHW0
22500395,F7wnr2ZQHW0,mid-court-logo,344.2,2.4811,30.82,https://www.youtube.com/watch?v=F7wnr2ZQHW0
22500395,F7wnr2ZQHW0,side-court-led-logo,297.8,1.5666,32.13,https://www.youtube.com/watch?v=F7wnr2ZQHW0
22500395,F7wnr2ZQHW0,back-court-logo,0.6,0.2128,25.32,https://www.youtube.com/watch?v=F7wnr2ZQHW0
22500392,aT3tw61U65Y,basket-logo,478.2,0.2623,35.7,https://www.youtube.com/watch?v=aT3tw61U65Y
22500392,aT3tw61U65Y,back-court-logo,483.4,2.2613,25.65,https://www.youtube.com/watch?v=aT3tw61U65Y
22500392,aT3tw61U65Y,side-court-logo,513.4,0.7566,28.14,https://www.youtube.com/watch?v=aT3tw61U65Y
22500392,aT3tw61U65Y,mid-court-logo,421.8,2.0971,35.02,https://www.youtube.com/watch?v=aT3tw61U65Y
22500392,aT3tw61U65Y,side-court-led-logo,145.6,2.4836,32.32,https://www.youtube.com/watch?v=aT3tw61U65Y
22500392,7XCW2onjEbI,side-court-led-logo,186.99,1.7338,30.43,https://www.youtube.com/watch?v=7XCW2onjEbI
22500392,7XCW2onjEbI,basket-logo,576.78,0.261,37.23,https://www.youtube.com/watch?v=7XCW2onjEbI
22500392,7XCW2onjEbI,mid-court-logo,509.51,2.0122,33.62,https://www.youtube.com/watch?v=7XCW2onjEbI
22500392,7XCW2onjEbI,back-court-logo,584.98,2.2528,27.18,https://www.youtube.com/watch?v=7XCW2onjEbI
22500392,7XCW2onjEbI,side-court-logo,607.81,0.7229,27.74,https://www.youtube.com/watch?v=7XCW2onjEbI
22500392,Fey65J1SPRs,basket-logo,438.64,0.2582,36.94,https://www.youtube.com/watch?v=Fey65J1SPRs
22500392,Fey65J1SPRs,back-court-logo,444.24,2.2489,27.61,https://www.youtube.com/watch?v=Fey65J1SPRs
22500392,Fey65J1SPRs,side-court-logo,468.87,0.7253,27.85,https://www.youtube.com/watch?v=Fey65J1SPRs
22500392,Fey65J1SPRs,side-court-led-logo,158.56,2.0405,31.57,https://www.youtube.com/watch?v=Fey65J1SPRs
22500392,Fey65J1SPRs,mid-court-logo,402.6,2.0484,34.19,https://www.youtube.com/watch?v=Fey65J1SPRs
22500392,KWCyYDkgKiQ,basket-logo,505.4,0.2691,38.13,https://www.youtube.com/watch?v=KWCyYDkgKiQ
22500392,KWCyYDkgKiQ,back-court-logo,512.0,2.2845,27.58,https://www.youtube.com/watch?v=KWCyYDkgKiQ
22500392,KWCyYDkgKiQ,mid-court-logo,440.0,2.0622,33.07,https://www.youtube.com/watch?v=KWCyYDkgKiQ
22500392,KWCyYDkgKiQ,side-court-led-logo,161.2,1.5588,30.48,https://www.youtube.com/watch?v=KWCyYDkgKiQ
22500392,KWCyYDkgKiQ,side-court-logo,533.8,0.7435,27.36,https://www.youtube.com/watch?v=KWCyYDkgKiQ
22500392,V4iT4uXiKKM,side-court-logo,495.6,0.7511,27.79,https://www.youtube.com/watch?v=V4iT4uXiKKM
22500392,V4iT4uXiKKM,mid-court-logo,425.4,2.3157,30.71,https://www.youtube.com/watch?v=V4iT4uXiKKM
22500392,V4iT4uXiKKM,side-court-led-logo,258.0,2.5374,29.24,https://www.youtube.com/watch?v=V4iT4uXiKKM
22500392,V4iT4uXiKKM,back-court-logo,378.4,2.3292,29.83,https://www.youtube.com/watch?v=V4iT4uXiKKM
22500392,V4iT4uXiKKM,basket-logo,352.8,0.2715,38.0,https://www.youtube.com/watch?v=V4iT4uXiKKM
22500392,z6WENblmrQc,side-court-logo,500.6,0.6954,27.77,https://www.youtube.com/watch?v=z6WENblmrQc
22500392,z6WENblmrQc,back-court-logo,425.4,2.1621,32.8,https://www.youtube.com/watch?v=z6WENblmrQc
22500392,z6WENblmrQc,basket-logo,400.4,0.2577,40.35,https://www.youtube.com/watch?v=z6WENblmrQc
22500392,z6WENblmrQc,side-court-led-logo,230.0,2.2832,27.86,https://www.youtube.com/watch?v=z6WENblmrQc
22500392,z6WENblmrQc,mid-court-logo,461.2,2.2652,30.91,https://www.youtube.com/watch?v=z6WENblmrQc
22500392,GupwnoemWjg,side-court-logo,275.4,0.7368,30.16,https://www.youtube.com/watch?v=GupwnoemWjg
22500392,GupwnoemWjg,mid-court-logo,234.8,2.2038,31.41,https://www.youtube.com/watch?v=GupwnoemWjg
22500392,GupwnoemWjg,side-court-led-logo,130.6,2.4874,26.35,https://www.youtube.com/watch?v=GupwnoemWjg
22500392,GupwnoemWjg,back-court-logo,228.6,2.2262,31.33,https://www.youtube.com/watch?v=GupwnoemWjg
22500392,GupwnoemWjg,basket-logo,247.0,0.258,35.52,https://www.youtube.com/watch?v=GupwnoemWjg
22501212,AjW9GermyTE,basket-logo,506.31,0.1598,33.23,https://www.youtube.com/watch?v=AjW9GermyTE
22501212,AjW9GermyTE,side-court-led-logo,547.95,0.9754,27.23,https://www.youtube.com/watch?v=AjW9GermyTE
22501212,AjW9GermyTE,back-court-logo,517.12,1.3813,22.96,https://www.youtube.com/watch?v=AjW9GermyTE
22501212,AjW9GermyTE,mid-court-logo,390.59,1.5701,30.0,https://www.youtube.com/watch?v=AjW9GermyTE
22501212,AjW9GermyTE,side-court-logo,545.95,0.9437,27.4,https://www.youtube.com/watch?v=AjW9GermyTE
22501212,aorZKcmKcJs,basket-logo,508.2,0.162,34.09,https://www.youtube.com/watch?v=aorZKcmKcJs
22501212,aorZKcmKcJs,side-court-led-logo,554.8,0.9376,26.65,https://www.youtube.com/watch?v=aorZKcmKcJs
22501212,aorZKcmKcJs,back-court-logo,518.6,1.3979,23.31,https://www.youtube.com/watch?v=aorZKcmKcJs
22501212,aorZKcmKcJs,mid-court-logo,406.8,1.6466,29.93,https://www.youtube.com/watch?v=aorZKcmKcJs
22501212,aorZKcmKcJs,side-court-logo,554.0,0.9449,26.62,https://www.youtube.com/watch?v=aorZKcmKcJs
22501207,l52u028Ajhs,mid-court-logo,414.01,2.3088,31.65,https://www.youtube.com/watch?v=l52u028Ajhs
22501207,l52u028Ajhs,side-court-led-logo,326.73,1.5511,28.09,https://www.youtube.com/watch?v=l52u028Ajhs
22501207,l52u028Ajhs,side-court-logo,524.72,1.245,26.77,https://www.youtube.com/watch?v=l52u028Ajhs
22501207,l52u028Ajhs,basket-logo,484.28,0.2027,36.61,https://www.youtube.com/watch?v=l52u028Ajhs
22501207,l52u028Ajhs,back-court-logo,0.2,1.8053,42.36,https://www.youtube.com/watch?v=l52u028Ajhs
22501207,BVAa6d1mmiA,side-court-led-logo,345.95,1.9278,29.24,https://www.youtube.com/watch?v=BVAa6d1mmiA
22501207,BVAa6d1mmiA,side-court-logo,516.32,1.1868,27.29,https://www.youtube.com/watch?v=BVAa6d1mmiA
22501207,BVAa6d1mmiA,mid-court-logo,415.22,2.277,32.41,https://www.youtube.com/watch?v=BVAa6d1mmiA
22501207,BVAa6d1mmiA,basket-logo,451.05,0.2007,35.06,https://www.youtube.com/watch?v=BVAa6d1mmiA
22500385,npTXnl1NsBQ,basket-logo,460.6,0.186,34.14,https://www.youtube.com/watch?v=npTXnl1NsBQ
22500385,npTXnl1NsBQ,back-court-logo,465.0,1.919,22.4,https://www.youtube.com/watch?v=npTXnl1NsBQ
22500385,npTXnl1NsBQ,side-court-logo,464.8,0.4227,29.76,https://www.youtube.com/watch?v=npTXnl1NsBQ
22500385,npTXnl1NsBQ,mid-court-logo,381.2,1.9989,32.06,https://www.youtube.com/watch?v=npTXnl1NsBQ
22500385,npTXnl1NsBQ,side-court-led-logo,233.0,1.1265,30.74,https://www.youtube.com/watch?v=npTXnl1NsBQ
22500385,XfLh_PXgIO4,basket-logo,459.8,0.1867,34.45,https://www.youtube.com/watch?v=XfLh_PXgIO4
22500385,XfLh_PXgIO4,back-court-logo,465.2,1.95,22.42,https://www.youtube.com/watch?v=XfLh_PXgIO4
22500385,XfLh_PXgIO4,side-court-logo,463.4,0.4131,29.01,https://www.youtube.com/watch?v=XfLh_PXgIO4
22500385,XfLh_PXgIO4,mid-court-logo,381.8,2.002,31.66,https://www.youtube.com/watch?v=XfLh_PXgIO4
22500385,XfLh_PXgIO4,side-court-led-logo,231.8,1.1374,30.54,https://www.youtube.com/watch?v=XfLh_PXgIO4
22500385,N9jJBmogT2U,side-court-led-logo,257.2,1.7677,28.42,https://www.youtube.com/watch?v=N9jJBmogT2U
22500385,N9jJBmogT2U,side-court-logo,433.0,0.4602,28.91,https://www.youtube.com/watch?v=N9jJBmogT2U
22500385,N9jJBmogT2U,mid-court-logo,364.0,2.063,29.2,https://www.youtube.com/watch?v=N9jJBmogT2U
22500385,N9jJBmogT2U,back-court-logo,380.8,2.0495,27.52,https://www.youtube.com/watch?v=N9jJBmogT2U
22500385,N9jJBmogT2U,basket-logo,362.0,0.1833,38.69,https://www.youtube.com/watch?v=N9jJBmogT2U
22500385,z9jf7eyNKGg,mid-court-logo,211.8,2.001,28.57,https://www.youtube.com/watch?v=z9jf7eyNKGg
22500385,z9jf7eyNKGg,side-court-led-logo,144.8,1.6568,25.06,https://www.youtube.com/watch?v=z9jf7eyNKGg
22500385,z9jf7eyNKGg,side-court-logo,238.0,0.4374,27.52,https://www.youtube.com/watch?v=z9jf7eyNKGg
22500385,z9jf7eyNKGg,back-court-logo,211.8,1.9119,29.49,https://www.youtube.com/watch?v=z9jf7eyNKGg
22500385,z9jf7eyNKGg,basket-logo,206.2,0.1772,40.37,https://www.youtube.com/watch?v=z9jf7eyNKGg
22500385,zsLT2hslnpA,side-court-led-logo,344.8,1.4593,30.98,https://www.youtube.com/watch?v=zsLT2hslnpA
22500385,zsLT2hslnpA,basket-logo,399.4,0.1627,36.52,https://www.youtube.com/watch?v=zsLT2hslnpA
22500385,zsLT2hslnpA,mid-court-logo,434.8,1.8119,30.01,https://www.youtube.com/watch?v=zsLT2hslnpA
22500385,zsLT2hslnpA,side-court-logo,460.4,0.4153,27.4,https://www.youtube.com/watch?v=zsLT2hslnpA
22500385,zsLT2hslnpA,back-court-logo,412.8,1.7728,27.24,https://www.youtube.com/watch?v=zsLT2hslnpA
22500385,9GNtdSnNuuA,basket-logo,281.8,0.1699,40.49,https://www.youtube.com/watch?v=9GNtdSnNuuA
22500385,9GNtdSnNuuA,mid-court-logo,249.8,1.6324,28.33,https://www.youtube.com/watch?v=9GNtdSnNuuA
22500385,9GNtdSnNuuA,back-court-logo,275.4,1.8645,28.75,https://www.youtube.com/watch?v=9GNtdSnNuuA
22500385,9GNtdSnNuuA,side-court-logo,288.6,0.4311,25.29,https://www.youtube.com/watch?v=9GNtdSnNuuA
22500385,9GNtdSnNuuA,side-court-led-logo,213.6,1.6929,27.26,https://www.youtube.com/watch?v=9GNtdSnNuuA
22500385,twR2qKa1axE,basket-logo,367.2,0.1871,38.86,https://www.youtube.com/watch?v=twR2qKa1axE
22500385,twR2qKa1axE,side-court-led-logo,267.2,1.8233,29.11,https://www.youtube.com/watch?v=twR2qKa1axE
22500385,twR2qKa1axE,side-court-logo,418.0,0.4672,28.14,https://www.youtube.com/watch?v=twR2qKa1axE
22500385,twR2qKa1axE,mid-court-logo,352.8,2.1042,30.0,https://www.youtube.com/watch?v=twR2qKa1axE
22500385,twR2qKa1axE,back-court-logo,384.2,2.1568,27.41,https://www.youtube.com/watch?v=twR2qKa1axE
22501227,Vfq7xxZU6m8,basket-logo,509.91,0.1801,33.99,https://www.youtube.com/watch?v=Vfq7xxZU6m8
22501227,Vfq7xxZU6m8,side-court-logo,537.34,0.9691,24.89,https://www.youtube.com/watch?v=Vfq7xxZU6m8
22501227,Vfq7xxZU6m8,mid-court-logo,534.53,2.8725,34.23,https://www.youtube.com/watch?v=Vfq7xxZU6m8
22501227,Vfq7xxZU6m8,back-court-logo,513.91,1.1101,23.5,https://www.youtube.com/watch?v=Vfq7xxZU6m8
22501227,Vfq7xxZU6m8,side-court-led-logo,229.23,0.7288,34.68,https://www.youtube.com/watch?v=Vfq7xxZU6m8
22501227,6uqW0GtXLeg,side-court-logo,543.14,0.8295,23.87,https://www.youtube.com/watch?v=6uqW0GtXLeg
22501227,6uqW0GtXLeg,mid-court-logo,525.93,2.4216,31.63,https://www.youtube.com/watch?v=6uqW0GtXLeg
22501227,6uqW0GtXLeg,side-court-led-logo,220.22,0.9467,28.09,https://www.youtube.com/watch?v=6uqW0GtXLeg
22501227,6uqW0GtXLeg,back-court-logo,507.31,0.9552,23.06,https://www.youtube.com/watch?v=6uqW0GtXLeg
22501227,6uqW0GtXLeg,basket-logo,498.7,0.1507,32.68,https://www.youtube.com/watch?v=6uqW0GtXLeg
22501227,KVUOGZMHRRc,mid-court-logo,439.44,2.0771,31.91,https://www.youtube.com/watch?v=KVUOGZMHRRc
22501227,KVUOGZMHRRc,side-court-logo,466.47,0.8981,24.27,https://www.youtube.com/watch?v=KVUOGZMHRRc
22501227,KVUOGZMHRRc,side-court-led-logo,179.98,1.0486,28.54,https://www.youtube.com/watch?v=KVUOGZMHRRc
22501227,KVUOGZMHRRc,back-court-logo,439.64,1.0829,22.73,https://www.youtube.com/watch?v=KVUOGZMHRRc
22501227,KVUOGZMHRRc,basket-logo,436.84,0.1748,31.55,https://www.youtube.com/watch?v=KVUOGZMHRRc
22501227,EhSQ811LFCY,basket-logo,507.6,0.174,34.2,https://www.youtube.com/watch?v=EhSQ811LFCY
22501227,EhSQ811LFCY,side-court-led-logo,226.0,0.7111,32.95,https://www.youtube.com/watch?v=EhSQ811LFCY
22501227,EhSQ811LFCY,side-court-logo,537.4,0.9471,25.15,https://www.youtube.com/watch?v=EhSQ811LFCY
22501227,EhSQ811LFCY,mid-court-logo,529.8,2.8299,34.52,https://www.youtube.com/watch?v=EhSQ811LFCY
22501227,EhSQ811LFCY,back-court-logo,515.0,1.1137,24.0,https://www.youtube.com/watch?v=EhSQ811LFCY
22501227,xhNZrOhyCnA,mid-court-logo,202.2,2.5134,30.23,https://www.youtube.com/watch?v=xhNZrOhyCnA
22501227,xhNZrOhyCnA,side-court-logo,211.01,0.8443,23.36,https://www.youtube.com/watch?v=xhNZrOhyCnA
22501227,xhNZrOhyCnA,side-court-led-logo,97.1,1.0007,29.39,https://www.youtube.com/watch?v=xhNZrOhyCnA
22501227,xhNZrOhyCnA,back-court-logo,193.59,0.9998,24.32,https://www.youtube.com/watch?v=xhNZrOhyCnA
22501227,xhNZrOhyCnA,basket-logo,194.39,0.1613,32.61,https://www.youtube.com/watch?v=xhNZrOhyCnA
22500382,iiWKfFJ5ahI,basket-logo,445.85,0.1531,33.1,https://www.youtube.com/watch?v=iiWKfFJ5ahI
22500382,iiWKfFJ5ahI,mid-court-logo,487.09,2.3698,34.15,https://www.youtube.com/watch?v=iiWKfFJ5ahI
22500382,iiWKfFJ5ahI,back-court-logo,455.66,1.239,25.02,https://www.youtube.com/watch?v=iiWKfFJ5ahI
22500382,iiWKfFJ5ahI,side-court-led-logo,343.94,1.0988,36.93,https://www.youtube.com/watch?v=iiWKfFJ5ahI
22500382,iiWKfFJ5ahI,side-court-logo,455.46,0.3308,27.15,https://www.youtube.com/watch?v=iiWKfFJ5ahI
22500382,mPJkIRHbj5I,basket-logo,442.4,0.1538,32.3,https://www.youtube.com/watch?v=mPJkIRHbj5I
22500382,mPJkIRHbj5I,mid-court-logo,482.6,2.3599,35.0,https://www.youtube.com/watch?v=mPJkIRHbj5I
22500382,mPJkIRHbj5I,back-court-logo,451.2,1.2094,23.82,https://www.youtube.com/watch?v=mPJkIRHbj5I
22500382,mPJkIRHbj5I,side-court-logo,458.4,0.3233,27.41,https://www.youtube.com/watch?v=mPJkIRHbj5I
22500382,mPJkIRHbj5I,side-court-led-logo,338.6,0.8712,38.61,https://www.youtube.com/watch?v=mPJkIRHbj5I
22500382,qOjb2PNhhaI,side-court-led-logo,264.8,1.3147,28.7,https://www.youtube.com/watch?v=qOjb2PNhhaI
22500382,qOjb2PNhhaI,mid-court-logo,438.6,2.5852,29.83,https://www.youtube.com/watch?v=qOjb2PNhhaI
22500382,qOjb2PNhhaI,side-court-logo,428.2,0.3483,26.79,https://www.youtube.com/watch?v=qOjb2PNhhaI
22500382,qOjb2PNhhaI,back-court-logo,413.6,1.4394,31.1,https://www.youtube.com/watch?v=qOjb2PNhhaI
22500382,qOjb2PNhhaI,basket-logo,396.0,0.1684,42.24,https://www.youtube.com/watch?v=qOjb2PNhhaI
22500382,l7FkDYr01Xo,mid-court-logo,425.2,2.6409,30.56,https://www.youtube.com/watch?v=l7FkDYr01Xo
22500382,l7FkDYr01Xo,side-court-led-logo,223.0,1.5789,27.32,https://www.youtube.com/watch?v=l7FkDYr01Xo
22500382,l7FkDYr01Xo,side-court-logo,423.0,0.4059,28.76,https://www.youtube.com/watch?v=l7FkDYr01Xo
22500382,l7FkDYr01Xo,back-court-logo,397.2,1.7652,31.1,https://www.youtube.com/watch?v=l7FkDYr01Xo
22500382,l7FkDYr01Xo,basket-logo,378.4,0.1985,41.04,https://www.youtube.com/watch?v=l7FkDYr01Xo
22500382,rJ8SRpPigdc,mid-court-logo,398.4,2.5382,28.95,https://www.youtube.com/watch?v=rJ8SRpPigdc
22500382,rJ8SRpPigdc,side-court-led-logo,243.0,1.2165,27.63,https://www.youtube.com/watch?v=rJ8SRpPigdc
22500382,rJ8SRpPigdc,side-court-logo,363.6,0.3609,26.5,https://www.youtube.com/watch?v=rJ8SRpPigdc
22500382,rJ8SRpPigdc,back-court-logo,399.6,1.5654,31.24,https://www.youtube.com/watch?v=rJ8SRpPigdc
22500382,rJ8SRpPigdc,basket-logo,385.6,0.1847,42.72,https://www.youtube.com/watch?v=rJ8SRpPigdc
22500382,Mwhv8W-BgNg,mid-court-logo,315.6,2.3188,30.72,https://www.youtube.com/watch?v=Mwhv8W-BgNg
22500382,Mwhv8W-BgNg,side-court-led-logo,169.0,1.4495,28.51,https://www.youtube.com/watch?v=Mwhv8W-BgNg
22500382,Mwhv8W-BgNg,side-court-logo,303.0,0.4163,28.48,https://www.youtube.com/watch?v=Mwhv8W-BgNg
22500382,Mwhv8W-BgNg,back-court-logo,342.0,1.6213,29.13,https://www.youtube.com/watch?v=Mwhv8W-BgNg
22500382,Mwhv8W-BgNg,basket-logo,327.6,0.1862,40.64,https://www.youtube.com/watch?v=Mwhv8W-BgNg
22500382,woUxsjCkkJo,basket-logo,283.2,0.1885,38.42,https://www.youtube.com/watch?v=woUxsjCkkJo
22500382,woUxsjCkkJo,back-court-logo,287.2,1.6216,27.37,https://www.youtube.com/watch?v=woUxsjCkkJo
22500382,woUxsjCkkJo,mid-court-logo,278.0,2.3432,31.29,https://www.youtube.com/watch?v=woUxsjCkkJo
22500382,woUxsjCkkJo,side-court-logo,264.0,0.3623,28.4,https://www.youtube.com/watch?v=woUxsjCkkJo
22500382,woUxsjCkkJo,side-court-led-logo,167.8,1.2608,31.65,https://www.youtube.com/watch?v=woUxsjCkkJo
22500405,m_btxxWdYLo,basket-logo,466.27,0.1917,34.94,https://www.youtube.com/watch?v=m_btxxWdYLo
22500405,m_btxxWdYLo,side-court-led-logo,490.69,0.9643,27.85,https://www.youtube.com/watch?v=m_btxxWdYLo
22500405,m_btxxWdYLo,side-court-logo,514.11,1.0348,23.29,https://www.youtube.com/watch?v=m_btxxWdYLo
22500405,m_btxxWdYLo,back-court-logo,475.88,2.257,24.0,https://www.youtube.com/watch?v=m_btxxWdYLo
22500405,m_btxxWdYLo,mid-court-logo,464.06,1.0962,29.85,https://www.youtube.com/watch?v=m_btxxWdYLo
22500405,yM_nt-glPAA,basket-logo,474.6,0.1947,35.21,https://www.youtube.com/watch?v=yM_nt-glPAA
22500405,yM_nt-glPAA,mid-court-logo,472.8,1.0799,30.17,https://www.youtube.com/watch?v=yM_nt-glPAA
22500405,yM_nt-glPAA,side-court-led-logo,509.8,0.9727,28.11,https://www.youtube.com/watch?v=yM_nt-glPAA
22500405,yM_nt-glPAA,back-court-logo,489.6,2.3026,24.78,https://www.youtube.com/watch?v=yM_nt-glPAA
22500405,yM_nt-glPAA,side-court-logo,521.4,1.0375,23.31,https://www.youtube.com/watch?v=yM_nt-glPAA
22500405,iqyDzjWLXSw,basket-logo,453.25,0.184,36.53,https://www.youtube.com/watch?v=iqyDzjWLXSw
22500405,iqyDzjWLXSw,side-court-led-logo,493.89,1.0,27.47,https://www.youtube.com/watch?v=iqyDzjWLXSw
22500405,iqyDzjWLXSw,back-court-logo,463.86,2.2422,25.98,https://www.youtube.com/watch?v=iqyDzjWLXSw
22500405,iqyDzjWLXSw,mid-court-logo,467.67,1.0718,28.59,https://www.youtube.com/watch?v=iqyDzjWLXSw
22500405,iqyDzjWLXSw,side-court-logo,515.72,0.9997,23.61,https://www.youtube.com/watch?v=iqyDzjWLXSw
22500405,b8M0O42tMI0,side-court-led-logo,400.6,1.0813,28.49,https://www.youtube.com/watch?v=b8M0O42tMI0
22500405,b8M0O42tMI0,back-court-logo,349.0,2.4153,26.51,https://www.youtube.com/watch?v=b8M0O42tMI0
22500405,b8M0O42tMI0,mid-court-logo,368.4,1.0826,28.02,https://www.youtube.com/watch?v=b8M0O42tMI0
22500405,b8M0O42tMI0,side-court-logo,404.8,1.0547,23.69,https://www.youtube.com/watch?v=b8M0O42tMI0
22500405,b8M0O42tMI0,basket-logo,346.8,0.1877,36.15,https://www.youtube.com/watch?v=b8M0O42tMI0
22500405,5e2ate4bP14,side-court-led-logo,489.6,0.9998,26.22,https://www.youtube.com/watch?v=5e2ate4bP14
22500405,5e2ate4bP14,mid-court-logo,469.4,0.9843,26.7,https://www.youtube.com/watch?v=5e2ate4bP14
22500405,5e2ate4bP14,side-court-logo,487.4,0.9404,22.4,https://www.youtube.com/watch?v=5e2ate4bP14
22500405,5e2ate4bP14,back-court-logo,428.6,2.123,28.79,https://www.youtube.com/watch?v=5e2ate4bP14
22500405,5e2ate4bP14,basket-logo,399.2,0.173,39.0,https://www.youtube.com/watch?v=5e2ate4bP14
22500405,5EoMDpwM0_0,side-court-led-logo,451.6,1.136,28.15,https://www.youtube.com/watch?v=5EoMDpwM0_0
22500405,5EoMDpwM0_0,basket-logo,370.4,0.1878,38.34,https://www.youtube.com/watch?v=5EoMDpwM0_0
22500405,5EoMDpwM0_0,mid-court-logo,384.0,1.1609,28.57,https://www.youtube.com/watch?v=5EoMDpwM0_0
22500405,5EoMDpwM0_0,side-court-logo,439.0,1.1267,24.82,https://www.youtube.com/watch?v=5EoMDpwM0_0
22500405,5EoMDpwM0_0,back-court-logo,387.4,2.663,29.22,https://www.youtube.com/watch?v=5EoMDpwM0_0
22500405,YGg2o-CdNWU,basket-logo,394.0,0.1874,40.47,https://www.youtube.com/watch?v=YGg2o-CdNWU
22500405,YGg2o-CdNWU,side-court-led-logo,435.0,1.0307,25.83,https://www.youtube.com/watch?v=YGg2o-CdNWU
22500405,YGg2o-CdNWU,mid-court-logo,439.8,1.1617,26.65,https://www.youtube.com/watch?v=YGg2o-CdNWU
22500405,YGg2o-CdNWU,back-court-logo,401.8,2.2272,30.62,https://www.youtube.com/watch?v=YGg2o-CdNWU
22500405,YGg2o-CdNWU,side-court-logo,449.2,1.0493,22.09,https://www.youtube.com/watch?v=YGg2o-CdNWU
22500405,np5yV9JfcnA,basket-logo,157.4,0.156,38.95,https://www.youtube.com/watch?v=np5yV9JfcnA
22500405,np5yV9JfcnA,mid-court-logo,178.4,1.1903,27.01,https://www.youtube.com/watch?v=np5yV9JfcnA
22500405,np5yV9JfcnA,side-court-logo,175.6,0.887,22.21,https://www.youtube.com/watch?v=np5yV9JfcnA
22500405,np5yV9JfcnA,back-court-logo,147.6,2.0313,29.85,https://www.youtube.com/watch?v=np5yV9JfcnA
22500405,np5yV9JfcnA,side-court-led-logo,158.2,0.9693,25.38,https://www.youtube.com/watch?v=np5yV9JfcnA
22500405,9KK3voyf63I,side-court-led-logo,248.0,1.4347,27.73,https://www.youtube.com/watch?v=9KK3voyf63I
22500405,9KK3voyf63I,mid-court-logo,214.4,1.096,28.16,https://www.youtube.com/watch?v=9KK3voyf63I
22500405,9KK3voyf63I,side-court-logo,239.8,1.1068,25.37,https://www.youtube.com/watch?v=9KK3voyf63I
22500405,9KK3voyf63I,back-court-logo,195.0,2.4134,30.03,https://www.youtube.com/watch?v=9KK3voyf63I
22500405,9KK3voyf63I,basket-logo,196.0,0.2149,34.6,https://www.youtube.com/watch?v=9KK3voyf63I
22500405,DJQW1bHahHw,basket-logo,467.4,0.1949,35.13,https://www.youtube.com/watch?v=DJQW1bHahHw
22500405,DJQW1bHahHw,side-court-led-logo,491.6,0.9736,27.92,https://www.youtube.com/watch?v=DJQW1bHahHw
22500405,DJQW1bHahHw,side-court-logo,513.4,1.0525,23.49,https://www.youtube.com/watch?v=DJQW1bHahHw
22500405,DJQW1bHahHw,mid-court-logo,463.2,1.0928,29.91,https://www.youtube.com/watch?v=DJQW1bHahHw
22500405,DJQW1bHahHw,back-court-logo,478.2,2.2524,24.34,https://www.youtube.com/watch?v=DJQW1bHahHw
22501208,WrlWZxYqPhI,side-court-led-logo,486.8,1.0343,32.08,https://www.youtube.com/watch?v=WrlWZxYqPhI
22501208,WrlWZxYqPhI,mid-court-logo,468.2,1.8273,34.32,https://www.youtube.com/watch?v=WrlWZxYqPhI
22501208,WrlWZxYqPhI,side-court-logo,500.0,0.9616,27.47,https://www.youtube.com/watch?v=WrlWZxYqPhI
22501208,WrlWZxYqPhI,basket-logo,461.8,0.2428,34.51,https://www.youtube.com/watch?v=WrlWZxYqPhI
22501208,WrlWZxYqPhI,back-court-logo,0.2,0.1997,68.52,https://www.youtube.com/watch?v=WrlWZxYqPhI
22501208,S_pia9GFYVY,basket-logo,516.52,0.2461,35.95,https://www.youtube.com/watch?v=S_pia9GFYVY
22501208,S_pia9GFYVY,side-court-led-logo,535.34,0.9663,30.44,https://www.youtube.com/watch?v=S_pia9GFYVY
22501208,S_pia9GFYVY,mid-court-logo,532.73,1.715,32.78,https://www.youtube.com/watch?v=S_pia9GFYVY
22501208,S_pia9GFYVY,side-court-logo,549.95,0.9026,25.3,https://www.youtube.com/watch?v=S_pia9GFYVY
22501208,S_pia9GFYVY,back-court-logo,0.6,0.46,27.89,https://www.youtube.com/watch?v=S_pia9GFYVY
22501208,g3hEJNMIWVc,mid-court-logo,510.91,1.6459,31.53,https://www.youtube.com/watch?v=g3hEJNMIWVc
22501208,g3hEJNMIWVc,side-court-led-logo,513.71,1.0292,29.22,https://www.youtube.com/watch?v=g3hEJNMIWVc
22501208,g3hEJNMIWVc,side-court-logo,523.92,0.8795,25.01,https://www.youtube.com/watch?v=g3hEJNMIWVc
22501208,g3hEJNMIWVc,basket-logo,481.08,0.2399,37.14,https://www.youtube.com/watch?v=g3hEJNMIWVc
22500364,cvqimCayboE,basket-logo,475.88,0.2312,34.93,https://www.youtube.com/watch?v=cvqimCayboE
22500364,cvqimCayboE,side-court-led-logo,527.93,1.0094,26.13,https://www.youtube.com/watch?v=cvqimCayboE
22500364,cvqimCayboE,back-court-logo,491.69,1.6977,22.67,https://www.youtube.com/watch?v=cvqimCayboE
22500364,cvqimCayboE,mid-court-logo,376.38,2.0787,29.59,https://www.youtube.com/watch?v=cvqimCayboE
22500364,cvqimCayboE,side-court-logo,1.2,3.121,25.29,https://www.youtube.com/watch?v=cvqimCayboE
22500364,2zrtggwiALA,basket-logo,496.2,0.2308,35.44,https://www.youtube.com/watch?v=2zrtggwiALA
22500364,2zrtggwiALA,mid-court-logo,383.8,2.1567,29.24,https://www.youtube.com/watch?v=2zrtggwiALA
22500364,2zrtggwiALA,side-court-led-logo,548.0,1.0635,25.89,https://www.youtube.com/watch?v=2zrtggwiALA
22500364,2zrtggwiALA,back-court-logo,510.4,1.6955,22.99,https://www.youtube.com/watch?v=2zrtggwiALA
22500364,2zrtggwiALA,side-court-logo,0.4,0.2348,52.06,https://www.youtube.com/watch?v=2zrtggwiALA
22500407,7uP64vbed2o,basket-logo,440.0,0.2703,35.86,https://www.youtube.com/watch?v=7uP64vbed2o
22500407,7uP64vbed2o,mid-court-logo,393.4,2.0516,30.9,https://www.youtube.com/watch?v=7uP64vbed2o
22500407,7uP64vbed2o,back-court-logo,457.4,2.1336,25.59,https://www.youtube.com/watch?v=7uP64vbed2o
22500407,7uP64vbed2o,side-court-logo,504.2,0.6022,27.13,https://www.youtube.com/watch?v=7uP64vbed2o
22500407,7uP64vbed2o,side-court-led-logo,208.6,1.8613,27.16,https://www.youtube.com/watch?v=7uP64vbed2o
22500407,TMnusNoe1Jg,side-court-led-logo,224.22,1.5987,28.95,https://www.youtube.com/watch?v=TMnusNoe1Jg
22500407,TMnusNoe1Jg,back-court-logo,525.73,2.0629,25.44,https://www.youtube.com/watch?v=TMnusNoe1Jg
22500407,TMnusNoe1Jg,basket-logo,520.72,0.2665,36.25,https://www.youtube.com/watch?v=TMnusNoe1Jg
22500407,TMnusNoe1Jg,side-court-logo,557.56,0.5828,26.62,https://www.youtube.com/watch?v=TMnusNoe1Jg
22500407,TMnusNoe1Jg,mid-court-logo,460.26,1.9179,31.65,https://www.youtube.com/watch?v=TMnusNoe1Jg
22500407,7_jAfZ37Gqg,mid-court-logo,422.22,1.9294,30.67,https://www.youtube.com/watch?v=7_jAfZ37Gqg
22500407,7_jAfZ37Gqg,side-court-logo,491.09,0.5823,27.09,https://www.youtube.com/watch?v=7_jAfZ37Gqg
22500407,7_jAfZ37Gqg,side-court-led-logo,220.62,1.855,26.72,https://www.youtube.com/watch?v=7_jAfZ37Gqg
22500407,7_jAfZ37Gqg,back-court-logo,455.46,2.0485,26.78,https://www.youtube.com/watch?v=7_jAfZ37Gqg
22500407,7_jAfZ37Gqg,basket-logo,441.04,0.2594,37.17,https://www.youtube.com/watch?v=7_jAfZ37Gqg
22500407,nn7m7PXJBdE,basket-logo,439.2,0.2761,37.01,https://www.youtube.com/watch?v=nn7m7PXJBdE
22500407,nn7m7PXJBdE,back-court-logo,457.0,2.1762,26.01,https://www.youtube.com/watch?v=nn7m7PXJBdE
22500407,nn7m7PXJBdE,mid-court-logo,392.2,2.0778,29.98,https://www.youtube.com/watch?v=nn7m7PXJBdE
22500407,nn7m7PXJBdE,side-court-logo,501.8,0.6239,25.78,https://www.youtube.com/watch?v=nn7m7PXJBdE
22500407,nn7m7PXJBdE,side-court-led-logo,208.0,1.8863,27.83,https://www.youtube.com/watch?v=nn7m7PXJBdE
22500407,emKgcBgsAM8,side-court-logo,417.4,0.537,24.63,https://www.youtube.com/watch?v=emKgcBgsAM8
22500407,emKgcBgsAM8,basket-logo,385.8,0.2373,41.19,https://www.youtube.com/watch?v=emKgcBgsAM8
22500407,emKgcBgsAM8,side-court-led-logo,284.6,1.6649,28.79,https://www.youtube.com/watch?v=emKgcBgsAM8
22500407,emKgcBgsAM8,back-court-logo,404.2,1.9733,31.72,https://www.youtube.com/watch?v=emKgcBgsAM8
22500407,emKgcBgsAM8,mid-court-logo,408.6,1.854,27.49,https://www.youtube.com/watch?v=emKgcBgsAM8
22500407,4b9EvDNyAE0,side-court-led-logo,299.6,1.8746,27.62,https://www.youtube.com/watch?v=4b9EvDNyAE0
22500407,4b9EvDNyAE0,mid-court-logo,411.4,1.9133,28.08,https://www.youtube.com/watch?v=4b9EvDNyAE0
22500407,4b9EvDNyAE0,side-court-logo,384.8,0.4971,26.08,https://www.youtube.com/watch?v=4b9EvDNyAE0
22500407,4b9EvDNyAE0,back-court-logo,359.8,1.8348,30.47,https://www.youtube.com/watch?v=4b9EvDNyAE0
22500407,4b9EvDNyAE0,basket-logo,345.6,0.2373,38.93,https://www.youtube.com/watch?v=4b9EvDNyAE0
22500407,2z-V6wCa3gI,side-court-led-logo,169.0,1.8685,28.08,https://www.youtube.com/watch?v=2z-V6wCa3gI
22500407,2z-V6wCa3gI,mid-court-logo,253.0,1.8209,29.86,https://www.youtube.com/watch?v=2z-V6wCa3gI
22500407,2z-V6wCa3gI,side-court-logo,266.2,0.5033,26.9,https://www.youtube.com/watch?v=2z-V6wCa3gI
22500407,2z-V6wCa3gI,back-court-logo,241.4,1.7974,28.91,https://www.youtube.com/watch?v=2z-V6wCa3gI
22500407,2z-V6wCa3gI,basket-logo,237.8,0.2309,38.95,https://www.youtube.com/watch?v=2z-V6wCa3gI
22500407,hOBNF8VAv8U,side-court-led-logo,250.4,2.1075,28.33,https://www.youtube.com/watch?v=hOBNF8VAv8U
22500407,hOBNF8VAv8U,basket-logo,385.4,0.2623,36.8,https://www.youtube.com/watch?v=hOBNF8VAv8U
22500407,hOBNF8VAv8U,mid-court-logo,410.6,1.926,30.0,https://www.youtube.com/watch?v=hOBNF8VAv8U
22500407,hOBNF8VAv8U,back-court-logo,407.2,2.1022,27.49,https://www.youtube.com/watch?v=hOBNF8VAv8U
22500407,hOBNF8VAv8U,side-court-logo,453.0,0.5539,26.64,https://www.youtube.com/watch?v=hOBNF8VAv8U
22500407,BBj3TRb5S8c,basket-logo,245.6,0.267,37.82,https://www.youtube.com/watch?v=BBj3TRb5S8c
22500407,BBj3TRb5S8c,mid-court-logo,248.0,1.805,30.82,https://www.youtube.com/watch?v=BBj3TRb5S8c
22500407,BBj3TRb5S8c,back-court-logo,237.6,2.1347,28.91,https://www.youtube.com/watch?v=BBj3TRb5S8c
22500407,BBj3TRb5S8c,side-court-logo,256.2,0.539,28.91,https://www.youtube.com/watch?v=BBj3TRb5S8c
22500407,BBj3TRb5S8c,side-court-led-logo,146.2,1.9675,27.97,https://www.youtube.com/watch?v=BBj3TRb5S8c
22500407,XXELGVheibg,side-court-led-logo,310.8,2.0719,25.94,https://www.youtube.com/watch?v=XXELGVheibg
22500407,XXELGVheibg,mid-court-logo,432.6,1.9661,27.01,https://www.youtube.com/watch?v=XXELGVheibg
22500407,XXELGVheibg,back-court-logo,377.0,1.8438,32.64,https://www.youtube.com/watch?v=XXELGVheibg
22500407,XXELGVheibg,side-court-logo,430.0,0.5351,25.21,https://www.youtube.com/watch?v=XXELGVheibg
22500407,XXELGVheibg,basket-logo,352.6,0.2397,41.04,https://www.youtube.com/watch?v=XXELGVheibg
22500363,E4mdQEFXyOo,basket-logo,414.2,0.2094,35.49,https://www.youtube.com/watch?v=E4mdQEFXyOo
22500363,E4mdQEFXyOo,back-court-logo,430.8,1.0602,23.31,https://www.youtube.com/watch?v=E4mdQEFXyOo
22500363,E4mdQEFXyOo,mid-court-logo,370.4,2.3578,30.08,https://www.youtube.com/watch?v=E4mdQEFXyOo
22500363,E4mdQEFXyOo,side-court-logo,460.0,0.789,26.42,https://www.youtube.com/watch?v=E4mdQEFXyOo
22500363,E4mdQEFXyOo,side-court-led-logo,222.4,2.8744,26.07,https://www.youtube.com/watch?v=E4mdQEFXyOo
22501206,U7NJ3bAS3uo,side-court-logo,516.12,0.8623,27.43,https://www.youtube.com/watch?v=U7NJ3bAS3uo
22501206,U7NJ3bAS3uo,mid-court-logo,356.76,1.4428,25.43,https://www.youtube.com/watch?v=U7NJ3bAS3uo
22501206,U7NJ3bAS3uo,side-court-led-logo,460.26,0.8451,27.76,https://www.youtube.com/watch?v=U7NJ3bAS3uo
22501206,U7NJ3bAS3uo,back-court-logo,489.89,1.2987,26.36,https://www.youtube.com/watch?v=U7NJ3bAS3uo
22501206,U7NJ3bAS3uo,basket-logo,479.28,0.2,37.9,https://www.youtube.com/watch?v=U7NJ3bAS3uo
22501206,pco0qNhNnsg,basket-logo,447.45,0.1877,39.77,https://www.youtube.com/watch?v=pco0qNhNnsg
22501206,pco0qNhNnsg,side-court-led-logo,452.25,0.9364,26.54,https://www.youtube.com/watch?v=pco0qNhNnsg
22501206,pco0qNhNnsg,side-court-logo,493.49,0.8296,26.92,https://www.youtube.com/watch?v=pco0qNhNnsg
22501206,pco0qNhNnsg,mid-court-logo,368.17,1.436,23.56,https://www.youtube.com/watch?v=pco0qNhNnsg
22501206,pco0qNhNnsg,back-court-logo,456.26,1.2184,29.4,https://www.youtube.com/watch?v=pco0qNhNnsg
22501206,dNlnMk6n608,side-court-logo,362.8,2.4706,34.18,https://www.youtube.com/watch?v=dNlnMk6n608
22501206,dNlnMk6n608,side-court-led-logo,297.6,2.6728,32.82,https://www.youtube.com/watch?v=dNlnMk6n608
22501206,dNlnMk6n608,mid-court-logo,278.6,4.2669,26.87,https://www.youtube.com/watch?v=dNlnMk6n608
22501206,dNlnMk6n608,back-court-logo,229.6,5.207,27.72,https://www.youtube.com/watch?v=dNlnMk6n608
22501206,dNlnMk6n608,basket-logo,136.4,0.6754,34.93,https://www.youtube.com/watch?v=dNlnMk6n608
22500366,3N1KfHl-7mk,basket-logo,482.08,0.142,33.35,https://www.youtube.com/watch?v=3N1KfHl-7mk
22500366,3N1KfHl-7mk,side-court-led-logo,395.8,1.4614,32.54,https://www.youtube.com/watch?v=3N1KfHl-7mk
22500366,3N1KfHl-7mk,side-court-logo,522.12,1.0977,26.84,https://www.youtube.com/watch?v=3N1KfHl-7mk
22500366,3N1KfHl-7mk,mid-court-logo,453.85,1.9262,33.24,https://www.youtube.com/watch?v=3N1KfHl-7mk
22500366,BveUV_Y3TbM,basket-logo,477.8,0.1464,33.42,https://www.youtube.com/watch?v=BveUV_Y3TbM
22500366,BveUV_Y3TbM,side-court-led-logo,390.2,1.3574,32.39,https://www.youtube.com/watch?v=BveUV_Y3TbM
22500366,BveUV_Y3TbM,side-court-logo,516.0,1.1172,26.03,https://www.youtube.com/watch?v=BveUV_Y3TbM
22500366,BveUV_Y3TbM,mid-court-logo,454.0,1.9255,32.86,https://www.youtube.com/watch?v=BveUV_Y3TbM
22500367,PKa92Fd4VI0,basket-logo,457.26,0.214,33.91,https://www.youtube.com/watch?v=PKa92Fd4VI0
22500367,PKa92Fd4VI0,side-court-led-logo,403.0,2.0191,29.94,https://www.youtube.com/watch?v=PKa92Fd4VI0
22500367,PKa92Fd4VI0,mid-court-logo,468.47,2.0835,30.77,https://www.youtube.com/watch?v=PKa92Fd4VI0
22500367,PKa92Fd4VI0,back-court-logo,473.07,1.3754,24.08,https://www.youtube.com/watch?v=PKa92Fd4VI0
22500367,PKa92Fd4VI0,side-court-logo,503.1,0.9306,24.21,https://www.youtube.com/watch?v=PKa92Fd4VI0
22500367,nidYkNOO1JA,mid-court-logo,475.0,2.0884,29.94,https://www.youtube.com/watch?v=nidYkNOO1JA
22500367,nidYkNOO1JA,side-court-led-logo,393.2,1.4975,28.86,https://www.youtube.com/watch?v=nidYkNOO1JA
22500367,nidYkNOO1JA,side-court-logo,514.6,0.9524,24.18,https://www.youtube.com/watch?v=nidYkNOO1JA
22500367,nidYkNOO1JA,back-court-logo,479.8,1.404,24.01,https://www.youtube.com/watch?v=nidYkNOO1JA
22500367,nidYkNOO1JA,basket-logo,465.0,0.2192,33.92,https://www.youtube.com/watch?v=nidYkNOO1JA
22500367,se4zjssg3Hc,basket-logo,228.6,0.2124,34.92,https://www.youtube.com/watch?v=se4zjssg3Hc
22500367,se4zjssg3Hc,back-court-logo,242.6,1.3821,26.78,https://www.youtube.com/watch?v=se4zjssg3Hc
22500367,se4zjssg3Hc,mid-court-logo,268.4,2.0684,29.71,https://www.youtube.com/watch?v=se4zjssg3Hc
22500367,se4zjssg3Hc,side-court-led-logo,241.2,1.7912,29.77,https://www.youtube.com/watch?v=se4zjssg3Hc
22500367,se4zjssg3Hc,side-court-logo,264.2,0.8843,25.04,https://www.youtube.com/watch?v=se4zjssg3Hc
22500367,PA_S2jCAah0,basket-logo,234.6,0.1879,35.75,https://www.youtube.com/watch?v=PA_S2jCAah0
22500367,PA_S2jCAah0,mid-court-logo,247.2,2.0264,28.02,https://www.youtube.com/watch?v=PA_S2jCAah0
22500367,PA_S2jCAah0,back-court-logo,239.8,1.2328,26.89,https://www.youtube.com/watch?v=PA_S2jCAah0
22500367,PA_S2jCAah0,side-court-logo,232.4,0.8113,22.4,https://www.youtube.com/watch?v=PA_S2jCAah0
22500367,PA_S2jCAah0,side-court-led-logo,231.6,2.652,28.53,https://www.youtube.com/watch?v=PA_S2jCAah0
22500367,k6pmA7hTzmQ,basket-logo,333.4,0.2097,40.4,https://www.youtube.com/watch?v=k6pmA7hTzmQ
22500367,k6pmA7hTzmQ,mid-court-logo,373.8,2.2333,27.88,https://www.youtube.com/watch?v=k6pmA7hTzmQ
22500367,k6pmA7hTzmQ,side-court-led-logo,335.0,1.5079,26.85,https://www.youtube.com/watch?v=k6pmA7hTzmQ
22500367,k6pmA7hTzmQ,back-court-logo,340.2,1.3625,30.34,https://www.youtube.com/watch?v=k6pmA7hTzmQ
22500367,k6pmA7hTzmQ,side-court-logo,348.6,0.8665,22.58,https://www.youtube.com/watch?v=k6pmA7hTzmQ
22500367,wHDAEBsmJsE,mid-court-logo,218.0,2.1484,28.32,https://www.youtube.com/watch?v=wHDAEBsmJsE
22500367,wHDAEBsmJsE,side-court-led-logo,206.0,1.7713,26.83,https://www.youtube.com/watch?v=wHDAEBsmJsE
22500367,wHDAEBsmJsE,side-court-logo,200.8,0.9103,23.23,https://www.youtube.com/watch?v=wHDAEBsmJsE
22500367,wHDAEBsmJsE,back-court-logo,196.4,1.4767,30.41,https://www.youtube.com/watch?v=wHDAEBsmJsE
22500367,wHDAEBsmJsE,basket-logo,211.4,0.2161,39.49,https://www.youtube.com/watch?v=wHDAEBsmJsE
22500351,GD8-Jec_WDA,basket-logo,511.91,0.1542,31.32,https://www.youtube.com/watch?v=GD8-Jec_WDA
22500351,GD8-Jec_WDA,mid-court-logo,462.46,1.5626,31.25,https://www.youtube.com/watch?v=GD8-Jec_WDA
22500351,GD8-Jec_WDA,back-court-logo,528.13,1.2672,20.86,https://www.youtube.com/watch?v=GD8-Jec_WDA
22500351,GD8-Jec_WDA,side-court-logo,540.14,0.8859,26.19,https://www.youtube.com/watch?v=GD8-Jec_WDA
22500351,GD8-Jec_WDA,side-court-led-logo,528.73,0.8156,26.67,https://www.youtube.com/watch?v=GD8-Jec_WDA
22501203,_tdeuGOvPYI,basket-logo,463.4,0.1495,30.05,https://www.youtube.com/watch?v=_tdeuGOvPYI
22501203,_tdeuGOvPYI,side-court-led-logo,381.0,1.5439,33.74,https://www.youtube.com/watch?v=_tdeuGOvPYI
22501203,_tdeuGOvPYI,back-court-logo,325.4,1.1623,17.7,https://www.youtube.com/watch?v=_tdeuGOvPYI
22501203,_tdeuGOvPYI,mid-court-logo,213.6,1.4033,29.9,https://www.youtube.com/watch?v=_tdeuGOvPYI
22501203,_tdeuGOvPYI,side-court-logo,172.2,0.5734,25.04,https://www.youtube.com/watch?v=_tdeuGOvPYI
22501203,NioshkGjoSY,basket-logo,462.6,0.148,29.77,https://www.youtube.com/watch?v=NioshkGjoSY
22501203,NioshkGjoSY,side-court-led-logo,380.6,1.636,33.58,https://www.youtube.com/watch?v=NioshkGjoSY
22501203,NioshkGjoSY,back-court-logo,345.6,1.1702,18.39,https://www.youtube.com/watch?v=NioshkGjoSY
22501203,NioshkGjoSY,side-court-logo,216.0,0.5939,24.78,https://www.youtube.com/watch?v=NioshkGjoSY
22501203,NioshkGjoSY,mid-court-logo,217.8,1.607,29.25,https://www.youtube.com/watch?v=NioshkGjoSY
22501203,lD0bEh3T4_Q,side-court-led-logo,200.4,2.0051,32.93,https://www.youtube.com/watch?v=lD0bEh3T4_Q
22501203,lD0bEh3T4_Q,back-court-logo,165.8,1.168,18.57,https://www.youtube.com/watch?v=lD0bEh3T4_Q
22501203,lD0bEh3T4_Q,side-court-logo,83.2,0.551,24.49,https://www.youtube.com/watch?v=lD0bEh3T4_Q
22501203,lD0bEh3T4_Q,mid-court-logo,120.8,1.2205,31.1,https://www.youtube.com/watch?v=lD0bEh3T4_Q
22501203,lD0bEh3T4_Q,basket-logo,224.4,0.1456,30.05,https://www.youtube.com/watch?v=lD0bEh3T4_Q
22501203,CnRenEJ8aWw,basket-logo,401.2,0.1671,39.06,https://www.youtube.com/watch?v=CnRenEJ8aWw
22501203,CnRenEJ8aWw,side-court-led-logo,419.6,1.7486,30.48,https://www.youtube.com/watch?v=CnRenEJ8aWw
22501203,CnRenEJ8aWw,mid-court-logo,232.2,1.6587,26.76,https://www.youtube.com/watch?v=CnRenEJ8aWw
22501203,CnRenEJ8aWw,back-court-logo,237.8,1.6053,28.03,https://www.youtube.com/watch?v=CnRenEJ8aWw
22501203,CnRenEJ8aWw,side-court-logo,135.0,0.5473,25.43,https://www.youtube.com/watch?v=CnRenEJ8aWw
22500350,gmqrSu9GO0U,side-court-led-logo,466.87,1.2133,34.62,https://www.youtube.com/watch?v=gmqrSu9GO0U
22500350,gmqrSu9GO0U,mid-court-logo,505.11,2.0411,31.65,https://www.youtube.com/watch?v=gmqrSu9GO0U
22500350,gmqrSu9GO0U,side-court-logo,493.49,0.5847,23.74,https://www.youtube.com/watch?v=gmqrSu9GO0U
22500350,gmqrSu9GO0U,back-court-logo,472.47,0.6285,22.06,https://www.youtube.com/watch?v=gmqrSu9GO0U
22500350,gmqrSu9GO0U,basket-logo,480.88,0.1585,34.36,https://www.youtube.com/watch?v=gmqrSu9GO0U
22500360,Kr0tTOOFF-Q,side-court-led-logo,457.06,2.4207,31.37,https://www.youtube.com/watch?v=Kr0tTOOFF-Q
22500360,Kr0tTOOFF-Q,basket-logo,463.46,0.1774,35.05,https://www.youtube.com/watch?v=Kr0tTOOFF-Q
22500360,Kr0tTOOFF-Q,back-court-logo,475.68,1.9573,24.47,https://www.youtube.com/watch?v=Kr0tTOOFF-Q
22500360,Kr0tTOOFF-Q,side-court-logo,514.71,1.0197,28.01,https://www.youtube.com/watch?v=Kr0tTOOFF-Q
22500360,Kr0tTOOFF-Q,mid-court-logo,335.74,2.0687,27.74,https://www.youtube.com/watch?v=Kr0tTOOFF-Q
22500360,MIgTpPClRkg,basket-logo,464.6,0.18,34.81,https://www.youtube.com/watch?v=MIgTpPClRkg
22500360,MIgTpPClRkg,side-court-led-logo,457.0,2.4582,31.54,https://www.youtube.com/watch?v=MIgTpPClRkg
22500360,MIgTpPClRkg,back-court-logo,477.0,1.9778,23.87,https://www.youtube.com/watch?v=MIgTpPClRkg
22500360,MIgTpPClRkg,side-court-logo,516.2,1.0409,27.49,https://www.youtube.com/watch?v=MIgTpPClRkg
22500360,MIgTpPClRkg,mid-court-logo,337.2,2.0878,27.58,https://www.youtube.com/watch?v=MIgTpPClRkg
22500358,qJH5gtw-jWg,side-court-led-logo,507.51,1.0391,28.13,https://www.youtube.com/watch?v=qJH5gtw-jWg
22500358,qJH5gtw-jWg,mid-court-logo,491.29,2.0519,31.68,https://www.youtube.com/watch?v=qJH5gtw-jWg
22500358,qJH5gtw-jWg,side-court-logo,506.31,0.6508,18.33,https://www.youtube.com/watch?v=qJH5gtw-jWg
22500358,qJH5gtw-jWg,back-court-logo,475.28,1.4631,22.37,https://www.youtube.com/watch?v=qJH5gtw-jWg
22500358,qJH5gtw-jWg,basket-logo,454.65,0.2476,35.61,https://www.youtube.com/watch?v=qJH5gtw-jWg
22500358,89OwOGuekm4,side-court-led-logo,508.91,1.0532,28.26,https://www.youtube.com/watch?v=89OwOGuekm4
22500358,89OwOGuekm4,mid-court-logo,488.09,2.1018,30.52,https://www.youtube.com/watch?v=89OwOGuekm4
22500358,89OwOGuekm4,side-court-logo,496.9,0.6517,19.37,https://www.youtube.com/watch?v=89OwOGuekm4
22500358,89OwOGuekm4,back-court-logo,454.25,1.3934,23.68,https://www.youtube.com/watch?v=89OwOGuekm4
22500358,89OwOGuekm4,basket-logo,430.63,0.2491,36.21,https://www.youtube.com/watch?v=89OwOGuekm4
22500358,qiTWOyzOCYA,side-court-led-logo,489.89,0.9221,28.73,https://www.youtube.com/watch?v=qiTWOyzOCYA
22500358,qiTWOyzOCYA,back-court-logo,427.03,1.43,23.08,https://www.youtube.com/watch?v=qiTWOyzOCYA
22500358,qiTWOyzOCYA,mid-court-logo,464.86,1.7558,30.98,https://www.youtube.com/watch?v=qiTWOyzOCYA
22500358,qiTWOyzOCYA,basket-logo,384.98,0.2399,34.99,https://www.youtube.com/watch?v=qiTWOyzOCYA
22500358,qiTWOyzOCYA,side-court-logo,483.28,0.6391,18.94,https://www.youtube.com/watch?v=qiTWOyzOCYA
22501228,dJxAf6t8iAQ,basket-logo,465.67,0.2012,31.15,https://www.youtube.com/watch?v=dJxAf6t8iAQ
22501228,dJxAf6t8iAQ,mid-court-logo,492.29,2.5456,33.81,https://www.youtube.com/watch?v=dJxAf6t8iAQ
22501228,dJxAf6t8iAQ,back-court-logo,471.47,1.687,22.77,https://www.youtube.com/watch?v=dJxAf6t8iAQ
22501228,dJxAf6t8iAQ,side-court-led-logo,366.77,0.856,39.89,https://www.youtube.com/watch?v=dJxAf6t8iAQ
22501228,dJxAf6t8iAQ,side-court-logo,5.21,0.4248,49.38,https://www.youtube.com/watch?v=dJxAf6t8iAQ
22501228,RNOBYyjA3kE,basket-logo,580.58,0.2016,33.83,https://www.youtube.com/watch?v=RNOBYyjA3kE
22501228,RNOBYyjA3kE,back-court-logo,586.99,1.7642,25.08,https://www.youtube.com/watch?v=RNOBYyjA3kE
22501228,RNOBYyjA3kE,mid-court-logo,605.41,2.5757,31.38,https://www.youtube.com/watch?v=RNOBYyjA3kE
22501228,RNOBYyjA3kE,side-court-led-logo,460.66,0.9473,37.1,https://www.youtube.com/watch?v=RNOBYyjA3kE
22501228,RNOBYyjA3kE,side-court-logo,5.61,0.3186,49.46,https://www.youtube.com/watch?v=RNOBYyjA3kE
22501228,53wjMhd1YyI,side-court-led-logo,321.72,1.1014,37.56,https://www.youtube.com/watch?v=53wjMhd1YyI
22501228,53wjMhd1YyI,mid-court-logo,441.24,2.6101,32.63,https://www.youtube.com/watch?v=53wjMhd1YyI
22501228,53wjMhd1YyI,back-court-logo,427.23,1.8231,24.25,https://www.youtube.com/watch?v=53wjMhd1YyI
22501228,53wjMhd1YyI,basket-logo,418.02,0.1963,32.2,https://www.youtube.com/watch?v=53wjMhd1YyI
22501228,53wjMhd1YyI,side-court-logo,5.21,0.6823,44.9,https://www.youtube.com/watch?v=53wjMhd1YyI
22501228,nibVOdTHtOM,side-court-led-logo,393.4,1.2074,32.95,https://www.youtube.com/watch?v=nibVOdTHtOM
22501228,nibVOdTHtOM,mid-court-logo,459.2,2.401,29.19,https://www.youtube.com/watch?v=nibVOdTHtOM
22501228,nibVOdTHtOM,back-court-logo,404.4,1.7,28.72,https://www.youtube.com/watch?v=nibVOdTHtOM
22501228,nibVOdTHtOM,basket-logo,388.4,0.1863,34.31,https://www.youtube.com/watch?v=nibVOdTHtOM
22501228,nibVOdTHtOM,side-court-logo,9.8,0.9873,28.74,https://www.youtube.com/watch?v=nibVOdTHtOM
22501228,v1Y8l4h92Z4,basket-logo,240.8,0.2029,37.31,https://www.youtube.com/watch?v=v1Y8l4h92Z4
22501228,v1Y8l4h92Z4,mid-court-logo,297.4,2.695,30.33,https://www.youtube.com/watch?v=v1Y8l4h92Z4
22501228,v1Y8l4h92Z4,back-court-logo,255.8,1.8058,31.31,https://www.youtube.com/watch?v=v1Y8l4h92Z4
22501228,v1Y8l4h92Z4,side-court-led-logo,231.4,1.2367,33.29,https://www.youtube.com/watch?v=v1Y8l4h92Z4
22501228,v1Y8l4h92Z4,side-court-logo,1.8,0.1087,50.55,https://www.youtube.com/watch?v=v1Y8l4h92Z4
22501228,1X-L_iLClec,side-court-led-logo,367.8,1.0513,33.09,https://www.youtube.com/watch?v=1X-L_iLClec
22501228,1X-L_iLClec,mid-court-logo,453.6,2.4347,27.63,https://www.youtube.com/watch?v=1X-L_iLClec
22501228,1X-L_iLClec,back-court-logo,397.6,1.5641,29.62,https://www.youtube.com/watch?v=1X-L_iLClec
22501228,1X-L_iLClec,basket-logo,385.2,0.1905,37.67,https://www.youtube.com/watch?v=1X-L_iLClec
22501228,1X-L_iLClec,side-court-logo,2.4,0.6906,34.64,https://www.youtube.com/watch?v=1X-L_iLClec
22500365,A3F_6V2n8t0,basket-logo,491.69,0.1971,32.48,https://www.youtube.com/watch?v=A3F_6V2n8t0
22500365,A3F_6V2n8t0,side-court-led-logo,276.68,1.2439,33.14,https://www.youtube.com/watch?v=A3F_6V2n8t0
22500365,A3F_6V2n8t0,mid-court-logo,310.11,1.7497,32.68,https://www.youtube.com/watch?v=A3F_6V2n8t0
22500365,A3F_6V2n8t0,side-court-logo,511.71,0.4954,28.06,https://www.youtube.com/watch?v=A3F_6V2n8t0
22500365,A3F_6V2n8t0,back-court-logo,499.3,2.2346,24.28,https://www.youtube.com/watch?v=A3F_6V2n8t0
22500365,EiPXbyAQsF0,basket-logo,543.54,0.1896,34.27,https://www.youtube.com/watch?v=EiPXbyAQsF0
22500365,EiPXbyAQsF0,side-court-led-logo,331.33,1.211,32.34,https://www.youtube.com/watch?v=EiPXbyAQsF0
22500365,EiPXbyAQsF0,side-court-logo,554.95,0.468,26.83,https://www.youtube.com/watch?v=EiPXbyAQsF0
22500365,EiPXbyAQsF0,back-court-logo,552.95,2.1688,25.81,https://www.youtube.com/watch?v=EiPXbyAQsF0
22500365,EiPXbyAQsF0,mid-court-logo,375.38,1.8801,31.74,https://www.youtube.com/watch?v=EiPXbyAQsF0
22500365,YhTbteJ8Apo,side-court-led-logo,224.0,1.9864,31.15,https://www.youtube.com/watch?v=YhTbteJ8Apo
22500365,YhTbteJ8Apo,side-court-logo,273.8,0.4128,26.15,https://www.youtube.com/watch?v=YhTbteJ8Apo
22500365,YhTbteJ8Apo,back-court-logo,265.4,2.2597,29.67,https://www.youtube.com/watch?v=YhTbteJ8Apo
22500365,YhTbteJ8Apo,mid-court-logo,186.6,1.6705,27.65,https://www.youtube.com/watch?v=YhTbteJ8Apo
22500365,YhTbteJ8Apo,basket-logo,275.0,0.1871,37.29,https://www.youtube.com/watch?v=YhTbteJ8Apo
22500359,iqunnO8BtHM,basket-logo,491.69,0.1888,33.59,https://www.youtube.com/watch?v=iqunnO8BtHM
22500359,iqunnO8BtHM,side-court-led-logo,512.11,0.7357,25.39,https://www.youtube.com/watch?v=iqunnO8BtHM
22500359,iqunnO8BtHM,mid-court-logo,487.69,1.4547,30.96,https://www.youtube.com/watch?v=iqunnO8BtHM
22500359,iqunnO8BtHM,side-court-logo,510.51,0.6113,22.46,https://www.youtube.com/watch?v=iqunnO8BtHM
22500359,iqunnO8BtHM,back-court-logo,487.29,0.6741,22.17,https://www.youtube.com/watch?v=iqunnO8BtHM
22500359,FL5h1DsfcUM,side-court-led-logo,525.93,0.6121,24.79,https://www.youtube.com/watch?v=FL5h1DsfcUM
22500359,FL5h1DsfcUM,mid-court-logo,514.71,1.3773,31.3,https://www.youtube.com/watch?v=FL5h1DsfcUM
22500359,FL5h1DsfcUM,side-court-logo,524.72,0.5916,21.99,https://www.youtube.com/watch?v=FL5h1DsfcUM
22500359,FL5h1DsfcUM,basket-logo,508.71,0.182,34.89,https://www.youtube.com/watch?v=FL5h1DsfcUM
22500359,FL5h1DsfcUM,back-court-logo,501.9,0.6642,23.45,https://www.youtube.com/watch?v=FL5h1DsfcUM
22500359,Ag45ASTsuaE,basket-logo,487.69,0.1852,35.24,https://www.youtube.com/watch?v=Ag45ASTsuaE
22500359,Ag45ASTsuaE,side-court-led-logo,525.13,0.6529,24.77,https://www.youtube.com/watch?v=Ag45ASTsuaE
22500359,Ag45ASTsuaE,mid-court-logo,494.89,1.4927,29.59,https://www.youtube.com/watch?v=Ag45ASTsuaE
22500359,Ag45ASTsuaE,side-court-logo,524.52,0.585,22.31,https://www.youtube.com/watch?v=Ag45ASTsuaE
22500359,Ag45ASTsuaE,back-court-logo,488.69,0.6634,24.16,https://www.youtube.com/watch?v=Ag45ASTsuaE
22500345,R6qqI_B4S3s,back-court-logo,509.51,1.3806,23.23,https://www.youtube.com/watch?v=R6qqI_B4S3s
22500345,R6qqI_B4S3s,mid-court-logo,523.72,2.2724,32.89,https://www.youtube.com/watch?v=R6qqI_B4S3s
22500345,R6qqI_B4S3s,side-court-led-logo,505.11,1.334,34.87,https://www.youtube.com/watch?v=R6qqI_B4S3s
22500345,R6qqI_B4S3s,side-court-logo,531.13,0.9124,22.71,https://www.youtube.com/watch?v=R6qqI_B4S3s
22500345,R6qqI_B4S3s,basket-logo,499.7,0.2154,33.76,https://www.youtube.com/watch?v=R6qqI_B4S3s
22500353,mvui4ocxjEc,basket-logo,476.88,0.2344,32.74,https://www.youtube.com/watch?v=mvui4ocxjEc
22500353,mvui4ocxjEc,side-court-led-logo,519.72,1.0792,30.46,https://www.youtube.com/watch?v=mvui4ocxjEc
22500353,mvui4ocxjEc,side-court-logo,525.93,1.1919,24.03,https://www.youtube.com/watch?v=mvui4ocxjEc
22500353,mvui4ocxjEc,back-court-logo,493.09,1.3119,21.44,https://www.youtube.com/watch?v=mvui4ocxjEc
22500353,mvui4ocxjEc,mid-court-logo,373.97,1.9515,31.94,https://www.youtube.com/watch?v=mvui4ocxjEc
22500353,Dg9zmeQhnms,basket-logo,485.0,0.2402,33.23,https://www.youtube.com/watch?v=Dg9zmeQhnms
22500353,Dg9zmeQhnms,side-court-logo,539.4,1.2072,24.76,https://www.youtube.com/watch?v=Dg9zmeQhnms
22500353,Dg9zmeQhnms,back-court-logo,499.4,1.3584,22.21,https://www.youtube.com/watch?v=Dg9zmeQhnms
22500353,Dg9zmeQhnms,side-court-led-logo,531.6,1.1041,30.41,https://www.youtube.com/watch?v=Dg9zmeQhnms
22500353,Dg9zmeQhnms,mid-court-logo,387.4,1.9508,31.74,https://www.youtube.com/watch?v=Dg9zmeQhnms
22500357,SoSjqF3V7Yc,side-court-led-logo,486.89,1.0253,28.37,https://www.youtube.com/watch?v=SoSjqF3V7Yc
22500357,SoSjqF3V7Yc,basket-logo,466.67,0.1994,35.4,https://www.youtube.com/watch?v=SoSjqF3V7Yc
22500357,SoSjqF3V7Yc,mid-court-logo,416.62,2.2921,34.17,https://www.youtube.com/watch?v=SoSjqF3V7Yc
22500357,SoSjqF3V7Yc,back-court-logo,461.66,2.0077,24.34,https://www.youtube.com/watch?v=SoSjqF3V7Yc
22500357,SoSjqF3V7Yc,side-court-logo,487.29,0.9213,27.19,https://www.youtube.com/watch?v=SoSjqF3V7Yc
22500357,86XA69CIw_c,basket-logo,463.06,0.182,37.73,https://www.youtube.com/watch?v=86XA69CIw_c
22500357,86XA69CIw_c,side-court-led-logo,515.72,0.8938,26.56,https://www.youtube.com/watch?v=86XA69CIw_c
22500357,86XA69CIw_c,mid-court-logo,463.86,2.237,31.47,https://www.youtube.com/watch?v=86XA69CIw_c
22500357,86XA69CIw_c,back-court-logo,470.07,1.8541,27.13,https://www.youtube.com/watch?v=86XA69CIw_c
22500357,86XA69CIw_c,side-court-logo,511.71,0.8566,25.27,https://www.youtube.com/watch?v=86XA69CIw_c
22500357,b1v5f-p49OQ,side-court-led-logo,552.95,0.8829,27.77,https://www.youtube.com/watch?v=b1v5f-p49OQ
22500357,b1v5f-p49OQ,basket-logo,523.32,0.1845,35.86,https://www.youtube.com/watch?v=b1v5f-p49OQ
22500357,b1v5f-p49OQ,mid-court-logo,464.66,2.2115,33.37,https://www.youtube.com/watch?v=b1v5f-p49OQ
22500357,b1v5f-p49OQ,side-court-logo,557.56,0.8886,26.26,https://www.youtube.com/watch?v=b1v5f-p49OQ
22500357,b1v5f-p49OQ,back-court-logo,526.93,1.9313,24.58,https://www.youtube.com/watch?v=b1v5f-p49OQ
22500343,gfGwNN1hitU,basket-logo,493.69,0.1973,35.04,https://www.youtube.com/watch?v=gfGwNN1hitU
22500343,gfGwNN1hitU,side-court-led-logo,542.94,0.9527,29.25,https://www.youtube.com/watch?v=gfGwNN1hitU
22500343,gfGwNN1hitU,back-court-logo,505.11,2.1467,24.11,https://www.youtube.com/watch?v=gfGwNN1hitU
22500343,gfGwNN1hitU,mid-court-logo,398.6,2.229,32.34,https://www.youtube.com/watch?v=gfGwNN1hitU
22500343,gfGwNN1hitU,side-court-logo,542.54,0.9487,28.02,https://www.youtube.com/watch?v=gfGwNN1hitU
22500343,zSjsvQT9aeY,basket-logo,482.2,0.191,36.26,https://www.youtube.com/watch?v=zSjsvQT9aeY
22500343,zSjsvQT9aeY,side-court-led-logo,527.0,0.9359,28.33,https://www.youtube.com/watch?v=zSjsvQT9aeY
22500343,zSjsvQT9aeY,back-court-logo,492.0,2.0873,25.26,https://www.youtube.com/watch?v=zSjsvQT9aeY
22500343,zSjsvQT9aeY,side-court-logo,526.4,0.9447,27.7,https://www.youtube.com/watch?v=zSjsvQT9aeY
22500343,zSjsvQT9aeY,mid-court-logo,386.0,2.2788,30.9,https://www.youtube.com/watch?v=zSjsvQT9aeY
22500368,RZouyRU6XqY,basket-logo,456.86,0.2051,32.36,https://www.youtube.com/watch?v=RZouyRU6XqY
22500368,RZouyRU6XqY,back-court-logo,472.07,1.7159,22.81,https://www.youtube.com/watch?v=RZouyRU6XqY
22500368,RZouyRU6XqY,side-court-logo,508.91,1.1416,29.02,https://www.youtube.com/watch?v=RZouyRU6XqY
22500368,RZouyRU6XqY,side-court-led-logo,319.32,1.224,36.93,https://www.youtube.com/watch?v=RZouyRU6XqY
22500368,RZouyRU6XqY,mid-court-logo,366.97,2.2312,35.31,https://www.youtube.com/watch?v=RZouyRU6XqY
22500368,QgQAQp4H400,basket-logo,498.1,0.2013,33.23,https://www.youtube.com/watch?v=QgQAQp4H400
22500368,QgQAQp4H400,side-court-logo,553.15,1.0796,28.82,https://www.youtube.com/watch?v=QgQAQp4H400
22500368,QgQAQp4H400,side-court-led-logo,378.98,1.3048,36.41,https://www.youtube.com/watch?v=QgQAQp4H400
22500368,QgQAQp4H400,mid-court-logo,369.97,2.349,33.9,https://www.youtube.com/watch?v=QgQAQp4H400
22500368,QgQAQp4H400,back-court-logo,506.11,1.6777,24.4,https://www.youtube.com/watch?v=QgQAQp4H400
22500368,ixMMS1FrOOQ,side-court-led-logo,373.4,1.6247,36.46,https://www.youtube.com/watch?v=ixMMS1FrOOQ
22500368,ixMMS1FrOOQ,side-court-logo,482.4,1.0648,27.29,https://www.youtube.com/watch?v=ixMMS1FrOOQ
22500368,ixMMS1FrOOQ,mid-court-logo,299.6,2.0525,33.1,https://www.youtube.com/watch?v=ixMMS1FrOOQ
22500368,ixMMS1FrOOQ,back-court-logo,403.2,1.6688,26.03,https://www.youtube.com/watch?v=ixMMS1FrOOQ
22500368,ixMMS1FrOOQ,basket-logo,380.0,0.197,32.68,https://www.youtube.com/watch?v=ixMMS1FrOOQ
22500368,bMgSHnCoIr4,basket-logo,413.4,0.222,38.75,https://www.youtube.com/watch?v=bMgSHnCoIr4
22500368,bMgSHnCoIr4,side-court-logo,518.6,1.149,28.21,https://www.youtube.com/watch?v=bMgSHnCoIr4
22500368,bMgSHnCoIr4,back-court-logo,444.2,2.0165,27.87,https://www.youtube.com/watch?v=bMgSHnCoIr4
22500368,bMgSHnCoIr4,side-court-led-logo,312.0,1.7038,30.87,https://www.youtube.com/watch?v=bMgSHnCoIr4
22500368,bMgSHnCoIr4,mid-court-logo,315.8,2.1046,28.04,https://www.youtube.com/watch?v=bMgSHnCoIr4
22500368,_kj0VgX6L_s,side-court-logo,505.6,1.075,26.86,https://www.youtube.com/watch?v=_kj0VgX6L_s
22500368,_kj0VgX6L_s,side-court-led-logo,344.2,1.6023,32.19,https://www.youtube.com/watch?v=_kj0VgX6L_s
22500368,_kj0VgX6L_s,mid-court-logo,379.6,2.1411,30.3,https://www.youtube.com/watch?v=_kj0VgX6L_s
22500368,_kj0VgX6L_s,back-court-logo,429.4,1.7244,27.48,https://www.youtube.com/watch?v=_kj0VgX6L_s
22500368,_kj0VgX6L_s,basket-logo,402.8,0.1975,37.48,https://www.youtube.com/watch?v=_kj0VgX6L_s
22500368,wene3TEcva4,side-court-logo,382.2,1.1023,27.98,https://www.youtube.com/watch?v=wene3TEcva4
22500368,wene3TEcva4,side-court-led-logo,250.4,1.7553,32.55,https://www.youtube.com/watch?v=wene3TEcva4
22500368,wene3TEcva4,mid-court-logo,229.0,2.0118,29.83,https://www.youtube.com/watch?v=wene3TEcva4
22500368,wene3TEcva4,back-court-logo,323.6,1.8958,26.12,https://www.youtube.com/watch?v=wene3TEcva4
22500368,wene3TEcva4,basket-logo,304.4,0.2115,35.23,https://www.youtube.com/watch?v=wene3TEcva4
22500368,a632Q8Vx5Ng,basket-logo,246.2,0.1964,34.26,https://www.youtube.com/watch?v=a632Q8Vx5Ng
22500368,a632Q8Vx5Ng,side-court-led-logo,201.8,1.5805,35.0,https://www.youtube.com/watch?v=a632Q8Vx5Ng
22500368,a632Q8Vx5Ng,side-court-logo,312.8,1.0787,30.11,https://www.youtube.com/watch?v=a632Q8Vx5Ng
22500368,a632Q8Vx5Ng,back-court-logo,269.0,1.7396,27.0,https://www.youtube.com/watch?v=a632Q8Vx5Ng
22500368,a632Q8Vx5Ng,mid-court-logo,219.8,2.328,32.79,https://www.youtube.com/watch?v=a632Q8Vx5Ng
22500368,1NAU2MhzqI0,side-court-led-logo,229.2,2.3028,34.24,https://www.youtube.com/watch?v=1NAU2MhzqI0
22500368,1NAU2MhzqI0,side-court-logo,338.6,1.0904,29.74,https://www.youtube.com/watch?v=1NAU2MhzqI0
22500368,1NAU2MhzqI0,mid-court-logo,222.6,2.4217,30.62,https://www.youtube.com/watch?v=1NAU2MhzqI0
22500368,1NAU2MhzqI0,back-court-logo,261.4,1.8356,23.94,https://www.youtube.com/watch?v=1NAU2MhzqI0
22500368,1NAU2MhzqI0,basket-logo,246.2,0.2109,34.15,https://www.youtube.com/watch?v=1NAU2MhzqI0
22500348,YRdTlP18UQQ,basket-logo,472.07,0.2042,36.72,https://www.youtube.com/watch?v=YRdTlP18UQQ
22500348,YRdTlP18UQQ,side-court-logo,512.71,0.885,26.21,https://www.youtube.com/watch?v=YRdTlP18UQQ
22500348,YRdTlP18UQQ,side-court-led-logo,458.06,0.9022,27.32,https://www.youtube.com/watch?v=YRdTlP18UQQ
22500348,YRdTlP18UQQ,back-court-logo,485.29,1.4093,25.21,https://www.youtube.com/watch?v=YRdTlP18UQQ
22500348,YRdTlP18UQQ,mid-court-logo,368.97,1.5485,25.66,https://www.youtube.com/watch?v=YRdTlP18UQQ
22500348,_cq5F_9PG9k,side-court-led-logo,471.6,0.8586,26.59,https://www.youtube.com/watch?v=_cq5F_9PG9k
22500348,_cq5F_9PG9k,mid-court-logo,382.0,1.6021,25.38,https://www.youtube.com/watch?v=_cq5F_9PG9k
22500348,_cq5F_9PG9k,side-court-logo,508.4,0.9037,25.58,https://www.youtube.com/watch?v=_cq5F_9PG9k
22500348,_cq5F_9PG9k,back-court-logo,482.6,1.3294,26.79,https://www.youtube.com/watch?v=_cq5F_9PG9k
22500348,_cq5F_9PG9k,basket-logo,466.8,0.1918,38.04,https://www.youtube.com/watch?v=_cq5F_9PG9k
22501204,r_49CSiYc7k,basket-logo,467.6,0.1888,36.66,https://www.youtube.com/watch?v=r_49CSiYc7k
22501204,r_49CSiYc7k,side-court-led-logo,397.6,1.227,33.66,https://www.youtube.com/watch?v=r_49CSiYc7k
22501204,r_49CSiYc7k,mid-court-logo,511.8,1.5726,33.6,https://www.youtube.com/watch?v=r_49CSiYc7k
22501204,r_49CSiYc7k,back-court-logo,474.4,1.6271,26.69,https://www.youtube.com/watch?v=r_49CSiYc7k
22501204,r_49CSiYc7k,side-court-logo,491.4,0.6548,24.48,https://www.youtube.com/watch?v=r_49CSiYc7k
22501204,tWs6e22BwEY,side-court-led-logo,400.2,1.2662,31.41,https://www.youtube.com/watch?v=tWs6e22BwEY
22501204,tWs6e22BwEY,side-court-logo,478.68,0.5885,24.25,https://www.youtube.com/watch?v=tWs6e22BwEY
22501204,tWs6e22BwEY,basket-logo,460.46,0.1826,39.02,https://www.youtube.com/watch?v=tWs6e22BwEY
22501204,tWs6e22BwEY,mid-court-logo,505.51,1.5692,32.31,https://www.youtube.com/watch?v=tWs6e22BwEY
22501204,tWs6e22BwEY,back-court-logo,470.07,1.6288,29.44,https://www.youtube.com/watch?v=tWs6e22BwEY
22501204,bNlFvwGZVzA,mid-court-logo,449.0,1.6208,30.13,https://www.youtube.com/watch?v=bNlFvwGZVzA
22501204,bNlFvwGZVzA,side-court-led-logo,407.4,1.3831,31.09,https://www.youtube.com/watch?v=bNlFvwGZVzA
22501204,bNlFvwGZVzA,side-court-logo,396.4,0.4935,21.75,https://www.youtube.com/watch?v=bNlFvwGZVzA
22501204,bNlFvwGZVzA,basket-logo,382.8,0.1689,41.52,https://www.youtube.com/watch?v=bNlFvwGZVzA
22501204,bNlFvwGZVzA,back-court-logo,394.0,1.7425,31.72,https://www.youtube.com/watch?v=bNlFvwGZVzA
22501204,pJNWPhB0f8s,side-court-led-logo,356.0,1.4207,28.06,https://www.youtube.com/watch?v=pJNWPhB0f8s
22501204,pJNWPhB0f8s,mid-court-logo,455.6,1.5562,29.36,https://www.youtube.com/watch?v=pJNWPhB0f8s
22501204,pJNWPhB0f8s,side-court-logo,409.4,0.4918,24.02,https://www.youtube.com/watch?v=pJNWPhB0f8s
22501204,pJNWPhB0f8s,back-court-logo,414.0,1.7785,32.52,https://www.youtube.com/watch?v=pJNWPhB0f8s
22501204,pJNWPhB0f8s,basket-logo,399.6,0.186,42.45,https://www.youtube.com/watch?v=pJNWPhB0f8s
22501204,qR74eOL4FGY,side-court-logo,214.8,0.5037,24.25,https://www.youtube.com/watch?v=qR74eOL4FGY
22501204,qR74eOL4FGY,side-court-led-logo,196.0,1.6209,27.49,https://www.youtube.com/watch?v=qR74eOL4FGY
22501204,qR74eOL4FGY,basket-logo,202.8,0.1782,44.08,https://www.youtube.com/watch?v=qR74eOL4FGY
22501204,qR74eOL4FGY,back-court-logo,208.4,1.7594,35.21,https://www.youtube.com/watch?v=qR74eOL4FGY
22501204,qR74eOL4FGY,mid-court-logo,229.4,1.5503,27.06,https://www.youtube.com/watch?v=qR74eOL4FGY
22501221,hmlloslv0PM,basket-logo,487.0,0.1877,33.6,https://www.youtube.com/watch?v=hmlloslv0PM
22501221,hmlloslv0PM,side-court-logo,535.2,0.7743,26.49,https://www.youtube.com/watch?v=hmlloslv0PM
22501221,hmlloslv0PM,back-court-logo,492.6,1.3047,23.01,https://www.youtube.com/watch?v=hmlloslv0PM
22501221,hmlloslv0PM,side-court-led-logo,503.4,1.8423,33.31,https://www.youtube.com/watch?v=hmlloslv0PM
22501221,hmlloslv0PM,mid-court-logo,482.8,2.1642,32.2,https://www.youtube.com/watch?v=hmlloslv0PM
22501221,f8oqyO13kTs,basket-logo,590.99,0.1809,35.27,https://www.youtube.com/watch?v=f8oqyO13kTs
22501221,f8oqyO13kTs,side-court-led-logo,601.4,1.7332,32.25,https://www.youtube.com/watch?v=f8oqyO13kTs
22501221,f8oqyO13kTs,mid-court-logo,573.17,2.0358,31.29,https://www.youtube.com/watch?v=f8oqyO13kTs
22501221,f8oqyO13kTs,side-court-logo,628.43,0.7514,25.69,https://www.youtube.com/watch?v=f8oqyO13kTs
22501221,f8oqyO13kTs,back-court-logo,591.79,1.2933,24.56,https://www.youtube.com/watch?v=f8oqyO13kTs
22501221,DILzFaONqVk,basket-logo,469.87,0.1784,35.13,https://www.youtube.com/watch?v=DILzFaONqVk
22501221,DILzFaONqVk,side-court-logo,525.13,0.7391,25.13,https://www.youtube.com/watch?v=DILzFaONqVk
22501221,DILzFaONqVk,back-court-logo,482.68,1.3433,24.88,https://www.youtube.com/watch?v=DILzFaONqVk
22501221,DILzFaONqVk,mid-court-logo,475.88,1.9453,30.4,https://www.youtube.com/watch?v=DILzFaONqVk
22501221,DILzFaONqVk,side-court-led-logo,506.91,2.0309,31.4,https://www.youtube.com/watch?v=DILzFaONqVk
22501221,kky1-hvSDQA,basket-logo,424.0,0.1862,36.49,https://www.youtube.com/watch?v=kky1-hvSDQA
22501221,kky1-hvSDQA,back-court-logo,413.2,1.293,26.65,https://www.youtube.com/watch?v=kky1-hvSDQA
22501221,kky1-hvSDQA,side-court-logo,471.0,0.7824,25.03,https://www.youtube.com/watch?v=kky1-hvSDQA
22501221,kky1-hvSDQA,mid-court-logo,425.4,1.8536,29.96,https://www.youtube.com/watch?v=kky1-hvSDQA
22501221,kky1-hvSDQA,side-court-led-logo,483.4,2.2293,30.42,https://www.youtube.com/watch?v=kky1-hvSDQA
22501221,mCG2QE4T6Jk,basket-logo,273.2,0.162,38.47,https://www.youtube.com/watch?v=mCG2QE4T6Jk
22501221,mCG2QE4T6Jk,mid-court-logo,295.0,1.6969,26.68,https://www.youtube.com/watch?v=mCG2QE4T6Jk
22501221,mCG2QE4T6Jk,back-court-logo,288.4,1.2833,28.88,https://www.youtube.com/watch?v=mCG2QE4T6Jk
22501221,mCG2QE4T6Jk,side-court-logo,334.6,0.6762,23.49,https://www.youtube.com/watch?v=mCG2QE4T6Jk
22501221,mCG2QE4T6Jk,side-court-led-logo,321.2,2.512,28.06,https://www.youtube.com/watch?v=mCG2QE4T6Jk
22501221,KIxwN1z1Cnw,mid-court-logo,304.8,1.8902,30.67,https://www.youtube.com/watch?v=KIxwN1z1Cnw
22501221,KIxwN1z1Cnw,basket-logo,280.0,0.1862,35.09,https://www.youtube.com/watch?v=KIxwN1z1Cnw
22501221,KIxwN1z1Cnw,side-court-logo,330.4,0.743,26.16,https://www.youtube.com/watch?v=KIxwN1z1Cnw
22501221,KIxwN1z1Cnw,back-court-logo,292.4,1.235,25.95,https://www.youtube.com/watch?v=KIxwN1z1Cnw
22501221,KIxwN1z1Cnw,side-court-led-logo,309.4,2.4807,29.99,https://www.youtube.com/watch?v=KIxwN1z1Cnw
22501221,HuEcJy1R_c0,basket-logo,390.4,0.1657,36.6,https://www.youtube.com/watch?v=HuEcJy1R_c0
22501221,HuEcJy1R_c0,mid-court-logo,446.2,1.7066,28.9,https://www.youtube.com/watch?v=HuEcJy1R_c0
22501221,HuEcJy1R_c0,side-court-led-logo,458.4,2.3938,28.44,https://www.youtube.com/watch?v=HuEcJy1R_c0
22501221,HuEcJy1R_c0,side-court-logo,473.4,0.6722,24.18,https://www.youtube.com/watch?v=HuEcJy1R_c0
22501221,HuEcJy1R_c0,back-court-logo,412.2,1.1923,27.2,https://www.youtube.com/watch?v=HuEcJy1R_c0
22500356,fhGp1dsSLrw,basket-logo,464.8,0.2289,35.64,https://www.youtube.com/watch?v=fhGp1dsSLrw
22500356,fhGp1dsSLrw,side-court-led-logo,437.0,2.0375,32.12,https://www.youtube.com/watch?v=fhGp1dsSLrw
22500356,fhGp1dsSLrw,side-court-logo,186.8,0.9024,28.12,https://www.youtube.com/watch?v=fhGp1dsSLrw
22500356,fhGp1dsSLrw,back-court-logo,444.2,1.3217,24.1,https://www.youtube.com/watch?v=fhGp1dsSLrw
22500356,fhGp1dsSLrw,mid-court-logo,231.2,1.4661,29.44,https://www.youtube.com/watch?v=fhGp1dsSLrw
22500356,7QsaqZHJZVA,basket-logo,563.96,0.2212,36.84,https://www.youtube.com/watch?v=7QsaqZHJZVA
22500356,7QsaqZHJZVA,side-court-led-logo,554.35,1.9553,30.8,https://www.youtube.com/watch?v=7QsaqZHJZVA
22500356,7QsaqZHJZVA,back-court-logo,544.34,1.2593,26.09,https://www.youtube.com/watch?v=7QsaqZHJZVA
22500356,7QsaqZHJZVA,mid-court-logo,305.71,1.4234,28.68,https://www.youtube.com/watch?v=7QsaqZHJZVA
22500356,7QsaqZHJZVA,side-court-logo,201.6,0.8738,26.96,https://www.youtube.com/watch?v=7QsaqZHJZVA
22500356,3P3D9cJBlBs,basket-logo,440.64,0.2177,37.24,https://www.youtube.com/watch?v=3P3D9cJBlBs
22500356,3P3D9cJBlBs,mid-court-logo,293.29,1.5002,29.08,https://www.youtube.com/watch?v=3P3D9cJBlBs
22500356,3P3D9cJBlBs,side-court-led-logo,474.07,2.2084,29.85,https://www.youtube.com/watch?v=3P3D9cJBlBs
22500356,3P3D9cJBlBs,side-court-logo,184.38,0.8539,26.32,https://www.youtube.com/watch?v=3P3D9cJBlBs
22500356,3P3D9cJBlBs,back-court-logo,446.25,1.2741,26.53,https://www.youtube.com/watch?v=3P3D9cJBlBs
22501224,LJCpMuBw2NY,basket-logo,477.28,0.2085,30.99,https://www.youtube.com/watch?v=LJCpMuBw2NY
22501224,LJCpMuBw2NY,mid-court-logo,395.2,1.8144,31.94,https://www.youtube.com/watch?v=LJCpMuBw2NY
22501224,LJCpMuBw2NY,side-court-logo,500.7,0.7158,27.51,https://www.youtube.com/watch?v=LJCpMuBw2NY
22501224,LJCpMuBw2NY,back-court-logo,484.48,1.0327,18.64,https://www.youtube.com/watch?v=LJCpMuBw2NY
22501224,LJCpMuBw2NY,side-court-led-logo,251.45,0.7913,31.79,https://www.youtube.com/watch?v=LJCpMuBw2NY
22501224,Ydh-vVYFwng,side-court-logo,531.53,0.6291,25.05,https://www.youtube.com/watch?v=Ydh-vVYFwng
22501224,Ydh-vVYFwng,back-court-logo,505.11,1.0121,22.73,https://www.youtube.com/watch?v=Ydh-vVYFwng
22501224,Ydh-vVYFwng,mid-court-logo,447.05,1.7085,29.05,https://www.youtube.com/watch?v=Ydh-vVYFwng
22501224,Ydh-vVYFwng,side-court-led-logo,320.12,0.904,27.91,https://www.youtube.com/watch?v=Ydh-vVYFwng
22501224,Ydh-vVYFwng,basket-logo,491.69,0.1815,35.35,https://www.youtube.com/watch?v=Ydh-vVYFwng
22501224,N3FAHpWrRJc,side-court-led-logo,373.57,0.8931,31.19,https://www.youtube.com/watch?v=N3FAHpWrRJc
22501224,N3FAHpWrRJc,basket-logo,604.2,0.1859,33.25,https://www.youtube.com/watch?v=N3FAHpWrRJc
22501224,N3FAHpWrRJc,back-court-logo,613.01,0.982,20.16,https://www.youtube.com/watch?v=N3FAHpWrRJc
22501224,N3FAHpWrRJc,side-court-logo,632.43,0.6584,24.81,https://www.youtube.com/watch?v=N3FAHpWrRJc
22501224,N3FAHpWrRJc,mid-court-logo,534.13,1.8675,30.39,https://www.youtube.com/watch?v=N3FAHpWrRJc
22501224,8k0B4r5ChOE,mid-court-logo,442.4,1.8357,27.07,https://www.youtube.com/watch?v=8k0B4r5ChOE
22501224,8k0B4r5ChOE,back-court-logo,441.0,0.9854,25.86,https://www.youtube.com/watch?v=8k0B4r5ChOE
22501224,8k0B4r5ChOE,basket-logo,418.6,0.1824,37.96,https://www.youtube.com/watch?v=8k0B4r5ChOE
22501224,8k0B4r5ChOE,side-court-led-logo,335.2,0.9846,25.51,https://www.youtube.com/watch?v=8k0B4r5ChOE
22501224,8k0B4r5ChOE,side-court-logo,485.4,0.6133,22.78,https://www.youtube.com/watch?v=8k0B4r5ChOE
22501224,YqrJ0VKHF8g,basket-logo,339.0,0.2294,37.74,https://www.youtube.com/watch?v=YqrJ0VKHF8g
22501224,YqrJ0VKHF8g,back-court-logo,350.0,1.2179,25.06,https://www.youtube.com/watch?v=YqrJ0VKHF8g
22501224,YqrJ0VKHF8g,side-court-logo,396.8,0.7771,28.09,https://www.youtube.com/watch?v=YqrJ0VKHF8g
22501224,YqrJ0VKHF8g,mid-court-logo,267.2,1.9677,28.21,https://www.youtube.com/watch?v=YqrJ0VKHF8g
22501224,YqrJ0VKHF8g,side-court-led-logo,219.6,1.4029,27.4,https://www.youtube.com/watch?v=YqrJ0VKHF8g
22501224,ipjzUIKKhK0,side-court-logo,487.4,0.7384,26.13,https://www.youtube.com/watch?v=ipjzUIKKhK0
22501224,ipjzUIKKhK0,mid-court-logo,402.6,1.946,28.05,https://www.youtube.com/watch?v=ipjzUIKKhK0
22501224,ipjzUIKKhK0,side-court-led-logo,305.2,2.1234,26.39,https://www.youtube.com/watch?v=ipjzUIKKhK0
22501224,ipjzUIKKhK0,back-court-logo,440.4,1.1328,26.71,https://www.youtube.com/watch?v=ipjzUIKKhK0
22501224,ipjzUIKKhK0,basket-logo,417.0,0.2026,39.71,https://www.youtube.com/watch?v=ipjzUIKKhK0
22501224,E6isYeKux2E,side-court-led-logo,320.6,0.9199,32.19,https://www.youtube.com/watch?v=E6isYeKux2E
22501224,E6isYeKux2E,basket-logo,536.6,0.1906,32.46,https://www.youtube.com/watch?v=E6isYeKux2E
22501224,E6isYeKux2E,side-court-logo,559.2,0.6819,25.42,https://www.youtube.com/watch?v=E6isYeKux2E
22501224,E6isYeKux2E,mid-court-logo,466.0,1.8995,31.0,https://www.youtube.com/watch?v=E6isYeKux2E
22501224,E6isYeKux2E,back-court-logo,546.0,1.002,19.45,https://www.youtube.com/watch?v=E6isYeKux2E
22501224,MQG60ikyKXE,side-court-led-logo,207.6,1.1274,27.52,https://www.youtube.com/watch?v=MQG60ikyKXE
22501224,MQG60ikyKXE,side-court-logo,365.2,0.6979,27.23,https://www.youtube.com/watch?v=MQG60ikyKXE
22501224,MQG60ikyKXE,back-court-logo,330.0,1.1406,24.19,https://www.youtube.com/watch?v=MQG60ikyKXE
22501224,MQG60ikyKXE,mid-court-logo,287.4,1.7629,28.91,https://www.youtube.com/watch?v=MQG60ikyKXE
22501224,MQG60ikyKXE,basket-logo,310.0,0.2005,37.9,https://www.youtube.com/watch?v=MQG60ikyKXE
22501225,RfemKa8jOwQ,basket-logo,491.29,0.1478,33.3,https://www.youtube.com/watch?v=RfemKa8jOwQ
22501225,RfemKa8jOwQ,side-court-led-logo,513.91,0.8948,29.07,https://www.youtube.com/watch?v=RfemKa8jOwQ
22501225,RfemKa8jOwQ,mid-court-logo,501.5,1.0367,32.51,https://www.youtube.com/watch?v=RfemKa8jOwQ
22501225,RfemKa8jOwQ,back-court-logo,498.7,1.4886,21.65,https://www.youtube.com/watch?v=RfemKa8jOwQ
22501225,RfemKa8jOwQ,side-court-logo,493.29,0.3735,27.44,https://www.youtube.com/watch?v=RfemKa8jOwQ
22501225,fF-96Cc5lZI,side-court-led-logo,667.07,0.8047,27.86,https://www.youtube.com/watch?v=fF-96Cc5lZI
22501225,fF-96Cc5lZI,basket-logo,651.25,0.1423,35.05,https://www.youtube.com/watch?v=fF-96Cc5lZI
22501225,fF-96Cc5lZI,mid-court-logo,664.86,0.9744,30.7,https://www.youtube.com/watch?v=fF-96Cc5lZI
22501225,fF-96Cc5lZI,side-court-logo,645.85,0.3802,25.38,https://www.youtube.com/watch?v=fF-96Cc5lZI
22501225,fF-96Cc5lZI,back-court-logo,656.86,1.4545,23.21,https://www.youtube.com/watch?v=fF-96Cc5lZI
22501225,4EZWQTmqhsM,basket-logo,523.32,0.1421,35.77,https://www.youtube.com/watch?v=4EZWQTmqhsM
22501225,4EZWQTmqhsM,side-court-led-logo,527.93,0.7466,28.87,https://www.youtube.com/watch?v=4EZWQTmqhsM
22501225,4EZWQTmqhsM,mid-court-logo,528.93,0.9737,31.75,https://www.youtube.com/watch?v=4EZWQTmqhsM
22501225,4EZWQTmqhsM,side-court-logo,507.91,0.3931,26.6,https://www.youtube.com/watch?v=4EZWQTmqhsM
22501225,4EZWQTmqhsM,back-court-logo,518.72,1.4434,23.88,https://www.youtube.com/watch?v=4EZWQTmqhsM
22501225,SUYU7yvHwDk,side-court-logo,325.8,0.5285,29.28,https://www.youtube.com/watch?v=SUYU7yvHwDk
22501225,SUYU7yvHwDk,mid-court-logo,296.6,1.0123,29.03,https://www.youtube.com/watch?v=SUYU7yvHwDk
22501225,SUYU7yvHwDk,side-court-led-logo,352.6,1.3552,28.12,https://www.youtube.com/watch?v=SUYU7yvHwDk
22501225,SUYU7yvHwDk,back-court-logo,292.4,2.0329,29.66,https://www.youtube.com/watch?v=SUYU7yvHwDk
22501225,SUYU7yvHwDk,basket-logo,287.2,0.1738,40.1,https://www.youtube.com/watch?v=SUYU7yvHwDk
22501225,ZjgDCcqWXMA,side-court-led-logo,284.2,1.5987,26.29,https://www.youtube.com/watch?v=ZjgDCcqWXMA
22501225,ZjgDCcqWXMA,mid-court-logo,273.0,1.0332,26.91,https://www.youtube.com/watch?v=ZjgDCcqWXMA
22501225,ZjgDCcqWXMA,side-court-logo,269.8,0.4623,24.61,https://www.youtube.com/watch?v=ZjgDCcqWXMA
22501225,ZjgDCcqWXMA,back-court-logo,242.6,1.7278,30.24,https://www.youtube.com/watch?v=ZjgDCcqWXMA
22501225,ZjgDCcqWXMA,basket-logo,240.4,0.1624,40.79,https://www.youtube.com/watch?v=ZjgDCcqWXMA
22501225,YIhVg3Z8r0c,side-court-led-logo,470.8,1.2364,26.21,https://www.youtube.com/watch?v=YIhVg3Z8r0c
22501225,YIhVg3Z8r0c,mid-court-logo,433.2,1.0932,27.18,https://www.youtube.com/watch?v=YIhVg3Z8r0c
22501225,YIhVg3Z8r0c,side-court-logo,456.8,0.537,26.16,https://www.youtube.com/watch?v=YIhVg3Z8r0c
22501225,YIhVg3Z8r0c,back-court-logo,395.0,2.0265,30.47,https://www.youtube.com/watch?v=YIhVg3Z8r0c
22501225,YIhVg3Z8r0c,basket-logo,396.4,0.1677,42.04,https://www.youtube.com/watch?v=YIhVg3Z8r0c
22501225,PhxOvhPeVYg,side-court-logo,321.8,0.5404,27.37,https://www.youtube.com/watch?v=PhxOvhPeVYg
22501225,PhxOvhPeVYg,side-court-led-logo,355.0,1.5361,26.23,https://www.youtube.com/watch?v=PhxOvhPeVYg
22501225,PhxOvhPeVYg,mid-court-logo,286.4,1.187,26.26,https://www.youtube.com/watch?v=PhxOvhPeVYg
22501225,PhxOvhPeVYg,back-court-logo,285.6,2.1472,32.16,https://www.youtube.com/watch?v=PhxOvhPeVYg
22501225,PhxOvhPeVYg,basket-logo,281.2,0.1761,43.23,https://www.youtube.com/watch?v=PhxOvhPeVYg
22501225,DiEGeWmEpDA,side-court-logo,332.8,0.5795,28.68,https://www.youtube.com/watch?v=DiEGeWmEpDA
22501225,DiEGeWmEpDA,basket-logo,304.2,0.1997,39.83,https://www.youtube.com/watch?v=DiEGeWmEpDA
22501225,DiEGeWmEpDA,side-court-led-logo,383.6,2.0588,28.52,https://www.youtube.com/watch?v=DiEGeWmEpDA
22501225,DiEGeWmEpDA,mid-court-logo,313.2,1.1486,28.88,https://www.youtube.com/watch?v=DiEGeWmEpDA
22501225,DiEGeWmEpDA,back-court-logo,287.2,2.2363,30.8,https://www.youtube.com/watch?v=DiEGeWmEpDA
22501214,hAbA7eJ4IjM,basket-logo,458.8,0.196,35.2,https://www.youtube.com/watch?v=hAbA7eJ4IjM
22501214,hAbA7eJ4IjM,back-court-logo,433.0,1.0168,22.57,https://www.youtube.com/watch?v=hAbA7eJ4IjM
22501214,hAbA7eJ4IjM,side-court-led-logo,473.4,2.0064,31.26,https://www.youtube.com/watch?v=hAbA7eJ4IjM
22501214,hAbA7eJ4IjM,mid-court-logo,348.4,1.2777,34.13,https://www.youtube.com/watch?v=hAbA7eJ4IjM
22501214,hAbA7eJ4IjM,side-court-logo,74.0,0.8479,24.37,https://www.youtube.com/watch?v=hAbA7eJ4IjM
22501214,kwS9wCiXb8A,back-court-logo,485.09,0.9893,25.53,https://www.youtube.com/watch?v=kwS9wCiXb8A
22501214,kwS9wCiXb8A,basket-logo,486.89,0.1818,36.85,https://www.youtube.com/watch?v=kwS9wCiXb8A
22501214,kwS9wCiXb8A,mid-court-logo,418.42,1.2717,32.41,https://www.youtube.com/watch?v=kwS9wCiXb8A
22501214,kwS9wCiXb8A,side-court-led-logo,528.33,1.9396,29.14,https://www.youtube.com/watch?v=kwS9wCiXb8A
22501214,kwS9wCiXb8A,side-court-logo,84.08,0.8835,23.93,https://www.youtube.com/watch?v=kwS9wCiXb8A
22501214,vKHBi7U5Dgg,back-court-logo,347.6,0.9205,28.49,https://www.youtube.com/watch?v=vKHBi7U5Dgg
22501214,vKHBi7U5Dgg,side-court-led-logo,471.4,2.3592,25.99,https://www.youtube.com/watch?v=vKHBi7U5Dgg
22501214,vKHBi7U5Dgg,basket-logo,397.2,0.1763,40.02,https://www.youtube.com/watch?v=vKHBi7U5Dgg
22501214,vKHBi7U5Dgg,mid-court-logo,404.2,1.2558,28.04,https://www.youtube.com/watch?v=vKHBi7U5Dgg
22501214,vKHBi7U5Dgg,side-court-logo,69.8,0.6212,24.66,https://www.youtube.com/watch?v=vKHBi7U5Dgg
22501214,xWWu8O6TT6Y,mid-court-logo,349.2,1.2018,28.29,https://www.youtube.com/watch?v=xWWu8O6TT6Y
22501214,xWWu8O6TT6Y,side-court-led-logo,441.4,2.4777,27.56,https://www.youtube.com/watch?v=xWWu8O6TT6Y
22501214,xWWu8O6TT6Y,back-court-logo,371.4,1.0468,27.15,https://www.youtube.com/watch?v=xWWu8O6TT6Y
22501214,xWWu8O6TT6Y,basket-logo,409.4,0.1997,40.22,https://www.youtube.com/watch?v=xWWu8O6TT6Y
22501214,xWWu8O6TT6Y,side-court-logo,59.8,0.7566,25.47,https://www.youtube.com/watch?v=xWWu8O6TT6Y
22501214,-O5SDuS3LFM,basket-logo,3.8,0.9904,20.45,https://www.youtube.com/watch?v=-O5SDuS3LFM
22501214,-O5SDuS3LFM,side-court-logo,0.4,1.4812,29.42,https://www.youtube.com/watch?v=-O5SDuS3LFM
22501214,-O5SDuS3LFM,mid-court-logo,0.4,1.7695,12.85,https://www.youtube.com/watch?v=-O5SDuS3LFM
22501214,rWtSe98rDbY,mid-court-logo,229.0,1.5577,30.65,https://www.youtube.com/watch?v=rWtSe98rDbY
22501214,rWtSe98rDbY,side-court-led-logo,295.8,2.5726,28.08,https://www.youtube.com/watch?v=rWtSe98rDbY
22501214,rWtSe98rDbY,back-court-logo,217.0,0.9878,27.01,https://www.youtube.com/watch?v=rWtSe98rDbY
22501214,rWtSe98rDbY,basket-logo,226.2,0.194,36.8,https://www.youtube.com/watch?v=rWtSe98rDbY
22501214,rWtSe98rDbY,side-court-logo,47.2,0.6967,25.79,https://www.youtube.com/watch?v=rWtSe98rDbY
22500354,sQHOLqt735Q,side-court-led-logo,192.99,0.8903,29.05,https://www.youtube.com/watch?v=sQHOLqt735Q
22500354,sQHOLqt735Q,mid-court-logo,522.92,2.5569,32.14,https://www.youtube.com/watch?v=sQHOLqt735Q
22500354,sQHOLqt735Q,basket-logo,490.29,0.1633,31.79,https://www.youtube.com/watch?v=sQHOLqt735Q
22500354,sQHOLqt735Q,side-court-logo,524.72,0.8758,24.86,https://www.youtube.com/watch?v=sQHOLqt735Q
22500354,sQHOLqt735Q,back-court-logo,483.48,1.0866,22.26,https://www.youtube.com/watch?v=sQHOLqt735Q
22500354,jdLRpyMgeQs,mid-court-logo,515.8,2.5716,31.24,https://www.youtube.com/watch?v=jdLRpyMgeQs
22500354,jdLRpyMgeQs,side-court-led-logo,209.0,0.8806,26.85,https://www.youtube.com/watch?v=jdLRpyMgeQs
22500354,jdLRpyMgeQs,side-court-logo,521.6,0.8621,24.48,https://www.youtube.com/watch?v=jdLRpyMgeQs
22500354,jdLRpyMgeQs,back-court-logo,477.8,1.0817,23.53,https://www.youtube.com/watch?v=jdLRpyMgeQs
22500354,jdLRpyMgeQs,basket-logo,484.2,0.1655,33.0,https://www.youtube.com/watch?v=jdLRpyMgeQs
22500354,M0MPHLyrZRI,side-court-logo,126.33,0.8802,24.94,https://www.youtube.com/watch?v=M0MPHLyrZRI
22500354,M0MPHLyrZRI,mid-court-logo,126.53,2.7943,33.21,https://www.youtube.com/watch?v=M0MPHLyrZRI
22500354,M0MPHLyrZRI,side-court-led-logo,51.85,0.9685,29.08,https://www.youtube.com/watch?v=M0MPHLyrZRI
22500354,M0MPHLyrZRI,back-court-logo,113.31,1.096,21.42,https://www.youtube.com/watch?v=M0MPHLyrZRI
22500354,M0MPHLyrZRI,basket-logo,113.11,0.1569,31.0,https://www.youtube.com/watch?v=M0MPHLyrZRI
22500335,sXWQSvkNmk0,side-court-led-logo,368.77,1.3343,32.56,https://www.youtube.com/watch?v=sXWQSvkNmk0
22500335,sXWQSvkNmk0,side-court-logo,503.3,0.7446,26.21,https://www.youtube.com/watch?v=sXWQSvkNmk0
22500335,sXWQSvkNmk0,mid-court-logo,454.65,2.1284,33.13,https://www.youtube.com/watch?v=sXWQSvkNmk0
22500335,sXWQSvkNmk0,back-court-logo,454.25,0.7488,22.94,https://www.youtube.com/watch?v=sXWQSvkNmk0
22500335,sXWQSvkNmk0,basket-logo,468.87,0.192,35.25,https://www.youtube.com/watch?v=sXWQSvkNmk0
22500338,timRUTyQte4,basket-logo,469.8,0.1586,35.05,https://www.youtube.com/watch?v=timRUTyQte4
22500338,timRUTyQte4,side-court-led-logo,245.6,1.0205,31.18,https://www.youtube.com/watch?v=timRUTyQte4
22500338,timRUTyQte4,side-court-logo,498.6,0.4669,27.17,https://www.youtube.com/watch?v=timRUTyQte4
22500338,timRUTyQte4,mid-court-logo,480.4,0.9517,31.32,https://www.youtube.com/watch?v=timRUTyQte4
22500338,timRUTyQte4,back-court-logo,481.8,1.8497,24.15,https://www.youtube.com/watch?v=timRUTyQte4
22500338,RdiV6AT9Tug,side-court-logo,478.8,0.5833,29.75,https://www.youtube.com/watch?v=RdiV6AT9Tug
22500338,RdiV6AT9Tug,mid-court-logo,476.2,1.224,28.97,https://www.youtube.com/watch?v=RdiV6AT9Tug
22500338,RdiV6AT9Tug,side-court-led-logo,250.0,1.7701,25.33,https://www.youtube.com/watch?v=RdiV6AT9Tug
22500338,RdiV6AT9Tug,back-court-logo,396.8,2.4913,34.51,https://www.youtube.com/watch?v=RdiV6AT9Tug
22500338,RdiV6AT9Tug,basket-logo,358.4,0.1964,34.66,https://www.youtube.com/watch?v=RdiV6AT9Tug
22501202,PWtccAqKyM4,basket-logo,476.6,0.1962,35.45,https://www.youtube.com/watch?v=PWtccAqKyM4
22501202,PWtccAqKyM4,side-court-led-logo,494.6,0.9138,30.36,https://www.youtube.com/watch?v=PWtccAqKyM4
22501202,PWtccAqKyM4,back-court-logo,478.8,1.6141,23.34,https://www.youtube.com/watch?v=PWtccAqKyM4
22501202,PWtccAqKyM4,mid-court-logo,461.8,1.9036,32.46,https://www.youtube.com/watch?v=PWtccAqKyM4
22501202,PWtccAqKyM4,side-court-logo,249.4,0.3783,20.68,https://www.youtube.com/watch?v=PWtccAqKyM4
22501202,QSVhYmeRCQs,basket-logo,420.62,0.1778,32.9,https://www.youtube.com/watch?v=QSVhYmeRCQs
22501202,QSVhYmeRCQs,side-court-led-logo,473.87,0.9137,29.01,https://www.youtube.com/watch?v=QSVhYmeRCQs
22501202,QSVhYmeRCQs,back-court-logo,421.82,1.325,21.83,https://www.youtube.com/watch?v=QSVhYmeRCQs
22501202,QSVhYmeRCQs,mid-court-logo,442.04,1.4403,31.11,https://www.youtube.com/watch?v=QSVhYmeRCQs
22501202,QSVhYmeRCQs,side-court-logo,218.82,0.3316,24.27,https://www.youtube.com/watch?v=QSVhYmeRCQs
22501202,RzecnQdQ3uo,basket-logo,476.6,0.1922,35.5,https://www.youtube.com/watch?v=RzecnQdQ3uo
22501202,RzecnQdQ3uo,side-court-led-logo,495.0,0.9337,29.92,https://www.youtube.com/watch?v=RzecnQdQ3uo
22501202,RzecnQdQ3uo,back-court-logo,480.2,1.5866,24.16,https://www.youtube.com/watch?v=RzecnQdQ3uo
22501202,RzecnQdQ3uo,mid-court-logo,464.8,1.8784,32.7,https://www.youtube.com/watch?v=RzecnQdQ3uo
22501202,RzecnQdQ3uo,side-court-logo,284.4,0.3612,22.25,https://www.youtube.com/watch?v=RzecnQdQ3uo
22501202,XvIgfsaaJjI,basket-logo,489.2,0.1924,33.63,https://www.youtube.com/watch?v=XvIgfsaaJjI
22501202,XvIgfsaaJjI,side-court-led-logo,528.0,0.8902,29.14,https://www.youtube.com/watch?v=XvIgfsaaJjI
22501202,XvIgfsaaJjI,back-court-logo,494.6,1.5535,21.61,https://www.youtube.com/watch?v=XvIgfsaaJjI
22501202,XvIgfsaaJjI,mid-court-logo,413.2,2.0222,30.94,https://www.youtube.com/watch?v=XvIgfsaaJjI
22501202,XvIgfsaaJjI,side-court-logo,220.4,0.332,23.1,https://www.youtube.com/watch?v=XvIgfsaaJjI
22501202,Nyny-co7TLw,side-court-led-logo,499.3,0.8931,28.46,https://www.youtube.com/watch?v=Nyny-co7TLw
22501202,Nyny-co7TLw,mid-court-logo,460.46,1.8731,30.11,https://www.youtube.com/watch?v=Nyny-co7TLw
22501202,Nyny-co7TLw,side-court-logo,243.24,0.3456,21.9,https://www.youtube.com/watch?v=Nyny-co7TLw
22501202,Nyny-co7TLw,back-court-logo,455.66,1.5311,25.1,https://www.youtube.com/watch?v=Nyny-co7TLw
22501202,Nyny-co7TLw,basket-logo,448.25,0.1868,35.93,https://www.youtube.com/watch?v=Nyny-co7TLw
22500347,qWq5J9oyL2Y,basket-logo,474.27,0.1861,35.73,https://www.youtube.com/watch?v=qWq5J9oyL2Y
22500347,qWq5J9oyL2Y,side-court-led-logo,449.45,2.3288,31.49,https://www.youtube.com/watch?v=qWq5J9oyL2Y
22500347,qWq5J9oyL2Y,side-court-logo,520.92,1.0451,27.47,https://www.youtube.com/watch?v=qWq5J9oyL2Y
22500347,qWq5J9oyL2Y,mid-court-logo,341.54,1.729,27.66,https://www.youtube.com/watch?v=qWq5J9oyL2Y
22500347,qWq5J9oyL2Y,back-court-logo,490.89,2.1442,24.28,https://www.youtube.com/watch?v=qWq5J9oyL2Y
22500347,8mzqDk40JMA,basket-logo,476.8,0.1825,35.36,https://www.youtube.com/watch?v=8mzqDk40JMA
22500347,8mzqDk40JMA,side-court-led-logo,447.6,2.1126,31.61,https://www.youtube.com/watch?v=8mzqDk40JMA
22500347,8mzqDk40JMA,side-court-logo,518.2,1.0354,27.18,https://www.youtube.com/watch?v=8mzqDk40JMA
22500347,8mzqDk40JMA,mid-court-logo,336.2,1.799,27.84,https://www.youtube.com/watch?v=8mzqDk40JMA
22500347,8mzqDk40JMA,back-court-logo,491.0,2.0673,24.15,https://www.youtube.com/watch?v=8mzqDk40JMA
22500347,re9X6FMua40,mid-court-logo,98.4,1.7411,32.45,https://www.youtube.com/watch?v=re9X6FMua40
22500347,re9X6FMua40,side-court-led-logo,210.2,3.0529,30.63,https://www.youtube.com/watch?v=re9X6FMua40
22500347,re9X6FMua40,side-court-logo,416.6,1.5637,32.02,https://www.youtube.com/watch?v=re9X6FMua40
22500347,re9X6FMua40,basket-logo,424.8,0.3142,40.18,https://www.youtube.com/watch?v=re9X6FMua40
22500347,re9X6FMua40,back-court-logo,434.6,4.3176,30.22,https://www.youtube.com/watch?v=re9X6FMua40
22500378,Q2cDmhhQE3A,basket-logo,536.2,0.2253,36.16,https://www.youtube.com/watch?v=Q2cDmhhQE3A
22500378,Q2cDmhhQE3A,mid-court-logo,517.6,2.3185,36.4,https://www.youtube.com/watch?v=Q2cDmhhQE3A
22500378,Q2cDmhhQE3A,back-court-logo,542.2,2.065,24.01,https://www.youtube.com/watch?v=Q2cDmhhQE3A
22500378,Q2cDmhhQE3A,side-court-led-logo,238.8,0.821,35.0,https://www.youtube.com/watch?v=Q2cDmhhQE3A
22500378,Q2cDmhhQE3A,side-court-logo,3.4,0.0991,34.06,https://www.youtube.com/watch?v=Q2cDmhhQE3A
22500378,UtdOF7Ce2K0,basket-logo,559.16,0.2166,37.68,https://www.youtube.com/watch?v=UtdOF7Ce2K0
22500378,UtdOF7Ce2K0,mid-court-logo,550.55,2.3787,34.9,https://www.youtube.com/watch?v=UtdOF7Ce2K0
22500378,UtdOF7Ce2K0,back-court-logo,564.76,1.9473,25.33,https://www.youtube.com/watch?v=UtdOF7Ce2K0
22500378,UtdOF7Ce2K0,side-court-led-logo,285.89,0.9019,33.68,https://www.youtube.com/watch?v=UtdOF7Ce2K0
22500378,UtdOF7Ce2K0,side-court-logo,6.41,0.1125,38.74,https://www.youtube.com/watch?v=UtdOF7Ce2K0
22500378,YfGB5fWIBZQ,mid-court-logo,463.2,2.3482,30.65,https://www.youtube.com/watch?v=YfGB5fWIBZQ
22500378,YfGB5fWIBZQ,side-court-led-logo,307.8,1.0213,30.15,https://www.youtube.com/watch?v=YfGB5fWIBZQ
22500378,YfGB5fWIBZQ,back-court-logo,442.8,1.9133,30.96,https://www.youtube.com/watch?v=YfGB5fWIBZQ
22500378,YfGB5fWIBZQ,basket-logo,431.0,0.2037,42.22,https://www.youtube.com/watch?v=YfGB5fWIBZQ
22500378,YfGB5fWIBZQ,side-court-logo,0.8,0.1284,48.83,https://www.youtube.com/watch?v=YfGB5fWIBZQ
22500378,8HOjI9UQSgE,basket-logo,402.4,0.2028,42.05,https://www.youtube.com/watch?v=8HOjI9UQSgE
22500378,8HOjI9UQSgE,mid-court-logo,454.8,2.3161,30.45,https://www.youtube.com/watch?v=8HOjI9UQSgE
22500378,8HOjI9UQSgE,back-court-logo,419.4,1.8707,31.3,https://www.youtube.com/watch?v=8HOjI9UQSgE
22500378,8HOjI9UQSgE,side-court-led-logo,302.8,1.0862,30.28,https://www.youtube.com/watch?v=8HOjI9UQSgE
22500378,8HOjI9UQSgE,side-court-logo,3.4,0.1063,45.47,https://www.youtube.com/watch?v=8HOjI9UQSgE
22500378,b4H83G6w-kQ,basket-logo,449.0,0.1985,41.51,https://www.youtube.com/watch?v=b4H83G6w-kQ
22500378,b4H83G6w-kQ,side-court-led-logo,354.0,1.194,31.95,https://www.youtube.com/watch?v=b4H83G6w-kQ
22500378,b4H83G6w-kQ,mid-court-logo,500.6,2.2765,30.92,https://www.youtube.com/watch?v=b4H83G6w-kQ
22500378,b4H83G6w-kQ,back-court-logo,467.0,1.8049,30.85,https://www.youtube.com/watch?v=b4H83G6w-kQ
22500378,b4H83G6w-kQ,side-court-logo,4.0,0.1217,25.63,https://www.youtube.com/watch?v=b4H83G6w-kQ
22500378,Dbj1Rf27cnE,basket-logo,261.8,0.206,43.63,https://www.youtube.com/watch?v=Dbj1Rf27cnE
22500378,Dbj1Rf27cnE,mid-court-logo,273.4,2.2152,31.19,https://www.youtube.com/watch?v=Dbj1Rf27cnE
22500378,Dbj1Rf27cnE,back-court-logo,266.0,1.8796,31.41,https://www.youtube.com/watch?v=Dbj1Rf27cnE
22500378,Dbj1Rf27cnE,side-court-led-logo,170.4,0.8783,31.31,https://www.youtube.com/watch?v=Dbj1Rf27cnE
22500378,Dbj1Rf27cnE,side-court-logo,3.0,1.6595,29.57,https://www.youtube.com/watch?v=Dbj1Rf27cnE
22500378,7WL-X-jE4YY,basket-logo,220.6,0.1898,43.86,https://www.youtube.com/watch?v=7WL-X-jE4YY
22500378,7WL-X-jE4YY,back-court-logo,226.0,1.756,33.13,https://www.youtube.com/watch?v=7WL-X-jE4YY
22500378,7WL-X-jE4YY,side-court-led-logo,176.8,1.0092,27.84,https://www.youtube.com/watch?v=7WL-X-jE4YY
22500378,7WL-X-jE4YY,mid-court-logo,249.4,2.3204,29.4,https://www.youtube.com/watch?v=7WL-X-jE4YY
22500378,7WL-X-jE4YY,side-court-logo,0.6,0.0797,30.76,https://www.youtube.com/watch?v=7WL-X-jE4YY
22500378,D5frCZLZhqc,basket-logo,415.0,0.2033,43.14,https://www.youtube.com/watch?v=D5frCZLZhqc
22500378,D5frCZLZhqc,mid-court-logo,440.0,2.4727,29.44,https://www.youtube.com/watch?v=D5frCZLZhqc
22500378,D5frCZLZhqc,side-court-led-logo,293.8,1.012,27.18,https://www.youtube.com/watch?v=D5frCZLZhqc
22500378,D5frCZLZhqc,back-court-logo,418.6,1.8658,32.23,https://www.youtube.com/watch?v=D5frCZLZhqc
22500378,D5frCZLZhqc,side-court-logo,1.8,0.1358,45.95,https://www.youtube.com/watch?v=D5frCZLZhqc
22500378,w7WK2Wtf0Oc,basket-logo,321.4,0.2059,41.56,https://www.youtube.com/watch?v=w7WK2Wtf0Oc
22500378,w7WK2Wtf0Oc,back-court-logo,328.0,1.8922,29.54,https://www.youtube.com/watch?v=w7WK2Wtf0Oc
22500378,w7WK2Wtf0Oc,mid-court-logo,286.4,2.0105,29.33,https://www.youtube.com/watch?v=w7WK2Wtf0Oc
22500378,w7WK2Wtf0Oc,side-court-led-logo,212.4,1.0567,29.54,https://www.youtube.com/watch?v=w7WK2Wtf0Oc
22500378,w7WK2Wtf0Oc,side-court-logo,2.4,0.1231,40.76,https://www.youtube.com/watch?v=w7WK2Wtf0Oc
22500378,X69yNZ2-LIQ,mid-court-logo,334.0,2.3318,29.74,https://www.youtube.com/watch?v=X69yNZ2-LIQ
22500378,X69yNZ2-LIQ,side-court-led-logo,219.6,0.9852,27.76,https://www.youtube.com/watch?v=X69yNZ2-LIQ
22500378,X69yNZ2-LIQ,back-court-logo,320.6,1.8529,33.79,https://www.youtube.com/watch?v=X69yNZ2-LIQ
22500378,X69yNZ2-LIQ,basket-logo,306.8,0.1966,45.2,https://www.youtube.com/watch?v=X69yNZ2-LIQ
22500378,X69yNZ2-LIQ,side-court-logo,1.6,0.1474,46.5,https://www.youtube.com/watch?v=X69yNZ2-LIQ
22500362,q5WhqF-5vq8,side-court-led-logo,506.2,2.0826,34.19,https://www.youtube.com/watch?v=q5WhqF-5vq8
22500362,q5WhqF-5vq8,basket-logo,491.2,0.1948,34.55,https://www.youtube.com/watch?v=q5WhqF-5vq8
22500362,q5WhqF-5vq8,mid-court-logo,525.0,1.9563,32.91,https://www.youtube.com/watch?v=q5WhqF-5vq8
22500362,q5WhqF-5vq8,side-court-logo,530.8,0.8678,23.9,https://www.youtube.com/watch?v=q5WhqF-5vq8
22500362,q5WhqF-5vq8,back-court-logo,501.2,1.5562,23.69,https://www.youtube.com/watch?v=q5WhqF-5vq8
22500362,4f5RtRx7thU,basket-logo,530.93,0.2072,35.7,https://www.youtube.com/watch?v=4f5RtRx7thU
22500362,4f5RtRx7thU,side-court-logo,572.77,0.8521,23.25,https://www.youtube.com/watch?v=4f5RtRx7thU
22500362,4f5RtRx7thU,side-court-led-logo,538.94,1.7245,32.84,https://www.youtube.com/watch?v=4f5RtRx7thU
22500362,4f5RtRx7thU,back-court-logo,536.14,1.5829,25.8,https://www.youtube.com/watch?v=4f5RtRx7thU
22500362,4f5RtRx7thU,mid-court-logo,559.16,1.9362,31.74,https://www.youtube.com/watch?v=4f5RtRx7thU
22500362,dPwUkpiKy1k,side-court-logo,529.53,0.8355,23.57,https://www.youtube.com/watch?v=dPwUkpiKy1k
22500362,dPwUkpiKy1k,mid-court-logo,522.72,1.9082,29.84,https://www.youtube.com/watch?v=dPwUkpiKy1k
22500362,dPwUkpiKy1k,side-court-led-logo,507.71,2.0766,30.73,https://www.youtube.com/watch?v=dPwUkpiKy1k
22500362,dPwUkpiKy1k,back-court-logo,473.47,1.544,27.7,https://www.youtube.com/watch?v=dPwUkpiKy1k
22500362,dPwUkpiKy1k,basket-logo,451.25,0.2117,36.79,https://www.youtube.com/watch?v=dPwUkpiKy1k
22500362,ZYwzXcwsPA8,side-court-led-logo,445.2,2.2864,31.51,https://www.youtube.com/watch?v=ZYwzXcwsPA8
22500362,ZYwzXcwsPA8,basket-logo,383.8,0.2052,37.31,https://www.youtube.com/watch?v=ZYwzXcwsPA8
22500362,ZYwzXcwsPA8,side-court-logo,467.8,0.8834,23.81,https://www.youtube.com/watch?v=ZYwzXcwsPA8
22500362,ZYwzXcwsPA8,mid-court-logo,453.4,2.1722,30.31,https://www.youtube.com/watch?v=ZYwzXcwsPA8
22500362,ZYwzXcwsPA8,back-court-logo,403.0,1.7012,28.6,https://www.youtube.com/watch?v=ZYwzXcwsPA8
22500361,PDX4-KigsB8,basket-logo,479.6,0.2471,33.99,https://www.youtube.com/watch?v=PDX4-KigsB8
22500361,PDX4-KigsB8,side-court-led-logo,399.4,1.6067,33.01,https://www.youtube.com/watch?v=PDX4-KigsB8
22500361,PDX4-KigsB8,mid-court-logo,401.2,2.0279,31.51,https://www.youtube.com/watch?v=PDX4-KigsB8
22500361,PDX4-KigsB8,back-court-logo,489.0,1.6573,22.93,https://www.youtube.com/watch?v=PDX4-KigsB8
22500361,PDX4-KigsB8,side-court-logo,507.6,1.0565,24.96,https://www.youtube.com/watch?v=PDX4-KigsB8
22500361,Jf7vuYpX6yA,side-court-logo,541.54,0.993,24.26,https://www.youtube.com/watch?v=Jf7vuYpX6yA
22500361,Jf7vuYpX6yA,mid-court-logo,462.06,2.0488,30.56,https://www.youtube.com/watch?v=Jf7vuYpX6yA
22500361,Jf7vuYpX6yA,side-court-led-logo,459.06,1.4095,31.29,https://www.youtube.com/watch?v=Jf7vuYpX6yA
22500361,Jf7vuYpX6yA,back-court-logo,515.32,1.5754,25.55,https://www.youtube.com/watch?v=Jf7vuYpX6yA
22500361,Jf7vuYpX6yA,basket-logo,505.91,0.2386,36.35,https://www.youtube.com/watch?v=Jf7vuYpX6yA
22500361,gu4suq4DIN4,side-court-led-logo,442.6,1.1851,32.58,https://www.youtube.com/watch?v=gu4suq4DIN4
22500361,gu4suq4DIN4,basket-logo,507.2,0.2411,35.38,https://www.youtube.com/watch?v=gu4suq4DIN4
22500361,gu4suq4DIN4,side-court-logo,524.6,0.9914,23.26,https://www.youtube.com/watch?v=gu4suq4DIN4
22500361,gu4suq4DIN4,back-court-logo,515.2,1.6079,24.1,https://www.youtube.com/watch?v=gu4suq4DIN4
22500361,gu4suq4DIN4,mid-court-logo,441.2,2.0185,31.58,https://www.youtube.com/watch?v=gu4suq4DIN4
22500361,W6vXCc0Eolc,basket-logo,287.2,0.233,38.16,https://www.youtube.com/watch?v=W6vXCc0Eolc
22500361,W6vXCc0Eolc,mid-court-logo,261.2,2.2371,28.53,https://www.youtube.com/watch?v=W6vXCc0Eolc
22500361,W6vXCc0Eolc,side-court-led-logo,269.8,2.688,29.06,https://www.youtube.com/watch?v=W6vXCc0Eolc
22500361,W6vXCc0Eolc,side-court-logo,290.6,0.9583,23.59,https://www.youtube.com/watch?v=W6vXCc0Eolc
22500361,W6vXCc0Eolc,back-court-logo,292.4,1.7607,27.13,https://www.youtube.com/watch?v=W6vXCc0Eolc
22500361,u7HMHZb_B6Q,basket-logo,415.0,0.2279,37.54,https://www.youtube.com/watch?v=u7HMHZb_B6Q
22500361,u7HMHZb_B6Q,back-court-logo,431.6,1.5812,27.48,https://www.youtube.com/watch?v=u7HMHZb_B6Q
22500361,u7HMHZb_B6Q,side-court-logo,459.0,0.9389,24.52,https://www.youtube.com/watch?v=u7HMHZb_B6Q
22500361,u7HMHZb_B6Q,mid-court-logo,418.0,1.9803,30.05,https://www.youtube.com/watch?v=u7HMHZb_B6Q
22500361,u7HMHZb_B6Q,side-court-led-logo,413.4,1.5307,31.11,https://www.youtube.com/watch?v=u7HMHZb_B6Q
22501215,D6iBe1QOqGo,basket-logo,516.72,0.2728,37.64,https://www.youtube.com/watch?v=D6iBe1QOqGo
22501215,D6iBe1QOqGo,mid-court-logo,424.02,1.9085,28.18,https://www.youtube.com/watch?v=D6iBe1QOqGo
22501215,D6iBe1QOqGo,back-court-logo,525.73,2.1782,26.14,https://www.youtube.com/watch?v=D6iBe1QOqGo
22501215,D6iBe1QOqGo,side-court-led-logo,254.85,1.4135,28.63,https://www.youtube.com/watch?v=D6iBe1QOqGo
22501215,D6iBe1QOqGo,side-court-logo,525.73,0.6898,26.79,https://www.youtube.com/watch?v=D6iBe1QOqGo
22501215,FzgHsGitVDs,basket-logo,600.0,0.2734,36.97,https://www.youtube.com/watch?v=FzgHsGitVDs
22501215,FzgHsGitVDs,back-court-logo,609.81,2.2088,25.71,https://www.youtube.com/watch?v=FzgHsGitVDs
22501215,FzgHsGitVDs,mid-court-logo,488.69,1.937,28.53,https://www.youtube.com/watch?v=FzgHsGitVDs
22501215,FzgHsGitVDs,side-court-led-logo,287.29,1.4572,29.12,https://www.youtube.com/watch?v=FzgHsGitVDs
22501215,FzgHsGitVDs,side-court-logo,621.02,0.6852,27.2,https://www.youtube.com/watch?v=FzgHsGitVDs
22501215,hF2rzf4XnHQ,side-court-logo,498.5,0.6797,26.67,https://www.youtube.com/watch?v=hF2rzf4XnHQ
22501215,hF2rzf4XnHQ,mid-court-logo,395.8,1.9407,27.39,https://www.youtube.com/watch?v=hF2rzf4XnHQ
22501215,hF2rzf4XnHQ,side-court-led-logo,261.06,1.4956,26.7,https://www.youtube.com/watch?v=hF2rzf4XnHQ
22501215,hF2rzf4XnHQ,basket-logo,465.07,0.2714,38.21,https://www.youtube.com/watch?v=hF2rzf4XnHQ
22501215,hF2rzf4XnHQ,back-court-logo,474.47,2.1651,27.33,https://www.youtube.com/watch?v=hF2rzf4XnHQ
22501215,84FJDfKE2Ms,basket-logo,518.8,0.2778,37.98,https://www.youtube.com/watch?v=84FJDfKE2Ms
22501215,84FJDfKE2Ms,mid-court-logo,413.4,1.9545,27.71,https://www.youtube.com/watch?v=84FJDfKE2Ms
22501215,84FJDfKE2Ms,back-court-logo,528.8,2.2312,26.05,https://www.youtube.com/watch?v=84FJDfKE2Ms
22501215,84FJDfKE2Ms,side-court-logo,527.6,0.6969,26.55,https://www.youtube.com/watch?v=84FJDfKE2Ms
22501215,84FJDfKE2Ms,side-court-led-logo,250.4,1.3852,28.97,https://www.youtube.com/watch?v=84FJDfKE2Ms
22501215,NKEPn8BQwR8,basket-logo,361.2,0.272,39.21,https://www.youtube.com/watch?v=NKEPn8BQwR8
22501215,NKEPn8BQwR8,side-court-led-logo,242.8,2.0928,27.17,https://www.youtube.com/watch?v=NKEPn8BQwR8
22501215,NKEPn8BQwR8,back-court-logo,388.0,2.2529,30.69,https://www.youtube.com/watch?v=NKEPn8BQwR8
22501215,NKEPn8BQwR8,mid-court-logo,379.8,1.9007,27.84,https://www.youtube.com/watch?v=NKEPn8BQwR8
22501215,NKEPn8BQwR8,side-court-logo,449.0,0.6827,27.02,https://www.youtube.com/watch?v=NKEPn8BQwR8
22501215,p1M4UQ9IvD0,side-court-logo,323.6,0.6338,26.54,https://www.youtube.com/watch?v=p1M4UQ9IvD0
22501215,p1M4UQ9IvD0,side-court-led-logo,226.4,1.8715,27.91,https://www.youtube.com/watch?v=p1M4UQ9IvD0
22501215,p1M4UQ9IvD0,mid-court-logo,264.2,1.8628,28.08,https://www.youtube.com/watch?v=p1M4UQ9IvD0
22501215,p1M4UQ9IvD0,back-court-logo,291.0,2.0868,29.33,https://www.youtube.com/watch?v=p1M4UQ9IvD0
22501215,p1M4UQ9IvD0,basket-logo,279.4,0.2456,38.42,https://www.youtube.com/watch?v=p1M4UQ9IvD0
22501215,N54nuLdX8eI,mid-court-logo,440.4,2.0551,27.69,https://www.youtube.com/watch?v=N54nuLdX8eI
22501215,N54nuLdX8eI,side-court-led-logo,284.8,1.8404,27.87,https://www.youtube.com/watch?v=N54nuLdX8eI
22501215,N54nuLdX8eI,side-court-logo,484.2,0.6724,26.19,https://www.youtube.com/watch?v=N54nuLdX8eI
22501215,N54nuLdX8eI,back-court-logo,415.6,2.1616,32.36,https://www.youtube.com/watch?v=N54nuLdX8eI
22501215,N54nuLdX8eI,basket-logo,387.4,0.2533,41.34,https://www.youtube.com/watch?v=N54nuLdX8eI
22501215,nIAD_Sf_rkI,basket-logo,187.4,0.2674,41.17,https://www.youtube.com/watch?v=nIAD_Sf_rkI
22501215,nIAD_Sf_rkI,back-court-logo,202.8,2.2292,31.33,https://www.youtube.com/watch?v=nIAD_Sf_rkI
22501215,nIAD_Sf_rkI,side-court-logo,245.2,0.656,27.48,https://www.youtube.com/watch?v=nIAD_Sf_rkI
22501215,nIAD_Sf_rkI,side-court-led-logo,136.4,2.2655,27.98,https://www.youtube.com/watch?v=nIAD_Sf_rkI
22501215,nIAD_Sf_rkI,mid-court-logo,205.4,2.2032,28.09,https://www.youtube.com/watch?v=nIAD_Sf_rkI
22500324,xjKJz8pdD2A,side-court-led-logo,507.31,0.8496,29.41,https://www.youtube.com/watch?v=xjKJz8pdD2A
22500324,xjKJz8pdD2A,mid-court-logo,346.55,1.8137,29.08,https://www.youtube.com/watch?v=xjKJz8pdD2A
22500324,xjKJz8pdD2A,side-court-logo,463.46,0.7156,29.96,https://www.youtube.com/watch?v=xjKJz8pdD2A
22500324,xjKJz8pdD2A,back-court-logo,496.5,1.4269,24.35,https://www.youtube.com/watch?v=xjKJz8pdD2A
22500324,xjKJz8pdD2A,basket-logo,486.29,0.1774,34.31,https://www.youtube.com/watch?v=xjKJz8pdD2A
22500341,y3DkF5Reuuc,side-court-led-logo,473.2,0.8781,29.03,https://www.youtube.com/watch?v=y3DkF5Reuuc
22500341,y3DkF5Reuuc,basket-logo,458.2,0.1705,31.19,https://www.youtube.com/watch?v=y3DkF5Reuuc
22500341,y3DkF5Reuuc,back-court-logo,386.2,1.108,22.2,https://www.youtube.com/watch?v=y3DkF5Reuuc
22500341,y3DkF5Reuuc,mid-court-logo,217.4,2.9654,29.34,https://www.youtube.com/watch?v=y3DkF5Reuuc
22500341,y3DkF5Reuuc,side-court-logo,49.4,0.7994,35.87,https://www.youtube.com/watch?v=y3DkF5Reuuc
22500341,aoQdTIDgcgE,basket-logo,478.4,0.1662,32.02,https://www.youtube.com/watch?v=aoQdTIDgcgE
22500341,aoQdTIDgcgE,side-court-led-logo,500.4,0.8577,29.26,https://www.youtube.com/watch?v=aoQdTIDgcgE
22500341,aoQdTIDgcgE,back-court-logo,411.2,1.105,22.82,https://www.youtube.com/watch?v=aoQdTIDgcgE
22500341,aoQdTIDgcgE,mid-court-logo,258.8,2.9553,29.62,https://www.youtube.com/watch?v=aoQdTIDgcgE
22500341,aoQdTIDgcgE,side-court-logo,68.4,0.7556,33.01,https://www.youtube.com/watch?v=aoQdTIDgcgE
22501226,bJooVVfYjMk,side-court-logo,516.92,0.7154,30.6,https://www.youtube.com/watch?v=bJooVVfYjMk
22501226,bJooVVfYjMk,mid-court-logo,307.51,2.1515,30.0,https://www.youtube.com/watch?v=bJooVVfYjMk
22501226,bJooVVfYjMk,side-court-led-logo,164.76,1.5701,29.37,https://www.youtube.com/watch?v=bJooVVfYjMk
22501226,bJooVVfYjMk,basket-logo,467.87,0.2104,34.53,https://www.youtube.com/watch?v=bJooVVfYjMk
22501226,bJooVVfYjMk,back-court-logo,0.2,2.283,12.84,https://www.youtube.com/watch?v=bJooVVfYjMk
22501226,SlXcP0sDXNE,side-court-logo,516.32,0.7057,29.34,https://www.youtube.com/watch?v=SlXcP0sDXNE
22501226,SlXcP0sDXNE,mid-court-logo,304.5,2.1882,28.5,https://www.youtube.com/watch?v=SlXcP0sDXNE
22501226,SlXcP0sDXNE,side-court-led-logo,177.78,1.5133,26.74,https://www.youtube.com/watch?v=SlXcP0sDXNE
22501226,SlXcP0sDXNE,basket-logo,452.85,0.2092,36.15,https://www.youtube.com/watch?v=SlXcP0sDXNE
22501226,dz1xDpA02IM,mid-court-logo,312.4,2.217,30.07,https://www.youtube.com/watch?v=dz1xDpA02IM
22501226,dz1xDpA02IM,side-court-logo,434.8,0.6612,28.41,https://www.youtube.com/watch?v=dz1xDpA02IM
22501226,dz1xDpA02IM,side-court-led-logo,220.0,1.5513,29.31,https://www.youtube.com/watch?v=dz1xDpA02IM
22501226,dz1xDpA02IM,basket-logo,345.2,0.1931,35.87,https://www.youtube.com/watch?v=dz1xDpA02IM
22501226,rbVDvFvsN9g,side-court-logo,452.2,0.6778,31.17,https://www.youtube.com/watch?v=rbVDvFvsN9g
22501226,rbVDvFvsN9g,mid-court-logo,280.4,2.3153,28.82,https://www.youtube.com/watch?v=rbVDvFvsN9g
22501226,rbVDvFvsN9g,side-court-led-logo,196.8,2.0723,28.45,https://www.youtube.com/watch?v=rbVDvFvsN9g
22501226,rbVDvFvsN9g,basket-logo,351.8,0.2136,37.22,https://www.youtube.com/watch?v=rbVDvFvsN9g
22501226,rbVDvFvsN9g,back-court-logo,0.4,1.3814,28.4,https://www.youtube.com/watch?v=rbVDvFvsN9g
22501226,54JvyrsqOcA,basket-logo,263.6,0.2108,38.53,https://www.youtube.com/watch?v=54JvyrsqOcA
22501226,54JvyrsqOcA,side-court-logo,331.6,0.726,25.77,https://www.youtube.com/watch?v=54JvyrsqOcA
22501226,54JvyrsqOcA,side-court-led-logo,144.6,1.7884,29.09,https://www.youtube.com/watch?v=54JvyrsqOcA
22501226,54JvyrsqOcA,mid-court-logo,190.6,2.1101,27.74,https://www.youtube.com/watch?v=54JvyrsqOcA
22501226,0LAqjcV8IwQ,mid-court-logo,189.2,2.2581,27.35,https://www.youtube.com/watch?v=0LAqjcV8IwQ
22501226,0LAqjcV8IwQ,side-court-led-logo,156.2,1.7853,26.36,https://www.youtube.com/watch?v=0LAqjcV8IwQ
22501226,0LAqjcV8IwQ,side-court-logo,302.0,0.684,28.37,https://www.youtube.com/watch?v=0LAqjcV8IwQ
22501226,0LAqjcV8IwQ,basket-logo,237.2,0.2052,38.04,https://www.youtube.com/watch?v=0LAqjcV8IwQ
22501226,0LAqjcV8IwQ,back-court-logo,0.2,0.5375,59.58,https://www.youtube.com/watch?v=0LAqjcV8IwQ
22501226,2ygNMwtBicY,side-court-led-logo,214.6,1.5733,28.57,https://www.youtube.com/watch?v=2ygNMwtBicY
22501226,2ygNMwtBicY,mid-court-logo,297.8,2.1792,27.39,https://www.youtube.com/watch?v=2ygNMwtBicY
22501226,2ygNMwtBicY,side-court-logo,434.0,0.6494,27.64,https://www.youtube.com/watch?v=2ygNMwtBicY
22501226,2ygNMwtBicY,basket-logo,342.8,0.1919,38.74,https://www.youtube.com/watch?v=2ygNMwtBicY
22501226,2ygNMwtBicY,back-court-logo,0.6,1.0705,45.52,https://www.youtube.com/watch?v=2ygNMwtBicY
22501226,nkh7Idr4chA,side-court-logo,459.8,0.656,28.41,https://www.youtube.com/watch?v=nkh7Idr4chA
22501226,nkh7Idr4chA,mid-court-logo,306.6,2.3568,28.38,https://www.youtube.com/watch?v=nkh7Idr4chA
22501226,nkh7Idr4chA,side-court-led-logo,218.2,1.6369,27.44,https://www.youtube.com/watch?v=nkh7Idr4chA
22501226,nkh7Idr4chA,basket-logo,375.8,0.1985,37.19,https://www.youtube.com/watch?v=nkh7Idr4chA
22501226,nkh7Idr4chA,back-court-logo,0.4,0.5937,26.2,https://www.youtube.com/watch?v=nkh7Idr4chA
22501226,bz7iI-nsd14,basket-logo,251.8,0.2155,34.11,https://www.youtube.com/watch?v=bz7iI-nsd14
22501226,bz7iI-nsd14,side-court-logo,330.2,0.7246,31.16,https://www.youtube.com/watch?v=bz7iI-nsd14
22501226,bz7iI-nsd14,side-court-led-logo,133.2,1.8047,29.46,https://www.youtube.com/watch?v=bz7iI-nsd14
22501226,bz7iI-nsd14,mid-court-logo,197.8,2.3136,29.91,https://www.youtube.com/watch?v=bz7iI-nsd14
22501201,LaUoNWN6c_U,mid-court-logo,487.8,2.143,31.15,https://www.youtube.com/watch?v=LaUoNWN6c_U
22501201,LaUoNWN6c_U,side-court-led-logo,369.4,1.1443,34.4,https://www.youtube.com/watch?v=LaUoNWN6c_U
22501201,LaUoNWN6c_U,side-court-logo,412.8,0.5725,24.99,https://www.youtube.com/watch?v=LaUoNWN6c_U
22501201,LaUoNWN6c_U,back-court-logo,466.2,1.7985,22.42,https://www.youtube.com/watch?v=LaUoNWN6c_U
22501201,LaUoNWN6c_U,basket-logo,460.4,0.1875,35.47,https://www.youtube.com/watch?v=LaUoNWN6c_U
22501201,R_oHXufe8Ro,basket-logo,533.0,0.1809,37.09,https://www.youtube.com/watch?v=R_oHXufe8Ro
22501201,R_oHXufe8Ro,side-court-led-logo,420.6,0.8788,33.38,https://www.youtube.com/watch?v=R_oHXufe8Ro
22501201,R_oHXufe8Ro,mid-court-logo,551.0,2.2953,29.99,https://www.youtube.com/watch?v=R_oHXufe8Ro
22501201,R_oHXufe8Ro,back-court-logo,543.2,1.8122,23.81,https://www.youtube.com/watch?v=R_oHXufe8Ro
22501201,R_oHXufe8Ro,side-court-logo,370.6,0.4938,23.21,https://www.youtube.com/watch?v=R_oHXufe8Ro
22501201,rOu-ygFmUG0,basket-logo,475.28,0.1797,37.89,https://www.youtube.com/watch?v=rOu-ygFmUG0
22501201,rOu-ygFmUG0,side-court-logo,394.19,0.4283,23.96,https://www.youtube.com/watch?v=rOu-ygFmUG0
22501201,rOu-ygFmUG0,mid-court-logo,502.7,2.0639,29.52,https://www.youtube.com/watch?v=rOu-ygFmUG0
22501201,rOu-ygFmUG0,back-court-logo,488.89,1.7269,25.8,https://www.youtube.com/watch?v=rOu-ygFmUG0
22501201,rOu-ygFmUG0,side-court-led-logo,411.61,1.0542,32.2,https://www.youtube.com/watch?v=rOu-ygFmUG0
22501201,Bx52O_HmUvM,basket-logo,219.0,0.5842,36.64,https://www.youtube.com/watch?v=Bx52O_HmUvM
22501201,Bx52O_HmUvM,side-court-led-logo,186.0,4.2295,29.83,https://www.youtube.com/watch?v=Bx52O_HmUvM
22501201,Bx52O_HmUvM,side-court-logo,235.2,1.0479,33.62,https://www.youtube.com/watch?v=Bx52O_HmUvM
22501201,Bx52O_HmUvM,back-court-logo,308.2,6.5395,30.27,https://www.youtube.com/watch?v=Bx52O_HmUvM
22501201,Bx52O_HmUvM,mid-court-logo,156.4,4.1871,28.03,https://www.youtube.com/watch?v=Bx52O_HmUvM
22501201,N5vM_J8ttiY,basket-logo,335.8,0.1731,41.29,https://www.youtube.com/watch?v=N5vM_J8ttiY
22501201,N5vM_J8ttiY,side-court-led-logo,364.0,1.6144,30.06,https://www.youtube.com/watch?v=N5vM_J8ttiY
22501201,N5vM_J8ttiY,mid-court-logo,414.2,2.2453,27.46,https://www.youtube.com/watch?v=N5vM_J8ttiY
22501201,N5vM_J8ttiY,back-court-logo,362.0,1.8079,30.55,https://www.youtube.com/watch?v=N5vM_J8ttiY
22501201,N5vM_J8ttiY,side-court-logo,221.8,0.4091,26.13,https://www.youtube.com/watch?v=N5vM_J8ttiY
22501201,WvBiBnb6Qro,basket-logo,237.4,0.1678,39.32,https://www.youtube.com/watch?v=WvBiBnb6Qro
22501201,WvBiBnb6Qro,back-court-logo,258.4,1.7652,29.38,https://www.youtube.com/watch?v=WvBiBnb6Qro
22501201,WvBiBnb6Qro,mid-court-logo,282.8,2.0693,28.34,https://www.youtube.com/watch?v=WvBiBnb6Qro
22501201,WvBiBnb6Qro,side-court-led-logo,252.6,1.9627,29.1,https://www.youtube.com/watch?v=WvBiBnb6Qro
22501201,WvBiBnb6Qro,side-court-logo,130.8,0.3871,27.61,https://www.youtube.com/watch?v=WvBiBnb6Qro
22500337,Pu8jkU8ShTY,side-court-logo,496.0,1.1745,28.06,https://www.youtube.com/watch?v=Pu8jkU8ShTY
22500337,Pu8jkU8ShTY,mid-court-logo,432.0,1.9672,34.92,https://www.youtube.com/watch?v=Pu8jkU8ShTY
22500337,Pu8jkU8ShTY,side-court-led-logo,329.0,1.7473,33.86,https://www.youtube.com/watch?v=Pu8jkU8ShTY
22500337,Pu8jkU8ShTY,basket-logo,435.2,0.151,29.88,https://www.youtube.com/watch?v=Pu8jkU8ShTY
22500337,Pu8jkU8ShTY,back-court-logo,0.4,1.5877,5.34,https://www.youtube.com/watch?v=Pu8jkU8ShTY
22500337,inqc7zW0uTY,side-court-logo,597.6,1.1326,27.85,https://www.youtube.com/watch?v=inqc7zW0uTY
22500337,inqc7zW0uTY,mid-court-logo,462.46,2.0388,32.96,https://www.youtube.com/watch?v=inqc7zW0uTY
22500337,inqc7zW0uTY,side-court-led-logo,398.0,1.825,32.62,https://www.youtube.com/watch?v=inqc7zW0uTY
22500337,inqc7zW0uTY,basket-logo,524.32,0.1481,31.35,https://www.youtube.com/watch?v=inqc7zW0uTY
22500337,inqc7zW0uTY,back-court-logo,0.4,1.6046,8.43,https://www.youtube.com/watch?v=inqc7zW0uTY
22500340,C7ZYEckFw7I,side-court-led-logo,473.8,1.0067,25.3,https://www.youtube.com/watch?v=C7ZYEckFw7I
22500340,C7ZYEckFw7I,mid-court-logo,449.2,1.1645,33.07,https://www.youtube.com/watch?v=C7ZYEckFw7I
22500340,C7ZYEckFw7I,side-court-logo,463.8,0.6806,22.12,https://www.youtube.com/watch?v=C7ZYEckFw7I
22500340,C7ZYEckFw7I,back-court-logo,448.4,1.1509,19.32,https://www.youtube.com/watch?v=C7ZYEckFw7I
22500340,C7ZYEckFw7I,basket-logo,452.6,0.1914,30.86,https://www.youtube.com/watch?v=C7ZYEckFw7I
22500340,0DkfxLYWMLg,basket-logo,421.0,0.1851,33.83,https://www.youtube.com/watch?v=0DkfxLYWMLg
22500340,0DkfxLYWMLg,side-court-led-logo,479.4,1.0767,24.07,https://www.youtube.com/watch?v=0DkfxLYWMLg
22500340,0DkfxLYWMLg,back-court-logo,426.6,1.1454,22.74,https://www.youtube.com/watch?v=0DkfxLYWMLg
22500340,0DkfxLYWMLg,mid-court-logo,453.2,1.2132,29.67,https://www.youtube.com/watch?v=0DkfxLYWMLg
22500340,0DkfxLYWMLg,side-court-logo,454.4,0.677,21.42,https://www.youtube.com/watch?v=0DkfxLYWMLg
22500340,kMh2cNxA2KQ,side-court-led-logo,473.0,0.9977,25.04,https://www.youtube.com/watch?v=kMh2cNxA2KQ
22500340,kMh2cNxA2KQ,mid-court-logo,447.4,1.172,32.72,https://www.youtube.com/watch?v=kMh2cNxA2KQ
22500340,kMh2cNxA2KQ,side-court-logo,463.2,0.6865,21.78,https://www.youtube.com/watch?v=kMh2cNxA2KQ
22500340,kMh2cNxA2KQ,back-court-logo,446.4,1.1542,19.31,https://www.youtube.com/watch?v=kMh2cNxA2KQ
22500340,kMh2cNxA2KQ,basket-logo,450.8,0.1926,31.02,https://www.youtube.com/watch?v=kMh2cNxA2KQ
22500334,p-_4KBxDfQk,basket-logo,471.2,0.1473,32.88,https://www.youtube.com/watch?v=p-_4KBxDfQk
22500334,p-_4KBxDfQk,side-court-led-logo,524.2,1.1221,29.7,https://www.youtube.com/watch?v=p-_4KBxDfQk
22500334,p-_4KBxDfQk,side-court-logo,523.6,0.9463,30.56,https://www.youtube.com/watch?v=p-_4KBxDfQk
22500334,p-_4KBxDfQk,back-court-logo,488.2,1.4107,22.98,https://www.youtube.com/watch?v=p-_4KBxDfQk
22500334,p-_4KBxDfQk,mid-court-logo,230.4,1.6301,29.67,https://www.youtube.com/watch?v=p-_4KBxDfQk
22500334,1SCVUPT-DgY,side-court-led-logo,597.4,2.1141,33.84,https://www.youtube.com/watch?v=1SCVUPT-DgY
22500334,1SCVUPT-DgY,basket-logo,499.4,0.3065,39.16,https://www.youtube.com/watch?v=1SCVUPT-DgY
22500334,1SCVUPT-DgY,back-court-logo,539.4,2.9173,32.51,https://www.youtube.com/watch?v=1SCVUPT-DgY
22500334,1SCVUPT-DgY,side-court-logo,589.4,1.4562,32.89,https://www.youtube.com/watch?v=1SCVUPT-DgY
22500334,1SCVUPT-DgY,mid-court-logo,63.0,2.7065,33.38,https://www.youtube.com/watch?v=1SCVUPT-DgY
22500339,IINCitk4qkc,basket-logo,460.06,0.2167,35.2,https://www.youtube.com/watch?v=IINCitk4qkc
22500339,IINCitk4qkc,side-court-logo,503.9,0.871,24.57,https://www.youtube.com/watch?v=IINCitk4qkc
22500339,IINCitk4qkc,mid-court-logo,454.85,2.2179,32.35,https://www.youtube.com/watch?v=IINCitk4qkc
22500339,IINCitk4qkc,side-court-led-logo,375.18,1.3783,33.92,https://www.youtube.com/watch?v=IINCitk4qkc
22500339,IINCitk4qkc,back-court-logo,479.08,1.4221,23.89,https://www.youtube.com/watch?v=IINCitk4qkc
22500339,UCJuBeG2RuU,basket-logo,462.6,0.2139,34.67,https://www.youtube.com/watch?v=UCJuBeG2RuU
22500339,UCJuBeG2RuU,mid-court-logo,445.0,2.2025,32.83,https://www.youtube.com/watch?v=UCJuBeG2RuU
22500339,UCJuBeG2RuU,side-court-logo,500.0,0.8746,24.73,https://www.youtube.com/watch?v=UCJuBeG2RuU
22500339,UCJuBeG2RuU,side-court-led-logo,372.8,1.5367,33.84,https://www.youtube.com/watch?v=UCJuBeG2RuU
22500339,UCJuBeG2RuU,back-court-logo,479.8,1.396,23.39,https://www.youtube.com/watch?v=UCJuBeG2RuU
22500339,2sT0U266hwc,basket-logo,458.8,0.2207,35.08,https://www.youtube.com/watch?v=2sT0U266hwc
22500339,2sT0U266hwc,mid-court-logo,458.2,2.2273,32.31,https://www.youtube.com/watch?v=2sT0U266hwc
22500339,2sT0U266hwc,side-court-led-logo,374.2,1.3626,34.01,https://www.youtube.com/watch?v=2sT0U266hwc
22500339,2sT0U266hwc,side-court-logo,504.0,0.894,24.61,https://www.youtube.com/watch?v=2sT0U266hwc
22500339,2sT0U266hwc,back-court-logo,479.2,1.4279,23.65,https://www.youtube.com/watch?v=2sT0U266hwc
22500339,nXXiEs3-XQU,basket-logo,120.4,0.2077,32.09,https://www.youtube.com/watch?v=nXXiEs3-XQU
22500339,nXXiEs3-XQU,side-court-led-logo,101.8,1.2354,36.45,https://www.youtube.com/watch?v=nXXiEs3-XQU
22500339,nXXiEs3-XQU,side-court-logo,134.4,0.8118,24.83,https://www.youtube.com/watch?v=nXXiEs3-XQU
22500339,nXXiEs3-XQU,mid-court-logo,129.8,2.1312,34.21,https://www.youtube.com/watch?v=nXXiEs3-XQU
22500339,nXXiEs3-XQU,back-court-logo,126.6,1.3493,21.23,https://www.youtube.com/watch?v=nXXiEs3-XQU
22500326,gRiP5-EwVcg,basket-logo,447.6,0.2411,34.53,https://www.youtube.com/watch?v=gRiP5-EwVcg
22500326,gRiP5-EwVcg,mid-court-logo,379.4,1.898,28.84,https://www.youtube.com/watch?v=gRiP5-EwVcg
22500326,gRiP5-EwVcg,side-court-logo,490.6,0.8489,25.87,https://www.youtube.com/watch?v=gRiP5-EwVcg
22500326,gRiP5-EwVcg,side-court-led-logo,318.6,1.446,30.15,https://www.youtube.com/watch?v=gRiP5-EwVcg
22500326,gRiP5-EwVcg,back-court-logo,465.0,1.4873,22.46,https://www.youtube.com/watch?v=gRiP5-EwVcg
22500326,jFs9nXq-fcs,mid-court-logo,415.82,1.9159,27.14,https://www.youtube.com/watch?v=jFs9nXq-fcs
22500326,jFs9nXq-fcs,side-court-logo,530.73,0.8085,25.51,https://www.youtube.com/watch?v=jFs9nXq-fcs
22500326,jFs9nXq-fcs,side-court-led-logo,367.77,1.276,27.98,https://www.youtube.com/watch?v=jFs9nXq-fcs
22500326,jFs9nXq-fcs,basket-logo,471.27,0.2308,37.24,https://www.youtube.com/watch?v=jFs9nXq-fcs
22500326,jFs9nXq-fcs,back-court-logo,489.69,1.459,25.32,https://www.youtube.com/watch?v=jFs9nXq-fcs
22500346,FBdt-4KiyBY,basket-logo,415.6,0.217,36.17,https://www.youtube.com/watch?v=FBdt-4KiyBY
22500346,FBdt-4KiyBY,side-court-led-logo,266.0,2.9575,29.11,https://www.youtube.com/watch?v=FBdt-4KiyBY
22500346,FBdt-4KiyBY,mid-court-logo,368.2,1.6758,32.18,https://www.youtube.com/watch?v=FBdt-4KiyBY
22500346,FBdt-4KiyBY,back-court-logo,4.2,1.4409,38.96,https://www.youtube.com/watch?v=FBdt-4KiyBY
22500346,FBdt-4KiyBY,side-court-logo,1.2,0.3716,45.68,https://www.youtube.com/watch?v=FBdt-4KiyBY
22500346,TMiyLBSDI5w,basket-logo,474.0,0.2129,36.76,https://www.youtube.com/watch?v=TMiyLBSDI5w
22500346,TMiyLBSDI5w,side-court-led-logo,318.2,2.2205,29.82,https://www.youtube.com/watch?v=TMiyLBSDI5w
22500346,TMiyLBSDI5w,mid-court-logo,423.8,1.616,31.73,https://www.youtube.com/watch?v=TMiyLBSDI5w
22500346,TMiyLBSDI5w,back-court-logo,6.4,1.9984,40.3,https://www.youtube.com/watch?v=TMiyLBSDI5w
22500346,TMiyLBSDI5w,side-court-logo,0.8,0.3714,47.27,https://www.youtube.com/watch?v=TMiyLBSDI5w
22500346,NUXvVIHQCDQ,basket-logo,408.8,0.1996,37.59,https://www.youtube.com/watch?v=NUXvVIHQCDQ
22500346,NUXvVIHQCDQ,side-court-led-logo,362.4,1.7244,32.6,https://www.youtube.com/watch?v=NUXvVIHQCDQ
22500346,NUXvVIHQCDQ,mid-court-logo,428.6,1.6239,31.82,https://www.youtube.com/watch?v=NUXvVIHQCDQ
22500346,NUXvVIHQCDQ,back-court-logo,3.4,1.6731,30.89,https://www.youtube.com/watch?v=NUXvVIHQCDQ
22500346,NUXvVIHQCDQ,side-court-logo,0.6,0.1865,38.29,https://www.youtube.com/watch?v=NUXvVIHQCDQ
22500346,BZw3jkofMyY,side-court-led-logo,245.6,2.2444,30.01,https://www.youtube.com/watch?v=BZw3jkofMyY
22500346,BZw3jkofMyY,mid-court-logo,286.0,1.4833,30.09,https://www.youtube.com/watch?v=BZw3jkofMyY
22500346,BZw3jkofMyY,basket-logo,284.2,0.1968,39.68,https://www.youtube.com/watch?v=BZw3jkofMyY
22500346,BZw3jkofMyY,side-court-logo,0.2,0.1151,71.81,https://www.youtube.com/watch?v=BZw3jkofMyY
22500346,BZw3jkofMyY,back-court-logo,1.2,1.0993,51.83,https://www.youtube.com/watch?v=BZw3jkofMyY
22500329,HcNqNSdLkCo,side-court-led-logo,371.97,1.7203,28.72,https://www.youtube.com/watch?v=HcNqNSdLkCo
22500329,HcNqNSdLkCo,basket-logo,472.47,0.2143,32.91,https://www.youtube.com/watch?v=HcNqNSdLkCo
22500329,HcNqNSdLkCo,back-court-logo,483.48,1.3303,23.29,https://www.youtube.com/watch?v=HcNqNSdLkCo
22500329,HcNqNSdLkCo,side-court-logo,509.31,0.8809,23.97,https://www.youtube.com/watch?v=HcNqNSdLkCo
22500329,HcNqNSdLkCo,mid-court-logo,428.83,2.019,29.08,https://www.youtube.com/watch?v=HcNqNSdLkCo
22500329,9ftykzJFkFA,side-court-led-logo,76.08,1.4655,28.4,https://www.youtube.com/watch?v=9ftykzJFkFA
22500329,9ftykzJFkFA,mid-court-logo,94.29,2.1486,31.11,https://www.youtube.com/watch?v=9ftykzJFkFA
22500329,9ftykzJFkFA,side-court-logo,101.5,0.931,27.52,https://www.youtube.com/watch?v=9ftykzJFkFA
22500329,9ftykzJFkFA,back-court-logo,96.1,1.4346,23.48,https://www.youtube.com/watch?v=9ftykzJFkFA
22500329,9ftykzJFkFA,basket-logo,93.29,0.2244,31.53,https://www.youtube.com/watch?v=9ftykzJFkFA
22500352,dJUOwOBAhKo,basket-logo,488.0,0.1766,32.4,https://www.youtube.com/watch?v=dJUOwOBAhKo
22500352,dJUOwOBAhKo,side-court-led-logo,495.2,0.8375,29.03,https://www.youtube.com/watch?v=dJUOwOBAhKo
22500352,dJUOwOBAhKo,back-court-logo,454.4,1.1683,22.66,https://www.youtube.com/watch?v=dJUOwOBAhKo
22500352,dJUOwOBAhKo,mid-court-logo,301.2,1.6397,29.65,https://www.youtube.com/watch?v=dJUOwOBAhKo
22500352,dJUOwOBAhKo,side-court-logo,312.4,0.7749,28.93,https://www.youtube.com/watch?v=dJUOwOBAhKo
22500352,gvI_kyTWqNg,basket-logo,565.37,0.1705,34.19,https://www.youtube.com/watch?v=gvI_kyTWqNg
22500352,gvI_kyTWqNg,side-court-led-logo,568.57,0.784,27.86,https://www.youtube.com/watch?v=gvI_kyTWqNg
22500352,gvI_kyTWqNg,mid-court-logo,408.41,1.6514,28.96,https://www.youtube.com/watch?v=gvI_kyTWqNg
22500352,gvI_kyTWqNg,back-court-logo,522.12,1.1662,24.84,https://www.youtube.com/watch?v=gvI_kyTWqNg
22500352,gvI_kyTWqNg,side-court-logo,372.57,0.7512,27.48,https://www.youtube.com/watch?v=gvI_kyTWqNg
22500352,6RGn_GjA2yY,side-court-led-logo,523.92,0.8225,27.47,https://www.youtube.com/watch?v=6RGn_GjA2yY
22500352,6RGn_GjA2yY,mid-court-logo,402.4,1.7428,28.69,https://www.youtube.com/watch?v=6RGn_GjA2yY
22500352,6RGn_GjA2yY,side-court-logo,356.96,0.7489,27.95,https://www.youtube.com/watch?v=6RGn_GjA2yY
22500352,6RGn_GjA2yY,basket-logo,490.89,0.1681,34.92,https://www.youtube.com/watch?v=6RGn_GjA2yY
22500352,6RGn_GjA2yY,back-court-logo,477.88,1.1506,26.1,https://www.youtube.com/watch?v=6RGn_GjA2yY
22500352,nDPfMME0fiw,side-court-led-logo,392.2,1.1636,34.51,https://www.youtube.com/watch?v=nDPfMME0fiw
22500352,nDPfMME0fiw,mid-court-logo,162.0,2.0696,35.76,https://www.youtube.com/watch?v=nDPfMME0fiw
22500352,nDPfMME0fiw,side-court-logo,409.0,1.101,32.44,https://www.youtube.com/watch?v=nDPfMME0fiw
22500352,nDPfMME0fiw,basket-logo,495.6,0.2443,33.27,https://www.youtube.com/watch?v=nDPfMME0fiw
22500352,nDPfMME0fiw,back-court-logo,416.0,1.7923,24.59,https://www.youtube.com/watch?v=nDPfMME0fiw
22500352,KgqIaLJb3J8,basket-logo,444.0,0.1472,38.02,https://www.youtube.com/watch?v=KgqIaLJb3J8
22500352,KgqIaLJb3J8,side-court-led-logo,505.2,0.852,26.46,https://www.youtube.com/watch?v=KgqIaLJb3J8
22500352,KgqIaLJb3J8,back-court-logo,440.6,1.0454,28.89,https://www.youtube.com/watch?v=KgqIaLJb3J8
22500352,KgqIaLJb3J8,mid-court-logo,442.6,1.8071,28.89,https://www.youtube.com/watch?v=KgqIaLJb3J8
22500352,KgqIaLJb3J8,side-court-logo,358.0,0.6183,24.33,https://www.youtube.com/watch?v=KgqIaLJb3J8
22500355,ciFh7hAPjjE,basket-logo,498.0,0.2199,37.75,https://www.youtube.com/watch?v=ciFh7hAPjjE
22500355,ciFh7hAPjjE,side-court-led-logo,282.8,1.0806,32.89,https://www.youtube.com/watch?v=ciFh7hAPjjE
22500355,ciFh7hAPjjE,side-court-logo,530.8,1.1916,28.42,https://www.youtube.com/watch?v=ciFh7hAPjjE
22500355,ciFh7hAPjjE,back-court-logo,507.6,2.0206,26.24,https://www.youtube.com/watch?v=ciFh7hAPjjE
22500355,ciFh7hAPjjE,mid-court-logo,332.4,2.269,32.2,https://www.youtube.com/watch?v=ciFh7hAPjjE
22500355,d3y6QXiDrB0,basket-logo,534.13,0.2184,38.31,https://www.youtube.com/watch?v=d3y6QXiDrB0
22500355,d3y6QXiDrB0,back-court-logo,539.74,1.9703,26.14,https://www.youtube.com/watch?v=d3y6QXiDrB0
22500355,d3y6QXiDrB0,side-court-led-logo,307.31,1.1302,33.41,https://www.youtube.com/watch?v=d3y6QXiDrB0
22500355,d3y6QXiDrB0,side-court-logo,567.77,1.1371,27.29,https://www.youtube.com/watch?v=d3y6QXiDrB0
22500355,d3y6QXiDrB0,mid-court-logo,293.69,1.5159,34.0,https://www.youtube.com/watch?v=d3y6QXiDrB0
22500355,k2lKDq56c1Q,side-court-led-logo,316.6,1.2117,31.35,https://www.youtube.com/watch?v=k2lKDq56c1Q
22500355,k2lKDq56c1Q,side-court-logo,538.8,1.1505,27.31,https://www.youtube.com/watch?v=k2lKDq56c1Q
22500355,k2lKDq56c1Q,mid-court-logo,350.8,2.1793,30.59,https://www.youtube.com/watch?v=k2lKDq56c1Q
22500355,k2lKDq56c1Q,basket-logo,493.2,0.217,39.67,https://www.youtube.com/watch?v=k2lKDq56c1Q
22500355,k2lKDq56c1Q,back-court-logo,503.2,1.9279,27.85,https://www.youtube.com/watch?v=k2lKDq56c1Q
22500355,2-AcTv8Q5x4,basket-logo,364.6,0.2081,40.18,https://www.youtube.com/watch?v=2-AcTv8Q5x4
22500355,2-AcTv8Q5x4,side-court-led-logo,288.0,1.7171,29.42,https://www.youtube.com/watch?v=2-AcTv8Q5x4
22500355,2-AcTv8Q5x4,side-court-logo,442.8,1.0404,27.25,https://www.youtube.com/watch?v=2-AcTv8Q5x4
22500355,2-AcTv8Q5x4,back-court-logo,384.2,1.8434,29.94,https://www.youtube.com/watch?v=2-AcTv8Q5x4
22500355,2-AcTv8Q5x4,mid-court-logo,305.4,2.0413,27.79,https://www.youtube.com/watch?v=2-AcTv8Q5x4
22500355,8flWz3TJcBk,side-court-logo,280.4,1.0823,27.56,https://www.youtube.com/watch?v=8flWz3TJcBk
22500355,8flWz3TJcBk,side-court-led-logo,176.2,1.7215,28.16,https://www.youtube.com/watch?v=8flWz3TJcBk
22500355,8flWz3TJcBk,mid-court-logo,188.8,2.162,27.92,https://www.youtube.com/watch?v=8flWz3TJcBk
22500355,8flWz3TJcBk,back-court-logo,238.0,2.0274,33.67,https://www.youtube.com/watch?v=8flWz3TJcBk
22500355,8flWz3TJcBk,basket-logo,221.6,0.2228,43.37,https://www.youtube.com/watch?v=8flWz3TJcBk
22500318,GzBQ-3DVKLo,basket-logo,465.47,0.2431,36.09,https://www.youtube.com/watch?v=GzBQ-3DVKLo
22500318,GzBQ-3DVKLo,side-court-led-logo,345.95,2.1869,29.93,https://www.youtube.com/watch?v=GzBQ-3DVKLo
22500318,GzBQ-3DVKLo,back-court-logo,474.27,2.3861,26.37,https://www.youtube.com/watch?v=GzBQ-3DVKLo
22500318,GzBQ-3DVKLo,side-court-logo,500.7,0.9872,29.58,https://www.youtube.com/watch?v=GzBQ-3DVKLo
22500318,GzBQ-3DVKLo,mid-court-logo,344.74,1.8585,28.38,https://www.youtube.com/watch?v=GzBQ-3DVKLo
22500318,8OqWgpraFAQ,basket-logo,479.4,0.2407,35.29,https://www.youtube.com/watch?v=8OqWgpraFAQ
22500318,8OqWgpraFAQ,side-court-led-logo,365.2,2.3445,30.35,https://www.youtube.com/watch?v=8OqWgpraFAQ
22500318,8OqWgpraFAQ,back-court-logo,492.6,2.4627,25.5,https://www.youtube.com/watch?v=8OqWgpraFAQ
22500318,8OqWgpraFAQ,side-court-logo,532.4,1.0228,30.48,https://www.youtube.com/watch?v=8OqWgpraFAQ
22500318,8OqWgpraFAQ,mid-court-logo,359.0,1.775,29.4,https://www.youtube.com/watch?v=8OqWgpraFAQ
22500327,9iDNrrjx1fM,side-court-led-logo,449.8,1.4847,31.78,https://www.youtube.com/watch?v=9iDNrrjx1fM
22500327,9iDNrrjx1fM,basket-logo,426.2,0.2636,34.87,https://www.youtube.com/watch?v=9iDNrrjx1fM
22500327,9iDNrrjx1fM,mid-court-logo,293.2,1.464,33.73,https://www.youtube.com/watch?v=9iDNrrjx1fM
22500327,9iDNrrjx1fM,back-court-logo,404.4,2.4342,26.1,https://www.youtube.com/watch?v=9iDNrrjx1fM
22500327,9iDNrrjx1fM,side-court-logo,423.6,1.1384,31.06,https://www.youtube.com/watch?v=9iDNrrjx1fM
22500327,rd_sQ8wijuQ,basket-logo,419.02,0.2508,37.81,https://www.youtube.com/watch?v=rd_sQ8wijuQ
22500327,rd_sQ8wijuQ,mid-court-logo,332.13,1.3768,29.91,https://www.youtube.com/watch?v=rd_sQ8wijuQ
22500327,rd_sQ8wijuQ,side-court-led-logo,484.28,1.4221,30.18,https://www.youtube.com/watch?v=rd_sQ8wijuQ
22500327,rd_sQ8wijuQ,side-court-logo,463.86,1.0844,29.78,https://www.youtube.com/watch?v=rd_sQ8wijuQ
22500327,rd_sQ8wijuQ,back-court-logo,428.43,2.3686,28.39,https://www.youtube.com/watch?v=rd_sQ8wijuQ
22500327,EyV9IDJFgVg,side-court-led-logo,448.6,1.4901,31.86,https://www.youtube.com/watch?v=EyV9IDJFgVg
22500327,EyV9IDJFgVg,mid-court-logo,291.4,1.4954,33.71,https://www.youtube.com/watch?v=EyV9IDJFgVg
22500327,EyV9IDJFgVg,back-court-logo,399.0,2.4963,25.53,https://www.youtube.com/watch?v=EyV9IDJFgVg
22500327,EyV9IDJFgVg,basket-logo,424.4,0.2771,34.93,https://www.youtube.com/watch?v=EyV9IDJFgVg
22500327,EyV9IDJFgVg,side-court-logo,414.4,1.1443,31.11,https://www.youtube.com/watch?v=EyV9IDJFgVg
22501205,oSVL_hSk0hI,basket-logo,465.8,0.2406,36.29,https://www.youtube.com/watch?v=oSVL_hSk0hI
22501205,oSVL_hSk0hI,mid-court-logo,347.4,1.6836,29.37,https://www.youtube.com/watch?v=oSVL_hSk0hI
22501205,oSVL_hSk0hI,side-court-led-logo,259.8,2.2534,29.85,https://www.youtube.com/watch?v=oSVL_hSk0hI
22501205,oSVL_hSk0hI,back-court-logo,5.8,1.8474,44.83,https://www.youtube.com/watch?v=oSVL_hSk0hI
22501205,oSVL_hSk0hI,side-court-logo,1.2,0.4646,42.69,https://www.youtube.com/watch?v=oSVL_hSk0hI
22501205,4eLqWzWHZ14,basket-logo,578.18,0.2272,36.96,https://www.youtube.com/watch?v=4eLqWzWHZ14
22501205,4eLqWzWHZ14,mid-court-logo,452.45,1.6223,29.77,https://www.youtube.com/watch?v=4eLqWzWHZ14
22501205,4eLqWzWHZ14,side-court-led-logo,348.95,1.3299,30.7,https://www.youtube.com/watch?v=4eLqWzWHZ14
22501205,4eLqWzWHZ14,back-court-logo,5.61,1.8562,42.34,https://www.youtube.com/watch?v=4eLqWzWHZ14
22501205,4eLqWzWHZ14,side-court-logo,1.4,0.394,48.08,https://www.youtube.com/watch?v=4eLqWzWHZ14
22501205,zvU-yL2gEk8,side-court-led-logo,323.12,1.4948,30.76,https://www.youtube.com/watch?v=zvU-yL2gEk8
22501205,zvU-yL2gEk8,mid-court-logo,410.41,1.5643,29.8,https://www.youtube.com/watch?v=zvU-yL2gEk8
22501205,zvU-yL2gEk8,basket-logo,472.27,0.2268,37.16,https://www.youtube.com/watch?v=zvU-yL2gEk8
22501205,zvU-yL2gEk8,back-court-logo,4.8,1.6021,40.24,https://www.youtube.com/watch?v=zvU-yL2gEk8
22501205,zvU-yL2gEk8,side-court-logo,0.8,0.389,43.7,https://www.youtube.com/watch?v=zvU-yL2gEk8
22501205,xO1iHqW7qHc,mid-court-logo,336.2,1.8328,28.41,https://www.youtube.com/watch?v=xO1iHqW7qHc
22501205,xO1iHqW7qHc,side-court-led-logo,293.8,2.1344,29.18,https://www.youtube.com/watch?v=xO1iHqW7qHc
22501205,xO1iHqW7qHc,basket-logo,351.0,0.2194,39.67,https://www.youtube.com/watch?v=xO1iHqW7qHc
22501205,xO1iHqW7qHc,back-court-logo,1.4,1.0953,47.98,https://www.youtube.com/watch?v=xO1iHqW7qHc
22501205,xO1iHqW7qHc,side-court-logo,1.4,0.235,49.36,https://www.youtube.com/watch?v=xO1iHqW7qHc
22501205,X8wT0ccd-lc,side-court-led-logo,324.6,3.0132,27.29,https://www.youtube.com/watch?v=X8wT0ccd-lc
22501205,X8wT0ccd-lc,mid-court-logo,359.2,2.0549,27.1,https://www.youtube.com/watch?v=X8wT0ccd-lc
22501205,X8wT0ccd-lc,basket-logo,368.0,0.2005,41.23,https://www.youtube.com/watch?v=X8wT0ccd-lc
22501205,X8wT0ccd-lc,back-court-logo,1.2,1.3211,43.56,https://www.youtube.com/watch?v=X8wT0ccd-lc
22501205,X8wT0ccd-lc,side-court-logo,0.4,0.2354,32.4,https://www.youtube.com/watch?v=X8wT0ccd-lc
22501205,7RARov0vJdo,side-court-led-logo,315.4,2.3499,25.87,https://www.youtube.com/watch?v=7RARov0vJdo
22501205,7RARov0vJdo,mid-court-logo,336.8,1.8719,26.12,https://www.youtube.com/watch?v=7RARov0vJdo
22501205,7RARov0vJdo,basket-logo,353.0,0.2097,39.63,https://www.youtube.com/watch?v=7RARov0vJdo
22501205,7RARov0vJdo,back-court-logo,2.4,0.9808,46.31,https://www.youtube.com/watch?v=7RARov0vJdo
22501205,7RARov0vJdo,side-court-logo,0.4,0.6071,34.09,https://www.youtube.com/watch?v=7RARov0vJdo
22501205,xnkuzRPXdWo,side-court-led-logo,189.2,2.3956,25.98,https://www.youtube.com/watch?v=xnkuzRPXdWo
22501205,xnkuzRPXdWo,mid-court-logo,206.0,2.1555,27.25,https://www.youtube.com/watch?v=xnkuzRPXdWo
22501205,xnkuzRPXdWo,basket-logo,226.0,0.2115,40.63,https://www.youtube.com/watch?v=xnkuzRPXdWo
22501205,xnkuzRPXdWo,back-court-logo,2.2,1.4061,47.14,https://www.youtube.com/watch?v=xnkuzRPXdWo
22501205,xnkuzRPXdWo,side-court-logo,0.4,0.4357,33.21,https://www.youtube.com/watch?v=xnkuzRPXdWo
22501205,s-mqYYjxZNE,basket-logo,344.8,0.1986,41.08,https://www.youtube.com/watch?v=s-mqYYjxZNE
22501205,s-mqYYjxZNE,side-court-led-logo,308.8,2.534,26.68,https://www.youtube.com/watch?v=s-mqYYjxZNE
22501205,s-mqYYjxZNE,mid-court-logo,336.6,1.8041,27.03,https://www.youtube.com/watch?v=s-mqYYjxZNE
22501205,s-mqYYjxZNE,back-court-logo,1.0,1.2159,47.25,https://www.youtube.com/watch?v=s-mqYYjxZNE
22501205,s-mqYYjxZNE,side-court-logo,1.0,0.374,29.2,https://www.youtube.com/watch?v=s-mqYYjxZNE
22500323,qn5aGL9AXp8,side-court-led-logo,354.35,1.07,36.36,https://www.youtube.com/watch?v=qn5aGL9AXp8
22500323,qn5aGL9AXp8,basket-logo,469.27,0.1578,34.31,https://www.youtube.com/watch?v=qn5aGL9AXp8
22500323,qn5aGL9AXp8,mid-court-logo,489.89,1.7825,30.41,https://www.youtube.com/watch?v=qn5aGL9AXp8
22500323,qn5aGL9AXp8,back-court-logo,474.87,1.2121,22.61,https://www.youtube.com/watch?v=qn5aGL9AXp8
22500323,qn5aGL9AXp8,side-court-logo,468.47,0.5153,24.94,https://www.youtube.com/watch?v=qn5aGL9AXp8
22500323,RrvX348PwI0,side-court-led-logo,399.6,0.8878,34.75,https://www.youtube.com/watch?v=RrvX348PwI0
22500323,RrvX348PwI0,mid-court-logo,575.18,1.6714,29.6,https://www.youtube.com/watch?v=RrvX348PwI0
22500323,RrvX348PwI0,back-court-logo,561.96,1.2298,24.02,https://www.youtube.com/watch?v=RrvX348PwI0
22500323,RrvX348PwI0,side-court-logo,551.15,0.475,24.14,https://www.youtube.com/watch?v=RrvX348PwI0
22500323,RrvX348PwI0,basket-logo,556.56,0.1541,35.69,https://www.youtube.com/watch?v=RrvX348PwI0
22500349,jxL9QfItSBg,basket-logo,450.6,0.1674,34.64,https://www.youtube.com/watch?v=jxL9QfItSBg
22500349,jxL9QfItSBg,side-court-led-logo,382.2,1.4146,30.63,https://www.youtube.com/watch?v=jxL9QfItSBg
22500349,jxL9QfItSBg,mid-court-logo,484.0,2.6758,31.65,https://www.youtube.com/watch?v=jxL9QfItSBg
22500349,jxL9QfItSBg,side-court-logo,493.6,0.4546,28.75,https://www.youtube.com/watch?v=jxL9QfItSBg
22500349,jxL9QfItSBg,back-court-logo,454.2,1.4985,25.63,https://www.youtube.com/watch?v=jxL9QfItSBg
22500349,bUaJKLIHg2A,basket-logo,364.2,0.1517,38.66,https://www.youtube.com/watch?v=bUaJKLIHg2A
22500349,bUaJKLIHg2A,side-court-logo,409.8,0.4122,26.07,https://www.youtube.com/watch?v=bUaJKLIHg2A
22500349,bUaJKLIHg2A,mid-court-logo,427.0,2.8959,28.23,https://www.youtube.com/watch?v=bUaJKLIHg2A
22500349,bUaJKLIHg2A,back-court-logo,378.0,1.4198,29.2,https://www.youtube.com/watch?v=bUaJKLIHg2A
22500349,bUaJKLIHg2A,side-court-led-logo,355.0,1.4947,29.08,https://www.youtube.com/watch?v=bUaJKLIHg2A
22500349,Twfnn1rDWaA,basket-logo,454.8,0.1638,34.93,https://www.youtube.com/watch?v=Twfnn1rDWaA
22500349,Twfnn1rDWaA,side-court-led-logo,380.8,1.6737,30.47,https://www.youtube.com/watch?v=Twfnn1rDWaA
22500349,Twfnn1rDWaA,side-court-logo,499.4,0.4647,28.41,https://www.youtube.com/watch?v=Twfnn1rDWaA
22500349,Twfnn1rDWaA,mid-court-logo,481.2,2.9662,31.92,https://www.youtube.com/watch?v=Twfnn1rDWaA
22500349,Twfnn1rDWaA,back-court-logo,451.0,1.535,25.91,https://www.youtube.com/watch?v=Twfnn1rDWaA
22500349,m98kn9ZI9aA,basket-logo,225.0,0.1527,38.22,https://www.youtube.com/watch?v=m98kn9ZI9aA
22500349,m98kn9ZI9aA,side-court-led-logo,270.0,1.8491,27.76,https://www.youtube.com/watch?v=m98kn9ZI9aA
22500349,m98kn9ZI9aA,mid-court-logo,300.4,2.7101,27.31,https://www.youtube.com/watch?v=m98kn9ZI9aA
22500349,m98kn9ZI9aA,side-court-logo,290.4,0.4044,24.33,https://www.youtube.com/watch?v=m98kn9ZI9aA
22500349,m98kn9ZI9aA,back-court-logo,248.6,1.3813,30.86,https://www.youtube.com/watch?v=m98kn9ZI9aA
22500322,e18qfL-wPi0,basket-logo,433.2,0.2347,35.35,https://www.youtube.com/watch?v=e18qfL-wPi0
22500322,e18qfL-wPi0,back-court-logo,439.4,1.6891,23.91,https://www.youtube.com/watch?v=e18qfL-wPi0
22500322,e18qfL-wPi0,side-court-led-logo,466.2,3.0146,35.16,https://www.youtube.com/watch?v=e18qfL-wPi0
22500322,e18qfL-wPi0,mid-court-logo,338.0,2.1686,34.14,https://www.youtube.com/watch?v=e18qfL-wPi0
22500322,e18qfL-wPi0,side-court-logo,464.2,0.7067,32.67,https://www.youtube.com/watch?v=e18qfL-wPi0
22500322,jJuBU45dpx4,basket-logo,505.51,0.2334,36.96,https://www.youtube.com/watch?v=jJuBU45dpx4
22500322,jJuBU45dpx4,back-court-logo,511.11,1.6643,25.49,https://www.youtube.com/watch?v=jJuBU45dpx4
22500322,jJuBU45dpx4,side-court-logo,526.53,0.699,31.42,https://www.youtube.com/watch?v=jJuBU45dpx4
22500322,jJuBU45dpx4,side-court-led-logo,531.13,2.7036,33.59,https://www.youtube.com/watch?v=jJuBU45dpx4
22500322,jJuBU45dpx4,mid-court-logo,386.19,2.0144,32.32,https://www.youtube.com/watch?v=jJuBU45dpx4
22500312,msgdnkDA0CE,mid-court-logo,419.62,2.0739,31.36,https://www.youtube.com/watch?v=msgdnkDA0CE
22500312,msgdnkDA0CE,side-court-led-logo,300.3,1.8086,27.8,https://www.youtube.com/watch?v=msgdnkDA0CE
22500312,msgdnkDA0CE,side-court-logo,469.87,0.7997,24.81,https://www.youtube.com/watch?v=msgdnkDA0CE
22500312,msgdnkDA0CE,back-court-logo,425.03,0.7614,24.09,https://www.youtube.com/watch?v=msgdnkDA0CE
22500312,msgdnkDA0CE,basket-logo,439.64,0.2028,34.42,https://www.youtube.com/watch?v=msgdnkDA0CE
22500316,fUWTdViaU6k,side-court-led-logo,284.8,1.2897,30.01,https://www.youtube.com/watch?v=fUWTdViaU6k
22500316,fUWTdViaU6k,basket-logo,455.0,0.1957,33.69,https://www.youtube.com/watch?v=fUWTdViaU6k
22500316,fUWTdViaU6k,side-court-logo,488.0,0.7145,25.15,https://www.youtube.com/watch?v=fUWTdViaU6k
22500316,fUWTdViaU6k,back-court-logo,465.8,0.9858,21.11,https://www.youtube.com/watch?v=fUWTdViaU6k
22500316,fUWTdViaU6k,mid-court-logo,426.4,1.9084,30.31,https://www.youtube.com/watch?v=fUWTdViaU6k
22500316,KSb6jmu8jPM,mid-court-logo,499.3,1.8789,28.38,https://www.youtube.com/watch?v=KSb6jmu8jPM
22500316,KSb6jmu8jPM,back-court-logo,516.92,0.9577,24.78,https://www.youtube.com/watch?v=KSb6jmu8jPM
22500316,KSb6jmu8jPM,side-court-logo,544.74,0.6445,23.46,https://www.youtube.com/watch?v=KSb6jmu8jPM
22500316,KSb6jmu8jPM,side-court-led-logo,354.35,0.8768,27.99,https://www.youtube.com/watch?v=KSb6jmu8jPM
22500316,KSb6jmu8jPM,basket-logo,497.3,0.1848,37.25,https://www.youtube.com/watch?v=KSb6jmu8jPM
22500325,lQ9jqPGnKZ0,basket-logo,464.0,0.2308,33.5,https://www.youtube.com/watch?v=lQ9jqPGnKZ0
22500325,lQ9jqPGnKZ0,side-court-led-logo,504.4,1.1083,27.52,https://www.youtube.com/watch?v=lQ9jqPGnKZ0
22500325,lQ9jqPGnKZ0,back-court-logo,482.4,1.8516,22.15,https://www.youtube.com/watch?v=lQ9jqPGnKZ0
22500325,lQ9jqPGnKZ0,mid-court-logo,397.2,1.9485,33.63,https://www.youtube.com/watch?v=lQ9jqPGnKZ0
22500325,lQ9jqPGnKZ0,side-court-logo,8.8,2.4622,19.52,https://www.youtube.com/watch?v=lQ9jqPGnKZ0
22500325,d5qJhaFh0Gw,basket-logo,514.91,0.2252,35.83,https://www.youtube.com/watch?v=d5qJhaFh0Gw
22500325,d5qJhaFh0Gw,side-court-led-logo,557.16,1.0183,26.16,https://www.youtube.com/watch?v=d5qJhaFh0Gw
22500325,d5qJhaFh0Gw,back-court-logo,529.53,1.7864,23.72,https://www.youtube.com/watch?v=d5qJhaFh0Gw
22500325,d5qJhaFh0Gw,mid-court-logo,455.26,1.9077,32.56,https://www.youtube.com/watch?v=d5qJhaFh0Gw
22500325,d5qJhaFh0Gw,side-court-logo,0.2,0.1668,47.01,https://www.youtube.com/watch?v=d5qJhaFh0Gw
22500325,F8z2wHH_eo4,side-court-led-logo,494.89,1.0911,27.11,https://www.youtube.com/watch?v=F8z2wHH_eo4
22500325,F8z2wHH_eo4,mid-court-logo,397.6,1.948,33.08,https://www.youtube.com/watch?v=F8z2wHH_eo4
22500325,F8z2wHH_eo4,back-court-logo,457.26,1.8176,23.39,https://www.youtube.com/watch?v=F8z2wHH_eo4
22500325,F8z2wHH_eo4,basket-logo,443.24,0.2293,35.24,https://www.youtube.com/watch?v=F8z2wHH_eo4
22500330,Utgyw_5NCL0,side-court-led-logo,233.8,1.792,31.45,https://www.youtube.com/watch?v=Utgyw_5NCL0
22500330,Utgyw_5NCL0,basket-logo,450.8,0.224,34.67,https://www.youtube.com/watch?v=Utgyw_5NCL0
22500330,Utgyw_5NCL0,mid-court-logo,342.4,1.689,33.49,https://www.youtube.com/watch?v=Utgyw_5NCL0
22500330,Utgyw_5NCL0,back-court-logo,2.2,2.1275,33.6,https://www.youtube.com/watch?v=Utgyw_5NCL0
22500330,Utgyw_5NCL0,side-court-logo,0.4,0.3323,50.83,https://www.youtube.com/watch?v=Utgyw_5NCL0
22500330,MiizB72QgSA,basket-logo,517.92,0.2167,36.16,https://www.youtube.com/watch?v=MiizB72QgSA
22500330,MiizB72QgSA,side-court-led-logo,286.09,1.3813,29.97,https://www.youtube.com/watch?v=MiizB72QgSA
22500330,MiizB72QgSA,mid-court-logo,431.83,1.6705,32.3,https://www.youtube.com/watch?v=MiizB72QgSA
22500330,MiizB72QgSA,side-court-logo,1.4,0.2647,41.31,https://www.youtube.com/watch?v=MiizB72QgSA
22500330,MiizB72QgSA,back-court-logo,1.2,1.8464,40.1,https://www.youtube.com/watch?v=MiizB72QgSA
22500330,geR5fbfzOvs,mid-court-logo,404.2,1.7113,31.17,https://www.youtube.com/watch?v=geR5fbfzOvs
22500330,geR5fbfzOvs,side-court-led-logo,295.7,1.6953,28.06,https://www.youtube.com/watch?v=geR5fbfzOvs
22500330,geR5fbfzOvs,basket-logo,451.05,0.2122,37.06,https://www.youtube.com/watch?v=geR5fbfzOvs
22500330,geR5fbfzOvs,back-court-logo,2.2,1.8151,45.74,https://www.youtube.com/watch?v=geR5fbfzOvs
22500330,geR5fbfzOvs,side-court-logo,0.8,0.3328,23.17,https://www.youtube.com/watch?v=geR5fbfzOvs
22500342,3a6eH0lR46E,basket-logo,495.3,0.2169,33.46,https://www.youtube.com/watch?v=3a6eH0lR46E
22500342,3a6eH0lR46E,side-court-led-logo,542.34,1.0924,29.44,https://www.youtube.com/watch?v=3a6eH0lR46E
22500342,3a6eH0lR46E,back-court-logo,508.11,1.2491,23.47,https://www.youtube.com/watch?v=3a6eH0lR46E
22500342,3a6eH0lR46E,side-court-logo,547.15,1.1306,22.84,https://www.youtube.com/watch?v=3a6eH0lR46E
22500342,3a6eH0lR46E,mid-court-logo,434.03,1.9178,32.06,https://www.youtube.com/watch?v=3a6eH0lR46E
22500342,-uevK-n49Qg,side-court-led-logo,540.8,1.0756,30.09,https://www.youtube.com/watch?v=-uevK-n49Qg
22500342,-uevK-n49Qg,basket-logo,491.8,0.2172,32.61,https://www.youtube.com/watch?v=-uevK-n49Qg
22500342,-uevK-n49Qg,side-court-logo,541.8,1.1168,22.52,https://www.youtube.com/watch?v=-uevK-n49Qg
22500342,-uevK-n49Qg,back-court-logo,503.6,1.2376,22.09,https://www.youtube.com/watch?v=-uevK-n49Qg
22500342,-uevK-n49Qg,mid-court-logo,414.0,1.9846,32.33,https://www.youtube.com/watch?v=-uevK-n49Qg
22500342,I_VeLbhPMMM,basket-logo,146.6,0.2175,31.95,https://www.youtube.com/watch?v=I_VeLbhPMMM
22500342,I_VeLbhPMMM,side-court-led-logo,161.0,0.9983,29.77,https://www.youtube.com/watch?v=I_VeLbhPMMM
22500342,I_VeLbhPMMM,side-court-logo,163.8,1.0958,22.69,https://www.youtube.com/watch?v=I_VeLbhPMMM
22500342,I_VeLbhPMMM,back-court-logo,151.6,1.2506,22.77,https://www.youtube.com/watch?v=I_VeLbhPMMM
22500342,I_VeLbhPMMM,mid-court-logo,127.0,1.9906,32.38,https://www.youtube.com/watch?v=I_VeLbhPMMM
22500342,B7XUQwMwhfw,basket-logo,496.4,0.2208,33.8,https://www.youtube.com/watch?v=B7XUQwMwhfw
22500342,B7XUQwMwhfw,side-court-led-logo,534.4,1.0731,29.32,https://www.youtube.com/watch?v=B7XUQwMwhfw
22500342,B7XUQwMwhfw,back-court-logo,508.0,1.2733,23.71,https://www.youtube.com/watch?v=B7XUQwMwhfw
22500342,B7XUQwMwhfw,side-court-logo,547.8,1.1485,22.5,https://www.youtube.com/watch?v=B7XUQwMwhfw
22500342,B7XUQwMwhfw,mid-court-logo,431.0,1.9072,31.36,https://www.youtube.com/watch?v=B7XUQwMwhfw
22500332,y8G4FRT2hD8,side-court-led-logo,452.4,2.2068,33.7,https://www.youtube.com/watch?v=y8G4FRT2hD8
22500332,y8G4FRT2hD8,mid-court-logo,248.2,1.4837,31.36,https://www.youtube.com/watch?v=y8G4FRT2hD8
22500332,y8G4FRT2hD8,back-court-logo,446.8,1.3174,23.72,https://www.youtube.com/watch?v=y8G4FRT2hD8
22500332,y8G4FRT2hD8,basket-logo,461.4,0.2126,34.14,https://www.youtube.com/watch?v=y8G4FRT2hD8
22500332,y8G4FRT2hD8,side-court-logo,186.4,0.9558,29.47,https://www.youtube.com/watch?v=y8G4FRT2hD8
22500332,-0NZbvJUyqU,back-court-logo,492.49,1.2449,24.98,https://www.youtube.com/watch?v=-0NZbvJUyqU
22500332,-0NZbvJUyqU,mid-court-logo,273.47,1.4226,30.86,https://www.youtube.com/watch?v=-0NZbvJUyqU
22500332,-0NZbvJUyqU,basket-logo,520.92,0.1992,34.9,https://www.youtube.com/watch?v=-0NZbvJUyqU
22500332,-0NZbvJUyqU,side-court-led-logo,522.92,1.9349,33.42,https://www.youtube.com/watch?v=-0NZbvJUyqU
22500332,-0NZbvJUyqU,side-court-logo,159.36,0.9491,28.27,https://www.youtube.com/watch?v=-0NZbvJUyqU
22500332,lHDZMoUnADo,mid-court-logo,258.86,1.3712,30.31,https://www.youtube.com/watch?v=lHDZMoUnADo
22500332,lHDZMoUnADo,side-court-led-logo,472.07,1.9504,31.88,https://www.youtube.com/watch?v=lHDZMoUnADo
22500332,lHDZMoUnADo,side-court-logo,145.75,0.8745,27.6,https://www.youtube.com/watch?v=lHDZMoUnADo
22500332,lHDZMoUnADo,back-court-logo,465.47,1.2756,25.68,https://www.youtube.com/watch?v=lHDZMoUnADo
22500332,lHDZMoUnADo,basket-logo,468.67,0.1965,36.06,https://www.youtube.com/watch?v=lHDZMoUnADo
22500304,kuC18lKYrvQ,basket-logo,485.89,0.2596,35.77,https://www.youtube.com/watch?v=kuC18lKYrvQ
22500304,kuC18lKYrvQ,mid-court-logo,363.76,2.015,30.53,https://www.youtube.com/watch?v=kuC18lKYrvQ
22500304,kuC18lKYrvQ,side-court-logo,500.1,0.9793,28.77,https://www.youtube.com/watch?v=kuC18lKYrvQ
22500304,kuC18lKYrvQ,side-court-led-logo,337.94,1.7368,31.83,https://www.youtube.com/watch?v=kuC18lKYrvQ
22500304,kuC18lKYrvQ,back-court-logo,496.7,2.3464,24.63,https://www.youtube.com/watch?v=kuC18lKYrvQ
22500331,a6SmlWvbO7U,basket-logo,435.64,0.1545,33.63,https://www.youtube.com/watch?v=a6SmlWvbO7U
22500331,a6SmlWvbO7U,side-court-led-logo,471.87,0.7861,27.94,https://www.youtube.com/watch?v=a6SmlWvbO7U
22500331,a6SmlWvbO7U,mid-court-logo,459.06,1.383,31.3,https://www.youtube.com/watch?v=a6SmlWvbO7U
22500331,a6SmlWvbO7U,back-court-logo,440.04,0.9439,21.94,https://www.youtube.com/watch?v=a6SmlWvbO7U
22500331,a6SmlWvbO7U,side-court-logo,473.27,0.8017,23.38,https://www.youtube.com/watch?v=a6SmlWvbO7U
22500331,vXzzds4FYsE,mid-court-logo,487.6,1.3723,26.49,https://www.youtube.com/watch?v=vXzzds4FYsE
22500331,vXzzds4FYsE,side-court-logo,523.2,0.7284,21.42,https://www.youtube.com/watch?v=vXzzds4FYsE
22500331,vXzzds4FYsE,side-court-led-logo,518.4,0.7215,26.74,https://www.youtube.com/watch?v=vXzzds4FYsE
22500331,vXzzds4FYsE,back-court-logo,482.8,0.9577,26.44,https://www.youtube.com/watch?v=vXzzds4FYsE
22500331,vXzzds4FYsE,basket-logo,470.4,0.1432,39.28,https://www.youtube.com/watch?v=vXzzds4FYsE
22500331,cUor4DnLrrI,side-court-led-logo,527.6,1.7956,32.85,https://www.youtube.com/watch?v=cUor4DnLrrI
22500331,cUor4DnLrrI,mid-court-logo,357.8,1.5275,33.95,https://www.youtube.com/watch?v=cUor4DnLrrI
22500331,cUor4DnLrrI,back-court-logo,521.6,2.258,31.98,https://www.youtube.com/watch?v=cUor4DnLrrI
22500331,cUor4DnLrrI,side-court-logo,563.8,1.6352,29.55,https://www.youtube.com/watch?v=cUor4DnLrrI
22500331,cUor4DnLrrI,basket-logo,503.4,0.3111,38.7,https://www.youtube.com/watch?v=cUor4DnLrrI
22500328,AEWZj2z1p9M,side-court-led-logo,526.53,1.0889,30.66,https://www.youtube.com/watch?v=AEWZj2z1p9M
22500328,AEWZj2z1p9M,basket-logo,465.07,0.2302,33.26,https://www.youtube.com/watch?v=AEWZj2z1p9M
22500328,AEWZj2z1p9M,back-court-logo,482.68,2.5401,25.9,https://www.youtube.com/watch?v=AEWZj2z1p9M
22500328,AEWZj2z1p9M,side-court-logo,539.34,0.97,29.66,https://www.youtube.com/watch?v=AEWZj2z1p9M
22500328,AEWZj2z1p9M,mid-court-logo,360.56,2.6228,30.18,https://www.youtube.com/watch?v=AEWZj2z1p9M
22500328,UEgj5ZC_h6s,side-court-led-logo,507.11,1.0282,29.48,https://www.youtube.com/watch?v=UEgj5ZC_h6s
22500328,UEgj5ZC_h6s,side-court-logo,519.52,0.9684,28.44,https://www.youtube.com/watch?v=UEgj5ZC_h6s
22500328,UEgj5ZC_h6s,mid-court-logo,352.15,2.6854,29.23,https://www.youtube.com/watch?v=UEgj5ZC_h6s
22500328,UEgj5ZC_h6s,back-court-logo,478.68,2.4684,27.98,https://www.youtube.com/watch?v=UEgj5ZC_h6s
22500328,UEgj5ZC_h6s,basket-logo,459.66,0.2186,34.94,https://www.youtube.com/watch?v=UEgj5ZC_h6s
22500328,IeEh3bWuxiM,side-court-led-logo,526.4,1.0893,30.73,https://www.youtube.com/watch?v=IeEh3bWuxiM
22500328,IeEh3bWuxiM,back-court-logo,483.4,2.5471,25.93,https://www.youtube.com/watch?v=IeEh3bWuxiM
22500328,IeEh3bWuxiM,side-court-logo,538.0,0.9767,29.84,https://www.youtube.com/watch?v=IeEh3bWuxiM
22500328,IeEh3bWuxiM,mid-court-logo,360.6,2.6196,30.19,https://www.youtube.com/watch?v=IeEh3bWuxiM
22500328,IeEh3bWuxiM,basket-logo,465.0,0.2329,33.16,https://www.youtube.com/watch?v=IeEh3bWuxiM
22500344,JlDmbpBuATw,side-court-led-logo,515.92,0.9964,28.93,https://www.youtube.com/watch?v=JlDmbpBuATw
22500344,JlDmbpBuATw,basket-logo,443.84,0.2566,35.52,https://www.youtube.com/watch?v=JlDmbpBuATw
22500344,JlDmbpBuATw,back-court-logo,473.07,1.5424,22.32,https://www.youtube.com/watch?v=JlDmbpBuATw
22500344,JlDmbpBuATw,side-court-logo,510.51,0.8107,18.95,https://www.youtube.com/watch?v=JlDmbpBuATw
22500344,JlDmbpBuATw,mid-court-logo,471.67,2.0675,31.38,https://www.youtube.com/watch?v=JlDmbpBuATw
22500344,KmrC8eM7Vuw,back-court-logo,373.37,1.5123,24.18,https://www.youtube.com/watch?v=KmrC8eM7Vuw
22500344,KmrC8eM7Vuw,mid-court-logo,394.39,1.9901,30.26,https://www.youtube.com/watch?v=KmrC8eM7Vuw
22500344,KmrC8eM7Vuw,side-court-logo,410.61,0.7806,18.58,https://www.youtube.com/watch?v=KmrC8eM7Vuw
22500344,KmrC8eM7Vuw,side-court-led-logo,411.81,0.8284,27.9,https://www.youtube.com/watch?v=KmrC8eM7Vuw
22500344,KmrC8eM7Vuw,basket-logo,331.13,0.2523,36.85,https://www.youtube.com/watch?v=KmrC8eM7Vuw
22500344,TkK1eiGd_PM,basket-logo,436.6,0.2582,35.53,https://www.youtube.com/watch?v=TkK1eiGd_PM
22500344,TkK1eiGd_PM,side-court-led-logo,494.8,0.9852,29.48,https://www.youtube.com/watch?v=TkK1eiGd_PM
22500344,TkK1eiGd_PM,back-court-logo,460.2,1.5376,22.31,https://www.youtube.com/watch?v=TkK1eiGd_PM
22500344,TkK1eiGd_PM,side-court-logo,491.0,0.8122,18.59,https://www.youtube.com/watch?v=TkK1eiGd_PM
22500344,TkK1eiGd_PM,mid-court-logo,449.4,2.0014,31.84,https://www.youtube.com/watch?v=TkK1eiGd_PM
22500344,2cjLWnbQ2VY,back-court-logo,163.56,1.4966,24.27,https://www.youtube.com/watch?v=2cjLWnbQ2VY
22500344,2cjLWnbQ2VY,mid-court-logo,166.17,2.3017,31.22,https://www.youtube.com/watch?v=2cjLWnbQ2VY
22500344,2cjLWnbQ2VY,side-court-logo,176.58,0.7759,19.38,https://www.youtube.com/watch?v=2cjLWnbQ2VY
22500344,2cjLWnbQ2VY,side-court-led-logo,177.18,0.8104,27.43,https://www.youtube.com/watch?v=2cjLWnbQ2VY
22500344,2cjLWnbQ2VY,basket-logo,150.35,0.2541,36.87,https://www.youtube.com/watch?v=2cjLWnbQ2VY
22500344,cf_0dpFbOy4,side-court-led-logo,516.8,1.0356,28.87,https://www.youtube.com/watch?v=cf_0dpFbOy4
22500344,cf_0dpFbOy4,side-court-logo,510.8,0.818,18.99,https://www.youtube.com/watch?v=cf_0dpFbOy4
22500344,cf_0dpFbOy4,basket-logo,444.6,0.2611,35.74,https://www.youtube.com/watch?v=cf_0dpFbOy4
22500344,cf_0dpFbOy4,back-court-logo,474.4,1.5444,22.54,https://www.youtube.com/watch?v=cf_0dpFbOy4
22500344,cf_0dpFbOy4,mid-court-logo,476.4,2.1106,31.45,https://www.youtube.com/watch?v=cf_0dpFbOy4
22500310,zqKRXlDLuqs,side-court-led-logo,523.32,1.2654,27.13,https://www.youtube.com/watch?v=zqKRXlDLuqs
22500310,zqKRXlDLuqs,basket-logo,472.47,0.2246,35.3,https://www.youtube.com/watch?v=zqKRXlDLuqs
22500310,zqKRXlDLuqs,back-court-logo,490.49,1.8993,23.83,https://www.youtube.com/watch?v=zqKRXlDLuqs
22500310,zqKRXlDLuqs,mid-court-logo,387.59,2.3233,30.88,https://www.youtube.com/watch?v=zqKRXlDLuqs
22500310,zqKRXlDLuqs,side-court-logo,0.2,17.7696,12.25,https://www.youtube.com/watch?v=zqKRXlDLuqs
22500310,MVObsU9hmw4,side-court-led-logo,513.11,1.1018,28.0,https://www.youtube.com/watch?v=MVObsU9hmw4
22500310,MVObsU9hmw4,mid-court-logo,372.17,2.2376,31.36,https://www.youtube.com/watch?v=MVObsU9hmw4
22500310,MVObsU9hmw4,back-court-logo,475.08,1.8767,23.29,https://www.youtube.com/watch?v=MVObsU9hmw4
22500310,MVObsU9hmw4,basket-logo,455.26,0.2255,34.09,https://www.youtube.com/watch?v=MVObsU9hmw4
22500321,B55SBSANlvY,basket-logo,467.8,0.1715,30.97,https://www.youtube.com/watch?v=B55SBSANlvY
22500321,B55SBSANlvY,side-court-led-logo,364.4,1.9064,35.7,https://www.youtube.com/watch?v=B55SBSANlvY
22500321,B55SBSANlvY,mid-court-logo,435.0,2.4469,35.88,https://www.youtube.com/watch?v=B55SBSANlvY
22500321,B55SBSANlvY,side-court-logo,530.4,1.2953,28.27,https://www.youtube.com/watch?v=B55SBSANlvY
22500321,B55SBSANlvY,back-court-logo,0.8,1.4502,9.71,https://www.youtube.com/watch?v=B55SBSANlvY
22500321,DBSQVN-ZINo,side-court-logo,670.87,1.217,27.03,https://www.youtube.com/watch?v=DBSQVN-ZINo
22500321,DBSQVN-ZINo,side-court-led-logo,490.89,1.6985,35.45,https://www.youtube.com/watch?v=DBSQVN-ZINo
22500321,DBSQVN-ZINo,mid-court-logo,514.31,2.228,33.54,https://www.youtube.com/watch?v=DBSQVN-ZINo
22500321,DBSQVN-ZINo,basket-logo,594.59,0.1566,32.26,https://www.youtube.com/watch?v=DBSQVN-ZINo
22500321,DBSQVN-ZINo,back-court-logo,1.2,0.9978,11.03,https://www.youtube.com/watch?v=DBSQVN-ZINo
22500321,GAm4ZwdFgIs,basket-logo,514.4,0.1559,32.07,https://www.youtube.com/watch?v=GAm4ZwdFgIs
22500321,GAm4ZwdFgIs,side-court-logo,573.4,1.2263,27.18,https://www.youtube.com/watch?v=GAm4ZwdFgIs
22500321,GAm4ZwdFgIs,mid-court-logo,448.2,2.2361,34.42,https://www.youtube.com/watch?v=GAm4ZwdFgIs
22500321,GAm4ZwdFgIs,side-court-led-logo,433.2,1.6752,36.43,https://www.youtube.com/watch?v=GAm4ZwdFgIs
22500321,GAm4ZwdFgIs,back-court-logo,1.4,1.1148,14.58,https://www.youtube.com/watch?v=GAm4ZwdFgIs
22500307,sqd7rFq61og,side-court-led-logo,503.2,0.8779,31.19,https://www.youtube.com/watch?v=sqd7rFq61og
22500307,sqd7rFq61og,basket-logo,490.2,0.2673,34.9,https://www.youtube.com/watch?v=sqd7rFq61og
22500307,sqd7rFq61og,side-court-logo,525.2,0.974,25.49,https://www.youtube.com/watch?v=sqd7rFq61og
22500307,sqd7rFq61og,mid-court-logo,480.0,1.8239,33.56,https://www.youtube.com/watch?v=sqd7rFq61og
22500307,sqd7rFq61og,back-court-logo,0.4,1.4075,35.25,https://www.youtube.com/watch?v=sqd7rFq61og
22500307,7_k7fBkYHnM,side-court-led-logo,505.6,0.9898,29.73,https://www.youtube.com/watch?v=7_k7fBkYHnM
22500307,7_k7fBkYHnM,basket-logo,464.0,0.2531,38.17,https://www.youtube.com/watch?v=7_k7fBkYHnM
22500307,7_k7fBkYHnM,side-court-logo,517.2,0.9092,26.12,https://www.youtube.com/watch?v=7_k7fBkYHnM
22500307,7_k7fBkYHnM,mid-court-logo,477.0,1.7945,31.74,https://www.youtube.com/watch?v=7_k7fBkYHnM
22500307,7_k7fBkYHnM,back-court-logo,0.8,0.1668,64.02,https://www.youtube.com/watch?v=7_k7fBkYHnM
22500313,y3qEdaEQeVU,back-court-logo,462.0,1.0291,21.68,https://www.youtube.com/watch?v=y3qEdaEQeVU
22500313,y3qEdaEQeVU,basket-logo,451.4,0.1654,31.26,https://www.youtube.com/watch?v=y3qEdaEQeVU
22500313,y3qEdaEQeVU,side-court-logo,494.6,0.9502,24.48,https://www.youtube.com/watch?v=y3qEdaEQeVU
22500313,y3qEdaEQeVU,side-court-led-logo,161.0,1.063,29.74,https://www.youtube.com/watch?v=y3qEdaEQeVU
22500313,y3qEdaEQeVU,mid-court-logo,484.0,2.6297,33.55,https://www.youtube.com/watch?v=y3qEdaEQeVU
22500313,yCP5lavFcMg,basket-logo,460.86,0.1649,32.73,https://www.youtube.com/watch?v=yCP5lavFcMg
22500313,yCP5lavFcMg,side-court-logo,526.13,0.9168,24.09,https://www.youtube.com/watch?v=yCP5lavFcMg
22500313,yCP5lavFcMg,mid-court-logo,519.32,2.7493,31.85,https://www.youtube.com/watch?v=yCP5lavFcMg
22500313,yCP5lavFcMg,back-court-logo,481.88,1.0084,23.66,https://www.youtube.com/watch?v=yCP5lavFcMg
22500313,yCP5lavFcMg,side-court-led-logo,210.21,1.0394,29.17,https://www.youtube.com/watch?v=yCP5lavFcMg
22500313,JpKU6iJOtCI,back-court-logo,258.0,3.9925,26.16,https://www.youtube.com/watch?v=JpKU6iJOtCI
22500313,JpKU6iJOtCI,side-court-logo,303.0,2.0972,34.17,https://www.youtube.com/watch?v=JpKU6iJOtCI
22500313,JpKU6iJOtCI,mid-court-logo,112.8,6.2794,27.85,https://www.youtube.com/watch?v=JpKU6iJOtCI
22500313,JpKU6iJOtCI,basket-logo,179.0,0.4966,31.48,https://www.youtube.com/watch?v=JpKU6iJOtCI
22500313,JpKU6iJOtCI,side-court-led-logo,40.4,3.277,34.18,https://www.youtube.com/watch?v=JpKU6iJOtCI
22500311,uVyVKr8l_FM,basket-logo,454.65,0.2005,31.97,https://www.youtube.com/watch?v=uVyVKr8l_FM
22500311,uVyVKr8l_FM,back-court-logo,484.68,1.9732,24.08,https://www.youtube.com/watch?v=uVyVKr8l_FM
22500311,uVyVKr8l_FM,side-court-led-logo,538.34,1.2442,29.94,https://www.youtube.com/watch?v=uVyVKr8l_FM
22500311,uVyVKr8l_FM,side-court-logo,544.34,1.1073,30.2,https://www.youtube.com/watch?v=uVyVKr8l_FM
22500311,uVyVKr8l_FM,mid-court-logo,310.31,1.9223,30.74,https://www.youtube.com/watch?v=uVyVKr8l_FM
22500311,Z87voDSG4b8,back-court-logo,475.4,1.9671,23.43,https://www.youtube.com/watch?v=Z87voDSG4b8
22500311,Z87voDSG4b8,basket-logo,445.8,0.1987,31.88,https://www.youtube.com/watch?v=Z87voDSG4b8
22500311,Z87voDSG4b8,side-court-led-logo,529.0,1.2996,30.35,https://www.youtube.com/watch?v=Z87voDSG4b8
22500311,Z87voDSG4b8,side-court-logo,541.0,1.1125,30.63,https://www.youtube.com/watch?v=Z87voDSG4b8
22500311,Z87voDSG4b8,mid-court-logo,297.0,1.966,31.85,https://www.youtube.com/watch?v=Z87voDSG4b8
22500311,xDzVqBPqv3U,basket-logo,452.0,0.2047,31.89,https://www.youtube.com/watch?v=xDzVqBPqv3U
22500311,xDzVqBPqv3U,back-court-logo,486.0,1.9698,23.94,https://www.youtube.com/watch?v=xDzVqBPqv3U
22500311,xDzVqBPqv3U,side-court-led-logo,538.4,1.2935,30.11,https://www.youtube.com/watch?v=xDzVqBPqv3U
22500311,xDzVqBPqv3U,side-court-logo,543.8,1.1173,30.27,https://www.youtube.com/watch?v=xDzVqBPqv3U
22500311,xDzVqBPqv3U,mid-court-logo,307.4,1.9485,30.72,https://www.youtube.com/watch?v=xDzVqBPqv3U
22500077,uEZixrRJAKs,side-court-led-logo,316.52,0.9216,29.49,https://www.youtube.com/watch?v=uEZixrRJAKs
22500077,uEZixrRJAKs,mid-court-logo,134.33,1.4046,23.93,https://www.youtube.com/watch?v=uEZixrRJAKs
22500077,uEZixrRJAKs,side-court-logo,495.5,0.5921,24.64,https://www.youtube.com/watch?v=uEZixrRJAKs
22500077,uEZixrRJAKs,back-court-logo,485.29,0.9143,21.34,https://www.youtube.com/watch?v=uEZixrRJAKs
22500077,uEZixrRJAKs,basket-logo,482.68,0.1866,33.62,https://www.youtube.com/watch?v=uEZixrRJAKs
22500336,k0Pa-1Z9fo8,side-court-led-logo,513.6,1.1644,28.9,https://www.youtube.com/watch?v=k0Pa-1Z9fo8
22500336,k0Pa-1Z9fo8,basket-logo,452.2,0.2464,38.13,https://www.youtube.com/watch?v=k0Pa-1Z9fo8
22500336,k0Pa-1Z9fo8,back-court-logo,481.4,1.5239,25.24,https://www.youtube.com/watch?v=k0Pa-1Z9fo8
22500336,k0Pa-1Z9fo8,side-court-logo,507.8,0.786,15.2,https://www.youtube.com/watch?v=k0Pa-1Z9fo8
22500336,k0Pa-1Z9fo8,mid-court-logo,503.6,2.2216,31.06,https://www.youtube.com/watch?v=k0Pa-1Z9fo8
22500336,Si4TFhHtIK4,basket-logo,505.71,0.2317,39.1,https://www.youtube.com/watch?v=Si4TFhHtIK4
22500336,Si4TFhHtIK4,side-court-led-logo,564.36,0.7628,28.96,https://www.youtube.com/watch?v=Si4TFhHtIK4
22500336,Si4TFhHtIK4,side-court-logo,562.76,0.7411,16.65,https://www.youtube.com/watch?v=Si4TFhHtIK4
22500336,Si4TFhHtIK4,back-court-logo,538.34,1.5029,26.77,https://www.youtube.com/watch?v=Si4TFhHtIK4
22500336,Si4TFhHtIK4,mid-court-logo,556.56,2.1814,30.92,https://www.youtube.com/watch?v=Si4TFhHtIK4
22500336,qVK8NXIH6_0,side-court-led-logo,488.49,0.9784,29.74,https://www.youtube.com/watch?v=qVK8NXIH6_0
22500336,qVK8NXIH6_0,mid-court-logo,461.06,2.1269,32.28,https://www.youtube.com/watch?v=qVK8NXIH6_0
22500336,qVK8NXIH6_0,back-court-logo,446.45,1.5231,23.08,https://www.youtube.com/watch?v=qVK8NXIH6_0
22500336,qVK8NXIH6_0,side-court-logo,483.28,0.7979,19.22,https://www.youtube.com/watch?v=qVK8NXIH6_0
22500336,qVK8NXIH6_0,basket-logo,421.82,0.2565,35.63,https://www.youtube.com/watch?v=qVK8NXIH6_0
22500336,q5lYv4uyJWg,side-court-led-logo,542.74,0.8756,28.55,https://www.youtube.com/watch?v=q5lYv4uyJWg
22500336,q5lYv4uyJWg,side-court-logo,540.74,0.7539,17.57,https://www.youtube.com/watch?v=q5lYv4uyJWg
22500336,q5lYv4uyJWg,mid-court-logo,533.93,2.1903,30.06,https://www.youtube.com/watch?v=q5lYv4uyJWg
22500336,q5lYv4uyJWg,basket-logo,460.46,0.238,39.03,https://www.youtube.com/watch?v=q5lYv4uyJWg
22500336,q5lYv4uyJWg,back-court-logo,494.49,1.5058,27.14,https://www.youtube.com/watch?v=q5lYv4uyJWg
22500336,hAMMO9bU3CA,side-court-led-logo,496.6,0.9772,28.31,https://www.youtube.com/watch?v=hAMMO9bU3CA
22500336,hAMMO9bU3CA,basket-logo,408.6,0.2443,40.75,https://www.youtube.com/watch?v=hAMMO9bU3CA
22500336,hAMMO9bU3CA,mid-court-logo,461.6,2.0516,29.05,https://www.youtube.com/watch?v=hAMMO9bU3CA
22500336,hAMMO9bU3CA,side-court-logo,494.6,0.8179,17.42,https://www.youtube.com/watch?v=hAMMO9bU3CA
22500336,hAMMO9bU3CA,back-court-logo,452.8,1.6466,28.0,https://www.youtube.com/watch?v=hAMMO9bU3CA
22500305,Fm22Serhrtk,side-court-led-logo,477.2,2.1771,33.03,https://www.youtube.com/watch?v=Fm22Serhrtk
22500305,Fm22Serhrtk,basket-logo,443.6,0.1842,32.88,https://www.youtube.com/watch?v=Fm22Serhrtk
22500305,Fm22Serhrtk,mid-court-logo,425.2,1.8277,31.43,https://www.youtube.com/watch?v=Fm22Serhrtk
22500305,Fm22Serhrtk,side-court-logo,492.2,0.7873,25.64,https://www.youtube.com/watch?v=Fm22Serhrtk
22500305,Fm22Serhrtk,back-court-logo,446.6,1.2482,22.32,https://www.youtube.com/watch?v=Fm22Serhrtk
22500305,EBVzXXWY_BE,side-court-led-logo,531.93,2.202,31.21,https://www.youtube.com/watch?v=EBVzXXWY_BE
22500305,EBVzXXWY_BE,side-court-logo,537.54,0.6819,24.76,https://www.youtube.com/watch?v=EBVzXXWY_BE
22500305,EBVzXXWY_BE,back-court-logo,500.1,1.1214,24.81,https://www.youtube.com/watch?v=EBVzXXWY_BE
22500305,EBVzXXWY_BE,mid-court-logo,485.89,1.7772,29.85,https://www.youtube.com/watch?v=EBVzXXWY_BE
22500305,EBVzXXWY_BE,basket-logo,491.09,0.1685,34.37,https://www.youtube.com/watch?v=EBVzXXWY_BE
22500315,_Op4ikvSVY8,basket-logo,468.2,0.2293,33.06,https://www.youtube.com/watch?v=_Op4ikvSVY8
22500315,_Op4ikvSVY8,side-court-led-logo,505.6,1.2988,29.83,https://www.youtube.com/watch?v=_Op4ikvSVY8
22500315,_Op4ikvSVY8,side-court-logo,516.0,1.2043,26.0,https://www.youtube.com/watch?v=_Op4ikvSVY8
22500315,_Op4ikvSVY8,back-court-logo,476.4,2.6251,22.54,https://www.youtube.com/watch?v=_Op4ikvSVY8
22500315,_Op4ikvSVY8,mid-court-logo,365.6,1.0446,29.83,https://www.youtube.com/watch?v=_Op4ikvSVY8
22500315,baMeCOXduyA,side-court-led-logo,544.74,1.1147,28.46,https://www.youtube.com/watch?v=baMeCOXduyA
22500315,baMeCOXduyA,side-court-logo,545.55,1.1176,24.19,https://www.youtube.com/watch?v=baMeCOXduyA
22500315,baMeCOXduyA,mid-court-logo,428.43,1.0232,29.72,https://www.youtube.com/watch?v=baMeCOXduyA
22500315,baMeCOXduyA,back-court-logo,498.9,2.58,25.28,https://www.youtube.com/watch?v=baMeCOXduyA
22500315,baMeCOXduyA,basket-logo,486.49,0.209,35.96,https://www.youtube.com/watch?v=baMeCOXduyA
22500315,MztRxharTeg,basket-logo,529.13,0.213,35.22,https://www.youtube.com/watch?v=MztRxharTeg
22500315,MztRxharTeg,side-court-led-logo,567.17,1.1159,28.46,https://www.youtube.com/watch?v=MztRxharTeg
22500315,MztRxharTeg,side-court-logo,577.38,1.1109,24.34,https://www.youtube.com/watch?v=MztRxharTeg
22500315,MztRxharTeg,mid-court-logo,456.26,1.0639,29.73,https://www.youtube.com/watch?v=MztRxharTeg
22500315,MztRxharTeg,back-court-logo,538.54,2.5822,24.47,https://www.youtube.com/watch?v=MztRxharTeg
22500333,PsZqsSlo14g,basket-logo,499.8,0.2835,34.92,https://www.youtube.com/watch?v=PsZqsSlo14g
22500333,PsZqsSlo14g,mid-court-logo,361.8,2.3189,30.35,https://www.youtube.com/watch?v=PsZqsSlo14g
22500333,PsZqsSlo14g,side-court-led-logo,326.4,1.8399,31.71,https://www.youtube.com/watch?v=PsZqsSlo14g
22500333,PsZqsSlo14g,side-court-logo,537.8,1.0129,28.94,https://www.youtube.com/watch?v=PsZqsSlo14g
22500333,PsZqsSlo14g,back-court-logo,515.8,2.2286,22.75,https://www.youtube.com/watch?v=PsZqsSlo14g
22500333,cPEnrjcSh8M,basket-logo,545.15,0.2863,37.14,https://www.youtube.com/watch?v=cPEnrjcSh8M
22500333,cPEnrjcSh8M,back-court-logo,555.56,2.1806,25.41,https://www.youtube.com/watch?v=cPEnrjcSh8M
22500333,cPEnrjcSh8M,side-court-led-logo,355.36,1.6414,28.17,https://www.youtube.com/watch?v=cPEnrjcSh8M
22500333,cPEnrjcSh8M,side-court-logo,571.57,0.9708,26.93,https://www.youtube.com/watch?v=cPEnrjcSh8M
22500333,cPEnrjcSh8M,mid-court-logo,402.6,2.1889,28.92,https://www.youtube.com/watch?v=cPEnrjcSh8M
22500333,towTztfgUK0,basket-logo,486.29,0.2709,37.85,https://www.youtube.com/watch?v=towTztfgUK0
22500333,towTztfgUK0,back-court-logo,503.3,2.127,26.86,https://www.youtube.com/watch?v=towTztfgUK0
22500333,towTztfgUK0,mid-court-logo,401.0,2.212,28.79,https://www.youtube.com/watch?v=towTztfgUK0
22500333,towTztfgUK0,side-court-logo,533.53,0.9436,26.91,https://www.youtube.com/watch?v=towTztfgUK0
22500333,towTztfgUK0,side-court-led-logo,360.76,1.8881,28.55,https://www.youtube.com/watch?v=towTztfgUK0
22500333,q5PT5rs6_wk,side-court-logo,327.0,0.9618,26.53,https://www.youtube.com/watch?v=q5PT5rs6_wk
22500333,q5PT5rs6_wk,mid-court-logo,273.6,2.0848,30.21,https://www.youtube.com/watch?v=q5PT5rs6_wk
22500333,q5PT5rs6_wk,side-court-led-logo,262.2,2.8467,28.89,https://www.youtube.com/watch?v=q5PT5rs6_wk
22500333,q5PT5rs6_wk,back-court-logo,281.0,1.9528,30.9,https://www.youtube.com/watch?v=q5PT5rs6_wk
22500333,q5PT5rs6_wk,basket-logo,267.4,0.2354,41.3,https://www.youtube.com/watch?v=q5PT5rs6_wk
22500333,KZTHsUkhje4,mid-court-logo,393.6,2.189,28.52,https://www.youtube.com/watch?v=KZTHsUkhje4
22500333,KZTHsUkhje4,side-court-led-logo,376.2,2.6337,28.04,https://www.youtube.com/watch?v=KZTHsUkhje4
22500333,KZTHsUkhje4,side-court-logo,468.6,0.9079,27.37,https://www.youtube.com/watch?v=KZTHsUkhje4
22500333,KZTHsUkhje4,back-court-logo,399.8,2.0264,30.64,https://www.youtube.com/watch?v=KZTHsUkhje4
22500333,KZTHsUkhje4,basket-logo,387.6,0.2499,38.89,https://www.youtube.com/watch?v=KZTHsUkhje4
22500309,ehNWKV1racs,basket-logo,469.67,0.2177,36.97,https://www.youtube.com/watch?v=ehNWKV1racs
22500309,ehNWKV1racs,side-court-led-logo,517.92,1.0301,29.47,https://www.youtube.com/watch?v=ehNWKV1racs
22500309,ehNWKV1racs,side-court-logo,516.92,1.1206,22.22,https://www.youtube.com/watch?v=ehNWKV1racs
22500309,ehNWKV1racs,back-court-logo,479.68,1.3909,23.34,https://www.youtube.com/watch?v=ehNWKV1racs
22500309,ehNWKV1racs,mid-court-logo,421.02,2.1076,33.76,https://www.youtube.com/watch?v=ehNWKV1racs
22500309,VOGBICUH-N8,basket-logo,467.67,0.2579,34.1,https://www.youtube.com/watch?v=VOGBICUH-N8
22500309,VOGBICUH-N8,side-court-led-logo,510.51,1.2417,30.85,https://www.youtube.com/watch?v=VOGBICUH-N8
22500309,VOGBICUH-N8,side-court-logo,514.11,1.2755,24.99,https://www.youtube.com/watch?v=VOGBICUH-N8
22500309,VOGBICUH-N8,back-court-logo,479.88,1.4416,21.52,https://www.youtube.com/watch?v=VOGBICUH-N8
22500309,VOGBICUH-N8,mid-court-logo,317.12,2.1827,29.76,https://www.youtube.com/watch?v=VOGBICUH-N8
22500309,DPmADo0MG20,side-court-led-logo,520.6,1.0741,29.45,https://www.youtube.com/watch?v=DPmADo0MG20
22500309,DPmADo0MG20,basket-logo,466.0,0.22,36.06,https://www.youtube.com/watch?v=DPmADo0MG20
22500309,DPmADo0MG20,back-court-logo,481.6,1.3655,23.17,https://www.youtube.com/watch?v=DPmADo0MG20
22500309,DPmADo0MG20,side-court-logo,517.6,1.113,22.62,https://www.youtube.com/watch?v=DPmADo0MG20
22500309,DPmADo0MG20,mid-court-logo,403.2,2.0997,33.58,https://www.youtube.com/watch?v=DPmADo0MG20
22500319,umcDCgINi_o,side-court-led-logo,516.92,0.9848,28.28,https://www.youtube.com/watch?v=umcDCgINi_o
22500319,umcDCgINi_o,basket-logo,455.66,0.2688,36.15,https://www.youtube.com/watch?v=umcDCgINi_o
22500319,umcDCgINi_o,side-court-logo,517.92,0.8391,18.51,https://www.youtube.com/watch?v=umcDCgINi_o
22500319,umcDCgINi_o,back-court-logo,485.49,1.6157,22.84,https://www.youtube.com/watch?v=umcDCgINi_o
22500319,umcDCgINi_o,mid-court-logo,469.87,1.8713,31.43,https://www.youtube.com/watch?v=umcDCgINi_o
22500319,KH9Dxyrc7Sc,side-court-logo,500.3,0.8152,19.26,https://www.youtube.com/watch?v=KH9Dxyrc7Sc
22500319,KH9Dxyrc7Sc,back-court-logo,443.44,1.5912,25.37,https://www.youtube.com/watch?v=KH9Dxyrc7Sc
22500319,KH9Dxyrc7Sc,side-court-led-logo,508.51,1.0405,27.56,https://www.youtube.com/watch?v=KH9Dxyrc7Sc
22500319,KH9Dxyrc7Sc,mid-court-logo,474.27,1.9271,30.62,https://www.youtube.com/watch?v=KH9Dxyrc7Sc
22500319,KH9Dxyrc7Sc,basket-logo,393.99,0.2585,37.26,https://www.youtube.com/watch?v=KH9Dxyrc7Sc
22500319,7DuotdnzEms,mid-court-logo,508.6,1.8198,31.24,https://www.youtube.com/watch?v=7DuotdnzEms
22500319,7DuotdnzEms,basket-logo,478.6,0.2687,36.71,https://www.youtube.com/watch?v=7DuotdnzEms
22500319,7DuotdnzEms,side-court-led-logo,547.8,1.0091,27.84,https://www.youtube.com/watch?v=7DuotdnzEms
22500319,7DuotdnzEms,side-court-logo,552.2,0.8358,19.58,https://www.youtube.com/watch?v=7DuotdnzEms
22500319,7DuotdnzEms,back-court-logo,513.6,1.5998,23.79,https://www.youtube.com/watch?v=7DuotdnzEms
22500319,p5sif2Rxo38,side-court-logo,270.27,0.8494,19.41,https://www.youtube.com/watch?v=p5sif2Rxo38
22500319,p5sif2Rxo38,back-court-logo,241.04,1.6947,25.13,https://www.youtube.com/watch?v=p5sif2Rxo38
22500319,p5sif2Rxo38,mid-court-logo,260.86,1.7067,30.58,https://www.youtube.com/watch?v=p5sif2Rxo38
22500319,p5sif2Rxo38,side-court-led-logo,275.48,0.9515,27.81,https://www.youtube.com/watch?v=p5sif2Rxo38
22500319,p5sif2Rxo38,basket-logo,205.81,0.2682,36.39,https://www.youtube.com/watch?v=p5sif2Rxo38
22500299,G0kWx80IkyU,basket-logo,508.91,0.2126,40.41,https://www.youtube.com/watch?v=G0kWx80IkyU
22500299,G0kWx80IkyU,mid-court-logo,522.32,2.3643,32.26,https://www.youtube.com/watch?v=G0kWx80IkyU
22500299,G0kWx80IkyU,side-court-led-logo,282.48,0.8576,30.52,https://www.youtube.com/watch?v=G0kWx80IkyU
22500299,G0kWx80IkyU,back-court-logo,514.51,1.9408,28.8,https://www.youtube.com/watch?v=G0kWx80IkyU
22500299,G0kWx80IkyU,side-court-logo,3.2,0.1755,41.52,https://www.youtube.com/watch?v=G0kWx80IkyU
22500299,A9TlUIfeCRU,back-court-logo,559.36,1.9609,27.56,https://www.youtube.com/watch?v=A9TlUIfeCRU
22500299,A9TlUIfeCRU,mid-court-logo,554.15,2.4324,32.39,https://www.youtube.com/watch?v=A9TlUIfeCRU
22500299,A9TlUIfeCRU,basket-logo,554.75,0.213,40.37,https://www.youtube.com/watch?v=A9TlUIfeCRU
22500299,A9TlUIfeCRU,side-court-led-logo,283.68,0.7361,31.21,https://www.youtube.com/watch?v=A9TlUIfeCRU
22500299,A9TlUIfeCRU,side-court-logo,5.81,0.1454,47.37,https://www.youtube.com/watch?v=A9TlUIfeCRU
22500314,qAE6oWendZ0,basket-logo,469.67,0.1927,34.16,https://www.youtube.com/watch?v=qAE6oWendZ0
22500314,qAE6oWendZ0,side-court-led-logo,315.52,1.6266,31.14,https://www.youtube.com/watch?v=qAE6oWendZ0
22500314,qAE6oWendZ0,mid-court-logo,435.04,2.5279,32.36,https://www.youtube.com/watch?v=qAE6oWendZ0
22500314,qAE6oWendZ0,side-court-logo,499.3,0.5385,28.59,https://www.youtube.com/watch?v=qAE6oWendZ0
22500314,qAE6oWendZ0,back-court-logo,487.89,2.1634,24.26,https://www.youtube.com/watch?v=qAE6oWendZ0
22500314,-0Mud9hHZy0,basket-logo,462.26,0.1867,35.72,https://www.youtube.com/watch?v=-0Mud9hHZy0
22500314,-0Mud9hHZy0,side-court-led-logo,331.53,1.5747,30.28,https://www.youtube.com/watch?v=-0Mud9hHZy0
22500314,-0Mud9hHZy0,mid-court-logo,446.65,2.4756,31.65,https://www.youtube.com/watch?v=-0Mud9hHZy0
22500314,-0Mud9hHZy0,side-court-logo,496.9,0.5223,27.58,https://www.youtube.com/watch?v=-0Mud9hHZy0
22500314,-0Mud9hHZy0,back-court-logo,480.48,2.1012,26.08,https://www.youtube.com/watch?v=-0Mud9hHZy0
22500314,OonqNkwTsPk,side-court-logo,314.0,1.0397,34.24,https://www.youtube.com/watch?v=OonqNkwTsPk
22500314,OonqNkwTsPk,basket-logo,412.4,0.3385,37.49,https://www.youtube.com/watch?v=OonqNkwTsPk
22500314,OonqNkwTsPk,back-court-logo,401.4,4.3345,30.18,https://www.youtube.com/watch?v=OonqNkwTsPk
22500314,OonqNkwTsPk,mid-court-logo,92.0,1.2432,34.22,https://www.youtube.com/watch?v=OonqNkwTsPk
22500314,OonqNkwTsPk,side-court-led-logo,45.2,4.4249,31.13,https://www.youtube.com/watch?v=OonqNkwTsPk
22500314,tmntqEXOby8,basket-logo,407.4,0.3026,39.05,https://www.youtube.com/watch?v=tmntqEXOby8
22500314,tmntqEXOby8,side-court-logo,382.8,0.7983,35.48,https://www.youtube.com/watch?v=tmntqEXOby8
22500314,tmntqEXOby8,mid-court-logo,109.8,1.6353,31.48,https://www.youtube.com/watch?v=tmntqEXOby8
22500314,tmntqEXOby8,back-court-logo,437.4,3.9314,31.09,https://www.youtube.com/watch?v=tmntqEXOby8
22500314,tmntqEXOby8,side-court-led-logo,82.6,4.2473,31.41,https://www.youtube.com/watch?v=tmntqEXOby8
22500297,6wvp5W_wkRs,side-court-led-logo,401.8,0.8512,27.69,https://www.youtube.com/watch?v=6wvp5W_wkRs
22500297,6wvp5W_wkRs,basket-logo,432.83,0.2173,36.39,https://www.youtube.com/watch?v=6wvp5W_wkRs
22500297,6wvp5W_wkRs,mid-court-logo,341.54,1.4623,26.94,https://www.youtube.com/watch?v=6wvp5W_wkRs
22500297,6wvp5W_wkRs,side-court-logo,454.25,0.9084,26.03,https://www.youtube.com/watch?v=6wvp5W_wkRs
22500297,6wvp5W_wkRs,back-court-logo,429.63,1.2146,25.12,https://www.youtube.com/watch?v=6wvp5W_wkRs
22500297,F79Ug_V9Pfg,side-court-led-logo,376.4,1.0561,28.03,https://www.youtube.com/watch?v=F79Ug_V9Pfg
22500297,F79Ug_V9Pfg,mid-court-logo,332.8,1.5849,27.18,https://www.youtube.com/watch?v=F79Ug_V9Pfg
22500297,F79Ug_V9Pfg,basket-logo,410.6,0.2191,36.39,https://www.youtube.com/watch?v=F79Ug_V9Pfg
22500297,F79Ug_V9Pfg,side-court-logo,436.4,0.8985,27.19,https://www.youtube.com/watch?v=F79Ug_V9Pfg
22500297,F79Ug_V9Pfg,back-court-logo,406.0,1.2552,25.14,https://www.youtube.com/watch?v=F79Ug_V9Pfg
22500295,woDoNhE_MBs,side-court-led-logo,530.33,1.0592,24.91,https://www.youtube.com/watch?v=woDoNhE_MBs
22500295,woDoNhE_MBs,mid-court-logo,380.38,2.0931,28.01,https://www.youtube.com/watch?v=woDoNhE_MBs
22500295,woDoNhE_MBs,back-court-logo,507.11,1.5673,22.52,https://www.youtube.com/watch?v=woDoNhE_MBs
22500295,woDoNhE_MBs,basket-logo,494.69,0.2077,34.18,https://www.youtube.com/watch?v=woDoNhE_MBs
22500295,woDoNhE_MBs,side-court-logo,0.8,0.3989,47.04,https://www.youtube.com/watch?v=woDoNhE_MBs
22500295,w8DlIfeEiZo,side-court-led-logo,538.34,0.8596,24.97,https://www.youtube.com/watch?v=w8DlIfeEiZo
22500295,w8DlIfeEiZo,mid-court-logo,455.26,2.0536,30.79,https://www.youtube.com/watch?v=w8DlIfeEiZo
22500295,w8DlIfeEiZo,basket-logo,507.31,0.1993,33.25,https://www.youtube.com/watch?v=w8DlIfeEiZo
22500295,w8DlIfeEiZo,back-court-logo,514.91,1.5522,22.0,https://www.youtube.com/watch?v=w8DlIfeEiZo
22500295,w8DlIfeEiZo,side-court-logo,0.6,0.5047,39.9,https://www.youtube.com/watch?v=w8DlIfeEiZo
22500071,X_4QIFwaEak,side-court-led-logo,504.3,0.8299,26.76,https://www.youtube.com/watch?v=X_4QIFwaEak
22500071,X_4QIFwaEak,side-court-logo,466.67,0.8509,24.58,https://www.youtube.com/watch?v=X_4QIFwaEak
22500071,X_4QIFwaEak,mid-court-logo,436.84,1.6569,32.03,https://www.youtube.com/watch?v=X_4QIFwaEak
22500071,X_4QIFwaEak,back-court-logo,454.45,0.8781,24.68,https://www.youtube.com/watch?v=X_4QIFwaEak
22500071,X_4QIFwaEak,basket-logo,460.46,0.2024,36.16,https://www.youtube.com/watch?v=X_4QIFwaEak
22500071,Vd03uI2mGGE,basket-logo,422.0,0.2079,34.86,https://www.youtube.com/watch?v=Vd03uI2mGGE
22500071,Vd03uI2mGGE,side-court-led-logo,484.6,0.988,26.99,https://www.youtube.com/watch?v=Vd03uI2mGGE
22500071,Vd03uI2mGGE,back-court-logo,417.2,0.8791,24.1,https://www.youtube.com/watch?v=Vd03uI2mGGE
22500071,Vd03uI2mGGE,mid-court-logo,390.8,1.7143,32.99,https://www.youtube.com/watch?v=Vd03uI2mGGE
22500071,Vd03uI2mGGE,side-court-logo,448.0,0.9236,25.74,https://www.youtube.com/watch?v=Vd03uI2mGGE
22500079,MoEBOB91Pm8,side-court-led-logo,105.71,1.7976,31.02,https://www.youtube.com/watch?v=MoEBOB91Pm8
22500079,MoEBOB91Pm8,side-court-logo,523.72,0.679,31.1,https://www.youtube.com/watch?v=MoEBOB91Pm8
22500079,MoEBOB91Pm8,mid-court-logo,96.5,1.9101,24.92,https://www.youtube.com/watch?v=MoEBOB91Pm8
22500079,MoEBOB91Pm8,basket-logo,497.9,0.2159,34.63,https://www.youtube.com/watch?v=MoEBOB91Pm8
22500079,MoEBOB91Pm8,back-court-logo,2.4,1.846,31.72,https://www.youtube.com/watch?v=MoEBOB91Pm8
22500079,LVqFp0VXxD4,basket-logo,480.4,0.2153,35.9,https://www.youtube.com/watch?v=LVqFp0VXxD4
22500079,LVqFp0VXxD4,side-court-logo,516.4,0.6832,29.51,https://www.youtube.com/watch?v=LVqFp0VXxD4
22500079,LVqFp0VXxD4,side-court-led-logo,121.4,1.6573,27.84,https://www.youtube.com/watch?v=LVqFp0VXxD4
22500079,LVqFp0VXxD4,mid-court-logo,109.6,1.9498,21.87,https://www.youtube.com/watch?v=LVqFp0VXxD4
22500079,LVqFp0VXxD4,back-court-logo,3.0,1.6171,27.51,https://www.youtube.com/watch?v=LVqFp0VXxD4
22500076,M4f-tgG-eeE,side-court-led-logo,522.52,1.2017,29.14,https://www.youtube.com/watch?v=M4f-tgG-eeE
22500076,M4f-tgG-eeE,basket-logo,484.28,0.2065,36.8,https://www.youtube.com/watch?v=M4f-tgG-eeE
22500076,M4f-tgG-eeE,mid-court-logo,417.82,1.1186,30.78,https://www.youtube.com/watch?v=M4f-tgG-eeE
22500076,M4f-tgG-eeE,side-court-logo,520.52,1.2422,24.09,https://www.youtube.com/watch?v=M4f-tgG-eeE
22500076,M4f-tgG-eeE,back-court-logo,495.5,2.809,26.44,https://www.youtube.com/watch?v=M4f-tgG-eeE
22500076,9gFAumpiZf0,basket-logo,538.74,0.1967,36.08,https://www.youtube.com/watch?v=9gFAumpiZf0
22500076,9gFAumpiZf0,side-court-logo,572.57,1.1852,23.42,https://www.youtube.com/watch?v=9gFAumpiZf0
22500076,9gFAumpiZf0,back-court-logo,550.15,2.7554,25.38,https://www.youtube.com/watch?v=9gFAumpiZf0
22500076,9gFAumpiZf0,side-court-led-logo,573.97,1.0946,29.48,https://www.youtube.com/watch?v=9gFAumpiZf0
22500076,9gFAumpiZf0,mid-court-logo,451.65,1.1177,31.01,https://www.youtube.com/watch?v=9gFAumpiZf0
22500073,b-5P8Vw-8Bc,side-court-led-logo,526.33,1.199,26.32,https://www.youtube.com/watch?v=b-5P8Vw-8Bc
22500073,b-5P8Vw-8Bc,back-court-logo,481.88,1.9821,21.92,https://www.youtube.com/watch?v=b-5P8Vw-8Bc
22500073,b-5P8Vw-8Bc,basket-logo,460.06,0.2101,31.43,https://www.youtube.com/watch?v=b-5P8Vw-8Bc
22500073,b-5P8Vw-8Bc,mid-court-logo,150.95,1.481,24.54,https://www.youtube.com/watch?v=b-5P8Vw-8Bc
22500073,b-5P8Vw-8Bc,side-court-logo,1.2,0.3154,42.78,https://www.youtube.com/watch?v=b-5P8Vw-8Bc
22500317,GTj1t7nG0wI,basket-logo,484.2,0.152,32.39,https://www.youtube.com/watch?v=GTj1t7nG0wI
22500317,GTj1t7nG0wI,side-court-led-logo,463.2,1.0086,39.27,https://www.youtube.com/watch?v=GTj1t7nG0wI
22500317,GTj1t7nG0wI,mid-court-logo,513.6,1.5916,36.02,https://www.youtube.com/watch?v=GTj1t7nG0wI
22500317,GTj1t7nG0wI,back-court-logo,493.0,1.4597,23.16,https://www.youtube.com/watch?v=GTj1t7nG0wI
22500317,GTj1t7nG0wI,side-court-logo,495.0,0.4881,26.71,https://www.youtube.com/watch?v=GTj1t7nG0wI
22500317,2-NVL0OT74M,mid-court-logo,519.72,1.4602,31.93,https://www.youtube.com/watch?v=2-NVL0OT74M
22500317,2-NVL0OT74M,side-court-led-logo,406.01,1.3295,30.66,https://www.youtube.com/watch?v=2-NVL0OT74M
22500317,2-NVL0OT74M,side-court-logo,520.72,0.5334,26.43,https://www.youtube.com/watch?v=2-NVL0OT74M
22500317,2-NVL0OT74M,basket-logo,482.28,0.1645,38.51,https://www.youtube.com/watch?v=2-NVL0OT74M
22500317,2-NVL0OT74M,back-court-logo,490.49,1.751,28.51,https://www.youtube.com/watch?v=2-NVL0OT74M
22500317,tR2bhJIqghc,side-court-led-logo,539.14,1.1096,36.05,https://www.youtube.com/watch?v=tR2bhJIqghc
22500317,tR2bhJIqghc,basket-logo,543.74,0.1501,35.42,https://www.youtube.com/watch?v=tR2bhJIqghc
22500317,tR2bhJIqghc,side-court-logo,568.97,0.4758,24.0,https://www.youtube.com/watch?v=tR2bhJIqghc
22500317,tR2bhJIqghc,back-court-logo,552.35,1.4949,25.96,https://www.youtube.com/watch?v=tR2bhJIqghc
22500317,tR2bhJIqghc,mid-court-logo,582.18,1.5888,32.83,https://www.youtube.com/watch?v=tR2bhJIqghc
22500317,dJxAf6t8iAQ,basket-logo,465.67,0.2012,31.15,https://www.youtube.com/watch?v=dJxAf6t8iAQ
22500317,dJxAf6t8iAQ,mid-court-logo,492.29,2.5456,33.81,https://www.youtube.com/watch?v=dJxAf6t8iAQ
22500317,dJxAf6t8iAQ,back-court-logo,471.47,1.687,22.77,https://www.youtube.com/watch?v=dJxAf6t8iAQ
22500317,dJxAf6t8iAQ,side-court-led-logo,366.77,0.856,39.89,https://www.youtube.com/watch?v=dJxAf6t8iAQ
22500317,dJxAf6t8iAQ,side-court-logo,5.21,0.4248,49.38,https://www.youtube.com/watch?v=dJxAf6t8iAQ
22500317,nibVOdTHtOM,side-court-led-logo,393.4,1.2074,32.95,https://www.youtube.com/watch?v=nibVOdTHtOM
22500317,nibVOdTHtOM,mid-court-logo,459.2,2.401,29.19,https://www.youtube.com/watch?v=nibVOdTHtOM
22500317,nibVOdTHtOM,back-court-logo,404.4,1.7,28.72,https://www.youtube.com/watch?v=nibVOdTHtOM
22500317,nibVOdTHtOM,basket-logo,388.4,0.1863,34.31,https://www.youtube.com/watch?v=nibVOdTHtOM
22500317,nibVOdTHtOM,side-court-logo,9.8,0.9873,28.74,https://www.youtube.com/watch?v=nibVOdTHtOM
22500306,XIM7SdD0D6I,basket-logo,464.8,0.2218,35.9,https://www.youtube.com/watch?v=XIM7SdD0D6I
22500306,XIM7SdD0D6I,side-court-led-logo,282.0,1.074,33.16,https://www.youtube.com/watch?v=XIM7SdD0D6I
22500306,XIM7SdD0D6I,side-court-logo,497.4,1.1771,28.21,https://www.youtube.com/watch?v=XIM7SdD0D6I
22500306,XIM7SdD0D6I,back-court-logo,480.4,1.9254,25.8,https://www.youtube.com/watch?v=XIM7SdD0D6I
22500306,XIM7SdD0D6I,mid-court-logo,329.4,2.1917,31.81,https://www.youtube.com/watch?v=XIM7SdD0D6I
22500306,eXFO8Z4BUDs,basket-logo,528.53,0.217,35.72,https://www.youtube.com/watch?v=eXFO8Z4BUDs
22500306,eXFO8Z4BUDs,side-court-led-logo,345.55,1.084,34.24,https://www.youtube.com/watch?v=eXFO8Z4BUDs
22500306,eXFO8Z4BUDs,side-court-logo,571.17,1.1213,27.74,https://www.youtube.com/watch?v=eXFO8Z4BUDs
22500306,eXFO8Z4BUDs,back-court-logo,539.74,1.8816,25.86,https://www.youtube.com/watch?v=eXFO8Z4BUDs
22500306,eXFO8Z4BUDs,mid-court-logo,386.19,1.9334,33.0,https://www.youtube.com/watch?v=eXFO8Z4BUDs
22500306,6aVdeW4XoUw,side-court-logo,529.73,1.1197,28.26,https://www.youtube.com/watch?v=6aVdeW4XoUw
22500306,6aVdeW4XoUw,side-court-led-logo,326.93,1.3796,31.53,https://www.youtube.com/watch?v=6aVdeW4XoUw
22500306,6aVdeW4XoUw,mid-court-logo,375.58,1.9855,31.1,https://www.youtube.com/watch?v=6aVdeW4XoUw
22500306,6aVdeW4XoUw,back-court-logo,479.08,1.908,26.99,https://www.youtube.com/watch?v=6aVdeW4XoUw
22500306,6aVdeW4XoUw,basket-logo,455.86,0.2238,36.09,https://www.youtube.com/watch?v=6aVdeW4XoUw
22500301,yvqNuVhGsCI,side-court-led-logo,206.8,1.7393,31.56,https://www.youtube.com/watch?v=yvqNuVhGsCI
22500301,yvqNuVhGsCI,back-court-logo,424.2,1.1808,20.54,https://www.youtube.com/watch?v=yvqNuVhGsCI
22500301,yvqNuVhGsCI,basket-logo,407.8,0.2271,33.84,https://www.youtube.com/watch?v=yvqNuVhGsCI
22500301,yvqNuVhGsCI,side-court-logo,456.6,0.8118,27.2,https://www.youtube.com/watch?v=yvqNuVhGsCI
22500301,yvqNuVhGsCI,mid-court-logo,406.4,2.1267,34.75,https://www.youtube.com/watch?v=yvqNuVhGsCI
22500301,NkUvvSvjkcE,side-court-led-logo,263.86,0.9155,29.09,https://www.youtube.com/watch?v=NkUvvSvjkcE
22500301,NkUvvSvjkcE,basket-logo,464.86,0.2156,36.86,https://www.youtube.com/watch?v=NkUvvSvjkcE
22500301,NkUvvSvjkcE,back-court-logo,485.29,1.1166,23.62,https://www.youtube.com/watch?v=NkUvvSvjkcE
22500301,NkUvvSvjkcE,side-court-logo,518.32,0.7583,25.71,https://www.youtube.com/watch?v=NkUvvSvjkcE
22500301,NkUvvSvjkcE,mid-court-logo,470.87,2.1661,32.0,https://www.youtube.com/watch?v=NkUvvSvjkcE
22500301,J5NTRhxeaoA,side-court-led-logo,258.2,1.0599,29.92,https://www.youtube.com/watch?v=J5NTRhxeaoA
22500301,J5NTRhxeaoA,basket-logo,453.4,0.2207,34.8,https://www.youtube.com/watch?v=J5NTRhxeaoA
22500301,J5NTRhxeaoA,mid-court-logo,448.8,2.3373,33.65,https://www.youtube.com/watch?v=J5NTRhxeaoA
22500301,J5NTRhxeaoA,side-court-logo,503.2,0.7693,26.65,https://www.youtube.com/watch?v=J5NTRhxeaoA
22500301,J5NTRhxeaoA,back-court-logo,467.6,1.1326,22.22,https://www.youtube.com/watch?v=J5NTRhxeaoA
22500320,7gBTlP8g5Po,basket-logo,481.4,0.1643,33.12,https://www.youtube.com/watch?v=7gBTlP8g5Po
22500320,7gBTlP8g5Po,side-court-led-logo,271.0,1.1441,32.78,https://www.youtube.com/watch?v=7gBTlP8g5Po
22500320,7gBTlP8g5Po,back-court-logo,489.0,2.035,22.19,https://www.youtube.com/watch?v=7gBTlP8g5Po
22500320,7gBTlP8g5Po,mid-court-logo,468.4,1.0257,31.52,https://www.youtube.com/watch?v=7gBTlP8g5Po
22500320,7gBTlP8g5Po,side-court-logo,509.8,0.4511,27.65,https://www.youtube.com/watch?v=7gBTlP8g5Po
22500320,Ybd8y3p16V4,mid-court-logo,580.58,0.9825,29.84,https://www.youtube.com/watch?v=Ybd8y3p16V4
22500320,Ybd8y3p16V4,side-court-led-logo,345.15,0.9308,30.59,https://www.youtube.com/watch?v=Ybd8y3p16V4
22500320,Ybd8y3p16V4,back-court-logo,600.6,1.9567,24.3,https://www.youtube.com/watch?v=Ybd8y3p16V4
22500320,Ybd8y3p16V4,basket-logo,592.19,0.1566,34.93,https://www.youtube.com/watch?v=Ybd8y3p16V4
22500320,Ybd8y3p16V4,side-court-logo,617.82,0.4335,25.92,https://www.youtube.com/watch?v=Ybd8y3p16V4
22500320,9-tCWhc2Bm0,side-court-logo,522.72,0.4375,25.12,https://www.youtube.com/watch?v=9-tCWhc2Bm0
22500320,9-tCWhc2Bm0,mid-court-logo,496.3,0.9923,28.39,https://www.youtube.com/watch?v=9-tCWhc2Bm0
22500320,9-tCWhc2Bm0,side-court-led-logo,310.11,1.0698,29.55,https://www.youtube.com/watch?v=9-tCWhc2Bm0
22500320,9-tCWhc2Bm0,back-court-logo,497.5,1.9306,25.15,https://www.youtube.com/watch?v=9-tCWhc2Bm0
22500320,9-tCWhc2Bm0,basket-logo,492.29,0.1564,35.68,https://www.youtube.com/watch?v=9-tCWhc2Bm0
22500320,WKWNHmjIzjs,back-court-logo,323.2,3.0117,29.08,https://www.youtube.com/watch?v=WKWNHmjIzjs
22500320,WKWNHmjIzjs,basket-logo,304.8,0.1969,38.96,https://www.youtube.com/watch?v=WKWNHmjIzjs
22500320,WKWNHmjIzjs,side-court-led-logo,190.4,1.7743,26.56,https://www.youtube.com/watch?v=WKWNHmjIzjs
22500320,WKWNHmjIzjs,mid-court-logo,293.6,1.2559,27.26,https://www.youtube.com/watch?v=WKWNHmjIzjs
22500320,WKWNHmjIzjs,side-court-logo,376.4,0.5422,30.25,https://www.youtube.com/watch?v=WKWNHmjIzjs
22500320,Jkrhlxidx9c,side-court-led-logo,52.4,3.7895,30.34,https://www.youtube.com/watch?v=Jkrhlxidx9c
22500320,Jkrhlxidx9c,side-court-logo,194.4,1.4476,32.5,https://www.youtube.com/watch?v=Jkrhlxidx9c
22500320,Jkrhlxidx9c,mid-court-logo,201.8,3.5838,29.6,https://www.youtube.com/watch?v=Jkrhlxidx9c
22500320,Jkrhlxidx9c,back-court-logo,204.6,8.6795,29.36,https://www.youtube.com/watch?v=Jkrhlxidx9c
22500320,Jkrhlxidx9c,basket-logo,125.0,0.575,34.41,https://www.youtube.com/watch?v=Jkrhlxidx9c
22500075,XOqeBPnCWKE,basket-logo,462.86,0.1963,32.62,https://www.youtube.com/watch?v=XOqeBPnCWKE
22500075,XOqeBPnCWKE,side-court-led-logo,321.12,1.6169,30.91,https://www.youtube.com/watch?v=XOqeBPnCWKE
22500075,XOqeBPnCWKE,side-court-logo,364.96,0.7136,24.56,https://www.youtube.com/watch?v=XOqeBPnCWKE
22500075,XOqeBPnCWKE,mid-court-logo,183.58,1.6756,27.99,https://www.youtube.com/watch?v=XOqeBPnCWKE
22500075,KcPHCHnUtSM,basket-logo,456.0,0.1951,32.65,https://www.youtube.com/watch?v=KcPHCHnUtSM
22500075,KcPHCHnUtSM,side-court-logo,358.0,0.722,25.64,https://www.youtube.com/watch?v=KcPHCHnUtSM
22500075,KcPHCHnUtSM,mid-court-logo,190.0,1.5835,26.14,https://www.youtube.com/watch?v=KcPHCHnUtSM
22500075,KcPHCHnUtSM,side-court-led-logo,329.8,1.7405,30.23,https://www.youtube.com/watch?v=KcPHCHnUtSM
22500075,KcPHCHnUtSM,back-court-logo,0.8,0.7733,25.24,https://www.youtube.com/watch?v=KcPHCHnUtSM
22500302,emSvEm5PfiE,side-court-led-logo,500.0,0.8799,29.71,https://www.youtube.com/watch?v=emSvEm5PfiE
22500302,emSvEm5PfiE,mid-court-logo,322.4,2.1334,29.32,https://www.youtube.com/watch?v=emSvEm5PfiE
22500302,emSvEm5PfiE,side-court-logo,302.2,0.8516,29.94,https://www.youtube.com/watch?v=emSvEm5PfiE
22500302,emSvEm5PfiE,back-court-logo,455.8,1.2273,22.4,https://www.youtube.com/watch?v=emSvEm5PfiE
22500302,emSvEm5PfiE,basket-logo,488.2,0.185,32.3,https://www.youtube.com/watch?v=emSvEm5PfiE
22500302,Jm1eSSwHpwY,mid-court-logo,381.98,2.1019,24.91,https://www.youtube.com/watch?v=Jm1eSSwHpwY
22500302,Jm1eSSwHpwY,side-court-led-logo,543.14,0.8268,26.27,https://www.youtube.com/watch?v=Jm1eSSwHpwY
22500302,Jm1eSSwHpwY,side-court-logo,358.56,0.7393,26.72,https://www.youtube.com/watch?v=Jm1eSSwHpwY
22500302,Jm1eSSwHpwY,back-court-logo,492.29,1.1482,27.49,https://www.youtube.com/watch?v=Jm1eSSwHpwY
22500302,Jm1eSSwHpwY,basket-logo,498.9,0.168,37.16,https://www.youtube.com/watch?v=Jm1eSSwHpwY
22500302,VcklshU40xA,side-court-led-logo,389.6,1.5515,29.07,https://www.youtube.com/watch?v=VcklshU40xA
22500302,VcklshU40xA,mid-court-logo,121.0,1.5583,26.49,https://www.youtube.com/watch?v=VcklshU40xA
22500302,VcklshU40xA,side-court-logo,400.0,1.2061,30.02,https://www.youtube.com/watch?v=VcklshU40xA
22500302,VcklshU40xA,back-court-logo,388.4,2.4693,35.22,https://www.youtube.com/watch?v=VcklshU40xA
22500302,VcklshU40xA,basket-logo,524.0,0.3045,44.08,https://www.youtube.com/watch?v=VcklshU40xA
22500300,QD6uHj_xYvs,side-court-led-logo,194.79,1.0632,29.1,https://www.youtube.com/watch?v=QD6uHj_xYvs
22500300,QD6uHj_xYvs,basket-logo,515.12,0.1686,35.96,https://www.youtube.com/watch?v=QD6uHj_xYvs
22500300,QD6uHj_xYvs,mid-court-logo,512.71,2.4175,32.41,https://www.youtube.com/watch?v=QD6uHj_xYvs
22500300,QD6uHj_xYvs,side-court-logo,551.15,0.6425,26.16,https://www.youtube.com/watch?v=QD6uHj_xYvs
22500300,QD6uHj_xYvs,back-court-logo,8.21,1.4853,25.6,https://www.youtube.com/watch?v=QD6uHj_xYvs
22500300,cpq025UvP5s,basket-logo,503.8,0.1713,36.86,https://www.youtube.com/watch?v=cpq025UvP5s
22500300,cpq025UvP5s,mid-court-logo,472.0,2.4346,31.5,https://www.youtube.com/watch?v=cpq025UvP5s
22500300,cpq025UvP5s,side-court-logo,521.4,0.6432,25.6,https://www.youtube.com/watch?v=cpq025UvP5s
22500300,cpq025UvP5s,side-court-led-logo,187.8,1.0666,29.6,https://www.youtube.com/watch?v=cpq025UvP5s
22500300,cpq025UvP5s,back-court-logo,6.0,1.5717,31.83,https://www.youtube.com/watch?v=cpq025UvP5s
22500300,2zdCH1Y2gzA,mid-court-logo,542.0,2.1839,33.28,https://www.youtube.com/watch?v=2zdCH1Y2gzA
22500300,2zdCH1Y2gzA,side-court-logo,589.2,0.6355,26.95,https://www.youtube.com/watch?v=2zdCH1Y2gzA
22500300,2zdCH1Y2gzA,side-court-led-logo,225.4,1.4132,29.86,https://www.youtube.com/watch?v=2zdCH1Y2gzA
22500300,2zdCH1Y2gzA,basket-logo,539.0,0.1725,33.31,https://www.youtube.com/watch?v=2zdCH1Y2gzA
22500300,2zdCH1Y2gzA,back-court-logo,2.6,1.5267,18.19,https://www.youtube.com/watch?v=2zdCH1Y2gzA
22500296,RvLYo_rOcog,mid-court-logo,515.52,3.0425,32.33,https://www.youtube.com/watch?v=RvLYo_rOcog
22500296,RvLYo_rOcog,side-court-led-logo,253.25,0.8526,31.05,https://www.youtube.com/watch?v=RvLYo_rOcog
22500296,RvLYo_rOcog,side-court-logo,525.53,0.8986,26.33,https://www.youtube.com/watch?v=RvLYo_rOcog
22500296,RvLYo_rOcog,basket-logo,474.47,0.1832,35.32,https://www.youtube.com/watch?v=RvLYo_rOcog
22500296,RvLYo_rOcog,back-court-logo,449.25,1.2026,25.76,https://www.youtube.com/watch?v=RvLYo_rOcog
22500296,wRM-GiuxUVA,basket-logo,565.97,0.1731,33.89,https://www.youtube.com/watch?v=wRM-GiuxUVA
22500296,wRM-GiuxUVA,side-court-logo,608.41,0.9161,25.96,https://www.youtube.com/watch?v=wRM-GiuxUVA
22500296,wRM-GiuxUVA,mid-court-logo,596.2,2.8849,33.74,https://www.youtube.com/watch?v=wRM-GiuxUVA
22500296,wRM-GiuxUVA,side-court-led-logo,272.87,0.7689,32.58,https://www.youtube.com/watch?v=wRM-GiuxUVA
22500296,wRM-GiuxUVA,back-court-logo,556.36,1.1819,24.09,https://www.youtube.com/watch?v=wRM-GiuxUVA
22500296,IB0SdI7GQXc,basket-logo,99.9,0.2074,32.72,https://www.youtube.com/watch?v=IB0SdI7GQXc
22500296,IB0SdI7GQXc,side-court-logo,104.9,0.9523,27.44,https://www.youtube.com/watch?v=IB0SdI7GQXc
22500296,IB0SdI7GQXc,back-court-logo,92.29,1.2954,24.28,https://www.youtube.com/watch?v=IB0SdI7GQXc
22500296,IB0SdI7GQXc,mid-court-logo,94.69,2.8595,33.05,https://www.youtube.com/watch?v=IB0SdI7GQXc
22500296,IB0SdI7GQXc,side-court-led-logo,49.45,1.2012,29.13,https://www.youtube.com/watch?v=IB0SdI7GQXc
22500072,DGx4tEQcQ6M,side-court-led-logo,511.11,1.1516,29.84,https://www.youtube.com/watch?v=DGx4tEQcQ6M
22500072,DGx4tEQcQ6M,basket-logo,481.48,0.25,34.14,https://www.youtube.com/watch?v=DGx4tEQcQ6M
22500072,DGx4tEQcQ6M,mid-court-logo,188.19,1.2357,27.5,https://www.youtube.com/watch?v=DGx4tEQcQ6M
22500072,DGx4tEQcQ6M,back-court-logo,487.89,1.5953,20.76,https://www.youtube.com/watch?v=DGx4tEQcQ6M
22500072,DGx4tEQcQ6M,side-court-logo,428.63,1.2933,23.33,https://www.youtube.com/watch?v=DGx4tEQcQ6M
22500072,78LjCTelRkw,side-court-led-logo,495.4,1.2056,30.39,https://www.youtube.com/watch?v=78LjCTelRkw
22500072,78LjCTelRkw,basket-logo,460.0,0.2528,32.94,https://www.youtube.com/watch?v=78LjCTelRkw
22500072,78LjCTelRkw,back-court-logo,469.2,1.5925,20.35,https://www.youtube.com/watch?v=78LjCTelRkw
22500072,78LjCTelRkw,side-court-logo,405.0,1.2861,23.78,https://www.youtube.com/watch?v=78LjCTelRkw
22500072,78LjCTelRkw,mid-court-logo,175.6,1.3304,28.0,https://www.youtube.com/watch?v=78LjCTelRkw
22500298,x2ORaM44yf4,side-court-led-logo,239.44,1.786,28.51,https://www.youtube.com/watch?v=x2ORaM44yf4
22500298,x2ORaM44yf4,mid-court-logo,391.79,1.8674,29.01,https://www.youtube.com/watch?v=x2ORaM44yf4
22500298,x2ORaM44yf4,side-court-logo,460.26,0.5762,25.2,https://www.youtube.com/watch?v=x2ORaM44yf4
22500298,x2ORaM44yf4,basket-logo,422.42,0.2568,36.43,https://www.youtube.com/watch?v=x2ORaM44yf4
22500298,x2ORaM44yf4,back-court-logo,436.84,1.1072,26.57,https://www.youtube.com/watch?v=x2ORaM44yf4
22500298,hS1nnq7OCY8,mid-court-logo,394.79,1.7491,30.36,https://www.youtube.com/watch?v=hS1nnq7OCY8
22500298,hS1nnq7OCY8,side-court-logo,468.07,0.5895,27.44,https://www.youtube.com/watch?v=hS1nnq7OCY8
22500298,hS1nnq7OCY8,basket-logo,474.07,0.2584,34.43,https://www.youtube.com/watch?v=hS1nnq7OCY8
22500298,hS1nnq7OCY8,back-court-logo,483.68,1.1311,24.68,https://www.youtube.com/watch?v=hS1nnq7OCY8
22500298,hS1nnq7OCY8,side-court-led-logo,207.81,1.5643,29.12,https://www.youtube.com/watch?v=hS1nnq7OCY8
22500298,4JlokNJl01c,basket-logo,423.82,0.2568,36.08,https://www.youtube.com/watch?v=4JlokNJl01c
22500298,4JlokNJl01c,mid-court-logo,393.39,1.839,29.08,https://www.youtube.com/watch?v=4JlokNJl01c
22500298,4JlokNJl01c,side-court-logo,452.85,0.5714,25.77,https://www.youtube.com/watch?v=4JlokNJl01c
22500298,4JlokNJl01c,side-court-led-logo,240.64,1.7863,28.29,https://www.youtube.com/watch?v=4JlokNJl01c
22500298,4JlokNJl01c,back-court-logo,437.24,1.099,26.35,https://www.youtube.com/watch?v=4JlokNJl01c
22500298,na6WXzZzrng,side-court-led-logo,90.4,4.0889,31.13,https://www.youtube.com/watch?v=na6WXzZzrng
22500298,na6WXzZzrng,side-court-logo,507.2,1.1478,29.25,https://www.youtube.com/watch?v=na6WXzZzrng
22500298,na6WXzZzrng,mid-court-logo,171.4,2.0003,28.92,https://www.youtube.com/watch?v=na6WXzZzrng
22500298,na6WXzZzrng,back-court-logo,483.0,2.5454,33.0,https://www.youtube.com/watch?v=na6WXzZzrng
22500298,na6WXzZzrng,basket-logo,447.2,0.4131,37.06,https://www.youtube.com/watch?v=na6WXzZzrng
22500308,eF9_CJP0TXA,side-court-logo,507.0,0.8893,21.64,https://www.youtube.com/watch?v=eF9_CJP0TXA
22500308,eF9_CJP0TXA,side-court-led-logo,446.2,1.0244,40.26,https://www.youtube.com/watch?v=eF9_CJP0TXA
22500308,eF9_CJP0TXA,mid-court-logo,507.4,1.5517,37.5,https://www.youtube.com/watch?v=eF9_CJP0TXA
22500308,eF9_CJP0TXA,back-court-logo,478.4,1.611,23.61,https://www.youtube.com/watch?v=eF9_CJP0TXA
22500308,eF9_CJP0TXA,basket-logo,472.0,0.189,32.65,https://www.youtube.com/watch?v=eF9_CJP0TXA
22500308,GuuMYZit7FI,basket-logo,525.73,0.1863,34.2,https://www.youtube.com/watch?v=GuuMYZit7FI
22500308,GuuMYZit7FI,mid-court-logo,568.17,1.5677,36.77,https://www.youtube.com/watch?v=GuuMYZit7FI
22500308,GuuMYZit7FI,back-court-logo,532.93,1.6174,25.21,https://www.youtube.com/watch?v=GuuMYZit7FI
22500308,GuuMYZit7FI,side-court-led-logo,500.1,0.9315,39.65,https://www.youtube.com/watch?v=GuuMYZit7FI
22500308,GuuMYZit7FI,side-court-logo,542.54,0.8592,20.77,https://www.youtube.com/watch?v=GuuMYZit7FI
22500308,qYFr7nIDXxA,mid-court-logo,531.33,1.5583,35.35,https://www.youtube.com/watch?v=qYFr7nIDXxA
22500308,qYFr7nIDXxA,side-court-led-logo,474.07,1.0285,37.86,https://www.youtube.com/watch?v=qYFr7nIDXxA
22500308,qYFr7nIDXxA,side-court-logo,523.12,0.8676,21.81,https://www.youtube.com/watch?v=qYFr7nIDXxA
22500308,qYFr7nIDXxA,back-court-logo,489.09,1.64,24.84,https://www.youtube.com/watch?v=qYFr7nIDXxA
22500308,qYFr7nIDXxA,basket-logo,481.28,0.1874,33.97,https://www.youtube.com/watch?v=qYFr7nIDXxA
22500308,bguUju3peIk,mid-court-logo,148.0,3.8908,25.88,https://www.youtube.com/watch?v=bguUju3peIk
22500308,bguUju3peIk,back-court-logo,226.0,5.4764,28.41,https://www.youtube.com/watch?v=bguUju3peIk
22500308,bguUju3peIk,basket-logo,183.6,0.5869,32.94,https://www.youtube.com/watch?v=bguUju3peIk
22500308,bguUju3peIk,side-court-led-logo,137.4,5.3886,28.51,https://www.youtube.com/watch?v=bguUju3peIk
22500308,bguUju3peIk,side-court-logo,431.0,3.0498,35.18,https://www.youtube.com/watch?v=bguUju3peIk
22500288,iYFnOGH3PIc,side-court-led-logo,411.8,0.9886,28.05,https://www.youtube.com/watch?v=iYFnOGH3PIc
22500288,iYFnOGH3PIc,side-court-logo,460.0,0.929,27.33,https://www.youtube.com/watch?v=iYFnOGH3PIc
22500288,iYFnOGH3PIc,mid-court-logo,309.8,1.4569,26.78,https://www.youtube.com/watch?v=iYFnOGH3PIc
22500288,iYFnOGH3PIc,back-court-logo,438.6,1.364,24.03,https://www.youtube.com/watch?v=iYFnOGH3PIc
22500288,iYFnOGH3PIc,basket-logo,427.2,0.2029,36.24,https://www.youtube.com/watch?v=iYFnOGH3PIc
22500074,SofSDURewu4,side-court-led-logo,207.41,1.0317,30.56,https://www.youtube.com/watch?v=SofSDURewu4
22500074,SofSDURewu4,mid-court-logo,249.45,1.6424,26.7,https://www.youtube.com/watch?v=SofSDURewu4
22500074,SofSDURewu4,basket-logo,497.1,0.2082,33.59,https://www.youtube.com/watch?v=SofSDURewu4
22500074,SofSDURewu4,back-court-logo,492.09,1.3031,20.58,https://www.youtube.com/watch?v=SofSDURewu4
22500074,SofSDURewu4,side-court-logo,55.66,0.3073,38.14,https://www.youtube.com/watch?v=SofSDURewu4
22500074,sRn6OPTnlKI,side-court-led-logo,58.0,6.04,29.08,https://www.youtube.com/watch?v=sRn6OPTnlKI
22500074,sRn6OPTnlKI,basket-logo,602.2,0.3659,40.23,https://www.youtube.com/watch?v=sRn6OPTnlKI
22500074,sRn6OPTnlKI,back-court-logo,582.2,2.7674,26.34,https://www.youtube.com/watch?v=sRn6OPTnlKI
22500074,sRn6OPTnlKI,side-court-logo,99.6,0.4209,41.74,https://www.youtube.com/watch?v=sRn6OPTnlKI
22500074,sRn6OPTnlKI,mid-court-logo,35.2,1.9399,26.83,https://www.youtube.com/watch?v=sRn6OPTnlKI
22500074,G4ReDK1eNIg,basket-logo,494.6,0.214,34.19,https://www.youtube.com/watch?v=G4ReDK1eNIg
22500074,G4ReDK1eNIg,mid-court-logo,240.4,1.7593,25.92,https://www.youtube.com/watch?v=G4ReDK1eNIg
22500074,G4ReDK1eNIg,back-court-logo,488.4,1.2838,21.08,https://www.youtube.com/watch?v=G4ReDK1eNIg
22500074,G4ReDK1eNIg,side-court-led-logo,197.8,1.0336,29.03,https://www.youtube.com/watch?v=G4ReDK1eNIg
22500074,G4ReDK1eNIg,side-court-logo,44.4,0.3107,40.4,https://www.youtube.com/watch?v=G4ReDK1eNIg
22500068,yYnIhEfJTmo,basket-logo,488.6,0.261,34.53,https://www.youtube.com/watch?v=yYnIhEfJTmo
22500068,yYnIhEfJTmo,side-court-led-logo,499.4,1.15,31.08,https://www.youtube.com/watch?v=yYnIhEfJTmo
22500068,yYnIhEfJTmo,mid-court-logo,446.0,1.7192,33.94,https://www.youtube.com/watch?v=yYnIhEfJTmo
22500068,yYnIhEfJTmo,side-court-logo,532.8,0.9359,27.41,https://www.youtube.com/watch?v=yYnIhEfJTmo
22500068,hjLlLRKLnXI,basket-logo,486.6,0.251,34.42,https://www.youtube.com/watch?v=hjLlLRKLnXI
22500068,hjLlLRKLnXI,side-court-logo,531.8,0.9112,27.51,https://www.youtube.com/watch?v=hjLlLRKLnXI
22500068,hjLlLRKLnXI,mid-court-logo,446.4,1.7086,34.31,https://www.youtube.com/watch?v=hjLlLRKLnXI
22500068,hjLlLRKLnXI,side-court-led-logo,496.0,1.1314,31.59,https://www.youtube.com/watch?v=hjLlLRKLnXI
22500068,hjLlLRKLnXI,back-court-logo,0.2,0.1616,34.39,https://www.youtube.com/watch?v=hjLlLRKLnXI
22500294,MoM6jxpq9DA,side-court-led-logo,500.9,0.7598,28.06,https://www.youtube.com/watch?v=MoM6jxpq9DA
22500294,MoM6jxpq9DA,basket-logo,471.87,0.1843,33.32,https://www.youtube.com/watch?v=MoM6jxpq9DA
22500294,MoM6jxpq9DA,mid-court-logo,413.41,1.6654,35.47,https://www.youtube.com/watch?v=MoM6jxpq9DA
22500294,MoM6jxpq9DA,side-court-logo,471.87,0.9453,26.21,https://www.youtube.com/watch?v=MoM6jxpq9DA
22500294,MoM6jxpq9DA,back-court-logo,474.87,0.8331,22.46,https://www.youtube.com/watch?v=MoM6jxpq9DA
22500294,D_XenmfukKU,basket-logo,487.89,0.1943,34.51,https://www.youtube.com/watch?v=D_XenmfukKU
22500294,D_XenmfukKU,side-court-led-logo,518.32,0.8123,27.45,https://www.youtube.com/watch?v=D_XenmfukKU
22500294,D_XenmfukKU,side-court-logo,471.27,0.9202,26.41,https://www.youtube.com/watch?v=D_XenmfukKU
22500294,D_XenmfukKU,mid-court-logo,271.27,1.0555,31.32,https://www.youtube.com/watch?v=D_XenmfukKU
22500294,D_XenmfukKU,back-court-logo,493.69,0.8788,23.79,https://www.youtube.com/watch?v=D_XenmfukKU
22500294,prkXRq-uP68,side-court-led-logo,516.2,0.7608,29.06,https://www.youtube.com/watch?v=prkXRq-uP68
22500294,prkXRq-uP68,mid-court-logo,420.6,1.7168,35.28,https://www.youtube.com/watch?v=prkXRq-uP68
22500294,prkXRq-uP68,side-court-logo,485.0,0.9399,26.81,https://www.youtube.com/watch?v=prkXRq-uP68
22500294,prkXRq-uP68,back-court-logo,475.8,0.815,22.72,https://www.youtube.com/watch?v=prkXRq-uP68
22500294,prkXRq-uP68,basket-logo,472.0,0.1776,32.75,https://www.youtube.com/watch?v=prkXRq-uP68
22500294,YHm_gnC5H4U,basket-logo,467.47,0.2049,33.85,https://www.youtube.com/watch?v=YHm_gnC5H4U
22500294,YHm_gnC5H4U,back-court-logo,475.68,0.9375,23.06,https://www.youtube.com/watch?v=YHm_gnC5H4U
22500294,YHm_gnC5H4U,side-court-led-logo,487.69,0.9331,26.82,https://www.youtube.com/watch?v=YHm_gnC5H4U
22500294,YHm_gnC5H4U,side-court-logo,417.62,0.9212,25.61,https://www.youtube.com/watch?v=YHm_gnC5H4U
22500294,YHm_gnC5H4U,mid-court-logo,287.29,1.1884,30.21,https://www.youtube.com/watch?v=YHm_gnC5H4U
22500285,9lu6mp8ryC8,basket-logo,461.8,0.239,34.04,https://www.youtube.com/watch?v=9lu6mp8ryC8
22500285,9lu6mp8ryC8,side-court-logo,509.2,0.9422,30.7,https://www.youtube.com/watch?v=9lu6mp8ryC8
22500285,9lu6mp8ryC8,mid-court-logo,324.0,2.2635,35.8,https://www.youtube.com/watch?v=9lu6mp8ryC8
22500285,9lu6mp8ryC8,back-court-logo,467.8,0.9746,24.34,https://www.youtube.com/watch?v=9lu6mp8ryC8
22500285,9lu6mp8ryC8,side-court-led-logo,172.0,2.065,34.55,https://www.youtube.com/watch?v=9lu6mp8ryC8
22500067,A5oiksCY-UY,basket-logo,436.6,0.1892,32.86,https://www.youtube.com/watch?v=A5oiksCY-UY
22500067,A5oiksCY-UY,back-court-logo,420.8,1.3012,21.54,https://www.youtube.com/watch?v=A5oiksCY-UY
22500067,A5oiksCY-UY,side-court-led-logo,465.8,2.2618,32.62,https://www.youtube.com/watch?v=A5oiksCY-UY
22500067,A5oiksCY-UY,side-court-logo,441.8,0.7392,23.89,https://www.youtube.com/watch?v=A5oiksCY-UY
22500067,A5oiksCY-UY,mid-court-logo,126.6,1.107,30.63,https://www.youtube.com/watch?v=A5oiksCY-UY
22500067,kRrNd4hXFus,basket-logo,464.4,0.1968,32.92,https://www.youtube.com/watch?v=kRrNd4hXFus
22500067,kRrNd4hXFus,back-court-logo,463.8,1.3164,21.86,https://www.youtube.com/watch?v=kRrNd4hXFus
22500067,kRrNd4hXFus,side-court-led-logo,505.8,2.0682,33.26,https://www.youtube.com/watch?v=kRrNd4hXFus
22500067,kRrNd4hXFus,side-court-logo,491.6,0.7438,24.8,https://www.youtube.com/watch?v=kRrNd4hXFus
22500067,kRrNd4hXFus,mid-court-logo,136.4,1.2125,31.16,https://www.youtube.com/watch?v=kRrNd4hXFus
22500276,XQcbt-E4epM,basket-logo,476.4,0.186,32.74,https://www.youtube.com/watch?v=XQcbt-E4epM
22500276,XQcbt-E4epM,side-court-led-logo,503.6,0.9948,24.85,https://www.youtube.com/watch?v=XQcbt-E4epM
22500276,XQcbt-E4epM,mid-court-logo,470.6,1.0929,31.95,https://www.youtube.com/watch?v=XQcbt-E4epM
22500276,XQcbt-E4epM,back-court-logo,482.4,1.1292,21.24,https://www.youtube.com/watch?v=XQcbt-E4epM
22500276,XQcbt-E4epM,side-court-logo,493.8,1.0762,22.09,https://www.youtube.com/watch?v=XQcbt-E4epM
22500070,qux9ocA83Gc,side-court-led-logo,473.67,1.1517,34.46,https://www.youtube.com/watch?v=qux9ocA83Gc
22500070,qux9ocA83Gc,basket-logo,479.28,0.1518,32.87,https://www.youtube.com/watch?v=qux9ocA83Gc
22500070,qux9ocA83Gc,side-court-logo,510.11,0.4957,22.55,https://www.youtube.com/watch?v=qux9ocA83Gc
22500070,qux9ocA83Gc,mid-court-logo,503.1,1.9107,31.87,https://www.youtube.com/watch?v=qux9ocA83Gc
22500070,qux9ocA83Gc,back-court-logo,475.48,0.5693,21.71,https://www.youtube.com/watch?v=qux9ocA83Gc
22500070,ChtE0dHHdyY,basket-logo,489.0,0.1564,32.51,https://www.youtube.com/watch?v=ChtE0dHHdyY
22500070,ChtE0dHHdyY,mid-court-logo,513.8,1.9035,31.68,https://www.youtube.com/watch?v=ChtE0dHHdyY
22500070,ChtE0dHHdyY,side-court-led-logo,481.2,1.2545,34.55,https://www.youtube.com/watch?v=ChtE0dHHdyY
22500070,ChtE0dHHdyY,side-court-logo,525.4,0.498,23.31,https://www.youtube.com/watch?v=ChtE0dHHdyY
22500070,ChtE0dHHdyY,back-court-logo,478.2,0.5451,21.95,https://www.youtube.com/watch?v=ChtE0dHHdyY
22500070,leFWzVFT4is,side-court-logo,117.92,0.4943,23.77,https://www.youtube.com/watch?v=leFWzVFT4is
22500070,leFWzVFT4is,mid-court-logo,114.91,2.247,33.65,https://www.youtube.com/watch?v=leFWzVFT4is
22500070,leFWzVFT4is,side-court-led-logo,111.91,1.0628,36.72,https://www.youtube.com/watch?v=leFWzVFT4is
22500070,leFWzVFT4is,back-court-logo,110.91,0.4893,20.17,https://www.youtube.com/watch?v=leFWzVFT4is
22500070,leFWzVFT4is,basket-logo,114.51,0.1531,30.92,https://www.youtube.com/watch?v=leFWzVFT4is
22500060,4qhkW0Uos6M,basket-logo,533.8,0.1789,34.29,https://www.youtube.com/watch?v=4qhkW0Uos6M
22500060,4qhkW0Uos6M,back-court-logo,452.4,1.7201,22.47,https://www.youtube.com/watch?v=4qhkW0Uos6M
22500060,4qhkW0Uos6M,mid-court-logo,417.0,0.6278,29.53,https://www.youtube.com/watch?v=4qhkW0Uos6M
22500060,4qhkW0Uos6M,side-court-logo,453.4,0.1882,28.39,https://www.youtube.com/watch?v=4qhkW0Uos6M
22500060,4qhkW0Uos6M,side-court-led-logo,217.8,0.9278,29.49,https://www.youtube.com/watch?v=4qhkW0Uos6M
22500060,kueCaaARFGg,back-court-logo,488.49,1.8768,22.1,https://www.youtube.com/watch?v=kueCaaARFGg
22500060,kueCaaARFGg,side-court-led-logo,242.04,1.0876,31.02,https://www.youtube.com/watch?v=kueCaaARFGg
22500060,kueCaaARFGg,mid-court-logo,407.81,0.6923,29.78,https://www.youtube.com/watch?v=kueCaaARFGg
22500060,kueCaaARFGg,side-court-logo,407.21,0.2086,27.37,https://www.youtube.com/watch?v=kueCaaARFGg
22500060,kueCaaARFGg,basket-logo,510.71,0.1745,33.76,https://www.youtube.com/watch?v=kueCaaARFGg
22500060,NN6twZWhwG4,basket-logo,510.4,0.178,34.97,https://www.youtube.com/watch?v=NN6twZWhwG4
22500060,NN6twZWhwG4,back-court-logo,497.2,1.9431,23.53,https://www.youtube.com/watch?v=NN6twZWhwG4
22500060,NN6twZWhwG4,mid-court-logo,387.2,0.6221,29.22,https://www.youtube.com/watch?v=NN6twZWhwG4
22500060,NN6twZWhwG4,side-court-led-logo,217.0,1.0068,29.43,https://www.youtube.com/watch?v=NN6twZWhwG4
22500060,NN6twZWhwG4,side-court-logo,451.2,0.1922,26.83,https://www.youtube.com/watch?v=NN6twZWhwG4
22500065,hNBnYDehPR4,basket-logo,485.69,0.1495,34.86,https://www.youtube.com/watch?v=hNBnYDehPR4
22500065,hNBnYDehPR4,side-court-led-logo,410.41,1.6295,35.33,https://www.youtube.com/watch?v=hNBnYDehPR4
22500065,hNBnYDehPR4,side-court-logo,417.82,0.9278,23.44,https://www.youtube.com/watch?v=hNBnYDehPR4
22500065,hNBnYDehPR4,mid-court-logo,117.92,1.1356,33.58,https://www.youtube.com/watch?v=hNBnYDehPR4
22500065,hNBnYDehPR4,back-court-logo,2.2,1.1216,24.84,https://www.youtube.com/watch?v=hNBnYDehPR4
22500065,cUlObixvDgk,basket-logo,485.2,0.1479,35.83,https://www.youtube.com/watch?v=cUlObixvDgk
22500065,cUlObixvDgk,mid-court-logo,149.4,1.0784,33.81,https://www.youtube.com/watch?v=cUlObixvDgk
22500065,cUlObixvDgk,side-court-led-logo,426.0,1.5911,34.48,https://www.youtube.com/watch?v=cUlObixvDgk
22500065,cUlObixvDgk,side-court-logo,389.6,0.8889,21.96,https://www.youtube.com/watch?v=cUlObixvDgk
22500065,cUlObixvDgk,back-court-logo,0.6,1.1649,27.38,https://www.youtube.com/watch?v=cUlObixvDgk
22500065,yv-rxMKIzrs,side-court-led-logo,455.66,1.7027,33.49,https://www.youtube.com/watch?v=yv-rxMKIzrs
22500065,yv-rxMKIzrs,mid-court-logo,134.13,1.1084,32.12,https://www.youtube.com/watch?v=yv-rxMKIzrs
22500065,yv-rxMKIzrs,basket-logo,482.68,0.1376,36.28,https://www.youtube.com/watch?v=yv-rxMKIzrs
22500065,yv-rxMKIzrs,back-court-logo,1.2,0.8893,26.58,https://www.youtube.com/watch?v=yv-rxMKIzrs
22500065,yv-rxMKIzrs,side-court-logo,413.21,0.8239,22.92,https://www.youtube.com/watch?v=yv-rxMKIzrs
22500283,BVh7hy034jE,side-court-led-logo,518.52,1.0308,26.35,https://www.youtube.com/watch?v=BVh7hy034jE
22500283,BVh7hy034jE,mid-court-logo,432.63,2.0935,31.67,https://www.youtube.com/watch?v=BVh7hy034jE
22500283,BVh7hy034jE,back-court-logo,486.29,1.5467,21.6,https://www.youtube.com/watch?v=BVh7hy034jE
22500283,BVh7hy034jE,basket-logo,475.08,0.2037,33.52,https://www.youtube.com/watch?v=BVh7hy034jE
22500283,BVh7hy034jE,side-court-logo,1.4,2.4331,24.73,https://www.youtube.com/watch?v=BVh7hy034jE
22500283,4rmq3mvMq8Q,basket-logo,481.2,0.2046,33.07,https://www.youtube.com/watch?v=4rmq3mvMq8Q
22500283,4rmq3mvMq8Q,side-court-led-logo,547.4,1.0883,26.88,https://www.youtube.com/watch?v=4rmq3mvMq8Q
22500283,4rmq3mvMq8Q,mid-court-logo,442.6,2.2025,30.7,https://www.youtube.com/watch?v=4rmq3mvMq8Q
22500283,4rmq3mvMq8Q,back-court-logo,498.6,1.5472,21.57,https://www.youtube.com/watch?v=4rmq3mvMq8Q
22500283,4rmq3mvMq8Q,side-court-logo,0.2,0.2605,34.82,https://www.youtube.com/watch?v=4rmq3mvMq8Q
22500066,7H3KuLLvC-Q,side-court-led-logo,262.8,1.2371,32.38,https://www.youtube.com/watch?v=7H3KuLLvC-Q
22500066,7H3KuLLvC-Q,basket-logo,521.0,0.194,34.67,https://www.youtube.com/watch?v=7H3KuLLvC-Q
22500066,7H3KuLLvC-Q,back-court-logo,526.6,1.5196,22.41,https://www.youtube.com/watch?v=7H3KuLLvC-Q
22500066,7H3KuLLvC-Q,mid-court-logo,329.0,1.633,31.88,https://www.youtube.com/watch?v=7H3KuLLvC-Q
22500066,7H3KuLLvC-Q,side-court-logo,441.6,0.3357,25.16,https://www.youtube.com/watch?v=7H3KuLLvC-Q
22500066,AsM337iPb1A,basket-logo,575.38,0.1863,34.73,https://www.youtube.com/watch?v=AsM337iPb1A
22500066,AsM337iPb1A,side-court-led-logo,309.51,1.284,30.8,https://www.youtube.com/watch?v=AsM337iPb1A
22500066,AsM337iPb1A,back-court-logo,573.57,1.5041,22.96,https://www.youtube.com/watch?v=AsM337iPb1A
22500066,AsM337iPb1A,mid-court-logo,478.88,1.6661,31.64,https://www.youtube.com/watch?v=AsM337iPb1A
22500066,AsM337iPb1A,side-court-logo,497.9,0.2887,24.92,https://www.youtube.com/watch?v=AsM337iPb1A
22500066,rlAWAdN2-z0,side-court-led-logo,232.0,2.5945,23.88,https://www.youtube.com/watch?v=rlAWAdN2-z0
22500066,rlAWAdN2-z0,back-court-logo,368.8,2.2417,31.3,https://www.youtube.com/watch?v=rlAWAdN2-z0
22500066,rlAWAdN2-z0,mid-court-logo,281.4,2.3109,26.34,https://www.youtube.com/watch?v=rlAWAdN2-z0
22500066,rlAWAdN2-z0,basket-logo,355.4,0.235,40.0,https://www.youtube.com/watch?v=rlAWAdN2-z0
22500066,rlAWAdN2-z0,side-court-logo,379.4,0.3077,27.71,https://www.youtube.com/watch?v=rlAWAdN2-z0
22500063,lNF-un1_kX0,side-court-led-logo,539.94,0.8195,29.47,https://www.youtube.com/watch?v=lNF-un1_kX0
22500063,lNF-un1_kX0,basket-logo,471.67,0.262,35.99,https://www.youtube.com/watch?v=lNF-un1_kX0
22500063,lNF-un1_kX0,back-court-logo,501.5,1.3342,22.97,https://www.youtube.com/watch?v=lNF-un1_kX0
22500063,lNF-un1_kX0,mid-court-logo,358.76,1.6467,31.57,https://www.youtube.com/watch?v=lNF-un1_kX0
22500063,lNF-un1_kX0,side-court-logo,536.34,0.7343,18.59,https://www.youtube.com/watch?v=lNF-un1_kX0
22500063,H_A3BdP9S-o,side-court-led-logo,461.46,1.2273,28.95,https://www.youtube.com/watch?v=H_A3BdP9S-o
22500063,H_A3BdP9S-o,side-court-logo,447.25,0.7338,18.33,https://www.youtube.com/watch?v=H_A3BdP9S-o
22500063,H_A3BdP9S-o,mid-court-logo,312.91,1.763,30.32,https://www.youtube.com/watch?v=H_A3BdP9S-o
22500063,H_A3BdP9S-o,back-court-logo,406.21,1.3597,23.6,https://www.youtube.com/watch?v=H_A3BdP9S-o
22500063,H_A3BdP9S-o,basket-logo,370.57,0.2539,35.95,https://www.youtube.com/watch?v=H_A3BdP9S-o
22500063,mGP8I2kiIDM,side-court-led-logo,548.8,0.7905,28.92,https://www.youtube.com/watch?v=mGP8I2kiIDM
22500063,mGP8I2kiIDM,basket-logo,486.0,0.2639,37.51,https://www.youtube.com/watch?v=mGP8I2kiIDM
22500063,mGP8I2kiIDM,side-court-logo,545.6,0.7308,17.96,https://www.youtube.com/watch?v=mGP8I2kiIDM
22500063,mGP8I2kiIDM,back-court-logo,514.6,1.3948,23.92,https://www.youtube.com/watch?v=mGP8I2kiIDM
22500063,mGP8I2kiIDM,mid-court-logo,353.8,1.6486,30.22,https://www.youtube.com/watch?v=mGP8I2kiIDM
22500061,rmxnw8MwBcQ,basket-logo,446.2,0.1942,33.06,https://www.youtube.com/watch?v=rmxnw8MwBcQ
22500061,rmxnw8MwBcQ,side-court-led-logo,464.0,0.8045,29.47,https://www.youtube.com/watch?v=rmxnw8MwBcQ
22500061,rmxnw8MwBcQ,back-court-logo,432.0,0.793,22.5,https://www.youtube.com/watch?v=rmxnw8MwBcQ
22500061,rmxnw8MwBcQ,side-court-logo,406.0,0.8179,26.27,https://www.youtube.com/watch?v=rmxnw8MwBcQ
22500061,rmxnw8MwBcQ,mid-court-logo,434.0,1.8924,36.31,https://www.youtube.com/watch?v=rmxnw8MwBcQ
22500061,25yX6iPZ-do,basket-logo,476.28,0.186,34.27,https://www.youtube.com/watch?v=25yX6iPZ-do
22500061,25yX6iPZ-do,side-court-led-logo,496.3,0.7399,27.5,https://www.youtube.com/watch?v=25yX6iPZ-do
22500061,25yX6iPZ-do,side-court-logo,447.45,0.7726,25.61,https://www.youtube.com/watch?v=25yX6iPZ-do
22500061,25yX6iPZ-do,mid-court-logo,473.47,1.8674,35.45,https://www.youtube.com/watch?v=25yX6iPZ-do
22500061,25yX6iPZ-do,back-court-logo,462.46,0.8053,24.33,https://www.youtube.com/watch?v=25yX6iPZ-do
22500061,dDUlb-MHIy8,basket-logo,465.0,0.1849,34.23,https://www.youtube.com/watch?v=dDUlb-MHIy8
22500061,dDUlb-MHIy8,side-court-led-logo,473.8,0.7272,28.57,https://www.youtube.com/watch?v=dDUlb-MHIy8
22500061,dDUlb-MHIy8,back-court-logo,456.0,0.7912,23.42,https://www.youtube.com/watch?v=dDUlb-MHIy8
22500061,dDUlb-MHIy8,mid-court-logo,452.4,1.9518,36.04,https://www.youtube.com/watch?v=dDUlb-MHIy8
22500061,dDUlb-MHIy8,side-court-logo,428.6,0.8085,25.9,https://www.youtube.com/watch?v=dDUlb-MHIy8
22500069,mWtLRDAo9ew,side-court-led-logo,539.94,0.997,26.52,https://www.youtube.com/watch?v=mWtLRDAo9ew
22500069,mWtLRDAo9ew,side-court-logo,511.51,1.0818,24.19,https://www.youtube.com/watch?v=mWtLRDAo9ew
22500069,mWtLRDAo9ew,mid-court-logo,425.23,1.2665,30.91,https://www.youtube.com/watch?v=mWtLRDAo9ew
22500069,mWtLRDAo9ew,back-court-logo,473.07,1.1118,20.53,https://www.youtube.com/watch?v=mWtLRDAo9ew
22500069,mWtLRDAo9ew,basket-logo,461.46,0.1836,29.76,https://www.youtube.com/watch?v=mWtLRDAo9ew
22500069,lXik1iQvrGA,side-court-led-logo,493.4,1.0255,25.75,https://www.youtube.com/watch?v=lXik1iQvrGA
22500069,lXik1iQvrGA,mid-court-logo,362.2,1.353,29.23,https://www.youtube.com/watch?v=lXik1iQvrGA
22500069,lXik1iQvrGA,side-court-logo,457.8,1.0483,23.44,https://www.youtube.com/watch?v=lXik1iQvrGA
22500069,lXik1iQvrGA,back-court-logo,442.2,1.086,20.49,https://www.youtube.com/watch?v=lXik1iQvrGA
22500069,lXik1iQvrGA,basket-logo,438.2,0.1833,30.92,https://www.youtube.com/watch?v=lXik1iQvrGA
22500069,ztE3j_zl8o0,side-court-led-logo,572.4,2.0304,31.81,https://www.youtube.com/watch?v=ztE3j_zl8o0
22500069,ztE3j_zl8o0,basket-logo,556.8,0.3354,33.35,https://www.youtube.com/watch?v=ztE3j_zl8o0
22500069,ztE3j_zl8o0,back-court-logo,503.0,2.2947,23.43,https://www.youtube.com/watch?v=ztE3j_zl8o0
22500069,ztE3j_zl8o0,side-court-logo,548.6,1.7376,27.41,https://www.youtube.com/watch?v=ztE3j_zl8o0
22500069,ztE3j_zl8o0,mid-court-logo,71.6,3.6277,29.61,https://www.youtube.com/watch?v=ztE3j_zl8o0
22500069,yMslapiIbIM,side-court-led-logo,472.6,2.0256,29.57,https://www.youtube.com/watch?v=yMslapiIbIM
22500069,yMslapiIbIM,basket-logo,434.6,0.3059,35.78,https://www.youtube.com/watch?v=yMslapiIbIM
22500069,yMslapiIbIM,back-court-logo,372.0,2.0216,24.14,https://www.youtube.com/watch?v=yMslapiIbIM
22500069,yMslapiIbIM,side-court-logo,410.4,1.6059,26.34,https://www.youtube.com/watch?v=yMslapiIbIM
22500069,yMslapiIbIM,mid-court-logo,66.0,2.5602,27.3,https://www.youtube.com/watch?v=yMslapiIbIM
22500293,nMSeev6dfyY,side-court-logo,536.34,0.9871,26.23,https://www.youtube.com/watch?v=nMSeev6dfyY
22500293,nMSeev6dfyY,side-court-led-logo,309.91,1.1558,27.93,https://www.youtube.com/watch?v=nMSeev6dfyY
22500293,nMSeev6dfyY,mid-court-logo,365.77,2.1279,27.71,https://www.youtube.com/watch?v=nMSeev6dfyY
22500293,nMSeev6dfyY,basket-logo,489.89,0.2042,37.45,https://www.youtube.com/watch?v=nMSeev6dfyY
22500293,nMSeev6dfyY,back-court-logo,501.7,1.6341,26.23,https://www.youtube.com/watch?v=nMSeev6dfyY
22500293,h3QmNrwZwpc,side-court-logo,526.2,1.0358,27.26,https://www.youtube.com/watch?v=h3QmNrwZwpc
22500293,h3QmNrwZwpc,back-court-logo,501.6,1.7587,25.27,https://www.youtube.com/watch?v=h3QmNrwZwpc
22500293,h3QmNrwZwpc,side-court-led-logo,266.2,1.1605,28.07,https://www.youtube.com/watch?v=h3QmNrwZwpc
22500293,h3QmNrwZwpc,mid-court-logo,361.2,2.0841,28.06,https://www.youtube.com/watch?v=h3QmNrwZwpc
22500293,h3QmNrwZwpc,basket-logo,490.2,0.2219,36.76,https://www.youtube.com/watch?v=h3QmNrwZwpc
22500293,P7YXtX-Zv6k,side-court-logo,502.8,1.0247,24.57,https://www.youtube.com/watch?v=P7YXtX-Zv6k
22500293,P7YXtX-Zv6k,side-court-led-logo,260.6,1.2574,26.67,https://www.youtube.com/watch?v=P7YXtX-Zv6k
22500293,P7YXtX-Zv6k,mid-court-logo,351.6,1.9076,27.18,https://www.youtube.com/watch?v=P7YXtX-Zv6k
22500293,P7YXtX-Zv6k,back-court-logo,468.4,1.6796,25.65,https://www.youtube.com/watch?v=P7YXtX-Zv6k
22500293,P7YXtX-Zv6k,basket-logo,456.8,0.2199,37.3,https://www.youtube.com/watch?v=P7YXtX-Zv6k
22500293,F_SsquCmSSU,side-court-led-logo,52.2,2.8582,33.67,https://www.youtube.com/watch?v=F_SsquCmSSU
22500293,F_SsquCmSSU,side-court-logo,439.6,1.6392,31.36,https://www.youtube.com/watch?v=F_SsquCmSSU
22500293,F_SsquCmSSU,mid-court-logo,147.6,1.4966,25.27,https://www.youtube.com/watch?v=F_SsquCmSSU
22500293,F_SsquCmSSU,back-court-logo,430.6,3.96,31.13,https://www.youtube.com/watch?v=F_SsquCmSSU
22500293,F_SsquCmSSU,basket-logo,427.6,0.3985,39.89,https://www.youtube.com/watch?v=F_SsquCmSSU
22500293,aHrB4wRN0NI,basket-logo,466.6,0.357,37.92,https://www.youtube.com/watch?v=aHrB4wRN0NI
22500293,aHrB4wRN0NI,side-court-logo,482.6,1.5268,32.92,https://www.youtube.com/watch?v=aHrB4wRN0NI
22500293,aHrB4wRN0NI,back-court-logo,448.4,3.4713,26.79,https://www.youtube.com/watch?v=aHrB4wRN0NI
22500293,aHrB4wRN0NI,mid-court-logo,145.0,1.6174,34.84,https://www.youtube.com/watch?v=aHrB4wRN0NI
22500293,aHrB4wRN0NI,side-court-led-logo,64.0,3.1172,37.54,https://www.youtube.com/watch?v=aHrB4wRN0NI
22500281,gshsVsBgUd4,basket-logo,490.6,0.2265,37.53,https://www.youtube.com/watch?v=gshsVsBgUd4
22500281,gshsVsBgUd4,mid-court-logo,479.4,2.4354,35.28,https://www.youtube.com/watch?v=gshsVsBgUd4
22500281,gshsVsBgUd4,back-court-logo,499.6,2.1168,24.8,https://www.youtube.com/watch?v=gshsVsBgUd4
22500281,gshsVsBgUd4,side-court-led-logo,202.0,1.0634,33.03,https://www.youtube.com/watch?v=gshsVsBgUd4
22500281,gshsVsBgUd4,side-court-logo,9.4,0.2031,45.55,https://www.youtube.com/watch?v=gshsVsBgUd4
22500078,c8znCPLB0VA,mid-court-logo,471.07,1.4235,31.77,https://www.youtube.com/watch?v=c8znCPLB0VA
22500078,c8znCPLB0VA,side-court-led-logo,316.92,1.3336,28.77,https://www.youtube.com/watch?v=c8znCPLB0VA
22500078,c8znCPLB0VA,side-court-logo,469.27,0.559,24.52,https://www.youtube.com/watch?v=c8znCPLB0VA
22500078,c8znCPLB0VA,back-court-logo,493.49,1.6932,26.11,https://www.youtube.com/watch?v=c8znCPLB0VA
22500078,c8znCPLB0VA,basket-logo,484.68,0.194,34.85,https://www.youtube.com/watch?v=c8znCPLB0VA
22500078,Q6E36KVpcF8,side-court-led-logo,173.8,7.3777,24.17,https://www.youtube.com/watch?v=Q6E36KVpcF8
22500078,Q6E36KVpcF8,mid-court-logo,149.8,3.9694,26.83,https://www.youtube.com/watch?v=Q6E36KVpcF8
22500078,Q6E36KVpcF8,side-court-logo,226.0,0.8576,33.79,https://www.youtube.com/watch?v=Q6E36KVpcF8
22500078,Q6E36KVpcF8,back-court-logo,196.8,4.8553,27.07,https://www.youtube.com/watch?v=Q6E36KVpcF8
22500078,Q6E36KVpcF8,basket-logo,183.4,0.4062,34.88,https://www.youtube.com/watch?v=Q6E36KVpcF8
22500078,CDGXl8ZHLlU,side-court-logo,361.4,0.5471,26.49,https://www.youtube.com/watch?v=CDGXl8ZHLlU
22500078,CDGXl8ZHLlU,side-court-led-logo,198.8,1.0839,33.31,https://www.youtube.com/watch?v=CDGXl8ZHLlU
22500078,CDGXl8ZHLlU,mid-court-logo,349.2,1.32,36.48,https://www.youtube.com/watch?v=CDGXl8ZHLlU
22500078,CDGXl8ZHLlU,back-court-logo,396.0,1.7555,22.64,https://www.youtube.com/watch?v=CDGXl8ZHLlU
22500078,CDGXl8ZHLlU,basket-logo,407.2,0.2028,32.34,https://www.youtube.com/watch?v=CDGXl8ZHLlU
22500078,s66jMhLAJzE,side-court-led-logo,107.0,3.0817,27.77,https://www.youtube.com/watch?v=s66jMhLAJzE
22500078,s66jMhLAJzE,mid-court-logo,153.6,1.8227,28.33,https://www.youtube.com/watch?v=s66jMhLAJzE
22500078,s66jMhLAJzE,side-court-logo,454.2,1.0751,30.78,https://www.youtube.com/watch?v=s66jMhLAJzE
22500078,s66jMhLAJzE,back-court-logo,509.4,3.6528,35.0,https://www.youtube.com/watch?v=s66jMhLAJzE
22500078,s66jMhLAJzE,basket-logo,507.8,0.3364,40.04,https://www.youtube.com/watch?v=s66jMhLAJzE
22500059,NlV4ayXx4LY,side-court-led-logo,459.86,1.3227,35.99,https://www.youtube.com/watch?v=NlV4ayXx4LY
22500059,NlV4ayXx4LY,mid-court-logo,489.69,1.3916,32.31,https://www.youtube.com/watch?v=NlV4ayXx4LY
22500059,NlV4ayXx4LY,back-court-logo,459.46,1.203,23.95,https://www.youtube.com/watch?v=NlV4ayXx4LY
22500059,NlV4ayXx4LY,basket-logo,458.86,0.1683,33.24,https://www.youtube.com/watch?v=NlV4ayXx4LY
22500059,NlV4ayXx4LY,side-court-logo,264.46,0.2275,24.8,https://www.youtube.com/watch?v=NlV4ayXx4LY
22500059,QVskHqwV8Ck,basket-logo,565.77,0.1766,34.91,https://www.youtube.com/watch?v=QVskHqwV8Ck
22500059,QVskHqwV8Ck,back-court-logo,556.56,1.2677,24.56,https://www.youtube.com/watch?v=QVskHqwV8Ck
22500059,QVskHqwV8Ck,side-court-led-logo,517.52,1.0736,34.81,https://www.youtube.com/watch?v=QVskHqwV8Ck
22500059,QVskHqwV8Ck,mid-court-logo,587.19,1.4339,31.6,https://www.youtube.com/watch?v=QVskHqwV8Ck
22500059,QVskHqwV8Ck,side-court-logo,253.85,0.2206,25.12,https://www.youtube.com/watch?v=QVskHqwV8Ck
22500059,TmXXqe7V0bc,side-court-led-logo,389.39,1.2091,33.08,https://www.youtube.com/watch?v=TmXXqe7V0bc
22500059,TmXXqe7V0bc,mid-court-logo,479.88,1.686,33.11,https://www.youtube.com/watch?v=TmXXqe7V0bc
22500059,TmXXqe7V0bc,back-court-logo,435.64,1.5954,27.99,https://www.youtube.com/watch?v=TmXXqe7V0bc
22500059,TmXXqe7V0bc,side-court-logo,181.18,0.3066,27.23,https://www.youtube.com/watch?v=TmXXqe7V0bc
22500059,TmXXqe7V0bc,basket-logo,431.83,0.192,36.6,https://www.youtube.com/watch?v=TmXXqe7V0bc
22500064,t3tEbYW13ag,back-court-logo,362.0,1.4309,21.25,https://www.youtube.com/watch?v=t3tEbYW13ag
22500064,t3tEbYW13ag,side-court-led-logo,346.8,1.4531,35.32,https://www.youtube.com/watch?v=t3tEbYW13ag
22500064,t3tEbYW13ag,basket-logo,453.6,0.1775,32.97,https://www.youtube.com/watch?v=t3tEbYW13ag
22500064,t3tEbYW13ag,side-court-logo,119.4,0.5566,28.56,https://www.youtube.com/watch?v=t3tEbYW13ag
22500064,t3tEbYW13ag,mid-court-logo,192.8,2.0735,29.63,https://www.youtube.com/watch?v=t3tEbYW13ag
22500064,eMm4A7evgmI,back-court-logo,383.18,1.37,23.98,https://www.youtube.com/watch?v=eMm4A7evgmI
22500064,eMm4A7evgmI,side-court-logo,171.77,0.3968,29.38,https://www.youtube.com/watch?v=eMm4A7evgmI
22500064,eMm4A7evgmI,side-court-led-logo,361.36,1.2799,32.97,https://www.youtube.com/watch?v=eMm4A7evgmI
22500064,eMm4A7evgmI,basket-logo,521.72,0.1738,34.13,https://www.youtube.com/watch?v=eMm4A7evgmI
22500064,eMm4A7evgmI,mid-court-logo,216.22,2.0055,29.3,https://www.youtube.com/watch?v=eMm4A7evgmI
22500064,VVQn9C3u5p8,mid-court-logo,210.01,1.7271,28.34,https://www.youtube.com/watch?v=VVQn9C3u5p8
22500064,VVQn9C3u5p8,side-court-led-logo,366.77,1.4541,33.69,https://www.youtube.com/watch?v=VVQn9C3u5p8
22500064,VVQn9C3u5p8,side-court-logo,151.55,0.498,28.16,https://www.youtube.com/watch?v=VVQn9C3u5p8
22500064,VVQn9C3u5p8,back-court-logo,379.58,1.4209,22.93,https://www.youtube.com/watch?v=VVQn9C3u5p8
22500064,VVQn9C3u5p8,basket-logo,452.65,0.1747,33.62,https://www.youtube.com/watch?v=VVQn9C3u5p8
22500058,wv7PXzPOrBQ,mid-court-logo,147.2,1.4809,24.69,https://www.youtube.com/watch?v=wv7PXzPOrBQ
22500058,wv7PXzPOrBQ,side-court-logo,165.4,0.5175,32.37,https://www.youtube.com/watch?v=wv7PXzPOrBQ
22500058,wv7PXzPOrBQ,side-court-led-logo,284.6,2.0677,30.49,https://www.youtube.com/watch?v=wv7PXzPOrBQ
22500058,wv7PXzPOrBQ,basket-logo,449.2,0.2467,34.22,https://www.youtube.com/watch?v=wv7PXzPOrBQ
22500058,wv7PXzPOrBQ,back-court-logo,448.0,2.7087,21.89,https://www.youtube.com/watch?v=wv7PXzPOrBQ
22500058,w5R__Oy4V2g,basket-logo,491.69,0.2299,35.03,https://www.youtube.com/watch?v=w5R__Oy4V2g
22500058,w5R__Oy4V2g,side-court-led-logo,333.93,1.939,29.6,https://www.youtube.com/watch?v=w5R__Oy4V2g
22500058,w5R__Oy4V2g,back-court-logo,491.49,2.5287,22.92,https://www.youtube.com/watch?v=w5R__Oy4V2g
22500058,w5R__Oy4V2g,mid-court-logo,205.21,1.357,24.19,https://www.youtube.com/watch?v=w5R__Oy4V2g
22500058,w5R__Oy4V2g,side-court-logo,198.0,0.4693,29.09,https://www.youtube.com/watch?v=w5R__Oy4V2g
22500058,F1_lBeF0fUU,side-court-led-logo,325.53,1.9737,31.15,https://www.youtube.com/watch?v=F1_lBeF0fUU
22500058,F1_lBeF0fUU,basket-logo,467.87,0.2241,35.16,https://www.youtube.com/watch?v=F1_lBeF0fUU
22500058,F1_lBeF0fUU,mid-court-logo,169.97,1.3897,25.1,https://www.youtube.com/watch?v=F1_lBeF0fUU
22500058,F1_lBeF0fUU,back-court-logo,474.87,2.5624,22.76,https://www.youtube.com/watch?v=F1_lBeF0fUU
22500058,F1_lBeF0fUU,side-court-logo,180.18,0.4722,30.16,https://www.youtube.com/watch?v=F1_lBeF0fUU
22500289,Uzj5i3Zx8Os,basket-logo,484.88,0.1473,32.99,https://www.youtube.com/watch?v=Uzj5i3Zx8Os
22500289,Uzj5i3Zx8Os,mid-court-logo,498.1,2.0953,34.29,https://www.youtube.com/watch?v=Uzj5i3Zx8Os
22500289,Uzj5i3Zx8Os,side-court-logo,551.55,1.1566,27.2,https://www.youtube.com/watch?v=Uzj5i3Zx8Os
22500289,Uzj5i3Zx8Os,side-court-led-logo,379.78,1.776,30.67,https://www.youtube.com/watch?v=Uzj5i3Zx8Os
22500289,qS318gYIwrU,basket-logo,487.89,0.143,33.56,https://www.youtube.com/watch?v=qS318gYIwrU
22500289,qS318gYIwrU,side-court-logo,547.55,1.1592,27.06,https://www.youtube.com/watch?v=qS318gYIwrU
22500289,qS318gYIwrU,mid-court-logo,507.51,2.081,34.94,https://www.youtube.com/watch?v=qS318gYIwrU
22500289,qS318gYIwrU,side-court-led-logo,393.99,1.4692,32.17,https://www.youtube.com/watch?v=qS318gYIwrU
22500289,qS318gYIwrU,back-court-logo,0.4,0.6976,33.85,https://www.youtube.com/watch?v=qS318gYIwrU
22500289,jhIv7Iz5cIo,basket-logo,499.4,0.1455,34.14,https://www.youtube.com/watch?v=jhIv7Iz5cIo
22500289,jhIv7Iz5cIo,mid-court-logo,502.2,2.104,33.82,https://www.youtube.com/watch?v=jhIv7Iz5cIo
22500289,jhIv7Iz5cIo,side-court-logo,551.8,1.1626,26.47,https://www.youtube.com/watch?v=jhIv7Iz5cIo
22500289,jhIv7Iz5cIo,side-court-led-logo,408.6,1.616,31.83,https://www.youtube.com/watch?v=jhIv7Iz5cIo
22500291,K_zgdkNdpuI,side-court-led-logo,179.0,1.7252,27.85,https://www.youtube.com/watch?v=K_zgdkNdpuI
22500291,K_zgdkNdpuI,side-court-logo,512.2,0.6151,26.83,https://www.youtube.com/watch?v=K_zgdkNdpuI
22500291,K_zgdkNdpuI,mid-court-logo,379.2,1.8125,29.91,https://www.youtube.com/watch?v=K_zgdkNdpuI
22500291,K_zgdkNdpuI,back-court-logo,492.0,2.8047,27.2,https://www.youtube.com/watch?v=K_zgdkNdpuI
22500291,K_zgdkNdpuI,basket-logo,483.2,0.2695,37.69,https://www.youtube.com/watch?v=K_zgdkNdpuI
22500291,GiFkpWXTCXo,side-court-logo,536.94,0.5916,26.03,https://www.youtube.com/watch?v=GiFkpWXTCXo
22500291,GiFkpWXTCXo,back-court-logo,523.32,2.7131,28.31,https://www.youtube.com/watch?v=GiFkpWXTCXo
22500291,GiFkpWXTCXo,basket-logo,513.51,0.2689,38.54,https://www.youtube.com/watch?v=GiFkpWXTCXo
22500291,GiFkpWXTCXo,side-court-led-logo,200.0,1.5882,26.25,https://www.youtube.com/watch?v=GiFkpWXTCXo
22500291,GiFkpWXTCXo,mid-court-logo,419.62,1.7174,27.95,https://www.youtube.com/watch?v=GiFkpWXTCXo
22500291,c7E1pd-Soks,side-court-logo,522.92,0.5884,25.9,https://www.youtube.com/watch?v=c7E1pd-Soks
22500291,c7E1pd-Soks,back-court-logo,487.89,2.7107,29.27,https://www.youtube.com/watch?v=c7E1pd-Soks
22500291,c7E1pd-Soks,side-court-led-logo,211.41,1.8034,25.98,https://www.youtube.com/watch?v=c7E1pd-Soks
22500291,c7E1pd-Soks,mid-court-logo,411.41,1.8113,28.08,https://www.youtube.com/watch?v=c7E1pd-Soks
22500291,c7E1pd-Soks,basket-logo,475.28,0.2659,39.03,https://www.youtube.com/watch?v=c7E1pd-Soks
22500290,v5SbWoOr0oc,basket-logo,490.2,0.1613,39.39,https://www.youtube.com/watch?v=v5SbWoOr0oc
22500290,v5SbWoOr0oc,side-court-led-logo,240.4,0.7771,30.65,https://www.youtube.com/watch?v=v5SbWoOr0oc
22500290,v5SbWoOr0oc,mid-court-logo,462.6,2.3605,36.38,https://www.youtube.com/watch?v=v5SbWoOr0oc
22500290,v5SbWoOr0oc,back-court-logo,494.2,2.4001,26.36,https://www.youtube.com/watch?v=v5SbWoOr0oc
22500290,v5SbWoOr0oc,side-court-logo,496.2,0.534,30.61,https://www.youtube.com/watch?v=v5SbWoOr0oc
22500290,ONNYFBUS3NI,mid-court-logo,510.71,2.4461,35.04,https://www.youtube.com/watch?v=ONNYFBUS3NI
22500290,ONNYFBUS3NI,side-court-led-logo,264.06,0.7614,30.84,https://www.youtube.com/watch?v=ONNYFBUS3NI
22500290,ONNYFBUS3NI,basket-logo,521.12,0.1588,39.74,https://www.youtube.com/watch?v=ONNYFBUS3NI
22500290,ONNYFBUS3NI,side-court-logo,524.72,0.5184,29.21,https://www.youtube.com/watch?v=ONNYFBUS3NI
22500290,ONNYFBUS3NI,back-court-logo,517.52,2.4334,27.07,https://www.youtube.com/watch?v=ONNYFBUS3NI
22500290,ywfrA6KfKmw,mid-court-logo,482.68,2.4735,34.02,https://www.youtube.com/watch?v=ywfrA6KfKmw
22500290,ywfrA6KfKmw,side-court-led-logo,275.68,0.774,28.83,https://www.youtube.com/watch?v=ywfrA6KfKmw
22500290,ywfrA6KfKmw,side-court-logo,500.7,0.5092,28.1,https://www.youtube.com/watch?v=ywfrA6KfKmw
22500290,ywfrA6KfKmw,back-court-logo,495.5,2.4111,28.59,https://www.youtube.com/watch?v=ywfrA6KfKmw
22500290,ywfrA6KfKmw,basket-logo,493.29,0.157,41.32,https://www.youtube.com/watch?v=ywfrA6KfKmw
22500303,LfT31cIiGs8,basket-logo,477.08,0.2061,37.64,https://www.youtube.com/watch?v=LfT31cIiGs8
22500303,LfT31cIiGs8,side-court-led-logo,520.32,0.9683,29.12,https://www.youtube.com/watch?v=LfT31cIiGs8
22500303,LfT31cIiGs8,mid-court-logo,322.32,2.2736,25.67,https://www.youtube.com/watch?v=LfT31cIiGs8
22500303,LfT31cIiGs8,side-court-logo,522.12,0.9179,28.57,https://www.youtube.com/watch?v=LfT31cIiGs8
22500303,LfT31cIiGs8,back-court-logo,485.29,2.2289,26.02,https://www.youtube.com/watch?v=LfT31cIiGs8
22500303,-PTZsG4LGL0,side-court-led-logo,510.71,0.945,28.41,https://www.youtube.com/watch?v=-PTZsG4LGL0
22500303,-PTZsG4LGL0,side-court-logo,514.31,0.896,28.78,https://www.youtube.com/watch?v=-PTZsG4LGL0
22500303,-PTZsG4LGL0,mid-court-logo,337.54,2.3339,25.48,https://www.youtube.com/watch?v=-PTZsG4LGL0
22500303,-PTZsG4LGL0,basket-logo,457.26,0.2024,38.72,https://www.youtube.com/watch?v=-PTZsG4LGL0
22500303,-PTZsG4LGL0,back-court-logo,465.07,2.1456,27.31,https://www.youtube.com/watch?v=-PTZsG4LGL0
22500303,14I4Wnyqy_Y,side-court-led-logo,441.64,0.885,27.93,https://www.youtube.com/watch?v=14I4Wnyqy_Y
22500303,14I4Wnyqy_Y,mid-court-logo,413.41,1.8275,31.43,https://www.youtube.com/watch?v=14I4Wnyqy_Y
22500303,14I4Wnyqy_Y,basket-logo,363.56,0.1554,32.58,https://www.youtube.com/watch?v=14I4Wnyqy_Y
22500303,14I4Wnyqy_Y,side-court-logo,426.43,0.7393,24.37,https://www.youtube.com/watch?v=14I4Wnyqy_Y
22500303,14I4Wnyqy_Y,back-court-logo,372.77,1.3775,24.1,https://www.youtube.com/watch?v=14I4Wnyqy_Y
22500303,5qxeGqRex6k,basket-logo,472.8,0.2155,37.36,https://www.youtube.com/watch?v=5qxeGqRex6k
22500303,5qxeGqRex6k,side-court-led-logo,516.0,0.9807,29.26,https://www.youtube.com/watch?v=5qxeGqRex6k
22500303,5qxeGqRex6k,side-court-logo,521.2,0.9302,28.79,https://www.youtube.com/watch?v=5qxeGqRex6k
22500303,5qxeGqRex6k,back-court-logo,480.0,2.3034,25.78,https://www.youtube.com/watch?v=5qxeGqRex6k
22500303,5qxeGqRex6k,mid-court-logo,315.2,2.2528,26.18,https://www.youtube.com/watch?v=5qxeGqRex6k
22500303,9T5KNr9KMJI,mid-court-logo,67.4,2.3266,25.24,https://www.youtube.com/watch?v=9T5KNr9KMJI
22500303,9T5KNr9KMJI,side-court-led-logo,348.0,1.5678,31.11,https://www.youtube.com/watch?v=9T5KNr9KMJI
22500303,9T5KNr9KMJI,side-court-logo,416.0,1.3361,31.68,https://www.youtube.com/watch?v=9T5KNr9KMJI
22500303,9T5KNr9KMJI,basket-logo,415.8,0.3945,41.71,https://www.youtube.com/watch?v=9T5KNr9KMJI
22500303,9T5KNr9KMJI,back-court-logo,420.0,4.6167,32.53,https://www.youtube.com/watch?v=9T5KNr9KMJI
22500303,KtpOPkYH0ro,side-court-led-logo,210.81,0.845,27.04,https://www.youtube.com/watch?v=KtpOPkYH0ro
22500303,KtpOPkYH0ro,mid-court-logo,199.6,1.6678,30.67,https://www.youtube.com/watch?v=KtpOPkYH0ro
22500303,KtpOPkYH0ro,basket-logo,181.18,0.1582,34.42,https://www.youtube.com/watch?v=KtpOPkYH0ro
22500303,KtpOPkYH0ro,side-court-logo,204.8,0.7259,22.73,https://www.youtube.com/watch?v=KtpOPkYH0ro
22500303,KtpOPkYH0ro,back-court-logo,183.98,1.4566,25.34,https://www.youtube.com/watch?v=KtpOPkYH0ro
22500062,zEC-nJPkyLI,basket-logo,441.4,0.1815,32.48,https://www.youtube.com/watch?v=zEC-nJPkyLI
22500062,zEC-nJPkyLI,mid-court-logo,455.2,2.8113,32.67,https://www.youtube.com/watch?v=zEC-nJPkyLI
22500062,zEC-nJPkyLI,side-court-logo,487.8,0.8321,25.29,https://www.youtube.com/watch?v=zEC-nJPkyLI
22500062,zEC-nJPkyLI,back-court-logo,455.0,1.2362,23.56,https://www.youtube.com/watch?v=zEC-nJPkyLI
22500062,zEC-nJPkyLI,side-court-led-logo,188.6,1.1257,30.27,https://www.youtube.com/watch?v=zEC-nJPkyLI
22500062,Rl2-vyElKMQ,basket-logo,476.48,0.1669,33.57,https://www.youtube.com/watch?v=Rl2-vyElKMQ
22500062,Rl2-vyElKMQ,back-court-logo,497.9,1.1749,24.96,https://www.youtube.com/watch?v=Rl2-vyElKMQ
22500062,Rl2-vyElKMQ,mid-court-logo,496.9,2.7942,31.07,https://www.youtube.com/watch?v=Rl2-vyElKMQ
22500062,Rl2-vyElKMQ,side-court-logo,530.33,0.7823,24.76,https://www.youtube.com/watch?v=Rl2-vyElKMQ
22500062,Rl2-vyElKMQ,side-court-led-logo,226.83,0.9844,29.36,https://www.youtube.com/watch?v=Rl2-vyElKMQ
22500062,VkE99ZJ5bIo,basket-logo,459.2,0.1791,32.4,https://www.youtube.com/watch?v=VkE99ZJ5bIo
22500062,VkE99ZJ5bIo,side-court-led-logo,167.6,0.9773,31.03,https://www.youtube.com/watch?v=VkE99ZJ5bIo
22500062,VkE99ZJ5bIo,mid-court-logo,441.8,2.7072,32.62,https://www.youtube.com/watch?v=VkE99ZJ5bIo
22500062,VkE99ZJ5bIo,back-court-logo,468.4,1.2286,22.6,https://www.youtube.com/watch?v=VkE99ZJ5bIo
22500062,VkE99ZJ5bIo,side-court-logo,486.8,0.8288,25.33,https://www.youtube.com/watch?v=VkE99ZJ5bIo
22500062,-NDDaPhc4Jc,basket-logo,473.8,0.3118,38.76,https://www.youtube.com/watch?v=-NDDaPhc4Jc
22500062,-NDDaPhc4Jc,back-court-logo,505.8,2.4768,31.06,https://www.youtube.com/watch?v=-NDDaPhc4Jc
22500062,-NDDaPhc4Jc,side-court-logo,541.4,1.3072,29.72,https://www.youtube.com/watch?v=-NDDaPhc4Jc
22500062,-NDDaPhc4Jc,mid-court-logo,114.2,2.6484,30.98,https://www.youtube.com/watch?v=-NDDaPhc4Jc
22500062,-NDDaPhc4Jc,side-court-led-logo,59.6,2.398,29.81,https://www.youtube.com/watch?v=-NDDaPhc4Jc
22500292,7EREa1mVFSc,basket-logo,468.87,0.2515,34.83,https://www.youtube.com/watch?v=7EREa1mVFSc
22500292,7EREa1mVFSc,side-court-led-logo,483.68,0.9352,31.74,https://www.youtube.com/watch?v=7EREa1mVFSc
22500292,7EREa1mVFSc,side-court-logo,506.31,0.9284,25.92,https://www.youtube.com/watch?v=7EREa1mVFSc
22500292,7EREa1mVFSc,mid-court-logo,440.84,1.9111,32.65,https://www.youtube.com/watch?v=7EREa1mVFSc
22500292,7EREa1mVFSc,back-court-logo,1.0,10.5258,23.03,https://www.youtube.com/watch?v=7EREa1mVFSc
22500292,Rn6yHZflAZY,side-court-logo,533.73,0.8628,23.7,https://www.youtube.com/watch?v=Rn6yHZflAZY
22500292,Rn6yHZflAZY,mid-court-logo,483.48,1.824,29.63,https://www.youtube.com/watch?v=Rn6yHZflAZY
22500292,Rn6yHZflAZY,side-court-led-logo,512.91,0.829,28.39,https://www.youtube.com/watch?v=Rn6yHZflAZY
22500292,Rn6yHZflAZY,basket-logo,483.48,0.2397,38.03,https://www.youtube.com/watch?v=Rn6yHZflAZY
22500292,Rn6yHZflAZY,back-court-logo,1.2,0.9373,35.49,https://www.youtube.com/watch?v=Rn6yHZflAZY
22500292,s4kH_CIDk_8,side-court-led-logo,410.0,1.6559,33.97,https://www.youtube.com/watch?v=s4kH_CIDk_8
22500292,s4kH_CIDk_8,basket-logo,531.8,0.3637,40.6,https://www.youtube.com/watch?v=s4kH_CIDk_8
22500292,s4kH_CIDk_8,mid-court-logo,225.8,1.7401,34.41,https://www.youtube.com/watch?v=s4kH_CIDk_8
22500292,s4kH_CIDk_8,side-court-logo,594.2,1.5805,30.9,https://www.youtube.com/watch?v=s4kH_CIDk_8
22500292,s4kH_CIDk_8,back-court-logo,1.0,12.3259,28.2,https://www.youtube.com/watch?v=s4kH_CIDk_8
22500057,7QqD1AZDcsk,basket-logo,431.43,0.188,31.57,https://www.youtube.com/watch?v=7QqD1AZDcsk
22500057,7QqD1AZDcsk,side-court-led-logo,534.73,1.312,30.18,https://www.youtube.com/watch?v=7QqD1AZDcsk
22500057,7QqD1AZDcsk,side-court-logo,538.34,1.1235,30.02,https://www.youtube.com/watch?v=7QqD1AZDcsk
22500057,7QqD1AZDcsk,back-court-logo,471.67,1.6752,23.13,https://www.youtube.com/watch?v=7QqD1AZDcsk
22500057,7QqD1AZDcsk,mid-court-logo,190.39,1.273,30.43,https://www.youtube.com/watch?v=7QqD1AZDcsk
22500057,ID3IvN2u0KE,basket-logo,422.42,0.1907,32.07,https://www.youtube.com/watch?v=ID3IvN2u0KE
22500057,ID3IvN2u0KE,side-court-led-logo,532.93,1.2899,28.99,https://www.youtube.com/watch?v=ID3IvN2u0KE
22500057,ID3IvN2u0KE,mid-court-logo,216.22,1.1768,29.05,https://www.youtube.com/watch?v=ID3IvN2u0KE
22500057,ID3IvN2u0KE,side-court-logo,531.53,1.0856,28.8,https://www.youtube.com/watch?v=ID3IvN2u0KE
22500057,ID3IvN2u0KE,back-court-logo,461.86,1.6721,24.16,https://www.youtube.com/watch?v=ID3IvN2u0KE
22500057,iJ5uLTvV5kg,basket-logo,439.6,0.1976,31.67,https://www.youtube.com/watch?v=iJ5uLTvV5kg
22500057,iJ5uLTvV5kg,back-court-logo,488.4,1.7341,23.9,https://www.youtube.com/watch?v=iJ5uLTvV5kg
22500057,iJ5uLTvV5kg,side-court-led-logo,553.6,1.2965,29.91,https://www.youtube.com/watch?v=iJ5uLTvV5kg
22500057,iJ5uLTvV5kg,side-court-logo,558.0,1.1238,29.64,https://www.youtube.com/watch?v=iJ5uLTvV5kg
22500057,iJ5uLTvV5kg,mid-court-logo,198.4,1.2209,29.21,https://www.youtube.com/watch?v=iJ5uLTvV5kg
22500057,t81caVETl6s,side-court-led-logo,368.0,2.2706,32.08,https://www.youtube.com/watch?v=t81caVETl6s
22500057,t81caVETl6s,side-court-logo,361.6,1.8487,31.35,https://www.youtube.com/watch?v=t81caVETl6s
22500057,t81caVETl6s,mid-court-logo,73.6,1.5932,27.79,https://www.youtube.com/watch?v=t81caVETl6s
22500057,t81caVETl6s,basket-logo,236.6,0.368,36.58,https://www.youtube.com/watch?v=t81caVETl6s
22500057,t81caVETl6s,back-court-logo,304.0,3.3494,31.12,https://www.youtube.com/watch?v=t81caVETl6s
22500277,Dp91EzMbDCE,side-court-led-logo,518.0,0.8806,28.56,https://www.youtube.com/watch?v=Dp91EzMbDCE
22500277,Dp91EzMbDCE,basket-logo,486.8,0.2425,33.56,https://www.youtube.com/watch?v=Dp91EzMbDCE
22500277,Dp91EzMbDCE,side-court-logo,504.4,1.0047,27.76,https://www.youtube.com/watch?v=Dp91EzMbDCE
22500277,Dp91EzMbDCE,back-court-logo,489.2,1.9496,23.06,https://www.youtube.com/watch?v=Dp91EzMbDCE
22500277,Dp91EzMbDCE,mid-court-logo,476.0,0.9359,33.61,https://www.youtube.com/watch?v=Dp91EzMbDCE
22500277,Kzhakcjhf94,mid-court-logo,502.3,0.9122,31.04,https://www.youtube.com/watch?v=Kzhakcjhf94
22500277,Kzhakcjhf94,side-court-led-logo,543.94,0.869,27.76,https://www.youtube.com/watch?v=Kzhakcjhf94
22500277,Kzhakcjhf94,back-court-logo,502.7,1.855,26.14,https://www.youtube.com/watch?v=Kzhakcjhf94
22500277,Kzhakcjhf94,side-court-logo,519.92,0.9443,27.12,https://www.youtube.com/watch?v=Kzhakcjhf94
22500277,Kzhakcjhf94,basket-logo,503.7,0.2306,35.47,https://www.youtube.com/watch?v=Kzhakcjhf94
22500277,-bjE7mPQNpE,basket-logo,481.0,0.2467,34.67,https://www.youtube.com/watch?v=-bjE7mPQNpE
22500277,-bjE7mPQNpE,side-court-led-logo,509.6,0.8832,28.5,https://www.youtube.com/watch?v=-bjE7mPQNpE
22500277,-bjE7mPQNpE,side-court-logo,501.0,0.9992,27.75,https://www.youtube.com/watch?v=-bjE7mPQNpE
22500277,-bjE7mPQNpE,mid-court-logo,467.4,0.9342,32.69,https://www.youtube.com/watch?v=-bjE7mPQNpE
22500277,-bjE7mPQNpE,back-court-logo,479.8,2.0123,25.14,https://www.youtube.com/watch?v=-bjE7mPQNpE
22500055,Slm2bcNEtQ4,basket-logo,445.4,0.2112,32.1,https://www.youtube.com/watch?v=Slm2bcNEtQ4
22500055,Slm2bcNEtQ4,side-court-led-logo,286.4,1.028,31.67,https://www.youtube.com/watch?v=Slm2bcNEtQ4
22500055,Slm2bcNEtQ4,back-court-logo,446.2,1.0234,19.39,https://www.youtube.com/watch?v=Slm2bcNEtQ4
22500055,Slm2bcNEtQ4,side-court-logo,435.8,0.608,24.9,https://www.youtube.com/watch?v=Slm2bcNEtQ4
22500055,Slm2bcNEtQ4,mid-court-logo,85.2,1.4413,25.6,https://www.youtube.com/watch?v=Slm2bcNEtQ4
22500055,pGhLWVR4lFo,basket-logo,481.2,0.1912,34.2,https://www.youtube.com/watch?v=pGhLWVR4lFo
22500055,pGhLWVR4lFo,back-court-logo,470.8,0.9096,21.62,https://www.youtube.com/watch?v=pGhLWVR4lFo
22500055,pGhLWVR4lFo,side-court-logo,501.2,0.5907,24.32,https://www.youtube.com/watch?v=pGhLWVR4lFo
22500055,pGhLWVR4lFo,side-court-led-logo,314.6,1.0077,28.86,https://www.youtube.com/watch?v=pGhLWVR4lFo
22500055,pGhLWVR4lFo,mid-court-logo,126.0,1.4359,22.52,https://www.youtube.com/watch?v=pGhLWVR4lFo
22500279,eqnWdJzYtIc,side-court-led-logo,503.1,1.0704,27.78,https://www.youtube.com/watch?v=eqnWdJzYtIc
22500279,eqnWdJzYtIc,mid-court-logo,472.47,2.1108,30.83,https://www.youtube.com/watch?v=eqnWdJzYtIc
22500279,eqnWdJzYtIc,side-court-logo,494.69,0.9054,19.79,https://www.youtube.com/watch?v=eqnWdJzYtIc
22500279,eqnWdJzYtIc,back-court-logo,456.46,1.6945,26.53,https://www.youtube.com/watch?v=eqnWdJzYtIc
22500279,eqnWdJzYtIc,basket-logo,445.05,0.2605,38.23,https://www.youtube.com/watch?v=eqnWdJzYtIc
22500279,xsGAGBuZ1JI,side-court-led-logo,527.53,0.9049,28.23,https://www.youtube.com/watch?v=xsGAGBuZ1JI
22500279,xsGAGBuZ1JI,mid-court-logo,507.71,2.0702,31.66,https://www.youtube.com/watch?v=xsGAGBuZ1JI
22500279,xsGAGBuZ1JI,side-court-logo,524.12,0.8756,21.37,https://www.youtube.com/watch?v=xsGAGBuZ1JI
22500279,xsGAGBuZ1JI,back-court-logo,482.48,1.6784,26.78,https://www.youtube.com/watch?v=xsGAGBuZ1JI
22500279,xsGAGBuZ1JI,basket-logo,465.67,0.2503,37.72,https://www.youtube.com/watch?v=xsGAGBuZ1JI
22500279,LLERKPPhLRM,basket-logo,194.59,0.2603,36.0,https://www.youtube.com/watch?v=LLERKPPhLRM
22500279,LLERKPPhLRM,side-court-led-logo,209.81,0.848,29.04,https://www.youtube.com/watch?v=LLERKPPhLRM
22500279,LLERKPPhLRM,mid-court-logo,206.21,1.5286,31.39,https://www.youtube.com/watch?v=LLERKPPhLRM
22500279,LLERKPPhLRM,back-court-logo,196.0,1.7368,24.59,https://www.youtube.com/watch?v=LLERKPPhLRM
22500279,LLERKPPhLRM,side-court-logo,211.21,0.9228,19.86,https://www.youtube.com/watch?v=LLERKPPhLRM
22500050,qCZWwFr0pA0,side-court-led-logo,515.72,1.0578,30.59,https://www.youtube.com/watch?v=qCZWwFr0pA0
22500050,qCZWwFr0pA0,mid-court-logo,490.29,1.914,33.32,https://www.youtube.com/watch?v=qCZWwFr0pA0
22500050,qCZWwFr0pA0,side-court-logo,511.11,0.7891,17.76,https://www.youtube.com/watch?v=qCZWwFr0pA0
22500050,qCZWwFr0pA0,back-court-logo,475.08,1.4286,21.65,https://www.youtube.com/watch?v=qCZWwFr0pA0
22500050,qCZWwFr0pA0,basket-logo,457.46,0.2577,33.44,https://www.youtube.com/watch?v=qCZWwFr0pA0
22500050,_hKCer5Dab8,side-court-logo,513.0,0.7809,18.01,https://www.youtube.com/watch?v=_hKCer5Dab8
22500050,_hKCer5Dab8,mid-court-logo,484.4,1.8993,32.91,https://www.youtube.com/watch?v=_hKCer5Dab8
22500050,_hKCer5Dab8,side-court-led-logo,518.6,1.0543,30.13,https://www.youtube.com/watch?v=_hKCer5Dab8
22500050,_hKCer5Dab8,back-court-logo,486.0,1.3907,22.8,https://www.youtube.com/watch?v=_hKCer5Dab8
22500050,_hKCer5Dab8,basket-logo,469.4,0.2546,34.61,https://www.youtube.com/watch?v=_hKCer5Dab8
22500287,nyxJCuUbO7I,basket-logo,497.8,0.1998,33.24,https://www.youtube.com/watch?v=nyxJCuUbO7I
22500287,nyxJCuUbO7I,side-court-logo,529.0,1.0423,28.46,https://www.youtube.com/watch?v=nyxJCuUbO7I
22500287,nyxJCuUbO7I,back-court-logo,508.6,2.1861,21.85,https://www.youtube.com/watch?v=nyxJCuUbO7I
22500287,nyxJCuUbO7I,mid-court-logo,294.2,1.8237,29.69,https://www.youtube.com/watch?v=nyxJCuUbO7I
22500287,nyxJCuUbO7I,side-court-led-logo,426.8,1.8518,33.81,https://www.youtube.com/watch?v=nyxJCuUbO7I
22500287,QAgKchkdgb8,side-court-logo,528.13,0.9938,27.26,https://www.youtube.com/watch?v=QAgKchkdgb8
22500287,QAgKchkdgb8,mid-court-logo,401.0,2.0427,30.89,https://www.youtube.com/watch?v=QAgKchkdgb8
22500287,QAgKchkdgb8,side-court-led-logo,454.85,2.0214,31.73,https://www.youtube.com/watch?v=QAgKchkdgb8
22500287,QAgKchkdgb8,back-court-logo,498.9,2.0228,24.18,https://www.youtube.com/watch?v=QAgKchkdgb8
22500287,QAgKchkdgb8,basket-logo,488.29,0.1799,35.31,https://www.youtube.com/watch?v=QAgKchkdgb8
22500287,Dw4eJnFLLys,mid-court-logo,431.63,1.8492,31.13,https://www.youtube.com/watch?v=Dw4eJnFLLys
22500287,Dw4eJnFLLys,side-court-logo,567.97,0.9926,27.53,https://www.youtube.com/watch?v=Dw4eJnFLLys
22500287,Dw4eJnFLLys,side-court-led-logo,476.88,1.7256,32.32,https://www.youtube.com/watch?v=Dw4eJnFLLys
22500287,Dw4eJnFLLys,basket-logo,537.34,0.1856,34.68,https://www.youtube.com/watch?v=Dw4eJnFLLys
22500287,Dw4eJnFLLys,back-court-logo,542.54,2.0707,23.5,https://www.youtube.com/watch?v=Dw4eJnFLLys
22500287,T6eCESz7RPY,basket-logo,501.8,0.302,40.83,https://www.youtube.com/watch?v=T6eCESz7RPY
22500287,T6eCESz7RPY,side-court-logo,556.6,1.5707,31.91,https://www.youtube.com/watch?v=T6eCESz7RPY
22500287,T6eCESz7RPY,back-court-logo,542.2,4.118,31.73,https://www.youtube.com/watch?v=T6eCESz7RPY
22500287,T6eCESz7RPY,side-court-led-logo,324.4,2.4734,35.12,https://www.youtube.com/watch?v=T6eCESz7RPY
22500287,T6eCESz7RPY,mid-court-logo,171.4,1.7468,31.84,https://www.youtube.com/watch?v=T6eCESz7RPY
22500282,qtY642_vGxQ,side-court-led-logo,415.2,0.8514,36.62,https://www.youtube.com/watch?v=qtY642_vGxQ
22500282,qtY642_vGxQ,basket-logo,478.2,0.1789,31.02,https://www.youtube.com/watch?v=qtY642_vGxQ
22500282,qtY642_vGxQ,mid-court-logo,515.8,2.1731,31.86,https://www.youtube.com/watch?v=qtY642_vGxQ
22500282,qtY642_vGxQ,side-court-logo,536.6,0.6104,24.49,https://www.youtube.com/watch?v=qtY642_vGxQ
22500282,qtY642_vGxQ,back-court-logo,501.6,0.8825,20.39,https://www.youtube.com/watch?v=qtY642_vGxQ
22500282,7hzR4gLJHac,side-court-led-logo,419.02,0.7763,35.81,https://www.youtube.com/watch?v=7hzR4gLJHac
22500282,7hzR4gLJHac,mid-court-logo,527.13,2.2393,30.94,https://www.youtube.com/watch?v=7hzR4gLJHac
22500282,7hzR4gLJHac,basket-logo,502.5,0.1771,31.91,https://www.youtube.com/watch?v=7hzR4gLJHac
22500282,7hzR4gLJHac,side-court-logo,551.95,0.6364,23.33,https://www.youtube.com/watch?v=7hzR4gLJHac
22500282,7hzR4gLJHac,back-court-logo,515.92,0.8903,20.34,https://www.youtube.com/watch?v=7hzR4gLJHac
22500282,nt5KezCLqjQ,side-court-led-logo,408.81,0.7671,35.03,https://www.youtube.com/watch?v=nt5KezCLqjQ
22500282,nt5KezCLqjQ,back-court-logo,512.31,0.8825,21.26,https://www.youtube.com/watch?v=nt5KezCLqjQ
22500282,nt5KezCLqjQ,side-court-logo,545.15,0.6175,23.53,https://www.youtube.com/watch?v=nt5KezCLqjQ
22500282,nt5KezCLqjQ,mid-court-logo,512.51,2.1942,30.66,https://www.youtube.com/watch?v=nt5KezCLqjQ
22500282,nt5KezCLqjQ,basket-logo,489.49,0.1726,32.21,https://www.youtube.com/watch?v=nt5KezCLqjQ
22500286,K8dgQbUrc30,basket-logo,473.0,0.1901,32.6,https://www.youtube.com/watch?v=K8dgQbUrc30
22500286,K8dgQbUrc30,mid-court-logo,477.0,2.8782,34.93,https://www.youtube.com/watch?v=K8dgQbUrc30
22500286,K8dgQbUrc30,side-court-logo,521.4,0.987,27.29,https://www.youtube.com/watch?v=K8dgQbUrc30
22500286,K8dgQbUrc30,back-court-logo,481.4,1.1828,22.35,https://www.youtube.com/watch?v=K8dgQbUrc30
22500286,K8dgQbUrc30,side-court-led-logo,175.0,0.9874,33.0,https://www.youtube.com/watch?v=K8dgQbUrc30
22500286,Mb25KyUfThY,mid-court-logo,521.52,2.7153,34.85,https://www.youtube.com/watch?v=Mb25KyUfThY
22500286,Mb25KyUfThY,side-court-logo,542.74,0.9596,26.86,https://www.youtube.com/watch?v=Mb25KyUfThY
22500286,Mb25KyUfThY,back-court-logo,500.3,1.1889,23.23,https://www.youtube.com/watch?v=Mb25KyUfThY
22500286,Mb25KyUfThY,side-court-led-logo,200.2,0.8745,32.69,https://www.youtube.com/watch?v=Mb25KyUfThY
22500286,Mb25KyUfThY,basket-logo,491.29,0.1839,33.49,https://www.youtube.com/watch?v=Mb25KyUfThY
22500286,mT0GDML2V_k,basket-logo,475.8,0.1856,33.17,https://www.youtube.com/watch?v=mT0GDML2V_k
22500286,mT0GDML2V_k,mid-court-logo,483.6,2.7539,35.0,https://www.youtube.com/watch?v=mT0GDML2V_k
22500286,mT0GDML2V_k,side-court-logo,515.6,0.9768,26.55,https://www.youtube.com/watch?v=mT0GDML2V_k
22500286,mT0GDML2V_k,back-court-logo,485.0,1.1709,22.98,https://www.youtube.com/watch?v=mT0GDML2V_k
22500286,mT0GDML2V_k,side-court-led-logo,168.2,0.8931,34.48,https://www.youtube.com/watch?v=mT0GDML2V_k
22500286,-lo-DZFmBN4,back-court-logo,255.2,4.105,27.81,https://www.youtube.com/watch?v=-lo-DZFmBN4
22500286,-lo-DZFmBN4,basket-logo,136.0,0.4935,30.77,https://www.youtube.com/watch?v=-lo-DZFmBN4
22500286,-lo-DZFmBN4,mid-court-logo,105.8,5.5008,29.4,https://www.youtube.com/watch?v=-lo-DZFmBN4
22500286,-lo-DZFmBN4,side-court-logo,316.0,2.2631,36.91,https://www.youtube.com/watch?v=-lo-DZFmBN4
22500286,-lo-DZFmBN4,side-court-led-logo,26.6,2.0971,29.11,https://www.youtube.com/watch?v=-lo-DZFmBN4
22500286,nfVJkBAOPSE,mid-court-logo,104.0,6.0128,26.99,https://www.youtube.com/watch?v=nfVJkBAOPSE
22500286,nfVJkBAOPSE,side-court-logo,320.8,2.1762,34.0,https://www.youtube.com/watch?v=nfVJkBAOPSE
22500286,nfVJkBAOPSE,back-court-logo,266.2,4.2542,28.5,https://www.youtube.com/watch?v=nfVJkBAOPSE
22500286,nfVJkBAOPSE,basket-logo,159.0,0.506,30.49,https://www.youtube.com/watch?v=nfVJkBAOPSE
22500286,nfVJkBAOPSE,side-court-led-logo,36.8,3.3133,27.94,https://www.youtube.com/watch?v=nfVJkBAOPSE
22500272,DGNKa7_5slE,basket-logo,435.2,0.1683,35.45,https://www.youtube.com/watch?v=DGNKa7_5slE
22500272,DGNKa7_5slE,side-court-led-logo,463.6,0.8132,28.22,https://www.youtube.com/watch?v=DGNKa7_5slE
22500272,DGNKa7_5slE,mid-court-logo,419.4,1.3431,30.26,https://www.youtube.com/watch?v=DGNKa7_5slE
22500272,DGNKa7_5slE,side-court-logo,472.2,0.8692,25.28,https://www.youtube.com/watch?v=DGNKa7_5slE
22500272,DGNKa7_5slE,back-court-logo,449.2,1.0405,23.87,https://www.youtube.com/watch?v=DGNKa7_5slE
22500272,H2Ooa9NRu1I,basket-logo,465.4,0.1685,35.3,https://www.youtube.com/watch?v=H2Ooa9NRu1I
22500272,H2Ooa9NRu1I,side-court-led-logo,491.4,0.795,28.44,https://www.youtube.com/watch?v=H2Ooa9NRu1I
22500272,H2Ooa9NRu1I,mid-court-logo,431.4,1.3487,30.37,https://www.youtube.com/watch?v=H2Ooa9NRu1I
22500272,H2Ooa9NRu1I,back-court-logo,479.2,1.0766,24.0,https://www.youtube.com/watch?v=H2Ooa9NRu1I
22500272,H2Ooa9NRu1I,side-court-logo,499.2,0.8987,26.23,https://www.youtube.com/watch?v=H2Ooa9NRu1I
22500272,Vi3NGxCx8e4,mid-court-logo,295.2,1.8017,31.72,https://www.youtube.com/watch?v=Vi3NGxCx8e4
22500272,Vi3NGxCx8e4,back-court-logo,412.8,2.2388,32.16,https://www.youtube.com/watch?v=Vi3NGxCx8e4
22500272,Vi3NGxCx8e4,basket-logo,381.8,0.3103,38.72,https://www.youtube.com/watch?v=Vi3NGxCx8e4
22500272,Vi3NGxCx8e4,side-court-logo,469.6,1.5012,30.67,https://www.youtube.com/watch?v=Vi3NGxCx8e4
22500272,Vi3NGxCx8e4,side-court-led-logo,421.8,1.6212,33.19,https://www.youtube.com/watch?v=Vi3NGxCx8e4
22500268,NIcEltO_H-o,side-court-led-logo,513.6,0.7396,29.52,https://www.youtube.com/watch?v=NIcEltO_H-o
22500268,NIcEltO_H-o,basket-logo,479.6,0.1832,35.18,https://www.youtube.com/watch?v=NIcEltO_H-o
22500268,NIcEltO_H-o,mid-court-logo,509.2,1.8079,33.45,https://www.youtube.com/watch?v=NIcEltO_H-o
22500268,NIcEltO_H-o,back-court-logo,469.4,0.6887,25.0,https://www.youtube.com/watch?v=NIcEltO_H-o
22500268,NIcEltO_H-o,side-court-logo,515.6,0.6149,23.81,https://www.youtube.com/watch?v=NIcEltO_H-o
22500268,PSoNNpZd-Qs,basket-logo,518.72,0.1797,36.54,https://www.youtube.com/watch?v=PSoNNpZd-Qs
22500268,PSoNNpZd-Qs,side-court-led-logo,538.34,0.6257,29.85,https://www.youtube.com/watch?v=PSoNNpZd-Qs
22500268,PSoNNpZd-Qs,mid-court-logo,540.34,1.9513,32.63,https://www.youtube.com/watch?v=PSoNNpZd-Qs
22500268,PSoNNpZd-Qs,side-court-logo,542.34,0.6037,22.88,https://www.youtube.com/watch?v=PSoNNpZd-Qs
22500268,PSoNNpZd-Qs,back-court-logo,510.51,0.707,26.44,https://www.youtube.com/watch?v=PSoNNpZd-Qs
22500268,2b9vG_iJ9do,side-court-led-logo,520.0,0.8209,30.27,https://www.youtube.com/watch?v=2b9vG_iJ9do
22500268,2b9vG_iJ9do,side-court-logo,517.4,0.6511,24.23,https://www.youtube.com/watch?v=2b9vG_iJ9do
22500268,2b9vG_iJ9do,mid-court-logo,517.4,1.8483,34.49,https://www.youtube.com/watch?v=2b9vG_iJ9do
22500268,2b9vG_iJ9do,basket-logo,467.8,0.1812,33.86,https://www.youtube.com/watch?v=2b9vG_iJ9do
22500268,2b9vG_iJ9do,back-court-logo,471.2,0.7354,24.3,https://www.youtube.com/watch?v=2b9vG_iJ9do
22500270,WS9oVl5GnoA,basket-logo,468.0,0.1475,35.84,https://www.youtube.com/watch?v=WS9oVl5GnoA
22500270,WS9oVl5GnoA,side-court-logo,512.8,1.2052,24.87,https://www.youtube.com/watch?v=WS9oVl5GnoA
22500270,WS9oVl5GnoA,mid-court-logo,485.8,1.9295,33.29,https://www.youtube.com/watch?v=WS9oVl5GnoA
22500270,WS9oVl5GnoA,side-court-led-logo,382.4,1.5845,30.63,https://www.youtube.com/watch?v=WS9oVl5GnoA
22500270,6kIIFxqyFCI,basket-logo,482.28,0.1449,36.41,https://www.youtube.com/watch?v=6kIIFxqyFCI
22500270,6kIIFxqyFCI,mid-court-logo,527.73,2.0408,32.94,https://www.youtube.com/watch?v=6kIIFxqyFCI
22500270,6kIIFxqyFCI,side-court-logo,547.95,1.1153,25.55,https://www.youtube.com/watch?v=6kIIFxqyFCI
22500270,6kIIFxqyFCI,side-court-led-logo,432.83,1.6969,30.0,https://www.youtube.com/watch?v=6kIIFxqyFCI
22500270,BTfRTaOmvuQ,side-court-logo,508.2,1.1795,25.21,https://www.youtube.com/watch?v=BTfRTaOmvuQ
22500270,BTfRTaOmvuQ,mid-court-logo,480.8,2.0022,33.6,https://www.youtube.com/watch?v=BTfRTaOmvuQ
22500270,BTfRTaOmvuQ,side-court-led-logo,392.4,1.6967,31.64,https://www.youtube.com/watch?v=BTfRTaOmvuQ
22500270,BTfRTaOmvuQ,basket-logo,465.8,0.1426,35.41,https://www.youtube.com/watch?v=BTfRTaOmvuQ
22500271,zrP80Jrx-Nw,basket-logo,476.28,0.2405,36.59,https://www.youtube.com/watch?v=zrP80Jrx-Nw
22500271,zrP80Jrx-Nw,side-court-led-logo,399.2,1.6018,30.42,https://www.youtube.com/watch?v=zrP80Jrx-Nw
22500271,zrP80Jrx-Nw,mid-court-logo,421.62,2.3169,30.9,https://www.youtube.com/watch?v=zrP80Jrx-Nw
22500271,zrP80Jrx-Nw,back-court-logo,491.89,1.6696,26.14,https://www.youtube.com/watch?v=zrP80Jrx-Nw
22500271,zrP80Jrx-Nw,side-court-logo,513.71,1.0435,25.21,https://www.youtube.com/watch?v=zrP80Jrx-Nw
22500271,6BpHE3BbUK4,mid-court-logo,440.04,2.174,30.94,https://www.youtube.com/watch?v=6BpHE3BbUK4
22500271,6BpHE3BbUK4,side-court-logo,513.11,0.9926,24.71,https://www.youtube.com/watch?v=6BpHE3BbUK4
22500271,6BpHE3BbUK4,side-court-led-logo,410.61,1.4116,31.0,https://www.youtube.com/watch?v=6BpHE3BbUK4
22500271,6BpHE3BbUK4,back-court-logo,488.09,1.6493,26.24,https://www.youtube.com/watch?v=6BpHE3BbUK4
22500271,6BpHE3BbUK4,basket-logo,474.47,0.2357,36.39,https://www.youtube.com/watch?v=6BpHE3BbUK4
22500271,60igGNn2kE8,basket-logo,83.08,0.2402,36.88,https://www.youtube.com/watch?v=60igGNn2kE8
22500271,60igGNn2kE8,side-court-led-logo,63.06,1.6607,31.09,https://www.youtube.com/watch?v=60igGNn2kE8
22500271,60igGNn2kE8,side-court-logo,91.29,1.0428,25.97,https://www.youtube.com/watch?v=60igGNn2kE8
22500271,60igGNn2kE8,back-court-logo,86.09,1.7247,25.58,https://www.youtube.com/watch?v=60igGNn2kE8
22500271,60igGNn2kE8,mid-court-logo,72.47,2.0402,29.96,https://www.youtube.com/watch?v=60igGNn2kE8
22500284,eWTDS_0wG54,side-court-led-logo,525.33,0.9237,29.5,https://www.youtube.com/watch?v=eWTDS_0wG54
22500284,eWTDS_0wG54,basket-logo,477.28,0.1548,34.24,https://www.youtube.com/watch?v=eWTDS_0wG54
22500284,eWTDS_0wG54,side-court-logo,408.01,0.4894,25.19,https://www.youtube.com/watch?v=eWTDS_0wG54
22500284,eWTDS_0wG54,back-court-logo,487.89,1.6533,23.74,https://www.youtube.com/watch?v=eWTDS_0wG54
22500284,eWTDS_0wG54,mid-court-logo,520.72,1.9231,32.09,https://www.youtube.com/watch?v=eWTDS_0wG54
22500284,zUqAhpy0Mh8,side-court-led-logo,513.31,1.0967,29.96,https://www.youtube.com/watch?v=zUqAhpy0Mh8
22500284,zUqAhpy0Mh8,basket-logo,435.24,0.1731,35.73,https://www.youtube.com/watch?v=zUqAhpy0Mh8
22500284,zUqAhpy0Mh8,mid-court-logo,483.08,2.2086,32.8,https://www.youtube.com/watch?v=zUqAhpy0Mh8
22500284,zUqAhpy0Mh8,back-court-logo,434.03,1.8483,24.95,https://www.youtube.com/watch?v=zUqAhpy0Mh8
22500284,zUqAhpy0Mh8,side-court-logo,387.39,0.5415,26.68,https://www.youtube.com/watch?v=zUqAhpy0Mh8
22500284,nCyU_Hs3p9U,side-court-led-logo,527.13,0.8499,28.22,https://www.youtube.com/watch?v=nCyU_Hs3p9U
22500284,nCyU_Hs3p9U,mid-court-logo,518.12,1.9214,29.65,https://www.youtube.com/watch?v=nCyU_Hs3p9U
22500284,nCyU_Hs3p9U,back-court-logo,480.48,1.6719,26.15,https://www.youtube.com/watch?v=nCyU_Hs3p9U
22500284,nCyU_Hs3p9U,side-court-logo,414.21,0.482,22.45,https://www.youtube.com/watch?v=nCyU_Hs3p9U
22500284,nCyU_Hs3p9U,basket-logo,473.07,0.1543,36.47,https://www.youtube.com/watch?v=nCyU_Hs3p9U
22500284,TjmmQ4QX7iI,side-court-led-logo,531.8,0.8499,29.54,https://www.youtube.com/watch?v=TjmmQ4QX7iI
22500284,TjmmQ4QX7iI,basket-logo,490.6,0.1574,34.87,https://www.youtube.com/watch?v=TjmmQ4QX7iI
22500284,TjmmQ4QX7iI,back-court-logo,496.0,1.7021,23.8,https://www.youtube.com/watch?v=TjmmQ4QX7iI
22500284,TjmmQ4QX7iI,side-court-logo,373.2,0.4994,24.82,https://www.youtube.com/watch?v=TjmmQ4QX7iI
22500284,TjmmQ4QX7iI,mid-court-logo,526.8,2.0126,32.02,https://www.youtube.com/watch?v=TjmmQ4QX7iI
22500284,WzPrbjO47ZI,side-court-led-logo,210.01,0.906,30.63,https://www.youtube.com/watch?v=WzPrbjO47ZI
22500284,WzPrbjO47ZI,basket-logo,180.98,0.1687,35.89,https://www.youtube.com/watch?v=WzPrbjO47ZI
22500284,WzPrbjO47ZI,mid-court-logo,200.0,2.6008,32.99,https://www.youtube.com/watch?v=WzPrbjO47ZI
22500284,WzPrbjO47ZI,back-court-logo,183.18,1.9052,25.03,https://www.youtube.com/watch?v=WzPrbjO47ZI
22500284,WzPrbjO47ZI,side-court-logo,148.35,0.5416,27.17,https://www.youtube.com/watch?v=WzPrbjO47ZI
22500056,bdPYcAZdcTE,basket-logo,523.0,0.231,37.02,https://www.youtube.com/watch?v=bdPYcAZdcTE
22500056,bdPYcAZdcTE,back-court-logo,531.8,2.2442,26.6,https://www.youtube.com/watch?v=bdPYcAZdcTE
22500056,bdPYcAZdcTE,side-court-led-logo,241.0,1.372,31.1,https://www.youtube.com/watch?v=bdPYcAZdcTE
22500056,bdPYcAZdcTE,mid-court-logo,380.2,2.0904,33.09,https://www.youtube.com/watch?v=bdPYcAZdcTE
22500056,bdPYcAZdcTE,side-court-logo,290.0,0.5159,28.04,https://www.youtube.com/watch?v=bdPYcAZdcTE
22500056,aKFZmTuxDug,basket-logo,572.37,0.23,37.81,https://www.youtube.com/watch?v=aKFZmTuxDug
22500056,aKFZmTuxDug,back-court-logo,577.78,2.2159,27.19,https://www.youtube.com/watch?v=aKFZmTuxDug
22500056,aKFZmTuxDug,side-court-led-logo,256.66,1.2999,28.56,https://www.youtube.com/watch?v=aKFZmTuxDug
22500056,aKFZmTuxDug,mid-court-logo,355.36,1.9648,30.62,https://www.youtube.com/watch?v=aKFZmTuxDug
22500056,aKFZmTuxDug,side-court-logo,288.69,0.4974,26.81,https://www.youtube.com/watch?v=aKFZmTuxDug
22500056,KwR-zYUiAhI,side-court-logo,259.66,0.4901,28.88,https://www.youtube.com/watch?v=KwR-zYUiAhI
22500056,KwR-zYUiAhI,side-court-led-logo,264.86,1.6439,27.98,https://www.youtube.com/watch?v=KwR-zYUiAhI
22500056,KwR-zYUiAhI,mid-court-logo,343.14,1.9817,31.37,https://www.youtube.com/watch?v=KwR-zYUiAhI
22500056,KwR-zYUiAhI,basket-logo,506.31,0.2263,38.61,https://www.youtube.com/watch?v=KwR-zYUiAhI
22500056,KwR-zYUiAhI,back-court-logo,514.11,2.2126,28.65,https://www.youtube.com/watch?v=KwR-zYUiAhI
22500273,SZrgwyP4hxU,basket-logo,446.2,0.2191,34.05,https://www.youtube.com/watch?v=SZrgwyP4hxU
22500273,SZrgwyP4hxU,side-court-led-logo,427.4,1.9958,33.21,https://www.youtube.com/watch?v=SZrgwyP4hxU
22500273,SZrgwyP4hxU,back-court-logo,437.6,1.3458,24.83,https://www.youtube.com/watch?v=SZrgwyP4hxU
22500273,SZrgwyP4hxU,side-court-logo,155.2,0.9475,27.37,https://www.youtube.com/watch?v=SZrgwyP4hxU
22500273,SZrgwyP4hxU,mid-court-logo,245.4,1.4824,31.33,https://www.youtube.com/watch?v=SZrgwyP4hxU
22500273,Os7EVqxXqgc,basket-logo,532.53,0.2,34.74,https://www.youtube.com/watch?v=Os7EVqxXqgc
22500273,Os7EVqxXqgc,side-court-led-logo,523.32,1.8151,33.14,https://www.youtube.com/watch?v=Os7EVqxXqgc
22500273,Os7EVqxXqgc,back-court-logo,528.93,1.2715,25.22,https://www.youtube.com/watch?v=Os7EVqxXqgc
22500273,Os7EVqxXqgc,mid-court-logo,306.11,1.3624,30.84,https://www.youtube.com/watch?v=Os7EVqxXqgc
22500273,Os7EVqxXqgc,side-court-logo,145.55,0.8843,27.86,https://www.youtube.com/watch?v=Os7EVqxXqgc
22500273,32oytYrpc_4,basket-logo,485.09,0.201,36.86,https://www.youtube.com/watch?v=32oytYrpc_4
22500273,32oytYrpc_4,side-court-led-logo,498.9,1.9806,30.57,https://www.youtube.com/watch?v=32oytYrpc_4
22500273,32oytYrpc_4,mid-court-logo,305.31,1.3239,29.04,https://www.youtube.com/watch?v=32oytYrpc_4
22500273,32oytYrpc_4,side-court-logo,171.97,0.8985,27.17,https://www.youtube.com/watch?v=32oytYrpc_4
22500273,32oytYrpc_4,back-court-logo,482.28,1.2713,27.18,https://www.youtube.com/watch?v=32oytYrpc_4
22500273,FRG8511x0ZI,basket-logo,446.2,0.2172,33.63,https://www.youtube.com/watch?v=FRG8511x0ZI
22500273,FRG8511x0ZI,side-court-led-logo,428.6,2.0082,33.46,https://www.youtube.com/watch?v=FRG8511x0ZI
22500273,FRG8511x0ZI,back-court-logo,439.2,1.3436,24.56,https://www.youtube.com/watch?v=FRG8511x0ZI
22500273,FRG8511x0ZI,side-court-logo,166.8,0.947,28.3,https://www.youtube.com/watch?v=FRG8511x0ZI
22500273,FRG8511x0ZI,mid-court-logo,245.0,1.4761,31.72,https://www.youtube.com/watch?v=FRG8511x0ZI
22500280,C3OX6bkFRhU,basket-logo,430.6,0.2188,32.56,https://www.youtube.com/watch?v=C3OX6bkFRhU
22500280,C3OX6bkFRhU,side-court-led-logo,362.8,1.5201,33.43,https://www.youtube.com/watch?v=C3OX6bkFRhU
22500280,C3OX6bkFRhU,side-court-logo,476.0,0.9493,25.77,https://www.youtube.com/watch?v=C3OX6bkFRhU
22500280,C3OX6bkFRhU,mid-court-logo,393.6,2.8214,32.42,https://www.youtube.com/watch?v=C3OX6bkFRhU
22500280,NygixkvEPeM,basket-logo,492.89,0.2177,34.02,https://www.youtube.com/watch?v=NygixkvEPeM
22500280,NygixkvEPeM,side-court-logo,535.94,0.9113,24.65,https://www.youtube.com/watch?v=NygixkvEPeM
22500280,NygixkvEPeM,side-court-led-logo,402.6,1.2891,32.18,https://www.youtube.com/watch?v=NygixkvEPeM
22500280,NygixkvEPeM,mid-court-logo,434.63,2.6702,31.26,https://www.youtube.com/watch?v=NygixkvEPeM
22500280,7PRZVQ3IW7s,basket-logo,459.86,0.2188,34.62,https://www.youtube.com/watch?v=7PRZVQ3IW7s
22500280,7PRZVQ3IW7s,side-court-led-logo,399.0,1.4679,29.91,https://www.youtube.com/watch?v=7PRZVQ3IW7s
22500280,7PRZVQ3IW7s,side-court-logo,522.52,0.9059,25.29,https://www.youtube.com/watch?v=7PRZVQ3IW7s
22500280,7PRZVQ3IW7s,mid-court-logo,440.04,2.5703,30.21,https://www.youtube.com/watch?v=7PRZVQ3IW7s
22500280,2gdJ24Rqp8Q,basket-logo,430.8,0.2258,32.96,https://www.youtube.com/watch?v=2gdJ24Rqp8Q
22500280,2gdJ24Rqp8Q,side-court-led-logo,361.8,1.4584,33.55,https://www.youtube.com/watch?v=2gdJ24Rqp8Q
22500280,2gdJ24Rqp8Q,side-court-logo,475.8,0.9669,25.25,https://www.youtube.com/watch?v=2gdJ24Rqp8Q
22500280,2gdJ24Rqp8Q,mid-court-logo,392.2,2.844,31.86,https://www.youtube.com/watch?v=2gdJ24Rqp8Q
22500049,qSBc8l9PaNc,side-court-led-logo,494.49,1.0249,29.74,https://www.youtube.com/watch?v=qSBc8l9PaNc
22500049,qSBc8l9PaNc,side-court-logo,401.6,0.9802,29.11,https://www.youtube.com/watch?v=qSBc8l9PaNc
22500049,qSBc8l9PaNc,mid-court-logo,388.39,0.7035,33.46,https://www.youtube.com/watch?v=qSBc8l9PaNc
22500049,qSBc8l9PaNc,back-court-logo,457.86,2.0158,24.51,https://www.youtube.com/watch?v=qSBc8l9PaNc
22500049,qSBc8l9PaNc,basket-logo,461.46,0.2312,34.88,https://www.youtube.com/watch?v=qSBc8l9PaNc
22500049,YOzRD3WaM3k,mid-court-logo,414.0,0.7148,32.66,https://www.youtube.com/watch?v=YOzRD3WaM3k
22500049,YOzRD3WaM3k,side-court-logo,435.8,0.9693,28.39,https://www.youtube.com/watch?v=YOzRD3WaM3k
22500049,YOzRD3WaM3k,side-court-led-logo,531.6,0.9617,29.36,https://www.youtube.com/watch?v=YOzRD3WaM3k
22500049,YOzRD3WaM3k,back-court-logo,496.4,1.8997,25.07,https://www.youtube.com/watch?v=YOzRD3WaM3k
22500049,YOzRD3WaM3k,basket-logo,491.0,0.2338,35.63,https://www.youtube.com/watch?v=YOzRD3WaM3k
22500049,ML9M5PvwKD4,side-court-led-logo,549.6,1.7716,33.04,https://www.youtube.com/watch?v=ML9M5PvwKD4
22500049,ML9M5PvwKD4,mid-court-logo,214.4,1.1953,33.14,https://www.youtube.com/watch?v=ML9M5PvwKD4
22500049,ML9M5PvwKD4,side-court-logo,387.4,1.4575,31.81,https://www.youtube.com/watch?v=ML9M5PvwKD4
22500049,ML9M5PvwKD4,basket-logo,482.0,0.374,43.22,https://www.youtube.com/watch?v=ML9M5PvwKD4
22500049,ML9M5PvwKD4,back-court-logo,490.6,3.9029,33.83,https://www.youtube.com/watch?v=ML9M5PvwKD4
22500053,xZPphKlIvhk,basket-logo,479.2,0.2296,38.02,https://www.youtube.com/watch?v=xZPphKlIvhk
22500053,xZPphKlIvhk,mid-court-logo,474.4,2.3312,35.43,https://www.youtube.com/watch?v=xZPphKlIvhk
22500053,xZPphKlIvhk,back-court-logo,486.0,2.0734,25.29,https://www.youtube.com/watch?v=xZPphKlIvhk
22500053,xZPphKlIvhk,side-court-led-logo,204.6,0.9827,32.38,https://www.youtube.com/watch?v=xZPphKlIvhk
22500053,xZPphKlIvhk,side-court-logo,1.8,0.2244,49.1,https://www.youtube.com/watch?v=xZPphKlIvhk
22500053,KNRSyzMgnCs,basket-logo,489.6,0.2228,39.1,https://www.youtube.com/watch?v=KNRSyzMgnCs
22500053,KNRSyzMgnCs,back-court-logo,498.6,1.9879,27.13,https://www.youtube.com/watch?v=KNRSyzMgnCs
22500053,KNRSyzMgnCs,mid-court-logo,498.6,2.3909,34.32,https://www.youtube.com/watch?v=KNRSyzMgnCs
22500053,KNRSyzMgnCs,side-court-led-logo,243.2,1.0132,30.74,https://www.youtube.com/watch?v=KNRSyzMgnCs
22500053,KNRSyzMgnCs,side-court-logo,3.8,0.2032,47.02,https://www.youtube.com/watch?v=KNRSyzMgnCs
22500053,vD8y7mz-O9s,basket-logo,510.0,0.2226,38.16,https://www.youtube.com/watch?v=vD8y7mz-O9s
22500053,vD8y7mz-O9s,back-court-logo,499.2,2.0413,25.52,https://www.youtube.com/watch?v=vD8y7mz-O9s
22500053,vD8y7mz-O9s,side-court-led-logo,224.2,1.0518,30.67,https://www.youtube.com/watch?v=vD8y7mz-O9s
22500053,vD8y7mz-O9s,mid-court-logo,460.0,2.341,32.69,https://www.youtube.com/watch?v=vD8y7mz-O9s
22500053,vD8y7mz-O9s,side-court-logo,13.8,0.3346,38.09,https://www.youtube.com/watch?v=vD8y7mz-O9s
22500275,QJvuB6vU_KE,side-court-logo,505.4,1.158,29.04,https://www.youtube.com/watch?v=QJvuB6vU_KE
22500275,QJvuB6vU_KE,back-court-logo,461.6,2.6233,25.79,https://www.youtube.com/watch?v=QJvuB6vU_KE
22500275,QJvuB6vU_KE,mid-court-logo,325.4,2.2034,30.01,https://www.youtube.com/watch?v=QJvuB6vU_KE
22500275,QJvuB6vU_KE,side-court-led-logo,313.4,2.6509,29.13,https://www.youtube.com/watch?v=QJvuB6vU_KE
22500275,QJvuB6vU_KE,basket-logo,439.4,0.2957,33.01,https://www.youtube.com/watch?v=QJvuB6vU_KE
22500275,Tjdnpt4rAUM,side-court-logo,559.16,1.1498,29.36,https://www.youtube.com/watch?v=Tjdnpt4rAUM
22500275,Tjdnpt4rAUM,back-court-logo,525.53,2.5629,25.41,https://www.youtube.com/watch?v=Tjdnpt4rAUM
22500275,Tjdnpt4rAUM,side-court-led-logo,349.75,2.2924,31.21,https://www.youtube.com/watch?v=Tjdnpt4rAUM
22500275,Tjdnpt4rAUM,mid-court-logo,323.12,2.0626,30.85,https://www.youtube.com/watch?v=Tjdnpt4rAUM
22500275,Tjdnpt4rAUM,basket-logo,497.1,0.2731,33.39,https://www.youtube.com/watch?v=Tjdnpt4rAUM
22500275,HTh2IucEzCs,basket-logo,454.45,0.269,33.43,https://www.youtube.com/watch?v=HTh2IucEzCs
22500275,HTh2IucEzCs,mid-court-logo,335.74,2.0258,29.6,https://www.youtube.com/watch?v=HTh2IucEzCs
22500275,HTh2IucEzCs,side-court-logo,530.93,1.1369,28.79,https://www.youtube.com/watch?v=HTh2IucEzCs
22500275,HTh2IucEzCs,side-court-led-logo,348.15,2.473,28.51,https://www.youtube.com/watch?v=HTh2IucEzCs
22500275,HTh2IucEzCs,back-court-logo,480.88,2.5516,27.74,https://www.youtube.com/watch?v=HTh2IucEzCs
22500275,tpKYA5lybJc,side-court-logo,245.8,1.0326,29.85,https://www.youtube.com/watch?v=tpKYA5lybJc
22500275,tpKYA5lybJc,mid-court-logo,122.4,2.8308,28.57,https://www.youtube.com/watch?v=tpKYA5lybJc
22500275,tpKYA5lybJc,side-court-led-logo,136.6,2.5005,27.54,https://www.youtube.com/watch?v=tpKYA5lybJc
22500275,tpKYA5lybJc,back-court-logo,244.0,2.4958,25.93,https://www.youtube.com/watch?v=tpKYA5lybJc
22500275,tpKYA5lybJc,basket-logo,242.4,0.2938,35.19,https://www.youtube.com/watch?v=tpKYA5lybJc
22500275,cT-bNmqycYE,side-court-led-logo,59.66,2.6059,27.46,https://www.youtube.com/watch?v=cT-bNmqycYE
22500275,cT-bNmqycYE,mid-court-logo,60.26,1.883,30.99,https://www.youtube.com/watch?v=cT-bNmqycYE
22500275,cT-bNmqycYE,back-court-logo,111.31,2.7482,22.9,https://www.youtube.com/watch?v=cT-bNmqycYE
22500275,cT-bNmqycYE,side-court-logo,110.51,1.1563,31.44,https://www.youtube.com/watch?v=cT-bNmqycYE
22500275,cT-bNmqycYE,basket-logo,109.51,0.3005,31.55,https://www.youtube.com/watch?v=cT-bNmqycYE
22500278,qUcdPYxB-no,side-court-led-logo,485.4,0.8684,30.39,https://www.youtube.com/watch?v=qUcdPYxB-no
22500278,qUcdPYxB-no,basket-logo,481.2,0.1862,32.02,https://www.youtube.com/watch?v=qUcdPYxB-no
22500278,qUcdPYxB-no,mid-court-logo,306.4,1.7458,31.65,https://www.youtube.com/watch?v=qUcdPYxB-no
22500278,qUcdPYxB-no,back-court-logo,483.6,1.4453,21.24,https://www.youtube.com/watch?v=qUcdPYxB-no
22500278,qUcdPYxB-no,side-court-logo,438.8,0.7237,29.79,https://www.youtube.com/watch?v=qUcdPYxB-no
22500278,sqaS2gAo-4w,side-court-led-logo,503.1,0.8344,27.68,https://www.youtube.com/watch?v=sqaS2gAo-4w
22500278,sqaS2gAo-4w,mid-court-logo,358.96,1.6124,28.64,https://www.youtube.com/watch?v=sqaS2gAo-4w
22500278,sqaS2gAo-4w,side-court-logo,460.46,0.7044,28.23,https://www.youtube.com/watch?v=sqaS2gAo-4w
22500278,sqaS2gAo-4w,back-court-logo,496.5,1.3789,25.12,https://www.youtube.com/watch?v=sqaS2gAo-4w
22500278,sqaS2gAo-4w,basket-logo,490.29,0.1744,36.16,https://www.youtube.com/watch?v=sqaS2gAo-4w
22500278,JaTVTX2fOG8,basket-logo,460.4,0.1804,33.56,https://www.youtube.com/watch?v=JaTVTX2fOG8
22500278,JaTVTX2fOG8,side-court-led-logo,473.6,0.9497,29.21,https://www.youtube.com/watch?v=JaTVTX2fOG8
22500278,JaTVTX2fOG8,mid-court-logo,298.8,1.9193,29.46,https://www.youtube.com/watch?v=JaTVTX2fOG8
22500278,JaTVTX2fOG8,back-court-logo,467.4,1.4176,22.87,https://www.youtube.com/watch?v=JaTVTX2fOG8
22500278,JaTVTX2fOG8,side-court-logo,445.0,0.7018,29.28,https://www.youtube.com/watch?v=JaTVTX2fOG8
22500278,S0aJY4s8Fsg,side-court-led-logo,398.2,1.7499,30.05,https://www.youtube.com/watch?v=S0aJY4s8Fsg
22500278,S0aJY4s8Fsg,side-court-logo,508.8,0.9582,30.25,https://www.youtube.com/watch?v=S0aJY4s8Fsg
22500278,S0aJY4s8Fsg,mid-court-logo,187.8,1.4211,31.39,https://www.youtube.com/watch?v=S0aJY4s8Fsg
22500278,S0aJY4s8Fsg,back-court-logo,480.8,2.897,34.0,https://www.youtube.com/watch?v=S0aJY4s8Fsg
22500278,S0aJY4s8Fsg,basket-logo,550.0,0.3263,43.53,https://www.youtube.com/watch?v=S0aJY4s8Fsg
22500278,THm3tSfq_ak,side-court-led-logo,255.6,1.8444,31.66,https://www.youtube.com/watch?v=THm3tSfq_ak
22500278,THm3tSfq_ak,side-court-logo,317.6,0.9955,33.01,https://www.youtube.com/watch?v=THm3tSfq_ak
22500278,THm3tSfq_ak,mid-court-logo,124.8,1.5929,33.57,https://www.youtube.com/watch?v=THm3tSfq_ak
22500278,THm3tSfq_ak,back-court-logo,307.8,2.9825,32.32,https://www.youtube.com/watch?v=THm3tSfq_ak
22500278,THm3tSfq_ak,basket-logo,333.2,0.3315,41.32,https://www.youtube.com/watch?v=THm3tSfq_ak
22500265,55KMxwNup94,basket-logo,467.6,0.1788,32.42,https://www.youtube.com/watch?v=55KMxwNup94
22500265,55KMxwNup94,back-court-logo,476.2,1.8926,22.03,https://www.youtube.com/watch?v=55KMxwNup94
22500265,55KMxwNup94,mid-court-logo,361.2,1.7187,30.56,https://www.youtube.com/watch?v=55KMxwNup94
22500265,55KMxwNup94,side-court-logo,491.2,0.9647,26.57,https://www.youtube.com/watch?v=55KMxwNup94
22500265,55KMxwNup94,side-court-led-logo,435.4,2.6819,32.01,https://www.youtube.com/watch?v=55KMxwNup94
22500265,DbrvD35xGBI,side-court-logo,505.91,0.9226,27.05,https://www.youtube.com/watch?v=DbrvD35xGBI
22500265,DbrvD35xGBI,mid-court-logo,441.64,1.8984,32.22,https://www.youtube.com/watch?v=DbrvD35xGBI
22500265,DbrvD35xGBI,side-court-led-logo,445.65,1.5447,33.42,https://www.youtube.com/watch?v=DbrvD35xGBI
22500265,DbrvD35xGBI,basket-logo,492.09,0.1705,33.66,https://www.youtube.com/watch?v=DbrvD35xGBI
22500265,DbrvD35xGBI,back-court-logo,499.3,1.8561,22.76,https://www.youtube.com/watch?v=DbrvD35xGBI
22500265,OOaqistwqf0,side-court-led-logo,483.2,2.0847,30.97,https://www.youtube.com/watch?v=OOaqistwqf0
22500265,OOaqistwqf0,back-court-logo,516.4,1.8429,23.48,https://www.youtube.com/watch?v=OOaqistwqf0
22500265,OOaqistwqf0,mid-court-logo,403.0,1.9764,28.9,https://www.youtube.com/watch?v=OOaqistwqf0
22500265,OOaqistwqf0,side-court-logo,543.0,0.9632,27.03,https://www.youtube.com/watch?v=OOaqistwqf0
22500265,OOaqistwqf0,basket-logo,502.2,0.1722,33.43,https://www.youtube.com/watch?v=OOaqistwqf0
22500269,HuovTuXyuCY,basket-logo,429.8,0.2625,35.76,https://www.youtube.com/watch?v=HuovTuXyuCY
22500269,HuovTuXyuCY,side-court-logo,499.8,1.0335,27.71,https://www.youtube.com/watch?v=HuovTuXyuCY
22500269,HuovTuXyuCY,back-court-logo,462.6,1.7668,27.37,https://www.youtube.com/watch?v=HuovTuXyuCY
22500269,HuovTuXyuCY,side-court-led-logo,271.8,1.8055,29.72,https://www.youtube.com/watch?v=HuovTuXyuCY
22500269,HuovTuXyuCY,mid-court-logo,402.0,2.2674,32.01,https://www.youtube.com/watch?v=HuovTuXyuCY
22500269,M3owI9VnzxA,mid-court-logo,455.26,2.1117,31.14,https://www.youtube.com/watch?v=M3owI9VnzxA
22500269,M3owI9VnzxA,side-court-led-logo,331.13,1.4217,29.51,https://www.youtube.com/watch?v=M3owI9VnzxA
22500269,M3owI9VnzxA,side-court-logo,547.15,1.002,28.06,https://www.youtube.com/watch?v=M3owI9VnzxA
22500269,M3owI9VnzxA,back-court-logo,492.29,1.7545,28.85,https://www.youtube.com/watch?v=M3owI9VnzxA
22500269,M3owI9VnzxA,basket-logo,458.06,0.25,36.36,https://www.youtube.com/watch?v=M3owI9VnzxA
22500269,CMHfCUdKbJo,basket-logo,426.6,0.2633,35.12,https://www.youtube.com/watch?v=CMHfCUdKbJo
22500269,CMHfCUdKbJo,mid-court-logo,355.8,1.9699,31.13,https://www.youtube.com/watch?v=CMHfCUdKbJo
22500269,CMHfCUdKbJo,side-court-led-logo,254.6,1.772,27.85,https://www.youtube.com/watch?v=CMHfCUdKbJo
22500269,CMHfCUdKbJo,side-court-logo,505.6,1.122,28.43,https://www.youtube.com/watch?v=CMHfCUdKbJo
22500269,CMHfCUdKbJo,back-court-logo,458.2,1.7746,28.46,https://www.youtube.com/watch?v=CMHfCUdKbJo
22500269,fa_9iUTAxwc,basket-logo,432.6,0.2596,35.63,https://www.youtube.com/watch?v=fa_9iUTAxwc
22500269,fa_9iUTAxwc,side-court-logo,499.8,1.0233,27.39,https://www.youtube.com/watch?v=fa_9iUTAxwc
22500269,fa_9iUTAxwc,back-court-logo,462.4,1.7604,27.04,https://www.youtube.com/watch?v=fa_9iUTAxwc
22500269,fa_9iUTAxwc,side-court-led-logo,271.6,1.9802,30.01,https://www.youtube.com/watch?v=fa_9iUTAxwc
22500269,fa_9iUTAxwc,mid-court-logo,401.0,2.2916,31.9,https://www.youtube.com/watch?v=fa_9iUTAxwc
22500048,yPEeARjfurY,basket-logo,477.2,0.173,25.69,https://www.youtube.com/watch?v=yPEeARjfurY
22500048,yPEeARjfurY,back-court-logo,404.8,1.0918,14.31,https://www.youtube.com/watch?v=yPEeARjfurY
22500048,yPEeARjfurY,side-court-led-logo,445.0,0.7554,32.93,https://www.youtube.com/watch?v=yPEeARjfurY
22500048,yPEeARjfurY,mid-court-logo,284.0,1.4543,34.23,https://www.youtube.com/watch?v=yPEeARjfurY
22500048,yPEeARjfurY,side-court-logo,110.8,0.404,32.65,https://www.youtube.com/watch?v=yPEeARjfurY
22500048,-GV-YvQ-7yE,side-court-led-logo,433.23,0.7397,32.0,https://www.youtube.com/watch?v=-GV-YvQ-7yE
22500048,-GV-YvQ-7yE,mid-court-logo,296.5,1.4157,33.02,https://www.youtube.com/watch?v=-GV-YvQ-7yE
22500048,-GV-YvQ-7yE,back-court-logo,438.44,1.1349,16.01,https://www.youtube.com/watch?v=-GV-YvQ-7yE
22500048,-GV-YvQ-7yE,basket-logo,485.29,0.1667,27.24,https://www.youtube.com/watch?v=-GV-YvQ-7yE
22500048,-GV-YvQ-7yE,side-court-logo,118.12,0.4091,31.73,https://www.youtube.com/watch?v=-GV-YvQ-7yE
22500048,vabkCZ4TP9c,basket-logo,498.8,0.1651,27.43,https://www.youtube.com/watch?v=vabkCZ4TP9c
22500048,vabkCZ4TP9c,side-court-led-logo,442.8,0.7374,31.64,https://www.youtube.com/watch?v=vabkCZ4TP9c
22500048,vabkCZ4TP9c,mid-court-logo,303.4,1.5499,31.63,https://www.youtube.com/watch?v=vabkCZ4TP9c
22500048,vabkCZ4TP9c,back-court-logo,446.2,1.1261,16.4,https://www.youtube.com/watch?v=vabkCZ4TP9c
22500048,vabkCZ4TP9c,side-court-logo,114.8,0.4186,31.57,https://www.youtube.com/watch?v=vabkCZ4TP9c
22500048,EOLGTOdZvdc,basket-logo,477.0,0.1733,25.76,https://www.youtube.com/watch?v=EOLGTOdZvdc
22500048,EOLGTOdZvdc,back-court-logo,407.8,1.1202,14.25,https://www.youtube.com/watch?v=EOLGTOdZvdc
22500048,EOLGTOdZvdc,side-court-led-logo,444.0,0.7596,32.96,https://www.youtube.com/watch?v=EOLGTOdZvdc
22500048,EOLGTOdZvdc,mid-court-logo,272.0,1.492,34.09,https://www.youtube.com/watch?v=EOLGTOdZvdc
22500048,EOLGTOdZvdc,side-court-logo,107.0,0.4218,32.15,https://www.youtube.com/watch?v=EOLGTOdZvdc
22500263,91H6pprBv2k,basket-logo,468.2,0.1848,33.93,https://www.youtube.com/watch?v=91H6pprBv2k
22500263,91H6pprBv2k,side-court-led-logo,488.6,2.1524,33.17,https://www.youtube.com/watch?v=91H6pprBv2k
22500263,91H6pprBv2k,mid-court-logo,431.2,1.993,32.55,https://www.youtube.com/watch?v=91H6pprBv2k
22500263,91H6pprBv2k,side-court-logo,519.2,0.8095,26.22,https://www.youtube.com/watch?v=91H6pprBv2k
22500263,91H6pprBv2k,back-court-logo,457.2,1.4177,22.92,https://www.youtube.com/watch?v=91H6pprBv2k
22500263,W-381WO3mqw,mid-court-logo,137.4,1.7627,33.44,https://www.youtube.com/watch?v=W-381WO3mqw
22500263,W-381WO3mqw,side-court-logo,569.8,1.1397,35.47,https://www.youtube.com/watch?v=W-381WO3mqw
22500263,W-381WO3mqw,side-court-led-logo,361.2,2.8211,35.46,https://www.youtube.com/watch?v=W-381WO3mqw
22500263,W-381WO3mqw,back-court-logo,495.4,2.7732,29.33,https://www.youtube.com/watch?v=W-381WO3mqw
22500263,W-381WO3mqw,basket-logo,560.2,0.2995,35.93,https://www.youtube.com/watch?v=W-381WO3mqw
22500274,RvVb178E448,basket-logo,502.0,0.227,34.46,https://www.youtube.com/watch?v=RvVb178E448
22500274,RvVb178E448,side-court-led-logo,528.0,1.1301,30.87,https://www.youtube.com/watch?v=RvVb178E448
22500274,RvVb178E448,side-court-logo,533.4,1.167,26.04,https://www.youtube.com/watch?v=RvVb178E448
22500274,RvVb178E448,back-court-logo,508.8,2.7656,23.22,https://www.youtube.com/watch?v=RvVb178E448
22500274,RvVb178E448,mid-court-logo,425.6,1.1372,33.14,https://www.youtube.com/watch?v=RvVb178E448
22500274,U8bo9tKD3v8,side-court-led-logo,525.73,1.0647,29.45,https://www.youtube.com/watch?v=U8bo9tKD3v8
22500274,U8bo9tKD3v8,back-court-logo,499.3,2.6885,25.65,https://www.youtube.com/watch?v=U8bo9tKD3v8
22500274,U8bo9tKD3v8,mid-court-logo,456.66,1.1418,31.03,https://www.youtube.com/watch?v=U8bo9tKD3v8
22500274,U8bo9tKD3v8,basket-logo,491.69,0.2089,36.27,https://www.youtube.com/watch?v=U8bo9tKD3v8
22500274,U8bo9tKD3v8,side-court-logo,538.14,1.1192,25.75,https://www.youtube.com/watch?v=U8bo9tKD3v8
22500274,Yj1nrx6f810,side-court-led-logo,616.02,1.0556,29.96,https://www.youtube.com/watch?v=Yj1nrx6f810
22500274,Yj1nrx6f810,basket-logo,590.59,0.213,35.18,https://www.youtube.com/watch?v=Yj1nrx6f810
22500274,Yj1nrx6f810,mid-court-logo,519.12,1.1297,33.12,https://www.youtube.com/watch?v=Yj1nrx6f810
22500274,Yj1nrx6f810,side-court-logo,627.03,1.166,24.59,https://www.youtube.com/watch?v=Yj1nrx6f810
22500274,Yj1nrx6f810,back-court-logo,600.6,2.8067,24.23,https://www.youtube.com/watch?v=Yj1nrx6f810
22500274,Aud9uZMqdaw,side-court-led-logo,547.6,1.051,29.94,https://www.youtube.com/watch?v=Aud9uZMqdaw
22500274,Aud9uZMqdaw,basket-logo,526.4,0.2173,35.23,https://www.youtube.com/watch?v=Aud9uZMqdaw
22500274,Aud9uZMqdaw,mid-court-logo,460.8,1.1357,33.06,https://www.youtube.com/watch?v=Aud9uZMqdaw
22500274,Aud9uZMqdaw,side-court-logo,556.6,1.1735,24.48,https://www.youtube.com/watch?v=Aud9uZMqdaw
22500274,Aud9uZMqdaw,back-court-logo,534.6,2.7932,24.15,https://www.youtube.com/watch?v=Aud9uZMqdaw
22500259,6DnJrpaJA1s,basket-logo,448.05,0.2223,32.73,https://www.youtube.com/watch?v=6DnJrpaJA1s
22500259,6DnJrpaJA1s,side-court-logo,494.29,1.2505,29.76,https://www.youtube.com/watch?v=6DnJrpaJA1s
22500259,6DnJrpaJA1s,back-court-logo,460.26,1.7922,22.04,https://www.youtube.com/watch?v=6DnJrpaJA1s
22500259,6DnJrpaJA1s,side-court-led-logo,279.28,2.0311,36.93,https://www.youtube.com/watch?v=6DnJrpaJA1s
22500259,6DnJrpaJA1s,mid-court-logo,399.6,2.2512,37.26,https://www.youtube.com/watch?v=6DnJrpaJA1s
22500259,v5707CTdRrI,basket-logo,473.8,0.2258,32.73,https://www.youtube.com/watch?v=v5707CTdRrI
22500259,v5707CTdRrI,side-court-logo,520.8,1.2513,30.11,https://www.youtube.com/watch?v=v5707CTdRrI
22500259,v5707CTdRrI,back-court-logo,483.8,1.8011,22.69,https://www.youtube.com/watch?v=v5707CTdRrI
22500259,v5707CTdRrI,side-court-led-logo,289.6,1.5584,34.01,https://www.youtube.com/watch?v=v5707CTdRrI
22500259,v5707CTdRrI,mid-court-logo,410.4,2.2267,36.01,https://www.youtube.com/watch?v=v5707CTdRrI
22500256,e3bmXlMGvQM,basket-logo,435.4,0.205,32.12,https://www.youtube.com/watch?v=e3bmXlMGvQM
22500256,e3bmXlMGvQM,side-court-led-logo,481.2,0.9948,26.44,https://www.youtube.com/watch?v=e3bmXlMGvQM
22500256,e3bmXlMGvQM,back-court-logo,453.2,1.6644,21.56,https://www.youtube.com/watch?v=e3bmXlMGvQM
22500256,e3bmXlMGvQM,mid-court-logo,354.6,2.2051,29.66,https://www.youtube.com/watch?v=e3bmXlMGvQM
22500256,e3bmXlMGvQM,side-court-logo,0.4,2.6698,38.91,https://www.youtube.com/watch?v=e3bmXlMGvQM
22500256,6fs97jNcbVY,basket-logo,496.8,0.1925,34.15,https://www.youtube.com/watch?v=6fs97jNcbVY
22500256,6fs97jNcbVY,mid-court-logo,425.6,2.1434,28.45,https://www.youtube.com/watch?v=6fs97jNcbVY
22500256,6fs97jNcbVY,back-court-logo,518.2,1.5501,24.45,https://www.youtube.com/watch?v=6fs97jNcbVY
22500256,6fs97jNcbVY,side-court-led-logo,540.4,0.8867,25.34,https://www.youtube.com/watch?v=6fs97jNcbVY
22500256,6fs97jNcbVY,side-court-logo,1.0,3.5211,32.72,https://www.youtube.com/watch?v=6fs97jNcbVY
22500267,0Rf7SCccD5Y,basket-logo,482.4,0.2235,37.08,https://www.youtube.com/watch?v=0Rf7SCccD5Y
22500267,0Rf7SCccD5Y,back-court-logo,486.2,1.5192,23.85,https://www.youtube.com/watch?v=0Rf7SCccD5Y
22500267,0Rf7SCccD5Y,side-court-logo,509.2,0.6829,30.48,https://www.youtube.com/watch?v=0Rf7SCccD5Y
22500267,0Rf7SCccD5Y,side-court-led-logo,515.8,2.7782,33.86,https://www.youtube.com/watch?v=0Rf7SCccD5Y
22500267,0Rf7SCccD5Y,mid-court-logo,417.6,2.2564,34.66,https://www.youtube.com/watch?v=0Rf7SCccD5Y
22500267,qePKOUY_rkQ,mid-court-logo,434.63,2.1613,29.58,https://www.youtube.com/watch?v=qePKOUY_rkQ
22500267,qePKOUY_rkQ,side-court-led-logo,521.52,2.8602,29.13,https://www.youtube.com/watch?v=qePKOUY_rkQ
22500267,qePKOUY_rkQ,side-court-logo,505.71,0.6452,26.64,https://www.youtube.com/watch?v=qePKOUY_rkQ
22500267,qePKOUY_rkQ,back-court-logo,488.09,1.4434,27.26,https://www.youtube.com/watch?v=qePKOUY_rkQ
22500267,qePKOUY_rkQ,basket-logo,477.68,0.2138,39.76,https://www.youtube.com/watch?v=qePKOUY_rkQ
22500267,gGf__2NVTog,side-court-logo,511.4,0.6683,27.88,https://www.youtube.com/watch?v=gGf__2NVTog
22500267,gGf__2NVTog,side-court-led-logo,521.4,2.9063,31.26,https://www.youtube.com/watch?v=gGf__2NVTog
22500267,gGf__2NVTog,mid-court-logo,445.8,2.1176,32.27,https://www.youtube.com/watch?v=gGf__2NVTog
22500267,gGf__2NVTog,back-court-logo,494.0,1.4195,25.94,https://www.youtube.com/watch?v=gGf__2NVTog
22500267,gGf__2NVTog,basket-logo,487.8,0.2142,38.91,https://www.youtube.com/watch?v=gGf__2NVTog
22500054,9hY_4aHdoOw,basket-logo,440.0,0.1955,33.22,https://www.youtube.com/watch?v=9hY_4aHdoOw
22500054,9hY_4aHdoOw,back-court-logo,441.0,1.7393,20.53,https://www.youtube.com/watch?v=9hY_4aHdoOw
22500054,9hY_4aHdoOw,side-court-logo,379.8,0.3386,26.16,https://www.youtube.com/watch?v=9hY_4aHdoOw
22500054,9hY_4aHdoOw,side-court-led-logo,289.4,1.4857,34.26,https://www.youtube.com/watch?v=9hY_4aHdoOw
22500054,9hY_4aHdoOw,mid-court-logo,352.6,1.525,32.01,https://www.youtube.com/watch?v=9hY_4aHdoOw
22500054,bP1Vzlq5AaA,mid-court-logo,483.08,1.4817,31.07,https://www.youtube.com/watch?v=bP1Vzlq5AaA
22500054,bP1Vzlq5AaA,basket-logo,571.37,0.1878,35.57,https://www.youtube.com/watch?v=bP1Vzlq5AaA
22500054,bP1Vzlq5AaA,back-court-logo,563.16,1.7089,23.11,https://www.youtube.com/watch?v=bP1Vzlq5AaA
22500054,bP1Vzlq5AaA,side-court-led-logo,373.77,1.2591,31.93,https://www.youtube.com/watch?v=bP1Vzlq5AaA
22500054,bP1Vzlq5AaA,side-court-logo,494.09,0.282,25.17,https://www.youtube.com/watch?v=bP1Vzlq5AaA
22500054,ru_F-Nym-SY,basket-logo,471.47,0.1876,35.73,https://www.youtube.com/watch?v=ru_F-Nym-SY
22500054,ru_F-Nym-SY,side-court-led-logo,352.55,1.4629,31.8,https://www.youtube.com/watch?v=ru_F-Nym-SY
22500054,ru_F-Nym-SY,side-court-logo,413.61,0.3023,25.35,https://www.youtube.com/watch?v=ru_F-Nym-SY
22500054,ru_F-Nym-SY,mid-court-logo,418.02,1.5323,30.58,https://www.youtube.com/watch?v=ru_F-Nym-SY
22500054,ru_F-Nym-SY,back-court-logo,467.27,1.7197,23.82,https://www.youtube.com/watch?v=ru_F-Nym-SY
22500054,o5wPZw3ppxc,basket-logo,511.8,0.1902,34.81,https://www.youtube.com/watch?v=o5wPZw3ppxc
22500054,o5wPZw3ppxc,back-court-logo,510.0,1.7176,21.58,https://www.youtube.com/watch?v=o5wPZw3ppxc
22500054,o5wPZw3ppxc,side-court-led-logo,338.8,1.3429,33.78,https://www.youtube.com/watch?v=o5wPZw3ppxc
22500054,o5wPZw3ppxc,mid-court-logo,417.6,1.511,31.63,https://www.youtube.com/watch?v=o5wPZw3ppxc
22500054,o5wPZw3ppxc,side-court-logo,389.8,0.3144,25.35,https://www.youtube.com/watch?v=o5wPZw3ppxc
22500262,UzB30ud1b3o,basket-logo,443.6,0.1732,36.31,https://www.youtube.com/watch?v=UzB30ud1b3o
22500262,UzB30ud1b3o,side-court-led-logo,491.6,2.0267,33.03,https://www.youtube.com/watch?v=UzB30ud1b3o
22500262,UzB30ud1b3o,back-court-logo,423.6,0.9308,23.07,https://www.youtube.com/watch?v=UzB30ud1b3o
22500262,UzB30ud1b3o,side-court-logo,439.2,0.3937,26.84,https://www.youtube.com/watch?v=UzB30ud1b3o
22500262,UzB30ud1b3o,mid-court-logo,356.2,1.3884,33.24,https://www.youtube.com/watch?v=UzB30ud1b3o
22500262,1ndzbrmJ9k8,basket-logo,512.4,0.1794,35.99,https://www.youtube.com/watch?v=1ndzbrmJ9k8
22500262,1ndzbrmJ9k8,side-court-led-logo,505.4,2.0682,30.68,https://www.youtube.com/watch?v=1ndzbrmJ9k8
22500262,1ndzbrmJ9k8,back-court-logo,451.4,0.9363,25.14,https://www.youtube.com/watch?v=1ndzbrmJ9k8
22500262,1ndzbrmJ9k8,side-court-logo,488.8,0.3925,26.08,https://www.youtube.com/watch?v=1ndzbrmJ9k8
22500262,1ndzbrmJ9k8,mid-court-logo,277.4,1.0568,27.55,https://www.youtube.com/watch?v=1ndzbrmJ9k8
22500262,z5IIyd_o1Nc,mid-court-logo,38.2,1.2184,32.05,https://www.youtube.com/watch?v=z5IIyd_o1Nc
22500262,z5IIyd_o1Nc,side-court-logo,534.4,0.8575,33.09,https://www.youtube.com/watch?v=z5IIyd_o1Nc
22500262,z5IIyd_o1Nc,side-court-led-logo,477.4,2.0277,34.13,https://www.youtube.com/watch?v=z5IIyd_o1Nc
22500262,z5IIyd_o1Nc,basket-logo,408.2,0.3047,43.67,https://www.youtube.com/watch?v=z5IIyd_o1Nc
22500262,z5IIyd_o1Nc,back-court-logo,460.2,2.2554,34.13,https://www.youtube.com/watch?v=z5IIyd_o1Nc
22500051,Q-HSTnmJ1yg,basket-logo,450.2,0.2394,32.5,https://www.youtube.com/watch?v=Q-HSTnmJ1yg
22500051,Q-HSTnmJ1yg,back-court-logo,461.6,1.8659,21.5,https://www.youtube.com/watch?v=Q-HSTnmJ1yg
22500051,Q-HSTnmJ1yg,side-court-led-logo,343.4,1.5271,34.55,https://www.youtube.com/watch?v=Q-HSTnmJ1yg
22500051,Q-HSTnmJ1yg,side-court-logo,453.0,1.0747,28.46,https://www.youtube.com/watch?v=Q-HSTnmJ1yg
22500051,Q-HSTnmJ1yg,mid-court-logo,307.4,2.2489,32.38,https://www.youtube.com/watch?v=Q-HSTnmJ1yg
22500051,h60R4cADqWI,basket-logo,446.05,0.2219,34.7,https://www.youtube.com/watch?v=h60R4cADqWI
22500051,h60R4cADqWI,mid-court-logo,290.09,2.2451,31.91,https://www.youtube.com/watch?v=h60R4cADqWI
22500051,h60R4cADqWI,side-court-led-logo,368.37,1.3993,33.91,https://www.youtube.com/watch?v=h60R4cADqWI
22500051,h60R4cADqWI,side-court-logo,431.43,1.0697,27.59,https://www.youtube.com/watch?v=h60R4cADqWI
22500051,h60R4cADqWI,back-court-logo,457.86,1.8082,23.98,https://www.youtube.com/watch?v=h60R4cADqWI
22500051,776OgLmDVT4,basket-logo,479.4,0.234,35.48,https://www.youtube.com/watch?v=776OgLmDVT4
22500051,776OgLmDVT4,side-court-led-logo,369.8,1.5799,33.14,https://www.youtube.com/watch?v=776OgLmDVT4
22500051,776OgLmDVT4,back-court-logo,488.2,1.8433,23.37,https://www.youtube.com/watch?v=776OgLmDVT4
22500051,776OgLmDVT4,side-court-logo,456.8,1.0943,26.55,https://www.youtube.com/watch?v=776OgLmDVT4
22500051,776OgLmDVT4,mid-court-logo,298.0,2.2653,30.78,https://www.youtube.com/watch?v=776OgLmDVT4
22500051,94XzP626wQE,basket-logo,113.51,0.2197,33.0,https://www.youtube.com/watch?v=94XzP626wQE
22500051,94XzP626wQE,side-court-led-logo,87.89,1.2506,34.18,https://www.youtube.com/watch?v=94XzP626wQE
22500051,94XzP626wQE,back-court-logo,109.71,1.8044,21.83,https://www.youtube.com/watch?v=94XzP626wQE
22500051,94XzP626wQE,mid-court-logo,58.66,1.7443,32.87,https://www.youtube.com/watch?v=94XzP626wQE
22500051,94XzP626wQE,side-court-logo,101.9,1.0541,26.45,https://www.youtube.com/watch?v=94XzP626wQE
22500257,FLLJxa7e1CI,basket-logo,467.2,0.174,33.82,https://www.youtube.com/watch?v=FLLJxa7e1CI
22500257,FLLJxa7e1CI,side-court-logo,509.6,0.9176,24.4,https://www.youtube.com/watch?v=FLLJxa7e1CI
22500257,FLLJxa7e1CI,side-court-led-logo,207.0,0.767,35.41,https://www.youtube.com/watch?v=FLLJxa7e1CI
22500257,FLLJxa7e1CI,mid-court-logo,505.8,2.8821,33.31,https://www.youtube.com/watch?v=FLLJxa7e1CI
22500257,FLLJxa7e1CI,back-court-logo,459.4,1.1947,23.16,https://www.youtube.com/watch?v=FLLJxa7e1CI
22500257,_w0YolCnops,basket-logo,528.13,0.1672,33.63,https://www.youtube.com/watch?v=_w0YolCnops
22500257,_w0YolCnops,side-court-logo,568.17,0.8647,24.52,https://www.youtube.com/watch?v=_w0YolCnops
22500257,_w0YolCnops,side-court-led-logo,248.65,0.7043,35.27,https://www.youtube.com/watch?v=_w0YolCnops
22500257,_w0YolCnops,back-court-logo,515.32,1.1489,22.98,https://www.youtube.com/watch?v=_w0YolCnops
22500257,_w0YolCnops,mid-court-logo,564.96,2.8906,34.23,https://www.youtube.com/watch?v=_w0YolCnops
22500257,-JXWI8hyJPs,basket-logo,493.69,0.1691,35.19,https://www.youtube.com/watch?v=-JXWI8hyJPs
22500257,-JXWI8hyJPs,mid-court-logo,531.13,2.7232,32.67,https://www.youtube.com/watch?v=-JXWI8hyJPs
22500257,-JXWI8hyJPs,side-court-logo,529.33,0.8688,24.37,https://www.youtube.com/watch?v=-JXWI8hyJPs
22500257,-JXWI8hyJPs,back-court-logo,487.49,1.1503,24.46,https://www.youtube.com/watch?v=-JXWI8hyJPs
22500257,-JXWI8hyJPs,side-court-led-logo,229.83,0.8068,33.96,https://www.youtube.com/watch?v=-JXWI8hyJPs
22500261,N97JrrtlBiw,mid-court-logo,367.4,2.5008,30.52,https://www.youtube.com/watch?v=N97JrrtlBiw
22500261,N97JrrtlBiw,side-court-led-logo,299.0,1.6791,30.15,https://www.youtube.com/watch?v=N97JrrtlBiw
22500261,N97JrrtlBiw,basket-logo,464.4,0.2362,33.64,https://www.youtube.com/watch?v=N97JrrtlBiw
22500261,N97JrrtlBiw,side-court-logo,514.4,0.9136,28.56,https://www.youtube.com/watch?v=N97JrrtlBiw
22500261,S2PR2ZI5BqA,mid-court-logo,364.76,2.7363,28.18,https://www.youtube.com/watch?v=S2PR2ZI5BqA
22500261,S2PR2ZI5BqA,side-court-logo,528.73,0.8991,28.14,https://www.youtube.com/watch?v=S2PR2ZI5BqA
22500261,S2PR2ZI5BqA,side-court-led-logo,323.12,1.5925,27.43,https://www.youtube.com/watch?v=S2PR2ZI5BqA
22500261,S2PR2ZI5BqA,basket-logo,446.05,0.2325,33.81,https://www.youtube.com/watch?v=S2PR2ZI5BqA
22500261,S2PR2ZI5BqA,back-court-logo,0.8,0.1993,68.29,https://www.youtube.com/watch?v=S2PR2ZI5BqA
22500261,7T88fw__plU,basket-logo,456.8,0.2316,32.68,https://www.youtube.com/watch?v=7T88fw__plU
22500261,7T88fw__plU,side-court-led-logo,316.4,1.8619,30.26,https://www.youtube.com/watch?v=7T88fw__plU
22500261,7T88fw__plU,side-court-logo,508.6,0.9084,28.76,https://www.youtube.com/watch?v=7T88fw__plU
22500261,7T88fw__plU,mid-court-logo,354.2,2.6265,30.35,https://www.youtube.com/watch?v=7T88fw__plU
22500261,7T88fw__plU,back-court-logo,1.4,0.187,68.28,https://www.youtube.com/watch?v=7T88fw__plU
22500254,ufHTyCB3kEQ,basket-logo,438.2,0.16,33.21,https://www.youtube.com/watch?v=ufHTyCB3kEQ
22500254,ufHTyCB3kEQ,mid-court-logo,439.0,1.7767,33.2,https://www.youtube.com/watch?v=ufHTyCB3kEQ
22500254,ufHTyCB3kEQ,side-court-led-logo,446.2,1.983,33.55,https://www.youtube.com/watch?v=ufHTyCB3kEQ
22500254,ufHTyCB3kEQ,side-court-logo,439.6,0.4629,28.7,https://www.youtube.com/watch?v=ufHTyCB3kEQ
22500254,ufHTyCB3kEQ,back-court-logo,426.0,1.5023,22.61,https://www.youtube.com/watch?v=ufHTyCB3kEQ
22500254,zgBXRPj-c8A,side-court-led-logo,354.6,1.8514,34.05,https://www.youtube.com/watch?v=zgBXRPj-c8A
22500254,zgBXRPj-c8A,mid-court-logo,352.6,1.9372,33.89,https://www.youtube.com/watch?v=zgBXRPj-c8A
22500254,zgBXRPj-c8A,back-court-logo,330.0,1.4941,21.93,https://www.youtube.com/watch?v=zgBXRPj-c8A
22500254,zgBXRPj-c8A,side-court-logo,341.0,0.4359,28.51,https://www.youtube.com/watch?v=zgBXRPj-c8A
22500254,zgBXRPj-c8A,basket-logo,371.2,0.1585,33.01,https://www.youtube.com/watch?v=zgBXRPj-c8A
22500239,BL25ccS_q3M,basket-logo,479.6,0.2295,38.36,https://www.youtube.com/watch?v=BL25ccS_q3M
22500239,BL25ccS_q3M,back-court-logo,489.0,2.0643,26.35,https://www.youtube.com/watch?v=BL25ccS_q3M
22500239,BL25ccS_q3M,mid-court-logo,453.6,2.2332,34.12,https://www.youtube.com/watch?v=BL25ccS_q3M
22500239,BL25ccS_q3M,side-court-led-logo,218.6,1.3316,31.58,https://www.youtube.com/watch?v=BL25ccS_q3M
22500239,BL25ccS_q3M,side-court-logo,4.8,0.2821,37.6,https://www.youtube.com/watch?v=BL25ccS_q3M
22500235,_hd3T0Rvk2A,side-court-led-logo,513.8,1.0999,28.78,https://www.youtube.com/watch?v=_hd3T0Rvk2A
22500235,_hd3T0Rvk2A,mid-court-logo,267.0,1.716,28.01,https://www.youtube.com/watch?v=_hd3T0Rvk2A
22500235,_hd3T0Rvk2A,side-court-logo,529.8,0.951,28.94,https://www.youtube.com/watch?v=_hd3T0Rvk2A
22500235,_hd3T0Rvk2A,back-court-logo,496.8,1.5335,24.51,https://www.youtube.com/watch?v=_hd3T0Rvk2A
22500235,_hd3T0Rvk2A,basket-logo,477.4,0.1545,36.12,https://www.youtube.com/watch?v=_hd3T0Rvk2A
22500052,HwlS8jVFNiA,basket-logo,436.6,0.223,35.0,https://www.youtube.com/watch?v=HwlS8jVFNiA
22500052,HwlS8jVFNiA,side-court-led-logo,381.4,2.1479,31.29,https://www.youtube.com/watch?v=HwlS8jVFNiA
22500052,HwlS8jVFNiA,mid-court-logo,50.6,0.9813,29.7,https://www.youtube.com/watch?v=HwlS8jVFNiA
22500052,HwlS8jVFNiA,side-court-logo,42.0,0.7494,42.29,https://www.youtube.com/watch?v=HwlS8jVFNiA
22500052,HwlS8jVFNiA,back-court-logo,103.0,0.6291,24.19,https://www.youtube.com/watch?v=HwlS8jVFNiA
22500052,oygBSeFfMfs,side-court-led-logo,434.63,2.2195,30.7,https://www.youtube.com/watch?v=oygBSeFfMfs
22500052,oygBSeFfMfs,basket-logo,443.24,0.2136,34.96,https://www.youtube.com/watch?v=oygBSeFfMfs
22500052,oygBSeFfMfs,mid-court-logo,62.26,0.9237,27.78,https://www.youtube.com/watch?v=oygBSeFfMfs
22500052,oygBSeFfMfs,back-court-logo,138.14,0.6411,25.52,https://www.youtube.com/watch?v=oygBSeFfMfs
22500052,oygBSeFfMfs,side-court-logo,43.64,0.4772,40.98,https://www.youtube.com/watch?v=oygBSeFfMfs
22500052,4qnUtrUIY4I,basket-logo,469.8,0.2181,35.47,https://www.youtube.com/watch?v=4qnUtrUIY4I
22500052,4qnUtrUIY4I,side-court-led-logo,433.8,2.0899,31.33,https://www.youtube.com/watch?v=4qnUtrUIY4I
22500052,4qnUtrUIY4I,mid-court-logo,59.8,0.9432,27.31,https://www.youtube.com/watch?v=4qnUtrUIY4I
22500052,4qnUtrUIY4I,back-court-logo,129.2,0.6245,25.01,https://www.youtube.com/watch?v=4qnUtrUIY4I
22500052,4qnUtrUIY4I,side-court-logo,54.2,0.5217,42.22,https://www.youtube.com/watch?v=4qnUtrUIY4I
22500052,zrTQrgylVYk,basket-logo,437.0,0.2242,35.28,https://www.youtube.com/watch?v=zrTQrgylVYk
22500052,zrTQrgylVYk,side-court-led-logo,382.4,2.163,30.97,https://www.youtube.com/watch?v=zrTQrgylVYk
22500052,zrTQrgylVYk,mid-court-logo,47.8,0.9608,29.55,https://www.youtube.com/watch?v=zrTQrgylVYk
22500052,zrTQrgylVYk,side-court-logo,41.8,0.6851,41.4,https://www.youtube.com/watch?v=zrTQrgylVYk
22500052,zrTQrgylVYk,back-court-logo,97.8,0.6281,23.86,https://www.youtube.com/watch?v=zrTQrgylVYk
22500052,pow0ViaREBM,basket-logo,436.0,0.2351,34.98,https://www.youtube.com/watch?v=pow0ViaREBM
22500052,pow0ViaREBM,side-court-led-logo,381.0,2.1459,31.52,https://www.youtube.com/watch?v=pow0ViaREBM
22500052,pow0ViaREBM,mid-court-logo,42.8,1.0212,31.08,https://www.youtube.com/watch?v=pow0ViaREBM
22500052,pow0ViaREBM,side-court-logo,39.6,0.6047,40.67,https://www.youtube.com/watch?v=pow0ViaREBM
22500052,pow0ViaREBM,back-court-logo,92.0,0.6448,23.66,https://www.youtube.com/watch?v=pow0ViaREBM
22500241,t0TkWNnnArU,basket-logo,423.02,0.1686,34.2,https://www.youtube.com/watch?v=t0TkWNnnArU
22500241,t0TkWNnnArU,side-court-led-logo,463.86,0.8911,29.26,https://www.youtube.com/watch?v=t0TkWNnnArU
22500241,t0TkWNnnArU,mid-court-logo,191.39,3.0428,33.02,https://www.youtube.com/watch?v=t0TkWNnnArU
22500241,t0TkWNnnArU,back-court-logo,248.05,1.054,24.97,https://www.youtube.com/watch?v=t0TkWNnnArU
22500241,t0TkWNnnArU,side-court-logo,22.42,0.4726,37.28,https://www.youtube.com/watch?v=t0TkWNnnArU
22500241,FYcwiLb13yA,side-court-led-logo,525.4,0.8463,28.85,https://www.youtube.com/watch?v=FYcwiLb13yA
22500241,FYcwiLb13yA,back-court-logo,164.8,0.9887,25.16,https://www.youtube.com/watch?v=FYcwiLb13yA
22500241,FYcwiLb13yA,basket-logo,502.6,0.1642,34.5,https://www.youtube.com/watch?v=FYcwiLb13yA
22500241,FYcwiLb13yA,mid-court-logo,102.6,3.8914,32.32,https://www.youtube.com/watch?v=FYcwiLb13yA
22500241,FYcwiLb13yA,side-court-logo,9.2,0.5957,26.37,https://www.youtube.com/watch?v=FYcwiLb13yA
22500260,edrh9LZPyN8,basket-logo,447.8,0.1402,32.15,https://www.youtube.com/watch?v=edrh9LZPyN8
22500260,edrh9LZPyN8,side-court-led-logo,397.8,1.6504,33.86,https://www.youtube.com/watch?v=edrh9LZPyN8
22500260,edrh9LZPyN8,side-court-logo,504.0,1.248,25.18,https://www.youtube.com/watch?v=edrh9LZPyN8
22500260,edrh9LZPyN8,mid-court-logo,479.0,2.0053,34.29,https://www.youtube.com/watch?v=edrh9LZPyN8
22500260,kVAFe_jAiV4,mid-court-logo,513.11,2.1056,33.46,https://www.youtube.com/watch?v=kVAFe_jAiV4
22500260,kVAFe_jAiV4,side-court-logo,544.54,1.1188,25.14,https://www.youtube.com/watch?v=kVAFe_jAiV4
22500260,kVAFe_jAiV4,side-court-led-logo,445.45,1.5899,33.41,https://www.youtube.com/watch?v=kVAFe_jAiV4
22500260,kVAFe_jAiV4,basket-logo,473.47,0.1348,32.93,https://www.youtube.com/watch?v=kVAFe_jAiV4
22500260,kVAFe_jAiV4,back-court-logo,0.6,0.784,18.22,https://www.youtube.com/watch?v=kVAFe_jAiV4
22500260,1dkbSObn0sE,basket-logo,522.32,0.1359,33.87,https://www.youtube.com/watch?v=1dkbSObn0sE
22500260,1dkbSObn0sE,side-court-led-logo,470.07,1.4042,32.67,https://www.youtube.com/watch?v=1dkbSObn0sE
22500260,1dkbSObn0sE,side-court-logo,580.18,1.1353,24.3,https://www.youtube.com/watch?v=1dkbSObn0sE
22500260,1dkbSObn0sE,mid-court-logo,549.15,2.0558,33.69,https://www.youtube.com/watch?v=1dkbSObn0sE
22500260,1dkbSObn0sE,back-court-logo,0.2,1.7231,2.37,https://www.youtube.com/watch?v=1dkbSObn0sE
22500242,OhUhLVJOsB8,basket-logo,468.0,0.2378,37.16,https://www.youtube.com/watch?v=OhUhLVJOsB8
22500242,OhUhLVJOsB8,side-court-led-logo,524.2,1.2414,30.74,https://www.youtube.com/watch?v=OhUhLVJOsB8
22500242,OhUhLVJOsB8,side-court-logo,522.4,1.2464,25.63,https://www.youtube.com/watch?v=OhUhLVJOsB8
22500242,OhUhLVJOsB8,back-court-logo,482.4,1.4345,25.78,https://www.youtube.com/watch?v=OhUhLVJOsB8
22500242,OhUhLVJOsB8,mid-court-logo,386.0,1.8645,33.3,https://www.youtube.com/watch?v=OhUhLVJOsB8
22500242,QkxgiMsRj6E,side-court-led-logo,349.2,1.9871,31.11,https://www.youtube.com/watch?v=QkxgiMsRj6E
22500242,QkxgiMsRj6E,mid-court-logo,88.2,2.0995,26.86,https://www.youtube.com/watch?v=QkxgiMsRj6E
22500242,QkxgiMsRj6E,side-court-logo,375.2,2.5128,26.33,https://www.youtube.com/watch?v=QkxgiMsRj6E
22500242,QkxgiMsRj6E,back-court-logo,335.8,3.0434,35.67,https://www.youtube.com/watch?v=QkxgiMsRj6E
22500242,QkxgiMsRj6E,basket-logo,322.2,0.3945,46.88,https://www.youtube.com/watch?v=QkxgiMsRj6E
22500255,b6rUKiNItaw,basket-logo,459.8,0.1657,33.63,https://www.youtube.com/watch?v=b6rUKiNItaw
22500255,b6rUKiNItaw,side-court-led-logo,489.4,0.8415,29.63,https://www.youtube.com/watch?v=b6rUKiNItaw
22500255,b6rUKiNItaw,mid-court-logo,376.8,1.6169,34.27,https://www.youtube.com/watch?v=b6rUKiNItaw
22500255,b6rUKiNItaw,back-court-logo,369.0,1.0724,23.2,https://www.youtube.com/watch?v=b6rUKiNItaw
22500255,b6rUKiNItaw,side-court-logo,162.4,0.3585,34.41,https://www.youtube.com/watch?v=b6rUKiNItaw
22500255,RMY9Wlp54uE,basket-logo,521.32,0.1651,34.43,https://www.youtube.com/watch?v=RMY9Wlp54uE
22500255,RMY9Wlp54uE,side-court-led-logo,565.77,0.8329,28.74,https://www.youtube.com/watch?v=RMY9Wlp54uE
22500255,RMY9Wlp54uE,mid-court-logo,456.46,1.5487,33.42,https://www.youtube.com/watch?v=RMY9Wlp54uE
22500255,RMY9Wlp54uE,side-court-logo,209.21,0.3457,34.13,https://www.youtube.com/watch?v=RMY9Wlp54uE
22500255,RMY9Wlp54uE,back-court-logo,399.8,1.1199,25.17,https://www.youtube.com/watch?v=RMY9Wlp54uE
22500255,VKptEQS2V2U,basket-logo,468.67,0.1628,34.83,https://www.youtube.com/watch?v=VKptEQS2V2U
22500255,VKptEQS2V2U,side-court-led-logo,534.13,0.8623,28.81,https://www.youtube.com/watch?v=VKptEQS2V2U
22500255,VKptEQS2V2U,mid-court-logo,440.04,1.6637,32.64,https://www.youtube.com/watch?v=VKptEQS2V2U
22500255,VKptEQS2V2U,side-court-logo,191.79,0.35,32.2,https://www.youtube.com/watch?v=VKptEQS2V2U
22500255,VKptEQS2V2U,back-court-logo,366.77,1.0009,25.53,https://www.youtube.com/watch?v=VKptEQS2V2U
22500255,nZJ910SREGI,side-court-led-logo,542.6,1.4911,37.77,https://www.youtube.com/watch?v=nZJ910SREGI
22500255,nZJ910SREGI,mid-court-logo,159.8,1.2897,37.03,https://www.youtube.com/watch?v=nZJ910SREGI
22500255,nZJ910SREGI,side-court-logo,144.8,0.7479,39.45,https://www.youtube.com/watch?v=nZJ910SREGI
22500255,nZJ910SREGI,basket-logo,548.8,0.2864,40.64,https://www.youtube.com/watch?v=nZJ910SREGI
22500255,nZJ910SREGI,back-court-logo,228.8,2.6712,31.77,https://www.youtube.com/watch?v=nZJ910SREGI
22500249,EZVfU0bsDUg,basket-logo,491.6,0.2649,32.89,https://www.youtube.com/watch?v=EZVfU0bsDUg
22500249,EZVfU0bsDUg,side-court-led-logo,299.4,1.3666,33.14,https://www.youtube.com/watch?v=EZVfU0bsDUg
22500249,EZVfU0bsDUg,mid-court-logo,405.2,2.3826,33.13,https://www.youtube.com/watch?v=EZVfU0bsDUg
22500249,EZVfU0bsDUg,side-court-logo,545.6,0.9076,29.26,https://www.youtube.com/watch?v=EZVfU0bsDUg
22500249,EZVfU0bsDUg,back-court-logo,515.0,1.6763,20.96,https://www.youtube.com/watch?v=EZVfU0bsDUg
22500249,2m-n2xxZ4kM,basket-logo,435.64,0.2589,33.84,https://www.youtube.com/watch?v=2m-n2xxZ4kM
22500249,2m-n2xxZ4kM,mid-court-logo,375.58,2.3447,31.22,https://www.youtube.com/watch?v=2m-n2xxZ4kM
22500249,2m-n2xxZ4kM,back-court-logo,456.66,1.6648,22.13,https://www.youtube.com/watch?v=2m-n2xxZ4kM
22500249,2m-n2xxZ4kM,side-court-led-logo,303.3,1.3062,32.77,https://www.youtube.com/watch?v=2m-n2xxZ4kM
22500249,2m-n2xxZ4kM,side-court-logo,495.5,0.9716,28.27,https://www.youtube.com/watch?v=2m-n2xxZ4kM
22500249,O47BP64Qrsg,mid-court-logo,404.8,2.4373,31.06,https://www.youtube.com/watch?v=O47BP64Qrsg
22500249,O47BP64Qrsg,side-court-logo,521.8,0.9229,26.93,https://www.youtube.com/watch?v=O47BP64Qrsg
22500249,O47BP64Qrsg,side-court-led-logo,309.2,1.3225,32.16,https://www.youtube.com/watch?v=O47BP64Qrsg
22500249,O47BP64Qrsg,back-court-logo,493.2,1.6597,22.35,https://www.youtube.com/watch?v=O47BP64Qrsg
22500249,O47BP64Qrsg,basket-logo,477.6,0.2702,34.39,https://www.youtube.com/watch?v=O47BP64Qrsg
22500258,E-C4RvjbhVc,basket-logo,460.26,0.2744,36.98,https://www.youtube.com/watch?v=E-C4RvjbhVc
22500258,E-C4RvjbhVc,mid-court-logo,355.96,2.1343,28.15,https://www.youtube.com/watch?v=E-C4RvjbhVc
22500258,E-C4RvjbhVc,side-court-logo,481.68,0.9308,28.61,https://www.youtube.com/watch?v=E-C4RvjbhVc
22500258,E-C4RvjbhVc,side-court-led-logo,320.92,1.9719,27.98,https://www.youtube.com/watch?v=E-C4RvjbhVc
22500258,E-C4RvjbhVc,back-court-logo,468.27,2.315,26.97,https://www.youtube.com/watch?v=E-C4RvjbhVc
22500258,q_C0mfCgTkE,mid-court-logo,305.71,2.0826,26.89,https://www.youtube.com/watch?v=q_C0mfCgTkE
22500258,q_C0mfCgTkE,back-court-logo,489.09,2.2812,27.95,https://www.youtube.com/watch?v=q_C0mfCgTkE
22500258,q_C0mfCgTkE,side-court-logo,507.91,0.9577,28.66,https://www.youtube.com/watch?v=q_C0mfCgTkE
22500258,q_C0mfCgTkE,basket-logo,478.08,0.2221,38.48,https://www.youtube.com/watch?v=q_C0mfCgTkE
22500258,q_C0mfCgTkE,side-court-led-logo,381.38,2.0396,29.17,https://www.youtube.com/watch?v=q_C0mfCgTkE
22500258,XBlxXEaOWHw,basket-logo,428.43,0.2325,36.16,https://www.youtube.com/watch?v=XBlxXEaOWHw
22500258,XBlxXEaOWHw,back-court-logo,440.64,2.3687,26.43,https://www.youtube.com/watch?v=XBlxXEaOWHw
22500258,XBlxXEaOWHw,side-court-logo,466.67,0.9867,29.74,https://www.youtube.com/watch?v=XBlxXEaOWHw
22500258,XBlxXEaOWHw,side-court-led-logo,330.53,2.2305,29.22,https://www.youtube.com/watch?v=XBlxXEaOWHw
22500258,XBlxXEaOWHw,mid-court-logo,301.5,1.772,27.15,https://www.youtube.com/watch?v=XBlxXEaOWHw
22500258,aQqQkcdWuVo,basket-logo,471.4,0.2697,37.62,https://www.youtube.com/watch?v=aQqQkcdWuVo
22500258,aQqQkcdWuVo,mid-court-logo,370.2,2.1694,28.6,https://www.youtube.com/watch?v=aQqQkcdWuVo
22500258,aQqQkcdWuVo,side-court-logo,503.8,0.9793,28.53,https://www.youtube.com/watch?v=aQqQkcdWuVo
22500258,aQqQkcdWuVo,back-court-logo,483.4,2.3764,26.94,https://www.youtube.com/watch?v=aQqQkcdWuVo
22500258,aQqQkcdWuVo,side-court-led-logo,355.0,2.2243,28.56,https://www.youtube.com/watch?v=aQqQkcdWuVo
22500266,-uY2EAJ4Eoo,side-court-led-logo,386.39,0.999,27.19,https://www.youtube.com/watch?v=-uY2EAJ4Eoo
22500266,-uY2EAJ4Eoo,basket-logo,422.62,0.2239,38.59,https://www.youtube.com/watch?v=-uY2EAJ4Eoo
22500266,-uY2EAJ4Eoo,side-court-logo,446.45,0.9316,28.23,https://www.youtube.com/watch?v=-uY2EAJ4Eoo
22500266,-uY2EAJ4Eoo,back-court-logo,420.62,1.4006,25.76,https://www.youtube.com/watch?v=-uY2EAJ4Eoo
22500266,-uY2EAJ4Eoo,mid-court-logo,295.5,1.5871,23.88,https://www.youtube.com/watch?v=-uY2EAJ4Eoo
22500266,w23CCdmouy8,side-court-logo,496.7,0.9137,26.91,https://www.youtube.com/watch?v=w23CCdmouy8
22500266,w23CCdmouy8,side-court-led-logo,436.64,0.924,25.8,https://www.youtube.com/watch?v=w23CCdmouy8
22500266,w23CCdmouy8,back-court-logo,461.06,1.331,27.38,https://www.youtube.com/watch?v=w23CCdmouy8
22500266,w23CCdmouy8,mid-court-logo,357.56,1.599,23.41,https://www.youtube.com/watch?v=w23CCdmouy8
22500266,w23CCdmouy8,basket-logo,448.85,0.2144,39.28,https://www.youtube.com/watch?v=w23CCdmouy8
22500266,04nAS3vD7WI,basket-logo,438.4,0.2099,39.04,https://www.youtube.com/watch?v=04nAS3vD7WI
22500266,04nAS3vD7WI,side-court-led-logo,410.0,1.0265,26.98,https://www.youtube.com/watch?v=04nAS3vD7WI
22500266,04nAS3vD7WI,side-court-logo,456.0,0.944,27.05,https://www.youtube.com/watch?v=04nAS3vD7WI
22500266,04nAS3vD7WI,back-court-logo,441.8,1.3099,26.63,https://www.youtube.com/watch?v=04nAS3vD7WI
22500266,04nAS3vD7WI,mid-court-logo,319.8,1.5966,24.22,https://www.youtube.com/watch?v=04nAS3vD7WI
22500266,FMZoxLeyOBI,side-court-led-logo,455.4,0.9159,27.11,https://www.youtube.com/watch?v=FMZoxLeyOBI
22500266,FMZoxLeyOBI,basket-logo,479.0,0.2262,38.41,https://www.youtube.com/watch?v=FMZoxLeyOBI
22500266,FMZoxLeyOBI,side-court-logo,520.0,0.9436,26.28,https://www.youtube.com/watch?v=FMZoxLeyOBI
22500266,FMZoxLeyOBI,mid-court-logo,367.2,1.6785,24.0,https://www.youtube.com/watch?v=FMZoxLeyOBI
22500266,FMZoxLeyOBI,back-court-logo,477.4,1.3633,25.4,https://www.youtube.com/watch?v=FMZoxLeyOBI
22500266,wxxIVGiMjQE,mid-court-logo,253.0,2.1148,27.57,https://www.youtube.com/watch?v=wxxIVGiMjQE
22500266,wxxIVGiMjQE,side-court-led-logo,375.0,1.8355,30.79,https://www.youtube.com/watch?v=wxxIVGiMjQE
22500266,wxxIVGiMjQE,side-court-logo,453.6,1.6544,29.84,https://www.youtube.com/watch?v=wxxIVGiMjQE
22500266,wxxIVGiMjQE,basket-logo,416.0,0.415,39.07,https://www.youtube.com/watch?v=wxxIVGiMjQE
22500266,wxxIVGiMjQE,back-court-logo,460.2,2.7185,34.18,https://www.youtube.com/watch?v=wxxIVGiMjQE
22500264,oDUSA7mBsds,side-court-led-logo,254.2,1.8962,31.5,https://www.youtube.com/watch?v=oDUSA7mBsds
22500264,oDUSA7mBsds,mid-court-logo,312.8,1.8733,33.06,https://www.youtube.com/watch?v=oDUSA7mBsds
22500264,oDUSA7mBsds,side-court-logo,469.8,1.0334,29.1,https://www.youtube.com/watch?v=oDUSA7mBsds
22500264,oDUSA7mBsds,back-court-logo,431.2,1.6692,25.48,https://www.youtube.com/watch?v=oDUSA7mBsds
22500264,oDUSA7mBsds,basket-logo,398.6,0.2527,33.87,https://www.youtube.com/watch?v=oDUSA7mBsds
22500264,A9uYU0gQu0s,mid-court-logo,328.93,1.8531,29.13,https://www.youtube.com/watch?v=A9uYU0gQu0s
22500264,A9uYU0gQu0s,side-court-logo,558.96,0.9598,28.98,https://www.youtube.com/watch?v=A9uYU0gQu0s
22500264,A9uYU0gQu0s,back-court-logo,497.5,1.6697,27.82,https://www.youtube.com/watch?v=A9uYU0gQu0s
22500264,A9uYU0gQu0s,side-court-led-logo,316.92,1.6583,28.5,https://www.youtube.com/watch?v=A9uYU0gQu0s
22500264,A9uYU0gQu0s,basket-logo,457.66,0.2477,35.19,https://www.youtube.com/watch?v=A9uYU0gQu0s
22500264,mzY-LOgTwgY,side-court-logo,492.2,1.1163,28.98,https://www.youtube.com/watch?v=mzY-LOgTwgY
22500264,mzY-LOgTwgY,side-court-led-logo,277.2,1.7401,30.17,https://www.youtube.com/watch?v=mzY-LOgTwgY
22500264,mzY-LOgTwgY,back-court-logo,439.4,1.6408,25.93,https://www.youtube.com/watch?v=mzY-LOgTwgY
22500264,mzY-LOgTwgY,basket-logo,418.0,0.2497,34.28,https://www.youtube.com/watch?v=mzY-LOgTwgY
22500264,mzY-LOgTwgY,mid-court-logo,313.6,1.9398,31.46,https://www.youtube.com/watch?v=mzY-LOgTwgY
22500264,115CxDeLx-Y,side-court-led-logo,252.0,1.7651,32.15,https://www.youtube.com/watch?v=115CxDeLx-Y
22500264,115CxDeLx-Y,side-court-logo,471.2,1.1176,29.24,https://www.youtube.com/watch?v=115CxDeLx-Y
22500264,115CxDeLx-Y,back-court-logo,431.6,1.6821,24.98,https://www.youtube.com/watch?v=115CxDeLx-Y
22500264,115CxDeLx-Y,mid-court-logo,309.2,1.8836,33.1,https://www.youtube.com/watch?v=115CxDeLx-Y
22500264,115CxDeLx-Y,basket-logo,397.4,0.258,33.47,https://www.youtube.com/watch?v=115CxDeLx-Y
22500264,JyN6YJVl1BA,side-court-logo,489.0,1.357,33.42,https://www.youtube.com/watch?v=JyN6YJVl1BA
22500264,JyN6YJVl1BA,basket-logo,404.4,0.4,37.41,https://www.youtube.com/watch?v=JyN6YJVl1BA
22500264,JyN6YJVl1BA,back-court-logo,420.6,3.2348,32.05,https://www.youtube.com/watch?v=JyN6YJVl1BA
22500264,JyN6YJVl1BA,side-court-led-logo,88.8,1.9108,28.55,https://www.youtube.com/watch?v=JyN6YJVl1BA
22500264,JyN6YJVl1BA,mid-court-logo,113.6,1.9203,30.59,https://www.youtube.com/watch?v=JyN6YJVl1BA
22500252,KnkDbjP9t4Y,side-court-led-logo,538.14,2.8716,28.12,https://www.youtube.com/watch?v=KnkDbjP9t4Y
22500252,KnkDbjP9t4Y,side-court-logo,378.18,0.3698,26.36,https://www.youtube.com/watch?v=KnkDbjP9t4Y
22500252,KnkDbjP9t4Y,basket-logo,499.5,0.1643,40.72,https://www.youtube.com/watch?v=KnkDbjP9t4Y
22500252,KnkDbjP9t4Y,back-court-logo,504.7,1.5536,27.48,https://www.youtube.com/watch?v=KnkDbjP9t4Y
22500252,KnkDbjP9t4Y,mid-court-logo,523.12,2.2839,31.54,https://www.youtube.com/watch?v=KnkDbjP9t4Y
22500252,RM-rzKRtLXA,basket-logo,498.8,0.1705,37.32,https://www.youtube.com/watch?v=RM-rzKRtLXA
22500252,RM-rzKRtLXA,side-court-led-logo,527.2,2.913,31.68,https://www.youtube.com/watch?v=RM-rzKRtLXA
22500252,RM-rzKRtLXA,back-court-logo,498.8,1.6375,24.1,https://www.youtube.com/watch?v=RM-rzKRtLXA
22500252,RM-rzKRtLXA,mid-court-logo,516.8,2.4712,35.28,https://www.youtube.com/watch?v=RM-rzKRtLXA
22500252,RM-rzKRtLXA,side-court-logo,360.8,0.3869,28.28,https://www.youtube.com/watch?v=RM-rzKRtLXA
22500252,e9_MFNNw19w,basket-logo,522.4,0.1708,38.59,https://www.youtube.com/watch?v=e9_MFNNw19w
22500252,e9_MFNNw19w,mid-court-logo,545.4,2.3374,33.11,https://www.youtube.com/watch?v=e9_MFNNw19w
22500252,e9_MFNNw19w,back-court-logo,529.0,1.6487,25.29,https://www.youtube.com/watch?v=e9_MFNNw19w
22500252,e9_MFNNw19w,side-court-led-logo,549.4,2.7997,30.4,https://www.youtube.com/watch?v=e9_MFNNw19w
22500252,e9_MFNNw19w,side-court-logo,373.8,0.3901,27.97,https://www.youtube.com/watch?v=e9_MFNNw19w
22500040,sXwiGPLS_tk,side-court-logo,496.7,0.8757,25.41,https://www.youtube.com/watch?v=sXwiGPLS_tk
22500040,sXwiGPLS_tk,mid-court-logo,296.1,1.4377,29.85,https://www.youtube.com/watch?v=sXwiGPLS_tk
22500040,sXwiGPLS_tk,side-court-led-logo,343.54,1.7433,31.94,https://www.youtube.com/watch?v=sXwiGPLS_tk
22500040,sXwiGPLS_tk,basket-logo,443.24,0.2239,35.29,https://www.youtube.com/watch?v=sXwiGPLS_tk
22500040,sXwiGPLS_tk,back-court-logo,463.86,1.5436,24.7,https://www.youtube.com/watch?v=sXwiGPLS_tk
22500253,ok_Vem4dTC0,mid-court-logo,502.4,1.5328,35.14,https://www.youtube.com/watch?v=ok_Vem4dTC0
22500253,ok_Vem4dTC0,side-court-led-logo,429.4,1.1312,37.57,https://www.youtube.com/watch?v=ok_Vem4dTC0
22500253,ok_Vem4dTC0,back-court-logo,469.4,1.3944,25.61,https://www.youtube.com/watch?v=ok_Vem4dTC0
22500253,ok_Vem4dTC0,side-court-logo,495.6,0.9188,20.24,https://www.youtube.com/watch?v=ok_Vem4dTC0
22500253,ok_Vem4dTC0,basket-logo,470.0,0.1895,35.51,https://www.youtube.com/watch?v=ok_Vem4dTC0
22500253,UhTDz5Q8ESw,side-court-led-logo,482.88,1.0193,38.26,https://www.youtube.com/watch?v=UhTDz5Q8ESw
22500253,UhTDz5Q8ESw,basket-logo,537.94,0.1897,35.09,https://www.youtube.com/watch?v=UhTDz5Q8ESw
22500253,UhTDz5Q8ESw,mid-court-logo,571.37,1.5039,36.33,https://www.youtube.com/watch?v=UhTDz5Q8ESw
22500253,UhTDz5Q8ESw,back-court-logo,538.74,1.4189,25.41,https://www.youtube.com/watch?v=UhTDz5Q8ESw
22500253,UhTDz5Q8ESw,side-court-logo,549.55,0.8879,20.77,https://www.youtube.com/watch?v=UhTDz5Q8ESw
22500253,gRdew_uEswI,mid-court-logo,515.72,1.4646,34.46,https://www.youtube.com/watch?v=gRdew_uEswI
22500253,gRdew_uEswI,side-court-led-logo,431.03,1.1895,35.88,https://www.youtube.com/watch?v=gRdew_uEswI
22500253,gRdew_uEswI,side-court-logo,500.3,0.8695,21.71,https://www.youtube.com/watch?v=gRdew_uEswI
22500253,gRdew_uEswI,back-court-logo,466.67,1.4099,26.63,https://www.youtube.com/watch?v=gRdew_uEswI
22500253,gRdew_uEswI,basket-logo,465.87,0.189,35.49,https://www.youtube.com/watch?v=gRdew_uEswI
22500251,ne9FS3xXQ-k,side-court-led-logo,488.69,0.8722,25.55,https://www.youtube.com/watch?v=ne9FS3xXQ-k
22500251,ne9FS3xXQ-k,basket-logo,446.65,0.1875,33.74,https://www.youtube.com/watch?v=ne9FS3xXQ-k
22500251,ne9FS3xXQ-k,mid-court-logo,465.07,1.2691,31.59,https://www.youtube.com/watch?v=ne9FS3xXQ-k
22500251,ne9FS3xXQ-k,back-court-logo,435.64,1.3437,22.62,https://www.youtube.com/watch?v=ne9FS3xXQ-k
22500251,ne9FS3xXQ-k,side-court-logo,456.26,0.9303,24.36,https://www.youtube.com/watch?v=ne9FS3xXQ-k
22500251,R43o7gcue-8,basket-logo,466.8,0.1995,33.91,https://www.youtube.com/watch?v=R43o7gcue-8
22500251,R43o7gcue-8,side-court-led-logo,492.0,0.91,25.91,https://www.youtube.com/watch?v=R43o7gcue-8
22500251,R43o7gcue-8,side-court-logo,439.8,0.9798,24.65,https://www.youtube.com/watch?v=R43o7gcue-8
22500251,R43o7gcue-8,mid-court-logo,481.4,1.2602,31.9,https://www.youtube.com/watch?v=R43o7gcue-8
22500251,R43o7gcue-8,back-court-logo,438.0,1.397,22.51,https://www.youtube.com/watch?v=R43o7gcue-8
22500251,mHpBRgIWlRM,basket-logo,407.4,0.1921,33.09,https://www.youtube.com/watch?v=mHpBRgIWlRM
22500251,mHpBRgIWlRM,mid-court-logo,414.6,1.1478,31.81,https://www.youtube.com/watch?v=mHpBRgIWlRM
22500251,mHpBRgIWlRM,side-court-logo,416.4,0.9623,24.44,https://www.youtube.com/watch?v=mHpBRgIWlRM
22500251,mHpBRgIWlRM,back-court-logo,390.2,1.3682,21.78,https://www.youtube.com/watch?v=mHpBRgIWlRM
22500251,mHpBRgIWlRM,side-court-led-logo,436.4,0.8805,25.18,https://www.youtube.com/watch?v=mHpBRgIWlRM
22500238,QQvi_FSLvnM,side-court-led-logo,537.94,1.9103,31.17,https://www.youtube.com/watch?v=QQvi_FSLvnM
22500238,QQvi_FSLvnM,mid-court-logo,408.61,1.2242,33.05,https://www.youtube.com/watch?v=QQvi_FSLvnM
22500238,QQvi_FSLvnM,side-court-logo,449.45,0.3799,25.34,https://www.youtube.com/watch?v=QQvi_FSLvnM
22500238,QQvi_FSLvnM,basket-logo,480.08,0.1538,34.52,https://www.youtube.com/watch?v=QQvi_FSLvnM
22500238,QQvi_FSLvnM,back-court-logo,445.25,0.9115,23.0,https://www.youtube.com/watch?v=QQvi_FSLvnM
22500238,ptaHk9Rj8iQ,basket-logo,439.0,0.1655,33.94,https://www.youtube.com/watch?v=ptaHk9Rj8iQ
22500238,ptaHk9Rj8iQ,side-court-led-logo,487.2,2.3481,31.01,https://www.youtube.com/watch?v=ptaHk9Rj8iQ
22500238,ptaHk9Rj8iQ,mid-court-logo,366.2,1.2408,33.27,https://www.youtube.com/watch?v=ptaHk9Rj8iQ
22500238,ptaHk9Rj8iQ,back-court-logo,408.6,0.932,22.72,https://www.youtube.com/watch?v=ptaHk9Rj8iQ
22500238,ptaHk9Rj8iQ,side-court-logo,420.0,0.3977,24.84,https://www.youtube.com/watch?v=ptaHk9Rj8iQ
22500247,hrykKX3siyY,side-court-logo,547.15,1.1657,25.6,https://www.youtube.com/watch?v=hrykKX3siyY
22500247,hrykKX3siyY,mid-court-logo,528.93,2.0595,32.59,https://www.youtube.com/watch?v=hrykKX3siyY
22500247,hrykKX3siyY,side-court-led-logo,496.3,1.5044,33.05,https://www.youtube.com/watch?v=hrykKX3siyY
22500247,hrykKX3siyY,basket-logo,476.08,0.1286,34.57,https://www.youtube.com/watch?v=hrykKX3siyY
22500247,hrykKX3siyY,back-court-logo,0.6,0.8225,15.42,https://www.youtube.com/watch?v=hrykKX3siyY
22500247,sWOaBXhQ__8,basket-logo,485.6,0.1285,33.68,https://www.youtube.com/watch?v=sWOaBXhQ__8
22500247,sWOaBXhQ__8,side-court-led-logo,485.8,1.4473,33.72,https://www.youtube.com/watch?v=sWOaBXhQ__8
22500247,sWOaBXhQ__8,side-court-logo,545.8,1.0492,25.21,https://www.youtube.com/watch?v=sWOaBXhQ__8
22500247,sWOaBXhQ__8,mid-court-logo,524.0,2.1097,33.43,https://www.youtube.com/watch?v=sWOaBXhQ__8
22500247,sWOaBXhQ__8,back-court-logo,0.4,0.7928,30.39,https://www.youtube.com/watch?v=sWOaBXhQ__8
22500247,oKynUVPuj08,basket-logo,512.8,0.2857,39.86,https://www.youtube.com/watch?v=oKynUVPuj08
22500247,oKynUVPuj08,side-court-logo,603.4,1.8401,29.83,https://www.youtube.com/watch?v=oKynUVPuj08
22500247,oKynUVPuj08,mid-court-logo,170.0,1.9395,33.98,https://www.youtube.com/watch?v=oKynUVPuj08
22500247,oKynUVPuj08,side-court-led-logo,153.2,3.4017,30.08,https://www.youtube.com/watch?v=oKynUVPuj08
22500247,oKynUVPuj08,back-court-logo,0.2,9.0237,29.29,https://www.youtube.com/watch?v=oKynUVPuj08
22500244,uGTSxXKbnF4,basket-logo,621.22,0.1741,32.07,https://www.youtube.com/watch?v=uGTSxXKbnF4
22500244,uGTSxXKbnF4,side-court-logo,679.08,0.9151,25.02,https://www.youtube.com/watch?v=uGTSxXKbnF4
22500244,uGTSxXKbnF4,back-court-logo,622.22,1.1672,22.06,https://www.youtube.com/watch?v=uGTSxXKbnF4
22500244,uGTSxXKbnF4,mid-court-logo,655.26,2.6683,33.16,https://www.youtube.com/watch?v=uGTSxXKbnF4
22500244,uGTSxXKbnF4,side-court-led-logo,234.03,0.8923,30.71,https://www.youtube.com/watch?v=uGTSxXKbnF4
22500244,Vf9mDqEYfzg,mid-court-logo,494.89,2.6812,31.58,https://www.youtube.com/watch?v=Vf9mDqEYfzg
22500244,Vf9mDqEYfzg,back-court-logo,474.47,1.1887,23.68,https://www.youtube.com/watch?v=Vf9mDqEYfzg
22500244,Vf9mDqEYfzg,side-court-logo,533.73,0.9,25.02,https://www.youtube.com/watch?v=Vf9mDqEYfzg
22500244,Vf9mDqEYfzg,side-court-led-logo,219.62,0.9423,30.41,https://www.youtube.com/watch?v=Vf9mDqEYfzg
22500244,Vf9mDqEYfzg,basket-logo,467.87,0.1737,33.19,https://www.youtube.com/watch?v=Vf9mDqEYfzg
22500244,bIdEKiCvqoo,side-court-led-logo,188.0,0.8938,31.76,https://www.youtube.com/watch?v=bIdEKiCvqoo
22500244,bIdEKiCvqoo,side-court-logo,551.6,0.923,23.5,https://www.youtube.com/watch?v=bIdEKiCvqoo
22500244,bIdEKiCvqoo,basket-logo,505.6,0.1807,33.06,https://www.youtube.com/watch?v=bIdEKiCvqoo
22500244,bIdEKiCvqoo,back-court-logo,506.4,1.1826,21.88,https://www.youtube.com/watch?v=bIdEKiCvqoo
22500244,bIdEKiCvqoo,mid-court-logo,532.8,2.5788,31.43,https://www.youtube.com/watch?v=bIdEKiCvqoo
22500248,6B8CSUezAe0,back-court-logo,503.7,2.4758,27.05,https://www.youtube.com/watch?v=6B8CSUezAe0
22500248,6B8CSUezAe0,side-court-led-logo,532.33,1.012,28.27,https://www.youtube.com/watch?v=6B8CSUezAe0
22500248,6B8CSUezAe0,basket-logo,490.49,0.1946,38.16,https://www.youtube.com/watch?v=6B8CSUezAe0
22500248,6B8CSUezAe0,mid-court-logo,471.47,1.1325,30.21,https://www.youtube.com/watch?v=6B8CSUezAe0
22500248,6B8CSUezAe0,side-court-logo,528.13,1.0445,23.11,https://www.youtube.com/watch?v=6B8CSUezAe0
22500248,wgE85ARs1vU,mid-court-logo,529.13,1.0985,30.94,https://www.youtube.com/watch?v=wgE85ARs1vU
22500248,wgE85ARs1vU,side-court-led-logo,606.61,1.0227,28.02,https://www.youtube.com/watch?v=wgE85ARs1vU
22500248,wgE85ARs1vU,back-court-logo,586.59,2.5564,25.58,https://www.youtube.com/watch?v=wgE85ARs1vU
22500248,wgE85ARs1vU,side-court-logo,606.41,1.0716,22.52,https://www.youtube.com/watch?v=wgE85ARs1vU
22500248,wgE85ARs1vU,basket-logo,579.78,0.1973,36.81,https://www.youtube.com/watch?v=wgE85ARs1vU
22500248,qX3BuH6Bfac,basket-logo,517.2,0.2034,37.4,https://www.youtube.com/watch?v=qX3BuH6Bfac
22500248,qX3BuH6Bfac,side-court-led-logo,543.8,1.0088,27.52,https://www.youtube.com/watch?v=qX3BuH6Bfac
22500248,qX3BuH6Bfac,back-court-logo,524.8,2.576,25.65,https://www.youtube.com/watch?v=qX3BuH6Bfac
22500248,qX3BuH6Bfac,mid-court-logo,465.6,1.0922,30.5,https://www.youtube.com/watch?v=qX3BuH6Bfac
22500248,qX3BuH6Bfac,side-court-logo,541.4,1.0682,22.29,https://www.youtube.com/watch?v=qX3BuH6Bfac
22500250,3VFE8EdRg2o,mid-court-logo,450.85,2.3254,32.55,https://www.youtube.com/watch?v=3VFE8EdRg2o
22500250,3VFE8EdRg2o,side-court-led-logo,379.18,1.4354,31.61,https://www.youtube.com/watch?v=3VFE8EdRg2o
22500250,3VFE8EdRg2o,side-court-logo,512.51,0.7772,27.03,https://www.youtube.com/watch?v=3VFE8EdRg2o
22500250,3VFE8EdRg2o,back-court-logo,467.27,0.8219,27.65,https://www.youtube.com/watch?v=3VFE8EdRg2o
22500250,3VFE8EdRg2o,basket-logo,459.66,0.2039,39.92,https://www.youtube.com/watch?v=3VFE8EdRg2o
22500250,d3z93o50CAM,basket-logo,429.8,0.2169,36.48,https://www.youtube.com/watch?v=d3z93o50CAM
22500250,d3z93o50CAM,side-court-led-logo,300.0,1.1928,34.84,https://www.youtube.com/watch?v=d3z93o50CAM
22500250,d3z93o50CAM,side-court-logo,459.0,0.8459,27.55,https://www.youtube.com/watch?v=d3z93o50CAM
22500250,d3z93o50CAM,mid-court-logo,369.2,2.3469,34.8,https://www.youtube.com/watch?v=d3z93o50CAM
22500250,d3z93o50CAM,back-court-logo,421.8,0.8583,24.68,https://www.youtube.com/watch?v=d3z93o50CAM
22500250,O1G7Yoy48L4,side-court-led-logo,351.2,1.5163,33.83,https://www.youtube.com/watch?v=O1G7Yoy48L4
22500250,O1G7Yoy48L4,basket-logo,450.6,0.2098,38.08,https://www.youtube.com/watch?v=O1G7Yoy48L4
22500250,O1G7Yoy48L4,side-court-logo,489.0,0.7733,27.6,https://www.youtube.com/watch?v=O1G7Yoy48L4
22500250,O1G7Yoy48L4,mid-court-logo,423.8,2.4309,33.66,https://www.youtube.com/watch?v=O1G7Yoy48L4
22500250,O1G7Yoy48L4,back-court-logo,455.2,0.8482,24.79,https://www.youtube.com/watch?v=O1G7Yoy48L4
22500250,wJPYbKTbqu4,mid-court-logo,103.2,5.0033,40.88,https://www.youtube.com/watch?v=wJPYbKTbqu4
22500250,wJPYbKTbqu4,side-court-logo,434.6,1.7323,32.27,https://www.youtube.com/watch?v=wJPYbKTbqu4
22500250,wJPYbKTbqu4,side-court-led-logo,74.4,4.4466,37.26,https://www.youtube.com/watch?v=wJPYbKTbqu4
22500250,wJPYbKTbqu4,back-court-logo,370.0,1.9745,27.8,https://www.youtube.com/watch?v=wJPYbKTbqu4
22500250,wJPYbKTbqu4,basket-logo,362.0,0.3819,36.88,https://www.youtube.com/watch?v=wJPYbKTbqu4
22500243,fJqiTs9yERk,basket-logo,485.89,0.2499,35.64,https://www.youtube.com/watch?v=fJqiTs9yERk
22500243,fJqiTs9yERk,mid-court-logo,416.62,1.9611,29.51,https://www.youtube.com/watch?v=fJqiTs9yERk
22500243,fJqiTs9yERk,side-court-led-logo,375.98,1.8693,29.9,https://www.youtube.com/watch?v=fJqiTs9yERk
22500243,fJqiTs9yERk,back-court-logo,497.9,2.0,26.01,https://www.youtube.com/watch?v=fJqiTs9yERk
22500243,fJqiTs9yERk,side-court-logo,517.92,0.8861,28.01,https://www.youtube.com/watch?v=fJqiTs9yERk
22500243,qGuIoD8kWnc,mid-court-logo,376.2,1.9912,30.27,https://www.youtube.com/watch?v=qGuIoD8kWnc
22500243,qGuIoD8kWnc,side-court-logo,526.6,0.937,28.97,https://www.youtube.com/watch?v=qGuIoD8kWnc
22500243,qGuIoD8kWnc,side-court-led-logo,350.0,1.9058,29.82,https://www.youtube.com/watch?v=qGuIoD8kWnc
22500243,qGuIoD8kWnc,back-court-logo,493.4,2.1417,24.86,https://www.youtube.com/watch?v=qGuIoD8kWnc
22500243,qGuIoD8kWnc,basket-logo,479.4,0.2638,35.82,https://www.youtube.com/watch?v=qGuIoD8kWnc
22500243,8ixP4uLOLzk,mid-court-logo,387.0,2.0487,31.29,https://www.youtube.com/watch?v=8ixP4uLOLzk
22500243,8ixP4uLOLzk,side-court-led-logo,352.8,2.1059,31.26,https://www.youtube.com/watch?v=8ixP4uLOLzk
22500243,8ixP4uLOLzk,side-court-logo,536.4,0.9497,30.31,https://www.youtube.com/watch?v=8ixP4uLOLzk
22500243,8ixP4uLOLzk,back-court-logo,487.8,2.192,24.52,https://www.youtube.com/watch?v=8ixP4uLOLzk
22500243,8ixP4uLOLzk,basket-logo,474.0,0.2604,34.61,https://www.youtube.com/watch?v=8ixP4uLOLzk
22500237,o_iVEbr381M,basket-logo,528.73,0.1317,33.64,https://www.youtube.com/watch?v=o_iVEbr381M
22500237,o_iVEbr381M,side-court-logo,567.97,1.0827,24.49,https://www.youtube.com/watch?v=o_iVEbr381M
22500237,o_iVEbr381M,mid-court-logo,550.95,1.9936,34.18,https://www.youtube.com/watch?v=o_iVEbr381M
22500237,o_iVEbr381M,side-court-led-logo,473.27,1.2133,34.26,https://www.youtube.com/watch?v=o_iVEbr381M
22500237,GPbvz5EYJng,basket-logo,462.86,0.1366,34.88,https://www.youtube.com/watch?v=GPbvz5EYJng
22500237,GPbvz5EYJng,mid-court-logo,502.7,2.0637,32.97,https://www.youtube.com/watch?v=GPbvz5EYJng
22500237,GPbvz5EYJng,side-court-logo,513.51,1.0696,25.2,https://www.youtube.com/watch?v=GPbvz5EYJng
22500237,GPbvz5EYJng,side-court-led-logo,447.45,1.3776,32.64,https://www.youtube.com/watch?v=GPbvz5EYJng
22500237,6QIBSSXNfuo,side-court-logo,529.6,1.0957,24.83,https://www.youtube.com/watch?v=6QIBSSXNfuo
22500237,6QIBSSXNfuo,basket-logo,492.0,0.146,33.59,https://www.youtube.com/watch?v=6QIBSSXNfuo
22500237,6QIBSSXNfuo,side-court-led-logo,428.8,1.3378,34.35,https://www.youtube.com/watch?v=6QIBSSXNfuo
22500237,6QIBSSXNfuo,mid-court-logo,495.6,2.0633,33.9,https://www.youtube.com/watch?v=6QIBSSXNfuo
22500044,uhHRQWQUHGI,side-court-led-logo,330.73,1.2609,38.2,https://www.youtube.com/watch?v=uhHRQWQUHGI
22500044,uhHRQWQUHGI,side-court-logo,511.51,1.0481,29.21,https://www.youtube.com/watch?v=uhHRQWQUHGI
22500044,uhHRQWQUHGI,back-court-logo,467.47,1.8505,23.41,https://www.youtube.com/watch?v=uhHRQWQUHGI
22500044,uhHRQWQUHGI,basket-logo,451.45,0.2226,33.28,https://www.youtube.com/watch?v=uhHRQWQUHGI
22500044,uhHRQWQUHGI,mid-court-logo,351.95,2.0834,33.82,https://www.youtube.com/watch?v=uhHRQWQUHGI
22500044,3_YiRFo8aJU,basket-logo,450.25,0.2109,34.13,https://www.youtube.com/watch?v=3_YiRFo8aJU
22500044,3_YiRFo8aJU,side-court-led-logo,359.96,1.23,36.97,https://www.youtube.com/watch?v=3_YiRFo8aJU
22500044,3_YiRFo8aJU,side-court-logo,507.31,1.0255,28.01,https://www.youtube.com/watch?v=3_YiRFo8aJU
22500044,3_YiRFo8aJU,mid-court-logo,361.76,2.1553,32.3,https://www.youtube.com/watch?v=3_YiRFo8aJU
22500044,3_YiRFo8aJU,back-court-logo,459.86,1.789,24.58,https://www.youtube.com/watch?v=3_YiRFo8aJU
22500042,iRatOG7aqmc,basket-logo,388.59,0.2279,35.72,https://www.youtube.com/watch?v=iRatOG7aqmc
22500042,iRatOG7aqmc,mid-court-logo,279.28,1.8337,29.45,https://www.youtube.com/watch?v=iRatOG7aqmc
22500042,iRatOG7aqmc,side-court-led-logo,226.03,2.1053,31.03,https://www.youtube.com/watch?v=iRatOG7aqmc
22500042,iRatOG7aqmc,side-court-logo,0.2,0.9584,56.3,https://www.youtube.com/watch?v=iRatOG7aqmc
22500042,KusGhcqD-ec,basket-logo,465.47,0.2193,36.03,https://www.youtube.com/watch?v=KusGhcqD-ec
22500042,KusGhcqD-ec,mid-court-logo,352.55,1.9062,30.48,https://www.youtube.com/watch?v=KusGhcqD-ec
22500042,KusGhcqD-ec,side-court-led-logo,289.49,1.7013,31.9,https://www.youtube.com/watch?v=KusGhcqD-ec
22500042,KusGhcqD-ec,side-court-logo,0.4,0.5782,47.23,https://www.youtube.com/watch?v=KusGhcqD-ec
22500240,ODU_g_AeFt4,side-court-led-logo,361.16,1.0592,27.18,https://www.youtube.com/watch?v=ODU_g_AeFt4
22500240,ODU_g_AeFt4,basket-logo,492.09,0.1853,35.88,https://www.youtube.com/watch?v=ODU_g_AeFt4
22500240,ODU_g_AeFt4,side-court-logo,560.16,0.6144,24.75,https://www.youtube.com/watch?v=ODU_g_AeFt4
22500240,ODU_g_AeFt4,back-court-logo,515.32,0.9575,23.6,https://www.youtube.com/watch?v=ODU_g_AeFt4
22500240,ODU_g_AeFt4,mid-court-logo,489.29,1.9449,28.11,https://www.youtube.com/watch?v=ODU_g_AeFt4
22500240,lj5-4kSjupc,side-court-logo,522.2,0.8632,23.9,https://www.youtube.com/watch?v=lj5-4kSjupc
22500240,lj5-4kSjupc,mid-court-logo,427.2,2.0468,29.0,https://www.youtube.com/watch?v=lj5-4kSjupc
22500240,lj5-4kSjupc,side-court-led-logo,342.0,1.1036,28.77,https://www.youtube.com/watch?v=lj5-4kSjupc
22500240,lj5-4kSjupc,back-court-logo,480.4,0.9668,23.19,https://www.youtube.com/watch?v=lj5-4kSjupc
22500240,lj5-4kSjupc,basket-logo,467.4,0.1949,35.84,https://www.youtube.com/watch?v=lj5-4kSjupc
22500240,BDJ3f8RTf-8,basket-logo,429.6,0.3472,41.19,https://www.youtube.com/watch?v=BDJ3f8RTf-8
22500240,BDJ3f8RTf-8,back-court-logo,552.8,2.2328,30.62,https://www.youtube.com/watch?v=BDJ3f8RTf-8
22500240,BDJ3f8RTf-8,side-court-logo,596.2,1.0908,29.34,https://www.youtube.com/watch?v=BDJ3f8RTf-8
22500240,BDJ3f8RTf-8,mid-court-logo,200.2,1.8812,31.27,https://www.youtube.com/watch?v=BDJ3f8RTf-8
22500240,BDJ3f8RTf-8,side-court-led-logo,129.0,3.3364,33.92,https://www.youtube.com/watch?v=BDJ3f8RTf-8
22500246,37-ib9OOrQY,basket-logo,511.31,0.2171,35.05,https://www.youtube.com/watch?v=37-ib9OOrQY
22500246,37-ib9OOrQY,back-court-logo,530.13,1.6833,24.88,https://www.youtube.com/watch?v=37-ib9OOrQY
22500246,37-ib9OOrQY,mid-court-logo,542.74,2.2774,36.23,https://www.youtube.com/watch?v=37-ib9OOrQY
22500246,37-ib9OOrQY,side-court-logo,573.37,1.2048,28.83,https://www.youtube.com/watch?v=37-ib9OOrQY
22500246,37-ib9OOrQY,side-court-led-logo,361.36,1.1977,34.8,https://www.youtube.com/watch?v=37-ib9OOrQY
22500246,SINal2IBNhM,side-court-logo,551.55,1.1786,28.12,https://www.youtube.com/watch?v=SINal2IBNhM
22500246,SINal2IBNhM,mid-court-logo,519.12,2.1993,34.45,https://www.youtube.com/watch?v=SINal2IBNhM
22500246,SINal2IBNhM,side-court-led-logo,349.15,1.4288,31.93,https://www.youtube.com/watch?v=SINal2IBNhM
22500246,SINal2IBNhM,basket-logo,473.67,0.2167,36.14,https://www.youtube.com/watch?v=SINal2IBNhM
22500246,SINal2IBNhM,back-court-logo,495.3,1.682,26.53,https://www.youtube.com/watch?v=SINal2IBNhM
22500246,JbQ5oOvgC64,basket-logo,442.4,0.3398,40.83,https://www.youtube.com/watch?v=JbQ5oOvgC64
22500246,JbQ5oOvgC64,side-court-logo,562.4,2.1069,32.52,https://www.youtube.com/watch?v=JbQ5oOvgC64
22500246,JbQ5oOvgC64,back-court-logo,504.2,3.6293,35.47,https://www.youtube.com/watch?v=JbQ5oOvgC64
22500246,JbQ5oOvgC64,mid-court-logo,178.8,1.6688,34.84,https://www.youtube.com/watch?v=JbQ5oOvgC64
22500246,JbQ5oOvgC64,side-court-led-logo,86.0,3.6195,31.81,https://www.youtube.com/watch?v=JbQ5oOvgC64
22500246,uMZJeKqdKxQ,side-court-logo,400.0,2.1616,32.07,https://www.youtube.com/watch?v=uMZJeKqdKxQ
22500246,uMZJeKqdKxQ,basket-logo,334.6,0.3516,39.12,https://www.youtube.com/watch?v=uMZJeKqdKxQ
22500246,uMZJeKqdKxQ,back-court-logo,364.0,3.8355,34.42,https://www.youtube.com/watch?v=uMZJeKqdKxQ
22500246,uMZJeKqdKxQ,mid-court-logo,108.0,1.7607,35.47,https://www.youtube.com/watch?v=uMZJeKqdKxQ
22500246,uMZJeKqdKxQ,side-court-led-logo,57.0,3.0104,34.24,https://www.youtube.com/watch?v=uMZJeKqdKxQ
22500232,Bpgld-i6tJQ,side-court-led-logo,245.45,1.6072,29.14,https://www.youtube.com/watch?v=Bpgld-i6tJQ
22500232,Bpgld-i6tJQ,mid-court-logo,405.81,2.2605,31.32,https://www.youtube.com/watch?v=Bpgld-i6tJQ
22500232,Bpgld-i6tJQ,side-court-logo,570.57,1.1686,29.31,https://www.youtube.com/watch?v=Bpgld-i6tJQ
22500232,Bpgld-i6tJQ,back-court-logo,520.72,1.9812,24.89,https://www.youtube.com/watch?v=Bpgld-i6tJQ
22500232,Bpgld-i6tJQ,basket-logo,499.1,0.2558,34.89,https://www.youtube.com/watch?v=Bpgld-i6tJQ
22500232,z9YHndxkG4g,side-court-logo,521.32,1.1592,30.48,https://www.youtube.com/watch?v=z9YHndxkG4g
22500232,z9YHndxkG4g,basket-logo,443.24,0.2745,34.49,https://www.youtube.com/watch?v=z9YHndxkG4g
22500232,z9YHndxkG4g,mid-court-logo,316.12,2.1521,29.44,https://www.youtube.com/watch?v=z9YHndxkG4g
22500232,z9YHndxkG4g,side-court-led-logo,245.65,1.811,26.85,https://www.youtube.com/watch?v=z9YHndxkG4g
22500232,z9YHndxkG4g,back-court-logo,458.06,2.0557,25.07,https://www.youtube.com/watch?v=z9YHndxkG4g
22500232,dbfduiv7hqE,mid-court-logo,116.8,2.0351,30.84,https://www.youtube.com/watch?v=dbfduiv7hqE
22500232,dbfduiv7hqE,side-court-logo,543.8,1.7605,31.58,https://www.youtube.com/watch?v=dbfduiv7hqE
22500232,dbfduiv7hqE,side-court-led-logo,98.0,3.9007,31.24,https://www.youtube.com/watch?v=dbfduiv7hqE
22500232,dbfduiv7hqE,back-court-logo,501.0,4.1512,34.44,https://www.youtube.com/watch?v=dbfduiv7hqE
22500232,dbfduiv7hqE,basket-logo,484.8,0.409,40.41,https://www.youtube.com/watch?v=dbfduiv7hqE
22500229,BOvEtFxgZaw,side-court-led-logo,501.3,0.8775,27.16,https://www.youtube.com/watch?v=BOvEtFxgZaw
22500229,BOvEtFxgZaw,side-court-logo,480.48,0.9977,26.75,https://www.youtube.com/watch?v=BOvEtFxgZaw
22500229,BOvEtFxgZaw,mid-court-logo,280.88,1.9219,27.74,https://www.youtube.com/watch?v=BOvEtFxgZaw
22500229,BOvEtFxgZaw,basket-logo,472.67,0.2071,36.7,https://www.youtube.com/watch?v=BOvEtFxgZaw
22500229,BOvEtFxgZaw,back-court-logo,477.28,0.9552,26.6,https://www.youtube.com/watch?v=BOvEtFxgZaw
22500229,YhBsHK_R600,side-court-led-logo,451.4,0.9748,29.4,https://www.youtube.com/watch?v=YhBsHK_R600
22500229,YhBsHK_R600,mid-court-logo,224.6,2.0093,29.56,https://www.youtube.com/watch?v=YhBsHK_R600
22500229,YhBsHK_R600,side-court-logo,433.0,1.0722,29.28,https://www.youtube.com/watch?v=YhBsHK_R600
22500229,YhBsHK_R600,basket-logo,413.8,0.2258,34.05,https://www.youtube.com/watch?v=YhBsHK_R600
22500229,YhBsHK_R600,back-court-logo,418.6,1.0151,23.87,https://www.youtube.com/watch?v=YhBsHK_R600
22500229,pHqYJsfmT-w,basket-logo,437.2,0.2235,34.78,https://www.youtube.com/watch?v=pHqYJsfmT-w
22500229,pHqYJsfmT-w,side-court-led-logo,463.8,0.973,29.44,https://www.youtube.com/watch?v=pHqYJsfmT-w
22500229,pHqYJsfmT-w,mid-court-logo,224.0,2.0537,28.4,https://www.youtube.com/watch?v=pHqYJsfmT-w
22500229,pHqYJsfmT-w,back-court-logo,439.6,1.033,24.35,https://www.youtube.com/watch?v=pHqYJsfmT-w
22500229,pHqYJsfmT-w,side-court-logo,457.0,1.0849,29.31,https://www.youtube.com/watch?v=pHqYJsfmT-w
22500228,ALLvTAdG2j4,side-court-led-logo,508.31,0.9825,28.15,https://www.youtube.com/watch?v=ALLvTAdG2j4
22500228,ALLvTAdG2j4,mid-court-logo,359.96,1.8644,29.17,https://www.youtube.com/watch?v=ALLvTAdG2j4
22500228,ALLvTAdG2j4,side-court-logo,464.26,0.7162,27.86,https://www.youtube.com/watch?v=ALLvTAdG2j4
22500228,ALLvTAdG2j4,back-court-logo,488.69,1.3864,24.34,https://www.youtube.com/watch?v=ALLvTAdG2j4
22500228,ALLvTAdG2j4,basket-logo,478.28,0.1699,34.05,https://www.youtube.com/watch?v=ALLvTAdG2j4
22500228,ZRbiOw5MRDM,side-court-led-logo,503.2,1.0171,27.56,https://www.youtube.com/watch?v=ZRbiOw5MRDM
22500228,ZRbiOw5MRDM,basket-logo,482.6,0.1714,34.08,https://www.youtube.com/watch?v=ZRbiOw5MRDM
22500228,ZRbiOw5MRDM,mid-court-logo,339.8,2.0259,28.36,https://www.youtube.com/watch?v=ZRbiOw5MRDM
22500228,ZRbiOw5MRDM,back-court-logo,488.4,1.3721,23.86,https://www.youtube.com/watch?v=ZRbiOw5MRDM
22500228,ZRbiOw5MRDM,side-court-logo,457.4,0.7638,27.16,https://www.youtube.com/watch?v=ZRbiOw5MRDM
22500228,QAdAg_zX_nQ,mid-court-logo,100.2,1.2777,32.99,https://www.youtube.com/watch?v=QAdAg_zX_nQ
22500228,QAdAg_zX_nQ,side-court-led-logo,331.6,1.4371,31.94,https://www.youtube.com/watch?v=QAdAg_zX_nQ
22500228,QAdAg_zX_nQ,side-court-logo,498.8,0.9457,33.53,https://www.youtube.com/watch?v=QAdAg_zX_nQ
22500228,QAdAg_zX_nQ,back-court-logo,339.6,2.8295,32.45,https://www.youtube.com/watch?v=QAdAg_zX_nQ
22500228,QAdAg_zX_nQ,basket-logo,525.0,0.3548,41.91,https://www.youtube.com/watch?v=QAdAg_zX_nQ
22500233,--cfdApmKFU,mid-court-logo,516.52,0.9788,29.72,https://www.youtube.com/watch?v=--cfdApmKFU
22500233,--cfdApmKFU,side-court-logo,518.52,0.9118,26.51,https://www.youtube.com/watch?v=--cfdApmKFU
22500233,--cfdApmKFU,side-court-led-logo,544.94,0.8844,27.06,https://www.youtube.com/watch?v=--cfdApmKFU
22500233,--cfdApmKFU,back-court-logo,487.29,1.8835,27.13,https://www.youtube.com/watch?v=--cfdApmKFU
22500233,--cfdApmKFU,basket-logo,490.69,0.2292,36.41,https://www.youtube.com/watch?v=--cfdApmKFU
22500233,5jHWyGqffRg,basket-logo,494.0,0.2415,35.55,https://www.youtube.com/watch?v=5jHWyGqffRg
22500233,5jHWyGqffRg,side-court-led-logo,546.4,0.974,28.31,https://www.youtube.com/watch?v=5jHWyGqffRg
22500233,5jHWyGqffRg,mid-court-logo,497.0,1.0383,30.88,https://www.youtube.com/watch?v=5jHWyGqffRg
22500233,5jHWyGqffRg,back-court-logo,505.4,2.0094,26.21,https://www.youtube.com/watch?v=5jHWyGqffRg
22500233,5jHWyGqffRg,side-court-logo,540.0,0.9863,26.64,https://www.youtube.com/watch?v=5jHWyGqffRg
22500233,bCRvyyS7PpQ,mid-court-logo,320.8,1.5933,31.49,https://www.youtube.com/watch?v=bCRvyyS7PpQ
22500233,bCRvyyS7PpQ,side-court-led-logo,580.8,1.7701,32.34,https://www.youtube.com/watch?v=bCRvyyS7PpQ
22500233,bCRvyyS7PpQ,side-court-logo,550.6,1.5901,31.55,https://www.youtube.com/watch?v=bCRvyyS7PpQ
22500233,bCRvyyS7PpQ,basket-logo,475.0,0.3579,39.47,https://www.youtube.com/watch?v=bCRvyyS7PpQ
22500233,bCRvyyS7PpQ,back-court-logo,498.0,3.966,33.31,https://www.youtube.com/watch?v=bCRvyyS7PpQ
22500234,QYgcJYHiOVY,basket-logo,441.84,0.2535,37.79,https://www.youtube.com/watch?v=QYgcJYHiOVY
22500234,QYgcJYHiOVY,mid-court-logo,364.76,2.214,29.47,https://www.youtube.com/watch?v=QYgcJYHiOVY
22500234,QYgcJYHiOVY,side-court-led-logo,500.3,2.7149,31.26,https://www.youtube.com/watch?v=QYgcJYHiOVY
22500234,QYgcJYHiOVY,side-court-logo,491.69,0.6919,30.43,https://www.youtube.com/watch?v=QYgcJYHiOVY
22500234,QYgcJYHiOVY,back-court-logo,448.05,1.6896,25.85,https://www.youtube.com/watch?v=QYgcJYHiOVY
22500234,M8aTzFla5NA,side-court-led-logo,540.8,2.6318,32.32,https://www.youtube.com/watch?v=M8aTzFla5NA
22500234,M8aTzFla5NA,mid-court-logo,376.2,2.1847,30.48,https://www.youtube.com/watch?v=M8aTzFla5NA
22500234,M8aTzFla5NA,side-court-logo,544.6,0.7048,31.32,https://www.youtube.com/watch?v=M8aTzFla5NA
22500234,M8aTzFla5NA,back-court-logo,505.0,1.683,24.34,https://www.youtube.com/watch?v=M8aTzFla5NA
22500234,M8aTzFla5NA,basket-logo,489.8,0.2482,36.05,https://www.youtube.com/watch?v=M8aTzFla5NA
22500234,j36ZZztRA98,side-court-logo,390.6,0.945,37.26,https://www.youtube.com/watch?v=j36ZZztRA98
22500234,j36ZZztRA98,side-court-led-logo,395.6,2.7273,38.21,https://www.youtube.com/watch?v=j36ZZztRA98
22500234,j36ZZztRA98,back-court-logo,455.4,3.5263,29.21,https://www.youtube.com/watch?v=j36ZZztRA98
22500234,j36ZZztRA98,basket-logo,449.4,0.3919,37.21,https://www.youtube.com/watch?v=j36ZZztRA98
22500234,j36ZZztRA98,mid-court-logo,82.6,2.0854,39.81,https://www.youtube.com/watch?v=j36ZZztRA98
22500234,pTE3CKf5ljk,side-court-logo,297.8,0.9405,34.31,https://www.youtube.com/watch?v=pTE3CKf5ljk
22500234,pTE3CKf5ljk,side-court-led-logo,300.6,2.9631,33.76,https://www.youtube.com/watch?v=pTE3CKf5ljk
22500234,pTE3CKf5ljk,back-court-logo,362.8,3.6365,29.44,https://www.youtube.com/watch?v=pTE3CKf5ljk
22500234,pTE3CKf5ljk,basket-logo,387.6,0.417,37.4,https://www.youtube.com/watch?v=pTE3CKf5ljk
22500234,pTE3CKf5ljk,mid-court-logo,79.6,2.3951,31.66,https://www.youtube.com/watch?v=pTE3CKf5ljk
22500236,6Ee1YCSrum8,side-court-led-logo,320.12,1.5085,28.86,https://www.youtube.com/watch?v=6Ee1YCSrum8
22500236,6Ee1YCSrum8,basket-logo,473.87,0.223,38.79,https://www.youtube.com/watch?v=6Ee1YCSrum8
22500236,6Ee1YCSrum8,mid-court-logo,367.77,1.8482,28.08,https://www.youtube.com/watch?v=6Ee1YCSrum8
22500236,6Ee1YCSrum8,back-court-logo,7.41,2.2564,32.39,https://www.youtube.com/watch?v=6Ee1YCSrum8
22500236,6Ee1YCSrum8,side-court-logo,1.4,0.7306,35.95,https://www.youtube.com/watch?v=6Ee1YCSrum8
22500236,m1cjL52pfXM,basket-logo,597.2,0.2287,38.96,https://www.youtube.com/watch?v=m1cjL52pfXM
22500236,m1cjL52pfXM,mid-court-logo,422.42,1.7986,28.63,https://www.youtube.com/watch?v=m1cjL52pfXM
22500236,m1cjL52pfXM,side-court-led-logo,341.54,1.4684,27.61,https://www.youtube.com/watch?v=m1cjL52pfXM
22500236,m1cjL52pfXM,back-court-logo,8.81,2.759,32.65,https://www.youtube.com/watch?v=m1cjL52pfXM
22500236,m1cjL52pfXM,side-court-logo,1.6,0.4632,36.0,https://www.youtube.com/watch?v=m1cjL52pfXM
22500236,FLrFJv2DRkI,mid-court-logo,387.6,1.8481,27.46,https://www.youtube.com/watch?v=FLrFJv2DRkI
22500236,FLrFJv2DRkI,side-court-led-logo,320.8,1.681,27.35,https://www.youtube.com/watch?v=FLrFJv2DRkI
22500236,FLrFJv2DRkI,basket-logo,476.2,0.2191,40.16,https://www.youtube.com/watch?v=FLrFJv2DRkI
22500236,FLrFJv2DRkI,back-court-logo,9.8,2.3632,29.63,https://www.youtube.com/watch?v=FLrFJv2DRkI
22500236,FLrFJv2DRkI,side-court-logo,1.4,0.5391,39.98,https://www.youtube.com/watch?v=FLrFJv2DRkI
22500236,VSKEvrEviQY,basket-logo,508.4,0.2318,38.59,https://www.youtube.com/watch?v=VSKEvrEviQY
22500236,VSKEvrEviQY,mid-court-logo,352.6,1.7584,29.05,https://www.youtube.com/watch?v=VSKEvrEviQY
22500236,VSKEvrEviQY,back-court-logo,15.2,2.9293,29.72,https://www.youtube.com/watch?v=VSKEvrEviQY
22500236,VSKEvrEviQY,side-court-led-logo,288.6,1.3776,29.05,https://www.youtube.com/watch?v=VSKEvrEviQY
22500236,VSKEvrEviQY,side-court-logo,0.4,0.7764,48.29,https://www.youtube.com/watch?v=VSKEvrEviQY
22500215,kEUjFI2laKY,basket-logo,465.87,0.1622,34.47,https://www.youtube.com/watch?v=kEUjFI2laKY
22500215,kEUjFI2laKY,side-court-led-logo,241.84,1.1185,29.04,https://www.youtube.com/watch?v=kEUjFI2laKY
22500215,kEUjFI2laKY,mid-court-logo,520.12,2.2578,33.63,https://www.youtube.com/watch?v=kEUjFI2laKY
22500215,kEUjFI2laKY,back-court-logo,483.68,1.2832,24.45,https://www.youtube.com/watch?v=kEUjFI2laKY
22500215,kEUjFI2laKY,side-court-logo,488.09,0.3426,28.09,https://www.youtube.com/watch?v=kEUjFI2laKY
22500215,u8W02dwpLhU,basket-logo,475.0,0.1684,33.39,https://www.youtube.com/watch?v=u8W02dwpLhU
22500215,u8W02dwpLhU,side-court-led-logo,203.6,1.2402,29.94,https://www.youtube.com/watch?v=u8W02dwpLhU
22500215,u8W02dwpLhU,back-court-logo,487.8,1.3425,22.74,https://www.youtube.com/watch?v=u8W02dwpLhU
22500215,u8W02dwpLhU,mid-court-logo,503.6,2.1795,35.15,https://www.youtube.com/watch?v=u8W02dwpLhU
22500215,u8W02dwpLhU,side-court-logo,486.0,0.3489,29.69,https://www.youtube.com/watch?v=u8W02dwpLhU
22500043,qTtUQTVN7yc,side-court-led-logo,443.04,0.8171,28.5,https://www.youtube.com/watch?v=qTtUQTVN7yc
22500043,qTtUQTVN7yc,basket-logo,411.81,0.1713,30.88,https://www.youtube.com/watch?v=qTtUQTVN7yc
22500043,qTtUQTVN7yc,side-court-logo,440.44,0.7834,24.62,https://www.youtube.com/watch?v=qTtUQTVN7yc
22500043,qTtUQTVN7yc,back-court-logo,419.62,0.862,19.41,https://www.youtube.com/watch?v=qTtUQTVN7yc
22500043,qTtUQTVN7yc,mid-court-logo,177.78,1.356,29.74,https://www.youtube.com/watch?v=qTtUQTVN7yc
22500043,RLrWNr_Tm-w,side-court-led-logo,503.3,0.7271,27.26,https://www.youtube.com/watch?v=RLrWNr_Tm-w
22500043,RLrWNr_Tm-w,side-court-logo,511.11,0.7655,22.37,https://www.youtube.com/watch?v=RLrWNr_Tm-w
22500043,RLrWNr_Tm-w,back-court-logo,495.5,0.8444,20.4,https://www.youtube.com/watch?v=RLrWNr_Tm-w
22500043,RLrWNr_Tm-w,basket-logo,492.89,0.1677,33.1,https://www.youtube.com/watch?v=RLrWNr_Tm-w
22500043,RLrWNr_Tm-w,mid-court-logo,218.62,1.3756,29.86,https://www.youtube.com/watch?v=RLrWNr_Tm-w
22500043,QvSNH53NZ2g,basket-logo,163.21,0.1603,31.67,https://www.youtube.com/watch?v=QvSNH53NZ2g
22500043,QvSNH53NZ2g,side-court-led-logo,165.03,0.7049,26.47,https://www.youtube.com/watch?v=QvSNH53NZ2g
22500043,QvSNH53NZ2g,side-court-logo,160.58,0.7748,20.82,https://www.youtube.com/watch?v=QvSNH53NZ2g
22500043,QvSNH53NZ2g,back-court-logo,140.99,0.8229,16.5,https://www.youtube.com/watch?v=QvSNH53NZ2g
22500043,QvSNH53NZ2g,mid-court-logo,55.55,1.124,31.39,https://www.youtube.com/watch?v=QvSNH53NZ2g
22500223,E3jiXGW8JIM,basket-logo,447.85,0.2541,36.15,https://www.youtube.com/watch?v=E3jiXGW8JIM
22500223,E3jiXGW8JIM,side-court-led-logo,487.69,1.1071,31.58,https://www.youtube.com/watch?v=E3jiXGW8JIM
22500223,E3jiXGW8JIM,mid-court-logo,477.88,1.7744,33.24,https://www.youtube.com/watch?v=E3jiXGW8JIM
22500223,E3jiXGW8JIM,side-court-logo,500.1,0.9495,25.21,https://www.youtube.com/watch?v=E3jiXGW8JIM
22500223,E3jiXGW8JIM,back-court-logo,1.2,0.4867,45.01,https://www.youtube.com/watch?v=E3jiXGW8JIM
22500224,bxRAd8kGYr0,basket-logo,459.0,0.2231,34.73,https://www.youtube.com/watch?v=bxRAd8kGYr0
22500224,bxRAd8kGYr0,side-court-logo,469.6,0.6511,32.0,https://www.youtube.com/watch?v=bxRAd8kGYr0
22500224,bxRAd8kGYr0,mid-court-logo,251.2,2.3123,29.32,https://www.youtube.com/watch?v=bxRAd8kGYr0
22500224,bxRAd8kGYr0,side-court-led-logo,88.2,1.6346,25.64,https://www.youtube.com/watch?v=bxRAd8kGYr0
22500224,bxRAd8kGYr0,back-court-logo,2.4,2.3092,33.17,https://www.youtube.com/watch?v=bxRAd8kGYr0
22500224,vpaNh9N7Fp0,basket-logo,489.69,0.2161,36.36,https://www.youtube.com/watch?v=vpaNh9N7Fp0
22500224,vpaNh9N7Fp0,side-court-logo,510.71,0.6561,29.04,https://www.youtube.com/watch?v=vpaNh9N7Fp0
22500224,vpaNh9N7Fp0,mid-court-logo,344.74,2.2314,29.31,https://www.youtube.com/watch?v=vpaNh9N7Fp0
22500224,vpaNh9N7Fp0,side-court-led-logo,116.92,1.5198,26.13,https://www.youtube.com/watch?v=vpaNh9N7Fp0
22500224,vpaNh9N7Fp0,back-court-logo,1.6,2.1682,21.11,https://www.youtube.com/watch?v=vpaNh9N7Fp0
22500231,03-vua_Q0L4,side-court-led-logo,529.73,0.7027,26.28,https://www.youtube.com/watch?v=03-vua_Q0L4
22500231,03-vua_Q0L4,side-court-logo,533.13,0.751,19.86,https://www.youtube.com/watch?v=03-vua_Q0L4
22500231,03-vua_Q0L4,mid-court-logo,538.14,1.361,28.72,https://www.youtube.com/watch?v=03-vua_Q0L4
22500231,03-vua_Q0L4,back-court-logo,507.71,0.8489,24.75,https://www.youtube.com/watch?v=03-vua_Q0L4
22500231,03-vua_Q0L4,basket-logo,505.91,0.1412,36.64,https://www.youtube.com/watch?v=03-vua_Q0L4
22500231,_PbmtlYjF4w,side-court-logo,523.32,0.7455,20.79,https://www.youtube.com/watch?v=_PbmtlYjF4w
22500231,_PbmtlYjF4w,side-court-led-logo,522.12,0.7192,26.26,https://www.youtube.com/watch?v=_PbmtlYjF4w
22500231,_PbmtlYjF4w,mid-court-logo,521.72,1.3538,27.67,https://www.youtube.com/watch?v=_PbmtlYjF4w
22500231,_PbmtlYjF4w,back-court-logo,485.29,0.8537,25.54,https://www.youtube.com/watch?v=_PbmtlYjF4w
22500231,_PbmtlYjF4w,basket-logo,472.07,0.132,37.11,https://www.youtube.com/watch?v=_PbmtlYjF4w
22500231,MfgdGQQvFKI,side-court-led-logo,516.6,0.8059,26.97,https://www.youtube.com/watch?v=MfgdGQQvFKI
22500231,MfgdGQQvFKI,side-court-logo,518.2,0.8566,23.49,https://www.youtube.com/watch?v=MfgdGQQvFKI
22500231,MfgdGQQvFKI,mid-court-logo,497.8,1.3226,29.91,https://www.youtube.com/watch?v=MfgdGQQvFKI
22500231,MfgdGQQvFKI,back-court-logo,495.8,0.9836,24.41,https://www.youtube.com/watch?v=MfgdGQQvFKI
22500231,MfgdGQQvFKI,basket-logo,486.8,0.1628,36.76,https://www.youtube.com/watch?v=MfgdGQQvFKI
22500231,EUtJgtqAma0,side-court-led-logo,569.8,0.8929,30.13,https://www.youtube.com/watch?v=EUtJgtqAma0
22500231,EUtJgtqAma0,mid-court-logo,532.6,1.0462,40.21,https://www.youtube.com/watch?v=EUtJgtqAma0
22500231,EUtJgtqAma0,basket-logo,581.0,0.1891,33.15,https://www.youtube.com/watch?v=EUtJgtqAma0
22500231,EUtJgtqAma0,back-court-logo,551.8,2.2962,23.39,https://www.youtube.com/watch?v=EUtJgtqAma0
22500231,EUtJgtqAma0,side-court-logo,11.2,1.1257,34.88,https://www.youtube.com/watch?v=EUtJgtqAma0
22500219,T9SCdObd_LM,side-court-led-logo,431.83,1.342,35.59,https://www.youtube.com/watch?v=T9SCdObd_LM
22500219,T9SCdObd_LM,basket-logo,476.08,0.1303,32.01,https://www.youtube.com/watch?v=T9SCdObd_LM
22500219,T9SCdObd_LM,side-court-logo,517.72,1.0721,26.11,https://www.youtube.com/watch?v=T9SCdObd_LM
22500219,T9SCdObd_LM,mid-court-logo,501.1,1.7741,34.97,https://www.youtube.com/watch?v=T9SCdObd_LM
22500219,T9SCdObd_LM,back-court-logo,2.4,1.9006,37.65,https://www.youtube.com/watch?v=T9SCdObd_LM
22500219,ZIk6VjeFvu8,mid-court-logo,504.0,1.7914,35.28,https://www.youtube.com/watch?v=ZIk6VjeFvu8
22500219,ZIk6VjeFvu8,basket-logo,487.2,0.1306,31.31,https://www.youtube.com/watch?v=ZIk6VjeFvu8
22500219,ZIk6VjeFvu8,side-court-led-logo,434.8,1.3725,35.88,https://www.youtube.com/watch?v=ZIk6VjeFvu8
22500219,ZIk6VjeFvu8,side-court-logo,529.2,1.0646,26.38,https://www.youtube.com/watch?v=ZIk6VjeFvu8
22500219,ZIk6VjeFvu8,back-court-logo,2.8,0.9651,34.82,https://www.youtube.com/watch?v=ZIk6VjeFvu8
22500230,Ud1UqoSlwcQ,side-court-led-logo,546.35,1.1191,26.79,https://www.youtube.com/watch?v=Ud1UqoSlwcQ
22500230,Ud1UqoSlwcQ,back-court-logo,494.29,1.8247,24.33,https://www.youtube.com/watch?v=Ud1UqoSlwcQ
22500230,Ud1UqoSlwcQ,mid-court-logo,394.59,2.2974,28.14,https://www.youtube.com/watch?v=Ud1UqoSlwcQ
22500230,Ud1UqoSlwcQ,side-court-logo,0.8,0.4949,32.94,https://www.youtube.com/watch?v=Ud1UqoSlwcQ
22500230,Ud1UqoSlwcQ,basket-logo,478.68,0.2286,35.52,https://www.youtube.com/watch?v=Ud1UqoSlwcQ
22500230,NoMcxy1uAwI,basket-logo,400.4,0.2294,32.78,https://www.youtube.com/watch?v=NoMcxy1uAwI
22500230,NoMcxy1uAwI,side-court-led-logo,476.28,1.1858,27.07,https://www.youtube.com/watch?v=NoMcxy1uAwI
22500230,NoMcxy1uAwI,back-court-logo,420.02,1.8187,22.25,https://www.youtube.com/watch?v=NoMcxy1uAwI
22500230,NoMcxy1uAwI,mid-court-logo,350.95,2.0333,28.55,https://www.youtube.com/watch?v=NoMcxy1uAwI
22500230,NoMcxy1uAwI,side-court-logo,5.41,1.44,26.31,https://www.youtube.com/watch?v=NoMcxy1uAwI
22500230,BExAPBRcUDQ,basket-logo,456.6,0.1916,32.91,https://www.youtube.com/watch?v=BExAPBRcUDQ
22500230,BExAPBRcUDQ,side-court-led-logo,521.6,0.9725,24.97,https://www.youtube.com/watch?v=BExAPBRcUDQ
22500230,BExAPBRcUDQ,back-court-logo,474.6,1.4352,21.52,https://www.youtube.com/watch?v=BExAPBRcUDQ
22500230,BExAPBRcUDQ,mid-court-logo,453.0,2.1134,30.01,https://www.youtube.com/watch?v=BExAPBRcUDQ
22500230,BExAPBRcUDQ,side-court-logo,0.4,10.2242,30.45,https://www.youtube.com/watch?v=BExAPBRcUDQ
22500230,qNyCgYCsjSQ,basket-logo,203.8,0.2108,33.79,https://www.youtube.com/watch?v=qNyCgYCsjSQ
22500230,qNyCgYCsjSQ,side-court-led-logo,241.64,1.0901,26.61,https://www.youtube.com/watch?v=qNyCgYCsjSQ
22500230,qNyCgYCsjSQ,back-court-logo,215.22,1.8306,22.95,https://www.youtube.com/watch?v=qNyCgYCsjSQ
22500230,qNyCgYCsjSQ,mid-court-logo,199.0,1.8434,29.19,https://www.youtube.com/watch?v=qNyCgYCsjSQ
22500230,qNyCgYCsjSQ,side-court-logo,2.6,1.0838,22.28,https://www.youtube.com/watch?v=qNyCgYCsjSQ
22500227,nloSeWUrKik,side-court-logo,455.66,0.8266,25.66,https://www.youtube.com/watch?v=nloSeWUrKik
22500227,nloSeWUrKik,mid-court-logo,298.5,2.0326,28.17,https://www.youtube.com/watch?v=nloSeWUrKik
22500227,nloSeWUrKik,side-court-led-logo,245.85,1.465,30.25,https://www.youtube.com/watch?v=nloSeWUrKik
22500227,nloSeWUrKik,back-court-logo,434.43,1.0806,20.71,https://www.youtube.com/watch?v=nloSeWUrKik
22500227,nloSeWUrKik,basket-logo,423.42,0.212,33.09,https://www.youtube.com/watch?v=nloSeWUrKik
22500227,YfaNX9y0WCM,mid-court-logo,417.62,2.0811,28.6,https://www.youtube.com/watch?v=YfaNX9y0WCM
22500227,YfaNX9y0WCM,back-court-logo,480.68,0.9954,23.34,https://www.youtube.com/watch?v=YfaNX9y0WCM
22500227,YfaNX9y0WCM,side-court-logo,515.32,0.7071,24.1,https://www.youtube.com/watch?v=YfaNX9y0WCM
22500227,YfaNX9y0WCM,basket-logo,457.66,0.1918,35.69,https://www.youtube.com/watch?v=YfaNX9y0WCM
22500227,YfaNX9y0WCM,side-court-led-logo,331.53,0.9935,29.25,https://www.youtube.com/watch?v=YfaNX9y0WCM
22500227,XtAT3-TFobM,mid-court-logo,388.4,2.1994,29.6,https://www.youtube.com/watch?v=XtAT3-TFobM
22500227,XtAT3-TFobM,basket-logo,452.0,0.2012,32.44,https://www.youtube.com/watch?v=XtAT3-TFobM
22500227,XtAT3-TFobM,side-court-logo,507.6,0.6604,26.37,https://www.youtube.com/watch?v=XtAT3-TFobM
22500227,XtAT3-TFobM,side-court-led-logo,300.4,1.2489,29.95,https://www.youtube.com/watch?v=XtAT3-TFobM
22500227,XtAT3-TFobM,back-court-logo,469.2,1.023,21.51,https://www.youtube.com/watch?v=XtAT3-TFobM
22500041,G2v5pw01jik,basket-logo,453.45,0.2465,33.27,https://www.youtube.com/watch?v=G2v5pw01jik
22500041,G2v5pw01jik,side-court-led-logo,495.7,1.1817,29.85,https://www.youtube.com/watch?v=G2v5pw01jik
22500041,G2v5pw01jik,back-court-logo,462.06,1.5537,21.21,https://www.youtube.com/watch?v=G2v5pw01jik
22500041,G2v5pw01jik,mid-court-logo,164.16,1.3187,26.19,https://www.youtube.com/watch?v=G2v5pw01jik
22500041,G2v5pw01jik,side-court-logo,431.03,1.1958,23.82,https://www.youtube.com/watch?v=G2v5pw01jik
22500041,h6Stk6-lhlo,side-court-led-logo,342.6,1.7911,31.95,https://www.youtube.com/watch?v=h6Stk6-lhlo
22500041,h6Stk6-lhlo,side-court-logo,325.4,2.0818,23.78,https://www.youtube.com/watch?v=h6Stk6-lhlo
22500041,h6Stk6-lhlo,mid-court-logo,66.4,1.5117,30.3,https://www.youtube.com/watch?v=h6Stk6-lhlo
22500041,h6Stk6-lhlo,back-court-logo,376.0,2.9163,25.03,https://www.youtube.com/watch?v=h6Stk6-lhlo
22500041,h6Stk6-lhlo,basket-logo,358.0,0.4085,36.78,https://www.youtube.com/watch?v=h6Stk6-lhlo
22500041,07SUmrhmznA,basket-logo,363.8,0.4434,36.63,https://www.youtube.com/watch?v=07SUmrhmznA
22500041,07SUmrhmznA,side-court-led-logo,348.0,2.0028,32.69,https://www.youtube.com/watch?v=07SUmrhmznA
22500041,07SUmrhmznA,back-court-logo,358.6,3.0996,28.45,https://www.youtube.com/watch?v=07SUmrhmznA
22500041,07SUmrhmznA,mid-court-logo,61.4,2.0596,28.27,https://www.youtube.com/watch?v=07SUmrhmznA
22500041,07SUmrhmznA,side-court-logo,375.2,2.1266,25.55,https://www.youtube.com/watch?v=07SUmrhmznA
22500222,S0fk2Hhj9z4,side-court-led-logo,482.08,1.2663,33.84,https://www.youtube.com/watch?v=S0fk2Hhj9z4
22500222,S0fk2Hhj9z4,basket-logo,489.49,0.1301,30.11,https://www.youtube.com/watch?v=S0fk2Hhj9z4
22500222,S0fk2Hhj9z4,side-court-logo,530.93,0.4044,26.14,https://www.youtube.com/watch?v=S0fk2Hhj9z4
22500222,S0fk2Hhj9z4,mid-court-logo,510.91,2.1716,30.99,https://www.youtube.com/watch?v=S0fk2Hhj9z4
22500222,S0fk2Hhj9z4,back-court-logo,499.3,1.085,19.24,https://www.youtube.com/watch?v=S0fk2Hhj9z4
22500222,SfvPbIB-bL0,basket-logo,493.6,0.1607,37.03,https://www.youtube.com/watch?v=SfvPbIB-bL0
22500222,SfvPbIB-bL0,side-court-logo,520.0,0.5013,28.05,https://www.youtube.com/watch?v=SfvPbIB-bL0
22500222,SfvPbIB-bL0,back-court-logo,499.6,1.3807,23.3,https://www.youtube.com/watch?v=SfvPbIB-bL0
22500222,SfvPbIB-bL0,side-court-led-logo,463.6,1.3,35.27,https://www.youtube.com/watch?v=SfvPbIB-bL0
22500222,SfvPbIB-bL0,mid-court-logo,473.2,2.6187,33.13,https://www.youtube.com/watch?v=SfvPbIB-bL0
22500222,r1REZb39uuc,mid-court-logo,488.69,2.5095,32.2,https://www.youtube.com/watch?v=r1REZb39uuc
22500222,r1REZb39uuc,side-court-led-logo,484.28,1.3172,33.7,https://www.youtube.com/watch?v=r1REZb39uuc
22500222,r1REZb39uuc,back-court-logo,502.5,1.2916,24.62,https://www.youtube.com/watch?v=r1REZb39uuc
22500222,r1REZb39uuc,side-court-logo,526.73,0.4667,28.05,https://www.youtube.com/watch?v=r1REZb39uuc
22500222,r1REZb39uuc,basket-logo,484.48,0.1524,37.11,https://www.youtube.com/watch?v=r1REZb39uuc
22500220,0iFYoD7NgQw,basket-logo,550.15,0.2329,37.27,https://www.youtube.com/watch?v=0iFYoD7NgQw
22500220,0iFYoD7NgQw,mid-court-logo,479.28,2.0755,33.86,https://www.youtube.com/watch?v=0iFYoD7NgQw
22500220,0iFYoD7NgQw,side-court-led-logo,578.38,2.5826,33.31,https://www.youtube.com/watch?v=0iFYoD7NgQw
22500220,0iFYoD7NgQw,side-court-logo,569.77,0.6853,30.76,https://www.youtube.com/watch?v=0iFYoD7NgQw
22500220,0iFYoD7NgQw,back-court-logo,551.15,1.5419,24.83,https://www.youtube.com/watch?v=0iFYoD7NgQw
22500220,nAPILYwDLYI,basket-logo,488.09,0.2267,37.5,https://www.youtube.com/watch?v=nAPILYwDLYI
22500220,nAPILYwDLYI,mid-court-logo,451.65,2.1955,33.47,https://www.youtube.com/watch?v=nAPILYwDLYI
22500220,nAPILYwDLYI,side-court-logo,522.32,0.6713,31.25,https://www.youtube.com/watch?v=nAPILYwDLYI
22500220,nAPILYwDLYI,side-court-led-logo,531.53,2.7252,33.43,https://www.youtube.com/watch?v=nAPILYwDLYI
22500220,nAPILYwDLYI,back-court-logo,490.49,1.5403,26.11,https://www.youtube.com/watch?v=nAPILYwDLYI
22500220,NunkdrjYs88,basket-logo,474.6,0.2415,35.67,https://www.youtube.com/watch?v=NunkdrjYs88
22500220,NunkdrjYs88,side-court-led-logo,514.4,2.72,34.61,https://www.youtube.com/watch?v=NunkdrjYs88
22500220,NunkdrjYs88,mid-court-logo,420.4,2.0827,35.05,https://www.youtube.com/watch?v=NunkdrjYs88
22500220,NunkdrjYs88,side-court-logo,501.2,0.7207,31.87,https://www.youtube.com/watch?v=NunkdrjYs88
22500220,NunkdrjYs88,back-court-logo,479.2,1.6685,23.64,https://www.youtube.com/watch?v=NunkdrjYs88
22500213,AKFKfI2E63Y,side-court-led-logo,467.67,0.8734,29.59,https://www.youtube.com/watch?v=AKFKfI2E63Y
22500213,AKFKfI2E63Y,basket-logo,421.82,0.2092,34.99,https://www.youtube.com/watch?v=AKFKfI2E63Y
22500213,AKFKfI2E63Y,mid-court-logo,394.39,1.8974,34.96,https://www.youtube.com/watch?v=AKFKfI2E63Y
22500213,AKFKfI2E63Y,back-court-logo,425.83,0.9559,24.87,https://www.youtube.com/watch?v=AKFKfI2E63Y
22500213,AKFKfI2E63Y,side-court-logo,466.07,0.798,28.48,https://www.youtube.com/watch?v=AKFKfI2E63Y
22500213,clrK_CHbZgk,side-court-led-logo,500.4,0.8999,30.55,https://www.youtube.com/watch?v=clrK_CHbZgk
22500213,clrK_CHbZgk,basket-logo,449.8,0.2038,33.69,https://www.youtube.com/watch?v=clrK_CHbZgk
22500213,clrK_CHbZgk,side-court-logo,497.4,0.7923,28.61,https://www.youtube.com/watch?v=clrK_CHbZgk
22500213,clrK_CHbZgk,back-court-logo,450.2,0.9427,24.01,https://www.youtube.com/watch?v=clrK_CHbZgk
22500213,clrK_CHbZgk,mid-court-logo,426.8,2.021,35.97,https://www.youtube.com/watch?v=clrK_CHbZgk
22500213,MQPRUV1XMew,side-court-led-logo,468.8,0.9,30.46,https://www.youtube.com/watch?v=MQPRUV1XMew
22500213,MQPRUV1XMew,basket-logo,423.4,0.2062,33.93,https://www.youtube.com/watch?v=MQPRUV1XMew
22500213,MQPRUV1XMew,mid-court-logo,394.0,1.9019,35.97,https://www.youtube.com/watch?v=MQPRUV1XMew
22500213,MQPRUV1XMew,back-court-logo,425.6,0.949,24.16,https://www.youtube.com/watch?v=MQPRUV1XMew
22500213,MQPRUV1XMew,side-court-logo,465.2,0.7984,29.48,https://www.youtube.com/watch?v=MQPRUV1XMew
22500226,VYvAb0hS6Ek,basket-logo,466.6,0.2305,38.21,https://www.youtube.com/watch?v=VYvAb0hS6Ek
22500226,VYvAb0hS6Ek,mid-court-logo,458.0,2.5383,35.1,https://www.youtube.com/watch?v=VYvAb0hS6Ek
22500226,VYvAb0hS6Ek,back-court-logo,475.8,2.1053,26.12,https://www.youtube.com/watch?v=VYvAb0hS6Ek
22500226,VYvAb0hS6Ek,side-court-led-logo,216.6,0.9493,32.18,https://www.youtube.com/watch?v=VYvAb0hS6Ek
22500226,VYvAb0hS6Ek,side-court-logo,2.4,0.4813,41.29,https://www.youtube.com/watch?v=VYvAb0hS6Ek
22500226,swtmHmSXBZY,side-court-logo,3.6,0.4203,37.91,https://www.youtube.com/watch?v=swtmHmSXBZY
22500226,swtmHmSXBZY,mid-court-logo,481.08,2.6964,34.79,https://www.youtube.com/watch?v=swtmHmSXBZY
22500226,swtmHmSXBZY,side-court-led-logo,221.42,0.9317,30.27,https://www.youtube.com/watch?v=swtmHmSXBZY
22500226,swtmHmSXBZY,basket-logo,477.68,0.2259,38.84,https://www.youtube.com/watch?v=swtmHmSXBZY
22500226,swtmHmSXBZY,back-court-logo,483.88,2.0586,26.69,https://www.youtube.com/watch?v=swtmHmSXBZY
22500226,Cih4JBI_W18,basket-logo,522.6,0.2281,39.43,https://www.youtube.com/watch?v=Cih4JBI_W18
22500226,Cih4JBI_W18,side-court-led-logo,210.4,0.7636,28.26,https://www.youtube.com/watch?v=Cih4JBI_W18
22500226,Cih4JBI_W18,mid-court-logo,497.4,2.5774,35.33,https://www.youtube.com/watch?v=Cih4JBI_W18
22500226,Cih4JBI_W18,back-court-logo,527.6,2.0998,26.91,https://www.youtube.com/watch?v=Cih4JBI_W18
22500226,Cih4JBI_W18,side-court-logo,3.8,1.2145,31.37,https://www.youtube.com/watch?v=Cih4JBI_W18
22500045,7Ys5C6rTo80,side-court-led-logo,469.2,2.1806,32.9,https://www.youtube.com/watch?v=7Ys5C6rTo80
22500045,7Ys5C6rTo80,side-court-logo,277.6,0.7248,16.74,https://www.youtube.com/watch?v=7Ys5C6rTo80
22500045,7Ys5C6rTo80,basket-logo,450.0,0.1084,32.7,https://www.youtube.com/watch?v=7Ys5C6rTo80
22500045,7Ys5C6rTo80,mid-court-logo,192.2,1.4448,28.88,https://www.youtube.com/watch?v=7Ys5C6rTo80
22500045,7Ys5C6rTo80,back-court-logo,2.2,0.6183,32.66,https://www.youtube.com/watch?v=7Ys5C6rTo80
22500045,l9TmHI4viHk,basket-logo,528.33,0.1049,32.3,https://www.youtube.com/watch?v=l9TmHI4viHk
22500045,l9TmHI4viHk,side-court-led-logo,535.54,1.7301,33.17,https://www.youtube.com/watch?v=l9TmHI4viHk
22500045,l9TmHI4viHk,side-court-logo,314.91,0.6419,17.81,https://www.youtube.com/watch?v=l9TmHI4viHk
22500045,l9TmHI4viHk,mid-court-logo,249.05,1.3408,29.51,https://www.youtube.com/watch?v=l9TmHI4viHk
22500045,l9TmHI4viHk,back-court-logo,2.2,0.6215,34.56,https://www.youtube.com/watch?v=l9TmHI4viHk
22500045,-_-cVxUNhwk,basket-logo,465.87,0.107,32.71,https://www.youtube.com/watch?v=-_-cVxUNhwk
22500045,-_-cVxUNhwk,side-court-led-logo,507.91,2.0023,32.83,https://www.youtube.com/watch?v=-_-cVxUNhwk
22500045,-_-cVxUNhwk,side-court-logo,331.13,0.6641,18.07,https://www.youtube.com/watch?v=-_-cVxUNhwk
22500045,-_-cVxUNhwk,mid-court-logo,258.46,1.2775,29.03,https://www.youtube.com/watch?v=-_-cVxUNhwk
22500045,-_-cVxUNhwk,back-court-logo,1.6,0.7023,29.63,https://www.youtube.com/watch?v=-_-cVxUNhwk
22500045,_1a2QIVDazg,basket-logo,398.6,0.1165,32.26,https://www.youtube.com/watch?v=_1a2QIVDazg
22500045,_1a2QIVDazg,side-court-led-logo,369.8,1.6259,34.24,https://www.youtube.com/watch?v=_1a2QIVDazg
22500045,_1a2QIVDazg,mid-court-logo,129.0,1.3583,31.12,https://www.youtube.com/watch?v=_1a2QIVDazg
22500045,_1a2QIVDazg,side-court-logo,264.4,0.7253,18.1,https://www.youtube.com/watch?v=_1a2QIVDazg
22500045,_1a2QIVDazg,back-court-logo,0.6,0.876,25.19,https://www.youtube.com/watch?v=_1a2QIVDazg
22500217,2qKK3e20Rzo,mid-court-logo,497.1,2.9133,34.75,https://www.youtube.com/watch?v=2qKK3e20Rzo
22500217,2qKK3e20Rzo,back-court-logo,470.47,1.3083,24.05,https://www.youtube.com/watch?v=2qKK3e20Rzo
22500217,2qKK3e20Rzo,side-court-logo,522.32,0.9987,27.33,https://www.youtube.com/watch?v=2qKK3e20Rzo
22500217,2qKK3e20Rzo,side-court-led-logo,170.57,1.0532,28.82,https://www.youtube.com/watch?v=2qKK3e20Rzo
22500217,2qKK3e20Rzo,basket-logo,455.06,0.191,33.83,https://www.youtube.com/watch?v=2qKK3e20Rzo
22500217,jBOb0vp-JhM,basket-logo,483.0,0.1941,34.22,https://www.youtube.com/watch?v=jBOb0vp-JhM
22500217,jBOb0vp-JhM,side-court-logo,543.8,1.0317,27.69,https://www.youtube.com/watch?v=jBOb0vp-JhM
22500217,jBOb0vp-JhM,side-court-led-logo,169.0,1.0895,29.3,https://www.youtube.com/watch?v=jBOb0vp-JhM
22500217,jBOb0vp-JhM,mid-court-logo,514.8,2.9604,34.93,https://www.youtube.com/watch?v=jBOb0vp-JhM
22500217,jBOb0vp-JhM,back-court-logo,493.8,1.3462,24.07,https://www.youtube.com/watch?v=jBOb0vp-JhM
22500217,1wGCzSxMbiI,mid-court-logo,108.71,2.8675,36.2,https://www.youtube.com/watch?v=1wGCzSxMbiI
22500217,1wGCzSxMbiI,side-court-led-logo,35.44,0.6979,31.99,https://www.youtube.com/watch?v=1wGCzSxMbiI
22500217,1wGCzSxMbiI,back-court-logo,110.11,1.3243,22.67,https://www.youtube.com/watch?v=1wGCzSxMbiI
22500217,1wGCzSxMbiI,side-court-logo,116.72,1.0257,27.74,https://www.youtube.com/watch?v=1wGCzSxMbiI
22500217,1wGCzSxMbiI,basket-logo,111.11,0.1918,32.68,https://www.youtube.com/watch?v=1wGCzSxMbiI
22500047,UawvININqMc,basket-logo,461.4,0.1682,31.75,https://www.youtube.com/watch?v=UawvININqMc
22500047,UawvININqMc,back-court-logo,385.8,1.2035,19.71,https://www.youtube.com/watch?v=UawvININqMc
22500047,UawvININqMc,mid-court-logo,322.0,1.9722,34.15,https://www.youtube.com/watch?v=UawvININqMc
22500047,UawvININqMc,side-court-led-logo,319.6,2.6331,31.86,https://www.youtube.com/watch?v=UawvININqMc
22500047,UawvININqMc,side-court-logo,73.6,0.3661,20.89,https://www.youtube.com/watch?v=UawvININqMc
22500047,L_EBP0R6_m4,basket-logo,589.39,0.1676,33.19,https://www.youtube.com/watch?v=L_EBP0R6_m4
22500047,L_EBP0R6_m4,back-court-logo,519.72,1.2548,21.16,https://www.youtube.com/watch?v=L_EBP0R6_m4
22500047,L_EBP0R6_m4,mid-court-logo,441.64,2.0099,32.69,https://www.youtube.com/watch?v=L_EBP0R6_m4
22500047,L_EBP0R6_m4,side-court-led-logo,404.0,2.4215,31.23,https://www.youtube.com/watch?v=L_EBP0R6_m4
22500047,L_EBP0R6_m4,side-court-logo,94.89,0.3824,21.7,https://www.youtube.com/watch?v=L_EBP0R6_m4
22500047,QHGhlcDBsyM,side-court-led-logo,345.75,2.5904,30.12,https://www.youtube.com/watch?v=QHGhlcDBsyM
22500047,QHGhlcDBsyM,mid-court-logo,319.92,1.8586,32.28,https://www.youtube.com/watch?v=QHGhlcDBsyM
22500047,QHGhlcDBsyM,side-court-logo,73.47,0.6403,20.77,https://www.youtube.com/watch?v=QHGhlcDBsyM
22500047,QHGhlcDBsyM,back-court-logo,414.21,1.2116,21.78,https://www.youtube.com/watch?v=QHGhlcDBsyM
22500047,QHGhlcDBsyM,basket-logo,451.65,0.1623,33.46,https://www.youtube.com/watch?v=QHGhlcDBsyM
22500047,b3C4A1n6n1E,basket-logo,518.4,0.177,33.05,https://www.youtube.com/watch?v=b3C4A1n6n1E
22500047,b3C4A1n6n1E,back-court-logo,290.0,1.2677,20.91,https://www.youtube.com/watch?v=b3C4A1n6n1E
22500047,b3C4A1n6n1E,mid-court-logo,401.6,2.0914,32.35,https://www.youtube.com/watch?v=b3C4A1n6n1E
22500047,b3C4A1n6n1E,side-court-led-logo,302.0,2.3932,31.53,https://www.youtube.com/watch?v=b3C4A1n6n1E
22500047,b3C4A1n6n1E,side-court-logo,44.0,0.4372,23.12,https://www.youtube.com/watch?v=b3C4A1n6n1E
22500216,EuXzkxJYc0Y,side-court-led-logo,526.53,0.9299,27.77,https://www.youtube.com/watch?v=EuXzkxJYc0Y
22500216,EuXzkxJYc0Y,basket-logo,466.47,0.2422,35.3,https://www.youtube.com/watch?v=EuXzkxJYc0Y
22500216,EuXzkxJYc0Y,side-court-logo,527.93,0.9557,27.06,https://www.youtube.com/watch?v=EuXzkxJYc0Y
22500216,EuXzkxJYc0Y,mid-court-logo,479.08,0.9515,30.51,https://www.youtube.com/watch?v=EuXzkxJYc0Y
22500216,EuXzkxJYc0Y,back-court-logo,489.69,2.0378,25.41,https://www.youtube.com/watch?v=EuXzkxJYc0Y
22500216,wOfB9uRxO7s,basket-logo,491.6,0.2492,34.24,https://www.youtube.com/watch?v=wOfB9uRxO7s
22500216,wOfB9uRxO7s,side-court-led-logo,537.2,0.9245,29.42,https://www.youtube.com/watch?v=wOfB9uRxO7s
22500216,wOfB9uRxO7s,side-court-logo,533.2,0.9816,28.72,https://www.youtube.com/watch?v=wOfB9uRxO7s
22500216,wOfB9uRxO7s,back-court-logo,507.2,2.0738,23.99,https://www.youtube.com/watch?v=wOfB9uRxO7s
22500216,wOfB9uRxO7s,mid-court-logo,478.2,0.9186,32.61,https://www.youtube.com/watch?v=wOfB9uRxO7s
22500216,8wt4XOQw_Qk,basket-logo,364.0,0.366,39.2,https://www.youtube.com/watch?v=8wt4XOQw_Qk
22500216,8wt4XOQw_Qk,side-court-led-logo,406.8,1.5481,33.44,https://www.youtube.com/watch?v=8wt4XOQw_Qk
22500216,8wt4XOQw_Qk,side-court-logo,397.2,1.4654,32.97,https://www.youtube.com/watch?v=8wt4XOQw_Qk
22500216,8wt4XOQw_Qk,back-court-logo,381.0,4.5159,31.72,https://www.youtube.com/watch?v=8wt4XOQw_Qk
22500216,8wt4XOQw_Qk,mid-court-logo,164.4,1.3602,32.69,https://www.youtube.com/watch?v=8wt4XOQw_Qk
22500039,zisplHoKGzs,basket-logo,450.45,0.185,29.95,https://www.youtube.com/watch?v=zisplHoKGzs
22500039,zisplHoKGzs,side-court-led-logo,226.03,0.9939,35.15,https://www.youtube.com/watch?v=zisplHoKGzs
22500039,zisplHoKGzs,mid-court-logo,234.83,1.8515,31.05,https://www.youtube.com/watch?v=zisplHoKGzs
22500039,zisplHoKGzs,back-court-logo,438.84,1.1838,19.42,https://www.youtube.com/watch?v=zisplHoKGzs
22500039,zisplHoKGzs,side-court-logo,9.21,0.2276,48.15,https://www.youtube.com/watch?v=zisplHoKGzs
22500039,qLHf-5a4Jt0,basket-logo,511.11,0.1781,31.78,https://www.youtube.com/watch?v=qLHf-5a4Jt0
22500039,qLHf-5a4Jt0,side-court-led-logo,280.68,0.9188,35.4,https://www.youtube.com/watch?v=qLHf-5a4Jt0
22500039,qLHf-5a4Jt0,mid-court-logo,276.28,1.9738,31.02,https://www.youtube.com/watch?v=qLHf-5a4Jt0
22500039,qLHf-5a4Jt0,back-court-logo,493.29,1.1258,20.93,https://www.youtube.com/watch?v=qLHf-5a4Jt0
22500039,qLHf-5a4Jt0,side-court-logo,13.01,0.2373,45.08,https://www.youtube.com/watch?v=qLHf-5a4Jt0
22500039,FPxdLa8Sj7Q,side-court-led-logo,56.2,2.4116,30.81,https://www.youtube.com/watch?v=FPxdLa8Sj7Q
22500039,FPxdLa8Sj7Q,mid-court-logo,65.0,2.2146,29.03,https://www.youtube.com/watch?v=FPxdLa8Sj7Q
22500039,FPxdLa8Sj7Q,back-court-logo,494.8,2.5765,29.88,https://www.youtube.com/watch?v=FPxdLa8Sj7Q
22500039,FPxdLa8Sj7Q,basket-logo,552.4,0.3093,38.13,https://www.youtube.com/watch?v=FPxdLa8Sj7Q
22500039,FPxdLa8Sj7Q,side-court-logo,74.6,0.3607,38.65,https://www.youtube.com/watch?v=FPxdLa8Sj7Q
22500039,9ChC_FVI38o,side-court-led-logo,42.0,0.6674,33.52,https://www.youtube.com/watch?v=9ChC_FVI38o
22500039,9ChC_FVI38o,basket-logo,88.6,0.1725,32.3,https://www.youtube.com/watch?v=9ChC_FVI38o
22500039,9ChC_FVI38o,mid-court-logo,43.6,1.9323,32.22,https://www.youtube.com/watch?v=9ChC_FVI38o
22500039,9ChC_FVI38o,back-court-logo,88.8,1.0729,20.97,https://www.youtube.com/watch?v=9ChC_FVI38o
22500039,9ChC_FVI38o,side-court-logo,4.6,0.2001,48.34,https://www.youtube.com/watch?v=9ChC_FVI38o
22500245,Wiq2EJwMIxM,basket-logo,480.08,0.2405,33.18,https://www.youtube.com/watch?v=Wiq2EJwMIxM
22500245,Wiq2EJwMIxM,side-court-led-logo,523.92,0.8322,29.44,https://www.youtube.com/watch?v=Wiq2EJwMIxM
22500245,Wiq2EJwMIxM,side-court-logo,520.12,0.6998,19.41,https://www.youtube.com/watch?v=Wiq2EJwMIxM
22500245,Wiq2EJwMIxM,mid-court-logo,479.88,2.0071,32.9,https://www.youtube.com/watch?v=Wiq2EJwMIxM
22500245,Wiq2EJwMIxM,back-court-logo,489.69,1.4545,22.25,https://www.youtube.com/watch?v=Wiq2EJwMIxM
22500245,mp2MM1kJ0G0,basket-logo,461.2,0.2608,33.18,https://www.youtube.com/watch?v=mp2MM1kJ0G0
22500245,mp2MM1kJ0G0,back-court-logo,479.4,1.4971,21.8,https://www.youtube.com/watch?v=mp2MM1kJ0G0
22500245,mp2MM1kJ0G0,side-court-logo,522.0,0.735,20.02,https://www.youtube.com/watch?v=mp2MM1kJ0G0
22500245,mp2MM1kJ0G0,side-court-led-logo,521.6,1.0329,29.97,https://www.youtube.com/watch?v=mp2MM1kJ0G0
22500245,mp2MM1kJ0G0,mid-court-logo,478.2,2.0533,32.64,https://www.youtube.com/watch?v=mp2MM1kJ0G0
22500245,OEAdiCeAIkc,side-court-led-logo,486.09,0.9125,31.4,https://www.youtube.com/watch?v=OEAdiCeAIkc
22500245,OEAdiCeAIkc,mid-court-logo,447.85,1.9095,33.85,https://www.youtube.com/watch?v=OEAdiCeAIkc
22500245,OEAdiCeAIkc,side-court-logo,480.68,0.7188,21.1,https://www.youtube.com/watch?v=OEAdiCeAIkc
22500245,OEAdiCeAIkc,back-court-logo,445.05,1.5338,21.27,https://www.youtube.com/watch?v=OEAdiCeAIkc
22500245,OEAdiCeAIkc,basket-logo,425.03,0.2471,31.61,https://www.youtube.com/watch?v=OEAdiCeAIkc
22500245,n6LTgSZCGWI,basket-logo,467.8,0.2506,33.29,https://www.youtube.com/watch?v=n6LTgSZCGWI
22500245,n6LTgSZCGWI,side-court-led-logo,528.4,1.0512,29.76,https://www.youtube.com/watch?v=n6LTgSZCGWI
22500245,n6LTgSZCGWI,mid-court-logo,484.2,2.0312,32.64,https://www.youtube.com/watch?v=n6LTgSZCGWI
22500245,n6LTgSZCGWI,back-court-logo,486.4,1.4993,22.03,https://www.youtube.com/watch?v=n6LTgSZCGWI
22500245,n6LTgSZCGWI,side-court-logo,529.2,0.7175,20.25,https://www.youtube.com/watch?v=n6LTgSZCGWI
22500245,ssdwRgp6QuA,basket-logo,578.4,0.2495,31.57,https://www.youtube.com/watch?v=ssdwRgp6QuA
22500245,ssdwRgp6QuA,side-court-led-logo,620.2,0.8205,30.93,https://www.youtube.com/watch?v=ssdwRgp6QuA
22500245,ssdwRgp6QuA,back-court-logo,589.8,1.4385,20.55,https://www.youtube.com/watch?v=ssdwRgp6QuA
22500245,ssdwRgp6QuA,side-court-logo,629.4,0.7045,20.37,https://www.youtube.com/watch?v=ssdwRgp6QuA
22500245,ssdwRgp6QuA,mid-court-logo,359.0,1.6628,31.53,https://www.youtube.com/watch?v=ssdwRgp6QuA
22500245,teGkohksxf8,side-court-led-logo,169.57,0.8707,30.64,https://www.youtube.com/watch?v=teGkohksxf8
22500245,teGkohksxf8,side-court-logo,168.57,0.6942,21.53,https://www.youtube.com/watch?v=teGkohksxf8
22500245,teGkohksxf8,back-court-logo,155.56,1.3581,21.99,https://www.youtube.com/watch?v=teGkohksxf8
22500245,teGkohksxf8,mid-court-logo,162.16,2.4829,34.33,https://www.youtube.com/watch?v=teGkohksxf8
22500245,teGkohksxf8,basket-logo,149.95,0.2406,31.73,https://www.youtube.com/watch?v=teGkohksxf8
22500205,xDI4Xruo9So,side-court-led-logo,209.81,1.3208,29.58,https://www.youtube.com/watch?v=xDI4Xruo9So
22500205,xDI4Xruo9So,mid-court-logo,390.99,2.2185,32.94,https://www.youtube.com/watch?v=xDI4Xruo9So
22500205,xDI4Xruo9So,side-court-logo,503.5,0.8117,28.48,https://www.youtube.com/watch?v=xDI4Xruo9So
22500205,xDI4Xruo9So,basket-logo,405.21,0.2214,32.87,https://www.youtube.com/watch?v=xDI4Xruo9So
22500205,xDI4Xruo9So,back-court-logo,452.05,1.1716,22.62,https://www.youtube.com/watch?v=xDI4Xruo9So
22500046,oNOX3jTlXU0,side-court-led-logo,459.66,2.2518,32.29,https://www.youtube.com/watch?v=oNOX3jTlXU0
22500046,oNOX3jTlXU0,mid-court-logo,129.33,0.772,29.8,https://www.youtube.com/watch?v=oNOX3jTlXU0
22500046,oNOX3jTlXU0,basket-logo,428.83,0.192,32.66,https://www.youtube.com/watch?v=oNOX3jTlXU0
22500046,oNOX3jTlXU0,side-court-logo,73.27,0.4766,42.97,https://www.youtube.com/watch?v=oNOX3jTlXU0
22500046,oNOX3jTlXU0,back-court-logo,35.44,0.5209,19.78,https://www.youtube.com/watch?v=oNOX3jTlXU0
22500046,6xXOBDFdRxQ,basket-logo,484.68,0.1703,34.68,https://www.youtube.com/watch?v=6xXOBDFdRxQ
22500046,6xXOBDFdRxQ,side-court-led-logo,533.13,2.0598,30.62,https://www.youtube.com/watch?v=6xXOBDFdRxQ
22500046,6xXOBDFdRxQ,back-court-logo,83.28,0.4668,22.57,https://www.youtube.com/watch?v=6xXOBDFdRxQ
22500046,6xXOBDFdRxQ,side-court-logo,54.85,0.4584,42.22,https://www.youtube.com/watch?v=6xXOBDFdRxQ
22500046,6xXOBDFdRxQ,mid-court-logo,120.52,0.8006,27.48,https://www.youtube.com/watch?v=6xXOBDFdRxQ
22500046,BoxCWTC4Oko,basket-logo,454.0,0.3212,37.89,https://www.youtube.com/watch?v=BoxCWTC4Oko
22500046,BoxCWTC4Oko,side-court-led-logo,335.4,2.4193,35.06,https://www.youtube.com/watch?v=BoxCWTC4Oko
22500046,BoxCWTC4Oko,side-court-logo,91.6,0.607,38.31,https://www.youtube.com/watch?v=BoxCWTC4Oko
22500046,BoxCWTC4Oko,back-court-logo,48.0,1.0266,28.21,https://www.youtube.com/watch?v=BoxCWTC4Oko
22500046,BoxCWTC4Oko,mid-court-logo,32.0,2.6545,26.89,https://www.youtube.com/watch?v=BoxCWTC4Oko
22500046,RG9fmvz1bnk,side-court-led-logo,456.8,2.1818,33.01,https://www.youtube.com/watch?v=RG9fmvz1bnk
22500046,RG9fmvz1bnk,mid-court-logo,110.4,0.8322,32.12,https://www.youtube.com/watch?v=RG9fmvz1bnk
22500046,RG9fmvz1bnk,basket-logo,431.4,0.2094,31.66,https://www.youtube.com/watch?v=RG9fmvz1bnk
22500046,RG9fmvz1bnk,side-court-logo,74.2,0.4885,41.32,https://www.youtube.com/watch?v=RG9fmvz1bnk
22500046,RG9fmvz1bnk,back-court-logo,19.0,0.5884,18.88,https://www.youtube.com/watch?v=RG9fmvz1bnk
22500218,HbCsI_LsY_Q,mid-court-logo,262.86,1.842,28.63,https://www.youtube.com/watch?v=HbCsI_LsY_Q
22500218,HbCsI_LsY_Q,side-court-logo,200.2,0.7676,24.44,https://www.youtube.com/watch?v=HbCsI_LsY_Q
22500218,HbCsI_LsY_Q,side-court-led-logo,199.4,2.3444,28.33,https://www.youtube.com/watch?v=HbCsI_LsY_Q
22500218,HbCsI_LsY_Q,basket-logo,364.36,0.2543,37.32,https://www.youtube.com/watch?v=HbCsI_LsY_Q
22500218,JhLHEfuh3pk,side-court-led-logo,295.3,1.8964,26.41,https://www.youtube.com/watch?v=JhLHEfuh3pk
22500218,JhLHEfuh3pk,mid-court-logo,363.76,1.7701,27.52,https://www.youtube.com/watch?v=JhLHEfuh3pk
22500218,JhLHEfuh3pk,side-court-logo,286.69,0.7067,25.05,https://www.youtube.com/watch?v=JhLHEfuh3pk
22500218,JhLHEfuh3pk,basket-logo,444.24,0.2292,40.45,https://www.youtube.com/watch?v=JhLHEfuh3pk
22500218,8GRPodH7o3M,basket-logo,455.6,0.2265,40.41,https://www.youtube.com/watch?v=8GRPodH7o3M
22500218,8GRPodH7o3M,side-court-led-logo,305.6,1.6943,26.23,https://www.youtube.com/watch?v=8GRPodH7o3M
22500218,8GRPodH7o3M,mid-court-logo,372.0,1.8547,27.99,https://www.youtube.com/watch?v=8GRPodH7o3M
22500218,8GRPodH7o3M,side-court-logo,285.6,0.6594,26.59,https://www.youtube.com/watch?v=8GRPodH7o3M
22500204,9aE-OVacKxU,basket-logo,466.87,0.2164,38.44,https://www.youtube.com/watch?v=9aE-OVacKxU
22500204,9aE-OVacKxU,side-court-led-logo,243.64,1.0156,31.43,https://www.youtube.com/watch?v=9aE-OVacKxU
22500204,9aE-OVacKxU,back-court-logo,478.68,1.9399,26.5,https://www.youtube.com/watch?v=9aE-OVacKxU
22500204,9aE-OVacKxU,mid-court-logo,491.49,2.5406,34.39,https://www.youtube.com/watch?v=9aE-OVacKxU
22500204,9aE-OVacKxU,side-court-logo,4.8,0.2378,37.7,https://www.youtube.com/watch?v=9aE-OVacKxU
22500204,jn_dcuK_qlk,basket-logo,494.2,0.2166,38.66,https://www.youtube.com/watch?v=jn_dcuK_qlk
22500204,jn_dcuK_qlk,back-court-logo,504.2,1.9643,26.47,https://www.youtube.com/watch?v=jn_dcuK_qlk
22500204,jn_dcuK_qlk,side-court-led-logo,259.0,1.001,30.47,https://www.youtube.com/watch?v=jn_dcuK_qlk
22500204,jn_dcuK_qlk,mid-court-logo,506.8,2.5655,35.26,https://www.youtube.com/watch?v=jn_dcuK_qlk
22500204,jn_dcuK_qlk,side-court-logo,6.0,0.1773,37.86,https://www.youtube.com/watch?v=jn_dcuK_qlk
22500221,SC55eBDmheI,basket-logo,433.43,0.1693,33.82,https://www.youtube.com/watch?v=SC55eBDmheI
22500221,SC55eBDmheI,side-court-led-logo,477.08,2.1214,30.92,https://www.youtube.com/watch?v=SC55eBDmheI
22500221,SC55eBDmheI,back-court-logo,441.84,1.0803,22.15,https://www.youtube.com/watch?v=SC55eBDmheI
22500221,SC55eBDmheI,mid-court-logo,399.8,1.2689,34.19,https://www.youtube.com/watch?v=SC55eBDmheI
22500221,SC55eBDmheI,side-court-logo,438.44,0.3058,24.3,https://www.youtube.com/watch?v=SC55eBDmheI
22500221,Ge4rBY0bxS8,mid-court-logo,451.85,1.2044,32.01,https://www.youtube.com/watch?v=Ge4rBY0bxS8
22500221,Ge4rBY0bxS8,side-court-led-logo,541.14,2.0891,29.62,https://www.youtube.com/watch?v=Ge4rBY0bxS8
22500221,Ge4rBY0bxS8,side-court-logo,502.5,0.3044,23.72,https://www.youtube.com/watch?v=Ge4rBY0bxS8
22500221,Ge4rBY0bxS8,basket-logo,481.48,0.1618,35.47,https://www.youtube.com/watch?v=Ge4rBY0bxS8
22500221,Ge4rBY0bxS8,back-court-logo,499.9,1.0631,23.54,https://www.youtube.com/watch?v=Ge4rBY0bxS8
22500221,ZcmH9GG8EPM,side-court-led-logo,491.0,2.054,30.79,https://www.youtube.com/watch?v=ZcmH9GG8EPM
22500221,ZcmH9GG8EPM,mid-court-logo,409.0,1.2618,33.49,https://www.youtube.com/watch?v=ZcmH9GG8EPM
22500221,ZcmH9GG8EPM,side-court-logo,449.4,0.3078,24.7,https://www.youtube.com/watch?v=ZcmH9GG8EPM
22500221,ZcmH9GG8EPM,back-court-logo,451.6,1.0773,22.73,https://www.youtube.com/watch?v=ZcmH9GG8EPM
22500221,ZcmH9GG8EPM,basket-logo,440.4,0.165,34.43,https://www.youtube.com/watch?v=ZcmH9GG8EPM
22500214,Z-qAdoS3Xns,side-court-led-logo,544.54,1.0971,28.93,https://www.youtube.com/watch?v=Z-qAdoS3Xns
22500214,Z-qAdoS3Xns,basket-logo,490.89,0.2289,38.27,https://www.youtube.com/watch?v=Z-qAdoS3Xns
22500214,Z-qAdoS3Xns,back-court-logo,506.51,1.4928,25.51,https://www.youtube.com/watch?v=Z-qAdoS3Xns
22500214,Z-qAdoS3Xns,mid-court-logo,450.65,1.8379,31.42,https://www.youtube.com/watch?v=Z-qAdoS3Xns
22500214,Z-qAdoS3Xns,side-court-logo,545.35,1.2046,24.08,https://www.youtube.com/watch?v=Z-qAdoS3Xns
22500214,c3UBtu5aZuA,basket-logo,465.8,0.2293,37.43,https://www.youtube.com/watch?v=c3UBtu5aZuA
22500214,c3UBtu5aZuA,back-court-logo,475.6,1.471,23.89,https://www.youtube.com/watch?v=c3UBtu5aZuA
22500214,c3UBtu5aZuA,side-court-led-logo,505.8,1.1133,29.13,https://www.youtube.com/watch?v=c3UBtu5aZuA
22500214,c3UBtu5aZuA,side-court-logo,509.0,1.1971,24.16,https://www.youtube.com/watch?v=c3UBtu5aZuA
22500214,c3UBtu5aZuA,mid-court-logo,367.8,1.8796,31.7,https://www.youtube.com/watch?v=c3UBtu5aZuA
22500214,gaVkTbgOny8,mid-court-logo,98.7,1.8969,32.94,https://www.youtube.com/watch?v=gaVkTbgOny8
22500214,gaVkTbgOny8,side-court-logo,107.31,1.1571,26.66,https://www.youtube.com/watch?v=gaVkTbgOny8
22500214,gaVkTbgOny8,side-court-led-logo,109.91,1.1003,30.58,https://www.youtube.com/watch?v=gaVkTbgOny8
22500214,gaVkTbgOny8,back-court-logo,96.3,1.5383,22.58,https://www.youtube.com/watch?v=gaVkTbgOny8
22500214,gaVkTbgOny8,basket-logo,93.69,0.2286,35.03,https://www.youtube.com/watch?v=gaVkTbgOny8
22500195,2x3gYtTSmik,side-court-logo,505.4,0.9839,27.6,https://www.youtube.com/watch?v=2x3gYtTSmik
22500195,2x3gYtTSmik,mid-court-logo,356.8,2.2144,28.54,https://www.youtube.com/watch?v=2x3gYtTSmik
22500195,2x3gYtTSmik,side-court-led-logo,378.6,2.2011,30.24,https://www.youtube.com/watch?v=2x3gYtTSmik
22500195,2x3gYtTSmik,back-court-logo,468.2,2.0803,25.65,https://www.youtube.com/watch?v=2x3gYtTSmik
22500195,2x3gYtTSmik,basket-logo,455.6,0.2575,35.8,https://www.youtube.com/watch?v=2x3gYtTSmik
22500211,Ft_qkyeLPiU,basket-logo,415.4,0.2199,36.18,https://www.youtube.com/watch?v=Ft_qkyeLPiU
22500211,Ft_qkyeLPiU,side-court-logo,455.4,0.7373,26.98,https://www.youtube.com/watch?v=Ft_qkyeLPiU
22500211,Ft_qkyeLPiU,back-court-logo,431.0,1.1261,24.39,https://www.youtube.com/watch?v=Ft_qkyeLPiU
22500211,Ft_qkyeLPiU,mid-court-logo,314.0,2.1337,28.18,https://www.youtube.com/watch?v=Ft_qkyeLPiU
22500211,Ft_qkyeLPiU,side-court-led-logo,242.2,1.3498,25.66,https://www.youtube.com/watch?v=Ft_qkyeLPiU
22500211,aTNe-_XNr6o,side-court-logo,518.52,0.6943,26.22,https://www.youtube.com/watch?v=aTNe-_XNr6o
22500211,aTNe-_XNr6o,side-court-led-logo,289.09,0.999,26.76,https://www.youtube.com/watch?v=aTNe-_XNr6o
22500211,aTNe-_XNr6o,mid-court-logo,380.98,2.1043,27.99,https://www.youtube.com/watch?v=aTNe-_XNr6o
22500211,aTNe-_XNr6o,back-court-logo,478.08,1.1046,24.8,https://www.youtube.com/watch?v=aTNe-_XNr6o
22500211,aTNe-_XNr6o,basket-logo,465.07,0.2119,36.98,https://www.youtube.com/watch?v=aTNe-_XNr6o
22500211,_YVRLrRL_YI,mid-court-logo,364.4,2.1175,29.21,https://www.youtube.com/watch?v=_YVRLrRL_YI
22500211,_YVRLrRL_YI,basket-logo,487.0,0.2164,34.65,https://www.youtube.com/watch?v=_YVRLrRL_YI
22500211,_YVRLrRL_YI,back-court-logo,503.8,1.1428,22.46,https://www.youtube.com/watch?v=_YVRLrRL_YI
22500211,_YVRLrRL_YI,side-court-logo,524.6,0.7629,27.58,https://www.youtube.com/watch?v=_YVRLrRL_YI
22500211,_YVRLrRL_YI,side-court-led-logo,264.6,1.0863,27.63,https://www.youtube.com/watch?v=_YVRLrRL_YI
22500225,mg-Aqa0U53Q,basket-logo,483.0,0.135,29.32,https://www.youtube.com/watch?v=mg-Aqa0U53Q
22500225,mg-Aqa0U53Q,side-court-led-logo,507.6,0.7397,27.05,https://www.youtube.com/watch?v=mg-Aqa0U53Q
22500225,mg-Aqa0U53Q,mid-court-logo,462.4,1.9427,29.86,https://www.youtube.com/watch?v=mg-Aqa0U53Q
22500225,mg-Aqa0U53Q,back-court-logo,478.6,0.9926,19.06,https://www.youtube.com/watch?v=mg-Aqa0U53Q
22500225,mg-Aqa0U53Q,side-court-logo,421.6,0.5883,22.61,https://www.youtube.com/watch?v=mg-Aqa0U53Q
22500225,GOTWiraC6fk,side-court-led-logo,496.9,0.809,26.66,https://www.youtube.com/watch?v=GOTWiraC6fk
22500225,GOTWiraC6fk,mid-court-logo,397.8,1.5714,28.86,https://www.youtube.com/watch?v=GOTWiraC6fk
22500225,GOTWiraC6fk,side-court-logo,444.24,0.5631,26.41,https://www.youtube.com/watch?v=GOTWiraC6fk
22500225,GOTWiraC6fk,back-court-logo,461.26,1.2556,20.68,https://www.youtube.com/watch?v=GOTWiraC6fk
22500225,GOTWiraC6fk,basket-logo,462.46,0.1558,30.86,https://www.youtube.com/watch?v=GOTWiraC6fk
22500225,4_zJEaK7wFE,basket-logo,479.68,0.1647,30.71,https://www.youtube.com/watch?v=4_zJEaK7wFE
22500225,4_zJEaK7wFE,side-court-led-logo,486.29,0.7653,26.32,https://www.youtube.com/watch?v=4_zJEaK7wFE
22500225,4_zJEaK7wFE,back-court-logo,475.48,1.2422,20.94,https://www.youtube.com/watch?v=4_zJEaK7wFE
22500225,4_zJEaK7wFE,side-court-logo,440.44,0.5582,24.77,https://www.youtube.com/watch?v=4_zJEaK7wFE
22500225,4_zJEaK7wFE,mid-court-logo,392.59,1.5832,28.35,https://www.youtube.com/watch?v=4_zJEaK7wFE
22500225,HjEcA190atY,basket-logo,499.8,0.1238,31.45,https://www.youtube.com/watch?v=HjEcA190atY
22500225,HjEcA190atY,side-court-led-logo,527.8,0.7052,26.78,https://www.youtube.com/watch?v=HjEcA190atY
22500225,HjEcA190atY,mid-court-logo,502.6,1.9512,28.81,https://www.youtube.com/watch?v=HjEcA190atY
22500225,HjEcA190atY,back-court-logo,503.8,0.9269,22.48,https://www.youtube.com/watch?v=HjEcA190atY
22500225,HjEcA190atY,side-court-logo,440.2,0.5536,22.79,https://www.youtube.com/watch?v=HjEcA190atY
22500225,ZKQ42N7f99U,basket-logo,234.63,0.166,30.78,https://www.youtube.com/watch?v=ZKQ42N7f99U
22500225,ZKQ42N7f99U,side-court-led-logo,231.83,0.7877,26.47,https://www.youtube.com/watch?v=ZKQ42N7f99U
22500225,ZKQ42N7f99U,back-court-logo,233.83,1.3146,20.83,https://www.youtube.com/watch?v=ZKQ42N7f99U
22500225,ZKQ42N7f99U,side-court-logo,213.41,0.5229,25.46,https://www.youtube.com/watch?v=ZKQ42N7f99U
22500225,ZKQ42N7f99U,mid-court-logo,193.99,1.5422,28.56,https://www.youtube.com/watch?v=ZKQ42N7f99U
22500200,KgghWrMQ6D0,side-court-led-logo,239.84,1.1911,30.25,https://www.youtube.com/watch?v=KgghWrMQ6D0
22500200,KgghWrMQ6D0,side-court-logo,471.07,0.9415,26.26,https://www.youtube.com/watch?v=KgghWrMQ6D0
22500200,KgghWrMQ6D0,basket-logo,423.82,0.2305,32.46,https://www.youtube.com/watch?v=KgghWrMQ6D0
22500200,KgghWrMQ6D0,back-court-logo,440.44,1.4607,22.0,https://www.youtube.com/watch?v=KgghWrMQ6D0
22500200,KgghWrMQ6D0,mid-court-logo,405.41,2.2445,32.55,https://www.youtube.com/watch?v=KgghWrMQ6D0
22500200,zvsSFl9I2j8,basket-logo,444.8,0.2327,32.03,https://www.youtube.com/watch?v=zvsSFl9I2j8
22500200,zvsSFl9I2j8,side-court-led-logo,256.0,1.2021,31.41,https://www.youtube.com/watch?v=zvsSFl9I2j8
22500200,zvsSFl9I2j8,side-court-logo,492.8,0.9827,26.87,https://www.youtube.com/watch?v=zvsSFl9I2j8
22500200,zvsSFl9I2j8,back-court-logo,462.8,1.4348,22.03,https://www.youtube.com/watch?v=zvsSFl9I2j8
22500200,zvsSFl9I2j8,mid-court-logo,431.4,2.167,32.91,https://www.youtube.com/watch?v=zvsSFl9I2j8
22500209,gT_kuv13FNw,basket-logo,480.68,0.1923,34.62,https://www.youtube.com/watch?v=gT_kuv13FNw
22500209,gT_kuv13FNw,side-court-logo,468.27,0.4558,26.93,https://www.youtube.com/watch?v=gT_kuv13FNw
22500209,gT_kuv13FNw,mid-court-logo,354.75,1.6377,26.97,https://www.youtube.com/watch?v=gT_kuv13FNw
22500209,gT_kuv13FNw,back-court-logo,492.69,2.0029,24.61,https://www.youtube.com/watch?v=gT_kuv13FNw
22500209,gT_kuv13FNw,side-court-led-logo,366.17,1.8366,29.71,https://www.youtube.com/watch?v=gT_kuv13FNw
22500209,3V6btVdCbKw,side-court-led-logo,401.6,1.9005,27.92,https://www.youtube.com/watch?v=3V6btVdCbKw
22500209,3V6btVdCbKw,mid-court-logo,386.19,1.6227,25.25,https://www.youtube.com/watch?v=3V6btVdCbKw
22500209,3V6btVdCbKw,side-court-logo,488.69,0.4415,25.39,https://www.youtube.com/watch?v=3V6btVdCbKw
22500209,3V6btVdCbKw,basket-logo,495.1,0.1758,36.29,https://www.youtube.com/watch?v=3V6btVdCbKw
22500209,3V6btVdCbKw,back-court-logo,507.91,1.844,25.94,https://www.youtube.com/watch?v=3V6btVdCbKw
22500209,FVcjbirXVFo,basket-logo,489.2,0.1851,35.75,https://www.youtube.com/watch?v=FVcjbirXVFo
22500209,FVcjbirXVFo,side-court-logo,487.0,0.4655,25.62,https://www.youtube.com/watch?v=FVcjbirXVFo
22500209,FVcjbirXVFo,back-court-logo,500.2,1.9146,25.31,https://www.youtube.com/watch?v=FVcjbirXVFo
22500209,FVcjbirXVFo,side-court-led-logo,376.8,1.8781,28.29,https://www.youtube.com/watch?v=FVcjbirXVFo
22500209,FVcjbirXVFo,mid-court-logo,368.8,1.6098,26.08,https://www.youtube.com/watch?v=FVcjbirXVFo
22500197,H7B4RAeQpEg,basket-logo,496.1,0.26,36.23,https://www.youtube.com/watch?v=H7B4RAeQpEg
22500197,H7B4RAeQpEg,mid-court-logo,517.12,1.707,31.68,https://www.youtube.com/watch?v=H7B4RAeQpEg
22500197,H7B4RAeQpEg,side-court-led-logo,528.93,0.9366,29.81,https://www.youtube.com/watch?v=H7B4RAeQpEg
22500197,H7B4RAeQpEg,side-court-logo,540.14,0.8825,24.66,https://www.youtube.com/watch?v=H7B4RAeQpEg
22500197,H7B4RAeQpEg,back-court-logo,0.4,14.6044,7.06,https://www.youtube.com/watch?v=H7B4RAeQpEg
22500212,azBGwRh43P8,basket-logo,467.0,0.2117,35.22,https://www.youtube.com/watch?v=azBGwRh43P8
22500212,azBGwRh43P8,back-court-logo,490.4,2.1891,24.18,https://www.youtube.com/watch?v=azBGwRh43P8
22500212,azBGwRh43P8,mid-court-logo,409.8,2.0077,33.05,https://www.youtube.com/watch?v=azBGwRh43P8
22500212,azBGwRh43P8,side-court-led-logo,443.6,0.9957,31.97,https://www.youtube.com/watch?v=azBGwRh43P8
22500212,azBGwRh43P8,side-court-logo,426.6,0.4012,31.79,https://www.youtube.com/watch?v=azBGwRh43P8
22500212,aJFSJv8v8bk,back-court-logo,525.93,2.2517,24.31,https://www.youtube.com/watch?v=aJFSJv8v8bk
22500212,aJFSJv8v8bk,basket-logo,514.31,0.2129,36.16,https://www.youtube.com/watch?v=aJFSJv8v8bk
22500212,aJFSJv8v8bk,mid-court-logo,415.22,1.9236,33.08,https://www.youtube.com/watch?v=aJFSJv8v8bk
22500212,aJFSJv8v8bk,side-court-led-logo,459.26,0.9912,31.91,https://www.youtube.com/watch?v=aJFSJv8v8bk
22500212,aJFSJv8v8bk,side-court-logo,463.26,0.4177,31.73,https://www.youtube.com/watch?v=aJFSJv8v8bk
22500212,ZDx3F1BTkD0,basket-logo,480.68,0.2171,36.94,https://www.youtube.com/watch?v=ZDx3F1BTkD0
22500212,ZDx3F1BTkD0,side-court-led-logo,432.43,1.0297,31.05,https://www.youtube.com/watch?v=ZDx3F1BTkD0
22500212,ZDx3F1BTkD0,mid-court-logo,383.18,1.9988,32.07,https://www.youtube.com/watch?v=ZDx3F1BTkD0
22500212,ZDx3F1BTkD0,back-court-logo,492.09,2.3286,25.37,https://www.youtube.com/watch?v=ZDx3F1BTkD0
22500212,ZDx3F1BTkD0,side-court-logo,430.63,0.4324,31.14,https://www.youtube.com/watch?v=ZDx3F1BTkD0
22500202,7-pI8hjeqzU,basket-logo,472.2,0.2236,31.64,https://www.youtube.com/watch?v=7-pI8hjeqzU
22500202,7-pI8hjeqzU,side-court-logo,491.2,0.9669,24.28,https://www.youtube.com/watch?v=7-pI8hjeqzU
22500202,7-pI8hjeqzU,mid-court-logo,467.2,2.0357,33.42,https://www.youtube.com/watch?v=7-pI8hjeqzU
22500202,7-pI8hjeqzU,back-court-logo,466.8,1.3825,21.23,https://www.youtube.com/watch?v=7-pI8hjeqzU
22500202,7-pI8hjeqzU,side-court-led-logo,381.0,1.4041,32.14,https://www.youtube.com/watch?v=7-pI8hjeqzU
22500202,kAcGRsEdloI,mid-court-logo,497.5,2.0133,30.71,https://www.youtube.com/watch?v=kAcGRsEdloI
22500202,kAcGRsEdloI,back-court-logo,482.48,1.3594,23.79,https://www.youtube.com/watch?v=kAcGRsEdloI
22500202,kAcGRsEdloI,basket-logo,475.08,0.2196,34.19,https://www.youtube.com/watch?v=kAcGRsEdloI
22500202,kAcGRsEdloI,side-court-led-logo,423.02,1.4564,29.76,https://www.youtube.com/watch?v=kAcGRsEdloI
22500202,kAcGRsEdloI,side-court-logo,519.92,0.9234,23.02,https://www.youtube.com/watch?v=kAcGRsEdloI
22500202,sHr9DLbXEaM,basket-logo,502.9,0.2223,32.72,https://www.youtube.com/watch?v=sHr9DLbXEaM
22500202,sHr9DLbXEaM,side-court-logo,520.52,0.9422,23.12,https://www.youtube.com/watch?v=sHr9DLbXEaM
22500202,sHr9DLbXEaM,mid-court-logo,453.25,1.859,30.85,https://www.youtube.com/watch?v=sHr9DLbXEaM
22500202,sHr9DLbXEaM,back-court-logo,505.11,1.3678,22.09,https://www.youtube.com/watch?v=sHr9DLbXEaM
22500202,sHr9DLbXEaM,side-court-led-logo,406.01,1.1291,31.55,https://www.youtube.com/watch?v=sHr9DLbXEaM
22500199,SVsoLK7TF3s,basket-logo,477.68,0.1914,32.83,https://www.youtube.com/watch?v=SVsoLK7TF3s
22500199,SVsoLK7TF3s,side-court-led-logo,506.51,1.1465,31.01,https://www.youtube.com/watch?v=SVsoLK7TF3s
22500199,SVsoLK7TF3s,mid-court-logo,345.55,1.8289,32.22,https://www.youtube.com/watch?v=SVsoLK7TF3s
22500199,SVsoLK7TF3s,back-court-logo,489.49,2.2436,23.74,https://www.youtube.com/watch?v=SVsoLK7TF3s
22500199,SVsoLK7TF3s,side-court-logo,466.87,0.7359,32.38,https://www.youtube.com/watch?v=SVsoLK7TF3s
22500199,0JhhcsZEEoI,basket-logo,466.2,0.1945,33.21,https://www.youtube.com/watch?v=0JhhcsZEEoI
22500199,0JhhcsZEEoI,side-court-led-logo,481.6,1.1184,29.89,https://www.youtube.com/watch?v=0JhhcsZEEoI
22500199,0JhhcsZEEoI,back-court-logo,472.0,2.2729,24.36,https://www.youtube.com/watch?v=0JhhcsZEEoI
22500199,0JhhcsZEEoI,mid-court-logo,317.4,1.8588,30.9,https://www.youtube.com/watch?v=0JhhcsZEEoI
22500199,0JhhcsZEEoI,side-court-logo,440.4,0.7599,31.15,https://www.youtube.com/watch?v=0JhhcsZEEoI
22500199,C1DkwzdBnJc,side-court-led-logo,317.71,1.1532,28.84,https://www.youtube.com/watch?v=C1DkwzdBnJc
22500199,C1DkwzdBnJc,basket-logo,347.07,0.1884,29.53,https://www.youtube.com/watch?v=C1DkwzdBnJc
22500199,C1DkwzdBnJc,mid-court-logo,215.25,1.7033,31.51,https://www.youtube.com/watch?v=C1DkwzdBnJc
22500199,C1DkwzdBnJc,back-court-logo,351.73,2.0644,20.47,https://www.youtube.com/watch?v=C1DkwzdBnJc
22500199,C1DkwzdBnJc,side-court-logo,305.15,0.7378,31.11,https://www.youtube.com/watch?v=C1DkwzdBnJc
22500210,a0VWCE-wH8M,side-court-led-logo,259.6,1.9872,29.03,https://www.youtube.com/watch?v=a0VWCE-wH8M
22500210,a0VWCE-wH8M,basket-logo,410.6,0.242,33.47,https://www.youtube.com/watch?v=a0VWCE-wH8M
22500210,a0VWCE-wH8M,side-court-logo,462.2,1.0302,27.86,https://www.youtube.com/watch?v=a0VWCE-wH8M
22500210,a0VWCE-wH8M,mid-court-logo,332.8,2.7273,31.43,https://www.youtube.com/watch?v=a0VWCE-wH8M
22500210,a0VWCE-wH8M,back-court-logo,0.2,0.2618,44.15,https://www.youtube.com/watch?v=a0VWCE-wH8M
22500210,Mt8bEKgP6OQ,basket-logo,489.49,0.2388,33.61,https://www.youtube.com/watch?v=Mt8bEKgP6OQ
22500210,Mt8bEKgP6OQ,side-court-logo,537.34,1.0296,28.65,https://www.youtube.com/watch?v=Mt8bEKgP6OQ
22500210,Mt8bEKgP6OQ,mid-court-logo,414.41,2.6274,33.2,https://www.youtube.com/watch?v=Mt8bEKgP6OQ
22500210,Mt8bEKgP6OQ,side-court-led-logo,286.49,1.3822,30.0,https://www.youtube.com/watch?v=Mt8bEKgP6OQ
22500210,xmzmQRQuKh8,side-court-logo,521.32,1.0114,28.28,https://www.youtube.com/watch?v=xmzmQRQuKh8
22500210,xmzmQRQuKh8,mid-court-logo,409.81,2.5269,31.47,https://www.youtube.com/watch?v=xmzmQRQuKh8
22500210,xmzmQRQuKh8,side-court-led-logo,299.9,1.5515,27.89,https://www.youtube.com/watch?v=xmzmQRQuKh8
22500210,xmzmQRQuKh8,basket-logo,462.46,0.2354,34.47,https://www.youtube.com/watch?v=xmzmQRQuKh8
22500207,4g6csqeV84s,back-court-logo,390.79,0.6115,23.26,https://www.youtube.com/watch?v=4g6csqeV84s
22500207,4g6csqeV84s,basket-logo,423.82,0.1767,33.04,https://www.youtube.com/watch?v=4g6csqeV84s
22500207,4g6csqeV84s,side-court-logo,476.28,0.6736,24.26,https://www.youtube.com/watch?v=4g6csqeV84s
22500207,4g6csqeV84s,side-court-led-logo,381.78,1.267,35.52,https://www.youtube.com/watch?v=4g6csqeV84s
22500207,4g6csqeV84s,mid-court-logo,456.06,1.6515,34.32,https://www.youtube.com/watch?v=4g6csqeV84s
22500207,oBMQ7trcc1o,basket-logo,474.81,0.1618,33.56,https://www.youtube.com/watch?v=oBMQ7trcc1o
22500207,oBMQ7trcc1o,mid-court-logo,490.41,1.8486,34.45,https://www.youtube.com/watch?v=oBMQ7trcc1o
22500207,oBMQ7trcc1o,back-court-logo,452.21,0.5453,22.13,https://www.youtube.com/watch?v=oBMQ7trcc1o
22500207,oBMQ7trcc1o,side-court-logo,499.41,0.6064,23.66,https://www.youtube.com/watch?v=oBMQ7trcc1o
22500207,oBMQ7trcc1o,side-court-led-logo,386.21,1.1898,34.71,https://www.youtube.com/watch?v=oBMQ7trcc1o
22500208,THlT_vqCB5I,side-court-logo,497.9,0.8903,27.03,https://www.youtube.com/watch?v=THlT_vqCB5I
22500208,THlT_vqCB5I,mid-court-logo,435.44,2.1093,33.88,https://www.youtube.com/watch?v=THlT_vqCB5I
22500208,THlT_vqCB5I,back-court-logo,447.45,1.9561,23.74,https://www.youtube.com/watch?v=THlT_vqCB5I
22500208,THlT_vqCB5I,side-court-led-logo,493.09,0.9497,29.53,https://www.youtube.com/watch?v=THlT_vqCB5I
22500208,THlT_vqCB5I,basket-logo,433.23,0.1896,33.39,https://www.youtube.com/watch?v=THlT_vqCB5I
22500208,b_w-12bxsF4,basket-logo,505.51,0.1766,35.15,https://www.youtube.com/watch?v=b_w-12bxsF4
22500208,b_w-12bxsF4,side-court-led-logo,551.95,0.8531,27.5,https://www.youtube.com/watch?v=b_w-12bxsF4
22500208,b_w-12bxsF4,back-court-logo,513.71,1.8049,24.29,https://www.youtube.com/watch?v=b_w-12bxsF4
22500208,b_w-12bxsF4,side-court-logo,555.36,0.8597,24.83,https://www.youtube.com/watch?v=b_w-12bxsF4
22500208,b_w-12bxsF4,mid-court-logo,499.7,2.1981,33.4,https://www.youtube.com/watch?v=b_w-12bxsF4
22500208,qSix9Rg3mWA,basket-logo,486.29,0.1759,35.18,https://www.youtube.com/watch?v=qSix9Rg3mWA
22500208,qSix9Rg3mWA,side-court-led-logo,547.15,0.8829,28.37,https://www.youtube.com/watch?v=qSix9Rg3mWA
22500208,qSix9Rg3mWA,back-court-logo,495.7,1.8092,24.63,https://www.youtube.com/watch?v=qSix9Rg3mWA
22500208,qSix9Rg3mWA,side-court-logo,548.15,0.8602,25.77,https://www.youtube.com/watch?v=qSix9Rg3mWA
22500208,qSix9Rg3mWA,mid-court-logo,487.09,2.3594,32.77,https://www.youtube.com/watch?v=qSix9Rg3mWA
22500208,BxMfGG7yz9M,basket-logo,614.0,0.3522,36.55,https://www.youtube.com/watch?v=BxMfGG7yz9M
22500208,BxMfGG7yz9M,side-court-led-logo,615.0,1.6529,35.18,https://www.youtube.com/watch?v=BxMfGG7yz9M
22500208,BxMfGG7yz9M,back-court-logo,640.4,4.142,28.3,https://www.youtube.com/watch?v=BxMfGG7yz9M
22500208,BxMfGG7yz9M,side-court-logo,658.4,1.573,33.43,https://www.youtube.com/watch?v=BxMfGG7yz9M
22500208,BxMfGG7yz9M,mid-court-logo,141.2,1.7365,38.96,https://www.youtube.com/watch?v=BxMfGG7yz9M
22500206,JbVKPGvTOsw,basket-logo,429.2,0.1995,33.95,https://www.youtube.com/watch?v=JbVKPGvTOsw
22500206,JbVKPGvTOsw,side-court-logo,483.6,0.71,31.4,https://www.youtube.com/watch?v=JbVKPGvTOsw
22500206,JbVKPGvTOsw,mid-court-logo,292.0,1.8029,32.42,https://www.youtube.com/watch?v=JbVKPGvTOsw
22500206,JbVKPGvTOsw,side-court-led-logo,138.8,1.5431,29.75,https://www.youtube.com/watch?v=JbVKPGvTOsw
22500206,Ddmi-STf_Zg,mid-court-logo,342.14,1.6917,31.99,https://www.youtube.com/watch?v=Ddmi-STf_Zg
22500206,Ddmi-STf_Zg,side-court-led-logo,153.15,1.2608,31.2,https://www.youtube.com/watch?v=Ddmi-STf_Zg
22500206,Ddmi-STf_Zg,side-court-logo,533.33,0.6959,29.49,https://www.youtube.com/watch?v=Ddmi-STf_Zg
22500206,Ddmi-STf_Zg,basket-logo,492.69,0.1924,36.22,https://www.youtube.com/watch?v=Ddmi-STf_Zg
22500206,kUSfZccR5R8,basket-logo,50.05,0.1534,29.48,https://www.youtube.com/watch?v=kUSfZccR5R8
22500206,kUSfZccR5R8,side-court-led-logo,36.44,1.5912,35.66,https://www.youtube.com/watch?v=kUSfZccR5R8
22500206,kUSfZccR5R8,side-court-logo,55.66,0.5964,26.18,https://www.youtube.com/watch?v=kUSfZccR5R8
22500206,kUSfZccR5R8,mid-court-logo,44.44,1.9512,35.57,https://www.youtube.com/watch?v=kUSfZccR5R8
22500203,M6vAjdr86ZI,basket-logo,430.4,0.206,35.46,https://www.youtube.com/watch?v=M6vAjdr86ZI
22500203,M6vAjdr86ZI,back-court-logo,440.4,1.5423,23.3,https://www.youtube.com/watch?v=M6vAjdr86ZI
22500203,M6vAjdr86ZI,side-court-led-logo,431.8,2.6596,33.02,https://www.youtube.com/watch?v=M6vAjdr86ZI
22500203,M6vAjdr86ZI,side-court-logo,420.0,0.3796,29.16,https://www.youtube.com/watch?v=M6vAjdr86ZI
22500203,M6vAjdr86ZI,mid-court-logo,232.0,1.4836,31.94,https://www.youtube.com/watch?v=M6vAjdr86ZI
22500203,jcUVhqaBcNA,basket-logo,470.67,0.2018,37.05,https://www.youtube.com/watch?v=jcUVhqaBcNA
22500203,jcUVhqaBcNA,side-court-led-logo,497.7,2.1224,30.65,https://www.youtube.com/watch?v=jcUVhqaBcNA
22500203,jcUVhqaBcNA,back-court-logo,487.29,1.4882,25.65,https://www.youtube.com/watch?v=jcUVhqaBcNA
22500203,jcUVhqaBcNA,side-court-logo,479.68,0.384,27.3,https://www.youtube.com/watch?v=jcUVhqaBcNA
22500203,jcUVhqaBcNA,mid-court-logo,313.11,1.4257,30.08,https://www.youtube.com/watch?v=jcUVhqaBcNA
22500203,N_LEYwZuMAc,basket-logo,435.8,0.2124,35.09,https://www.youtube.com/watch?v=N_LEYwZuMAc
22500203,N_LEYwZuMAc,side-court-led-logo,438.4,2.5835,32.63,https://www.youtube.com/watch?v=N_LEYwZuMAc
22500203,N_LEYwZuMAc,back-court-logo,450.4,1.5499,23.72,https://www.youtube.com/watch?v=N_LEYwZuMAc
22500203,N_LEYwZuMAc,side-court-logo,435.0,0.3998,29.56,https://www.youtube.com/watch?v=N_LEYwZuMAc
22500203,N_LEYwZuMAc,mid-court-logo,242.6,1.4848,31.41,https://www.youtube.com/watch?v=N_LEYwZuMAc
22500191,EQ_X3qgiPUk,back-court-logo,507.4,1.1932,21.72,https://www.youtube.com/watch?v=EQ_X3qgiPUk
22500191,EQ_X3qgiPUk,side-court-led-logo,514.8,0.845,29.56,https://www.youtube.com/watch?v=EQ_X3qgiPUk
22500191,EQ_X3qgiPUk,side-court-logo,525.2,0.9829,26.32,https://www.youtube.com/watch?v=EQ_X3qgiPUk
22500191,EQ_X3qgiPUk,basket-logo,503.8,0.1912,34.56,https://www.youtube.com/watch?v=EQ_X3qgiPUk
22500191,EQ_X3qgiPUk,mid-court-logo,424.6,1.2611,32.47,https://www.youtube.com/watch?v=EQ_X3qgiPUk
22500191,mq1t7WbkJkk,side-court-led-logo,521.12,0.8675,27.68,https://www.youtube.com/watch?v=mq1t7WbkJkk
22500191,mq1t7WbkJkk,basket-logo,497.5,0.172,37.06,https://www.youtube.com/watch?v=mq1t7WbkJkk
22500191,mq1t7WbkJkk,mid-court-logo,482.28,1.343,30.75,https://www.youtube.com/watch?v=mq1t7WbkJkk
22500191,mq1t7WbkJkk,side-court-logo,525.93,0.9485,24.53,https://www.youtube.com/watch?v=mq1t7WbkJkk
22500191,mq1t7WbkJkk,back-court-logo,508.31,1.0932,24.68,https://www.youtube.com/watch?v=mq1t7WbkJkk
22500191,3YGCcXoBzws,side-court-led-logo,589.39,0.8216,28.13,https://www.youtube.com/watch?v=3YGCcXoBzws
22500191,3YGCcXoBzws,basket-logo,569.37,0.1727,36.42,https://www.youtube.com/watch?v=3YGCcXoBzws
22500191,3YGCcXoBzws,side-court-logo,598.6,0.9211,24.92,https://www.youtube.com/watch?v=3YGCcXoBzws
22500191,3YGCcXoBzws,mid-court-logo,527.53,1.3064,30.74,https://www.youtube.com/watch?v=3YGCcXoBzws
22500191,3YGCcXoBzws,back-court-logo,583.58,1.0909,24.18,https://www.youtube.com/watch?v=3YGCcXoBzws
22500036,z2lXWyoAb9E,side-court-logo,496.7,1.0208,26.75,https://www.youtube.com/watch?v=z2lXWyoAb9E
22500036,z2lXWyoAb9E,side-court-led-logo,350.15,1.3474,34.31,https://www.youtube.com/watch?v=z2lXWyoAb9E
22500036,z2lXWyoAb9E,mid-court-logo,353.55,2.0123,30.72,https://www.youtube.com/watch?v=z2lXWyoAb9E
22500036,z2lXWyoAb9E,back-court-logo,444.84,1.8008,26.31,https://www.youtube.com/watch?v=z2lXWyoAb9E
22500036,z2lXWyoAb9E,basket-logo,423.42,0.2046,35.83,https://www.youtube.com/watch?v=z2lXWyoAb9E
22500201,phIjLp8RBDg,basket-logo,494.49,0.1754,32.69,https://www.youtube.com/watch?v=phIjLp8RBDg
22500201,phIjLp8RBDg,mid-court-logo,535.14,2.6409,34.42,https://www.youtube.com/watch?v=phIjLp8RBDg
22500201,phIjLp8RBDg,side-court-logo,543.34,0.9594,24.75,https://www.youtube.com/watch?v=phIjLp8RBDg
22500201,phIjLp8RBDg,back-court-logo,509.11,1.1098,22.21,https://www.youtube.com/watch?v=phIjLp8RBDg
22500201,phIjLp8RBDg,side-court-led-logo,224.22,0.9454,35.49,https://www.youtube.com/watch?v=phIjLp8RBDg
22500201,JgpNb0U4XcA,basket-logo,508.2,0.1774,32.69,https://www.youtube.com/watch?v=JgpNb0U4XcA
22500201,JgpNb0U4XcA,mid-court-logo,540.0,2.8575,34.93,https://www.youtube.com/watch?v=JgpNb0U4XcA
22500201,JgpNb0U4XcA,side-court-logo,550.2,0.9769,25.68,https://www.youtube.com/watch?v=JgpNb0U4XcA
22500201,JgpNb0U4XcA,back-court-logo,515.0,1.1109,22.31,https://www.youtube.com/watch?v=JgpNb0U4XcA
22500201,JgpNb0U4XcA,side-court-led-logo,225.0,0.9217,35.15,https://www.youtube.com/watch?v=JgpNb0U4XcA
22500201,m67xOdwZGo4,basket-logo,246.8,0.1977,32.93,https://www.youtube.com/watch?v=m67xOdwZGo4
22500201,m67xOdwZGo4,side-court-logo,250.4,0.9836,25.9,https://www.youtube.com/watch?v=m67xOdwZGo4
22500201,m67xOdwZGo4,mid-court-logo,261.2,2.7149,35.03,https://www.youtube.com/watch?v=m67xOdwZGo4
22500201,m67xOdwZGo4,side-court-led-logo,119.8,1.7632,34.32,https://www.youtube.com/watch?v=m67xOdwZGo4
22500201,m67xOdwZGo4,back-court-logo,230.0,1.1518,23.6,https://www.youtube.com/watch?v=m67xOdwZGo4
22500201,tjPC3yNzMJc,basket-logo,484.4,0.1768,32.63,https://www.youtube.com/watch?v=tjPC3yNzMJc
22500201,tjPC3yNzMJc,side-court-logo,517.8,0.9442,23.68,https://www.youtube.com/watch?v=tjPC3yNzMJc
22500201,tjPC3yNzMJc,mid-court-logo,518.2,2.7285,34.87,https://www.youtube.com/watch?v=tjPC3yNzMJc
22500201,tjPC3yNzMJc,back-court-logo,495.6,1.0994,22.15,https://www.youtube.com/watch?v=tjPC3yNzMJc
22500201,tjPC3yNzMJc,side-court-led-logo,209.6,0.8382,36.93,https://www.youtube.com/watch?v=tjPC3yNzMJc
22500194,OCFg6M6NMRs,basket-logo,472.02,0.1815,34.58,https://www.youtube.com/watch?v=OCFg6M6NMRs
22500194,OCFg6M6NMRs,side-court-led-logo,467.57,1.8991,32.77,https://www.youtube.com/watch?v=OCFg6M6NMRs
22500194,OCFg6M6NMRs,mid-court-logo,333.17,2.258,29.68,https://www.youtube.com/watch?v=OCFg6M6NMRs
22500194,OCFg6M6NMRs,side-court-logo,528.9,0.9345,28.57,https://www.youtube.com/watch?v=OCFg6M6NMRs
22500194,OCFg6M6NMRs,back-court-logo,489.23,1.8741,23.45,https://www.youtube.com/watch?v=OCFg6M6NMRs
22500194,_P1GPbEAM6M,side-court-logo,512.91,0.9201,25.56,https://www.youtube.com/watch?v=_P1GPbEAM6M
22500194,_P1GPbEAM6M,mid-court-logo,377.18,2.0763,28.81,https://www.youtube.com/watch?v=_P1GPbEAM6M
22500194,_P1GPbEAM6M,back-court-logo,487.49,1.712,27.75,https://www.youtube.com/watch?v=_P1GPbEAM6M
22500194,_P1GPbEAM6M,side-court-led-logo,492.09,1.7421,30.21,https://www.youtube.com/watch?v=_P1GPbEAM6M
22500194,_P1GPbEAM6M,basket-logo,477.08,0.1723,38.55,https://www.youtube.com/watch?v=_P1GPbEAM6M
22500194,d7HTbx_IpBg,basket-logo,503.0,0.1773,34.89,https://www.youtube.com/watch?v=d7HTbx_IpBg
22500194,d7HTbx_IpBg,side-court-led-logo,493.2,1.8609,33.04,https://www.youtube.com/watch?v=d7HTbx_IpBg
22500194,d7HTbx_IpBg,mid-court-logo,364.2,2.1745,30.03,https://www.youtube.com/watch?v=d7HTbx_IpBg
22500194,d7HTbx_IpBg,side-court-logo,551.6,0.9529,28.58,https://www.youtube.com/watch?v=d7HTbx_IpBg
22500194,d7HTbx_IpBg,back-court-logo,514.8,1.8743,23.78,https://www.youtube.com/watch?v=d7HTbx_IpBg
22500190,qthoh-86TAA,side-court-led-logo,244.2,1.9368,36.03,https://www.youtube.com/watch?v=qthoh-86TAA
22500190,qthoh-86TAA,basket-logo,499.4,0.179,35.02,https://www.youtube.com/watch?v=qthoh-86TAA
22500190,qthoh-86TAA,back-court-logo,510.4,1.7518,23.32,https://www.youtube.com/watch?v=qthoh-86TAA
22500190,qthoh-86TAA,mid-court-logo,530.8,2.2597,37.87,https://www.youtube.com/watch?v=qthoh-86TAA
22500190,qthoh-86TAA,side-court-logo,535.0,0.4093,27.88,https://www.youtube.com/watch?v=qthoh-86TAA
22500190,e0PZc9ovDoA,mid-court-logo,517.72,2.3188,36.02,https://www.youtube.com/watch?v=e0PZc9ovDoA
22500190,e0PZc9ovDoA,side-court-logo,517.32,0.4257,27.3,https://www.youtube.com/watch?v=e0PZc9ovDoA
22500190,e0PZc9ovDoA,side-court-led-logo,273.87,1.0357,33.6,https://www.youtube.com/watch?v=e0PZc9ovDoA
22500190,e0PZc9ovDoA,back-court-logo,486.89,1.7968,25.61,https://www.youtube.com/watch?v=e0PZc9ovDoA
22500190,e0PZc9ovDoA,basket-logo,474.47,0.1744,36.62,https://www.youtube.com/watch?v=e0PZc9ovDoA
22500190,yc3EV5m2eAg,basket-logo,519.6,0.1747,36.28,https://www.youtube.com/watch?v=yc3EV5m2eAg
22500190,yc3EV5m2eAg,mid-court-logo,554.2,2.2943,37.13,https://www.youtube.com/watch?v=yc3EV5m2eAg
22500190,yc3EV5m2eAg,back-court-logo,534.8,1.7298,24.49,https://www.youtube.com/watch?v=yc3EV5m2eAg
22500190,yc3EV5m2eAg,side-court-logo,556.4,0.4208,27.41,https://www.youtube.com/watch?v=yc3EV5m2eAg
22500190,yc3EV5m2eAg,side-court-led-logo,261.0,0.9758,35.64,https://www.youtube.com/watch?v=yc3EV5m2eAg
22500031,Z3B_6CQoQXU,basket-logo,414.81,0.2763,32.58,https://www.youtube.com/watch?v=Z3B_6CQoQXU
22500031,Z3B_6CQoQXU,side-court-logo,462.06,0.7594,29.66,https://www.youtube.com/watch?v=Z3B_6CQoQXU
22500031,Z3B_6CQoQXU,side-court-led-logo,243.64,1.8708,28.12,https://www.youtube.com/watch?v=Z3B_6CQoQXU
22500031,Z3B_6CQoQXU,back-court-logo,445.65,1.0706,26.14,https://www.youtube.com/watch?v=Z3B_6CQoQXU
22500031,Z3B_6CQoQXU,mid-court-logo,297.9,2.7989,28.46,https://www.youtube.com/watch?v=Z3B_6CQoQXU
22500031,L7q6GgwA5fA,basket-logo,422.6,0.2813,34.12,https://www.youtube.com/watch?v=L7q6GgwA5fA
22500031,L7q6GgwA5fA,side-court-led-logo,256.4,1.8297,27.15,https://www.youtube.com/watch?v=L7q6GgwA5fA
22500031,L7q6GgwA5fA,side-court-logo,469.8,0.7786,28.27,https://www.youtube.com/watch?v=L7q6GgwA5fA
22500031,L7q6GgwA5fA,back-court-logo,458.2,1.0458,27.57,https://www.youtube.com/watch?v=L7q6GgwA5fA
22500031,L7q6GgwA5fA,mid-court-logo,307.8,2.7095,26.96,https://www.youtube.com/watch?v=L7q6GgwA5fA
22500198,6Mw307e8BmE,side-court-led-logo,517.6,0.786,25.14,https://www.youtube.com/watch?v=6Mw307e8BmE
22500198,6Mw307e8BmE,basket-logo,476.6,0.1779,35.35,https://www.youtube.com/watch?v=6Mw307e8BmE
22500198,6Mw307e8BmE,mid-court-logo,506.4,1.5568,30.27,https://www.youtube.com/watch?v=6Mw307e8BmE
22500198,6Mw307e8BmE,side-court-logo,517.8,0.7129,22.28,https://www.youtube.com/watch?v=6Mw307e8BmE
22500198,6Mw307e8BmE,back-court-logo,477.8,0.7011,24.64,https://www.youtube.com/watch?v=6Mw307e8BmE
22500198,4NlsgNSQfwc,side-court-logo,551.55,0.6287,23.38,https://www.youtube.com/watch?v=4NlsgNSQfwc
22500198,4NlsgNSQfwc,mid-court-logo,545.35,1.6138,30.2,https://www.youtube.com/watch?v=4NlsgNSQfwc
22500198,4NlsgNSQfwc,side-court-led-logo,551.15,0.7051,25.08,https://www.youtube.com/watch?v=4NlsgNSQfwc
22500198,4NlsgNSQfwc,back-court-logo,510.71,0.6785,25.34,https://www.youtube.com/watch?v=4NlsgNSQfwc
22500198,4NlsgNSQfwc,basket-logo,503.7,0.1667,34.85,https://www.youtube.com/watch?v=4NlsgNSQfwc
22500198,Z3kJaBvKFGE,side-court-led-logo,549.15,0.6803,25.28,https://www.youtube.com/watch?v=Z3kJaBvKFGE
22500198,Z3kJaBvKFGE,back-court-logo,514.71,0.6804,24.74,https://www.youtube.com/watch?v=Z3kJaBvKFGE
22500198,Z3kJaBvKFGE,side-court-logo,549.15,0.6374,23.43,https://www.youtube.com/watch?v=Z3kJaBvKFGE
22500198,Z3kJaBvKFGE,mid-court-logo,542.34,1.6423,31.15,https://www.youtube.com/watch?v=Z3kJaBvKFGE
22500198,Z3kJaBvKFGE,basket-logo,509.91,0.1694,34.23,https://www.youtube.com/watch?v=Z3kJaBvKFGE
22500198,F9oQm5PpyB0,side-court-led-logo,461.2,0.7252,25.48,https://www.youtube.com/watch?v=F9oQm5PpyB0
22500198,F9oQm5PpyB0,back-court-logo,425.4,0.6872,23.15,https://www.youtube.com/watch?v=F9oQm5PpyB0
22500198,F9oQm5PpyB0,mid-court-logo,443.0,1.6452,30.55,https://www.youtube.com/watch?v=F9oQm5PpyB0
22500198,F9oQm5PpyB0,basket-logo,428.0,0.1807,33.24,https://www.youtube.com/watch?v=F9oQm5PpyB0
22500198,F9oQm5PpyB0,side-court-logo,456.2,0.6562,22.69,https://www.youtube.com/watch?v=F9oQm5PpyB0
22500187,g1E_yNSK5_o,basket-logo,478.68,0.1736,33.03,https://www.youtube.com/watch?v=g1E_yNSK5_o
22500187,g1E_yNSK5_o,side-court-logo,533.33,0.9327,24.63,https://www.youtube.com/watch?v=g1E_yNSK5_o
22500187,g1E_yNSK5_o,back-court-logo,498.7,1.0886,22.56,https://www.youtube.com/watch?v=g1E_yNSK5_o
22500187,g1E_yNSK5_o,side-court-led-logo,217.82,0.9011,34.9,https://www.youtube.com/watch?v=g1E_yNSK5_o
22500187,g1E_yNSK5_o,mid-court-logo,524.92,2.8269,33.55,https://www.youtube.com/watch?v=g1E_yNSK5_o
22500187,OBzHdnCqH4c,basket-logo,464.6,0.1882,32.4,https://www.youtube.com/watch?v=OBzHdnCqH4c
22500187,OBzHdnCqH4c,side-court-led-logo,221.4,1.0873,34.24,https://www.youtube.com/watch?v=OBzHdnCqH4c
22500187,OBzHdnCqH4c,side-court-logo,485.6,0.9723,26.22,https://www.youtube.com/watch?v=OBzHdnCqH4c
22500187,OBzHdnCqH4c,back-court-logo,448.6,1.1014,22.86,https://www.youtube.com/watch?v=OBzHdnCqH4c
22500187,OBzHdnCqH4c,mid-court-logo,461.8,2.9143,34.79,https://www.youtube.com/watch?v=OBzHdnCqH4c
22500193,J8aCGpU3tSM,side-court-logo,523.52,0.9216,27.78,https://www.youtube.com/watch?v=J8aCGpU3tSM
22500193,J8aCGpU3tSM,side-court-led-logo,302.7,1.669,27.59,https://www.youtube.com/watch?v=J8aCGpU3tSM
22500193,J8aCGpU3tSM,back-court-logo,491.69,1.6803,27.19,https://www.youtube.com/watch?v=J8aCGpU3tSM
22500193,J8aCGpU3tSM,mid-court-logo,386.19,2.1464,28.97,https://www.youtube.com/watch?v=J8aCGpU3tSM
22500193,J8aCGpU3tSM,basket-logo,464.26,0.258,36.68,https://www.youtube.com/watch?v=J8aCGpU3tSM
22500193,vez4YlRCO1I,side-court-led-logo,276.6,1.3834,26.86,https://www.youtube.com/watch?v=vez4YlRCO1I
22500193,vez4YlRCO1I,basket-logo,448.4,0.2591,37.71,https://www.youtube.com/watch?v=vez4YlRCO1I
22500193,vez4YlRCO1I,back-court-logo,473.4,1.7174,27.26,https://www.youtube.com/watch?v=vez4YlRCO1I
22500193,vez4YlRCO1I,side-court-logo,508.0,0.9442,27.99,https://www.youtube.com/watch?v=vez4YlRCO1I
22500193,vez4YlRCO1I,mid-court-logo,333.6,2.0354,27.9,https://www.youtube.com/watch?v=vez4YlRCO1I
22500193,9mZriSLLYzU,side-court-logo,568.6,1.3752,29.1,https://www.youtube.com/watch?v=9mZriSLLYzU
22500193,9mZriSLLYzU,back-court-logo,522.0,3.3583,34.7,https://www.youtube.com/watch?v=9mZriSLLYzU
22500193,9mZriSLLYzU,basket-logo,517.8,0.4019,42.77,https://www.youtube.com/watch?v=9mZriSLLYzU
22500193,9mZriSLLYzU,mid-court-logo,148.4,1.8151,26.0,https://www.youtube.com/watch?v=9mZriSLLYzU
22500193,9mZriSLLYzU,side-court-led-logo,124.6,2.4252,31.41,https://www.youtube.com/watch?v=9mZriSLLYzU
22500186,fXnat16dCzo,basket-logo,479.68,0.1739,32.2,https://www.youtube.com/watch?v=fXnat16dCzo
22500186,fXnat16dCzo,side-court-led-logo,491.09,0.912,28.2,https://www.youtube.com/watch?v=fXnat16dCzo
22500186,fXnat16dCzo,back-court-logo,453.85,1.1771,22.49,https://www.youtube.com/watch?v=fXnat16dCzo
22500186,fXnat16dCzo,mid-court-logo,313.71,1.6844,27.01,https://www.youtube.com/watch?v=fXnat16dCzo
22500186,fXnat16dCzo,side-court-logo,366.97,0.7363,27.25,https://www.youtube.com/watch?v=fXnat16dCzo
22500186,lXCmhzHyuQA,side-court-led-logo,493.89,0.8047,27.24,https://www.youtube.com/watch?v=lXCmhzHyuQA
22500186,lXCmhzHyuQA,mid-court-logo,341.74,1.791,26.77,https://www.youtube.com/watch?v=lXCmhzHyuQA
22500186,lXCmhzHyuQA,side-court-logo,355.36,0.7374,26.77,https://www.youtube.com/watch?v=lXCmhzHyuQA
22500186,lXCmhzHyuQA,basket-logo,489.49,0.1714,33.89,https://www.youtube.com/watch?v=lXCmhzHyuQA
22500186,lXCmhzHyuQA,back-court-logo,462.06,1.1616,23.72,https://www.youtube.com/watch?v=lXCmhzHyuQA
22500186,d3_WGenk29w,basket-logo,488.8,0.1685,32.79,https://www.youtube.com/watch?v=d3_WGenk29w
22500186,d3_WGenk29w,side-court-led-logo,503.2,0.9583,27.62,https://www.youtube.com/watch?v=d3_WGenk29w
22500186,d3_WGenk29w,mid-court-logo,345.2,1.6567,27.61,https://www.youtube.com/watch?v=d3_WGenk29w
22500186,d3_WGenk29w,back-court-logo,462.6,1.1554,23.23,https://www.youtube.com/watch?v=d3_WGenk29w
22500186,d3_WGenk29w,side-court-logo,365.2,0.7198,26.61,https://www.youtube.com/watch?v=d3_WGenk29w
22500196,1SfJaktDRF0,side-court-led-logo,171.97,1.7546,26.67,https://www.youtube.com/watch?v=1SfJaktDRF0
22500196,1SfJaktDRF0,mid-court-logo,371.77,1.8421,30.39,https://www.youtube.com/watch?v=1SfJaktDRF0
22500196,1SfJaktDRF0,side-court-logo,539.74,0.6945,27.34,https://www.youtube.com/watch?v=1SfJaktDRF0
22500196,1SfJaktDRF0,back-court-logo,509.11,2.7958,26.01,https://www.youtube.com/watch?v=1SfJaktDRF0
22500196,1SfJaktDRF0,basket-logo,497.7,0.2849,35.02,https://www.youtube.com/watch?v=1SfJaktDRF0
22500196,HASkliXXXmE,back-court-logo,468.27,2.7925,26.34,https://www.youtube.com/watch?v=HASkliXXXmE
22500196,HASkliXXXmE,side-court-logo,495.5,0.695,27.68,https://www.youtube.com/watch?v=HASkliXXXmE
22500196,HASkliXXXmE,side-court-led-logo,152.75,1.7606,26.25,https://www.youtube.com/watch?v=HASkliXXXmE
22500196,HASkliXXXmE,mid-court-logo,337.34,1.8706,30.31,https://www.youtube.com/watch?v=HASkliXXXmE
22500196,HASkliXXXmE,basket-logo,456.86,0.2846,35.41,https://www.youtube.com/watch?v=HASkliXXXmE
22500196,GqdV5Pn5W1M,basket-logo,570.8,0.2876,33.58,https://www.youtube.com/watch?v=GqdV5Pn5W1M
22500196,GqdV5Pn5W1M,side-court-led-logo,175.2,1.6294,26.97,https://www.youtube.com/watch?v=GqdV5Pn5W1M
22500196,GqdV5Pn5W1M,back-court-logo,577.6,2.8436,24.25,https://www.youtube.com/watch?v=GqdV5Pn5W1M
22500196,GqdV5Pn5W1M,side-court-logo,608.6,0.6987,28.35,https://www.youtube.com/watch?v=GqdV5Pn5W1M
22500196,GqdV5Pn5W1M,mid-court-logo,375.0,1.4595,30.86,https://www.youtube.com/watch?v=GqdV5Pn5W1M
22500196,SWvlz8By3iY,side-court-logo,359.4,2.1184,34.25,https://www.youtube.com/watch?v=SWvlz8By3iY
22500196,SWvlz8By3iY,back-court-logo,151.0,8.6256,29.51,https://www.youtube.com/watch?v=SWvlz8By3iY
22500196,SWvlz8By3iY,mid-court-logo,106.8,4.3025,27.34,https://www.youtube.com/watch?v=SWvlz8By3iY
22500196,SWvlz8By3iY,side-court-led-logo,74.8,4.455,27.22,https://www.youtube.com/watch?v=SWvlz8By3iY
22500196,SWvlz8By3iY,basket-logo,110.8,0.7085,35.64,https://www.youtube.com/watch?v=SWvlz8By3iY
22500192,50d863ZP9GU,side-court-led-logo,512.31,0.8876,28.91,https://www.youtube.com/watch?v=50d863ZP9GU
22500192,50d863ZP9GU,basket-logo,470.67,0.1959,37.01,https://www.youtube.com/watch?v=50d863ZP9GU
22500192,50d863ZP9GU,mid-court-logo,455.86,2.4393,35.76,https://www.youtube.com/watch?v=50d863ZP9GU
22500192,50d863ZP9GU,side-court-logo,515.72,0.9342,27.79,https://www.youtube.com/watch?v=50d863ZP9GU
22500192,50d863ZP9GU,back-court-logo,480.68,2.1222,26.83,https://www.youtube.com/watch?v=50d863ZP9GU
22500192,1Vuin8H7OpA,side-court-led-logo,524.6,0.9382,29.89,https://www.youtube.com/watch?v=1Vuin8H7OpA
22500192,1Vuin8H7OpA,basket-logo,479.0,0.1952,36.23,https://www.youtube.com/watch?v=1Vuin8H7OpA
22500192,1Vuin8H7OpA,side-court-logo,527.4,0.9658,29.15,https://www.youtube.com/watch?v=1Vuin8H7OpA
22500192,1Vuin8H7OpA,mid-court-logo,435.2,2.3739,35.59,https://www.youtube.com/watch?v=1Vuin8H7OpA
22500192,1Vuin8H7OpA,back-court-logo,489.2,2.2784,26.11,https://www.youtube.com/watch?v=1Vuin8H7OpA
22500180,a4vNXt3OGKg,side-court-logo,505.51,0.918,29.99,https://www.youtube.com/watch?v=a4vNXt3OGKg
22500180,a4vNXt3OGKg,mid-court-logo,336.14,2.3962,30.91,https://www.youtube.com/watch?v=a4vNXt3OGKg
22500180,a4vNXt3OGKg,side-court-led-logo,432.03,2.5512,34.25,https://www.youtube.com/watch?v=a4vNXt3OGKg
22500180,a4vNXt3OGKg,back-court-logo,448.05,1.6921,25.57,https://www.youtube.com/watch?v=a4vNXt3OGKg
22500180,a4vNXt3OGKg,basket-logo,431.03,0.2146,34.92,https://www.youtube.com/watch?v=a4vNXt3OGKg
22500189,qOVqgI5pnQE,side-court-led-logo,476.6,1.1755,27.96,https://www.youtube.com/watch?v=qOVqgI5pnQE
22500189,qOVqgI5pnQE,basket-logo,440.4,0.2088,33.36,https://www.youtube.com/watch?v=qOVqgI5pnQE
22500189,qOVqgI5pnQE,mid-court-logo,412.4,1.0148,31.46,https://www.youtube.com/watch?v=qOVqgI5pnQE
22500189,qOVqgI5pnQE,side-court-logo,477.2,1.0467,23.11,https://www.youtube.com/watch?v=qOVqgI5pnQE
22500189,qOVqgI5pnQE,back-court-logo,449.4,2.3759,22.34,https://www.youtube.com/watch?v=qOVqgI5pnQE
22500189,7YFKjDFwpjo,back-court-logo,460.06,2.2952,23.65,https://www.youtube.com/watch?v=7YFKjDFwpjo
22500189,7YFKjDFwpjo,basket-logo,445.45,0.1976,34.81,https://www.youtube.com/watch?v=7YFKjDFwpjo
22500189,7YFKjDFwpjo,side-court-led-logo,487.49,1.1704,26.53,https://www.youtube.com/watch?v=7YFKjDFwpjo
22500189,7YFKjDFwpjo,mid-court-logo,447.65,1.0351,30.14,https://www.youtube.com/watch?v=7YFKjDFwpjo
22500189,7YFKjDFwpjo,side-court-logo,493.89,0.9951,22.26,https://www.youtube.com/watch?v=7YFKjDFwpjo
22500189,ce7T8idwAuY,side-court-led-logo,531.2,0.9822,28.07,https://www.youtube.com/watch?v=ce7T8idwAuY
22500189,ce7T8idwAuY,side-court-logo,531.6,1.0479,23.11,https://www.youtube.com/watch?v=ce7T8idwAuY
22500189,ce7T8idwAuY,mid-court-logo,468.0,1.0062,31.55,https://www.youtube.com/watch?v=ce7T8idwAuY
22500189,ce7T8idwAuY,basket-logo,485.0,0.2033,33.11,https://www.youtube.com/watch?v=ce7T8idwAuY
22500189,ce7T8idwAuY,back-court-logo,497.2,2.4095,22.03,https://www.youtube.com/watch?v=ce7T8idwAuY
22500189,dXurZytUhAg,side-court-led-logo,520.0,0.9575,27.38,https://www.youtube.com/watch?v=dXurZytUhAg
22500189,dXurZytUhAg,mid-court-logo,468.0,0.9955,31.95,https://www.youtube.com/watch?v=dXurZytUhAg
22500189,dXurZytUhAg,side-court-logo,530.8,1.0377,22.61,https://www.youtube.com/watch?v=dXurZytUhAg
22500189,dXurZytUhAg,basket-logo,493.0,0.204,33.41,https://www.youtube.com/watch?v=dXurZytUhAg
22500189,dXurZytUhAg,back-court-logo,503.4,2.3343,22.01,https://www.youtube.com/watch?v=dXurZytUhAg
22500185,IJb3LCuKnic,side-court-led-logo,504.4,1.0425,26.26,https://www.youtube.com/watch?v=IJb3LCuKnic
22500185,IJb3LCuKnic,mid-court-logo,487.8,1.2949,32.28,https://www.youtube.com/watch?v=IJb3LCuKnic
22500185,IJb3LCuKnic,side-court-logo,491.4,0.7378,22.98,https://www.youtube.com/watch?v=IJb3LCuKnic
22500185,IJb3LCuKnic,back-court-logo,464.4,1.3417,24.96,https://www.youtube.com/watch?v=IJb3LCuKnic
22500185,IJb3LCuKnic,basket-logo,444.8,0.1983,35.52,https://www.youtube.com/watch?v=IJb3LCuKnic
22500185,fUxORR0hKUc,side-court-led-logo,527.33,1.0172,25.82,https://www.youtube.com/watch?v=fUxORR0hKUc
22500185,fUxORR0hKUc,basket-logo,463.66,0.2097,35.42,https://www.youtube.com/watch?v=fUxORR0hKUc
22500185,fUxORR0hKUc,mid-court-logo,515.12,1.3035,31.7,https://www.youtube.com/watch?v=fUxORR0hKUc
22500185,fUxORR0hKUc,side-court-logo,512.51,0.728,23.74,https://www.youtube.com/watch?v=fUxORR0hKUc
22500185,fUxORR0hKUc,back-court-logo,477.08,1.313,25.69,https://www.youtube.com/watch?v=fUxORR0hKUc
22500185,4skHh4s6Rj0,basket-logo,480.08,0.1883,34.68,https://www.youtube.com/watch?v=4skHh4s6Rj0
22500185,4skHh4s6Rj0,side-court-led-logo,533.33,1.0077,26.5,https://www.youtube.com/watch?v=4skHh4s6Rj0
22500185,4skHh4s6Rj0,back-court-logo,490.89,1.2967,24.53,https://www.youtube.com/watch?v=4skHh4s6Rj0
22500185,4skHh4s6Rj0,side-court-logo,519.92,0.7219,24.29,https://www.youtube.com/watch?v=4skHh4s6Rj0
22500185,4skHh4s6Rj0,mid-court-logo,527.13,1.2456,33.12,https://www.youtube.com/watch?v=4skHh4s6Rj0
22500185,xkBrwwlzcNc,side-court-logo,508.6,0.7797,24.85,https://www.youtube.com/watch?v=xkBrwwlzcNc
22500185,xkBrwwlzcNc,mid-court-logo,433.0,1.3726,29.85,https://www.youtube.com/watch?v=xkBrwwlzcNc
22500185,xkBrwwlzcNc,basket-logo,441.2,0.2111,34.15,https://www.youtube.com/watch?v=xkBrwwlzcNc
22500185,xkBrwwlzcNc,back-court-logo,454.4,1.3483,23.8,https://www.youtube.com/watch?v=xkBrwwlzcNc
22500185,xkBrwwlzcNc,side-court-led-logo,520.4,1.1979,26.23,https://www.youtube.com/watch?v=xkBrwwlzcNc
22500029,Nv99xewfAyw,side-court-led-logo,522.12,0.9428,28.27,https://www.youtube.com/watch?v=Nv99xewfAyw
22500029,Nv99xewfAyw,side-court-logo,524.12,0.9688,27.57,https://www.youtube.com/watch?v=Nv99xewfAyw
22500029,Nv99xewfAyw,mid-court-logo,219.82,0.8699,29.13,https://www.youtube.com/watch?v=Nv99xewfAyw
22500029,Nv99xewfAyw,back-court-logo,509.11,1.1716,20.67,https://www.youtube.com/watch?v=Nv99xewfAyw
22500029,Nv99xewfAyw,basket-logo,480.08,0.162,31.88,https://www.youtube.com/watch?v=Nv99xewfAyw
22500029,5Hr22u3Cpxw,side-court-led-logo,539.94,0.9629,26.75,https://www.youtube.com/watch?v=5Hr22u3Cpxw
22500029,5Hr22u3Cpxw,side-court-logo,541.34,0.9733,26.15,https://www.youtube.com/watch?v=5Hr22u3Cpxw
22500029,5Hr22u3Cpxw,mid-court-logo,192.39,0.7866,28.89,https://www.youtube.com/watch?v=5Hr22u3Cpxw
22500029,5Hr22u3Cpxw,back-court-logo,511.31,1.1724,21.18,https://www.youtube.com/watch?v=5Hr22u3Cpxw
22500029,5Hr22u3Cpxw,basket-logo,498.7,0.1694,33.35,https://www.youtube.com/watch?v=5Hr22u3Cpxw
22500029,SZWOp_c60E0,side-court-led-logo,546.8,0.9749,28.01,https://www.youtube.com/watch?v=SZWOp_c60E0
22500029,SZWOp_c60E0,side-court-logo,550.6,0.9577,27.66,https://www.youtube.com/watch?v=SZWOp_c60E0
22500029,SZWOp_c60E0,mid-court-logo,230.0,0.8738,29.53,https://www.youtube.com/watch?v=SZWOp_c60E0
22500029,SZWOp_c60E0,back-court-logo,521.0,1.1609,22.03,https://www.youtube.com/watch?v=SZWOp_c60E0
22500029,SZWOp_c60E0,basket-logo,487.8,0.1589,33.01,https://www.youtube.com/watch?v=SZWOp_c60E0
22500029,Kq6gg4wr9zA,basket-logo,494.2,0.1586,31.83,https://www.youtube.com/watch?v=Kq6gg4wr9zA
22500029,Kq6gg4wr9zA,side-court-led-logo,540.6,0.9273,27.68,https://www.youtube.com/watch?v=Kq6gg4wr9zA
22500029,Kq6gg4wr9zA,back-court-logo,522.0,1.1312,20.76,https://www.youtube.com/watch?v=Kq6gg4wr9zA
22500029,Kq6gg4wr9zA,side-court-logo,541.4,0.9671,27.77,https://www.youtube.com/watch?v=Kq6gg4wr9zA
22500029,Kq6gg4wr9zA,mid-court-logo,219.8,0.8051,30.09,https://www.youtube.com/watch?v=Kq6gg4wr9zA
22500034,WJ7tttJP_yE,side-court-logo,506.71,0.9994,29.93,https://www.youtube.com/watch?v=WJ7tttJP_yE
22500034,WJ7tttJP_yE,side-court-led-logo,418.62,2.5276,33.75,https://www.youtube.com/watch?v=WJ7tttJP_yE
22500034,WJ7tttJP_yE,mid-court-logo,349.15,1.5733,32.3,https://www.youtube.com/watch?v=WJ7tttJP_yE
22500034,WJ7tttJP_yE,back-court-logo,467.87,1.8257,20.94,https://www.youtube.com/watch?v=WJ7tttJP_yE
22500034,WJ7tttJP_yE,basket-logo,457.86,0.1946,32.32,https://www.youtube.com/watch?v=WJ7tttJP_yE
22500034,3w0tunqsqmE,side-court-logo,523.52,0.9439,28.13,https://www.youtube.com/watch?v=3w0tunqsqmE
22500034,3w0tunqsqmE,side-court-led-logo,450.45,1.8052,31.78,https://www.youtube.com/watch?v=3w0tunqsqmE
22500034,3w0tunqsqmE,mid-court-logo,406.41,1.9908,30.01,https://www.youtube.com/watch?v=3w0tunqsqmE
22500034,3w0tunqsqmE,back-court-logo,482.08,1.7407,23.02,https://www.youtube.com/watch?v=3w0tunqsqmE
22500034,3w0tunqsqmE,basket-logo,471.07,0.182,34.44,https://www.youtube.com/watch?v=3w0tunqsqmE
22500172,jlDDYyPbvMA,basket-logo,432.03,0.2372,36.33,https://www.youtube.com/watch?v=jlDDYyPbvMA
22500172,jlDDYyPbvMA,side-court-led-logo,467.47,1.1938,29.85,https://www.youtube.com/watch?v=jlDDYyPbvMA
22500172,jlDDYyPbvMA,side-court-logo,474.07,1.3171,24.61,https://www.youtube.com/watch?v=jlDDYyPbvMA
22500172,jlDDYyPbvMA,mid-court-logo,373.77,1.9651,35.44,https://www.youtube.com/watch?v=jlDDYyPbvMA
22500172,jlDDYyPbvMA,back-court-logo,444.24,1.4039,23.83,https://www.youtube.com/watch?v=jlDDYyPbvMA
22500172,QDShKYilCv4,side-court-led-logo,489.4,1.0632,29.55,https://www.youtube.com/watch?v=QDShKYilCv4
22500172,QDShKYilCv4,mid-court-logo,389.8,1.8764,35.55,https://www.youtube.com/watch?v=QDShKYilCv4
22500172,QDShKYilCv4,side-court-logo,492.0,1.299,24.31,https://www.youtube.com/watch?v=QDShKYilCv4
22500172,QDShKYilCv4,back-court-logo,465.6,1.3896,24.18,https://www.youtube.com/watch?v=QDShKYilCv4
22500172,QDShKYilCv4,basket-logo,458.2,0.2369,37.21,https://www.youtube.com/watch?v=QDShKYilCv4
22500184,RA2Q6uaqCOA,basket-logo,449.65,0.2578,34.25,https://www.youtube.com/watch?v=RA2Q6uaqCOA
22500184,RA2Q6uaqCOA,mid-court-logo,370.97,2.1221,30.54,https://www.youtube.com/watch?v=RA2Q6uaqCOA
22500184,RA2Q6uaqCOA,side-court-logo,496.3,0.952,28.48,https://www.youtube.com/watch?v=RA2Q6uaqCOA
22500184,RA2Q6uaqCOA,back-court-logo,468.27,2.1332,22.91,https://www.youtube.com/watch?v=RA2Q6uaqCOA
22500184,RA2Q6uaqCOA,side-court-led-logo,348.35,1.9434,31.45,https://www.youtube.com/watch?v=RA2Q6uaqCOA
22500184,qQ_MbIPw-Ic,basket-logo,382.18,0.2497,31.68,https://www.youtube.com/watch?v=qQ_MbIPw-Ic
22500184,qQ_MbIPw-Ic,side-court-led-logo,399.6,2.5018,31.61,https://www.youtube.com/watch?v=qQ_MbIPw-Ic
22500184,qQ_MbIPw-Ic,mid-court-logo,378.58,2.0852,31.02,https://www.youtube.com/watch?v=qQ_MbIPw-Ic
22500184,qQ_MbIPw-Ic,side-court-logo,475.88,1.0541,27.16,https://www.youtube.com/watch?v=qQ_MbIPw-Ic
22500184,qQ_MbIPw-Ic,back-court-logo,397.6,2.0889,24.25,https://www.youtube.com/watch?v=qQ_MbIPw-Ic
22500184,Dn2xvFnHG20,basket-logo,462.4,0.2537,34.86,https://www.youtube.com/watch?v=Dn2xvFnHG20
22500184,Dn2xvFnHG20,side-court-logo,506.4,0.9614,27.76,https://www.youtube.com/watch?v=Dn2xvFnHG20
22500184,Dn2xvFnHG20,mid-court-logo,380.8,2.1219,30.29,https://www.youtube.com/watch?v=Dn2xvFnHG20
22500184,Dn2xvFnHG20,back-court-logo,482.4,2.2204,23.81,https://www.youtube.com/watch?v=Dn2xvFnHG20
22500184,Dn2xvFnHG20,side-court-led-logo,355.8,2.2634,30.23,https://www.youtube.com/watch?v=Dn2xvFnHG20
22500184,BTmMFGT_XCc,mid-court-logo,119.6,2.2163,28.8,https://www.youtube.com/watch?v=BTmMFGT_XCc
22500184,BTmMFGT_XCc,side-court-led-logo,166.6,3.2561,29.07,https://www.youtube.com/watch?v=BTmMFGT_XCc
22500184,BTmMFGT_XCc,side-court-logo,530.6,1.5399,30.83,https://www.youtube.com/watch?v=BTmMFGT_XCc
22500184,BTmMFGT_XCc,basket-logo,499.0,0.3401,42.07,https://www.youtube.com/watch?v=BTmMFGT_XCc
22500184,BTmMFGT_XCc,back-court-logo,502.8,4.6015,34.03,https://www.youtube.com/watch?v=BTmMFGT_XCc
22500037,CK70V1y29aY,basket-logo,427.4,0.2184,34.01,https://www.youtube.com/watch?v=CK70V1y29aY
22500037,CK70V1y29aY,side-court-led-logo,465.4,1.3949,30.31,https://www.youtube.com/watch?v=CK70V1y29aY
22500037,CK70V1y29aY,mid-court-logo,366.8,1.1177,33.06,https://www.youtube.com/watch?v=CK70V1y29aY
22500037,CK70V1y29aY,side-court-logo,325.6,0.6587,29.81,https://www.youtube.com/watch?v=CK70V1y29aY
22500037,CK70V1y29aY,back-court-logo,445.2,2.1374,23.46,https://www.youtube.com/watch?v=CK70V1y29aY
22500037,O9AY56yT9cc,mid-court-logo,444.24,1.0698,34.08,https://www.youtube.com/watch?v=O9AY56yT9cc
22500037,O9AY56yT9cc,side-court-led-logo,547.15,1.2001,30.63,https://www.youtube.com/watch?v=O9AY56yT9cc
22500037,O9AY56yT9cc,basket-logo,514.31,0.213,33.45,https://www.youtube.com/watch?v=O9AY56yT9cc
22500037,O9AY56yT9cc,back-court-logo,530.53,2.1379,23.12,https://www.youtube.com/watch?v=O9AY56yT9cc
22500037,O9AY56yT9cc,side-court-logo,406.41,0.5872,30.36,https://www.youtube.com/watch?v=O9AY56yT9cc
22500037,VdJlLWwxM50,side-court-led-logo,503.5,1.3265,29.27,https://www.youtube.com/watch?v=VdJlLWwxM50
22500037,VdJlLWwxM50,mid-court-logo,404.6,1.1393,30.77,https://www.youtube.com/watch?v=VdJlLWwxM50
22500037,VdJlLWwxM50,side-court-logo,358.76,0.6081,28.97,https://www.youtube.com/watch?v=VdJlLWwxM50
22500037,VdJlLWwxM50,basket-logo,446.25,0.2129,34.98,https://www.youtube.com/watch?v=VdJlLWwxM50
22500037,VdJlLWwxM50,back-court-logo,467.47,2.0848,25.31,https://www.youtube.com/watch?v=VdJlLWwxM50
22500038,X35X-cpbTN0,side-court-led-logo,474.07,1.2589,30.29,https://www.youtube.com/watch?v=X35X-cpbTN0
22500038,X35X-cpbTN0,mid-court-logo,418.62,1.6364,31.12,https://www.youtube.com/watch?v=X35X-cpbTN0
22500038,X35X-cpbTN0,side-court-logo,489.09,0.9172,24.72,https://www.youtube.com/watch?v=X35X-cpbTN0
22500038,X35X-cpbTN0,back-court-logo,0.2,0.1718,64.07,https://www.youtube.com/watch?v=X35X-cpbTN0
22500038,X35X-cpbTN0,basket-logo,445.65,0.2612,35.34,https://www.youtube.com/watch?v=X35X-cpbTN0
22500038,3ocrRJOfZNo,side-court-led-logo,503.1,1.0972,29.46,https://www.youtube.com/watch?v=3ocrRJOfZNo
22500038,3ocrRJOfZNo,side-court-logo,518.12,0.9188,24.0,https://www.youtube.com/watch?v=3ocrRJOfZNo
22500038,3ocrRJOfZNo,mid-court-logo,439.84,1.7452,30.32,https://www.youtube.com/watch?v=3ocrRJOfZNo
22500038,3ocrRJOfZNo,basket-logo,473.27,0.2571,36.86,https://www.youtube.com/watch?v=3ocrRJOfZNo
22500038,3ocrRJOfZNo,back-court-logo,0.4,0.1963,65.68,https://www.youtube.com/watch?v=3ocrRJOfZNo
22500038,Z_8d5uExuBE,side-court-led-logo,482.0,1.0252,30.86,https://www.youtube.com/watch?v=Z_8d5uExuBE
22500038,Z_8d5uExuBE,basket-logo,466.6,0.2509,35.45,https://www.youtube.com/watch?v=Z_8d5uExuBE
22500038,Z_8d5uExuBE,mid-court-logo,425.0,1.6664,32.45,https://www.youtube.com/watch?v=Z_8d5uExuBE
22500038,Z_8d5uExuBE,side-court-logo,497.4,0.9206,25.75,https://www.youtube.com/watch?v=Z_8d5uExuBE
22500038,mB3bQVx7M6A,basket-logo,468.8,0.2599,35.47,https://www.youtube.com/watch?v=mB3bQVx7M6A
22500038,mB3bQVx7M6A,mid-court-logo,422.2,1.6921,31.74,https://www.youtube.com/watch?v=mB3bQVx7M6A
22500038,mB3bQVx7M6A,side-court-logo,498.8,0.9102,24.88,https://www.youtube.com/watch?v=mB3bQVx7M6A
22500038,mB3bQVx7M6A,side-court-led-logo,483.8,1.1781,30.37,https://www.youtube.com/watch?v=mB3bQVx7M6A
22500038,mB3bQVx7M6A,back-court-logo,0.2,0.2153,64.01,https://www.youtube.com/watch?v=mB3bQVx7M6A
22500033,YCNoW4Zn4OI,basket-logo,466.6,0.1786,30.52,https://www.youtube.com/watch?v=YCNoW4Zn4OI
22500033,YCNoW4Zn4OI,side-court-led-logo,202.6,1.1302,27.78,https://www.youtube.com/watch?v=YCNoW4Zn4OI
22500033,YCNoW4Zn4OI,mid-court-logo,432.6,2.9262,30.15,https://www.youtube.com/watch?v=YCNoW4Zn4OI
22500033,YCNoW4Zn4OI,side-court-logo,531.4,0.8693,26.21,https://www.youtube.com/watch?v=YCNoW4Zn4OI
22500033,YCNoW4Zn4OI,back-court-logo,492.4,1.2982,24.07,https://www.youtube.com/watch?v=YCNoW4Zn4OI
22500033,CV4z1pA0NZA,basket-logo,478.4,0.1756,30.22,https://www.youtube.com/watch?v=CV4z1pA0NZA
22500033,CV4z1pA0NZA,back-court-logo,502.4,1.29,22.78,https://www.youtube.com/watch?v=CV4z1pA0NZA
22500033,CV4z1pA0NZA,mid-court-logo,436.0,2.7237,30.71,https://www.youtube.com/watch?v=CV4z1pA0NZA
22500033,CV4z1pA0NZA,side-court-led-logo,191.0,1.1371,28.66,https://www.youtube.com/watch?v=CV4z1pA0NZA
22500033,CV4z1pA0NZA,side-court-logo,536.0,0.8562,26.14,https://www.youtube.com/watch?v=CV4z1pA0NZA
22500033,aG9LrPtnsZU,basket-logo,114.51,0.1599,29.59,https://www.youtube.com/watch?v=aG9LrPtnsZU
22500033,aG9LrPtnsZU,back-court-logo,116.12,1.1862,20.37,https://www.youtube.com/watch?v=aG9LrPtnsZU
22500033,aG9LrPtnsZU,side-court-logo,120.12,0.8128,25.36,https://www.youtube.com/watch?v=aG9LrPtnsZU
22500033,aG9LrPtnsZU,mid-court-logo,109.11,1.6582,33.27,https://www.youtube.com/watch?v=aG9LrPtnsZU
22500033,aG9LrPtnsZU,side-court-led-logo,31.43,0.9881,31.3,https://www.youtube.com/watch?v=aG9LrPtnsZU
22500188,TK9TWS1zSFM,basket-logo,447.6,0.2511,35.06,https://www.youtube.com/watch?v=TK9TWS1zSFM
22500188,TK9TWS1zSFM,side-court-logo,501.2,0.7388,31.77,https://www.youtube.com/watch?v=TK9TWS1zSFM
22500188,TK9TWS1zSFM,back-court-logo,460.6,1.7343,25.16,https://www.youtube.com/watch?v=TK9TWS1zSFM
22500188,TK9TWS1zSFM,side-court-led-logo,509.4,2.8439,33.0,https://www.youtube.com/watch?v=TK9TWS1zSFM
22500188,TK9TWS1zSFM,mid-court-logo,331.4,2.2366,30.9,https://www.youtube.com/watch?v=TK9TWS1zSFM
22500188,Evz5jUXN-G0,mid-court-logo,365.77,2.4066,29.39,https://www.youtube.com/watch?v=Evz5jUXN-G0
22500188,Evz5jUXN-G0,side-court-led-logo,535.54,2.914,30.33,https://www.youtube.com/watch?v=Evz5jUXN-G0
22500188,Evz5jUXN-G0,basket-logo,461.86,0.2438,37.98,https://www.youtube.com/watch?v=Evz5jUXN-G0
22500188,Evz5jUXN-G0,side-court-logo,524.52,0.6963,29.79,https://www.youtube.com/watch?v=Evz5jUXN-G0
22500188,Evz5jUXN-G0,back-court-logo,476.08,1.6817,27.51,https://www.youtube.com/watch?v=Evz5jUXN-G0
22500188,RFIFoBOdtcY,basket-logo,521.92,0.2439,37.33,https://www.youtube.com/watch?v=RFIFoBOdtcY
22500188,RFIFoBOdtcY,back-court-logo,531.53,1.6783,25.61,https://www.youtube.com/watch?v=RFIFoBOdtcY
22500188,RFIFoBOdtcY,side-court-led-logo,560.16,2.5319,31.46,https://www.youtube.com/watch?v=RFIFoBOdtcY
22500188,RFIFoBOdtcY,side-court-logo,559.36,0.6953,30.16,https://www.youtube.com/watch?v=RFIFoBOdtcY
22500188,RFIFoBOdtcY,mid-court-logo,380.58,2.066,30.94,https://www.youtube.com/watch?v=RFIFoBOdtcY
22500188,CJreu-63oro,side-court-logo,490.0,0.6868,31.95,https://www.youtube.com/watch?v=CJreu-63oro
22500188,CJreu-63oro,mid-court-logo,323.2,2.2905,30.82,https://www.youtube.com/watch?v=CJreu-63oro
22500188,CJreu-63oro,side-court-led-logo,496.8,2.7403,33.05,https://www.youtube.com/watch?v=CJreu-63oro
22500188,CJreu-63oro,back-court-logo,457.6,1.7287,25.4,https://www.youtube.com/watch?v=CJreu-63oro
22500188,CJreu-63oro,basket-logo,445.6,0.2485,35.33,https://www.youtube.com/watch?v=CJreu-63oro
22500188,Byxs3DcR024,basket-logo,470.2,0.251,36.21,https://www.youtube.com/watch?v=Byxs3DcR024
22500188,Byxs3DcR024,side-court-led-logo,509.4,3.0461,32.6,https://www.youtube.com/watch?v=Byxs3DcR024
22500188,Byxs3DcR024,back-court-logo,478.6,1.7182,24.54,https://www.youtube.com/watch?v=Byxs3DcR024
22500188,Byxs3DcR024,side-court-logo,498.8,0.6983,31.27,https://www.youtube.com/watch?v=Byxs3DcR024
22500188,Byxs3DcR024,mid-court-logo,307.2,2.0791,31.01,https://www.youtube.com/watch?v=Byxs3DcR024
22500183,4kHLbB_cuyc,side-court-logo,562.16,1.0461,27.68,https://www.youtube.com/watch?v=4kHLbB_cuyc
22500183,4kHLbB_cuyc,mid-court-logo,431.03,1.7854,30.22,https://www.youtube.com/watch?v=4kHLbB_cuyc
22500183,4kHLbB_cuyc,side-court-led-logo,562.36,1.0468,27.02,https://www.youtube.com/watch?v=4kHLbB_cuyc
22500183,4kHLbB_cuyc,basket-logo,503.3,0.1929,35.3,https://www.youtube.com/watch?v=4kHLbB_cuyc
22500183,4kHLbB_cuyc,back-court-logo,516.52,1.4216,24.62,https://www.youtube.com/watch?v=4kHLbB_cuyc
22500183,UgArZasdgtk,basket-logo,478.6,0.1925,32.59,https://www.youtube.com/watch?v=UgArZasdgtk
22500183,UgArZasdgtk,side-court-led-logo,538.6,1.1637,28.52,https://www.youtube.com/watch?v=UgArZasdgtk
22500183,UgArZasdgtk,mid-court-logo,380.6,1.8506,31.69,https://www.youtube.com/watch?v=UgArZasdgtk
22500183,UgArZasdgtk,side-court-logo,544.4,1.0856,28.91,https://www.youtube.com/watch?v=UgArZasdgtk
22500183,UgArZasdgtk,back-court-logo,494.4,1.5324,21.8,https://www.youtube.com/watch?v=UgArZasdgtk
22500183,hdKrTQdAi6M,side-court-logo,543.2,1.1337,28.71,https://www.youtube.com/watch?v=hdKrTQdAi6M
22500183,hdKrTQdAi6M,mid-court-logo,395.4,1.7145,32.47,https://www.youtube.com/watch?v=hdKrTQdAi6M
22500183,hdKrTQdAi6M,side-court-led-logo,534.6,1.2128,28.12,https://www.youtube.com/watch?v=hdKrTQdAi6M
22500183,hdKrTQdAi6M,back-court-logo,495.8,1.504,22.53,https://www.youtube.com/watch?v=hdKrTQdAi6M
22500183,hdKrTQdAi6M,basket-logo,481.6,0.1845,32.7,https://www.youtube.com/watch?v=hdKrTQdAi6M
22500183,4GdjubnM4ig,basket-logo,494.8,0.1786,32.36,https://www.youtube.com/watch?v=4GdjubnM4ig
22500183,4GdjubnM4ig,side-court-led-logo,543.2,1.057,28.18,https://www.youtube.com/watch?v=4GdjubnM4ig
22500183,4GdjubnM4ig,side-court-logo,552.0,1.1314,28.63,https://www.youtube.com/watch?v=4GdjubnM4ig
22500183,4GdjubnM4ig,mid-court-logo,409.0,1.8123,32.96,https://www.youtube.com/watch?v=4GdjubnM4ig
22500183,4GdjubnM4ig,back-court-logo,507.8,1.4786,21.63,https://www.youtube.com/watch?v=4GdjubnM4ig
22500183,RaomPK4MjT4,mid-court-logo,118.8,1.5971,29.19,https://www.youtube.com/watch?v=RaomPK4MjT4
22500183,RaomPK4MjT4,side-court-led-logo,418.2,2.0165,31.68,https://www.youtube.com/watch?v=RaomPK4MjT4
22500183,RaomPK4MjT4,basket-logo,341.2,0.3044,42.09,https://www.youtube.com/watch?v=RaomPK4MjT4
22500183,RaomPK4MjT4,side-court-logo,393.0,1.7131,31.07,https://www.youtube.com/watch?v=RaomPK4MjT4
22500183,RaomPK4MjT4,back-court-logo,367.4,2.764,29.89,https://www.youtube.com/watch?v=RaomPK4MjT4
22500183,aYPmW5vlRgY,basket-logo,463.4,0.1765,34.02,https://www.youtube.com/watch?v=aYPmW5vlRgY
22500183,aYPmW5vlRgY,side-court-led-logo,510.4,1.0207,26.76,https://www.youtube.com/watch?v=aYPmW5vlRgY
22500183,aYPmW5vlRgY,back-court-logo,473.4,1.4077,23.26,https://www.youtube.com/watch?v=aYPmW5vlRgY
22500183,aYPmW5vlRgY,mid-court-logo,416.0,1.9413,31.71,https://www.youtube.com/watch?v=aYPmW5vlRgY
22500183,aYPmW5vlRgY,side-court-logo,512.8,1.0228,26.54,https://www.youtube.com/watch?v=aYPmW5vlRgY
22500181,6F5uXH5G33k,side-court-led-logo,527.2,0.9521,33.18,https://www.youtube.com/watch?v=6F5uXH5G33k
22500181,6F5uXH5G33k,basket-logo,485.8,0.2561,33.98,https://www.youtube.com/watch?v=6F5uXH5G33k
22500181,6F5uXH5G33k,mid-court-logo,501.2,1.9364,34.27,https://www.youtube.com/watch?v=6F5uXH5G33k
22500181,6F5uXH5G33k,side-court-logo,534.4,0.9672,27.1,https://www.youtube.com/watch?v=6F5uXH5G33k
22500181,6F5uXH5G33k,back-court-logo,0.4,1.5911,24.83,https://www.youtube.com/watch?v=6F5uXH5G33k
22500181,XidWgqq2z4Y,basket-logo,496.1,0.2508,35.84,https://www.youtube.com/watch?v=XidWgqq2z4Y
22500181,XidWgqq2z4Y,side-court-led-logo,511.91,0.8669,31.36,https://www.youtube.com/watch?v=XidWgqq2z4Y
22500181,XidWgqq2z4Y,mid-court-logo,494.69,1.8642,33.09,https://www.youtube.com/watch?v=XidWgqq2z4Y
22500181,XidWgqq2z4Y,side-court-logo,524.32,0.9378,25.75,https://www.youtube.com/watch?v=XidWgqq2z4Y
22500181,XidWgqq2z4Y,back-court-logo,0.2,1.8657,23.93,https://www.youtube.com/watch?v=XidWgqq2z4Y
22500181,fTcVxCNd4ps,side-court-led-logo,524.0,1.332,32.39,https://www.youtube.com/watch?v=fTcVxCNd4ps
22500181,fTcVxCNd4ps,side-court-logo,526.8,0.9877,26.97,https://www.youtube.com/watch?v=fTcVxCNd4ps
22500181,fTcVxCNd4ps,mid-court-logo,497.6,1.961,34.81,https://www.youtube.com/watch?v=fTcVxCNd4ps
22500181,fTcVxCNd4ps,basket-logo,480.8,0.2533,34.53,https://www.youtube.com/watch?v=fTcVxCNd4ps
22500182,TdWXcCRJOHI,basket-logo,460.26,0.2249,37.7,https://www.youtube.com/watch?v=TdWXcCRJOHI
22500182,TdWXcCRJOHI,side-court-led-logo,208.81,1.1952,31.45,https://www.youtube.com/watch?v=TdWXcCRJOHI
22500182,TdWXcCRJOHI,back-court-logo,468.07,1.9861,25.71,https://www.youtube.com/watch?v=TdWXcCRJOHI
22500182,TdWXcCRJOHI,mid-court-logo,460.06,2.3061,35.39,https://www.youtube.com/watch?v=TdWXcCRJOHI
22500182,TdWXcCRJOHI,side-court-logo,5.81,0.4531,49.25,https://www.youtube.com/watch?v=TdWXcCRJOHI
22500182,yeElfHaPoyE,mid-court-logo,489.09,2.4803,33.65,https://www.youtube.com/watch?v=yeElfHaPoyE
22500182,yeElfHaPoyE,side-court-led-logo,262.06,1.0245,30.49,https://www.youtube.com/watch?v=yeElfHaPoyE
22500182,yeElfHaPoyE,back-court-logo,481.28,1.904,27.88,https://www.youtube.com/watch?v=yeElfHaPoyE
22500182,yeElfHaPoyE,basket-logo,476.08,0.2228,39.48,https://www.youtube.com/watch?v=yeElfHaPoyE
22500182,yeElfHaPoyE,side-court-logo,9.01,0.1446,49.08,https://www.youtube.com/watch?v=yeElfHaPoyE
22500182,XocS2VOxzFU,mid-court-logo,486.0,2.4446,35.58,https://www.youtube.com/watch?v=XocS2VOxzFU
22500182,XocS2VOxzFU,side-court-led-logo,236.0,0.8983,32.88,https://www.youtube.com/watch?v=XocS2VOxzFU
22500182,XocS2VOxzFU,back-court-logo,493.8,1.9421,25.54,https://www.youtube.com/watch?v=XocS2VOxzFU
22500182,XocS2VOxzFU,basket-logo,487.4,0.2202,38.1,https://www.youtube.com/watch?v=XocS2VOxzFU
22500182,XocS2VOxzFU,side-court-logo,9.8,0.3707,49.9,https://www.youtube.com/watch?v=XocS2VOxzFU
22500182,XfcL4dly9aw,basket-logo,492.8,0.2189,38.16,https://www.youtube.com/watch?v=XfcL4dly9aw
22500182,XfcL4dly9aw,side-court-led-logo,237.6,0.8912,33.21,https://www.youtube.com/watch?v=XfcL4dly9aw
22500182,XfcL4dly9aw,back-court-logo,500.4,1.9635,25.81,https://www.youtube.com/watch?v=XfcL4dly9aw
22500182,XfcL4dly9aw,mid-court-logo,486.2,2.3823,34.93,https://www.youtube.com/watch?v=XfcL4dly9aw
22500182,XfcL4dly9aw,side-court-logo,6.2,0.2224,49.01,https://www.youtube.com/watch?v=XfcL4dly9aw
22500173,mmQGWV2R-Ls,mid-court-logo,439.44,2.3507,30.82,https://www.youtube.com/watch?v=mmQGWV2R-Ls
22500173,mmQGWV2R-Ls,side-court-led-logo,528.13,0.9542,26.42,https://www.youtube.com/watch?v=mmQGWV2R-Ls
22500173,mmQGWV2R-Ls,back-court-logo,500.5,1.7137,24.26,https://www.youtube.com/watch?v=mmQGWV2R-Ls
22500173,mmQGWV2R-Ls,basket-logo,481.08,0.2049,35.55,https://www.youtube.com/watch?v=mmQGWV2R-Ls
22500173,mmQGWV2R-Ls,side-court-logo,0.8,5.9733,30.65,https://www.youtube.com/watch?v=mmQGWV2R-Ls
22500173,kZXu4jCJWwI,side-court-led-logo,552.8,0.9597,26.75,https://www.youtube.com/watch?v=kZXu4jCJWwI
22500173,kZXu4jCJWwI,mid-court-logo,461.8,2.2529,31.66,https://www.youtube.com/watch?v=kZXu4jCJWwI
22500173,kZXu4jCJWwI,back-court-logo,519.6,1.7104,23.53,https://www.youtube.com/watch?v=kZXu4jCJWwI
22500173,kZXu4jCJWwI,basket-logo,502.6,0.2086,34.96,https://www.youtube.com/watch?v=kZXu4jCJWwI
22500173,kZXu4jCJWwI,side-court-logo,0.6,8.0424,37.22,https://www.youtube.com/watch?v=kZXu4jCJWwI
22500173,LnuQU3HJ5tQ,basket-logo,501.4,0.2042,35.74,https://www.youtube.com/watch?v=LnuQU3HJ5tQ
22500173,LnuQU3HJ5tQ,side-court-led-logo,542.6,0.9531,26.34,https://www.youtube.com/watch?v=LnuQU3HJ5tQ
22500173,LnuQU3HJ5tQ,back-court-logo,517.8,1.6936,24.4,https://www.youtube.com/watch?v=LnuQU3HJ5tQ
22500173,LnuQU3HJ5tQ,mid-court-logo,452.4,2.2235,31.06,https://www.youtube.com/watch?v=LnuQU3HJ5tQ
22500173,LnuQU3HJ5tQ,side-court-logo,0.4,10.1499,10.53,https://www.youtube.com/watch?v=LnuQU3HJ5tQ
22500173,0JNz51SUaXs,side-court-led-logo,418.8,1.8237,29.85,https://www.youtube.com/watch?v=0JNz51SUaXs
22500173,0JNz51SUaXs,back-court-logo,410.0,3.9461,33.71,https://www.youtube.com/watch?v=0JNz51SUaXs
22500173,0JNz51SUaXs,basket-logo,394.4,0.3459,44.6,https://www.youtube.com/watch?v=0JNz51SUaXs
22500173,0JNz51SUaXs,side-court-logo,6.8,1.1901,39.37,https://www.youtube.com/watch?v=0JNz51SUaXs
22500173,0JNz51SUaXs,mid-court-logo,93.2,3.8556,28.71,https://www.youtube.com/watch?v=0JNz51SUaXs
22500178,wf9fi3gR3bo,basket-logo,459.46,0.1985,33.93,https://www.youtube.com/watch?v=wf9fi3gR3bo
22500178,wf9fi3gR3bo,back-court-logo,476.88,2.5478,23.02,https://www.youtube.com/watch?v=wf9fi3gR3bo
22500178,wf9fi3gR3bo,mid-court-logo,456.26,1.0974,33.55,https://www.youtube.com/watch?v=wf9fi3gR3bo
22500178,wf9fi3gR3bo,side-court-led-logo,497.7,1.0053,29.21,https://www.youtube.com/watch?v=wf9fi3gR3bo
22500178,wf9fi3gR3bo,side-court-logo,500.3,1.0836,22.51,https://www.youtube.com/watch?v=wf9fi3gR3bo
22500178,k8ui3wFOAKE,side-court-led-logo,535.34,1.1081,28.44,https://www.youtube.com/watch?v=k8ui3wFOAKE
22500178,k8ui3wFOAKE,mid-court-logo,488.29,1.0582,31.11,https://www.youtube.com/watch?v=k8ui3wFOAKE
22500178,k8ui3wFOAKE,back-court-logo,494.29,2.5478,25.54,https://www.youtube.com/watch?v=k8ui3wFOAKE
22500178,k8ui3wFOAKE,basket-logo,471.07,0.1986,35.26,https://www.youtube.com/watch?v=k8ui3wFOAKE
22500178,k8ui3wFOAKE,side-court-logo,534.73,1.0665,23.79,https://www.youtube.com/watch?v=k8ui3wFOAKE
22500178,I6rn87deXf4,side-court-led-logo,516.2,1.214,29.37,https://www.youtube.com/watch?v=I6rn87deXf4
22500178,I6rn87deXf4,mid-court-logo,478.0,1.0865,33.05,https://www.youtube.com/watch?v=I6rn87deXf4
22500178,I6rn87deXf4,side-court-logo,517.2,1.0706,23.64,https://www.youtube.com/watch?v=I6rn87deXf4
22500178,I6rn87deXf4,back-court-logo,478.0,2.5271,23.53,https://www.youtube.com/watch?v=I6rn87deXf4
22500178,I6rn87deXf4,basket-logo,469.8,0.2069,33.88,https://www.youtube.com/watch?v=I6rn87deXf4
22500179,K8EXW5h-g-A,side-court-led-logo,377.2,1.2722,34.8,https://www.youtube.com/watch?v=K8EXW5h-g-A
22500179,K8EXW5h-g-A,side-court-logo,515.6,0.5674,28.62,https://www.youtube.com/watch?v=K8EXW5h-g-A
22500179,K8EXW5h-g-A,mid-court-logo,517.0,1.5013,35.64,https://www.youtube.com/watch?v=K8EXW5h-g-A
22500179,K8EXW5h-g-A,basket-logo,496.6,0.1703,37.5,https://www.youtube.com/watch?v=K8EXW5h-g-A
22500179,K8EXW5h-g-A,back-court-logo,500.2,1.724,27.27,https://www.youtube.com/watch?v=K8EXW5h-g-A
22500179,How51vlzEjI,side-court-led-logo,360.96,1.1766,32.43,https://www.youtube.com/watch?v=How51vlzEjI
22500179,How51vlzEjI,back-court-logo,496.9,1.7946,28.07,https://www.youtube.com/watch?v=How51vlzEjI
22500179,How51vlzEjI,mid-court-logo,509.91,1.41,34.25,https://www.youtube.com/watch?v=How51vlzEjI
22500179,How51vlzEjI,side-court-logo,514.51,0.5644,28.08,https://www.youtube.com/watch?v=How51vlzEjI
22500179,How51vlzEjI,basket-logo,496.5,0.169,38.37,https://www.youtube.com/watch?v=How51vlzEjI
22500179,VIIKcMhutZc,basket-logo,567.17,0.1696,38.08,https://www.youtube.com/watch?v=VIIKcMhutZc
22500179,VIIKcMhutZc,side-court-led-logo,395.8,0.9934,34.36,https://www.youtube.com/watch?v=VIIKcMhutZc
22500179,VIIKcMhutZc,mid-court-logo,558.16,1.4363,35.51,https://www.youtube.com/watch?v=VIIKcMhutZc
22500179,VIIKcMhutZc,back-court-logo,563.36,1.8292,26.83,https://www.youtube.com/watch?v=VIIKcMhutZc
22500179,VIIKcMhutZc,side-court-logo,570.77,0.5811,28.03,https://www.youtube.com/watch?v=VIIKcMhutZc
22500179,Fd3qgZgSW8g,basket-logo,402.6,0.1546,34.67,https://www.youtube.com/watch?v=Fd3qgZgSW8g
22500179,Fd3qgZgSW8g,side-court-led-logo,383.38,1.034,37.51,https://www.youtube.com/watch?v=Fd3qgZgSW8g
22500179,Fd3qgZgSW8g,mid-court-logo,423.22,1.5424,33.48,https://www.youtube.com/watch?v=Fd3qgZgSW8g
22500179,Fd3qgZgSW8g,side-court-logo,410.61,0.4933,23.17,https://www.youtube.com/watch?v=Fd3qgZgSW8g
22500179,Fd3qgZgSW8g,back-court-logo,403.6,1.4322,24.33,https://www.youtube.com/watch?v=Fd3qgZgSW8g
22500179,V4TDEAPraP4,basket-logo,517.0,0.1722,37.96,https://www.youtube.com/watch?v=V4TDEAPraP4
22500179,V4TDEAPraP4,mid-court-logo,510.8,1.4744,35.59,https://www.youtube.com/watch?v=V4TDEAPraP4
22500179,V4TDEAPraP4,back-court-logo,512.0,1.7989,26.56,https://www.youtube.com/watch?v=V4TDEAPraP4
22500179,V4TDEAPraP4,side-court-led-logo,356.8,1.0252,34.73,https://www.youtube.com/watch?v=V4TDEAPraP4
22500179,V4TDEAPraP4,side-court-logo,513.8,0.6136,27.58,https://www.youtube.com/watch?v=V4TDEAPraP4
22500170,N7OSycgh0Hk,basket-logo,467.4,0.1777,35.35,https://www.youtube.com/watch?v=N7OSycgh0Hk
22500170,N7OSycgh0Hk,side-court-logo,495.0,0.3818,27.51,https://www.youtube.com/watch?v=N7OSycgh0Hk
22500170,N7OSycgh0Hk,back-court-logo,479.0,1.7888,26.27,https://www.youtube.com/watch?v=N7OSycgh0Hk
22500170,N7OSycgh0Hk,mid-court-logo,453.2,2.0125,34.43,https://www.youtube.com/watch?v=N7OSycgh0Hk
22500170,N7OSycgh0Hk,side-court-led-logo,265.2,1.1493,31.02,https://www.youtube.com/watch?v=N7OSycgh0Hk
22500170,yiarKi3A5_0,basket-logo,488.49,0.1724,36.77,https://www.youtube.com/watch?v=yiarKi3A5_0
22500170,yiarKi3A5_0,side-court-led-logo,301.9,1.1092,30.17,https://www.youtube.com/watch?v=yiarKi3A5_0
22500170,yiarKi3A5_0,mid-court-logo,467.07,1.9467,32.68,https://www.youtube.com/watch?v=yiarKi3A5_0
22500170,yiarKi3A5_0,side-court-logo,507.91,0.3799,26.91,https://www.youtube.com/watch?v=yiarKi3A5_0
22500170,yiarKi3A5_0,back-court-logo,497.1,1.7156,27.76,https://www.youtube.com/watch?v=yiarKi3A5_0
22500170,I8xTPtUgC40,basket-logo,490.69,0.1745,35.15,https://www.youtube.com/watch?v=I8xTPtUgC40
22500170,I8xTPtUgC40,side-court-logo,508.31,0.3785,27.42,https://www.youtube.com/watch?v=I8xTPtUgC40
22500170,I8xTPtUgC40,side-court-led-logo,280.68,1.0306,30.99,https://www.youtube.com/watch?v=I8xTPtUgC40
22500170,I8xTPtUgC40,back-court-logo,500.7,1.7057,26.38,https://www.youtube.com/watch?v=I8xTPtUgC40
22500170,I8xTPtUgC40,mid-court-logo,466.67,1.9536,34.44,https://www.youtube.com/watch?v=I8xTPtUgC40
22500030,PQ3Bj7qZxgI,side-court-led-logo,474.87,1.3127,24.95,https://www.youtube.com/watch?v=PQ3Bj7qZxgI
22500030,PQ3Bj7qZxgI,basket-logo,422.22,0.2029,32.77,https://www.youtube.com/watch?v=PQ3Bj7qZxgI
22500030,PQ3Bj7qZxgI,back-court-logo,423.82,1.2566,20.81,https://www.youtube.com/watch?v=PQ3Bj7qZxgI
22500030,PQ3Bj7qZxgI,side-court-logo,435.04,1.1012,22.49,https://www.youtube.com/watch?v=PQ3Bj7qZxgI
22500030,PQ3Bj7qZxgI,mid-court-logo,352.75,1.4465,28.76,https://www.youtube.com/watch?v=PQ3Bj7qZxgI
22500030,0JmxBBzm3cc,mid-court-logo,482.28,1.334,30.9,https://www.youtube.com/watch?v=0JmxBBzm3cc
22500030,0JmxBBzm3cc,side-court-led-logo,538.74,0.961,25.5,https://www.youtube.com/watch?v=0JmxBBzm3cc
22500030,0JmxBBzm3cc,side-court-logo,499.7,1.0979,22.11,https://www.youtube.com/watch?v=0JmxBBzm3cc
22500030,0JmxBBzm3cc,back-court-logo,491.09,1.2565,22.01,https://www.youtube.com/watch?v=0JmxBBzm3cc
22500030,0JmxBBzm3cc,basket-logo,478.88,0.191,34.53,https://www.youtube.com/watch?v=0JmxBBzm3cc
22500030,D1jRvWGqTas,mid-court-logo,425.03,1.5104,31.21,https://www.youtube.com/watch?v=D1jRvWGqTas
22500030,D1jRvWGqTas,side-court-led-logo,477.28,1.0842,26.09,https://www.youtube.com/watch?v=D1jRvWGqTas
22500030,D1jRvWGqTas,side-court-logo,444.44,1.044,23.01,https://www.youtube.com/watch?v=D1jRvWGqTas
22500030,D1jRvWGqTas,back-court-logo,419.42,1.2306,23.03,https://www.youtube.com/watch?v=D1jRvWGqTas
22500030,D1jRvWGqTas,basket-logo,415.62,0.1919,33.85,https://www.youtube.com/watch?v=D1jRvWGqTas
22500030,DNSZ69iQ6JM,side-court-led-logo,510.6,1.3076,24.98,https://www.youtube.com/watch?v=DNSZ69iQ6JM
22500030,DNSZ69iQ6JM,side-court-logo,483.6,1.0852,23.51,https://www.youtube.com/watch?v=DNSZ69iQ6JM
22500030,DNSZ69iQ6JM,mid-court-logo,408.2,1.4372,28.54,https://www.youtube.com/watch?v=DNSZ69iQ6JM
22500030,DNSZ69iQ6JM,back-court-logo,447.8,1.2256,21.42,https://www.youtube.com/watch?v=DNSZ69iQ6JM
22500030,DNSZ69iQ6JM,basket-logo,443.4,0.1955,32.77,https://www.youtube.com/watch?v=DNSZ69iQ6JM
22500030,Gw5zb2TYMxE,basket-logo,438.8,0.2018,31.93,https://www.youtube.com/watch?v=Gw5zb2TYMxE
22500030,Gw5zb2TYMxE,side-court-led-logo,500.6,1.2887,25.39,https://www.youtube.com/watch?v=Gw5zb2TYMxE
22500030,Gw5zb2TYMxE,back-court-logo,445.6,1.2424,21.01,https://www.youtube.com/watch?v=Gw5zb2TYMxE
22500030,Gw5zb2TYMxE,mid-court-logo,375.8,1.4219,29.3,https://www.youtube.com/watch?v=Gw5zb2TYMxE
22500030,Gw5zb2TYMxE,side-court-logo,466.0,1.1003,23.66,https://www.youtube.com/watch?v=Gw5zb2TYMxE
22500030,eRwLWMZw3tY,mid-court-logo,140.14,1.7426,30.89,https://www.youtube.com/watch?v=eRwLWMZw3tY
22500030,eRwLWMZw3tY,side-court-led-logo,152.35,1.0453,26.09,https://www.youtube.com/watch?v=eRwLWMZw3tY
22500030,eRwLWMZw3tY,back-court-logo,133.93,1.2632,26.0,https://www.youtube.com/watch?v=eRwLWMZw3tY
22500030,eRwLWMZw3tY,side-court-logo,131.93,1.0307,21.78,https://www.youtube.com/watch?v=eRwLWMZw3tY
22500030,eRwLWMZw3tY,basket-logo,128.73,0.1891,35.88,https://www.youtube.com/watch?v=eRwLWMZw3tY
22500176,9zBnnobYXK8,side-court-logo,537.74,1.0348,28.38,https://www.youtube.com/watch?v=9zBnnobYXK8
22500176,9zBnnobYXK8,mid-court-logo,322.12,2.0536,28.74,https://www.youtube.com/watch?v=9zBnnobYXK8
22500176,9zBnnobYXK8,side-court-led-logo,443.44,2.0342,32.09,https://www.youtube.com/watch?v=9zBnnobYXK8
22500176,9zBnnobYXK8,back-court-logo,503.1,2.0822,22.26,https://www.youtube.com/watch?v=9zBnnobYXK8
22500176,9zBnnobYXK8,basket-logo,486.49,0.1937,33.2,https://www.youtube.com/watch?v=9zBnnobYXK8
22500176,zxHr5fQlBZI,side-court-led-logo,474.87,1.6743,32.49,https://www.youtube.com/watch?v=zxHr5fQlBZI
22500176,zxHr5fQlBZI,side-court-logo,568.17,1.0432,28.24,https://www.youtube.com/watch?v=zxHr5fQlBZI
22500176,zxHr5fQlBZI,mid-court-logo,431.83,1.9043,30.89,https://www.youtube.com/watch?v=zxHr5fQlBZI
22500176,zxHr5fQlBZI,basket-logo,518.52,0.1826,33.84,https://www.youtube.com/watch?v=zxHr5fQlBZI
22500176,zxHr5fQlBZI,back-court-logo,533.93,2.0591,23.18,https://www.youtube.com/watch?v=zxHr5fQlBZI
22500176,lpZHK9biDR8,side-court-led-logo,409.21,2.1793,31.85,https://www.youtube.com/watch?v=lpZHK9biDR8
22500176,lpZHK9biDR8,back-court-logo,467.87,2.1213,23.01,https://www.youtube.com/watch?v=lpZHK9biDR8
22500176,lpZHK9biDR8,mid-court-logo,362.16,1.9601,30.42,https://www.youtube.com/watch?v=lpZHK9biDR8
22500176,lpZHK9biDR8,basket-logo,460.46,0.1915,33.59,https://www.youtube.com/watch?v=lpZHK9biDR8
22500176,lpZHK9biDR8,side-court-logo,506.91,1.0559,28.88,https://www.youtube.com/watch?v=lpZHK9biDR8
22500176,Okie-vmVhZo,side-court-logo,557.4,1.053,28.44,https://www.youtube.com/watch?v=Okie-vmVhZo
22500176,Okie-vmVhZo,mid-court-logo,346.0,2.0945,28.34,https://www.youtube.com/watch?v=Okie-vmVhZo
22500176,Okie-vmVhZo,side-court-led-logo,456.2,1.9407,31.58,https://www.youtube.com/watch?v=Okie-vmVhZo
22500176,Okie-vmVhZo,back-court-logo,514.4,2.1411,23.37,https://www.youtube.com/watch?v=Okie-vmVhZo
22500176,Okie-vmVhZo,basket-logo,500.2,0.19,33.93,https://www.youtube.com/watch?v=Okie-vmVhZo
22500175,6WcOztOSK0k,basket-logo,493.89,0.1633,35.68,https://www.youtube.com/watch?v=6WcOztOSK0k
22500175,6WcOztOSK0k,mid-court-logo,534.93,2.2173,33.46,https://www.youtube.com/watch?v=6WcOztOSK0k
22500175,6WcOztOSK0k,side-court-led-logo,249.25,0.9361,31.51,https://www.youtube.com/watch?v=6WcOztOSK0k
22500175,6WcOztOSK0k,side-court-logo,525.73,0.3405,27.78,https://www.youtube.com/watch?v=6WcOztOSK0k
22500175,6WcOztOSK0k,back-court-logo,505.71,1.2761,24.89,https://www.youtube.com/watch?v=6WcOztOSK0k
22500175,-Hz12VZN1Zc,basket-logo,544.94,0.1645,33.94,https://www.youtube.com/watch?v=-Hz12VZN1Zc
22500175,-Hz12VZN1Zc,mid-court-logo,559.56,2.0957,35.54,https://www.youtube.com/watch?v=-Hz12VZN1Zc
22500175,-Hz12VZN1Zc,back-court-logo,556.16,1.283,22.95,https://www.youtube.com/watch?v=-Hz12VZN1Zc
22500175,-Hz12VZN1Zc,side-court-logo,557.76,0.3461,28.91,https://www.youtube.com/watch?v=-Hz12VZN1Zc
22500175,-Hz12VZN1Zc,side-court-led-logo,238.04,0.8314,33.59,https://www.youtube.com/watch?v=-Hz12VZN1Zc
22500175,-X0bjJ9wuwA,mid-court-logo,543.2,2.1359,33.36,https://www.youtube.com/watch?v=-X0bjJ9wuwA
22500175,-X0bjJ9wuwA,side-court-led-logo,233.2,1.0559,30.12,https://www.youtube.com/watch?v=-X0bjJ9wuwA
22500175,-X0bjJ9wuwA,side-court-logo,539.6,0.3464,28.14,https://www.youtube.com/watch?v=-X0bjJ9wuwA
22500175,-X0bjJ9wuwA,back-court-logo,507.6,1.2607,24.26,https://www.youtube.com/watch?v=-X0bjJ9wuwA
22500175,-X0bjJ9wuwA,basket-logo,495.6,0.1648,35.27,https://www.youtube.com/watch?v=-X0bjJ9wuwA
22500171,9bzLWf_uQbs,side-court-led-logo,483.68,0.9398,29.48,https://www.youtube.com/watch?v=9bzLWf_uQbs
22500171,9bzLWf_uQbs,mid-court-logo,356.36,1.8251,30.88,https://www.youtube.com/watch?v=9bzLWf_uQbs
22500171,9bzLWf_uQbs,side-court-logo,326.33,0.7876,28.83,https://www.youtube.com/watch?v=9bzLWf_uQbs
22500171,9bzLWf_uQbs,back-court-logo,451.85,1.2507,23.43,https://www.youtube.com/watch?v=9bzLWf_uQbs
22500171,9bzLWf_uQbs,basket-logo,475.48,0.1951,32.25,https://www.youtube.com/watch?v=9bzLWf_uQbs
22500171,toGsFKpi_Y0,side-court-led-logo,498.0,0.9752,30.57,https://www.youtube.com/watch?v=toGsFKpi_Y0
22500171,toGsFKpi_Y0,mid-court-logo,376.4,1.8152,32.98,https://www.youtube.com/watch?v=toGsFKpi_Y0
22500171,toGsFKpi_Y0,back-court-logo,455.2,1.2361,21.56,https://www.youtube.com/watch?v=toGsFKpi_Y0
22500171,toGsFKpi_Y0,basket-logo,481.2,0.192,30.81,https://www.youtube.com/watch?v=toGsFKpi_Y0
22500171,toGsFKpi_Y0,side-court-logo,316.0,0.7668,28.79,https://www.youtube.com/watch?v=toGsFKpi_Y0
22500171,-Uk7DEtL678,side-court-led-logo,472.2,0.9258,29.88,https://www.youtube.com/watch?v=-Uk7DEtL678
22500171,-Uk7DEtL678,mid-court-logo,356.4,1.8074,32.95,https://www.youtube.com/watch?v=-Uk7DEtL678
22500171,-Uk7DEtL678,back-court-logo,429.8,1.2225,22.85,https://www.youtube.com/watch?v=-Uk7DEtL678
22500171,-Uk7DEtL678,basket-logo,463.0,0.1904,31.65,https://www.youtube.com/watch?v=-Uk7DEtL678
22500171,-Uk7DEtL678,side-court-logo,309.2,0.7654,29.27,https://www.youtube.com/watch?v=-Uk7DEtL678
22500171,mM26l916GqM,side-court-led-logo,281.8,1.6448,36.85,https://www.youtube.com/watch?v=mM26l916GqM
22500171,mM26l916GqM,mid-court-logo,107.0,1.3183,36.27,https://www.youtube.com/watch?v=mM26l916GqM
22500171,mM26l916GqM,basket-logo,421.8,0.3413,38.1,https://www.youtube.com/watch?v=mM26l916GqM
22500171,mM26l916GqM,side-court-logo,310.8,1.2323,32.65,https://www.youtube.com/watch?v=mM26l916GqM
22500171,mM26l916GqM,back-court-logo,247.0,2.6541,31.64,https://www.youtube.com/watch?v=mM26l916GqM
22500171,CNnlNc4EBrQ,side-court-led-logo,255.4,1.5484,30.39,https://www.youtube.com/watch?v=CNnlNc4EBrQ
22500171,CNnlNc4EBrQ,mid-court-logo,104.8,1.5712,30.88,https://www.youtube.com/watch?v=CNnlNc4EBrQ
22500171,CNnlNc4EBrQ,side-court-logo,273.4,1.1548,28.56,https://www.youtube.com/watch?v=CNnlNc4EBrQ
22500171,CNnlNc4EBrQ,back-court-logo,239.2,2.302,37.3,https://www.youtube.com/watch?v=CNnlNc4EBrQ
22500171,CNnlNc4EBrQ,basket-logo,396.4,0.3564,43.71,https://www.youtube.com/watch?v=CNnlNc4EBrQ
22500035,1IvPfP4ZKEo,basket-logo,429.63,0.2141,31.53,https://www.youtube.com/watch?v=1IvPfP4ZKEo
22500035,1IvPfP4ZKEo,side-court-led-logo,406.01,0.9708,29.01,https://www.youtube.com/watch?v=1IvPfP4ZKEo
22500035,1IvPfP4ZKEo,side-court-logo,445.05,0.822,27.01,https://www.youtube.com/watch?v=1IvPfP4ZKEo
22500035,1IvPfP4ZKEo,back-court-logo,437.64,1.2288,18.39,https://www.youtube.com/watch?v=1IvPfP4ZKEo
22500035,1IvPfP4ZKEo,mid-court-logo,142.34,1.6067,27.25,https://www.youtube.com/watch?v=1IvPfP4ZKEo
22500035,5qbjLrqCggw,side-court-logo,481.88,0.8154,26.6,https://www.youtube.com/watch?v=5qbjLrqCggw
22500035,5qbjLrqCggw,side-court-led-logo,453.45,0.9633,28.99,https://www.youtube.com/watch?v=5qbjLrqCggw
22500035,5qbjLrqCggw,back-court-logo,462.86,1.1713,19.73,https://www.youtube.com/watch?v=5qbjLrqCggw
22500035,5qbjLrqCggw,mid-court-logo,155.96,1.666,27.13,https://www.youtube.com/watch?v=5qbjLrqCggw
22500035,5qbjLrqCggw,basket-logo,452.05,0.2088,32.56,https://www.youtube.com/watch?v=5qbjLrqCggw
22500035,zjFSFNscWvw,side-court-led-logo,430.0,1.0545,28.13,https://www.youtube.com/watch?v=zjFSFNscWvw
22500035,zjFSFNscWvw,side-court-logo,467.0,0.827,26.41,https://www.youtube.com/watch?v=zjFSFNscWvw
22500035,zjFSFNscWvw,back-court-logo,444.0,1.2191,20.5,https://www.youtube.com/watch?v=zjFSFNscWvw
22500035,zjFSFNscWvw,mid-court-logo,159.2,1.6219,26.27,https://www.youtube.com/watch?v=zjFSFNscWvw
22500035,zjFSFNscWvw,basket-logo,434.2,0.2126,33.29,https://www.youtube.com/watch?v=zjFSFNscWvw
22500035,kbHvvg-qABY,side-court-led-logo,440.8,1.1204,29.09,https://www.youtube.com/watch?v=kbHvvg-qABY
22500035,kbHvvg-qABY,basket-logo,458.8,0.2123,32.2,https://www.youtube.com/watch?v=kbHvvg-qABY
22500035,kbHvvg-qABY,side-court-logo,474.6,0.8551,27.05,https://www.youtube.com/watch?v=kbHvvg-qABY
22500035,kbHvvg-qABY,back-court-logo,462.0,1.2128,18.98,https://www.youtube.com/watch?v=kbHvvg-qABY
22500035,kbHvvg-qABY,mid-court-logo,143.6,1.6221,26.93,https://www.youtube.com/watch?v=kbHvvg-qABY
22500035,s-7Mrz1dVT4,basket-logo,83.68,0.2141,31.3,https://www.youtube.com/watch?v=s-7Mrz1dVT4
22500035,s-7Mrz1dVT4,side-court-led-logo,85.69,0.9205,28.08,https://www.youtube.com/watch?v=s-7Mrz1dVT4
22500035,s-7Mrz1dVT4,side-court-logo,90.29,0.8431,26.44,https://www.youtube.com/watch?v=s-7Mrz1dVT4
22500035,s-7Mrz1dVT4,back-court-logo,87.69,1.4909,19.2,https://www.youtube.com/watch?v=s-7Mrz1dVT4
22500035,s-7Mrz1dVT4,mid-court-logo,28.23,1.5795,26.54,https://www.youtube.com/watch?v=s-7Mrz1dVT4
22500177,tpHCJxWMS_I,basket-logo,438.04,0.2121,35.41,https://www.youtube.com/watch?v=tpHCJxWMS_I
22500177,tpHCJxWMS_I,side-court-led-logo,438.64,2.2871,31.32,https://www.youtube.com/watch?v=tpHCJxWMS_I
22500177,tpHCJxWMS_I,side-court-logo,455.46,0.4952,29.64,https://www.youtube.com/watch?v=tpHCJxWMS_I
22500177,tpHCJxWMS_I,back-court-logo,443.24,1.2917,27.63,https://www.youtube.com/watch?v=tpHCJxWMS_I
22500177,tpHCJxWMS_I,mid-court-logo,251.65,1.4303,28.58,https://www.youtube.com/watch?v=tpHCJxWMS_I
22500177,vKHiMX9PL64,side-court-logo,447.6,0.4936,29.75,https://www.youtube.com/watch?v=vKHiMX9PL64
22500177,vKHiMX9PL64,side-court-led-logo,436.2,2.3936,31.63,https://www.youtube.com/watch?v=vKHiMX9PL64
22500177,vKHiMX9PL64,mid-court-logo,241.0,1.4048,28.78,https://www.youtube.com/watch?v=vKHiMX9PL64
22500177,vKHiMX9PL64,back-court-logo,430.8,1.2627,26.05,https://www.youtube.com/watch?v=vKHiMX9PL64
22500177,vKHiMX9PL64,basket-logo,445.2,0.227,35.53,https://www.youtube.com/watch?v=vKHiMX9PL64
22500177,411FG_9AaDA,basket-logo,447.8,0.228,33.81,https://www.youtube.com/watch?v=411FG_9AaDA
22500177,411FG_9AaDA,side-court-led-logo,425.2,2.1037,33.29,https://www.youtube.com/watch?v=411FG_9AaDA
22500177,411FG_9AaDA,mid-court-logo,219.2,1.465,29.19,https://www.youtube.com/watch?v=411FG_9AaDA
22500177,411FG_9AaDA,side-court-logo,440.0,0.4871,30.92,https://www.youtube.com/watch?v=411FG_9AaDA
22500177,411FG_9AaDA,back-court-logo,433.4,1.2395,24.26,https://www.youtube.com/watch?v=411FG_9AaDA
22500168,qq_Q3y1qrFw,side-court-led-logo,462.66,1.6145,32.65,https://www.youtube.com/watch?v=qq_Q3y1qrFw
22500168,qq_Q3y1qrFw,mid-court-logo,485.69,1.9668,31.98,https://www.youtube.com/watch?v=qq_Q3y1qrFw
22500168,qq_Q3y1qrFw,side-court-logo,508.51,1.033,24.77,https://www.youtube.com/watch?v=qq_Q3y1qrFw
22500168,qq_Q3y1qrFw,basket-logo,450.25,0.1265,33.93,https://www.youtube.com/watch?v=qq_Q3y1qrFw
22500168,qq_Q3y1qrFw,back-court-logo,1.4,1.184,29.47,https://www.youtube.com/watch?v=qq_Q3y1qrFw
22500168,ax-RP6t2H-Q,mid-court-logo,476.4,2.0788,32.44,https://www.youtube.com/watch?v=ax-RP6t2H-Q
22500168,ax-RP6t2H-Q,side-court-logo,506.6,1.0623,25.21,https://www.youtube.com/watch?v=ax-RP6t2H-Q
22500168,ax-RP6t2H-Q,side-court-led-logo,453.4,1.6297,33.09,https://www.youtube.com/watch?v=ax-RP6t2H-Q
22500168,ax-RP6t2H-Q,basket-logo,448.0,0.1307,33.39,https://www.youtube.com/watch?v=ax-RP6t2H-Q
22500168,ax-RP6t2H-Q,back-court-logo,2.0,0.9625,27.76,https://www.youtube.com/watch?v=ax-RP6t2H-Q
22500168,MBUzk9wz4xU,basket-logo,500.6,0.1278,34.11,https://www.youtube.com/watch?v=MBUzk9wz4xU
22500168,MBUzk9wz4xU,mid-court-logo,504.8,1.9875,33.17,https://www.youtube.com/watch?v=MBUzk9wz4xU
22500168,MBUzk9wz4xU,side-court-logo,537.0,1.1193,24.56,https://www.youtube.com/watch?v=MBUzk9wz4xU
22500168,MBUzk9wz4xU,side-court-led-logo,484.2,1.451,34.59,https://www.youtube.com/watch?v=MBUzk9wz4xU
22500168,MBUzk9wz4xU,back-court-logo,0.2,1.0706,6.86,https://www.youtube.com/watch?v=MBUzk9wz4xU
22500162,WewqMd8SGdA,basket-logo,422.42,0.1963,34.29,https://www.youtube.com/watch?v=WewqMd8SGdA
22500162,WewqMd8SGdA,side-court-led-logo,460.46,1.0456,28.62,https://www.youtube.com/watch?v=WewqMd8SGdA
22500162,WewqMd8SGdA,mid-court-logo,422.62,1.1112,32.51,https://www.youtube.com/watch?v=WewqMd8SGdA
22500162,WewqMd8SGdA,back-court-logo,429.43,2.4527,23.79,https://www.youtube.com/watch?v=WewqMd8SGdA
22500162,WewqMd8SGdA,side-court-logo,467.27,1.0871,23.64,https://www.youtube.com/watch?v=WewqMd8SGdA
22500162,uRHFLl50vs0,side-court-led-logo,480.4,1.0116,29.07,https://www.youtube.com/watch?v=uRHFLl50vs0
22500162,uRHFLl50vs0,basket-logo,446.8,0.194,34.49,https://www.youtube.com/watch?v=uRHFLl50vs0
22500162,uRHFLl50vs0,mid-court-logo,442.6,1.1464,31.84,https://www.youtube.com/watch?v=uRHFLl50vs0
22500162,uRHFLl50vs0,back-court-logo,455.2,2.4128,24.16,https://www.youtube.com/watch?v=uRHFLl50vs0
22500162,uRHFLl50vs0,side-court-logo,490.8,1.0795,23.45,https://www.youtube.com/watch?v=uRHFLl50vs0
22500157,MFFneYpFyec,side-court-led-logo,528.73,1.0005,25.98,https://www.youtube.com/watch?v=MFFneYpFyec
22500157,MFFneYpFyec,mid-court-logo,418.82,2.2036,29.06,https://www.youtube.com/watch?v=MFFneYpFyec
22500157,MFFneYpFyec,back-court-logo,504.5,1.7605,25.91,https://www.youtube.com/watch?v=MFFneYpFyec
22500157,MFFneYpFyec,basket-logo,480.28,0.2105,37.88,https://www.youtube.com/watch?v=MFFneYpFyec
22500157,mgSLXAgy2mA,mid-court-logo,419.0,2.2094,31.55,https://www.youtube.com/watch?v=mgSLXAgy2mA
22500157,mgSLXAgy2mA,side-court-led-logo,538.0,1.1435,26.9,https://www.youtube.com/watch?v=mgSLXAgy2mA
22500157,mgSLXAgy2mA,back-court-logo,504.2,1.7724,24.02,https://www.youtube.com/watch?v=mgSLXAgy2mA
22500157,mgSLXAgy2mA,basket-logo,484.6,0.2144,35.54,https://www.youtube.com/watch?v=mgSLXAgy2mA
22500157,mgSLXAgy2mA,side-court-logo,0.6,24.0147,36.64,https://www.youtube.com/watch?v=mgSLXAgy2mA
22500157,WWWJSHkdia4,side-court-led-logo,506.6,1.1076,27.34,https://www.youtube.com/watch?v=WWWJSHkdia4
22500157,WWWJSHkdia4,basket-logo,469.8,0.2129,35.54,https://www.youtube.com/watch?v=WWWJSHkdia4
22500157,WWWJSHkdia4,back-court-logo,482.8,1.7875,23.33,https://www.youtube.com/watch?v=WWWJSHkdia4
22500157,WWWJSHkdia4,mid-court-logo,382.0,2.3487,31.92,https://www.youtube.com/watch?v=WWWJSHkdia4
22500157,WWWJSHkdia4,side-court-logo,0.8,5.367,34.71,https://www.youtube.com/watch?v=WWWJSHkdia4
22500174,7ZHdgoJ-f9w,side-court-led-logo,528.6,0.917,27.98,https://www.youtube.com/watch?v=7ZHdgoJ-f9w
22500174,7ZHdgoJ-f9w,side-court-logo,527.4,1.0065,27.62,https://www.youtube.com/watch?v=7ZHdgoJ-f9w
22500174,7ZHdgoJ-f9w,mid-court-logo,470.2,1.03,31.2,https://www.youtube.com/watch?v=7ZHdgoJ-f9w
22500174,7ZHdgoJ-f9w,basket-logo,500.0,0.2642,36.31,https://www.youtube.com/watch?v=7ZHdgoJ-f9w
22500174,7ZHdgoJ-f9w,back-court-logo,501.0,2.1129,25.97,https://www.youtube.com/watch?v=7ZHdgoJ-f9w
22500174,qSt2gjq_mFY,side-court-led-logo,528.2,0.9271,28.23,https://www.youtube.com/watch?v=qSt2gjq_mFY
22500174,qSt2gjq_mFY,basket-logo,493.4,0.2663,36.22,https://www.youtube.com/watch?v=qSt2gjq_mFY
22500174,qSt2gjq_mFY,mid-court-logo,474.6,1.0271,31.51,https://www.youtube.com/watch?v=qSt2gjq_mFY
22500174,qSt2gjq_mFY,side-court-logo,529.6,1.0175,27.67,https://www.youtube.com/watch?v=qSt2gjq_mFY
22500174,qSt2gjq_mFY,back-court-logo,504.0,2.0581,25.96,https://www.youtube.com/watch?v=qSt2gjq_mFY
22500174,gyHdEhtfnBA,basket-logo,485.2,0.3909,40.58,https://www.youtube.com/watch?v=gyHdEhtfnBA
22500174,gyHdEhtfnBA,side-court-led-logo,491.8,1.6012,34.0,https://www.youtube.com/watch?v=gyHdEhtfnBA
22500174,gyHdEhtfnBA,side-court-logo,496.4,1.4784,33.75,https://www.youtube.com/watch?v=gyHdEhtfnBA
22500174,gyHdEhtfnBA,back-court-logo,479.4,4.4767,29.61,https://www.youtube.com/watch?v=gyHdEhtfnBA
22500174,gyHdEhtfnBA,mid-court-logo,165.6,1.1926,32.73,https://www.youtube.com/watch?v=gyHdEhtfnBA
22500174,LaImmrIjXQY,side-court-led-logo,481.4,1.7241,36.61,https://www.youtube.com/watch?v=LaImmrIjXQY
22500174,LaImmrIjXQY,mid-court-logo,163.0,1.5164,31.13,https://www.youtube.com/watch?v=LaImmrIjXQY
22500174,LaImmrIjXQY,side-court-logo,492.6,1.425,35.87,https://www.youtube.com/watch?v=LaImmrIjXQY
22500174,LaImmrIjXQY,back-court-logo,471.4,4.9719,30.81,https://www.youtube.com/watch?v=LaImmrIjXQY
22500174,LaImmrIjXQY,basket-logo,488.0,0.446,39.7,https://www.youtube.com/watch?v=LaImmrIjXQY
22500032,bsSC1CZDTqo,basket-logo,463.8,0.1961,32.77,https://www.youtube.com/watch?v=bsSC1CZDTqo
22500032,bsSC1CZDTqo,back-court-logo,390.6,1.6009,21.38,https://www.youtube.com/watch?v=bsSC1CZDTqo
22500032,bsSC1CZDTqo,mid-court-logo,308.0,2.0858,38.39,https://www.youtube.com/watch?v=bsSC1CZDTqo
22500032,bsSC1CZDTqo,side-court-logo,120.6,0.5578,27.97,https://www.youtube.com/watch?v=bsSC1CZDTqo
22500032,bsSC1CZDTqo,side-court-led-logo,375.2,2.7173,35.84,https://www.youtube.com/watch?v=bsSC1CZDTqo
22500032,HWOQqXdRSPc,basket-logo,532.53,0.1875,34.57,https://www.youtube.com/watch?v=HWOQqXdRSPc
22500032,HWOQqXdRSPc,back-court-logo,478.68,1.6388,23.55,https://www.youtube.com/watch?v=HWOQqXdRSPc
22500032,HWOQqXdRSPc,side-court-led-logo,436.84,2.625,33.27,https://www.youtube.com/watch?v=HWOQqXdRSPc
22500032,HWOQqXdRSPc,mid-court-logo,376.98,2.0861,35.22,https://www.youtube.com/watch?v=HWOQqXdRSPc
22500032,HWOQqXdRSPc,side-court-logo,132.73,0.4965,24.75,https://www.youtube.com/watch?v=HWOQqXdRSPc
22500032,151Adw2GSzE,side-court-led-logo,412.01,2.7972,34.31,https://www.youtube.com/watch?v=151Adw2GSzE
22500032,151Adw2GSzE,mid-court-logo,320.32,1.9388,36.37,https://www.youtube.com/watch?v=151Adw2GSzE
22500032,151Adw2GSzE,side-court-logo,138.14,0.4572,27.59,https://www.youtube.com/watch?v=151Adw2GSzE
22500032,151Adw2GSzE,back-court-logo,454.25,1.5819,23.2,https://www.youtube.com/watch?v=151Adw2GSzE
22500032,151Adw2GSzE,basket-logo,501.3,0.1849,33.21,https://www.youtube.com/watch?v=151Adw2GSzE
22500032,6frRQeHM2S8,side-court-led-logo,433.6,2.8212,34.33,https://www.youtube.com/watch?v=6frRQeHM2S8
22500032,6frRQeHM2S8,mid-court-logo,324.2,1.9964,36.3,https://www.youtube.com/watch?v=6frRQeHM2S8
22500032,6frRQeHM2S8,side-court-logo,154.6,0.4818,28.05,https://www.youtube.com/watch?v=6frRQeHM2S8
22500032,6frRQeHM2S8,back-court-logo,440.0,1.6401,22.8,https://www.youtube.com/watch?v=6frRQeHM2S8
22500032,6frRQeHM2S8,basket-logo,484.8,0.1943,33.73,https://www.youtube.com/watch?v=6frRQeHM2S8
22500032,gKmK-lYkwAE,basket-logo,618.2,0.1876,34.47,https://www.youtube.com/watch?v=gKmK-lYkwAE
22500032,gKmK-lYkwAE,back-court-logo,550.2,1.6154,23.94,https://www.youtube.com/watch?v=gKmK-lYkwAE
22500032,gKmK-lYkwAE,side-court-led-logo,486.2,2.5897,33.48,https://www.youtube.com/watch?v=gKmK-lYkwAE
22500032,gKmK-lYkwAE,side-court-logo,230.2,0.4173,23.18,https://www.youtube.com/watch?v=gKmK-lYkwAE
22500032,gKmK-lYkwAE,mid-court-logo,331.4,1.5087,33.0,https://www.youtube.com/watch?v=gKmK-lYkwAE
22500166,nPtGKV__uio,side-court-led-logo,505.91,1.3579,27.09,https://www.youtube.com/watch?v=nPtGKV__uio
22500166,nPtGKV__uio,mid-court-logo,436.24,1.2987,32.43,https://www.youtube.com/watch?v=nPtGKV__uio
22500166,nPtGKV__uio,side-court-logo,455.06,0.3846,29.42,https://www.youtube.com/watch?v=nPtGKV__uio
22500166,nPtGKV__uio,back-court-logo,458.66,1.7091,24.62,https://www.youtube.com/watch?v=nPtGKV__uio
22500166,nPtGKV__uio,basket-logo,447.05,0.1856,34.69,https://www.youtube.com/watch?v=nPtGKV__uio
22500166,RSsIsq_6Nrs,side-court-led-logo,532.0,1.2683,27.18,https://www.youtube.com/watch?v=RSsIsq_6Nrs
22500166,RSsIsq_6Nrs,mid-court-logo,461.6,1.3013,32.36,https://www.youtube.com/watch?v=RSsIsq_6Nrs
22500166,RSsIsq_6Nrs,side-court-logo,486.4,0.3991,30.0,https://www.youtube.com/watch?v=RSsIsq_6Nrs
22500166,RSsIsq_6Nrs,back-court-logo,473.4,1.7258,24.26,https://www.youtube.com/watch?v=RSsIsq_6Nrs
22500166,RSsIsq_6Nrs,basket-logo,461.8,0.186,34.01,https://www.youtube.com/watch?v=RSsIsq_6Nrs
22500166,Mqykz9kEdcg,basket-logo,456.6,0.186,34.02,https://www.youtube.com/watch?v=Mqykz9kEdcg
22500166,Mqykz9kEdcg,side-court-led-logo,510.0,1.2235,27.31,https://www.youtube.com/watch?v=Mqykz9kEdcg
22500166,Mqykz9kEdcg,mid-court-logo,437.6,1.2564,33.03,https://www.youtube.com/watch?v=Mqykz9kEdcg
22500166,Mqykz9kEdcg,side-court-logo,456.4,0.3858,30.19,https://www.youtube.com/watch?v=Mqykz9kEdcg
22500166,Mqykz9kEdcg,back-court-logo,468.0,1.7091,24.07,https://www.youtube.com/watch?v=Mqykz9kEdcg
22500156,67ZcvJQgljk,side-court-led-logo,282.88,1.2287,31.9,https://www.youtube.com/watch?v=67ZcvJQgljk
22500156,67ZcvJQgljk,side-court-logo,524.92,0.5917,26.86,https://www.youtube.com/watch?v=67ZcvJQgljk
22500156,67ZcvJQgljk,mid-court-logo,461.46,1.979,35.66,https://www.youtube.com/watch?v=67ZcvJQgljk
22500156,67ZcvJQgljk,back-court-logo,497.9,1.8472,24.08,https://www.youtube.com/watch?v=67ZcvJQgljk
22500156,67ZcvJQgljk,basket-logo,491.49,0.1897,33.8,https://www.youtube.com/watch?v=67ZcvJQgljk
22500156,mI_YjJjSeYQ,side-court-led-logo,316.6,1.2987,31.18,https://www.youtube.com/watch?v=mI_YjJjSeYQ
22500156,mI_YjJjSeYQ,side-court-logo,559.6,0.5961,26.18,https://www.youtube.com/watch?v=mI_YjJjSeYQ
22500156,mI_YjJjSeYQ,mid-court-logo,499.2,1.9372,34.38,https://www.youtube.com/watch?v=mI_YjJjSeYQ
22500156,mI_YjJjSeYQ,back-court-logo,523.4,1.8564,25.22,https://www.youtube.com/watch?v=mI_YjJjSeYQ
22500156,mI_YjJjSeYQ,basket-logo,516.2,0.1841,35.12,https://www.youtube.com/watch?v=mI_YjJjSeYQ
22500156,11dGhtaXkaY,side-court-led-logo,291.2,1.1791,31.04,https://www.youtube.com/watch?v=11dGhtaXkaY
22500156,11dGhtaXkaY,basket-logo,514.2,0.1913,35.12,https://www.youtube.com/watch?v=11dGhtaXkaY
22500156,11dGhtaXkaY,back-court-logo,515.0,1.866,25.58,https://www.youtube.com/watch?v=11dGhtaXkaY
22500156,11dGhtaXkaY,mid-court-logo,456.6,2.004,34.07,https://www.youtube.com/watch?v=11dGhtaXkaY
22500156,11dGhtaXkaY,side-court-logo,536.4,0.5996,26.11,https://www.youtube.com/watch?v=11dGhtaXkaY
22500160,d5z5pEHlg20,mid-court-logo,394.19,1.934,29.31,https://www.youtube.com/watch?v=d5z5pEHlg20
22500160,d5z5pEHlg20,side-court-led-logo,316.72,1.671,29.15,https://www.youtube.com/watch?v=d5z5pEHlg20
22500160,d5z5pEHlg20,basket-logo,478.48,0.244,39.74,https://www.youtube.com/watch?v=d5z5pEHlg20
22500160,d5z5pEHlg20,back-court-logo,4.2,2.2858,41.51,https://www.youtube.com/watch?v=d5z5pEHlg20
22500160,d5z5pEHlg20,side-court-logo,1.4,0.3903,32.47,https://www.youtube.com/watch?v=d5z5pEHlg20
22500160,zLikDprw3ak,side-court-led-logo,297.4,1.8488,28.88,https://www.youtube.com/watch?v=zLikDprw3ak
22500160,zLikDprw3ak,mid-court-logo,364.4,2.0567,29.58,https://www.youtube.com/watch?v=zLikDprw3ak
22500160,zLikDprw3ak,basket-logo,419.8,0.2412,39.94,https://www.youtube.com/watch?v=zLikDprw3ak
22500160,zLikDprw3ak,back-court-logo,5.6,2.3882,47.16,https://www.youtube.com/watch?v=zLikDprw3ak
22500160,zLikDprw3ak,side-court-logo,0.4,0.8998,36.83,https://www.youtube.com/watch?v=zLikDprw3ak
22500151,FvpY90jdb2c,side-court-led-logo,509.31,0.9079,27.8,https://www.youtube.com/watch?v=FvpY90jdb2c
22500151,FvpY90jdb2c,mid-court-logo,327.73,2.0992,29.06,https://www.youtube.com/watch?v=FvpY90jdb2c
22500151,FvpY90jdb2c,side-court-logo,473.87,0.7265,28.12,https://www.youtube.com/watch?v=FvpY90jdb2c
22500151,FvpY90jdb2c,basket-logo,465.27,0.1743,32.48,https://www.youtube.com/watch?v=FvpY90jdb2c
22500151,FvpY90jdb2c,back-court-logo,471.07,1.3619,23.24,https://www.youtube.com/watch?v=FvpY90jdb2c
22500151,g3R-YJ9wiKw,side-court-led-logo,380.8,2.1656,31.18,https://www.youtube.com/watch?v=g3R-YJ9wiKw
22500151,g3R-YJ9wiKw,mid-court-logo,69.6,4.0655,29.31,https://www.youtube.com/watch?v=g3R-YJ9wiKw
22500151,g3R-YJ9wiKw,side-court-logo,365.2,1.7151,27.55,https://www.youtube.com/watch?v=g3R-YJ9wiKw
22500151,g3R-YJ9wiKw,basket-logo,356.6,0.348,32.73,https://www.youtube.com/watch?v=g3R-YJ9wiKw
22500151,g3R-YJ9wiKw,back-court-logo,321.2,2.2997,23.09,https://www.youtube.com/watch?v=g3R-YJ9wiKw
22500164,iJh-Zonq660,basket-logo,495.9,0.2048,36.35,https://www.youtube.com/watch?v=iJh-Zonq660
22500164,iJh-Zonq660,side-court-logo,528.73,0.671,29.09,https://www.youtube.com/watch?v=iJh-Zonq660
22500164,iJh-Zonq660,side-court-led-logo,158.96,1.404,26.93,https://www.youtube.com/watch?v=iJh-Zonq660
22500164,iJh-Zonq660,mid-court-logo,294.29,2.0352,27.8,https://www.youtube.com/watch?v=iJh-Zonq660
22500164,iJh-Zonq660,back-court-logo,2.4,0.5752,29.58,https://www.youtube.com/watch?v=iJh-Zonq660
22500164,wjpVHf6uw80,basket-logo,488.89,0.2024,37.31,https://www.youtube.com/watch?v=wjpVHf6uw80
22500164,wjpVHf6uw80,side-court-logo,538.94,0.6599,28.7,https://www.youtube.com/watch?v=wjpVHf6uw80
22500164,wjpVHf6uw80,mid-court-logo,321.52,1.9109,27.05,https://www.youtube.com/watch?v=wjpVHf6uw80
22500164,wjpVHf6uw80,side-court-led-logo,174.57,1.3079,26.43,https://www.youtube.com/watch?v=wjpVHf6uw80
22500164,ZcPgrew8BsE,basket-logo,487.8,0.2022,36.23,https://www.youtube.com/watch?v=ZcPgrew8BsE
22500164,ZcPgrew8BsE,side-court-logo,522.0,0.6698,29.12,https://www.youtube.com/watch?v=ZcPgrew8BsE
22500164,ZcPgrew8BsE,side-court-led-logo,159.0,1.37,26.68,https://www.youtube.com/watch?v=ZcPgrew8BsE
22500164,ZcPgrew8BsE,mid-court-logo,292.4,1.9819,28.12,https://www.youtube.com/watch?v=ZcPgrew8BsE
22500164,ZcPgrew8BsE,back-court-logo,2.2,0.5254,30.85,https://www.youtube.com/watch?v=ZcPgrew8BsE
22500161,nqHVHcyPGLw,basket-logo,492.69,0.1955,35.57,https://www.youtube.com/watch?v=nqHVHcyPGLw
22500161,nqHVHcyPGLw,side-court-logo,537.34,0.9891,27.56,https://www.youtube.com/watch?v=nqHVHcyPGLw
22500161,nqHVHcyPGLw,mid-court-logo,354.15,1.9067,26.7,https://www.youtube.com/watch?v=nqHVHcyPGLw
22500161,nqHVHcyPGLw,side-court-led-logo,424.82,2.091,29.63,https://www.youtube.com/watch?v=nqHVHcyPGLw
22500161,nqHVHcyPGLw,back-court-logo,505.51,2.0963,24.49,https://www.youtube.com/watch?v=nqHVHcyPGLw
22500161,_Oq5eNVlp4g,side-court-logo,502.0,1.0226,29.44,https://www.youtube.com/watch?v=_Oq5eNVlp4g
22500161,_Oq5eNVlp4g,side-court-led-logo,391.4,2.2683,32.22,https://www.youtube.com/watch?v=_Oq5eNVlp4g
22500161,_Oq5eNVlp4g,mid-court-logo,322.4,1.9566,28.75,https://www.youtube.com/watch?v=_Oq5eNVlp4g
22500161,_Oq5eNVlp4g,back-court-logo,469.8,2.13,22.74,https://www.youtube.com/watch?v=_Oq5eNVlp4g
22500161,_Oq5eNVlp4g,basket-logo,455.2,0.1941,33.41,https://www.youtube.com/watch?v=_Oq5eNVlp4g
22500161,NKl_0a_S3oI,basket-logo,397.8,0.1913,34.17,https://www.youtube.com/watch?v=NKl_0a_S3oI
22500161,NKl_0a_S3oI,side-court-led-logo,346.0,2.1101,31.24,https://www.youtube.com/watch?v=NKl_0a_S3oI
22500161,NKl_0a_S3oI,mid-court-logo,288.2,1.7515,27.32,https://www.youtube.com/watch?v=NKl_0a_S3oI
22500161,NKl_0a_S3oI,back-court-logo,410.4,2.0852,23.3,https://www.youtube.com/watch?v=NKl_0a_S3oI
22500161,NKl_0a_S3oI,side-court-logo,433.2,0.9773,28.94,https://www.youtube.com/watch?v=NKl_0a_S3oI
22500165,saK0ivOgwzU,side-court-led-logo,507.91,1.2482,28.97,https://www.youtube.com/watch?v=saK0ivOgwzU
22500165,saK0ivOgwzU,mid-court-logo,449.85,2.0053,32.07,https://www.youtube.com/watch?v=saK0ivOgwzU
22500165,saK0ivOgwzU,basket-logo,455.86,0.2707,37.26,https://www.youtube.com/watch?v=saK0ivOgwzU
22500165,saK0ivOgwzU,side-court-logo,502.3,0.9497,20.7,https://www.youtube.com/watch?v=saK0ivOgwzU
22500165,saK0ivOgwzU,back-court-logo,469.07,1.8065,25.73,https://www.youtube.com/watch?v=saK0ivOgwzU
22500165,vjyeGeoqI5g,back-court-logo,394.59,1.874,26.52,https://www.youtube.com/watch?v=vjyeGeoqI5g
22500165,vjyeGeoqI5g,basket-logo,375.58,0.276,37.56,https://www.youtube.com/watch?v=vjyeGeoqI5g
22500165,vjyeGeoqI5g,side-court-logo,449.85,0.9469,22.1,https://www.youtube.com/watch?v=vjyeGeoqI5g
22500165,vjyeGeoqI5g,side-court-led-logo,445.05,1.4462,28.26,https://www.youtube.com/watch?v=vjyeGeoqI5g
22500165,vjyeGeoqI5g,mid-court-logo,386.39,2.1205,30.83,https://www.youtube.com/watch?v=vjyeGeoqI5g
22500165,FESp3xvN76M,side-court-led-logo,521.12,0.881,29.32,https://www.youtube.com/watch?v=FESp3xvN76M
22500165,FESp3xvN76M,basket-logo,478.48,0.2675,37.79,https://www.youtube.com/watch?v=FESp3xvN76M
22500165,FESp3xvN76M,mid-court-logo,461.46,2.0107,32.77,https://www.youtube.com/watch?v=FESp3xvN76M
22500165,FESp3xvN76M,side-court-logo,515.92,0.9232,21.4,https://www.youtube.com/watch?v=FESp3xvN76M
22500165,FESp3xvN76M,back-court-logo,479.48,1.7703,25.83,https://www.youtube.com/watch?v=FESp3xvN76M
22500169,2WGTvsGPRxc,side-court-logo,512.8,0.716,27.54,https://www.youtube.com/watch?v=2WGTvsGPRxc
22500169,2WGTvsGPRxc,side-court-led-logo,168.8,1.9407,26.27,https://www.youtube.com/watch?v=2WGTvsGPRxc
22500169,2WGTvsGPRxc,mid-court-logo,357.6,1.811,30.5,https://www.youtube.com/watch?v=2WGTvsGPRxc
22500169,2WGTvsGPRxc,basket-logo,453.6,0.287,35.43,https://www.youtube.com/watch?v=2WGTvsGPRxc
22500169,2WGTvsGPRxc,back-court-logo,466.6,2.939,26.79,https://www.youtube.com/watch?v=2WGTvsGPRxc
22500169,WFaEMKIMBFU,mid-court-logo,369.17,1.7806,29.43,https://www.youtube.com/watch?v=WFaEMKIMBFU
22500169,WFaEMKIMBFU,basket-logo,490.49,0.2849,36.68,https://www.youtube.com/watch?v=WFaEMKIMBFU
22500169,WFaEMKIMBFU,side-court-led-logo,165.57,1.8458,25.51,https://www.youtube.com/watch?v=WFaEMKIMBFU
22500169,WFaEMKIMBFU,side-court-logo,529.53,0.7087,26.95,https://www.youtube.com/watch?v=WFaEMKIMBFU
22500169,WFaEMKIMBFU,back-court-logo,495.1,2.929,28.44,https://www.youtube.com/watch?v=WFaEMKIMBFU
22500169,smQiOvGvRjM,side-court-logo,505.51,0.7022,26.97,https://www.youtube.com/watch?v=smQiOvGvRjM
22500169,smQiOvGvRjM,mid-court-logo,358.16,1.8813,28.39,https://www.youtube.com/watch?v=smQiOvGvRjM
22500169,smQiOvGvRjM,side-court-led-logo,175.58,2.0234,25.68,https://www.youtube.com/watch?v=smQiOvGvRjM
22500169,smQiOvGvRjM,basket-logo,447.65,0.2843,36.85,https://www.youtube.com/watch?v=smQiOvGvRjM
22500169,smQiOvGvRjM,back-court-logo,456.46,2.9026,28.62,https://www.youtube.com/watch?v=smQiOvGvRjM
22500169,EQRWQ8K6fiw,side-court-led-logo,178.8,2.1363,26.09,https://www.youtube.com/watch?v=EQRWQ8K6fiw
22500169,EQRWQ8K6fiw,side-court-logo,554.8,0.7229,28.24,https://www.youtube.com/watch?v=EQRWQ8K6fiw
22500169,EQRWQ8K6fiw,mid-court-logo,387.0,1.8414,30.18,https://www.youtube.com/watch?v=EQRWQ8K6fiw
22500169,EQRWQ8K6fiw,back-court-logo,498.4,2.9543,26.64,https://www.youtube.com/watch?v=EQRWQ8K6fiw
22500169,EQRWQ8K6fiw,basket-logo,483.2,0.2882,34.71,https://www.youtube.com/watch?v=EQRWQ8K6fiw
22500148,LHxdM9T2BN4,side-court-led-logo,314.71,1.3463,28.42,https://www.youtube.com/watch?v=LHxdM9T2BN4
22500148,LHxdM9T2BN4,side-court-logo,482.48,0.8818,24.9,https://www.youtube.com/watch?v=LHxdM9T2BN4
22500148,LHxdM9T2BN4,mid-court-logo,363.36,2.4494,28.55,https://www.youtube.com/watch?v=LHxdM9T2BN4
22500148,LHxdM9T2BN4,basket-logo,456.46,0.2031,33.17,https://www.youtube.com/watch?v=LHxdM9T2BN4
22500148,LHxdM9T2BN4,back-court-logo,0.4,0.5205,15.38,https://www.youtube.com/watch?v=LHxdM9T2BN4
22500148,U-PPdtI8WkE,side-court-logo,505.71,0.833,24.48,https://www.youtube.com/watch?v=U-PPdtI8WkE
22500148,U-PPdtI8WkE,side-court-led-logo,357.16,1.2475,28.71,https://www.youtube.com/watch?v=U-PPdtI8WkE
22500148,U-PPdtI8WkE,mid-court-logo,452.45,2.4006,30.54,https://www.youtube.com/watch?v=U-PPdtI8WkE
22500148,U-PPdtI8WkE,basket-logo,463.46,0.1999,34.11,https://www.youtube.com/watch?v=U-PPdtI8WkE
22500148,U-PPdtI8WkE,back-court-logo,0.2,0.2155,29.76,https://www.youtube.com/watch?v=U-PPdtI8WkE
22500148,MWUqrTEnzJk,side-court-led-logo,337.8,1.2652,29.96,https://www.youtube.com/watch?v=MWUqrTEnzJk
22500148,MWUqrTEnzJk,mid-court-logo,390.6,2.456,29.32,https://www.youtube.com/watch?v=MWUqrTEnzJk
22500148,MWUqrTEnzJk,side-court-logo,527.8,0.8984,24.36,https://www.youtube.com/watch?v=MWUqrTEnzJk
22500148,MWUqrTEnzJk,basket-logo,491.8,0.2072,32.12,https://www.youtube.com/watch?v=MWUqrTEnzJk
22500148,MWUqrTEnzJk,back-court-logo,0.6,0.7788,17.61,https://www.youtube.com/watch?v=MWUqrTEnzJk
22500148,SuxzIgfHBMU,side-court-led-logo,332.8,1.4645,28.07,https://www.youtube.com/watch?v=SuxzIgfHBMU
22500148,SuxzIgfHBMU,basket-logo,457.2,0.2021,33.84,https://www.youtube.com/watch?v=SuxzIgfHBMU
22500148,SuxzIgfHBMU,side-court-logo,483.0,0.8763,23.97,https://www.youtube.com/watch?v=SuxzIgfHBMU
22500148,SuxzIgfHBMU,mid-court-logo,384.0,2.3689,29.05,https://www.youtube.com/watch?v=SuxzIgfHBMU
22500150,jQblWbF3pe0,side-court-led-logo,492.49,0.7414,25.45,https://www.youtube.com/watch?v=jQblWbF3pe0
22500150,jQblWbF3pe0,mid-court-logo,453.05,1.7205,29.76,https://www.youtube.com/watch?v=jQblWbF3pe0
22500150,jQblWbF3pe0,side-court-logo,489.89,0.6423,23.91,https://www.youtube.com/watch?v=jQblWbF3pe0
22500150,jQblWbF3pe0,back-court-logo,458.26,0.7531,25.86,https://www.youtube.com/watch?v=jQblWbF3pe0
22500150,jQblWbF3pe0,basket-logo,464.26,0.2086,36.26,https://www.youtube.com/watch?v=jQblWbF3pe0
22500150,_LwDCIxOofE,side-court-led-logo,507.0,0.7377,26.52,https://www.youtube.com/watch?v=_LwDCIxOofE
22500150,_LwDCIxOofE,mid-court-logo,441.6,1.8098,31.7,https://www.youtube.com/watch?v=_LwDCIxOofE
22500150,_LwDCIxOofE,side-court-logo,507.6,0.6861,25.18,https://www.youtube.com/watch?v=_LwDCIxOofE
22500150,_LwDCIxOofE,back-court-logo,479.4,0.7849,24.35,https://www.youtube.com/watch?v=_LwDCIxOofE
22500150,_LwDCIxOofE,basket-logo,485.0,0.2132,35.34,https://www.youtube.com/watch?v=_LwDCIxOofE
22500150,g-GnNMeOgEU,side-court-led-logo,498.8,0.7318,26.39,https://www.youtube.com/watch?v=g-GnNMeOgEU
22500150,g-GnNMeOgEU,basket-logo,476.8,0.2087,34.23,https://www.youtube.com/watch?v=g-GnNMeOgEU
22500150,g-GnNMeOgEU,mid-court-logo,434.8,1.5901,31.14,https://www.youtube.com/watch?v=g-GnNMeOgEU
22500150,g-GnNMeOgEU,side-court-logo,494.8,0.6538,25.03,https://www.youtube.com/watch?v=g-GnNMeOgEU
22500150,g-GnNMeOgEU,back-court-logo,468.4,0.7448,24.4,https://www.youtube.com/watch?v=g-GnNMeOgEU
22500159,zOM96UJxtDU,basket-logo,460.66,0.1772,38.04,https://www.youtube.com/watch?v=zOM96UJxtDU
22500159,zOM96UJxtDU,back-court-logo,469.07,1.9559,27.22,https://www.youtube.com/watch?v=zOM96UJxtDU
22500159,zOM96UJxtDU,side-court-led-logo,513.71,0.8716,27.88,https://www.youtube.com/watch?v=zOM96UJxtDU
22500159,zOM96UJxtDU,mid-court-logo,460.46,2.5254,31.89,https://www.youtube.com/watch?v=zOM96UJxtDU
22500159,zOM96UJxtDU,side-court-logo,516.32,0.8784,25.78,https://www.youtube.com/watch?v=zOM96UJxtDU
22500159,9X6oubACp6w,side-court-led-logo,514.4,0.9931,29.08,https://www.youtube.com/watch?v=9X6oubACp6w
22500159,9X6oubACp6w,mid-court-logo,446.8,2.4072,33.26,https://www.youtube.com/watch?v=9X6oubACp6w
22500159,9X6oubACp6w,side-court-logo,517.0,0.9427,26.77,https://www.youtube.com/watch?v=9X6oubACp6w
22500159,9X6oubACp6w,basket-logo,453.0,0.1855,36.16,https://www.youtube.com/watch?v=9X6oubACp6w
22500159,9X6oubACp6w,back-court-logo,465.8,2.0873,25.65,https://www.youtube.com/watch?v=9X6oubACp6w
22500027,6lhaRWt1jxw,basket-logo,458.06,0.164,35.08,https://www.youtube.com/watch?v=6lhaRWt1jxw
22500027,6lhaRWt1jxw,side-court-led-logo,235.24,1.0438,35.78,https://www.youtube.com/watch?v=6lhaRWt1jxw
22500027,6lhaRWt1jxw,side-court-logo,467.47,0.546,22.62,https://www.youtube.com/watch?v=6lhaRWt1jxw
22500027,6lhaRWt1jxw,mid-court-logo,212.21,1.535,28.35,https://www.youtube.com/watch?v=6lhaRWt1jxw
22500027,6lhaRWt1jxw,back-court-logo,2.2,1.3455,18.69,https://www.youtube.com/watch?v=6lhaRWt1jxw
22500027,q2ejUWeoncA,basket-logo,456.8,0.1665,35.19,https://www.youtube.com/watch?v=q2ejUWeoncA
22500027,q2ejUWeoncA,side-court-logo,444.8,0.5831,23.5,https://www.youtube.com/watch?v=q2ejUWeoncA
22500027,q2ejUWeoncA,mid-court-logo,206.4,1.4897,28.8,https://www.youtube.com/watch?v=q2ejUWeoncA
22500027,q2ejUWeoncA,side-court-led-logo,223.2,0.9967,35.8,https://www.youtube.com/watch?v=q2ejUWeoncA
22500027,q2ejUWeoncA,back-court-logo,1.6,0.9545,21.42,https://www.youtube.com/watch?v=q2ejUWeoncA
22500154,9OxBRAMih7E,basket-logo,466.8,0.2299,35.88,https://www.youtube.com/watch?v=9OxBRAMih7E
22500154,9OxBRAMih7E,mid-court-logo,472.8,2.5046,36.96,https://www.youtube.com/watch?v=9OxBRAMih7E
22500154,9OxBRAMih7E,back-court-logo,475.0,2.0336,24.44,https://www.youtube.com/watch?v=9OxBRAMih7E
22500154,9OxBRAMih7E,side-court-led-logo,216.4,1.3627,32.1,https://www.youtube.com/watch?v=9OxBRAMih7E
22500154,9OxBRAMih7E,side-court-logo,4.4,0.2289,45.28,https://www.youtube.com/watch?v=9OxBRAMih7E
22500154,Fx6WeqqDKiI,basket-logo,507.91,0.2294,38.66,https://www.youtube.com/watch?v=Fx6WeqqDKiI
22500154,Fx6WeqqDKiI,mid-court-logo,511.71,2.5877,34.41,https://www.youtube.com/watch?v=Fx6WeqqDKiI
22500154,Fx6WeqqDKiI,side-court-led-logo,258.86,0.9713,29.56,https://www.youtube.com/watch?v=Fx6WeqqDKiI
22500154,Fx6WeqqDKiI,back-court-logo,510.71,1.9456,26.87,https://www.youtube.com/watch?v=Fx6WeqqDKiI
22500154,Fx6WeqqDKiI,side-court-logo,4.6,0.1224,38.86,https://www.youtube.com/watch?v=Fx6WeqqDKiI
22500154,j661Vq2qFc0,basket-logo,465.6,0.2287,37.32,https://www.youtube.com/watch?v=j661Vq2qFc0
22500154,j661Vq2qFc0,mid-court-logo,485.0,2.4638,35.23,https://www.youtube.com/watch?v=j661Vq2qFc0
22500154,j661Vq2qFc0,back-court-logo,475.6,1.9959,25.59,https://www.youtube.com/watch?v=j661Vq2qFc0
22500154,j661Vq2qFc0,side-court-led-logo,232.4,1.0556,30.56,https://www.youtube.com/watch?v=j661Vq2qFc0
22500154,j661Vq2qFc0,side-court-logo,4.8,0.1448,39.16,https://www.youtube.com/watch?v=j661Vq2qFc0
22500154,m4pR4t5ecB0,basket-logo,488.0,0.2185,36.73,https://www.youtube.com/watch?v=m4pR4t5ecB0
22500154,m4pR4t5ecB0,mid-court-logo,511.6,2.3311,36.36,https://www.youtube.com/watch?v=m4pR4t5ecB0
22500154,m4pR4t5ecB0,back-court-logo,500.0,1.9598,25.67,https://www.youtube.com/watch?v=m4pR4t5ecB0
22500154,m4pR4t5ecB0,side-court-led-logo,251.2,1.0447,30.74,https://www.youtube.com/watch?v=m4pR4t5ecB0
22500154,m4pR4t5ecB0,side-court-logo,4.6,0.141,41.43,https://www.youtube.com/watch?v=m4pR4t5ecB0
22500158,79JgsZfOyMM,side-court-led-logo,526.13,0.95,28.86,https://www.youtube.com/watch?v=79JgsZfOyMM
22500158,79JgsZfOyMM,side-court-logo,519.12,0.9747,28.16,https://www.youtube.com/watch?v=79JgsZfOyMM
22500158,79JgsZfOyMM,mid-court-logo,472.27,0.986,32.19,https://www.youtube.com/watch?v=79JgsZfOyMM
22500158,79JgsZfOyMM,back-court-logo,486.69,2.1186,24.25,https://www.youtube.com/watch?v=79JgsZfOyMM
22500158,79JgsZfOyMM,basket-logo,469.67,0.2611,34.58,https://www.youtube.com/watch?v=79JgsZfOyMM
22500158,V1UV9GRPNAk,side-court-led-logo,480.6,0.9848,28.18,https://www.youtube.com/watch?v=V1UV9GRPNAk
22500158,V1UV9GRPNAk,side-court-logo,475.4,1.0105,27.73,https://www.youtube.com/watch?v=V1UV9GRPNAk
22500158,V1UV9GRPNAk,mid-court-logo,413.6,1.0154,30.33,https://www.youtube.com/watch?v=V1UV9GRPNAk
22500158,V1UV9GRPNAk,back-court-logo,446.8,2.1743,25.67,https://www.youtube.com/watch?v=V1UV9GRPNAk
22500158,V1UV9GRPNAk,basket-logo,428.0,0.2668,35.92,https://www.youtube.com/watch?v=V1UV9GRPNAk
22500158,1bMYAhczHDg,basket-logo,346.2,0.2538,36.24,https://www.youtube.com/watch?v=1bMYAhczHDg
22500158,1bMYAhczHDg,side-court-logo,392.2,0.9805,28.02,https://www.youtube.com/watch?v=1bMYAhczHDg
22500158,1bMYAhczHDg,side-court-led-logo,394.4,0.9582,28.16,https://www.youtube.com/watch?v=1bMYAhczHDg
22500158,1bMYAhczHDg,back-court-logo,362.8,2.1259,26.22,https://www.youtube.com/watch?v=1bMYAhczHDg
22500158,1bMYAhczHDg,mid-court-logo,345.6,1.0164,29.77,https://www.youtube.com/watch?v=1bMYAhczHDg
22500158,mfCtvu5UJdQ,basket-logo,394.8,0.4005,39.92,https://www.youtube.com/watch?v=mfCtvu5UJdQ
22500158,mfCtvu5UJdQ,side-court-led-logo,478.6,2.6353,34.74,https://www.youtube.com/watch?v=mfCtvu5UJdQ
22500158,mfCtvu5UJdQ,side-court-logo,475.2,1.6069,34.8,https://www.youtube.com/watch?v=mfCtvu5UJdQ
22500158,mfCtvu5UJdQ,back-court-logo,422.6,4.6504,31.75,https://www.youtube.com/watch?v=mfCtvu5UJdQ
22500158,mfCtvu5UJdQ,mid-court-logo,218.8,1.7065,31.6,https://www.youtube.com/watch?v=mfCtvu5UJdQ
22500158,EYzLOLGT9AQ,basket-logo,444.2,0.4482,38.4,https://www.youtube.com/watch?v=EYzLOLGT9AQ
22500158,EYzLOLGT9AQ,side-court-led-logo,449.2,1.6592,34.19,https://www.youtube.com/watch?v=EYzLOLGT9AQ
22500158,EYzLOLGT9AQ,side-court-logo,464.8,1.5371,32.44,https://www.youtube.com/watch?v=EYzLOLGT9AQ
22500158,EYzLOLGT9AQ,back-court-logo,402.4,4.4886,30.9,https://www.youtube.com/watch?v=EYzLOLGT9AQ
22500158,EYzLOLGT9AQ,mid-court-logo,194.6,1.5776,32.91,https://www.youtube.com/watch?v=EYzLOLGT9AQ
22500163,_BTHyp72UPs,basket-logo,498.9,0.1313,31.95,https://www.youtube.com/watch?v=_BTHyp72UPs
22500163,_BTHyp72UPs,back-court-logo,471.87,0.8991,23.09,https://www.youtube.com/watch?v=_BTHyp72UPs
22500163,_BTHyp72UPs,side-court-led-logo,535.54,2.2599,28.72,https://www.youtube.com/watch?v=_BTHyp72UPs
22500163,_BTHyp72UPs,mid-court-logo,537.74,1.4802,25.88,https://www.youtube.com/watch?v=_BTHyp72UPs
22500163,_BTHyp72UPs,side-court-logo,538.54,0.5084,17.39,https://www.youtube.com/watch?v=_BTHyp72UPs
22500163,eumprr5L0SI,side-court-logo,527.53,0.4816,17.26,https://www.youtube.com/watch?v=eumprr5L0SI
22500163,eumprr5L0SI,back-court-logo,458.66,0.8098,24.88,https://www.youtube.com/watch?v=eumprr5L0SI
22500163,eumprr5L0SI,basket-logo,483.28,0.1215,33.08,https://www.youtube.com/watch?v=eumprr5L0SI
22500163,eumprr5L0SI,mid-court-logo,529.13,1.3873,25.06,https://www.youtube.com/watch?v=eumprr5L0SI
22500163,eumprr5L0SI,side-court-led-logo,533.13,3.1094,27.35,https://www.youtube.com/watch?v=eumprr5L0SI
22500163,4FAosZHsw30,mid-court-logo,390.39,1.4217,24.72,https://www.youtube.com/watch?v=4FAosZHsw30
22500163,4FAosZHsw30,basket-logo,378.98,0.1277,32.44,https://www.youtube.com/watch?v=4FAosZHsw30
22500163,4FAosZHsw30,side-court-logo,390.19,0.4924,15.67,https://www.youtube.com/watch?v=4FAosZHsw30
22500163,4FAosZHsw30,back-court-logo,340.74,0.8907,22.9,https://www.youtube.com/watch?v=4FAosZHsw30
22500163,4FAosZHsw30,side-court-led-logo,394.99,2.9585,28.43,https://www.youtube.com/watch?v=4FAosZHsw30
22500167,jFdJ_Ko_z0M,basket-logo,438.24,0.2493,33.52,https://www.youtube.com/watch?v=jFdJ_Ko_z0M
22500167,jFdJ_Ko_z0M,side-court-led-logo,378.98,2.3783,32.07,https://www.youtube.com/watch?v=jFdJ_Ko_z0M
22500167,jFdJ_Ko_z0M,mid-court-logo,413.81,2.2862,32.13,https://www.youtube.com/watch?v=jFdJ_Ko_z0M
22500167,jFdJ_Ko_z0M,back-court-logo,454.45,1.6428,24.17,https://www.youtube.com/watch?v=jFdJ_Ko_z0M
22500167,jFdJ_Ko_z0M,side-court-logo,482.68,0.9884,25.3,https://www.youtube.com/watch?v=jFdJ_Ko_z0M
22500167,BLlrTZY5C0k,basket-logo,457.06,0.229,36.1,https://www.youtube.com/watch?v=BLlrTZY5C0k
22500167,BLlrTZY5C0k,side-court-led-logo,459.46,1.7626,31.06,https://www.youtube.com/watch?v=BLlrTZY5C0k
22500167,BLlrTZY5C0k,mid-court-logo,484.68,2.2698,30.87,https://www.youtube.com/watch?v=BLlrTZY5C0k
22500167,BLlrTZY5C0k,side-court-logo,517.12,0.9682,23.84,https://www.youtube.com/watch?v=BLlrTZY5C0k
22500167,BLlrTZY5C0k,back-court-logo,474.47,1.5444,26.94,https://www.youtube.com/watch?v=BLlrTZY5C0k
22500167,IwaR1SJh-LM,side-court-led-logo,427.2,2.086,33.62,https://www.youtube.com/watch?v=IwaR1SJh-LM
22500167,IwaR1SJh-LM,mid-court-logo,455.6,2.389,32.76,https://www.youtube.com/watch?v=IwaR1SJh-LM
22500167,IwaR1SJh-LM,basket-logo,472.4,0.2447,33.65,https://www.youtube.com/watch?v=IwaR1SJh-LM
22500167,IwaR1SJh-LM,side-court-logo,505.4,0.9958,24.6,https://www.youtube.com/watch?v=IwaR1SJh-LM
22500167,IwaR1SJh-LM,back-court-logo,483.4,1.6349,23.44,https://www.youtube.com/watch?v=IwaR1SJh-LM
22500167,-oN5bseWHp8,basket-logo,477.6,0.2455,34.93,https://www.youtube.com/watch?v=-oN5bseWHp8
22500167,-oN5bseWHp8,side-court-logo,522.6,0.9994,24.34,https://www.youtube.com/watch?v=-oN5bseWHp8
22500167,-oN5bseWHp8,back-court-logo,494.0,1.5995,24.89,https://www.youtube.com/watch?v=-oN5bseWHp8
22500167,-oN5bseWHp8,side-court-led-logo,423.8,1.9318,31.92,https://www.youtube.com/watch?v=-oN5bseWHp8
22500167,-oN5bseWHp8,mid-court-logo,464.6,2.3256,31.56,https://www.youtube.com/watch?v=-oN5bseWHp8
22500167,YgINJlZ4AHs,side-court-led-logo,201.4,3.0205,29.37,https://www.youtube.com/watch?v=YgINJlZ4AHs
22500167,YgINJlZ4AHs,mid-court-logo,154.2,1.6147,30.6,https://www.youtube.com/watch?v=YgINJlZ4AHs
22500167,YgINJlZ4AHs,basket-logo,502.6,0.3581,41.31,https://www.youtube.com/watch?v=YgINJlZ4AHs
22500167,YgINJlZ4AHs,side-court-logo,513.0,1.8,29.29,https://www.youtube.com/watch?v=YgINJlZ4AHs
22500167,YgINJlZ4AHs,back-court-logo,498.0,3.3981,34.34,https://www.youtube.com/watch?v=YgINJlZ4AHs
22500145,6bF7gKJE5I4,side-court-led-logo,542.54,0.9958,26.22,https://www.youtube.com/watch?v=6bF7gKJE5I4
22500145,6bF7gKJE5I4,mid-court-logo,462.46,1.587,30.78,https://www.youtube.com/watch?v=6bF7gKJE5I4
22500145,6bF7gKJE5I4,side-court-logo,540.74,1.0027,26.49,https://www.youtube.com/watch?v=6bF7gKJE5I4
22500145,6bF7gKJE5I4,back-court-logo,477.48,1.2949,23.15,https://www.youtube.com/watch?v=6bF7gKJE5I4
22500145,6bF7gKJE5I4,basket-logo,455.86,0.1607,32.93,https://www.youtube.com/watch?v=6bF7gKJE5I4
22500145,04Ge0mN8FmU,side-court-led-logo,549.2,0.9833,26.47,https://www.youtube.com/watch?v=04Ge0mN8FmU
22500145,04Ge0mN8FmU,mid-court-logo,454.0,1.6186,31.19,https://www.youtube.com/watch?v=04Ge0mN8FmU
22500145,04Ge0mN8FmU,side-court-logo,548.6,1.002,26.7,https://www.youtube.com/watch?v=04Ge0mN8FmU
22500145,04Ge0mN8FmU,back-court-logo,488.8,1.3181,23.06,https://www.youtube.com/watch?v=04Ge0mN8FmU
22500145,04Ge0mN8FmU,basket-logo,470.4,0.1639,33.05,https://www.youtube.com/watch?v=04Ge0mN8FmU
22500145,z2AvvpUgZQI,side-court-led-logo,554.2,0.9915,26.7,https://www.youtube.com/watch?v=z2AvvpUgZQI
22500145,z2AvvpUgZQI,basket-logo,475.8,0.1627,32.21,https://www.youtube.com/watch?v=z2AvvpUgZQI
22500145,z2AvvpUgZQI,side-court-logo,554.8,0.9858,27.24,https://www.youtube.com/watch?v=z2AvvpUgZQI
22500145,z2AvvpUgZQI,mid-court-logo,455.4,1.7218,31.64,https://www.youtube.com/watch?v=z2AvvpUgZQI
22500145,z2AvvpUgZQI,back-court-logo,496.8,1.3383,22.87,https://www.youtube.com/watch?v=z2AvvpUgZQI
22500153,seoC5TpTSPA,side-court-logo,515.32,0.8866,27.6,https://www.youtube.com/watch?v=seoC5TpTSPA
22500153,seoC5TpTSPA,side-court-led-logo,508.11,1.0289,28.63,https://www.youtube.com/watch?v=seoC5TpTSPA
22500153,seoC5TpTSPA,mid-court-logo,445.25,2.2095,33.87,https://www.youtube.com/watch?v=seoC5TpTSPA
22500153,seoC5TpTSPA,back-court-logo,475.08,2.0702,23.52,https://www.youtube.com/watch?v=seoC5TpTSPA
22500153,seoC5TpTSPA,basket-logo,466.47,0.1924,34.13,https://www.youtube.com/watch?v=seoC5TpTSPA
22500153,VM9Ru1JffP0,basket-logo,490.49,0.182,36.66,https://www.youtube.com/watch?v=VM9Ru1JffP0
22500153,VM9Ru1JffP0,back-court-logo,497.7,2.011,25.61,https://www.youtube.com/watch?v=VM9Ru1JffP0
22500153,VM9Ru1JffP0,side-court-logo,544.14,0.8621,26.29,https://www.youtube.com/watch?v=VM9Ru1JffP0
22500153,VM9Ru1JffP0,mid-court-logo,488.69,2.2205,32.95,https://www.youtube.com/watch?v=VM9Ru1JffP0
22500153,VM9Ru1JffP0,side-court-led-logo,535.34,0.8937,27.2,https://www.youtube.com/watch?v=VM9Ru1JffP0
22500020,EL8FEgLLP-U,side-court-led-logo,529.53,1.0507,25.84,https://www.youtube.com/watch?v=EL8FEgLLP-U
22500020,EL8FEgLLP-U,mid-court-logo,159.96,1.8235,27.28,https://www.youtube.com/watch?v=EL8FEgLLP-U
22500020,EL8FEgLLP-U,back-court-logo,479.08,1.9326,21.56,https://www.youtube.com/watch?v=EL8FEgLLP-U
22500020,EL8FEgLLP-U,basket-logo,460.46,0.1934,33.96,https://www.youtube.com/watch?v=EL8FEgLLP-U
22500020,E_vgsiNXr2A,side-court-led-logo,542.4,1.0393,26.56,https://www.youtube.com/watch?v=E_vgsiNXr2A
22500020,E_vgsiNXr2A,mid-court-logo,172.4,1.7809,27.14,https://www.youtube.com/watch?v=E_vgsiNXr2A
22500020,E_vgsiNXr2A,back-court-logo,489.2,1.9775,22.04,https://www.youtube.com/watch?v=E_vgsiNXr2A
22500020,E_vgsiNXr2A,basket-logo,474.0,0.2006,34.17,https://www.youtube.com/watch?v=E_vgsiNXr2A
22500020,E_vgsiNXr2A,side-court-logo,0.4,0.5693,38.46,https://www.youtube.com/watch?v=E_vgsiNXr2A
22500020,uQnRIn7VsYo,side-court-led-logo,531.2,1.0999,25.35,https://www.youtube.com/watch?v=uQnRIn7VsYo
22500020,uQnRIn7VsYo,back-court-logo,486.8,1.9777,22.24,https://www.youtube.com/watch?v=uQnRIn7VsYo
22500020,uQnRIn7VsYo,mid-court-logo,155.8,1.8314,25.82,https://www.youtube.com/watch?v=uQnRIn7VsYo
22500020,uQnRIn7VsYo,basket-logo,470.4,0.2034,34.24,https://www.youtube.com/watch?v=uQnRIn7VsYo
22500149,Bh3hcT5G9bs,side-court-logo,471.47,0.5769,24.85,https://www.youtube.com/watch?v=Bh3hcT5G9bs
22500149,Bh3hcT5G9bs,mid-court-logo,463.46,1.8824,32.79,https://www.youtube.com/watch?v=Bh3hcT5G9bs
22500149,Bh3hcT5G9bs,side-court-led-logo,376.38,1.2383,33.94,https://www.youtube.com/watch?v=Bh3hcT5G9bs
22500149,Bh3hcT5G9bs,back-court-logo,419.62,0.6419,20.01,https://www.youtube.com/watch?v=Bh3hcT5G9bs
22500149,Bh3hcT5G9bs,basket-logo,429.43,0.1657,30.95,https://www.youtube.com/watch?v=Bh3hcT5G9bs
22500149,KJ8QYwIn3Dk,side-court-logo,482.8,0.5851,24.48,https://www.youtube.com/watch?v=KJ8QYwIn3Dk
22500149,KJ8QYwIn3Dk,side-court-led-logo,395.6,1.2967,33.51,https://www.youtube.com/watch?v=KJ8QYwIn3Dk
22500149,KJ8QYwIn3Dk,mid-court-logo,474.2,1.8763,32.52,https://www.youtube.com/watch?v=KJ8QYwIn3Dk
22500149,KJ8QYwIn3Dk,back-court-logo,432.8,0.6491,20.61,https://www.youtube.com/watch?v=KJ8QYwIn3Dk
22500149,KJ8QYwIn3Dk,basket-logo,445.2,0.1677,31.47,https://www.youtube.com/watch?v=KJ8QYwIn3Dk
22500149,k-epsKeSSxQ,mid-court-logo,485.2,1.9024,32.82,https://www.youtube.com/watch?v=k-epsKeSSxQ
22500149,k-epsKeSSxQ,basket-logo,459.0,0.1616,30.95,https://www.youtube.com/watch?v=k-epsKeSSxQ
22500149,k-epsKeSSxQ,back-court-logo,443.0,0.6242,19.84,https://www.youtube.com/watch?v=k-epsKeSSxQ
22500149,k-epsKeSSxQ,side-court-led-logo,402.2,1.2064,33.64,https://www.youtube.com/watch?v=k-epsKeSSxQ
22500149,k-epsKeSSxQ,side-court-logo,493.4,0.5727,24.34,https://www.youtube.com/watch?v=k-epsKeSSxQ
22500149,-uY2EAJ4Eoo,side-court-led-logo,386.39,0.999,27.19,https://www.youtube.com/watch?v=-uY2EAJ4Eoo
22500149,-uY2EAJ4Eoo,basket-logo,422.62,0.2239,38.59,https://www.youtube.com/watch?v=-uY2EAJ4Eoo
22500149,-uY2EAJ4Eoo,side-court-logo,446.45,0.9316,28.23,https://www.youtube.com/watch?v=-uY2EAJ4Eoo
22500149,-uY2EAJ4Eoo,back-court-logo,420.62,1.4006,25.76,https://www.youtube.com/watch?v=-uY2EAJ4Eoo
22500149,-uY2EAJ4Eoo,mid-court-logo,295.5,1.5871,23.88,https://www.youtube.com/watch?v=-uY2EAJ4Eoo
22500129,e6o6KMgcTy0,side-court-led-logo,503.1,1.1078,30.33,https://www.youtube.com/watch?v=e6o6KMgcTy0
22500129,e6o6KMgcTy0,basket-logo,461.06,0.2382,34.63,https://www.youtube.com/watch?v=e6o6KMgcTy0
22500129,e6o6KMgcTy0,mid-court-logo,326.33,1.9898,33.07,https://www.youtube.com/watch?v=e6o6KMgcTy0
22500129,e6o6KMgcTy0,back-court-logo,471.47,1.3727,23.19,https://www.youtube.com/watch?v=e6o6KMgcTy0
22500129,e6o6KMgcTy0,side-court-logo,504.7,1.2777,24.94,https://www.youtube.com/watch?v=e6o6KMgcTy0
22500129,81NfWP8SA5Y,side-court-led-logo,501.6,1.132,30.78,https://www.youtube.com/watch?v=81NfWP8SA5Y
22500129,81NfWP8SA5Y,side-court-logo,504.2,1.3094,25.23,https://www.youtube.com/watch?v=81NfWP8SA5Y
22500129,81NfWP8SA5Y,mid-court-logo,317.4,2.0017,32.92,https://www.youtube.com/watch?v=81NfWP8SA5Y
22500129,81NfWP8SA5Y,back-court-logo,475.2,1.4194,23.07,https://www.youtube.com/watch?v=81NfWP8SA5Y
22500129,81NfWP8SA5Y,basket-logo,463.0,0.2398,34.99,https://www.youtube.com/watch?v=81NfWP8SA5Y
22500138,XxArTwexWNE,basket-logo,454.85,0.2085,35.49,https://www.youtube.com/watch?v=XxArTwexWNE
22500138,XxArTwexWNE,side-court-led-logo,525.93,0.8106,26.29,https://www.youtube.com/watch?v=XxArTwexWNE
22500138,XxArTwexWNE,mid-court-logo,506.11,1.8141,32.07,https://www.youtube.com/watch?v=XxArTwexWNE
22500138,XxArTwexWNE,side-court-logo,523.52,0.675,23.88,https://www.youtube.com/watch?v=XxArTwexWNE
22500138,XxArTwexWNE,back-court-logo,459.46,0.7976,25.31,https://www.youtube.com/watch?v=XxArTwexWNE
22500138,Uuofw20rs50,side-court-led-logo,536.0,0.7543,26.54,https://www.youtube.com/watch?v=Uuofw20rs50
22500138,Uuofw20rs50,mid-court-logo,516.4,1.8416,32.93,https://www.youtube.com/watch?v=Uuofw20rs50
22500138,Uuofw20rs50,side-court-logo,531.2,0.6823,24.45,https://www.youtube.com/watch?v=Uuofw20rs50
22500138,Uuofw20rs50,back-court-logo,484.6,0.8039,24.93,https://www.youtube.com/watch?v=Uuofw20rs50
22500138,Uuofw20rs50,basket-logo,484.0,0.2042,34.93,https://www.youtube.com/watch?v=Uuofw20rs50
22500138,M4LSv4UK9i0,side-court-led-logo,534.8,0.7614,27.11,https://www.youtube.com/watch?v=M4LSv4UK9i0
22500138,M4LSv4UK9i0,mid-court-logo,522.8,1.7523,33.79,https://www.youtube.com/watch?v=M4LSv4UK9i0
22500138,M4LSv4UK9i0,side-court-logo,534.6,0.6814,25.38,https://www.youtube.com/watch?v=M4LSv4UK9i0
22500138,M4LSv4UK9i0,back-court-logo,479.0,0.7813,23.97,https://www.youtube.com/watch?v=M4LSv4UK9i0
22500138,M4LSv4UK9i0,basket-logo,475.6,0.2004,34.42,https://www.youtube.com/watch?v=M4LSv4UK9i0
22500140,JismB7HGbmk,side-court-logo,498.0,0.8117,23.79,https://www.youtube.com/watch?v=JismB7HGbmk
22500140,JismB7HGbmk,side-court-led-logo,342.4,1.2841,31.02,https://www.youtube.com/watch?v=JismB7HGbmk
22500140,JismB7HGbmk,mid-court-logo,364.8,2.3802,30.07,https://www.youtube.com/watch?v=JismB7HGbmk
22500140,JismB7HGbmk,basket-logo,461.0,0.1969,31.87,https://www.youtube.com/watch?v=JismB7HGbmk
22500140,JismB7HGbmk,back-court-logo,0.2,0.7163,4.59,https://www.youtube.com/watch?v=JismB7HGbmk
22500140,PFHst5UbhTA,side-court-led-logo,348.6,1.3004,30.4,https://www.youtube.com/watch?v=PFHst5UbhTA
22500140,PFHst5UbhTA,mid-court-logo,373.8,2.5475,29.49,https://www.youtube.com/watch?v=PFHst5UbhTA
22500140,PFHst5UbhTA,side-court-logo,498.2,0.7984,23.57,https://www.youtube.com/watch?v=PFHst5UbhTA
22500140,PFHst5UbhTA,basket-logo,462.0,0.1931,32.06,https://www.youtube.com/watch?v=PFHst5UbhTA
22500140,PFHst5UbhTA,back-court-logo,0.2,0.4216,8.17,https://www.youtube.com/watch?v=PFHst5UbhTA
22500026,2tQ8OVh0JY0,basket-logo,383.4,0.1917,31.27,https://www.youtube.com/watch?v=2tQ8OVh0JY0
22500026,2tQ8OVh0JY0,back-court-logo,63.47,1.1793,18.0,https://www.youtube.com/watch?v=2tQ8OVh0JY0
22500026,2tQ8OVh0JY0,side-court-logo,61.86,0.6788,27.62,https://www.youtube.com/watch?v=2tQ8OVh0JY0
22500026,2tQ8OVh0JY0,side-court-led-logo,393.81,1.9865,33.27,https://www.youtube.com/watch?v=2tQ8OVh0JY0
22500026,2tQ8OVh0JY0,mid-court-logo,141.55,1.3726,31.19,https://www.youtube.com/watch?v=2tQ8OVh0JY0
22500026,I3JgTAkhyQU,basket-logo,480.0,0.1814,31.37,https://www.youtube.com/watch?v=I3JgTAkhyQU
22500026,I3JgTAkhyQU,side-court-led-logo,474.6,1.9849,32.86,https://www.youtube.com/watch?v=I3JgTAkhyQU
22500026,I3JgTAkhyQU,mid-court-logo,157.6,1.3879,30.73,https://www.youtube.com/watch?v=I3JgTAkhyQU
22500026,I3JgTAkhyQU,side-court-logo,51.2,0.7387,24.02,https://www.youtube.com/watch?v=I3JgTAkhyQU
22500026,I3JgTAkhyQU,back-court-logo,45.4,1.1395,19.37,https://www.youtube.com/watch?v=I3JgTAkhyQU
22500026,1-a1ofH5ee0,basket-logo,455.8,0.2713,37.15,https://www.youtube.com/watch?v=1-a1ofH5ee0
22500026,1-a1ofH5ee0,side-court-led-logo,319.4,1.9041,36.51,https://www.youtube.com/watch?v=1-a1ofH5ee0
22500026,1-a1ofH5ee0,mid-court-logo,113.2,1.1138,32.22,https://www.youtube.com/watch?v=1-a1ofH5ee0
22500026,1-a1ofH5ee0,side-court-logo,3.0,0.3203,30.05,https://www.youtube.com/watch?v=1-a1ofH5ee0
22500026,FEBp-72RrIM,basket-logo,366.2,0.2882,38.13,https://www.youtube.com/watch?v=FEBp-72RrIM
22500026,FEBp-72RrIM,side-court-led-logo,204.4,2.3782,36.19,https://www.youtube.com/watch?v=FEBp-72RrIM
22500026,FEBp-72RrIM,mid-court-logo,35.2,1.2566,34.05,https://www.youtube.com/watch?v=FEBp-72RrIM
22500026,FEBp-72RrIM,back-court-logo,95.6,2.6264,27.82,https://www.youtube.com/watch?v=FEBp-72RrIM
22500026,FEBp-72RrIM,side-court-logo,125.2,0.9861,32.5,https://www.youtube.com/watch?v=FEBp-72RrIM
22500143,bmv_3m97Zgg,basket-logo,519.12,0.2053,35.49,https://www.youtube.com/watch?v=bmv_3m97Zgg
22500143,bmv_3m97Zgg,back-court-logo,518.12,0.769,25.44,https://www.youtube.com/watch?v=bmv_3m97Zgg
22500143,bmv_3m97Zgg,side-court-led-logo,549.95,0.7143,26.64,https://www.youtube.com/watch?v=bmv_3m97Zgg
22500143,bmv_3m97Zgg,side-court-logo,548.95,0.6856,23.47,https://www.youtube.com/watch?v=bmv_3m97Zgg
22500143,bmv_3m97Zgg,mid-court-logo,520.52,2.0101,32.04,https://www.youtube.com/watch?v=bmv_3m97Zgg
22500143,hQGmV1_f2FA,basket-logo,472.07,0.2057,36.7,https://www.youtube.com/watch?v=hQGmV1_f2FA
22500143,hQGmV1_f2FA,side-court-logo,528.73,0.6739,24.05,https://www.youtube.com/watch?v=hQGmV1_f2FA
22500143,hQGmV1_f2FA,side-court-led-logo,525.33,0.7733,26.23,https://www.youtube.com/watch?v=hQGmV1_f2FA
22500143,hQGmV1_f2FA,mid-court-logo,505.31,1.9823,30.9,https://www.youtube.com/watch?v=hQGmV1_f2FA
22500143,hQGmV1_f2FA,back-court-logo,468.47,0.776,26.9,https://www.youtube.com/watch?v=hQGmV1_f2FA
22500143,yu3mllZG-Ok,side-court-led-logo,501.4,0.8371,27.33,https://www.youtube.com/watch?v=yu3mllZG-Ok
22500143,yu3mllZG-Ok,mid-court-logo,472.4,1.9649,33.63,https://www.youtube.com/watch?v=yu3mllZG-Ok
22500143,yu3mllZG-Ok,side-court-logo,502.8,0.7189,25.46,https://www.youtube.com/watch?v=yu3mllZG-Ok
22500143,yu3mllZG-Ok,basket-logo,458.8,0.2107,34.31,https://www.youtube.com/watch?v=yu3mllZG-Ok
22500143,yu3mllZG-Ok,back-court-logo,461.8,0.815,23.75,https://www.youtube.com/watch?v=yu3mllZG-Ok
22500143,eQ_1UulvtlY,basket-logo,456.8,0.2041,33.95,https://www.youtube.com/watch?v=eQ_1UulvtlY
22500143,eQ_1UulvtlY,side-court-led-logo,493.2,0.8556,27.59,https://www.youtube.com/watch?v=eQ_1UulvtlY
22500143,eQ_1UulvtlY,mid-court-logo,466.4,1.8604,33.46,https://www.youtube.com/watch?v=eQ_1UulvtlY
22500143,eQ_1UulvtlY,side-court-logo,495.8,0.7055,25.37,https://www.youtube.com/watch?v=eQ_1UulvtlY
22500143,eQ_1UulvtlY,back-court-logo,453.2,0.7884,23.93,https://www.youtube.com/watch?v=eQ_1UulvtlY
22500021,esHDI24YBCs,side-court-led-logo,361.77,1.8865,32.04,https://www.youtube.com/watch?v=esHDI24YBCs
22500021,esHDI24YBCs,mid-court-logo,210.82,1.3456,27.87,https://www.youtube.com/watch?v=esHDI24YBCs
22500021,esHDI24YBCs,back-court-logo,469.48,2.3741,24.12,https://www.youtube.com/watch?v=esHDI24YBCs
22500021,esHDI24YBCs,basket-logo,461.28,0.2001,35.63,https://www.youtube.com/watch?v=esHDI24YBCs
22500021,esHDI24YBCs,side-court-logo,195.2,0.4735,28.78,https://www.youtube.com/watch?v=esHDI24YBCs
22500021,dzzXdsnhIlk,basket-logo,473.8,0.1907,36.87,https://www.youtube.com/watch?v=dzzXdsnhIlk
22500021,dzzXdsnhIlk,side-court-led-logo,402.0,1.9189,30.87,https://www.youtube.com/watch?v=dzzXdsnhIlk
22500021,dzzXdsnhIlk,back-court-logo,473.8,2.1998,25.63,https://www.youtube.com/watch?v=dzzXdsnhIlk
22500021,dzzXdsnhIlk,side-court-logo,184.2,0.4444,27.88,https://www.youtube.com/watch?v=dzzXdsnhIlk
22500021,dzzXdsnhIlk,mid-court-logo,236.8,1.3194,26.53,https://www.youtube.com/watch?v=dzzXdsnhIlk
22500021,fg_LxSqTEwc,basket-logo,60.86,0.1623,36.17,https://www.youtube.com/watch?v=fg_LxSqTEwc
22500021,fg_LxSqTEwc,side-court-led-logo,67.67,2.2007,26.71,https://www.youtube.com/watch?v=fg_LxSqTEwc
22500021,fg_LxSqTEwc,back-court-logo,56.86,1.779,24.01,https://www.youtube.com/watch?v=fg_LxSqTEwc
22500021,fg_LxSqTEwc,mid-court-logo,35.24,1.2931,23.05,https://www.youtube.com/watch?v=fg_LxSqTEwc
22500021,fg_LxSqTEwc,side-court-logo,12.01,0.41,29.73,https://www.youtube.com/watch?v=fg_LxSqTEwc
22500021,94klkEgxc58,basket-logo,482.88,0.1999,35.82,https://www.youtube.com/watch?v=94klkEgxc58
22500021,94klkEgxc58,side-court-led-logo,384.98,1.932,31.82,https://www.youtube.com/watch?v=94klkEgxc58
22500021,94klkEgxc58,mid-court-logo,228.43,1.3333,27.93,https://www.youtube.com/watch?v=94klkEgxc58
22500021,94klkEgxc58,back-court-logo,483.48,2.3439,24.35,https://www.youtube.com/watch?v=94klkEgxc58
22500021,94klkEgxc58,side-court-logo,202.2,0.4481,28.69,https://www.youtube.com/watch?v=94klkEgxc58
22500142,DM8sLGMfh1w,side-court-led-logo,492.09,0.9853,28.97,https://www.youtube.com/watch?v=DM8sLGMfh1w
22500142,DM8sLGMfh1w,side-court-logo,506.31,0.995,26.1,https://www.youtube.com/watch?v=DM8sLGMfh1w
22500142,DM8sLGMfh1w,mid-court-logo,435.64,1.4766,31.1,https://www.youtube.com/watch?v=DM8sLGMfh1w
22500142,DM8sLGMfh1w,back-court-logo,458.46,1.2467,24.18,https://www.youtube.com/watch?v=DM8sLGMfh1w
22500142,DM8sLGMfh1w,basket-logo,440.24,0.1927,35.56,https://www.youtube.com/watch?v=DM8sLGMfh1w
22500142,dMLyf73vhU0,side-court-led-logo,500.1,0.96,28.37,https://www.youtube.com/watch?v=dMLyf73vhU0
22500142,dMLyf73vhU0,side-court-logo,514.51,0.9669,26.66,https://www.youtube.com/watch?v=dMLyf73vhU0
22500142,dMLyf73vhU0,mid-court-logo,447.45,1.3928,29.78,https://www.youtube.com/watch?v=dMLyf73vhU0
22500142,dMLyf73vhU0,basket-logo,455.86,0.1892,35.82,https://www.youtube.com/watch?v=dMLyf73vhU0
22500142,dMLyf73vhU0,back-court-logo,470.47,1.2672,26.06,https://www.youtube.com/watch?v=dMLyf73vhU0
22500142,rG18B6hzSTI,side-court-led-logo,481.6,1.0026,29.35,https://www.youtube.com/watch?v=rG18B6hzSTI
22500142,rG18B6hzSTI,side-court-logo,492.0,1.0135,26.74,https://www.youtube.com/watch?v=rG18B6hzSTI
22500142,rG18B6hzSTI,mid-court-logo,428.6,1.4932,31.14,https://www.youtube.com/watch?v=rG18B6hzSTI
22500142,rG18B6hzSTI,basket-logo,426.4,0.1914,35.32,https://www.youtube.com/watch?v=rG18B6hzSTI
22500142,rG18B6hzSTI,back-court-logo,440.0,1.2418,24.6,https://www.youtube.com/watch?v=rG18B6hzSTI
22500142,kColRJwQd54,basket-logo,277.8,0.1774,35.19,https://www.youtube.com/watch?v=kColRJwQd54
22500142,kColRJwQd54,mid-court-logo,273.2,1.3878,32.9,https://www.youtube.com/watch?v=kColRJwQd54
22500142,kColRJwQd54,side-court-logo,306.0,0.9975,26.12,https://www.youtube.com/watch?v=kColRJwQd54
22500142,kColRJwQd54,back-court-logo,283.0,1.2153,24.12,https://www.youtube.com/watch?v=kColRJwQd54
22500142,kColRJwQd54,side-court-led-logo,300.2,0.9404,29.37,https://www.youtube.com/watch?v=kColRJwQd54
22500152,EG-uMT6zZEo,basket-logo,476.08,0.2389,35.35,https://www.youtube.com/watch?v=EG-uMT6zZEo
22500152,EG-uMT6zZEo,side-court-led-logo,543.54,0.8779,28.01,https://www.youtube.com/watch?v=EG-uMT6zZEo
22500152,EG-uMT6zZEo,mid-court-logo,535.14,1.7746,31.09,https://www.youtube.com/watch?v=EG-uMT6zZEo
22500152,EG-uMT6zZEo,side-court-logo,537.94,0.8526,20.61,https://www.youtube.com/watch?v=EG-uMT6zZEo
22500152,EG-uMT6zZEo,back-court-logo,490.29,1.5665,25.76,https://www.youtube.com/watch?v=EG-uMT6zZEo
22500152,ZUFVmSYOT_0,side-court-led-logo,525.0,0.9448,29.44,https://www.youtube.com/watch?v=ZUFVmSYOT_0
22500152,ZUFVmSYOT_0,mid-court-logo,517.8,2.0118,32.84,https://www.youtube.com/watch?v=ZUFVmSYOT_0
22500152,ZUFVmSYOT_0,side-court-logo,523.2,0.8774,20.04,https://www.youtube.com/watch?v=ZUFVmSYOT_0
22500152,ZUFVmSYOT_0,basket-logo,463.0,0.2488,33.58,https://www.youtube.com/watch?v=ZUFVmSYOT_0
22500152,ZUFVmSYOT_0,back-court-logo,479.6,1.6667,23.4,https://www.youtube.com/watch?v=ZUFVmSYOT_0
22500152,YYacq1OS2Ew,mid-court-logo,385.39,1.9052,30.18,https://www.youtube.com/watch?v=YYacq1OS2Ew
22500152,YYacq1OS2Ew,back-court-logo,342.94,1.5969,25.63,https://www.youtube.com/watch?v=YYacq1OS2Ew
22500152,YYacq1OS2Ew,basket-logo,325.13,0.2468,34.98,https://www.youtube.com/watch?v=YYacq1OS2Ew
22500152,YYacq1OS2Ew,side-court-led-logo,404.4,1.2094,28.51,https://www.youtube.com/watch?v=YYacq1OS2Ew
22500152,YYacq1OS2Ew,side-court-logo,400.2,0.8764,21.39,https://www.youtube.com/watch?v=YYacq1OS2Ew
22500144,Gefc_AGu140,side-court-led-logo,544.0,0.9748,27.18,https://www.youtube.com/watch?v=Gefc_AGu140
22500144,Gefc_AGu140,mid-court-logo,479.4,2.0921,32.55,https://www.youtube.com/watch?v=Gefc_AGu140
22500144,Gefc_AGu140,back-court-logo,500.2,1.604,23.18,https://www.youtube.com/watch?v=Gefc_AGu140
22500144,Gefc_AGu140,basket-logo,474.4,0.1957,33.1,https://www.youtube.com/watch?v=Gefc_AGu140
22500144,e_YNJTVK88M,basket-logo,485.49,0.1891,33.03,https://www.youtube.com/watch?v=e_YNJTVK88M
22500144,e_YNJTVK88M,side-court-led-logo,536.94,0.9225,27.87,https://www.youtube.com/watch?v=e_YNJTVK88M
22500144,e_YNJTVK88M,mid-court-logo,476.28,2.1173,33.35,https://www.youtube.com/watch?v=e_YNJTVK88M
22500144,e_YNJTVK88M,back-court-logo,500.9,1.5517,23.4,https://www.youtube.com/watch?v=e_YNJTVK88M
22500144,XGbapbVlpWs,side-court-led-logo,507.4,0.9532,27.89,https://www.youtube.com/watch?v=XGbapbVlpWs
22500144,XGbapbVlpWs,mid-court-logo,420.6,2.1938,32.91,https://www.youtube.com/watch?v=XGbapbVlpWs
22500144,XGbapbVlpWs,back-court-logo,480.2,1.5552,23.42,https://www.youtube.com/watch?v=XGbapbVlpWs
22500144,XGbapbVlpWs,basket-logo,464.8,0.1908,32.86,https://www.youtube.com/watch?v=XGbapbVlpWs
22500144,XGbapbVlpWs,side-court-logo,0.4,0.3214,41.35,https://www.youtube.com/watch?v=XGbapbVlpWs
22500144,VAxIH5fVaGA,basket-logo,490.0,0.1882,32.26,https://www.youtube.com/watch?v=VAxIH5fVaGA
22500144,VAxIH5fVaGA,side-court-led-logo,534.0,0.885,27.78,https://www.youtube.com/watch?v=VAxIH5fVaGA
22500144,VAxIH5fVaGA,back-court-logo,507.4,1.5328,22.57,https://www.youtube.com/watch?v=VAxIH5fVaGA
22500144,VAxIH5fVaGA,mid-court-logo,445.2,2.1606,32.47,https://www.youtube.com/watch?v=VAxIH5fVaGA
22500144,VAxIH5fVaGA,side-court-logo,0.4,30.2683,28.12,https://www.youtube.com/watch?v=VAxIH5fVaGA
22500144,F6c97ioPGJs,side-court-led-logo,630.8,0.7773,28.07,https://www.youtube.com/watch?v=F6c97ioPGJs
22500144,F6c97ioPGJs,basket-logo,571.6,0.1785,38.5,https://www.youtube.com/watch?v=F6c97ioPGJs
22500144,F6c97ioPGJs,back-court-logo,594.8,1.2272,28.57,https://www.youtube.com/watch?v=F6c97ioPGJs
22500144,F6c97ioPGJs,mid-court-logo,638.8,2.2284,30.48,https://www.youtube.com/watch?v=F6c97ioPGJs
22500144,F6c97ioPGJs,side-court-logo,0.6,0.5888,38.98,https://www.youtube.com/watch?v=F6c97ioPGJs
22500120,0XXGnNZSahg,mid-court-logo,401.8,1.9488,29.65,https://www.youtube.com/watch?v=0XXGnNZSahg
22500120,0XXGnNZSahg,side-court-logo,477.08,0.7738,24.83,https://www.youtube.com/watch?v=0XXGnNZSahg
22500120,0XXGnNZSahg,side-court-led-logo,317.92,1.2295,30.07,https://www.youtube.com/watch?v=0XXGnNZSahg
22500120,0XXGnNZSahg,back-court-logo,443.04,0.997,21.34,https://www.youtube.com/watch?v=0XXGnNZSahg
22500120,0XXGnNZSahg,basket-logo,426.43,0.1898,34.11,https://www.youtube.com/watch?v=0XXGnNZSahg
22500126,FRT8vbbWaso,side-court-led-logo,289.0,1.9932,29.19,https://www.youtube.com/watch?v=FRT8vbbWaso
22500126,FRT8vbbWaso,side-court-logo,479.4,1.0629,27.79,https://www.youtube.com/watch?v=FRT8vbbWaso
22500126,FRT8vbbWaso,basket-logo,411.6,0.2408,34.22,https://www.youtube.com/watch?v=FRT8vbbWaso
22500126,FRT8vbbWaso,mid-court-logo,330.2,2.6039,29.98,https://www.youtube.com/watch?v=FRT8vbbWaso
22500126,FRT8vbbWaso,back-court-logo,0.2,0.2409,43.69,https://www.youtube.com/watch?v=FRT8vbbWaso
22500022,O4sfumPz6oE,side-court-led-logo,442.44,0.9119,31.79,https://www.youtube.com/watch?v=O4sfumPz6oE
22500022,O4sfumPz6oE,basket-logo,448.85,0.1856,29.41,https://www.youtube.com/watch?v=O4sfumPz6oE
22500022,O4sfumPz6oE,back-court-logo,443.64,1.3402,19.04,https://www.youtube.com/watch?v=O4sfumPz6oE
22500022,O4sfumPz6oE,mid-court-logo,235.24,1.2485,34.32,https://www.youtube.com/watch?v=O4sfumPz6oE
22500022,O4sfumPz6oE,side-court-logo,375.98,0.8756,26.43,https://www.youtube.com/watch?v=O4sfumPz6oE
22500022,CWrkwxbQulw,side-court-led-logo,489.29,0.5729,30.3,https://www.youtube.com/watch?v=CWrkwxbQulw
22500022,CWrkwxbQulw,mid-court-logo,270.87,1.0646,32.76,https://www.youtube.com/watch?v=CWrkwxbQulw
22500022,CWrkwxbQulw,side-court-logo,202.2,0.6438,17.99,https://www.youtube.com/watch?v=CWrkwxbQulw
22500022,CWrkwxbQulw,basket-logo,520.92,0.1197,24.36,https://www.youtube.com/watch?v=CWrkwxbQulw
22500022,CWrkwxbQulw,back-court-logo,481.88,0.8259,14.63,https://www.youtube.com/watch?v=CWrkwxbQulw
22500022,EHk2THKqhvE,basket-logo,437.64,0.1298,24.7,https://www.youtube.com/watch?v=EHk2THKqhvE
22500022,EHk2THKqhvE,back-court-logo,399.8,0.8843,15.11,https://www.youtube.com/watch?v=EHk2THKqhvE
22500022,EHk2THKqhvE,mid-court-logo,320.92,1.0193,31.46,https://www.youtube.com/watch?v=EHk2THKqhvE
22500022,EHk2THKqhvE,side-court-led-logo,431.03,0.6494,28.36,https://www.youtube.com/watch?v=EHk2THKqhvE
22500022,EHk2THKqhvE,side-court-logo,202.8,0.6549,19.76,https://www.youtube.com/watch?v=EHk2THKqhvE
22500022,hmFJjTamL7g,basket-logo,475.8,0.1794,30.28,https://www.youtube.com/watch?v=hmFJjTamL7g
22500022,hmFJjTamL7g,side-court-led-logo,472.2,0.8729,31.39,https://www.youtube.com/watch?v=hmFJjTamL7g
22500022,hmFJjTamL7g,mid-court-logo,242.8,1.1799,33.97,https://www.youtube.com/watch?v=hmFJjTamL7g
22500022,hmFJjTamL7g,back-court-logo,475.4,1.2877,20.3,https://www.youtube.com/watch?v=hmFJjTamL7g
22500022,hmFJjTamL7g,side-court-logo,406.8,0.8758,25.95,https://www.youtube.com/watch?v=hmFJjTamL7g
22500022,KDQFhqQEoi4,basket-logo,203.6,0.1339,25.51,https://www.youtube.com/watch?v=KDQFhqQEoi4
22500022,KDQFhqQEoi4,back-court-logo,185.39,0.935,15.07,https://www.youtube.com/watch?v=KDQFhqQEoi4
22500022,KDQFhqQEoi4,mid-court-logo,184.38,0.9979,34.17,https://www.youtube.com/watch?v=KDQFhqQEoi4
22500022,KDQFhqQEoi4,side-court-led-logo,199.6,0.6238,30.06,https://www.youtube.com/watch?v=KDQFhqQEoi4
22500022,KDQFhqQEoi4,side-court-logo,91.09,0.604,20.59,https://www.youtube.com/watch?v=KDQFhqQEoi4
22500123,zu2g_9KfgO4,side-court-led-logo,553.15,1.1195,28.38,https://www.youtube.com/watch?v=zu2g_9KfgO4
22500123,zu2g_9KfgO4,side-court-logo,558.16,1.1261,27.83,https://www.youtube.com/watch?v=zu2g_9KfgO4
22500123,zu2g_9KfgO4,mid-court-logo,465.87,1.881,32.16,https://www.youtube.com/watch?v=zu2g_9KfgO4
22500123,zu2g_9KfgO4,back-court-logo,499.3,1.653,25.53,https://www.youtube.com/watch?v=zu2g_9KfgO4
22500123,zu2g_9KfgO4,basket-logo,459.06,0.1937,37.02,https://www.youtube.com/watch?v=zu2g_9KfgO4
22500123,FEvV7T0WiuM,mid-court-logo,427.6,1.9667,33.25,https://www.youtube.com/watch?v=FEvV7T0WiuM
22500123,FEvV7T0WiuM,side-court-led-logo,536.0,1.1255,29.02,https://www.youtube.com/watch?v=FEvV7T0WiuM
22500123,FEvV7T0WiuM,side-court-logo,540.2,1.1526,29.14,https://www.youtube.com/watch?v=FEvV7T0WiuM
22500123,FEvV7T0WiuM,back-court-logo,493.2,1.7278,24.55,https://www.youtube.com/watch?v=FEvV7T0WiuM
22500123,FEvV7T0WiuM,basket-logo,474.6,0.1935,36.13,https://www.youtube.com/watch?v=FEvV7T0WiuM
22500146,F1mZo1vCHiY,side-court-led-logo,487.2,1.0557,29.13,https://www.youtube.com/watch?v=F1mZo1vCHiY
22500146,F1mZo1vCHiY,mid-court-logo,420.2,1.0378,33.39,https://www.youtube.com/watch?v=F1mZo1vCHiY
22500146,F1mZo1vCHiY,side-court-logo,483.2,1.0524,28.15,https://www.youtube.com/watch?v=F1mZo1vCHiY
22500146,F1mZo1vCHiY,basket-logo,430.6,0.2689,33.01,https://www.youtube.com/watch?v=F1mZo1vCHiY
22500146,F1mZo1vCHiY,back-court-logo,444.0,2.1986,21.96,https://www.youtube.com/watch?v=F1mZo1vCHiY
22500146,v_TyMJh7Mxk,basket-logo,470.87,0.2505,35.29,https://www.youtube.com/watch?v=v_TyMJh7Mxk
22500146,v_TyMJh7Mxk,side-court-led-logo,527.73,0.9867,28.58,https://www.youtube.com/watch?v=v_TyMJh7Mxk
22500146,v_TyMJh7Mxk,mid-court-logo,467.07,1.0007,31.69,https://www.youtube.com/watch?v=v_TyMJh7Mxk
22500146,v_TyMJh7Mxk,side-court-logo,525.73,1.0315,28.06,https://www.youtube.com/watch?v=v_TyMJh7Mxk
22500146,v_TyMJh7Mxk,back-court-logo,484.48,2.1626,25.15,https://www.youtube.com/watch?v=v_TyMJh7Mxk
22500146,p_j_hxX5i6o,side-court-led-logo,519.0,1.0603,29.63,https://www.youtube.com/watch?v=p_j_hxX5i6o
22500146,p_j_hxX5i6o,side-court-logo,513.2,1.0603,29.26,https://www.youtube.com/watch?v=p_j_hxX5i6o
22500146,p_j_hxX5i6o,mid-court-logo,451.0,0.9949,33.9,https://www.youtube.com/watch?v=p_j_hxX5i6o
22500146,p_j_hxX5i6o,back-court-logo,484.0,2.2365,23.86,https://www.youtube.com/watch?v=p_j_hxX5i6o
22500146,p_j_hxX5i6o,basket-logo,468.0,0.2591,33.62,https://www.youtube.com/watch?v=p_j_hxX5i6o
22500146,RMdeFU2IQHE,mid-court-logo,430.0,1.0524,33.6,https://www.youtube.com/watch?v=RMdeFU2IQHE
22500146,RMdeFU2IQHE,side-court-logo,509.0,1.084,29.28,https://www.youtube.com/watch?v=RMdeFU2IQHE
22500146,RMdeFU2IQHE,back-court-logo,469.4,2.2598,23.03,https://www.youtube.com/watch?v=RMdeFU2IQHE
22500146,RMdeFU2IQHE,side-court-led-logo,511.6,1.0818,29.95,https://www.youtube.com/watch?v=RMdeFU2IQHE
22500146,RMdeFU2IQHE,basket-logo,455.2,0.264,33.21,https://www.youtube.com/watch?v=RMdeFU2IQHE
22500146,x8KMsydyH-I,side-court-led-logo,305.59,1.9354,34.38,https://www.youtube.com/watch?v=x8KMsydyH-I
22500146,x8KMsydyH-I,mid-court-logo,123.79,1.5314,31.96,https://www.youtube.com/watch?v=x8KMsydyH-I
22500146,x8KMsydyH-I,side-court-logo,301.79,1.4881,34.88,https://www.youtube.com/watch?v=x8KMsydyH-I
22500146,x8KMsydyH-I,back-court-logo,278.79,4.6132,31.45,https://www.youtube.com/watch?v=x8KMsydyH-I
22500146,x8KMsydyH-I,basket-logo,295.59,0.3945,41.48,https://www.youtube.com/watch?v=x8KMsydyH-I
22500008,BUCt5bk119Y,side-court-led-logo,351.75,1.1073,29.02,https://www.youtube.com/watch?v=BUCt5bk119Y
22500008,BUCt5bk119Y,basket-logo,498.7,0.1515,34.3,https://www.youtube.com/watch?v=BUCt5bk119Y
22500008,BUCt5bk119Y,mid-court-logo,442.64,2.0815,28.36,https://www.youtube.com/watch?v=BUCt5bk119Y
22500008,BUCt5bk119Y,back-court-logo,507.51,1.5626,22.97,https://www.youtube.com/watch?v=BUCt5bk119Y
22500008,BUCt5bk119Y,side-court-logo,521.12,0.3846,22.13,https://www.youtube.com/watch?v=BUCt5bk119Y
22500008,r58iJK5qlnc,side-court-led-logo,358.0,1.195,29.73,https://www.youtube.com/watch?v=r58iJK5qlnc
22500008,r58iJK5qlnc,mid-court-logo,449.6,1.9542,29.24,https://www.youtube.com/watch?v=r58iJK5qlnc
22500008,r58iJK5qlnc,back-court-logo,512.2,1.5655,22.5,https://www.youtube.com/watch?v=r58iJK5qlnc
22500008,r58iJK5qlnc,side-court-logo,527.4,0.3923,22.84,https://www.youtube.com/watch?v=r58iJK5qlnc
22500008,r58iJK5qlnc,basket-logo,501.8,0.1534,33.47,https://www.youtube.com/watch?v=r58iJK5qlnc
22500155,PLjbrMVrYKY,side-court-led-logo,460.6,1.4767,36.5,https://www.youtube.com/watch?v=PLjbrMVrYKY
22500155,PLjbrMVrYKY,mid-court-logo,481.2,1.7151,32.76,https://www.youtube.com/watch?v=PLjbrMVrYKY
22500155,PLjbrMVrYKY,side-court-logo,466.8,0.7876,17.8,https://www.youtube.com/watch?v=PLjbrMVrYKY
22500155,PLjbrMVrYKY,back-court-logo,424.2,1.4868,25.27,https://www.youtube.com/watch?v=PLjbrMVrYKY
22500155,PLjbrMVrYKY,basket-logo,414.4,0.1764,33.93,https://www.youtube.com/watch?v=PLjbrMVrYKY
22500155,jALwH0p6chU,back-court-logo,449.25,1.4896,26.5,https://www.youtube.com/watch?v=jALwH0p6chU
22500155,jALwH0p6chU,mid-court-logo,507.11,1.6816,32.26,https://www.youtube.com/watch?v=jALwH0p6chU
22500155,jALwH0p6chU,side-court-led-logo,485.09,1.3046,35.61,https://www.youtube.com/watch?v=jALwH0p6chU
22500155,jALwH0p6chU,side-court-logo,489.69,0.7744,18.28,https://www.youtube.com/watch?v=jALwH0p6chU
22500155,jALwH0p6chU,basket-logo,439.64,0.1752,35.24,https://www.youtube.com/watch?v=jALwH0p6chU
22500155,7s40hLgA2IE,basket-logo,455.46,0.1768,34.84,https://www.youtube.com/watch?v=7s40hLgA2IE
22500155,7s40hLgA2IE,mid-court-logo,502.7,1.6334,33.78,https://www.youtube.com/watch?v=7s40hLgA2IE
22500155,7s40hLgA2IE,side-court-led-logo,482.48,1.1793,37.26,https://www.youtube.com/watch?v=7s40hLgA2IE
22500155,7s40hLgA2IE,back-court-logo,460.66,1.518,26.28,https://www.youtube.com/watch?v=7s40hLgA2IE
22500155,7s40hLgA2IE,side-court-logo,492.09,0.8109,18.72,https://www.youtube.com/watch?v=7s40hLgA2IE
22500155,BmMg5L3F9GI,mid-court-logo,536.2,1.6868,33.46,https://www.youtube.com/watch?v=BmMg5L3F9GI
22500155,BmMg5L3F9GI,side-court-led-logo,523.0,1.3021,37.2,https://www.youtube.com/watch?v=BmMg5L3F9GI
22500155,BmMg5L3F9GI,side-court-logo,515.0,0.771,19.21,https://www.youtube.com/watch?v=BmMg5L3F9GI
22500155,BmMg5L3F9GI,back-court-logo,480.6,1.4868,25.8,https://www.youtube.com/watch?v=BmMg5L3F9GI
22500155,BmMg5L3F9GI,basket-logo,471.6,0.1742,34.2,https://www.youtube.com/watch?v=BmMg5L3F9GI
22500155,psEfQLPww-o,basket-logo,365.17,0.1787,35.62,https://www.youtube.com/watch?v=psEfQLPww-o
22500155,psEfQLPww-o,mid-court-logo,392.19,1.8757,33.24,https://www.youtube.com/watch?v=psEfQLPww-o
22500155,psEfQLPww-o,side-court-led-logo,368.17,1.045,37.68,https://www.youtube.com/watch?v=psEfQLPww-o
22500155,psEfQLPww-o,side-court-logo,378.98,0.7389,17.23,https://www.youtube.com/watch?v=psEfQLPww-o
22500155,psEfQLPww-o,back-court-logo,367.57,1.5552,25.98,https://www.youtube.com/watch?v=psEfQLPww-o
22500155,8T-db2rTJVc,basket-logo,169.0,0.5186,30.53,https://www.youtube.com/watch?v=8T-db2rTJVc
22500155,8T-db2rTJVc,mid-court-logo,126.0,3.5823,22.72,https://www.youtube.com/watch?v=8T-db2rTJVc
22500155,8T-db2rTJVc,side-court-led-logo,91.0,3.957,22.57,https://www.youtube.com/watch?v=8T-db2rTJVc
22500155,8T-db2rTJVc,side-court-logo,394.0,2.6464,36.3,https://www.youtube.com/watch?v=8T-db2rTJVc
22500155,8T-db2rTJVc,back-court-logo,227.0,5.0099,27.31,https://www.youtube.com/watch?v=8T-db2rTJVc
22500141,a2-PF_aRIbU,basket-logo,530.93,0.2059,31.48,https://www.youtube.com/watch?v=a2-PF_aRIbU
22500141,a2-PF_aRIbU,mid-court-logo,443.44,1.8806,32.71,https://www.youtube.com/watch?v=a2-PF_aRIbU
22500141,a2-PF_aRIbU,back-court-logo,534.33,1.2934,19.82,https://www.youtube.com/watch?v=a2-PF_aRIbU
22500141,a2-PF_aRIbU,side-court-led-logo,543.34,2.3106,30.83,https://www.youtube.com/watch?v=a2-PF_aRIbU
22500141,a2-PF_aRIbU,side-court-logo,540.74,0.553,27.73,https://www.youtube.com/watch?v=a2-PF_aRIbU
22500141,-AvNBaGi2CY,basket-logo,486.69,0.2025,32.83,https://www.youtube.com/watch?v=-AvNBaGi2CY
22500141,-AvNBaGi2CY,side-court-led-logo,517.52,2.5127,29.74,https://www.youtube.com/watch?v=-AvNBaGi2CY
22500141,-AvNBaGi2CY,mid-court-logo,421.02,1.9727,31.44,https://www.youtube.com/watch?v=-AvNBaGi2CY
22500141,-AvNBaGi2CY,side-court-logo,506.11,0.5591,26.88,https://www.youtube.com/watch?v=-AvNBaGi2CY
22500141,-AvNBaGi2CY,back-court-logo,489.49,1.2459,21.7,https://www.youtube.com/watch?v=-AvNBaGi2CY
22500136,XX7I9-ieTSA,basket-logo,639.84,0.1287,30.71,https://www.youtube.com/watch?v=XX7I9-ieTSA
22500136,XX7I9-ieTSA,side-court-led-logo,646.25,0.9145,36.33,https://www.youtube.com/watch?v=XX7I9-ieTSA
22500136,XX7I9-ieTSA,side-court-logo,645.85,0.2947,19.32,https://www.youtube.com/watch?v=XX7I9-ieTSA
22500136,XX7I9-ieTSA,mid-court-logo,512.91,1.6455,30.4,https://www.youtube.com/watch?v=XX7I9-ieTSA
22500136,XX7I9-ieTSA,back-court-logo,644.04,1.3301,20.56,https://www.youtube.com/watch?v=XX7I9-ieTSA
22500136,TequnYSbZrM,side-court-led-logo,312.6,1.3293,35.18,https://www.youtube.com/watch?v=TequnYSbZrM
22500136,TequnYSbZrM,basket-logo,455.0,0.1826,34.57,https://www.youtube.com/watch?v=TequnYSbZrM
22500136,TequnYSbZrM,mid-court-logo,410.6,2.3135,33.13,https://www.youtube.com/watch?v=TequnYSbZrM
22500136,TequnYSbZrM,back-court-logo,478.4,1.9553,23.35,https://www.youtube.com/watch?v=TequnYSbZrM
22500136,TequnYSbZrM,side-court-logo,511.6,0.4198,25.05,https://www.youtube.com/watch?v=TequnYSbZrM
22500136,KeuIH6NTK4M,basket-logo,471.07,0.1752,35.27,https://www.youtube.com/watch?v=KeuIH6NTK4M
22500136,KeuIH6NTK4M,side-court-led-logo,331.33,1.2444,33.62,https://www.youtube.com/watch?v=KeuIH6NTK4M
22500136,KeuIH6NTK4M,mid-court-logo,410.01,2.2324,32.55,https://www.youtube.com/watch?v=KeuIH6NTK4M
22500136,KeuIH6NTK4M,side-court-logo,510.31,0.4301,25.37,https://www.youtube.com/watch?v=KeuIH6NTK4M
22500136,KeuIH6NTK4M,back-court-logo,484.88,1.8962,24.41,https://www.youtube.com/watch?v=KeuIH6NTK4M
22500136,tyWH2Ud1bOs,side-court-led-logo,341.54,0.9391,36.2,https://www.youtube.com/watch?v=tyWH2Ud1bOs
22500136,tyWH2Ud1bOs,side-court-logo,350.95,0.2928,18.78,https://www.youtube.com/watch?v=tyWH2Ud1bOs
22500136,tyWH2Ud1bOs,mid-court-logo,330.33,1.8236,30.51,https://www.youtube.com/watch?v=tyWH2Ud1bOs
22500136,tyWH2Ud1bOs,back-court-logo,346.35,1.3182,19.27,https://www.youtube.com/watch?v=tyWH2Ud1bOs
22500136,tyWH2Ud1bOs,basket-logo,347.95,0.1281,30.08,https://www.youtube.com/watch?v=tyWH2Ud1bOs
22500125,KXRWAIwJZQY,basket-logo,510.11,0.1299,31.72,https://www.youtube.com/watch?v=KXRWAIwJZQY
22500125,KXRWAIwJZQY,mid-court-logo,523.12,1.2756,30.16,https://www.youtube.com/watch?v=KXRWAIwJZQY
22500125,KXRWAIwJZQY,side-court-logo,484.68,0.2708,24.47,https://www.youtube.com/watch?v=KXRWAIwJZQY
22500125,KXRWAIwJZQY,back-court-logo,517.32,1.2464,21.15,https://www.youtube.com/watch?v=KXRWAIwJZQY
22500125,KXRWAIwJZQY,side-court-led-logo,538.14,0.6258,27.36,https://www.youtube.com/watch?v=KXRWAIwJZQY
22500125,ZG202vgStqo,basket-logo,499.1,0.1301,32.48,https://www.youtube.com/watch?v=ZG202vgStqo
22500125,ZG202vgStqo,mid-court-logo,513.31,1.2674,29.54,https://www.youtube.com/watch?v=ZG202vgStqo
22500125,ZG202vgStqo,side-court-led-logo,531.93,0.6616,27.21,https://www.youtube.com/watch?v=ZG202vgStqo
22500125,ZG202vgStqo,back-court-logo,507.71,1.2557,22.21,https://www.youtube.com/watch?v=ZG202vgStqo
22500125,ZG202vgStqo,side-court-logo,470.07,0.2716,24.27,https://www.youtube.com/watch?v=ZG202vgStqo
22500024,qBpYJVKah6w,side-court-led-logo,513.6,1.7736,33.19,https://www.youtube.com/watch?v=qBpYJVKah6w
22500024,qBpYJVKah6w,side-court-logo,427.2,0.7612,26.17,https://www.youtube.com/watch?v=qBpYJVKah6w
22500024,qBpYJVKah6w,mid-court-logo,445.0,1.6654,33.36,https://www.youtube.com/watch?v=qBpYJVKah6w
22500024,qBpYJVKah6w,back-court-logo,503.0,1.3351,23.95,https://www.youtube.com/watch?v=qBpYJVKah6w
22500024,qBpYJVKah6w,basket-logo,501.6,0.1784,35.84,https://www.youtube.com/watch?v=qBpYJVKah6w
22500024,imp7xwEz9Tg,side-court-led-logo,504.7,2.0071,31.61,https://www.youtube.com/watch?v=imp7xwEz9Tg
22500024,imp7xwEz9Tg,mid-court-logo,432.03,1.6395,32.6,https://www.youtube.com/watch?v=imp7xwEz9Tg
22500024,imp7xwEz9Tg,side-court-logo,399.2,0.7326,24.56,https://www.youtube.com/watch?v=imp7xwEz9Tg
22500024,imp7xwEz9Tg,back-court-logo,473.47,1.2815,24.63,https://www.youtube.com/watch?v=imp7xwEz9Tg
22500024,imp7xwEz9Tg,basket-logo,479.88,0.1787,36.17,https://www.youtube.com/watch?v=imp7xwEz9Tg
22500024,cMvlI-j6q0E,basket-logo,347.55,0.1674,36.44,https://www.youtube.com/watch?v=cMvlI-j6q0E
22500024,cMvlI-j6q0E,side-court-led-logo,371.57,1.7049,32.46,https://www.youtube.com/watch?v=cMvlI-j6q0E
22500024,cMvlI-j6q0E,side-court-logo,307.11,0.7304,22.39,https://www.youtube.com/watch?v=cMvlI-j6q0E
22500024,cMvlI-j6q0E,back-court-logo,352.35,1.3477,24.31,https://www.youtube.com/watch?v=cMvlI-j6q0E
22500024,cMvlI-j6q0E,mid-court-logo,365.57,1.9053,31.98,https://www.youtube.com/watch?v=cMvlI-j6q0E
22500024,5M0jDaZaxdw,side-court-led-logo,154.2,1.8342,34.2,https://www.youtube.com/watch?v=5M0jDaZaxdw
22500024,5M0jDaZaxdw,basket-logo,147.0,0.1777,35.3,https://www.youtube.com/watch?v=5M0jDaZaxdw
22500024,5M0jDaZaxdw,back-court-logo,148.6,1.3287,23.99,https://www.youtube.com/watch?v=5M0jDaZaxdw
22500024,5M0jDaZaxdw,mid-court-logo,124.0,1.7445,33.27,https://www.youtube.com/watch?v=5M0jDaZaxdw
22500024,5M0jDaZaxdw,side-court-logo,133.2,0.7656,27.08,https://www.youtube.com/watch?v=5M0jDaZaxdw
22500130,b1DtzpwI6hw,mid-court-logo,401.82,2.2122,35.26,https://www.youtube.com/watch?v=b1DtzpwI6hw
22500130,b1DtzpwI6hw,basket-logo,388.6,0.2099,35.57,https://www.youtube.com/watch?v=b1DtzpwI6hw
22500130,b1DtzpwI6hw,side-court-logo,423.24,0.6934,25.98,https://www.youtube.com/watch?v=b1DtzpwI6hw
22500130,b1DtzpwI6hw,back-court-logo,387.0,0.8619,24.48,https://www.youtube.com/watch?v=b1DtzpwI6hw
22500130,b1DtzpwI6hw,side-court-led-logo,262.87,1.2425,33.77,https://www.youtube.com/watch?v=b1DtzpwI6hw
22500130,sizx1AvXLa8,mid-court-logo,499.8,2.1792,35.55,https://www.youtube.com/watch?v=sizx1AvXLa8
22500130,sizx1AvXLa8,side-court-led-logo,350.6,1.065,36.35,https://www.youtube.com/watch?v=sizx1AvXLa8
22500130,sizx1AvXLa8,side-court-logo,522.6,0.6803,26.6,https://www.youtube.com/watch?v=sizx1AvXLa8
22500130,sizx1AvXLa8,back-court-logo,481.0,0.8099,24.61,https://www.youtube.com/watch?v=sizx1AvXLa8
22500130,sizx1AvXLa8,basket-logo,477.6,0.1991,35.15,https://www.youtube.com/watch?v=sizx1AvXLa8
22500130,lJsz9IMv0EI,side-court-led-logo,331.8,1.2586,35.06,https://www.youtube.com/watch?v=lJsz9IMv0EI
22500130,lJsz9IMv0EI,basket-logo,474.4,0.2021,34.73,https://www.youtube.com/watch?v=lJsz9IMv0EI
22500130,lJsz9IMv0EI,side-court-logo,517.4,0.6927,26.89,https://www.youtube.com/watch?v=lJsz9IMv0EI
22500130,lJsz9IMv0EI,back-court-logo,475.0,0.8137,24.79,https://www.youtube.com/watch?v=lJsz9IMv0EI
22500130,lJsz9IMv0EI,mid-court-logo,504.2,2.2616,36.47,https://www.youtube.com/watch?v=lJsz9IMv0EI
22500134,qY-an-xBb1s,basket-logo,454.27,0.1972,34.74,https://www.youtube.com/watch?v=qY-an-xBb1s
22500134,qY-an-xBb1s,side-court-led-logo,483.5,0.953,28.56,https://www.youtube.com/watch?v=qY-an-xBb1s
22500134,qY-an-xBb1s,back-court-logo,466.68,2.4777,22.93,https://www.youtube.com/watch?v=qY-an-xBb1s
22500134,qY-an-xBb1s,mid-court-logo,441.26,1.0694,32.57,https://www.youtube.com/watch?v=qY-an-xBb1s
22500134,qY-an-xBb1s,side-court-logo,487.9,1.0555,22.77,https://www.youtube.com/watch?v=qY-an-xBb1s
22500134,GcxIJJFGReQ,side-court-led-logo,393.6,1.1351,30.3,https://www.youtube.com/watch?v=GcxIJJFGReQ
22500134,GcxIJJFGReQ,mid-court-logo,343.2,1.0553,32.94,https://www.youtube.com/watch?v=GcxIJJFGReQ
22500134,GcxIJJFGReQ,side-court-logo,391.6,1.1007,24.89,https://www.youtube.com/watch?v=GcxIJJFGReQ
22500134,GcxIJJFGReQ,back-court-logo,371.0,2.5461,22.36,https://www.youtube.com/watch?v=GcxIJJFGReQ
22500134,GcxIJJFGReQ,basket-logo,362.6,0.1986,33.17,https://www.youtube.com/watch?v=GcxIJJFGReQ
22500128,-FypeTa5p70,basket-logo,481.08,0.1545,31.85,https://www.youtube.com/watch?v=-FypeTa5p70
22500128,-FypeTa5p70,side-court-led-logo,309.51,1.0686,33.51,https://www.youtube.com/watch?v=-FypeTa5p70
22500128,-FypeTa5p70,mid-court-logo,492.09,0.9814,30.98,https://www.youtube.com/watch?v=-FypeTa5p70
22500128,-FypeTa5p70,back-court-logo,494.29,1.7996,22.05,https://www.youtube.com/watch?v=-FypeTa5p70
22500128,-FypeTa5p70,side-court-logo,519.72,0.3971,26.16,https://www.youtube.com/watch?v=-FypeTa5p70
22500128,5IjtWeZiYjM,basket-logo,480.28,0.1451,34.93,https://www.youtube.com/watch?v=5IjtWeZiYjM
22500128,5IjtWeZiYjM,mid-court-logo,497.5,0.9623,29.1,https://www.youtube.com/watch?v=5IjtWeZiYjM
22500128,5IjtWeZiYjM,side-court-logo,509.31,0.3861,24.41,https://www.youtube.com/watch?v=5IjtWeZiYjM
22500128,5IjtWeZiYjM,side-court-led-logo,332.73,0.9601,31.98,https://www.youtube.com/watch?v=5IjtWeZiYjM
22500128,5IjtWeZiYjM,back-court-logo,490.89,1.7209,24.54,https://www.youtube.com/watch?v=5IjtWeZiYjM
22500128,pAjYBIihlk0,basket-logo,494.4,0.1494,32.64,https://www.youtube.com/watch?v=pAjYBIihlk0
22500128,pAjYBIihlk0,side-court-led-logo,321.2,1.0253,34.51,https://www.youtube.com/watch?v=pAjYBIihlk0
22500128,pAjYBIihlk0,mid-court-logo,499.6,0.9631,31.32,https://www.youtube.com/watch?v=pAjYBIihlk0
22500128,pAjYBIihlk0,side-court-logo,524.2,0.3955,25.78,https://www.youtube.com/watch?v=pAjYBIihlk0
22500128,pAjYBIihlk0,back-court-logo,506.6,1.7617,22.26,https://www.youtube.com/watch?v=pAjYBIihlk0
22500023,5OZCFLzs2wE,basket-logo,479.88,0.2015,31.46,https://www.youtube.com/watch?v=5OZCFLzs2wE
22500023,5OZCFLzs2wE,side-court-led-logo,440.24,1.6683,36.97,https://www.youtube.com/watch?v=5OZCFLzs2wE
22500023,5OZCFLzs2wE,back-court-logo,487.49,1.5412,20.23,https://www.youtube.com/watch?v=5OZCFLzs2wE
22500023,5OZCFLzs2wE,mid-court-logo,421.22,2.1174,34.5,https://www.youtube.com/watch?v=5OZCFLzs2wE
22500023,5OZCFLzs2wE,side-court-logo,353.15,0.9576,24.14,https://www.youtube.com/watch?v=5OZCFLzs2wE
22500023,I6VdcBKAU9M,side-court-led-logo,476.08,1.501,34.14,https://www.youtube.com/watch?v=I6VdcBKAU9M
22500023,I6VdcBKAU9M,basket-logo,474.27,0.1897,33.89,https://www.youtube.com/watch?v=I6VdcBKAU9M
22500023,I6VdcBKAU9M,mid-court-logo,431.23,2.2653,32.23,https://www.youtube.com/watch?v=I6VdcBKAU9M
22500023,I6VdcBKAU9M,back-court-logo,482.28,1.4835,22.88,https://www.youtube.com/watch?v=I6VdcBKAU9M
22500023,I6VdcBKAU9M,side-court-logo,347.15,0.9163,22.23,https://www.youtube.com/watch?v=I6VdcBKAU9M
22500023,EmrNl4QIBuM,side-court-led-logo,467.0,1.7677,34.74,https://www.youtube.com/watch?v=EmrNl4QIBuM
22500023,EmrNl4QIBuM,mid-court-logo,426.4,2.1842,32.93,https://www.youtube.com/watch?v=EmrNl4QIBuM
22500023,EmrNl4QIBuM,side-court-logo,367.4,0.9757,23.36,https://www.youtube.com/watch?v=EmrNl4QIBuM
22500023,EmrNl4QIBuM,back-court-logo,484.6,1.5058,22.1,https://www.youtube.com/watch?v=EmrNl4QIBuM
22500023,EmrNl4QIBuM,basket-logo,476.4,0.2038,33.7,https://www.youtube.com/watch?v=EmrNl4QIBuM
22500023,4kbJ3O9po2U,basket-logo,84.08,0.19,34.34,https://www.youtube.com/watch?v=4kbJ3O9po2U
22500023,4kbJ3O9po2U,back-court-logo,88.49,1.3752,24.75,https://www.youtube.com/watch?v=4kbJ3O9po2U
22500023,4kbJ3O9po2U,side-court-logo,59.66,0.8842,25.79,https://www.youtube.com/watch?v=4kbJ3O9po2U
22500023,4kbJ3O9po2U,mid-court-logo,84.88,2.1896,29.2,https://www.youtube.com/watch?v=4kbJ3O9po2U
22500023,4kbJ3O9po2U,side-court-led-logo,85.89,1.7245,31.05,https://www.youtube.com/watch?v=4kbJ3O9po2U
22500023,jichjBoQWQA,side-court-led-logo,215.2,2.2715,31.57,https://www.youtube.com/watch?v=jichjBoQWQA
22500023,jichjBoQWQA,mid-court-logo,118.6,1.9851,31.85,https://www.youtube.com/watch?v=jichjBoQWQA
22500023,jichjBoQWQA,side-court-logo,405.6,1.7606,28.91,https://www.youtube.com/watch?v=jichjBoQWQA
22500023,jichjBoQWQA,back-court-logo,526.0,3.2438,31.76,https://www.youtube.com/watch?v=jichjBoQWQA
22500023,jichjBoQWQA,basket-logo,560.2,0.3367,40.78,https://www.youtube.com/watch?v=jichjBoQWQA
22500117,E-IrOyv0eqw,mid-court-logo,460.66,2.0284,31.5,https://www.youtube.com/watch?v=E-IrOyv0eqw
22500117,E-IrOyv0eqw,side-court-logo,495.1,1.0502,25.1,https://www.youtube.com/watch?v=E-IrOyv0eqw
22500117,E-IrOyv0eqw,side-court-led-logo,411.41,1.5446,31.27,https://www.youtube.com/watch?v=E-IrOyv0eqw
22500117,E-IrOyv0eqw,basket-logo,466.67,0.134,35.73,https://www.youtube.com/watch?v=E-IrOyv0eqw
22500117,E-IrOyv0eqw,back-court-logo,2.2,1.0445,22.88,https://www.youtube.com/watch?v=E-IrOyv0eqw
22500117,hejJ53BHxps,mid-court-logo,437.6,2.0318,32.03,https://www.youtube.com/watch?v=hejJ53BHxps
22500117,hejJ53BHxps,side-court-logo,472.0,1.0532,25.72,https://www.youtube.com/watch?v=hejJ53BHxps
22500117,hejJ53BHxps,side-court-led-logo,392.4,1.6138,31.53,https://www.youtube.com/watch?v=hejJ53BHxps
22500117,hejJ53BHxps,basket-logo,444.2,0.1333,35.35,https://www.youtube.com/watch?v=hejJ53BHxps
22500117,hejJ53BHxps,back-court-logo,1.8,0.8825,32.42,https://www.youtube.com/watch?v=hejJ53BHxps
22500135,UXaPBchknSY,side-court-led-logo,322.32,0.8791,32.25,https://www.youtube.com/watch?v=UXaPBchknSY
22500135,UXaPBchknSY,side-court-logo,513.51,0.6387,25.58,https://www.youtube.com/watch?v=UXaPBchknSY
22500135,UXaPBchknSY,mid-court-logo,403.4,1.8611,30.42,https://www.youtube.com/watch?v=UXaPBchknSY
22500135,UXaPBchknSY,basket-logo,472.47,0.1972,32.49,https://www.youtube.com/watch?v=UXaPBchknSY
22500135,UXaPBchknSY,back-court-logo,485.69,0.9608,20.62,https://www.youtube.com/watch?v=UXaPBchknSY
22500135,VGwyAal0CXg,side-court-led-logo,338.4,0.9528,32.27,https://www.youtube.com/watch?v=VGwyAal0CXg
22500135,VGwyAal0CXg,basket-logo,478.4,0.1871,32.32,https://www.youtube.com/watch?v=VGwyAal0CXg
22500135,VGwyAal0CXg,side-court-logo,527.6,0.6395,25.43,https://www.youtube.com/watch?v=VGwyAal0CXg
22500135,VGwyAal0CXg,mid-court-logo,416.0,1.8869,30.38,https://www.youtube.com/watch?v=VGwyAal0CXg
22500135,VGwyAal0CXg,back-court-logo,497.8,0.9487,20.51,https://www.youtube.com/watch?v=VGwyAal0CXg
22500135,lHziXjQadJM,side-court-led-logo,305.6,1.0725,31.92,https://www.youtube.com/watch?v=lHziXjQadJM
22500135,lHziXjQadJM,side-court-logo,511.2,0.6438,26.57,https://www.youtube.com/watch?v=lHziXjQadJM
22500135,lHziXjQadJM,mid-court-logo,389.0,1.7896,31.11,https://www.youtube.com/watch?v=lHziXjQadJM
22500135,lHziXjQadJM,basket-logo,469.4,0.189,32.11,https://www.youtube.com/watch?v=lHziXjQadJM
22500135,lHziXjQadJM,back-court-logo,486.0,0.9494,20.4,https://www.youtube.com/watch?v=lHziXjQadJM
22500115,MGmJNfFuLmI,side-court-led-logo,397.0,1.7722,31.89,https://www.youtube.com/watch?v=MGmJNfFuLmI
22500115,MGmJNfFuLmI,mid-court-logo,456.26,1.9829,31.64,https://www.youtube.com/watch?v=MGmJNfFuLmI
22500115,MGmJNfFuLmI,side-court-logo,472.87,0.9079,23.68,https://www.youtube.com/watch?v=MGmJNfFuLmI
22500115,MGmJNfFuLmI,back-court-logo,452.85,1.3847,21.45,https://www.youtube.com/watch?v=MGmJNfFuLmI
22500115,MGmJNfFuLmI,basket-logo,441.44,0.1981,32.16,https://www.youtube.com/watch?v=MGmJNfFuLmI
22500115,eZsblx5Llu0,mid-court-logo,428.2,1.9799,31.33,https://www.youtube.com/watch?v=eZsblx5Llu0
22500115,eZsblx5Llu0,side-court-logo,444.6,0.9237,22.98,https://www.youtube.com/watch?v=eZsblx5Llu0
22500115,eZsblx5Llu0,back-court-logo,428.4,1.3846,21.66,https://www.youtube.com/watch?v=eZsblx5Llu0
22500115,eZsblx5Llu0,side-court-led-logo,366.6,1.8344,32.05,https://www.youtube.com/watch?v=eZsblx5Llu0
22500115,eZsblx5Llu0,basket-logo,419.4,0.2019,32.49,https://www.youtube.com/watch?v=eZsblx5Llu0
22500115,jjERrDapaWI,mid-court-logo,89.49,1.8836,29.83,https://www.youtube.com/watch?v=jjERrDapaWI
22500115,jjERrDapaWI,side-court-logo,94.69,0.8688,25.21,https://www.youtube.com/watch?v=jjERrDapaWI
22500115,jjERrDapaWI,side-court-led-logo,77.08,1.4596,30.85,https://www.youtube.com/watch?v=jjERrDapaWI
22500115,jjERrDapaWI,back-court-logo,89.29,1.8357,22.91,https://www.youtube.com/watch?v=jjERrDapaWI
22500115,jjERrDapaWI,basket-logo,89.69,0.2265,33.26,https://www.youtube.com/watch?v=jjERrDapaWI
22500112,w_ZHMWGeZhY,basket-logo,482.08,0.1868,33.74,https://www.youtube.com/watch?v=w_ZHMWGeZhY
22500112,w_ZHMWGeZhY,mid-court-logo,328.93,1.8523,34.15,https://www.youtube.com/watch?v=w_ZHMWGeZhY
22500112,w_ZHMWGeZhY,side-court-logo,521.72,0.6611,29.04,https://www.youtube.com/watch?v=w_ZHMWGeZhY
22500112,w_ZHMWGeZhY,side-court-led-logo,197.4,1.2115,33.34,https://www.youtube.com/watch?v=w_ZHMWGeZhY
22500114,rVNgdHGeRLc,side-court-logo,530.73,0.9744,28.23,https://www.youtube.com/watch?v=rVNgdHGeRLc
22500114,rVNgdHGeRLc,mid-court-logo,343.14,2.033,27.86,https://www.youtube.com/watch?v=rVNgdHGeRLc
22500114,rVNgdHGeRLc,side-court-led-logo,363.16,2.0447,29.66,https://www.youtube.com/watch?v=rVNgdHGeRLc
22500114,rVNgdHGeRLc,back-court-logo,496.7,2.2549,26.08,https://www.youtube.com/watch?v=rVNgdHGeRLc
22500114,rVNgdHGeRLc,basket-logo,488.29,0.2706,35.84,https://www.youtube.com/watch?v=rVNgdHGeRLc
22500114,uJuRcI4E-b4,basket-logo,559.56,0.2597,35.92,https://www.youtube.com/watch?v=uJuRcI4E-b4
22500114,uJuRcI4E-b4,mid-court-logo,383.18,1.956,27.96,https://www.youtube.com/watch?v=uJuRcI4E-b4
22500114,uJuRcI4E-b4,side-court-logo,599.0,0.981,28.39,https://www.youtube.com/watch?v=uJuRcI4E-b4
22500114,uJuRcI4E-b4,side-court-led-logo,407.81,2.0172,29.6,https://www.youtube.com/watch?v=uJuRcI4E-b4
22500114,uJuRcI4E-b4,back-court-logo,565.97,2.2513,26.17,https://www.youtube.com/watch?v=uJuRcI4E-b4
22500007,gMV4Z2i4u1w,side-court-led-logo,484.28,1.243,30.71,https://www.youtube.com/watch?v=gMV4Z2i4u1w
22500007,gMV4Z2i4u1w,back-court-logo,442.24,1.9303,23.04,https://www.youtube.com/watch?v=gMV4Z2i4u1w
22500007,gMV4Z2i4u1w,mid-court-logo,402.2,1.7642,33.64,https://www.youtube.com/watch?v=gMV4Z2i4u1w
22500007,gMV4Z2i4u1w,basket-logo,428.43,0.1829,31.0,https://www.youtube.com/watch?v=gMV4Z2i4u1w
22500007,gMV4Z2i4u1w,side-court-logo,466.07,0.7701,31.5,https://www.youtube.com/watch?v=gMV4Z2i4u1w
22500007,0P4B4VN-HjM,side-court-led-logo,516.72,1.2893,29.36,https://www.youtube.com/watch?v=0P4B4VN-HjM
22500007,0P4B4VN-HjM,basket-logo,462.06,0.1801,33.31,https://www.youtube.com/watch?v=0P4B4VN-HjM
22500007,0P4B4VN-HjM,back-court-logo,474.87,1.9227,25.09,https://www.youtube.com/watch?v=0P4B4VN-HjM
22500007,0P4B4VN-HjM,mid-court-logo,427.83,1.771,32.09,https://www.youtube.com/watch?v=0P4B4VN-HjM
22500007,0P4B4VN-HjM,side-court-logo,494.69,0.7641,29.89,https://www.youtube.com/watch?v=0P4B4VN-HjM
22500007,fAnZ9hs2vp8,side-court-led-logo,460.2,1.1756,30.98,https://www.youtube.com/watch?v=fAnZ9hs2vp8
22500007,fAnZ9hs2vp8,back-court-logo,420.0,1.9153,23.42,https://www.youtube.com/watch?v=fAnZ9hs2vp8
22500007,fAnZ9hs2vp8,mid-court-logo,384.2,1.7553,33.44,https://www.youtube.com/watch?v=fAnZ9hs2vp8
22500007,fAnZ9hs2vp8,basket-logo,408.0,0.1792,31.29,https://www.youtube.com/watch?v=fAnZ9hs2vp8
22500007,fAnZ9hs2vp8,side-court-logo,446.8,0.7591,31.58,https://www.youtube.com/watch?v=fAnZ9hs2vp8
22500133,0SnXE0Uuug4,side-court-led-logo,457.26,2.1301,31.95,https://www.youtube.com/watch?v=0SnXE0Uuug4
22500133,0SnXE0Uuug4,side-court-logo,456.46,0.4852,29.36,https://www.youtube.com/watch?v=0SnXE0Uuug4
22500133,0SnXE0Uuug4,mid-court-logo,264.86,1.522,30.38,https://www.youtube.com/watch?v=0SnXE0Uuug4
22500133,0SnXE0Uuug4,back-court-logo,463.46,1.2276,24.92,https://www.youtube.com/watch?v=0SnXE0Uuug4
22500133,0SnXE0Uuug4,basket-logo,461.46,0.2111,34.32,https://www.youtube.com/watch?v=0SnXE0Uuug4
22500133,IDDGvMHI7jw,side-court-logo,464.46,0.4554,29.24,https://www.youtube.com/watch?v=IDDGvMHI7jw
22500133,IDDGvMHI7jw,side-court-led-logo,455.46,2.1925,30.54,https://www.youtube.com/watch?v=IDDGvMHI7jw
22500133,IDDGvMHI7jw,mid-court-logo,283.68,1.4423,28.27,https://www.youtube.com/watch?v=IDDGvMHI7jw
22500133,IDDGvMHI7jw,basket-logo,429.43,0.1985,34.71,https://www.youtube.com/watch?v=IDDGvMHI7jw
22500133,IDDGvMHI7jw,back-court-logo,444.64,1.2015,26.08,https://www.youtube.com/watch?v=IDDGvMHI7jw
22500133,q6u9VHMOXSE,side-court-led-logo,500.9,2.1106,32.19,https://www.youtube.com/watch?v=q6u9VHMOXSE
22500133,q6u9VHMOXSE,side-court-logo,498.9,0.4802,29.67,https://www.youtube.com/watch?v=q6u9VHMOXSE
22500133,q6u9VHMOXSE,mid-court-logo,285.29,1.4986,30.34,https://www.youtube.com/watch?v=q6u9VHMOXSE
22500133,q6u9VHMOXSE,back-court-logo,505.51,1.192,24.75,https://www.youtube.com/watch?v=q6u9VHMOXSE
22500133,q6u9VHMOXSE,basket-logo,510.31,0.2094,34.52,https://www.youtube.com/watch?v=q6u9VHMOXSE
22500133,Tpu0ZlQ1y90,back-court-logo,467.6,1.2333,24.51,https://www.youtube.com/watch?v=Tpu0ZlQ1y90
22500133,Tpu0ZlQ1y90,side-court-led-logo,443.4,2.0992,31.98,https://www.youtube.com/watch?v=Tpu0ZlQ1y90
22500133,Tpu0ZlQ1y90,mid-court-logo,263.8,1.4336,28.86,https://www.youtube.com/watch?v=Tpu0ZlQ1y90
22500133,Tpu0ZlQ1y90,side-court-logo,470.8,0.4591,30.19,https://www.youtube.com/watch?v=Tpu0ZlQ1y90
22500133,Tpu0ZlQ1y90,basket-logo,463.2,0.2078,34.12,https://www.youtube.com/watch?v=Tpu0ZlQ1y90
22500133,xNUtzs-TBlQ,side-court-logo,419.81,0.4619,29.74,https://www.youtube.com/watch?v=xNUtzs-TBlQ
22500133,xNUtzs-TBlQ,side-court-led-logo,400.21,2.1739,31.55,https://www.youtube.com/watch?v=xNUtzs-TBlQ
22500133,xNUtzs-TBlQ,mid-court-logo,240.4,1.4415,28.86,https://www.youtube.com/watch?v=xNUtzs-TBlQ
22500133,xNUtzs-TBlQ,back-court-logo,410.61,1.2358,24.5,https://www.youtube.com/watch?v=xNUtzs-TBlQ
22500133,xNUtzs-TBlQ,basket-logo,405.01,0.2059,34.36,https://www.youtube.com/watch?v=xNUtzs-TBlQ
22500137,R5TYbm_tyZY,basket-logo,495.9,0.2233,36.27,https://www.youtube.com/watch?v=R5TYbm_tyZY
22500137,R5TYbm_tyZY,mid-court-logo,507.31,2.452,35.22,https://www.youtube.com/watch?v=R5TYbm_tyZY
22500137,R5TYbm_tyZY,back-court-logo,510.71,2.0161,25.47,https://www.youtube.com/watch?v=R5TYbm_tyZY
22500137,R5TYbm_tyZY,side-court-led-logo,258.86,1.2875,32.18,https://www.youtube.com/watch?v=R5TYbm_tyZY
22500137,R5TYbm_tyZY,side-court-logo,6.41,0.177,53.43,https://www.youtube.com/watch?v=R5TYbm_tyZY
22500137,WhtW_E-8sj8,basket-logo,506.71,0.222,37.69,https://www.youtube.com/watch?v=WhtW_E-8sj8
22500137,WhtW_E-8sj8,mid-court-logo,522.92,2.4644,34.52,https://www.youtube.com/watch?v=WhtW_E-8sj8
22500137,WhtW_E-8sj8,side-court-led-logo,270.47,0.979,31.95,https://www.youtube.com/watch?v=WhtW_E-8sj8
22500137,WhtW_E-8sj8,back-court-logo,516.32,1.9529,26.2,https://www.youtube.com/watch?v=WhtW_E-8sj8
22500137,WhtW_E-8sj8,side-court-logo,3.4,0.1607,54.11,https://www.youtube.com/watch?v=WhtW_E-8sj8
22500137,hwN7CeHNJdo,mid-court-logo,531.8,2.3149,33.5,https://www.youtube.com/watch?v=hwN7CeHNJdo
22500137,hwN7CeHNJdo,side-court-led-logo,295.2,1.2032,31.38,https://www.youtube.com/watch?v=hwN7CeHNJdo
22500137,hwN7CeHNJdo,back-court-logo,524.2,1.9426,27.04,https://www.youtube.com/watch?v=hwN7CeHNJdo
22500137,hwN7CeHNJdo,basket-logo,509.4,0.2121,37.87,https://www.youtube.com/watch?v=hwN7CeHNJdo
22500137,hwN7CeHNJdo,side-court-logo,7.2,0.2166,49.77,https://www.youtube.com/watch?v=hwN7CeHNJdo
22500137,JCtZc57pLw4,mid-court-logo,530.0,2.4318,35.05,https://www.youtube.com/watch?v=JCtZc57pLw4
22500137,JCtZc57pLw4,side-court-led-logo,281.6,0.9411,32.88,https://www.youtube.com/watch?v=JCtZc57pLw4
22500137,JCtZc57pLw4,back-court-logo,524.2,1.9495,25.99,https://www.youtube.com/watch?v=JCtZc57pLw4
22500137,JCtZc57pLw4,basket-logo,513.4,0.2107,37.68,https://www.youtube.com/watch?v=JCtZc57pLw4
22500137,JCtZc57pLw4,side-court-logo,6.8,0.1408,49.74,https://www.youtube.com/watch?v=JCtZc57pLw4
22500137,x9TBpuxKS3c,basket-logo,76.28,0.1839,39.77,https://www.youtube.com/watch?v=x9TBpuxKS3c
22500137,x9TBpuxKS3c,mid-court-logo,78.48,2.0106,32.48,https://www.youtube.com/watch?v=x9TBpuxKS3c
22500137,x9TBpuxKS3c,back-court-logo,79.08,1.8139,29.54,https://www.youtube.com/watch?v=x9TBpuxKS3c
22500137,x9TBpuxKS3c,side-court-led-logo,55.46,1.1064,31.01,https://www.youtube.com/watch?v=x9TBpuxKS3c
22500137,x9TBpuxKS3c,side-court-logo,0.6,0.1879,35.75,https://www.youtube.com/watch?v=x9TBpuxKS3c
22500139,RgdLfQFXnJ0,side-court-led-logo,516.8,1.0909,29.87,https://www.youtube.com/watch?v=RgdLfQFXnJ0
22500139,RgdLfQFXnJ0,side-court-logo,524.4,0.9866,27.28,https://www.youtube.com/watch?v=RgdLfQFXnJ0
22500139,RgdLfQFXnJ0,mid-court-logo,455.8,1.3886,32.92,https://www.youtube.com/watch?v=RgdLfQFXnJ0
22500139,RgdLfQFXnJ0,back-court-logo,484.4,1.166,22.93,https://www.youtube.com/watch?v=RgdLfQFXnJ0
22500139,RgdLfQFXnJ0,basket-logo,461.6,0.1871,33.16,https://www.youtube.com/watch?v=RgdLfQFXnJ0
22500139,-cwsZO-HwbU,mid-court-logo,519.52,1.3373,33.03,https://www.youtube.com/watch?v=-cwsZO-HwbU
22500139,-cwsZO-HwbU,basket-logo,531.13,0.1722,34.24,https://www.youtube.com/watch?v=-cwsZO-HwbU
22500139,-cwsZO-HwbU,side-court-logo,571.57,0.9485,26.02,https://www.youtube.com/watch?v=-cwsZO-HwbU
22500139,-cwsZO-HwbU,side-court-led-logo,565.77,0.8714,28.81,https://www.youtube.com/watch?v=-cwsZO-HwbU
22500139,-cwsZO-HwbU,back-court-logo,544.94,1.0996,23.83,https://www.youtube.com/watch?v=-cwsZO-HwbU
22500139,d_FwzuDM2YI,mid-court-logo,502.7,1.4425,30.27,https://www.youtube.com/watch?v=d_FwzuDM2YI
22500139,d_FwzuDM2YI,basket-logo,474.07,0.1716,35.64,https://www.youtube.com/watch?v=d_FwzuDM2YI
22500139,d_FwzuDM2YI,side-court-led-logo,535.94,0.892,27.5,https://www.youtube.com/watch?v=d_FwzuDM2YI
22500139,d_FwzuDM2YI,side-court-logo,539.94,0.9237,25.56,https://www.youtube.com/watch?v=d_FwzuDM2YI
22500139,d_FwzuDM2YI,back-court-logo,493.69,1.0921,26.29,https://www.youtube.com/watch?v=d_FwzuDM2YI
22500139,cDAy7yBxDBU,side-court-logo,515.6,0.922,26.8,https://www.youtube.com/watch?v=cDAy7yBxDBU
22500139,cDAy7yBxDBU,side-court-led-logo,509.8,0.9867,28.76,https://www.youtube.com/watch?v=cDAy7yBxDBU
22500139,cDAy7yBxDBU,mid-court-logo,464.8,1.4706,30.94,https://www.youtube.com/watch?v=cDAy7yBxDBU
22500139,cDAy7yBxDBU,back-court-logo,461.8,1.104,24.33,https://www.youtube.com/watch?v=cDAy7yBxDBU
22500139,cDAy7yBxDBU,basket-logo,440.2,0.1791,34.22,https://www.youtube.com/watch?v=cDAy7yBxDBU
22500139,UNcG8hRsvQM,side-court-led-logo,482.0,0.905,28.14,https://www.youtube.com/watch?v=UNcG8hRsvQM
22500139,UNcG8hRsvQM,side-court-logo,494.6,0.9303,25.33,https://www.youtube.com/watch?v=UNcG8hRsvQM
22500139,UNcG8hRsvQM,mid-court-logo,450.0,1.4181,31.46,https://www.youtube.com/watch?v=UNcG8hRsvQM
22500139,UNcG8hRsvQM,back-court-logo,458.4,1.1046,24.04,https://www.youtube.com/watch?v=UNcG8hRsvQM
22500139,UNcG8hRsvQM,basket-logo,441.6,0.18,35.0,https://www.youtube.com/watch?v=UNcG8hRsvQM
22500139,UMpCWqP4TDM,side-court-led-logo,605.2,0.8867,27.92,https://www.youtube.com/watch?v=UMpCWqP4TDM
22500139,UMpCWqP4TDM,basket-logo,556.4,0.1805,33.53,https://www.youtube.com/watch?v=UMpCWqP4TDM
22500139,UMpCWqP4TDM,mid-court-logo,542.6,1.3284,32.31,https://www.youtube.com/watch?v=UMpCWqP4TDM
22500139,UMpCWqP4TDM,back-court-logo,575.2,1.0853,22.78,https://www.youtube.com/watch?v=UMpCWqP4TDM
22500139,UMpCWqP4TDM,side-court-logo,612.0,0.9371,24.99,https://www.youtube.com/watch?v=UMpCWqP4TDM
22500131,C5PWSPadmVY,side-court-led-logo,523.94,0.8214,29.36,https://www.youtube.com/watch?v=C5PWSPadmVY
22500131,C5PWSPadmVY,basket-logo,478.69,0.2337,37.59,https://www.youtube.com/watch?v=C5PWSPadmVY
22500131,C5PWSPadmVY,mid-court-logo,514.53,2.3641,31.61,https://www.youtube.com/watch?v=C5PWSPadmVY
22500131,C5PWSPadmVY,back-court-logo,491.91,1.6161,26.3,https://www.youtube.com/watch?v=C5PWSPadmVY
22500131,C5PWSPadmVY,side-court-logo,521.34,0.8616,16.38,https://www.youtube.com/watch?v=C5PWSPadmVY
22500131,3VfTLTx6G9c,basket-logo,471.47,0.23,36.97,https://www.youtube.com/watch?v=3VfTLTx6G9c
22500131,3VfTLTx6G9c,side-court-led-logo,542.94,0.8401,30.06,https://www.youtube.com/watch?v=3VfTLTx6G9c
22500131,3VfTLTx6G9c,mid-court-logo,485.69,2.4657,32.52,https://www.youtube.com/watch?v=3VfTLTx6G9c
22500131,3VfTLTx6G9c,side-court-logo,540.34,0.8313,18.13,https://www.youtube.com/watch?v=3VfTLTx6G9c
22500131,3VfTLTx6G9c,back-court-logo,491.49,1.594,26.11,https://www.youtube.com/watch?v=3VfTLTx6G9c
22500131,sLj3m4gW15Y,side-court-led-logo,549.6,0.852,30.05,https://www.youtube.com/watch?v=sLj3m4gW15Y
22500131,sLj3m4gW15Y,side-court-logo,547.6,0.8646,16.8,https://www.youtube.com/watch?v=sLj3m4gW15Y
22500131,sLj3m4gW15Y,mid-court-logo,504.6,2.4867,32.41,https://www.youtube.com/watch?v=sLj3m4gW15Y
22500131,sLj3m4gW15Y,back-court-logo,504.4,1.6532,25.86,https://www.youtube.com/watch?v=sLj3m4gW15Y
22500131,sLj3m4gW15Y,basket-logo,486.8,0.2324,37.39,https://www.youtube.com/watch?v=sLj3m4gW15Y
22500131,sxoss77WdOc,side-court-led-logo,480.08,1.05,30.12,https://www.youtube.com/watch?v=sxoss77WdOc
22500131,sxoss77WdOc,side-court-logo,471.47,0.8779,18.3,https://www.youtube.com/watch?v=sxoss77WdOc
22500131,sxoss77WdOc,mid-court-logo,428.83,2.0026,33.6,https://www.youtube.com/watch?v=sxoss77WdOc
22500131,sxoss77WdOc,back-court-logo,415.42,1.6355,26.22,https://www.youtube.com/watch?v=sxoss77WdOc
22500131,sxoss77WdOc,basket-logo,388.79,0.2286,35.77,https://www.youtube.com/watch?v=sxoss77WdOc
22500100,ysEYxNBUWIQ,side-court-led-logo,287.29,1.8919,35.61,https://www.youtube.com/watch?v=ysEYxNBUWIQ
22500100,ysEYxNBUWIQ,basket-logo,395.4,0.2376,34.42,https://www.youtube.com/watch?v=ysEYxNBUWIQ
22500100,ysEYxNBUWIQ,mid-court-logo,311.71,2.2493,34.77,https://www.youtube.com/watch?v=ysEYxNBUWIQ
22500100,ysEYxNBUWIQ,side-court-logo,458.46,1.1034,29.9,https://www.youtube.com/watch?v=ysEYxNBUWIQ
22500100,ysEYxNBUWIQ,back-court-logo,416.62,1.8073,22.12,https://www.youtube.com/watch?v=ysEYxNBUWIQ
22500100,igoKb-IuPEU,basket-logo,87.69,0.232,30.53,https://www.youtube.com/watch?v=igoKb-IuPEU
22500100,igoKb-IuPEU,mid-court-logo,90.89,2.4538,38.53,https://www.youtube.com/watch?v=igoKb-IuPEU
22500100,igoKb-IuPEU,side-court-led-logo,69.67,1.4144,40.02,https://www.youtube.com/watch?v=igoKb-IuPEU
22500100,igoKb-IuPEU,side-court-logo,110.51,1.1319,32.67,https://www.youtube.com/watch?v=igoKb-IuPEU
22500100,igoKb-IuPEU,back-court-logo,98.1,1.8147,20.65,https://www.youtube.com/watch?v=igoKb-IuPEU
22500107,4qb4Kblynj0,side-court-led-logo,421.2,0.9931,29.2,https://www.youtube.com/watch?v=4qb4Kblynj0
22500107,4qb4Kblynj0,mid-court-logo,285.4,1.969,29.88,https://www.youtube.com/watch?v=4qb4Kblynj0
22500107,4qb4Kblynj0,side-court-logo,355.2,0.7414,28.75,https://www.youtube.com/watch?v=4qb4Kblynj0
22500107,4qb4Kblynj0,back-court-logo,410.8,1.3716,22.05,https://www.youtube.com/watch?v=4qb4Kblynj0
22500107,4qb4Kblynj0,basket-logo,408.8,0.1694,32.43,https://www.youtube.com/watch?v=4qb4Kblynj0
22500107,V0wDtuxJBVo,side-court-led-logo,453.6,1.0228,28.46,https://www.youtube.com/watch?v=V0wDtuxJBVo
22500107,V0wDtuxJBVo,mid-court-logo,307.0,1.9466,28.78,https://www.youtube.com/watch?v=V0wDtuxJBVo
22500107,V0wDtuxJBVo,side-court-logo,372.6,0.761,28.2,https://www.youtube.com/watch?v=V0wDtuxJBVo
22500107,V0wDtuxJBVo,back-court-logo,444.0,1.3572,22.53,https://www.youtube.com/watch?v=V0wDtuxJBVo
22500107,V0wDtuxJBVo,basket-logo,444.8,0.1711,33.15,https://www.youtube.com/watch?v=V0wDtuxJBVo
22500132,7L95UDdXmGk,basket-logo,480.68,0.2111,32.13,https://www.youtube.com/watch?v=7L95UDdXmGk
22500132,7L95UDdXmGk,back-court-logo,497.7,1.4535,21.53,https://www.youtube.com/watch?v=7L95UDdXmGk
22500132,7L95UDdXmGk,side-court-led-logo,383.98,1.3243,31.44,https://www.youtube.com/watch?v=7L95UDdXmGk
22500132,7L95UDdXmGk,side-court-logo,530.13,0.9307,24.59,https://www.youtube.com/watch?v=7L95UDdXmGk
22500132,7L95UDdXmGk,mid-court-logo,476.48,1.8141,31.31,https://www.youtube.com/watch?v=7L95UDdXmGk
22500132,jO4fdXdVFs0,basket-logo,455.26,0.2083,34.97,https://www.youtube.com/watch?v=jO4fdXdVFs0
22500132,jO4fdXdVFs0,side-court-led-logo,399.2,1.4186,29.68,https://www.youtube.com/watch?v=jO4fdXdVFs0
22500132,jO4fdXdVFs0,mid-court-logo,461.26,1.9392,30.06,https://www.youtube.com/watch?v=jO4fdXdVFs0
22500132,jO4fdXdVFs0,side-court-logo,505.71,0.9092,24.14,https://www.youtube.com/watch?v=jO4fdXdVFs0
22500132,jO4fdXdVFs0,back-court-logo,470.87,1.451,24.03,https://www.youtube.com/watch?v=jO4fdXdVFs0
22500132,V0aqZ6ejVIc,side-court-led-logo,385.8,1.3256,30.27,https://www.youtube.com/watch?v=V0aqZ6ejVIc
22500132,V0aqZ6ejVIc,mid-court-logo,475.6,1.7758,30.5,https://www.youtube.com/watch?v=V0aqZ6ejVIc
22500132,V0aqZ6ejVIc,side-court-logo,530.2,0.946,24.1,https://www.youtube.com/watch?v=V0aqZ6ejVIc
22500132,V0aqZ6ejVIc,back-court-logo,500.4,1.4648,22.19,https://www.youtube.com/watch?v=V0aqZ6ejVIc
22500132,V0aqZ6ejVIc,basket-logo,485.4,0.2139,33.13,https://www.youtube.com/watch?v=V0aqZ6ejVIc
22500132,EelY4fJih7g,mid-court-logo,454.4,1.8393,31.48,https://www.youtube.com/watch?v=EelY4fJih7g
22500132,EelY4fJih7g,side-court-logo,511.4,0.9368,24.42,https://www.youtube.com/watch?v=EelY4fJih7g
22500132,EelY4fJih7g,back-court-logo,484.8,1.4663,21.53,https://www.youtube.com/watch?v=EelY4fJih7g
22500132,EelY4fJih7g,side-court-led-logo,364.6,1.2798,31.49,https://www.youtube.com/watch?v=EelY4fJih7g
22500132,EelY4fJih7g,basket-logo,469.8,0.2113,32.32,https://www.youtube.com/watch?v=EelY4fJih7g
22500132,IGeqIR-ycHE,side-court-led-logo,79.28,1.5278,27.39,https://www.youtube.com/watch?v=IGeqIR-ycHE
22500132,IGeqIR-ycHE,mid-court-logo,82.48,1.9638,28.55,https://www.youtube.com/watch?v=IGeqIR-ycHE
22500132,IGeqIR-ycHE,side-court-logo,86.69,0.9299,23.29,https://www.youtube.com/watch?v=IGeqIR-ycHE
22500132,IGeqIR-ycHE,back-court-logo,81.08,1.362,25.28,https://www.youtube.com/watch?v=IGeqIR-ycHE
22500132,IGeqIR-ycHE,basket-logo,80.48,0.2309,36.08,https://www.youtube.com/watch?v=IGeqIR-ycHE
22500091,ItHMsVQ3v88,side-court-led-logo,267.67,1.5689,27.84,https://www.youtube.com/watch?v=ItHMsVQ3v88
22500091,ItHMsVQ3v88,mid-court-logo,376.18,2.1466,30.69,https://www.youtube.com/watch?v=ItHMsVQ3v88
22500091,ItHMsVQ3v88,side-court-logo,483.48,0.7769,26.1,https://www.youtube.com/watch?v=ItHMsVQ3v88
22500091,ItHMsVQ3v88,back-court-logo,440.64,0.803,24.39,https://www.youtube.com/watch?v=ItHMsVQ3v88
22500091,ItHMsVQ3v88,basket-logo,431.43,0.211,33.68,https://www.youtube.com/watch?v=ItHMsVQ3v88
22500099,jvi5V037MvU,side-court-logo,474.2,0.6732,31.19,https://www.youtube.com/watch?v=jvi5V037MvU
22500099,jvi5V037MvU,side-court-led-logo,163.0,1.8603,24.91,https://www.youtube.com/watch?v=jvi5V037MvU
22500099,jvi5V037MvU,mid-court-logo,244.4,2.1017,26.91,https://www.youtube.com/watch?v=jvi5V037MvU
22500099,jvi5V037MvU,basket-logo,409.8,0.2148,33.06,https://www.youtube.com/watch?v=jvi5V037MvU
22500099,jvi5V037MvU,back-court-logo,0.2,1.5483,8.93,https://www.youtube.com/watch?v=jvi5V037MvU
22500105,pCr5lFfzyEI,mid-court-logo,410.01,1.9539,32.94,https://www.youtube.com/watch?v=pCr5lFfzyEI
22500105,pCr5lFfzyEI,basket-logo,473.07,0.2487,35.04,https://www.youtube.com/watch?v=pCr5lFfzyEI
22500105,pCr5lFfzyEI,side-court-led-logo,528.73,2.7637,32.23,https://www.youtube.com/watch?v=pCr5lFfzyEI
22500105,pCr5lFfzyEI,side-court-logo,522.12,0.7192,30.96,https://www.youtube.com/watch?v=pCr5lFfzyEI
22500105,pCr5lFfzyEI,back-court-logo,485.09,1.6635,24.27,https://www.youtube.com/watch?v=pCr5lFfzyEI
22500105,gcF2ZEPOAH4,basket-logo,450.85,0.2404,33.58,https://www.youtube.com/watch?v=gcF2ZEPOAH4
22500105,gcF2ZEPOAH4,mid-court-logo,460.06,2.0708,34.87,https://www.youtube.com/watch?v=gcF2ZEPOAH4
22500105,gcF2ZEPOAH4,side-court-logo,517.52,0.7064,32.08,https://www.youtube.com/watch?v=gcF2ZEPOAH4
22500105,gcF2ZEPOAH4,side-court-led-logo,522.92,3.1096,32.56,https://www.youtube.com/watch?v=gcF2ZEPOAH4
22500105,gcF2ZEPOAH4,back-court-logo,465.67,1.577,24.98,https://www.youtube.com/watch?v=gcF2ZEPOAH4
22500105,xS3iXqfKXSc,side-court-logo,519.8,0.7081,31.72,https://www.youtube.com/watch?v=xS3iXqfKXSc
22500105,xS3iXqfKXSc,mid-court-logo,410.2,2.0458,32.27,https://www.youtube.com/watch?v=xS3iXqfKXSc
22500105,xS3iXqfKXSc,side-court-led-logo,522.4,2.9754,32.18,https://www.youtube.com/watch?v=xS3iXqfKXSc
22500105,xS3iXqfKXSc,back-court-logo,468.2,1.5714,25.71,https://www.youtube.com/watch?v=xS3iXqfKXSc
22500105,xS3iXqfKXSc,basket-logo,446.8,0.2438,34.0,https://www.youtube.com/watch?v=xS3iXqfKXSc
22500098,bT069M9pM3Q,mid-court-logo,490.09,1.798,31.13,https://www.youtube.com/watch?v=bT069M9pM3Q
22500098,bT069M9pM3Q,side-court-led-logo,528.73,1.012,29.67,https://www.youtube.com/watch?v=bT069M9pM3Q
22500098,bT069M9pM3Q,side-court-logo,533.73,0.9106,24.68,https://www.youtube.com/watch?v=bT069M9pM3Q
22500098,bT069M9pM3Q,basket-logo,489.29,0.2479,36.29,https://www.youtube.com/watch?v=bT069M9pM3Q
22500098,bT069M9pM3Q,back-court-logo,0.4,1.6625,12.51,https://www.youtube.com/watch?v=bT069M9pM3Q
22500127,oKgDNEmRCqo,side-court-led-logo,164.8,2.6521,27.63,https://www.youtube.com/watch?v=oKgDNEmRCqo
22500127,oKgDNEmRCqo,side-court-logo,422.0,0.68,30.21,https://www.youtube.com/watch?v=oKgDNEmRCqo
22500127,oKgDNEmRCqo,mid-court-logo,302.4,2.0073,30.04,https://www.youtube.com/watch?v=oKgDNEmRCqo
22500127,oKgDNEmRCqo,basket-logo,394.6,0.23,33.92,https://www.youtube.com/watch?v=oKgDNEmRCqo
22500127,oKgDNEmRCqo,back-court-logo,410.8,1.9964,23.45,https://www.youtube.com/watch?v=oKgDNEmRCqo
22500127,ZOJsN1_qDw4,side-court-led-logo,198.0,2.3133,27.69,https://www.youtube.com/watch?v=ZOJsN1_qDw4
22500127,ZOJsN1_qDw4,basket-logo,472.67,0.2211,34.67,https://www.youtube.com/watch?v=ZOJsN1_qDw4
22500127,ZOJsN1_qDw4,back-court-logo,491.89,2.0488,24.4,https://www.youtube.com/watch?v=ZOJsN1_qDw4
22500127,ZOJsN1_qDw4,mid-court-logo,388.59,1.8328,29.57,https://www.youtube.com/watch?v=ZOJsN1_qDw4
22500127,ZOJsN1_qDw4,side-court-logo,512.51,0.6258,29.3,https://www.youtube.com/watch?v=ZOJsN1_qDw4
22500127,-xcG7kCsB3E,mid-court-logo,376.38,1.9683,29.36,https://www.youtube.com/watch?v=-xcG7kCsB3E
22500127,-xcG7kCsB3E,side-court-led-logo,215.82,2.4193,27.27,https://www.youtube.com/watch?v=-xcG7kCsB3E
22500127,-xcG7kCsB3E,side-court-logo,483.88,0.6422,28.7,https://www.youtube.com/watch?v=-xcG7kCsB3E
22500127,-xcG7kCsB3E,basket-logo,423.22,0.2218,34.63,https://www.youtube.com/watch?v=-xcG7kCsB3E
22500127,-xcG7kCsB3E,back-court-logo,448.85,2.0185,25.48,https://www.youtube.com/watch?v=-xcG7kCsB3E
22500127,xoZG3Kfrabs,mid-court-logo,344.2,1.8822,30.37,https://www.youtube.com/watch?v=xoZG3Kfrabs
22500127,xoZG3Kfrabs,side-court-led-logo,158.0,2.0697,28.24,https://www.youtube.com/watch?v=xoZG3Kfrabs
22500127,xoZG3Kfrabs,side-court-logo,465.6,0.6537,30.48,https://www.youtube.com/watch?v=xoZG3Kfrabs
22500127,xoZG3Kfrabs,back-court-logo,455.0,2.0893,23.57,https://www.youtube.com/watch?v=xoZG3Kfrabs
22500127,xoZG3Kfrabs,basket-logo,441.0,0.2315,34.27,https://www.youtube.com/watch?v=xoZG3Kfrabs
22500127,mOaGhrb50qE,side-court-led-logo,159.2,2.1058,27.31,https://www.youtube.com/watch?v=mOaGhrb50qE
22500127,mOaGhrb50qE,basket-logo,440.6,0.23,34.41,https://www.youtube.com/watch?v=mOaGhrb50qE
22500127,mOaGhrb50qE,back-court-logo,455.0,2.1232,23.82,https://www.youtube.com/watch?v=mOaGhrb50qE
22500127,mOaGhrb50qE,mid-court-logo,336.8,1.8475,29.81,https://www.youtube.com/watch?v=mOaGhrb50qE
22500127,mOaGhrb50qE,side-court-logo,453.8,0.6439,30.02,https://www.youtube.com/watch?v=mOaGhrb50qE
22500118,UID18K9hIBk,mid-court-logo,346.6,2.1398,29.55,https://www.youtube.com/watch?v=UID18K9hIBk
22500118,UID18K9hIBk,side-court-led-logo,465.0,3.0104,30.8,https://www.youtube.com/watch?v=UID18K9hIBk
22500118,UID18K9hIBk,side-court-logo,455.8,0.717,29.98,https://www.youtube.com/watch?v=UID18K9hIBk
22500118,UID18K9hIBk,basket-logo,429.2,0.2493,40.49,https://www.youtube.com/watch?v=UID18K9hIBk
22500118,UID18K9hIBk,back-court-logo,438.8,1.849,27.41,https://www.youtube.com/watch?v=UID18K9hIBk
22500118,-N11zd6arx8,basket-logo,482.08,0.2319,41.0,https://www.youtube.com/watch?v=-N11zd6arx8
22500118,-N11zd6arx8,mid-court-logo,378.38,2.3703,27.87,https://www.youtube.com/watch?v=-N11zd6arx8
22500118,-N11zd6arx8,side-court-led-logo,523.92,3.1059,29.36,https://www.youtube.com/watch?v=-N11zd6arx8
22500118,-N11zd6arx8,side-court-logo,515.12,0.7185,28.4,https://www.youtube.com/watch?v=-N11zd6arx8
22500118,-N11zd6arx8,back-court-logo,483.88,1.7699,29.38,https://www.youtube.com/watch?v=-N11zd6arx8
22500118,BPMTL7pSd-w,side-court-led-logo,490.6,2.8094,32.17,https://www.youtube.com/watch?v=BPMTL7pSd-w
22500118,BPMTL7pSd-w,mid-court-logo,333.2,2.2425,29.85,https://www.youtube.com/watch?v=BPMTL7pSd-w
22500118,BPMTL7pSd-w,side-court-logo,480.4,0.7269,30.78,https://www.youtube.com/watch?v=BPMTL7pSd-w
22500118,BPMTL7pSd-w,back-court-logo,473.8,1.8294,26.94,https://www.youtube.com/watch?v=BPMTL7pSd-w
22500118,BPMTL7pSd-w,basket-logo,467.0,0.2365,39.29,https://www.youtube.com/watch?v=BPMTL7pSd-w
22500118,nzfrR7bWo1M,basket-logo,484.68,0.2441,40.11,https://www.youtube.com/watch?v=nzfrR7bWo1M
22500118,nzfrR7bWo1M,back-court-logo,490.49,1.8579,27.69,https://www.youtube.com/watch?v=nzfrR7bWo1M
22500118,nzfrR7bWo1M,side-court-logo,504.7,0.7431,29.98,https://www.youtube.com/watch?v=nzfrR7bWo1M
22500118,nzfrR7bWo1M,mid-court-logo,347.75,2.1584,29.62,https://www.youtube.com/watch?v=nzfrR7bWo1M
22500118,nzfrR7bWo1M,side-court-led-logo,513.51,2.9981,31.01,https://www.youtube.com/watch?v=nzfrR7bWo1M
22500118,KZxM6sbtQhc,basket-logo,397.2,0.2277,36.03,https://www.youtube.com/watch?v=KZxM6sbtQhc
22500118,KZxM6sbtQhc,mid-court-logo,383.18,1.9909,32.54,https://www.youtube.com/watch?v=KZxM6sbtQhc
22500118,KZxM6sbtQhc,side-court-led-logo,415.82,2.8326,30.57,https://www.youtube.com/watch?v=KZxM6sbtQhc
22500118,KZxM6sbtQhc,back-court-logo,394.39,1.5938,24.9,https://www.youtube.com/watch?v=KZxM6sbtQhc
22500118,KZxM6sbtQhc,side-court-logo,406.61,0.6386,27.99,https://www.youtube.com/watch?v=KZxM6sbtQhc
22500108,vO1gSVAuo3s,side-court-logo,484.0,0.9248,27.48,https://www.youtube.com/watch?v=vO1gSVAuo3s
22500108,vO1gSVAuo3s,side-court-led-logo,160.6,1.17,27.25,https://www.youtube.com/watch?v=vO1gSVAuo3s
22500108,vO1gSVAuo3s,mid-court-logo,372.8,2.6295,30.64,https://www.youtube.com/watch?v=vO1gSVAuo3s
22500108,vO1gSVAuo3s,back-court-logo,457.0,1.1571,21.83,https://www.youtube.com/watch?v=vO1gSVAuo3s
22500108,vO1gSVAuo3s,basket-logo,449.4,0.1839,32.11,https://www.youtube.com/watch?v=vO1gSVAuo3s
22500108,PTh-9lePG4o,basket-logo,396.0,0.2006,31.94,https://www.youtube.com/watch?v=PTh-9lePG4o
22500108,PTh-9lePG4o,side-court-logo,401.4,0.9412,27.25,https://www.youtube.com/watch?v=PTh-9lePG4o
22500108,PTh-9lePG4o,back-court-logo,371.17,1.256,22.3,https://www.youtube.com/watch?v=PTh-9lePG4o
22500108,PTh-9lePG4o,mid-court-logo,319.12,2.7702,31.13,https://www.youtube.com/watch?v=PTh-9lePG4o
22500108,PTh-9lePG4o,side-court-led-logo,136.34,1.2968,29.03,https://www.youtube.com/watch?v=PTh-9lePG4o
22500106,L81XHoPHW88,basket-logo,440.04,0.2463,34.81,https://www.youtube.com/watch?v=L81XHoPHW88
22500106,L81XHoPHW88,side-court-led-logo,474.47,1.1551,30.33,https://www.youtube.com/watch?v=L81XHoPHW88
22500106,L81XHoPHW88,back-court-logo,446.45,1.4399,22.56,https://www.youtube.com/watch?v=L81XHoPHW88
22500106,L81XHoPHW88,side-court-logo,478.28,1.3152,24.86,https://www.youtube.com/watch?v=L81XHoPHW88
22500106,L81XHoPHW88,mid-court-logo,310.51,1.9111,31.64,https://www.youtube.com/watch?v=L81XHoPHW88
22500106,qOCf2QRf_Hg,basket-logo,490.69,0.2324,37.47,https://www.youtube.com/watch?v=qOCf2QRf_Hg
22500106,qOCf2QRf_Hg,mid-court-logo,412.01,1.8357,30.69,https://www.youtube.com/watch?v=qOCf2QRf_Hg
22500106,qOCf2QRf_Hg,back-court-logo,497.1,1.3669,24.83,https://www.youtube.com/watch?v=qOCf2QRf_Hg
22500106,qOCf2QRf_Hg,side-court-logo,538.94,1.2339,24.68,https://www.youtube.com/watch?v=qOCf2QRf_Hg
22500106,qOCf2QRf_Hg,side-court-led-logo,539.54,1.0799,28.99,https://www.youtube.com/watch?v=qOCf2QRf_Hg
22500106,PgQgdhBTiYg,side-court-led-logo,429.2,1.0933,30.53,https://www.youtube.com/watch?v=PgQgdhBTiYg
22500106,PgQgdhBTiYg,side-court-logo,429.4,1.3204,25.2,https://www.youtube.com/watch?v=PgQgdhBTiYg
22500106,PgQgdhBTiYg,mid-court-logo,283.8,1.9458,31.69,https://www.youtube.com/watch?v=PgQgdhBTiYg
22500106,PgQgdhBTiYg,back-court-logo,398.0,1.416,22.42,https://www.youtube.com/watch?v=PgQgdhBTiYg
22500106,PgQgdhBTiYg,basket-logo,393.8,0.2451,34.66,https://www.youtube.com/watch?v=PgQgdhBTiYg
22500018,N7BhgT0-BUU,mid-court-logo,384.6,2.1415,31.47,https://www.youtube.com/watch?v=N7BhgT0-BUU
22500018,N7BhgT0-BUU,side-court-led-logo,219.8,0.8631,28.44,https://www.youtube.com/watch?v=N7BhgT0-BUU
22500018,N7BhgT0-BUU,side-court-logo,426.4,0.3699,28.8,https://www.youtube.com/watch?v=N7BhgT0-BUU
22500018,N7BhgT0-BUU,back-court-logo,438.2,1.4352,25.91,https://www.youtube.com/watch?v=N7BhgT0-BUU
22500018,N7BhgT0-BUU,basket-logo,431.8,0.1823,35.98,https://www.youtube.com/watch?v=N7BhgT0-BUU
22500124,ujRJ8GmGPm0,basket-logo,493.09,0.1962,34.68,https://www.youtube.com/watch?v=ujRJ8GmGPm0
22500124,ujRJ8GmGPm0,side-court-logo,520.92,0.9747,25.77,https://www.youtube.com/watch?v=ujRJ8GmGPm0
22500124,ujRJ8GmGPm0,mid-court-logo,392.19,2.4618,27.79,https://www.youtube.com/watch?v=ujRJ8GmGPm0
22500124,ujRJ8GmGPm0,back-court-logo,505.11,1.2516,24.06,https://www.youtube.com/watch?v=ujRJ8GmGPm0
22500124,ujRJ8GmGPm0,side-court-led-logo,149.75,0.8646,28.75,https://www.youtube.com/watch?v=ujRJ8GmGPm0
22500124,vHVU1k_wAJ0,side-court-led-logo,158.16,1.438,28.64,https://www.youtube.com/watch?v=vHVU1k_wAJ0
22500124,vHVU1k_wAJ0,side-court-logo,528.53,1.008,27.44,https://www.youtube.com/watch?v=vHVU1k_wAJ0
22500124,vHVU1k_wAJ0,basket-logo,563.16,0.2371,32.96,https://www.youtube.com/watch?v=vHVU1k_wAJ0
22500124,vHVU1k_wAJ0,mid-court-logo,401.6,2.7408,30.24,https://www.youtube.com/watch?v=vHVU1k_wAJ0
22500124,vHVU1k_wAJ0,back-court-logo,512.71,1.4081,23.18,https://www.youtube.com/watch?v=vHVU1k_wAJ0
22500124,wLfPaEwG68Y,basket-logo,514.8,0.3283,36.66,https://www.youtube.com/watch?v=wLfPaEwG68Y
22500124,wLfPaEwG68Y,back-court-logo,518.4,2.2405,25.01,https://www.youtube.com/watch?v=wLfPaEwG68Y
22500124,wLfPaEwG68Y,side-court-logo,503.2,1.419,31.85,https://www.youtube.com/watch?v=wLfPaEwG68Y
22500124,wLfPaEwG68Y,mid-court-logo,154.4,2.4855,31.43,https://www.youtube.com/watch?v=wLfPaEwG68Y
22500124,wLfPaEwG68Y,side-court-led-logo,37.2,3.8238,23.79,https://www.youtube.com/watch?v=wLfPaEwG68Y
22500124,vX9r4t5s4G0,basket-logo,435.6,0.2186,33.49,https://www.youtube.com/watch?v=vX9r4t5s4G0
22500124,vX9r4t5s4G0,side-court-led-logo,97.6,1.1344,30.9,https://www.youtube.com/watch?v=vX9r4t5s4G0
22500124,vX9r4t5s4G0,back-court-logo,418.0,1.3218,22.44,https://www.youtube.com/watch?v=vX9r4t5s4G0
22500124,vX9r4t5s4G0,mid-court-logo,318.2,2.5018,30.05,https://www.youtube.com/watch?v=vX9r4t5s4G0
22500124,vX9r4t5s4G0,side-court-logo,424.4,1.0307,26.62,https://www.youtube.com/watch?v=vX9r4t5s4G0
22500124,eGp1MnUSfvo,basket-logo,473.8,0.3907,39.1,https://www.youtube.com/watch?v=eGp1MnUSfvo
22500124,eGp1MnUSfvo,side-court-logo,428.0,1.4854,32.85,https://www.youtube.com/watch?v=eGp1MnUSfvo
22500124,eGp1MnUSfvo,back-court-logo,473.4,2.9312,27.33,https://www.youtube.com/watch?v=eGp1MnUSfvo
22500124,eGp1MnUSfvo,mid-court-logo,69.8,1.9658,29.44,https://www.youtube.com/watch?v=eGp1MnUSfvo
22500124,eGp1MnUSfvo,side-court-led-logo,42.2,2.7647,32.26,https://www.youtube.com/watch?v=eGp1MnUSfvo
22500104,JHsBpueTX6U,side-court-led-logo,492.89,0.9944,27.84,https://www.youtube.com/watch?v=JHsBpueTX6U
22500104,JHsBpueTX6U,mid-court-logo,446.85,1.0188,28.67,https://www.youtube.com/watch?v=JHsBpueTX6U
22500104,JHsBpueTX6U,back-court-logo,467.27,2.3512,25.63,https://www.youtube.com/watch?v=JHsBpueTX6U
22500104,JHsBpueTX6U,side-court-logo,507.31,0.9931,24.71,https://www.youtube.com/watch?v=JHsBpueTX6U
22500104,JHsBpueTX6U,basket-logo,464.26,0.193,35.93,https://www.youtube.com/watch?v=JHsBpueTX6U
22500104,-xXAj7EoNZ4,side-court-led-logo,446.6,1.0541,28.28,https://www.youtube.com/watch?v=-xXAj7EoNZ4
22500104,-xXAj7EoNZ4,mid-court-logo,402.8,1.093,29.07,https://www.youtube.com/watch?v=-xXAj7EoNZ4
22500104,-xXAj7EoNZ4,side-court-logo,463.0,1.0636,24.33,https://www.youtube.com/watch?v=-xXAj7EoNZ4
22500104,-xXAj7EoNZ4,back-court-logo,426.2,2.3362,24.46,https://www.youtube.com/watch?v=-xXAj7EoNZ4
22500104,-xXAj7EoNZ4,basket-logo,427.6,0.1938,34.77,https://www.youtube.com/watch?v=-xXAj7EoNZ4
22500119,iqZ5YfZqJes,side-court-logo,460.46,0.3549,29.03,https://www.youtube.com/watch?v=iqZ5YfZqJes
22500119,iqZ5YfZqJes,side-court-led-logo,467.87,2.0993,30.19,https://www.youtube.com/watch?v=iqZ5YfZqJes
22500119,iqZ5YfZqJes,mid-court-logo,293.69,1.4674,27.72,https://www.youtube.com/watch?v=iqZ5YfZqJes
22500119,iqZ5YfZqJes,basket-logo,445.85,0.2274,37.3,https://www.youtube.com/watch?v=iqZ5YfZqJes
22500119,iqZ5YfZqJes,back-court-logo,464.86,1.4496,26.87,https://www.youtube.com/watch?v=iqZ5YfZqJes
22500119,OkcS8nVtR1Q,basket-logo,505.51,0.2249,35.62,https://www.youtube.com/watch?v=OkcS8nVtR1Q
22500119,OkcS8nVtR1Q,side-court-led-logo,498.9,1.8127,32.48,https://www.youtube.com/watch?v=OkcS8nVtR1Q
22500119,OkcS8nVtR1Q,side-court-logo,484.08,0.3674,29.85,https://www.youtube.com/watch?v=OkcS8nVtR1Q
22500119,OkcS8nVtR1Q,mid-court-logo,288.49,1.3676,29.48,https://www.youtube.com/watch?v=OkcS8nVtR1Q
22500119,OkcS8nVtR1Q,back-court-logo,521.12,1.4234,24.87,https://www.youtube.com/watch?v=OkcS8nVtR1Q
22500119,tdS5eGhXe10,side-court-led-logo,454.6,1.9711,31.02,https://www.youtube.com/watch?v=tdS5eGhXe10
22500119,tdS5eGhXe10,mid-court-logo,277.4,1.4235,28.3,https://www.youtube.com/watch?v=tdS5eGhXe10
22500119,tdS5eGhXe10,side-court-logo,459.0,0.363,29.44,https://www.youtube.com/watch?v=tdS5eGhXe10
22500119,tdS5eGhXe10,back-court-logo,467.2,1.4789,25.29,https://www.youtube.com/watch?v=tdS5eGhXe10
22500119,tdS5eGhXe10,basket-logo,453.8,0.2346,36.52,https://www.youtube.com/watch?v=tdS5eGhXe10
22500119,BjKS_X6TmQ0,side-court-logo,415.2,0.3687,29.94,https://www.youtube.com/watch?v=BjKS_X6TmQ0
22500119,BjKS_X6TmQ0,side-court-led-logo,413.0,1.9443,31.64,https://www.youtube.com/watch?v=BjKS_X6TmQ0
22500119,BjKS_X6TmQ0,mid-court-logo,247.2,1.4474,28.97,https://www.youtube.com/watch?v=BjKS_X6TmQ0
22500119,BjKS_X6TmQ0,back-court-logo,432.4,1.4938,24.45,https://www.youtube.com/watch?v=BjKS_X6TmQ0
22500119,BjKS_X6TmQ0,basket-logo,422.2,0.234,35.7,https://www.youtube.com/watch?v=BjKS_X6TmQ0
22500119,wXK9ANuA__k,side-court-logo,160.0,0.4861,33.0,https://www.youtube.com/watch?v=wXK9ANuA__k
22500119,wXK9ANuA__k,side-court-led-logo,149.0,2.066,34.26,https://www.youtube.com/watch?v=wXK9ANuA__k
22500119,wXK9ANuA__k,mid-court-logo,44.6,1.5033,31.3,https://www.youtube.com/watch?v=wXK9ANuA__k
22500119,wXK9ANuA__k,basket-logo,188.6,0.3187,33.87,https://www.youtube.com/watch?v=wXK9ANuA__k
22500119,wXK9ANuA__k,back-court-logo,198.4,2.1333,27.66,https://www.youtube.com/watch?v=wXK9ANuA__k
22500093,58WzON0rUXc,basket-logo,434.83,0.2026,35.84,https://www.youtube.com/watch?v=58WzON0rUXc
22500093,58WzON0rUXc,mid-court-logo,344.94,1.6444,30.84,https://www.youtube.com/watch?v=58WzON0rUXc
22500093,58WzON0rUXc,side-court-led-logo,292.69,1.6028,31.09,https://www.youtube.com/watch?v=58WzON0rUXc
22500093,58WzON0rUXc,back-court-logo,15.62,1.9991,37.14,https://www.youtube.com/watch?v=58WzON0rUXc
22500093,58WzON0rUXc,side-court-logo,1.2,1.7145,40.8,https://www.youtube.com/watch?v=58WzON0rUXc
22500093,j5xPQhm6NOc,mid-court-logo,328.4,1.3002,25.44,https://www.youtube.com/watch?v=j5xPQhm6NOc
22500093,j5xPQhm6NOc,side-court-led-logo,262.8,1.5362,31.17,https://www.youtube.com/watch?v=j5xPQhm6NOc
22500093,j5xPQhm6NOc,back-court-logo,8.2,1.9795,37.92,https://www.youtube.com/watch?v=j5xPQhm6NOc
22500093,j5xPQhm6NOc,basket-logo,416.8,0.2111,35.75,https://www.youtube.com/watch?v=j5xPQhm6NOc
22500093,j5xPQhm6NOc,side-court-logo,16.2,0.3432,13.91,https://www.youtube.com/watch?v=j5xPQhm6NOc
22500096,wQTUiQ-qfvE,basket-logo,423.22,0.2245,36.48,https://www.youtube.com/watch?v=wQTUiQ-qfvE
22500096,wQTUiQ-qfvE,side-court-led-logo,454.85,2.3741,29.89,https://www.youtube.com/watch?v=wQTUiQ-qfvE
22500096,wQTUiQ-qfvE,mid-court-logo,289.29,1.3742,29.03,https://www.youtube.com/watch?v=wQTUiQ-qfvE
22500096,wQTUiQ-qfvE,side-court-logo,441.64,0.4453,27.67,https://www.youtube.com/watch?v=wQTUiQ-qfvE
22500096,wQTUiQ-qfvE,back-court-logo,435.44,1.1382,27.04,https://www.youtube.com/watch?v=wQTUiQ-qfvE
22500096,zDN1YWyFJIg,back-court-logo,447.4,1.146,26.21,https://www.youtube.com/watch?v=zDN1YWyFJIg
22500096,zDN1YWyFJIg,side-court-led-logo,419.4,2.2548,29.03,https://www.youtube.com/watch?v=zDN1YWyFJIg
22500096,zDN1YWyFJIg,side-court-logo,422.6,0.4402,28.66,https://www.youtube.com/watch?v=zDN1YWyFJIg
22500096,zDN1YWyFJIg,mid-court-logo,261.4,1.3419,27.39,https://www.youtube.com/watch?v=zDN1YWyFJIg
22500096,zDN1YWyFJIg,basket-logo,448.2,0.2352,36.76,https://www.youtube.com/watch?v=zDN1YWyFJIg
22500116,zMKifSxis-0,mid-court-logo,265.0,1.8139,30.57,https://www.youtube.com/watch?v=zMKifSxis-0
22500116,zMKifSxis-0,side-court-led-logo,204.4,2.558,27.45,https://www.youtube.com/watch?v=zMKifSxis-0
22500116,zMKifSxis-0,basket-logo,365.0,0.2243,33.89,https://www.youtube.com/watch?v=zMKifSxis-0
22500116,zMKifSxis-0,back-court-logo,6.4,2.225,34.12,https://www.youtube.com/watch?v=zMKifSxis-0
22500116,zMKifSxis-0,side-court-logo,0.6,2.3164,33.45,https://www.youtube.com/watch?v=zMKifSxis-0
22500116,NzQCRKXst_0,back-court-logo,14.0,1.8682,35.28,https://www.youtube.com/watch?v=NzQCRKXst_0
22500116,NzQCRKXst_0,mid-court-logo,290.6,1.8352,29.76,https://www.youtube.com/watch?v=NzQCRKXst_0
22500116,NzQCRKXst_0,basket-logo,390.4,0.2239,34.01,https://www.youtube.com/watch?v=NzQCRKXst_0
22500116,NzQCRKXst_0,side-court-led-logo,226.8,2.5381,27.27,https://www.youtube.com/watch?v=NzQCRKXst_0
22500116,NzQCRKXst_0,side-court-logo,1.0,0.718,42.76,https://www.youtube.com/watch?v=NzQCRKXst_0
22500116,llVezzP12dY,side-court-led-logo,123.4,4.0843,31.29,https://www.youtube.com/watch?v=llVezzP12dY
22500116,llVezzP12dY,mid-court-logo,87.0,2.2567,30.2,https://www.youtube.com/watch?v=llVezzP12dY
22500116,llVezzP12dY,back-court-logo,13.0,2.9951,50.85,https://www.youtube.com/watch?v=llVezzP12dY
22500116,llVezzP12dY,basket-logo,314.2,0.3742,39.91,https://www.youtube.com/watch?v=llVezzP12dY
22500116,llVezzP12dY,side-court-logo,2.6,0.3496,41.26,https://www.youtube.com/watch?v=llVezzP12dY
22500121,pui7d3fGcpA,side-court-logo,507.4,0.7137,26.34,https://www.youtube.com/watch?v=pui7d3fGcpA
22500121,pui7d3fGcpA,mid-court-logo,372.0,2.109,30.95,https://www.youtube.com/watch?v=pui7d3fGcpA
22500121,pui7d3fGcpA,side-court-led-logo,247.8,1.8707,30.56,https://www.youtube.com/watch?v=pui7d3fGcpA
22500121,pui7d3fGcpA,basket-logo,443.6,0.2613,33.88,https://www.youtube.com/watch?v=pui7d3fGcpA
22500121,pui7d3fGcpA,back-court-logo,463.0,1.4171,25.61,https://www.youtube.com/watch?v=pui7d3fGcpA
22500121,rDvcGM6lXco,back-court-logo,566.37,1.4323,26.19,https://www.youtube.com/watch?v=rDvcGM6lXco
22500121,rDvcGM6lXco,side-court-logo,602.4,0.7117,26.2,https://www.youtube.com/watch?v=rDvcGM6lXco
22500121,rDvcGM6lXco,basket-logo,546.75,0.2644,34.54,https://www.youtube.com/watch?v=rDvcGM6lXco
22500121,rDvcGM6lXco,side-court-led-logo,270.87,1.5946,29.27,https://www.youtube.com/watch?v=rDvcGM6lXco
22500121,rDvcGM6lXco,mid-court-logo,432.63,2.0779,30.21,https://www.youtube.com/watch?v=rDvcGM6lXco
22500121,PARNF78oSso,basket-logo,429.63,0.26,35.9,https://www.youtube.com/watch?v=PARNF78oSso
22500121,PARNF78oSso,side-court-logo,486.69,0.6855,26.43,https://www.youtube.com/watch?v=PARNF78oSso
22500121,PARNF78oSso,mid-court-logo,371.17,2.028,29.41,https://www.youtube.com/watch?v=PARNF78oSso
22500121,PARNF78oSso,side-court-led-logo,245.85,1.7379,27.88,https://www.youtube.com/watch?v=PARNF78oSso
22500121,PARNF78oSso,back-court-logo,447.25,1.4027,28.63,https://www.youtube.com/watch?v=PARNF78oSso
22500121,_gnQvTrv8GE,mid-court-logo,376.0,2.0538,30.08,https://www.youtube.com/watch?v=_gnQvTrv8GE
22500121,_gnQvTrv8GE,side-court-led-logo,253.0,1.817,28.46,https://www.youtube.com/watch?v=_gnQvTrv8GE
22500121,_gnQvTrv8GE,side-court-logo,521.4,0.705,27.17,https://www.youtube.com/watch?v=_gnQvTrv8GE
22500121,_gnQvTrv8GE,basket-logo,451.2,0.272,33.93,https://www.youtube.com/watch?v=_gnQvTrv8GE
22500121,_gnQvTrv8GE,back-court-logo,474.6,1.4543,25.99,https://www.youtube.com/watch?v=_gnQvTrv8GE
22500090,um_f5ZXulYw,basket-logo,420.62,0.2789,35.33,https://www.youtube.com/watch?v=um_f5ZXulYw
22500090,um_f5ZXulYw,side-court-led-logo,227.23,1.5853,26.03,https://www.youtube.com/watch?v=um_f5ZXulYw
22500090,um_f5ZXulYw,mid-court-logo,263.06,2.2624,27.8,https://www.youtube.com/watch?v=um_f5ZXulYw
22500090,um_f5ZXulYw,side-court-logo,464.26,0.9294,29.57,https://www.youtube.com/watch?v=um_f5ZXulYw
22500090,um_f5ZXulYw,back-court-logo,435.84,1.8882,25.31,https://www.youtube.com/watch?v=um_f5ZXulYw
22500090,_DcsuHk2WjI,basket-logo,72.27,0.2436,39.68,https://www.youtube.com/watch?v=_DcsuHk2WjI
22500090,_DcsuHk2WjI,mid-court-logo,50.65,1.4949,20.75,https://www.youtube.com/watch?v=_DcsuHk2WjI
22500090,_DcsuHk2WjI,side-court-logo,81.08,0.8396,21.71,https://www.youtube.com/watch?v=_DcsuHk2WjI
22500090,_DcsuHk2WjI,side-court-led-logo,52.25,1.2521,23.05,https://www.youtube.com/watch?v=_DcsuHk2WjI
22500090,_DcsuHk2WjI,back-court-logo,76.68,1.45,30.99,https://www.youtube.com/watch?v=_DcsuHk2WjI
22500101,zFrQIlKqBdw,side-court-led-logo,384.0,1.3084,28.39,https://www.youtube.com/watch?v=zFrQIlKqBdw
22500101,zFrQIlKqBdw,mid-court-logo,320.8,1.5235,32.77,https://www.youtube.com/watch?v=zFrQIlKqBdw
22500101,zFrQIlKqBdw,side-court-logo,390.8,1.1865,25.95,https://www.youtube.com/watch?v=zFrQIlKqBdw
22500101,zFrQIlKqBdw,back-court-logo,364.8,1.6362,22.97,https://www.youtube.com/watch?v=zFrQIlKqBdw
22500101,zFrQIlKqBdw,basket-logo,363.6,0.2249,33.55,https://www.youtube.com/watch?v=zFrQIlKqBdw
22500101,GRDeB7CUq90,side-court-logo,427.2,1.1894,25.88,https://www.youtube.com/watch?v=GRDeB7CUq90
22500101,GRDeB7CUq90,side-court-led-logo,421.4,1.3159,28.42,https://www.youtube.com/watch?v=GRDeB7CUq90
22500101,GRDeB7CUq90,mid-court-logo,347.6,1.4917,32.96,https://www.youtube.com/watch?v=GRDeB7CUq90
22500101,GRDeB7CUq90,back-court-logo,398.2,1.6456,22.98,https://www.youtube.com/watch?v=GRDeB7CUq90
22500101,GRDeB7CUq90,basket-logo,398.6,0.2275,33.41,https://www.youtube.com/watch?v=GRDeB7CUq90
22500122,ZxHdfUGX018,mid-court-logo,528.73,1.6724,32.56,https://www.youtube.com/watch?v=ZxHdfUGX018
22500122,ZxHdfUGX018,side-court-logo,522.32,0.844,19.42,https://www.youtube.com/watch?v=ZxHdfUGX018
22500122,ZxHdfUGX018,side-court-led-logo,475.68,1.1636,35.69,https://www.youtube.com/watch?v=ZxHdfUGX018
22500122,ZxHdfUGX018,back-court-logo,475.68,1.6044,26.85,https://www.youtube.com/watch?v=ZxHdfUGX018
22500122,ZxHdfUGX018,basket-logo,467.27,0.1875,36.29,https://www.youtube.com/watch?v=ZxHdfUGX018
22500122,eoteBq9nrMc,side-court-led-logo,593.19,1.1305,36.88,https://www.youtube.com/watch?v=eoteBq9nrMc
22500122,eoteBq9nrMc,basket-logo,602.6,0.1838,35.23,https://www.youtube.com/watch?v=eoteBq9nrMc
22500122,eoteBq9nrMc,back-court-logo,612.01,1.6041,26.27,https://www.youtube.com/watch?v=eoteBq9nrMc
22500122,eoteBq9nrMc,mid-court-logo,665.47,1.6327,34.16,https://www.youtube.com/watch?v=eoteBq9nrMc
22500122,eoteBq9nrMc,side-court-logo,658.66,0.8378,20.21,https://www.youtube.com/watch?v=eoteBq9nrMc
22500122,0pUK7NKthLA,mid-court-logo,510.2,1.6848,34.71,https://www.youtube.com/watch?v=0pUK7NKthLA
22500122,0pUK7NKthLA,side-court-led-logo,467.2,1.1801,37.72,https://www.youtube.com/watch?v=0pUK7NKthLA
22500122,0pUK7NKthLA,side-court-logo,508.6,0.8325,20.4,https://www.youtube.com/watch?v=0pUK7NKthLA
22500122,0pUK7NKthLA,back-court-logo,457.4,1.5957,24.85,https://www.youtube.com/watch?v=0pUK7NKthLA
22500122,0pUK7NKthLA,basket-logo,447.2,0.1829,33.62,https://www.youtube.com/watch?v=0pUK7NKthLA
22500122,Nkkk1B_HgjQ,basket-logo,349.2,0.1875,32.23,https://www.youtube.com/watch?v=Nkkk1B_HgjQ
22500122,Nkkk1B_HgjQ,side-court-led-logo,308.0,1.1285,39.73,https://www.youtube.com/watch?v=Nkkk1B_HgjQ
22500122,Nkkk1B_HgjQ,mid-court-logo,378.6,1.6351,36.61,https://www.youtube.com/watch?v=Nkkk1B_HgjQ
22500122,Nkkk1B_HgjQ,side-court-logo,377.0,0.8395,18.91,https://www.youtube.com/watch?v=Nkkk1B_HgjQ
22500122,Nkkk1B_HgjQ,back-court-logo,347.6,1.6425,22.57,https://www.youtube.com/watch?v=Nkkk1B_HgjQ
22500113,bNhwTOkK8J4,side-court-led-logo,487.8,1.14,31.94,https://www.youtube.com/watch?v=bNhwTOkK8J4
22500113,bNhwTOkK8J4,mid-court-logo,483.8,2.1049,32.53,https://www.youtube.com/watch?v=bNhwTOkK8J4
22500113,bNhwTOkK8J4,side-court-logo,485.2,0.9307,23.92,https://www.youtube.com/watch?v=bNhwTOkK8J4
22500113,bNhwTOkK8J4,basket-logo,413.4,0.2367,33.33,https://www.youtube.com/watch?v=bNhwTOkK8J4
22500113,bNhwTOkK8J4,back-court-logo,1.2,0.9192,33.58,https://www.youtube.com/watch?v=bNhwTOkK8J4
22500113,eLsdZnxiZw0,side-court-led-logo,626.83,0.9399,32.59,https://www.youtube.com/watch?v=eLsdZnxiZw0
22500113,eLsdZnxiZw0,side-court-logo,625.43,0.9152,25.1,https://www.youtube.com/watch?v=eLsdZnxiZw0
22500113,eLsdZnxiZw0,mid-court-logo,622.02,2.0276,34.03,https://www.youtube.com/watch?v=eLsdZnxiZw0
22500113,eLsdZnxiZw0,basket-logo,524.72,0.2324,32.28,https://www.youtube.com/watch?v=eLsdZnxiZw0
22500113,eLsdZnxiZw0,back-court-logo,2.0,1.1651,18.98,https://www.youtube.com/watch?v=eLsdZnxiZw0
22500113,OKfi8yaQl6o,basket-logo,411.01,0.2326,33.22,https://www.youtube.com/watch?v=OKfi8yaQl6o
22500113,OKfi8yaQl6o,side-court-led-logo,519.92,1.0145,31.59,https://www.youtube.com/watch?v=OKfi8yaQl6o
22500113,OKfi8yaQl6o,side-court-logo,519.32,0.9402,24.95,https://www.youtube.com/watch?v=OKfi8yaQl6o
22500113,OKfi8yaQl6o,mid-court-logo,520.52,2.1014,33.01,https://www.youtube.com/watch?v=OKfi8yaQl6o
22500113,OKfi8yaQl6o,back-court-logo,1.0,0.8434,21.78,https://www.youtube.com/watch?v=OKfi8yaQl6o
22500113,f7ZZ7B0A7cY,basket-logo,348.35,0.2439,34.33,https://www.youtube.com/watch?v=f7ZZ7B0A7cY
22500113,f7ZZ7B0A7cY,side-court-led-logo,398.4,1.3009,31.97,https://www.youtube.com/watch?v=f7ZZ7B0A7cY
22500113,f7ZZ7B0A7cY,mid-court-logo,394.19,2.1377,33.26,https://www.youtube.com/watch?v=f7ZZ7B0A7cY
22500113,f7ZZ7B0A7cY,side-court-logo,397.4,0.9313,24.39,https://www.youtube.com/watch?v=f7ZZ7B0A7cY
22500113,f7ZZ7B0A7cY,back-court-logo,1.0,1.1331,24.61,https://www.youtube.com/watch?v=f7ZZ7B0A7cY
22500086,d_Ts0uHQdx4,side-court-led-logo,459.26,0.981,29.5,https://www.youtube.com/watch?v=d_Ts0uHQdx4
22500086,d_Ts0uHQdx4,side-court-logo,484.68,0.9912,27.74,https://www.youtube.com/watch?v=d_Ts0uHQdx4
22500086,d_Ts0uHQdx4,back-court-logo,443.64,1.2897,24.2,https://www.youtube.com/watch?v=d_Ts0uHQdx4
22500086,d_Ts0uHQdx4,basket-logo,431.83,0.1875,35.47,https://www.youtube.com/watch?v=d_Ts0uHQdx4
22500086,d_Ts0uHQdx4,mid-court-logo,414.21,1.5022,31.92,https://www.youtube.com/watch?v=d_Ts0uHQdx4
22500103,Ny_Ub-MUbQQ,basket-logo,458.26,0.1752,34.45,https://www.youtube.com/watch?v=Ny_Ub-MUbQQ
22500103,Ny_Ub-MUbQQ,back-court-logo,469.07,1.9643,23.87,https://www.youtube.com/watch?v=Ny_Ub-MUbQQ
22500103,Ny_Ub-MUbQQ,side-court-logo,490.89,1.0034,28.19,https://www.youtube.com/watch?v=Ny_Ub-MUbQQ
22500103,Ny_Ub-MUbQQ,side-court-led-logo,437.24,1.7614,32.64,https://www.youtube.com/watch?v=Ny_Ub-MUbQQ
22500103,Ny_Ub-MUbQQ,mid-court-logo,345.35,1.7811,29.55,https://www.youtube.com/watch?v=Ny_Ub-MUbQQ
22500103,Tr768Zlrlas,side-court-logo,455.6,1.0032,28.71,https://www.youtube.com/watch?v=Tr768Zlrlas
22500103,Tr768Zlrlas,mid-court-logo,311.0,1.6502,29.86,https://www.youtube.com/watch?v=Tr768Zlrlas
22500103,Tr768Zlrlas,side-court-led-logo,399.6,1.8848,33.75,https://www.youtube.com/watch?v=Tr768Zlrlas
22500103,Tr768Zlrlas,basket-logo,428.8,0.1875,33.01,https://www.youtube.com/watch?v=Tr768Zlrlas
22500103,Tr768Zlrlas,back-court-logo,437.6,2.0245,22.53,https://www.youtube.com/watch?v=Tr768Zlrlas
22500103,V9CezZkDFxw,side-court-logo,251.4,0.9884,29.06,https://www.youtube.com/watch?v=V9CezZkDFxw
22500103,V9CezZkDFxw,mid-court-logo,162.6,1.7756,28.29,https://www.youtube.com/watch?v=V9CezZkDFxw
22500103,V9CezZkDFxw,side-court-led-logo,210.2,1.9917,32.18,https://www.youtube.com/watch?v=V9CezZkDFxw
22500103,V9CezZkDFxw,basket-logo,225.0,0.1895,32.25,https://www.youtube.com/watch?v=V9CezZkDFxw
22500103,V9CezZkDFxw,back-court-logo,231.4,2.1221,21.66,https://www.youtube.com/watch?v=V9CezZkDFxw
22500103,MrPj4y1RYNk,side-court-logo,412.0,1.5322,34.61,https://www.youtube.com/watch?v=MrPj4y1RYNk
22500103,MrPj4y1RYNk,side-court-led-logo,226.8,2.1019,35.21,https://www.youtube.com/watch?v=MrPj4y1RYNk
22500103,MrPj4y1RYNk,back-court-logo,432.6,4.2063,29.76,https://www.youtube.com/watch?v=MrPj4y1RYNk
22500103,MrPj4y1RYNk,basket-logo,424.8,0.3027,37.85,https://www.youtube.com/watch?v=MrPj4y1RYNk
22500103,MrPj4y1RYNk,mid-court-logo,119.4,1.5255,38.12,https://www.youtube.com/watch?v=MrPj4y1RYNk
22500088,JO-8HVv3njk,basket-logo,484.88,0.2186,36.77,https://www.youtube.com/watch?v=JO-8HVv3njk
22500088,JO-8HVv3njk,mid-court-logo,498.7,2.5948,35.5,https://www.youtube.com/watch?v=JO-8HVv3njk
22500088,JO-8HVv3njk,side-court-led-logo,272.47,0.8458,35.17,https://www.youtube.com/watch?v=JO-8HVv3njk
22500088,JO-8HVv3njk,back-court-logo,494.09,1.8279,24.78,https://www.youtube.com/watch?v=JO-8HVv3njk
22500110,MzXTMj6yI5s,basket-logo,421.04,0.2164,35.15,https://www.youtube.com/watch?v=MzXTMj6yI5s
22500110,MzXTMj6yI5s,back-court-logo,436.46,1.6752,23.73,https://www.youtube.com/watch?v=MzXTMj6yI5s
22500110,MzXTMj6yI5s,side-court-logo,461.09,1.0579,26.17,https://www.youtube.com/watch?v=MzXTMj6yI5s
22500110,MzXTMj6yI5s,side-court-led-logo,237.05,1.2232,31.8,https://www.youtube.com/watch?v=MzXTMj6yI5s
22500110,MzXTMj6yI5s,mid-court-logo,268.08,1.7345,33.2,https://www.youtube.com/watch?v=MzXTMj6yI5s
22500110,Q5yGHHm6kOw,side-court-logo,520.52,1.0442,26.28,https://www.youtube.com/watch?v=Q5yGHHm6kOw
22500110,Q5yGHHm6kOw,side-court-led-logo,304.1,1.2422,31.71,https://www.youtube.com/watch?v=Q5yGHHm6kOw
22500110,Q5yGHHm6kOw,mid-court-logo,385.39,2.0074,32.49,https://www.youtube.com/watch?v=Q5yGHHm6kOw
22500110,Q5yGHHm6kOw,back-court-logo,486.29,1.647,25.49,https://www.youtube.com/watch?v=Q5yGHHm6kOw
22500110,Q5yGHHm6kOw,basket-logo,463.86,0.2045,37.0,https://www.youtube.com/watch?v=Q5yGHHm6kOw
22500110,AhJ9gQSYt30,side-court-led-logo,281.6,1.2642,31.31,https://www.youtube.com/watch?v=AhJ9gQSYt30
22500110,AhJ9gQSYt30,side-court-logo,501.2,1.0597,27.65,https://www.youtube.com/watch?v=AhJ9gQSYt30
22500110,AhJ9gQSYt30,mid-court-logo,342.2,2.0585,31.65,https://www.youtube.com/watch?v=AhJ9gQSYt30
22500110,AhJ9gQSYt30,back-court-logo,462.6,1.6564,24.6,https://www.youtube.com/watch?v=AhJ9gQSYt30
22500110,AhJ9gQSYt30,basket-logo,449.8,0.2094,36.17,https://www.youtube.com/watch?v=AhJ9gQSYt30
22500110,-y9_aO9b4EU,side-court-logo,534.8,1.0536,27.28,https://www.youtube.com/watch?v=-y9_aO9b4EU
22500110,-y9_aO9b4EU,side-court-led-logo,293.2,1.2204,31.47,https://www.youtube.com/watch?v=-y9_aO9b4EU
22500110,-y9_aO9b4EU,mid-court-logo,355.6,2.0753,31.25,https://www.youtube.com/watch?v=-y9_aO9b4EU
22500110,-y9_aO9b4EU,back-court-logo,497.8,1.6469,24.6,https://www.youtube.com/watch?v=-y9_aO9b4EU
22500110,-y9_aO9b4EU,basket-logo,485.6,0.2077,36.16,https://www.youtube.com/watch?v=-y9_aO9b4EU
22500089,R69b9EcM3IU,basket-logo,511.71,0.1868,33.59,https://www.youtube.com/watch?v=R69b9EcM3IU
22500089,R69b9EcM3IU,side-court-led-logo,521.92,2.3184,31.59,https://www.youtube.com/watch?v=R69b9EcM3IU
22500089,R69b9EcM3IU,side-court-logo,547.15,0.7216,25.61,https://www.youtube.com/watch?v=R69b9EcM3IU
22500089,R69b9EcM3IU,back-court-logo,514.51,1.2452,23.32,https://www.youtube.com/watch?v=R69b9EcM3IU
22500089,R69b9EcM3IU,mid-court-logo,443.84,1.7614,29.99,https://www.youtube.com/watch?v=R69b9EcM3IU
22500089,WlRG-IoVYH0,back-court-logo,472.2,1.261,24.78,https://www.youtube.com/watch?v=WlRG-IoVYH0
22500089,WlRG-IoVYH0,side-court-logo,513.8,0.7111,26.3,https://www.youtube.com/watch?v=WlRG-IoVYH0
22500089,WlRG-IoVYH0,mid-court-logo,407.6,1.7084,29.84,https://www.youtube.com/watch?v=WlRG-IoVYH0
22500089,WlRG-IoVYH0,side-court-led-logo,497.4,2.3619,31.2,https://www.youtube.com/watch?v=WlRG-IoVYH0
22500089,WlRG-IoVYH0,basket-logo,471.4,0.184,33.5,https://www.youtube.com/watch?v=WlRG-IoVYH0
22500094,i0BrUAza78Q,basket-logo,476.68,0.1626,35.21,https://www.youtube.com/watch?v=i0BrUAza78Q
22500094,i0BrUAza78Q,back-court-logo,488.49,1.7467,24.12,https://www.youtube.com/watch?v=i0BrUAza78Q
22500094,i0BrUAza78Q,side-court-logo,500.5,0.9149,24.4,https://www.youtube.com/watch?v=i0BrUAza78Q
22500094,i0BrUAza78Q,mid-court-logo,429.83,1.7031,28.98,https://www.youtube.com/watch?v=i0BrUAza78Q
22500094,i0BrUAza78Q,side-court-led-logo,492.09,1.7563,31.83,https://www.youtube.com/watch?v=i0BrUAza78Q
22500094,aJoK-trkxR8,basket-logo,534.93,0.1706,33.36,https://www.youtube.com/watch?v=aJoK-trkxR8
22500094,aJoK-trkxR8,side-court-led-logo,551.95,2.205,32.62,https://www.youtube.com/watch?v=aJoK-trkxR8
22500094,aJoK-trkxR8,mid-court-logo,495.09,1.854,31.03,https://www.youtube.com/watch?v=aJoK-trkxR8
22500094,aJoK-trkxR8,back-court-logo,518.32,1.7783,22.56,https://www.youtube.com/watch?v=aJoK-trkxR8
22500094,aJoK-trkxR8,side-court-logo,559.76,0.9476,24.77,https://www.youtube.com/watch?v=aJoK-trkxR8
22500094,W7OvD_OZurQ,side-court-led-logo,260.8,2.7869,38.84,https://www.youtube.com/watch?v=W7OvD_OZurQ
22500094,W7OvD_OZurQ,mid-court-logo,157.6,1.8281,34.69,https://www.youtube.com/watch?v=W7OvD_OZurQ
22500094,W7OvD_OZurQ,side-court-logo,393.2,1.6135,35.09,https://www.youtube.com/watch?v=W7OvD_OZurQ
22500094,W7OvD_OZurQ,back-court-logo,424.0,4.4428,26.89,https://www.youtube.com/watch?v=W7OvD_OZurQ
22500094,W7OvD_OZurQ,basket-logo,386.4,0.331,36.51,https://www.youtube.com/watch?v=W7OvD_OZurQ
22500111,g7XGC3KVjdc,basket-logo,328.09,0.22,34.12,https://www.youtube.com/watch?v=g7XGC3KVjdc
22500111,g7XGC3KVjdc,back-court-logo,343.51,1.4673,24.02,https://www.youtube.com/watch?v=g7XGC3KVjdc
22500111,g7XGC3KVjdc,side-court-led-logo,331.3,2.1419,32.02,https://www.youtube.com/watch?v=g7XGC3KVjdc
22500111,g7XGC3KVjdc,side-court-logo,348.11,0.3621,29.71,https://www.youtube.com/watch?v=g7XGC3KVjdc
22500111,g7XGC3KVjdc,mid-court-logo,214.79,1.5428,32.52,https://www.youtube.com/watch?v=g7XGC3KVjdc
22500111,VvJVYF4ax1M,mid-court-logo,338.54,1.4667,32.92,https://www.youtube.com/watch?v=VvJVYF4ax1M
22500111,VvJVYF4ax1M,basket-logo,569.97,0.2169,34.63,https://www.youtube.com/watch?v=VvJVYF4ax1M
22500111,VvJVYF4ax1M,side-court-led-logo,580.38,1.9451,33.09,https://www.youtube.com/watch?v=VvJVYF4ax1M
22500111,VvJVYF4ax1M,side-court-logo,574.17,0.3753,29.44,https://www.youtube.com/watch?v=VvJVYF4ax1M
22500111,VvJVYF4ax1M,back-court-logo,588.79,1.4241,23.46,https://www.youtube.com/watch?v=VvJVYF4ax1M
22500111,wCkRdiMC37o,mid-court-logo,223.0,1.4017,31.2,https://www.youtube.com/watch?v=wCkRdiMC37o
22500111,wCkRdiMC37o,side-court-led-logo,366.8,2.1979,31.98,https://www.youtube.com/watch?v=wCkRdiMC37o
22500111,wCkRdiMC37o,side-court-logo,390.0,0.3624,30.3,https://www.youtube.com/watch?v=wCkRdiMC37o
22500111,wCkRdiMC37o,back-court-logo,401.4,1.5082,22.98,https://www.youtube.com/watch?v=wCkRdiMC37o
22500111,wCkRdiMC37o,basket-logo,395.6,0.2309,34.07,https://www.youtube.com/watch?v=wCkRdiMC37o
22500111,n5Rg3K_evJY,side-court-led-logo,503.1,2.1973,31.41,https://www.youtube.com/watch?v=n5Rg3K_evJY
22500111,n5Rg3K_evJY,side-court-logo,480.08,0.3017,26.31,https://www.youtube.com/watch?v=n5Rg3K_evJY
22500111,n5Rg3K_evJY,mid-court-logo,455.46,1.2097,33.78,https://www.youtube.com/watch?v=n5Rg3K_evJY
22500111,n5Rg3K_evJY,back-court-logo,455.86,1.181,24.23,https://www.youtube.com/watch?v=n5Rg3K_evJY
22500111,n5Rg3K_evJY,basket-logo,428.83,0.1852,33.63,https://www.youtube.com/watch?v=n5Rg3K_evJY
22500111,GmXhFTLdeJk,side-court-led-logo,288.6,2.2442,34.31,https://www.youtube.com/watch?v=GmXhFTLdeJk
22500111,GmXhFTLdeJk,basket-logo,389.0,0.3393,39.89,https://www.youtube.com/watch?v=GmXhFTLdeJk
22500111,GmXhFTLdeJk,back-court-logo,418.6,2.8118,33.32,https://www.youtube.com/watch?v=GmXhFTLdeJk
22500111,GmXhFTLdeJk,side-court-logo,352.8,0.6742,31.75,https://www.youtube.com/watch?v=GmXhFTLdeJk
22500111,GmXhFTLdeJk,mid-court-logo,33.4,1.3346,37.04,https://www.youtube.com/watch?v=GmXhFTLdeJk
22500085,e9DQ8yBo6DM,side-court-logo,514.31,0.9325,27.97,https://www.youtube.com/watch?v=e9DQ8yBo6DM
22500085,e9DQ8yBo6DM,mid-court-logo,349.95,2.2553,29.07,https://www.youtube.com/watch?v=e9DQ8yBo6DM
22500085,e9DQ8yBo6DM,side-court-led-logo,429.23,1.9883,31.73,https://www.youtube.com/watch?v=e9DQ8yBo6DM
22500085,e9DQ8yBo6DM,back-court-logo,472.07,1.7532,24.26,https://www.youtube.com/watch?v=e9DQ8yBo6DM
22500085,e9DQ8yBo6DM,basket-logo,442.44,0.1787,33.46,https://www.youtube.com/watch?v=e9DQ8yBo6DM
22500085,dATDB45Bw0E,side-court-led-logo,401.2,1.8737,32.41,https://www.youtube.com/watch?v=dATDB45Bw0E
22500085,dATDB45Bw0E,mid-court-logo,316.0,2.3107,30.05,https://www.youtube.com/watch?v=dATDB45Bw0E
22500085,dATDB45Bw0E,side-court-logo,489.0,0.9344,28.82,https://www.youtube.com/watch?v=dATDB45Bw0E
22500085,dATDB45Bw0E,back-court-logo,458.8,1.8213,23.12,https://www.youtube.com/watch?v=dATDB45Bw0E
22500085,dATDB45Bw0E,basket-logo,445.4,0.1824,33.76,https://www.youtube.com/watch?v=dATDB45Bw0E
22500087,rN5lAmWQau0,back-court-logo,407.61,1.0431,21.23,https://www.youtube.com/watch?v=rN5lAmWQau0
22500087,rN5lAmWQau0,side-court-logo,421.82,0.7268,24.62,https://www.youtube.com/watch?v=rN5lAmWQau0
22500087,rN5lAmWQau0,mid-court-logo,314.71,1.9596,30.31,https://www.youtube.com/watch?v=rN5lAmWQau0
22500087,rN5lAmWQau0,side-court-led-logo,260.86,0.9464,32.21,https://www.youtube.com/watch?v=rN5lAmWQau0
22500087,rN5lAmWQau0,basket-logo,387.19,0.1922,34.13,https://www.youtube.com/watch?v=rN5lAmWQau0
22500087,ZCWWFAWLlmM,side-court-logo,406.6,0.7268,24.95,https://www.youtube.com/watch?v=ZCWWFAWLlmM
22500087,ZCWWFAWLlmM,mid-court-logo,305.0,1.8908,30.13,https://www.youtube.com/watch?v=ZCWWFAWLlmM
22500087,ZCWWFAWLlmM,back-court-logo,393.2,1.0226,22.2,https://www.youtube.com/watch?v=ZCWWFAWLlmM
22500087,ZCWWFAWLlmM,side-court-led-logo,259.8,0.9527,31.23,https://www.youtube.com/watch?v=ZCWWFAWLlmM
22500087,ZCWWFAWLlmM,basket-logo,372.0,0.189,34.6,https://www.youtube.com/watch?v=ZCWWFAWLlmM
22500019,H0iHi7iFkiQ,basket-logo,418.8,0.2047,38.16,https://www.youtube.com/watch?v=H0iHi7iFkiQ
22500019,H0iHi7iFkiQ,side-court-logo,433.6,0.6422,28.77,https://www.youtube.com/watch?v=H0iHi7iFkiQ
22500019,H0iHi7iFkiQ,mid-court-logo,365.4,1.6526,32.25,https://www.youtube.com/watch?v=H0iHi7iFkiQ
22500019,H0iHi7iFkiQ,back-court-logo,425.8,2.1037,28.89,https://www.youtube.com/watch?v=H0iHi7iFkiQ
22500019,H0iHi7iFkiQ,side-court-led-logo,225.6,1.5631,28.96,https://www.youtube.com/watch?v=H0iHi7iFkiQ
22500019,5NTlOQO7J7k,mid-court-logo,464.06,1.5097,32.28,https://www.youtube.com/watch?v=5NTlOQO7J7k
22500019,5NTlOQO7J7k,side-court-logo,532.33,0.5846,28.95,https://www.youtube.com/watch?v=5NTlOQO7J7k
22500019,5NTlOQO7J7k,side-court-led-logo,270.07,1.3413,28.85,https://www.youtube.com/watch?v=5NTlOQO7J7k
22500019,5NTlOQO7J7k,basket-logo,513.71,0.1956,37.66,https://www.youtube.com/watch?v=5NTlOQO7J7k
22500019,5NTlOQO7J7k,back-court-logo,521.72,2.098,28.48,https://www.youtube.com/watch?v=5NTlOQO7J7k
22500019,TzYF3CNgcA8,side-court-led-logo,309.91,1.3971,28.72,https://www.youtube.com/watch?v=TzYF3CNgcA8
22500019,TzYF3CNgcA8,mid-court-logo,457.86,1.5585,31.39,https://www.youtube.com/watch?v=TzYF3CNgcA8
22500019,TzYF3CNgcA8,side-court-logo,505.11,0.5721,27.69,https://www.youtube.com/watch?v=TzYF3CNgcA8
22500019,TzYF3CNgcA8,basket-logo,483.48,0.1899,39.29,https://www.youtube.com/watch?v=TzYF3CNgcA8
22500019,TzYF3CNgcA8,back-court-logo,492.89,2.0429,30.26,https://www.youtube.com/watch?v=TzYF3CNgcA8
22500019,ZaAU3cEb86Y,side-court-led-logo,268.4,1.5426,28.32,https://www.youtube.com/watch?v=ZaAU3cEb86Y
22500019,ZaAU3cEb86Y,mid-court-logo,402.6,1.6783,31.65,https://www.youtube.com/watch?v=ZaAU3cEb86Y
22500019,ZaAU3cEb86Y,side-court-logo,461.6,0.5948,28.62,https://www.youtube.com/watch?v=ZaAU3cEb86Y
22500019,ZaAU3cEb86Y,basket-logo,439.6,0.1956,38.14,https://www.youtube.com/watch?v=ZaAU3cEb86Y
22500019,ZaAU3cEb86Y,back-court-logo,449.2,2.1595,29.77,https://www.youtube.com/watch?v=ZaAU3cEb86Y
22500019,gxlThZ6ZH1Y,mid-court-logo,329.73,1.509,34.48,https://www.youtube.com/watch?v=gxlThZ6ZH1Y
22500019,gxlThZ6ZH1Y,side-court-logo,385.79,0.6353,28.92,https://www.youtube.com/watch?v=gxlThZ6ZH1Y
22500019,gxlThZ6ZH1Y,side-court-led-logo,178.78,1.3391,30.42,https://www.youtube.com/watch?v=gxlThZ6ZH1Y
22500019,gxlThZ6ZH1Y,basket-logo,393.99,0.2005,35.0,https://www.youtube.com/watch?v=gxlThZ6ZH1Y
22500019,gxlThZ6ZH1Y,back-court-logo,389.19,2.0518,25.26,https://www.youtube.com/watch?v=gxlThZ6ZH1Y
22500097,lvB2e--M_kI,basket-logo,487.89,0.167,32.44,https://www.youtube.com/watch?v=lvB2e--M_kI
22500097,lvB2e--M_kI,mid-court-logo,505.91,1.859,31.51,https://www.youtube.com/watch?v=lvB2e--M_kI
22500097,lvB2e--M_kI,back-court-logo,485.09,1.1203,23.65,https://www.youtube.com/watch?v=lvB2e--M_kI
22500097,lvB2e--M_kI,side-court-logo,531.93,0.6753,25.25,https://www.youtube.com/watch?v=lvB2e--M_kI
22500097,lvB2e--M_kI,side-court-led-logo,510.31,1.9153,32.15,https://www.youtube.com/watch?v=lvB2e--M_kI
22500097,TFSNn3UppD0,side-court-logo,555.96,0.7053,25.21,https://www.youtube.com/watch?v=TFSNn3UppD0
22500097,TFSNn3UppD0,side-court-led-logo,541.14,1.8043,33.02,https://www.youtube.com/watch?v=TFSNn3UppD0
22500097,TFSNn3UppD0,mid-court-logo,535.54,1.7923,33.11,https://www.youtube.com/watch?v=TFSNn3UppD0
22500097,TFSNn3UppD0,basket-logo,511.91,0.1673,31.63,https://www.youtube.com/watch?v=TFSNn3UppD0
22500097,TFSNn3UppD0,back-court-logo,509.91,1.1694,22.22,https://www.youtube.com/watch?v=TFSNn3UppD0
22500097,j0kLA6DkPDs,side-court-logo,492.2,0.6819,23.09,https://www.youtube.com/watch?v=j0kLA6DkPDs
22500097,j0kLA6DkPDs,mid-court-logo,425.6,1.5602,29.57,https://www.youtube.com/watch?v=j0kLA6DkPDs
22500097,j0kLA6DkPDs,back-court-logo,441.6,1.1484,23.51,https://www.youtube.com/watch?v=j0kLA6DkPDs
22500097,j0kLA6DkPDs,side-court-led-logo,476.0,2.1337,30.66,https://www.youtube.com/watch?v=j0kLA6DkPDs
22500097,j0kLA6DkPDs,basket-logo,433.8,0.1793,33.25,https://www.youtube.com/watch?v=j0kLA6DkPDs
22500084,nTDX2OAo10A,side-court-led-logo,360.0,1.7144,30.22,https://www.youtube.com/watch?v=nTDX2OAo10A
22500084,nTDX2OAo10A,mid-court-logo,405.2,2.1157,30.95,https://www.youtube.com/watch?v=nTDX2OAo10A
22500084,nTDX2OAo10A,side-court-logo,460.6,0.9551,23.17,https://www.youtube.com/watch?v=nTDX2OAo10A
22500084,nTDX2OAo10A,basket-logo,443.8,0.2091,33.12,https://www.youtube.com/watch?v=nTDX2OAo10A
22500084,nTDX2OAo10A,back-court-logo,451.4,1.5043,22.5,https://www.youtube.com/watch?v=nTDX2OAo10A
22500084,Y9S38Ag6xds,basket-logo,78.88,0.2217,33.54,https://www.youtube.com/watch?v=Y9S38Ag6xds
22500084,Y9S38Ag6xds,side-court-led-logo,70.27,1.8137,27.75,https://www.youtube.com/watch?v=Y9S38Ag6xds
22500084,Y9S38Ag6xds,mid-court-logo,68.87,2.1469,28.67,https://www.youtube.com/watch?v=Y9S38Ag6xds
22500084,Y9S38Ag6xds,side-court-logo,87.09,0.9876,25.86,https://www.youtube.com/watch?v=Y9S38Ag6xds
22500084,Y9S38Ag6xds,back-court-logo,80.88,1.6077,24.45,https://www.youtube.com/watch?v=Y9S38Ag6xds
22500080,twl8oBHOdiA,basket-logo,390.59,0.1962,36.08,https://www.youtube.com/watch?v=twl8oBHOdiA
22500080,twl8oBHOdiA,mid-court-logo,427.43,1.9701,32.04,https://www.youtube.com/watch?v=twl8oBHOdiA
22500080,twl8oBHOdiA,side-court-logo,438.04,0.7059,23.07,https://www.youtube.com/watch?v=twl8oBHOdiA
22500080,twl8oBHOdiA,back-court-logo,394.79,0.7878,25.87,https://www.youtube.com/watch?v=twl8oBHOdiA
22500080,twl8oBHOdiA,side-court-led-logo,443.44,0.8772,25.94,https://www.youtube.com/watch?v=twl8oBHOdiA
22500080,nqRkRyc2TX0,side-court-led-logo,464.2,0.8125,26.71,https://www.youtube.com/watch?v=nqRkRyc2TX0
22500080,nqRkRyc2TX0,mid-court-logo,450.8,1.9739,32.92,https://www.youtube.com/watch?v=nqRkRyc2TX0
22500080,nqRkRyc2TX0,side-court-logo,457.8,0.6757,24.17,https://www.youtube.com/watch?v=nqRkRyc2TX0
22500080,nqRkRyc2TX0,back-court-logo,413.2,0.7744,25.72,https://www.youtube.com/watch?v=nqRkRyc2TX0
22500080,nqRkRyc2TX0,basket-logo,412.6,0.1918,35.17,https://www.youtube.com/watch?v=nqRkRyc2TX0
22500080,igtvGYM-Qqc,side-court-led-logo,491.2,0.8692,26.19,https://www.youtube.com/watch?v=igtvGYM-Qqc
22500080,igtvGYM-Qqc,mid-court-logo,477.4,1.943,32.58,https://www.youtube.com/watch?v=igtvGYM-Qqc
22500080,igtvGYM-Qqc,side-court-logo,487.4,0.691,23.53,https://www.youtube.com/watch?v=igtvGYM-Qqc
22500080,igtvGYM-Qqc,back-court-logo,439.0,0.7692,25.44,https://www.youtube.com/watch?v=igtvGYM-Qqc
22500080,igtvGYM-Qqc,basket-logo,436.2,0.19,35.18,https://www.youtube.com/watch?v=igtvGYM-Qqc
22500081,jTA434KdzW8,basket-logo,415.02,0.2584,35.31,https://www.youtube.com/watch?v=jTA434KdzW8
22500081,jTA434KdzW8,side-court-led-logo,279.28,1.4894,28.48,https://www.youtube.com/watch?v=jTA434KdzW8
22500081,jTA434KdzW8,back-court-logo,438.84,1.6179,24.08,https://www.youtube.com/watch?v=jTA434KdzW8
22500081,jTA434KdzW8,side-court-logo,470.47,1.0651,26.29,https://www.youtube.com/watch?v=jTA434KdzW8
22500081,jTA434KdzW8,mid-court-logo,364.16,2.2663,30.1,https://www.youtube.com/watch?v=jTA434KdzW8
22500081,rfsUQ4KxG0c,side-court-logo,426.4,1.0466,26.61,https://www.youtube.com/watch?v=rfsUQ4KxG0c
22500081,rfsUQ4KxG0c,mid-court-logo,324.0,2.1184,30.0,https://www.youtube.com/watch?v=rfsUQ4KxG0c
22500081,rfsUQ4KxG0c,side-court-led-logo,262.2,1.7393,28.2,https://www.youtube.com/watch?v=rfsUQ4KxG0c
22500081,rfsUQ4KxG0c,back-court-logo,392.2,1.583,24.45,https://www.youtube.com/watch?v=rfsUQ4KxG0c
22500081,rfsUQ4KxG0c,basket-logo,373.6,0.2572,35.21,https://www.youtube.com/watch?v=rfsUQ4KxG0c
22500081,WkSm-VU40Fw,side-court-led-logo,339.54,1.536,27.72,https://www.youtube.com/watch?v=WkSm-VU40Fw
22500081,WkSm-VU40Fw,side-court-logo,488.49,0.8715,25.31,https://www.youtube.com/watch?v=WkSm-VU40Fw
22500081,WkSm-VU40Fw,mid-court-logo,372.77,2.2096,27.17,https://www.youtube.com/watch?v=WkSm-VU40Fw
22500081,WkSm-VU40Fw,back-court-logo,446.45,1.6255,25.92,https://www.youtube.com/watch?v=WkSm-VU40Fw
22500081,WkSm-VU40Fw,basket-logo,430.83,0.2501,37.17,https://www.youtube.com/watch?v=WkSm-VU40Fw
22500083,loTnBDJeTXg,basket-logo,470.67,0.2495,34.89,https://www.youtube.com/watch?v=loTnBDJeTXg
22500083,loTnBDJeTXg,side-court-led-logo,536.74,0.9962,28.65,https://www.youtube.com/watch?v=loTnBDJeTXg
22500083,loTnBDJeTXg,side-court-logo,537.54,1.0034,28.28,https://www.youtube.com/watch?v=loTnBDJeTXg
22500083,loTnBDJeTXg,mid-court-logo,473.27,0.9738,31.45,https://www.youtube.com/watch?v=loTnBDJeTXg
22500083,loTnBDJeTXg,back-court-logo,496.9,2.1008,25.28,https://www.youtube.com/watch?v=loTnBDJeTXg
22500083,8iPnGmSwNZU,side-court-logo,627.83,1.0005,28.54,https://www.youtube.com/watch?v=8iPnGmSwNZU
22500083,8iPnGmSwNZU,mid-court-logo,536.14,0.9377,31.14,https://www.youtube.com/watch?v=8iPnGmSwNZU
22500083,8iPnGmSwNZU,side-court-led-logo,630.43,0.9774,28.42,https://www.youtube.com/watch?v=8iPnGmSwNZU
22500083,8iPnGmSwNZU,basket-logo,568.77,0.2587,34.91,https://www.youtube.com/watch?v=8iPnGmSwNZU
22500083,8iPnGmSwNZU,back-court-logo,585.99,2.18,24.15,https://www.youtube.com/watch?v=8iPnGmSwNZU
22500083,NFCLlfAd1Ro,side-court-led-logo,493.8,0.9884,29.01,https://www.youtube.com/watch?v=NFCLlfAd1Ro
22500083,NFCLlfAd1Ro,side-court-logo,494.2,1.0022,28.99,https://www.youtube.com/watch?v=NFCLlfAd1Ro
22500083,NFCLlfAd1Ro,mid-court-logo,419.6,1.0247,30.81,https://www.youtube.com/watch?v=NFCLlfAd1Ro
22500083,NFCLlfAd1Ro,back-court-logo,455.2,2.115,25.64,https://www.youtube.com/watch?v=NFCLlfAd1Ro
22500083,NFCLlfAd1Ro,basket-logo,442.6,0.2535,35.45,https://www.youtube.com/watch?v=NFCLlfAd1Ro
22500001,ISI6GOnNWp0,basket-logo,485.09,0.159,34.18,https://www.youtube.com/watch?v=ISI6GOnNWp0
22500001,ISI6GOnNWp0,back-court-logo,480.08,1.3987,21.2,https://www.youtube.com/watch?v=ISI6GOnNWp0
22500001,ISI6GOnNWp0,side-court-logo,477.88,0.4172,26.15,https://www.youtube.com/watch?v=ISI6GOnNWp0
22500001,ISI6GOnNWp0,side-court-led-logo,367.17,1.1712,30.94,https://www.youtube.com/watch?v=ISI6GOnNWp0
22500001,ISI6GOnNWp0,mid-court-logo,409.41,2.5902,29.38,https://www.youtube.com/watch?v=ISI6GOnNWp0
22500001,-UC7LzCMZd8,side-court-led-logo,534.53,1.1911,29.93,https://www.youtube.com/watch?v=-UC7LzCMZd8
22500001,-UC7LzCMZd8,mid-court-logo,588.99,2.4275,29.54,https://www.youtube.com/watch?v=-UC7LzCMZd8
22500001,-UC7LzCMZd8,side-court-logo,707.31,0.4154,26.28,https://www.youtube.com/watch?v=-UC7LzCMZd8
22500001,-UC7LzCMZd8,back-court-logo,702.9,1.3913,22.2,https://www.youtube.com/watch?v=-UC7LzCMZd8
22500001,-UC7LzCMZd8,basket-logo,714.51,0.1577,34.52,https://www.youtube.com/watch?v=-UC7LzCMZd8
22500001,PazHxasZyKA,side-court-logo,525.2,0.404,24.03,https://www.youtube.com/watch?v=PazHxasZyKA
22500001,PazHxasZyKA,side-court-led-logo,457.4,1.4614,27.84,https://www.youtube.com/watch?v=PazHxasZyKA
22500001,PazHxasZyKA,mid-court-logo,477.2,2.2748,26.76,https://www.youtube.com/watch?v=PazHxasZyKA
22500001,PazHxasZyKA,back-court-logo,499.4,1.279,25.51,https://www.youtube.com/watch?v=PazHxasZyKA
22500001,PazHxasZyKA,basket-logo,498.8,0.1457,37.14,https://www.youtube.com/watch?v=PazHxasZyKA
22500001,EzG9w_DOdEw,side-court-logo,468.2,0.4087,25.6,https://www.youtube.com/watch?v=EzG9w_DOdEw
22500001,EzG9w_DOdEw,mid-court-logo,409.2,2.5182,28.85,https://www.youtube.com/watch?v=EzG9w_DOdEw
22500001,EzG9w_DOdEw,side-court-led-logo,380.8,1.3383,29.71,https://www.youtube.com/watch?v=EzG9w_DOdEw
22500001,EzG9w_DOdEw,back-court-logo,461.0,1.3651,23.51,https://www.youtube.com/watch?v=EzG9w_DOdEw
22500001,EzG9w_DOdEw,basket-logo,462.4,0.1539,35.02,https://www.youtube.com/watch?v=EzG9w_DOdEw
22500002,clKNdb7gNG4,basket-logo,471.2,0.1873,34.88,https://www.youtube.com/watch?v=clKNdb7gNG4
22500002,clKNdb7gNG4,mid-court-logo,476.8,1.7126,35.2,https://www.youtube.com/watch?v=clKNdb7gNG4
22500002,clKNdb7gNG4,back-court-logo,473.8,1.9739,28.15,https://www.youtube.com/watch?v=clKNdb7gNG4
22500002,clKNdb7gNG4,side-court-led-logo,344.4,1.4544,33.26,https://www.youtube.com/watch?v=clKNdb7gNG4
22500002,clKNdb7gNG4,side-court-logo,507.6,0.6066,28.72,https://www.youtube.com/watch?v=clKNdb7gNG4
22500002,gpssIL2D3wY,basket-logo,556.36,0.1779,34.12,https://www.youtube.com/watch?v=gpssIL2D3wY
22500002,gpssIL2D3wY,back-court-logo,556.76,2.0255,27.27,https://www.youtube.com/watch?v=gpssIL2D3wY
22500002,gpssIL2D3wY,side-court-led-logo,380.38,1.2474,34.19,https://www.youtube.com/watch?v=gpssIL2D3wY
22500002,gpssIL2D3wY,mid-court-logo,532.53,1.6572,36.09,https://www.youtube.com/watch?v=gpssIL2D3wY
22500002,gpssIL2D3wY,side-court-logo,576.58,0.6053,29.6,https://www.youtube.com/watch?v=gpssIL2D3wY
22500002,v1bHw8GTl-U,side-court-led-logo,365.57,1.4068,30.99,https://www.youtube.com/watch?v=v1bHw8GTl-U
22500002,v1bHw8GTl-U,side-court-logo,514.91,0.5709,28.2,https://www.youtube.com/watch?v=v1bHw8GTl-U
22500002,v1bHw8GTl-U,mid-court-logo,492.29,1.5985,33.48,https://www.youtube.com/watch?v=v1bHw8GTl-U
22500002,v1bHw8GTl-U,basket-logo,484.68,0.1731,35.69,https://www.youtube.com/watch?v=v1bHw8GTl-U
22500002,v1bHw8GTl-U,back-court-logo,491.69,1.9571,29.66,https://www.youtube.com/watch?v=v1bHw8GTl-U
22500002,OFKxBK7Ku1U,side-court-led-logo,336.2,1.5004,30.68,https://www.youtube.com/watch?v=OFKxBK7Ku1U
22500002,OFKxBK7Ku1U,mid-court-logo,451.4,1.6224,32.82,https://www.youtube.com/watch?v=OFKxBK7Ku1U
22500002,OFKxBK7Ku1U,basket-logo,437.6,0.1758,36.37,https://www.youtube.com/watch?v=OFKxBK7Ku1U
22500002,OFKxBK7Ku1U,back-court-logo,447.6,1.9214,29.93,https://www.youtube.com/watch?v=OFKxBK7Ku1U
22500002,OFKxBK7Ku1U,side-court-logo,474.0,0.5807,28.52,https://www.youtube.com/watch?v=OFKxBK7Ku1U
22500006,KjGEGxPnk1Y,side-court-led-logo,250.6,1.3766,32.2,https://www.youtube.com/watch?v=KjGEGxPnk1Y
22500006,KjGEGxPnk1Y,back-court-logo,505.6,1.6007,22.67,https://www.youtube.com/watch?v=KjGEGxPnk1Y
22500006,KjGEGxPnk1Y,mid-court-logo,411.2,1.8464,31.35,https://www.youtube.com/watch?v=KjGEGxPnk1Y
22500006,KjGEGxPnk1Y,side-court-logo,489.4,0.6231,26.97,https://www.youtube.com/watch?v=KjGEGxPnk1Y
22500006,KjGEGxPnk1Y,basket-logo,504.0,0.1914,35.11,https://www.youtube.com/watch?v=KjGEGxPnk1Y
22500006,J61fiVUOoi4,side-court-led-logo,350.35,1.4315,30.48,https://www.youtube.com/watch?v=J61fiVUOoi4
22500006,J61fiVUOoi4,mid-court-logo,513.11,1.9323,30.45,https://www.youtube.com/watch?v=J61fiVUOoi4
22500006,J61fiVUOoi4,side-court-logo,659.86,0.6527,27.06,https://www.youtube.com/watch?v=J61fiVUOoi4
22500006,J61fiVUOoi4,back-court-logo,648.85,1.821,25.77,https://www.youtube.com/watch?v=J61fiVUOoi4
22500006,J61fiVUOoi4,basket-logo,640.24,0.2017,35.46,https://www.youtube.com/watch?v=J61fiVUOoi4
22500006,5jWZ4hqPHPU,side-court-led-logo,243.6,1.268,30.64,https://www.youtube.com/watch?v=5jWZ4hqPHPU
22500006,5jWZ4hqPHPU,mid-court-logo,395.6,1.8411,30.0,https://www.youtube.com/watch?v=5jWZ4hqPHPU
22500006,5jWZ4hqPHPU,side-court-logo,447.2,0.5823,26.64,https://www.youtube.com/watch?v=5jWZ4hqPHPU
22500006,5jWZ4hqPHPU,basket-logo,461.2,0.1877,36.58,https://www.youtube.com/watch?v=5jWZ4hqPHPU
22500006,5jWZ4hqPHPU,back-court-logo,464.6,1.6004,24.8,https://www.youtube.com/watch?v=5jWZ4hqPHPU
22500006,25vg3m3S3NQ,mid-court-logo,428.03,1.847,29.38,https://www.youtube.com/watch?v=25vg3m3S3NQ
22500006,25vg3m3S3NQ,side-court-led-logo,274.27,1.1949,30.39,https://www.youtube.com/watch?v=25vg3m3S3NQ
22500006,25vg3m3S3NQ,side-court-logo,482.68,0.5857,25.47,https://www.youtube.com/watch?v=25vg3m3S3NQ
22500006,25vg3m3S3NQ,basket-logo,483.88,0.1831,37.2,https://www.youtube.com/watch?v=25vg3m3S3NQ
22500006,25vg3m3S3NQ,back-court-logo,490.09,1.5862,25.41,https://www.youtube.com/watch?v=25vg3m3S3NQ
22500095,ez6jr9z-aX0,mid-court-logo,518.12,1.9123,28.11,https://www.youtube.com/watch?v=ez6jr9z-aX0
22500095,ez6jr9z-aX0,side-court-logo,522.72,0.8373,20.07,https://www.youtube.com/watch?v=ez6jr9z-aX0
22500095,ez6jr9z-aX0,side-court-led-logo,524.12,1.9674,30.67,https://www.youtube.com/watch?v=ez6jr9z-aX0
22500095,ez6jr9z-aX0,back-court-logo,1.0,0.534,27.79,https://www.youtube.com/watch?v=ez6jr9z-aX0
22500095,ez6jr9z-aX0,basket-logo,492.09,0.1014,33.37,https://www.youtube.com/watch?v=ez6jr9z-aX0
22500095,lckAQAC-Wtg,mid-court-logo,496.8,1.8661,29.68,https://www.youtube.com/watch?v=lckAQAC-Wtg
22500095,lckAQAC-Wtg,side-court-logo,500.2,0.9159,21.36,https://www.youtube.com/watch?v=lckAQAC-Wtg
22500095,lckAQAC-Wtg,side-court-led-logo,477.0,1.4323,32.73,https://www.youtube.com/watch?v=lckAQAC-Wtg
22500095,lckAQAC-Wtg,basket-logo,463.4,0.1039,31.86,https://www.youtube.com/watch?v=lckAQAC-Wtg
22500095,lckAQAC-Wtg,back-court-logo,0.4,0.9604,15.3,https://www.youtube.com/watch?v=lckAQAC-Wtg
22500095,VIhYqFSUf3A,side-court-logo,529.13,0.9292,21.14,https://www.youtube.com/watch?v=VIhYqFSUf3A
22500095,VIhYqFSUf3A,mid-court-logo,524.32,1.8501,29.2,https://www.youtube.com/watch?v=VIhYqFSUf3A
22500095,VIhYqFSUf3A,side-court-led-logo,504.3,1.5058,32.25,https://www.youtube.com/watch?v=VIhYqFSUf3A
22500095,VIhYqFSUf3A,basket-logo,485.89,0.1008,32.08,https://www.youtube.com/watch?v=VIhYqFSUf3A
22500095,VIhYqFSUf3A,back-court-logo,1.0,0.8867,16.13,https://www.youtube.com/watch?v=VIhYqFSUf3A
22500005,a6576oNJoiQ,side-court-led-logo,532.5,1.023,26.06,https://www.youtube.com/watch?v=a6576oNJoiQ
22500005,a6576oNJoiQ,mid-court-logo,445.83,2.2302,31.35,https://www.youtube.com/watch?v=a6576oNJoiQ
22500005,a6576oNJoiQ,basket-logo,480.0,0.1811,37.5,https://www.youtube.com/watch?v=a6576oNJoiQ
22500005,a6576oNJoiQ,back-court-logo,488.96,1.5776,24.63,https://www.youtube.com/watch?v=a6576oNJoiQ
22500005,a6576oNJoiQ,side-court-logo,460.83,0.3877,27.56,https://www.youtube.com/watch?v=a6576oNJoiQ
22500005,Yw_18igB-Bg,side-court-led-logo,547.75,0.9426,26.21,https://www.youtube.com/watch?v=Yw_18igB-Bg
22500005,Yw_18igB-Bg,mid-court-logo,469.47,1.9757,29.8,https://www.youtube.com/watch?v=Yw_18igB-Bg
22500005,Yw_18igB-Bg,side-court-logo,499.1,0.3874,26.83,https://www.youtube.com/watch?v=Yw_18igB-Bg
22500005,Yw_18igB-Bg,back-court-logo,503.5,1.5398,27.79,https://www.youtube.com/watch?v=Yw_18igB-Bg
22500005,Yw_18igB-Bg,basket-logo,492.89,0.1671,40.63,https://www.youtube.com/watch?v=Yw_18igB-Bg
22500005,30U5gutzpCM,side-court-led-logo,547.8,1.0367,26.72,https://www.youtube.com/watch?v=30U5gutzpCM
22500005,30U5gutzpCM,mid-court-logo,448.4,2.0823,31.86,https://www.youtube.com/watch?v=30U5gutzpCM
22500005,30U5gutzpCM,side-court-logo,492.8,0.4091,27.91,https://www.youtube.com/watch?v=30U5gutzpCM
22500005,30U5gutzpCM,back-court-logo,506.0,1.6719,24.01,https://www.youtube.com/watch?v=30U5gutzpCM
22500005,30U5gutzpCM,basket-logo,486.4,0.1781,37.18,https://www.youtube.com/watch?v=30U5gutzpCM
22500082,CfF7p0S2G2U,side-court-led-logo,499.5,1.4913,30.26,https://www.youtube.com/watch?v=CfF7p0S2G2U
22500082,CfF7p0S2G2U,mid-court-logo,342.94,1.8022,26.92,https://www.youtube.com/watch?v=CfF7p0S2G2U
22500082,CfF7p0S2G2U,back-court-logo,436.24,2.2229,27.79,https://www.youtube.com/watch?v=CfF7p0S2G2U
22500082,CfF7p0S2G2U,basket-logo,383.78,0.2778,34.19,https://www.youtube.com/watch?v=CfF7p0S2G2U
22500082,CfF7p0S2G2U,side-court-logo,518.52,1.3992,29.22,https://www.youtube.com/watch?v=CfF7p0S2G2U
22500082,ZXUPb2tCfYA,mid-court-logo,213.2,1.8919,27.15,https://www.youtube.com/watch?v=ZXUPb2tCfYA
22500082,ZXUPb2tCfYA,side-court-logo,306.8,1.3563,30.32,https://www.youtube.com/watch?v=ZXUPb2tCfYA
22500082,ZXUPb2tCfYA,basket-logo,231.8,0.2634,34.46,https://www.youtube.com/watch?v=ZXUPb2tCfYA
22500082,ZXUPb2tCfYA,back-court-logo,239.0,2.0861,27.06,https://www.youtube.com/watch?v=ZXUPb2tCfYA
22500082,ZXUPb2tCfYA,side-court-led-logo,290.6,1.5233,30.44,https://www.youtube.com/watch?v=ZXUPb2tCfYA
22500082,2oFvpXxpC44,back-court-logo,437.04,1.4583,24.34,https://www.youtube.com/watch?v=2oFvpXxpC44
22500082,2oFvpXxpC44,side-court-led-logo,478.28,1.1046,26.35,https://www.youtube.com/watch?v=2oFvpXxpC44
22500082,2oFvpXxpC44,basket-logo,442.44,0.2121,33.62,https://www.youtube.com/watch?v=2oFvpXxpC44
22500082,2oFvpXxpC44,mid-court-logo,427.43,1.4344,31.33,https://www.youtube.com/watch?v=2oFvpXxpC44
22500082,2oFvpXxpC44,side-court-logo,478.48,0.9897,24.21,https://www.youtube.com/watch?v=2oFvpXxpC44
22500082,KaS3oGCFOIs,back-court-logo,208.01,1.3913,25.51,https://www.youtube.com/watch?v=KaS3oGCFOIs
22500082,KaS3oGCFOIs,basket-logo,205.61,0.2064,34.6,https://www.youtube.com/watch?v=KaS3oGCFOIs
22500082,KaS3oGCFOIs,side-court-led-logo,222.82,1.1181,26.61,https://www.youtube.com/watch?v=KaS3oGCFOIs
22500082,KaS3oGCFOIs,mid-court-logo,190.19,1.3913,29.14,https://www.youtube.com/watch?v=KaS3oGCFOIs
22500082,KaS3oGCFOIs,side-court-logo,220.62,0.9691,24.2,https://www.youtube.com/watch?v=KaS3oGCFOIs
22500092,fBFd_8W44lY,basket-logo,468.07,0.2285,37.6,https://www.youtube.com/watch?v=fBFd_8W44lY
22500092,fBFd_8W44lY,mid-court-logo,513.51,2.4039,30.09,https://www.youtube.com/watch?v=fBFd_8W44lY
22500092,fBFd_8W44lY,back-court-logo,494.29,1.5802,27.02,https://www.youtube.com/watch?v=fBFd_8W44lY
22500092,fBFd_8W44lY,side-court-logo,542.54,0.8047,17.04,https://www.youtube.com/watch?v=fBFd_8W44lY
22500092,fBFd_8W44lY,side-court-led-logo,543.14,0.852,28.07,https://www.youtube.com/watch?v=fBFd_8W44lY
22500092,oCjwpIGWmHE,mid-court-logo,486.2,2.2584,31.51,https://www.youtube.com/watch?v=oCjwpIGWmHE
22500092,oCjwpIGWmHE,side-court-led-logo,512.6,0.833,29.76,https://www.youtube.com/watch?v=oCjwpIGWmHE
22500092,oCjwpIGWmHE,back-court-logo,475.0,1.5885,26.56,https://www.youtube.com/watch?v=oCjwpIGWmHE
22500092,oCjwpIGWmHE,side-court-logo,512.0,0.8038,17.91,https://www.youtube.com/watch?v=oCjwpIGWmHE
22500092,oCjwpIGWmHE,basket-logo,453.4,0.226,36.86,https://www.youtube.com/watch?v=oCjwpIGWmHE
22500092,KfLqvaFcFsA,side-court-led-logo,484.68,0.9689,28.35,https://www.youtube.com/watch?v=KfLqvaFcFsA
22500092,KfLqvaFcFsA,back-court-logo,430.63,1.5324,27.71,https://www.youtube.com/watch?v=KfLqvaFcFsA
22500092,KfLqvaFcFsA,basket-logo,407.21,0.221,38.2,https://www.youtube.com/watch?v=KfLqvaFcFsA
22500092,KfLqvaFcFsA,mid-court-logo,457.06,1.9844,30.24,https://www.youtube.com/watch?v=KfLqvaFcFsA
22500092,KfLqvaFcFsA,side-court-logo,479.48,0.7957,17.39,https://www.youtube.com/watch?v=KfLqvaFcFsA
22500092,UYyCLYwkBvk,side-court-led-logo,244.04,0.8924,28.85,https://www.youtube.com/watch?v=UYyCLYwkBvk
22500092,UYyCLYwkBvk,back-court-logo,217.82,1.5649,26.22,https://www.youtube.com/watch?v=UYyCLYwkBvk
22500092,UYyCLYwkBvk,side-court-logo,244.24,0.7791,16.59,https://www.youtube.com/watch?v=UYyCLYwkBvk
22500092,UYyCLYwkBvk,basket-logo,204.6,0.2208,36.88,https://www.youtube.com/watch?v=UYyCLYwkBvk
22500092,UYyCLYwkBvk,mid-court-logo,235.64,1.9149,31.14,https://www.youtube.com/watch?v=UYyCLYwkBvk
22500092,f4DEF7dHEh4,side-court-led-logo,534.4,0.8234,29.51,https://www.youtube.com/watch?v=f4DEF7dHEh4
22500092,f4DEF7dHEh4,mid-court-logo,503.8,2.1909,31.08,https://www.youtube.com/watch?v=f4DEF7dHEh4
22500092,f4DEF7dHEh4,side-court-logo,533.4,0.7938,18.0,https://www.youtube.com/watch?v=f4DEF7dHEh4
22500092,f4DEF7dHEh4,back-court-logo,496.0,1.5803,26.82,https://www.youtube.com/watch?v=f4DEF7dHEh4
22500092,f4DEF7dHEh4,basket-logo,462.4,0.2272,37.31,https://www.youtube.com/watch?v=f4DEF7dHEh4
22500004,WoExMGywFw4,basket-logo,433.6,0.2018,34.92,https://www.youtube.com/watch?v=WoExMGywFw4
22500004,WoExMGywFw4,back-court-logo,420.6,1.0739,22.54,https://www.youtube.com/watch?v=WoExMGywFw4
22500004,WoExMGywFw4,mid-court-logo,293.6,1.5393,33.85,https://www.youtube.com/watch?v=WoExMGywFw4
22500004,WoExMGywFw4,side-court-led-logo,425.6,2.1854,33.99,https://www.youtube.com/watch?v=WoExMGywFw4
22500004,WoExMGywFw4,side-court-logo,367.2,0.4195,29.2,https://www.youtube.com/watch?v=WoExMGywFw4
22500004,DkDjNGL-YZA,side-court-led-logo,459.66,2.1353,33.07,https://www.youtube.com/watch?v=DkDjNGL-YZA
22500004,DkDjNGL-YZA,mid-court-logo,317.52,1.4182,33.29,https://www.youtube.com/watch?v=DkDjNGL-YZA
22500004,DkDjNGL-YZA,back-court-logo,460.06,1.0909,23.3,https://www.youtube.com/watch?v=DkDjNGL-YZA
22500004,DkDjNGL-YZA,side-court-logo,407.41,0.439,30.13,https://www.youtube.com/watch?v=DkDjNGL-YZA
22500004,DkDjNGL-YZA,basket-logo,466.07,0.2016,35.19,https://www.youtube.com/watch?v=DkDjNGL-YZA
22500004,TgZgj1EMPLE,side-court-led-logo,419.4,2.1711,32.79,https://www.youtube.com/watch?v=TgZgj1EMPLE
22500004,TgZgj1EMPLE,mid-court-logo,292.4,1.498,33.5,https://www.youtube.com/watch?v=TgZgj1EMPLE
22500004,TgZgj1EMPLE,back-court-logo,424.0,1.0913,23.19,https://www.youtube.com/watch?v=TgZgj1EMPLE
22500004,TgZgj1EMPLE,basket-logo,428.0,0.2018,35.05,https://www.youtube.com/watch?v=TgZgj1EMPLE
22500004,TgZgj1EMPLE,side-court-logo,372.0,0.4333,29.18,https://www.youtube.com/watch?v=TgZgj1EMPLE
22500003,rXt8k-wjGew,mid-court-logo,529.33,2.1458,32.53,https://www.youtube.com/watch?v=rXt8k-wjGew
22500003,rXt8k-wjGew,side-court-led-logo,295.9,0.8304,33.82,https://www.youtube.com/watch?v=rXt8k-wjGew
22500003,rXt8k-wjGew,side-court-logo,545.35,0.335,27.23,https://www.youtube.com/watch?v=rXt8k-wjGew
22500003,rXt8k-wjGew,back-court-logo,527.73,1.2487,25.64,https://www.youtube.com/watch?v=rXt8k-wjGew
22500003,rXt8k-wjGew,basket-logo,518.12,0.1567,36.95,https://www.youtube.com/watch?v=rXt8k-wjGew
22500003,87EflCp7JlI,back-court-logo,495.5,1.2363,26.3,https://www.youtube.com/watch?v=87EflCp7JlI
22500003,87EflCp7JlI,basket-logo,480.28,0.1576,36.54,https://www.youtube.com/watch?v=87EflCp7JlI
22500003,87EflCp7JlI,side-court-led-logo,298.9,0.9008,31.81,https://www.youtube.com/watch?v=87EflCp7JlI
22500003,87EflCp7JlI,mid-court-logo,506.91,2.0973,32.44,https://www.youtube.com/watch?v=87EflCp7JlI
22500003,87EflCp7JlI,side-court-logo,515.32,0.3323,27.9,https://www.youtube.com/watch?v=87EflCp7JlI
22500003,kCmJFZ2mlYE,back-court-logo,509.4,1.2635,24.99,https://www.youtube.com/watch?v=kCmJFZ2mlYE
22500003,kCmJFZ2mlYE,side-court-led-logo,329.0,0.9278,34.13,https://www.youtube.com/watch?v=kCmJFZ2mlYE
22500003,kCmJFZ2mlYE,basket-logo,494.6,0.1605,35.0,https://www.youtube.com/watch?v=kCmJFZ2mlYE
22500003,kCmJFZ2mlYE,mid-court-logo,523.0,2.1971,33.53,https://www.youtube.com/watch?v=kCmJFZ2mlYE
22500003,kCmJFZ2mlYE,side-court-logo,546.8,0.3352,29.16,https://www.youtube.com/watch?v=kCmJFZ2mlYE
22500003,3vMs8AVriUU,basket-logo,470.8,0.1607,34.54,https://www.youtube.com/watch?v=3vMs8AVriUU
22500003,3vMs8AVriUU,side-court-led-logo,309.2,0.9196,34.91,https://www.youtube.com/watch?v=3vMs8AVriUU
22500003,3vMs8AVriUU,side-court-logo,523.6,0.3366,29.17,https://www.youtube.com/watch?v=3vMs8AVriUU
22500003,3vMs8AVriUU,mid-court-logo,427.6,1.9337,31.48,https://www.youtube.com/watch?v=3vMs8AVriUU
22500003,3vMs8AVriUU,back-court-logo,489.8,1.282,24.5,https://www.youtube.com/watch?v=3vMs8AVriUU
22500102,KGhYdLlCM0I,mid-court-logo,363.56,1.8842,31.1,https://www.youtube.com/watch?v=KGhYdLlCM0I
22500102,KGhYdLlCM0I,side-court-logo,551.95,0.9914,27.2,https://www.youtube.com/watch?v=KGhYdLlCM0I
22500102,KGhYdLlCM0I,basket-logo,510.71,0.2229,34.14,https://www.youtube.com/watch?v=KGhYdLlCM0I
22500102,KGhYdLlCM0I,side-court-led-logo,469.07,1.8179,35.12,https://www.youtube.com/watch?v=KGhYdLlCM0I
22500102,KGhYdLlCM0I,back-court-logo,526.33,2.0704,25.79,https://www.youtube.com/watch?v=KGhYdLlCM0I
22500102,JAu61GU5-xg,basket-logo,550.15,0.2208,33.75,https://www.youtube.com/watch?v=JAu61GU5-xg
22500102,JAu61GU5-xg,side-court-logo,598.8,1.0189,27.32,https://www.youtube.com/watch?v=JAu61GU5-xg
22500102,JAu61GU5-xg,mid-court-logo,391.99,1.7857,31.62,https://www.youtube.com/watch?v=JAu61GU5-xg
22500102,JAu61GU5-xg,side-court-led-logo,508.71,1.8279,35.4,https://www.youtube.com/watch?v=JAu61GU5-xg
22500102,JAu61GU5-xg,back-court-logo,566.77,2.0794,25.48,https://www.youtube.com/watch?v=JAu61GU5-xg
22500102,7vTTeuYzvqk,mid-court-logo,367.0,1.9813,32.05,https://www.youtube.com/watch?v=7vTTeuYzvqk
22500102,7vTTeuYzvqk,back-court-logo,462.6,2.1045,25.86,https://www.youtube.com/watch?v=7vTTeuYzvqk
22500102,7vTTeuYzvqk,side-court-led-logo,403.2,1.9971,34.88,https://www.youtube.com/watch?v=7vTTeuYzvqk
22500102,7vTTeuYzvqk,side-court-logo,502.0,1.0149,28.82,https://www.youtube.com/watch?v=7vTTeuYzvqk
22500102,7vTTeuYzvqk,basket-logo,447.0,0.2256,33.2,https://www.youtube.com/watch?v=7vTTeuYzvqk
22500102,LH_KlS8TU2E,back-court-logo,501.7,2.0956,28.41,https://www.youtube.com/watch?v=LH_KlS8TU2E
22500102,LH_KlS8TU2E,mid-court-logo,375.58,1.7522,30.38,https://www.youtube.com/watch?v=LH_KlS8TU2E
22500102,LH_KlS8TU2E,side-court-led-logo,457.06,2.106,33.93,https://www.youtube.com/watch?v=LH_KlS8TU2E
22500102,LH_KlS8TU2E,side-court-logo,543.14,1.029,26.75,https://www.youtube.com/watch?v=LH_KlS8TU2E
22500102,LH_KlS8TU2E,basket-logo,479.48,0.2262,35.18,https://www.youtube.com/watch?v=LH_KlS8TU2E
22500102,Ru9FwTc_Dmg,back-court-logo,493.4,2.0896,26.35,https://www.youtube.com/watch?v=Ru9FwTc_Dmg
22500102,Ru9FwTc_Dmg,mid-court-logo,389.6,2.0077,31.1,https://www.youtube.com/watch?v=Ru9FwTc_Dmg
22500102,Ru9FwTc_Dmg,side-court-logo,528.8,1.0194,28.07,https://www.youtube.com/watch?v=Ru9FwTc_Dmg
22500102,Ru9FwTc_Dmg,side-court-led-logo,431.4,1.9979,34.16,https://www.youtube.com/watch?v=Ru9FwTc_Dmg
22500102,Ru9FwTc_Dmg,basket-logo,475.8,0.2237,34.01,https://www.youtube.com/watch?v=Ru9FwTc_Dmg
22500102,SJOsPDFzPGQ,mid-court-logo,52.25,2.1025,27.6,https://www.youtube.com/watch?v=SJOsPDFzPGQ
22500102,SJOsPDFzPGQ,side-court-led-logo,84.08,2.1494,31.82,https://www.youtube.com/watch?v=SJOsPDFzPGQ
22500102,SJOsPDFzPGQ,side-court-logo,94.09,0.973,25.88,https://www.youtube.com/watch?v=SJOsPDFzPGQ
22500102,SJOsPDFzPGQ,back-court-logo,85.29,1.8246,30.38,https://www.youtube.com/watch?v=SJOsPDFzPGQ
22500102,SJOsPDFzPGQ,basket-logo,81.68,0.203,35.67,https://www.youtube.com/watch?v=SJOsPDFzPGQ
