game_id,video_id,exposure_zone,exposure_seconds,total_detections,total_media_value,qi_score_avg,qi_score_std,size_score_avg,size_score_std,sov_weighted_avg,sov_weighted_std,dist_score_avg,dist_score_std,legi_score_avg,legi_score_std,conf_avg,conf_std,laplacian_avg,laplacian_std,dist_raw_pct_avg,dist_raw_pct_std,area_pct_avg,area_pct_std,video_url
22401189,ax3bQCsSARw,mid-court-logo,303.1,1697,1429.2788,0.2493,0.192,0.5496,0.2572,0.8667,0.1424,0.491,0.3096,1.0,0.0002,0.849,0.0528,1747.77,593.12,25.91,14.78,1.912,1.438,https://www.youtube.com/watch?v=ax3bQCsSARw
22401189,ax3bQCsSARw,side-court-led-logo,478.88,3253,1322.7071,0.1204,0.1174,0.334,0.1313,0.8046,0.117,0.4393,0.3324,0.994,0.0721,0.9039,0.0428,1917.22,1274.33,28.9,16.31,0.851,1.467,https://www.youtube.com/watch?v=ax3bQCsSARw
22401189,ax3bQCsSARw,side-court-logo,507.51,2549,916.0415,0.1064,0.0621,0.2862,0.0399,0.797,0.0971,0.4927,0.2993,0.9998,0.0124,0.8777,0.0296,3297.66,767.79,25.21,13.15,0.582,0.179,https://www.youtube.com/watch?v=ax3bQCsSARw
22401189,ax3bQCsSARw,back-court-logo,476.28,2379,2071.8022,0.2578,0.182,0.4845,0.0991,0.9171,0.0354,0.5461,0.3315,1.0,0.0,0.8673,0.0231,1488.62,351.97,24.08,16.0,1.44,0.415,https://www.youtube.com/watch?v=ax3bQCsSARw
22401189,ax3bQCsSARw,basket-logo,465.67,16961,1173.4031,0.0205,0.0323,0.1091,0.1143,0.3707,0.141,0.36,0.2921,0.9994,0.0202,0.8865,0.0594,3108.17,2653.03,34.01,17.74,0.172,0.155,https://www.youtube.com/watch?v=ax3bQCsSARw
22401194,_N9xrSVb5AE,mid-court-logo,334.53,1960,3809.7347,0.1964,0.1706,0.5029,0.2079,0.7692,0.183,0.4576,0.3134,0.9994,0.0223,0.8627,0.0602,1827.37,665.74,27.38,14.96,1.655,2.369,https://www.youtube.com/watch?v=_N9xrSVb5AE
22401194,_N9xrSVb5AE,side-court-led-logo,403.0,2014,4327.2908,0.2171,0.2186,0.5169,0.2308,0.7919,0.1476,0.4147,0.3189,0.9914,0.0686,0.8879,0.0564,938.35,543.77,29.7,15.45,1.788,1.547,https://www.youtube.com/watch?v=_N9xrSVb5AE
22401194,_N9xrSVb5AE,side-court-logo,515.72,2721,3234.6292,0.1201,0.0822,0.3315,0.0544,0.8291,0.1175,0.457,0.3142,1.0,0.0,0.8823,0.0398,2822.31,818.22,27.27,14.4,0.795,0.228,https://www.youtube.com/watch?v=_N9xrSVb5AE
22401194,_N9xrSVb5AE,back-court-logo,507.91,2537,8332.245,0.3319,0.2371,0.569,0.1441,0.9321,0.0331,0.5778,0.3436,1.0,0.0,0.8825,0.0284,2013.96,541.84,22.26,15.79,1.851,0.795,https://www.youtube.com/watch?v=_N9xrSVb5AE
22401194,_N9xrSVb5AE,basket-logo,487.69,17840,3693.6241,0.0209,0.0313,0.1202,0.1191,0.3578,0.1547,0.3475,0.2768,0.9995,0.0192,0.9038,0.0442,2555.39,1669.54,33.72,15.93,0.193,0.178,https://www.youtube.com/watch?v=_N9xrSVb5AE
22401184,x-P6YOymHKo,side-court-led-logo,491.69,3580,5894.7751,0.1188,0.1296,0.3435,0.1354,0.8097,0.1534,0.4095,0.3265,0.9696,0.1563,0.9056,0.0501,1439.92,829.1,30.5,16.5,1.128,3.891,https://www.youtube.com/watch?v=x-P6YOymHKo
22401184,x-P6YOymHKo,mid-court-logo,451.25,2418,6094.9645,0.1818,0.1758,0.5291,0.1831,0.8732,0.1259,0.3613,0.3179,0.9982,0.0395,0.8695,0.0529,1771.69,578.1,33.11,16.56,1.659,0.866,https://www.youtube.com/watch?v=x-P6YOymHKo
22401184,x-P6YOymHKo,basket-logo,465.26,13309,5215.5437,0.0283,0.0403,0.1328,0.1125,0.4956,0.1842,0.3357,0.2933,0.9994,0.0195,0.8775,0.0654,2251.29,1216.57,35.49,17.98,0.187,0.128,https://www.youtube.com/watch?v=x-P6YOymHKo
22401184,x-P6YOymHKo,side-court-logo,1.4,7,0.1563,0.0016,0.0032,0.0612,0.0968,0.3722,0.1692,0.1931,0.2171,1.0,0.0,0.7012,0.0781,3793.18,1102.79,44.34,17.08,0.109,0.063,https://www.youtube.com/watch?v=x-P6YOymHKo
22401193,YMIqIyvduCY,side-court-logo,6.21,31,119.6294,0.2277,0.0646,0.3317,0.0618,0.8944,0.0545,0.767,0.1718,1.0,0.0,0.8128,0.0696,954.95,121.98,14.76,7.12,0.788,0.275,https://www.youtube.com/watch?v=YMIqIyvduCY
22401193,YMIqIyvduCY,mid-court-logo,237.04,1328,5651.2398,0.2511,0.2037,0.6043,0.2309,0.9341,0.1007,0.4212,0.3007,0.9992,0.0183,0.8456,0.0793,966.1,380.88,29.49,15.6,2.127,1.256,https://www.youtube.com/watch?v=YMIqIyvduCY
22401193,YMIqIyvduCY,basket-logo,388.59,9070,6137.7025,0.0399,0.04,0.1825,0.095,0.5822,0.1776,0.3423,0.2658,0.9764,0.136,0.9041,0.0433,1147.07,1122.05,33.44,15.32,0.242,0.135,https://www.youtube.com/watch?v=YMIqIyvduCY
22401193,YMIqIyvduCY,side-court-led-logo,193.39,968,4356.4749,0.2656,0.2336,0.5729,0.2744,0.9312,0.116,0.4533,0.2701,0.9428,0.2163,0.8809,0.0563,729.02,530.4,26.69,11.93,2.334,2.497,https://www.youtube.com/watch?v=YMIqIyvduCY
22401193,YMIqIyvduCY,back-court-logo,1.8,9,47.3184,0.3103,0.2817,0.6303,0.305,0.9772,0.0153,0.452,0.3631,1.0,0.0,0.7078,0.0776,729.48,215.42,30.75,20.89,2.319,1.318,https://www.youtube.com/watch?v=YMIqIyvduCY
22401177,5YloWNaHM4g,mid-court-logo,443.6,2478,83.7874,0.188,0.1855,0.5932,0.2168,0.8551,0.1331,0.3445,0.3011,0.9974,0.0378,0.8921,0.0407,801.4,399.07,33.12,15.05,1.992,1.076,https://www.youtube.com/watch?v=5YloWNaHM4g
22401177,5YloWNaHM4g,side-court-led-logo,412.0,2066,68.3732,0.184,0.227,0.4886,0.2409,0.7934,0.1604,0.3426,0.3086,0.9919,0.0817,0.899,0.0493,1240.22,829.05,33.42,15.56,2.471,7.198,https://www.youtube.com/watch?v=5YloWNaHM4g
22401177,5YloWNaHM4g,side-court-logo,441.4,2332,51.9699,0.1239,0.077,0.3286,0.046,0.7934,0.0755,0.4816,0.3002,0.9996,0.0205,0.8968,0.0272,1878.29,591.52,25.48,12.87,0.798,0.535,https://www.youtube.com/watch?v=5YloWNaHM4g
22401177,5YloWNaHM4g,back-court-logo,400.0,2000,64.9507,0.1806,0.1096,0.3482,0.0382,0.8819,0.0353,0.5844,0.3427,1.0,0.0,0.8774,0.0205,1555.68,464.6,22.02,15.94,0.87,0.16,https://www.youtube.com/watch?v=5YloWNaHM4g
22401177,5YloWNaHM4g,basket-logo,386.6,12634,34.1338,0.015,0.0296,0.0748,0.1067,0.3884,0.1358,0.3962,0.3021,0.9997,0.0134,0.9017,0.0363,2099.52,1615.5,31.68,16.77,0.153,0.108,https://www.youtube.com/watch?v=5YloWNaHM4g
22401178,o1xqothBttw,back-court-logo,388.79,1942,2308.812,0.255,0.1494,0.4182,0.0711,0.9487,0.0293,0.617,0.3149,1.0,0.0,0.8686,0.04,1090.69,266.12,20.58,14.34,1.164,0.295,https://www.youtube.com/watch?v=o1xqothBttw
22401178,o1xqothBttw,basket-logo,381.18,11166,1695.7295,0.0326,0.0373,0.1649,0.1155,0.4704,0.1577,0.3536,0.2616,0.9991,0.0277,0.896,0.0481,2633.4,1233.57,33.01,15.44,0.262,0.2,https://www.youtube.com/watch?v=o1xqothBttw
22401178,o1xqothBttw,side-court-led-logo,392.99,1965,1910.0523,0.2085,0.2445,0.5419,0.2491,0.9834,0.0335,0.3164,0.309,0.9855,0.105,0.8797,0.0649,1057.97,515.99,35.6,16.84,2.202,4.472,https://www.youtube.com/watch?v=o1xqothBttw
22401178,o1xqothBttw,side-court-logo,2.4,12,1.0064,0.018,0.0241,0.2023,0.2662,0.5296,0.1933,0.2247,0.2369,0.9176,0.2732,0.705,0.0469,1579.02,1120.46,39.21,12.91,2.87,8.742,https://www.youtube.com/watch?v=o1xqothBttw
22401178,o1xqothBttw,mid-court-logo,161.16,912,717.6824,0.1688,0.1827,0.5284,0.2305,0.8125,0.21,0.3723,0.2996,0.9085,0.23,0.8181,0.0739,332.78,284.58,31.84,15.44,1.703,1.12,https://www.youtube.com/watch?v=o1xqothBttw
22401191,gJoMYEM7GPg,back-court-logo,439.24,2198,1667.3474,0.3772,0.2664,0.6368,0.155,0.9483,0.0281,0.5759,0.3482,1.0,0.0004,0.8839,0.0273,667.52,212.12,22.97,17.14,2.182,0.889,https://www.youtube.com/watch?v=gJoMYEM7GPg
22401191,gJoMYEM7GPg,basket-logo,424.42,12895,619.1353,0.0239,0.0311,0.1419,0.1125,0.4055,0.1375,0.3336,0.2712,0.9371,0.1752,0.8981,0.0519,760.97,708.4,34.64,16.39,0.211,0.138,https://www.youtube.com/watch?v=gJoMYEM7GPg
22401191,gJoMYEM7GPg,mid-court-logo,316.32,1687,572.7625,0.1688,0.1561,0.4957,0.1813,0.7998,0.1597,0.3994,0.3173,0.9611,0.1414,0.867,0.0579,316.53,231.07,30.89,16.28,1.518,1.106,https://www.youtube.com/watch?v=gJoMYEM7GPg
22401191,gJoMYEM7GPg,side-court-led-logo,300.1,1499,610.3916,0.2025,0.2295,0.5379,0.2675,0.8076,0.1429,0.3682,0.3084,0.9913,0.0705,0.8842,0.0544,652.71,388.52,32.72,16.41,2.203,3.468,https://www.youtube.com/watch?v=gJoMYEM7GPg
22401191,gJoMYEM7GPg,side-court-logo,459.26,2338,540.1993,0.1149,0.0925,0.3492,0.0701,0.8927,0.098,0.3848,0.3033,0.9977,0.0444,0.8931,0.0311,1441.75,585.23,30.73,14.87,0.926,1.213,https://www.youtube.com/watch?v=gJoMYEM7GPg
22401197,zsXHPjwh4kM,side-court-led-logo,491.49,2455,1126.5852,0.2722,0.2662,0.7507,0.1778,0.8916,0.0688,0.3738,0.337,0.9926,0.083,0.8973,0.0536,1185.2,623.48,33.12,17.8,4.022,8.268,https://www.youtube.com/watch?v=zsXHPjwh4kM
22401197,zsXHPjwh4kM,mid-court-logo,339.94,1891,617.5647,0.1937,0.1928,0.5723,0.2288,0.7427,0.1917,0.3975,0.3252,1.0,0.0013,0.8806,0.0619,1394.23,465.45,31.93,17.81,1.963,1.217,https://www.youtube.com/watch?v=zsXHPjwh4kM
22401197,zsXHPjwh4kM,side-court-logo,431.83,2193,175.3106,0.0474,0.0414,0.2739,0.0353,0.4392,0.0927,0.4173,0.3491,1.0,0.0,0.8729,0.0486,923.21,371.25,31.11,18.32,0.525,0.149,https://www.youtube.com/watch?v=zsXHPjwh4kM
22401197,zsXHPjwh4kM,basket-logo,438.24,10412,606.8814,0.0346,0.0452,0.156,0.1058,0.5705,0.1602,0.3041,0.2841,0.9992,0.0238,0.9113,0.0391,2251.32,1376.95,37.12,17.63,0.214,0.117,https://www.youtube.com/watch?v=zsXHPjwh4kM
22401167,8T4Pdv8McV0,side-court-led-logo,498.7,3524,2997.1026,0.1097,0.1065,0.3523,0.1247,0.8472,0.1121,0.3642,0.2812,0.9778,0.128,0.9127,0.0423,634.15,323.54,31.73,14.53,0.975,2.587,https://www.youtube.com/watch?v=8T4Pdv8McV0
22401167,8T4Pdv8McV0,mid-court-logo,371.77,1989,3200.6219,0.2076,0.2036,0.5702,0.2147,0.9142,0.1167,0.3594,0.3138,0.9968,0.0535,0.8682,0.0581,1268.3,444.42,33.22,16.88,1.873,1.002,https://www.youtube.com/watch?v=8T4Pdv8McV0
22401167,8T4Pdv8McV0,basket-logo,467.47,13044,3040.881,0.0301,0.0323,0.1714,0.0953,0.4648,0.1148,0.3352,0.2779,0.9969,0.048,0.9053,0.0359,1371.59,731.03,34.79,16.9,0.216,0.115,https://www.youtube.com/watch?v=8T4Pdv8McV0
22401167,8T4Pdv8McV0,back-court-logo,470.87,2352,4328.1474,0.2374,0.1541,0.4342,0.0682,0.8773,0.0383,0.5931,0.3393,1.0,0.0001,0.8946,0.0166,1229.63,278.99,21.9,16.14,1.233,0.279,https://www.youtube.com/watch?v=8T4Pdv8McV0
22401167,8T4Pdv8McV0,side-court-logo,489.09,2452,3510.7819,0.1847,0.0883,0.3894,0.0659,0.8559,0.0598,0.5462,0.2425,1.0,0.0001,0.887,0.0231,1641.98,362.91,22.77,10.47,1.047,0.265,https://www.youtube.com/watch?v=8T4Pdv8McV0
22401187,dz2ZgjZfFnE,back-court-logo,428.63,2141,5123.9473,0.3814,0.2576,0.6797,0.1308,0.9264,0.0307,0.5766,0.3397,0.9995,0.0172,0.8805,0.0277,678.78,155.12,22.4,15.77,2.332,0.691,https://www.youtube.com/watch?v=dz2ZgjZfFnE
22401187,dz2ZgjZfFnE,basket-logo,418.82,12356,2046.4636,0.0264,0.0316,0.1691,0.1156,0.3712,0.1544,0.3473,0.2731,0.9994,0.0241,0.8788,0.0646,2928.5,1190.68,33.61,15.91,0.269,0.483,https://www.youtube.com/watch?v=dz2ZgjZfFnE
22401187,dz2ZgjZfFnE,mid-court-logo,391.19,2218,1576.5637,0.1133,0.1228,0.3545,0.1251,0.7417,0.1424,0.3583,0.3308,0.993,0.075,0.8902,0.0395,682.97,258.63,33.48,17.38,0.918,1.063,https://www.youtube.com/watch?v=dz2ZgjZfFnE
22401187,dz2ZgjZfFnE,side-court-led-logo,456.26,2990,2002.4565,0.1067,0.0895,0.3783,0.1267,0.6939,0.0906,0.4179,0.288,0.9882,0.1,0.9092,0.04,1394.85,767.34,28.96,13.71,1.019,0.989,https://www.youtube.com/watch?v=dz2ZgjZfFnE
22401187,dz2ZgjZfFnE,side-court-logo,454.85,2339,1684.2082,0.1148,0.0832,0.3897,0.0739,0.7079,0.0473,0.4348,0.3151,1.0,0.0,0.903,0.0289,1186.47,305.34,28.29,14.48,1.049,0.292,https://www.youtube.com/watch?v=dz2ZgjZfFnE
22401185,Ixtba7lS3Bs,side-court-led-logo,404.0,2019,24716.9511,0.152,0.1862,0.3942,0.1913,0.8435,0.1228,0.3584,0.3227,0.9991,0.0244,0.881,0.0526,918.26,274.87,33.67,17.16,1.089,0.928,https://www.youtube.com/watch?v=Ixtba7lS3Bs
22401185,Ixtba7lS3Bs,mid-court-logo,511.91,2818,35342.1127,0.1557,0.1533,0.4816,0.1024,0.9203,0.1069,0.3443,0.3261,0.9995,0.0146,0.8743,0.0422,754.72,386.58,34.3,17.24,1.426,0.436,https://www.youtube.com/watch?v=Ixtba7lS3Bs
22401185,Ixtba7lS3Bs,side-court-logo,508.51,2578,35764.1079,0.1723,0.0737,0.3213,0.047,0.957,0.0361,0.5679,0.2479,0.9997,0.0168,0.8701,0.039,1147.94,303.37,21.82,10.45,0.751,0.354,https://www.youtube.com/watch?v=Ixtba7lS3Bs
22401185,Ixtba7lS3Bs,back-court-logo,478.68,2391,54624.6115,0.2837,0.2012,0.5401,0.0963,0.9088,0.0262,0.5513,0.3505,1.0,0.0002,0.8976,0.0199,909.04,172.98,23.81,16.7,1.669,0.407,https://www.youtube.com/watch?v=Ixtba7lS3Bs
22401185,Ixtba7lS3Bs,basket-logo,475.07,13334,20372.4263,0.019,0.0265,0.112,0.1117,0.3724,0.0964,0.363,0.2903,0.9982,0.0365,0.8854,0.045,1938.27,1500.6,33.25,16.6,0.175,0.229,https://www.youtube.com/watch?v=Ixtba7lS3Bs
22401186,zTIfI43bmSA,side-court-led-logo,459.26,3059,626.8369,0.121,0.1142,0.3968,0.1395,0.6537,0.1059,0.4618,0.2959,0.9405,0.2102,0.9017,0.0434,692.56,487.53,26.97,13.69,1.238,3.261,https://www.youtube.com/watch?v=zTIfI43bmSA
22401186,zTIfI43bmSA,mid-court-logo,439.44,2415,623.6688,0.1525,0.1715,0.4414,0.1659,0.8255,0.1334,0.3455,0.3358,0.9732,0.1209,0.8867,0.0382,552.07,292.71,34.69,17.99,1.292,1.124,https://www.youtube.com/watch?v=zTIfI43bmSA
22401186,zTIfI43bmSA,side-court-logo,463.66,2405,702.8286,0.1725,0.1133,0.474,0.0911,0.7488,0.0636,0.4845,0.3063,1.0,0.0,0.8241,0.0506,1851.2,496.33,25.92,13.96,1.395,0.376,https://www.youtube.com/watch?v=zTIfI43bmSA
22401186,zTIfI43bmSA,back-court-logo,421.62,2122,921.4103,0.2563,0.1738,0.4809,0.0771,0.9344,0.0431,0.5494,0.3418,0.9997,0.0118,0.8917,0.042,1651.97,767.8,23.79,16.3,1.429,0.451,https://www.youtube.com/watch?v=zTIfI43bmSA
22401186,zTIfI43bmSA,basket-logo,416.02,12147,440.0314,0.0214,0.0324,0.1101,0.1138,0.405,0.1614,0.3578,0.2844,0.999,0.023,0.8949,0.0503,1931.64,1758.67,33.32,16.29,0.164,0.153,https://www.youtube.com/watch?v=zTIfI43bmSA
22401175,3dUoJdsR0-I,back-court-logo,408.61,2041,3837.6853,0.2947,0.1946,0.5555,0.0971,0.9216,0.0267,0.5686,0.3472,1.0,0.0,0.8912,0.0209,1130.52,248.99,23.04,16.7,1.742,0.451,https://www.youtube.com/watch?v=3dUoJdsR0-I
22401175,3dUoJdsR0-I,basket-logo,402.0,11855,1638.9772,0.0217,0.0296,0.1272,0.1107,0.3726,0.1252,0.388,0.2862,0.9828,0.0892,0.8871,0.0617,1568.74,1268.79,31.7,16.29,0.179,0.136,https://www.youtube.com/watch?v=3dUoJdsR0-I
22401175,3dUoJdsR0-I,mid-court-logo,366.17,1951,2322.1182,0.1866,0.2102,0.5704,0.2236,0.9227,0.0951,0.3096,0.2903,0.9359,0.2338,0.8342,0.0787,900.94,755.71,35.48,16.03,1.942,1.207,https://www.youtube.com/watch?v=3dUoJdsR0-I
22401175,3dUoJdsR0-I,side-court-led-logo,450.25,3032,2050.7707,0.106,0.1075,0.3436,0.1281,0.7185,0.1187,0.4082,0.2879,0.9945,0.0602,0.9122,0.0403,1141.55,552.75,29.98,15.1,1.064,3.826,https://www.youtube.com/watch?v=3dUoJdsR0-I
22401175,3dUoJdsR0-I,side-court-logo,444.04,2248,1519.201,0.1059,0.0712,0.3313,0.0415,0.7137,0.0363,0.4501,0.2987,1.0,0.0,0.8828,0.0292,1820.82,376.02,27.91,15.03,0.797,0.166,https://www.youtube.com/watch?v=3dUoJdsR0-I
22401192,9iBp7SBfXDI,back-court-logo,422.62,2111,3301.2019,0.3086,0.2055,0.573,0.1121,0.9288,0.0275,0.5694,0.3365,1.0,0.0009,0.8951,0.0191,819.36,221.47,23.15,16.53,1.823,0.539,https://www.youtube.com/watch?v=9iBp7SBfXDI
22401192,9iBp7SBfXDI,basket-logo,422.02,11472,986.9501,0.017,0.0287,0.0988,0.1093,0.3636,0.1079,0.3727,0.2886,0.9988,0.0265,0.9065,0.033,2214.01,1496.45,32.67,16.61,0.156,0.106,https://www.youtube.com/watch?v=9iBp7SBfXDI
22401192,9iBp7SBfXDI,mid-court-logo,430.23,2394,1917.6717,0.1581,0.1612,0.4511,0.1115,0.8636,0.0938,0.3746,0.3422,1.0,0.0005,0.8815,0.0363,1082.92,331.28,32.48,17.6,1.301,0.516,https://www.youtube.com/watch?v=9iBp7SBfXDI
22401192,9iBp7SBfXDI,side-court-led-logo,464.06,3599,2105.6158,0.1155,0.1171,0.3244,0.1328,0.7656,0.1582,0.4145,0.3099,0.9937,0.0688,0.8907,0.0538,1759.02,1023.45,30.14,15.95,1.027,4.148,https://www.youtube.com/watch?v=9iBp7SBfXDI
22401192,9iBp7SBfXDI,side-court-logo,3.2,16,0.8661,0.0107,0.0194,0.1855,0.1902,0.4561,0.265,0.1665,0.2156,0.9988,0.0044,0.7267,0.0565,1545.12,820.42,45.24,15.02,0.409,0.603,https://www.youtube.com/watch?v=9iBp7SBfXDI
22401179,JdWC40o5-qY,back-court-logo,491.69,2456,2654.1604,0.3456,0.288,0.6953,0.118,0.9475,0.0266,0.4892,0.3728,1.0,0.0,0.8916,0.0214,1900.55,457.9,27.79,19.42,2.421,0.701,https://www.youtube.com/watch?v=JdWC40o5-qY
22401179,JdWC40o5-qY,basket-logo,482.28,11963,978.2834,0.0262,0.0349,0.1562,0.1122,0.385,0.145,0.3313,0.2929,0.9993,0.0234,0.9057,0.0477,2402.0,1102.3,36.7,19.25,0.23,0.187,https://www.youtube.com/watch?v=JdWC40o5-qY
22401179,JdWC40o5-qY,mid-court-logo,366.77,1882,1318.2483,0.224,0.1912,0.5976,0.208,0.8929,0.1057,0.404,0.3284,0.9995,0.0214,0.8939,0.0563,1295.96,429.78,31.78,18.13,2.039,1.073,https://www.youtube.com/watch?v=JdWC40o5-qY
22401179,JdWC40o5-qY,side-court-led-logo,282.28,1410,729.0649,0.1654,0.2045,0.3901,0.2241,0.8119,0.1876,0.4107,0.321,0.9614,0.1759,0.8961,0.0534,799.69,529.36,31.56,18.25,1.319,3.471,https://www.youtube.com/watch?v=JdWC40o5-qY
22401179,JdWC40o5-qY,side-court-logo,520.92,2631,1270.6712,0.1544,0.1242,0.433,0.0661,0.9377,0.0675,0.4014,0.3254,1.0,0.0,0.9043,0.0178,2620.55,732.02,30.61,16.15,1.228,0.266,https://www.youtube.com/watch?v=JdWC40o5-qY
22401182,UXi_Dpt_XzE,side-court-led-logo,288.69,1442,298.3134,0.1402,0.1552,0.348,0.17,0.9721,0.036,0.3707,0.3227,0.9927,0.0729,0.881,0.0634,732.64,378.22,33.52,18.17,0.925,1.515,https://www.youtube.com/watch?v=UXi_Dpt_XzE
22401182,UXi_Dpt_XzE,side-court-logo,535.13,2784,546.2946,0.133,0.0958,0.327,0.0498,0.9905,0.0166,0.4284,0.313,1.0,0.0,0.8938,0.0264,4316.05,1286.17,28.74,14.96,0.776,0.206,https://www.youtube.com/watch?v=UXi_Dpt_XzE
22401182,UXi_Dpt_XzE,back-court-logo,503.3,2514,1236.8438,0.3335,0.2468,0.6252,0.105,0.9389,0.0186,0.5318,0.3621,0.9999,0.0029,0.8973,0.0193,1245.52,282.06,25.25,18.08,2.049,0.605,https://www.youtube.com/watch?v=UXi_Dpt_XzE
22401182,UXi_Dpt_XzE,basket-logo,494.09,11025,419.5525,0.0258,0.0294,0.1647,0.0959,0.4138,0.1119,0.3319,0.3014,0.9997,0.0112,0.911,0.0328,2184.01,1429.89,36.34,18.86,0.204,0.081,https://www.youtube.com/watch?v=UXi_Dpt_XzE
22401182,UXi_Dpt_XzE,mid-court-logo,0.6,3,0.0124,0.0028,0.0014,0.2801,0.0262,0.8095,0.0512,0.0116,0.0049,0.9999,0.0002,0.735,0.0251,355.29,106.17,60.5,3.63,0.552,0.133,https://www.youtube.com/watch?v=UXi_Dpt_XzE
22401179,xUogpOGyy0c,back-court-logo,491.0,2455,165.1479,0.3459,0.2883,0.6959,0.1178,0.9472,0.0267,0.4888,0.3726,1.0,0.0,0.8914,0.0222,1820.29,421.65,27.88,19.46,2.425,0.704,https://www.youtube.com/watch?v=xUogpOGyy0c
22401179,xUogpOGyy0c,basket-logo,484.2,11967,61.2783,0.0263,0.0353,0.1569,0.1117,0.3855,0.1454,0.3306,0.2938,0.9994,0.0224,0.9058,0.0475,2225.32,1023.35,36.84,19.38,0.23,0.185,https://www.youtube.com/watch?v=xUogpOGyy0c
22401179,xUogpOGyy0c,mid-court-logo,364.2,1869,81.9503,0.2254,0.1898,0.5972,0.2066,0.8929,0.1048,0.4058,0.3254,0.999,0.0301,0.8944,0.0556,1257.95,412.61,31.62,17.94,2.037,1.075,https://www.youtube.com/watch?v=xUogpOGyy0c
22401179,xUogpOGyy0c,side-court-led-logo,282.2,1411,45.6201,0.1662,0.2031,0.3912,0.2235,0.8128,0.1874,0.4153,0.3211,0.9582,0.1843,0.8965,0.0517,760.28,492.36,31.37,18.29,1.354,4.109,https://www.youtube.com/watch?v=xUogpOGyy0c
22401179,xUogpOGyy0c,side-court-logo,520.8,2633,78.9163,0.1541,0.1245,0.4344,0.067,0.9381,0.0685,0.399,0.3258,1.0,0.0,0.9041,0.0191,2519.94,692.95,30.7,16.16,1.233,0.27,https://www.youtube.com/watch?v=xUogpOGyy0c
22401196,xKX-VLfB3TQ,mid-court-logo,450.85,2482,631.6561,0.1951,0.1798,0.5641,0.2124,0.8295,0.1338,0.4003,0.3251,0.9999,0.0026,0.8944,0.0377,1277.47,375.38,30.67,15.92,1.861,1.186,https://www.youtube.com/watch?v=xKX-VLfB3TQ
22401196,xKX-VLfB3TQ,side-court-led-logo,430.23,2149,520.0239,0.1855,0.2145,0.4537,0.2021,0.7704,0.1449,0.4001,0.3429,0.994,0.0698,0.9084,0.0385,1391.66,774.75,31.24,17.11,1.369,0.998,https://www.youtube.com/watch?v=xKX-VLfB3TQ
22401196,xKX-VLfB3TQ,side-court-logo,468.67,2462,414.412,0.1291,0.0771,0.3204,0.0364,0.8015,0.0749,0.5112,0.3083,1.0,0.0,0.8927,0.0253,2582.14,537.45,24.23,13.13,0.749,0.14,https://www.youtube.com/watch?v=xKX-VLfB3TQ
22401196,xKX-VLfB3TQ,back-court-logo,438.84,2192,486.9717,0.1703,0.1279,0.3601,0.0527,0.8831,0.035,0.5229,0.3611,1.0,0.0,0.8781,0.021,1627.94,291.67,25.49,17.82,0.926,0.209,https://www.youtube.com/watch?v=xKX-VLfB3TQ
22401196,xKX-VLfB3TQ,basket-logo,428.43,13911,247.346,0.0136,0.0292,0.0758,0.1074,0.3831,0.1335,0.3475,0.3039,0.9997,0.014,0.9043,0.033,2189.31,1624.17,35.02,18.13,0.152,0.111,https://www.youtube.com/watch?v=xKX-VLfB3TQ
22401188,KDdiPW07uI8,back-court-logo,422.42,2113,1204.3146,0.174,0.1062,0.3281,0.0565,0.8371,0.0636,0.6132,0.3172,1.0,0.0,0.8742,0.0287,1869.12,580.39,20.45,14.18,0.775,0.247,https://www.youtube.com/watch?v=KDdiPW07uI8
22401188,KDdiPW07uI8,basket-logo,412.21,10405,644.8763,0.0189,0.0284,0.1299,0.1076,0.4689,0.1003,0.3601,0.2656,0.7196,0.3924,0.8703,0.0729,706.26,1053.07,32.34,14.7,0.182,0.075,https://www.youtube.com/watch?v=KDdiPW07uI8
22401188,KDdiPW07uI8,mid-court-logo,413.21,2315,831.3945,0.1096,0.1787,0.5765,0.2347,0.8701,0.1346,0.3415,0.2999,0.4436,0.4337,0.8607,0.0581,178.55,301.12,33.37,15.4,1.94,1.156,https://www.youtube.com/watch?v=KDdiPW07uI8
22401188,KDdiPW07uI8,side-court-led-logo,293.89,1472,734.805,0.1524,0.1901,0.4368,0.226,0.7361,0.1898,0.3455,0.2836,0.9605,0.1856,0.8899,0.05,1238.51,823.21,32.67,14.22,1.342,1.395,https://www.youtube.com/watch?v=KDdiPW07uI8
22401188,KDdiPW07uI8,side-court-logo,463.06,5124,1964.385,0.117,0.0809,0.2926,0.0708,0.75,0.1516,0.5197,0.3089,0.999,0.0292,0.8248,0.0809,2838.19,912.64,24.57,14.07,0.651,1.394,https://www.youtube.com/watch?v=KDdiPW07uI8
22401173,T93hoqBzshA,back-court-logo,489.09,2443,688.921,0.2869,0.2236,0.5369,0.117,0.9299,0.0237,0.5353,0.3563,0.9999,0.004,0.886,0.0229,1035.05,237.6,24.34,16.84,1.672,0.558,https://www.youtube.com/watch?v=T93hoqBzshA
22401173,T93hoqBzshA,basket-logo,484.28,15606,259.165,0.0169,0.0284,0.0925,0.1104,0.3685,0.1237,0.3418,0.2877,0.9949,0.0462,0.901,0.0451,1292.78,1088.84,34.63,16.98,0.16,0.106,https://www.youtube.com/watch?v=T93hoqBzshA
22401173,T93hoqBzshA,mid-court-logo,398.6,2095,333.5398,0.162,0.1424,0.4581,0.1232,0.7853,0.1521,0.4159,0.3209,0.9806,0.1065,0.8828,0.0435,587.9,372.03,29.79,15.58,1.329,0.514,https://www.youtube.com/watch?v=T93hoqBzshA
22401173,T93hoqBzshA,side-court-led-logo,427.03,2137,392.9226,0.1871,0.2061,0.5097,0.196,0.8237,0.1253,0.3486,0.3034,0.9974,0.0449,0.8979,0.0458,1032.76,435.81,33.64,16.31,1.923,4.254,https://www.youtube.com/watch?v=T93hoqBzshA
22401173,T93hoqBzshA,side-court-logo,510.91,2607,308.4673,0.1204,0.0816,0.334,0.0531,0.8402,0.0915,0.4565,0.3088,1.0,0.0,0.8962,0.0216,2099.76,664.2,27.55,14.85,0.808,0.253,https://www.youtube.com/watch?v=T93hoqBzshA
22401180,kutLhOxSShc,mid-court-logo,484.08,2742,10179.9675,0.1243,0.1141,0.3598,0.0843,0.8206,0.0995,0.41,0.3474,0.9996,0.0188,0.8954,0.039,3117.05,1388.64,31.21,18.07,0.929,0.773,https://www.youtube.com/watch?v=kutLhOxSShc
22401180,kutLhOxSShc,side-court-led-logo,504.5,3912,14029.4166,0.1201,0.1338,0.3547,0.1521,0.7185,0.1313,0.4378,0.3051,0.9588,0.1825,0.9079,0.0456,960.31,700.97,28.51,14.97,0.973,2.159,https://www.youtube.com/watch?v=kutLhOxSShc
22401180,kutLhOxSShc,side-court-logo,491.69,2632,11104.5467,0.1413,0.0811,0.3519,0.0732,0.7653,0.1054,0.514,0.2759,1.0,0.0,0.8747,0.0503,2658.47,893.8,24.15,11.93,0.886,0.297,https://www.youtube.com/watch?v=kutLhOxSShc
22401180,kutLhOxSShc,back-court-logo,454.45,2281,24586.5258,0.3609,0.2543,0.6792,0.1278,0.9464,0.023,0.5405,0.3463,1.0,0.0,0.8888,0.038,1166.56,309.79,24.26,16.65,2.304,0.628,https://www.youtube.com/watch?v=kutLhOxSShc
22401180,kutLhOxSShc,basket-logo,434.43,12977,7138.805,0.0184,0.029,0.1161,0.1135,0.3516,0.1445,0.3441,0.2897,0.9978,0.0331,0.8949,0.0479,2323.06,1298.94,34.7,17.35,0.175,0.126,https://www.youtube.com/watch?v=kutLhOxSShc
22401181,6eH8y5nQWJc,mid-court-logo,429.4,2470,66.3117,0.2125,0.1913,0.5746,0.1974,0.8915,0.1196,0.3791,0.3055,0.9785,0.1091,0.8789,0.0528,449.84,260.98,31.44,15.47,1.906,1.014,https://www.youtube.com/watch?v=6eH8y5nQWJc
22401181,6eH8y5nQWJc,side-court-led-logo,280.2,1401,30.8981,0.1746,0.1847,0.4052,0.2227,0.7738,0.1947,0.4553,0.2897,0.9756,0.137,0.9018,0.0506,831.76,526.26,27.56,14.04,1.427,2.756,https://www.youtube.com/watch?v=6eH8y5nQWJc
22401181,6eH8y5nQWJc,side-court-logo,504.0,2611,35.4232,0.1074,0.0765,0.3033,0.0459,0.8452,0.1165,0.4436,0.321,1.0,0.0,0.9025,0.024,1895.52,517.29,27.86,14.66,0.669,0.183,https://www.youtube.com/watch?v=6eH8y5nQWJc
22401181,6eH8y5nQWJc,back-court-logo,466.8,2334,61.3573,0.2081,0.1485,0.3836,0.0673,0.9126,0.0374,0.5636,0.3562,1.0,0.0005,0.8984,0.023,1203.99,265.29,23.04,16.71,1.021,0.273,https://www.youtube.com/watch?v=6eH8y5nQWJc
22401181,6eH8y5nQWJc,basket-logo,441.0,10563,40.1737,0.0301,0.0341,0.155,0.1018,0.4615,0.0715,0.3498,0.2882,0.9987,0.0251,0.888,0.0348,1486.69,916.89,34.27,16.95,0.202,0.098,https://www.youtube.com/watch?v=6eH8y5nQWJc
22401195,CYEPkgN18HE,mid-court-logo,381.58,2011,2740.4769,0.2222,0.19,0.5997,0.2042,0.905,0.1013,0.4018,0.331,0.9986,0.0321,0.8884,0.0602,1128.57,399.52,31.72,17.93,2.055,1.511,https://www.youtube.com/watch?v=CYEPkgN18HE
22401195,CYEPkgN18HE,side-court-led-logo,309.11,1544,1833.0092,0.1935,0.2077,0.4256,0.2215,0.8532,0.16,0.4397,0.3271,0.9719,0.1437,0.9008,0.0419,758.8,501.99,29.93,17.88,1.326,2.695,https://www.youtube.com/watch?v=CYEPkgN18HE
22401195,CYEPkgN18HE,side-court-logo,481.88,2492,2276.4595,0.1489,0.1099,0.3972,0.0678,0.9287,0.0685,0.4233,0.311,1.0,0.0,0.8979,0.0214,2623.39,713.97,28.98,14.82,1.078,0.275,https://www.youtube.com/watch?v=CYEPkgN18HE
22401195,CYEPkgN18HE,back-court-logo,443.04,2213,4251.7078,0.3132,0.279,0.662,0.1197,0.9416,0.0271,0.4623,0.3808,1.0,0.0,0.8925,0.0294,1749.79,429.23,29.63,20.38,2.24,0.633,https://www.youtube.com/watch?v=CYEPkgN18HE
22401195,CYEPkgN18HE,basket-logo,436.24,11449,1654.255,0.0236,0.0333,0.1486,0.1119,0.3725,0.1391,0.3184,0.2937,0.9996,0.0175,0.9059,0.0461,2209.84,1081.58,37.61,19.46,0.215,0.14,https://www.youtube.com/watch?v=CYEPkgN18HE
22401195,dVbPM8qdB0A,mid-court-logo,382.6,2010,79.1285,0.219,0.1862,0.5997,0.2053,0.9039,0.1012,0.3971,0.3277,0.9989,0.0303,0.8874,0.0602,1076.97,371.8,31.94,17.9,2.113,2.383,https://www.youtube.com/watch?v=dVbPM8qdB0A
22401195,dVbPM8qdB0A,side-court-led-logo,311.6,1558,53.7334,0.1918,0.2059,0.4275,0.2213,0.8529,0.1616,0.4308,0.3237,0.9724,0.1432,0.9003,0.0455,730.17,469.97,30.42,17.96,1.335,2.767,https://www.youtube.com/watch?v=dVbPM8qdB0A
22401195,dVbPM8qdB0A,side-court-logo,486.8,2518,68.0514,0.1503,0.1124,0.4,0.0701,0.9299,0.068,0.4252,0.3153,1.0,0.0016,0.8974,0.0231,2422.37,669.83,28.95,15.0,1.092,0.344,https://www.youtube.com/watch?v=dVbPM8qdB0A
22401195,dVbPM8qdB0A,back-court-logo,446.6,2233,127.4792,0.3175,0.2794,0.6641,0.1189,0.9418,0.0271,0.4677,0.3807,1.0,0.0001,0.8927,0.0276,1603.62,386.68,29.24,20.22,2.251,0.636,https://www.youtube.com/watch?v=dVbPM8qdB0A
22401195,dVbPM8qdB0A,basket-logo,440.8,11560,49.698,0.0239,0.0335,0.1488,0.1119,0.3728,0.1395,0.3227,0.2945,0.9996,0.0167,0.9057,0.0454,2061.77,986.05,37.22,19.26,0.215,0.14,https://www.youtube.com/watch?v=dVbPM8qdB0A
22401161,JWC5rODXmKk,mid-court-logo,412.41,2240,2710.1874,0.2098,0.2087,0.4986,0.1695,0.8406,0.1297,0.4106,0.3489,0.9998,0.0041,0.8932,0.0357,779.96,299.44,31.59,18.69,1.527,0.808,https://www.youtube.com/watch?v=JWC5rODXmKk
22401161,JWC5rODXmKk,side-court-led-logo,487.89,3411,2121.5035,0.1079,0.1209,0.368,0.1434,0.653,0.1063,0.4098,0.3116,0.9986,0.0333,0.9037,0.0458,1233.68,760.2,30.21,15.73,1.02,1.461,https://www.youtube.com/watch?v=JWC5rODXmKk
22401161,JWC5rODXmKk,side-court-logo,508.51,2569,2120.7081,0.1432,0.1078,0.4405,0.0865,0.7825,0.0692,0.4293,0.3137,0.9995,0.0167,0.8974,0.0267,1019.55,313.35,28.5,14.64,1.258,0.35,https://www.youtube.com/watch?v=JWC5rODXmKk
22401161,JWC5rODXmKk,back-court-logo,469.07,2344,3397.7616,0.2514,0.2005,0.4725,0.1093,0.9434,0.0384,0.5222,0.3639,0.9999,0.0033,0.8905,0.0311,963.15,273.22,25.75,18.46,1.395,0.478,https://www.youtube.com/watch?v=JWC5rODXmKk
22401161,JWC5rODXmKk,basket-logo,452.25,11411,1620.7643,0.0246,0.0362,0.1155,0.1134,0.4394,0.1614,0.3349,0.276,0.9946,0.0564,0.9028,0.0487,1688.26,1536.96,35.12,17.35,0.166,0.125,https://www.youtube.com/watch?v=JWC5rODXmKk
22401168,GVHEyw0zL-8,back-court-logo,425.43,2125,4404.9824,0.3069,0.2185,0.5875,0.1042,0.9421,0.0225,0.542,0.3608,1.0,0.0,0.8426,0.0569,2806.0,499.83,24.37,17.42,1.876,0.473,https://www.youtube.com/watch?v=GVHEyw0zL-8
22401168,GVHEyw0zL-8,side-court-led-logo,501.3,3977,4011.8441,0.1493,0.1279,0.3544,0.1267,0.9033,0.1224,0.4402,0.2993,0.9868,0.1071,0.8982,0.0487,2761.4,1673.54,28.88,15.71,0.961,2.108,https://www.youtube.com/watch?v=GVHEyw0zL-8
22401168,GVHEyw0zL-8,mid-court-logo,443.04,2486,2807.1269,0.1672,0.173,0.5224,0.2228,0.8838,0.1385,0.3547,0.3215,0.9995,0.0169,0.8663,0.06,1511.21,538.81,34.1,17.53,1.666,1.069,https://www.youtube.com/watch?v=GVHEyw0zL-8
22401168,GVHEyw0zL-8,side-court-logo,150.15,753,262.5541,0.0516,0.0473,0.2561,0.0507,0.5604,0.0863,0.3825,0.3457,0.999,0.0204,0.7522,0.0775,2598.89,553.35,32.1,17.44,0.474,1.009,https://www.youtube.com/watch?v=GVHEyw0zL-8
22401168,GVHEyw0zL-8,basket-logo,444.64,11906,1504.0713,0.0187,0.0291,0.1016,0.1082,0.3798,0.1111,0.3754,0.3093,1.0,0.0009,0.9097,0.0327,5548.96,2419.68,33.45,17.94,0.154,0.072,https://www.youtube.com/watch?v=GVHEyw0zL-8
22401157,Al7TNqXIXE4,back-court-logo,472.47,2360,295.0153,0.2129,0.1448,0.3726,0.0809,0.8906,0.0404,0.602,0.3426,0.9988,0.0322,0.8772,0.0266,2837.11,823.5,20.96,15.32,1.012,1.176,https://www.youtube.com/watch?v=Al7TNqXIXE4
22401157,Al7TNqXIXE4,mid-court-logo,372.97,2217,188.1391,0.1446,0.1301,0.4281,0.1753,0.8375,0.1717,0.4159,0.3246,0.9982,0.033,0.8735,0.0491,1164.43,516.37,30.18,16.35,1.213,0.718,https://www.youtube.com/watch?v=Al7TNqXIXE4
22401157,Al7TNqXIXE4,side-court-led-logo,312.51,1561,195.2635,0.2131,0.2016,0.4615,0.1979,0.8714,0.1133,0.4614,0.3225,1.0,0.0013,0.895,0.0478,2210.43,882.29,27.85,15.9,1.39,0.965,https://www.youtube.com/watch?v=Al7TNqXIXE4
22401157,Al7TNqXIXE4,side-court-logo,498.3,2618,141.9139,0.0923,0.0627,0.2541,0.0348,0.8484,0.1223,0.4604,0.3264,1.0,0.0,0.8559,0.0412,4818.26,1797.09,26.93,14.56,0.431,0.12,https://www.youtube.com/watch?v=Al7TNqXIXE4
22401157,Al7TNqXIXE4,basket-logo,456.66,15571,171.8846,0.0188,0.0314,0.0867,0.1108,0.3676,0.1574,0.4092,0.2975,0.991,0.0778,0.8625,0.0737,2026.37,1582.48,30.73,16.08,0.149,0.126,https://www.youtube.com/watch?v=Al7TNqXIXE4
22401200,7IYsmNmwoWU,mid-court-logo,479.08,2583,1000.4845,0.1608,0.1597,0.5008,0.1478,0.8709,0.1154,0.3431,0.3173,0.9991,0.0165,0.8804,0.0381,1056.38,328.81,33.92,16.45,1.514,0.65,https://www.youtube.com/watch?v=7IYsmNmwoWU
22401200,7IYsmNmwoWU,side-court-led-logo,487.89,3714,911.6266,0.1019,0.1116,0.3294,0.1176,0.776,0.1443,0.3904,0.3221,0.9564,0.1872,0.9024,0.0506,989.59,633.87,31.4,16.35,0.968,3.473,https://www.youtube.com/watch?v=7IYsmNmwoWU
22401200,7IYsmNmwoWU,basket-logo,464.66,11503,983.4223,0.0355,0.0421,0.1576,0.1057,0.5469,0.14,0.3708,0.2931,0.9979,0.0309,0.8758,0.0688,1242.18,817.57,32.91,16.65,0.216,0.131,https://www.youtube.com/watch?v=7IYsmNmwoWU
22401200,7IYsmNmwoWU,side-court-logo,0.2,1,0.0772,0.0321,0.0,0.3466,0.0,0.9731,0.0,0.0951,0.0,0.9997,0.0,0.604,0.0,261.24,0.0,43.39,0.0,0.866,0.0,https://www.youtube.com/watch?v=7IYsmNmwoWU
22401200,7IYsmNmwoWU,back-court-logo,0.2,1,1.9769,0.8206,0.0,0.872,0.0,0.9851,0.0,0.9552,0.0,1.0,0.0,0.6479,0.0,465.11,0.0,6.05,0.0,3.419,0.0,https://www.youtube.com/watch?v=7IYsmNmwoWU
22401172,ljGfqf2Mkkw,mid-court-logo,466.0,2681,80.4782,0.2573,0.2264,0.681,0.2318,0.9337,0.1052,0.3864,0.3171,0.9993,0.0236,0.8845,0.0547,1017.15,420.7,31.76,16.52,2.577,1.389,https://www.youtube.com/watch?v=ljGfqf2Mkkw
22401172,ljGfqf2Mkkw,side-court-led-logo,521.8,4296,76.5419,0.1527,0.1219,0.3517,0.1281,0.8995,0.1278,0.4594,0.2925,0.9743,0.1468,0.914,0.0411,1060.24,702.28,27.15,13.99,0.92,1.577,https://www.youtube.com/watch?v=ljGfqf2Mkkw
22401172,ljGfqf2Mkkw,back-court-logo,474.0,2370,65.501,0.2369,0.179,0.473,0.0863,0.9131,0.0326,0.5285,0.362,0.9996,0.0183,0.8854,0.0263,1212.81,254.99,24.92,17.37,1.404,0.525,https://www.youtube.com/watch?v=ljGfqf2Mkkw
22401172,ljGfqf2Mkkw,basket-logo,454.8,13508,35.5017,0.0225,0.0325,0.1272,0.113,0.3875,0.1295,0.3657,0.3098,0.9988,0.0243,0.9123,0.035,1530.99,881.32,34.12,18.25,0.188,0.236,https://www.youtube.com/watch?v=ljGfqf2Mkkw
22401172,ljGfqf2Mkkw,side-court-logo,1.4,7,0.1225,0.15,0.1273,0.8888,0.2637,0.9998,0.0005,0.3798,0.2049,0.531,0.369,0.7741,0.0923,202.92,267.17,28.93,8.33,14.785,9.627,https://www.youtube.com/watch?v=ljGfqf2Mkkw
22401200,uYRnBegi1eE,mid-court-logo,479.2,2586,50.3967,0.1593,0.1604,0.5022,0.148,0.8709,0.1149,0.3368,0.3122,0.9999,0.0029,0.8804,0.0397,994.13,310.91,34.18,16.28,1.52,0.653,https://www.youtube.com/watch?v=uYRnBegi1eE
22401200,uYRnBegi1eE,side-court-led-logo,488.2,3724,45.8815,0.1007,0.1109,0.3304,0.1191,0.7762,0.1444,0.3861,0.3217,0.9536,0.1927,0.9037,0.049,886.69,546.17,31.63,16.39,0.993,3.559,https://www.youtube.com/watch?v=uYRnBegi1eE
22401200,uYRnBegi1eE,side-court-logo,0.2,1,0.0,0.0,0.0,0.0,0.0,0.2364,0.0,0.0028,0.0,1.0,0.0,0.6406,0.0,529.15,0.0,68.5,0.0,0.099,0.0,https://www.youtube.com/watch?v=uYRnBegi1eE
22401200,uYRnBegi1eE,basket-logo,464.6,11478,50.3826,0.0359,0.0409,0.1589,0.1047,0.5479,0.1382,0.3763,0.2913,0.9976,0.0301,0.8765,0.0685,1140.22,781.34,32.55,16.52,0.217,0.125,https://www.youtube.com/watch?v=uYRnBegi1eE
22401172,SrgplTRgHvA,back-court-logo,474.67,2371,750.7156,0.2561,0.1739,0.4739,0.1,0.9102,0.0346,0.5682,0.3322,0.9999,0.0031,0.8845,0.0295,1047.9,235.21,22.7,15.35,1.43,0.774,https://www.youtube.com/watch?v=SrgplTRgHvA
22401172,SrgplTRgHvA,basket-logo,453.45,13454,394.3105,0.0237,0.0331,0.1287,0.1123,0.3887,0.1303,0.3873,0.3031,0.9978,0.0328,0.9113,0.035,1207.78,726.36,32.06,16.86,0.189,0.12,https://www.youtube.com/watch?v=SrgplTRgHvA
22401172,SrgplTRgHvA,mid-court-logo,452.85,2608,759.134,0.2354,0.2223,0.6649,0.2348,0.9367,0.1,0.3499,0.2948,0.9989,0.0277,0.8794,0.0634,928.57,467.47,33.45,16.08,2.519,1.922,https://www.youtube.com/watch?v=SrgplTRgHvA
22401172,SrgplTRgHvA,side-court-led-logo,512.91,4090,725.1269,0.1434,0.1155,0.3501,0.124,0.9012,0.1227,0.44,0.2957,0.9701,0.1578,0.9125,0.0436,863.2,547.9,28.37,14.81,0.923,1.744,https://www.youtube.com/watch?v=SrgplTRgHvA
22401172,SrgplTRgHvA,side-court-logo,0.2,1,0.0375,0.0303,0.0,0.3369,0.0,1.0,0.0,0.0918,0.0,0.9802,0.0,0.6226,0.0,178.0,0.0,43.71,0.0,0.823,0.0,https://www.youtube.com/watch?v=SrgplTRgHvA
22401183,W1-UQ-BIuDI,mid-court-logo,505.5,2722,19779.1188,0.1611,0.1735,0.5568,0.2288,0.8048,0.1788,0.3432,0.3144,0.9999,0.0077,0.8807,0.0561,1344.79,499.84,33.55,15.89,1.832,1.085,https://www.youtube.com/watch?v=W1-UQ-BIuDI
22401183,W1-UQ-BIuDI,back-court-logo,508.71,2543,27306.4602,0.2381,0.1482,0.4394,0.077,0.9107,0.0326,0.5841,0.3297,1.0,0.0,0.8738,0.0324,1721.22,504.13,21.97,15.08,1.258,0.339,https://www.youtube.com/watch?v=W1-UQ-BIuDI
22401183,W1-UQ-BIuDI,basket-logo,500.9,13888,16428.4993,0.0262,0.0298,0.1556,0.1022,0.4293,0.1038,0.37,0.2874,0.9967,0.0443,0.9046,0.033,3203.53,2386.31,32.71,16.34,0.205,0.104,https://www.youtube.com/watch?v=W1-UQ-BIuDI
22401183,W1-UQ-BIuDI,side-court-led-logo,517.72,2587,20365.5754,0.1745,0.2176,0.5111,0.214,0.7858,0.1213,0.3305,0.3114,0.9907,0.0691,0.9084,0.0385,936.16,627.39,34.02,15.52,1.729,1.354,https://www.youtube.com/watch?v=W1-UQ-BIuDI
22401183,W1-UQ-BIuDI,side-court-logo,550.75,2835,10135.4809,0.0793,0.0587,0.2958,0.0336,0.6674,0.1139,0.4267,0.3228,1.0,0.0,0.8872,0.0319,1643.07,584.88,28.37,14.45,0.632,0.14,https://www.youtube.com/watch?v=W1-UQ-BIuDI
22401183,vR152fUM6v0,back-court-logo,448.94,2219,200.476,0.2342,0.1538,0.4373,0.0778,0.9091,0.0356,0.5733,0.3427,1.0,0.0001,0.8707,0.0384,1424.5,430.05,22.77,16.21,1.244,0.319,https://www.youtube.com/watch?v=vR152fUM6v0
22401183,vR152fUM6v0,mid-court-logo,397.73,2182,139.6854,0.1659,0.1682,0.5082,0.1943,0.7927,0.1742,0.3904,0.3335,0.9998,0.0055,0.8569,0.0824,1636.06,902.33,31.81,17.03,1.586,0.917,https://www.youtube.com/watch?v=vR152fUM6v0
22401183,vR152fUM6v0,side-court-led-logo,458.86,2267,169.0499,0.1933,0.2296,0.5236,0.2174,0.8011,0.126,0.3512,0.3274,0.9663,0.1334,0.9033,0.0414,759.86,526.51,33.53,16.57,1.786,1.354,https://www.youtube.com/watch?v=vR152fUM6v0
22401183,vR152fUM6v0,side-court-logo,488.41,2519,75.6411,0.0778,0.0586,0.2915,0.0378,0.6719,0.1211,0.4301,0.3323,1.0,0.0,0.8864,0.0323,1418.7,528.61,28.6,15.15,0.613,0.153,https://www.youtube.com/watch?v=vR152fUM6v0
22401183,vR152fUM6v0,basket-logo,441.04,12066,126.1772,0.0271,0.0313,0.1538,0.1028,0.4263,0.1022,0.3847,0.3065,0.9947,0.0553,0.9047,0.0327,2256.45,1710.8,32.43,17.19,0.203,0.101,https://www.youtube.com/watch?v=vR152fUM6v0
22401169,HKYnJRt2g-E,mid-court-logo,456.66,2576,733.9556,0.1816,0.2224,0.683,0.2244,0.8934,0.1168,0.3393,0.3168,0.7647,0.3813,0.8552,0.0566,380.08,367.68,34.74,17.37,2.601,1.405,https://www.youtube.com/watch?v=HKYnJRt2g-E
22401169,HKYnJRt2g-E,side-court-led-logo,405.2,2024,535.7821,0.1688,0.2166,0.4721,0.2328,0.7594,0.1804,0.3211,0.3026,0.9642,0.175,0.882,0.0513,1811.13,832.55,36.32,17.91,1.708,3.936,https://www.youtube.com/watch?v=HKYnJRt2g-E
22401169,HKYnJRt2g-E,side-court-logo,511.31,5587,926.8968,0.1058,0.0792,0.2974,0.0502,0.7738,0.1463,0.4488,0.3135,1.0,0.0,0.8103,0.0845,4014.04,1023.77,28.37,15.64,0.635,0.219,https://www.youtube.com/watch?v=HKYnJRt2g-E
22401169,HKYnJRt2g-E,back-court-logo,438.84,2192,607.6615,0.1767,0.1238,0.3578,0.0573,0.8793,0.0523,0.5513,0.3501,1.0,0.0,0.8728,0.0227,2504.25,492.93,23.72,16.73,0.912,0.294,https://www.youtube.com/watch?v=HKYnJRt2g-E
22401169,HKYnJRt2g-E,basket-logo,419.82,9480,432.8878,0.0291,0.0322,0.1564,0.0985,0.4803,0.0944,0.3775,0.2869,0.9489,0.1766,0.8827,0.0646,1628.14,1439.88,32.3,16.24,0.189,0.085,https://www.youtube.com/watch?v=HKYnJRt2g-E
22401156,Hy6uiNh5vC4,mid-court-logo,373.37,1929,2013.4944,0.2251,0.2124,0.635,0.2602,0.8914,0.1196,0.3827,0.3279,0.9993,0.0243,0.858,0.0802,1143.34,280.3,32.23,17.25,2.365,1.466,https://www.youtube.com/watch?v=Hy6uiNh5vC4
22401156,Hy6uiNh5vC4,side-court-led-logo,190.99,954,853.7586,0.193,0.2064,0.4067,0.267,0.7624,0.2023,0.5306,0.2923,0.9819,0.1026,0.8806,0.0686,855.99,610.6,24.34,13.91,1.954,6.714,https://www.youtube.com/watch?v=Hy6uiNh5vC4
22401156,Hy6uiNh5vC4,side-court-logo,494.69,2502,1671.4979,0.144,0.1093,0.3698,0.0426,0.9297,0.0753,0.4232,0.3173,1.0,0.0004,0.8938,0.0195,2563.12,501.21,28.89,14.55,0.969,0.251,https://www.youtube.com/watch?v=Hy6uiNh5vC4
22401156,Hy6uiNh5vC4,back-court-logo,471.07,2353,2929.1922,0.2684,0.2128,0.5608,0.0698,0.948,0.0187,0.4905,0.3731,0.9996,0.02,0.8831,0.0191,1515.84,291.93,27.91,19.76,1.759,0.57,https://www.youtube.com/watch?v=Hy6uiNh5vC4
22401156,Hy6uiNh5vC4,basket-logo,454.25,11699,1729.3753,0.0319,0.0315,0.217,0.0478,0.4713,0.1093,0.305,0.2847,0.9987,0.0242,0.8937,0.0555,3218.25,2507.92,38.33,19.45,0.254,0.126,https://www.youtube.com/watch?v=Hy6uiNh5vC4
22401165,DXD5c45ypmM,back-court-logo,528.13,2638,9373.142,0.3101,0.2152,0.5836,0.0839,0.9367,0.0191,0.5503,0.3553,1.0,0.0,0.9016,0.0195,1605.71,291.45,24.01,17.51,1.851,0.368,https://www.youtube.com/watch?v=DXD5c45ypmM
22401165,DXD5c45ypmM,mid-court-logo,518.12,2729,4948.5385,0.1583,0.169,0.5326,0.1549,0.8825,0.115,0.3164,0.3156,1.0,0.0,0.8755,0.0505,1675.63,391.8,35.84,17.24,1.663,0.729,https://www.youtube.com/watch?v=DXD5c45ypmM
22401165,DXD5c45ypmM,side-court-led-logo,553.55,3715,4971.3845,0.1168,0.1283,0.3569,0.1214,0.8163,0.1529,0.3893,0.3301,0.9893,0.0927,0.9082,0.0381,1734.84,929.58,31.97,17.15,0.921,0.553,https://www.youtube.com/watch?v=DXD5c45ypmM
22401165,DXD5c45ypmM,basket-logo,520.72,14453,3811.4552,0.023,0.03,0.1347,0.1075,0.3982,0.1128,0.3518,0.2952,0.9998,0.0105,0.9127,0.0293,2803.55,1319.44,34.75,18.11,0.182,0.084,https://www.youtube.com/watch?v=DXD5c45ypmM
22401165,DXD5c45ypmM,side-court-logo,0.2,1,0.4512,0.0394,0.0,0.3017,0.0,1.0,0.0,0.1305,0.0,1.0,0.0,0.6353,0.0,619.24,0.0,40.36,0.0,0.661,0.0,https://www.youtube.com/watch?v=DXD5c45ypmM
22401169,vfFMG9Qtkgk,mid-court-logo,447.6,2607,71.4713,0.1939,0.2212,0.6855,0.2195,0.8935,0.1132,0.355,0.3172,0.7893,0.3636,0.8572,0.0551,384.73,352.21,33.69,17.03,2.615,1.443,https://www.youtube.com/watch?v=vfFMG9Qtkgk
22401169,vfFMG9Qtkgk,side-court-led-logo,400.37,2060,51.1621,0.1757,0.222,0.4806,0.2274,0.7651,0.1735,0.3338,0.3069,0.9692,0.1639,0.8835,0.0484,1647.53,761.61,35.56,17.86,1.759,4.298,https://www.youtube.com/watch?v=vfFMG9Qtkgk
22401169,vfFMG9Qtkgk,side-court-logo,499.88,5614,85.9014,0.1082,0.08,0.2973,0.0513,0.7748,0.1475,0.4586,0.3141,1.0,0.0,0.8094,0.086,3680.33,967.47,27.8,15.34,0.636,0.219,https://www.youtube.com/watch?v=vfFMG9Qtkgk
22401169,vfFMG9Qtkgk,back-court-logo,430.5,2215,54.3486,0.1736,0.1237,0.3565,0.0547,0.881,0.0522,0.5415,0.3533,1.0,0.0,0.8723,0.0256,2253.54,446.13,24.32,17.11,0.903,0.235,https://www.youtube.com/watch?v=vfFMG9Qtkgk
22401169,vfFMG9Qtkgk,basket-logo,409.31,9462,38.8028,0.029,0.0321,0.158,0.0975,0.4809,0.0933,0.3675,0.2855,0.9641,0.1422,0.8822,0.0657,1447.1,1261.23,32.87,16.35,0.19,0.079,https://www.youtube.com/watch?v=vfFMG9Qtkgk
22401162,SIZv6JvUXiM,back-court-logo,485.49,2427,381.8679,0.2018,0.1418,0.3774,0.055,0.9114,0.036,0.5654,0.3664,1.0,0.0,0.8984,0.0245,1138.86,280.22,23.07,17.35,0.997,0.22,https://www.youtube.com/watch?v=SIZv6JvUXiM
22401162,SIZv6JvUXiM,mid-court-logo,442.24,2547,430.3735,0.2167,0.202,0.583,0.2044,0.8988,0.1238,0.393,0.3105,0.9439,0.181,0.8695,0.0585,420.36,276.99,30.91,15.41,1.939,0.994,https://www.youtube.com/watch?v=SIZv6JvUXiM
22401162,SIZv6JvUXiM,side-court-led-logo,323.72,1617,185.9126,0.1475,0.1525,0.3744,0.1949,0.8045,0.1816,0.4232,0.2918,0.9702,0.1533,0.899,0.0561,850.1,730.51,29.41,15.25,1.586,5.993,https://www.youtube.com/watch?v=SIZv6JvUXiM
22401162,SIZv6JvUXiM,side-court-logo,521.12,2745,245.2028,0.1146,0.0796,0.2987,0.0477,0.8586,0.1124,0.4651,0.319,0.9993,0.0263,0.901,0.0243,1874.76,585.47,26.81,14.36,0.659,0.488,https://www.youtube.com/watch?v=SIZv6JvUXiM
22401162,SIZv6JvUXiM,basket-logo,459.66,10787,236.0294,0.0281,0.034,0.1493,0.1037,0.4557,0.0711,0.3562,0.3024,0.9969,0.0404,0.8859,0.0359,1399.31,909.72,34.91,18.52,0.195,0.104,https://www.youtube.com/watch?v=SIZv6JvUXiM
22401170,V7uI04PmXoc,mid-court-logo,451.45,2506,14640.621,0.1822,0.1685,0.5229,0.2188,0.7991,0.19,0.412,0.3158,0.9997,0.0129,0.8646,0.0554,1426.0,532.65,30.09,15.98,1.647,0.984,https://www.youtube.com/watch?v=V7uI04PmXoc
22401170,V7uI04PmXoc,side-court-led-logo,477.08,2383,15627.9493,0.2045,0.2056,0.5033,0.203,0.7959,0.1475,0.4126,0.3405,0.9944,0.0598,0.9003,0.0386,781.27,351.38,30.58,17.15,1.622,1.153,https://www.youtube.com/watch?v=V7uI04PmXoc
22401170,V7uI04PmXoc,side-court-logo,523.52,2746,10008.506,0.1137,0.0841,0.3336,0.0647,0.7794,0.1218,0.4488,0.3084,1.0,0.0,0.8799,0.0431,1904.07,470.92,27.64,14.37,0.805,0.262,https://www.youtube.com/watch?v=V7uI04PmXoc
22401170,V7uI04PmXoc,back-court-logo,506.51,2530,24771.527,0.3053,0.2439,0.6076,0.1257,0.9427,0.024,0.507,0.3679,1.0,0.0006,0.8959,0.0217,1058.93,289.14,26.66,18.67,2.039,0.885,https://www.youtube.com/watch?v=V7uI04PmXoc
22401170,V7uI04PmXoc,basket-logo,498.7,13823,6261.6648,0.0141,0.0263,0.0819,0.1069,0.3647,0.1129,0.3385,0.3072,0.9994,0.0191,0.9118,0.0284,2702.16,1494.29,36.46,19.47,0.154,0.086,https://www.youtube.com/watch?v=V7uI04PmXoc
22401166,yVY5WcFLaSo,mid-court-logo,273.27,1596,5292.8981,0.2768,0.203,0.6155,0.2308,0.883,0.1316,0.4803,0.2945,0.9994,0.0056,0.8819,0.0432,683.07,334.03,26.34,14.47,2.132,1.152,https://www.youtube.com/watch?v=yVY5WcFLaSo
22401166,yVY5WcFLaSo,side-court-led-logo,183.38,916,2602.9895,0.2372,0.1907,0.4648,0.2137,0.8321,0.1793,0.549,0.2891,0.9664,0.1574,0.8881,0.0438,814.52,731.84,23.19,12.71,1.45,1.866,https://www.youtube.com/watch?v=yVY5WcFLaSo
22401166,yVY5WcFLaSo,side-court-logo,498.7,3179,3808.0845,0.1,0.0838,0.2772,0.0505,0.8345,0.2175,0.4407,0.3296,1.0,0.0,0.8861,0.0391,2337.63,764.79,28.65,15.93,0.552,0.179,https://www.youtube.com/watch?v=yVY5WcFLaSo
22401166,yVY5WcFLaSo,back-court-logo,478.48,2390,6847.1631,0.2391,0.195,0.4668,0.0895,0.9325,0.0294,0.5069,0.3714,1.0,0.0004,0.891,0.0241,1398.19,320.08,26.67,19.23,1.366,0.363,https://www.youtube.com/watch?v=yVY5WcFLaSo
22401166,yVY5WcFLaSo,basket-logo,464.46,13531,3869.8452,0.0239,0.0315,0.1371,0.1115,0.4215,0.1354,0.3183,0.2789,0.9984,0.0305,0.9086,0.0356,1933.86,1484.61,36.23,17.55,0.199,0.156,https://www.youtube.com/watch?v=yVY5WcFLaSo
22401170,20KL_aV0_no,basket-logo,466.2,12620,14.1214,0.0144,0.0271,0.0798,0.1063,0.3669,0.1169,0.3531,0.3134,0.9992,0.0198,0.9107,0.03,2644.43,1439.77,35.83,19.72,0.153,0.087,https://www.youtube.com/watch?v=20KL_aV0_no
22401170,20KL_aV0_no,mid-court-logo,418.4,2336,33.6037,0.1849,0.1717,0.5317,0.218,0.8057,0.1888,0.4116,0.3222,1.0,0.0,0.8654,0.0543,1441.42,435.43,30.17,16.21,1.686,0.979,https://www.youtube.com/watch?v=20KL_aV0_no
22401170,20KL_aV0_no,side-court-led-logo,440.0,2200,36.1001,0.2109,0.213,0.516,0.2074,0.8022,0.1488,0.4134,0.3436,0.9974,0.0429,0.8985,0.0392,789.3,346.93,30.56,17.13,1.704,1.254,https://www.youtube.com/watch?v=20KL_aV0_no
22401170,20KL_aV0_no,side-court-logo,483.6,2552,22.0781,0.1112,0.0839,0.3311,0.066,0.7812,0.1245,0.4414,0.31,1.0,0.0,0.8786,0.0442,1953.52,454.99,27.91,14.58,0.797,0.258,https://www.youtube.com/watch?v=20KL_aV0_no
22401170,20KL_aV0_no,back-court-logo,463.0,2315,54.6227,0.3032,0.2431,0.6021,0.1212,0.9419,0.0241,0.5098,0.3731,0.9999,0.0019,0.8943,0.0252,1058.26,288.99,26.69,19.04,2.003,0.84,https://www.youtube.com/watch?v=20KL_aV0_no
22401190,o13lYAypGRg,back-court-logo,123.52,617,136.2979,0.1978,0.1368,0.4287,0.1275,0.8899,0.0464,0.528,0.3525,0.9997,0.0044,0.8682,0.0399,2167.59,690.83,24.54,16.15,1.378,1.342,https://www.youtube.com/watch?v=o13lYAypGRg
22401190,o13lYAypGRg,basket-logo,137.14,4033,106.6028,0.0237,0.0422,0.1263,0.1403,0.404,0.1577,0.3515,0.3044,0.995,0.062,0.9003,0.0477,2963.26,2454.58,34.29,17.38,0.23,0.46,https://www.youtube.com/watch?v=o13lYAypGRg
22401190,o13lYAypGRg,mid-court-logo,122.12,644,183.8697,0.2557,0.2398,0.6931,0.2098,0.9228,0.0773,0.3684,0.3173,0.9963,0.0514,0.8762,0.0487,1929.38,552.26,32.76,16.53,2.742,3.142,https://www.youtube.com/watch?v=o13lYAypGRg
22401190,o13lYAypGRg,side-court-logo,125.93,640,112.5149,0.1574,0.0948,0.3516,0.043,0.8673,0.0946,0.5292,0.3147,0.9999,0.0023,0.8911,0.0237,3070.87,680.84,23.63,13.51,0.888,0.169,https://www.youtube.com/watch?v=o13lYAypGRg
22401190,o13lYAypGRg,side-court-led-logo,80.28,401,47.638,0.1064,0.1366,0.3225,0.2026,0.6483,0.1962,0.3772,0.3138,0.9262,0.2387,0.8865,0.0585,2092.72,1771.36,32.35,16.58,1.061,2.971,https://www.youtube.com/watch?v=o13lYAypGRg
22401190,o2atG3CNhYw,back-court-logo,511.51,2574,900.4342,0.1935,0.1448,0.4084,0.0647,0.8851,0.0374,0.5198,0.3554,1.0,0.0,0.8785,0.0196,2205.29,503.13,25.03,16.68,1.125,0.273,https://www.youtube.com/watch?v=o2atG3CNhYw
22401190,o2atG3CNhYw,basket-logo,505.71,16516,545.0625,0.0183,0.03,0.1084,0.1123,0.3845,0.1299,0.34,0.3082,0.9992,0.0241,0.9081,0.0352,2918.57,2328.05,35.34,17.98,0.17,0.186,https://www.youtube.com/watch?v=o2atG3CNhYw
22401190,o2atG3CNhYw,mid-court-logo,514.91,2720,1282.4657,0.2608,0.2447,0.7183,0.2063,0.9315,0.0835,0.3687,0.3228,1.0,0.0011,0.8785,0.0432,2001.46,577.78,33.04,16.87,2.756,1.277,https://www.youtube.com/watch?v=o2atG3CNhYw
22401190,o2atG3CNhYw,side-court-led-logo,368.57,1841,362.8993,0.109,0.1435,0.3152,0.173,0.7094,0.1844,0.3673,0.3103,0.9711,0.1527,0.8879,0.0521,2187.4,1590.29,33.31,17.19,0.758,0.723,https://www.youtube.com/watch?v=o2atG3CNhYw
22401190,o2atG3CNhYw,side-court-logo,533.93,2732,752.46,0.1523,0.0965,0.3476,0.0439,0.8759,0.0847,0.5079,0.3112,1.0,0.0,0.8911,0.0259,3105.68,863.6,24.58,13.33,0.868,0.181,https://www.youtube.com/watch?v=o2atG3CNhYw
22401164,xWlvGbIvw1w,back-court-logo,487.0,2435,157.888,0.3187,0.2433,0.6178,0.0938,0.937,0.018,0.5178,0.3659,1.0,0.0002,0.897,0.0209,1029.12,195.97,25.43,17.59,2.001,0.418,https://www.youtube.com/watch?v=xWlvGbIvw1w
22401164,xWlvGbIvw1w,basket-logo,477.8,11038,56.249,0.025,0.0289,0.1615,0.0975,0.4114,0.1099,0.3284,0.3017,0.9993,0.0138,0.9135,0.0361,2049.35,1202.48,36.26,18.41,0.202,0.079,https://www.youtube.com/watch?v=xWlvGbIvw1w
22401164,xWlvGbIvw1w,side-court-led-logo,301.8,1509,44.4828,0.1449,0.1474,0.3486,0.1667,0.9735,0.033,0.3815,0.2956,0.9959,0.0483,0.8858,0.0586,656.1,275.41,32.09,16.52,0.979,2.657,https://www.youtube.com/watch?v=xWlvGbIvw1w
22401164,xWlvGbIvw1w,side-court-logo,522.4,2723,77.4889,0.1399,0.0943,0.3209,0.047,0.9906,0.0143,0.4569,0.3128,1.0,0.0002,0.8956,0.0255,3356.89,810.35,27.19,14.19,0.75,0.189,https://www.youtube.com/watch?v=xWlvGbIvw1w
22401164,xWlvGbIvw1w,mid-court-logo,0.8,4,0.0048,0.0059,0.0047,0.2672,0.0142,0.7291,0.1023,0.0305,0.0215,0.9982,0.0031,0.6996,0.0689,304.38,72.31,56.83,10.14,0.49,0.072,https://www.youtube.com/watch?v=xWlvGbIvw1w
22401149,Nvnft5Y6qv0,mid-court-logo,295.09,1534,832.7407,0.2484,0.2116,0.5912,0.2553,0.876,0.1244,0.4311,0.3262,0.9991,0.0255,0.8677,0.0724,1138.5,286.92,29.48,16.58,2.117,1.66,https://www.youtube.com/watch?v=Nvnft5Y6qv0
22401149,Nvnft5Y6qv0,side-court-led-logo,195.8,978,405.1675,0.1896,0.2001,0.4116,0.2692,0.7677,0.2017,0.512,0.3106,0.981,0.0896,0.8789,0.0633,738.38,514.23,25.53,15.25,1.723,5.326,https://www.youtube.com/watch?v=Nvnft5Y6qv0
22401149,Nvnft5Y6qv0,side-court-logo,494.09,2500,738.3649,0.1352,0.1075,0.3638,0.0444,0.9381,0.078,0.397,0.3101,1.0,0.0,0.8948,0.0199,2578.56,469.19,30.06,14.57,0.938,0.186,https://www.youtube.com/watch?v=Nvnft5Y6qv0
22401149,Nvnft5Y6qv0,back-court-logo,467.87,2337,1464.4623,0.2868,0.221,0.5725,0.0799,0.95,0.0189,0.5076,0.3694,1.0,0.0,0.8828,0.0231,1491.21,295.94,27.35,20.12,1.801,0.341,https://www.youtube.com/watch?v=Nvnft5Y6qv0
22401149,Nvnft5Y6qv0,basket-logo,452.05,11701,839.6815,0.0328,0.0317,0.2209,0.0474,0.4751,0.112,0.3049,0.2725,0.9985,0.0252,0.8963,0.0499,3126.89,2388.64,37.43,18.34,0.269,0.145,https://www.youtube.com/watch?v=Nvnft5Y6qv0
22401155,kvSQf02NTTk,back-court-logo,533.73,2666,3425.161,0.2234,0.1501,0.4137,0.0562,0.9123,0.0285,0.571,0.3523,1.0,0.0,0.8887,0.0237,1792.43,340.96,22.71,16.48,1.147,0.234,https://www.youtube.com/watch?v=kvSQf02NTTk
22401155,kvSQf02NTTk,basket-logo,518.72,16943,1931.5874,0.0198,0.0288,0.1161,0.1099,0.3978,0.1237,0.3411,0.2836,0.9994,0.0183,0.9078,0.0336,2473.57,1513.05,34.7,17.02,0.165,0.087,https://www.youtube.com/watch?v=kvSQf02NTTk
22401155,kvSQf02NTTk,mid-court-logo,450.25,2505,2636.8296,0.183,0.193,0.5412,0.2072,0.8724,0.1175,0.3491,0.3165,0.9998,0.0026,0.8798,0.0516,854.51,324.35,34.45,17.54,1.748,0.977,https://www.youtube.com/watch?v=kvSQf02NTTk
22401155,kvSQf02NTTk,side-court-led-logo,247.85,1238,935.6106,0.1314,0.1719,0.3701,0.2086,0.7106,0.2148,0.3702,0.3058,0.9696,0.1565,0.8787,0.0601,952.94,690.75,32.73,16.84,1.072,2.416,https://www.youtube.com/watch?v=kvSQf02NTTk
22401155,kvSQf02NTTk,side-court-logo,569.77,4221,2035.7474,0.0839,0.0746,0.2678,0.0505,0.7517,0.2261,0.4097,0.3252,1.0,0.0,0.8883,0.031,2937.07,824.3,30.16,16.02,0.512,0.16,https://www.youtube.com/watch?v=kvSQf02NTTk
22401150,EJ8eYV8p8OU,back-court-logo,470.87,2352,222.8841,0.1571,0.1014,0.3167,0.0415,0.8408,0.0549,0.5757,0.3359,1.0,0.0,0.8755,0.0216,2555.8,502.64,22.14,15.01,0.725,0.186,https://www.youtube.com/watch?v=EJ8eYV8p8OU
22401150,EJ8eYV8p8OU,basket-logo,461.66,12251,172.9326,0.0234,0.0306,0.1243,0.1083,0.458,0.0959,0.354,0.2851,0.9896,0.0877,0.8792,0.0658,1838.21,1442.75,33.24,15.8,0.179,0.076,https://www.youtube.com/watch?v=EJ8eYV8p8OU
22401150,EJ8eYV8p8OU,mid-court-logo,451.65,2563,266.1465,0.1721,0.194,0.5828,0.2199,0.8586,0.1289,0.3674,0.3141,0.7568,0.3819,0.8599,0.0566,343.98,347.83,32.42,16.05,1.952,1.059,https://www.youtube.com/watch?v=EJ8eYV8p8OU
22401150,EJ8eYV8p8OU,side-court-led-logo,384.38,1927,166.6911,0.1434,0.1754,0.4114,0.1963,0.7306,0.194,0.3481,0.3028,0.967,0.1649,0.8834,0.0554,2160.09,1115.6,33.52,16.13,1.306,2.677,https://www.youtube.com/watch?v=EJ8eYV8p8OU
22401150,EJ8eYV8p8OU,side-court-logo,503.1,5147,322.6237,0.1039,0.0696,0.2757,0.0553,0.7288,0.155,0.5053,0.3117,0.999,0.0287,0.8056,0.0854,4104.39,917.35,25.27,14.34,0.543,0.399,https://www.youtube.com/watch?v=EJ8eYV8p8OU
22401171,O0zPZpBStfQ,back-court-logo,443.04,2213,3299.7266,0.2343,0.1643,0.4478,0.0775,0.8818,0.0431,0.5574,0.3422,1.0,0.0004,0.8921,0.0216,874.14,235.82,23.9,16.85,1.288,0.321,https://www.youtube.com/watch?v=O0zPZpBStfQ
22401171,O0zPZpBStfQ,basket-logo,433.83,11496,2058.0848,0.0281,0.0304,0.1784,0.0927,0.468,0.1087,0.3032,0.2641,0.9916,0.0752,0.899,0.0434,926.04,525.91,36.44,16.75,0.228,0.365,https://www.youtube.com/watch?v=O0zPZpBStfQ
22401171,O0zPZpBStfQ,mid-court-logo,369.97,2093,3009.8858,0.226,0.2076,0.5578,0.2127,0.9034,0.1221,0.3897,0.3171,0.9921,0.0827,0.8701,0.0547,958.73,457.66,31.65,16.96,1.836,1.059,https://www.youtube.com/watch?v=O0zPZpBStfQ
22401171,O0zPZpBStfQ,side-court-led-logo,485.89,3540,2902.1259,0.1288,0.1273,0.3737,0.1522,0.8474,0.1071,0.4032,0.2844,0.9632,0.158,0.9102,0.0432,478.62,282.07,29.9,14.16,1.045,1.843,https://www.youtube.com/watch?v=O0zPZpBStfQ
22401171,O0zPZpBStfQ,side-court-logo,479.68,2410,2894.8439,0.1888,0.1019,0.3952,0.0775,0.8593,0.0718,0.5419,0.2726,0.9995,0.0203,0.8864,0.0296,1230.06,310.46,23.29,12.25,1.086,0.63,https://www.youtube.com/watch?v=O0zPZpBStfQ
22401144,caO1x6G9k00,back-court-logo,471.6,2367,157.2622,0.2422,0.1692,0.4564,0.0705,0.8859,0.0349,0.5739,0.3627,1.0,0.0014,0.8913,0.0193,1363.25,298.63,23.46,18.24,1.324,0.289,https://www.youtube.com/watch?v=caO1x6G9k00
22401144,caO1x6G9k00,mid-court-logo,421.8,2325,125.6886,0.1971,0.1961,0.5329,0.2028,0.9075,0.0994,0.3591,0.3221,0.9995,0.0183,0.8748,0.0549,1287.51,400.02,33.84,17.68,1.777,1.986,https://www.youtube.com/watch?v=caO1x6G9k00
22401144,caO1x6G9k00,side-court-led-logo,520.2,3816,137.5225,0.1314,0.134,0.3717,0.1518,0.8412,0.1134,0.4026,0.2944,0.9861,0.0921,0.9088,0.0421,681.32,410.79,29.96,14.46,1.015,1.06,https://www.youtube.com/watch?v=caO1x6G9k00
22401144,caO1x6G9k00,side-court-logo,510.8,2585,120.5012,0.1699,0.0909,0.3816,0.0635,0.8535,0.0694,0.5105,0.2567,1.0,0.0,0.8775,0.0311,1836.42,489.72,24.52,11.96,1.014,0.256,https://www.youtube.com/watch?v=caO1x6G9k00
22401144,caO1x6G9k00,basket-logo,457.4,12526,103.4882,0.0301,0.0329,0.1651,0.0988,0.4525,0.1183,0.3616,0.2906,0.9944,0.0646,0.9047,0.0339,1370.48,706.01,34.07,17.86,0.209,0.218,https://www.youtube.com/watch?v=caO1x6G9k00
22401171,_gQwtZuvDDU,mid-court-logo,335.95,1895,106.7289,0.229,0.2005,0.5627,0.2187,0.9014,0.1325,0.4053,0.3219,0.9901,0.0942,0.8678,0.055,1294.93,542.73,31.26,17.53,1.856,1.05,https://www.youtube.com/watch?v=_gQwtZuvDDU
22401171,_gQwtZuvDDU,side-court-led-logo,465.77,3349,116.255,0.1412,0.1428,0.377,0.1542,0.855,0.1076,0.4317,0.3139,0.9789,0.1246,0.9106,0.0428,682.68,369.61,29.09,15.5,1.341,4.961,https://www.youtube.com/watch?v=_gQwtZuvDDU
22401171,_gQwtZuvDDU,side-court-logo,459.1,2286,99.7868,0.1775,0.0925,0.3978,0.0787,0.8641,0.0654,0.5145,0.2635,1.0,0.0005,0.8865,0.0237,1627.51,398.86,24.42,12.3,1.081,0.321,https://www.youtube.com/watch?v=_gQwtZuvDDU
22401171,_gQwtZuvDDU,back-court-logo,426.4,2112,122.337,0.2355,0.179,0.454,0.0863,0.8883,0.043,0.5423,0.3565,1.0,0.0,0.8938,0.0225,1183.22,305.73,24.36,17.4,1.314,0.358,https://www.youtube.com/watch?v=_gQwtZuvDDU
22401171,_gQwtZuvDDU,basket-logo,417.51,10923,80.7908,0.0301,0.0337,0.1745,0.0962,0.4751,0.1165,0.3197,0.2846,0.9953,0.0607,0.9047,0.0397,1406.93,728.24,36.23,17.61,0.227,0.22,https://www.youtube.com/watch?v=_gQwtZuvDDU
22401147,i1aVDuacjTg,mid-court-logo,329.8,1841,76.4324,0.2354,0.1921,0.5387,0.2452,0.8656,0.1452,0.4504,0.3024,1.0,0.0001,0.853,0.058,1598.73,497.36,28.08,15.13,1.807,1.267,https://www.youtube.com/watch?v=i1aVDuacjTg
22401147,i1aVDuacjTg,side-court-led-logo,484.6,3298,74.9963,0.1289,0.1294,0.3313,0.1381,0.7927,0.1263,0.4663,0.3373,0.99,0.0901,0.9041,0.0458,1527.06,868.63,27.78,16.47,0.825,0.68,https://www.youtube.com/watch?v=i1aVDuacjTg
22401147,i1aVDuacjTg,side-court-logo,517.2,2602,48.119,0.1049,0.0588,0.2869,0.0446,0.7961,0.1074,0.4905,0.2938,1.0,0.0,0.87,0.0371,3316.73,749.54,25.21,12.84,0.586,0.195,https://www.youtube.com/watch?v=i1aVDuacjTg
22401147,i1aVDuacjTg,back-court-logo,488.0,2440,115.0727,0.2674,0.2004,0.4856,0.113,0.9167,0.0396,0.5531,0.3449,1.0,0.0,0.8656,0.0251,1614.97,401.74,23.51,15.92,1.448,0.48,https://www.youtube.com/watch?v=i1aVDuacjTg
22401147,i1aVDuacjTg,basket-logo,478.0,17712,62.3751,0.02,0.0315,0.1044,0.1135,0.3675,0.1416,0.3636,0.2949,0.9998,0.0113,0.893,0.0524,3276.42,1988.65,33.57,17.11,0.167,0.119,https://www.youtube.com/watch?v=i1aVDuacjTg
22401152,Vm2w1vekliQ,mid-court-logo,419.62,2367,10804.3366,0.1922,0.2003,0.4901,0.1628,0.8304,0.1304,0.3889,0.3533,1.0,0.0003,0.8914,0.0334,839.57,282.69,32.75,18.92,1.48,0.741,https://www.youtube.com/watch?v=Vm2w1vekliQ
22401152,Vm2w1vekliQ,side-court-led-logo,498.7,3636,8472.3741,0.0981,0.1051,0.3622,0.1327,0.6574,0.1007,0.3843,0.3035,0.9993,0.0183,0.9078,0.0388,1216.97,677.65,31.84,16.36,0.938,0.583,https://www.youtube.com/watch?v=Vm2w1vekliQ
22401152,Vm2w1vekliQ,side-court-logo,507.71,2588,8092.4091,0.1316,0.0968,0.4215,0.0828,0.7722,0.0668,0.4158,0.2958,1.0,0.0,0.8955,0.025,1129.37,303.5,29.34,14.57,1.18,0.335,https://www.youtube.com/watch?v=Vm2w1vekliQ
22401152,Vm2w1vekliQ,back-court-logo,460.46,2300,13180.7005,0.2413,0.1844,0.4461,0.1021,0.938,0.0304,0.5428,0.359,1.0,0.0017,0.8896,0.0298,1038.32,276.31,24.95,18.18,1.29,0.489,https://www.youtube.com/watch?v=Vm2w1vekliQ
22401152,Vm2w1vekliQ,basket-logo,454.65,11921,6877.7306,0.0243,0.036,0.1092,0.1128,0.4299,0.1649,0.3681,0.2844,0.9981,0.037,0.901,0.0506,1764.8,1474.98,33.16,17.01,0.157,0.142,https://www.youtube.com/watch?v=Vm2w1vekliQ
22401139,t1zhWlNX6bQ,back-court-logo,470.2,2351,681.9365,0.2573,0.1582,0.4497,0.0871,0.9168,0.0364,0.6101,0.3288,1.0,0.0001,0.8759,0.035,1365.56,442.77,21.04,15.59,1.297,0.366,https://www.youtube.com/watch?v=t1zhWlNX6bQ
22401139,t1zhWlNX6bQ,basket-logo,476.2,12760,437.4666,0.0304,0.0324,0.1614,0.1026,0.4401,0.113,0.4059,0.2891,0.9908,0.0747,0.9056,0.0324,2469.65,2099.62,30.58,15.7,0.217,0.127,https://www.youtube.com/watch?v=t1zhWlNX6bQ
22401139,t1zhWlNX6bQ,mid-court-logo,344.6,1910,343.233,0.1594,0.1647,0.5038,0.2046,0.7854,0.1781,0.3553,0.3012,0.9998,0.0065,0.8611,0.0809,1425.69,842.51,32.73,15.38,1.586,1.001,https://www.youtube.com/watch?v=t1zhWlNX6bQ
22401139,t1zhWlNX6bQ,side-court-led-logo,455.4,2284,445.47,0.173,0.2209,0.5213,0.2303,0.8024,0.1335,0.3159,0.2986,0.9621,0.1443,0.8995,0.0523,689.33,532.52,34.79,15.4,1.871,1.979,https://www.youtube.com/watch?v=t1zhWlNX6bQ
22401139,t1zhWlNX6bQ,side-court-logo,509.6,2613,231.1878,0.0785,0.0647,0.2961,0.0447,0.7061,0.1389,0.3972,0.3185,0.9999,0.0034,0.8874,0.0306,1394.96,530.02,30.1,14.83,0.634,0.189,https://www.youtube.com/watch?v=t1zhWlNX6bQ
22401158,ZWCOeoifCNY,side-court-led-logo,506.71,4003,317.8249,0.1155,0.1265,0.3399,0.1385,0.7828,0.14,0.4043,0.3195,0.9785,0.123,0.9128,0.0426,932.15,503.59,30.35,15.74,0.898,1.616,https://www.youtube.com/watch?v=ZWCOeoifCNY
22401158,ZWCOeoifCNY,mid-court-logo,384.18,2188,256.2175,0.1703,0.1869,0.503,0.2073,0.8568,0.1414,0.3414,0.3125,0.9233,0.181,0.8387,0.0842,560.1,642.26,34.1,16.45,1.568,0.992,https://www.youtube.com/watch?v=ZWCOeoifCNY
22401158,ZWCOeoifCNY,basket-logo,458.66,12752,272.2856,0.0311,0.0328,0.182,0.1012,0.4228,0.1285,0.3626,0.2803,0.999,0.03,0.8938,0.0332,1684.53,1229.54,33.18,16.47,0.26,0.197,https://www.youtube.com/watch?v=ZWCOeoifCNY
22401158,ZWCOeoifCNY,side-court-logo,499.9,2508,219.5414,0.1273,0.0619,0.2957,0.0493,0.8284,0.0774,0.5375,0.2759,0.9997,0.014,0.8757,0.025,2837.02,601.77,22.95,11.29,0.637,0.549,https://www.youtube.com/watch?v=ZWCOeoifCNY
22401158,ZWCOeoifCNY,back-court-logo,469.07,2343,463.743,0.2878,0.204,0.5107,0.1097,0.8999,0.0377,0.5844,0.3472,0.9991,0.0258,0.8899,0.0264,1070.79,235.2,22.32,16.68,1.576,0.891,https://www.youtube.com/watch?v=ZWCOeoifCNY
22401134,XoQKM0HN5o4,mid-court-logo,434.8,2543,308.7652,0.1843,0.2002,0.5836,0.2014,0.8762,0.1256,0.3757,0.3233,0.8197,0.3475,0.8793,0.0461,376.55,287.48,32.79,17.4,1.935,1.342,https://www.youtube.com/watch?v=XoQKM0HN5o4
22401134,XoQKM0HN5o4,side-court-led-logo,373.0,1866,210.0021,0.1708,0.1959,0.4312,0.1912,0.7921,0.1548,0.3798,0.3359,0.9531,0.1997,0.8966,0.043,1735.94,811.71,33.08,18.22,1.307,2.068,https://www.youtube.com/watch?v=XoQKM0HN5o4
22401134,XoQKM0HN5o4,side-court-logo,454.0,2397,164.6953,0.1043,0.0727,0.2908,0.0479,0.8054,0.0989,0.4647,0.3195,0.9985,0.0378,0.8875,0.034,4685.22,886.4,26.85,14.37,0.614,0.238,https://www.youtube.com/watch?v=XoQKM0HN5o4
22401134,XoQKM0HN5o4,back-court-logo,423.2,2116,208.4383,0.1495,0.1148,0.3088,0.0481,0.8834,0.0482,0.5303,0.3699,1.0,0.0,0.8703,0.0253,1913.2,597.91,25.2,18.2,0.692,0.198,https://www.youtube.com/watch?v=XoQKM0HN5o4
22401134,XoQKM0HN5o4,basket-logo,405.8,10676,151.2007,0.0215,0.0319,0.1133,0.1089,0.46,0.0964,0.3549,0.3034,0.9654,0.146,0.8812,0.0612,1575.87,1528.03,34.75,18.3,0.17,0.073,https://www.youtube.com/watch?v=XoQKM0HN5o4
22401158,yqt0F-moSns,back-court-logo,443.44,2217,113.0205,0.2906,0.2113,0.5276,0.1104,0.9119,0.0373,0.5684,0.3572,0.9981,0.0365,0.8892,0.0267,1262.86,370.1,23.2,17.51,1.634,0.691,https://www.youtube.com/watch?v=yqt0F-moSns
22401158,yqt0F-moSns,basket-logo,425.02,11366,65.0075,0.0326,0.0341,0.188,0.096,0.4269,0.1258,0.3685,0.2885,0.9983,0.0339,0.8928,0.0363,2122.4,1453.93,33.19,16.99,0.262,0.198,https://www.youtube.com/watch?v=yqt0F-moSns
22401158,yqt0F-moSns,side-court-led-logo,474.07,3673,78.718,0.1222,0.1321,0.3536,0.1495,0.7907,0.14,0.4062,0.3214,0.9851,0.1007,0.9164,0.0407,1097.93,560.67,30.28,15.82,0.924,0.884,https://www.youtube.com/watch?v=yqt0F-moSns
22401158,yqt0F-moSns,side-court-logo,481.28,2412,53.2186,0.1258,0.0697,0.2969,0.0475,0.8386,0.0787,0.5167,0.2863,0.9996,0.0194,0.8727,0.0302,3351.28,812.25,23.97,12.06,0.635,0.2,https://www.youtube.com/watch?v=yqt0F-moSns
22401158,yqt0F-moSns,mid-court-logo,360.96,2048,67.8236,0.1888,0.2061,0.5121,0.2191,0.8635,0.1333,0.3556,0.311,0.9602,0.1461,0.8446,0.0806,602.27,587.71,33.31,16.42,1.645,1.13,https://www.youtube.com/watch?v=yqt0F-moSns
22401142,yIN3nSKwB-Y,back-court-logo,435.0,2175,10684.6372,0.3888,0.2785,0.7426,0.0995,0.9546,0.0175,0.5306,0.3601,1.0,0.0,0.8934,0.022,914.51,207.33,25.18,17.88,2.631,0.569,https://www.youtube.com/watch?v=yIN3nSKwB-Y
22401142,yIN3nSKwB-Y,basket-logo,418.6,12524,3130.0519,0.0198,0.0281,0.1296,0.114,0.3618,0.143,0.3289,0.2789,0.9988,0.0275,0.8955,0.0482,1299.6,662.91,36.0,18.08,0.192,0.141,https://www.youtube.com/watch?v=yIN3nSKwB-Y
22401142,yIN3nSKwB-Y,mid-court-logo,438.6,2403,4323.1701,0.1424,0.132,0.3893,0.0818,0.8531,0.0841,0.397,0.348,0.9997,0.0137,0.8963,0.0352,1773.78,657.41,31.9,18.03,1.067,1.321,https://www.youtube.com/watch?v=yIN3nSKwB-Y
22401142,yIN3nSKwB-Y,side-court-led-logo,496.0,3624,5855.3444,0.1279,0.1446,0.3809,0.1655,0.7273,0.1244,0.4316,0.3101,0.9728,0.142,0.9146,0.0371,1092.8,901.77,28.55,14.52,1.095,1.839,https://www.youtube.com/watch?v=yIN3nSKwB-Y
22401142,yIN3nSKwB-Y,side-court-logo,491.4,2653,5043.6537,0.1505,0.0877,0.382,0.0803,0.7752,0.1221,0.5032,0.2731,1.0,0.0,0.8835,0.0466,2124.48,497.98,24.55,11.78,1.016,0.32,https://www.youtube.com/watch?v=yIN3nSKwB-Y
22401140,oeqQYqLtSBg,back-court-logo,477.8,2389,207.7377,0.3573,0.2541,0.6261,0.1367,0.9321,0.0266,0.5727,0.354,1.0,0.0,0.8912,0.0229,1319.81,336.75,23.08,17.08,2.103,0.778,https://www.youtube.com/watch?v=oeqQYqLtSBg
22401140,oeqQYqLtSBg,basket-logo,470.6,14763,86.144,0.024,0.0308,0.14,0.1116,0.3878,0.1337,0.3594,0.2859,0.9981,0.0329,0.8886,0.0612,1624.49,1207.04,34.05,17.63,0.204,0.154,https://www.youtube.com/watch?v=oeqQYqLtSBg
22401140,oeqQYqLtSBg,mid-court-logo,410.6,2179,99.767,0.1882,0.2005,0.5984,0.2192,0.9301,0.0978,0.3222,0.3099,0.9201,0.2485,0.8498,0.0684,1205.17,975.75,35.51,16.98,2.075,1.196,https://www.youtube.com/watch?v=oeqQYqLtSBg
22401140,oeqQYqLtSBg,side-court-led-logo,493.2,3299,80.7238,0.1006,0.0929,0.3357,0.1182,0.714,0.1199,0.4108,0.2924,0.9985,0.0279,0.9157,0.0395,1434.37,737.61,29.43,14.18,0.835,0.771,https://www.youtube.com/watch?v=oeqQYqLtSBg
22401140,oeqQYqLtSBg,side-court-logo,499.8,2535,60.484,0.098,0.0694,0.3394,0.0541,0.7129,0.0574,0.4193,0.2939,1.0,0.0,0.884,0.033,2206.7,594.73,28.6,13.47,0.83,0.226,https://www.youtube.com/watch?v=oeqQYqLtSBg
22401174,5mf1FcArj1c,mid-court-logo,472.87,2628,2719.2592,0.1287,0.1269,0.3659,0.1027,0.7624,0.1242,0.3952,0.3507,0.9986,0.0279,0.8898,0.0321,928.95,300.91,32.28,18.6,0.938,0.424,https://www.youtube.com/watch?v=5mf1FcArj1c
22401174,5mf1FcArj1c,side-court-led-logo,508.11,3689,3272.3462,0.1104,0.1086,0.3571,0.1292,0.6857,0.0943,0.4333,0.3005,0.9948,0.0644,0.9099,0.039,1876.75,1006.3,28.67,14.8,1.028,3.013,https://www.youtube.com/watch?v=5mf1FcArj1c
22401174,5mf1FcArj1c,side-court-logo,506.71,2618,2524.8967,0.12,0.0835,0.3806,0.0618,0.7121,0.0347,0.4608,0.3215,0.9996,0.0191,0.9063,0.0206,1871.92,457.56,27.22,14.91,1.007,0.277,https://www.youtube.com/watch?v=5mf1FcArj1c
22401174,5mf1FcArj1c,back-court-logo,475.27,2374,6201.8093,0.325,0.2624,0.6599,0.1187,0.926,0.0312,0.501,0.3638,1.0,0.0,0.8833,0.0228,1011.13,217.76,26.49,18.09,2.226,0.623,https://www.youtube.com/watch?v=5mf1FcArj1c
22401174,5mf1FcArj1c,basket-logo,465.06,14179,2379.8803,0.0209,0.0297,0.149,0.1173,0.3494,0.1484,0.3149,0.288,0.9996,0.0166,0.8855,0.0594,3718.62,1571.9,36.86,18.23,0.228,0.386,https://www.youtube.com/watch?v=5mf1FcArj1c
22401174,db0AiShkJI4,mid-court-logo,480.0,2685,297.8366,0.1272,0.1274,0.3667,0.103,0.7617,0.1245,0.3895,0.3524,0.9981,0.0348,0.8892,0.032,1000.05,323.13,32.67,18.81,0.942,0.425,https://www.youtube.com/watch?v=db0AiShkJI4
22401174,db0AiShkJI4,side-court-led-logo,514.6,3771,357.1298,0.1086,0.1095,0.3584,0.1298,0.6857,0.0953,0.4236,0.2991,0.9952,0.0642,0.9077,0.0396,2073.25,1109.61,29.28,15.12,1.09,3.908,https://www.youtube.com/watch?v=db0AiShkJI4
22401174,db0AiShkJI4,side-court-logo,512.4,2668,271.5599,0.1168,0.083,0.38,0.0631,0.7126,0.0373,0.4473,0.3179,1.0,0.0,0.9039,0.0256,1851.29,434.96,27.85,14.93,1.005,0.26,https://www.youtube.com/watch?v=db0AiShkJI4
22401174,db0AiShkJI4,back-court-logo,477.8,2389,686.626,0.3297,0.2637,0.6614,0.1204,0.9258,0.0319,0.5066,0.3646,0.9998,0.0079,0.8826,0.0256,1052.73,228.4,26.36,18.3,2.234,0.631,https://www.youtube.com/watch?v=db0AiShkJI4
22401174,db0AiShkJI4,basket-logo,464.0,14110,266.3219,0.0217,0.0301,0.1511,0.1163,0.3501,0.1489,0.3229,0.2909,0.9997,0.0158,0.8859,0.0584,4125.84,1560.39,36.47,18.36,0.227,0.221,https://www.youtube.com/watch?v=db0AiShkJI4
22401163,vaYYQjZpxcw,mid-court-logo,383.78,2167,6119.4129,0.2076,0.1876,0.5277,0.2164,0.8455,0.1571,0.4018,0.3098,0.9999,0.0033,0.8496,0.0645,974.24,291.42,30.33,15.36,1.684,1.02,https://www.youtube.com/watch?v=vaYYQjZpxcw
22401163,vaYYQjZpxcw,side-court-led-logo,175.78,878,2919.1363,0.2444,0.2471,0.5356,0.2963,0.7733,0.1911,0.4848,0.2887,0.9783,0.1288,0.8633,0.0629,928.3,651.62,25.76,13.15,2.852,8.475,https://www.youtube.com/watch?v=vaYYQjZpxcw
22401163,vaYYQjZpxcw,side-court-logo,532.53,5722,8512.0681,0.1093,0.0842,0.2986,0.0757,0.776,0.1891,0.4683,0.3073,0.9999,0.0077,0.8541,0.0631,1512.42,443.07,26.8,14.42,0.646,0.307,https://www.youtube.com/watch?v=vaYYQjZpxcw
22401163,vaYYQjZpxcw,back-court-logo,484.68,2421,9909.9923,0.3009,0.2295,0.5846,0.1113,0.9384,0.0275,0.512,0.3476,0.9996,0.0197,0.8965,0.0243,1076.74,236.0,25.53,16.93,1.864,0.494,https://www.youtube.com/watch?v=vaYYQjZpxcw
22401163,vaYYQjZpxcw,basket-logo,475.68,14963,4921.1544,0.0242,0.0333,0.1455,0.1145,0.4067,0.1572,0.3184,0.2719,0.9995,0.0174,0.8824,0.0696,2239.15,1238.8,35.37,16.27,0.22,0.152,https://www.youtube.com/watch?v=vaYYQjZpxcw
22401174,-iLdfY6dVb0,mid-court-logo,466.6,2597,53.8725,0.1274,0.1279,0.3634,0.1057,0.7593,0.1276,0.392,0.3549,0.9983,0.0357,0.8878,0.0348,955.63,317.78,32.58,18.84,0.93,0.429,https://www.youtube.com/watch?v=-iLdfY6dVb0
22401174,-iLdfY6dVb0,side-court-led-logo,499.2,3636,65.0391,0.1098,0.1113,0.3586,0.1301,0.6866,0.0953,0.4275,0.2993,0.995,0.0648,0.908,0.0409,1793.22,927.57,29.06,15.05,1.106,3.955,https://www.youtube.com/watch?v=-iLdfY6dVb0
22401174,-iLdfY6dVb0,side-court-logo,496.8,2580,49.4276,0.1176,0.0833,0.3811,0.0641,0.7128,0.037,0.4492,0.3187,1.0,0.0,0.9052,0.0228,1835.33,436.49,27.77,14.94,1.011,0.259,https://www.youtube.com/watch?v=-iLdfY6dVb0
22401174,-iLdfY6dVb0,back-court-logo,463.2,2317,124.5377,0.33,0.2652,0.6631,0.1172,0.9263,0.0312,0.5057,0.3669,1.0,0.0,0.8835,0.0238,1023.4,217.19,26.43,18.37,2.242,0.618,https://www.youtube.com/watch?v=-iLdfY6dVb0
22401174,-iLdfY6dVb0,basket-logo,452.6,13822,48.1109,0.0214,0.0297,0.1502,0.1164,0.3495,0.1491,0.3191,0.2885,0.9997,0.0155,0.8858,0.0593,3594.18,1469.53,36.77,18.41,0.228,0.431,https://www.youtube.com/watch?v=-iLdfY6dVb0
22401160,O4RZZzEmxUo,mid-court-logo,473.87,2592,2692.5227,0.1903,0.1887,0.5573,0.239,0.8533,0.1522,0.3723,0.3112,0.9996,0.0192,0.8855,0.053,1933.34,561.24,31.8,15.36,1.844,1.111,https://www.youtube.com/watch?v=O4RZZzEmxUo
22401160,O4RZZzEmxUo,side-court-led-logo,404.8,2022,1710.832,0.155,0.1827,0.4002,0.21,0.777,0.1546,0.389,0.3116,0.9958,0.0544,0.8961,0.0523,1691.79,1058.31,31.25,15.62,1.188,1.208,https://www.youtube.com/watch?v=O4RZZzEmxUo
22401160,O4RZZzEmxUo,side-court-logo,536.14,2747,2478.2672,0.1653,0.093,0.3526,0.0489,0.9021,0.075,0.5286,0.2967,1.0,0.0003,0.878,0.0303,2896.75,613.53,23.52,12.45,0.891,0.204,https://www.youtube.com/watch?v=O4RZZzEmxUo
22401160,O4RZZzEmxUo,back-court-logo,511.91,2557,3431.3651,0.2459,0.1614,0.4769,0.0667,0.9263,0.0182,0.5481,0.3417,1.0,0.0,0.8911,0.0191,2061.6,379.54,23.21,15.37,1.414,0.453,https://www.youtube.com/watch?v=O4RZZzEmxUo
22401160,O4RZZzEmxUo,basket-logo,503.5,9616,1441.3075,0.0275,0.0329,0.1548,0.1,0.4694,0.1288,0.3663,0.3098,0.9997,0.0092,0.9127,0.0254,2681.4,1495.43,33.03,16.74,0.198,0.072,https://www.youtube.com/watch?v=O4RZZzEmxUo
22401163,baJAihCK384,mid-court-logo,422.82,2282,14222.4869,0.2029,0.1858,0.5105,0.2154,0.8454,0.1577,0.3999,0.3059,0.9994,0.0221,0.8497,0.064,1167.08,351.15,30.39,15.16,1.598,0.967,https://www.youtube.com/watch?v=baJAihCK384
22401163,baJAihCK384,back-court-logo,535.53,2681,23472.0908,0.285,0.2228,0.5766,0.1019,0.937,0.0263,0.4967,0.347,0.9994,0.0214,0.8965,0.0228,1323.47,286.32,26.52,17.16,1.828,0.461,https://www.youtube.com/watch?v=baJAihCK384
22401163,baJAihCK384,basket-logo,537.34,16611,11920.1522,0.0234,0.033,0.1462,0.1135,0.4064,0.158,0.3065,0.2664,0.9994,0.0199,0.8815,0.0707,2677.78,1493.34,36.14,16.49,0.217,0.149,https://www.youtube.com/watch?v=baJAihCK384
22401163,baJAihCK384,side-court-led-logo,160.36,801,4920.1193,0.1999,0.2059,0.466,0.2681,0.7379,0.1848,0.4855,0.2587,0.9864,0.0919,0.8638,0.0606,1033.59,720.04,25.61,11.99,1.552,1.652,https://www.youtube.com/watch?v=baJAihCK384
22401163,baJAihCK384,side-court-logo,566.17,5930,19642.366,0.1078,0.0778,0.2917,0.0654,0.7827,0.1803,0.4745,0.3017,0.9998,0.0109,0.8508,0.0649,1810.98,490.28,26.36,13.81,0.616,0.257,https://www.youtube.com/watch?v=baJAihCK384
22401160,TKSd9o29rbk,mid-court-logo,474.4,2599,112.0566,0.19,0.19,0.5574,0.2408,0.853,0.1523,0.3708,0.3113,1.0,0.002,0.8854,0.0527,1807.61,520.45,31.98,15.57,1.846,1.125,https://www.youtube.com/watch?v=TKSd9o29rbk
22401160,TKSd9o29rbk,side-court-led-logo,403.2,2016,70.7364,0.1546,0.1832,0.4015,0.2085,0.7778,0.153,0.3858,0.3151,0.998,0.0369,0.898,0.0489,1590.44,914.66,31.61,16.05,1.188,1.206,https://www.youtube.com/watch?v=TKSd9o29rbk
22401160,TKSd9o29rbk,side-court-logo,535.6,2744,101.6451,0.1632,0.0925,0.3532,0.0453,0.9027,0.072,0.5229,0.298,1.0,0.0,0.8755,0.0345,2752.66,561.01,23.75,12.42,0.892,0.189,https://www.youtube.com/watch?v=TKSd9o29rbk
22401160,TKSd9o29rbk,back-court-logo,511.4,2557,143.0521,0.2465,0.1603,0.4725,0.0647,0.9254,0.0184,0.5547,0.3417,1.0,0.0,0.8909,0.018,1894.92,331.81,22.96,15.4,1.389,0.261,https://www.youtube.com/watch?v=TKSd9o29rbk
22401160,TKSd9o29rbk,basket-logo,503.0,9633,61.4256,0.0281,0.0336,0.1541,0.1004,0.4704,0.1285,0.3734,0.3124,0.9996,0.0108,0.9131,0.0254,2470.13,1368.22,32.75,16.91,0.198,0.072,https://www.youtube.com/watch?v=TKSd9o29rbk
22401199,nbrHkNpNlNI,basket-logo,467.27,12618,10647.8137,0.0269,0.0319,0.1477,0.1076,0.4309,0.1129,0.3853,0.2961,0.9944,0.0595,0.9051,0.0323,2698.99,2202.46,31.61,15.8,0.207,0.127,https://www.youtube.com/watch?v=nbrHkNpNlNI
22401199,nbrHkNpNlNI,mid-court-logo,370.57,1978,10602.4215,0.1709,0.1683,0.5136,0.1979,0.7852,0.1762,0.3772,0.308,0.9999,0.0033,0.856,0.0861,1649.4,890.02,31.68,15.5,1.61,0.918,https://www.youtube.com/watch?v=nbrHkNpNlNI
22401199,nbrHkNpNlNI,side-court-led-logo,455.66,2280,13746.1271,0.1923,0.2227,0.5086,0.2078,0.7966,0.1318,0.3599,0.3173,0.9798,0.1108,0.9021,0.0444,853.86,580.87,32.76,16.03,1.691,1.288,https://www.youtube.com/watch?v=nbrHkNpNlNI
22401199,nbrHkNpNlNI,side-court-logo,486.49,2487,6295.9061,0.0807,0.0591,0.2922,0.0345,0.6773,0.135,0.4482,0.3405,1.0,0.0,0.8877,0.0306,1585.78,559.73,27.75,15.54,0.612,0.158,https://www.youtube.com/watch?v=nbrHkNpNlNI
22401199,nbrHkNpNlNI,back-court-logo,464.46,2320,17576.0146,0.2416,0.1591,0.4418,0.089,0.9093,0.0377,0.5778,0.3243,1.0,0.0,0.8745,0.03,1531.89,424.4,22.02,14.43,1.265,0.384,https://www.youtube.com/watch?v=nbrHkNpNlNI
22401199,LBGHDkqam6w,back-court-logo,396.0,1984,198.5598,0.2216,0.1443,0.4378,0.0576,0.9133,0.032,0.5549,0.3526,0.9995,0.0152,0.8715,0.0402,1322.35,396.87,23.55,16.6,1.248,0.23,https://www.youtube.com/watch?v=LBGHDkqam6w
22401199,LBGHDkqam6w,basket-logo,392.8,10581,127.3697,0.0266,0.032,0.1538,0.103,0.4264,0.107,0.4035,0.3095,0.9913,0.0713,0.9052,0.0328,1806.58,1646.31,31.51,17.17,0.203,0.107,https://www.youtube.com/watch?v=LBGHDkqam6w
22401199,LBGHDkqam6w,mid-court-logo,421.0,2248,171.1903,0.1686,0.1816,0.5836,0.2308,0.8243,0.1751,0.3208,0.3092,0.999,0.0281,0.8702,0.0622,1066.8,524.53,35.15,16.33,1.95,1.1,https://www.youtube.com/watch?v=LBGHDkqam6w
22401199,LBGHDkqam6w,side-court-led-logo,433.4,2174,200.037,0.2037,0.2472,0.5292,0.2108,0.8059,0.1238,0.3458,0.325,0.9877,0.0791,0.9056,0.0409,505.97,239.83,33.85,16.56,1.902,1.827,https://www.youtube.com/watch?v=LBGHDkqam6w
22401199,LBGHDkqam6w,side-court-logo,438.2,2231,84.3794,0.0837,0.0625,0.302,0.0289,0.6572,0.0926,0.4404,0.3351,1.0,0.0004,0.8912,0.0309,1451.22,470.64,27.92,15.07,0.661,0.126,https://www.youtube.com/watch?v=LBGHDkqam6w
22401138,9vMY2RhWBnw,mid-court-logo,344.33,1934,93.785,0.2086,0.1699,0.49,0.2376,0.8428,0.1444,0.4636,0.3206,0.9991,0.0219,0.8672,0.0477,936.59,490.67,27.65,16.15,1.573,1.19,https://www.youtube.com/watch?v=9vMY2RhWBnw
22401138,9vMY2RhWBnw,side-court-led-logo,494.28,3401,96.493,0.122,0.1213,0.3386,0.1271,0.7873,0.1195,0.4523,0.3338,0.9846,0.1126,0.909,0.041,1200.17,845.17,28.64,16.8,0.889,2.009,https://www.youtube.com/watch?v=9vMY2RhWBnw
22401138,9vMY2RhWBnw,side-court-logo,517.1,2557,60.9694,0.1025,0.0601,0.2838,0.0435,0.7844,0.0972,0.4784,0.2944,1.0,0.0,0.8783,0.0314,1824.76,462.81,25.91,13.26,0.574,0.183,https://www.youtube.com/watch?v=9vMY2RhWBnw
22401138,9vMY2RhWBnw,back-court-logo,481.85,2365,138.8088,0.2524,0.1898,0.4698,0.1026,0.9139,0.0377,0.5337,0.3413,1.0,0.0,0.8681,0.0229,957.67,260.91,24.9,16.91,1.381,0.431,https://www.youtube.com/watch?v=9vMY2RhWBnw
22401138,9vMY2RhWBnw,basket-logo,472.07,17249,77.0066,0.0192,0.0308,0.1052,0.1142,0.3659,0.1429,0.3396,0.289,0.9975,0.0387,0.8984,0.044,2335.41,1846.44,34.97,17.62,0.166,0.152,https://www.youtube.com/watch?v=9vMY2RhWBnw
22400617,JIIHJDLuuV0,back-court-logo,515.4,2577,1986.1864,0.1879,0.1228,0.3659,0.0618,0.8885,0.0395,0.5701,0.3435,0.9999,0.0058,0.8774,0.0244,1578.94,373.84,23.05,16.51,0.945,0.262,https://www.youtube.com/watch?v=JIIHJDLuuV0
22400617,JIIHJDLuuV0,mid-court-logo,519.4,2754,2065.895,0.1829,0.1892,0.5676,0.2044,0.8534,0.1383,0.3499,0.3158,0.9993,0.0131,0.8873,0.0419,919.83,376.92,33.05,15.8,1.841,0.959,https://www.youtube.com/watch?v=JIIHJDLuuV0
22400617,JIIHJDLuuV0,side-court-led-logo,412.8,2065,1390.3428,0.1641,0.2023,0.426,0.2225,0.7518,0.1505,0.378,0.3282,0.9863,0.0976,0.8965,0.0522,1715.9,1294.85,32.18,16.78,1.435,3.012,https://www.youtube.com/watch?v=JIIHJDLuuV0
22400617,JIIHJDLuuV0,side-court-logo,551.0,2826,1513.7309,0.1306,0.0853,0.3411,0.0476,0.8319,0.0951,0.4724,0.3087,0.9994,0.0219,0.8965,0.0269,1930.74,457.89,26.28,13.81,0.845,0.429,https://www.youtube.com/watch?v=JIIHJDLuuV0
22400617,JIIHJDLuuV0,basket-logo,507.4,16564,1170.2425,0.0172,0.0308,0.0912,0.1121,0.4003,0.1457,0.3793,0.2981,0.9988,0.0272,0.9005,0.0383,2364.71,1990.6,32.75,17.23,0.164,0.126,https://www.youtube.com/watch?v=JIIHJDLuuV0
22401199,_leL-tJgRSk,back-court-logo,438.58,2209,172.4181,0.2461,0.1569,0.4374,0.0888,0.9081,0.0367,0.5965,0.3223,1.0,0.0,0.8732,0.0302,1529.58,429.01,21.23,14.3,1.247,0.387,https://www.youtube.com/watch?v=_leL-tJgRSk
22401199,_leL-tJgRSk,basket-logo,436.79,12052,103.0398,0.027,0.032,0.1454,0.109,0.4295,0.111,0.3932,0.2937,0.9948,0.0545,0.9057,0.0321,2781.61,2275.71,31.09,15.54,0.207,0.14,https://www.youtube.com/watch?v=_leL-tJgRSk
22401199,_leL-tJgRSk,mid-court-logo,341.84,1835,97.4804,0.1675,0.1666,0.505,0.1934,0.7805,0.1767,0.3674,0.3035,0.9993,0.0177,0.854,0.0879,1620.0,850.8,32.11,15.34,1.568,0.891,https://www.youtube.com/watch?v=_leL-tJgRSk
22401199,_leL-tJgRSk,side-court-led-logo,425.86,2148,124.2397,0.1824,0.2206,0.5032,0.2056,0.7934,0.1277,0.3422,0.3126,0.9884,0.0777,0.9057,0.0405,844.8,567.28,33.47,15.76,1.663,1.282,https://www.youtube.com/watch?v=_leL-tJgRSk
22401199,_leL-tJgRSk,side-court-logo,458.24,2355,59.0944,0.0791,0.0579,0.2923,0.0348,0.6762,0.1335,0.4406,0.3344,1.0,0.0,0.8879,0.0292,1578.78,572.43,28.06,15.36,0.612,0.159,https://www.youtube.com/watch?v=_leL-tJgRSk
22401128,LH_LOCkHRWI,mid-court-logo,474.8,2617,1637.6822,0.1487,0.1564,0.4404,0.1309,0.8418,0.1092,0.3664,0.3486,0.9769,0.1193,0.8853,0.0357,589.98,231.95,33.72,18.57,1.262,0.562,https://www.youtube.com/watch?v=LH_LOCkHRWI
22401128,LH_LOCkHRWI,side-court-led-logo,495.8,3811,1736.8895,0.1083,0.0957,0.3508,0.1156,0.6813,0.0961,0.44,0.3083,0.9362,0.2122,0.907,0.0415,625.85,430.56,28.71,15.56,0.939,1.961,https://www.youtube.com/watch?v=LH_LOCkHRWI
22401128,LH_LOCkHRWI,side-court-logo,501.4,2557,1193.0757,0.1109,0.0671,0.3307,0.0523,0.6747,0.0507,0.506,0.3038,1.0,0.0,0.8676,0.0278,2044.83,570.2,24.77,13.45,0.792,0.215,https://www.youtube.com/watch?v=LH_LOCkHRWI
22401128,LH_LOCkHRWI,back-court-logo,470.0,2350,2291.8381,0.2318,0.1622,0.4383,0.0768,0.9206,0.0361,0.5607,0.3503,1.0,0.0,0.8959,0.023,1434.46,372.05,23.28,16.54,1.249,0.323,https://www.youtube.com/watch?v=LH_LOCkHRWI
22401128,LH_LOCkHRWI,basket-logo,467.4,13506,1031.2719,0.0181,0.0315,0.0884,0.1084,0.3919,0.1498,0.384,0.3046,0.9987,0.0255,0.89,0.056,1514.99,1262.31,32.63,17.39,0.146,0.095,https://www.youtube.com/watch?v=LH_LOCkHRWI
22401146,dT0HHWA1YXA,mid-court-logo,476.28,2584,2219.6938,0.1899,0.1761,0.5323,0.1777,0.8879,0.1168,0.3835,0.3179,0.9999,0.0034,0.8874,0.0357,942.95,257.66,31.85,16.18,1.658,0.777,https://www.youtube.com/watch?v=dT0HHWA1YXA
22401146,dT0HHWA1YXA,side-court-led-logo,501.3,3657,1905.1362,0.1152,0.107,0.3163,0.1084,0.7078,0.1175,0.4799,0.31,0.9796,0.1295,0.9028,0.0432,1138.61,759.93,26.32,14.46,0.744,0.865,https://www.youtube.com/watch?v=dT0HHWA1YXA
22401146,dT0HHWA1YXA,side-court-logo,504.7,2609,1107.9295,0.0939,0.0632,0.2946,0.0409,0.6472,0.0499,0.5026,0.3273,0.9997,0.0165,0.8851,0.0342,1883.63,453.67,25.1,14.5,0.635,0.501,https://www.youtube.com/watch?v=dT0HHWA1YXA
22401146,dT0HHWA1YXA,back-court-logo,481.48,2408,1722.4081,0.1581,0.1176,0.338,0.0523,0.8739,0.0422,0.5199,0.3547,1.0,0.0,0.8791,0.0237,1194.32,359.85,25.1,16.8,0.823,0.222,https://www.youtube.com/watch?v=dT0HHWA1YXA
22401146,dT0HHWA1YXA,basket-logo,475.27,11202,1373.1751,0.0271,0.0346,0.1543,0.1073,0.4842,0.1251,0.3375,0.298,0.9963,0.042,0.9109,0.0415,1441.91,1107.66,35.26,17.65,0.216,0.17,https://www.youtube.com/watch?v=dT0HHWA1YXA
22401198,ADXjT36l7pw,back-court-logo,684.88,3425,66860.2366,0.3099,0.2704,0.6788,0.1286,0.9517,0.0207,0.4381,0.3448,0.9999,0.0069,0.9003,0.0165,1347.81,324.55,29.98,18.13,2.347,0.727,https://www.youtube.com/watch?v=ADXjT36l7pw
22401198,ADXjT36l7pw,basket-logo,701.1,18898,25049.4456,0.021,0.0302,0.1522,0.1086,0.4332,0.1384,0.2425,0.2498,0.9995,0.015,0.9111,0.0339,2614.45,1716.77,41.13,17.95,0.22,0.124,https://www.youtube.com/watch?v=ADXjT36l7pw
22401198,ADXjT36l7pw,mid-court-logo,484.48,2554,42744.1207,0.2657,0.1995,0.5392,0.1948,0.8747,0.1291,0.508,0.3179,0.9985,0.036,0.8502,0.0604,1234.9,365.32,25.14,14.54,1.701,0.871,https://www.youtube.com/watch?v=ADXjT36l7pw
22401198,ADXjT36l7pw,side-court-logo,716.32,4874,66468.8212,0.2165,0.1625,0.4732,0.17,0.8544,0.2216,0.5136,0.2773,1.0,0.0009,0.8448,0.0579,1756.0,503.94,24.22,11.92,1.387,0.707,https://www.youtube.com/watch?v=ADXjT36l7pw
22401198,ADXjT36l7pw,side-court-led-logo,242.44,1211,15528.894,0.2036,0.1881,0.413,0.2295,0.7371,0.182,0.5686,0.2695,0.9967,0.0433,0.8834,0.0593,1501.51,728.61,22.36,12.17,1.265,1.276,https://www.youtube.com/watch?v=ADXjT36l7pw
22401146,6rm93_VAylU,back-court-logo,474.0,2372,66.6466,0.1603,0.116,0.3349,0.0512,0.8724,0.043,0.534,0.3543,1.0,0.0003,0.8787,0.0236,1196.88,357.45,24.42,16.69,0.809,0.217,https://www.youtube.com/watch?v=6rm93_VAylU
22401146,6rm93_VAylU,basket-logo,468.6,11215,53.0001,0.027,0.0349,0.1487,0.1094,0.4809,0.1294,0.3505,0.2996,0.9975,0.0354,0.9096,0.0442,1514.13,1131.64,34.45,17.47,0.212,0.142,https://www.youtube.com/watch?v=6rm93_VAylU
22401146,6rm93_VAylU,mid-court-logo,463.2,2492,79.3624,0.1817,0.1758,0.5332,0.1817,0.8883,0.1205,0.3609,0.3126,0.9999,0.0025,0.8864,0.038,951.72,268.42,32.95,16.05,1.667,0.805,https://www.youtube.com/watch?v=6rm93_VAylU
22401146,6rm93_VAylU,side-court-led-logo,487.4,3504,68.0635,0.1109,0.1009,0.3116,0.1044,0.7052,0.117,0.4722,0.3096,0.9821,0.1249,0.9051,0.0419,1154.03,690.75,26.61,14.35,0.742,1.161,https://www.youtube.com/watch?v=6rm93_VAylU
22401146,6rm93_VAylU,side-court-logo,491.2,2518,40.6306,0.0921,0.0627,0.2939,0.041,0.6462,0.05,0.4959,0.3257,0.9995,0.02,0.8835,0.0356,1903.93,418.86,25.29,14.25,0.646,1.266,https://www.youtube.com/watch?v=6rm93_VAylU
22401198,hRN9285DYLA,back-court-logo,529.13,2648,23055.1643,0.3003,0.2618,0.6703,0.1277,0.9499,0.0217,0.4329,0.338,0.9993,0.0248,0.8999,0.0185,1196.97,286.44,30.18,17.94,2.301,0.712,https://www.youtube.com/watch?v=hRN9285DYLA
22401198,hRN9285DYLA,basket-logo,541.54,14555,8553.316,0.0203,0.0296,0.1506,0.109,0.4312,0.1368,0.2376,0.2464,0.9993,0.021,0.9109,0.0341,2373.91,1602.35,41.28,17.73,0.218,0.124,https://www.youtube.com/watch?v=hRN9285DYLA
22401198,hRN9285DYLA,mid-court-logo,382.78,1989,15106.7585,0.2619,0.1993,0.5388,0.1974,0.8751,0.1282,0.4973,0.3184,0.999,0.0307,0.8544,0.056,1151.51,318.56,25.52,14.44,1.703,0.878,https://www.youtube.com/watch?v=hRN9285DYLA
22401198,hRN9285DYLA,side-court-logo,551.15,3684,23989.3105,0.2246,0.165,0.4839,0.1702,0.8627,0.2135,0.5159,0.2753,0.9998,0.0066,0.8479,0.0565,1594.18,459.18,24.0,11.6,1.431,0.718,https://www.youtube.com/watch?v=hRN9285DYLA
22401198,hRN9285DYLA,side-court-led-logo,192.99,964,5277.108,0.1888,0.181,0.3982,0.2194,0.735,0.1819,0.5434,0.2832,0.9934,0.0632,0.8822,0.0597,1386.34,658.69,23.54,12.96,1.187,1.138,https://www.youtube.com/watch?v=hRN9285DYLA
22401137,LCJjAIYFiLE,mid-court-logo,428.99,2425,52.9743,0.1201,0.1311,0.3506,0.1118,0.7453,0.1343,0.3698,0.3475,0.9986,0.0307,0.8851,0.0386,978.79,392.01,33.53,18.46,0.876,0.45,https://www.youtube.com/watch?v=LCJjAIYFiLE
22401137,LCJjAIYFiLE,side-court-led-logo,482.08,3256,67.1414,0.1134,0.1137,0.3763,0.1305,0.6927,0.0898,0.4167,0.2993,0.9926,0.0787,0.9143,0.0348,1823.26,1098.89,29.1,14.22,1.041,1.343,https://www.youtube.com/watch?v=LCJjAIYFiLE
22401137,LCJjAIYFiLE,side-court-logo,481.1,2542,51.5059,0.1114,0.0866,0.3918,0.0626,0.7132,0.0397,0.4084,0.3141,1.0,0.0,0.9051,0.0217,1664.72,442.21,29.45,14.71,1.057,0.252,https://www.youtube.com/watch?v=LCJjAIYFiLE
22401137,LCJjAIYFiLE,back-court-logo,448.07,2279,151.1755,0.3647,0.2611,0.6912,0.1097,0.9304,0.0279,0.5463,0.3611,1.0,0.0,0.8848,0.0264,1027.44,243.4,24.68,18.14,2.374,0.603,https://www.youtube.com/watch?v=LCJjAIYFiLE
22401137,LCJjAIYFiLE,basket-logo,436.07,13980,62.2526,0.0245,0.032,0.1571,0.1159,0.3524,0.1546,0.3525,0.2866,0.9998,0.0119,0.8879,0.0562,3516.94,1566.45,34.43,17.74,0.234,0.204,https://www.youtube.com/watch?v=LCJjAIYFiLE
22401198,DJu4_VHxlog,back-court-logo,453.4,2269,560.5385,0.2741,0.2138,0.5888,0.1122,0.9382,0.0322,0.4854,0.3516,0.9996,0.0166,0.8992,0.0197,862.04,170.74,27.75,18.36,1.879,0.493,https://www.youtube.com/watch?v=DJu4_VHxlog
22401198,DJu4_VHxlog,basket-logo,446.0,11042,170.9907,0.0172,0.027,0.1161,0.1101,0.3954,0.1132,0.297,0.2819,0.9994,0.0205,0.9055,0.0409,1959.88,1401.21,38.76,19.48,0.171,0.084,https://www.youtube.com/watch?v=DJu4_VHxlog
22401198,DJu4_VHxlog,mid-court-logo,451.6,2431,393.3956,0.1795,0.1851,0.551,0.1597,0.8975,0.1066,0.3416,0.3211,0.9995,0.0168,0.8658,0.047,830.53,212.31,34.57,17.24,1.748,0.743,https://www.youtube.com/watch?v=DJu4_VHxlog
22401198,DJu4_VHxlog,side-court-led-logo,262.6,1313,147.4068,0.1246,0.1551,0.3788,0.1747,0.7473,0.1781,0.3566,0.3358,0.979,0.1311,0.8821,0.0543,1537.08,911.2,34.71,18.88,1.005,0.744,https://www.youtube.com/watch?v=DJu4_VHxlog
22401198,DJu4_VHxlog,side-court-logo,464.4,3555,600.073,0.1873,0.1598,0.4376,0.1803,0.8132,0.2339,0.4442,0.3021,1.0,0.0005,0.8403,0.0587,1120.02,328.23,28.41,15.31,1.242,0.742,https://www.youtube.com/watch?v=DJu4_VHxlog
22401198,I9eEiUq2mkg,mid-court-logo,464.6,2589,265.3707,0.19,0.1946,0.5684,0.1703,0.8994,0.1161,0.356,0.3258,0.9981,0.0392,0.8588,0.0528,783.32,192.19,34.15,17.77,1.874,1.346,https://www.youtube.com/watch?v=I9eEiUq2mkg
22401198,I9eEiUq2mkg,side-court-led-logo,279.2,1396,135.3643,0.1797,0.2037,0.431,0.2087,0.7833,0.1773,0.4111,0.3463,0.9988,0.0269,0.8846,0.0522,1509.2,808.8,31.8,18.79,1.771,6.723,https://www.youtube.com/watch?v=I9eEiUq2mkg
22401198,I9eEiUq2mkg,side-court-logo,487.4,3804,358.2113,0.1745,0.1578,0.4278,0.1792,0.8061,0.24,0.4359,0.3054,0.9998,0.0111,0.8357,0.06,1155.18,332.67,28.84,15.45,1.203,0.73,https://www.youtube.com/watch?v=I9eEiUq2mkg
22401198,I9eEiUq2mkg,back-court-logo,462.4,2312,349.0672,0.2798,0.2335,0.6047,0.1221,0.9431,0.0302,0.4746,0.3696,0.9999,0.0029,0.9008,0.0176,817.32,154.3,29.0,20.12,1.957,0.552,https://www.youtube.com/watch?v=I9eEiUq2mkg
22401198,I9eEiUq2mkg,basket-logo,461.2,10883,102.7587,0.0175,0.0278,0.1154,0.1103,0.3984,0.1167,0.3035,0.2942,0.9997,0.0141,0.9047,0.0426,1859.55,1252.65,39.29,20.7,0.171,0.087,https://www.youtube.com/watch?v=I9eEiUq2mkg
22401148,DWcUq2LkoOc,back-court-logo,508.6,2543,69.757,0.2588,0.179,0.4713,0.0957,0.9055,0.0394,0.5802,0.3512,0.9999,0.0041,0.8829,0.0257,1139.38,276.22,22.39,16.41,1.385,0.397,https://www.youtube.com/watch?v=DWcUq2LkoOc
22401148,DWcUq2LkoOc,basket-logo,493.0,14985,38.1321,0.024,0.0327,0.126,0.1135,0.3889,0.1335,0.3974,0.3079,0.9987,0.0263,0.9088,0.0391,1825.31,980.46,32.01,17.5,0.188,0.129,https://www.youtube.com/watch?v=DWcUq2LkoOc
22401148,DWcUq2LkoOc,mid-court-logo,429.8,2432,61.2548,0.2376,0.2168,0.6191,0.2481,0.9236,0.1061,0.3784,0.3055,0.999,0.0287,0.8802,0.0561,937.94,507.35,31.53,15.49,2.312,2.548,https://www.youtube.com/watch?v=DWcUq2LkoOc
22401148,DWcUq2LkoOc,side-court-led-logo,536.4,3843,60.0977,0.1475,0.111,0.3548,0.1171,0.9037,0.1269,0.4595,0.2819,0.9799,0.1232,0.9206,0.0312,980.08,554.18,26.82,13.11,0.898,0.493,https://www.youtube.com/watch?v=DWcUq2LkoOc
22401148,DWcUq2LkoOc,side-court-logo,0.6,3,0.0157,0.0495,0.0167,0.2452,0.0099,0.7781,0.0239,0.2618,0.0963,1.0,0.0,0.6193,0.0068,559.12,27.93,33.21,4.3,0.375,0.053,https://www.youtube.com/watch?v=DWcUq2LkoOc
22401143,AArfJdhLTKk,mid-court-logo,386.4,2183,10183.7899,0.2217,0.2135,0.5719,0.2237,0.8569,0.1525,0.3726,0.3058,0.9996,0.0105,0.8403,0.0685,854.83,314.99,32.07,15.84,1.886,1.074,https://www.youtube.com/watch?v=AArfJdhLTKk
22401143,AArfJdhLTKk,side-court-led-logo,210.6,1055,4903.2243,0.2209,0.2379,0.5338,0.2971,0.7822,0.1779,0.4082,0.287,0.9729,0.134,0.8664,0.0576,909.55,738.83,30.35,15.5,2.038,1.91,https://www.youtube.com/watch?v=AArfJdhLTKk
22401143,AArfJdhLTKk,side-court-logo,539.6,6183,13763.1966,0.1058,0.0851,0.2982,0.0755,0.7752,0.1785,0.4423,0.3024,1.0,0.0002,0.8665,0.0559,1297.75,433.23,28.03,14.48,0.647,0.3,https://www.youtube.com/watch?v=AArfJdhLTKk
22401143,AArfJdhLTKk,back-court-logo,481.8,2409,12941.3888,0.2554,0.1849,0.4835,0.0897,0.9252,0.0317,0.5439,0.3494,0.9985,0.0345,0.8921,0.0271,989.45,289.0,24.33,17.07,1.437,0.388,https://www.youtube.com/watch?v=AArfJdhLTKk
22401143,AArfJdhLTKk,basket-logo,466.6,14264,7661.8807,0.0255,0.0329,0.1427,0.1137,0.4175,0.16,0.344,0.2704,0.9976,0.0396,0.8792,0.0715,1909.31,1358.08,34.0,16.26,0.211,0.144,https://www.youtube.com/watch?v=AArfJdhLTKk
22401148,lWNYviOrZZw,mid-court-logo,431.83,2450,709.3225,0.2443,0.2192,0.6247,0.2472,0.9248,0.1038,0.3831,0.3037,0.9992,0.0207,0.8807,0.0535,920.18,495.55,31.16,15.16,2.277,1.382,https://www.youtube.com/watch?v=lWNYviOrZZw
22401148,lWNYviOrZZw,side-court-led-logo,540.54,3895,688.1675,0.1491,0.1113,0.3559,0.1189,0.9056,0.1245,0.4615,0.2807,0.9787,0.13,0.9189,0.0334,997.33,584.22,26.66,12.85,0.903,0.502,https://www.youtube.com/watch?v=lWNYviOrZZw
22401148,lWNYviOrZZw,back-court-logo,509.11,2543,787.2094,0.2612,0.1787,0.4748,0.095,0.9066,0.0378,0.5817,0.3512,1.0,0.0,0.8836,0.0256,1159.53,276.26,22.38,16.42,1.4,0.391,https://www.youtube.com/watch?v=lWNYviOrZZw
22401148,lWNYviOrZZw,basket-logo,492.89,14984,427.253,0.0241,0.0325,0.1273,0.1132,0.3891,0.1335,0.3957,0.3064,0.9984,0.03,0.9094,0.0378,1803.03,1035.4,32.07,17.41,0.19,0.128,https://www.youtube.com/watch?v=lWNYviOrZZw
22401148,lWNYviOrZZw,side-court-logo,0.8,4,1.7605,0.3714,0.2459,0.8194,0.3128,0.9582,0.0724,0.5408,0.2939,0.8406,0.1883,0.6936,0.0754,282.69,173.61,22.69,10.85,14.043,8.162,https://www.youtube.com/watch?v=lWNYviOrZZw
22401143,c2BoI6dtvz0,back-court-logo,502.9,2516,25273.3022,0.2512,0.1811,0.4884,0.0907,0.9297,0.03,0.531,0.3424,0.9987,0.0333,0.8921,0.0262,1252.69,371.13,25.02,17.28,1.457,0.391,https://www.youtube.com/watch?v=c2BoI6dtvz0
22401143,c2BoI6dtvz0,basket-logo,485.28,14054,15229.1422,0.0271,0.0334,0.1476,0.1119,0.4243,0.1577,0.3526,0.271,0.9984,0.0318,0.8791,0.0723,2431.83,1768.68,33.25,15.78,0.214,0.141,https://www.youtube.com/watch?v=c2BoI6dtvz0
22401143,c2BoI6dtvz0,mid-court-logo,400.4,2267,19635.5053,0.2166,0.2105,0.5575,0.2277,0.85,0.1535,0.375,0.2999,0.9999,0.0025,0.8378,0.0727,1093.0,394.34,31.82,15.48,1.83,1.093,https://www.youtube.com/watch?v=c2BoI6dtvz0
22401143,c2BoI6dtvz0,side-court-logo,561.76,6369,25919.1868,0.1018,0.0796,0.2933,0.0632,0.7735,0.1798,0.4374,0.2993,1.0,0.0002,0.8637,0.058,1594.17,505.94,28.17,14.22,0.626,0.244,https://www.youtube.com/watch?v=c2BoI6dtvz0
22401143,c2BoI6dtvz0,side-court-led-logo,221.42,1107,10174.4696,0.2298,0.2407,0.5403,0.2933,0.7873,0.1827,0.4112,0.2884,0.9818,0.1148,0.8657,0.058,1124.45,906.45,29.81,14.73,2.016,1.749,https://www.youtube.com/watch?v=c2BoI6dtvz0
22401136,qGh_7RFthCk,back-court-logo,463.8,2319,520.9403,0.2373,0.177,0.4517,0.0806,0.9238,0.0389,0.5396,0.3544,1.0,0.0,0.8954,0.0278,1359.4,348.69,24.32,16.79,1.304,0.336,https://www.youtube.com/watch?v=qGh_7RFthCk
22401136,qGh_7RFthCk,basket-logo,458.8,13762,245.296,0.0188,0.0314,0.0943,0.1109,0.3958,0.154,0.3402,0.2908,0.9986,0.0269,0.8919,0.0546,1405.8,1203.03,35.14,17.64,0.155,0.114,https://www.youtube.com/watch?v=qGh_7RFthCk
22401136,qGh_7RFthCk,mid-court-logo,454.8,2544,427.4016,0.1775,0.1713,0.4394,0.1372,0.8371,0.1144,0.423,0.3612,0.9659,0.1399,0.8825,0.0375,521.12,237.1,30.65,18.62,1.281,1.202,https://www.youtube.com/watch?v=qGh_7RFthCk
22401136,qGh_7RFthCk,side-court-led-logo,493.0,3649,422.1883,0.1222,0.1071,0.366,0.1289,0.6929,0.0996,0.4749,0.2999,0.931,0.2123,0.9056,0.0442,568.61,436.61,26.49,13.97,0.992,1.048,https://www.youtube.com/watch?v=qGh_7RFthCk
22401136,qGh_7RFthCk,side-court-logo,502.0,2587,267.4683,0.1092,0.0641,0.3348,0.054,0.6709,0.0489,0.5002,0.2963,1.0,0.0,0.8695,0.0312,1884.95,520.59,24.91,12.97,0.812,0.216,https://www.youtube.com/watch?v=qGh_7RFthCk
22401127,gTHtyDvhutg,back-court-logo,441.0,2218,245.3299,0.306,0.2199,0.5606,0.108,0.9596,0.023,0.5428,0.3591,0.9998,0.0088,0.8912,0.0343,1638.01,353.44,24.67,18.14,1.755,0.456,https://www.youtube.com/watch?v=gTHtyDvhutg
22401127,gTHtyDvhutg,mid-court-logo,210.2,1243,114.898,0.2558,0.2136,0.5943,0.2304,0.8691,0.1127,0.443,0.2968,0.9986,0.0351,0.866,0.0559,1113.12,448.14,28.19,14.71,2.088,1.332,https://www.youtube.com/watch?v=gTHtyDvhutg
22401127,gTHtyDvhutg,basket-logo,396.2,10504,115.8484,0.0305,0.033,0.1599,0.1097,0.4571,0.1394,0.3578,0.2564,0.9986,0.0283,0.9051,0.0408,1784.46,1559.84,32.2,14.28,0.242,0.146,https://www.youtube.com/watch?v=gTHtyDvhutg
22401127,gTHtyDvhutg,side-court-logo,479.2,3105,112.3282,0.1001,0.0916,0.2989,0.0651,0.8471,0.2275,0.3898,0.3046,0.9999,0.0043,0.8853,0.0425,2935.37,851.79,31.02,15.45,0.665,0.439,https://www.youtube.com/watch?v=gTHtyDvhutg
22401127,gTHtyDvhutg,side-court-led-logo,153.2,766,75.6675,0.2733,0.2409,0.6063,0.2519,0.8633,0.1726,0.4537,0.2898,0.9858,0.1093,0.8751,0.0522,856.16,497.42,26.91,13.09,2.479,4.386,https://www.youtube.com/watch?v=gTHtyDvhutg
22401136,T6ZOp4GhaoM,basket-logo,463.0,13842,27.9953,0.0184,0.0312,0.0927,0.1102,0.3951,0.1541,0.3367,0.2923,0.9987,0.0241,0.8916,0.0553,1500.01,1298.68,35.4,17.72,0.153,0.104,https://www.youtube.com/watch?v=T6ZOp4GhaoM
22401136,T6ZOp4GhaoM,mid-court-logo,464.0,2626,50.7245,0.176,0.1691,0.4373,0.1426,0.8328,0.1183,0.4236,0.3568,0.9759,0.1162,0.8818,0.0401,559.43,249.08,30.39,18.1,1.257,0.729,https://www.youtube.com/watch?v=T6ZOp4GhaoM
22401136,T6ZOp4GhaoM,side-court-logo,509.0,2642,31.6202,0.109,0.0647,0.332,0.0562,0.6687,0.0525,0.5037,0.3003,0.9998,0.0128,0.8675,0.0343,1982.56,619.29,24.88,13.32,0.8,0.224,https://www.youtube.com/watch?v=T6ZOp4GhaoM
22401136,T6ZOp4GhaoM,back-court-logo,470.8,2354,60.2931,0.2334,0.1765,0.4477,0.0829,0.9237,0.0401,0.5345,0.3558,1.0,0.0,0.8943,0.0313,1418.83,370.19,24.58,16.94,1.287,0.348,https://www.youtube.com/watch?v=T6ZOp4GhaoM
22401136,T6ZOp4GhaoM,side-court-led-logo,498.8,3731,50.3568,0.123,0.1064,0.3629,0.1295,0.691,0.1008,0.476,0.3013,0.9466,0.1859,0.906,0.0435,613.44,447.36,26.47,14.06,0.98,1.066,https://www.youtube.com/watch?v=T6ZOp4GhaoM
22401151,JtavgG0ZCn8,mid-court-logo,391.59,2182,9298.9418,0.2357,0.2167,0.6341,0.2236,0.9711,0.071,0.3657,0.3088,0.9992,0.0233,0.8845,0.0496,1730.08,641.78,32.55,16.14,2.287,1.29,https://www.youtube.com/watch?v=JtavgG0ZCn8
22401151,JtavgG0ZCn8,side-court-led-logo,192.39,961,3324.03,0.1913,0.1858,0.4206,0.2104,0.8266,0.1972,0.4525,0.2887,0.9947,0.0542,0.8996,0.0444,2060.51,1371.21,27.65,14.11,1.29,1.707,https://www.youtube.com/watch?v=JtavgG0ZCn8
22401151,JtavgG0ZCn8,back-court-logo,443.44,2215,11462.137,0.2862,0.2183,0.5452,0.1066,0.933,0.029,0.5363,0.363,1.0,0.0,0.9008,0.0237,1781.66,414.92,25.39,18.83,1.697,0.466,https://www.youtube.com/watch?v=JtavgG0ZCn8
22401151,JtavgG0ZCn8,basket-logo,430.63,11096,5098.5158,0.0254,0.0316,0.1366,0.108,0.406,0.113,0.3694,0.2849,0.9999,0.0082,0.911,0.0307,3232.65,1773.14,33.01,16.75,0.185,0.105,https://www.youtube.com/watch?v=JtavgG0ZCn8
22401151,JtavgG0ZCn8,side-court-logo,2.6,13,4.9031,0.0209,0.0376,0.1164,0.1352,0.7063,0.2998,0.2101,0.2962,0.9998,0.0005,0.673,0.0699,2372.71,972.6,44.21,17.98,0.228,0.279,https://www.youtube.com/watch?v=JtavgG0ZCn8
22401151,jUn8Uud3t2E,back-court-logo,407.4,2044,496.2203,0.2691,0.2121,0.5469,0.1022,0.933,0.0298,0.5041,0.3541,0.9998,0.007,0.9001,0.0219,1585.6,387.26,26.54,18.08,1.703,0.448,https://www.youtube.com/watch?v=jUn8Uud3t2E
22401151,jUn8Uud3t2E,basket-logo,395.0,10011,214.3018,0.0237,0.0294,0.1397,0.1066,0.4064,0.1116,0.3412,0.2829,0.9996,0.0151,0.9115,0.0297,2984.37,1616.01,34.41,16.68,0.186,0.091,https://www.youtube.com/watch?v=jUn8Uud3t2E
22401151,jUn8Uud3t2E,mid-court-logo,371.2,2096,472.5459,0.2499,0.2231,0.6431,0.2254,0.9703,0.0734,0.3765,0.3059,0.9991,0.0242,0.879,0.0568,1563.54,578.4,31.92,15.94,2.325,1.283,https://www.youtube.com/watch?v=jUn8Uud3t2E
22401151,jUn8Uud3t2E,side-court-led-logo,199.0,995,168.275,0.1874,0.2037,0.4204,0.2208,0.8352,0.1901,0.4346,0.3047,0.996,0.0399,0.8968,0.0437,1676.25,1088.98,28.62,14.89,1.212,0.958,https://www.youtube.com/watch?v=jUn8Uud3t2E
22401151,jUn8Uud3t2E,side-court-logo,2.0,10,0.0083,0.0009,0.0023,0.0433,0.0866,0.621,0.3085,0.1997,0.2533,1.0,0.0,0.7138,0.0622,2784.66,854.38,43.43,16.25,0.118,0.055,https://www.youtube.com/watch?v=jUn8Uud3t2E
22401145,8_C1_O61_0s,mid-court-logo,431.0,2347,2169.1796,0.2488,0.2459,0.7079,0.2133,0.9211,0.0926,0.355,0.3328,0.9999,0.0035,0.8828,0.0369,1618.71,528.68,33.69,17.34,2.841,1.6,https://www.youtube.com/watch?v=8_C1_O61_0s
22401145,8_C1_O61_0s,side-court-led-logo,289.4,1448,738.652,0.1373,0.1608,0.3715,0.2086,0.7186,0.1916,0.3981,0.335,0.9823,0.1085,0.8855,0.0583,1341.3,880.38,31.77,17.71,1.097,1.913,https://www.youtube.com/watch?v=8_C1_O61_0s
22401145,8_C1_O61_0s,side-court-logo,463.4,2375,1151.397,0.1305,0.0937,0.352,0.052,0.8873,0.0921,0.4259,0.2972,1.0,0.0,0.8882,0.0299,2762.84,583.08,28.32,13.56,0.886,0.215,https://www.youtube.com/watch?v=8_C1_O61_0s
22401145,8_C1_O61_0s,back-court-logo,428.2,2141,1715.7309,0.2157,0.1622,0.4284,0.0862,0.8957,0.0408,0.5442,0.3752,0.9996,0.0189,0.8827,0.026,1932.1,468.77,25.05,19.17,1.233,1.098,https://www.youtube.com/watch?v=8_C1_O61_0s
22401145,8_C1_O61_0s,basket-logo,412.2,13236,1139.2852,0.0232,0.0344,0.1167,0.1126,0.3893,0.1329,0.3873,0.3198,0.9986,0.0303,0.9092,0.0354,2487.06,1819.51,33.97,19.8,0.177,0.124,https://www.youtube.com/watch?v=8_C1_O61_0s
22401145,6MjW9xIOIsM,back-court-logo,414.0,2079,151.4961,0.2086,0.1543,0.4238,0.0772,0.893,0.041,0.5366,0.3598,0.9995,0.0149,0.8824,0.0236,2209.21,542.63,24.89,17.9,1.192,0.333,https://www.youtube.com/watch?v=6MjW9xIOIsM
22401145,6MjW9xIOIsM,basket-logo,400.2,12768,94.7313,0.0212,0.0323,0.1143,0.112,0.3873,0.1314,0.3639,0.305,0.9984,0.0313,0.9089,0.0365,2840.81,2096.8,34.38,18.48,0.174,0.103,https://www.youtube.com/watch?v=6MjW9xIOIsM
22401145,6MjW9xIOIsM,mid-court-logo,416.8,2270,192.6953,0.243,0.2365,0.7198,0.2112,0.9259,0.0921,0.3403,0.3083,0.9998,0.007,0.8803,0.0402,1786.65,561.97,33.89,16.05,2.887,1.54,https://www.youtube.com/watch?v=6MjW9xIOIsM
22401145,6MjW9xIOIsM,side-court-led-logo,287.4,1437,66.2316,0.1319,0.1591,0.3607,0.1999,0.7288,0.1921,0.3791,0.3268,0.9881,0.0959,0.8851,0.0601,1607.29,1190.92,32.28,17.04,0.978,0.878,https://www.youtube.com/watch?v=6MjW9xIOIsM
22401145,6MjW9xIOIsM,side-court-logo,440.8,2268,111.3751,0.1405,0.092,0.3504,0.0504,0.8826,0.0882,0.4647,0.2992,1.0,0.0,0.8852,0.0297,3044.67,702.34,26.56,13.37,0.88,0.206,https://www.youtube.com/watch?v=6MjW9xIOIsM
22401133,mE2O4KrflM0,back-court-logo,430.2,2156,1058.8693,0.1692,0.1124,0.3366,0.0412,0.8812,0.04,0.5604,0.3511,1.0,0.0,0.8761,0.0308,1030.2,242.29,23.53,17.08,0.817,0.178,https://www.youtube.com/watch?v=mE2O4KrflM0
22401133,mE2O4KrflM0,basket-logo,424.6,9740,826.8525,0.0292,0.0354,0.1535,0.1058,0.4844,0.1195,0.375,0.3062,0.9961,0.0444,0.9081,0.0453,1287.05,946.71,33.29,17.88,0.207,0.138,https://www.youtube.com/watch?v=mE2O4KrflM0
22401133,mE2O4KrflM0,mid-court-logo,448.6,2449,1204.6376,0.1695,0.1748,0.5347,0.1902,0.8821,0.1145,0.3439,0.3201,1.0,0.002,0.8902,0.0351,818.23,226.12,34.24,16.99,1.695,1.032,https://www.youtube.com/watch?v=mE2O4KrflM0
22401133,mE2O4KrflM0,side-court-led-logo,453.0,3468,1028.1158,0.1021,0.1054,0.3199,0.1176,0.7073,0.126,0.4243,0.3069,0.9657,0.1687,0.9031,0.0415,968.26,637.58,29.33,15.34,0.798,2.075,https://www.youtube.com/watch?v=mE2O4KrflM0
22401133,mE2O4KrflM0,side-court-logo,457.0,2355,593.2272,0.0868,0.0586,0.2941,0.0434,0.6466,0.049,0.4657,0.3129,0.9992,0.0276,0.8816,0.0337,1733.53,387.02,26.55,13.71,0.672,1.475,https://www.youtube.com/watch?v=mE2O4KrflM0
22401133,yGb9OdEHcTA,mid-court-logo,430.37,2302,37.9598,0.1661,0.167,0.5334,0.1911,0.881,0.1169,0.3494,0.3216,1.0,0.0008,0.8894,0.0366,856.47,240.28,33.81,16.79,1.691,1.045,https://www.youtube.com/watch?v=yGb9OdEHcTA
22401133,yGb9OdEHcTA,side-court-led-logo,433.68,3275,35.6013,0.1095,0.1234,0.3228,0.1298,0.7096,0.1292,0.4324,0.3109,0.9647,0.171,0.9032,0.0424,1018.64,672.32,28.84,15.2,0.896,2.859,https://www.youtube.com/watch?v=yGb9OdEHcTA
22401133,yGb9OdEHcTA,side-court-logo,438.22,2214,18.6189,0.0847,0.0593,0.292,0.0469,0.6455,0.0547,0.4591,0.316,0.9992,0.0281,0.8793,0.0377,1801.49,414.59,26.86,13.93,0.692,2.047,https://www.youtube.com/watch?v=yGb9OdEHcTA
22401133,yGb9OdEHcTA,back-court-logo,406.02,1972,32.6686,0.1669,0.1125,0.3339,0.0404,0.8794,0.0402,0.5565,0.3519,1.0,0.0,0.8756,0.0317,1069.28,264.54,23.7,16.99,0.805,0.177,https://www.youtube.com/watch?v=yGb9OdEHcTA
22401133,yGb9OdEHcTA,basket-logo,401.06,8887,25.8507,0.0293,0.0357,0.1507,0.1071,0.4844,0.1195,0.3794,0.3068,0.9971,0.0411,0.909,0.0433,1346.28,1001.29,33.01,17.74,0.206,0.15,https://www.youtube.com/watch?v=yGb9OdEHcTA
22401159,WoNrJpjhH2E,basket-logo,495.0,13276,14134.8387,0.0252,0.0336,0.1287,0.1084,0.4597,0.1084,0.343,0.284,0.9996,0.0194,0.9097,0.0346,2109.25,829.0,35.02,17.8,0.177,0.102,https://www.youtube.com/watch?v=WoNrJpjhH2E
22401159,WoNrJpjhH2E,side-court-led-logo,512.6,2564,20705.1236,0.1908,0.2239,0.5298,0.1632,0.9632,0.0368,0.329,0.3382,0.9988,0.0281,0.9012,0.0469,1034.27,314.36,35.6,18.09,1.778,2.302,https://www.youtube.com/watch?v=WoNrJpjhH2E
22401159,WoNrJpjhH2E,mid-court-logo,332.0,1719,10242.7778,0.1408,0.1675,0.5307,0.2335,0.7883,0.2211,0.3293,0.3149,0.9645,0.1105,0.8307,0.074,284.3,104.06,35.81,18.1,1.676,1.078,https://www.youtube.com/watch?v=WoNrJpjhH2E
22401159,WoNrJpjhH2E,back-court-logo,467.0,2335,23843.1651,0.2413,0.1594,0.4339,0.0723,0.9366,0.0264,0.5732,0.3456,1.0,0.0,0.8658,0.0453,643.64,109.87,22.84,16.54,1.23,0.298,https://www.youtube.com/watch?v=WoNrJpjhH2E
22401159,URuTqjZY1zM,basket-logo,498.1,13670,24094.6376,0.0149,0.0283,0.0754,0.1029,0.4188,0.0999,0.398,0.302,0.9999,0.0068,0.905,0.0351,4199.81,2420.71,31.69,17.05,0.14,0.069,https://www.youtube.com/watch?v=URuTqjZY1zM
22401159,URuTqjZY1zM,mid-court-logo,460.26,2396,27231.3313,0.0959,0.1278,0.4198,0.1678,0.7573,0.2106,0.2848,0.3056,0.9909,0.0544,0.8423,0.0585,545.45,285.58,38.21,17.54,1.165,0.701,https://www.youtube.com/watch?v=URuTqjZY1zM
22401159,URuTqjZY1zM,side-court-led-logo,528.33,2641,67795.597,0.2166,0.2306,0.5833,0.1587,0.9429,0.048,0.3558,0.3257,0.9992,0.0251,0.8962,0.0436,2515.28,778.81,32.84,16.2,2.002,1.636,https://www.youtube.com/watch?v=URuTqjZY1zM
22401159,URuTqjZY1zM,back-court-logo,476.28,2379,54841.2466,0.1945,0.119,0.375,0.0678,0.9095,0.0281,0.5792,0.3325,0.9998,0.0087,0.8714,0.0407,1701.77,346.05,22.33,15.46,1.006,0.545,https://www.youtube.com/watch?v=URuTqjZY1zM
22401159,URuTqjZY1zM,side-court-logo,4.0,20,56.9427,0.024,0.0281,0.1275,0.1162,0.4486,0.2577,0.3505,0.2139,1.0,0.0,0.6991,0.0566,2130.81,885.77,30.67,9.45,0.214,0.122,https://www.youtube.com/watch?v=URuTqjZY1zM
22401159,17yhTJap2k8,basket-logo,459.0,12435,195.1436,0.0218,0.032,0.1153,0.1097,0.4484,0.1075,0.3275,0.2884,0.9991,0.0277,0.9083,0.0378,4702.6,1954.25,35.99,17.9,0.166,0.099,https://www.youtube.com/watch?v=17yhTJap2k8
22401159,17yhTJap2k8,side-court-led-logo,506.2,2535,407.3267,0.2228,0.2323,0.5636,0.1848,0.9551,0.0377,0.3736,0.3482,0.9999,0.0035,0.8909,0.0585,2123.0,710.52,33.25,18.41,1.929,1.345,https://www.youtube.com/watch?v=17yhTJap2k8
22401159,17yhTJap2k8,back-court-logo,447.8,2239,360.187,0.223,0.1589,0.4199,0.0749,0.9342,0.0304,0.5452,0.3486,1.0,0.0,0.8671,0.0407,1494.27,377.11,24.08,16.77,1.171,0.311,https://www.youtube.com/watch?v=17yhTJap2k8
22401159,17yhTJap2k8,mid-court-logo,389.2,2085,215.1855,0.1431,0.1596,0.513,0.2088,0.7868,0.2209,0.3503,0.3173,0.9975,0.0376,0.8441,0.0625,622.1,254.47,34.45,17.65,1.593,1.259,https://www.youtube.com/watch?v=17yhTJap2k8
22401159,17yhTJap2k8,side-court-logo,0.2,1,0.0,0.0,0.0,0.0,0.0,0.9032,0.0,0.1212,0.0,1.0,0.0,0.6895,0.0,2316.8,0.0,41.09,0.0,0.112,0.0,https://www.youtube.com/watch?v=17yhTJap2k8
22401119,VNQSmrMmDSw,mid-court-logo,408.79,2296,50.0019,0.2446,0.2118,0.5998,0.2531,0.9167,0.1131,0.4056,0.3022,1.0,0.0,0.8873,0.0498,1198.69,515.33,29.69,14.57,2.13,1.327,https://www.youtube.com/watch?v=VNQSmrMmDSw
22401119,VNQSmrMmDSw,side-court-led-logo,498.18,3555,48.7127,0.1539,0.1058,0.3466,0.1179,0.9014,0.1148,0.4927,0.2788,0.9916,0.0835,0.9168,0.037,1650.53,998.94,25.12,12.25,0.97,2.524,https://www.youtube.com/watch?v=VNQSmrMmDSw
22401119,VNQSmrMmDSw,back-court-logo,467.57,2291,48.4759,0.2377,0.1653,0.4477,0.0827,0.9001,0.0312,0.5623,0.3451,0.9987,0.0309,0.8814,0.0265,1816.2,429.76,22.97,16.06,1.316,0.721,https://www.youtube.com/watch?v=VNQSmrMmDSw
22401119,VNQSmrMmDSw,basket-logo,454.71,13571,24.6638,0.0204,0.0307,0.1143,0.1131,0.3829,0.1301,0.3696,0.3033,0.9999,0.0045,0.9078,0.0398,2959.47,1559.33,33.13,17.06,0.178,0.116,https://www.youtube.com/watch?v=VNQSmrMmDSw
22401119,VNQSmrMmDSw,side-court-logo,2.24,11,0.0854,0.0872,0.0441,0.4401,0.3426,0.8157,0.1679,0.449,0.2441,0.8354,0.3072,0.6979,0.0586,757.47,554.5,27.07,11.13,3.423,5.925,https://www.youtube.com/watch?v=VNQSmrMmDSw
22401112,6siqKk8M5FA,back-court-logo,524.2,2621,664.9276,0.2108,0.1459,0.41,0.0491,0.8975,0.0283,0.5589,0.3634,1.0,0.0001,0.8835,0.0174,1945.8,525.63,23.51,17.37,1.133,0.2,https://www.youtube.com/watch?v=6siqKk8M5FA
22401112,6siqKk8M5FA,basket-logo,517.0,14985,447.8489,0.0248,0.0335,0.1488,0.1112,0.4248,0.1318,0.3522,0.3062,0.9909,0.0674,0.8872,0.0494,1220.93,833.86,35.08,18.59,0.222,0.152,https://www.youtube.com/watch?v=6siqKk8M5FA
22401112,6siqKk8M5FA,mid-court-logo,492.2,2683,472.5325,0.1464,0.1473,0.4809,0.1886,0.8638,0.1348,0.3457,0.3179,0.9995,0.0102,0.8793,0.0531,763.71,312.43,33.84,16.44,1.431,0.79,https://www.youtube.com/watch?v=6siqKk8M5FA
22401112,6siqKk8M5FA,side-court-led-logo,327.6,1638,312.0129,0.1583,0.1757,0.3892,0.1909,0.7973,0.1599,0.4182,0.3218,0.9993,0.0243,0.8806,0.0658,745.82,416.58,30.2,16.49,1.111,2.316,https://www.youtube.com/watch?v=6siqKk8M5FA
22401112,6siqKk8M5FA,side-court-logo,543.4,2778,329.9522,0.0987,0.0686,0.2771,0.0316,0.8316,0.1125,0.4476,0.3133,1.0,0.0,0.8828,0.0243,3490.36,889.22,27.31,13.76,0.545,0.113,https://www.youtube.com/watch?v=6siqKk8M5FA
22401114,v1eggWFeUgk,mid-court-logo,354.0,1908,3714.6482,0.2641,0.2412,0.667,0.2675,0.9689,0.0678,0.3797,0.3077,0.9999,0.0047,0.8679,0.0602,1590.65,663.11,32.36,16.94,2.661,1.693,https://www.youtube.com/watch?v=v1eggWFeUgk
22401114,v1eggWFeUgk,side-court-led-logo,168.0,841,1141.4022,0.1841,0.1924,0.4439,0.2556,0.7892,0.1973,0.4842,0.3131,0.9626,0.1774,0.8785,0.0582,1387.1,997.58,27.23,16.61,1.411,1.3,https://www.youtube.com/watch?v=v1eggWFeUgk
22401114,v1eggWFeUgk,back-court-logo,460.0,2300,4752.6786,0.2803,0.1994,0.5123,0.0981,0.9318,0.0277,0.5538,0.3497,1.0,0.0,0.8962,0.0191,1609.13,461.87,24.0,17.32,1.555,0.414,https://www.youtube.com/watch?v=v1eggWFeUgk
22401114,v1eggWFeUgk,basket-logo,457.2,12436,2352.836,0.0257,0.0355,0.132,0.1139,0.4351,0.1511,0.344,0.2866,0.9961,0.0477,0.9124,0.0297,2324.25,1330.99,34.87,17.75,0.199,0.14,https://www.youtube.com/watch?v=v1eggWFeUgk
22401114,v1eggWFeUgk,side-court-logo,3.2,16,8.3554,0.0708,0.1151,0.1567,0.1704,0.8647,0.2225,0.2628,0.2493,1.0,0.0002,0.6891,0.0564,1110.79,626.73,38.89,16.36,0.328,0.481,https://www.youtube.com/watch?v=v1eggWFeUgk
22401118,TRkx6SpAlfg,mid-court-logo,442.8,2369,562.6442,0.1801,0.181,0.5631,0.1933,0.9069,0.114,0.3409,0.3171,0.9999,0.0059,0.8806,0.0485,1020.23,302.8,34.38,16.8,1.815,0.871,https://www.youtube.com/watch?v=TRkx6SpAlfg
22401118,TRkx6SpAlfg,side-court-led-logo,479.2,3323,512.2975,0.1169,0.1282,0.3291,0.1376,0.7185,0.1198,0.4501,0.3129,0.9651,0.1683,0.9058,0.0488,1130.04,716.87,27.86,14.98,0.936,3.406,https://www.youtube.com/watch?v=TRkx6SpAlfg
22401118,TRkx6SpAlfg,side-court-logo,478.2,2441,292.7916,0.091,0.0642,0.307,0.0417,0.6657,0.0387,0.4561,0.3211,0.9988,0.0339,0.8827,0.0312,1304.88,259.47,27.06,14.19,0.714,0.929,https://www.youtube.com/watch?v=TRkx6SpAlfg
22401118,TRkx6SpAlfg,back-court-logo,440.4,2202,464.1123,0.1598,0.108,0.3181,0.0371,0.8823,0.04,0.5615,0.3584,1.0,0.0,0.876,0.028,889.21,180.47,23.5,17.5,0.735,0.16,https://www.youtube.com/watch?v=TRkx6SpAlfg
22401118,TRkx6SpAlfg,basket-logo,437.8,10750,443.3771,0.0313,0.0361,0.1597,0.1026,0.4858,0.141,0.3739,0.3033,0.9986,0.0309,0.898,0.0583,1645.22,1122.99,33.24,17.5,0.205,0.13,https://www.youtube.com/watch?v=TRkx6SpAlfg
22401115,Zkr6unZe22g,back-court-logo,471.6,2358,188.5021,0.3386,0.2482,0.5724,0.158,0.9433,0.0324,0.5699,0.3388,1.0,0.0,0.8833,0.024,1269.87,373.31,23.11,16.47,1.851,0.755,https://www.youtube.com/watch?v=Zkr6unZe22g
22401115,Zkr6unZe22g,mid-court-logo,341.2,1947,61.0402,0.1328,0.1287,0.4402,0.1454,0.7727,0.1882,0.4009,0.3142,0.9073,0.2114,0.8564,0.0574,301.45,216.28,30.76,16.21,1.252,0.611,https://www.youtube.com/watch?v=Zkr6unZe22g
22401115,Zkr6unZe22g,side-court-led-logo,369.0,1846,94.0584,0.2158,0.23,0.559,0.2207,0.8612,0.1017,0.3615,0.3091,0.9989,0.0242,0.8994,0.0485,1492.24,652.56,32.89,16.2,1.937,1.333,https://www.youtube.com/watch?v=Zkr6unZe22g
22401115,Zkr6unZe22g,side-court-logo,504.4,2641,69.6386,0.1117,0.0821,0.3292,0.0569,0.8844,0.0931,0.4107,0.3135,1.0,0.0,0.882,0.0332,2194.98,658.97,29.58,14.84,0.782,0.244,https://www.youtube.com/watch?v=Zkr6unZe22g
22401115,Zkr6unZe22g,basket-logo,452.2,13474,61.4606,0.0193,0.0289,0.0999,0.1117,0.376,0.1285,0.3597,0.272,0.9972,0.0399,0.8957,0.0535,1732.12,1131.07,32.36,14.85,0.164,0.106,https://www.youtube.com/watch?v=Zkr6unZe22g
22401129,1dH_DZC_VaI,mid-court-logo,393.6,2181,3641.463,0.2224,0.2116,0.5649,0.2193,0.9073,0.1152,0.3734,0.3174,0.9912,0.0889,0.8682,0.0654,1404.97,472.01,32.45,16.82,1.951,1.987,https://www.youtube.com/watch?v=1dH_DZC_VaI
22401129,1dH_DZC_VaI,side-court-led-logo,528.2,3822,3685.0117,0.1284,0.1277,0.3688,0.1471,0.8532,0.1073,0.398,0.2874,0.983,0.1132,0.9121,0.0408,710.36,376.41,29.87,13.82,0.997,0.787,https://www.youtube.com/watch?v=1dH_DZC_VaI
22401129,1dH_DZC_VaI,side-court-logo,520.6,2609,3674.0738,0.1876,0.0967,0.3909,0.0622,0.8597,0.0627,0.5423,0.2622,1.0,0.0,0.8858,0.0273,1752.43,369.17,23.33,12.07,1.054,0.248,https://www.youtube.com/watch?v=1dH_DZC_VaI
22401129,1dH_DZC_VaI,back-court-logo,491.6,2458,4342.0747,0.2353,0.1659,0.4497,0.0729,0.8879,0.0368,0.5583,0.3576,1.0,0.0001,0.8945,0.0204,1289.21,321.64,23.99,17.95,1.296,0.298,https://www.youtube.com/watch?v=1dH_DZC_VaI
22401129,1dH_DZC_VaI,basket-logo,477.4,12796,2678.4702,0.0279,0.0303,0.1709,0.0941,0.4694,0.1079,0.3074,0.2698,0.9974,0.0445,0.9061,0.0372,1665.71,774.36,36.76,17.58,0.212,0.149,https://www.youtube.com/watch?v=1dH_DZC_VaI
22401129,FPBahFeT-44,mid-court-logo,211.4,1162,21.6162,0.2375,0.2179,0.5958,0.2538,0.908,0.1176,0.3751,0.3199,0.9965,0.0571,0.8689,0.0592,1192.98,424.68,32.81,17.75,2.177,2.002,https://www.youtube.com/watch?v=FPBahFeT-44
22401129,FPBahFeT-44,side-court-led-logo,318.4,2047,21.4694,0.1339,0.1319,0.4144,0.146,0.8858,0.0967,0.378,0.297,0.9757,0.1251,0.9111,0.0425,530.09,291.03,31.42,15.07,1.206,0.844,https://www.youtube.com/watch?v=FPBahFeT-44
22401129,FPBahFeT-44,side-court-logo,313.2,1570,25.5937,0.2081,0.1205,0.4542,0.08,0.9002,0.0607,0.4947,0.2716,1.0,0.0,0.8859,0.0287,1455.89,296.39,25.55,13.13,1.316,0.32,https://www.youtube.com/watch?v=FPBahFeT-44
22401129,FPBahFeT-44,back-court-logo,291.2,1456,31.8715,0.2794,0.2087,0.5358,0.0853,0.9239,0.0305,0.5309,0.368,1.0,0.0001,0.8937,0.0221,1053.08,260.73,26.05,19.68,1.651,0.366,https://www.youtube.com/watch?v=FPBahFeT-44
22401129,FPBahFeT-44,basket-logo,283.6,6305,16.0527,0.0325,0.0336,0.1981,0.0754,0.5068,0.1096,0.2968,0.2727,0.9958,0.0568,0.8975,0.0543,1371.1,730.51,38.18,18.9,0.244,0.182,https://www.youtube.com/watch?v=FPBahFeT-44
22401131,N2KASQB9QcM,back-court-logo,476.4,2382,4345.0998,0.1986,0.1307,0.3998,0.0531,0.8829,0.037,0.5559,0.3489,1.0,0.0,0.877,0.0244,1544.53,429.81,23.48,16.69,1.09,0.22,https://www.youtube.com/watch?v=N2KASQB9QcM
22401131,N2KASQB9QcM,basket-logo,472.0,15161,2739.9226,0.0197,0.031,0.1087,0.1131,0.3847,0.1327,0.3775,0.306,0.9881,0.0894,0.9049,0.0408,1844.32,1632.45,32.7,17.03,0.17,0.167,https://www.youtube.com/watch?v=N2KASQB9QcM
22401131,N2KASQB9QcM,mid-court-logo,496.2,2697,5577.0526,0.2251,0.2236,0.6927,0.2304,0.9223,0.0919,0.3361,0.3062,0.9993,0.0201,0.8804,0.0407,1264.9,456.21,33.92,15.8,2.745,2.67,https://www.youtube.com/watch?v=N2KASQB9QcM
22401131,N2KASQB9QcM,side-court-led-logo,302.0,1510,1864.8194,0.1345,0.1783,0.3624,0.2231,0.7328,0.2019,0.382,0.3038,0.9642,0.174,0.8729,0.0579,1230.25,1043.39,31.88,16.09,1.079,1.621,https://www.youtube.com/watch?v=N2KASQB9QcM
22401131,N2KASQB9QcM,side-court-logo,514.4,2647,3612.8027,0.1486,0.0958,0.3526,0.0488,0.874,0.0893,0.4883,0.3069,1.0,0.0,0.8925,0.0242,2040.88,619.35,25.45,13.53,0.889,0.201,https://www.youtube.com/watch?v=N2KASQB9QcM
22401131,91L1e0F9drs,mid-court-logo,246.4,1258,30.0089,0.1627,0.1975,0.5597,0.2614,0.8586,0.1226,0.3184,0.2984,0.847,0.2146,0.837,0.0764,283.02,334.78,36.27,18.24,2.154,1.996,https://www.youtube.com/watch?v=91L1e0F9drs
22401131,91L1e0F9drs,side-court-led-logo,92.4,462,8.9388,0.132,0.1776,0.5856,0.2896,0.8555,0.1904,0.3616,0.2973,0.6726,0.3726,0.8597,0.0631,177.31,135.12,31.75,14.54,2.396,2.148,https://www.youtube.com/watch?v=91L1e0F9drs
22401131,91L1e0F9drs,side-court-logo,655.6,3282,105.5944,0.2195,0.1769,0.5341,0.0854,0.9812,0.037,0.416,0.3249,0.9962,0.0209,0.8971,0.0374,311.01,77.96,30.2,16.46,1.639,0.358,https://www.youtube.com/watch?v=91L1e0F9drs
22401131,91L1e0F9drs,back-court-logo,599.2,2996,111.4073,0.2537,0.2164,0.671,0.0882,0.9683,0.0178,0.3912,0.3215,0.9812,0.0543,0.8936,0.0237,233.68,55.9,32.44,18.23,2.248,0.473,https://www.youtube.com/watch?v=91L1e0F9drs
22401131,91L1e0F9drs,basket-logo,604.0,10940,36.7168,0.0229,0.034,0.1893,0.099,0.4992,0.1443,0.2385,0.2551,0.8258,0.2806,0.89,0.0594,285.36,244.3,42.15,19.13,0.286,0.207,https://www.youtube.com/watch?v=91L1e0F9drs
22401154,CoCTqHK2WX4,back-court-logo,452.85,2262,11001.0878,0.335,0.2155,0.6149,0.0961,0.9349,0.016,0.5707,0.3355,1.0,0.0,0.9016,0.0154,1717.73,438.98,22.68,16.02,1.991,0.452,https://www.youtube.com/watch?v=CoCTqHK2WX4
22401154,CoCTqHK2WX4,basket-logo,449.85,12671,2066.7404,0.0112,0.0236,0.066,0.1015,0.3266,0.1142,0.3852,0.3007,0.9994,0.0202,0.9057,0.033,3866.91,1884.82,31.88,16.51,0.14,0.097,https://www.youtube.com/watch?v=CoCTqHK2WX4
22401154,CoCTqHK2WX4,side-court-led-logo,339.94,1698,2696.8012,0.1094,0.1389,0.3248,0.1545,1.0,0.0008,0.2953,0.2925,0.9941,0.0572,0.9011,0.0525,1037.44,712.2,37.08,16.92,1.711,8.465,https://www.youtube.com/watch?v=CoCTqHK2WX4
22401154,CoCTqHK2WX4,mid-court-logo,1.2,6,3.0353,0.0349,0.0615,0.189,0.0853,0.8787,0.1713,0.1803,0.3029,0.9581,0.0618,0.7387,0.0718,367.0,243.13,45.72,17.01,0.25,0.082,https://www.youtube.com/watch?v=CoCTqHK2WX4
22401154,YDzb78z0hkc,basket-logo,515.72,14015,12323.9203,0.0146,0.0254,0.087,0.1075,0.3413,0.1118,0.3748,0.3,0.9999,0.0075,0.9076,0.032,3831.27,2480.8,32.71,16.87,0.152,0.086,https://www.youtube.com/watch?v=YDzb78z0hkc
22401154,YDzb78z0hkc,side-court-led-logo,352.35,1761,12825.2226,0.121,0.1582,0.333,0.2007,0.9998,0.0038,0.2974,0.2906,0.9949,0.0547,0.8924,0.0545,907.26,516.92,37.08,17.1,0.845,0.819,https://www.youtube.com/watch?v=YDzb78z0hkc
22401154,YDzb78z0hkc,back-court-logo,518.32,2596,55714.0801,0.3565,0.2363,0.663,0.085,0.942,0.0182,0.5589,0.3457,0.9996,0.0191,0.9004,0.0192,2053.12,411.79,23.24,16.35,2.218,0.483,https://www.youtube.com/watch?v=YDzb78z0hkc
22401154,YDzb78z0hkc,mid-court-logo,0.2,1,0.667,0.0111,0.0,0.2195,0.0,0.4912,0.0,0.1028,0.0,1.0,0.0,0.6436,0.0,944.32,0.0,42.67,0.0,0.231,0.0,https://www.youtube.com/watch?v=YDzb78z0hkc
22401154,YDzb78z0hkc,side-court-logo,0.4,2,15.3701,0.1276,0.0035,0.2709,0.0032,1.0,0.0,0.4715,0.0185,1.0,0.0,0.7378,0.0845,1482.96,968.62,24.53,0.64,0.51,0.016,https://www.youtube.com/watch?v=YDzb78z0hkc
22401109,SM3Pf5rfKDs,back-court-logo,465.2,2326,8043.7128,0.2078,0.15,0.3961,0.0613,0.9477,0.0276,0.5326,0.3514,1.0,0.0,0.8789,0.0275,2557.17,575.36,25.23,17.68,1.073,0.255,https://www.youtube.com/watch?v=SM3Pf5rfKDs
22401109,SM3Pf5rfKDs,basket-logo,453.4,12828,6551.1946,0.0307,0.0382,0.164,0.1153,0.4734,0.1551,0.3303,0.2729,0.9992,0.0237,0.8994,0.0488,3142.34,1414.54,35.14,17.11,0.253,0.207,https://www.youtube.com/watch?v=SM3Pf5rfKDs
22401109,SM3Pf5rfKDs,side-court-led-logo,421.4,2109,9205.5455,0.2622,0.2581,0.5338,0.2286,0.9775,0.0339,0.4123,0.3408,0.9978,0.0314,0.8927,0.055,1376.32,718.62,30.55,17.14,2.155,4.064,https://www.youtube.com/watch?v=SM3Pf5rfKDs
22401109,SM3Pf5rfKDs,mid-court-logo,230.2,1272,3446.3202,0.1628,0.1513,0.4547,0.2103,0.7784,0.2313,0.4376,0.303,0.9982,0.0267,0.838,0.0718,704.28,336.97,28.49,15.15,1.353,0.93,https://www.youtube.com/watch?v=SM3Pf5rfKDs
22401109,SM3Pf5rfKDs,side-court-logo,0.4,2,0.6367,0.0191,0.0152,0.2249,0.0006,0.4322,0.0137,0.1925,0.1509,1.0,0.0,0.7312,0.0222,3494.3,714.75,39.85,10.6,0.263,0.003,https://www.youtube.com/watch?v=SM3Pf5rfKDs
22401105,GIwEblzs5hQ,side-court-logo,545.8,2857,385.1238,0.0967,0.0695,0.273,0.0398,0.8276,0.1148,0.4425,0.3107,1.0,0.0018,0.8793,0.0267,3310.56,740.97,27.5,13.79,0.538,0.591,https://www.youtube.com/watch?v=GIwEblzs5hQ
22401105,GIwEblzs5hQ,back-court-logo,509.6,2568,760.5656,0.2126,0.1432,0.402,0.0572,0.8943,0.032,0.5713,0.3547,1.0,0.0,0.8842,0.0186,1930.13,332.38,22.8,16.79,1.098,0.24,https://www.youtube.com/watch?v=GIwEblzs5hQ
22401105,GIwEblzs5hQ,basket-logo,494.0,14217,500.4484,0.0253,0.034,0.1403,0.1143,0.4228,0.1328,0.3625,0.2989,0.9915,0.0637,0.8883,0.0492,1181.52,776.97,34.06,17.94,0.221,0.154,https://www.youtube.com/watch?v=GIwEblzs5hQ
22401105,GIwEblzs5hQ,mid-court-logo,504.0,2734,604.0692,0.1586,0.1569,0.5149,0.1914,0.8882,0.1273,0.3445,0.3067,0.9995,0.0098,0.8788,0.0479,738.93,289.8,33.61,15.85,1.578,0.845,https://www.youtube.com/watch?v=GIwEblzs5hQ
22401105,GIwEblzs5hQ,side-court-led-logo,358.0,1791,411.0882,0.1647,0.197,0.4132,0.2169,0.8346,0.1488,0.3857,0.3185,0.9996,0.0087,0.8776,0.063,726.89,370.99,31.76,16.27,1.253,1.734,https://www.youtube.com/watch?v=GIwEblzs5hQ
22401154,kQt9huMKuDQ,side-court-led-logo,58.2,291,4.7187,0.0741,0.1032,0.6646,0.2907,1.0,0.0,0.4895,0.2711,0.2209,0.2555,0.8459,0.0725,71.18,113.12,25.78,12.86,4.121,10.167,https://www.youtube.com/watch?v=kQt9huMKuDQ
22401154,kQt9huMKuDQ,back-court-logo,208.8,1044,67.2774,0.2944,0.2067,0.9822,0.0571,0.9954,0.004,0.4807,0.317,0.6601,0.2122,0.8556,0.0514,123.15,42.43,27.29,16.75,7.726,2.282,https://www.youtube.com/watch?v=kQt9huMKuDQ
22401154,kQt9huMKuDQ,basket-logo,149.0,1672,19.0649,0.0521,0.0506,0.254,0.0856,0.5578,0.1583,0.3713,0.2669,0.93,0.161,0.8967,0.0597,217.54,79.29,31.18,13.76,0.485,0.249,https://www.youtube.com/watch?v=kQt9huMKuDQ
22401154,kQt9huMKuDQ,side-court-logo,1.2,7,0.0633,0.0413,0.0328,0.5158,0.1991,0.9976,0.0046,0.1431,0.1302,0.7138,0.2439,0.7129,0.0813,122.05,25.25,41.46,7.25,1.686,1.126,https://www.youtube.com/watch?v=kQt9huMKuDQ
22401154,kQt9huMKuDQ,mid-court-logo,0.2,1,0.0002,0.001,0.0,0.2731,0.0,1.0,0.0,0.1779,0.0,0.0213,0.0,0.6885,0.0,23.43,0.0,37.16,0.0,0.521,0.0,https://www.youtube.com/watch?v=kQt9huMKuDQ
22401107,sabK0crDo3M,back-court-logo,2.6,13,4.4353,0.1418,0.2603,0.3936,0.2416,0.9952,0.0113,0.2505,0.3369,0.9995,0.0018,0.6789,0.0752,584.04,194.36,41.77,19.04,1.057,1.153,https://www.youtube.com/watch?v=sabK0crDo3M
22401107,sabK0crDo3M,mid-court-logo,222.4,1236,784.6617,0.2639,0.2063,0.6169,0.2405,0.9175,0.1041,0.4326,0.2784,0.9978,0.0267,0.8675,0.068,756.81,324.92,28.17,13.49,2.195,1.303,https://www.youtube.com/watch?v=sabK0crDo3M
22401107,sabK0crDo3M,side-court-led-logo,189.8,952,698.5134,0.305,0.2586,0.6302,0.2837,0.9057,0.1268,0.4758,0.2692,0.9388,0.222,0.8711,0.0638,578.01,434.8,25.87,12.04,2.699,2.349,https://www.youtube.com/watch?v=sabK0crDo3M
22401107,sabK0crDo3M,basket-logo,349.6,8346,887.4,0.0442,0.0408,0.1907,0.0939,0.5832,0.1788,0.3656,0.2526,0.9366,0.2175,0.9058,0.0375,1043.28,1152.38,31.59,13.65,0.268,0.147,https://www.youtube.com/watch?v=sabK0crDo3M
22401107,sabK0crDo3M,side-court-logo,1.8,9,0.2318,0.0107,0.0079,0.2293,0.2749,1.0,0.0,0.1788,0.1868,0.8636,0.306,0.702,0.0599,589.58,310.36,40.05,9.51,0.669,1.348,https://www.youtube.com/watch?v=sabK0crDo3M
22401126,akoKDdq9iMc,back-court-logo,379.38,1895,10953.3032,0.2575,0.1447,0.5124,0.0633,0.9018,0.025,0.5586,0.3023,0.9954,0.0546,0.8961,0.0247,590.73,133.48,22.88,13.8,1.553,0.279,https://www.youtube.com/watch?v=akoKDdq9iMc
22401126,akoKDdq9iMc,basket-logo,381.58,10630,3869.1879,0.0162,0.0248,0.1012,0.1091,0.3702,0.1007,0.3714,0.2779,0.9944,0.0607,0.8844,0.0462,1393.05,1134.53,31.73,14.83,0.166,0.078,https://www.youtube.com/watch?v=akoKDdq9iMc
22401126,akoKDdq9iMc,mid-court-logo,383.98,3573,8260.4537,0.103,0.1194,0.4445,0.129,0.8082,0.1255,0.2709,0.278,0.9993,0.0135,0.8789,0.0519,1138.25,773.95,37.34,15.24,1.269,0.537,https://www.youtube.com/watch?v=akoKDdq9iMc
22401126,akoKDdq9iMc,side-court-led-logo,334.73,1673,2671.3102,0.0711,0.1125,0.3595,0.1382,0.6829,0.084,0.2277,0.2614,0.9889,0.084,0.8806,0.0604,464.85,197.73,40.17,15.25,0.909,0.617,https://www.youtube.com/watch?v=akoKDdq9iMc
22401126,akoKDdq9iMc,side-court-logo,384.98,1929,8425.8633,0.1946,0.0747,0.3228,0.0522,0.9504,0.0346,0.643,0.2275,0.9888,0.0841,0.8692,0.0405,623.09,185.66,18.73,9.3,0.76,0.33,https://www.youtube.com/watch?v=akoKDdq9iMc
22401126,t7RmaavK9tY,back-court-logo,459.32,2287,350.16,0.229,0.1653,0.511,0.0607,0.903,0.0238,0.4908,0.3417,0.9999,0.0028,0.8973,0.0164,853.93,170.78,26.87,17.22,1.544,0.25,https://www.youtube.com/watch?v=t7RmaavK9tY
22401126,t7RmaavK9tY,basket-logo,456.3,12581,122.1337,0.0145,0.0235,0.1018,0.1093,0.3667,0.0918,0.3301,0.2905,0.9983,0.0323,0.8863,0.0465,1701.97,1328.39,35.32,17.37,0.165,0.175,https://www.youtube.com/watch?v=t7RmaavK9tY
22401126,t7RmaavK9tY,mid-court-logo,491.21,2654,263.0542,0.1482,0.1387,0.4743,0.1113,0.8754,0.1177,0.361,0.3222,0.9996,0.0166,0.8862,0.0362,758.05,284.32,32.96,16.55,1.405,0.604,https://www.youtube.com/watch?v=t7RmaavK9tY
22401126,t7RmaavK9tY,side-court-led-logo,441.16,2186,205.416,0.1405,0.1842,0.3984,0.1733,0.802,0.1279,0.3439,0.3301,0.9925,0.0712,0.8899,0.0495,609.1,226.57,34.46,17.54,1.102,0.802,https://www.youtube.com/watch?v=t7RmaavK9tY
22401126,t7RmaavK9tY,side-court-logo,489.39,2449,300.3113,0.1834,0.079,0.3216,0.0367,0.9566,0.0309,0.5989,0.2542,0.9993,0.0254,0.8769,0.0337,906.07,245.52,20.67,11.02,0.756,0.315,https://www.youtube.com/watch?v=t7RmaavK9tY
22401130,BuxhH-6FnNw,back-court-logo,480.2,2401,4644.3407,0.3159,0.2543,0.6096,0.1446,0.9467,0.0254,0.5043,0.3578,1.0,0.0007,0.8856,0.0273,869.66,259.01,27.0,18.76,2.014,0.713,https://www.youtube.com/watch?v=BuxhH-6FnNw
22401130,BuxhH-6FnNw,basket-logo,469.4,14166,1666.5721,0.0192,0.0287,0.1227,0.1134,0.3877,0.1322,0.302,0.2675,0.9864,0.0904,0.8963,0.0549,1068.47,979.37,37.01,17.41,0.186,0.126,https://www.youtube.com/watch?v=BuxhH-6FnNw
22401130,BuxhH-6FnNw,side-court-logo,522.2,2646,2029.0145,0.1252,0.0915,0.3434,0.0569,0.9161,0.0771,0.4147,0.3047,1.0,0.0018,0.8894,0.0283,1470.07,464.34,29.04,14.08,0.848,0.287,https://www.youtube.com/watch?v=BuxhH-6FnNw
22401130,BuxhH-6FnNw,mid-court-logo,320.4,1731,1644.6367,0.1552,0.1413,0.5129,0.1819,0.8131,0.1846,0.4528,0.2992,0.7995,0.2926,0.8461,0.0619,231.17,195.73,27.69,14.72,1.573,0.807,https://www.youtube.com/watch?v=BuxhH-6FnNw
22401130,BuxhH-6FnNw,side-court-led-logo,357.2,1786,2556.2893,0.2338,0.2322,0.5304,0.2503,0.8472,0.1221,0.4311,0.3137,0.9994,0.015,0.8921,0.0532,922.56,409.97,29.24,15.69,1.994,1.849,https://www.youtube.com/watch?v=BuxhH-6FnNw
22401130,gsTErubFI7A,mid-court-logo,315.6,1719,57.2233,0.161,0.1411,0.5111,0.1867,0.8147,0.1862,0.447,0.2969,0.8507,0.2555,0.8461,0.0638,254.37,195.49,27.85,14.54,1.569,0.819,https://www.youtube.com/watch?v=gsTErubFI7A
22401130,gsTErubFI7A,back-court-logo,471.8,2360,156.7499,0.3213,0.2542,0.6072,0.144,0.9465,0.0261,0.5161,0.3565,1.0,0.0012,0.8858,0.0261,949.08,280.71,26.36,18.68,2.002,0.706,https://www.youtube.com/watch?v=gsTErubFI7A
22401130,gsTErubFI7A,side-court-led-logo,349.6,1748,83.9864,0.2324,0.2308,0.5301,0.2508,0.8481,0.1233,0.4284,0.3145,0.9996,0.007,0.8918,0.0526,969.77,416.65,29.53,16.02,1.986,1.827,https://www.youtube.com/watch?v=gsTErubFI7A
22401130,gsTErubFI7A,side-court-logo,512.6,2616,66.3156,0.1226,0.0917,0.3422,0.0544,0.9154,0.0791,0.4087,0.3071,1.0,0.0,0.8869,0.0309,1544.15,477.31,29.51,14.49,0.842,0.242,https://www.youtube.com/watch?v=gsTErubFI7A
22401130,gsTErubFI7A,basket-logo,460.2,13909,56.8027,0.0198,0.0301,0.1226,0.1137,0.3876,0.1326,0.3121,0.2667,0.9874,0.0898,0.8963,0.0543,1151.9,1054.78,36.18,16.99,0.186,0.149,https://www.youtube.com/watch?v=gsTErubFI7A
22401110,GkVxKV5jtiM,mid-court-logo,442.2,2380,2195.6829,0.1162,0.1229,0.3772,0.0868,0.8368,0.0943,0.3425,0.3439,1.0,0.0003,0.8953,0.0347,2590.41,1232.37,35.38,18.82,0.991,0.357,https://www.youtube.com/watch?v=GkVxKV5jtiM
22401110,GkVxKV5jtiM,side-court-led-logo,491.0,3653,2898.0747,0.0999,0.1167,0.3565,0.1426,0.7115,0.13,0.3753,0.3023,0.9588,0.1861,0.91,0.0447,891.21,606.79,31.64,15.47,0.934,0.811,https://www.youtube.com/watch?v=GkVxKV5jtiM
22401110,GkVxKV5jtiM,side-court-logo,489.2,2617,2884.6707,0.1388,0.0789,0.3715,0.0689,0.7717,0.1101,0.4826,0.2647,1.0,0.0,0.8818,0.0492,2207.41,679.64,25.33,11.55,0.966,0.295,https://www.youtube.com/watch?v=GkVxKV5jtiM
22401110,GkVxKV5jtiM,back-court-logo,456.2,2282,7519.1695,0.415,0.268,0.7215,0.1235,0.9494,0.0279,0.5902,0.3491,1.0,0.0,0.8908,0.028,1007.69,266.15,22.27,17.22,2.518,0.608,https://www.youtube.com/watch?v=GkVxKV5jtiM
22401110,GkVxKV5jtiM,basket-logo,450.6,13097,2208.9358,0.0212,0.0309,0.1213,0.117,0.3571,0.1426,0.3873,0.2843,0.998,0.0371,0.8929,0.05,1980.15,1158.46,32.26,17.03,0.187,0.193,https://www.youtube.com/watch?v=GkVxKV5jtiM
22401122,ZiH5g78Gg0g,mid-court-logo,450.0,2546,85.7795,0.2061,0.1957,0.5837,0.2461,0.855,0.1591,0.3917,0.316,1.0,0.0003,0.888,0.0498,1587.69,486.65,30.79,15.57,1.976,1.164,https://www.youtube.com/watch?v=ZiH5g78Gg0g
22401122,ZiH5g78Gg0g,back-court-logo,478.2,2438,91.7575,0.2302,0.1658,0.449,0.0754,0.9239,0.0275,0.5375,0.3556,1.0,0.0001,0.8867,0.0315,2003.29,1030.24,24.23,16.97,1.291,0.31,https://www.youtube.com/watch?v=ZiH5g78Gg0g
22401122,ZiH5g78Gg0g,side-court-logo,495.8,2565,68.8135,0.1641,0.0917,0.3504,0.0538,0.8945,0.0833,0.5329,0.2936,1.0,0.0001,0.8829,0.0346,2841.39,679.1,23.38,12.69,0.884,0.315,https://www.youtube.com/watch?v=ZiH5g78Gg0g
22401122,ZiH5g78Gg0g,basket-logo,459.8,8678,37.84,0.0267,0.0328,0.1448,0.1043,0.4631,0.1257,0.36,0.3116,0.9989,0.0234,0.9105,0.0283,2121.64,1094.84,33.98,17.67,0.191,0.153,https://www.youtube.com/watch?v=ZiH5g78Gg0g
22401122,ZiH5g78Gg0g,side-court-led-logo,387.0,1935,59.8334,0.1891,0.2008,0.4318,0.2315,0.7915,0.1623,0.4419,0.3279,0.9917,0.0716,0.8944,0.0544,1321.65,806.4,28.61,15.84,1.62,4.164,https://www.youtube.com/watch?v=ZiH5g78Gg0g
22401122,tuYaUshFZwU,back-court-logo,481.2,2444,1833.3989,0.2354,0.1659,0.4506,0.0757,0.924,0.0271,0.5468,0.3537,1.0,0.0,0.8862,0.0336,1869.31,998.71,23.81,16.67,1.299,0.306,https://www.youtube.com/watch?v=tuYaUshFZwU
22401122,tuYaUshFZwU,basket-logo,462.2,8756,764.2087,0.0274,0.0329,0.1453,0.1041,0.4635,0.1255,0.3695,0.3116,0.9986,0.0293,0.9103,0.0287,2055.9,1057.1,33.47,17.65,0.191,0.128,https://www.youtube.com/watch?v=tuYaUshFZwU
22401122,tuYaUshFZwU,mid-court-logo,449.8,2539,1682.5886,0.208,0.2005,0.5913,0.2454,0.859,0.1585,0.3883,0.3185,1.0,0.0017,0.8883,0.0486,1472.62,471.21,30.98,15.63,2.011,1.164,https://www.youtube.com/watch?v=tuYaUshFZwU
22401122,tuYaUshFZwU,side-court-logo,499.2,2572,1340.2059,0.1635,0.0898,0.3518,0.0513,0.8993,0.0777,0.5275,0.2905,1.0,0.0,0.8871,0.0292,2625.81,587.82,23.46,12.36,0.887,0.205,https://www.youtube.com/watch?v=tuYaUshFZwU
22401122,tuYaUshFZwU,side-court-led-logo,385.4,1927,1172.9414,0.191,0.2044,0.4346,0.2352,0.794,0.1625,0.436,0.3299,0.9884,0.0896,0.8943,0.0533,1212.06,766.01,28.92,15.99,1.659,4.517,https://www.youtube.com/watch?v=tuYaUshFZwU
22401123,VIVLNgm10_Q,basket-logo,479.0,12576,8005.3695,0.0318,0.038,0.1702,0.0974,0.549,0.1625,0.2797,0.2585,0.9844,0.1111,0.9043,0.0446,1395.36,1373.89,38.46,17.55,0.213,0.116,https://www.youtube.com/watch?v=VIVLNgm10_Q
22401123,VIVLNgm10_Q,mid-court-logo,354.0,1885,7900.526,0.2097,0.1755,0.5305,0.2096,0.9237,0.1036,0.413,0.302,0.9992,0.0173,0.8882,0.0474,1037.35,383.9,29.82,15.18,1.698,1.018,https://www.youtube.com/watch?v=VIVLNgm10_Q
22401123,VIVLNgm10_Q,side-court-led-logo,259.8,1299,4959.4638,0.191,0.1937,0.4452,0.2451,0.8441,0.1585,0.4434,0.302,0.9612,0.1741,0.8915,0.0508,959.34,712.75,28.6,15.59,1.804,4.793,https://www.youtube.com/watch?v=VIVLNgm10_Q
22401123,VIVLNgm10_Q,side-court-logo,0.8,4,0.6335,0.0079,0.0137,0.0942,0.1632,1.0,0.0,0.0861,0.0435,1.0,0.0,0.7015,0.0836,1453.34,684.24,45.14,4.31,0.31,0.397,https://www.youtube.com/watch?v=VIVLNgm10_Q
22401104,nhhDuUQ5m4c,side-court-led-logo,510.0,3661,889.0286,0.1483,0.0986,0.3278,0.1,0.9017,0.1254,0.4956,0.2761,0.9856,0.1099,0.9178,0.0378,2143.27,1048.03,25.07,12.25,0.802,0.81,https://www.youtube.com/watch?v=nhhDuUQ5m4c
22401104,nhhDuUQ5m4c,mid-court-logo,375.0,2069,759.5744,0.2242,0.1909,0.5176,0.2245,0.8891,0.1453,0.4421,0.3072,0.9995,0.0146,0.8709,0.0552,1073.08,413.67,28.25,14.63,1.641,1.001,https://www.youtube.com/watch?v=nhhDuUQ5m4c
22401104,nhhDuUQ5m4c,side-court-logo,109.0,564,54.1951,0.0587,0.045,0.2432,0.0457,0.5617,0.1004,0.4523,0.3398,0.9983,0.0412,0.75,0.0777,1755.59,458.35,28.01,15.98,0.389,0.572,https://www.youtube.com/watch?v=nhhDuUQ5m4c
22401104,nhhDuUQ5m4c,back-court-logo,490.6,2453,1082.9011,0.2697,0.1909,0.5135,0.0944,0.9137,0.0247,0.5529,0.3506,0.9999,0.0067,0.8452,0.0349,2084.46,408.8,23.33,16.11,1.582,0.704,https://www.youtube.com/watch?v=nhhDuUQ5m4c
22401104,nhhDuUQ5m4c,basket-logo,485.2,14311,445.5005,0.019,0.0305,0.1047,0.1122,0.3641,0.1306,0.3791,0.3104,0.9998,0.0127,0.8874,0.0684,2502.32,1234.07,32.84,17.29,0.168,0.111,https://www.youtube.com/watch?v=nhhDuUQ5m4c
22401123,cqRpe4KjX9Y,basket-logo,327.8,7505,20.5625,0.0327,0.04,0.1845,0.0936,0.5855,0.1707,0.2537,0.2505,0.9742,0.1395,0.9014,0.0492,1230.04,1332.04,40.57,18.2,0.246,0.128,https://www.youtube.com/watch?v=cqRpe4KjX9Y
22401123,cqRpe4KjX9Y,mid-court-logo,229.4,1253,23.245,0.2212,0.1823,0.5646,0.2397,0.9406,0.0893,0.4214,0.3026,0.999,0.0165,0.8756,0.0641,965.09,374.56,29.58,15.57,1.922,1.266,https://www.youtube.com/watch?v=cqRpe4KjX9Y
22401123,cqRpe4KjX9Y,side-court-led-logo,147.6,738,13.7983,0.2229,0.2214,0.5014,0.28,0.8677,0.1525,0.4688,0.3055,0.9663,0.166,0.8833,0.0537,799.87,709.22,27.45,15.6,1.987,2.163,https://www.youtube.com/watch?v=cqRpe4KjX9Y
22401123,cqRpe4KjX9Y,side-court-logo,0.2,1,0.0001,0.0007,0.0,0.2239,0.0,1.0,0.0,0.0029,0.0,1.0,0.0,0.6279,0.0,1159.43,0.0,68.32,0.0,0.257,0.0,https://www.youtube.com/watch?v=cqRpe4KjX9Y
22401108,pxntU-8iAIo,back-court-logo,488.43,2414,6453.1209,0.3076,0.2012,0.4952,0.1278,0.9379,0.0275,0.623,0.3202,1.0,0.0,0.8882,0.0264,1201.59,278.37,20.11,14.31,1.524,0.75,https://www.youtube.com/watch?v=pxntU-8iAIo
22401108,pxntU-8iAIo,basket-logo,483.17,13783,2444.0192,0.0204,0.0312,0.0943,0.1095,0.4102,0.1178,0.3964,0.2896,0.9999,0.0046,0.9116,0.0269,2279.35,1238.13,31.15,15.83,0.159,0.089,https://www.youtube.com/watch?v=pxntU-8iAIo
22401108,pxntU-8iAIo,mid-court-logo,435.42,2367,4168.6951,0.2026,0.2207,0.5975,0.2152,0.922,0.1018,0.3239,0.3114,0.9991,0.0153,0.8856,0.0481,758.86,271.92,35.16,16.54,2.04,1.112,https://www.youtube.com/watch?v=pxntU-8iAIo
22401108,pxntU-8iAIo,side-court-led-logo,352.46,1742,2147.059,0.1418,0.1642,0.4014,0.1821,0.8093,0.1445,0.3505,0.3137,0.9894,0.0916,0.9037,0.0497,1411.47,774.92,33.64,16.57,1.133,0.83,https://www.youtube.com/watch?v=pxntU-8iAIo
22401108,pxntU-8iAIo,side-court-logo,1.01,5,0.0,0.0,0.0,0.0,0.0,0.6694,0.3424,0.2796,0.296,1.0,0.0,0.7009,0.0456,2304.25,1072.82,36.24,14.47,0.089,0.019,https://www.youtube.com/watch?v=pxntU-8iAIo
22401120,x6vaZSkcFDU,mid-court-logo,466.2,2531,3561.972,0.1283,0.125,0.3443,0.1023,0.7396,0.1368,0.4158,0.352,0.9971,0.0434,0.8912,0.03,919.23,360.82,31.3,18.58,0.847,0.416,https://www.youtube.com/watch?v=x6vaZSkcFDU
22401120,x6vaZSkcFDU,side-court-led-logo,517.8,3476,4184.3186,0.1097,0.1009,0.3623,0.1145,0.6873,0.0846,0.4295,0.2853,0.9916,0.0838,0.9127,0.0375,1730.98,851.05,28.41,13.5,0.944,0.699,https://www.youtube.com/watch?v=x6vaZSkcFDU
22401120,x6vaZSkcFDU,side-court-logo,518.2,2640,3280.0478,0.1133,0.0805,0.3876,0.0636,0.7088,0.0384,0.4313,0.3084,0.9989,0.0323,0.9072,0.0186,1681.9,413.8,28.48,14.21,1.045,0.37,https://www.youtube.com/watch?v=x6vaZSkcFDU
22401120,x6vaZSkcFDU,back-court-logo,497.6,2488,8942.7208,0.3277,0.2718,0.6734,0.1101,0.9261,0.0278,0.4889,0.3717,1.0,0.0,0.8848,0.0216,989.28,214.83,27.52,18.99,2.278,0.561,https://www.youtube.com/watch?v=x6vaZSkcFDU
22401120,x6vaZSkcFDU,basket-logo,491.4,15779,3829.2344,0.0221,0.0337,0.1565,0.1184,0.3515,0.1556,0.3051,0.2881,0.9996,0.0171,0.8894,0.0579,3591.4,1492.71,37.76,18.54,0.24,0.318,https://www.youtube.com/watch?v=x6vaZSkcFDU
22401135,JB1HY_Kk9tI,side-court-led-logo,335.33,1675,35134.0228,0.2189,0.2543,0.4769,0.2863,0.7742,0.1914,0.4371,0.3289,0.9315,0.226,0.8803,0.0622,504.57,375.97,29.66,17.27,1.764,2.216,https://www.youtube.com/watch?v=JB1HY_Kk9tI
22401135,JB1HY_Kk9tI,mid-court-logo,447.65,2505,50995.9628,0.2124,0.2285,0.591,0.251,0.8781,0.1238,0.3576,0.3278,0.9726,0.0897,0.8656,0.0633,380.94,269.69,33.92,17.77,2.185,1.605,https://www.youtube.com/watch?v=JB1HY_Kk9tI
22401135,JB1HY_Kk9tI,basket-logo,470.47,9965,36826.9962,0.0386,0.0463,0.1615,0.1098,0.6109,0.1534,0.3665,0.3032,0.9971,0.0357,0.9169,0.0316,1280.28,892.19,33.88,18.09,0.237,0.167,https://www.youtube.com/watch?v=JB1HY_Kk9tI
22401135,JB1HY_Kk9tI,side-court-logo,529.93,2677,39691.3064,0.1547,0.1119,0.3921,0.0446,0.9386,0.0568,0.428,0.3092,1.0,0.0005,0.901,0.0174,1427.92,302.04,28.05,13.51,1.058,0.19,https://www.youtube.com/watch?v=JB1HY_Kk9tI
22401120,TxoSu0IHHmI,mid-court-logo,473.2,2600,81.9555,0.1296,0.1244,0.3448,0.1009,0.7398,0.1354,0.4225,0.3531,0.998,0.0348,0.8892,0.0315,992.73,384.93,30.97,18.51,0.849,0.412,https://www.youtube.com/watch?v=TxoSu0IHHmI
22401120,TxoSu0IHHmI,side-court-led-logo,524.8,3582,96.5463,0.1109,0.1042,0.3627,0.1178,0.6884,0.087,0.4281,0.2829,0.9922,0.0802,0.9096,0.0396,1807.99,881.12,28.45,13.46,0.952,0.843,https://www.youtube.com/watch?v=TxoSu0IHHmI
22401120,TxoSu0IHHmI,side-court-logo,524.0,2693,73.7183,0.1126,0.08,0.3875,0.0617,0.7101,0.0371,0.4273,0.3064,0.9993,0.0258,0.9055,0.0246,1776.73,448.55,28.64,14.28,1.043,0.35,https://www.youtube.com/watch?v=TxoSu0IHHmI
22401120,TxoSu0IHHmI,back-court-logo,497.8,2489,198.6141,0.3282,0.2715,0.6737,0.1102,0.9256,0.0281,0.49,0.3714,1.0,0.0,0.8849,0.0219,1049.94,222.91,27.47,18.98,2.279,0.561,https://www.youtube.com/watch?v=TxoSu0IHHmI
22401120,TxoSu0IHHmI,basket-logo,491.2,15691,86.1203,0.0226,0.0349,0.1583,0.1185,0.3527,0.1562,0.3067,0.2875,0.9996,0.0171,0.889,0.0582,3687.03,1535.71,37.64,18.53,0.244,0.336,https://www.youtube.com/watch?v=TxoSu0IHHmI
22401135,wVpuv1vxvRE,basket-logo,466.0,9942,10894.6142,0.0363,0.0446,0.1561,0.1098,0.6056,0.1555,0.3435,0.3011,0.9979,0.0343,0.9172,0.0302,2007.9,1495.99,35.51,18.62,0.228,0.164,https://www.youtube.com/watch?v=wVpuv1vxvRE
22401135,wVpuv1vxvRE,side-court-logo,495.0,2521,11427.9797,0.1503,0.1039,0.3762,0.0484,0.9228,0.0645,0.4455,0.3071,1.0,0.0,0.8989,0.0156,1758.29,451.65,27.34,13.48,0.99,0.203,https://www.youtube.com/watch?v=wVpuv1vxvRE
22401135,wVpuv1vxvRE,side-court-led-logo,320.0,1600,8937.7697,0.1852,0.1938,0.4385,0.2127,0.7542,0.1611,0.4349,0.3328,0.9612,0.1719,0.8963,0.0499,904.73,575.88,29.82,17.31,1.446,3.18,https://www.youtube.com/watch?v=wVpuv1vxvRE
22401135,wVpuv1vxvRE,mid-court-logo,371.8,2013,15043.7618,0.2477,0.2323,0.604,0.2547,0.8509,0.1271,0.4168,0.3376,0.9743,0.1041,0.8815,0.059,644.89,366.33,30.53,17.32,2.232,1.478,https://www.youtube.com/watch?v=wVpuv1vxvRE
22401135,S25fQV9FlWM,basket-logo,407.81,8628,11974.7324,0.04,0.0452,0.1669,0.11,0.6113,0.1543,0.37,0.2913,0.9929,0.0605,0.9148,0.0336,861.97,688.08,32.85,16.76,0.243,0.196,https://www.youtube.com/watch?v=S25fQV9FlWM
22401135,S25fQV9FlWM,mid-court-logo,378.58,3341,19215.3352,0.1658,0.1847,0.5709,0.2252,0.8472,0.1457,0.314,0.301,0.9629,0.1297,0.86,0.0657,817.1,644.49,35.81,16.93,1.956,1.275,https://www.youtube.com/watch?v=S25fQV9FlWM
22401135,S25fQV9FlWM,side-court-led-logo,257.46,1288,6759.0163,0.1513,0.1924,0.4207,0.2386,0.6987,0.1462,0.3774,0.3192,0.9146,0.2388,0.8825,0.06,400.63,333.67,32.45,17.02,1.345,1.523,https://www.youtube.com/watch?v=S25fQV9FlWM
22401135,S25fQV9FlWM,side-court-logo,435.84,2187,12115.961,0.1597,0.116,0.4001,0.0562,0.9302,0.0569,0.438,0.3096,0.9991,0.0197,0.9024,0.017,846.28,192.32,27.73,13.8,1.093,0.251,https://www.youtube.com/watch?v=S25fQV9FlWM
22401135,S25fQV9FlWM,back-court-logo,0.2,1,6.567,0.1893,0.0,0.9078,0.0,1.0,0.0,0.2086,0.0,1.0,0.0,0.6387,0.0,307.44,0.0,35.41,0.0,3.787,0.0,https://www.youtube.com/watch?v=S25fQV9FlWM
22401124,_zHd0Tyttxo,basket-logo,477.2,11137,895.701,0.0325,0.0434,0.152,0.1051,0.567,0.1632,0.2964,0.2799,0.9988,0.0262,0.9086,0.042,1923.31,1386.46,38.03,18.18,0.202,0.103,https://www.youtube.com/watch?v=_zHd0Tyttxo
22401124,_zHd0Tyttxo,mid-court-logo,384.0,2066,1121.61,0.2196,0.216,0.5958,0.236,0.7524,0.2009,0.4011,0.328,0.9993,0.0226,0.8795,0.0619,1257.56,376.44,31.67,17.76,2.07,1.212,https://www.youtube.com/watch?v=_zHd0Tyttxo
22401124,_zHd0Tyttxo,side-court-led-logo,522.4,2612,1865.8264,0.2889,0.273,0.7527,0.1578,0.8833,0.0645,0.3956,0.3484,0.9966,0.0552,0.8995,0.051,1083.05,586.03,32.02,18.04,3.568,6.562,https://www.youtube.com/watch?v=_zHd0Tyttxo
22401124,_zHd0Tyttxo,side-court-logo,484.6,2455,292.9184,0.0483,0.0437,0.2799,0.0335,0.4478,0.0922,0.4118,0.3525,1.0,0.0,0.873,0.0501,844.37,320.84,31.35,18.4,0.553,0.149,https://www.youtube.com/watch?v=_zHd0Tyttxo
22401124,6tsIuKyiSlg,mid-court-logo,392.0,2133,70.5682,0.2204,0.2139,0.5909,0.2345,0.7511,0.2003,0.4085,0.3268,1.0,0.0015,0.8784,0.0621,1363.46,404.49,31.11,17.43,2.041,1.196,https://www.youtube.com/watch?v=6tsIuKyiSlg
22401124,6tsIuKyiSlg,side-court-led-logo,531.8,2659,116.692,0.2924,0.2716,0.7537,0.1581,0.8836,0.065,0.401,0.3467,0.9965,0.0566,0.8977,0.0528,1169.56,631.89,31.64,17.81,3.563,6.313,https://www.youtube.com/watch?v=6tsIuKyiSlg
22401124,6tsIuKyiSlg,side-court-logo,490.2,2497,18.3463,0.049,0.0437,0.2799,0.0351,0.4501,0.094,0.4159,0.3512,1.0,0.0002,0.8719,0.0508,927.5,424.13,31.05,18.2,0.553,0.156,https://www.youtube.com/watch?v=6tsIuKyiSlg
22401124,6tsIuKyiSlg,basket-logo,480.6,11234,53.4599,0.0317,0.0428,0.1521,0.105,0.5667,0.1628,0.2887,0.2763,0.9989,0.0234,0.9088,0.0418,2025.77,1455.75,38.39,18.01,0.202,0.102,https://www.youtube.com/watch?v=6tsIuKyiSlg
22401125,AxkF81M5NPM,mid-court-logo,335.6,1822,15263.6469,0.203,0.1829,0.5053,0.2091,0.8715,0.1319,0.4091,0.3246,1.0,0.0008,0.8547,0.0704,1410.42,551.45,30.14,15.92,1.573,0.953,https://www.youtube.com/watch?v=AxkF81M5NPM
22401125,AxkF81M5NPM,side-court-logo,499.6,4405,18929.3108,0.1041,0.0719,0.2835,0.0586,0.8348,0.1304,0.4425,0.2986,0.9982,0.0398,0.8487,0.0613,2828.63,852.11,27.64,13.83,0.632,1.412,https://www.youtube.com/watch?v=AxkF81M5NPM
22401125,AxkF81M5NPM,side-court-led-logo,142.0,710,6319.0454,0.2156,0.2231,0.4759,0.2826,0.8194,0.1802,0.4588,0.2835,0.9688,0.1459,0.8655,0.0702,995.93,694.32,27.75,14.49,2.035,6.092,https://www.youtube.com/watch?v=AxkF81M5NPM
22401125,AxkF81M5NPM,back-court-logo,474.0,2370,27508.775,0.2812,0.1992,0.5096,0.0968,0.9219,0.0286,0.5651,0.3547,0.9996,0.0197,0.8904,0.0239,1231.12,270.63,23.44,17.16,1.568,1.018,https://www.youtube.com/watch?v=AxkF81M5NPM
22401125,AxkF81M5NPM,basket-logo,464.0,14803,16606.0969,0.0272,0.0335,0.1524,0.1099,0.4159,0.1483,0.3545,0.2799,0.9982,0.0331,0.8826,0.0695,2248.82,1700.16,33.94,17.02,0.219,0.139,https://www.youtube.com/watch?v=AxkF81M5NPM
22401125,dgAqG-93tiQ,basket-logo,495.09,15440,34800.5794,0.0255,0.0316,0.1536,0.1088,0.4178,0.1472,0.3313,0.267,0.9994,0.0155,0.8818,0.0696,2953.01,2291.5,34.63,16.22,0.217,0.135,https://www.youtube.com/watch?v=dgAqG-93tiQ
22401125,dgAqG-93tiQ,back-court-logo,503.5,2516,58874.2409,0.265,0.1877,0.5001,0.0873,0.9206,0.0279,0.5469,0.3417,1.0,0.0,0.891,0.0228,1553.94,338.96,24.08,16.59,1.505,0.368,https://www.youtube.com/watch?v=dgAqG-93tiQ
22401125,dgAqG-93tiQ,mid-court-logo,355.35,1893,33566.7744,0.2008,0.1766,0.5087,0.2113,0.8766,0.1245,0.4076,0.3112,0.9997,0.011,0.8539,0.0724,1784.79,716.87,29.75,15.0,1.593,0.992,https://www.youtube.com/watch?v=dgAqG-93tiQ
22401125,dgAqG-93tiQ,side-court-led-logo,146.75,733,12306.134,0.1901,0.1952,0.4509,0.2701,0.8155,0.1792,0.4427,0.2725,0.9762,0.125,0.8679,0.0638,1191.79,793.36,27.87,13.27,1.478,1.474,https://www.youtube.com/watch?v=dgAqG-93tiQ
22401125,dgAqG-93tiQ,side-court-logo,514.71,4350,41544.6545,0.1081,0.0714,0.2792,0.046,0.8309,0.1333,0.4671,0.3022,1.0,0.0,0.8307,0.0666,3596.3,1036.13,26.55,13.8,0.557,0.175,https://www.youtube.com/watch?v=dgAqG-93tiQ
22401132,EGslOwD-DAg,back-court-logo,445.8,2229,13966.1072,0.2735,0.1922,0.4821,0.0897,0.9322,0.0299,0.5709,0.3547,1.0,0.0001,0.8783,0.0359,1005.03,285.71,23.08,17.43,1.429,0.37,https://www.youtube.com/watch?v=EGslOwD-DAg
22401132,EGslOwD-DAg,basket-logo,445.0,13608,7391.1242,0.0237,0.031,0.1361,0.1133,0.4218,0.1474,0.3242,0.2711,0.9985,0.0319,0.9056,0.0366,2554.42,1879.43,35.14,16.41,0.2,0.196,https://www.youtube.com/watch?v=EGslOwD-DAg
22401132,EGslOwD-DAg,mid-court-logo,267.6,1648,8991.5618,0.2382,0.1845,0.5923,0.2161,0.9,0.1178,0.4426,0.2892,0.9999,0.0013,0.8677,0.0625,755.28,318.18,28.17,14.32,2.001,1.078,https://www.youtube.com/watch?v=EGslOwD-DAg
22401132,EGslOwD-DAg,side-court-led-logo,144.0,720,3748.9167,0.2273,0.2004,0.4999,0.2319,0.8315,0.1842,0.4947,0.2969,0.9757,0.1308,0.8738,0.0521,653.53,389.45,25.73,14.02,1.941,3.75,https://www.youtube.com/watch?v=EGslOwD-DAg
22401132,EGslOwD-DAg,side-court-logo,458.8,2843,6438.3565,0.0989,0.0801,0.2803,0.0423,0.8443,0.2075,0.4356,0.322,1.0,0.0001,0.8575,0.059,1226.7,432.89,28.56,15.12,0.562,0.161,https://www.youtube.com/watch?v=EGslOwD-DAg
22401132,0-rZXE9FQA0,back-court-logo,466.8,2334,132.9011,0.3913,0.2523,0.6528,0.1083,0.9709,0.0165,0.5901,0.3496,1.0,0.0,0.8941,0.0252,1227.27,255.77,22.59,17.74,2.17,0.508,https://www.youtube.com/watch?v=0-rZXE9FQA0
22401132,0-rZXE9FQA0,basket-logo,418.8,10630,53.1822,0.0344,0.0348,0.1733,0.1091,0.4912,0.1494,0.35,0.2431,0.9987,0.0278,0.9048,0.0439,1573.97,1248.45,32.03,13.22,0.277,0.167,https://www.youtube.com/watch?v=0-rZXE9FQA0
22401132,0-rZXE9FQA0,side-court-logo,396.6,2312,34.25,0.1018,0.1051,0.3154,0.0752,0.9068,0.1928,0.3378,0.311,0.9993,0.024,0.8847,0.0481,2197.98,550.32,34.21,16.52,0.743,0.468,https://www.youtube.com/watch?v=0-rZXE9FQA0
22401132,0-rZXE9FQA0,mid-court-logo,124.8,654,24.9955,0.2626,0.2246,0.6022,0.254,0.8874,0.1029,0.417,0.2894,1.0,0.0004,0.871,0.0563,744.13,218.44,29.42,14.79,2.187,1.468,https://www.youtube.com/watch?v=0-rZXE9FQA0
22401132,0-rZXE9FQA0,side-court-led-logo,68.8,344,11.8861,0.2374,0.2214,0.5249,0.2379,0.8423,0.2028,0.4513,0.2793,0.9648,0.1642,0.875,0.0488,624.33,305.32,27.39,13.52,2.523,8.117,https://www.youtube.com/watch?v=0-rZXE9FQA0
22401132,OR5k0nAcg5o,mid-court-logo,170.6,866,5.4409,0.057,0.1047,0.901,0.1654,0.9729,0.0436,0.3546,0.3119,0.1813,0.23,0.8214,0.0891,75.93,92.68,34.18,17.67,5.9,3.061,https://www.youtube.com/watch?v=OR5k0nAcg5o
22401132,OR5k0nAcg5o,side-court-led-logo,96.4,483,4.6859,0.0881,0.121,0.7846,0.2647,0.9252,0.1552,0.4584,0.299,0.2119,0.235,0.8314,0.0686,95.79,211.47,27.56,14.94,5.034,3.741,https://www.youtube.com/watch?v=OR5k0nAcg5o
22401132,OR5k0nAcg5o,side-court-logo,243.0,1391,17.8534,0.1165,0.1168,0.6067,0.16,0.915,0.1802,0.3708,0.2859,0.5755,0.257,0.8302,0.0705,137.13,187.72,31.93,15.4,1.992,0.772,https://www.youtube.com/watch?v=OR5k0nAcg5o
22401132,OR5k0nAcg5o,back-court-logo,168.0,840,9.2078,0.0995,0.1185,0.9729,0.0565,0.9992,0.0014,0.4173,0.306,0.2427,0.1883,0.8199,0.063,74.24,21.53,29.82,16.26,6.49,1.858,https://www.youtube.com/watch?v=OR5k0nAcg5o
22401132,OR5k0nAcg5o,basket-logo,123.0,886,7.1607,0.0734,0.0729,0.3152,0.1034,0.8075,0.1871,0.344,0.2606,0.7546,0.2667,0.8816,0.068,163.25,98.04,33.26,14.79,0.724,0.432,https://www.youtube.com/watch?v=OR5k0nAcg5o
22401102,FlzXUnVfxkY,mid-court-logo,497.0,2652,14137.7163,0.1116,0.1042,0.3609,0.0651,0.8335,0.0846,0.366,0.3324,0.9999,0.0038,0.9036,0.0279,3807.23,1104.2,32.91,17.15,0.923,0.27,https://www.youtube.com/watch?v=FlzXUnVfxkY
22401102,FlzXUnVfxkY,side-court-led-logo,517.0,4165,23062.3874,0.1159,0.1091,0.3233,0.1203,0.7893,0.1466,0.4207,0.3006,0.9922,0.0809,0.9103,0.041,3023.37,1746.63,29.14,14.71,0.801,1.448,https://www.youtube.com/watch?v=FlzXUnVfxkY
22401102,FlzXUnVfxkY,back-court-logo,492.6,2463,35886.4264,0.3049,0.1982,0.5511,0.1061,0.9258,0.0261,0.5812,0.3349,1.0,0.0,0.901,0.0177,2312.39,490.03,22.16,15.53,1.718,0.459,https://www.youtube.com/watch?v=FlzXUnVfxkY
22401102,FlzXUnVfxkY,basket-logo,486.4,13924,11128.5824,0.0167,0.0266,0.0993,0.1092,0.3653,0.1146,0.3675,0.292,0.9993,0.0193,0.9081,0.0297,3510.76,2025.06,32.92,16.51,0.156,0.082,https://www.youtube.com/watch?v=FlzXUnVfxkY
22401102,FlzXUnVfxkY,side-court-logo,75.0,377,539.399,0.0299,0.044,0.1776,0.1009,0.385,0.1018,0.3833,0.2881,1.0,0.0002,0.7951,0.0846,5111.89,1540.02,31.32,15.38,0.229,0.215,https://www.youtube.com/watch?v=FlzXUnVfxkY
22401116,W8L9_tS7Pww,back-court-logo,444.6,2223,644.9425,0.2735,0.176,0.4809,0.098,0.8986,0.0383,0.6124,0.3413,0.9978,0.0456,0.8868,0.0301,1249.17,260.25,20.98,16.18,1.52,2.415,https://www.youtube.com/watch?v=W8L9_tS7Pww
22401116,W8L9_tS7Pww,basket-logo,425.4,11765,382.095,0.0306,0.037,0.1566,0.1164,0.416,0.1366,0.4172,0.2954,0.9988,0.0335,0.8964,0.0329,1910.05,1321.15,30.28,16.07,0.25,0.301,https://www.youtube.com/watch?v=W8L9_tS7Pww
22401116,W8L9_tS7Pww,mid-court-logo,378.0,2299,445.8402,0.1828,0.1957,0.5208,0.2088,0.8648,0.1254,0.3534,0.3188,0.9477,0.1418,0.8434,0.0769,513.22,646.94,33.38,16.55,1.664,1.031,https://www.youtube.com/watch?v=W8L9_tS7Pww
22401116,W8L9_tS7Pww,side-court-led-logo,488.8,3865,464.0949,0.1132,0.1294,0.348,0.1623,0.7652,0.1418,0.3902,0.3105,0.9942,0.0577,0.9073,0.0386,903.68,426.86,30.71,15.16,0.987,2.458,https://www.youtube.com/watch?v=W8L9_tS7Pww
22401116,W8L9_tS7Pww,side-court-logo,497.2,2503,340.1043,0.1281,0.0656,0.2908,0.0438,0.8306,0.076,0.5361,0.2752,1.0,0.0,0.8709,0.0278,2985.73,583.75,23.18,11.93,0.61,0.175,https://www.youtube.com/watch?v=W8L9_tS7Pww
22401116,O6HQ2UNmhck,mid-court-logo,359.96,2130,42.6969,0.1773,0.1969,0.5033,0.2072,0.8621,0.1267,0.346,0.3098,0.9778,0.1154,0.8438,0.0773,649.61,671.19,33.59,16.17,1.57,1.002,https://www.youtube.com/watch?v=O6HQ2UNmhck
22401116,O6HQ2UNmhck,side-court-led-logo,476.08,3712,47.0007,0.112,0.1262,0.3475,0.1582,0.7689,0.1416,0.3847,0.3108,0.9967,0.0412,0.9108,0.0408,1151.66,559.62,31.14,15.45,1.011,2.625,https://www.youtube.com/watch?v=O6HQ2UNmhck
22401116,O6HQ2UNmhck,side-court-logo,474.27,2389,34.6262,0.1282,0.0669,0.2886,0.0459,0.8318,0.0788,0.5405,0.2806,1.0,0.0018,0.8646,0.0357,3696.05,882.56,23.15,12.37,0.602,0.172,https://www.youtube.com/watch?v=O6HQ2UNmhck
22401116,O6HQ2UNmhck,back-court-logo,433.83,2170,66.7729,0.2722,0.1776,0.4868,0.0958,0.9047,0.0373,0.5974,0.3411,0.9989,0.0267,0.8876,0.0268,1601.74,387.1,21.55,16.08,1.485,0.99,https://www.youtube.com/watch?v=O6HQ2UNmhck
22401116,O6HQ2UNmhck,basket-logo,420.62,11293,39.9419,0.0313,0.0388,0.1589,0.1146,0.4198,0.1384,0.4055,0.2962,0.999,0.0275,0.8935,0.037,2548.05,1731.27,30.95,16.35,0.249,0.254,https://www.youtube.com/watch?v=O6HQ2UNmhck
22401103,osCL9MNR3ZE,mid-court-logo,410.2,2299,123.6087,0.1865,0.1872,0.5401,0.1988,0.8953,0.1282,0.3569,0.312,1.0,0.0002,0.8429,0.061,1338.83,405.68,32.67,15.55,1.763,1.102,https://www.youtube.com/watch?v=osCL9MNR3ZE
22401103,osCL9MNR3ZE,side-court-led-logo,479.6,3489,141.2827,0.1404,0.1501,0.3527,0.1513,0.8668,0.1296,0.4216,0.3195,0.979,0.1308,0.9046,0.0413,2465.05,1682.12,29.25,15.38,0.916,0.721,https://www.youtube.com/watch?v=osCL9MNR3ZE
22401103,osCL9MNR3ZE,back-court-logo,424.0,2120,176.5112,0.2887,0.1887,0.5129,0.098,0.9416,0.0279,0.5939,0.3533,1.0,0.0,0.8819,0.0227,1670.45,452.23,22.35,17.71,1.557,0.414,https://www.youtube.com/watch?v=osCL9MNR3ZE
22401103,osCL9MNR3ZE,basket-logo,409.2,11400,63.3209,0.0193,0.0329,0.0845,0.1081,0.3868,0.1362,0.4539,0.3153,0.9978,0.035,0.9095,0.0289,2644.79,2199.89,29.19,17.31,0.146,0.1,https://www.youtube.com/watch?v=osCL9MNR3ZE
22401103,osCL9MNR3ZE,side-court-logo,0.2,1,0.0147,0.0511,0.0,0.2227,0.0,0.8865,0.0,0.2587,0.0,1.0,0.0,0.6689,0.0,1491.07,0.0,32.89,0.0,0.25,0.0,https://www.youtube.com/watch?v=osCL9MNR3ZE
22401098,_6CTCZqpjlY,back-court-logo,441.2,2206,2024.3704,0.3155,0.2503,0.6122,0.1411,0.9286,0.0321,0.5144,0.357,1.0,0.0,0.8896,0.0192,1664.44,412.37,25.92,17.74,2.034,0.756,https://www.youtube.com/watch?v=_6CTCZqpjlY
22401098,_6CTCZqpjlY,basket-logo,436.6,13501,855.4175,0.0218,0.0311,0.136,0.1124,0.3843,0.1307,0.3239,0.2933,0.9991,0.0234,0.8915,0.0606,1956.78,1216.57,36.36,18.28,0.199,0.168,https://www.youtube.com/watch?v=_6CTCZqpjlY
22401098,_6CTCZqpjlY,mid-court-logo,406.8,2246,1549.1013,0.2371,0.2258,0.6321,0.2381,0.9225,0.1293,0.3646,0.3169,0.9968,0.049,0.8687,0.0562,1771.02,926.43,32.91,16.74,2.254,1.249,https://www.youtube.com/watch?v=_6CTCZqpjlY
22401098,_6CTCZqpjlY,side-court-led-logo,465.6,3135,1065.897,0.1169,0.1087,0.3465,0.1248,0.7153,0.1178,0.4588,0.2957,0.9965,0.0506,0.9151,0.0379,1702.29,865.55,27.26,14.04,1.046,3.672,https://www.youtube.com/watch?v=_6CTCZqpjlY
22401098,_6CTCZqpjlY,side-court-logo,469.4,2375,751.415,0.1088,0.0713,0.3404,0.0534,0.7141,0.0539,0.4608,0.3029,1.0,0.0,0.8825,0.0344,2678.1,647.42,27.08,14.11,0.835,0.222,https://www.youtube.com/watch?v=_6CTCZqpjlY
22401103,evod4f_Y0O0,mid-court-logo,151.8,774,8.0237,0.1404,0.1354,0.7108,0.273,0.9057,0.1259,0.4589,0.2941,0.4579,0.2619,0.869,0.0466,116.62,127.54,27.6,14.94,3.598,2.666,https://www.youtube.com/watch?v=evod4f_Y0O0
22401103,evod4f_Y0O0,side-court-led-logo,387.6,2404,32.696,0.1842,0.211,0.721,0.2105,0.9809,0.052,0.3844,0.3057,0.6143,0.3776,0.8708,0.062,150.37,202.05,32.56,18.0,3.143,2.383,https://www.youtube.com/watch?v=evod4f_Y0O0
22401103,evod4f_Y0O0,back-court-logo,272.2,1361,20.8714,0.2076,0.2031,0.93,0.1004,0.9989,0.0026,0.3867,0.3077,0.5842,0.2546,0.8433,0.0596,115.13,43.62,32.49,18.29,5.039,1.621,https://www.youtube.com/watch?v=evod4f_Y0O0
22401103,evod4f_Y0O0,basket-logo,163.4,2145,5.5507,0.035,0.0433,0.2351,0.0816,0.6818,0.1597,0.3297,0.2601,0.6252,0.3397,0.8989,0.0529,168.5,142.09,33.72,15.04,0.403,0.21,https://www.youtube.com/watch?v=evod4f_Y0O0
22401103,evod4f_Y0O0,side-court-logo,0.2,1,0.006,0.0809,0.0,0.2515,0.0,0.4441,0.0,0.7345,0.0,0.9865,0.0,0.6279,0.0,185.82,0.0,15.71,0.0,0.409,0.0,https://www.youtube.com/watch?v=evod4f_Y0O0
22400988,Ir0Xice2f70,basket-logo,454.0,10167,660.0312,0.0398,0.046,0.1643,0.1068,0.5839,0.1673,0.3453,0.2891,0.9945,0.0623,0.906,0.042,1638.65,1326.47,35.25,18.31,0.231,0.212,https://www.youtube.com/watch?v=Ir0Xice2f70
22400988,Ir0Xice2f70,mid-court-logo,323.8,1771,566.7651,0.196,0.1961,0.6175,0.214,0.7895,0.1901,0.3841,0.3383,0.9976,0.0438,0.8631,0.0817,1328.71,558.2,33.09,18.75,2.24,2.275,https://www.youtube.com/watch?v=Ir0Xice2f70
22400988,Ir0Xice2f70,side-court-led-logo,473.0,2365,987.8943,0.2558,0.2708,0.7344,0.1854,0.8902,0.0619,0.3515,0.3485,0.9854,0.1119,0.8969,0.0493,1043.01,615.99,34.72,18.44,3.23,4.472,https://www.youtube.com/watch?v=Ir0Xice2f70
22400988,Ir0Xice2f70,side-court-logo,443.4,2259,154.8226,0.042,0.0415,0.2698,0.0483,0.4367,0.0934,0.3673,0.3498,1.0,0.0,0.8808,0.0426,1763.0,543.04,33.8,18.64,0.517,0.163,https://www.youtube.com/watch?v=Ir0Xice2f70
22401113,XoylbSA_Q70,mid-court-logo,424.2,2363,1781.0901,0.1519,0.1997,0.5792,0.2132,0.8826,0.1209,0.3393,0.3202,0.6868,0.4123,0.8712,0.0502,272.22,291.98,34.75,17.48,1.926,1.031,https://www.youtube.com/watch?v=XoylbSA_Q70
22401113,XoylbSA_Q70,side-court-led-logo,341.0,1705,1168.0992,0.1381,0.1695,0.404,0.195,0.7666,0.1759,0.3431,0.3144,0.9479,0.2071,0.8945,0.047,2124.17,1180.36,34.86,17.96,1.304,3.256,https://www.youtube.com/watch?v=XoylbSA_Q70
22401113,XoylbSA_Q70,side-court-logo,469.4,2475,1189.0442,0.0968,0.0711,0.2906,0.053,0.8054,0.116,0.443,0.3231,0.9993,0.0245,0.8893,0.031,5240.35,1227.34,28.27,15.36,0.626,0.729,https://www.youtube.com/watch?v=XoylbSA_Q70
22401113,XoylbSA_Q70,back-court-logo,437.4,2188,1807.0208,0.1665,0.1077,0.3064,0.0508,0.8681,0.051,0.6028,0.3414,1.0,0.0,0.8738,0.0204,2230.46,833.68,21.11,15.57,0.679,0.253,https://www.youtube.com/watch?v=XoylbSA_Q70
22401113,XoylbSA_Q70,basket-logo,429.2,11635,1295.9396,0.0225,0.0319,0.1073,0.1097,0.4573,0.0994,0.3871,0.293,0.9785,0.1198,0.8814,0.0594,1628.69,1690.2,31.89,16.25,0.17,0.077,https://www.youtube.com/watch?v=XoylbSA_Q70
22401117,zu7XWu5wrMg,back-court-logo,547.15,2748,103296.4249,0.2984,0.2063,0.6076,0.1198,0.9179,0.0317,0.5237,0.3338,0.9988,0.0235,0.9029,0.0252,1099.53,288.26,25.02,15.99,2.032,0.994,https://www.youtube.com/watch?v=zu7XWu5wrMg
22401117,zu7XWu5wrMg,basket-logo,554.15,14703,38908.6107,0.021,0.032,0.12,0.1166,0.3729,0.1556,0.3594,0.2851,0.9999,0.0028,0.9095,0.0344,4019.88,2728.92,33.11,16.24,0.188,0.152,https://www.youtube.com/watch?v=zu7XWu5wrMg
22401117,zu7XWu5wrMg,mid-court-logo,496.5,2681,48066.0039,0.1423,0.1455,0.4393,0.1512,0.9235,0.1068,0.3309,0.3107,0.9995,0.0201,0.8732,0.0548,1601.08,635.56,34.14,15.86,1.259,0.633,https://www.youtube.com/watch?v=zu7XWu5wrMg
22401117,zu7XWu5wrMg,side-court-led-logo,308.71,1543,30340.2494,0.1561,0.194,0.3925,0.206,0.7988,0.1571,0.3847,0.3221,0.9025,0.2806,0.8774,0.0611,1397.31,975.76,31.75,16.56,1.239,3.461,https://www.youtube.com/watch?v=zu7XWu5wrMg
22401117,zu7XWu5wrMg,side-court-logo,516.52,2584,50815.1171,0.1561,0.0735,0.3039,0.0708,0.8557,0.0813,0.608,0.2484,0.9954,0.0611,0.8492,0.0568,1808.17,536.92,20.31,10.28,0.671,0.405,https://www.youtube.com/watch?v=zu7XWu5wrMg
22401117,HkMpOzQC0kY,back-court-logo,458.6,2299,17094.38,0.2912,0.2042,0.5827,0.1086,0.9117,0.0308,0.5366,0.3501,0.9998,0.0053,0.9021,0.0232,930.72,225.55,24.56,16.89,1.855,0.482,https://www.youtube.com/watch?v=HkMpOzQC0kY
22401117,HkMpOzQC0kY,basket-logo,459.6,12564,6514.7224,0.0203,0.0328,0.1135,0.117,0.3656,0.1543,0.3718,0.2966,0.9994,0.0157,0.9112,0.0312,3374.71,2171.13,33.01,17.07,0.183,0.154,https://www.youtube.com/watch?v=HkMpOzQC0kY
22401117,HkMpOzQC0kY,mid-court-logo,427.4,2346,8681.9892,0.1449,0.1485,0.422,0.1463,0.9139,0.1136,0.3429,0.315,0.999,0.0276,0.8717,0.058,1329.82,569.92,33.67,16.2,1.205,0.959,https://www.youtube.com/watch?v=HkMpOzQC0kY
22401117,HkMpOzQC0kY,side-court-led-logo,267.0,1336,5755.3401,0.1687,0.1978,0.4063,0.2086,0.7945,0.1525,0.4066,0.3236,0.9049,0.2796,0.8807,0.0596,1185.9,793.9,30.99,16.97,1.197,1.545,https://www.youtube.com/watch?v=HkMpOzQC0kY
22401117,HkMpOzQC0kY,side-court-logo,444.6,2227,8619.855,0.1516,0.0658,0.2958,0.0427,0.852,0.0745,0.6044,0.2453,0.9992,0.0277,0.8527,0.0548,1496.13,412.54,20.46,10.25,0.629,0.253,https://www.youtube.com/watch?v=HkMpOzQC0kY
22401113,-WP3laybaaQ,mid-court-logo,425.6,2400,78.1867,0.1577,0.2029,0.5778,0.2175,0.8789,0.126,0.3394,0.3185,0.7204,0.3945,0.8732,0.0496,308.36,328.54,34.49,17.08,1.924,1.055,https://www.youtube.com/watch?v=-WP3laybaaQ
22401113,-WP3laybaaQ,side-court-led-logo,342.2,1711,49.14,0.139,0.1686,0.4059,0.1962,0.7665,0.1744,0.3437,0.3125,0.9536,0.1888,0.8948,0.0462,2242.5,1239.54,34.62,17.52,1.347,4.125,https://www.youtube.com/watch?v=-WP3laybaaQ
22401113,-WP3laybaaQ,side-court-logo,468.2,2470,49.3204,0.0966,0.0706,0.2901,0.0503,0.805,0.1146,0.4421,0.3206,0.9992,0.0271,0.8877,0.0322,5440.33,1268.16,28.15,15.02,0.606,0.232,https://www.youtube.com/watch?v=-WP3laybaaQ
22401113,-WP3laybaaQ,back-court-logo,437.2,2187,75.6686,0.1674,0.1076,0.3065,0.0535,0.8678,0.0516,0.6077,0.3437,1.0,0.0001,0.8732,0.0224,2353.45,851.68,20.82,15.68,0.681,0.313,https://www.youtube.com/watch?v=-WP3laybaaQ
22401113,-WP3laybaaQ,basket-logo,428.4,11647,53.6372,0.0223,0.0317,0.1061,0.1096,0.4562,0.0987,0.3895,0.2922,0.9863,0.1018,0.8827,0.0573,1754.1,1734.55,31.74,16.17,0.169,0.077,https://www.youtube.com/watch?v=-WP3laybaaQ
22401153,fyUDFPkAd74,side-court-led-logo,323.52,1616,11874.5009,0.2125,0.2093,0.4724,0.2186,0.7703,0.1416,0.4813,0.3324,0.9763,0.145,0.8944,0.0569,976.62,581.02,26.48,15.31,1.635,2.98,https://www.youtube.com/watch?v=fyUDFPkAd74
22401153,fyUDFPkAd74,mid-court-logo,385.99,2181,17134.8083,0.2272,0.1924,0.612,0.2286,0.8542,0.1287,0.4193,0.3254,0.9813,0.0944,0.8781,0.0557,714.24,377.21,29.53,15.83,2.183,1.501,https://www.youtube.com/watch?v=fyUDFPkAd74
22401153,fyUDFPkAd74,side-court-logo,484.68,2519,11699.7032,0.1343,0.0824,0.3297,0.0455,0.8851,0.0851,0.4738,0.2939,1.0,0.0,0.8931,0.0269,1089.53,292.99,25.92,12.88,0.789,0.184,https://www.youtube.com/watch?v=fyUDFPkAd74
22401153,fyUDFPkAd74,basket-logo,440.44,10473,9706.2507,0.0268,0.043,0.1036,0.1153,0.5656,0.15,0.3727,0.3083,0.9969,0.0448,0.9158,0.0312,2290.84,1795.1,33.6,18.16,0.187,0.128,https://www.youtube.com/watch?v=fyUDFPkAd74
22401153,CqI20V6hvJw,basket-logo,540.34,12712,7750.2082,0.018,0.0368,0.0758,0.1073,0.5565,0.1492,0.3886,0.307,0.9992,0.0164,0.9155,0.0277,2206.38,1560.7,31.97,16.91,0.158,0.101,https://www.youtube.com/watch?v=CqI20V6hvJw
22401153,CqI20V6hvJw,mid-court-logo,574.97,3149,21093.9,0.1978,0.208,0.6472,0.2245,0.8831,0.1047,0.3409,0.3193,0.9967,0.0407,0.8976,0.0367,726.89,443.99,34.02,16.59,2.341,1.301,https://www.youtube.com/watch?v=CqI20V6hvJw
22401153,CqI20V6hvJw,side-court-led-logo,566.37,2829,12177.176,0.1271,0.1704,0.4146,0.1627,0.7695,0.156,0.3153,0.3101,0.9926,0.0774,0.9147,0.0341,836.73,440.39,35.73,16.93,1.178,0.806,https://www.youtube.com/watch?v=CqI20V6hvJw
22401153,CqI20V6hvJw,side-court-logo,574.57,2935,14485.7797,0.1458,0.0787,0.3182,0.0307,0.8523,0.0599,0.5361,0.2817,1.0,0.001,0.8964,0.0226,1353.39,323.48,23.14,12.02,0.738,0.123,https://www.youtube.com/watch?v=CqI20V6hvJw
22401153,CqI20V6hvJw,back-court-logo,0.6,3,12.5244,0.1233,0.0678,0.3377,0.0898,0.9491,0.0248,0.4333,0.3026,1.0,0.0,0.7534,0.0818,583.14,218.93,28.11,13.06,0.799,0.411,https://www.youtube.com/watch?v=CqI20V6hvJw
22401153,VNeNq4AC_dA,basket-logo,434.8,10412,358.7053,0.0263,0.0417,0.1113,0.1167,0.5673,0.1515,0.3513,0.3038,0.9981,0.0347,0.9164,0.028,2230.64,1737.38,34.58,17.92,0.195,0.138,https://www.youtube.com/watch?v=VNeNq4AC_dA
22401153,VNeNq4AC_dA,mid-court-logo,338.6,1797,524.9786,0.2227,0.2022,0.5763,0.2378,0.8388,0.1279,0.4197,0.3228,0.9672,0.1257,0.8814,0.0585,654.51,379.33,29.64,15.9,2.002,1.256,https://www.youtube.com/watch?v=VNeNq4AC_dA
22401153,VNeNq4AC_dA,side-court-led-logo,285.6,1429,304.0882,0.1622,0.1595,0.3964,0.1574,0.7388,0.127,0.4602,0.3238,0.9825,0.1217,0.9022,0.0469,983.94,526.02,27.5,15.4,1.078,0.701,https://www.youtube.com/watch?v=VNeNq4AC_dA
22401153,VNeNq4AC_dA,side-court-logo,441.6,2254,419.6276,0.1419,0.0828,0.3387,0.0431,0.8914,0.0801,0.4898,0.2974,0.9992,0.0252,0.8953,0.0219,963.4,265.34,25.15,12.71,0.827,0.185,https://www.youtube.com/watch?v=VNeNq4AC_dA
22401153,VNeNq4AC_dA,back-court-logo,0.4,2,0.3072,0.1171,0.1169,0.3737,0.0625,0.878,0.1139,0.4921,0.4916,0.9792,0.0208,0.7007,0.0728,254.21,91.47,40.99,37.37,0.974,0.269,https://www.youtube.com/watch?v=VNeNq4AC_dA
22401121,LlUxC5m5NMM,mid-court-logo,483.6,2767,776.0901,0.2209,0.2017,0.6068,0.1956,0.9066,0.1164,0.3691,0.3113,0.9979,0.0291,0.8743,0.0431,526.28,260.28,31.97,15.37,2.038,0.958,https://www.youtube.com/watch?v=LlUxC5m5NMM
22401121,LlUxC5m5NMM,side-court-led-logo,507.8,4264,662.773,0.1224,0.1296,0.3375,0.1406,0.7531,0.1361,0.4369,0.3132,0.995,0.0583,0.9114,0.0376,909.21,443.97,28.3,14.56,0.83,0.598,https://www.youtube.com/watch?v=LlUxC5m5NMM
22401121,LlUxC5m5NMM,side-court-logo,510.4,2577,497.8692,0.1522,0.0729,0.3274,0.0492,0.8549,0.0641,0.5466,0.2575,1.0,0.0,0.8928,0.0187,1515.11,294.35,22.74,10.93,0.777,0.203,https://www.youtube.com/watch?v=LlUxC5m5NMM
22401121,LlUxC5m5NMM,back-court-logo,462.0,2310,733.4448,0.2501,0.187,0.5073,0.0969,0.9022,0.0366,0.5275,0.3545,1.0,0.0,0.8851,0.0256,754.49,158.37,25.35,17.81,1.535,0.407,https://www.youtube.com/watch?v=LlUxC5m5NMM
22401121,LlUxC5m5NMM,basket-logo,445.2,12156,367.622,0.0238,0.0322,0.146,0.1149,0.4021,0.1335,0.3508,0.2926,0.9997,0.015,0.894,0.0351,1566.18,1088.88,34.47,17.7,0.23,0.172,https://www.youtube.com/watch?v=LlUxC5m5NMM
22401153,ox0nHXGoxys,basket-logo,349.35,8160,930.7305,0.0219,0.0409,0.075,0.1086,0.5561,0.1505,0.473,0.2952,0.9977,0.0328,0.9165,0.0293,1945.46,1265.12,27.19,15.02,0.163,0.115,https://www.youtube.com/watch?v=ox0nHXGoxys
22401153,ox0nHXGoxys,mid-court-logo,355.35,2593,1863.0392,0.1378,0.1716,0.5993,0.2134,0.844,0.1271,0.2686,0.2917,0.9926,0.0675,0.8752,0.0684,1348.52,1250.42,37.86,15.9,2.053,1.228,https://www.youtube.com/watch?v=ox0nHXGoxys
22401153,ox0nHXGoxys,side-court-led-logo,342.74,1713,639.1257,0.0715,0.1159,0.3717,0.1395,0.7172,0.1544,0.2196,0.27,0.9737,0.1419,0.9155,0.038,739.49,411.3,40.98,15.7,1.038,1.439,https://www.youtube.com/watch?v=ox0nHXGoxys
22401153,ox0nHXGoxys,side-court-logo,347.15,1742,1165.0711,0.1282,0.0734,0.3179,0.0282,0.8234,0.0738,0.4951,0.2774,0.999,0.0202,0.8948,0.0261,1021.77,276.42,24.58,11.71,0.736,0.117,https://www.youtube.com/watch?v=ox0nHXGoxys
22401091,Ef78xLCk5tc,back-court-logo,469.4,2347,5075.5995,0.2506,0.1818,0.5078,0.0827,0.9433,0.027,0.5141,0.3564,1.0,0.0,0.8756,0.0258,1618.3,376.42,25.9,17.78,1.533,0.336,https://www.youtube.com/watch?v=Ef78xLCk5tc
22401091,Ef78xLCk5tc,basket-logo,447.6,11045,2890.4421,0.0303,0.0294,0.191,0.0791,0.461,0.1101,0.3341,0.2754,0.9992,0.0187,0.8938,0.0484,4134.7,3174.87,34.68,16.56,0.226,0.109,https://www.youtube.com/watch?v=Ef78xLCk5tc
22401091,Ef78xLCk5tc,mid-court-logo,323.8,1728,3207.0275,0.2151,0.2002,0.5559,0.2322,0.8595,0.1186,0.3913,0.3162,0.9988,0.0253,0.8739,0.068,864.26,341.53,31.41,16.28,1.868,1.168,https://www.youtube.com/watch?v=Ef78xLCk5tc
22401091,Ef78xLCk5tc,side-court-led-logo,253.4,1267,1903.3235,0.1741,0.1997,0.4212,0.2482,0.7742,0.1908,0.3922,0.287,0.9937,0.0556,0.8943,0.0525,889.26,543.43,30.71,14.87,1.3,1.272,https://www.youtube.com/watch?v=Ef78xLCk5tc
22401091,Ef78xLCk5tc,side-court-logo,502.0,2570,3162.6643,0.1426,0.1045,0.3639,0.0505,0.917,0.0881,0.4316,0.308,0.9998,0.0099,0.8887,0.0304,2717.6,601.38,27.99,13.74,0.947,0.392,https://www.youtube.com/watch?v=Ef78xLCk5tc
22401121,IboNYk0_Ocw,back-court-logo,418.02,2088,62.0755,0.2439,0.1848,0.4972,0.0963,0.9039,0.0396,0.5244,0.3567,0.9976,0.0428,0.8812,0.0301,1056.6,250.29,25.48,17.88,1.491,0.407,https://www.youtube.com/watch?v=IboNYk0_Ocw
22401121,IboNYk0_Ocw,basket-logo,400.2,10748,30.2851,0.0231,0.0317,0.1426,0.1141,0.4027,0.1309,0.3488,0.2927,0.9996,0.0178,0.8931,0.0378,2257.67,1541.68,34.56,17.71,0.222,0.156,https://www.youtube.com/watch?v=IboNYk0_Ocw
22401121,IboNYk0_Ocw,mid-court-logo,454.45,2657,68.4134,0.2112,0.1982,0.5816,0.1978,0.8969,0.1165,0.368,0.3112,0.9941,0.0654,0.8777,0.0413,750.55,301.73,32.07,15.41,1.924,0.961,https://www.youtube.com/watch?v=IboNYk0_Ocw
22401121,IboNYk0_Ocw,side-court-led-logo,478.08,3995,60.995,0.1252,0.134,0.349,0.1554,0.7518,0.1392,0.4336,0.3124,0.9961,0.0524,0.9102,0.0427,1068.33,528.16,28.47,14.66,0.956,2.122,https://www.youtube.com/watch?v=IboNYk0_Ocw
22401121,IboNYk0_Ocw,side-court-logo,470.47,2369,43.245,0.1497,0.0734,0.3203,0.0467,0.8509,0.0701,0.5476,0.256,0.9995,0.0163,0.888,0.0245,2053.53,476.37,22.66,10.93,0.746,0.19,https://www.youtube.com/watch?v=IboNYk0_Ocw
22401121,Bxj4IPtOIyE,mid-court-logo,440.3,2523,63.3464,0.2254,0.199,0.6044,0.2006,0.902,0.1194,0.3793,0.3081,0.9986,0.0255,0.8746,0.044,581.54,273.49,31.23,15.0,2.035,0.985,https://www.youtube.com/watch?v=Bxj4IPtOIyE
22401121,Bxj4IPtOIyE,side-court-led-logo,462.73,3895,54.2646,0.1251,0.1349,0.3389,0.1454,0.7505,0.139,0.4393,0.3099,0.9966,0.0469,0.9104,0.0404,985.61,474.86,28.06,14.28,0.839,0.618,https://www.youtube.com/watch?v=Bxj4IPtOIyE
22401121,Bxj4IPtOIyE,side-court-logo,462.93,2338,39.9327,0.1533,0.0735,0.3242,0.053,0.8475,0.08,0.5523,0.2576,1.0,0.0,0.8904,0.023,1603.88,351.31,22.5,10.79,0.764,0.215,https://www.youtube.com/watch?v=Bxj4IPtOIyE
22401121,Bxj4IPtOIyE,back-court-logo,414.23,2050,56.7371,0.2484,0.184,0.5066,0.0972,0.9016,0.0373,0.5271,0.3485,1.0,0.0,0.8857,0.0235,832.26,181.75,25.21,17.16,1.532,0.407,https://www.youtube.com/watch?v=Bxj4IPtOIyE
22401121,Bxj4IPtOIyE,basket-logo,399.28,10753,27.7587,0.0232,0.0304,0.1474,0.1139,0.4014,0.1314,0.3433,0.2827,0.9999,0.0095,0.8942,0.0347,1701.29,1136.81,34.43,16.98,0.228,0.165,https://www.youtube.com/watch?v=Bxj4IPtOIyE
22401095,nW3QW4VgYks,mid-court-logo,258.4,1483,1581.1738,0.1703,0.1585,0.4856,0.216,0.7855,0.2222,0.4362,0.3116,0.9974,0.0396,0.8445,0.0664,794.92,367.63,28.55,15.24,1.505,1.126,https://www.youtube.com/watch?v=nW3QW4VgYks
22401095,nW3QW4VgYks,side-court-led-logo,420.4,2103,3459.5838,0.2628,0.2557,0.5748,0.2304,0.9717,0.0383,0.399,0.3376,0.9945,0.0672,0.8806,0.0612,1509.38,652.32,31.21,16.9,2.515,4.586,https://www.youtube.com/watch?v=nW3QW4VgYks
22401095,nW3QW4VgYks,back-court-logo,444.8,2224,2931.8349,0.2106,0.1492,0.3859,0.0648,0.9445,0.0301,0.5515,0.3549,1.0,0.0,0.878,0.0267,2643.41,646.53,24.61,18.15,1.03,0.268,https://www.youtube.com/watch?v=nW3QW4VgYks
22401095,nW3QW4VgYks,basket-logo,429.4,12292,2428.9512,0.0316,0.0388,0.1578,0.1136,0.4649,0.152,0.3482,0.2737,0.9997,0.0171,0.8961,0.053,3285.27,1401.25,34.28,17.1,0.24,0.177,https://www.youtube.com/watch?v=nW3QW4VgYks
22401095,nW3QW4VgYks,side-court-logo,0.6,3,0.4898,0.0261,0.0235,0.2351,0.0114,0.4315,0.0216,0.265,0.2338,1.0,0.0,0.6852,0.0773,3677.27,1185.55,38.58,15.74,0.319,0.063,https://www.youtube.com/watch?v=nW3QW4VgYks
22401090,NkXc81UUahM,back-court-logo,481.4,2407,77.1564,0.2422,0.1549,0.4398,0.0806,0.8955,0.0343,0.5961,0.3361,1.0,0.0,0.8804,0.02,1696.94,402.44,21.35,15.38,1.26,0.413,https://www.youtube.com/watch?v=NkXc81UUahM
22401090,NkXc81UUahM,basket-logo,470.0,14488,41.6593,0.0217,0.0318,0.1155,0.1128,0.383,0.1271,0.4004,0.3019,0.9999,0.0089,0.9118,0.0319,2655.5,1509.73,31.17,16.31,0.177,0.115,https://www.youtube.com/watch?v=NkXc81UUahM
22401090,NkXc81UUahM,mid-court-logo,428.4,2394,74.3739,0.2348,0.2132,0.6072,0.2436,0.9245,0.1072,0.3726,0.2899,1.0,0.0005,0.8774,0.0676,1193.5,509.4,31.2,14.08,2.172,1.311,https://www.youtube.com/watch?v=NkXc81UUahM
22401090,NkXc81UUahM,side-court-led-logo,510.4,3825,74.8475,0.1479,0.1123,0.3376,0.1141,0.8891,0.1303,0.4721,0.285,0.9824,0.1189,0.9177,0.0382,1628.89,1011.25,26.24,13.13,0.915,2.834,https://www.youtube.com/watch?v=NkXc81UUahM
22401090,NkXc81UUahM,side-court-logo,2.2,11,0.2005,0.1377,0.1681,0.5827,0.3809,0.8407,0.1466,0.4194,0.2429,0.7602,0.3833,0.695,0.0936,472.65,305.33,27.84,10.28,9.487,10.225,https://www.youtube.com/watch?v=NkXc81UUahM
22401087,y_4h2X_ldKY,mid-court-logo,334.13,1806,321.6846,0.1808,0.1495,0.5004,0.1784,0.824,0.1594,0.4172,0.3064,0.9935,0.0511,0.86,0.0687,490.67,268.42,29.55,15.25,1.527,0.819,https://www.youtube.com/watch?v=y_4h2X_ldKY
22401087,y_4h2X_ldKY,side-court-led-logo,314.91,1573,363.0166,0.2342,0.2436,0.5128,0.2544,0.8075,0.1473,0.4467,0.3286,0.9949,0.0554,0.8849,0.0589,755.4,413.31,29.08,16.78,2.11,4.398,https://www.youtube.com/watch?v=y_4h2X_ldKY
22401087,y_4h2X_ldKY,side-court-logo,513.71,2645,310.583,0.1192,0.0935,0.341,0.0617,0.8948,0.1056,0.3986,0.3059,1.0,0.0,0.8939,0.0271,1771.85,677.6,29.85,14.4,0.839,0.249,https://www.youtube.com/watch?v=y_4h2X_ldKY
22401087,y_4h2X_ldKY,back-court-logo,488.29,2439,838.103,0.3487,0.2559,0.6188,0.1412,0.9471,0.0271,0.5516,0.353,1.0,0.0002,0.8857,0.0241,879.49,263.27,24.23,17.56,2.056,0.727,https://www.youtube.com/watch?v=y_4h2X_ldKY
22401087,y_4h2X_ldKY,basket-logo,471.47,14897,336.6863,0.0229,0.0308,0.1373,0.1117,0.4005,0.1328,0.3323,0.2758,0.9632,0.1309,0.8986,0.0513,836.71,698.29,35.03,16.94,0.2,0.127,https://www.youtube.com/watch?v=y_4h2X_ldKY
22401111,9zCHqcabIk4,back-court-logo,458.8,2294,134.8594,0.2703,0.1991,0.4924,0.0926,0.9424,0.0272,0.5451,0.3592,1.0,0.0001,0.8909,0.0266,1530.71,340.45,24.88,18.49,1.472,0.381,https://www.youtube.com/watch?v=9zCHqcabIk4
22401111,9zCHqcabIk4,mid-court-logo,250.6,1458,80.0354,0.2524,0.1931,0.6041,0.2275,0.8881,0.117,0.4535,0.2944,1.0,0.0008,0.8794,0.0459,891.5,409.35,27.62,14.49,2.094,1.177,https://www.youtube.com/watch?v=9zCHqcabIk4
22401111,9zCHqcabIk4,side-court-led-logo,142.6,713,35.5264,0.2291,0.1959,0.5014,0.2424,0.8335,0.1706,0.5237,0.3201,0.9582,0.1766,0.8799,0.055,821.98,593.37,25.16,16.02,2.058,5.637,https://www.youtube.com/watch?v=9zCHqcabIk4
22401111,9zCHqcabIk4,side-court-logo,475.6,3114,66.0244,0.0975,0.0854,0.2744,0.0561,0.8325,0.2233,0.4236,0.3223,1.0,0.0,0.8866,0.0355,2691.84,904.11,29.58,15.98,0.546,0.183,https://www.youtube.com/watch?v=9zCHqcabIk4
22401111,9zCHqcabIk4,basket-logo,438.2,13265,70.6319,0.0245,0.0314,0.1468,0.1115,0.431,0.1406,0.3131,0.2676,0.9982,0.037,0.91,0.0359,2233.74,1745.36,36.14,17.08,0.211,0.157,https://www.youtube.com/watch?v=9zCHqcabIk4
22401111,6m1SZpKnxYU,back-court-logo,444.6,2223,3600.3937,0.2654,0.1981,0.4934,0.0885,0.9421,0.0268,0.537,0.3631,0.9997,0.012,0.8907,0.0279,1486.69,323.73,25.35,18.72,1.482,0.541,https://www.youtube.com/watch?v=6m1SZpKnxYU
22401111,6m1SZpKnxYU,basket-logo,426.4,12872,1911.121,0.0243,0.0318,0.1469,0.1115,0.4303,0.1411,0.3115,0.2705,0.9981,0.0373,0.9101,0.0352,2176.66,1693.46,36.56,17.55,0.211,0.16,https://www.youtube.com/watch?v=6m1SZpKnxYU
22401111,6m1SZpKnxYU,side-court-logo,452.4,2860,1764.5549,0.1011,0.0877,0.2771,0.0574,0.8454,0.2175,0.4267,0.326,1.0,0.0,0.8892,0.0323,2554.85,878.86,29.46,16.14,0.561,0.184,https://www.youtube.com/watch?v=6m1SZpKnxYU
22401111,6m1SZpKnxYU,mid-court-logo,235.6,1322,2010.2944,0.2492,0.1943,0.6079,0.2329,0.8941,0.1138,0.442,0.2956,0.9997,0.0082,0.8775,0.0514,854.63,402.72,28.21,14.77,2.121,1.193,https://www.youtube.com/watch?v=6m1SZpKnxYU
22401111,6m1SZpKnxYU,side-court-led-logo,125.4,627,812.9268,0.2125,0.1904,0.4862,0.2472,0.8324,0.1735,0.5143,0.3272,0.9392,0.2132,0.8825,0.0538,702.23,504.84,25.74,16.43,1.931,5.086,https://www.youtube.com/watch?v=6m1SZpKnxYU
22401100,E07_YjIRulo,back-court-logo,539.54,2698,74916.0783,0.295,0.2121,0.5688,0.1188,0.9225,0.03,0.5355,0.3336,1.0,0.0,0.8919,0.021,1659.92,394.47,24.14,15.53,1.814,0.592,https://www.youtube.com/watch?v=E07_YjIRulo
22401100,E07_YjIRulo,basket-logo,528.93,19871,29560.6482,0.0158,0.0267,0.102,0.1141,0.3285,0.142,0.3344,0.2815,1.0,0.0022,0.9059,0.0403,3538.61,2276.04,34.52,16.24,0.163,0.133,https://www.youtube.com/watch?v=E07_YjIRulo
22401100,E07_YjIRulo,mid-court-logo,451.65,2467,43331.793,0.1866,0.1692,0.5412,0.2185,0.8084,0.2011,0.4028,0.302,1.0,0.0,0.8535,0.057,1587.59,563.59,30.06,14.65,1.728,0.975,https://www.youtube.com/watch?v=E07_YjIRulo
22401100,E07_YjIRulo,side-court-led-logo,489.29,2444,43847.4249,0.1906,0.2076,0.4791,0.1974,0.7905,0.1465,0.3839,0.3137,0.9979,0.0339,0.8936,0.0503,896.48,425.53,31.43,15.65,1.52,1.103,https://www.youtube.com/watch?v=E07_YjIRulo
22401100,E07_YjIRulo,side-court-logo,557.96,3202,35962.3043,0.1193,0.0843,0.3384,0.0671,0.762,0.1728,0.4775,0.3091,1.0,0.0,0.8702,0.0559,2368.42,582.13,26.11,13.72,0.829,0.267,https://www.youtube.com/watch?v=E07_YjIRulo
22401100,85cFaxwx7wk,mid-court-logo,381.6,2206,9010.07,0.1793,0.1578,0.4977,0.2121,0.7621,0.1962,0.4377,0.3172,1.0,0.0006,0.8647,0.0526,1459.15,411.87,28.45,15.02,1.55,0.99,https://www.youtube.com/watch?v=85cFaxwx7wk
22401100,85cFaxwx7wk,side-court-led-logo,460.2,2301,10852.4797,0.207,0.226,0.507,0.2171,0.7901,0.145,0.3918,0.3338,0.9926,0.0678,0.8899,0.0574,741.22,367.28,31.47,16.69,1.954,3.887,https://www.youtube.com/watch?v=85cFaxwx7wk
22401100,85cFaxwx7wk,side-court-logo,534.8,3192,7672.4061,0.1055,0.0816,0.3345,0.0658,0.7557,0.1853,0.4379,0.3111,1.0,0.0,0.8696,0.0582,1918.34,501.63,28.2,14.53,0.807,0.277,https://www.youtube.com/watch?v=85cFaxwx7wk
22401100,85cFaxwx7wk,back-court-logo,505.8,2529,18269.9751,0.3171,0.2304,0.5784,0.1304,0.9253,0.0312,0.5566,0.3511,1.0,0.0009,0.8916,0.02,1288.44,330.77,23.68,16.92,1.871,0.675,https://www.youtube.com/watch?v=85cFaxwx7wk
22401100,85cFaxwx7wk,basket-logo,492.4,18414,7688.1013,0.0183,0.0302,0.1042,0.1155,0.3319,0.1455,0.3639,0.2963,0.9996,0.0144,0.9064,0.0402,2668.75,1666.55,33.64,17.25,0.169,0.142,https://www.youtube.com/watch?v=85cFaxwx7wk
22401085,2qk5yiC8HiE,mid-court-logo,484.48,2658,559.191,0.1729,0.1879,0.5839,0.2337,0.8491,0.1429,0.3251,0.3106,0.9992,0.0247,0.8912,0.0356,1283.9,414.19,34.57,15.93,1.955,1.13,https://www.youtube.com/watch?v=2qk5yiC8HiE
22401085,2qk5yiC8HiE,side-court-led-logo,431.23,2154,397.6338,0.1517,0.2029,0.4349,0.2133,0.7772,0.1497,0.3286,0.323,0.9889,0.0973,0.897,0.0444,1532.42,1044.03,35.05,16.89,1.32,1.132,https://www.youtube.com/watch?v=2qk5yiC8HiE
22401085,2qk5yiC8HiE,side-court-logo,497.1,2596,389.9913,0.1235,0.08,0.3294,0.0489,0.8222,0.0808,0.4666,0.3071,0.9989,0.028,0.8921,0.0307,2416.69,588.98,26.21,13.3,0.811,0.683,https://www.youtube.com/watch?v=2qk5yiC8HiE
22401085,2qk5yiC8HiE,back-court-logo,461.86,2307,558.8385,0.1991,0.1206,0.3691,0.0436,0.8889,0.0336,0.6021,0.3472,1.0,0.0,0.8777,0.0268,1617.7,424.47,21.48,16.26,0.962,0.176,https://www.youtube.com/watch?v=2qk5yiC8HiE
22401085,2qk5yiC8HiE,basket-logo,455.05,14713,286.7811,0.016,0.0305,0.0813,0.1124,0.3902,0.1371,0.3997,0.3025,0.9984,0.0328,0.9038,0.0336,2321.46,2084.52,31.73,17.13,0.165,0.219,https://www.youtube.com/watch?v=2qk5yiC8HiE
22401088,uBSp5IHM-k4,side-court-logo,540.34,2810,1937.9966,0.1319,0.0957,0.3391,0.052,0.9905,0.0193,0.4123,0.3065,1.0,0.0,0.9018,0.0216,3729.24,952.19,29.47,14.71,0.83,0.212,https://www.youtube.com/watch?v=uBSp5IHM-k4
22401088,uBSp5IHM-k4,side-court-led-logo,259.46,1296,1001.8965,0.1478,0.1484,0.3589,0.1815,0.9629,0.0473,0.3913,0.3058,0.9934,0.0638,0.8867,0.0595,822.6,422.8,31.34,15.98,0.945,1.166,https://www.youtube.com/watch?v=uBSp5IHM-k4
22401088,uBSp5IHM-k4,back-court-logo,505.71,2526,4349.943,0.3293,0.2513,0.6288,0.1022,0.9421,0.0165,0.5209,0.3661,1.0,0.0,0.8973,0.0207,1269.66,260.74,25.88,18.67,2.058,0.475,https://www.youtube.com/watch?v=uBSp5IHM-k4
22401088,uBSp5IHM-k4,basket-logo,495.9,11531,1529.4706,0.0254,0.0288,0.172,0.0931,0.4323,0.1225,0.3039,0.2885,0.9962,0.0438,0.9142,0.0302,2486.58,1529.5,38.03,18.99,0.215,0.09,https://www.youtube.com/watch?v=uBSp5IHM-k4
22401088,uBSp5IHM-k4,mid-court-logo,2.2,11,2.1091,0.0367,0.0964,0.3669,0.148,0.8398,0.1686,0.1918,0.2074,0.5751,0.4585,0.7369,0.0781,156.91,145.9,46.89,20.03,0.912,0.641,https://www.youtube.com/watch?v=uBSp5IHM-k4
22401101,OFTDtOvPaAc,back-court-logo,432.2,2161,7185.3865,0.3464,0.2683,0.6688,0.1107,0.9516,0.018,0.5155,0.3652,0.9997,0.0118,0.9076,0.0238,1479.4,355.35,25.89,18.34,2.293,0.73,https://www.youtube.com/watch?v=OFTDtOvPaAc
22401101,OFTDtOvPaAc,basket-logo,428.0,11628,2448.07,0.0219,0.0303,0.1357,0.1099,0.3962,0.1189,0.3186,0.2872,0.9989,0.0274,0.9106,0.0307,3796.13,2085.71,36.51,17.91,0.19,0.281,https://www.youtube.com/watch?v=OFTDtOvPaAc
22401101,OFTDtOvPaAc,mid-court-logo,417.0,2362,4119.5705,0.1817,0.1791,0.4354,0.1527,0.8501,0.123,0.4135,0.3509,0.9996,0.0202,0.8952,0.0338,1147.09,413.06,30.92,17.9,1.242,0.624,https://www.youtube.com/watch?v=OFTDtOvPaAc
22401101,OFTDtOvPaAc,side-court-led-logo,461.8,3095,4012.3578,0.135,0.1256,0.361,0.1375,0.8335,0.1328,0.4353,0.3087,0.9979,0.0345,0.8994,0.0428,1190.41,658.52,28.6,14.84,1.013,2.382,https://www.youtube.com/watch?v=OFTDtOvPaAc
22401101,OFTDtOvPaAc,side-court-logo,1.8,9,20.4858,0.2371,0.1807,0.5925,0.3651,0.7902,0.3053,0.3596,0.1707,0.9998,0.0004,0.7401,0.0789,642.9,404.38,31.28,12.17,2.227,1.433,https://www.youtube.com/watch?v=OFTDtOvPaAc
22401084,durnvf88l0E,mid-court-logo,407.6,2143,169.4049,0.1931,0.181,0.5728,0.2015,0.8908,0.0987,0.3799,0.3411,0.9998,0.006,0.8926,0.0517,1231.31,488.4,33.38,18.97,1.927,1.449,https://www.youtube.com/watch?v=durnvf88l0E
22401084,durnvf88l0E,side-court-led-logo,317.8,1589,131.8795,0.2027,0.2196,0.4551,0.2223,0.8405,0.1721,0.4038,0.3301,0.9855,0.1065,0.8987,0.0433,800.92,498.37,32.09,18.53,1.407,1.137,https://www.youtube.com/watch?v=durnvf88l0E
22401084,durnvf88l0E,side-court-logo,505.4,2618,151.6419,0.1415,0.1091,0.4053,0.0754,0.9237,0.0736,0.3988,0.3053,0.999,0.0289,0.8991,0.0189,2710.18,777.55,29.97,14.5,1.135,0.837,https://www.youtube.com/watch?v=durnvf88l0E
22401084,durnvf88l0E,back-court-logo,460.6,2304,316.2302,0.3353,0.2705,0.6549,0.1252,0.9401,0.0305,0.5056,0.3749,1.0,0.0,0.8916,0.0276,1769.86,441.66,27.26,19.68,2.206,0.638,https://www.youtube.com/watch?v=durnvf88l0E
22401084,durnvf88l0E,basket-logo,441.8,11508,121.7429,0.0258,0.0325,0.1478,0.1123,0.3681,0.1377,0.3582,0.287,0.9986,0.0355,0.9069,0.0439,2420.79,1241.01,34.42,18.14,0.216,0.139,https://www.youtube.com/watch?v=durnvf88l0E
22401101,YMLN3RjsJqM,side-court-led-logo,469.8,3166,123.0542,0.1381,0.1284,0.3613,0.1373,0.8352,0.1314,0.4432,0.3104,0.9982,0.0312,0.8984,0.0422,1262.66,677.18,28.14,14.7,1.004,2.491,https://www.youtube.com/watch?v=YMLN3RjsJqM
22401101,YMLN3RjsJqM,mid-court-logo,424.8,2416,125.4338,0.1845,0.1806,0.4344,0.1535,0.8496,0.1223,0.4211,0.3508,0.9999,0.0024,0.8944,0.0346,1186.41,425.13,30.49,17.75,1.236,0.633,https://www.youtube.com/watch?v=YMLN3RjsJqM
22401101,YMLN3RjsJqM,back-court-logo,435.6,2178,212.6022,0.3469,0.2701,0.6703,0.1116,0.9519,0.0183,0.5139,0.3661,1.0,0.0012,0.9074,0.0212,1533.17,363.51,25.99,18.41,2.304,0.748,https://www.youtube.com/watch?v=YMLN3RjsJqM
22401101,YMLN3RjsJqM,basket-logo,431.4,11724,71.5299,0.0217,0.0299,0.1351,0.1101,0.3968,0.1193,0.3133,0.2834,0.9987,0.0271,0.9103,0.032,3942.36,2136.49,36.84,17.94,0.19,0.267,https://www.youtube.com/watch?v=YMLN3RjsJqM
22401101,YMLN3RjsJqM,side-court-logo,2.2,11,1.0624,0.3433,0.3587,0.4975,0.3324,0.7435,0.3046,0.5335,0.3729,0.9928,0.0228,0.7333,0.0876,906.64,665.84,27.01,21.82,1.661,1.504,https://www.youtube.com/watch?v=YMLN3RjsJqM
22401099,68bqp3fatHI,back-court-logo,442.0,2212,1783.8421,0.2793,0.2271,0.533,0.1196,0.9383,0.0239,0.5124,0.3646,1.0,0.0,0.892,0.0292,1645.22,520.8,25.97,18.21,1.65,0.522,https://www.youtube.com/watch?v=68bqp3fatHI
22401099,68bqp3fatHI,basket-logo,433.8,7957,784.4898,0.0341,0.0354,0.1815,0.0876,0.4914,0.1342,0.3303,0.2975,0.9997,0.0117,0.912,0.0312,2207.35,1219.02,35.87,18.08,0.224,0.093,https://www.youtube.com/watch?v=68bqp3fatHI
22401099,68bqp3fatHI,side-court-logo,475.8,2447,1122.3122,0.1589,0.1083,0.3799,0.0666,0.9199,0.0774,0.4751,0.3229,1.0,0.0,0.886,0.0318,2560.96,712.26,26.4,14.61,1.006,0.269,https://www.youtube.com/watch?v=68bqp3fatHI
22401099,68bqp3fatHI,mid-court-logo,373.2,2173,1454.6144,0.2318,0.1969,0.6169,0.2399,0.8643,0.1534,0.409,0.3127,0.9999,0.0036,0.8825,0.0506,1747.1,689.63,30.06,15.67,2.16,1.225,https://www.youtube.com/watch?v=68bqp3fatHI
22401099,68bqp3fatHI,side-court-led-logo,346.8,1734,1096.7101,0.2191,0.2148,0.475,0.2332,0.8203,0.1477,0.454,0.3298,0.9941,0.0613,0.889,0.0521,1474.58,967.76,28.27,16.31,1.781,3.731,https://www.youtube.com/watch?v=68bqp3fatHI
2022400521,s0ivZLAbeic,mid-court-logo,69.4,361,1.3909,0.032,0.0536,0.4153,0.1295,0.7675,0.0934,0.3718,0.3311,0.2743,0.3388,0.8568,0.0635,72.39,56.02,32.24,16.33,1.141,0.544,https://www.youtube.com/watch?v=s0ivZLAbeic
2022400521,s0ivZLAbeic,side-court-led-logo,56.4,282,6.999,0.2063,0.2069,0.5651,0.2851,0.8039,0.1571,0.3555,0.2729,0.9624,0.1259,0.8909,0.0621,362.55,217.99,31.59,13.76,2.299,3.273,https://www.youtube.com/watch?v=s0ivZLAbeic
2022400521,s0ivZLAbeic,side-court-logo,86.2,444,10.2914,0.1926,0.1094,0.4317,0.0662,0.9487,0.0616,0.4699,0.2653,0.9978,0.0164,0.8851,0.0383,286.75,59.89,25.64,11.14,1.226,0.255,https://www.youtube.com/watch?v=s0ivZLAbeic
2022400521,s0ivZLAbeic,back-court-logo,6.2,31,0.5751,0.1542,0.1117,0.7798,0.1192,0.9785,0.0158,0.3871,0.2157,0.5229,0.2136,0.771,0.0853,102.21,19.1,30.08,11.7,2.845,0.604,https://www.youtube.com/watch?v=s0ivZLAbeic
2022400521,s0ivZLAbeic,basket-logo,53.6,608,1.1369,0.0155,0.0212,0.1736,0.0841,0.6504,0.1424,0.353,0.2153,0.3694,0.3639,0.8216,0.0689,183.26,882.67,31.75,12.75,0.182,0.068,https://www.youtube.com/watch?v=s0ivZLAbeic
22401099,r9i21uEMU3E,mid-court-logo,478.48,5224,94.5842,0.1557,0.1569,0.5064,0.1909,0.7959,0.1606,0.3892,0.3173,0.946,0.1716,0.8783,0.0507,1217.42,730.89,31.58,16.44,1.58,0.92,https://www.youtube.com/watch?v=r9i21uEMU3E
22401099,r9i21uEMU3E,side-court-led-logo,473.87,2373,49.1593,0.1781,0.2019,0.4679,0.2164,0.7501,0.1092,0.3927,0.3383,0.998,0.0328,0.8973,0.0471,1542.06,1014.91,31.99,17.49,1.719,3.128,https://www.youtube.com/watch?v=r9i21uEMU3E
22401099,r9i21uEMU3E,side-court-logo,490.49,2574,43.6568,0.1458,0.0866,0.3307,0.0514,0.8442,0.0864,0.5276,0.3054,0.9997,0.0112,0.8849,0.0335,3494.34,938.46,23.75,13.25,0.795,0.2,https://www.youtube.com/watch?v=r9i21uEMU3E
22401099,r9i21uEMU3E,back-court-logo,447.45,2238,58.5645,0.225,0.169,0.4403,0.076,0.9197,0.0259,0.53,0.3599,0.9992,0.0176,0.8849,0.0237,1987.44,528.38,24.48,16.96,1.258,0.318,https://www.youtube.com/watch?v=r9i21uEMU3E
22401099,r9i21uEMU3E,basket-logo,433.43,8163,25.3158,0.0267,0.0349,0.134,0.1082,0.4638,0.1282,0.3645,0.3122,0.9973,0.0452,0.9121,0.0285,2437.62,1778.37,33.54,17.27,0.189,0.097,https://www.youtube.com/watch?v=r9i21uEMU3E
22401075,stYxyfgiBBA,mid-court-logo,482.2,2597,37.5828,0.1436,0.1531,0.4617,0.1825,0.8559,0.1383,0.3413,0.3215,0.9999,0.0016,0.8806,0.051,788.7,273.18,34.44,17.07,1.353,0.757,https://www.youtube.com/watch?v=stYxyfgiBBA
22401075,stYxyfgiBBA,side-court-led-logo,345.8,1730,26.6958,0.1531,0.1852,0.4081,0.2039,0.8097,0.1569,0.3741,0.3255,1.0,0.0,0.8833,0.0573,732.38,270.03,32.75,17.22,1.161,1.028,https://www.youtube.com/watch?v=stYxyfgiBBA
22401075,stYxyfgiBBA,side-court-logo,530.6,2748,25.5237,0.0922,0.0653,0.2774,0.0312,0.8214,0.1109,0.4264,0.3117,1.0,0.0,0.8823,0.0217,3693.26,940.18,28.62,14.44,0.544,0.127,https://www.youtube.com/watch?v=stYxyfgiBBA
22401075,stYxyfgiBBA,back-court-logo,501.0,2505,58.3391,0.2311,0.1545,0.4169,0.0706,0.8983,0.0345,0.5899,0.3492,1.0,0.0,0.8843,0.0214,1990.77,382.42,21.96,16.5,1.16,0.288,https://www.youtube.com/watch?v=stYxyfgiBBA
22401075,stYxyfgiBBA,basket-logo,488.6,14201,36.3899,0.0254,0.0338,0.1383,0.1144,0.4214,0.1299,0.3681,0.2988,0.9922,0.0622,0.8832,0.0567,1172.05,788.36,33.52,17.49,0.218,0.148,https://www.youtube.com/watch?v=stYxyfgiBBA
22401079,gIjzHabEvWY,basket-logo,475.4,10609,4627.4249,0.0379,0.045,0.1592,0.111,0.6005,0.1539,0.3623,0.3014,0.9985,0.0311,0.9173,0.0312,1382.65,634.8,33.68,17.4,0.232,0.223,https://www.youtube.com/watch?v=gIjzHabEvWY
22401079,gIjzHabEvWY,side-court-led-logo,299.2,1497,3366.7908,0.1957,0.21,0.4345,0.2274,0.7752,0.1697,0.4434,0.3187,0.9762,0.1212,0.8926,0.0555,607.79,347.05,28.73,15.99,1.437,2.4,https://www.youtube.com/watch?v=gIjzHabEvWY
22401079,gIjzHabEvWY,side-court-logo,519.6,2626,4651.3986,0.1541,0.1046,0.3795,0.0417,0.9401,0.0568,0.4451,0.3086,1.0,0.0,0.897,0.0173,856.14,194.8,27.42,13.72,1.006,0.173,https://www.youtube.com/watch?v=gIjzHabEvWY
22401079,gIjzHabEvWY,mid-court-logo,355.8,1879,5746.351,0.266,0.2364,0.6335,0.2825,0.8668,0.1219,0.4015,0.3092,0.9775,0.0993,0.8773,0.0589,666.48,409.17,30.79,16.16,2.717,2.803,https://www.youtube.com/watch?v=gIjzHabEvWY
22401079,gIjzHabEvWY,back-court-logo,0.4,2,5.9531,0.2589,0.0062,0.3746,0.0241,0.8908,0.0062,0.7799,0.0633,1.0,0.0,0.6863,0.0227,845.62,24.34,14.0,2.32,0.986,0.103,https://www.youtube.com/watch?v=gIjzHabEvWY
22401097,Cw0ccFD-s4g,back-court-logo,432.8,2164,1328.3787,0.2876,0.2013,0.5314,0.086,0.9541,0.0216,0.5532,0.358,0.9997,0.0125,0.8945,0.029,927.72,238.1,24.24,17.88,1.634,0.372,https://www.youtube.com/watch?v=Cw0ccFD-s4g
22401097,Cw0ccFD-s4g,basket-logo,420.0,11362,669.2968,0.0276,0.0348,0.1386,0.1109,0.4317,0.1653,0.3689,0.2839,0.9933,0.0603,0.8922,0.0577,1091.47,1007.59,33.24,17.16,0.191,0.13,https://www.youtube.com/watch?v=Cw0ccFD-s4g
22401097,Cw0ccFD-s4g,mid-court-logo,399.0,2255,911.5329,0.1894,0.1986,0.464,0.1942,0.8417,0.1341,0.3986,0.3487,0.9233,0.2055,0.8739,0.0491,352.8,181.58,32.01,18.38,1.41,1.491,https://www.youtube.com/watch?v=Cw0ccFD-s4g
22401097,Cw0ccFD-s4g,side-court-led-logo,498.2,3274,904.7,0.1294,0.1241,0.4483,0.1553,0.7513,0.1016,0.4198,0.2964,0.8858,0.2624,0.9089,0.0399,416.12,339.06,28.88,13.98,1.388,2.113,https://www.youtube.com/watch?v=Cw0ccFD-s4g
22401097,Cw0ccFD-s4g,side-court-logo,476.2,2400,538.577,0.1051,0.0736,0.3639,0.0602,0.6715,0.0477,0.4351,0.2955,0.9996,0.0162,0.8501,0.0465,949.17,245.8,27.81,13.23,0.938,0.247,https://www.youtube.com/watch?v=Cw0ccFD-s4g
22401093,ViH4kuOuNxY,back-court-logo,426.6,2133,14501.7576,0.3635,0.268,0.6774,0.1244,0.9519,0.0199,0.537,0.3584,0.9999,0.003,0.898,0.0216,1176.46,321.45,24.94,17.97,2.338,0.728,https://www.youtube.com/watch?v=ViH4kuOuNxY
22401093,ViH4kuOuNxY,basket-logo,419.6,11534,4254.2391,0.0197,0.0279,0.1168,0.1108,0.381,0.1184,0.343,0.2913,0.9996,0.0106,0.9132,0.0261,3574.02,2165.17,34.76,17.41,0.177,0.093,https://www.youtube.com/watch?v=ViH4kuOuNxY
22401093,ViH4kuOuNxY,mid-court-logo,330.6,1821,6516.4378,0.1913,0.1798,0.5713,0.2255,0.8155,0.1858,0.3958,0.3154,0.999,0.0313,0.8562,0.0641,1419.14,566.62,30.72,15.8,1.892,1.075,https://www.youtube.com/watch?v=ViH4kuOuNxY
22401093,ViH4kuOuNxY,side-court-led-logo,369.2,1846,7292.3676,0.2112,0.2192,0.523,0.2107,0.8009,0.1427,0.4054,0.3291,0.9869,0.0841,0.8967,0.0527,739.81,410.71,30.57,16.34,2.097,5.155,https://www.youtube.com/watch?v=ViH4kuOuNxY
22401093,ViH4kuOuNxY,side-court-logo,439.4,2250,5224.7978,0.1241,0.095,0.354,0.0636,0.8122,0.1211,0.4424,0.3202,0.9996,0.0199,0.8823,0.0404,1925.51,490.71,28.01,14.94,0.893,0.293,https://www.youtube.com/watch?v=ViH4kuOuNxY
22401093,OBURG4kP8B4,back-court-logo,420.2,2105,782.2605,0.3456,0.2524,0.664,0.1203,0.9466,0.0207,0.5287,0.3474,0.9994,0.0154,0.896,0.02,1026.32,280.99,25.1,17.17,2.268,0.7,https://www.youtube.com/watch?v=OBURG4kP8B4
22401093,OBURG4kP8B4,basket-logo,413.6,11618,222.957,0.0178,0.026,0.1156,0.1106,0.3775,0.1146,0.3268,0.2833,0.9991,0.0228,0.9126,0.0271,2830.81,1489.6,35.54,17.29,0.176,0.09,https://www.youtube.com/watch?v=OBURG4kP8B4
22401093,OBURG4kP8B4,mid-court-logo,320.2,1698,353.6368,0.1937,0.1711,0.5779,0.2272,0.8195,0.187,0.4011,0.3096,1.0,0.0016,0.8532,0.0677,1331.78,420.0,30.17,15.13,1.938,1.228,https://www.youtube.com/watch?v=OBURG4kP8B4
22401093,OBURG4kP8B4,side-court-led-logo,357.8,1789,384.9754,0.2002,0.2084,0.498,0.1933,0.7886,0.1399,0.4073,0.3277,0.9871,0.0852,0.8977,0.0464,659.27,356.39,30.49,16.19,1.852,3.909,https://www.youtube.com/watch?v=OBURG4kP8B4
22401093,OBURG4kP8B4,side-court-logo,421.2,2129,294.9929,0.1289,0.0925,0.3601,0.0658,0.8074,0.1214,0.4589,0.3186,1.0,0.0,0.8799,0.047,1803.96,450.93,26.93,14.41,0.92,0.27,https://www.youtube.com/watch?v=OBURG4kP8B4
22401097,kAlOIUPxi0c,mid-court-logo,360.89,2085,61.8033,0.1933,0.1987,0.4713,0.1905,0.8473,0.1314,0.4038,0.3458,0.945,0.1719,0.8738,0.0506,384.01,189.66,31.53,18.16,1.461,1.771,https://www.youtube.com/watch?v=kAlOIUPxi0c
22401097,kAlOIUPxi0c,side-court-led-logo,446.73,3002,63.3475,0.1376,0.1332,0.4505,0.1586,0.7555,0.1038,0.4224,0.299,0.9081,0.2347,0.9089,0.0412,406.82,276.15,28.86,14.26,1.395,2.432,https://www.youtube.com/watch?v=kAlOIUPxi0c
22401097,kAlOIUPxi0c,side-court-logo,424.04,2169,34.6204,0.1041,0.0731,0.3606,0.0615,0.6695,0.0506,0.4369,0.2983,0.9991,0.0292,0.8507,0.0442,1005.86,270.44,27.86,13.55,0.936,0.673,https://www.youtube.com/watch?v=kAlOIUPxi0c
22401097,kAlOIUPxi0c,back-court-logo,382.2,1937,84.8033,0.2856,0.2062,0.5334,0.0901,0.9559,0.0218,0.5424,0.3599,0.9997,0.0136,0.8931,0.0322,948.98,235.25,24.66,17.98,1.643,0.391,https://www.youtube.com/watch?v=kAlOIUPxi0c
22401097,kAlOIUPxi0c,basket-logo,370.17,10035,42.4609,0.0276,0.0349,0.1393,0.1106,0.4325,0.165,0.365,0.285,0.9942,0.0539,0.8927,0.0563,1136.21,1058.13,33.47,17.25,0.189,0.13,https://www.youtube.com/watch?v=kAlOIUPxi0c
22401094,W9oV8xO_CmY,mid-court-logo,374.8,2122,117.2111,0.2334,0.2212,0.6067,0.2751,0.8554,0.1307,0.3845,0.3292,0.9992,0.0166,0.8817,0.0512,970.48,403.12,31.83,16.9,2.324,1.686,https://www.youtube.com/watch?v=W9oV8xO_CmY
22401094,W9oV8xO_CmY,side-court-led-logo,312.0,1561,78.9515,0.2138,0.2332,0.4674,0.259,0.7683,0.1762,0.4364,0.3357,0.9958,0.0499,0.8828,0.0641,1258.47,739.96,29.61,17.07,2.22,5.979,https://www.youtube.com/watch?v=W9oV8xO_CmY
22401094,W9oV8xO_CmY,side-court-logo,485.4,2479,81.7028,0.1393,0.1034,0.3694,0.0643,0.9236,0.0705,0.4204,0.3021,0.9997,0.0076,0.8912,0.0221,1779.52,384.81,28.38,13.27,1.009,0.975,https://www.youtube.com/watch?v=W9oV8xO_CmY
22401094,W9oV8xO_CmY,basket-logo,426.8,9519,88.7709,0.0394,0.046,0.1507,0.1112,0.5988,0.1527,0.3894,0.2982,0.9995,0.0194,0.9199,0.0294,2510.68,1569.7,32.27,17.28,0.222,0.177,https://www.youtube.com/watch?v=W9oV8xO_CmY
22401094,W9oV8xO_CmY,back-court-logo,1.4,7,0.457,0.2759,0.1594,0.478,0.3323,0.8034,0.0627,0.817,0.1364,0.9396,0.1075,0.6664,0.0469,1125.4,666.52,12.05,5.4,6.954,10.221,https://www.youtube.com/watch?v=W9oV8xO_CmY
22401094,j7m-kITyw6s,basket-logo,425.2,9491,3173.477,0.0389,0.0455,0.1509,0.1111,0.5988,0.1524,0.3817,0.297,0.9996,0.0178,0.9199,0.0283,2405.25,1522.11,32.67,17.32,0.222,0.182,https://www.youtube.com/watch?v=j7m-kITyw6s
22401094,j7m-kITyw6s,mid-court-logo,371.6,2107,4275.4817,0.2359,0.2229,0.6084,0.2748,0.8558,0.1303,0.3881,0.3277,0.9991,0.0184,0.8823,0.0499,915.53,385.17,31.59,16.77,2.328,1.673,https://www.youtube.com/watch?v=j7m-kITyw6s
22401094,j7m-kITyw6s,side-court-led-logo,309.2,1546,2800.6419,0.2106,0.2312,0.4588,0.2562,0.7628,0.1777,0.4384,0.3375,0.9879,0.0878,0.8826,0.0658,1154.77,625.33,29.6,17.26,2.049,5.572,https://www.youtube.com/watch?v=j7m-kITyw6s
22401094,j7m-kITyw6s,side-court-logo,483.8,2474,2972.4363,0.1397,0.1028,0.37,0.0666,0.9225,0.0736,0.4217,0.3007,0.9993,0.0187,0.8923,0.025,1681.17,369.71,28.32,13.23,1.022,1.102,https://www.youtube.com/watch?v=j7m-kITyw6s
22401094,j7m-kITyw6s,back-court-logo,1.8,9,23.0125,0.2973,0.1456,0.4872,0.32,0.8351,0.0783,0.8301,0.1045,0.9711,0.0703,0.6904,0.0611,928.76,469.97,11.69,4.39,5.657,9.872,https://www.youtube.com/watch?v=j7m-kITyw6s
22401080,hcOo3EXQWfs,basket-logo,442.6,9929,2821.5041,0.0376,0.046,0.1625,0.1056,0.5852,0.1672,0.3206,0.2843,0.9977,0.0377,0.9075,0.0434,1497.38,1005.79,36.59,18.24,0.226,0.17,https://www.youtube.com/watch?v=hcOo3EXQWfs
22401080,hcOo3EXQWfs,mid-court-logo,322.0,1765,2748.888,0.2062,0.2101,0.6183,0.2499,0.7833,0.2047,0.3861,0.3329,0.9994,0.0154,0.8624,0.0774,1189.03,405.23,32.62,18.17,2.273,1.443,https://www.youtube.com/watch?v=hcOo3EXQWfs
22401080,hcOo3EXQWfs,side-court-led-logo,485.8,2431,5071.8306,0.2762,0.2696,0.7452,0.1905,0.8965,0.0649,0.3746,0.3397,0.9865,0.108,0.891,0.0595,814.84,515.69,33.13,18.02,4.127,7.38,https://www.youtube.com/watch?v=hcOo3EXQWfs
22401080,hcOo3EXQWfs,side-court-logo,431.6,2187,808.7625,0.049,0.0463,0.2807,0.0415,0.4594,0.1006,0.4001,0.353,1.0,0.0003,0.8754,0.0467,805.16,279.69,31.98,18.63,0.562,0.161,https://www.youtube.com/watch?v=hcOo3EXQWfs
22401080,hcOo3EXQWfs,back-court-logo,0.2,1,0.4773,0.0632,0.0,0.7974,0.0,0.9846,0.0,0.2274,0.0,0.354,0.0,0.7295,0.0,87.97,0.0,34.42,0.0,2.87,0.0,https://www.youtube.com/watch?v=hcOo3EXQWfs
22401077,OeX60oQDlvc,back-court-logo,526.8,2634,22554.8213,0.2926,0.2008,0.5353,0.0957,0.9403,0.0201,0.5629,0.3524,1.0,0.0,0.8915,0.0263,1651.84,429.22,23.05,16.44,1.65,0.406,https://www.youtube.com/watch?v=OeX60oQDlvc
22401077,OeX60oQDlvc,basket-logo,514.4,9563,10170.7094,0.0363,0.0339,0.1906,0.0768,0.4855,0.1235,0.3769,0.3059,0.9997,0.012,0.908,0.0437,2173.85,1174.9,32.7,17.05,0.221,0.133,https://www.youtube.com/watch?v=OeX60oQDlvc
22401077,OeX60oQDlvc,mid-court-logo,508.0,2799,14999.6438,0.1831,0.1994,0.6111,0.2292,0.8683,0.1322,0.3126,0.3022,1.0,0.0,0.8892,0.0472,1758.63,543.36,35.7,16.6,2.119,1.168,https://www.youtube.com/watch?v=OeX60oQDlvc
22401077,OeX60oQDlvc,side-court-led-logo,452.8,2264,9650.984,0.1457,0.1829,0.4363,0.2139,0.7893,0.1442,0.3211,0.3022,0.9941,0.0614,0.8939,0.0456,1257.16,695.03,35.49,16.72,1.34,1.197,https://www.youtube.com/watch?v=OeX60oQDlvc
22401077,OeX60oQDlvc,side-court-logo,558.2,2859,13389.7574,0.1601,0.1047,0.3802,0.0598,0.9134,0.0736,0.4724,0.3111,1.0,0.0,0.8825,0.0361,2609.34,619.22,26.12,13.63,1.01,0.232,https://www.youtube.com/watch?v=OeX60oQDlvc
22401083,6yiYYY5JXKc,mid-court-logo,336.34,1861,3088.2945,0.2126,0.1998,0.4773,0.1749,0.8115,0.1477,0.4388,0.3387,0.9995,0.0131,0.8888,0.0416,724.09,317.2,28.93,16.75,1.424,0.75,https://www.youtube.com/watch?v=6yiYYY5JXKc
22401083,6yiYYY5JXKc,side-court-led-logo,482.88,3088,2614.0323,0.1084,0.1161,0.3686,0.1358,0.6703,0.0971,0.4014,0.3086,0.999,0.0204,0.9049,0.0439,1080.16,621.14,30.27,15.09,0.974,0.583,https://www.youtube.com/watch?v=6yiYYY5JXKc
22401083,6yiYYY5JXKc,side-court-logo,532.73,2701,2272.4632,0.1078,0.0868,0.3738,0.0687,0.7543,0.0961,0.391,0.312,1.0,0.0,0.9028,0.022,1272.8,341.1,30.36,14.61,0.98,0.277,https://www.youtube.com/watch?v=6yiYYY5JXKc
22401083,6yiYYY5JXKc,back-court-logo,505.51,2525,5705.192,0.2894,0.2037,0.5016,0.112,0.9488,0.0224,0.5712,0.3447,0.9999,0.0071,0.8941,0.0239,890.1,232.32,23.23,17.17,1.517,0.484,https://www.youtube.com/watch?v=6yiYYY5JXKc
22401083,6yiYYY5JXKc,basket-logo,492.49,13959,2882.2267,0.0264,0.0368,0.1281,0.1169,0.4514,0.1767,0.3326,0.2594,0.9935,0.065,0.9043,0.0477,1811.11,1625.45,34.07,15.45,0.194,0.156,https://www.youtube.com/watch?v=6yiYYY5JXKc
22401083,UBh8YZ25nL4,mid-court-logo,335.0,1855,89.051,0.214,0.2005,0.4792,0.1735,0.813,0.1451,0.4443,0.34,0.9998,0.0018,0.8908,0.0358,738.1,309.72,28.63,16.65,1.431,0.747,https://www.youtube.com/watch?v=UBh8YZ25nL4
22401083,UBh8YZ25nL4,side-court-led-logo,481.8,3082,75.359,0.109,0.116,0.3689,0.1361,0.6697,0.0969,0.4036,0.3096,0.9992,0.0218,0.9038,0.0447,1091.92,626.38,30.16,15.07,0.975,0.586,https://www.youtube.com/watch?v=UBh8YZ25nL4
22401083,UBh8YZ25nL4,side-court-logo,531.0,2695,66.0689,0.1093,0.0879,0.3748,0.0692,0.7544,0.0958,0.3944,0.3134,1.0,0.0006,0.9022,0.0229,1264.04,337.22,30.17,14.6,0.985,0.278,https://www.youtube.com/watch?v=UBh8YZ25nL4
22401083,UBh8YZ25nL4,back-court-logo,503.2,2516,162.7741,0.2884,0.2042,0.5006,0.111,0.9484,0.0225,0.5715,0.3464,1.0,0.0,0.8942,0.0244,881.67,232.25,23.19,17.06,1.513,0.481,https://www.youtube.com/watch?v=UBh8YZ25nL4
22401083,UBh8YZ25nL4,basket-logo,492.8,13980,82.5598,0.0263,0.0366,0.1283,0.1167,0.4515,0.1761,0.3311,0.2591,0.9941,0.0629,0.9035,0.0494,1835.88,1615.32,34.17,15.45,0.194,0.153,https://www.youtube.com/watch?v=UBh8YZ25nL4
22401089,ly4ewPOZh3Q,back-court-logo,450.8,2254,441.4311,0.1775,0.118,0.3322,0.043,0.893,0.0417,0.5783,0.354,0.9998,0.0052,0.8789,0.0243,624.57,131.95,22.66,16.92,0.797,0.187,https://www.youtube.com/watch?v=ly4ewPOZh3Q
22401089,ly4ewPOZh3Q,basket-logo,445.2,10045,399.4895,0.036,0.0368,0.1774,0.0972,0.5103,0.1298,0.3762,0.2975,0.9922,0.0643,0.9049,0.0513,1098.74,823.84,32.89,17.15,0.23,0.288,https://www.youtube.com/watch?v=ly4ewPOZh3Q
22401089,ly4ewPOZh3Q,mid-court-logo,419.6,2222,457.4527,0.1866,0.1868,0.5611,0.2041,0.8983,0.1137,0.3373,0.3083,0.9984,0.0304,0.8852,0.0472,754.71,278.71,34.95,17.23,1.9,2.531,https://www.youtube.com/watch?v=ly4ewPOZh3Q
22401089,ly4ewPOZh3Q,side-court-led-logo,490.4,3365,406.4049,0.1095,0.1191,0.3393,0.1343,0.7207,0.1142,0.4306,0.3157,0.961,0.1717,0.9069,0.0438,841.5,560.79,28.85,15.25,0.862,1.17,https://www.youtube.com/watch?v=ly4ewPOZh3Q
22401089,ly4ewPOZh3Q,side-court-logo,488.6,2491,244.9956,0.0891,0.0672,0.3149,0.0484,0.6696,0.0404,0.4389,0.3318,0.9983,0.0379,0.8877,0.029,1001.07,217.4,28.06,15.04,0.771,1.238,https://www.youtube.com/watch?v=ly4ewPOZh3Q
22401074,5PiDzSbJJfU,mid-court-logo,326.2,1747,838.1493,0.1889,0.1973,0.5679,0.2508,0.8742,0.1128,0.3263,0.2983,0.9999,0.0036,0.8725,0.0703,1059.07,315.79,34.84,16.3,1.971,1.311,https://www.youtube.com/watch?v=5PiDzSbJJfU
22401074,5PiDzSbJJfU,side-court-led-logo,220.2,1101,555.3765,0.1986,0.2232,0.4117,0.2432,0.7819,0.2029,0.4466,0.3131,0.9863,0.094,0.8831,0.0613,749.5,405.99,28.63,16.07,1.488,4.206,https://www.youtube.com/watch?v=5PiDzSbJJfU
22401074,5PiDzSbJJfU,side-court-logo,499.0,2554,889.3662,0.1371,0.1046,0.3614,0.0452,0.9148,0.0917,0.4205,0.3137,0.9996,0.0182,0.8879,0.0253,2288.95,487.32,28.64,14.01,0.936,0.404,https://www.youtube.com/watch?v=5PiDzSbJJfU
22401074,5PiDzSbJJfU,back-court-logo,465.0,2326,1573.6154,0.2663,0.1858,0.5312,0.0798,0.9419,0.0252,0.5321,0.3578,1.0,0.0,0.8826,0.0248,1450.18,353.01,25.32,18.42,1.629,0.329,https://www.youtube.com/watch?v=5PiDzSbJJfU
22401074,5PiDzSbJJfU,basket-logo,447.2,11383,947.789,0.0328,0.0297,0.2057,0.0618,0.4582,0.1106,0.3466,0.2816,0.9979,0.0302,0.8946,0.0474,2498.93,1839.76,34.01,16.54,0.235,0.113,https://www.youtube.com/watch?v=5PiDzSbJJfU
22401067,3M6VeRqOc64,mid-court-logo,340.2,1899,4248.2242,0.241,0.2097,0.5832,0.2075,0.9163,0.101,0.4106,0.3224,0.9991,0.0245,0.8676,0.0556,1152.26,461.32,30.5,16.43,1.948,1.036,https://www.youtube.com/watch?v=3M6VeRqOc64
22401067,3M6VeRqOc64,side-court-led-logo,460.0,3371,3952.2056,0.1263,0.1209,0.3635,0.1485,0.8411,0.1106,0.4116,0.2889,0.9659,0.1532,0.9117,0.0426,565.83,299.99,29.28,13.92,1.012,1.905,https://www.youtube.com/watch?v=3M6VeRqOc64
22401067,3M6VeRqOc64,side-court-logo,453.4,2276,3676.6917,0.174,0.0976,0.3862,0.0642,0.8561,0.0627,0.5116,0.2658,0.9983,0.0401,0.888,0.0231,1387.43,329.18,24.49,12.15,1.035,0.287,https://www.youtube.com/watch?v=3M6VeRqOc64
22401067,3M6VeRqOc64,back-court-logo,423.8,2119,4261.012,0.2166,0.1599,0.4382,0.0684,0.8798,0.0386,0.5304,0.359,0.9999,0.0026,0.8947,0.0178,1041.44,267.43,25.08,17.68,1.25,0.279,https://www.youtube.com/watch?v=3M6VeRqOc64
22401067,3M6VeRqOc64,basket-logo,416.6,11235,3048.4627,0.0292,0.0346,0.1734,0.0962,0.467,0.1153,0.3171,0.2904,0.9958,0.0522,0.9043,0.0379,1165.29,615.06,37.0,18.66,0.223,0.182,https://www.youtube.com/watch?v=3M6VeRqOc64
22401089,PujatmLLgso,back-court-logo,450.2,2251,29.5287,0.1762,0.1169,0.3293,0.0408,0.8922,0.0422,0.5804,0.3572,0.9995,0.0104,0.8783,0.0265,659.17,135.24,22.65,17.34,0.784,0.181,https://www.youtube.com/watch?v=PujatmLLgso
22401089,PujatmLLgso,basket-logo,443.0,10020,27.3902,0.0367,0.0372,0.1768,0.0963,0.5109,0.1298,0.3842,0.2998,0.993,0.0621,0.9051,0.051,1193.06,887.48,32.58,17.29,0.227,0.192,https://www.youtube.com/watch?v=PujatmLLgso
22401089,PujatmLLgso,mid-court-logo,415.2,2200,30.1801,0.1843,0.1846,0.5609,0.2061,0.898,0.1137,0.3334,0.309,0.9977,0.0416,0.8849,0.0462,788.47,276.8,35.19,17.28,1.895,2.088,https://www.youtube.com/watch?v=PujatmLLgso
22401089,PujatmLLgso,side-court-led-logo,488.8,3349,27.3111,0.1095,0.1199,0.339,0.1325,0.7214,0.1129,0.4299,0.3162,0.9642,0.1636,0.9081,0.0418,886.11,590.01,28.91,15.25,0.842,0.654,https://www.youtube.com/watch?v=PujatmLLgso
22401089,PujatmLLgso,side-court-logo,487.8,2481,16.2621,0.088,0.0691,0.3142,0.0419,0.6689,0.0368,0.4323,0.33,0.9997,0.0124,0.8881,0.0275,1085.45,216.62,28.41,15.06,0.744,0.857,https://www.youtube.com/watch?v=PujatmLLgso
22401070,2jRTX8nssy0,back-court-logo,481.4,2409,1228.4193,0.2527,0.1856,0.4567,0.1107,0.9419,0.0261,0.5587,0.357,0.9999,0.0025,0.8901,0.0298,997.86,278.66,23.95,17.86,1.333,0.481,https://www.youtube.com/watch?v=2jRTX8nssy0
22401070,2jRTX8nssy0,basket-logo,462.6,12571,618.8618,0.0244,0.0359,0.1129,0.1133,0.4305,0.168,0.3542,0.2764,0.9982,0.033,0.9035,0.0461,2119.34,1599.86,33.64,16.61,0.163,0.127,https://www.youtube.com/watch?v=2jRTX8nssy0
22401070,2jRTX8nssy0,mid-court-logo,437.2,2462,946.2824,0.1905,0.2021,0.4914,0.1788,0.8241,0.143,0.3794,0.3436,0.9994,0.0162,0.8906,0.0383,793.42,314.05,32.84,18.18,1.5,0.789,https://www.youtube.com/watch?v=2jRTX8nssy0
22401070,2jRTX8nssy0,side-court-led-logo,510.6,3629,759.8829,0.1038,0.1161,0.3691,0.1533,0.6618,0.1097,0.3925,0.3053,0.995,0.0656,0.9017,0.0488,1102.21,663.36,30.96,15.66,1.263,4.677,https://www.youtube.com/watch?v=2jRTX8nssy0
22401070,2jRTX8nssy0,side-court-logo,529.6,2696,602.6915,0.1108,0.0858,0.3776,0.0735,0.7275,0.0798,0.4144,0.3133,0.9996,0.0191,0.9021,0.0252,1387.49,390.56,29.6,15.42,1.003,0.468,https://www.youtube.com/watch?v=2jRTX8nssy0
2022400508,dMxmJcbkaK8,mid-court-logo,164.2,933,21.3544,0.0478,0.0633,0.3554,0.1112,0.6975,0.1115,0.4489,0.3075,0.4445,0.3973,0.8352,0.075,107.4,91.84,27.08,13.56,0.905,0.571,https://www.youtube.com/watch?v=dMxmJcbkaK8
2022400508,dMxmJcbkaK8,side-court-led-logo,187.4,937,93.1387,0.2075,0.2326,0.5317,0.2497,0.845,0.1351,0.3614,0.287,0.9631,0.1268,0.8847,0.0542,455.39,326.14,31.15,13.28,1.836,1.91,https://www.youtube.com/watch?v=dMxmJcbkaK8
2022400508,dMxmJcbkaK8,side-court-logo,222.6,1165,113.1068,0.2027,0.1053,0.3767,0.0744,0.9326,0.0812,0.5756,0.2676,0.9981,0.0297,0.874,0.0479,317.87,65.81,21.62,11.39,1.001,0.4,https://www.youtube.com/watch?v=dMxmJcbkaK8
2022400508,dMxmJcbkaK8,basket-logo,154.2,1610,7.1409,0.0093,0.0191,0.0986,0.1094,0.6424,0.1712,0.3,0.203,0.4977,0.3751,0.8187,0.0685,128.97,353.06,34.18,12.4,0.156,0.119,https://www.youtube.com/watch?v=dMxmJcbkaK8
2022400508,dMxmJcbkaK8,back-court-logo,25.2,126,11.9263,0.1976,0.1095,0.6447,0.1486,0.9714,0.0135,0.5331,0.2507,0.6295,0.2275,0.7937,0.0926,116.93,35.11,24.32,12.93,2.35,2.185,https://www.youtube.com/watch?v=dMxmJcbkaK8
22401076,-baERCHfk40,mid-court-logo,335.21,1773,43.8374,0.1598,0.1252,0.4675,0.1326,0.7901,0.1573,0.4329,0.3202,0.9904,0.0673,0.8665,0.0638,476.5,207.91,28.66,15.44,1.369,0.57,https://www.youtube.com/watch?v=-baERCHfk40
22401076,-baERCHfk40,side-court-led-logo,311.61,1559,60.1478,0.2494,0.2482,0.5481,0.2314,0.8235,0.1268,0.445,0.33,0.9989,0.015,0.8899,0.0495,776.02,356.46,28.55,16.06,1.959,1.591,https://www.youtube.com/watch?v=-baERCHfk40
22401076,-baERCHfk40,side-court-logo,471.21,2417,42.3593,0.1133,0.0827,0.3243,0.057,0.8677,0.1096,0.4224,0.3084,0.9991,0.0271,0.8929,0.0275,1888.56,783.03,28.61,14.06,0.788,0.898,https://www.youtube.com/watch?v=-baERCHfk40
22401076,-baERCHfk40,back-court-logo,448.81,2246,112.2116,0.3229,0.2509,0.571,0.1519,0.9361,0.0306,0.5552,0.3537,1.0,0.0,0.8855,0.0211,956.17,284.65,24.14,17.72,1.858,0.777,https://www.youtube.com/watch?v=-baERCHfk40
22401076,-baERCHfk40,basket-logo,439.61,13570,43.4607,0.0207,0.0307,0.1112,0.115,0.3817,0.1358,0.3548,0.2807,0.9811,0.0922,0.8983,0.0504,976.45,814.86,33.77,16.86,0.183,0.132,https://www.youtube.com/watch?v=-baERCHfk40
22401081,hXxyne6sUg8,back-court-logo,457.2,2287,160.7602,0.2268,0.1858,0.4508,0.1025,0.9056,0.0395,0.5019,0.3495,1.0,0.0015,0.8651,0.0294,956.65,244.55,26.29,17.22,1.303,0.434,https://www.youtube.com/watch?v=hXxyne6sUg8
22401081,hXxyne6sUg8,mid-court-logo,351.0,2006,151.5263,0.2437,0.1952,0.5376,0.2349,0.8685,0.1337,0.4847,0.3212,0.9991,0.0266,0.864,0.045,938.23,488.07,26.98,16.46,1.808,1.561,https://www.youtube.com/watch?v=hXxyne6sUg8
22401081,hXxyne6sUg8,side-court-led-logo,476.8,3481,144.6052,0.134,0.1317,0.3423,0.1366,0.7902,0.117,0.4744,0.3339,0.9877,0.1008,0.9061,0.0428,1050.28,716.43,27.57,16.75,0.962,2.703,https://www.youtube.com/watch?v=hXxyne6sUg8
22401081,hXxyne6sUg8,side-court-logo,499.2,2523,75.7312,0.0968,0.0593,0.2782,0.0443,0.7658,0.0955,0.4761,0.2982,0.9997,0.0133,0.8778,0.032,1910.69,513.99,26.15,13.72,0.549,0.339,https://www.youtube.com/watch?v=hXxyne6sUg8
22401081,hXxyne6sUg8,basket-logo,447.0,16528,93.5701,0.0183,0.0307,0.1005,0.1149,0.3614,0.138,0.3398,0.2999,0.9984,0.0326,0.8966,0.0481,2126.25,1730.67,35.33,18.05,0.164,0.166,https://www.youtube.com/watch?v=hXxyne6sUg8
22401081,s_DBbqmyIk0,back-court-logo,405.2,2024,4579.8927,0.2569,0.1733,0.4696,0.1003,0.9128,0.0368,0.5608,0.3294,1.0,0.0001,0.8632,0.0301,761.8,281.05,23.09,15.47,1.379,0.41,https://www.youtube.com/watch?v=s_DBbqmyIk0
22401081,s_DBbqmyIk0,basket-logo,403.2,14635,2657.8207,0.0206,0.0312,0.1077,0.1145,0.3699,0.1394,0.3751,0.2826,0.9953,0.0534,0.8944,0.0516,1680.3,1439.64,32.36,16.15,0.172,0.242,https://www.youtube.com/watch?v=s_DBbqmyIk0
22401081,s_DBbqmyIk0,mid-court-logo,270.67,1618,3607.1595,0.2531,0.2118,0.5787,0.2535,0.8689,0.1565,0.4476,0.3043,0.9851,0.1102,0.8559,0.0488,819.6,569.65,28.75,16.23,2.047,1.703,https://www.youtube.com/watch?v=s_DBbqmyIk0
22401081,s_DBbqmyIk0,side-court-led-logo,429.43,2951,3224.3877,0.124,0.1259,0.3635,0.1497,0.8156,0.1098,0.4275,0.3357,0.9638,0.1654,0.9008,0.0467,691.06,502.27,29.84,17.21,1.277,4.145,https://www.youtube.com/watch?v=s_DBbqmyIk0
22401081,s_DBbqmyIk0,side-court-logo,451.85,2269,2081.0211,0.1041,0.0615,0.2859,0.0437,0.778,0.1001,0.4903,0.3002,0.9965,0.0425,0.8793,0.0303,1531.16,442.85,25.66,14.06,0.584,0.185,https://www.youtube.com/watch?v=s_DBbqmyIk0
22401068,jWycbeeiSOk,mid-court-logo,375.8,2093,90.0384,0.2009,0.2145,0.6213,0.2409,0.8824,0.1185,0.3354,0.2912,0.8538,0.2953,0.8701,0.058,475.15,469.51,33.74,15.27,2.291,1.463,https://www.youtube.com/watch?v=jWycbeeiSOk
22401068,jWycbeeiSOk,side-court-led-logo,265.6,1331,53.7413,0.1886,0.2262,0.4764,0.2735,0.7314,0.1971,0.4028,0.296,0.9745,0.1511,0.8813,0.0542,1867.54,1002.13,30.14,14.86,2.432,7.935,https://www.youtube.com/watch?v=jWycbeeiSOk
22401068,jWycbeeiSOk,side-court-logo,467.0,4879,122.9297,0.1177,0.0827,0.2977,0.0578,0.7881,0.1626,0.4825,0.3084,0.9998,0.014,0.8241,0.0825,3870.33,1007.37,26.18,14.17,0.647,0.384,https://www.youtube.com/watch?v=jWycbeeiSOk
22401068,jWycbeeiSOk,back-court-logo,416.2,2081,84.6756,0.19,0.1316,0.3778,0.0559,0.8885,0.0515,0.5525,0.3497,1.0,0.0,0.8725,0.0224,2355.84,542.77,23.87,17.06,0.995,0.238,https://www.youtube.com/watch?v=jWycbeeiSOk
22401068,jWycbeeiSOk,basket-logo,402.2,9898,63.9062,0.0302,0.0325,0.1704,0.0967,0.4856,0.1062,0.3455,0.2799,0.9549,0.1708,0.8866,0.0591,1319.88,1360.75,34.35,17.1,0.217,0.174,https://www.youtube.com/watch?v=jWycbeeiSOk
22401073,fue1nh-UEQk,back-court-logo,447.4,2243,6588.2122,0.4092,0.2809,0.732,0.1376,0.9507,0.0281,0.5642,0.3507,1.0,0.0002,0.8897,0.029,932.02,250.78,23.48,17.3,2.643,1.234,https://www.youtube.com/watch?v=fue1nh-UEQk
22401073,fue1nh-UEQk,mid-court-logo,441.4,2407,2100.852,0.1216,0.1175,0.3705,0.0836,0.8389,0.0941,0.3783,0.3499,0.9996,0.017,0.8915,0.0434,2138.93,991.59,33.27,18.87,0.975,0.888,https://www.youtube.com/watch?v=fue1nh-UEQk
22401073,fue1nh-UEQk,side-court-led-logo,484.8,3502,2956.3,0.1176,0.1306,0.3655,0.1447,0.7321,0.1237,0.4159,0.3109,0.9743,0.1457,0.9114,0.0455,964.16,649.86,29.52,15.1,1.011,2.032,https://www.youtube.com/watch?v=fue1nh-UEQk
22401073,fue1nh-UEQk,side-court-logo,486.6,2736,2893.7818,0.1473,0.0898,0.3714,0.0954,0.7759,0.1425,0.5118,0.2735,0.9984,0.0375,0.877,0.056,2385.1,747.65,24.14,11.82,1.006,1.2,https://www.youtube.com/watch?v=fue1nh-UEQk
22401073,fue1nh-UEQk,basket-logo,436.6,12720,1906.3198,0.0209,0.029,0.1262,0.1155,0.3615,0.1396,0.3607,0.28,0.9948,0.0583,0.8968,0.0461,1361.35,783.83,33.19,16.4,0.189,0.209,https://www.youtube.com/watch?v=fue1nh-UEQk
22401082,nW_ESgFdQi4,back-court-logo,447.8,2246,107.6186,0.3091,0.2685,0.6113,0.1463,0.9299,0.0283,0.4956,0.3745,1.0,0.0,0.8899,0.0208,1670.81,505.86,27.13,18.78,2.048,0.825,https://www.youtube.com/watch?v=nW_ESgFdQi4
22401082,nW_ESgFdQi4,basket-logo,440.8,13683,42.1077,0.0198,0.029,0.1278,0.1128,0.3784,0.125,0.3099,0.2883,0.9988,0.0287,0.891,0.0572,2074.17,1354.0,38.03,19.24,0.192,0.126,https://www.youtube.com/watch?v=nW_ESgFdQi4
22401082,nW_ESgFdQi4,mid-court-logo,396.2,2158,82.9231,0.2479,0.2094,0.5903,0.2044,0.9184,0.1008,0.4344,0.3379,0.9583,0.1898,0.8512,0.0702,1271.36,879.22,29.59,17.07,2.005,1.084,https://www.youtube.com/watch?v=nW_ESgFdQi4
22401082,nW_ESgFdQi4,side-court-led-logo,478.4,3388,62.154,0.1183,0.11,0.3405,0.1241,0.7082,0.118,0.4675,0.2978,0.9982,0.0316,0.9096,0.0428,1847.63,958.4,26.65,13.65,0.84,0.532,https://www.youtube.com/watch?v=nW_ESgFdQi4
22401082,nW_ESgFdQi4,side-court-logo,482.4,2483,40.3373,0.1048,0.0684,0.3281,0.058,0.708,0.0566,0.4612,0.2962,1.0,0.0,0.8819,0.0349,2681.97,770.61,26.59,13.04,0.781,0.235,https://www.youtube.com/watch?v=nW_ESgFdQi4
22401082,vDuyvfssxlU,back-court-logo,422.42,2110,1856.0386,0.3462,0.2563,0.6157,0.1552,0.9292,0.0353,0.5622,0.3432,1.0,0.0,0.89,0.0192,1293.62,418.47,23.63,17.08,2.068,0.83,https://www.youtube.com/watch?v=vDuyvfssxlU
22401082,vDuyvfssxlU,basket-logo,414.81,12288,707.5037,0.0227,0.031,0.1345,0.1128,0.3859,0.126,0.3401,0.2751,0.9966,0.0415,0.8903,0.0571,1630.13,1288.45,34.9,17.55,0.199,0.188,https://www.youtube.com/watch?v=vDuyvfssxlU
22401082,vDuyvfssxlU,mid-court-logo,366.37,1926,1012.3377,0.2069,0.1872,0.593,0.2139,0.9233,0.0958,0.3684,0.3105,0.9498,0.2107,0.8397,0.0744,1191.87,933.84,32.36,15.97,2.038,1.156,https://www.youtube.com/watch?v=vDuyvfssxlU
22401082,vDuyvfssxlU,side-court-led-logo,459.66,3200,935.5652,0.1151,0.1159,0.3547,0.1322,0.7251,0.1214,0.4281,0.3004,0.9946,0.0596,0.9121,0.0381,1224.18,710.16,28.71,14.26,0.92,1.217,https://www.youtube.com/watch?v=vDuyvfssxlU
22401082,vDuyvfssxlU,side-court-logo,459.46,2333,628.186,0.106,0.0694,0.3374,0.0602,0.7132,0.0528,0.4583,0.3014,1.0,0.0,0.8846,0.0311,1949.54,461.56,26.94,13.56,0.821,0.248,https://www.youtube.com/watch?v=vDuyvfssxlU
22401086,hHCVQRRJQvo,basket-logo,483.68,10078,6445.3055,0.0369,0.0465,0.1613,0.1056,0.5952,0.1705,0.3082,0.2828,0.9983,0.029,0.9063,0.0452,1556.3,1093.21,37.49,18.59,0.223,0.133,https://www.youtube.com/watch?v=hHCVQRRJQvo
22401086,hHCVQRRJQvo,mid-court-logo,337.34,1809,7082.2923,0.2261,0.2132,0.6147,0.2392,0.7579,0.1938,0.4188,0.3352,0.9996,0.0138,0.8762,0.066,1220.04,380.89,31.11,18.46,2.244,1.416,https://www.youtube.com/watch?v=hHCVQRRJQvo
22401086,hHCVQRRJQvo,side-court-led-logo,528.33,2640,12757.4289,0.2791,0.2675,0.7732,0.1554,0.8878,0.0611,0.3734,0.339,0.9899,0.0894,0.8973,0.0511,905.55,504.01,33.06,17.78,3.475,3.441,https://www.youtube.com/watch?v=hHCVQRRJQvo
22401086,hHCVQRRJQvo,side-court-logo,494.89,2487,2143.194,0.0498,0.0486,0.2894,0.0386,0.458,0.1026,0.3924,0.3518,0.9999,0.0017,0.8774,0.045,802.11,328.28,32.4,18.58,0.597,0.175,https://www.youtube.com/watch?v=hHCVQRRJQvo
22401086,hHCVQRRJQvo,back-court-logo,0.4,2,10.3084,0.2976,0.2975,0.4513,0.2327,0.9896,0.0103,0.4445,0.444,0.9978,0.0022,0.7021,0.0352,264.19,55.66,43.93,34.2,1.249,1.023,https://www.youtube.com/watch?v=hHCVQRRJQvo
2022400512,jHYu1KAXeao,back-court-logo,43.64,218,3.3012,0.1843,0.1347,0.366,0.0571,0.8711,0.0535,0.5434,0.3562,1.0,0.0,0.8719,0.0242,1593.11,261.78,23.58,16.12,0.944,0.244,https://www.youtube.com/watch?v=jHYu1KAXeao
2022400512,jHYu1KAXeao,basket-logo,43.04,1138,3.069,0.0328,0.0348,0.1777,0.0908,0.4843,0.1029,0.3483,0.3075,0.957,0.1536,0.888,0.0546,861.28,745.24,34.6,17.54,0.221,0.104,https://www.youtube.com/watch?v=jHYu1KAXeao
2022400512,jHYu1KAXeao,mid-court-logo,36.44,200,3.1234,0.1901,0.1999,0.5847,0.2251,0.8499,0.1171,0.3713,0.2956,0.8075,0.2933,0.8772,0.0545,253.37,213.04,32.92,16.71,2.083,1.361,https://www.youtube.com/watch?v=jHYu1KAXeao
2022400512,jHYu1KAXeao,side-court-led-logo,29.83,149,1.5058,0.123,0.1372,0.4268,0.2319,0.6716,0.1689,0.3778,0.259,0.9337,0.2361,0.9,0.0342,1226.17,787.69,31.59,14.72,1.359,1.432,https://www.youtube.com/watch?v=jHYu1KAXeao
2022400512,jHYu1KAXeao,side-court-logo,48.25,520,5.3119,0.1243,0.0843,0.3124,0.0553,0.7998,0.1527,0.4966,0.3054,1.0,0.0,0.8305,0.0777,2441.86,529.51,25.86,14.37,0.703,0.244,https://www.youtube.com/watch?v=jHYu1KAXeao
22401086,6FtdEgmxtOU,basket-logo,485.48,9791,17665.5941,0.0373,0.046,0.1675,0.1036,0.6057,0.1721,0.3009,0.2684,0.9988,0.028,0.9059,0.0463,1885.68,1253.02,37.3,17.7,0.231,0.136,https://www.youtube.com/watch?v=6FtdEgmxtOU
22401086,6FtdEgmxtOU,side-court-led-logo,520.52,2601,34111.9298,0.271,0.2681,0.7592,0.164,0.8891,0.0601,0.3671,0.3401,0.9931,0.0745,0.8972,0.0518,1045.88,584.19,33.38,17.74,3.489,4.879,https://www.youtube.com/watch?v=6FtdEgmxtOU
22401086,6FtdEgmxtOU,mid-court-logo,358.76,1942,18849.7942,0.2005,0.2017,0.6153,0.2424,0.7841,0.2022,0.3779,0.3305,0.9991,0.0213,0.8644,0.0771,1262.15,505.42,32.93,18.27,2.235,1.406,https://www.youtube.com/watch?v=6FtdEgmxtOU
22401086,6FtdEgmxtOU,side-court-logo,477.68,2407,5545.2805,0.0476,0.0455,0.2934,0.0443,0.4604,0.0971,0.3762,0.3453,0.9996,0.0187,0.8756,0.0488,894.58,305.61,33.13,18.35,0.619,0.199,https://www.youtube.com/watch?v=6FtdEgmxtOU
22401092,A85P3dlfL2E,back-court-logo,243.0,1264,22.2648,0.2093,0.1594,0.3992,0.0975,0.9113,0.0376,0.5328,0.349,1.0,0.0002,0.8787,0.0276,2207.44,531.62,24.29,16.42,1.079,0.416,https://www.youtube.com/watch?v=A85P3dlfL2E
22401092,A85P3dlfL2E,mid-court-logo,197.4,1204,13.7176,0.1354,0.1242,0.4146,0.1858,0.8158,0.1637,0.4143,0.3301,0.9983,0.0298,0.8721,0.0503,869.39,433.52,30.26,16.47,1.147,0.777,https://www.youtube.com/watch?v=A85P3dlfL2E
22401092,A85P3dlfL2E,side-court-led-logo,154.8,774,13.4648,0.2067,0.207,0.4602,0.2226,0.8444,0.1267,0.4588,0.3442,1.0,0.0,0.8785,0.0633,1352.17,707.18,28.33,16.68,1.4,1.061,https://www.youtube.com/watch?v=A85P3dlfL2E
22401092,A85P3dlfL2E,side-court-logo,261.6,1443,11.5861,0.0954,0.0714,0.255,0.0498,0.8359,0.1442,0.4654,0.3174,1.0,0.0,0.8674,0.0333,3524.31,1254.44,26.98,15.02,0.453,0.137,https://www.youtube.com/watch?v=A85P3dlfL2E
22401092,A85P3dlfL2E,basket-logo,237.2,8085,11.887,0.0175,0.0295,0.1013,0.114,0.3692,0.1659,0.3341,0.281,0.9965,0.0448,0.8661,0.0688,1654.04,1217.09,35.05,17.07,0.16,0.136,https://www.youtube.com/watch?v=A85P3dlfL2E
22401092,oppVCWe5eW4,back-court-logo,502.8,2529,1447.2264,0.2288,0.1576,0.4072,0.0736,0.9105,0.0308,0.5844,0.357,1.0,0.0,0.8803,0.0189,1657.2,344.35,21.95,16.55,1.119,0.308,https://www.youtube.com/watch?v=oppVCWe5eW4
22401092,oppVCWe5eW4,basket-logo,489.0,17595,952.3252,0.0216,0.0328,0.1108,0.1134,0.3672,0.1625,0.3836,0.3048,0.9897,0.0796,0.8657,0.0699,1165.66,885.49,32.83,17.55,0.161,0.132,https://www.youtube.com/watch?v=oppVCWe5eW4
22401092,oppVCWe5eW4,mid-court-logo,425.6,2432,791.5863,0.1302,0.1415,0.4127,0.1828,0.8088,0.1532,0.3581,0.3302,0.9918,0.0641,0.8746,0.0546,588.55,264.04,34.04,18.01,1.171,1.308,https://www.youtube.com/watch?v=oppVCWe5eW4
22401092,oppVCWe5eW4,side-court-led-logo,353.2,1766,704.6727,0.1596,0.1854,0.4254,0.1995,0.8097,0.1331,0.3737,0.3221,0.9994,0.0232,0.8902,0.0575,1022.57,445.95,33.31,17.94,1.226,0.962,https://www.youtube.com/watch?v=oppVCWe5eW4
22401092,oppVCWe5eW4,side-court-logo,526.8,2784,633.0726,0.0909,0.07,0.2664,0.0316,0.8438,0.1143,0.4267,0.3284,1.0,0.0,0.8747,0.0286,2596.71,727.79,28.86,15.31,0.491,0.12,https://www.youtube.com/watch?v=oppVCWe5eW4
22401092,ifld13fXlw4,back-court-logo,503.8,2532,57.1355,0.2281,0.1561,0.4048,0.0738,0.9095,0.0313,0.5864,0.3563,1.0,0.0,0.8801,0.0194,1736.91,354.28,21.93,16.63,1.11,0.304,https://www.youtube.com/watch?v=ifld13fXlw4
22401092,ifld13fXlw4,basket-logo,490.6,17806,37.5542,0.0213,0.0324,0.11,0.1132,0.3658,0.1616,0.3821,0.3022,0.9926,0.0673,0.8663,0.0694,1229.0,904.89,32.88,17.5,0.159,0.131,https://www.youtube.com/watch?v=ifld13fXlw4
22401092,ifld13fXlw4,mid-court-logo,427.2,2447,30.7252,0.1269,0.1389,0.4118,0.1843,0.8071,0.1547,0.351,0.3255,0.9933,0.0624,0.8745,0.0554,621.07,275.01,34.26,17.74,1.147,0.753,https://www.youtube.com/watch?v=ifld13fXlw4
22401092,ifld13fXlw4,side-court-led-logo,353.2,1766,27.7579,0.1589,0.1839,0.427,0.1986,0.8115,0.1312,0.3698,0.3234,0.9989,0.0331,0.8939,0.0515,1101.33,452.07,33.42,17.91,1.233,0.964,https://www.youtube.com/watch?v=ifld13fXlw4
22401092,ifld13fXlw4,side-court-logo,527.2,2782,24.8681,0.0904,0.0694,0.2655,0.033,0.8426,0.1152,0.4249,0.3266,1.0,0.0,0.8735,0.0306,2687.53,731.13,28.92,15.21,0.487,0.12,https://www.youtube.com/watch?v=ifld13fXlw4
22401061,RrY-DKDnPNo,back-court-logo,525.6,2628,1121.9357,0.2085,0.1433,0.3984,0.0525,0.8923,0.0339,0.5692,0.3665,1.0,0.0,0.8847,0.0207,1962.83,353.88,22.91,17.43,1.084,0.217,https://www.youtube.com/watch?v=RrY-DKDnPNo
22401061,RrY-DKDnPNo,basket-logo,508.4,14593,728.1805,0.0244,0.0355,0.1279,0.1156,0.4173,0.1301,0.3865,0.3201,0.9888,0.0763,0.8879,0.0478,1172.34,771.98,33.48,18.9,0.21,0.144,https://www.youtube.com/watch?v=RrY-DKDnPNo
22401061,RrY-DKDnPNo,mid-court-logo,546.8,2931,890.6765,0.1484,0.1514,0.4993,0.1805,0.8845,0.1219,0.3274,0.3115,0.9998,0.004,0.8892,0.0376,692.19,217.32,34.98,16.75,1.506,0.777,https://www.youtube.com/watch?v=RrY-DKDnPNo
22401061,RrY-DKDnPNo,side-court-led-logo,380.8,1905,641.7318,0.1645,0.1929,0.4029,0.2116,0.8171,0.1543,0.3979,0.3332,0.9988,0.0265,0.8784,0.0656,677.56,267.62,31.66,17.41,1.212,2.866,https://www.youtube.com/watch?v=RrY-DKDnPNo
22401061,RrY-DKDnPNo,side-court-logo,559.4,2885,571.6185,0.0968,0.0692,0.2717,0.0297,0.8147,0.1022,0.45,0.3167,1.0,0.0,0.8813,0.0224,3440.94,683.76,27.39,14.36,0.517,0.107,https://www.youtube.com/watch?v=RrY-DKDnPNo
22401096,NRLfxD29NW4,back-court-logo,463.6,2321,31218.661,0.3536,0.2534,0.6925,0.0956,0.9357,0.0237,0.5267,0.3534,0.9992,0.0249,0.9011,0.0228,867.88,204.17,25.58,18.0,2.362,0.51,https://www.youtube.com/watch?v=NRLfxD29NW4
22401096,NRLfxD29NW4,basket-logo,457.0,11821,12298.2219,0.0273,0.037,0.1497,0.118,0.3955,0.162,0.3592,0.2809,0.9979,0.0347,0.9128,0.0319,3332.29,1987.3,33.4,16.67,0.232,0.195,https://www.youtube.com/watch?v=NRLfxD29NW4
22401096,NRLfxD29NW4,mid-court-logo,354.2,1915,13480.7705,0.185,0.1812,0.495,0.1799,0.9391,0.0969,0.3568,0.3125,0.9988,0.0285,0.8748,0.0509,1281.45,531.22,32.87,16.08,1.509,0.829,https://www.youtube.com/watch?v=NRLfxD29NW4
22401096,NRLfxD29NW4,side-court-led-logo,220.2,1101,8721.3419,0.2082,0.2091,0.4654,0.2522,0.8393,0.1543,0.4656,0.2965,0.9277,0.2431,0.8717,0.0643,1144.08,862.44,26.82,13.8,2.307,7.5,https://www.youtube.com/watch?v=NRLfxD29NW4
22401096,NRLfxD29NW4,side-court-logo,461.4,2312,14575.925,0.1657,0.087,0.3347,0.0679,0.8901,0.0749,0.5564,0.2601,0.998,0.0419,0.8603,0.0566,1146.66,367.34,22.43,11.06,0.823,0.646,https://www.youtube.com/watch?v=NRLfxD29NW4
22401096,W7NqvBw6Z_4,side-court-led-logo,484.68,2422,14832.742,0.1217,0.1689,0.3877,0.1911,0.8151,0.1495,0.2947,0.3068,0.9147,0.2636,0.8745,0.0578,950.19,639.82,37.51,17.51,1.073,0.95,https://www.youtube.com/watch?v=W7NqvBw6Z_4
22401096,W7NqvBw6Z_4,mid-court-logo,556.36,3026,21869.4282,0.1436,0.152,0.4988,0.1348,0.9093,0.1105,0.3075,0.3069,0.999,0.0226,0.8778,0.0382,1254.89,538.93,35.99,16.47,1.51,0.604,https://www.youtube.com/watch?v=W7NqvBw6Z_4
22401096,W7NqvBw6Z_4,side-court-logo,496.1,2482,18572.6793,0.1487,0.0642,0.2901,0.0413,0.8352,0.0738,0.6195,0.2471,0.9973,0.0406,0.8507,0.0568,945.95,297.14,19.94,10.26,0.598,0.191,https://www.youtube.com/watch?v=W7NqvBw6Z_4
22401096,W7NqvBw6Z_4,back-court-logo,526.53,2636,35458.5672,0.2673,0.189,0.5627,0.0866,0.9052,0.0277,0.5187,0.34,0.9963,0.0519,0.8978,0.024,699.23,173.73,25.41,16.63,1.77,0.42,https://www.youtube.com/watch?v=W7NqvBw6Z_4
22401096,W7NqvBw6Z_4,basket-logo,521.72,14080,13979.8596,0.0197,0.0298,0.116,0.1142,0.3615,0.1422,0.3583,0.2942,0.999,0.0241,0.9079,0.0348,3246.06,2330.62,33.91,17.46,0.177,0.132,https://www.youtube.com/watch?v=W7NqvBw6Z_4
22401096,ADABC6cD_3U,mid-court-logo,434.03,4355,9230.4504,0.1053,0.1325,0.446,0.1499,0.8308,0.128,0.2658,0.2916,0.9985,0.0263,0.8681,0.0576,1165.12,973.74,38.74,16.75,1.322,1.749,https://www.youtube.com/watch?v=ADABC6cD_3U
22401096,ADABC6cD_3U,side-court-led-logo,340.34,1701,2968.5211,0.0867,0.1323,0.382,0.1891,0.6877,0.1291,0.2468,0.2699,0.8976,0.2838,0.8664,0.0611,650.38,482.03,40.0,16.65,1.036,0.894,https://www.youtube.com/watch?v=ADABC6cD_3U
22401096,ADABC6cD_3U,back-court-logo,410.41,2050,11372.88,0.2756,0.1777,0.5599,0.1012,0.9034,0.0318,0.5454,0.3231,0.9933,0.0651,0.8969,0.021,457.87,125.1,23.78,14.96,1.767,0.511,https://www.youtube.com/watch?v=ADABC6cD_3U
22401096,ADABC6cD_3U,basket-logo,419.82,10989,4811.733,0.0218,0.0321,0.1187,0.1166,0.3692,0.1504,0.3869,0.2908,0.997,0.0393,0.9067,0.036,2206.51,1647.61,31.79,16.24,0.186,0.158,https://www.youtube.com/watch?v=ADABC6cD_3U
22401096,ADABC6cD_3U,side-court-logo,369.77,1851,5749.4811,0.1543,0.0616,0.2926,0.0473,0.8391,0.0787,0.6396,0.2289,0.9922,0.0635,0.8432,0.0644,591.53,194.8,18.96,8.92,0.609,0.217,https://www.youtube.com/watch?v=ADABC6cD_3U
22401065,LNNnZ3c1nl4,back-court-logo,483.0,2415,1054.3152,0.2003,0.1258,0.3629,0.0441,0.9003,0.0332,0.5998,0.3496,1.0,0.0,0.9,0.0218,1212.15,248.14,21.5,16.46,0.934,0.183,https://www.youtube.com/watch?v=LNNnZ3c1nl4
22401065,LNNnZ3c1nl4,basket-logo,470.4,11163,672.7385,0.0276,0.0335,0.1412,0.1075,0.45,0.0688,0.3747,0.2909,0.9972,0.0413,0.887,0.0334,1471.49,897.86,33.26,17.5,0.19,0.147,https://www.youtube.com/watch?v=LNNnZ3c1nl4
22401065,LNNnZ3c1nl4,mid-court-logo,448.8,2442,1069.7944,0.201,0.1972,0.5712,0.1896,0.9015,0.1136,0.363,0.31,0.9653,0.1435,0.8757,0.0569,424.44,231.71,31.94,15.02,1.868,0.919,https://www.youtube.com/watch?v=LNNnZ3c1nl4
22401065,LNNnZ3c1nl4,side-court-led-logo,300.4,1504,415.6301,0.1268,0.1393,0.3447,0.1889,0.7503,0.2044,0.4007,0.303,0.9689,0.1548,0.9036,0.0537,769.27,483.01,30.32,15.15,1.065,2.751,https://www.youtube.com/watch?v=LNNnZ3c1nl4
22401065,LNNnZ3c1nl4,side-court-logo,505.8,2602,633.1263,0.1116,0.0718,0.2973,0.04,0.8481,0.1058,0.4655,0.3074,0.9988,0.0328,0.9027,0.0185,1875.05,428.51,26.33,13.46,0.645,0.3,https://www.youtube.com/watch?v=LNNnZ3c1nl4
22401072,v7i3eigox7U,mid-court-logo,518.0,2867,899.4252,0.1786,0.1817,0.5792,0.2002,0.8551,0.1295,0.3418,0.3236,0.9976,0.0398,0.8917,0.0369,722.79,249.09,33.6,16.16,1.941,1.654,https://www.youtube.com/watch?v=v7i3eigox7U
22401072,v7i3eigox7U,side-court-led-logo,458.8,2294,694.7061,0.1724,0.2191,0.4589,0.2363,0.7676,0.1641,0.3476,0.3312,0.9803,0.1216,0.9006,0.0449,1083.66,715.59,33.85,16.86,1.526,2.384,https://www.youtube.com/watch?v=v7i3eigox7U
22401072,v7i3eigox7U,side-court-logo,526.2,2763,581.8999,0.1199,0.0796,0.3347,0.0512,0.8039,0.0878,0.4587,0.3063,0.9976,0.0469,0.8967,0.0242,1816.78,410.0,26.66,13.49,0.835,0.748,https://www.youtube.com/watch?v=v7i3eigox7U
22401072,v7i3eigox7U,back-court-logo,481.0,2405,794.702,0.1882,0.1165,0.3533,0.0411,0.8845,0.0351,0.5955,0.3522,0.9998,0.0112,0.8786,0.023,1427.57,302.79,22.08,16.89,0.893,0.17,https://www.youtube.com/watch?v=v7i3eigox7U
22401072,v7i3eigox7U,basket-logo,465.6,15262,421.2449,0.0157,0.0303,0.0765,0.1094,0.3909,0.1377,0.4072,0.3029,0.9986,0.0314,0.9023,0.0332,1764.47,1416.0,31.49,17.33,0.16,0.278,https://www.youtube.com/watch?v=v7i3eigox7U
22401072,mDNKU9-drR8,basket-logo,434.23,13962,5948.8658,0.0159,0.0316,0.0788,0.1097,0.3942,0.1406,0.3873,0.2999,0.9994,0.0194,0.9026,0.0332,2345.59,1767.82,32.29,17.01,0.159,0.123,https://www.youtube.com/watch?v=mDNKU9-drR8
22401072,mDNKU9-drR8,side-court-logo,467.07,2400,8128.4125,0.1262,0.0802,0.3362,0.0447,0.8106,0.0834,0.478,0.3087,0.9992,0.0277,0.8967,0.0249,2165.35,433.02,25.79,13.54,0.835,0.673,https://www.youtube.com/watch?v=mDNKU9-drR8
22401072,mDNKU9-drR8,back-court-logo,439.84,2201,10873.4345,0.184,0.1154,0.3518,0.0404,0.8842,0.0358,0.5832,0.3472,0.9993,0.0221,0.8792,0.0214,1761.69,353.11,22.24,16.25,0.887,0.163,https://www.youtube.com/watch?v=mDNKU9-drR8
22401072,mDNKU9-drR8,mid-court-logo,450.45,2438,11445.7423,0.1749,0.1834,0.5711,0.2069,0.8452,0.1331,0.3367,0.3177,0.9994,0.0171,0.8934,0.0397,926.18,308.46,33.73,15.8,1.868,0.972,https://www.youtube.com/watch?v=mDNKU9-drR8
22401072,mDNKU9-drR8,side-court-led-logo,402.6,2011,8011.7358,0.1484,0.193,0.4339,0.2148,0.7534,0.1603,0.3334,0.3173,0.9891,0.0906,0.9048,0.0431,1382.89,871.67,34.41,16.33,1.318,1.12,https://www.youtube.com/watch?v=mDNKU9-drR8
22401066,PKnsUEpCYq8,mid-court-logo,454.8,2449,518.6589,0.1656,0.1718,0.49,0.1703,0.8559,0.1247,0.3512,0.3289,0.9996,0.0195,0.8806,0.045,1650.32,509.82,33.67,17.0,1.479,0.737,https://www.youtube.com/watch?v=PKnsUEpCYq8
22401066,PKnsUEpCYq8,side-court-led-logo,463.0,3360,485.9942,0.1131,0.1238,0.3419,0.1219,0.7899,0.1433,0.4012,0.3199,0.9809,0.1223,0.909,0.0426,1471.56,810.42,30.75,15.95,0.86,0.827,https://www.youtube.com/watch?v=PKnsUEpCYq8
22401066,PKnsUEpCYq8,basket-logo,449.8,12306,527.4413,0.0335,0.0415,0.1536,0.1111,0.5153,0.1741,0.3608,0.288,0.9984,0.0353,0.8738,0.074,2094.16,1104.36,33.69,17.2,0.215,0.189,https://www.youtube.com/watch?v=PKnsUEpCYq8
22401066,PKnsUEpCYq8,back-court-logo,0.2,1,0.5004,0.3914,0.0,0.4403,0.0,0.9201,0.0,0.966,0.0,1.0,0.0,0.7461,0.0,1250.29,0.0,5.26,0.0,1.26,0.0,https://www.youtube.com/watch?v=PKnsUEpCYq8
22401066,PKnsUEpCYq8,side-court-logo,1.0,5,0.0022,0.0003,0.0007,0.0432,0.0864,0.501,0.1142,0.2278,0.3633,1.0,0.0,0.7439,0.0721,2349.73,994.37,42.63,19.15,0.117,0.052,https://www.youtube.com/watch?v=PKnsUEpCYq8
22401060,y_DDy8xpZxY,mid-court-logo,344.0,1810,4575.1603,0.2257,0.2199,0.6424,0.2565,0.8961,0.1177,0.3464,0.3043,1.0,0.0006,0.8605,0.0693,899.61,302.33,34.26,16.95,2.367,1.361,https://www.youtube.com/watch?v=y_DDy8xpZxY
22401060,y_DDy8xpZxY,side-court-led-logo,235.0,1175,2373.3139,0.1804,0.2019,0.4089,0.241,0.81,0.1904,0.4007,0.3152,0.9955,0.0548,0.8924,0.0552,1005.13,570.23,31.74,17.44,1.652,5.538,https://www.youtube.com/watch?v=y_DDy8xpZxY
22401060,y_DDy8xpZxY,side-court-logo,481.4,2458,3874.4615,0.1408,0.1087,0.37,0.0467,0.9207,0.0761,0.4183,0.3154,0.9992,0.0269,0.8909,0.0229,2612.17,545.21,29.0,14.69,0.979,0.605,https://www.youtube.com/watch?v=y_DDy8xpZxY
22401060,y_DDy8xpZxY,back-court-logo,456.4,2282,6170.3072,0.2415,0.1769,0.5013,0.0718,0.9433,0.0241,0.5085,0.3587,1.0,0.0,0.8773,0.0272,1627.87,342.98,26.55,18.6,1.505,0.296,https://www.youtube.com/watch?v=y_DDy8xpZxY
22401060,y_DDy8xpZxY,basket-logo,440.2,10815,3882.3015,0.0321,0.0323,0.1936,0.0758,0.4614,0.1081,0.3494,0.2961,0.9993,0.0224,0.8929,0.0484,4393.77,3292.23,34.74,17.95,0.223,0.196,https://www.youtube.com/watch?v=y_DDy8xpZxY
22401064,FMmOAYAFjyc,side-court-led-logo,299.69,1484,90.7798,0.2065,0.2343,0.4706,0.258,0.7924,0.1695,0.4126,0.3307,0.9934,0.0748,0.8876,0.0636,995.71,444.35,31.01,17.62,2.168,5.781,https://www.youtube.com/watch?v=FMmOAYAFjyc
22401064,FMmOAYAFjyc,basket-logo,383.55,8412,90.5312,0.0363,0.0454,0.1485,0.1119,0.6003,0.1539,0.3605,0.3018,1.0,0.0014,0.9179,0.0325,2035.14,1346.57,34.19,18.02,0.221,0.15,https://www.youtube.com/watch?v=FMmOAYAFjyc
22401064,FMmOAYAFjyc,mid-court-logo,324.95,1822,131.1992,0.2431,0.2129,0.6407,0.2735,0.8689,0.1288,0.3862,0.3009,0.9996,0.0106,0.8787,0.0563,914.21,379.86,31.49,15.95,2.534,1.713,https://www.youtube.com/watch?v=FMmOAYAFjyc
22401064,FMmOAYAFjyc,side-court-logo,435.09,2197,94.8823,0.1458,0.1021,0.3672,0.0624,0.9241,0.0671,0.4443,0.3128,0.9966,0.054,0.8932,0.0202,1520.7,335.48,27.45,13.8,1.012,1.155,https://www.youtube.com/watch?v=FMmOAYAFjyc
22401064,FMmOAYAFjyc,back-court-logo,0.81,4,0.2044,0.1725,0.1287,0.3234,0.0652,0.9168,0.0295,0.5246,0.3802,1.0,0.0,0.6223,0.0086,1024.17,372.35,30.25,25.26,0.743,0.317,https://www.youtube.com/watch?v=FMmOAYAFjyc
22401054,Jn_X0hFMD7w,mid-court-logo,361.6,2008,367.429,0.1918,0.2213,0.5914,0.2441,0.8917,0.1232,0.3642,0.2963,0.6609,0.4188,0.8584,0.0615,287.24,318.19,32.28,15.39,2.077,1.306,https://www.youtube.com/watch?v=Jn_X0hFMD7w
22401054,Jn_X0hFMD7w,side-court-led-logo,236.4,1199,211.2908,0.1847,0.1932,0.4446,0.2347,0.7252,0.195,0.4507,0.2857,0.9569,0.1917,0.883,0.0503,1726.11,1055.17,27.62,13.99,1.345,1.114,https://www.youtube.com/watch?v=Jn_X0hFMD7w
22401054,Jn_X0hFMD7w,side-court-logo,497.8,5565,626.0648,0.1179,0.0806,0.3025,0.0603,0.7989,0.1456,0.4833,0.3018,0.9997,0.0123,0.8348,0.0747,3716.94,946.0,26.12,13.91,0.668,0.394,https://www.youtube.com/watch?v=Jn_X0hFMD7w
22401054,Jn_X0hFMD7w,back-court-logo,452.8,2264,399.5822,0.185,0.121,0.3582,0.0424,0.8629,0.0462,0.5863,0.3581,1.0,0.0,0.8722,0.0209,2223.16,458.57,22.55,17.56,0.912,0.183,https://www.youtube.com/watch?v=Jn_X0hFMD7w
22401054,Jn_X0hFMD7w,basket-logo,441.4,11057,358.9677,0.034,0.0344,0.173,0.0921,0.4849,0.1062,0.3877,0.2896,0.9532,0.18,0.8883,0.0579,1302.23,1444.69,32.07,16.72,0.213,0.096,https://www.youtube.com/watch?v=Jn_X0hFMD7w
22401106,LXp86dY55mE,mid-court-logo,463.4,2611,102.8889,0.1369,0.1346,0.3504,0.1116,0.7792,0.1222,0.4255,0.3549,0.9974,0.0369,0.885,0.0347,888.31,347.24,30.67,18.61,0.884,0.677,https://www.youtube.com/watch?v=LXp86dY55mE
22401106,LXp86dY55mE,side-court-led-logo,175.0,876,44.432,0.1763,0.1627,0.4198,0.2133,0.7381,0.1556,0.4964,0.3085,0.9784,0.1349,0.8895,0.0513,1478.31,849.18,26.18,15.24,1.4,4.426,https://www.youtube.com/watch?v=LXp86dY55mE
22401106,LXp86dY55mE,side-court-logo,515.0,2669,107.0618,0.1394,0.0985,0.3679,0.0562,0.9032,0.0674,0.4332,0.3061,1.0,0.0,0.9019,0.0241,1769.52,410.63,28.33,14.28,0.957,0.223,https://www.youtube.com/watch?v=LXp86dY55mE
22401106,LXp86dY55mE,back-court-logo,478.8,2394,223.6619,0.3247,0.2626,0.6763,0.1043,0.9238,0.0278,0.4894,0.3651,1.0,0.0001,0.8867,0.0203,921.54,189.14,27.48,18.78,2.283,0.521,https://www.youtube.com/watch?v=LXp86dY55mE
22401106,LXp86dY55mE,basket-logo,468.4,14738,93.7379,0.0221,0.0306,0.1573,0.1171,0.3528,0.1574,0.3093,0.2832,0.9999,0.0063,0.8872,0.0571,3242.27,1298.78,37.09,18.1,0.242,0.199,https://www.youtube.com/watch?v=LXp86dY55mE
22401106,I7VoBLiGj0U,back-court-logo,480.8,2404,11290.6044,0.3279,0.2624,0.676,0.1043,0.9246,0.0278,0.4944,0.3637,1.0,0.0,0.8866,0.0209,993.93,213.08,27.16,18.58,2.282,0.524,https://www.youtube.com/watch?v=I7VoBLiGj0U
22401106,I7VoBLiGj0U,basket-logo,470.8,14878,4676.6712,0.0219,0.0302,0.1551,0.1174,0.3506,0.1572,0.3113,0.2822,0.9999,0.0091,0.8895,0.0548,3574.76,1432.42,36.89,17.94,0.238,0.204,https://www.youtube.com/watch?v=I7VoBLiGj0U
22401106,I7VoBLiGj0U,side-court-logo,510.4,2629,5237.6186,0.1391,0.0977,0.3673,0.0559,0.9044,0.0671,0.4332,0.3065,1.0,0.0,0.9027,0.021,1880.16,440.79,28.31,14.29,0.955,0.218,https://www.youtube.com/watch?v=I7VoBLiGj0U
22401106,I7VoBLiGj0U,mid-court-logo,459.6,2547,4870.2129,0.1335,0.135,0.3502,0.1131,0.7808,0.1215,0.4113,0.3547,0.9977,0.0402,0.8859,0.0343,923.85,360.51,31.45,18.72,0.895,0.906,https://www.youtube.com/watch?v=I7VoBLiGj0U
22401106,I7VoBLiGj0U,side-court-led-logo,171.8,860,2038.106,0.1654,0.1594,0.4143,0.2093,0.736,0.1512,0.4789,0.3131,0.9787,0.1349,0.8968,0.0443,1648.91,952.92,27.28,16.11,1.286,3.623,https://www.youtube.com/watch?v=I7VoBLiGj0U
22401053,45FNaAJJUBs,back-court-logo,490.6,2453,1533.4874,0.3507,0.2583,0.6272,0.1516,0.9497,0.0244,0.5489,0.3373,0.9974,0.0315,0.888,0.0202,526.55,181.81,24.15,16.73,2.136,0.903,https://www.youtube.com/watch?v=45FNaAJJUBs
22401053,45FNaAJJUBs,basket-logo,485.4,13458,495.9751,0.0207,0.0303,0.1285,0.1193,0.4139,0.152,0.3175,0.2677,0.8811,0.247,0.8911,0.0649,502.89,466.12,35.25,16.16,0.205,0.196,https://www.youtube.com/watch?v=45FNaAJJUBs
22401053,45FNaAJJUBs,side-court-logo,493.4,2484,585.5986,0.1323,0.0986,0.3441,0.061,0.9123,0.0799,0.4328,0.3159,0.9993,0.0253,0.8908,0.0333,937.14,340.44,28.44,14.65,0.86,0.681,https://www.youtube.com/watch?v=45FNaAJJUBs
22401053,45FNaAJJUBs,mid-court-logo,279.4,1437,291.9298,0.114,0.1147,0.4868,0.1743,0.7948,0.1899,0.4158,0.2907,0.6727,0.3352,0.8455,0.0677,147.34,121.84,29.49,14.85,1.452,0.763,https://www.youtube.com/watch?v=45FNaAJJUBs
22401053,45FNaAJJUBs,side-court-led-logo,326.4,1632,534.6331,0.1838,0.1925,0.492,0.2211,0.8334,0.1164,0.3869,0.3045,0.9777,0.1081,0.8967,0.0513,453.52,226.82,31.44,16.0,2.3,7.522,https://www.youtube.com/watch?v=45FNaAJJUBs
22401106,_a9S-2QDxNA,mid-court-logo,437.6,2509,99.4037,0.1966,0.1892,0.7057,0.2383,0.9325,0.095,0.4641,0.3294,0.5687,0.2588,0.8757,0.0476,111.37,58.66,28.45,17.56,2.78,1.495,https://www.youtube.com/watch?v=_a9S-2QDxNA
22401106,_a9S-2QDxNA,side-court-logo,577.0,2888,125.3734,0.2154,0.2226,0.6546,0.1749,0.9817,0.0551,0.3051,0.2941,0.9903,0.028,0.8979,0.043,230.34,51.58,36.73,17.58,2.216,0.809,https://www.youtube.com/watch?v=_a9S-2QDxNA
22401106,_a9S-2QDxNA,back-court-logo,208.8,1046,61.7847,0.293,0.2539,0.951,0.1037,0.993,0.0101,0.4338,0.3322,0.7122,0.1946,0.8242,0.0663,124.64,26.74,30.1,18.0,6.085,2.198,https://www.youtube.com/watch?v=_a9S-2QDxNA
22401106,_a9S-2QDxNA,basket-logo,137.6,1140,13.5335,0.0589,0.0561,0.2539,0.1216,0.5067,0.172,0.4,0.2789,0.9865,0.0788,0.8762,0.0689,420.4,147.45,30.2,14.27,0.539,0.349,https://www.youtube.com/watch?v=_a9S-2QDxNA
22401106,_a9S-2QDxNA,side-court-led-logo,194.6,973,51.8875,0.2646,0.2493,0.7261,0.2558,0.904,0.1049,0.4201,0.3138,0.8664,0.2249,0.8566,0.0748,186.33,79.55,29.93,16.07,3.442,2.363,https://www.youtube.com/watch?v=_a9S-2QDxNA
22401106,oeUOvwfz5Qo,mid-court-logo,356.0,1974,81.3491,0.1842,0.1686,0.6935,0.245,0.9354,0.0931,0.4848,0.3149,0.5328,0.252,0.8718,0.0507,113.67,91.96,26.76,15.91,2.793,1.652,https://www.youtube.com/watch?v=oeUOvwfz5Qo
22401106,oeUOvwfz5Qo,side-court-led-logo,125.2,626,30.1335,0.2151,0.2506,0.6804,0.2725,0.8855,0.1145,0.4287,0.3178,0.6547,0.3323,0.8645,0.0621,148.98,122.45,29.66,16.35,3.284,2.626,https://www.youtube.com/watch?v=oeUOvwfz5Qo
22401106,oeUOvwfz5Qo,side-court-logo,500.2,2507,134.1693,0.2392,0.231,0.6754,0.1902,0.987,0.0433,0.3268,0.2958,0.9898,0.0233,0.8961,0.0426,223.85,107.74,35.54,17.87,2.348,0.914,https://www.youtube.com/watch?v=oeUOvwfz5Qo
22401106,oeUOvwfz5Qo,back-court-logo,194.6,973,59.0517,0.2713,0.2367,0.9568,0.0955,0.9956,0.0052,0.4042,0.3236,0.7031,0.1924,0.8208,0.0643,123.34,27.18,32.99,20.18,6.326,2.15,https://www.youtube.com/watch?v=oeUOvwfz5Qo
22401106,oeUOvwfz5Qo,basket-logo,107.6,952,13.5422,0.0636,0.0642,0.2604,0.1132,0.5725,0.1963,0.385,0.2962,0.9896,0.0784,0.8739,0.064,432.72,143.92,32.27,17.73,0.566,0.308,https://www.youtube.com/watch?v=oeUOvwfz5Qo
22401057,4a_zZ1FsYzI,mid-court-logo,496.8,2614,5264.1087,0.1269,0.1199,0.3797,0.0665,0.8497,0.073,0.3759,0.3432,0.9999,0.0019,0.9001,0.0319,2319.98,919.3,32.88,17.82,1.001,0.288,https://www.youtube.com/watch?v=4a_zZ1FsYzI
22401057,4a_zZ1FsYzI,side-court-led-logo,533.6,4046,6535.0529,0.1018,0.1114,0.3256,0.129,0.6877,0.1337,0.4236,0.3123,0.9118,0.2698,0.905,0.0513,1119.33,786.66,29.1,15.19,0.794,0.529,https://www.youtube.com/watch?v=4a_zZ1FsYzI
22401057,4a_zZ1FsYzI,side-court-logo,529.2,3207,7960.5118,0.1565,0.096,0.3646,0.1036,0.7527,0.169,0.5312,0.2719,1.0,0.0001,0.8662,0.0504,2208.2,755.91,23.64,12.28,0.943,0.408,https://www.youtube.com/watch?v=4a_zZ1FsYzI
22401057,4a_zZ1FsYzI,back-court-logo,501.2,2506,10195.5336,0.2565,0.182,0.493,0.0884,0.9121,0.0317,0.5566,0.3526,0.9985,0.0157,0.8925,0.0231,542.98,159.47,23.56,16.83,1.476,0.373,https://www.youtube.com/watch?v=4a_zZ1FsYzI
22401057,4a_zZ1FsYzI,basket-logo,494.6,14234,5119.8329,0.0227,0.0305,0.1359,0.1115,0.4108,0.1404,0.3393,0.2833,0.9955,0.0539,0.8744,0.0649,1171.07,681.38,34.68,16.88,0.198,0.127,https://www.youtube.com/watch?v=4a_zZ1FsYzI
22401051,lNvrpZpHKP8,back-court-logo,463.6,2318,1470.6772,0.2245,0.1345,0.41,0.0605,0.9026,0.0349,0.5978,0.3328,1.0,0.0,0.8777,0.0273,1416.88,410.67,21.65,15.72,1.132,0.25,https://www.youtube.com/watch?v=lNvrpZpHKP8
22401051,lNvrpZpHKP8,basket-logo,458.4,12480,852.0284,0.0242,0.0314,0.1276,0.1105,0.4219,0.1061,0.4074,0.2968,0.9924,0.0668,0.9049,0.0319,2373.5,2014.42,30.61,15.89,0.192,0.1,https://www.youtube.com/watch?v=lNvrpZpHKP8
22401051,lNvrpZpHKP8,mid-court-logo,394.8,2143,931.2209,0.1537,0.1638,0.4895,0.1842,0.7807,0.1771,0.3518,0.31,1.0,0.0004,0.8655,0.0771,1450.87,736.13,33.08,15.81,1.492,0.835,https://www.youtube.com/watch?v=lNvrpZpHKP8
22401051,lNvrpZpHKP8,side-court-led-logo,494.8,2484,1250.0382,0.178,0.2262,0.5237,0.2169,0.8116,0.1269,0.3268,0.3146,0.9623,0.158,0.9019,0.0483,643.92,418.67,34.48,16.05,2.258,5.953,https://www.youtube.com/watch?v=lNvrpZpHKP8
22401051,lNvrpZpHKP8,side-court-logo,496.6,2565,549.2251,0.0758,0.0572,0.2883,0.033,0.653,0.103,0.4224,0.3198,1.0,0.0,0.8869,0.0262,1457.6,569.24,28.76,14.81,0.594,0.147,https://www.youtube.com/watch?v=lNvrpZpHKP8
22401048,Vi0ANKJw5vI,back-court-logo,443.2,2216,10301.3023,0.3043,0.2524,0.5966,0.1368,0.9277,0.0279,0.507,0.3701,1.0,0.0,0.8917,0.0213,1742.11,400.04,26.22,18.3,1.958,0.705,https://www.youtube.com/watch?v=Vi0ANKJw5vI
22401048,Vi0ANKJw5vI,basket-logo,435.4,13491,4271.4152,0.0207,0.0311,0.1254,0.114,0.3771,0.1334,0.3286,0.2939,0.9991,0.0246,0.8922,0.0569,2418.62,1390.77,36.28,18.34,0.192,0.133,https://www.youtube.com/watch?v=Vi0ANKJw5vI
22401048,Vi0ANKJw5vI,mid-court-logo,410.8,2341,8656.7765,0.242,0.2231,0.6134,0.2116,0.926,0.1088,0.398,0.3347,0.9974,0.0436,0.8754,0.051,1802.21,945.1,31.12,16.74,2.108,1.07,https://www.youtube.com/watch?v=Vi0ANKJw5vI
22401048,Vi0ANKJw5vI,side-court-led-logo,470.6,3278,5774.8776,0.1153,0.1035,0.3385,0.1181,0.7049,0.1185,0.4642,0.2938,0.9971,0.0488,0.9123,0.0396,1777.66,979.54,27.03,14.11,0.842,0.988,https://www.youtube.com/watch?v=Vi0ANKJw5vI
22401048,Vi0ANKJw5vI,side-court-logo,479.6,2430,3993.9493,0.1076,0.0679,0.3302,0.0507,0.7129,0.0559,0.4733,0.2993,1.0,0.0,0.8855,0.0251,2594.96,616.28,26.53,14.13,0.789,0.212,https://www.youtube.com/watch?v=Vi0ANKJw5vI
22401049,1euQMbtCkZw,mid-court-logo,411.2,2299,1717.0164,0.1635,0.1579,0.46,0.1738,0.8823,0.1286,0.389,0.3265,0.9993,0.0225,0.8879,0.0479,1375.29,507.66,31.45,16.54,1.351,0.729,https://www.youtube.com/watch?v=1euQMbtCkZw
22401049,1euQMbtCkZw,side-court-led-logo,328.6,1645,1364.1512,0.1815,0.2046,0.4228,0.2153,0.8246,0.1433,0.401,0.3281,0.9439,0.2193,0.8913,0.0637,1265.06,966.57,31.22,16.81,1.27,1.288,https://www.youtube.com/watch?v=1euQMbtCkZw
22401049,1euQMbtCkZw,basket-logo,463.0,12466,1626.8638,0.0286,0.0366,0.1351,0.1076,0.525,0.1572,0.3424,0.2819,0.984,0.1119,0.8996,0.0439,1816.09,1667.06,34.62,17.13,0.176,0.099,https://www.youtube.com/watch?v=1euQMbtCkZw
22401049,1euQMbtCkZw,back-court-logo,0.8,4,4.3876,0.2401,0.2542,0.3933,0.2874,0.974,0.0268,0.3897,0.405,1.0,0.0,0.6592,0.0072,721.39,109.58,35.04,23.21,1.21,0.994,https://www.youtube.com/watch?v=1euQMbtCkZw
22401049,1euQMbtCkZw,side-court-logo,0.4,2,1.0517,0.1151,0.1086,0.3065,0.0892,0.6655,0.0807,0.5034,0.4635,1.0,0.0,0.6946,0.0222,1590.52,875.35,27.98,22.79,0.648,0.429,https://www.youtube.com/watch?v=1euQMbtCkZw
22401071,P380JtXaMzc,mid-court-logo,437.0,2318,132.1715,0.2143,0.1937,0.6396,0.196,0.9228,0.0873,0.3653,0.3174,0.9989,0.0318,0.8955,0.0495,892.14,298.54,33.39,17.34,2.276,1.772,https://www.youtube.com/watch?v=P380JtXaMzc
22401071,P380JtXaMzc,side-court-led-logo,382.4,1912,81.212,0.1596,0.2005,0.4119,0.2163,0.8499,0.1713,0.3542,0.3258,0.9838,0.0985,0.9023,0.0479,595.28,418.65,35.2,19.29,1.208,1.047,https://www.youtube.com/watch?v=P380JtXaMzc
22401071,P380JtXaMzc,side-court-logo,509.2,2631,108.7954,0.1554,0.1106,0.3958,0.0632,0.9215,0.071,0.4385,0.309,0.9993,0.0259,0.9016,0.0183,2221.41,514.15,28.12,14.58,1.087,0.772,https://www.youtube.com/watch?v=P380JtXaMzc
22401071,P380JtXaMzc,back-court-logo,461.8,2309,176.5634,0.2874,0.2416,0.6257,0.1015,0.9283,0.0318,0.4723,0.3692,0.9996,0.0194,0.8958,0.0233,1521.28,334.88,28.65,19.49,2.053,0.644,https://www.youtube.com/watch?v=P380JtXaMzc
22401071,P380JtXaMzc,basket-logo,451.4,12513,73.4573,0.0221,0.0308,0.1459,0.111,0.3582,0.1322,0.329,0.3,0.9996,0.0172,0.9077,0.0404,2079.53,1137.28,36.85,19.31,0.204,0.139,https://www.youtube.com/watch?v=P380JtXaMzc
22401071,ecwiV1czmxQ,back-court-logo,457.0,2285,9164.0541,0.2893,0.2418,0.6214,0.1023,0.928,0.0316,0.4788,0.3715,1.0,0.0,0.8954,0.0252,1551.32,352.14,28.33,19.52,2.027,0.482,https://www.youtube.com/watch?v=ecwiV1czmxQ
22401071,ecwiV1czmxQ,basket-logo,446.4,12428,3810.7921,0.0221,0.0308,0.1442,0.1115,0.358,0.1327,0.3348,0.3025,0.9995,0.0195,0.9102,0.0378,2217.11,1128.58,36.47,19.26,0.204,0.166,https://www.youtube.com/watch?v=ecwiV1czmxQ
22401071,ecwiV1czmxQ,mid-court-logo,430.2,2264,6716.5089,0.214,0.1945,0.642,0.197,0.9229,0.0891,0.3665,0.3214,0.9983,0.0404,0.8962,0.05,914.5,287.16,33.32,17.36,2.299,2.046,https://www.youtube.com/watch?v=ecwiV1czmxQ
22401071,ecwiV1czmxQ,side-court-led-logo,370.0,1850,3944.4993,0.1538,0.1923,0.4027,0.2057,0.8475,0.1698,0.3493,0.3244,0.9831,0.1073,0.9051,0.0447,641.19,449.14,35.53,19.29,1.156,0.988,https://www.youtube.com/watch?v=ecwiV1czmxQ
22401071,ecwiV1czmxQ,side-court-logo,497.4,2556,5492.1489,0.155,0.1102,0.3943,0.0653,0.9216,0.0711,0.4382,0.3072,0.9996,0.0185,0.9013,0.02,2267.54,523.78,28.02,14.35,1.075,0.449,https://www.youtube.com/watch?v=ecwiV1czmxQ
22401045,toTFrSm6Wjs,back-court-logo,455.4,2277,646.6444,0.1521,0.1077,0.3131,0.0435,0.8723,0.0394,0.5472,0.3653,1.0,0.0002,0.8755,0.0257,938.6,199.9,24.15,17.44,0.712,0.192,https://www.youtube.com/watch?v=toTFrSm6Wjs
22401045,toTFrSm6Wjs,basket-logo,453.0,11472,601.4883,0.0281,0.0374,0.1487,0.1107,0.478,0.1431,0.3582,0.3051,0.9979,0.0403,0.8985,0.0594,1823.93,1240.27,34.69,18.45,0.207,0.22,https://www.youtube.com/watch?v=toTFrSm6Wjs
22401045,toTFrSm6Wjs,mid-court-logo,448.8,2378,710.5549,0.1601,0.1601,0.4951,0.1863,0.8706,0.1194,0.3576,0.3298,1.0,0.0001,0.8927,0.0328,1053.15,256.12,33.36,16.88,1.502,0.818,https://www.youtube.com/watch?v=toTFrSm6Wjs
22401045,toTFrSm6Wjs,side-court-led-logo,472.0,3428,668.3705,0.1044,0.0958,0.3066,0.095,0.7023,0.1145,0.459,0.2997,0.9739,0.1457,0.9061,0.0375,1367.46,867.49,27.1,13.98,0.688,0.376,https://www.youtube.com/watch?v=toTFrSm6Wjs
22401045,toTFrSm6Wjs,side-court-logo,474.0,2415,408.4419,0.0906,0.0588,0.2966,0.0427,0.656,0.0395,0.4788,0.31,0.9985,0.0373,0.8844,0.0265,1458.07,343.86,25.82,13.37,0.68,1.228,https://www.youtube.com/watch?v=toTFrSm6Wjs
22401050,2Uy4HffOjyw,mid-court-logo,425.4,2319,712.4255,0.19,0.1858,0.5827,0.1907,0.8976,0.1154,0.3485,0.3051,0.9664,0.1331,0.8796,0.0547,411.6,247.26,33.2,15.55,1.916,0.918,https://www.youtube.com/watch?v=2Uy4HffOjyw
22401050,2Uy4HffOjyw,side-court-led-logo,271.6,1358,284.8872,0.1297,0.1465,0.3413,0.1797,0.7452,0.1871,0.3959,0.2901,0.9479,0.2008,0.9019,0.0561,811.26,586.89,30.49,14.94,1.124,4.201,https://www.youtube.com/watch?v=2Uy4HffOjyw
22401050,2Uy4HffOjyw,side-court-logo,472.4,2438,423.8852,0.1075,0.0749,0.3014,0.0367,0.8464,0.1108,0.4457,0.3189,1.0,0.0,0.9046,0.0185,1749.41,403.43,27.5,14.36,0.66,0.146,https://www.youtube.com/watch?v=2Uy4HffOjyw
22401050,2Uy4HffOjyw,back-court-logo,450.4,2252,756.6536,0.2078,0.1339,0.3729,0.0526,0.9057,0.0318,0.5959,0.345,1.0,0.0,0.8995,0.0201,1184.66,247.22,21.7,16.58,0.977,0.214,https://www.youtube.com/watch?v=2Uy4HffOjyw
22401050,2Uy4HffOjyw,basket-logo,439.6,10457,489.0788,0.0289,0.0343,0.1487,0.106,0.4551,0.0728,0.3718,0.2907,0.9973,0.0407,0.886,0.0383,1426.66,876.52,33.12,17.19,0.196,0.132,https://www.youtube.com/watch?v=2Uy4HffOjyw
22401059,sJIBg2OJelc,mid-court-logo,286.8,1664,1801.0255,0.2478,0.1974,0.5626,0.249,0.8583,0.1492,0.479,0.3107,0.9276,0.2041,0.854,0.0527,433.4,321.53,26.8,15.33,1.971,1.527,https://www.youtube.com/watch?v=sJIBg2OJelc
22401059,sJIBg2OJelc,side-court-led-logo,435.4,3107,1627.005,0.1199,0.1214,0.3335,0.1272,0.7879,0.1211,0.4402,0.3345,0.9933,0.0682,0.9061,0.0446,1045.18,690.17,29.07,16.74,0.811,0.525,https://www.youtube.com/watch?v=sJIBg2OJelc
22401059,sJIBg2OJelc,side-court-logo,467.4,2369,1038.06,0.1003,0.0599,0.2839,0.051,0.7983,0.1045,0.4636,0.2932,0.9998,0.0085,0.876,0.0362,1144.48,354.61,26.59,13.4,0.582,0.349,https://www.youtube.com/watch?v=sJIBg2OJelc
22401059,sJIBg2OJelc,back-court-logo,418.2,2091,2097.668,0.2297,0.1741,0.4298,0.0975,0.9004,0.0478,0.5459,0.3488,1.0,0.0001,0.854,0.0391,723.92,199.96,24.35,17.15,1.215,0.413,https://www.youtube.com/watch?v=sJIBg2OJelc
22401059,sJIBg2OJelc,basket-logo,421.2,15650,1385.6894,0.0203,0.0319,0.1051,0.114,0.3725,0.1445,0.3573,0.2892,0.9995,0.015,0.9005,0.0459,2478.21,1844.05,34.04,17.49,0.168,0.125,https://www.youtube.com/watch?v=sJIBg2OJelc
22401059,50bjzGFxmQg,mid-court-logo,298.2,1728,80.9182,0.2424,0.1949,0.5674,0.248,0.8624,0.1452,0.4689,0.3104,0.9219,0.2135,0.8533,0.0529,431.19,324.14,27.14,15.23,2.021,2.008,https://www.youtube.com/watch?v=50bjzGFxmQg
22401059,50bjzGFxmQg,side-court-led-logo,450.4,3213,73.9344,0.1191,0.122,0.3332,0.1281,0.7877,0.1211,0.4355,0.3329,0.9917,0.0782,0.9055,0.0458,1013.08,672.19,29.24,16.65,0.811,0.523,https://www.youtube.com/watch?v=50bjzGFxmQg
22401059,50bjzGFxmQg,side-court-logo,482.8,2448,47.554,0.1006,0.0595,0.2851,0.0503,0.7978,0.1021,0.4646,0.2896,0.9993,0.0232,0.8746,0.0381,1119.59,355.08,26.4,12.94,0.601,0.883,https://www.youtube.com/watch?v=50bjzGFxmQg
22401059,50bjzGFxmQg,back-court-logo,434.2,2171,98.1367,0.234,0.1734,0.4292,0.0961,0.8993,0.0475,0.5588,0.3464,1.0,0.0001,0.8543,0.0401,710.83,195.84,23.72,16.89,1.211,0.412,https://www.youtube.com/watch?v=50bjzGFxmQg
22401059,50bjzGFxmQg,basket-logo,435.6,16175,64.0606,0.0205,0.0317,0.1049,0.1144,0.3723,0.144,0.367,0.2887,0.9991,0.0232,0.9004,0.0462,2359.48,1790.31,33.4,17.24,0.169,0.132,https://www.youtube.com/watch?v=50bjzGFxmQg
22401046,UNRkjB5mA0Y,mid-court-logo,386.4,2065,85.4243,0.2274,0.2035,0.5508,0.1998,0.9201,0.1036,0.4,0.3277,0.9964,0.0532,0.8644,0.0659,1211.01,396.83,31.76,17.73,1.895,2.683,https://www.youtube.com/watch?v=UNRkjB5mA0Y
22401046,UNRkjB5mA0Y,side-court-led-logo,513.6,3670,83.2986,0.1248,0.1176,0.358,0.1258,0.852,0.1087,0.4167,0.2991,0.9821,0.1088,0.9089,0.0431,652.42,359.0,29.32,14.46,0.926,0.648,https://www.youtube.com/watch?v=UNRkjB5mA0Y
22401046,UNRkjB5mA0Y,side-court-logo,498.4,2493,81.5095,0.1797,0.0917,0.397,0.0634,0.8652,0.0549,0.5127,0.2415,1.0,0.0,0.8619,0.0384,1671.8,385.25,23.98,10.36,1.077,0.26,https://www.youtube.com/watch?v=UNRkjB5mA0Y
22401046,UNRkjB5mA0Y,back-court-logo,482.0,2410,107.1624,0.2445,0.1864,0.4718,0.0818,0.8915,0.0356,0.5427,0.3704,0.9998,0.0063,0.8927,0.0204,1213.5,287.33,24.48,17.92,1.414,1.011,https://www.youtube.com/watch?v=UNRkjB5mA0Y
22401046,UNRkjB5mA0Y,basket-logo,475.8,13194,66.4291,0.0277,0.0322,0.1669,0.0963,0.4582,0.1148,0.3142,0.2892,0.9987,0.0279,0.9053,0.0344,1403.46,679.59,37.45,18.88,0.209,0.098,https://www.youtube.com/watch?v=UNRkjB5mA0Y
22401078,Gr1H0xHsCo0,back-court-logo,473.4,2369,30463.3217,0.3098,0.2239,0.5491,0.1343,0.9288,0.035,0.5676,0.3528,1.0,0.0,0.8821,0.0299,1614.11,464.55,23.36,16.98,1.755,0.777,https://www.youtube.com/watch?v=Gr1H0xHsCo0
22401078,Gr1H0xHsCo0,basket-logo,455.6,16727,14603.4748,0.021,0.0323,0.1168,0.1179,0.3523,0.1549,0.3637,0.29,0.9992,0.0212,0.9058,0.0397,2198.52,1399.61,34.03,17.91,0.184,0.161,https://www.youtube.com/watch?v=Gr1H0xHsCo0
22401078,Gr1H0xHsCo0,mid-court-logo,324.6,1822,14124.477,0.1868,0.1752,0.5004,0.2156,0.7627,0.1804,0.4218,0.3155,1.0,0.0001,0.8634,0.0657,1426.15,471.95,29.38,15.55,1.577,1.014,https://www.youtube.com/watch?v=Gr1H0xHsCo0
22401078,Gr1H0xHsCo0,side-court-led-logo,406.6,2034,16709.5227,0.1979,0.2155,0.4996,0.2299,0.7856,0.1504,0.3873,0.3295,0.9883,0.088,0.8918,0.0595,655.05,407.84,31.84,17.0,1.99,3.371,https://www.youtube.com/watch?v=Gr1H0xHsCo0
22401078,Gr1H0xHsCo0,side-court-logo,500.2,2629,12379.7959,0.1135,0.0862,0.3453,0.0586,0.8265,0.1176,0.4157,0.3097,0.9992,0.0255,0.8853,0.0371,2137.59,648.53,29.31,14.75,0.877,0.775,https://www.youtube.com/watch?v=Gr1H0xHsCo0
22401078,HkQPKOoi5yE,back-court-logo,549.15,2747,42399.9179,0.2522,0.1574,0.4942,0.0636,0.9158,0.0254,0.5602,0.3417,1.0,0.0,0.8823,0.0208,1693.71,344.32,23.41,16.23,1.478,0.268,https://www.youtube.com/watch?v=HkQPKOoi5yE
22401078,HkQPKOoi5yE,mid-court-logo,560.56,2990,30723.633,0.1679,0.1742,0.5482,0.1979,0.8146,0.1704,0.3328,0.2917,0.9997,0.016,0.8823,0.0446,1283.17,490.89,33.37,14.59,1.746,0.991,https://www.youtube.com/watch?v=HkQPKOoi5yE
22401078,HkQPKOoi5yE,side-court-led-logo,559.36,2795,29258.9559,0.1711,0.196,0.4939,0.1724,0.7995,0.1331,0.3418,0.3088,0.9882,0.0727,0.9093,0.0353,491.24,303.33,33.25,15.27,1.583,1.383,https://www.youtube.com/watch?v=HkQPKOoi5yE
22401078,HkQPKOoi5yE,side-court-logo,574.97,2948,22505.4735,0.1248,0.0788,0.3387,0.0381,0.769,0.0818,0.4815,0.2972,1.0,0.0,0.8973,0.0264,2082.62,395.8,25.54,12.79,0.831,0.147,https://www.youtube.com/watch?v=HkQPKOoi5yE
22401078,HkQPKOoi5yE,basket-logo,534.33,19811,18701.0308,0.0154,0.0268,0.1008,0.1115,0.3327,0.1404,0.3744,0.2975,0.9979,0.0316,0.9013,0.044,1844.82,1262.72,33.14,17.44,0.152,0.116,https://www.youtube.com/watch?v=HkQPKOoi5yE
22401078,MAWEgHswyv0,basket-logo,450.05,16458,6703.4317,0.0173,0.027,0.1146,0.114,0.3447,0.1474,0.354,0.2793,0.9918,0.0669,0.8996,0.0479,1208.04,990.11,33.33,16.16,0.168,0.133,https://www.youtube.com/watch?v=MAWEgHswyv0
22401078,MAWEgHswyv0,back-court-logo,455.05,2273,15110.6159,0.2819,0.166,0.5333,0.0935,0.921,0.0291,0.5753,0.318,0.9992,0.0236,0.8862,0.0171,1062.86,263.39,22.31,14.65,1.662,0.716,https://www.youtube.com/watch?v=MAWEgHswyv0
22401078,MAWEgHswyv0,side-court-logo,473.47,2404,7457.266,0.1315,0.0848,0.3598,0.0486,0.7832,0.0806,0.473,0.2967,0.9999,0.0057,0.8989,0.0248,1214.39,269.53,26.1,12.97,0.92,0.205,https://www.youtube.com/watch?v=MAWEgHswyv0
22401078,MAWEgHswyv0,mid-court-logo,453.45,3201,10752.4774,0.1424,0.1548,0.528,0.2172,0.7972,0.1875,0.2961,0.2748,0.9996,0.0103,0.8685,0.0596,1145.13,841.61,35.51,14.74,1.666,0.998,https://www.youtube.com/watch?v=MAWEgHswyv0
22401078,MAWEgHswyv0,side-court-led-logo,448.65,2241,6551.7192,0.124,0.1523,0.4709,0.1705,0.7725,0.1323,0.2967,0.2761,0.9299,0.1896,0.9089,0.0376,321.54,201.13,35.41,14.64,1.457,0.949,https://www.youtube.com/watch?v=MAWEgHswyv0
2022400494,lDpb5hwN78s,basket-logo,70.27,479,10.4995,0.017,0.0422,0.0596,0.1264,0.8643,0.1659,0.3774,0.2886,1.0,0.0,0.7634,0.0903,2621.57,1739.84,31.81,15.04,0.182,0.301,https://www.youtube.com/watch?v=lDpb5hwN78s
2022400494,lDpb5hwN78s,side-court-led-logo,18.82,94,28.827,0.2372,0.2405,0.5231,0.2741,0.7614,0.2089,0.4397,0.2883,1.0,0.0,0.8244,0.0898,1433.48,893.52,27.46,12.4,1.718,1.17,https://www.youtube.com/watch?v=lDpb5hwN78s
2022400494,lDpb5hwN78s,mid-court-logo,61.06,306,57.364,0.145,0.1373,0.3957,0.1137,0.9614,0.0754,0.3843,0.3398,0.9561,0.1455,0.8873,0.0506,402.57,211.92,31.45,16.64,1.077,0.604,https://www.youtube.com/watch?v=lDpb5hwN78s
22401042,jw7Ri9CmIxc,back-court-logo,492.2,2474,8050.943,0.4123,0.2587,0.7279,0.1169,0.9477,0.0254,0.5794,0.3395,1.0,0.0,0.891,0.0219,1027.63,287.58,22.4,16.0,2.55,0.592,https://www.youtube.com/watch?v=jw7Ri9CmIxc
22401042,jw7Ri9CmIxc,basket-logo,478.8,14607,2232.6879,0.0194,0.0272,0.123,0.1137,0.3552,0.1391,0.3532,0.2748,0.9971,0.0381,0.8958,0.0452,1546.31,901.2,33.54,16.3,0.184,0.129,https://www.youtube.com/watch?v=jw7Ri9CmIxc
22401042,jw7Ri9CmIxc,mid-court-logo,477.0,2515,2209.4899,0.1113,0.1155,0.3742,0.0825,0.8431,0.0938,0.3373,0.3306,1.0,0.0001,0.8997,0.0304,2398.37,948.08,34.74,17.39,0.976,0.347,https://www.youtube.com/watch?v=jw7Ri9CmIxc
22401042,jw7Ri9CmIxc,side-court-led-logo,520.6,3810,3100.0733,0.1031,0.1088,0.3424,0.1257,0.7122,0.1249,0.3953,0.2958,0.9564,0.1951,0.9116,0.0456,1106.43,839.14,30.19,14.43,0.864,0.643,https://www.youtube.com/watch?v=jw7Ri9CmIxc
22401042,jw7Ri9CmIxc,side-court-logo,518.2,2870,3460.5163,0.1528,0.0822,0.3649,0.078,0.774,0.127,0.5239,0.2552,0.9996,0.0179,0.8821,0.0434,2767.31,1114.18,23.44,10.66,0.958,0.853,https://www.youtube.com/watch?v=jw7Ri9CmIxc
22401062,Ogj_Se9rV-k,back-court-logo,510.0,2550,1971.5293,0.2114,0.1406,0.4169,0.0563,0.8893,0.0343,0.5638,0.3523,1.0,0.0,0.8813,0.0195,1140.4,228.26,23.27,16.99,1.162,0.226,https://www.youtube.com/watch?v=Ogj_Se9rV-k
22401062,Ogj_Se9rV-k,basket-logo,498.4,16092,1304.7607,0.0222,0.0323,0.1189,0.1111,0.3884,0.1268,0.3843,0.3107,0.9974,0.0394,0.9082,0.0332,1672.21,1249.91,32.9,17.89,0.175,0.151,https://www.youtube.com/watch?v=Ogj_Se9rV-k
22401062,Ogj_Se9rV-k,mid-court-logo,519.8,2781,2232.9927,0.2195,0.2289,0.7161,0.2042,0.9258,0.0871,0.3082,0.3046,0.9994,0.0177,0.8806,0.0371,1235.87,387.58,36.19,16.63,2.797,1.616,https://www.youtube.com/watch?v=Ogj_Se9rV-k
22401062,Ogj_Se9rV-k,side-court-led-logo,351.0,1755,719.7818,0.1121,0.1608,0.34,0.1894,0.6932,0.198,0.3346,0.3099,0.9548,0.1928,0.8887,0.0517,957.21,605.86,34.96,17.03,1.036,3.603,https://www.youtube.com/watch?v=Ogj_Se9rV-k
22401062,Ogj_Se9rV-k,side-court-logo,538.4,2769,1446.8477,0.1429,0.0972,0.3613,0.0441,0.8817,0.0731,0.4588,0.3088,1.0,0.0,0.894,0.0216,1451.93,414.2,26.77,13.73,0.928,0.181,https://www.youtube.com/watch?v=Ogj_Se9rV-k
22401062,NcbalqYU2ao,back-court-logo,440.2,2207,73.8063,0.1892,0.1402,0.4145,0.0628,0.888,0.0384,0.5101,0.3537,0.9971,0.0473,0.8793,0.0267,876.08,216.53,25.91,17.65,1.155,0.298,https://www.youtube.com/watch?v=NcbalqYU2ao
22401062,NcbalqYU2ao,mid-court-logo,453.0,2383,105.4962,0.2505,0.2386,0.7287,0.2043,0.9284,0.0812,0.3492,0.3133,0.9972,0.0398,0.8759,0.0439,939.63,290.92,33.75,16.49,2.906,1.473,https://www.youtube.com/watch?v=NcbalqYU2ao
22401062,NcbalqYU2ao,side-court-led-logo,313.0,1565,32.8728,0.1188,0.1543,0.3448,0.2046,0.6992,0.1982,0.3714,0.3091,0.9696,0.1517,0.8888,0.0538,762.28,456.42,32.75,16.75,1.06,2.223,https://www.youtube.com/watch?v=NcbalqYU2ao
22401062,NcbalqYU2ao,side-court-logo,456.4,2321,64.2303,0.1566,0.0996,0.3646,0.0435,0.8831,0.0724,0.4975,0.3146,0.9998,0.0095,0.8938,0.0271,1111.06,312.12,25.09,13.66,0.942,0.179,https://www.youtube.com/watch?v=NcbalqYU2ao
22401062,NcbalqYU2ao,basket-logo,451.8,13851,50.1459,0.0205,0.0329,0.1221,0.1149,0.3956,0.1393,0.3376,0.3048,0.9943,0.0633,0.9028,0.0416,1319.37,926.21,35.54,18.17,0.183,0.154,https://www.youtube.com/watch?v=NcbalqYU2ao
22401039,bAQ0jjmAOeo,back-court-logo,499.8,2499,923.8521,0.3182,0.2173,0.5518,0.1039,0.9581,0.0242,0.5711,0.3503,1.0,0.0005,0.8874,0.0225,1347.19,310.81,23.17,17.03,1.721,0.449,https://www.youtube.com/watch?v=bAQ0jjmAOeo
22401039,bAQ0jjmAOeo,basket-logo,475.8,8432,401.3133,0.041,0.0359,0.1958,0.079,0.4816,0.1052,0.3987,0.2845,0.9884,0.0721,0.8836,0.0671,904.52,568.13,31.07,15.84,0.244,0.272,https://www.youtube.com/watch?v=bAQ0jjmAOeo
22401039,bAQ0jjmAOeo,side-court-led-logo,326.6,1633,361.448,0.1905,0.2312,0.5169,0.2318,0.8792,0.1392,0.3181,0.3058,0.9974,0.0367,0.8893,0.0544,642.38,265.43,37.04,18.94,1.846,2.479,https://www.youtube.com/watch?v=bAQ0jjmAOeo
22401039,bAQ0jjmAOeo,side-court-logo,548.2,2778,287.9436,0.0892,0.0826,0.3122,0.0409,0.8995,0.0983,0.3445,0.3245,1.0,0.0,0.8957,0.0192,2712.81,756.83,34.12,16.99,0.709,0.169,https://www.youtube.com/watch?v=bAQ0jjmAOeo
22401039,bAQ0jjmAOeo,mid-court-logo,349.8,1865,389.0699,0.1796,0.1751,0.5408,0.2189,0.8723,0.1266,0.344,0.3105,0.9921,0.0563,0.8673,0.064,584.6,277.7,34.93,18.22,1.743,1.03,https://www.youtube.com/watch?v=bAQ0jjmAOeo
22401029,b9eS8hKIh2c,side-court-led-logo,497.7,3535,1257.1079,0.1252,0.1216,0.3549,0.1368,0.847,0.1065,0.4093,0.2907,0.9802,0.1182,0.9114,0.0443,646.67,330.68,29.25,13.78,1.312,5.674,https://www.youtube.com/watch?v=b9eS8hKIh2c
22401029,b9eS8hKIh2c,side-court-logo,488.89,2457,1299.1038,0.1861,0.0875,0.3862,0.0654,0.8533,0.0618,0.5527,0.2392,1.0,0.0,0.8854,0.0275,1618.59,380.73,22.45,10.12,1.032,0.268,https://www.youtube.com/watch?v=b9eS8hKIh2c
22401029,b9eS8hKIh2c,back-court-logo,470.07,2348,1564.3693,0.2345,0.1615,0.4355,0.0733,0.876,0.0392,0.576,0.3481,1.0,0.0,0.8953,0.0131,1193.81,281.42,22.6,16.41,1.238,0.302,https://www.youtube.com/watch?v=b9eS8hKIh2c
22401029,b9eS8hKIh2c,basket-logo,463.66,13063,1066.5363,0.0287,0.0309,0.1734,0.0942,0.4636,0.1128,0.3159,0.2766,0.9977,0.039,0.9069,0.0331,1381.2,746.58,36.32,17.56,0.219,0.12,https://www.youtube.com/watch?v=b9eS8hKIh2c
22401029,b9eS8hKIh2c,mid-court-logo,361.56,1937,1227.1671,0.223,0.2045,0.5868,0.2063,0.9246,0.102,0.3694,0.3082,0.999,0.0262,0.8683,0.0549,1329.95,492.18,32.44,16.11,1.957,1.02,https://www.youtube.com/watch?v=b9eS8hKIh2c
22401037,3zBrJcjPySE,back-court-logo,472.6,2363,4440.3945,0.2837,0.2119,0.507,0.1125,0.9196,0.0329,0.5621,0.3608,0.9989,0.0305,0.8821,0.0235,1572.27,350.21,23.46,17.3,1.551,0.609,https://www.youtube.com/watch?v=3zBrJcjPySE
22401037,3zBrJcjPySE,basket-logo,457.8,13810,2425.8253,0.0265,0.0342,0.1381,0.1133,0.3989,0.135,0.3743,0.3007,0.9995,0.0215,0.9131,0.0326,2695.66,1338.03,33.36,17.73,0.203,0.172,https://www.youtube.com/watch?v=3zBrJcjPySE
22401037,3zBrJcjPySE,mid-court-logo,416.4,2374,3719.3066,0.2365,0.2178,0.6301,0.242,0.9304,0.1018,0.3736,0.3154,0.9998,0.0066,0.8866,0.0462,1164.9,485.03,32.78,17.1,2.313,1.573,https://www.youtube.com/watch?v=3zBrJcjPySE
22401037,3zBrJcjPySE,side-court-led-logo,514.4,3696,3693.1096,0.1509,0.1241,0.3729,0.1408,0.9096,0.1186,0.4472,0.2952,0.9848,0.1135,0.913,0.0447,1628.28,1024.7,27.66,13.97,1.474,6.169,https://www.youtube.com/watch?v=3zBrJcjPySE
22401037,3zBrJcjPySE,side-court-logo,0.2,1,0.3607,0.0545,0.0,0.2571,0.0,1.0,0.0,0.2118,0.0,1.0,0.0,0.6602,0.0,1320.48,0.0,35.24,0.0,0.439,0.0,https://www.youtube.com/watch?v=3zBrJcjPySE
22401033,XELJqvcnj0w,side-court-led-logo,500.3,3626,1072.5402,0.1184,0.1367,0.3668,0.1557,0.8079,0.1299,0.3691,0.318,0.994,0.066,0.9083,0.0468,1190.45,664.92,32.93,17.14,1.208,3.919,https://www.youtube.com/watch?v=XELJqvcnj0w
22401033,XELJqvcnj0w,mid-court-logo,381.58,2111,1093.7675,0.2074,0.2222,0.6364,0.2397,0.8953,0.1321,0.3124,0.3056,1.0,0.0002,0.849,0.0792,1294.1,850.26,36.69,17.86,2.33,1.378,https://www.youtube.com/watch?v=XELJqvcnj0w
22401033,XELJqvcnj0w,side-court-logo,493.29,2471,1038.4257,0.1682,0.0946,0.3843,0.0593,0.9069,0.0628,0.4889,0.2774,1.0,0.0,0.8954,0.0204,1802.67,332.92,24.98,11.77,1.026,0.237,https://www.youtube.com/watch?v=XELJqvcnj0w
22401033,XELJqvcnj0w,back-court-logo,455.46,2275,1876.4199,0.3302,0.2375,0.6398,0.0962,0.9466,0.0216,0.5216,0.3517,1.0,0.0,0.8868,0.0268,940.55,183.01,25.65,17.78,2.097,0.436,https://www.youtube.com/watch?v=XELJqvcnj0w
22401033,XELJqvcnj0w,basket-logo,432.83,10196,862.971,0.0339,0.0317,0.2082,0.0677,0.4346,0.1099,0.3493,0.2878,0.9998,0.0137,0.89,0.0473,2503.81,1500.89,34.08,16.94,0.256,0.145,https://www.youtube.com/watch?v=XELJqvcnj0w
22401069,RvN9rRDpXew,back-court-logo,510.2,2551,643.265,0.2407,0.1652,0.4769,0.0627,0.8938,0.0286,0.5511,0.3557,0.9991,0.0257,0.8902,0.0211,1679.89,297.87,23.77,16.97,1.447,1.294,https://www.youtube.com/watch?v=RvN9rRDpXew
22401069,RvN9rRDpXew,basket-logo,498.2,14153,363.5219,0.0245,0.0344,0.1482,0.1154,0.4073,0.1354,0.3553,0.3021,0.9994,0.0217,0.8957,0.0342,2489.13,1504.89,34.31,17.69,0.238,0.34,https://www.youtube.com/watch?v=RvN9rRDpXew
22401069,RvN9rRDpXew,mid-court-logo,535.6,2944,542.0931,0.1758,0.188,0.5658,0.1926,0.8867,0.1142,0.3462,0.3222,0.9217,0.1686,0.8806,0.035,289.33,191.51,33.82,16.75,1.841,0.913,https://www.youtube.com/watch?v=RvN9rRDpXew
22401069,RvN9rRDpXew,side-court-led-logo,541.4,4391,499.0123,0.1085,0.1148,0.3217,0.13,0.7306,0.1484,0.4263,0.3266,0.989,0.093,0.9141,0.0397,1224.69,690.33,29.35,15.86,0.864,2.45,https://www.youtube.com/watch?v=RvN9rRDpXew
22401069,RvN9rRDpXew,side-court-logo,540.2,2723,375.751,0.1317,0.0618,0.2804,0.0347,0.8097,0.0619,0.5766,0.2628,1.0,0.0,0.8715,0.0247,4126.41,772.05,21.27,10.86,0.561,0.131,https://www.youtube.com/watch?v=RvN9rRDpXew
22401056,VYmM0LtZRbs,mid-court-logo,478.6,2562,6390.6615,0.1912,0.2024,0.6573,0.2133,0.9456,0.0947,0.2957,0.2989,0.9981,0.0383,0.8694,0.0528,2175.47,1185.98,36.74,16.49,2.334,1.101,https://www.youtube.com/watch?v=VYmM0LtZRbs
22401056,VYmM0LtZRbs,side-court-led-logo,520.0,3452,4381.9674,0.0973,0.0906,0.3264,0.1042,0.7084,0.1126,0.4091,0.2898,0.9954,0.0589,0.9143,0.0404,1772.8,992.2,29.41,13.93,0.822,1.538,https://www.youtube.com/watch?v=VYmM0LtZRbs
22401056,VYmM0LtZRbs,side-court-logo,523.4,2638,3583.4301,0.1041,0.0656,0.3373,0.0455,0.7099,0.0397,0.4502,0.2908,1.0,0.0,0.8851,0.0228,2228.98,485.17,27.06,12.76,0.821,0.19,https://www.youtube.com/watch?v=VYmM0LtZRbs
22401056,VYmM0LtZRbs,back-court-logo,502.2,2511,10804.9854,0.3298,0.2222,0.5861,0.1129,0.9249,0.0239,0.5837,0.3435,1.0,0.0,0.8934,0.0196,1488.94,311.96,22.52,16.88,1.886,0.556,https://www.youtube.com/watch?v=VYmM0LtZRbs
22401056,VYmM0LtZRbs,basket-logo,494.8,16061,4323.1946,0.0206,0.0288,0.123,0.1114,0.3694,0.1279,0.3661,0.288,0.9994,0.0186,0.8967,0.0506,2222.59,1280.38,33.48,17.35,0.18,0.109,https://www.youtube.com/watch?v=VYmM0LtZRbs
22401069,ehu9EudZZX4,back-court-logo,421.62,2106,110.2824,0.2502,0.1681,0.4745,0.0696,0.8991,0.0322,0.5661,0.3531,0.9987,0.0344,0.889,0.0248,1998.94,442.45,23.06,17.01,1.427,1.04,https://www.youtube.com/watch?v=ehu9EudZZX4
22401069,ehu9EudZZX4,basket-logo,406.61,11216,60.2203,0.0257,0.0348,0.1432,0.1151,0.4081,0.1348,0.3781,0.3025,0.9994,0.0215,0.8962,0.0352,3112.36,1871.51,32.99,17.49,0.228,0.157,https://www.youtube.com/watch?v=ehu9EudZZX4
22401069,ehu9EudZZX4,side-court-logo,466.07,2363,61.6961,0.1248,0.0656,0.2767,0.0381,0.8038,0.0743,0.5526,0.2756,0.9994,0.0194,0.867,0.0267,4889.97,1076.98,22.41,11.7,0.544,0.14,https://www.youtube.com/watch?v=ehu9EudZZX4
22401069,ehu9EudZZX4,mid-court-logo,457.86,2608,98.4291,0.1803,0.1892,0.5811,0.1915,0.893,0.1112,0.338,0.3144,0.9669,0.1381,0.8779,0.0405,405.69,235.49,34.29,16.5,1.92,1.0,https://www.youtube.com/watch?v=ehu9EudZZX4
22401069,ehu9EudZZX4,side-court-led-logo,470.27,3937,96.1774,0.1167,0.1369,0.3364,0.1499,0.7458,0.1461,0.4122,0.3279,0.9893,0.0846,0.9127,0.0438,1408.77,809.16,30.2,16.27,0.964,2.908,https://www.youtube.com/watch?v=ehu9EudZZX4
22401069,WyhlI8DCaZk,mid-court-logo,507.19,2752,43.8794,0.1698,0.1822,0.5654,0.1919,0.8869,0.1129,0.3327,0.3252,0.9645,0.1145,0.8806,0.0353,338.32,196.76,34.66,16.91,1.834,0.897,https://www.youtube.com/watch?v=WyhlI8DCaZk
22401069,WyhlI8DCaZk,side-court-led-logo,518.59,4190,40.2443,0.1023,0.112,0.3153,0.1265,0.7284,0.1502,0.4094,0.3287,0.9887,0.0918,0.9118,0.0443,1289.04,731.52,30.27,16.15,0.865,2.954,https://www.youtube.com/watch?v=WyhlI8DCaZk
22401069,WyhlI8DCaZk,side-court-logo,509.39,2560,30.9825,0.1289,0.06,0.2808,0.0302,0.8093,0.055,0.5661,0.258,1.0,0.0,0.8694,0.0244,4221.66,774.12,21.62,10.49,0.559,0.126,https://www.youtube.com/watch?v=WyhlI8DCaZk
22401069,WyhlI8DCaZk,back-court-logo,488.79,2444,56.4818,0.2461,0.1622,0.472,0.0589,0.8914,0.0277,0.5734,0.3578,1.0,0.0,0.8902,0.0219,1804.98,309.35,22.8,17.05,1.387,0.237,https://www.youtube.com/watch?v=WyhlI8DCaZk
22401069,WyhlI8DCaZk,basket-logo,478.39,13648,33.1691,0.0259,0.0353,0.1478,0.1145,0.4066,0.1339,0.3786,0.3077,0.9998,0.0114,0.896,0.0344,2648.87,1529.81,33.27,17.94,0.235,0.288,https://www.youtube.com/watch?v=WyhlI8DCaZk
22401056,FiO-UTsxq9s,back-court-logo,422.8,2120,629.6971,0.2973,0.2207,0.5797,0.1106,0.9225,0.0257,0.5345,0.3521,1.0,0.0,0.8929,0.0159,1424.59,308.76,25.03,17.56,1.858,0.55,https://www.youtube.com/watch?v=FiO-UTsxq9s
22401056,FiO-UTsxq9s,basket-logo,417.4,13095,249.1973,0.019,0.0269,0.1264,0.11,0.3717,0.1238,0.3338,0.2866,0.999,0.0203,0.8948,0.0545,2024.89,1246.93,35.78,18.24,0.179,0.098,https://www.youtube.com/watch?v=FiO-UTsxq9s
22401056,FiO-UTsxq9s,mid-court-logo,412.2,2209,460.1428,0.2085,0.2091,0.6494,0.2095,0.9454,0.0862,0.3256,0.3074,0.9963,0.0527,0.8736,0.0475,1837.14,944.52,35.15,16.64,2.29,1.081,https://www.youtube.com/watch?v=FiO-UTsxq9s
22401056,FiO-UTsxq9s,side-court-led-logo,441.4,2955,305.3763,0.1034,0.0942,0.324,0.1065,0.7008,0.1152,0.4352,0.2878,0.9963,0.0514,0.9145,0.0367,1616.88,877.25,28.1,13.63,0.77,0.434,https://www.youtube.com/watch?v=FiO-UTsxq9s
22401056,FiO-UTsxq9s,side-court-logo,442.0,2230,240.4304,0.1079,0.066,0.3347,0.0444,0.7084,0.0383,0.466,0.2857,0.9996,0.0171,0.8865,0.0254,2145.2,460.58,26.24,12.33,0.81,0.185,https://www.youtube.com/watch?v=FiO-UTsxq9s
22401058,AHjk2URDDsE,side-court-led-logo,249.6,1250,90.2042,0.1375,0.1549,0.3583,0.2048,0.9995,0.0102,0.3433,0.2804,0.9846,0.0973,0.8843,0.0647,1011.93,742.65,33.43,15.26,1.482,5.934,https://www.youtube.com/watch?v=AHjk2URDDsE
22401058,AHjk2URDDsE,back-court-logo,482.6,2413,461.8728,0.3648,0.2503,0.6846,0.115,0.9457,0.0174,0.548,0.3394,1.0,0.0,0.9002,0.0234,1971.71,446.38,23.57,15.92,2.331,0.59,https://www.youtube.com/watch?v=AHjk2URDDsE
22401058,AHjk2URDDsE,basket-logo,475.8,12679,114.368,0.0172,0.0263,0.1073,0.1104,0.3532,0.1163,0.3569,0.2836,0.9996,0.019,0.9077,0.0351,3550.07,1849.21,33.14,15.9,0.166,0.092,https://www.youtube.com/watch?v=AHjk2URDDsE
22401058,AHjk2URDDsE,mid-court-logo,1.6,8,0.0942,0.0224,0.0259,0.2343,0.0253,0.8056,0.2535,0.1188,0.112,0.7642,0.3638,0.6812,0.0716,369.46,327.36,44.99,9.94,0.311,0.136,https://www.youtube.com/watch?v=AHjk2URDDsE
22401058,AHjk2URDDsE,side-court-logo,0.4,2,0.0232,0.0222,0.0053,0.3052,0.0983,0.9448,0.0552,0.0798,0.0118,1.0,0.0,0.7505,0.0239,593.55,23.26,45.05,1.32,0.633,0.476,https://www.youtube.com/watch?v=AHjk2URDDsE
22401058,c8jvWKakC9w,back-court-logo,482.2,2411,14765.5006,0.3619,0.2498,0.6858,0.1162,0.9459,0.0174,0.5427,0.3375,1.0,0.0,0.9003,0.0235,1826.1,390.27,23.91,16.1,2.338,0.595,https://www.youtube.com/watch?v=c8jvWKakC9w
22401058,c8jvWKakC9w,basket-logo,474.2,12683,3660.6616,0.0171,0.0261,0.1076,0.1104,0.3525,0.1161,0.3521,0.2833,0.9997,0.0152,0.9072,0.0372,3346.99,1730.07,33.45,16.1,0.166,0.091,https://www.youtube.com/watch?v=c8jvWKakC9w
22401058,c8jvWKakC9w,side-court-led-logo,241.8,1209,2873.4169,0.1404,0.1579,0.3569,0.1992,0.9999,0.0013,0.3514,0.2938,0.9721,0.1352,0.8863,0.0627,928.73,705.48,33.02,15.52,1.34,5.51,https://www.youtube.com/watch?v=c8jvWKakC9w
22401058,c8jvWKakC9w,side-court-logo,1.2,6,0.9948,0.0098,0.0126,0.1812,0.1901,0.9749,0.0561,0.0569,0.0253,0.9924,0.0169,0.7002,0.0691,771.08,442.96,48.79,4.52,0.5,0.489,https://www.youtube.com/watch?v=c8jvWKakC9w
22401058,c8jvWKakC9w,mid-court-logo,1.6,8,3.1154,0.023,0.0318,0.2161,0.09,0.8579,0.2181,0.0905,0.1051,0.9587,0.1034,0.7912,0.0665,346.42,192.56,47.61,8.89,0.345,0.209,https://www.youtube.com/watch?v=c8jvWKakC9w
22401063,VcwD9b9f4Gw,basket-logo,483.8,7783,7419.7686,0.034,0.0357,0.1745,0.0893,0.472,0.1047,0.3792,0.3224,0.9999,0.0084,0.9098,0.0409,2071.38,1220.98,33.95,19.19,0.206,0.076,https://www.youtube.com/watch?v=VcwD9b9f4Gw
22401063,VcwD9b9f4Gw,side-court-logo,528.2,2727,11600.9021,0.1515,0.1084,0.3872,0.0749,0.9114,0.0741,0.4412,0.3065,1.0,0.0,0.885,0.0335,2518.57,604.79,27.72,13.73,1.035,0.304,https://www.youtube.com/watch?v=VcwD9b9f4Gw
22401063,VcwD9b9f4Gw,mid-court-logo,490.0,2753,13861.3236,0.1793,0.1997,0.6196,0.2272,0.8586,0.1285,0.3149,0.3188,0.9991,0.0247,0.8889,0.051,1601.91,462.59,37.27,18.81,2.197,1.243,https://www.youtube.com/watch?v=VcwD9b9f4Gw
22401063,VcwD9b9f4Gw,back-court-logo,497.4,2491,20571.1688,0.2942,0.2245,0.561,0.1153,0.9466,0.0272,0.5309,0.3698,1.0,0.0,0.8908,0.0271,1589.36,640.38,25.21,18.3,1.759,0.491,https://www.youtube.com/watch?v=VcwD9b9f4Gw
22401063,VcwD9b9f4Gw,side-court-led-logo,460.8,2304,9290.213,0.1436,0.182,0.4725,0.1941,0.8088,0.1346,0.2972,0.3175,0.9942,0.0613,0.8952,0.048,1290.26,592.66,38.74,19.23,1.492,1.328,https://www.youtube.com/watch?v=VcwD9b9f4Gw
22401063,ti1bb58Ltuc,back-court-logo,575.37,2886,38513.6134,0.2734,0.185,0.495,0.0874,0.9283,0.0231,0.5725,0.3489,0.9995,0.0145,0.8885,0.0225,1595.49,327.31,22.38,15.93,1.498,0.582,https://www.youtube.com/watch?v=ti1bb58Ltuc
22401063,ti1bb58Ltuc,basket-logo,569.97,10582,17806.9557,0.0345,0.0362,0.1673,0.098,0.4695,0.1279,0.3943,0.3092,0.9989,0.0257,0.9101,0.031,1974.28,1303.49,31.53,16.49,0.209,0.15,https://www.youtube.com/watch?v=ti1bb58Ltuc
22401063,ti1bb58Ltuc,mid-court-logo,507.51,2902,27045.1322,0.191,0.2017,0.5686,0.2235,0.8515,0.1452,0.3446,0.3084,0.9997,0.0094,0.879,0.0634,1334.88,555.84,33.54,15.88,1.879,1.054,https://www.youtube.com/watch?v=ti1bb58Ltuc
22401063,ti1bb58Ltuc,side-court-led-logo,494.69,2473,19225.6547,0.1593,0.1845,0.454,0.203,0.8043,0.1532,0.3219,0.294,0.9894,0.0869,0.9003,0.0445,1149.6,612.51,34.7,15.53,1.39,1.101,https://www.youtube.com/watch?v=ti1bb58Ltuc
22401063,ti1bb58Ltuc,side-court-logo,594.19,3045,22715.08,0.1529,0.0903,0.3602,0.0547,0.9007,0.0763,0.4882,0.2962,1.0,0.0,0.8953,0.0217,2855.94,639.43,25.13,12.42,0.922,0.223,https://www.youtube.com/watch?v=ti1bb58Ltuc
22401063,DcKgR7b2lgw,back-court-logo,425.0,2135,1024.7919,0.2719,0.2189,0.5556,0.1139,0.945,0.0277,0.5022,0.3696,0.9995,0.0212,0.8903,0.0326,1662.67,625.65,26.7,18.74,1.735,0.483,https://www.youtube.com/watch?v=DcKgR7b2lgw
22401063,DcKgR7b2lgw,basket-logo,409.6,6507,359.4505,0.0313,0.0346,0.1727,0.0898,0.4659,0.0997,0.3594,0.3174,0.9994,0.0192,0.9079,0.0414,1848.82,1122.49,35.15,19.37,0.202,0.071,https://www.youtube.com/watch?v=DcKgR7b2lgw
22401063,DcKgR7b2lgw,mid-court-logo,419.8,2357,823.8738,0.198,0.2139,0.6536,0.2288,0.8713,0.1306,0.313,0.3065,0.999,0.0251,0.8869,0.052,1504.48,458.23,36.9,17.95,2.386,1.266,https://www.youtube.com/watch?v=DcKgR7b2lgw
22401063,DcKgR7b2lgw,side-court-led-logo,407.4,2041,551.352,0.153,0.1843,0.4823,0.1872,0.8289,0.1326,0.3121,0.3193,0.9961,0.0477,0.8962,0.0429,1311.29,705.42,37.22,18.53,1.52,1.062,https://www.youtube.com/watch?v=DcKgR7b2lgw
22401063,DcKgR7b2lgw,side-court-logo,444.2,2280,659.3501,0.1638,0.1092,0.3896,0.0715,0.9146,0.0686,0.469,0.3027,1.0,0.0,0.8836,0.0317,2404.03,555.32,26.41,13.44,1.046,0.291,https://www.youtube.com/watch?v=DcKgR7b2lgw
22401041,4B8GB6RVVm0,back-court-logo,403.0,2015,551.251,0.2213,0.1524,0.4132,0.0955,0.9131,0.0396,0.5717,0.3488,0.9999,0.0034,0.8802,0.0267,1055.96,254.95,22.97,16.86,1.17,0.661,https://www.youtube.com/watch?v=4B8GB6RVVm0
22401041,4B8GB6RVVm0,basket-logo,394.2,12022,323.8466,0.0218,0.034,0.1137,0.1166,0.4171,0.1388,0.3706,0.2903,0.9971,0.0409,0.9048,0.0374,1692.76,1542.61,33.06,16.96,0.189,0.149,https://www.youtube.com/watch?v=4B8GB6RVVm0
22401041,4B8GB6RVVm0,side-court-logo,436.2,2219,368.3528,0.1343,0.1062,0.378,0.086,0.8552,0.0962,0.4306,0.3147,0.9993,0.0244,0.9011,0.0246,1313.99,363.87,28.44,14.58,1.024,0.587,https://www.youtube.com/watch?v=4B8GB6RVVm0
22401041,4B8GB6RVVm0,mid-court-logo,389.8,2066,468.2528,0.1834,0.1989,0.6247,0.2249,0.8603,0.1319,0.3143,0.3124,0.9966,0.0408,0.8903,0.0429,655.38,267.31,35.78,17.01,2.236,1.419,https://www.youtube.com/watch?v=4B8GB6RVVm0
22401041,4B8GB6RVVm0,side-court-led-logo,341.6,1708,345.0095,0.1634,0.2137,0.4777,0.2279,0.7799,0.1581,0.3303,0.3214,0.9747,0.1412,0.8983,0.0519,1147.11,1461.58,35.4,17.66,1.891,3.274,https://www.youtube.com/watch?v=4B8GB6RVVm0
22401040,jnhIah81dIU,back-court-logo,458.0,2290,9964.2042,0.1694,0.1169,0.3264,0.0466,0.8941,0.0444,0.5662,0.3596,1.0,0.0001,0.8686,0.0276,1034.14,415.57,23.11,17.09,0.77,0.202,https://www.youtube.com/watch?v=jnhIah81dIU
22401040,jnhIah81dIU,basket-logo,439.4,11437,8524.2109,0.029,0.032,0.1537,0.102,0.476,0.0993,0.3687,0.2818,0.9662,0.142,0.893,0.046,781.27,784.28,32.97,16.48,0.2,0.096,https://www.youtube.com/watch?v=jnhIah81dIU
22401040,jnhIah81dIU,mid-court-logo,417.4,2325,7265.7757,0.1217,0.1784,0.6148,0.2297,0.8876,0.1287,0.3542,0.3125,0.4681,0.418,0.8742,0.0542,154.1,193.79,33.26,16.2,2.16,1.228,https://www.youtube.com/watch?v=jnhIah81dIU
22401040,jnhIah81dIU,side-court-led-logo,312.2,1561,7222.4948,0.1801,0.1998,0.4426,0.226,0.7924,0.1626,0.3972,0.3029,0.9794,0.1247,0.8936,0.0515,937.14,420.18,30.59,15.28,1.415,1.783,https://www.youtube.com/watch?v=jnhIah81dIU
22401040,jnhIah81dIU,side-court-logo,494.8,2560,6910.2558,0.1051,0.0784,0.3029,0.049,0.858,0.1122,0.4267,0.3276,0.9996,0.0195,0.8958,0.0281,2108.23,507.6,28.65,14.92,0.683,0.602,https://www.youtube.com/watch?v=jnhIah81dIU
22401041,l-cN3WxYkp4,side-court-led-logo,372.2,1861,55.8899,0.1678,0.2146,0.4873,0.2337,0.7799,0.1606,0.3354,0.3201,0.9742,0.1418,0.8959,0.0515,1149.74,1073.09,35.08,17.52,1.896,2.924,https://www.youtube.com/watch?v=l-cN3WxYkp4
22401041,l-cN3WxYkp4,side-court-logo,481.8,2455,59.273,0.1349,0.1068,0.3809,0.0899,0.8578,0.0976,0.4281,0.3165,0.9988,0.0338,0.9005,0.0278,1264.1,353.41,28.63,14.75,1.036,0.589,https://www.youtube.com/watch?v=l-cN3WxYkp4
22401041,l-cN3WxYkp4,back-court-logo,438.4,2192,86.7042,0.221,0.1536,0.4191,0.1055,0.9146,0.0403,0.5646,0.3498,1.0,0.0002,0.8796,0.0294,1013.43,251.63,23.36,17.03,1.198,0.665,https://www.youtube.com/watch?v=l-cN3WxYkp4
22401041,l-cN3WxYkp4,mid-court-logo,424.0,2253,73.3923,0.182,0.1954,0.6203,0.224,0.8566,0.1311,0.3177,0.3146,0.9959,0.0411,0.8913,0.0406,611.92,262.96,35.61,17.08,2.208,1.455,https://www.youtube.com/watch?v=l-cN3WxYkp4
22401041,l-cN3WxYkp4,basket-logo,430.0,12891,51.3311,0.0222,0.0345,0.1161,0.1164,0.4182,0.1408,0.3723,0.2908,0.9962,0.0476,0.905,0.0366,1717.09,1723.45,33.01,17.05,0.191,0.146,https://www.youtube.com/watch?v=l-cN3WxYkp4
22401040,UsgwTho-aM8,back-court-logo,420.0,2107,150.105,0.1634,0.1147,0.3261,0.0488,0.8909,0.0458,0.5504,0.3511,1.0,0.0011,0.8676,0.0315,1097.67,647.98,23.6,16.45,0.77,0.206,https://www.youtube.com/watch?v=UsgwTho-aM8
22401040,UsgwTho-aM8,basket-logo,402.8,10346,120.1243,0.0266,0.0316,0.1502,0.1025,0.4757,0.1001,0.3535,0.283,0.9449,0.1813,0.8873,0.0556,715.8,747.98,33.69,16.47,0.196,0.084,https://www.youtube.com/watch?v=UsgwTho-aM8
22401040,UsgwTho-aM8,mid-court-logo,391.4,2133,120.8822,0.13,0.1941,0.6369,0.2212,0.8974,0.1229,0.3463,0.3102,0.469,0.4277,0.8712,0.0508,156.96,202.02,33.53,15.96,2.24,1.151,https://www.youtube.com/watch?v=UsgwTho-aM8
22401040,UsgwTho-aM8,side-court-led-logo,287.6,1439,102.6615,0.1636,0.1749,0.427,0.216,0.7906,0.1641,0.3852,0.2869,0.9798,0.1175,0.8939,0.0522,961.53,445.86,30.83,14.31,1.269,1.024,https://www.youtube.com/watch?v=UsgwTho-aM8
22401040,UsgwTho-aM8,side-court-logo,445.6,2304,110.6752,0.1102,0.0779,0.3016,0.0448,0.8531,0.1052,0.4498,0.3289,1.0,0.0,0.8913,0.0342,2175.27,542.33,27.6,14.81,0.667,0.158,https://www.youtube.com/watch?v=UsgwTho-aM8
22401043,nhnxCSgbLzg,back-court-logo,476.4,2391,13308.9199,0.3024,0.2552,0.6256,0.1208,0.9363,0.026,0.4769,0.3638,1.0,0.0,0.8935,0.0293,1608.32,587.48,27.88,18.53,2.058,0.58,https://www.youtube.com/watch?v=nhnxCSgbLzg
22401043,nhnxCSgbLzg,basket-logo,474.8,10945,4823.6095,0.0239,0.0288,0.1691,0.0958,0.4271,0.1221,0.2807,0.2853,0.9997,0.0159,0.9118,0.0343,2463.23,1516.44,39.72,19.23,0.216,0.095,https://www.youtube.com/watch?v=nhnxCSgbLzg
22401043,nhnxCSgbLzg,side-court-logo,495.2,2528,6230.2342,0.1339,0.0937,0.3312,0.045,0.9869,0.0274,0.4311,0.3045,1.0,0.0,0.8957,0.0295,4742.49,1372.57,28.97,15.14,0.792,0.197,https://www.youtube.com/watch?v=nhnxCSgbLzg
22401043,nhnxCSgbLzg,mid-court-logo,1.0,5,0.6935,0.0075,0.0047,0.2452,0.0312,0.623,0.1187,0.0526,0.0384,0.9964,0.0064,0.6978,0.0512,363.59,205.44,50.65,6.54,0.369,0.165,https://www.youtube.com/watch?v=nhnxCSgbLzg
22401043,nhnxCSgbLzg,side-court-led-logo,246.4,1232,3177.6053,0.1401,0.1414,0.3341,0.1685,0.9581,0.0498,0.3914,0.3037,0.9938,0.0631,0.8937,0.0592,891.8,449.45,30.81,15.49,0.999,2.856,https://www.youtube.com/watch?v=nhnxCSgbLzg
22401043,xYordbZ5Oo8,side-court-led-logo,225.6,1128,143.186,0.1457,0.1412,0.3455,0.1751,0.9593,0.0484,0.3999,0.2878,0.996,0.0444,0.8911,0.059,815.98,356.8,30.36,14.67,1.062,4.501,https://www.youtube.com/watch?v=xYordbZ5Oo8
22401043,xYordbZ5Oo8,side-court-logo,403.6,2080,245.9874,0.1357,0.0959,0.3284,0.0548,0.9857,0.0301,0.4415,0.3142,0.9986,0.0348,0.8879,0.0348,5090.21,1354.58,28.56,15.46,0.811,1.248,https://www.youtube.com/watch?v=xYordbZ5Oo8
22401043,xYordbZ5Oo8,back-court-logo,381.2,1920,494.1096,0.2954,0.2585,0.6206,0.1185,0.9363,0.0286,0.4672,0.3683,0.9987,0.0281,0.8921,0.0339,1537.68,482.21,28.62,19.09,2.032,0.556,https://www.youtube.com/watch?v=xYordbZ5Oo8
22401043,xYordbZ5Oo8,basket-logo,373.4,8570,177.6904,0.0238,0.0286,0.1703,0.0942,0.4222,0.118,0.2795,0.2866,0.999,0.0263,0.9107,0.035,2391.8,1641.69,39.77,19.14,0.213,0.091,https://www.youtube.com/watch?v=xYordbZ5Oo8
22401043,xYordbZ5Oo8,mid-court-logo,0.6,3,0.0431,0.0165,0.0104,0.356,0.0457,0.787,0.1528,0.062,0.0413,1.0,0.0,0.8032,0.1335,885.17,355.49,50.0,8.34,0.901,0.205,https://www.youtube.com/watch?v=xYordbZ5Oo8
22401024,N0a_la7iotE,mid-court-logo,436.4,2366,898.1744,0.2224,0.2164,0.6222,0.2392,0.9358,0.0879,0.3496,0.3177,0.9997,0.007,0.8828,0.0537,1245.54,514.65,33.5,16.48,2.36,2.631,https://www.youtube.com/watch?v=N0a_la7iotE
22401024,N0a_la7iotE,side-court-led-logo,531.6,3790,982.2176,0.1518,0.1201,0.3616,0.1299,0.9048,0.1352,0.449,0.2915,0.9839,0.107,0.9163,0.0398,1483.04,985.47,27.59,13.86,0.938,0.559,https://www.youtube.com/watch?v=N0a_la7iotE
22401024,N0a_la7iotE,back-court-logo,494.6,2473,1144.9473,0.2713,0.1777,0.4957,0.0848,0.9183,0.0291,0.5825,0.3507,1.0,0.0,0.8824,0.0239,1483.03,296.57,22.14,16.31,1.486,0.351,https://www.youtube.com/watch?v=N0a_la7iotE
22401024,N0a_la7iotE,basket-logo,480.2,14419,630.8539,0.0256,0.0328,0.1425,0.1096,0.3982,0.1342,0.3848,0.3036,1.0,0.004,0.914,0.0299,2750.02,1445.14,32.61,17.32,0.199,0.123,https://www.youtube.com/watch?v=N0a_la7iotE
22401024,N0a_la7iotE,side-court-logo,0.8,4,0.1978,0.029,0.0377,0.12,0.1201,0.8327,0.108,0.3975,0.1831,1.0,0.0,0.6864,0.0384,756.51,303.34,28.24,7.87,0.227,0.125,https://www.youtube.com/watch?v=N0a_la7iotE
22401044,KUKoHHnznMk,basket-logo,434.2,11604,3881.1401,0.0307,0.0401,0.1503,0.109,0.5221,0.1695,0.3342,0.2886,0.9996,0.0117,0.8759,0.0699,1804.95,961.91,35.51,17.7,0.209,0.132,https://www.youtube.com/watch?v=KUKoHHnznMk
22401044,KUKoHHnznMk,mid-court-logo,435.0,2367,4770.3254,0.1851,0.1772,0.5138,0.1837,0.8707,0.134,0.3771,0.3264,0.9996,0.0195,0.8744,0.0526,1411.12,432.33,32.14,16.45,1.599,0.925,https://www.youtube.com/watch?v=KUKoHHnznMk
22401044,KUKoHHnznMk,side-court-led-logo,453.0,3340,4239.1349,0.1166,0.1197,0.3384,0.1242,0.806,0.1515,0.4203,0.3284,0.9562,0.1848,0.903,0.0482,1272.77,825.92,29.94,16.36,0.865,1.205,https://www.youtube.com/watch?v=KUKoHHnznMk
22401044,KUKoHHnznMk,side-court-logo,0.6,3,0.0,0.0,0.0,0.0,0.0,0.2896,0.0441,0.2226,0.1622,1.0,0.0,0.6418,0.0098,1903.87,904.98,39.61,13.67,0.067,0.017,https://www.youtube.com/watch?v=KUKoHHnznMk
22401044,Eqff8gxR5Gk,basket-logo,428.0,10550,223.6488,0.0339,0.0395,0.1692,0.1004,0.5556,0.1418,0.3214,0.2828,0.9984,0.0296,0.8759,0.0712,1613.51,856.15,35.92,17.2,0.229,0.12,https://www.youtube.com/watch?v=Eqff8gxR5Gk
22401044,Eqff8gxR5Gk,mid-court-logo,414.2,2208,264.2586,0.1916,0.184,0.5247,0.1793,0.8793,0.1338,0.3789,0.3243,0.999,0.0249,0.8736,0.0504,1318.94,384.06,31.9,16.03,1.63,0.777,https://www.youtube.com/watch?v=Eqff8gxR5Gk
22401044,Eqff8gxR5Gk,side-court-led-logo,434.0,3097,221.9207,0.1147,0.11,0.33,0.1068,0.815,0.1448,0.4279,0.326,0.9531,0.1946,0.898,0.0476,1207.34,804.63,29.41,15.96,0.797,0.452,https://www.youtube.com/watch?v=Eqff8gxR5Gk
22401044,Eqff8gxR5Gk,side-court-logo,0.4,2,0.1042,0.0834,0.0338,0.2229,0.0075,0.5422,0.1559,0.6622,0.0664,1.0,0.0,0.7271,0.0723,1175.82,317.44,18.14,2.22,0.251,0.043,https://www.youtube.com/watch?v=Eqff8gxR5Gk
22401019,ak1DvzXAC_4,back-court-logo,446.4,2232,3817.5838,0.2389,0.1574,0.4134,0.0735,0.9539,0.0262,0.5759,0.3346,1.0,0.0,0.8789,0.0274,2610.4,665.43,22.8,16.18,1.145,0.3,https://www.youtube.com/watch?v=ak1DvzXAC_4
22401019,ak1DvzXAC_4,basket-logo,433.4,12484,2773.0015,0.031,0.0378,0.1653,0.1164,0.4765,0.1595,0.3237,0.2605,0.9999,0.0045,0.9019,0.0432,3773.39,1745.21,34.78,15.85,0.267,0.199,https://www.youtube.com/watch?v=ak1DvzXAC_4
22401019,ak1DvzXAC_4,side-court-led-logo,397.4,1990,3580.3187,0.2514,0.2558,0.5555,0.2425,0.9768,0.0352,0.385,0.3247,0.9917,0.0774,0.8849,0.0633,1522.59,716.86,31.62,16.41,2.388,4.128,https://www.youtube.com/watch?v=ak1DvzXAC_4
22401019,ak1DvzXAC_4,mid-court-logo,215.4,1302,1539.4985,0.1652,0.1563,0.4626,0.2135,0.7807,0.2183,0.4411,0.3006,0.9998,0.0043,0.8439,0.0621,833.08,403.88,28.27,14.82,1.384,0.956,https://www.youtube.com/watch?v=ak1DvzXAC_4
22401019,ak1DvzXAC_4,side-court-logo,2.2,11,0.6334,0.008,0.0161,0.1442,0.1092,0.3785,0.0908,0.315,0.3692,1.0,0.0,0.7073,0.0606,4949.8,1892.52,38.73,20.53,0.203,0.1,https://www.youtube.com/watch?v=ak1DvzXAC_4
22401018,I4TemgtRaG0,basket-logo,444.6,10424,1081.1227,0.039,0.0462,0.1597,0.1074,0.5774,0.1647,0.3433,0.2838,0.9975,0.0416,0.9092,0.0423,2129.02,1406.23,34.83,17.63,0.224,0.262,https://www.youtube.com/watch?v=I4TemgtRaG0
22401018,I4TemgtRaG0,side-court-led-logo,488.0,2440,1586.9764,0.2445,0.2556,0.7405,0.1851,0.8932,0.0646,0.3311,0.3277,0.9925,0.0803,0.8941,0.0544,1124.36,768.48,35.29,17.77,3.703,6.6,https://www.youtube.com/watch?v=I4TemgtRaG0
22401018,I4TemgtRaG0,side-court-logo,437.8,2228,264.449,0.0446,0.0448,0.276,0.0373,0.4562,0.1097,0.3691,0.3427,1.0,0.0003,0.8716,0.0515,860.76,370.07,33.18,17.95,0.539,0.142,https://www.youtube.com/watch?v=I4TemgtRaG0
22401018,I4TemgtRaG0,mid-court-logo,335.4,1883,944.2796,0.1885,0.2035,0.6085,0.2257,0.7801,0.1918,0.3629,0.3343,0.9985,0.0326,0.8721,0.0679,1140.85,403.39,33.67,18.01,2.144,1.247,https://www.youtube.com/watch?v=I4TemgtRaG0
22401018,I4TemgtRaG0,back-court-logo,0.8,4,0.4211,0.0396,0.024,0.1574,0.0909,0.9997,0.0001,0.2436,0.0381,1.0,0.0,0.6683,0.0418,556.4,74.62,33.7,1.77,0.167,0.015,https://www.youtube.com/watch?v=I4TemgtRaG0
22401031,LY_M002GVR4,mid-court-logo,347.75,1978,661.6779,0.2132,0.2184,0.494,0.208,0.8568,0.1342,0.3966,0.3387,0.9925,0.0663,0.8804,0.042,543.59,231.23,32.12,18.23,1.513,0.913,https://www.youtube.com/watch?v=LY_M002GVR4
22401031,LY_M002GVR4,side-court-led-logo,487.29,3128,644.8886,0.1314,0.1317,0.468,0.1528,0.7642,0.1164,0.3773,0.2961,0.9192,0.2238,0.9086,0.0416,481.63,339.14,31.12,14.6,1.522,2.426,https://www.youtube.com/watch?v=LY_M002GVR4
22401031,LY_M002GVR4,back-court-logo,422.42,2110,1056.9294,0.3193,0.2333,0.5984,0.1136,0.9694,0.0183,0.527,0.3552,0.994,0.049,0.8753,0.0327,450.6,134.55,26.0,18.8,1.923,0.507,https://www.youtube.com/watch?v=LY_M002GVR4
22401031,LY_M002GVR4,side-court-logo,437.24,2214,337.5848,0.0972,0.0782,0.3954,0.0732,0.6781,0.0698,0.3777,0.2949,0.9886,0.0603,0.818,0.068,335.42,132.86,30.53,13.59,1.066,0.311,https://www.youtube.com/watch?v=LY_M002GVR4
22401031,LY_M002GVR4,basket-logo,394.39,9667,503.9309,0.0332,0.0378,0.1555,0.1101,0.4613,0.1669,0.3812,0.2684,0.9941,0.0571,0.9022,0.0433,1221.32,1154.05,31.48,15.14,0.221,0.146,https://www.youtube.com/watch?v=LY_M002GVR4
22401031,C_nl22oMHaE,mid-court-logo,344.07,1940,44.011,0.2206,0.2221,0.4988,0.2092,0.8569,0.1345,0.4046,0.3393,0.9902,0.0761,0.8794,0.0456,477.32,207.28,31.76,18.34,1.537,0.919,https://www.youtube.com/watch?v=C_nl22oMHaE
22401031,C_nl22oMHaE,side-court-led-logo,481.78,3088,41.0471,0.1293,0.1318,0.4674,0.1561,0.7629,0.119,0.3826,0.2988,0.9001,0.2479,0.9081,0.0423,412.13,288.99,30.91,14.67,1.502,2.172,https://www.youtube.com/watch?v=C_nl22oMHaE
22401031,C_nl22oMHaE,back-court-logo,412.32,2042,65.957,0.3141,0.2331,0.5984,0.1124,0.9694,0.0177,0.5191,0.355,0.9892,0.0723,0.8746,0.0342,382.58,113.52,26.4,18.88,1.922,0.506,https://www.youtube.com/watch?v=C_nl22oMHaE
22401031,C_nl22oMHaE,side-court-logo,430.09,2164,21.6891,0.0975,0.0805,0.396,0.0768,0.679,0.0695,0.3807,0.2995,0.9782,0.0849,0.819,0.066,290.59,114.21,30.48,13.87,1.069,0.32,https://www.youtube.com/watch?v=C_nl22oMHaE
22401031,C_nl22oMHaE,basket-logo,385.87,9347,31.8729,0.0332,0.0379,0.1558,0.1101,0.4623,0.1657,0.379,0.2686,0.9905,0.0723,0.9011,0.0436,1052.22,998.9,31.59,15.16,0.222,0.146,https://www.youtube.com/watch?v=C_nl22oMHaE
22401030,hD_uDhMc8Z0,mid-court-logo,445.6,2470,84.1801,0.1871,0.1902,0.5916,0.1924,0.9027,0.1138,0.3334,0.3159,0.9681,0.1412,0.8806,0.0519,428.13,233.78,34.47,16.68,1.975,0.986,https://www.youtube.com/watch?v=hD_uDhMc8Z0
22401030,hD_uDhMc8Z0,side-court-led-logo,289.6,1448,34.887,0.1323,0.1591,0.3424,0.2014,0.7414,0.2024,0.3931,0.3241,0.9708,0.1462,0.8964,0.0587,796.83,575.91,31.63,16.9,0.905,1.03,https://www.youtube.com/watch?v=hD_uDhMc8Z0
22401030,hD_uDhMc8Z0,side-court-logo,510.0,2627,52.073,0.1088,0.0806,0.3103,0.0492,0.8545,0.11,0.4367,0.3243,0.9989,0.0326,0.9045,0.0212,1676.48,521.67,28.14,14.84,0.72,0.688,https://www.youtube.com/watch?v=hD_uDhMc8Z0
22401030,hD_uDhMc8Z0,back-court-logo,477.2,2386,98.1859,0.2259,0.1448,0.3861,0.062,0.912,0.0343,0.613,0.3478,1.0,0.0,0.8992,0.0189,1038.76,229.59,20.85,16.06,1.032,0.254,https://www.youtube.com/watch?v=hD_uDhMc8Z0
22401030,hD_uDhMc8Z0,basket-logo,457.2,10996,64.2836,0.0321,0.0345,0.1588,0.101,0.4628,0.0713,0.3748,0.2855,0.9967,0.045,0.8881,0.0335,1394.53,867.73,32.82,16.66,0.206,0.134,https://www.youtube.com/watch?v=hD_uDhMc8Z0
22401030,L5Do4Wjywy8,mid-court-logo,444.84,2463,870.3085,0.1865,0.1896,0.5878,0.1903,0.9033,0.1116,0.3305,0.3123,0.9715,0.1325,0.8806,0.0505,463.37,256.7,34.57,16.51,1.95,0.953,https://www.youtube.com/watch?v=L5Do4Wjywy8
22401030,L5Do4Wjywy8,side-court-led-logo,290.29,1450,358.4538,0.1305,0.1564,0.3378,0.2011,0.7394,0.204,0.3934,0.3156,0.9741,0.1393,0.8955,0.0592,902.72,683.11,31.56,16.63,0.884,0.935,https://www.youtube.com/watch?v=L5Do4Wjywy8
22401030,L5Do4Wjywy8,side-court-logo,509.71,2621,540.7156,0.1089,0.0805,0.3083,0.0449,0.8548,0.1084,0.4385,0.3272,0.9994,0.0203,0.9041,0.0194,1931.43,573.88,28.04,14.89,0.703,0.568,https://www.youtube.com/watch?v=L5Do4Wjywy8
22401030,L5Do4Wjywy8,back-court-logo,477.28,2384,1014.1185,0.2246,0.1466,0.3869,0.0621,0.9127,0.0339,0.6067,0.3496,1.0,0.0001,0.899,0.0226,1253.65,275.16,21.13,16.19,1.035,0.254,https://www.youtube.com/watch?v=L5Do4Wjywy8
22401030,L5Do4Wjywy8,basket-logo,458.26,11025,657.3062,0.0315,0.0344,0.1575,0.1017,0.4623,0.0722,0.369,0.2858,0.9981,0.0322,0.8882,0.0348,1599.02,978.28,33.22,16.87,0.204,0.119,https://www.youtube.com/watch?v=L5Do4Wjywy8
22401052,d3GThDOt-3A,back-court-logo,485.0,2425,4009.0336,0.2318,0.162,0.4556,0.0779,0.9105,0.028,0.5448,0.3459,1.0,0.0,0.9002,0.0173,1924.45,471.49,23.97,16.76,1.316,0.326,https://www.youtube.com/watch?v=d3GThDOt-3A
22401052,d3GThDOt-3A,basket-logo,492.4,13598,1168.0778,0.012,0.0264,0.0698,0.1026,0.3559,0.1083,0.3696,0.3033,0.9993,0.0215,0.9041,0.0373,3441.59,2694.71,33.16,17.19,0.133,0.178,https://www.youtube.com/watch?v=d3GThDOt-3A
22401052,d3GThDOt-3A,mid-court-logo,520.8,2969,3595.5076,0.1698,0.1508,0.4787,0.1553,0.8664,0.1272,0.4122,0.3258,1.0,0.0,0.8785,0.0337,1901.57,562.9,29.88,15.6,1.42,0.653,https://www.youtube.com/watch?v=d3GThDOt-3A
22401052,d3GThDOt-3A,side-court-led-logo,518.4,4510,3300.4846,0.1026,0.1015,0.3071,0.1097,0.7432,0.1512,0.431,0.3222,0.9869,0.1055,0.9007,0.0422,2022.38,1385.99,29.15,15.88,0.834,3.657,https://www.youtube.com/watch?v=d3GThDOt-3A
22401052,d3GThDOt-3A,side-court-logo,0.6,3,1.2046,0.0563,0.0404,0.1575,0.1114,0.4399,0.126,0.5778,0.1423,1.0,0.0,0.7329,0.0666,2154.25,625.54,21.04,4.86,0.242,0.12,https://www.youtube.com/watch?v=d3GThDOt-3A
22401052,IEGs3NLsaU4,back-court-logo,452.0,2260,183.0955,0.2423,0.1634,0.469,0.0626,0.9139,0.0223,0.5514,0.3472,1.0,0.0,0.9014,0.0152,2046.85,466.36,23.71,16.84,1.374,0.256,https://www.youtube.com/watch?v=IEGs3NLsaU4
22401052,IEGs3NLsaU4,basket-logo,459.6,12908,54.9345,0.0127,0.027,0.0734,0.1038,0.3586,0.1101,0.3656,0.3034,0.9993,0.0215,0.9061,0.0346,3675.42,2848.34,33.39,17.21,0.136,0.115,https://www.youtube.com/watch?v=IEGs3NLsaU4
22401052,IEGs3NLsaU4,mid-court-logo,479.6,2695,151.0344,0.1676,0.1515,0.4954,0.1501,0.873,0.1213,0.3894,0.3214,1.0,0.0,0.8817,0.0309,1995.61,553.15,30.93,15.39,1.49,0.629,https://www.youtube.com/watch?v=IEGs3NLsaU4
22401052,IEGs3NLsaU4,side-court-led-logo,476.6,4121,140.7616,0.1022,0.105,0.3117,0.1102,0.7478,0.1524,0.4139,0.3204,0.9873,0.1044,0.9033,0.0424,2171.12,1410.65,29.91,15.85,0.86,3.641,https://www.youtube.com/watch?v=IEGs3NLsaU4
22401052,IEGs3NLsaU4,side-court-logo,1.0,5,0.1051,0.0629,0.0553,0.1462,0.1196,0.5206,0.2652,0.6025,0.1264,1.0,0.0,0.6835,0.0646,2229.33,652.95,20.18,4.31,0.25,0.148,https://www.youtube.com/watch?v=IEGs3NLsaU4
22401052,tdHdCBK5A9c,back-court-logo,392.4,1965,288.1228,0.2603,0.1658,0.4839,0.0679,0.916,0.0232,0.5774,0.3405,0.9997,0.0123,0.9003,0.0181,1777.29,408.76,22.5,16.59,1.435,0.278,https://www.youtube.com/watch?v=tdHdCBK5A9c
22401052,tdHdCBK5A9c,basket-logo,390.4,10992,92.8706,0.015,0.0278,0.0839,0.107,0.361,0.1063,0.3901,0.3012,0.9989,0.0259,0.9045,0.0352,2735.01,1969.51,31.87,16.73,0.143,0.112,https://www.youtube.com/watch?v=tdHdCBK5A9c
22401052,tdHdCBK5A9c,mid-court-logo,412.4,2303,210.9156,0.1626,0.1538,0.5154,0.1596,0.88,0.1295,0.3532,0.3073,0.9995,0.0182,0.8786,0.0344,1714.73,467.82,32.55,14.95,1.574,0.669,https://www.youtube.com/watch?v=tdHdCBK5A9c
22401052,tdHdCBK5A9c,side-court-led-logo,411.8,3408,195.1954,0.1017,0.1067,0.3174,0.1093,0.7735,0.1477,0.3911,0.3153,0.9853,0.1088,0.8913,0.0479,1923.84,1168.42,30.95,15.59,0.738,0.447,https://www.youtube.com/watch?v=tdHdCBK5A9c
22401052,tdHdCBK5A9c,side-court-logo,0.6,3,0.1854,0.1097,0.0827,0.6054,0.4309,0.7403,0.3672,0.1865,0.0209,0.9722,0.022,0.672,0.0396,514.34,496.0,36.7,1.23,2.723,2.016,https://www.youtube.com/watch?v=tdHdCBK5A9c
22401035,VQDRfSGVu5c,basket-logo,382.58,9950,4606.8867,0.0369,0.0406,0.1807,0.0953,0.5626,0.16,0.3147,0.2651,0.9458,0.1878,0.9001,0.0494,1071.88,1437.54,36.05,17.07,0.239,0.129,https://www.youtube.com/watch?v=VQDRfSGVu5c
22401035,VQDRfSGVu5c,mid-court-logo,264.66,1498,4030.6777,0.2147,0.1806,0.581,0.2272,0.9264,0.1054,0.395,0.3004,0.9969,0.044,0.8775,0.0538,757.73,293.31,30.82,15.83,1.972,1.186,https://www.youtube.com/watch?v=VQDRfSGVu5c
22401035,VQDRfSGVu5c,side-court-led-logo,201.8,1008,3249.1228,0.2572,0.2463,0.5592,0.2903,0.8934,0.1369,0.4795,0.3275,0.9507,0.2039,0.878,0.0636,935.71,795.31,26.77,15.65,2.666,4.615,https://www.youtube.com/watch?v=VQDRfSGVu5c
22401011,_46SYfhcI_U,back-court-logo,502.2,2519,1486.0372,0.2646,0.1708,0.465,0.1013,0.9031,0.0355,0.6085,0.3308,0.9999,0.0027,0.8808,0.0227,1463.66,345.56,20.7,14.85,1.414,1.32,https://www.youtube.com/watch?v=_46SYfhcI_U
22401011,_46SYfhcI_U,basket-logo,488.4,15110,752.2135,0.0223,0.0317,0.1211,0.114,0.3857,0.133,0.4056,0.2984,0.9995,0.0185,0.9119,0.0339,2638.93,1503.98,30.81,16.02,0.185,0.143,https://www.youtube.com/watch?v=_46SYfhcI_U
22401011,_46SYfhcI_U,mid-court-logo,413.2,2286,1182.9608,0.2321,0.2116,0.6244,0.244,0.9301,0.1002,0.3776,0.3004,0.9895,0.0882,0.8778,0.0614,1184.43,558.47,30.98,14.24,2.67,4.145,https://www.youtube.com/watch?v=_46SYfhcI_U
22401011,_46SYfhcI_U,side-court-led-logo,520.2,3800,1177.0862,0.1389,0.1,0.3346,0.1155,0.8911,0.1387,0.4621,0.2858,0.9819,0.1236,0.9152,0.0415,1468.99,902.62,26.72,13.01,0.831,0.636,https://www.youtube.com/watch?v=_46SYfhcI_U
22401011,_46SYfhcI_U,side-court-logo,1.8,9,1.4808,0.0738,0.128,0.1835,0.2213,0.607,0.2374,0.3196,0.2781,1.0,0.0,0.6635,0.0358,1129.12,619.03,33.64,14.58,0.435,0.735,https://www.youtube.com/watch?v=_46SYfhcI_U
22401034,Mb_OVNugP3o,mid-court-logo,384.78,2120,1888.1334,0.1751,0.1642,0.5236,0.2009,0.8085,0.1709,0.3972,0.2911,1.0,0.0001,0.8584,0.0792,1359.29,617.62,30.14,14.26,1.692,1.029,https://www.youtube.com/watch?v=Mb_OVNugP3o
22401034,Mb_OVNugP3o,side-court-led-logo,454.85,2312,2043.5813,0.1738,0.1973,0.549,0.2018,0.8315,0.1215,0.3367,0.2788,0.9359,0.2116,0.8906,0.0504,664.58,482.42,33.16,14.49,2.016,3.006,https://www.youtube.com/watch?v=Mb_OVNugP3o
22401034,Mb_OVNugP3o,side-court-logo,471.67,2432,1083.3068,0.0876,0.0564,0.2866,0.0424,0.6474,0.1099,0.4929,0.3065,0.9996,0.0164,0.8816,0.0361,1208.37,404.89,25.7,14.2,0.588,0.256,https://www.youtube.com/watch?v=Mb_OVNugP3o
22401034,Mb_OVNugP3o,back-court-logo,443.04,2213,2493.5525,0.2215,0.1381,0.4193,0.0808,0.9022,0.0401,0.5725,0.313,0.9999,0.0033,0.8753,0.0323,1126.83,360.72,22.32,14.25,1.17,0.338,https://www.youtube.com/watch?v=Mb_OVNugP3o
22401034,Mb_OVNugP3o,basket-logo,432.63,11664,1277.5465,0.0215,0.0295,0.1343,0.1101,0.4182,0.1048,0.3518,0.2717,0.9847,0.0982,0.9024,0.0338,1758.82,1492.44,32.66,14.74,0.197,0.11,https://www.youtube.com/watch?v=Mb_OVNugP3o
22401034,wCLjCh5b4P4,back-court-logo,413.8,2070,316.1351,0.185,0.1387,0.4107,0.0694,0.8977,0.0372,0.4918,0.3343,0.9996,0.014,0.8773,0.024,1341.86,371.32,26.16,15.94,1.135,0.289,https://www.youtube.com/watch?v=wCLjCh5b4P4
22401034,wCLjCh5b4P4,basket-logo,405.8,11089,162.0085,0.0177,0.0274,0.1193,0.1108,0.412,0.0993,0.3228,0.2938,0.9891,0.0846,0.902,0.0353,2047.7,1651.2,35.54,16.9,0.184,0.093,https://www.youtube.com/watch?v=wCLjCh5b4P4
22401034,wCLjCh5b4P4,side-court-logo,435.0,2216,157.8587,0.0863,0.0558,0.2822,0.0301,0.6258,0.1042,0.5125,0.3256,1.0,0.0007,0.8847,0.0299,1425.67,447.83,24.56,14.14,0.564,0.135,https://www.youtube.com/watch?v=wCLjCh5b4P4
22401034,wCLjCh5b4P4,side-court-led-logo,419.4,2134,366.0255,0.2078,0.2164,0.5378,0.18,0.8172,0.1169,0.3994,0.327,0.9691,0.144,0.8978,0.0434,802.02,510.95,30.71,15.86,1.752,1.022,https://www.youtube.com/watch?v=wCLjCh5b4P4
22401034,wCLjCh5b4P4,mid-court-logo,367.2,1962,296.661,0.1832,0.1662,0.5122,0.1814,0.7882,0.1636,0.4439,0.3321,0.9995,0.0128,0.8678,0.0778,1476.91,583.0,28.51,15.96,1.612,0.897,https://www.youtube.com/watch?v=wCLjCh5b4P4
22401027,8YMc4SxUeyQ,basket-logo,490.6,13422,4402.1421,0.0351,0.043,0.1436,0.112,0.5145,0.1702,0.4039,0.2956,0.9991,0.0246,0.8752,0.0695,1932.49,1028.54,30.92,16.04,0.206,0.143,https://www.youtube.com/watch?v=8YMc4SxUeyQ
22401027,8YMc4SxUeyQ,mid-court-logo,479.8,2542,3765.3446,0.1587,0.1679,0.5303,0.1764,0.8869,0.1327,0.3256,0.3144,0.9996,0.0182,0.8721,0.0505,1535.12,400.12,34.89,16.43,1.644,0.749,https://www.youtube.com/watch?v=8YMc4SxUeyQ
22401027,8YMc4SxUeyQ,side-court-led-logo,497.0,3568,3346.4219,0.1005,0.1129,0.3276,0.1161,0.8147,0.1432,0.3682,0.3176,0.961,0.18,0.9057,0.0434,1350.38,802.57,32.52,16.24,0.898,2.885,https://www.youtube.com/watch?v=8YMc4SxUeyQ
22401027,8YMc4SxUeyQ,side-court-logo,0.6,3,3.3161,0.1184,0.0991,0.3999,0.2391,0.7256,0.2036,0.3615,0.2753,1.0,0.0,0.7316,0.005,1612.42,733.89,32.36,14.2,1.042,1.056,https://www.youtube.com/watch?v=8YMc4SxUeyQ
22401027,8YMc4SxUeyQ,back-court-logo,0.2,1,3.1353,0.3358,0.0,0.414,0.0,0.9068,0.0,0.8945,0.0,1.0,0.0,0.6992,0.0,995.0,0.0,9.44,0.0,1.153,0.0,https://www.youtube.com/watch?v=8YMc4SxUeyQ
22401035,LcRbct83Ung,mid-court-logo,306.8,1685,116.6922,0.1985,0.181,0.5474,0.2145,0.9206,0.1067,0.3822,0.3085,0.9967,0.0468,0.8842,0.0505,884.49,350.26,31.88,16.8,1.782,1.127,https://www.youtube.com/watch?v=LcRbct83Ung
22401035,LcRbct83Ung,side-court-led-logo,226.2,1132,84.629,0.2143,0.2317,0.4782,0.2653,0.8581,0.1486,0.443,0.3212,0.9577,0.1866,0.8864,0.0612,876.5,586.15,28.89,16.49,1.866,4.2,https://www.youtube.com/watch?v=LcRbct83Ung
22401035,LcRbct83Ung,basket-logo,429.8,11154,145.4344,0.0374,0.0404,0.1794,0.094,0.5608,0.1631,0.3182,0.2666,0.9782,0.1284,0.9052,0.0445,1171.42,1222.08,35.81,17.04,0.229,0.124,https://www.youtube.com/watch?v=LcRbct83Ung
22401027,lapgrj0C7bE,basket-logo,429.4,10628,220.7455,0.0373,0.0422,0.1641,0.1024,0.5511,0.1387,0.3678,0.2961,0.9987,0.0272,0.8766,0.0706,1671.69,876.26,33.19,16.89,0.223,0.119,https://www.youtube.com/watch?v=lapgrj0C7bE
22401027,lapgrj0C7bE,mid-court-logo,420.2,2222,224.5885,0.1818,0.1776,0.5438,0.1794,0.8875,0.1283,0.3626,0.3292,0.9996,0.015,0.8733,0.0475,1497.15,412.28,32.96,16.7,1.71,0.774,https://www.youtube.com/watch?v=lapgrj0C7bE
22401027,lapgrj0C7bE,side-court-led-logo,448.0,3243,194.5011,0.1078,0.1162,0.3301,0.1141,0.8138,0.1378,0.3948,0.325,0.9687,0.162,0.8997,0.0461,1337.81,722.15,31.33,16.58,0.91,1.8,https://www.youtube.com/watch?v=lapgrj0C7bE
22401027,lapgrj0C7bE,side-court-logo,1.0,5,0.1462,0.0526,0.0585,0.1812,0.091,0.5745,0.0787,0.3905,0.3753,1.0,0.0,0.7447,0.0675,2112.28,436.55,31.16,17.32,0.24,0.078,https://www.youtube.com/watch?v=lapgrj0C7bE
22401025,60CiNqnWrIA,back-court-logo,356.8,1784,20552.0633,0.3324,0.2253,0.6083,0.1179,0.9628,0.0274,0.5486,0.3369,0.9966,0.0296,0.877,0.0271,416.49,118.54,24.09,16.62,1.973,0.54,https://www.youtube.com/watch?v=60CiNqnWrIA
22401025,60CiNqnWrIA,basket-logo,345.0,9271,9994.44,0.0311,0.0371,0.1547,0.1097,0.4529,0.1657,0.3638,0.2712,0.9947,0.0489,0.8966,0.0492,1279.28,1237.38,32.69,15.93,0.217,0.144,https://www.youtube.com/watch?v=60CiNqnWrIA
22401025,60CiNqnWrIA,side-court-led-logo,418.0,2575,12783.8375,0.1433,0.1501,0.4955,0.1711,0.7794,0.1145,0.397,0.3135,0.9056,0.2303,0.9093,0.0418,452.73,407.94,30.43,15.44,1.873,4.903,https://www.youtube.com/watch?v=60CiNqnWrIA
22401025,60CiNqnWrIA,side-court-logo,370.4,1885,6545.7336,0.1002,0.0831,0.3988,0.0854,0.6741,0.0577,0.3866,0.303,0.9819,0.0798,0.8227,0.0695,324.68,135.32,30.37,14.3,1.078,0.361,https://www.youtube.com/watch?v=60CiNqnWrIA
22401025,60CiNqnWrIA,mid-court-logo,290.0,1679,11726.6969,0.2015,0.2207,0.4846,0.2245,0.8473,0.1392,0.3881,0.3328,0.9929,0.0625,0.8795,0.0485,519.88,215.77,32.07,17.66,1.72,3.467,https://www.youtube.com/watch?v=60CiNqnWrIA
22401014,Jd2Te6D1J2w,mid-court-logo,522.2,2785,449.7301,0.1594,0.1561,0.5015,0.1776,0.8855,0.1194,0.3547,0.3211,0.999,0.0186,0.8843,0.0435,657.3,200.22,33.34,16.47,1.514,0.761,https://www.youtube.com/watch?v=Jd2Te6D1J2w
22401014,Jd2Te6D1J2w,side-court-led-logo,393.8,1969,283.6285,0.1422,0.1767,0.3686,0.1868,0.7943,0.1595,0.3808,0.3243,0.999,0.0307,0.8757,0.0669,678.42,245.28,32.11,16.48,0.986,1.278,https://www.youtube.com/watch?v=Jd2Te6D1J2w
22401014,Jd2Te6D1J2w,side-court-logo,550.6,2848,287.932,0.0998,0.066,0.2714,0.0299,0.8161,0.1048,0.4644,0.3076,1.0,0.0,0.8785,0.0286,3453.82,702.36,26.47,13.46,0.517,0.105,https://www.youtube.com/watch?v=Jd2Te6D1J2w
22401014,Jd2Te6D1J2w,back-court-logo,524.0,2620,542.6086,0.2044,0.1395,0.3964,0.0535,0.8891,0.0306,0.5669,0.357,1.0,0.0,0.8848,0.0195,1881.06,343.08,22.84,16.65,1.076,0.221,https://www.youtube.com/watch?v=Jd2Te6D1J2w
22401014,Jd2Te6D1J2w,basket-logo,513.0,14783,332.1173,0.0222,0.0331,0.1304,0.1159,0.4189,0.1305,0.3654,0.3099,0.9878,0.0817,0.8881,0.0473,1055.67,697.41,33.89,17.85,0.214,0.149,https://www.youtube.com/watch?v=Jd2Te6D1J2w
22401025,JgrvMKPp3es,back-court-logo,352.2,1761,577.0724,0.312,0.2195,0.5991,0.1089,0.9606,0.0285,0.5253,0.3382,0.9918,0.0634,0.8763,0.0299,400.74,121.19,25.05,16.59,1.927,0.491,https://www.youtube.com/watch?v=JgrvMKPp3es
22401025,JgrvMKPp3es,basket-logo,350.2,9086,284.6504,0.0298,0.0355,0.1596,0.107,0.4585,0.1644,0.3395,0.2666,0.9889,0.0719,0.8915,0.0556,1236.43,1267.15,34.03,16.04,0.22,0.137,https://www.youtube.com/watch?v=JgrvMKPp3es
22401025,JgrvMKPp3es,mid-court-logo,306.6,1751,358.3246,0.1948,0.2094,0.4779,0.2183,0.8539,0.1305,0.3821,0.3324,0.9897,0.0718,0.8788,0.0463,485.95,203.75,32.7,18.05,1.457,0.98,https://www.youtube.com/watch?v=JgrvMKPp3es
22401025,JgrvMKPp3es,side-court-led-logo,418.2,2597,402.7636,0.1477,0.1414,0.4842,0.1596,0.8002,0.1185,0.4197,0.3196,0.8946,0.2533,0.9053,0.0437,454.83,340.72,29.4,15.56,1.499,0.871,https://www.youtube.com/watch?v=JgrvMKPp3es
22401025,JgrvMKPp3es,side-court-logo,334.2,1710,186.7849,0.104,0.086,0.3895,0.0839,0.6689,0.059,0.4171,0.3213,0.9697,0.1069,0.8183,0.072,298.15,121.46,29.3,15.33,1.039,0.353,https://www.youtube.com/watch?v=JgrvMKPp3es
22401014,h1gq0bntGBc,mid-court-logo,522.0,2770,59.1258,0.1596,0.1567,0.5022,0.1782,0.8865,0.1179,0.3526,0.32,0.9997,0.01,0.8848,0.0423,739.2,215.18,33.49,16.51,1.518,0.762,https://www.youtube.com/watch?v=h1gq0bntGBc
22401014,h1gq0bntGBc,side-court-led-logo,394.0,1970,36.3323,0.1379,0.1699,0.3663,0.1856,0.7936,0.1598,0.3767,0.3158,0.9998,0.0067,0.8765,0.0648,782.48,282.76,32.26,16.24,0.988,1.577,https://www.youtube.com/watch?v=h1gq0bntGBc
22401014,h1gq0bntGBc,side-court-logo,551.0,2840,38.2217,0.1006,0.0666,0.2721,0.0261,0.8168,0.1028,0.4689,0.3133,1.0,0.0,0.8777,0.028,3741.92,749.61,26.33,13.74,0.518,0.102,https://www.youtube.com/watch?v=h1gq0bntGBc
22401014,h1gq0bntGBc,back-court-logo,524.6,2623,72.3942,0.2064,0.1381,0.3971,0.0527,0.8894,0.03,0.5712,0.3522,1.0,0.0001,0.8855,0.0142,2063.86,372.65,22.47,16.08,1.078,0.219,https://www.youtube.com/watch?v=h1gq0bntGBc
22401014,h1gq0bntGBc,basket-logo,514.4,14830,44.3373,0.0224,0.0333,0.1286,0.1163,0.4188,0.1312,0.3666,0.3102,0.9926,0.0641,0.8874,0.0485,1149.19,733.43,33.62,17.55,0.214,0.149,https://www.youtube.com/watch?v=h1gq0bntGBc
22401038,fEWpzTUZn2U,mid-court-logo,358.4,1956,13166.718,0.1881,0.165,0.5231,0.2192,0.8541,0.1184,0.4115,0.3346,0.9998,0.0064,0.8875,0.0507,1271.87,378.46,30.14,16.23,1.686,1.053,https://www.youtube.com/watch?v=fEWpzTUZn2U
22401038,fEWpzTUZn2U,side-court-led-logo,293.2,1466,8394.0155,0.16,0.206,0.4,0.2164,0.7733,0.1722,0.3915,0.3251,0.9957,0.0476,0.8941,0.0552,915.33,562.96,32.04,17.27,1.54,5.37,https://www.youtube.com/watch?v=fEWpzTUZn2U
22401038,fEWpzTUZn2U,side-court-logo,475.4,2475,10121.1651,0.1143,0.081,0.3135,0.0446,0.8609,0.1075,0.4414,0.3166,1.0,0.0,0.8851,0.0256,2697.4,684.05,27.4,13.73,0.714,0.189,https://www.youtube.com/watch?v=fEWpzTUZn2U
22401038,fEWpzTUZn2U,back-court-logo,443.8,2219,21248.618,0.2675,0.179,0.4615,0.0929,0.9133,0.0366,0.6056,0.3458,1.0,0.0,0.8791,0.0225,1622.93,364.61,21.04,16.25,1.343,0.386,https://www.youtube.com/watch?v=fEWpzTUZn2U
22401038,fEWpzTUZn2U,basket-logo,430.0,12098,12614.254,0.0291,0.0319,0.1609,0.1028,0.4306,0.1185,0.3836,0.2907,0.9992,0.0183,0.8945,0.0477,2922.18,2254.43,32.07,16.4,0.214,0.131,https://www.youtube.com/watch?v=fEWpzTUZn2U
22401038,Cht5nSJIWvo,back-court-logo,417.8,2093,651.4305,0.2559,0.174,0.4566,0.0906,0.9118,0.0373,0.5866,0.3388,0.9999,0.0045,0.8792,0.0225,1607.32,356.57,21.68,15.8,1.323,0.376,https://www.youtube.com/watch?v=Cht5nSJIWvo
22401038,Cht5nSJIWvo,basket-logo,402.0,11202,363.9872,0.0267,0.0305,0.1567,0.1039,0.4268,0.117,0.3617,0.2835,0.9981,0.0268,0.8897,0.0546,2485.08,1863.25,32.96,16.06,0.209,0.126,https://www.youtube.com/watch?v=Cht5nSJIWvo
22401038,Cht5nSJIWvo,mid-court-logo,356.2,1941,465.0862,0.197,0.1698,0.5291,0.2036,0.8578,0.1161,0.4156,0.3243,0.9991,0.0225,0.8902,0.0481,1187.33,370.69,29.91,15.87,1.689,0.952,https://www.youtube.com/watch?v=Cht5nSJIWvo
22401038,Cht5nSJIWvo,side-court-led-logo,292.0,1460,274.1005,0.1544,0.1972,0.4008,0.2026,0.7763,0.166,0.3829,0.3164,0.9926,0.0621,0.8977,0.0474,889.25,626.06,32.35,17.03,1.143,0.954,https://www.youtube.com/watch?v=Cht5nSJIWvo
22401038,Cht5nSJIWvo,side-court-logo,446.2,2327,342.9434,0.1212,0.079,0.3133,0.0455,0.8481,0.1063,0.4753,0.317,1.0,0.0,0.8826,0.0313,2616.34,629.21,25.81,13.56,0.714,0.188,https://www.youtube.com/watch?v=Cht5nSJIWvo
22401038,XXKwGCLL6qU,basket-logo,482.76,13318,4584.4867,0.0137,0.0261,0.0894,0.1108,0.4118,0.1128,0.3756,0.2951,0.9998,0.0115,0.8871,0.0533,5368.49,3849.55,32.57,16.56,0.182,0.099,https://www.youtube.com/watch?v=XXKwGCLL6qU
22401038,XXKwGCLL6qU,mid-court-logo,545.2,2872,12774.2476,0.1767,0.1618,0.5697,0.1817,0.8809,0.1019,0.3587,0.3168,0.9999,0.004,0.8926,0.0385,2665.43,885.0,32.24,15.19,1.841,0.813,https://www.youtube.com/watch?v=XXKwGCLL6qU
22401038,XXKwGCLL6qU,side-court-led-logo,537.3,2650,7943.5752,0.1191,0.1727,0.3788,0.1737,0.7784,0.1618,0.2916,0.298,0.9997,0.0101,0.9028,0.041,2241.76,1240.4,36.7,16.0,1.029,1.08,https://www.youtube.com/watch?v=XXKwGCLL6qU
22401038,XXKwGCLL6qU,side-court-logo,543.38,2770,8977.5306,0.1288,0.0723,0.3031,0.0325,0.8076,0.0783,0.5203,0.2822,1.0,0.0,0.8749,0.033,5079.14,881.71,23.51,11.46,0.672,0.107,https://www.youtube.com/watch?v=XXKwGCLL6qU
22401038,XXKwGCLL6qU,back-court-logo,514.18,2540,13610.8562,0.2129,0.13,0.4092,0.0426,0.9054,0.0325,0.5737,0.3466,1.0,0.0,0.8775,0.026,3266.3,628.82,22.57,16.47,1.132,0.169,https://www.youtube.com/watch?v=XXKwGCLL6qU
22401055,3LGFU_Ildag,back-court-logo,487.8,2442,25086.3087,0.2882,0.2031,0.5518,0.113,0.9305,0.0301,0.5606,0.3604,1.0,0.0,0.8696,0.0357,2550.87,534.59,23.72,17.64,1.727,0.518,https://www.youtube.com/watch?v=3LGFU_Ildag
22401055,3LGFU_Ildag,basket-logo,484.2,13149,7025.53,0.015,0.0267,0.0866,0.108,0.3615,0.1049,0.3927,0.3075,0.9996,0.0182,0.91,0.0326,4173.22,1852.3,32.48,17.84,0.149,0.135,https://www.youtube.com/watch?v=3LGFU_Ildag
22401055,3LGFU_Ildag,mid-court-logo,489.4,2631,17175.4737,0.1831,0.1915,0.5423,0.1879,0.903,0.1166,0.3581,0.3276,0.9959,0.0596,0.8789,0.0514,1351.27,402.87,33.63,17.27,1.72,0.856,https://www.youtube.com/watch?v=3LGFU_Ildag
22401055,3LGFU_Ildag,side-court-led-logo,523.0,4295,21032.7863,0.1374,0.1135,0.3345,0.116,0.8789,0.1341,0.4338,0.2969,0.9918,0.0807,0.9112,0.0437,2068.62,887.35,29.14,15.83,0.918,2.682,https://www.youtube.com/watch?v=3LGFU_Ildag
22401055,3LGFU_Ildag,side-court-logo,112.8,571,1106.3757,0.0544,0.0491,0.2531,0.0366,0.5375,0.075,0.3984,0.3359,1.0,0.0,0.7321,0.0717,2383.91,503.11,30.73,16.2,0.425,0.135,https://www.youtube.com/watch?v=3LGFU_Ildag
22401055,_tOvlnKaZNA,back-court-logo,530.33,2651,36436.0815,0.2729,0.1958,0.5529,0.1035,0.9278,0.0232,0.5323,0.3594,1.0,0.0,0.8552,0.0509,2215.03,499.83,24.68,17.16,1.729,0.477,https://www.youtube.com/watch?v=_tOvlnKaZNA
22401055,_tOvlnKaZNA,basket-logo,547.95,15314,10520.1033,0.0136,0.0267,0.0825,0.1072,0.3587,0.1062,0.3681,0.3163,0.9998,0.0116,0.9111,0.0294,5311.81,2863.88,34.24,18.6,0.147,0.124,https://www.youtube.com/watch?v=_tOvlnKaZNA
22401055,_tOvlnKaZNA,mid-court-logo,518.32,2725,25533.6022,0.186,0.1881,0.6038,0.2204,0.9277,0.1084,0.3492,0.3207,1.0,0.0014,0.8733,0.0519,892.34,335.9,33.95,16.86,2.036,1.025,https://www.youtube.com/watch?v=_tOvlnKaZNA
22401055,_tOvlnKaZNA,side-court-led-logo,561.56,5161,34072.794,0.1311,0.1095,0.3283,0.0901,0.9009,0.1365,0.4234,0.3056,0.9871,0.1053,0.9089,0.0386,2700.97,1335.26,30.17,16.7,0.78,0.369,https://www.youtube.com/watch?v=_tOvlnKaZNA
22401055,_tOvlnKaZNA,side-court-logo,25.83,129,297.2288,0.0457,0.049,0.2774,0.0464,0.6609,0.167,0.2798,0.3253,1.0,0.0,0.7238,0.0761,1589.04,415.28,37.08,16.08,0.532,0.221,https://www.youtube.com/watch?v=_tOvlnKaZNA
22401055,AR2xLob2-Lc,back-court-logo,416.4,2084,892.0682,0.306,0.2078,0.5816,0.1044,0.935,0.0248,0.5604,0.3525,1.0,0.0001,0.8648,0.041,2239.97,456.57,23.62,17.13,1.852,0.472,https://www.youtube.com/watch?v=AR2xLob2-Lc
22401055,AR2xLob2-Lc,basket-logo,423.0,11487,292.2136,0.0182,0.0292,0.1015,0.1085,0.3701,0.1083,0.3963,0.3081,0.9999,0.0047,0.9091,0.0325,3618.78,1818.35,32.42,18.02,0.157,0.074,https://www.youtube.com/watch?v=AR2xLob2-Lc
22401055,AR2xLob2-Lc,mid-court-logo,419.2,2208,550.026,0.1781,0.1943,0.5643,0.1939,0.9161,0.1056,0.3266,0.3178,0.9983,0.0339,0.8798,0.0521,1149.74,346.06,35.59,17.42,1.837,0.925,https://www.youtube.com/watch?v=AR2xLob2-Lc
22401055,AR2xLob2-Lc,side-court-led-logo,451.0,3559,689.158,0.1384,0.1254,0.3405,0.1251,0.8861,0.143,0.4174,0.2996,0.9862,0.1071,0.9051,0.0512,1753.05,825.0,30.09,16.23,0.983,3.193,https://www.youtube.com/watch?v=AR2xLob2-Lc
22401055,AR2xLob2-Lc,side-court-logo,91.4,461,33.6966,0.0523,0.0511,0.2626,0.0344,0.5488,0.0792,0.3638,0.3405,1.0,0.0,0.7372,0.0766,1887.62,393.3,32.93,17.21,0.462,0.166,https://www.youtube.com/watch?v=AR2xLob2-Lc
22401055,QQm4vVOYZtw,back-court-logo,508.8,2547,505.0488,0.2915,0.1985,0.5513,0.1115,0.9318,0.0295,0.5682,0.3587,1.0,0.0,0.8698,0.0353,2710.09,577.71,23.09,17.08,1.724,0.504,https://www.youtube.com/watch?v=QQm4vVOYZtw
22401055,QQm4vVOYZtw,basket-logo,503.4,13648,147.2951,0.0159,0.0273,0.0892,0.1076,0.3647,0.1057,0.4037,0.3112,0.9999,0.0055,0.9108,0.0316,4376.89,2006.25,31.88,17.66,0.149,0.101,https://www.youtube.com/watch?v=QQm4vVOYZtw
22401055,QQm4vVOYZtw,mid-court-logo,516.4,2771,325.6617,0.1728,0.1877,0.5352,0.1891,0.9049,0.1128,0.3425,0.3246,0.9973,0.0475,0.8781,0.0527,1414.56,422.32,34.45,17.11,1.695,0.87,https://www.youtube.com/watch?v=QQm4vVOYZtw
22401055,QQm4vVOYZtw,side-court-led-logo,546.2,4459,415.8799,0.1371,0.1122,0.3376,0.1185,0.8796,0.1379,0.4293,0.2967,0.9895,0.0933,0.9118,0.0441,2128.56,944.81,29.29,15.72,0.936,2.791,https://www.youtube.com/watch?v=QQm4vVOYZtw
22401055,QQm4vVOYZtw,side-court-logo,95.8,485,17.1077,0.0519,0.0475,0.2518,0.0319,0.5338,0.0737,0.3883,0.3385,1.0,0.0,0.7261,0.0715,2519.2,491.92,31.17,16.15,0.413,0.132,https://www.youtube.com/watch?v=QQm4vVOYZtw
22401023,dMMgv_oC8LM,mid-court-logo,304.2,1965,231.5754,0.2267,0.1727,0.5302,0.2046,0.8757,0.1121,0.4705,0.303,0.999,0.0191,0.8731,0.0568,632.45,252.72,26.9,14.75,1.712,1.287,https://www.youtube.com/watch?v=dMMgv_oC8LM
22401023,dMMgv_oC8LM,side-court-led-logo,167.8,839,95.5875,0.2191,0.1892,0.4694,0.2122,0.7783,0.1953,0.5161,0.3,0.9685,0.1431,0.8819,0.0484,983.53,642.53,25.49,15.22,1.553,3.429,https://www.youtube.com/watch?v=dMMgv_oC8LM
22401023,dMMgv_oC8LM,side-court-logo,465.6,3281,168.5262,0.0988,0.0788,0.274,0.0477,0.7848,0.2235,0.4646,0.3197,0.9992,0.0217,0.8521,0.0601,1352.47,608.71,27.1,14.83,0.535,0.169,https://www.youtube.com/watch?v=dMMgv_oC8LM
22401023,dMMgv_oC8LM,back-court-logo,448.8,2244,293.1459,0.2512,0.1873,0.4756,0.0838,0.9279,0.0333,0.5341,0.3511,1.0,0.0004,0.8771,0.0384,901.3,307.13,24.53,16.9,1.402,0.345,https://www.youtube.com/watch?v=dMMgv_oC8LM
22401023,dMMgv_oC8LM,basket-logo,446.2,13751,154.2723,0.0216,0.0295,0.1393,0.1122,0.4193,0.141,0.2938,0.2639,0.9988,0.0268,0.9073,0.0331,2544.24,2006.58,37.0,16.65,0.203,0.239,https://www.youtube.com/watch?v=dMMgv_oC8LM
22401023,4FyOgc0_41U,mid-court-logo,296.0,1875,6204.5363,0.227,0.1806,0.5276,0.2053,0.8736,0.1117,0.4672,0.3092,0.9994,0.0076,0.8751,0.0609,638.65,256.05,27.15,15.1,1.705,1.315,https://www.youtube.com/watch?v=4FyOgc0_41U
22401023,4FyOgc0_41U,side-court-led-logo,159.6,798,2429.7,0.2088,0.1906,0.4632,0.2166,0.7694,0.2017,0.4981,0.2974,0.9709,0.1456,0.8835,0.0495,1007.12,698.87,26.5,15.54,1.63,4.46,https://www.youtube.com/watch?v=4FyOgc0_41U
22401023,4FyOgc0_41U,side-court-logo,464.0,3229,4608.0226,0.0979,0.079,0.2729,0.0486,0.7887,0.2227,0.4599,0.3217,0.9998,0.006,0.8548,0.0603,1440.05,641.53,27.38,15.01,0.532,0.168,https://www.youtube.com/watch?v=4FyOgc0_41U
22401023,4FyOgc0_41U,back-court-logo,449.4,2247,8157.421,0.249,0.1872,0.474,0.0837,0.9282,0.0339,0.5297,0.3546,0.9999,0.0013,0.8777,0.0346,945.9,331.11,24.83,17.16,1.395,0.344,https://www.youtube.com/watch?v=4FyOgc0_41U
22401023,4FyOgc0_41U,basket-logo,446.6,13776,4362.1551,0.0217,0.0299,0.138,0.1125,0.4187,0.142,0.2959,0.2687,0.999,0.0263,0.9069,0.0336,2788.91,2258.27,37.17,17.08,0.2,0.201,https://www.youtube.com/watch?v=4FyOgc0_41U
2022400459,90JJietxPXE,side-court-led-logo,39.0,196,14.0715,0.3179,0.2822,0.5099,0.2239,0.9308,0.1306,0.5675,0.3574,0.9884,0.0759,0.8841,0.0505,452.7,167.06,22.69,16.81,1.605,1.0,https://www.youtube.com/watch?v=90JJietxPXE
2022400459,90JJietxPXE,side-court-logo,83.8,436,9.2529,0.094,0.0749,0.2226,0.0504,0.9604,0.0775,0.4353,0.3393,1.0,0.0004,0.8213,0.0712,834.5,226.16,28.38,15.73,0.296,0.1,https://www.youtube.com/watch?v=90JJietxPXE
2022400459,90JJietxPXE,mid-court-logo,18.4,92,2.2819,0.1098,0.0828,0.321,0.1084,0.8289,0.1205,0.4446,0.3047,0.9566,0.1677,0.7568,0.0869,467.87,199.42,28.26,15.15,0.731,0.465,https://www.youtube.com/watch?v=90JJietxPXE
2022400459,90JJietxPXE,basket-logo,119.4,1649,11.0972,0.0298,0.0411,0.1009,0.1072,0.5948,0.1063,0.3965,0.2844,0.9682,0.1461,0.8671,0.0617,674.1,373.33,30.49,14.58,0.154,0.056,https://www.youtube.com/watch?v=90JJietxPXE
2022400459,90JJietxPXE,back-court-logo,23.0,115,3.9906,0.1536,0.1129,0.3337,0.0661,0.9384,0.0352,0.4652,0.314,1.0,0.0,0.7165,0.061,777.0,205.55,26.55,14.15,0.795,0.292,https://www.youtube.com/watch?v=90JJietxPXE
22401013,4EWI_ZcuJAY,mid-court-logo,440.2,2461,1797.2482,0.1897,0.1773,0.5215,0.1743,0.8802,0.1202,0.3827,0.3216,0.9975,0.043,0.8722,0.0529,1403.27,481.36,31.65,16.02,1.616,0.785,https://www.youtube.com/watch?v=4EWI_ZcuJAY
22401013,4EWI_ZcuJAY,side-court-led-logo,458.4,3537,1699.9962,0.1249,0.1275,0.3473,0.1327,0.8052,0.1437,0.4359,0.3257,0.9645,0.1653,0.9046,0.0465,1277.1,750.4,28.98,15.76,1.035,3.475,https://www.youtube.com/watch?v=4EWI_ZcuJAY
22401013,4EWI_ZcuJAY,basket-logo,420.4,10946,1324.4359,0.0314,0.0406,0.1488,0.1092,0.5269,0.1595,0.3401,0.2962,0.9981,0.0374,0.8751,0.0696,1775.77,1053.14,35.34,17.84,0.206,0.15,https://www.youtube.com/watch?v=4EWI_ZcuJAY
22401013,4EWI_ZcuJAY,back-court-logo,0.8,4,7.8916,0.5125,0.3132,0.5377,0.3246,0.9999,0.0002,0.7667,0.319,1.0,0.0,0.675,0.0432,573.33,222.4,13.34,12.64,1.902,1.134,https://www.youtube.com/watch?v=4EWI_ZcuJAY
22401013,4EWI_ZcuJAY,side-court-logo,0.4,2,0.0088,0.0011,0.0011,0.145,0.145,0.6191,0.3809,0.0232,0.0145,0.9477,0.0523,0.6785,0.0764,1140.07,997.13,56.38,5.17,0.337,0.267,https://www.youtube.com/watch?v=4EWI_ZcuJAY
22401021,o_Qxgd68qNs,side-court-logo,536.4,2777,209.2515,0.1363,0.1011,0.3375,0.0484,0.9893,0.0213,0.4297,0.3234,1.0,0.0,0.8889,0.033,3349.68,849.08,29.03,15.73,0.822,0.202,https://www.youtube.com/watch?v=o_Qxgd68qNs
22401021,o_Qxgd68qNs,side-court-led-logo,260.0,1300,106.9159,0.1488,0.1589,0.3444,0.1742,0.9534,0.0557,0.3983,0.3082,0.9939,0.0544,0.8888,0.0619,679.91,290.41,31.64,17.07,0.86,0.707,https://www.youtube.com/watch?v=o_Qxgd68qNs
22401021,o_Qxgd68qNs,back-court-logo,506.6,2533,455.1952,0.3251,0.2503,0.6288,0.1002,0.9358,0.0172,0.5175,0.3642,1.0,0.0,0.8974,0.0159,999.85,193.32,25.63,17.74,2.056,0.454,https://www.youtube.com/watch?v=o_Qxgd68qNs
22401021,o_Qxgd68qNs,basket-logo,501.0,11814,172.7056,0.0264,0.0297,0.1765,0.0916,0.4262,0.123,0.3155,0.2924,0.9973,0.0435,0.9128,0.0342,2050.96,1287.85,37.08,18.53,0.222,0.099,https://www.youtube.com/watch?v=o_Qxgd68qNs
22401021,o_Qxgd68qNs,mid-court-logo,0.6,3,0.0214,0.0129,0.016,0.2366,0.0035,0.5695,0.0289,0.3861,0.3762,0.6756,0.4588,0.694,0.0602,395.59,312.68,37.65,25.31,0.329,0.019,https://www.youtube.com/watch?v=o_Qxgd68qNs
22401021,B3iyJe_z99g,side-court-led-logo,263.4,1325,111.3001,0.1411,0.1585,0.3578,0.1819,0.8784,0.1441,0.3871,0.3073,0.9896,0.0778,0.8723,0.0714,1019.61,1150.68,31.92,16.64,0.923,0.751,https://www.youtube.com/watch?v=B3iyJe_z99g
22401021,B3iyJe_z99g,side-court-logo,570.6,2914,227.4272,0.1311,0.0941,0.3314,0.0496,0.9497,0.0887,0.4379,0.3151,1.0,0.0,0.8767,0.0454,3955.71,1266.17,28.31,15.0,0.797,0.199,https://www.youtube.com/watch?v=B3iyJe_z99g
22401021,B3iyJe_z99g,mid-court-logo,123.4,620,50.4299,0.1366,0.1199,0.38,0.0955,0.7812,0.1049,0.4492,0.3339,0.9997,0.0077,0.8113,0.0746,1341.89,635.02,27.88,15.78,0.993,0.413,https://www.youtube.com/watch?v=B3iyJe_z99g
22401021,B3iyJe_z99g,back-court-logo,552.6,2763,556.1105,0.3381,0.2461,0.6383,0.099,0.9386,0.0188,0.5369,0.3561,1.0,0.0,0.8901,0.0284,1294.19,592.51,24.54,17.04,2.118,0.978,https://www.youtube.com/watch?v=B3iyJe_z99g
22401021,B3iyJe_z99g,basket-logo,550.6,12650,198.6057,0.0264,0.0295,0.1744,0.0935,0.4243,0.1319,0.3201,0.2849,0.9964,0.0547,0.9006,0.0555,2530.6,2224.22,36.39,17.95,0.222,0.103,https://www.youtube.com/watch?v=B3iyJe_z99g
22401016,fbqSnKpfwmU,side-court-led-logo,328.6,1644,71.7407,0.1693,0.2162,0.4201,0.2382,0.8012,0.1828,0.3599,0.3111,0.9689,0.1377,0.8964,0.0536,456.14,249.36,33.66,17.24,1.645,5.316,https://www.youtube.com/watch?v=fbqSnKpfwmU
22401016,fbqSnKpfwmU,mid-court-logo,449.4,2362,105.4756,0.1732,0.1736,0.5896,0.2027,0.8892,0.1059,0.3338,0.3233,0.9987,0.0301,0.8907,0.0595,1048.35,461.14,35.11,17.52,1.986,1.018,https://www.youtube.com/watch?v=fbqSnKpfwmU
22401016,fbqSnKpfwmU,side-court-logo,500.2,2620,97.9036,0.145,0.1053,0.3901,0.0572,0.9038,0.0848,0.4233,0.3125,0.9993,0.0237,0.9036,0.0202,1947.53,442.27,28.45,14.07,1.056,0.445,https://www.youtube.com/watch?v=fbqSnKpfwmU
22401016,fbqSnKpfwmU,back-court-logo,457.4,2287,186.9874,0.3172,0.222,0.6128,0.0842,0.9245,0.0256,0.5404,0.3579,0.9999,0.0063,0.8963,0.0225,1401.02,282.9,24.6,17.6,1.987,0.755,https://www.youtube.com/watch?v=fbqSnKpfwmU
22401016,fbqSnKpfwmU,basket-logo,443.2,13504,90.7007,0.0261,0.0317,0.1538,0.1102,0.3645,0.1424,0.3621,0.2913,0.9991,0.021,0.9097,0.0388,1718.83,983.74,33.81,17.45,0.217,0.141,https://www.youtube.com/watch?v=fbqSnKpfwmU
22401016,6JRywuHVdlQ,mid-court-logo,440.4,2290,1566.9585,0.1757,0.1772,0.5876,0.2056,0.888,0.107,0.3438,0.3332,0.9999,0.0015,0.8933,0.0566,962.83,429.48,34.72,17.87,1.985,1.041,https://www.youtube.com/watch?v=6JRywuHVdlQ
22401016,6JRywuHVdlQ,side-court-led-logo,312.8,1564,896.3437,0.1472,0.1827,0.3959,0.2123,0.7925,0.1822,0.3507,0.3008,0.962,0.1481,0.9011,0.0474,415.28,228.01,33.98,16.79,1.13,1.083,https://www.youtube.com/watch?v=6JRywuHVdlQ
22401016,6JRywuHVdlQ,side-court-logo,488.2,2501,1473.6338,0.1513,0.1059,0.3953,0.0541,0.9085,0.0711,0.4389,0.3137,1.0,0.0,0.906,0.0161,1777.31,375.97,27.74,13.97,1.074,0.211,https://www.youtube.com/watch?v=6JRywuHVdlQ
22401016,6JRywuHVdlQ,back-court-logo,459.4,2297,2798.8214,0.3129,0.225,0.6093,0.087,0.9246,0.026,0.5337,0.3633,1.0,0.0,0.8963,0.0224,1276.07,254.1,24.99,17.92,1.959,0.38,https://www.youtube.com/watch?v=6JRywuHVdlQ
22401016,6JRywuHVdlQ,basket-logo,443.4,13475,1363.9317,0.026,0.0316,0.1545,0.1101,0.3649,0.1423,0.3601,0.2921,0.9984,0.0314,0.9095,0.038,1590.53,905.5,34.05,17.63,0.217,0.145,https://www.youtube.com/watch?v=6JRywuHVdlQ
22401015,t8Tb8Guxc_g,mid-court-logo,448.2,2410,2049.4039,0.2132,0.2268,0.6835,0.2148,0.9177,0.0925,0.313,0.3106,0.9997,0.0123,0.8847,0.0351,1752.91,609.87,35.88,16.59,2.614,1.442,https://www.youtube.com/watch?v=t8Tb8Guxc_g
22401015,t8Tb8Guxc_g,side-court-led-logo,292.8,1464,655.706,0.1123,0.1507,0.3572,0.1999,0.6983,0.1999,0.3363,0.3012,0.9652,0.1607,0.8892,0.0464,1394.15,967.18,34.65,16.73,1.144,4.423,https://www.youtube.com/watch?v=t8Tb8Guxc_g
22401015,t8Tb8Guxc_g,side-court-logo,487.0,2504,1289.5058,0.1291,0.0925,0.3636,0.0499,0.8897,0.0765,0.4133,0.2971,0.9996,0.0196,0.8985,0.0202,3020.62,698.37,28.74,13.22,0.947,0.588,https://www.youtube.com/watch?v=t8Tb8Guxc_g
22401015,t8Tb8Guxc_g,back-court-logo,456.2,2281,2086.3196,0.2293,0.153,0.4222,0.0706,0.8888,0.0363,0.591,0.3542,1.0,0.0,0.8786,0.0177,2269.09,534.82,22.32,17.43,1.185,0.338,https://www.youtube.com/watch?v=t8Tb8Guxc_g
22401015,t8Tb8Guxc_g,basket-logo,449.6,14672,1388.1093,0.0237,0.0336,0.1155,0.1139,0.3895,0.134,0.4012,0.3036,0.9982,0.0349,0.9102,0.0334,2887.74,2146.72,32.05,17.87,0.181,0.26,https://www.youtube.com/watch?v=t8Tb8Guxc_g
22401015,tHeK7CxcEcs,basket-logo,401.6,13003,45.4885,0.0181,0.0321,0.1176,0.1155,0.3912,0.1365,0.2967,0.2771,0.9978,0.0387,0.9094,0.0337,2022.1,1360.89,37.48,17.65,0.182,0.163,https://www.youtube.com/watch?v=tHeK7CxcEcs
22401015,tHeK7CxcEcs,back-court-logo,395.8,1980,72.4498,0.1891,0.1371,0.4191,0.0678,0.8845,0.0337,0.4994,0.3352,0.9981,0.0387,0.8796,0.016,1572.3,334.03,26.44,16.67,1.171,0.276,https://www.youtube.com/watch?v=tHeK7CxcEcs
22401015,tHeK7CxcEcs,mid-court-logo,387.4,2034,98.8812,0.2512,0.2343,0.7491,0.1927,0.9378,0.0797,0.3547,0.3166,0.9975,0.0444,0.8903,0.0262,1222.01,316.32,33.24,16.42,2.941,1.245,https://www.youtube.com/watch?v=tHeK7CxcEcs
22401015,tHeK7CxcEcs,side-court-led-logo,273.2,1366,29.2555,0.1107,0.1443,0.3195,0.1606,0.7203,0.1931,0.366,0.3193,0.977,0.134,0.8892,0.0557,1262.1,707.51,33.32,17.49,0.779,0.691,https://www.youtube.com/watch?v=tHeK7CxcEcs
22401015,tHeK7CxcEcs,side-court-logo,408.6,2079,64.942,0.1614,0.0931,0.3667,0.0419,0.8949,0.0694,0.5014,0.2868,0.9992,0.0272,0.8973,0.0226,1938.06,388.08,24.7,12.21,0.951,0.176,https://www.youtube.com/watch?v=tHeK7CxcEcs
22401020,26uCtAxczRY,back-court-logo,469.2,2346,2866.3527,0.2076,0.1324,0.3765,0.0424,0.9084,0.0282,0.5918,0.3521,1.0,0.0005,0.9006,0.0173,1085.39,214.37,21.75,16.35,0.993,0.171,https://www.youtube.com/watch?v=26uCtAxczRY
22401020,26uCtAxczRY,basket-logo,461.2,10881,1794.0651,0.028,0.0329,0.1488,0.1061,0.4561,0.0738,0.3587,0.2893,0.9965,0.0486,0.8862,0.0366,1296.52,831.89,33.9,17.1,0.198,0.181,https://www.youtube.com/watch?v=26uCtAxczRY
22401020,26uCtAxczRY,mid-court-logo,441.4,2389,2713.5827,0.193,0.1926,0.5845,0.205,0.8972,0.1204,0.3491,0.3012,0.9591,0.1555,0.8818,0.0523,346.35,194.51,33.02,15.29,1.956,1.038,https://www.youtube.com/watch?v=26uCtAxczRY
22401020,26uCtAxczRY,side-court-led-logo,289.2,1447,1056.6482,0.1241,0.1446,0.3276,0.1782,0.7482,0.1991,0.3881,0.2978,0.9806,0.1196,0.9006,0.0566,738.5,470.45,31.15,15.32,1.037,3.759,https://www.youtube.com/watch?v=26uCtAxczRY
22401020,26uCtAxczRY,side-court-logo,490.8,2520,1661.5291,0.1121,0.074,0.3045,0.0359,0.8533,0.1078,0.4533,0.304,0.9996,0.0196,0.9051,0.017,1595.82,369.12,27.08,13.53,0.674,0.159,https://www.youtube.com/watch?v=26uCtAxczRY
22401020,pSqlVICJTwY,back-court-logo,399.2,2002,279.2419,0.2015,0.1332,0.3772,0.0444,0.9067,0.0301,0.5743,0.3505,0.9992,0.0204,0.8997,0.0201,1084.96,241.17,22.38,16.15,0.995,0.186,https://www.youtube.com/watch?v=pSqlVICJTwY
22401020,pSqlVICJTwY,basket-logo,393.0,9237,175.7887,0.0275,0.0333,0.1499,0.1045,0.456,0.0762,0.3423,0.2834,0.9957,0.0544,0.8834,0.0405,1244.47,863.22,34.66,16.92,0.198,0.134,https://www.youtube.com/watch?v=pSqlVICJTwY
22401020,pSqlVICJTwY,mid-court-logo,376.4,2079,276.434,0.1921,0.1915,0.5838,0.2037,0.8976,0.1141,0.3646,0.3085,0.9239,0.1926,0.8795,0.0515,311.23,231.46,32.35,15.5,1.955,1.054,https://www.youtube.com/watch?v=pSqlVICJTwY
22401020,pSqlVICJTwY,side-court-led-logo,257.8,1289,109.4808,0.1227,0.14,0.3267,0.1704,0.7507,0.1982,0.3923,0.2901,0.974,0.1398,0.8991,0.0538,739.65,500.73,30.71,14.64,0.812,0.673,https://www.youtube.com/watch?v=pSqlVICJTwY
22401020,pSqlVICJTwY,side-court-logo,421.6,2195,173.3021,0.1141,0.0744,0.3042,0.0363,0.8437,0.1124,0.4649,0.3043,1.0,0.0002,0.9028,0.0231,1820.24,548.34,26.5,13.29,0.671,0.154,https://www.youtube.com/watch?v=pSqlVICJTwY
22400998,t70f9v9XHU4,back-court-logo,527.0,2635,138.4774,0.2823,0.1657,0.4844,0.0826,0.9102,0.0298,0.6297,0.3315,1.0,0.0,0.8824,0.0176,1281.38,293.41,20.11,15.43,1.44,0.346,https://www.youtube.com/watch?v=t70f9v9XHU4
22400998,t70f9v9XHU4,basket-logo,516.8,15812,81.0728,0.0275,0.0338,0.139,0.1107,0.3961,0.1335,0.427,0.2995,0.9995,0.0144,0.9113,0.0361,2301.84,1354.45,30.0,16.44,0.197,0.123,https://www.youtube.com/watch?v=t70f9v9XHU4
22400998,t70f9v9XHU4,mid-court-logo,415.4,2229,88.0677,0.2122,0.2105,0.6066,0.2463,0.9379,0.088,0.3303,0.2903,0.9996,0.0068,0.8831,0.0532,986.84,453.0,33.85,15.08,2.179,1.387,https://www.youtube.com/watch?v=t70f9v9XHU4
22400998,t70f9v9XHU4,side-court-led-logo,548.2,3531,96.102,0.1462,0.1116,0.3567,0.1171,0.9165,0.13,0.4447,0.2781,0.9789,0.1366,0.9191,0.0363,1273.5,665.89,27.28,12.47,0.923,0.656,https://www.youtube.com/watch?v=t70f9v9XHU4
22400998,t70f9v9XHU4,side-court-logo,1.4,7,0.0796,0.0611,0.0302,0.237,0.0081,0.7076,0.0396,0.3511,0.1706,1.0,0.0,0.6427,0.0247,639.16,79.73,32.89,14.93,0.33,0.045,https://www.youtube.com/watch?v=t70f9v9XHU4
22401047,GB5XJCOsTgo,back-court-logo,438.0,2190,9781.3748,0.3007,0.2179,0.5357,0.1214,0.934,0.0326,0.5571,0.3492,0.9999,0.0032,0.8983,0.0223,1323.42,386.55,23.99,17.55,1.657,0.532,https://www.youtube.com/watch?v=GB5XJCOsTgo
22401047,GB5XJCOsTgo,basket-logo,429.0,11757,4620.6154,0.0265,0.036,0.1307,0.114,0.4341,0.1468,0.35,0.2886,0.9957,0.0516,0.9073,0.0354,1933.14,1285.07,34.48,17.74,0.2,0.122,https://www.youtube.com/watch?v=GB5XJCOsTgo
22401047,GB5XJCOsTgo,mid-court-logo,292.4,1560,6303.3814,0.272,0.2352,0.6836,0.2601,0.9642,0.0752,0.3875,0.307,0.9999,0.0033,0.8671,0.0565,1479.31,615.21,31.66,16.51,2.796,1.75,https://www.youtube.com/watch?v=GB5XJCOsTgo
22401047,GB5XJCOsTgo,side-court-led-logo,174.0,870,2209.1158,0.1709,0.1725,0.4041,0.2264,0.7973,0.1953,0.4898,0.3197,0.98,0.1264,0.8891,0.0556,1875.87,1440.39,26.13,15.67,1.865,7.47,https://www.youtube.com/watch?v=GB5XJCOsTgo
22401047,GB5XJCOsTgo,side-court-logo,0.4,2,0.3707,0.0125,0.0125,0.118,0.118,0.6339,0.3661,0.0898,0.016,1.0,0.0,0.7134,0.0654,864.2,331.55,44.02,1.63,0.216,0.109,https://www.youtube.com/watch?v=GB5XJCOsTgo
22401047,ogi5RwYpXzo,back-court-logo,461.66,2310,12851.6706,0.2356,0.1619,0.4727,0.0593,0.9229,0.0226,0.5379,0.3576,1.0,0.0,0.8976,0.0181,1799.68,455.63,25.11,18.38,1.39,0.244,https://www.youtube.com/watch?v=ogi5RwYpXzo
22401047,ogi5RwYpXzo,basket-logo,453.85,12329,6115.2075,0.021,0.0321,0.1151,0.1105,0.4074,0.127,0.3494,0.3059,0.9986,0.0276,0.9067,0.0314,2511.13,2178.1,35.71,19.44,0.167,0.088,https://www.youtube.com/watch?v=ogi5RwYpXzo
22401047,ogi5RwYpXzo,mid-court-logo,474.07,2463,12207.7609,0.2099,0.2262,0.7546,0.2026,0.9656,0.0581,0.2827,0.2956,1.0,0.0,0.8715,0.0363,1916.45,542.58,37.91,16.92,3.171,1.598,https://www.youtube.com/watch?v=ogi5RwYpXzo
22401047,ogi5RwYpXzo,side-court-led-logo,304.3,1522,3493.3896,0.0972,0.1461,0.3328,0.1804,0.7215,0.2103,0.2943,0.3194,0.9883,0.1026,0.8893,0.0566,1762.3,1022.62,39.17,19.54,0.839,0.817,https://www.youtube.com/watch?v=ogi5RwYpXzo
22401047,ogi5RwYpXzo,side-court-logo,0.6,3,0.0,0.0,0.0,0.0,0.0,0.2827,0.0266,0.3706,0.1831,1.0,0.0,0.7056,0.0416,1953.43,612.49,28.9,6.83,0.11,0.016,https://www.youtube.com/watch?v=ogi5RwYpXzo
22401047,AvAjA28mq0M,mid-court-logo,318.8,1745,193.9677,0.275,0.2333,0.6764,0.2628,0.9612,0.0766,0.4059,0.3141,0.9998,0.0066,0.8683,0.0532,1573.9,622.02,30.8,16.66,2.769,1.775,https://www.youtube.com/watch?v=AvAjA28mq0M
22401047,AvAjA28mq0M,side-court-led-logo,194.0,971,74.4757,0.1897,0.1946,0.4136,0.2307,0.7922,0.1987,0.5062,0.3214,0.9813,0.1234,0.8891,0.0545,1879.9,1367.86,25.62,15.98,1.703,6.615,https://www.youtube.com/watch?v=AvAjA28mq0M
22401047,AvAjA28mq0M,back-court-logo,453.2,2266,270.237,0.295,0.2165,0.5297,0.123,0.9353,0.0322,0.5517,0.3494,1.0,0.0013,0.8982,0.0216,1398.97,402.83,24.24,17.59,1.631,0.535,https://www.youtube.com/watch?v=AvAjA28mq0M
22401047,AvAjA28mq0M,basket-logo,441.6,11905,128.3137,0.0267,0.0364,0.1306,0.114,0.4346,0.1468,0.353,0.291,0.9962,0.0477,0.9075,0.035,2082.89,1366.21,34.38,17.82,0.2,0.122,https://www.youtube.com/watch?v=AvAjA28mq0M
22401047,AvAjA28mq0M,side-court-logo,0.2,1,0.0183,0.0454,0.0,0.2468,0.0,0.6989,0.0,0.263,0.0,1.0,0.0,0.8208,0.0,455.62,0.0,32.69,0.0,0.384,0.0,https://www.youtube.com/watch?v=AvAjA28mq0M
22401047,rtBZxTL2xHw,back-court-logo,409.6,2054,677.7003,0.2761,0.2118,0.5312,0.116,0.9315,0.03,0.5192,0.3435,1.0,0.0007,0.8963,0.0212,1245.26,335.62,25.57,17.28,1.643,0.515,https://www.youtube.com/watch?v=rtBZxTL2xHw
22401047,rtBZxTL2xHw,basket-logo,406.4,11099,321.1971,0.0242,0.0345,0.1341,0.1143,0.4346,0.1446,0.3111,0.2766,0.9951,0.0523,0.9065,0.0359,1622.76,989.15,36.46,17.5,0.203,0.141,https://www.youtube.com/watch?v=rtBZxTL2xHw
22401047,rtBZxTL2xHw,mid-court-logo,283.8,1504,501.6585,0.2791,0.2311,0.6558,0.2547,0.9645,0.0702,0.4152,0.3086,1.0,0.0,0.872,0.0507,1484.34,538.45,29.89,15.72,2.594,1.679,https://www.youtube.com/watch?v=rtBZxTL2xHw
22401047,rtBZxTL2xHw,side-court-led-logo,156.2,781,154.7623,0.1658,0.1705,0.3743,0.2137,0.7572,0.212,0.4958,0.2943,0.9901,0.0886,0.8831,0.0562,1660.72,1118.39,25.89,14.47,1.041,0.979,https://www.youtube.com/watch?v=rtBZxTL2xHw
22401005,ZaeUW1drQfg,mid-court-logo,364.4,2135,9448.3413,0.2275,0.2084,0.5995,0.2364,0.8643,0.167,0.3826,0.2983,0.9998,0.0025,0.8491,0.0594,839.48,338.41,31.5,15.62,2.042,1.148,https://www.youtube.com/watch?v=ZaeUW1drQfg
22401005,ZaeUW1drQfg,side-court-led-logo,202.6,1013,4462.6038,0.2264,0.2401,0.5513,0.273,0.8232,0.1554,0.4205,0.3079,0.95,0.19,0.8722,0.0525,685.0,487.69,29.42,15.02,2.125,3.38,https://www.youtube.com/watch?v=ZaeUW1drQfg
22401005,ZaeUW1drQfg,side-court-logo,517.4,6063,12926.0828,0.1096,0.0885,0.3083,0.0787,0.79,0.1757,0.4449,0.3064,0.9999,0.0047,0.8682,0.0547,1288.88,469.85,28.07,14.78,0.687,0.328,https://www.youtube.com/watch?v=ZaeUW1drQfg
22401005,ZaeUW1drQfg,back-court-logo,460.4,2302,11936.7685,0.2665,0.209,0.5218,0.1195,0.9371,0.0369,0.5103,0.35,0.9991,0.0225,0.8918,0.0283,1002.93,336.91,25.73,17.11,1.604,0.545,https://www.youtube.com/watch?v=ZaeUW1drQfg
22401005,ZaeUW1drQfg,basket-logo,445.4,11779,6304.016,0.0275,0.0348,0.1519,0.1136,0.4418,0.1598,0.3313,0.2635,0.9978,0.0366,0.8786,0.0737,1658.53,1269.56,34.58,16.16,0.23,0.156,https://www.youtube.com/watch?v=ZaeUW1drQfg
22401007,HrdP7PwuFHU,side-court-led-logo,209.6,1048,28.2353,0.143,0.1508,0.371,0.1801,0.9613,0.0489,0.3484,0.2742,0.9977,0.0392,0.8912,0.0547,724.23,315.59,33.19,15.3,1.354,5.672,https://www.youtube.com/watch?v=HrdP7PwuFHU
22401007,HrdP7PwuFHU,side-court-logo,373.2,1950,49.6887,0.1353,0.0981,0.3252,0.0456,0.9869,0.0188,0.4422,0.3269,1.0,0.0,0.8927,0.0293,3486.3,858.34,28.36,15.55,0.767,0.194,https://www.youtube.com/watch?v=HrdP7PwuFHU
22401007,HrdP7PwuFHU,back-court-logo,349.0,1745,106.4609,0.3239,0.2406,0.6093,0.1029,0.9369,0.0185,0.5335,0.3588,1.0,0.0,0.8973,0.0207,981.99,186.83,24.69,17.54,1.97,0.46,https://www.youtube.com/watch?v=HrdP7PwuFHU
22401007,HrdP7PwuFHU,basket-logo,342.0,7818,39.3531,0.0267,0.0296,0.1687,0.0957,0.4215,0.1205,0.3295,0.2938,0.9995,0.0146,0.9137,0.0299,2127.47,1288.23,35.51,17.46,0.214,0.096,https://www.youtube.com/watch?v=HrdP7PwuFHU
22401007,HrdP7PwuFHU,mid-court-logo,0.2,1,0.0001,0.0004,0.0,0.2578,0.0,0.6311,0.0,0.0148,0.0,0.1621,0.0,0.6851,0.0,67.14,0.0,58.06,0.0,0.443,0.0,https://www.youtube.com/watch?v=HrdP7PwuFHU
22401005,ityNGxa0sZk,basket-logo,519.72,13133,17587.7482,0.0265,0.0343,0.1558,0.112,0.4504,0.1575,0.3092,0.2615,0.9977,0.0364,0.877,0.0764,1564.85,1168.3,35.82,16.27,0.232,0.158,https://www.youtube.com/watch?v=ityNGxa0sZk
22401005,ityNGxa0sZk,back-court-logo,525.73,2632,32998.7494,0.248,0.1982,0.515,0.1252,0.9337,0.0397,0.4853,0.3378,0.9973,0.0422,0.8914,0.0288,928.02,338.37,26.91,16.84,1.604,0.732,https://www.youtube.com/watch?v=ityNGxa0sZk
22401005,ityNGxa0sZk,side-court-logo,580.18,6647,38094.8287,0.1134,0.0924,0.3091,0.0827,0.7867,0.177,0.4561,0.3093,0.9988,0.0227,0.8661,0.0559,1062.02,506.59,27.68,15.01,0.692,0.347,https://www.youtube.com/watch?v=ityNGxa0sZk
22401005,ityNGxa0sZk,mid-court-logo,416.22,2352,25326.8303,0.213,0.1949,0.5883,0.2271,0.8643,0.1566,0.3745,0.2942,0.996,0.0514,0.8519,0.0588,760.92,353.93,31.94,15.73,1.979,1.101,https://www.youtube.com/watch?v=ityNGxa0sZk
22401005,ityNGxa0sZk,side-court-led-logo,225.43,1126,11301.3548,0.1986,0.218,0.5271,0.2676,0.8037,0.1586,0.4061,0.3058,0.898,0.263,0.8734,0.0543,566.07,480.17,30.3,15.49,1.901,1.654,https://www.youtube.com/watch?v=ityNGxa0sZk
22401010,Jz9rPLh12A4,mid-court-logo,438.41,2385,85.1963,0.1869,0.1854,0.5276,0.2059,0.8736,0.1413,0.3581,0.3133,1.0,0.0,0.8834,0.0475,997.44,273.33,32.9,16.04,1.667,0.917,https://www.youtube.com/watch?v=Jz9rPLh12A4
22401010,Jz9rPLh12A4,side-court-led-logo,479.05,3388,76.7594,0.1185,0.1223,0.3327,0.1317,0.7199,0.1217,0.4659,0.3086,0.9495,0.2003,0.9018,0.0458,1172.54,798.19,26.89,14.28,0.853,1.887,https://www.youtube.com/watch?v=Jz9rPLh12A4
22401010,Jz9rPLh12A4,side-court-logo,480.66,2467,42.8044,0.0908,0.0626,0.301,0.0357,0.6521,0.0441,0.47,0.3233,0.9996,0.0185,0.8889,0.0295,2065.98,525.13,26.52,14.38,0.658,0.144,https://www.youtube.com/watch?v=Jz9rPLh12A4
22401010,Jz9rPLh12A4,back-court-logo,435.59,2165,70.7531,0.171,0.1193,0.3474,0.0436,0.8894,0.0395,0.5448,0.3546,1.0,0.0002,0.8791,0.0264,1272.69,250.33,24.13,17.02,0.865,0.188,https://www.youtube.com/watch?v=Jz9rPLh12A4
22401010,Jz9rPLh12A4,basket-logo,428.75,10392,56.1989,0.0283,0.0353,0.1539,0.1069,0.4724,0.1414,0.3702,0.3006,0.9985,0.0329,0.9021,0.0543,1625.42,1211.88,33.09,16.98,0.209,0.139,https://www.youtube.com/watch?v=Jz9rPLh12A4
22401010,KPUCfOnL7bE,back-court-logo,405.6,2032,108.9012,0.1674,0.1205,0.3499,0.0493,0.8894,0.0397,0.5285,0.3545,0.9994,0.0158,0.8787,0.0285,1374.5,318.52,24.85,17.13,0.879,0.244,https://www.youtube.com/watch?v=KPUCfOnL7bE
22401010,KPUCfOnL7bE,basket-logo,402.8,9672,86.7862,0.028,0.0351,0.1543,0.1067,0.4744,0.1397,0.3609,0.3041,0.9984,0.0308,0.902,0.0549,1762.19,1299.78,33.85,17.48,0.21,0.159,https://www.youtube.com/watch?v=KPUCfOnL7bE
22401010,KPUCfOnL7bE,mid-court-logo,401.0,2143,128.6063,0.1874,0.1836,0.5361,0.2064,0.8779,0.1358,0.3616,0.3223,0.9988,0.0289,0.8854,0.0503,970.01,251.9,33.01,16.67,1.712,0.94,https://www.youtube.com/watch?v=KPUCfOnL7bE
22401010,KPUCfOnL7bE,side-court-led-logo,442.4,3176,114.6124,0.1127,0.1143,0.3251,0.1271,0.7133,0.1241,0.4598,0.3103,0.9436,0.2138,0.9012,0.0487,1224.86,830.17,27.21,14.35,0.777,0.527,https://www.youtube.com/watch?v=KPUCfOnL7bE
22401010,KPUCfOnL7bE,side-court-logo,437.0,2227,66.3753,0.0931,0.0641,0.3038,0.0322,0.6553,0.0406,0.4781,0.3306,1.0,0.0003,0.8903,0.0283,2120.49,535.9,26.23,14.63,0.67,0.136,https://www.youtube.com/watch?v=KPUCfOnL7bE
22400999,PIgMxKh_WtE,back-court-logo,447.4,2237,2448.7847,0.2794,0.2008,0.5283,0.0708,0.9399,0.0212,0.5435,0.3686,0.9996,0.0145,0.8812,0.0238,1577.98,287.18,25.53,19.81,1.628,0.568,https://www.youtube.com/watch?v=PIgMxKh_WtE
22400999,PIgMxKh_WtE,basket-logo,430.8,11628,1497.6263,0.0329,0.0296,0.2139,0.0538,0.4566,0.1182,0.3317,0.275,0.9973,0.0353,0.8971,0.0449,2924.24,2246.28,35.87,18.31,0.246,0.146,https://www.youtube.com/watch?v=PIgMxKh_WtE
22400999,PIgMxKh_WtE,mid-court-logo,305.4,1618,1451.0165,0.2289,0.2036,0.5985,0.2503,0.8803,0.1173,0.3985,0.3085,1.0,0.0003,0.8718,0.0695,1174.59,295.58,30.53,15.43,2.119,1.336,https://www.youtube.com/watch?v=PIgMxKh_WtE
22400999,PIgMxKh_WtE,side-court-led-logo,214.0,1070,803.1791,0.1916,0.2041,0.4157,0.2534,0.787,0.1855,0.4779,0.3128,0.9841,0.097,0.8792,0.0611,819.93,533.6,26.89,15.13,2.062,7.807,https://www.youtube.com/watch?v=PIgMxKh_WtE
22400999,PIgMxKh_WtE,side-court-logo,474.2,2418,1182.0829,0.1248,0.0941,0.3468,0.0392,0.9208,0.0845,0.3975,0.2998,1.0,0.0,0.8893,0.0209,2549.81,515.82,29.51,13.51,0.867,0.15,https://www.youtube.com/watch?v=PIgMxKh_WtE
22400996,p2JNnmnO_v0,mid-court-logo,512.0,2880,23546.5191,0.1545,0.1598,0.5195,0.1105,0.8771,0.1201,0.3307,0.3198,0.9997,0.0095,0.8791,0.0306,784.99,284.13,34.94,16.86,1.594,0.627,https://www.youtube.com/watch?v=p2JNnmnO_v0
22400996,p2JNnmnO_v0,side-court-led-logo,495.4,2477,16516.5723,0.126,0.1673,0.4319,0.1699,0.8355,0.1138,0.2864,0.3023,0.9993,0.018,0.8993,0.0376,712.07,218.78,38.25,17.58,1.241,0.796,https://www.youtube.com/watch?v=p2JNnmnO_v0
22400996,p2JNnmnO_v0,side-court-logo,510.0,2597,23559.1823,0.1714,0.0737,0.3109,0.0376,0.9583,0.0222,0.5777,0.2425,0.9986,0.035,0.8755,0.0347,969.4,264.35,21.63,10.86,0.726,0.771,https://www.youtube.com/watch?v=p2JNnmnO_v0
22400996,p2JNnmnO_v0,back-court-logo,463.8,2319,28862.9239,0.2352,0.1679,0.5166,0.0444,0.9063,0.0213,0.5044,0.3549,0.9997,0.0144,0.8974,0.0172,827.98,145.83,26.01,17.39,1.566,0.181,https://www.youtube.com/watch?v=p2JNnmnO_v0
22400996,p2JNnmnO_v0,basket-logo,457.2,12613,10069.8527,0.0151,0.0244,0.1017,0.1071,0.362,0.0812,0.355,0.3067,0.9978,0.0394,0.8824,0.0481,1779.44,1300.04,34.42,17.88,0.158,0.059,https://www.youtube.com/watch?v=p2JNnmnO_v0
22400996,u6-LKL0gWtA,mid-court-logo,430.8,2285,595.8512,0.1538,0.1543,0.5361,0.1021,0.8895,0.1113,0.3212,0.3081,0.9984,0.0315,0.8812,0.0279,680.09,221.42,35.05,16.15,1.653,0.427,https://www.youtube.com/watch?v=u6-LKL0gWtA
22400996,u6-LKL0gWtA,side-court-led-logo,416.2,2081,388.0835,0.11,0.1463,0.3999,0.1413,0.8298,0.1157,0.2841,0.2911,0.9953,0.0537,0.8956,0.036,522.85,172.37,37.9,16.91,1.096,0.665,https://www.youtube.com/watch?v=u6-LKL0gWtA
22400996,u6-LKL0gWtA,side-court-logo,430.6,2164,671.2579,0.183,0.0681,0.3158,0.0329,0.9595,0.0192,0.6079,0.2251,0.9983,0.0259,0.8738,0.0351,825.98,205.7,20.29,9.7,0.725,0.161,https://www.youtube.com/watch?v=u6-LKL0gWtA
22400996,u6-LKL0gWtA,back-court-logo,413.0,2071,787.5914,0.2244,0.1623,0.5244,0.0476,0.9048,0.0204,0.4786,0.345,0.9985,0.0314,0.897,0.0172,715.66,145.15,26.96,16.41,1.605,0.304,https://www.youtube.com/watch?v=u6-LKL0gWtA
22400996,u6-LKL0gWtA,basket-logo,412.8,11521,281.355,0.0144,0.0238,0.1053,0.108,0.3643,0.0842,0.3233,0.2964,0.9958,0.0535,0.8808,0.0505,1565.75,1328.01,35.94,17.51,0.162,0.07,https://www.youtube.com/watch?v=u6-LKL0gWtA
22401026,ImS8uXlaI7Q,back-court-logo,491.6,2458,2360.3944,0.2952,0.2405,0.5803,0.1348,0.9253,0.0341,0.51,0.3636,1.0,0.0,0.8895,0.0229,1596.14,364.76,26.06,17.84,1.87,0.659,https://www.youtube.com/watch?v=ImS8uXlaI7Q
22401026,ImS8uXlaI7Q,basket-logo,479.4,14749,897.1587,0.0187,0.0281,0.1182,0.1116,0.3717,0.1233,0.327,0.2911,0.9994,0.0153,0.8898,0.0581,2263.25,1433.98,36.11,18.04,0.177,0.103,https://www.youtube.com/watch?v=ImS8uXlaI7Q
22401026,ImS8uXlaI7Q,side-court-led-logo,529.0,3820,1425.2446,0.1147,0.1091,0.3318,0.1185,0.7106,0.1214,0.4661,0.2875,0.9919,0.0804,0.9117,0.043,1845.03,919.8,26.72,13.44,0.829,1.595,https://www.youtube.com/watch?v=ImS8uXlaI7Q
22401026,ImS8uXlaI7Q,side-court-logo,531.8,2718,923.5493,0.1044,0.064,0.3265,0.0566,0.7004,0.048,0.4749,0.2944,0.9997,0.0179,0.8826,0.0314,2619.79,575.32,26.13,13.14,0.774,0.229,https://www.youtube.com/watch?v=ImS8uXlaI7Q
22401026,ImS8uXlaI7Q,mid-court-logo,462.2,2561,1868.5243,0.2243,0.2047,0.5758,0.2146,0.9124,0.1136,0.4008,0.3312,0.9323,0.237,0.8578,0.0653,1174.04,935.33,31.35,17.18,1.947,1.104,https://www.youtube.com/watch?v=ImS8uXlaI7Q
22401026,OfqVtSW5ebo,back-court-logo,410.6,2057,197.0439,0.3012,0.2399,0.5756,0.1292,0.925,0.029,0.5236,0.361,1.0,0.0,0.8894,0.0192,1772.02,423.72,25.0,17.15,1.842,0.602,https://www.youtube.com/watch?v=OfqVtSW5ebo
22401026,OfqVtSW5ebo,basket-logo,404.4,12059,75.6797,0.0197,0.0283,0.1192,0.1112,0.3731,0.1201,0.3341,0.2882,0.9989,0.0246,0.888,0.0622,2506.77,1587.59,35.24,17.2,0.178,0.099,https://www.youtube.com/watch?v=OfqVtSW5ebo
22401026,OfqVtSW5ebo,mid-court-logo,383.8,2115,137.4696,0.2044,0.1966,0.5617,0.2089,0.9038,0.1183,0.3793,0.3278,0.929,0.2396,0.8566,0.064,1071.54,781.17,32.54,17.19,1.865,1.063,https://www.youtube.com/watch?v=OfqVtSW5ebo
22401026,OfqVtSW5ebo,side-court-led-logo,433.4,3155,111.0276,0.1107,0.1038,0.3288,0.1091,0.7046,0.1183,0.4536,0.284,0.9969,0.0427,0.9111,0.0431,2002.91,966.97,27.13,13.03,0.788,0.438,https://www.youtube.com/watch?v=OfqVtSW5ebo
22401026,OfqVtSW5ebo,side-court-logo,432.6,2191,74.2508,0.1066,0.0625,0.3285,0.0518,0.7005,0.0311,0.4845,0.2911,0.9996,0.0175,0.8855,0.028,2852.23,649.83,25.51,12.56,0.78,0.219,https://www.youtube.com/watch?v=OfqVtSW5ebo
22401036,CXfXYZGXJpo,basket-logo,514.51,12541,3716.8462,0.0259,0.0309,0.1518,0.1078,0.4474,0.1359,0.3196,0.2579,0.9987,0.0282,0.9059,0.0423,2704.17,2168.82,35.11,16.08,0.212,0.117,https://www.youtube.com/watch?v=CXfXYZGXJpo
22401036,CXfXYZGXJpo,side-court-logo,552.75,3336,4003.1257,0.105,0.0898,0.3002,0.0516,0.8777,0.201,0.404,0.3146,1.0,0.0003,0.886,0.0404,3321.6,999.54,30.22,15.26,0.661,0.185,https://www.youtube.com/watch?v=CXfXYZGXJpo
22401036,CXfXYZGXJpo,back-court-logo,539.34,2709,8046.7065,0.2598,0.2039,0.5251,0.0843,0.9542,0.022,0.4992,0.3636,0.9997,0.0142,0.8938,0.0271,1971.69,437.13,27.33,19.39,1.605,0.355,https://www.youtube.com/watch?v=CXfXYZGXJpo
22401036,CXfXYZGXJpo,mid-court-logo,271.47,1448,4398.3522,0.2657,0.2169,0.635,0.2438,0.9043,0.1046,0.4355,0.3039,0.9993,0.0248,0.8627,0.0594,1076.23,391.73,29.07,16.0,2.3,1.337,https://www.youtube.com/watch?v=CXfXYZGXJpo
22401036,CXfXYZGXJpo,side-court-led-logo,130.33,651,1502.2092,0.2018,0.2051,0.4573,0.2775,0.8209,0.2118,0.4961,0.2734,0.9579,0.1841,0.8716,0.0575,943.49,668.51,25.5,13.32,1.529,1.466,https://www.youtube.com/watch?v=CXfXYZGXJpo
22401026,6tmtToYWfI8,mid-court-logo,479.23,2662,106.787,0.2266,0.2055,0.5836,0.2155,0.914,0.114,0.3989,0.3238,0.9384,0.2202,0.8582,0.064,1224.31,907.83,31.28,16.74,1.982,1.104,https://www.youtube.com/watch?v=6tmtToYWfI8
22401026,6tmtToYWfI8,side-court-led-logo,545.64,3929,79.7905,0.1147,0.111,0.3327,0.1183,0.7106,0.1228,0.4585,0.2899,0.993,0.0683,0.9102,0.0443,1938.05,947.18,27.01,13.43,0.823,1.221,https://www.youtube.com/watch?v=6tmtToYWfI8
22401026,6tmtToYWfI8,side-court-logo,548.67,2795,51.5804,0.1043,0.0655,0.3281,0.0575,0.7023,0.045,0.4696,0.2977,1.0,0.0,0.8821,0.0316,2789.5,645.67,26.36,13.29,0.782,0.226,https://www.youtube.com/watch?v=6tmtToYWfI8
22401026,6tmtToYWfI8,back-court-logo,503.45,2494,131.2518,0.2973,0.2422,0.5881,0.1306,0.9289,0.029,0.5076,0.3644,1.0,0.0,0.8896,0.0253,1679.9,381.59,26.14,17.92,1.905,0.643,https://www.youtube.com/watch?v=6tmtToYWfI8
22401026,6tmtToYWfI8,basket-logo,489.92,14702,50.6421,0.0195,0.0285,0.123,0.1111,0.3743,0.1231,0.3294,0.2932,0.9996,0.0106,0.8887,0.0609,2322.8,1467.04,36.02,18.1,0.18,0.102,https://www.youtube.com/watch?v=6tmtToYWfI8
22401036,0_7rhZXnhGI,back-court-logo,429.83,2151,9950.6469,0.2898,0.2114,0.5496,0.0952,0.9563,0.0209,0.5295,0.3598,1.0,0.0,0.8948,0.028,1371.19,325.06,25.45,18.35,1.713,0.438,https://www.youtube.com/watch?v=0_7rhZXnhGI
22401036,0_7rhZXnhGI,basket-logo,402.4,10196,4987.5417,0.0306,0.0348,0.1572,0.109,0.4543,0.1388,0.3637,0.2702,0.9961,0.0486,0.9059,0.0424,1707.39,1444.91,32.88,16.0,0.231,0.157,https://www.youtube.com/watch?v=0_7rhZXnhGI
22401036,0_7rhZXnhGI,side-court-logo,441.44,2719,4427.3187,0.102,0.0903,0.3056,0.0585,0.8689,0.2152,0.3939,0.3144,1.0,0.0,0.8882,0.0413,2437.08,724.02,31.0,15.86,0.687,0.213,https://www.youtube.com/watch?v=0_7rhZXnhGI
22401036,0_7rhZXnhGI,mid-court-logo,197.0,1105,5114.5493,0.2899,0.2162,0.6661,0.2279,0.8976,0.102,0.4644,0.3024,0.9987,0.0186,0.8637,0.0555,798.43,538.03,27.46,15.2,2.461,1.339,https://www.youtube.com/watch?v=0_7rhZXnhGI
22401036,0_7rhZXnhGI,side-court-led-logo,114.11,571,2436.8441,0.2673,0.2336,0.5935,0.2834,0.8499,0.1804,0.501,0.272,0.9574,0.1667,0.8806,0.0469,688.65,571.2,24.69,11.68,2.663,5.853,https://www.youtube.com/watch?v=0_7rhZXnhGI
22401036,yGlz0LWZvqE,back-court-logo,409.2,2061,718.8762,0.2579,0.2129,0.5442,0.0891,0.9579,0.023,0.4782,0.3691,1.0,0.0016,0.8941,0.0286,1571.74,377.66,28.73,20.21,1.686,0.383,https://www.youtube.com/watch?v=yGlz0LWZvqE
22401036,yGlz0LWZvqE,basket-logo,392.0,8846,329.8605,0.0276,0.0325,0.1564,0.1094,0.4529,0.1364,0.3294,0.2579,0.9974,0.0406,0.9052,0.0435,1951.81,1628.44,34.68,16.22,0.225,0.144,https://www.youtube.com/watch?v=yGlz0LWZvqE
22401036,yGlz0LWZvqE,side-court-logo,440.2,2699,385.4449,0.1056,0.093,0.3064,0.0539,0.8728,0.2059,0.3987,0.3158,1.0,0.0,0.8882,0.0422,2818.64,905.37,30.7,15.88,0.686,0.208,https://www.youtube.com/watch?v=yGlz0LWZvqE
22401036,yGlz0LWZvqE,mid-court-logo,215.8,1187,426.9402,0.266,0.2162,0.6513,0.2469,0.9017,0.107,0.4321,0.3086,0.9984,0.0241,0.8597,0.063,830.51,372.33,29.42,16.37,2.429,1.438,https://www.youtube.com/watch?v=yGlz0LWZvqE
22401036,yGlz0LWZvqE,side-court-led-logo,121.6,608,174.8538,0.2127,0.2065,0.5148,0.2875,0.8527,0.201,0.4821,0.2906,0.9469,0.2073,0.8667,0.0561,743.7,527.88,26.2,13.8,1.928,1.963,https://www.youtube.com/watch?v=yGlz0LWZvqE
22401017,Z1zboUwaAkc,side-court-led-logo,412.0,2062,79.5311,0.1654,0.2138,0.426,0.233,0.7772,0.1573,0.3411,0.3267,0.9954,0.0535,0.8972,0.0537,1375.19,769.32,34.87,17.62,1.405,2.454,https://www.youtube.com/watch?v=Z1zboUwaAkc
22401017,Z1zboUwaAkc,mid-court-logo,458.4,2519,131.0105,0.223,0.2224,0.6976,0.2487,0.8948,0.1148,0.337,0.3108,0.9999,0.0014,0.8838,0.0487,1042.36,339.91,34.18,16.25,2.772,1.618,https://www.youtube.com/watch?v=Z1zboUwaAkc
22401017,Z1zboUwaAkc,side-court-logo,483.2,2472,80.4368,0.1395,0.092,0.3511,0.0514,0.89,0.0626,0.4528,0.2957,0.9993,0.0195,0.8936,0.0236,1760.26,316.03,26.81,12.91,0.91,0.694,https://www.youtube.com/watch?v=Z1zboUwaAkc
22401017,Z1zboUwaAkc,basket-logo,419.6,9567,69.5848,0.0312,0.0435,0.1266,0.1145,0.5828,0.1512,0.3985,0.308,0.9994,0.02,0.9179,0.0287,2729.31,1919.73,32.18,17.95,0.199,0.135,https://www.youtube.com/watch?v=Z1zboUwaAkc
22401017,Z1zboUwaAkc,back-court-logo,0.8,4,0.1192,0.1278,0.0663,0.3037,0.0197,0.8652,0.0056,0.4747,0.218,1.0,0.0,0.6748,0.058,1219.54,314.19,24.67,7.73,0.669,0.094,https://www.youtube.com/watch?v=Z1zboUwaAkc
22401036,gVhzO_HTlm0,mid-court-logo,234.6,1230,128.8197,0.2567,0.2074,0.6714,0.2435,0.9131,0.1011,0.3947,0.2848,0.9994,0.0141,0.8588,0.0646,975.77,429.81,30.74,15.31,2.502,1.365,https://www.youtube.com/watch?v=gVhzO_HTlm0
22401036,gVhzO_HTlm0,side-court-led-logo,131.2,656,52.292,0.1954,0.2173,0.4699,0.3002,0.8557,0.2001,0.469,0.2851,0.9183,0.2465,0.8659,0.0613,803.57,613.23,27.02,14.22,2.065,4.645,https://www.youtube.com/watch?v=gVhzO_HTlm0
22401036,gVhzO_HTlm0,side-court-logo,516.0,3041,134.5805,0.1085,0.0954,0.3044,0.0534,0.8939,0.1926,0.3983,0.3205,0.9999,0.0037,0.8891,0.0374,2569.91,833.98,30.71,15.75,0.679,0.199,https://www.youtube.com/watch?v=gVhzO_HTlm0
22401036,gVhzO_HTlm0,back-court-logo,502.4,2512,277.7338,0.271,0.2091,0.5347,0.0897,0.9569,0.0206,0.5103,0.3677,1.0,0.0,0.8945,0.0288,1510.19,349.64,26.69,19.19,1.647,0.38,https://www.youtube.com/watch?v=gVhzO_HTlm0
22401036,gVhzO_HTlm0,basket-logo,478.0,11153,129.9545,0.0286,0.0325,0.1544,0.1076,0.4513,0.1366,0.3438,0.2603,0.9986,0.0298,0.9066,0.041,1986.77,1621.93,33.74,15.76,0.217,0.121,https://www.youtube.com/watch?v=gVhzO_HTlm0
22401017,12-AlQ9ItkM,side-court-led-logo,418.4,2093,106.314,0.1641,0.2137,0.4197,0.2322,0.774,0.1616,0.3438,0.331,0.9949,0.0572,0.8964,0.054,1506.64,877.4,34.74,17.67,1.402,2.559,https://www.youtube.com/watch?v=12-AlQ9ItkM
22401017,12-AlQ9ItkM,mid-court-logo,464.0,2541,172.1425,0.2189,0.2215,0.696,0.2512,0.896,0.1135,0.3316,0.309,0.9996,0.0138,0.8851,0.0461,983.75,326.81,34.41,16.11,2.756,1.524,https://www.youtube.com/watch?v=12-AlQ9ItkM
22401017,12-AlQ9ItkM,side-court-logo,489.6,2504,109.0596,0.1407,0.0915,0.35,0.0497,0.8882,0.0614,0.4593,0.2939,0.9989,0.0284,0.8953,0.0189,1785.94,312.86,26.47,12.73,0.903,0.755,https://www.youtube.com/watch?v=12-AlQ9ItkM
22401017,12-AlQ9ItkM,basket-logo,430.6,9858,93.2787,0.0306,0.043,0.1254,0.1158,0.5815,0.1507,0.3961,0.3106,0.9991,0.0263,0.918,0.0291,3006.16,2050.39,32.39,18.08,0.201,0.206,https://www.youtube.com/watch?v=12-AlQ9ItkM
22401017,12-AlQ9ItkM,back-court-logo,0.2,1,0.0052,0.0168,0.0,0.2692,0.0,0.8565,0.0,0.0728,0.0,1.0,0.0,0.6299,0.0,792.4,0.0,45.78,0.0,0.501,0.0,https://www.youtube.com/watch?v=12-AlQ9ItkM
22401017,3CfsrRNOkXQ,mid-court-logo,461.0,2501,2513.5702,0.2179,0.222,0.7041,0.2432,0.8993,0.1071,0.3255,0.3121,0.9992,0.0251,0.8857,0.046,981.84,315.31,34.86,16.36,2.807,1.717,https://www.youtube.com/watch?v=3CfsrRNOkXQ
22401017,3CfsrRNOkXQ,side-court-led-logo,415.2,2076,1472.2696,0.1537,0.2029,0.4097,0.2211,0.7667,0.1581,0.3346,0.3292,0.9933,0.0625,0.8993,0.0513,1312.89,743.31,35.45,17.88,1.316,1.977,https://www.youtube.com/watch?v=3CfsrRNOkXQ
22401017,3CfsrRNOkXQ,side-court-logo,485.8,2471,1598.4019,0.1402,0.0921,0.3503,0.0467,0.8881,0.0593,0.4565,0.2946,0.9992,0.0223,0.8953,0.02,1697.49,292.01,26.57,12.71,0.897,0.587,https://www.youtube.com/watch?v=3CfsrRNOkXQ
22401017,3CfsrRNOkXQ,basket-logo,435.8,9919,1422.4125,0.0311,0.0436,0.1258,0.1153,0.5825,0.1511,0.3998,0.3137,0.9991,0.0252,0.918,0.0284,2646.48,1770.34,32.44,18.49,0.2,0.182,https://www.youtube.com/watch?v=3CfsrRNOkXQ
22401017,3CfsrRNOkXQ,back-court-logo,0.6,3,2.4465,0.1768,0.0942,0.2827,0.0306,0.8485,0.0211,0.7259,0.3615,1.0,0.0,0.6745,0.0517,937.79,156.94,14.16,14.82,0.564,0.149,https://www.youtube.com/watch?v=3CfsrRNOkXQ
22401028,82yEiP8T9I0,mid-court-logo,550.75,2985,12177.1775,0.1492,0.163,0.4959,0.1323,0.9228,0.1007,0.305,0.3069,0.9995,0.0131,0.8819,0.0385,889.54,369.44,36.37,16.68,1.491,0.554,https://www.youtube.com/watch?v=82yEiP8T9I0
22401028,82yEiP8T9I0,side-court-led-logo,465.46,2326,7842.4045,0.1233,0.1804,0.378,0.2012,0.8255,0.1528,0.2908,0.3015,0.9984,0.0313,0.8715,0.0574,839.11,314.19,37.82,17.33,1.027,0.984,https://www.youtube.com/watch?v=82yEiP8T9I0
22401028,82yEiP8T9I0,side-court-logo,552.75,2772,14287.324,0.1885,0.0796,0.3372,0.0448,0.9708,0.0221,0.5767,0.2324,0.9999,0.0038,0.8755,0.0372,1201.2,347.58,21.3,9.6,0.826,0.264,https://www.youtube.com/watch?v=82yEiP8T9I0
22401028,82yEiP8T9I0,back-court-logo,510.11,2559,18852.4015,0.2694,0.1812,0.5563,0.0517,0.9142,0.0209,0.5296,0.349,0.9999,0.0041,0.8971,0.0146,1000.78,193.74,24.84,16.66,1.735,0.305,https://www.youtube.com/watch?v=82yEiP8T9I0
22401028,82yEiP8T9I0,basket-logo,505.91,14068,7792.9854,0.0203,0.0269,0.1293,0.1069,0.3772,0.0944,0.3632,0.2998,0.9985,0.0287,0.8849,0.0467,2213.64,1613.93,33.83,17.7,0.178,0.077,https://www.youtube.com/watch?v=82yEiP8T9I0
22401028,2DVDBHuRTRE,back-court-logo,485.4,2427,28205.0607,0.2679,0.1834,0.5494,0.0516,0.9154,0.0212,0.5311,0.357,0.9996,0.0136,0.8961,0.0207,798.78,151.25,25.25,17.93,1.7,0.215,https://www.youtube.com/watch?v=2DVDBHuRTRE
22401028,2DVDBHuRTRE,basket-logo,477.2,13040,11575.9364,0.0205,0.0271,0.1263,0.108,0.3752,0.0921,0.3749,0.3019,0.998,0.0341,0.8846,0.0473,1689.03,1195.76,33.51,18.19,0.176,0.131,https://www.youtube.com/watch?v=2DVDBHuRTRE
22401028,2DVDBHuRTRE,mid-court-logo,531.8,2942,19514.4448,0.1529,0.167,0.5053,0.1326,0.9131,0.1119,0.3064,0.3023,0.9994,0.0161,0.8816,0.0363,704.29,357.08,36.12,16.4,1.528,0.557,https://www.youtube.com/watch?v=2DVDBHuRTRE
22401028,2DVDBHuRTRE,side-court-led-logo,475.8,2380,14279.5823,0.1383,0.1953,0.3986,0.2069,0.8321,0.1488,0.3016,0.315,0.9963,0.0507,0.8768,0.0541,651.6,242.52,37.55,18.03,1.159,1.803,https://www.youtube.com/watch?v=2DVDBHuRTRE
22401028,2DVDBHuRTRE,side-court-logo,532.0,2675,21208.7896,0.1828,0.0809,0.3361,0.0308,0.9716,0.018,0.5611,0.2453,0.9992,0.0212,0.8782,0.0335,934.5,284.78,22.0,10.33,0.817,0.134,https://www.youtube.com/watch?v=2DVDBHuRTRE
22401028,6VblsyQ80U4,back-court-logo,400.8,2011,807.3014,0.2628,0.1766,0.5487,0.0519,0.9128,0.0217,0.5251,0.3476,0.9994,0.0124,0.8962,0.0193,702.25,139.82,25.12,16.93,1.705,0.334,https://www.youtube.com/watch?v=6VblsyQ80U4
22401028,6VblsyQ80U4,basket-logo,394.6,10912,331.1262,0.0199,0.0268,0.1268,0.1078,0.3767,0.0945,0.3598,0.2967,0.9971,0.0408,0.8845,0.0471,1489.12,1217.5,33.97,17.6,0.179,0.093,https://www.youtube.com/watch?v=6VblsyQ80U4
22401028,6VblsyQ80U4,mid-court-logo,438.8,2417,581.707,0.1576,0.1678,0.517,0.1316,0.9195,0.1094,0.3164,0.3065,0.9952,0.0543,0.8809,0.0363,607.38,317.81,35.63,16.44,1.578,0.558,https://www.youtube.com/watch?v=6VblsyQ80U4
22401028,6VblsyQ80U4,side-court-led-logo,396.8,1985,391.9136,0.1293,0.189,0.3955,0.2086,0.8413,0.1463,0.2909,0.3072,0.9905,0.0819,0.8665,0.0607,527.28,205.26,37.92,17.6,1.126,1.138,https://www.youtube.com/watch?v=6VblsyQ80U4
22401028,6VblsyQ80U4,side-court-logo,439.8,2213,636.8649,0.1884,0.086,0.341,0.0529,0.9707,0.0221,0.5692,0.2401,0.9991,0.0198,0.8762,0.0367,789.04,237.82,21.7,10.09,0.845,0.331,https://www.youtube.com/watch?v=6VblsyQ80U4
22400993,pbqUjAgq-HY,back-court-logo,467.0,2335,982.3206,0.1668,0.1121,0.3301,0.0372,0.8691,0.0386,0.572,0.3616,1.0,0.0,0.8795,0.0209,1943.43,364.78,23.3,17.6,0.788,0.167,https://www.youtube.com/watch?v=pbqUjAgq-HY
22400993,pbqUjAgq-HY,basket-logo,462.8,12169,836.1301,0.0272,0.0357,0.1356,0.1108,0.4519,0.146,0.3986,0.3116,0.9999,0.0095,0.8992,0.0569,2592.12,1703.29,32.5,18.44,0.192,0.126,https://www.youtube.com/watch?v=pbqUjAgq-HY
22400993,pbqUjAgq-HY,mid-court-logo,479.0,2568,1073.755,0.1657,0.17,0.5377,0.1695,0.8974,0.1057,0.3423,0.3253,0.9996,0.0194,0.8891,0.0351,1635.74,402.44,34.14,16.79,1.69,0.982,https://www.youtube.com/watch?v=pbqUjAgq-HY
22400993,pbqUjAgq-HY,side-court-led-logo,493.6,3579,965.1792,0.1069,0.1095,0.3143,0.1097,0.7086,0.111,0.443,0.303,0.983,0.1195,0.9053,0.0409,1979.03,1197.74,27.94,14.25,0.938,4.348,https://www.youtube.com/watch?v=pbqUjAgq-HY
22400993,pbqUjAgq-HY,side-court-logo,492.0,2521,533.3623,0.0839,0.0596,0.2943,0.0383,0.6447,0.0419,0.452,0.3164,0.9996,0.0196,0.8854,0.0273,3098.1,637.76,27.12,13.86,0.636,0.463,https://www.youtube.com/watch?v=pbqUjAgq-HY
22401032,9NLnsXBwS24,side-court-led-logo,300.4,1502,22.825,0.1406,0.1686,0.3628,0.2071,0.7043,0.1979,0.3955,0.3079,0.9651,0.174,0.8884,0.0508,1703.25,1196.68,30.54,15.03,1.403,5.397,https://www.youtube.com/watch?v=9NLnsXBwS24
22401032,9NLnsXBwS24,back-court-logo,460.4,2307,48.9861,0.1964,0.1198,0.3685,0.0603,0.8613,0.0461,0.6164,0.3449,1.0,0.0,0.8767,0.0263,2300.01,564.71,20.88,16.31,0.956,0.25,https://www.youtube.com/watch?v=9NLnsXBwS24
22401032,9NLnsXBwS24,mid-court-logo,463.2,2571,61.695,0.222,0.2228,0.6258,0.2326,0.8988,0.1086,0.3418,0.2966,0.9997,0.012,0.8829,0.0476,1798.73,651.0,32.75,14.36,2.292,1.829,https://www.youtube.com/watch?v=9NLnsXBwS24
22401032,9NLnsXBwS24,side-court-logo,490.6,2543,37.8436,0.1377,0.0822,0.3378,0.0437,0.8611,0.0799,0.4842,0.2904,1.0,0.0002,0.8966,0.0227,2719.79,721.94,25.3,12.25,0.823,0.187,https://www.youtube.com/watch?v=9NLnsXBwS24
22401032,9NLnsXBwS24,basket-logo,446.0,14723,28.4092,0.0178,0.0307,0.0828,0.1075,0.3665,0.1261,0.4532,0.3068,0.9937,0.0643,0.9058,0.0366,2459.5,2067.54,28.57,15.97,0.146,0.096,https://www.youtube.com/watch?v=9NLnsXBwS24
22401032,wxEw7Iob41o,back-court-logo,418.2,2097,128.9227,0.1866,0.1216,0.3824,0.0598,0.8669,0.0434,0.564,0.34,1.0,0.0,0.8783,0.0185,2264.69,532.9,23.09,16.0,1.017,0.245,https://www.youtube.com/watch?v=wxEw7Iob41o
22401032,wxEw7Iob41o,basket-logo,406.4,13249,69.8657,0.016,0.0279,0.0891,0.1084,0.3713,0.1253,0.3888,0.2942,0.9922,0.0725,0.9034,0.0394,2152.75,1843.98,31.66,16.1,0.152,0.084,https://www.youtube.com/watch?v=wxEw7Iob41o
22401032,wxEw7Iob41o,mid-court-logo,407.2,2203,177.7807,0.245,0.2278,0.6496,0.2283,0.9072,0.1059,0.3654,0.2937,0.9999,0.0029,0.88,0.0473,1687.69,559.15,31.41,13.94,2.387,1.349,https://www.youtube.com/watch?v=wxEw7Iob41o
22401032,wxEw7Iob41o,side-court-led-logo,270.8,1356,58.8167,0.1317,0.1548,0.3567,0.1957,0.71,0.1948,0.3915,0.2896,0.9621,0.1814,0.8844,0.0458,1576.34,1204.1,30.39,14.17,0.942,0.845,https://www.youtube.com/watch?v=wxEw7Iob41o
22401032,wxEw7Iob41o,side-court-logo,441.2,2260,114.5445,0.1539,0.0846,0.3445,0.045,0.8724,0.0798,0.5195,0.2841,1.0,0.0,0.8961,0.0262,2444.87,555.67,23.7,11.86,0.854,0.185,https://www.youtube.com/watch?v=wxEw7Iob41o
22401032,1XWy2jkevx4,back-court-logo,468.07,2338,1450.1588,0.1943,0.1187,0.3698,0.0591,0.8608,0.0441,0.6081,0.341,1.0,0.0,0.8778,0.0225,2557.33,594.27,21.23,16.17,0.963,0.24,https://www.youtube.com/watch?v=1XWy2jkevx4
22401032,1XWy2jkevx4,basket-logo,455.86,15131,846.0174,0.0175,0.0305,0.0824,0.1071,0.3664,0.1261,0.4439,0.3066,0.9946,0.0606,0.9053,0.037,2699.57,2246.77,29.08,16.19,0.146,0.093,https://www.youtube.com/watch?v=1XWy2jkevx4
22401032,1XWy2jkevx4,mid-court-logo,463.86,2556,1841.9158,0.2257,0.2235,0.6251,0.2322,0.8992,0.108,0.3466,0.2976,0.9994,0.0147,0.8826,0.0475,1931.82,688.62,32.57,14.4,2.283,1.727,https://www.youtube.com/watch?v=1XWy2jkevx4
22401032,1XWy2jkevx4,side-court-led-logo,296.9,1484,657.7418,0.1388,0.1669,0.3576,0.1993,0.7009,0.1947,0.3928,0.3047,0.973,0.1515,0.8896,0.0467,1841.25,1321.19,30.41,14.67,0.957,0.93,https://www.youtube.com/watch?v=1XWy2jkevx4
22401032,1XWy2jkevx4,side-court-logo,496.1,2558,1115.9987,0.1367,0.0818,0.3358,0.0454,0.8608,0.0828,0.4826,0.2914,1.0,0.0,0.8965,0.0234,2943.87,718.73,25.41,12.37,0.817,0.183,https://www.youtube.com/watch?v=1XWy2jkevx4
22401032,lNAI1UIiXec,back-court-logo,261.46,1313,118.623,0.1774,0.1282,0.3789,0.0753,0.8702,0.0492,0.5459,0.3697,1.0,0.0,0.875,0.0305,2867.25,883.04,24.2,17.72,1.022,0.556,https://www.youtube.com/watch?v=lNAI1UIiXec
22401032,lNAI1UIiXec,basket-logo,270.47,8186,74.4283,0.0178,0.0341,0.0889,0.1183,0.3772,0.145,0.4083,0.3135,0.9965,0.0504,0.9045,0.0414,3548.9,2800.48,31.4,17.25,0.166,0.269,https://www.youtube.com/watch?v=lNAI1UIiXec
22401032,lNAI1UIiXec,mid-court-logo,252.65,1353,189.4418,0.2749,0.2421,0.6712,0.216,0.9217,0.0983,0.3995,0.3188,0.9993,0.0175,0.8748,0.0587,2271.47,859.68,30.15,14.83,2.566,2.417,https://www.youtube.com/watch?v=lNAI1UIiXec
22401032,lNAI1UIiXec,side-court-led-logo,172.77,863,68.8636,0.1566,0.1815,0.3659,0.2224,0.7242,0.1945,0.4457,0.2955,0.9807,0.1193,0.8883,0.0521,2099.0,1371.47,27.98,14.1,1.11,1.487,https://www.youtube.com/watch?v=lNAI1UIiXec
22401032,lNAI1UIiXec,side-court-logo,273.87,1400,105.5801,0.148,0.0868,0.34,0.0564,0.8742,0.076,0.5115,0.296,1.0,0.0002,0.8901,0.0381,3572.58,1020.19,24.05,12.1,0.835,0.263,https://www.youtube.com/watch?v=lNAI1UIiXec
22400985,cYrMWh9EqiY,mid-court-logo,256.0,1374,100.2991,0.1872,0.168,0.5027,0.1874,0.9171,0.1082,0.384,0.3129,0.9968,0.0433,0.8811,0.0548,755.48,229.93,32.26,17.03,1.553,0.881,https://www.youtube.com/watch?v=cYrMWh9EqiY
22400985,cYrMWh9EqiY,side-court-logo,2.0,11,0.4733,0.1104,0.0998,0.2828,0.0888,0.9981,0.0041,0.3661,0.2086,0.984,0.0453,0.6974,0.0574,717.3,293.61,29.43,8.54,0.535,0.415,https://www.youtube.com/watch?v=cYrMWh9EqiY
22400985,cYrMWh9EqiY,side-court-led-logo,213.2,1066,73.4152,0.1767,0.199,0.4351,0.2495,0.8521,0.1582,0.4123,0.2989,0.9623,0.1712,0.8883,0.0599,936.33,680.69,30.57,16.35,1.738,3.426,https://www.youtube.com/watch?v=cYrMWh9EqiY
22400985,cYrMWh9EqiY,basket-logo,329.4,8608,99.0842,0.0295,0.0385,0.1612,0.1024,0.5464,0.1605,0.2788,0.2671,0.9787,0.1271,0.8998,0.0517,1126.66,1121.65,38.63,17.78,0.206,0.125,https://www.youtube.com/watch?v=cYrMWh9EqiY
22400985,cYrMWh9EqiY,back-court-logo,3.6,18,0.8747,0.1246,0.0061,0.3067,0.008,0.9516,0.0032,0.4274,0.0234,1.0,0.0,0.6788,0.0402,1766.44,622.99,26.09,0.84,0.684,0.037,https://www.youtube.com/watch?v=cYrMWh9EqiY
22401008,ty6BdTpbito,back-court-logo,509.0,2545,101.7859,0.2306,0.1431,0.4193,0.0709,0.8998,0.0324,0.5943,0.3279,0.9999,0.006,0.8777,0.0263,1474.69,412.54,21.32,14.68,1.171,0.293,https://www.youtube.com/watch?v=ty6BdTpbito
22401008,ty6BdTpbito,basket-logo,506.2,14368,59.4491,0.0239,0.0306,0.135,0.11,0.4222,0.1083,0.3882,0.3009,0.989,0.0864,0.906,0.0291,2539.25,2088.38,31.77,16.36,0.199,0.107,https://www.youtube.com/watch?v=ty6BdTpbito
22401008,ty6BdTpbito,mid-court-logo,454.2,2373,62.7404,0.1524,0.1643,0.5056,0.1949,0.7931,0.1757,0.3476,0.3093,0.9992,0.0209,0.858,0.0835,1775.82,935.49,33.31,15.57,1.573,0.894,https://www.youtube.com/watch?v=ty6BdTpbito
22401008,ty6BdTpbito,side-court-led-logo,513.2,2570,71.6444,0.1607,0.1951,0.5011,0.1835,0.7994,0.1186,0.3245,0.3085,0.968,0.1376,0.9094,0.0364,820.99,584.25,34.41,15.65,1.627,1.17,https://www.youtube.com/watch?v=ty6BdTpbito
22401008,ty6BdTpbito,side-court-logo,531.0,2684,36.4667,0.0783,0.0573,0.2909,0.0296,0.6443,0.1078,0.4461,0.3307,0.9997,0.0177,0.8867,0.0269,1483.28,537.65,27.56,14.69,0.607,0.133,https://www.youtube.com/watch?v=ty6BdTpbito
22401009,7UQGjqjTsOo,mid-court-logo,457.4,2607,4245.0521,0.1723,0.1613,0.5019,0.1856,0.8618,0.1284,0.3745,0.3066,0.9995,0.0166,0.8717,0.0544,1444.82,504.58,31.79,15.47,1.529,0.807,https://www.youtube.com/watch?v=7UQGjqjTsOo
22401009,7UQGjqjTsOo,side-court-led-logo,499.4,3963,3953.4778,0.1056,0.1072,0.3175,0.1098,0.7881,0.1562,0.4119,0.3219,0.9734,0.1442,0.9001,0.0514,1270.43,779.61,30.12,15.99,0.755,0.648,https://www.youtube.com/watch?v=7UQGjqjTsOo
22401009,7UQGjqjTsOo,basket-logo,438.4,11099,3198.714,0.0305,0.0416,0.1389,0.1124,0.5337,0.1715,0.3412,0.2884,0.9988,0.0269,0.8701,0.0762,1720.39,1059.88,34.78,17.17,0.202,0.134,https://www.youtube.com/watch?v=7UQGjqjTsOo
22401009,7UQGjqjTsOo,side-court-logo,0.8,4,0.0586,0.0016,0.0027,0.0518,0.0897,0.506,0.2925,0.0766,0.0548,1.0,0.0,0.6764,0.0734,2083.35,1453.32,47.55,7.05,0.099,0.042,https://www.youtube.com/watch?v=7UQGjqjTsOo
22401009,7UQGjqjTsOo,back-court-logo,0.4,2,11.9228,0.6308,0.1261,0.6706,0.1316,0.9573,0.0143,0.982,0.011,1.0,0.0,0.7385,0.0061,576.84,70.36,3.61,1.24,2.278,0.622,https://www.youtube.com/watch?v=7UQGjqjTsOo
22400989,mFKDhcHpgU0,mid-court-logo,454.2,2557,68.9725,0.1999,0.1941,0.5941,0.1863,0.9067,0.1136,0.353,0.3141,0.9709,0.124,0.874,0.055,461.38,234.28,33.17,16.01,1.962,0.893,https://www.youtube.com/watch?v=mFKDhcHpgU0
22400989,mFKDhcHpgU0,side-court-led-logo,304.6,1523,28.0016,0.1363,0.1624,0.3623,0.202,0.7703,0.1884,0.3984,0.3045,0.9424,0.2056,0.898,0.0553,837.01,786.93,30.65,15.56,0.985,0.957,https://www.youtube.com/watch?v=mFKDhcHpgU0
22400989,mFKDhcHpgU0,side-court-logo,523.8,2768,41.1001,0.1101,0.0797,0.3037,0.05,0.8578,0.1191,0.4438,0.3204,0.9987,0.0343,0.9032,0.0203,1846.64,487.19,27.79,14.7,0.711,1.173,https://www.youtube.com/watch?v=mFKDhcHpgU0
22400989,mFKDhcHpgU0,back-court-logo,483.6,2418,69.3533,0.2126,0.1371,0.3762,0.0546,0.9119,0.0352,0.5983,0.3517,1.0,0.0,0.899,0.023,1186.58,272.15,21.33,16.25,0.991,0.223,https://www.youtube.com/watch?v=mFKDhcHpgU0
22400989,mFKDhcHpgU0,basket-logo,460.6,10847,44.9312,0.0307,0.0348,0.1517,0.1046,0.4594,0.071,0.3767,0.2951,0.9965,0.0487,0.888,0.0337,1539.23,948.51,32.84,16.88,0.199,0.13,https://www.youtube.com/watch?v=mFKDhcHpgU0
22401001,x-EYKFqmzNo,mid-court-logo,409.8,2246,4551.6902,0.191,0.189,0.5459,0.2281,0.8811,0.1254,0.3458,0.3037,0.9988,0.0269,0.8783,0.0657,1002.29,389.71,34.23,17.14,1.807,1.165,https://www.youtube.com/watch?v=x-EYKFqmzNo
22401001,x-EYKFqmzNo,side-court-led-logo,253.0,1265,2436.5411,0.1815,0.194,0.4315,0.2374,0.8472,0.1792,0.4313,0.3176,0.9608,0.171,0.8961,0.0495,534.02,361.62,29.07,15.67,1.296,1.07,https://www.youtube.com/watch?v=x-EYKFqmzNo
22401001,x-EYKFqmzNo,side-court-logo,526.2,2750,4226.8351,0.1448,0.1079,0.4067,0.0639,0.932,0.0745,0.3964,0.2957,0.9997,0.018,0.9006,0.0209,2350.84,625.32,30.05,14.18,1.119,0.256,https://www.youtube.com/watch?v=x-EYKFqmzNo
22401001,x-EYKFqmzNo,back-court-logo,485.8,2434,8214.7462,0.318,0.2394,0.6401,0.0983,0.9295,0.0261,0.5151,0.365,0.9987,0.0336,0.8949,0.0241,1520.35,329.7,26.62,19.37,2.099,0.423,https://www.youtube.com/watch?v=x-EYKFqmzNo
22401001,x-EYKFqmzNo,basket-logo,472.4,14093,3722.1213,0.0249,0.0316,0.1543,0.1109,0.3659,0.1414,0.3478,0.2936,0.9997,0.0126,0.9121,0.0368,2073.5,1016.25,35.27,18.73,0.223,0.141,https://www.youtube.com/watch?v=x-EYKFqmzNo
22401009,IuVMY9RtOeE,mid-court-logo,416.39,2330,115.3589,0.1699,0.1612,0.501,0.1851,0.8601,0.1262,0.3712,0.3119,0.9992,0.0204,0.8717,0.0549,1447.96,499.16,32.02,15.69,1.525,0.803,https://www.youtube.com/watch?v=IuVMY9RtOeE
22401009,IuVMY9RtOeE,side-court-led-logo,458.4,3588,109.8931,0.1051,0.1056,0.3183,0.1146,0.7847,0.1559,0.4154,0.3242,0.9723,0.1466,0.9033,0.0489,1257.01,764.21,29.99,16.04,0.77,0.75,https://www.youtube.com/watch?v=IuVMY9RtOeE
22401009,IuVMY9RtOeE,basket-logo,408.64,10079,90.2206,0.0307,0.0423,0.1374,0.1128,0.5347,0.1707,0.3462,0.2877,0.9984,0.0328,0.8699,0.076,1726.81,1081.62,34.44,17.04,0.2,0.138,https://www.youtube.com/watch?v=IuVMY9RtOeE
22401009,IuVMY9RtOeE,side-court-logo,0.82,4,0.0043,0.0037,0.0064,0.052,0.0901,0.4519,0.1071,0.1964,0.2502,1.0,0.0,0.7372,0.0178,2261.58,862.72,43.84,16.11,0.103,0.039,https://www.youtube.com/watch?v=IuVMY9RtOeE
22401008,aZky5bGPxYA,back-court-logo,451.69,2359,193.1224,0.2374,0.1444,0.4256,0.0722,0.9018,0.0321,0.6043,0.3245,1.0,0.0019,0.878,0.0267,1570.98,414.96,20.89,14.6,1.197,0.3,https://www.youtube.com/watch?v=aZky5bGPxYA
22401008,aZky5bGPxYA,basket-logo,450.16,13332,110.7146,0.0241,0.0311,0.1338,0.1105,0.4215,0.1092,0.3983,0.3001,0.9889,0.0865,0.9056,0.0301,2672.74,2014.56,31.05,15.92,0.2,0.108,https://www.youtube.com/watch?v=aZky5bGPxYA
22401008,aZky5bGPxYA,mid-court-logo,400.76,2206,112.4467,0.1478,0.1616,0.5124,0.1994,0.7937,0.1755,0.3341,0.3057,0.9999,0.0017,0.8558,0.0847,1829.18,880.33,33.98,15.59,1.611,0.943,https://www.youtube.com/watch?v=aZky5bGPxYA
22401008,aZky5bGPxYA,side-court-led-logo,455.91,2385,130.3435,0.1585,0.1971,0.5021,0.186,0.7997,0.117,0.3162,0.3029,0.9721,0.127,0.9095,0.0356,865.18,617.94,34.82,15.51,1.642,1.199,https://www.youtube.com/watch?v=aZky5bGPxYA
22401008,aZky5bGPxYA,side-court-logo,475.63,2521,67.2022,0.0773,0.0574,0.2906,0.0321,0.6488,0.1112,0.4349,0.3269,1.0,0.0,0.8857,0.0297,1633.99,556.95,28.09,14.68,0.607,0.134,https://www.youtube.com/watch?v=aZky5bGPxYA
22401001,zvvgcyvnV-4,back-court-logo,429.6,2155,329.6464,0.2901,0.2366,0.6357,0.1001,0.928,0.0263,0.4707,0.3576,0.9997,0.0135,0.8947,0.025,1886.82,415.4,28.57,18.81,2.081,0.444,https://www.youtube.com/watch?v=zvvgcyvnV-4
22401001,zvvgcyvnV-4,basket-logo,418.6,12496,139.797,0.0212,0.0292,0.1511,0.1113,0.3616,0.1393,0.2999,0.2809,0.9997,0.0133,0.9109,0.0379,2442.61,1288.49,38.24,18.95,0.217,0.139,https://www.youtube.com/watch?v=zvvgcyvnV-4
22401001,zvvgcyvnV-4,mid-court-logo,340.4,1827,219.6834,0.2281,0.2082,0.5784,0.2258,0.8962,0.1168,0.3837,0.3116,0.999,0.0277,0.8833,0.064,1009.19,390.38,32.08,16.9,1.945,1.118,https://www.youtube.com/watch?v=zvvgcyvnV-4
22401001,zvvgcyvnV-4,side-court-led-logo,238.2,1191,102.4699,0.1632,0.1756,0.3878,0.2073,0.8432,0.1743,0.4309,0.3144,0.9725,0.1448,0.8958,0.0538,670.05,458.62,29.03,15.4,1.089,0.912,https://www.youtube.com/watch?v=zvvgcyvnV-4
22401001,zvvgcyvnV-4,side-court-logo,447.6,2314,188.0533,0.1541,0.1058,0.3998,0.0665,0.9285,0.0847,0.4277,0.2954,1.0,0.0,0.8988,0.0233,2787.29,736.24,28.48,13.77,1.093,0.257,https://www.youtube.com/watch?v=zvvgcyvnV-4
22400995,omrsyGnnxPc,mid-court-logo,436.8,2333,361.5096,0.1539,0.1508,0.4854,0.1742,0.777,0.1645,0.379,0.3125,0.9998,0.0038,0.8767,0.0649,1512.81,672.06,31.54,15.51,1.479,0.813,https://www.youtube.com/watch?v=omrsyGnnxPc
22400995,omrsyGnnxPc,side-court-led-logo,500.2,2508,464.6802,0.184,0.2189,0.5504,0.1976,0.8175,0.1202,0.334,0.3118,0.9623,0.1559,0.9022,0.0457,759.96,508.48,34.11,15.88,1.965,2.076,https://www.youtube.com/watch?v=omrsyGnnxPc
22400995,omrsyGnnxPc,side-court-logo,510.8,2601,206.9768,0.079,0.0569,0.2883,0.0316,0.6354,0.1066,0.4582,0.331,1.0,0.0,0.8878,0.0312,1515.11,531.65,27.25,15.04,0.594,0.141,https://www.youtube.com/watch?v=omrsyGnnxPc
22400995,omrsyGnnxPc,back-court-logo,485.8,2429,560.8127,0.2293,0.1519,0.4218,0.0862,0.9042,0.0391,0.5826,0.3332,1.0,0.0,0.8775,0.0292,1475.27,432.5,21.97,15.14,1.182,0.356,https://www.youtube.com/watch?v=omrsyGnnxPc
22400995,omrsyGnnxPc,basket-logo,483.6,12969,318.465,0.0244,0.0335,0.1306,0.1113,0.4247,0.1092,0.3936,0.3032,0.9902,0.0797,0.903,0.0334,2529.75,2065.96,31.46,16.26,0.196,0.113,https://www.youtube.com/watch?v=omrsyGnnxPc
22400627,UCLXeBzrgJo,mid-court-logo,460.0,2596,64.9724,0.23,0.2008,0.5913,0.2072,0.8914,0.1301,0.4077,0.3175,0.9776,0.1155,0.8773,0.0548,518.98,315.81,30.17,15.64,1.972,0.987,https://www.youtube.com/watch?v=UCLXeBzrgJo
22400627,UCLXeBzrgJo,side-court-led-logo,323.2,1616,28.582,0.1625,0.1651,0.3674,0.176,0.7861,0.181,0.4636,0.3127,0.9821,0.1168,0.9062,0.0469,1048.73,763.82,27.51,15.2,0.967,0.739,https://www.youtube.com/watch?v=UCLXeBzrgJo
22400627,UCLXeBzrgJo,side-court-logo,527.6,2745,34.0866,0.1141,0.0756,0.2994,0.0432,0.8545,0.1084,0.4681,0.314,0.9993,0.025,0.9026,0.018,2033.03,473.63,26.6,14.07,0.668,0.701,https://www.youtube.com/watch?v=UCLXeBzrgJo
22400627,UCLXeBzrgJo,back-court-logo,492.8,2464,51.9962,0.1939,0.1424,0.3752,0.0519,0.908,0.0324,0.5465,0.3676,1.0,0.0,0.8989,0.02,1288.56,278.87,24.0,17.64,0.986,0.213,https://www.youtube.com/watch?v=UCLXeBzrgJo
22400627,UCLXeBzrgJo,basket-logo,475.6,11270,32.7596,0.0267,0.0336,0.147,0.1038,0.4551,0.0689,0.3346,0.2959,0.9987,0.0255,0.8849,0.0359,1652.58,1041.3,35.85,18.12,0.192,0.099,https://www.youtube.com/watch?v=UCLXeBzrgJo
22400627,aPGL8tcx6b0,back-court-logo,457.6,2288,326.4546,0.1956,0.1399,0.376,0.0509,0.9078,0.0317,0.5517,0.3604,1.0,0.0,0.8994,0.0195,1175.81,255.77,23.7,17.17,0.989,0.214,https://www.youtube.com/watch?v=aPGL8tcx6b0
22400627,aPGL8tcx6b0,basket-logo,441.6,10494,200.0288,0.0261,0.0327,0.1463,0.1033,0.4549,0.0678,0.3307,0.2917,0.9982,0.0313,0.8843,0.0366,1452.39,902.89,35.81,17.82,0.191,0.067,https://www.youtube.com/watch?v=aPGL8tcx6b0
22400627,aPGL8tcx6b0,mid-court-logo,417.4,2335,380.5254,0.2234,0.1977,0.5872,0.2098,0.8897,0.1332,0.4071,0.3162,0.9592,0.1583,0.8784,0.0526,440.55,285.93,30.04,15.43,1.956,0.992,https://www.youtube.com/watch?v=aPGL8tcx6b0
22400627,aPGL8tcx6b0,side-court-led-logo,292.0,1460,162.4737,0.1525,0.1593,0.3608,0.1772,0.7836,0.1852,0.4461,0.3073,0.9729,0.1489,0.9051,0.0509,909.06,699.54,28.16,14.81,0.95,0.764,https://www.youtube.com/watch?v=aPGL8tcx6b0
22400627,aPGL8tcx6b0,side-court-logo,484.8,2503,212.0899,0.1161,0.075,0.3007,0.0435,0.8575,0.1082,0.4736,0.3088,0.999,0.0285,0.9027,0.0197,1819.27,411.8,26.23,13.58,0.676,0.825,https://www.youtube.com/watch?v=aPGL8tcx6b0
22400976,qEh10OOEuH4,back-court-logo,472.8,2364,95.4419,0.2106,0.1524,0.3905,0.0684,0.9407,0.0319,0.5395,0.3487,1.0,0.0,0.8798,0.0242,2510.9,771.32,24.46,16.89,1.048,0.284,https://www.youtube.com/watch?v=qEh10OOEuH4
22400976,qEh10OOEuH4,basket-logo,464.2,13533,75.4115,0.0291,0.0381,0.1512,0.1167,0.4572,0.154,0.3333,0.2733,0.9996,0.0189,0.8971,0.0508,2825.78,1440.2,35.2,17.29,0.238,0.178,https://www.youtube.com/watch?v=qEh10OOEuH4
22400976,qEh10OOEuH4,side-court-led-logo,418.2,2095,113.4085,0.2823,0.2623,0.5676,0.2251,0.9724,0.0368,0.4406,0.3486,0.9963,0.0484,0.8779,0.0628,1296.19,626.3,29.35,17.41,2.264,3.592,https://www.youtube.com/watch?v=qEh10OOEuH4
22400976,qEh10OOEuH4,mid-court-logo,255.8,1469,47.1464,0.1674,0.1447,0.4733,0.2092,0.7868,0.2176,0.4674,0.3019,0.9924,0.0596,0.8351,0.0727,660.5,306.64,27.04,14.71,1.416,0.903,https://www.youtube.com/watch?v=qEh10OOEuH4
22400976,qEh10OOEuH4,side-court-logo,0.2,1,0.0129,0.0671,0.0,0.2276,0.0,0.9466,0.0,0.3116,0.0,1.0,0.0,0.6094,0.0,5081.33,0.0,30.54,0.0,0.278,0.0,https://www.youtube.com/watch?v=qEh10OOEuH4
22401002,gJBRjtNB_-M,side-court-led-logo,334.6,1674,74.7037,0.1896,0.2176,0.4474,0.2494,0.767,0.1712,0.4134,0.3242,0.9947,0.0649,0.8859,0.0655,1072.25,601.26,30.5,16.67,2.36,7.109,https://www.youtube.com/watch?v=gJBRjtNB_-M
22401002,gJBRjtNB_-M,mid-court-logo,361.2,2037,107.5239,0.2242,0.2108,0.6151,0.2571,0.8641,0.1199,0.38,0.3192,0.999,0.0234,0.8795,0.0562,911.72,349.82,31.95,16.38,2.321,1.602,https://www.youtube.com/watch?v=gJBRjtNB_-M
22401002,gJBRjtNB_-M,side-court-logo,465.6,2395,80.1778,0.1422,0.0941,0.3542,0.0485,0.9104,0.0695,0.4568,0.3118,1.0,0.0,0.8933,0.0208,1504.85,342.71,26.96,14.07,0.897,0.197,https://www.youtube.com/watch?v=gJBRjtNB_-M
22401002,gJBRjtNB_-M,basket-logo,422.4,9666,77.1452,0.0339,0.0443,0.1405,0.1141,0.5897,0.1508,0.3655,0.3019,0.9997,0.0152,0.9192,0.0284,2264.12,1621.83,33.71,17.57,0.215,0.163,https://www.youtube.com/watch?v=gJBRjtNB_-M
22401002,gJBRjtNB_-M,back-court-logo,0.8,4,0.245,0.2601,0.0207,0.3341,0.017,0.8974,0.009,0.8687,0.0676,1.0,0.0,0.7358,0.0809,961.42,274.41,10.2,3.31,0.809,0.076,https://www.youtube.com/watch?v=gJBRjtNB_-M
22401002,5jnVoDRXCKw,basket-logo,405.0,9294,870.5485,0.0336,0.0449,0.1383,0.1146,0.5888,0.1517,0.3684,0.3032,0.9997,0.0158,0.9194,0.0293,2386.91,1635.55,33.62,17.73,0.214,0.172,https://www.youtube.com/watch?v=5jnVoDRXCKw
22401002,5jnVoDRXCKw,side-court-logo,447.4,2304,884.8101,0.1378,0.0906,0.3508,0.0473,0.9071,0.0693,0.449,0.3051,1.0,0.0,0.8939,0.0183,1601.11,336.28,27.25,13.69,0.883,0.191,https://www.youtube.com/watch?v=5jnVoDRXCKw
22401002,5jnVoDRXCKw,mid-court-logo,358.2,2020,1247.4869,0.2216,0.2087,0.6122,0.2539,0.8639,0.1185,0.3792,0.3198,0.9991,0.0218,0.8799,0.0574,891.87,346.38,31.92,16.25,2.293,1.654,https://www.youtube.com/watch?v=5jnVoDRXCKw
22401002,5jnVoDRXCKw,side-court-led-logo,319.2,1597,870.5726,0.1956,0.2256,0.4475,0.2475,0.7611,0.17,0.421,0.3315,0.9912,0.0789,0.8886,0.0628,1079.09,621.85,30.22,16.98,2.344,7.151,https://www.youtube.com/watch?v=5jnVoDRXCKw
22401002,5jnVoDRXCKw,back-court-logo,1.0,5,3.1519,0.2262,0.0626,0.33,0.0374,0.8442,0.058,0.8055,0.1689,1.0,0.0,0.6839,0.0649,1045.83,160.55,11.92,7.06,0.787,0.17,https://www.youtube.com/watch?v=5jnVoDRXCKw
22401000,YA2BdDpIBoo,back-court-logo,459.0,2295,2032.2499,0.2274,0.1468,0.4218,0.086,0.9043,0.0372,0.5956,0.3435,1.0,0.0,0.8939,0.0179,1796.08,393.59,21.9,16.54,1.18,0.368,https://www.youtube.com/watch?v=YA2BdDpIBoo
22401000,YA2BdDpIBoo,basket-logo,452.0,12387,1039.3189,0.0215,0.0342,0.1012,0.1138,0.3988,0.1339,0.4261,0.3124,0.997,0.0465,0.9064,0.0324,2038.7,1108.49,30.34,17.16,0.16,0.167,https://www.youtube.com/watch?v=YA2BdDpIBoo
22401000,YA2BdDpIBoo,mid-court-logo,452.2,2487,2023.9635,0.209,0.2135,0.688,0.2072,0.9477,0.0728,0.3119,0.3004,0.9998,0.0073,0.8775,0.0453,1899.94,597.28,35.49,16.15,2.6,1.336,https://www.youtube.com/watch?v=YA2BdDpIBoo
22401000,YA2BdDpIBoo,side-court-led-logo,337.2,1686,709.1925,0.108,0.1511,0.3698,0.1854,0.7475,0.186,0.2852,0.2968,0.9875,0.1018,0.8883,0.0525,2038.42,1038.35,37.78,17.22,1.027,2.005,https://www.youtube.com/watch?v=YA2BdDpIBoo
22401000,YA2BdDpIBoo,side-court-logo,0.6,3,0.0664,0.0057,0.004,0.1533,0.1096,0.6158,0.2593,0.0742,0.0232,0.9998,0.0003,0.6802,0.0699,1066.65,990.99,45.98,2.8,0.239,0.117,https://www.youtube.com/watch?v=YA2BdDpIBoo
22401000,GDl0Ya7Q6bg,back-court-logo,452.81,2264,117.3286,0.2303,0.1467,0.4253,0.0835,0.9057,0.0354,0.5976,0.3392,1.0,0.0,0.8942,0.0193,1794.06,425.3,21.81,16.38,1.197,0.353,https://www.youtube.com/watch?v=GDl0Ya7Q6bg
22401000,GDl0Ya7Q6bg,basket-logo,445.21,12155,60.8709,0.0223,0.0342,0.1029,0.1134,0.3996,0.1342,0.4314,0.3066,0.9964,0.052,0.9056,0.0341,2032.09,1133.94,29.89,16.8,0.161,0.157,https://www.youtube.com/watch?v=GDl0Ya7Q6bg
22401000,GDl0Ya7Q6bg,mid-court-logo,460.21,2520,117.78,0.2077,0.2177,0.7034,0.2045,0.9507,0.0718,0.2935,0.289,0.9996,0.0189,0.8774,0.046,1916.04,624.62,36.55,16.12,2.721,1.606,https://www.youtube.com/watch?v=GDl0Ya7Q6bg
22401000,GDl0Ya7Q6bg,side-court-led-logo,338.81,1695,41.9411,0.1099,0.1576,0.3779,0.1985,0.7559,0.187,0.274,0.284,0.9862,0.107,0.8889,0.0526,2021.09,1083.31,38.05,16.65,1.114,2.276,https://www.youtube.com/watch?v=GDl0Ya7Q6bg
22401000,GDl0Ya7Q6bg,side-court-logo,0.4,2,0.0021,0.0047,0.0047,0.122,0.122,0.3192,0.1264,0.0665,0.0208,1.0,0.0,0.6233,0.0046,796.86,193.14,46.92,2.76,0.207,0.162,https://www.youtube.com/watch?v=GDl0Ya7Q6bg
22401003,EXHr9lTyaHk,basket-logo,445.6,11269,2055.6336,0.0342,0.0434,0.1638,0.1066,0.5589,0.158,0.3047,0.2829,0.9969,0.0479,0.9092,0.0368,1866.54,1256.74,37.6,18.32,0.227,0.227,https://www.youtube.com/watch?v=EXHr9lTyaHk
22401003,EXHr9lTyaHk,side-court-led-logo,465.2,2327,3356.4591,0.2702,0.2586,0.734,0.1767,0.8867,0.0669,0.3845,0.3433,0.9784,0.1365,0.8975,0.0539,1042.07,541.27,32.39,17.97,3.494,6.189,https://www.youtube.com/watch?v=EXHr9lTyaHk
22401003,EXHr9lTyaHk,mid-court-logo,357.4,1983,2179.54,0.2059,0.2134,0.5878,0.2264,0.7742,0.1909,0.3936,0.3404,0.9993,0.0138,0.8758,0.0684,1255.27,480.44,32.35,18.4,2.03,1.214,https://www.youtube.com/watch?v=EXHr9lTyaHk
22401003,EXHr9lTyaHk,side-court-logo,428.6,2192,527.4012,0.0451,0.0395,0.2671,0.0351,0.4325,0.0927,0.4111,0.3483,1.0,0.0,0.8824,0.0404,1845.11,567.82,31.16,18.27,0.494,0.135,https://www.youtube.com/watch?v=EXHr9lTyaHk
22401003,EXHr9lTyaHk,back-court-logo,0.2,1,0.6279,0.1176,0.0,0.3234,0.0,1.0,0.0,0.3636,0.0,1.0,0.0,0.6143,0.0,1246.29,0.0,28.45,0.0,0.762,0.0,https://www.youtube.com/watch?v=EXHr9lTyaHk
22401003,6QO5Y3d1xLs,mid-court-logo,329.2,1817,247.0298,0.2144,0.2153,0.6093,0.2306,0.7911,0.1889,0.3898,0.3345,0.9967,0.0441,0.8716,0.0699,1241.37,501.55,32.26,18.03,2.156,1.268,https://www.youtube.com/watch?v=6QO5Y3d1xLs
22401003,6QO5Y3d1xLs,side-court-led-logo,424.6,2123,384.8006,0.2859,0.2687,0.7462,0.1672,0.8886,0.0653,0.3963,0.3462,0.9818,0.1216,0.897,0.0493,1057.34,511.01,31.74,17.63,3.171,4.306,https://www.youtube.com/watch?v=6QO5Y3d1xLs
22401003,6QO5Y3d1xLs,side-court-logo,397.6,2022,58.8892,0.0459,0.0392,0.2684,0.0354,0.4291,0.0893,0.4217,0.3497,0.9999,0.005,0.8816,0.0422,1838.25,605.7,30.61,18.02,0.5,0.138,https://www.youtube.com/watch?v=6QO5Y3d1xLs
22401003,6QO5Y3d1xLs,basket-logo,416.2,10185,218.1756,0.0338,0.0432,0.1621,0.1045,0.563,0.1594,0.3013,0.2793,0.9969,0.0437,0.9068,0.0406,1781.48,1234.23,37.75,18.32,0.222,0.129,https://www.youtube.com/watch?v=6QO5Y3d1xLs
22400984,c1QwP-Y84sg,back-court-logo,392.2,1966,246.5921,0.2732,0.1803,0.5331,0.07,0.9288,0.0284,0.5596,0.3602,0.9996,0.0191,0.9023,0.0212,1628.06,323.46,24.22,18.53,1.636,0.288,https://www.youtube.com/watch?v=c1QwP-Y84sg
22400984,c1QwP-Y84sg,basket-logo,383.2,9955,107.9874,0.0236,0.0301,0.1352,0.1067,0.4011,0.1098,0.3885,0.2978,0.9996,0.015,0.9119,0.0293,2855.88,1156.7,32.62,17.84,0.179,0.083,https://www.youtube.com/watch?v=c1QwP-Y84sg
22400984,c1QwP-Y84sg,mid-court-logo,444.4,2457,242.7873,0.2153,0.2299,0.653,0.2175,0.9791,0.0647,0.3104,0.3061,0.9979,0.0393,0.8788,0.0536,1449.63,476.59,35.7,16.41,2.338,1.185,https://www.youtube.com/watch?v=c1QwP-Y84sg
22400984,c1QwP-Y84sg,side-court-led-logo,151.4,757,71.9328,0.207,0.2169,0.4684,0.248,0.824,0.1966,0.4047,0.3107,0.9975,0.0383,0.881,0.0498,1221.81,672.41,31.41,17.45,1.434,1.082,https://www.youtube.com/watch?v=c1QwP-Y84sg
22400984,c1QwP-Y84sg,side-court-logo,1.2,6,0.2135,0.0775,0.0858,0.1314,0.1342,0.7479,0.251,0.4052,0.3002,1.0,0.0,0.6811,0.0607,2164.55,1001.42,31.19,15.97,0.266,0.238,https://www.youtube.com/watch?v=c1QwP-Y84sg
22401022,wMVuLWA8DXg,back-court-logo,493.0,2465,2338.2603,0.2311,0.1482,0.4153,0.0843,0.899,0.0374,0.6006,0.3327,1.0,0.0002,0.8784,0.0198,1640.35,442.04,21.02,15.01,1.155,0.365,https://www.youtube.com/watch?v=wMVuLWA8DXg
22401022,wMVuLWA8DXg,basket-logo,485.4,13568,1289.3304,0.0232,0.0312,0.1283,0.1114,0.4221,0.111,0.391,0.3024,0.9932,0.065,0.9046,0.0327,2514.78,1992.16,31.52,16.09,0.195,0.109,https://www.youtube.com/watch?v=wMVuLWA8DXg
22401022,wMVuLWA8DXg,mid-court-logo,413.4,2201,1448.643,0.1603,0.1615,0.4997,0.1945,0.806,0.1731,0.3589,0.3044,0.9998,0.0065,0.8594,0.081,1772.27,899.86,32.72,15.58,1.558,0.905,https://www.youtube.com/watch?v=wMVuLWA8DXg
22401022,wMVuLWA8DXg,side-court-led-logo,480.0,2410,1703.2595,0.1722,0.2071,0.499,0.1974,0.8042,0.129,0.34,0.3149,0.9766,0.1189,0.9022,0.0438,832.53,510.69,33.58,15.73,1.625,1.257,https://www.youtube.com/watch?v=wMVuLWA8DXg
22401022,wMVuLWA8DXg,side-court-logo,512.6,2622,859.6843,0.0799,0.0577,0.2875,0.0437,0.6608,0.1241,0.4523,0.3327,0.9978,0.0422,0.8869,0.0279,1680.2,619.21,27.35,14.9,0.59,0.208,https://www.youtube.com/watch?v=wMVuLWA8DXg
22400984,7KiBV8OxkkE,mid-court-logo,476.79,2638,132.2513,0.2275,0.2285,0.6496,0.2145,0.9733,0.0704,0.3372,0.3074,0.9994,0.0216,0.8782,0.0484,1722.16,713.45,34.39,16.53,2.311,1.261,https://www.youtube.com/watch?v=7KiBV8OxkkE
22400984,7KiBV8OxkkE,side-court-led-logo,181.99,892,36.1525,0.1839,0.1909,0.458,0.2437,0.8055,0.1948,0.4311,0.2917,0.9968,0.0437,0.8881,0.0475,1781.54,1257.22,29.37,15.92,1.359,1.048,https://www.youtube.com/watch?v=7KiBV8OxkkE
22400984,7KiBV8OxkkE,back-court-logo,408.04,2000,117.7833,0.2672,0.1781,0.5091,0.0798,0.9296,0.027,0.5712,0.3625,1.0,0.0,0.9048,0.0176,2037.19,493.87,23.61,18.67,1.536,0.329,https://www.youtube.com/watch?v=7KiBV8OxkkE
22400984,7KiBV8OxkkE,basket-logo,401.51,9823,51.6477,0.0239,0.0321,0.127,0.1092,0.4003,0.1151,0.4122,0.309,0.9996,0.0156,0.9113,0.0296,3267.11,1541.89,31.39,17.76,0.174,0.107,https://www.youtube.com/watch?v=7KiBV8OxkkE
22400984,7KiBV8OxkkE,side-court-logo,1.63,8,0.0524,0.0297,0.0433,0.1141,0.1146,0.3977,0.2415,0.2892,0.3295,1.0,0.0,0.6843,0.0691,3137.79,1097.38,39.97,18.96,0.17,0.128,https://www.youtube.com/watch?v=7KiBV8OxkkE
22401022,UNeQKfe1y_U,mid-court-logo,406.6,2189,107.2784,0.1652,0.16,0.4963,0.1929,0.8025,0.1727,0.3806,0.3075,0.9993,0.0174,0.8603,0.0796,1727.31,880.54,31.53,15.49,1.541,0.9,https://www.youtube.com/watch?v=UNeQKfe1y_U
22401022,UNeQKfe1y_U,side-court-led-logo,474.0,2377,125.1692,0.1775,0.2081,0.502,0.198,0.8049,0.1285,0.3507,0.3123,0.9699,0.138,0.9007,0.0438,777.13,452.22,32.93,15.56,1.65,1.341,https://www.youtube.com/watch?v=UNeQKfe1y_U
22401022,UNeQKfe1y_U,side-court-logo,506.0,2610,63.5039,0.082,0.0576,0.2865,0.0469,0.6588,0.1238,0.4665,0.3337,0.9976,0.0442,0.8857,0.0304,1599.81,605.02,26.78,14.98,0.587,0.214,https://www.youtube.com/watch?v=UNeQKfe1y_U
22401022,UNeQKfe1y_U,basket-logo,475.8,13272,90.4799,0.023,0.0312,0.1347,0.1107,0.4226,0.1104,0.3749,0.2995,0.9913,0.073,0.9042,0.034,2126.45,1663.39,32.3,16.1,0.199,0.118,https://www.youtube.com/watch?v=UNeQKfe1y_U
22401022,UNeQKfe1y_U,back-court-logo,485.0,2425,161.5005,0.2245,0.1479,0.4186,0.0867,0.8989,0.0382,0.5806,0.3321,1.0,0.0008,0.878,0.0221,1557.13,432.82,21.96,15.16,1.168,0.374,https://www.youtube.com/watch?v=UNeQKfe1y_U
22401022,Li_zXaKmoCU,mid-court-logo,412.0,2212,214.3503,0.163,0.16,0.4952,0.193,0.8006,0.1734,0.3748,0.3099,0.9995,0.0203,0.8597,0.0802,1701.77,804.27,31.85,15.63,1.539,0.906,https://www.youtube.com/watch?v=Li_zXaKmoCU
22401022,Li_zXaKmoCU,side-court-logo,520.6,2676,131.3054,0.0825,0.0576,0.2872,0.0453,0.662,0.1244,0.4661,0.331,0.9977,0.0428,0.8858,0.0302,1641.0,585.66,26.75,14.81,0.589,0.21,https://www.youtube.com/watch?v=Li_zXaKmoCU
22401022,Li_zXaKmoCU,side-court-led-logo,485.8,2440,255.1036,0.1758,0.206,0.5006,0.198,0.8038,0.1305,0.3511,0.3127,0.963,0.1581,0.8989,0.0457,782.89,456.53,32.9,15.55,1.644,1.35,https://www.youtube.com/watch?v=Li_zXaKmoCU
22401022,Li_zXaKmoCU,back-court-logo,499.8,2499,341.53,0.2298,0.1501,0.4251,0.0878,0.9001,0.0374,0.5829,0.3288,0.9999,0.0019,0.8785,0.0215,1517.67,387.63,21.92,15.09,1.196,0.381,https://www.youtube.com/watch?v=Li_zXaKmoCU
22401022,Li_zXaKmoCU,basket-logo,491.4,13708,192.443,0.0236,0.0309,0.1378,0.1101,0.4219,0.1104,0.3759,0.2969,0.9911,0.0755,0.9033,0.0343,2078.62,1537.57,32.22,16.04,0.2,0.119,https://www.youtube.com/watch?v=Li_zXaKmoCU
22401022,7Svp9grHq4E,mid-court-logo,357.36,2016,31.4172,0.1673,0.1609,0.5013,0.1957,0.8085,0.1707,0.3925,0.3149,1.0,0.0003,0.8538,0.0826,1958.47,996.19,31.12,15.87,1.552,0.896,https://www.youtube.com/watch?v=7Svp9grHq4E
22401022,7Svp9grHq4E,side-court-logo,421.42,2215,16.9153,0.082,0.059,0.2859,0.0386,0.6692,0.131,0.4577,0.3321,1.0,0.0,0.8846,0.033,2043.94,778.71,27.3,14.96,0.584,0.164,https://www.youtube.com/watch?v=7Svp9grHq4E
22401022,7Svp9grHq4E,back-court-logo,382.78,1912,41.6241,0.2338,0.1558,0.4274,0.097,0.911,0.0404,0.577,0.326,1.0,0.0007,0.876,0.0292,1985.12,626.63,21.91,14.45,1.207,0.412,https://www.youtube.com/watch?v=7Svp9grHq4E
22401022,7Svp9grHq4E,basket-logo,381.98,10121,22.5633,0.0239,0.0317,0.1383,0.1111,0.4348,0.118,0.3681,0.2879,0.9925,0.0684,0.9041,0.0361,3087.17,2459.19,32.04,14.94,0.204,0.13,https://www.youtube.com/watch?v=7Svp9grHq4E
22401022,7Svp9grHq4E,side-court-led-logo,395.8,1984,39.1291,0.2118,0.238,0.5546,0.2224,0.8264,0.1292,0.3585,0.3058,0.9843,0.0986,0.8913,0.0579,977.68,760.02,32.57,15.42,2.127,3.161,https://www.youtube.com/watch?v=7Svp9grHq4E
22400987,yl5q6KkRXIc,mid-court-logo,461.6,2492,95.16,0.1772,0.1953,0.6075,0.2309,0.868,0.1475,0.3097,0.3065,0.9995,0.0193,0.8866,0.0408,925.16,297.3,35.75,16.31,2.082,1.131,https://www.youtube.com/watch?v=yl5q6KkRXIc
22400987,yl5q6KkRXIc,side-court-led-logo,374.8,1874,70.091,0.1735,0.2252,0.4526,0.2328,0.7859,0.1529,0.3409,0.3263,0.9693,0.158,0.8908,0.0499,975.67,725.98,34.28,16.98,1.572,3.365,https://www.youtube.com/watch?v=yl5q6KkRXIc
22400987,yl5q6KkRXIc,side-court-logo,505.0,2588,70.7292,0.1268,0.0912,0.3596,0.0539,0.8703,0.0787,0.4224,0.3066,0.9985,0.0387,0.8985,0.0221,1645.71,390.97,28.25,13.46,0.94,0.739,https://www.youtube.com/watch?v=yl5q6KkRXIc
22400987,yl5q6KkRXIc,back-court-logo,473.2,2366,114.1294,0.2238,0.1429,0.4046,0.0616,0.9066,0.0316,0.5956,0.3507,1.0,0.0004,0.8824,0.0222,1048.37,212.13,22.2,17.36,1.11,0.252,https://www.youtube.com/watch?v=yl5q6KkRXIc
22400987,yl5q6KkRXIc,basket-logo,465.6,14668,66.9896,0.0212,0.033,0.1087,0.1169,0.4074,0.1383,0.3919,0.2913,0.9971,0.0406,0.906,0.0346,1640.23,1525.28,31.94,16.85,0.186,0.22,https://www.youtube.com/watch?v=yl5q6KkRXIc
22400987,79c69pDR-gY,mid-court-logo,472.6,2554,1375.5733,0.1807,0.1963,0.6085,0.2295,0.8694,0.1473,0.3143,0.3061,0.9999,0.0023,0.8869,0.0396,854.91,285.39,35.5,16.3,2.085,1.127,https://www.youtube.com/watch?v=79c69pDR-gY
22400987,79c69pDR-gY,side-court-logo,516.6,2657,1007.8831,0.1273,0.0902,0.3605,0.0593,0.8692,0.0823,0.4242,0.3061,0.9975,0.0488,0.8978,0.0256,1560.86,379.7,28.22,13.4,0.957,0.888,https://www.youtube.com/watch?v=79c69pDR-gY
22400987,79c69pDR-gY,side-court-led-logo,384.8,1924,1019.4833,0.1778,0.2292,0.4514,0.2317,0.7853,0.1536,0.3494,0.3317,0.968,0.1619,0.8913,0.0477,918.21,679.34,33.9,17.22,1.501,2.829,https://www.youtube.com/watch?v=79c69pDR-gY
22400987,79c69pDR-gY,back-court-logo,482.0,2410,1597.1109,0.2223,0.1433,0.4054,0.06,0.9062,0.0314,0.5906,0.3519,0.9999,0.0038,0.8828,0.0206,981.03,195.3,22.48,17.57,1.113,0.249,https://www.youtube.com/watch?v=79c69pDR-gY
22400987,79c69pDR-gY,basket-logo,476.2,14989,940.0305,0.021,0.033,0.1097,0.1172,0.4074,0.1381,0.3874,0.2923,0.9961,0.0492,0.9062,0.0348,1478.57,1394.4,32.25,17.03,0.188,0.245,https://www.youtube.com/watch?v=79c69pDR-gY
22400986,g-_T03sbA5A,mid-court-logo,360.6,1933,126.0119,0.1881,0.1831,0.5519,0.2036,0.8812,0.1235,0.3506,0.315,1.0,0.0012,0.8897,0.0597,1116.6,407.82,34.19,17.46,1.78,0.939,https://www.youtube.com/watch?v=g-_T03sbA5A
22400986,g-_T03sbA5A,side-court-led-logo,232.4,1162,72.8465,0.1809,0.1955,0.4082,0.218,0.8217,0.1887,0.4278,0.332,0.9713,0.1528,0.9035,0.0473,741.57,412.93,30.11,17.38,1.176,0.96,https://www.youtube.com/watch?v=g-_T03sbA5A
22400986,g-_T03sbA5A,side-court-logo,470.8,2444,111.6489,0.1318,0.0999,0.3936,0.0586,0.919,0.0781,0.3814,0.2983,1.0,0.0,0.9039,0.0164,2572.27,707.45,30.84,14.42,1.066,0.23,https://www.youtube.com/watch?v=g-_T03sbA5A
22400986,g-_T03sbA5A,back-court-logo,441.6,2208,250.7496,0.3277,0.2237,0.606,0.0917,0.9165,0.0264,0.5626,0.3553,0.9992,0.0282,0.8956,0.0221,1789.35,408.2,23.85,17.72,1.963,0.707,https://www.youtube.com/watch?v=g-_T03sbA5A
22400986,g-_T03sbA5A,basket-logo,437.2,14052,129.3413,0.0266,0.0337,0.1518,0.1127,0.3642,0.1453,0.3755,0.3001,0.9996,0.0184,0.9134,0.033,2260.68,1152.67,33.56,18.27,0.221,0.153,https://www.youtube.com/watch?v=g-_T03sbA5A
22400986,u3VwaFR6vcA,mid-court-logo,361.0,1935,3311.4267,0.187,0.1844,0.552,0.2041,0.88,0.1262,0.3501,0.3193,0.9998,0.0057,0.8896,0.0589,1065.88,388.39,34.4,17.75,1.781,0.941,https://www.youtube.com/watch?v=u3VwaFR6vcA
22400986,u3VwaFR6vcA,side-court-led-logo,231.6,1158,1876.6915,0.1771,0.1946,0.409,0.2169,0.822,0.1873,0.4184,0.3307,0.9706,0.153,0.9032,0.0491,680.0,393.65,30.6,17.57,1.176,0.961,https://www.youtube.com/watch?v=u3VwaFR6vcA
22400986,u3VwaFR6vcA,side-court-logo,471.2,2447,2914.2979,0.1301,0.0988,0.3943,0.0566,0.9194,0.0755,0.377,0.2958,1.0,0.0,0.9043,0.0156,2492.58,666.54,30.95,14.15,1.067,0.23,https://www.youtube.com/watch?v=u3VwaFR6vcA
22400986,u3VwaFR6vcA,back-court-logo,440.8,2204,6690.7649,0.3316,0.2216,0.6039,0.0911,0.9155,0.0261,0.5726,0.3519,1.0,0.0,0.8965,0.0169,1743.15,382.64,23.39,17.65,1.939,0.39,https://www.youtube.com/watch?v=u3VwaFR6vcA
22400986,u3VwaFR6vcA,basket-logo,438.2,14089,3492.5482,0.0271,0.0339,0.1523,0.1129,0.3646,0.1455,0.3823,0.2983,0.9994,0.0213,0.9138,0.0329,2169.05,1109.57,32.97,17.91,0.222,0.156,https://www.youtube.com/watch?v=u3VwaFR6vcA
22400992,SYet5m9lPaI,basket-logo,457.4,11971,2167.2808,0.0333,0.0426,0.1528,0.1109,0.5334,0.1693,0.3446,0.2935,0.9987,0.0309,0.8734,0.0738,1784.43,991.11,34.47,17.05,0.219,0.171,https://www.youtube.com/watch?v=SYet5m9lPaI
22400992,SYet5m9lPaI,side-court-led-logo,484.2,3499,2328.6367,0.1223,0.1298,0.3432,0.1327,0.828,0.1394,0.4111,0.3255,0.9673,0.1588,0.9026,0.0474,1276.78,787.91,30.5,16.48,0.924,2.169,https://www.youtube.com/watch?v=SYet5m9lPaI
22400992,SYet5m9lPaI,mid-court-logo,459.6,2492,2397.3859,0.1768,0.1754,0.5209,0.1864,0.8738,0.1458,0.3522,0.3123,0.9989,0.0272,0.8684,0.0539,1535.58,501.6,33.46,16.36,1.669,1.714,https://www.youtube.com/watch?v=SYet5m9lPaI
22400992,SYet5m9lPaI,side-court-logo,0.4,2,0.2726,0.0251,0.0251,0.1229,0.1229,0.733,0.267,0.4717,0.268,1.0,0.0,0.77,0.0283,1061.12,483.73,25.6,10.07,0.256,0.123,https://www.youtube.com/watch?v=SYet5m9lPaI
22400992,SYet5m9lPaI,back-court-logo,0.2,1,2.5618,0.4708,0.0,0.5281,0.0,0.9186,0.0,0.9704,0.0,1.0,0.0,0.7007,0.0,811.75,0.0,4.9,0.0,1.612,0.0,https://www.youtube.com/watch?v=SYet5m9lPaI
22400992,xSNPHbrTZ9Y,mid-court-logo,469.2,2556,137.7641,0.1803,0.1753,0.52,0.1862,0.8734,0.1434,0.3617,0.3162,0.9995,0.0195,0.869,0.0523,1650.09,523.54,33.09,16.55,1.648,1.555,https://www.youtube.com/watch?v=xSNPHbrTZ9Y
22400992,xSNPHbrTZ9Y,side-court-led-logo,494.8,3618,135.286,0.1251,0.1315,0.343,0.133,0.8259,0.1401,0.4195,0.3274,0.9705,0.1527,0.9034,0.0468,1379.91,821.83,30.16,16.55,0.887,1.446,https://www.youtube.com/watch?v=xSNPHbrTZ9Y
22400992,xSNPHbrTZ9Y,basket-logo,461.6,12349,118.745,0.0322,0.0423,0.1485,0.1111,0.5266,0.1715,0.3411,0.2959,0.9991,0.0253,0.8722,0.0745,1987.23,1132.22,34.75,17.2,0.212,0.158,https://www.youtube.com/watch?v=xSNPHbrTZ9Y
22400992,xSNPHbrTZ9Y,back-court-logo,0.2,1,0.1343,0.4493,0.0,0.5076,0.0,0.9427,0.0,0.939,0.0,1.0,0.0,0.6133,0.0,636.29,0.0,7.1,0.0,1.53,0.0,https://www.youtube.com/watch?v=xSNPHbrTZ9Y
22400992,xSNPHbrTZ9Y,side-court-logo,0.4,2,0.0145,0.0242,0.0242,0.1201,0.1201,0.6425,0.3575,0.1098,0.0918,1.0,0.0,0.7078,0.1038,1397.73,653.4,46.22,10.43,0.223,0.125,https://www.youtube.com/watch?v=xSNPHbrTZ9Y
22400994,UjpAslgfA4c,back-court-logo,420.6,2109,556.2878,0.2868,0.2542,0.662,0.1065,0.9238,0.0292,0.439,0.357,1.0,0.0,0.8846,0.0236,974.7,205.9,29.98,18.79,2.22,0.541,https://www.youtube.com/watch?v=UjpAslgfA4c
22400994,UjpAslgfA4c,mid-court-logo,418.4,2359,319.6501,0.1473,0.1366,0.3677,0.1155,0.7601,0.1376,0.4401,0.3498,0.9958,0.0556,0.8874,0.0379,980.06,345.61,29.33,17.43,0.957,0.454,https://www.youtube.com/watch?v=UjpAslgfA4c
22400994,UjpAslgfA4c,side-court-led-logo,452.6,3284,367.7445,0.1218,0.1088,0.3611,0.1263,0.6872,0.0979,0.4707,0.2946,0.9943,0.0702,0.905,0.0383,1834.03,1111.26,26.55,13.7,0.928,0.532,https://www.youtube.com/watch?v=UjpAslgfA4c
22400994,UjpAslgfA4c,side-court-logo,445.4,2306,266.5258,0.1257,0.0816,0.3833,0.0607,0.7105,0.0431,0.4753,0.3086,1.0,0.0,0.901,0.0305,1571.54,390.89,26.28,13.97,1.021,0.245,https://www.youtube.com/watch?v=UjpAslgfA4c
22400994,UjpAslgfA4c,basket-logo,410.6,12338,215.9697,0.019,0.0277,0.1562,0.116,0.3546,0.1534,0.2664,0.2681,1.0,0.0001,0.8819,0.0635,3808.57,1476.32,40.24,18.79,0.237,0.193,https://www.youtube.com/watch?v=UjpAslgfA4c
22400994,5oRlO57_Gtw,back-court-logo,515.2,2576,7455.8925,0.3333,0.2545,0.6743,0.1068,0.9248,0.0275,0.5075,0.3526,0.9999,0.0031,0.8856,0.0192,1056.95,231.24,26.03,17.35,2.28,0.548,https://www.youtube.com/watch?v=5oRlO57_Gtw
22400994,5oRlO57_Gtw,basket-logo,510.2,16173,3067.7798,0.0218,0.031,0.1533,0.1175,0.3514,0.1568,0.3121,0.2775,0.9999,0.009,0.8893,0.0557,3854.47,1596.09,36.71,17.8,0.234,0.201,https://www.youtube.com/watch?v=5oRlO57_Gtw
22400994,5oRlO57_Gtw,mid-court-logo,479.0,2580,2473.6695,0.1104,0.1196,0.3327,0.1052,0.7292,0.148,0.3667,0.3408,0.9977,0.0358,0.888,0.036,1065.24,412.35,33.51,18.2,0.809,0.475,https://www.youtube.com/watch?v=5oRlO57_Gtw
22400994,5oRlO57_Gtw,side-court-led-logo,535.0,3519,3204.7996,0.1049,0.0848,0.3601,0.1112,0.6862,0.0871,0.4322,0.2979,0.9937,0.0733,0.9112,0.0373,1926.1,1145.56,28.61,14.58,0.95,1.631,https://www.youtube.com/watch?v=5oRlO57_Gtw
22400994,5oRlO57_Gtw,side-court-logo,529.8,2696,2775.2171,0.1185,0.0842,0.3905,0.0582,0.7134,0.0311,0.4415,0.316,1.0,0.0,0.904,0.0206,1665.78,434.71,28.17,14.89,1.05,0.242,https://www.youtube.com/watch?v=5oRlO57_Gtw
22400963,yauY_RNDcpI,mid-court-logo,396.4,2111,2668.9007,0.1903,0.1814,0.5599,0.202,0.8923,0.108,0.3462,0.3053,0.9995,0.0097,0.8833,0.0704,831.29,368.5,34.05,16.9,1.838,0.994,https://www.youtube.com/watch?v=yauY_RNDcpI
22400963,yauY_RNDcpI,side-court-led-logo,272.2,1361,1526.5247,0.1688,0.2075,0.412,0.2299,0.8101,0.186,0.3892,0.324,0.9617,0.1558,0.8997,0.0527,417.64,298.72,31.84,16.86,1.498,4.777,https://www.youtube.com/watch?v=yauY_RNDcpI
22400963,yauY_RNDcpI,side-court-logo,560.0,2909,2946.5111,0.1525,0.1119,0.4055,0.069,0.9318,0.0795,0.419,0.3093,1.0,0.0,0.9025,0.021,1731.76,462.67,28.89,14.35,1.114,0.276,https://www.youtube.com/watch?v=yauY_RNDcpI
22400963,yauY_RNDcpI,back-court-logo,524.0,2620,6057.952,0.348,0.2508,0.6498,0.1132,0.9295,0.0291,0.5473,0.355,1.0,0.0,0.894,0.0192,1079.66,252.75,24.36,17.53,2.171,0.569,https://www.youtube.com/watch?v=yauY_RNDcpI
22400963,yauY_RNDcpI,basket-logo,516.2,14962,2483.9917,0.025,0.032,0.1541,0.1125,0.3675,0.1445,0.3468,0.2799,0.9989,0.025,0.9084,0.0401,1438.04,851.0,34.43,17.22,0.226,0.154,https://www.youtube.com/watch?v=yauY_RNDcpI
22400994,svbHnzeB_c4,back-court-logo,485.2,2426,263.5629,0.3373,0.252,0.6758,0.103,0.925,0.0274,0.5133,0.3472,1.0,0.0005,0.8863,0.0169,986.58,218.03,25.54,16.8,2.287,0.534,https://www.youtube.com/watch?v=svbHnzeB_c4
22400994,svbHnzeB_c4,basket-logo,480.0,15147,109.4086,0.0224,0.0311,0.1551,0.1168,0.3536,0.1556,0.3156,0.2776,1.0,0.0003,0.8882,0.0569,3696.0,1509.35,36.27,17.44,0.236,0.195,https://www.youtube.com/watch?v=svbHnzeB_c4
22400994,svbHnzeB_c4,mid-court-logo,450.4,2417,86.1958,0.1107,0.1201,0.3355,0.1058,0.7321,0.1469,0.3621,0.339,0.998,0.0309,0.8885,0.0358,1021.09,395.97,33.8,18.29,0.817,0.413,https://www.youtube.com/watch?v=svbHnzeB_c4
22400994,svbHnzeB_c4,side-court-led-logo,505.0,3299,110.5998,0.1041,0.0852,0.361,0.1105,0.6841,0.0842,0.4287,0.2977,0.9954,0.0636,0.912,0.0358,1802.54,1022.16,28.8,14.7,0.934,0.605,https://www.youtube.com/watch?v=svbHnzeB_c4
22400994,svbHnzeB_c4,side-court-logo,502.4,2559,98.0088,0.1189,0.0845,0.3924,0.0588,0.7139,0.0311,0.4413,0.3175,1.0,0.0,0.9047,0.0198,1542.43,411.72,28.22,15.03,1.059,0.241,https://www.youtube.com/watch?v=svbHnzeB_c4
22400979,hZmGwRND0bs,mid-court-logo,544.8,3002,132.1907,0.1827,0.1953,0.5498,0.2212,0.89,0.1141,0.3452,0.3228,0.9995,0.014,0.8693,0.0414,1075.06,330.39,34.2,17.13,1.824,1.113,https://www.youtube.com/watch?v=hZmGwRND0bs
22400979,hZmGwRND0bs,side-court-led-logo,551.4,4459,127.2725,0.1185,0.1164,0.325,0.1242,0.8159,0.1255,0.423,0.3248,0.9859,0.1057,0.9103,0.0369,2528.82,1349.35,29.73,16.52,0.775,0.625,https://www.youtube.com/watch?v=hZmGwRND0bs
22400979,hZmGwRND0bs,back-court-logo,505.2,2526,144.8371,0.238,0.1626,0.4693,0.0656,0.9339,0.0242,0.5387,0.3514,1.0,0.0,0.8818,0.0241,1499.06,358.79,24.54,17.05,1.376,0.269,https://www.youtube.com/watch?v=hZmGwRND0bs
22400979,hZmGwRND0bs,basket-logo,489.0,13574,46.0616,0.0141,0.0292,0.0733,0.1031,0.3757,0.1247,0.382,0.3221,0.999,0.0229,0.9078,0.0296,3110.65,1719.09,33.49,18.8,0.133,0.078,https://www.youtube.com/watch?v=hZmGwRND0bs
22400979,hZmGwRND0bs,side-court-logo,0.2,1,0.008,0.0332,0.0,0.2513,0.0,0.9908,0.0,0.1334,0.0,1.0,0.0,0.7744,0.0,1878.19,0.0,40.14,0.0,0.408,0.0,https://www.youtube.com/watch?v=hZmGwRND0bs
22400979,j7pX4-IwydY,back-court-logo,506.2,2531,4489.4924,0.2314,0.1631,0.4659,0.0746,0.9311,0.0306,0.5283,0.3476,1.0,0.0,0.882,0.022,1414.88,345.33,25.04,16.88,1.36,0.309,https://www.youtube.com/watch?v=j7pX4-IwydY
22400979,j7pX4-IwydY,basket-logo,491.2,13622,1413.896,0.0135,0.0285,0.0712,0.1024,0.3733,0.1249,0.3784,0.3219,0.9991,0.0229,0.9069,0.03,2957.37,1662.69,33.75,18.93,0.131,0.079,https://www.youtube.com/watch?v=j7pX4-IwydY
22400979,j7pX4-IwydY,mid-court-logo,539.0,2931,4191.8953,0.1866,0.1962,0.5416,0.218,0.8916,0.1118,0.3592,0.3295,0.9995,0.0172,0.8702,0.0402,1031.91,309.15,33.65,17.46,1.782,1.095,https://www.youtube.com/watch?v=j7pX4-IwydY
22400979,j7pX4-IwydY,side-court-led-logo,547.2,4334,3928.9242,0.1183,0.1139,0.3201,0.1212,0.8116,0.1283,0.4352,0.3267,0.985,0.1116,0.9098,0.0393,2445.99,1291.05,29.22,16.59,0.759,0.728,https://www.youtube.com/watch?v=j7pX4-IwydY
22400997,EShiwDLH1IU,mid-court-logo,224.2,1298,123.4472,0.2667,0.2022,0.6012,0.228,0.8803,0.1073,0.4799,0.2932,0.9993,0.017,0.8716,0.0513,744.87,348.83,26.27,13.96,2.119,1.392,https://www.youtube.com/watch?v=EShiwDLH1IU
22400997,EShiwDLH1IU,side-court-led-logo,136.0,680,52.872,0.218,0.2043,0.5443,0.2678,0.8213,0.195,0.463,0.2798,0.9586,0.1827,0.8787,0.0569,1058.64,841.57,27.16,14.01,3.206,9.404,https://www.youtube.com/watch?v=EShiwDLH1IU
22400997,EShiwDLH1IU,side-court-logo,498.2,3175,105.9763,0.0936,0.0847,0.286,0.0513,0.8511,0.2213,0.3874,0.3069,1.0,0.0,0.8865,0.0366,2595.65,917.31,30.96,15.28,0.592,0.192,https://www.youtube.com/watch?v=EShiwDLH1IU
22400997,EShiwDLH1IU,back-court-logo,468.0,2340,231.6659,0.2776,0.2052,0.5173,0.0829,0.9503,0.0216,0.5365,0.3649,0.9998,0.0053,0.8906,0.0245,1570.35,408.26,25.57,19.22,1.572,0.347,https://www.youtube.com/watch?v=EShiwDLH1IU
22400997,EShiwDLH1IU,basket-logo,443.0,12824,122.8086,0.0269,0.032,0.1559,0.1085,0.4451,0.1399,0.3249,0.2656,0.9984,0.0336,0.912,0.0335,2344.15,1935.65,35.08,16.5,0.225,0.136,https://www.youtube.com/watch?v=EShiwDLH1IU
22400997,jk4jbZzUals,back-court-logo,422.2,2125,740.0773,0.2526,0.2087,0.5245,0.0796,0.9511,0.0222,0.4821,0.3708,1.0,0.0,0.8921,0.0242,1606.0,415.8,28.72,20.13,1.602,0.329,https://www.youtube.com/watch?v=jk4jbZzUals
22400997,jk4jbZzUals,basket-logo,400.2,11099,361.1001,0.0236,0.0295,0.1556,0.1075,0.4425,0.1361,0.2894,0.2573,0.9979,0.0364,0.9105,0.0363,2288.15,1806.45,37.5,17.25,0.221,0.12,https://www.youtube.com/watch?v=jk4jbZzUals
22400997,jk4jbZzUals,mid-court-logo,200.2,1104,463.1274,0.3043,0.2138,0.6133,0.235,0.892,0.1068,0.5351,0.2899,0.9991,0.0228,0.8708,0.0541,735.93,337.3,24.12,14.06,2.194,1.339,https://www.youtube.com/watch?v=jk4jbZzUals
22400997,jk4jbZzUals,side-court-led-logo,110.2,551,148.0675,0.1949,0.1857,0.4756,0.2568,0.8054,0.2121,0.4813,0.2558,0.9541,0.1882,0.8767,0.0556,925.52,671.95,26.45,13.85,1.502,1.225,https://www.youtube.com/watch?v=jk4jbZzUals
22400997,jk4jbZzUals,side-court-logo,439.8,2709,385.8755,0.1033,0.0858,0.2893,0.049,0.8638,0.2135,0.4194,0.3081,1.0,0.0,0.8864,0.0355,2850.62,866.23,29.38,14.96,0.607,0.183,https://www.youtube.com/watch?v=jk4jbZzUals
22400997,_2lXOHZSNpQ,mid-court-logo,226.0,1308,8898.0352,0.2694,0.1984,0.6006,0.2291,0.8801,0.1085,0.4936,0.2936,0.9997,0.0047,0.8721,0.0503,784.51,339.83,25.85,14.44,2.1,1.268,https://www.youtube.com/watch?v=_2lXOHZSNpQ
22400997,_2lXOHZSNpQ,side-court-led-logo,135.2,676,3724.149,0.2182,0.2046,0.5401,0.2653,0.8202,0.1936,0.4766,0.2912,0.9533,0.195,0.8808,0.0534,1107.11,864.83,27.05,15.29,2.696,7.546,https://www.youtube.com/watch?v=_2lXOHZSNpQ
22400997,_2lXOHZSNpQ,side-court-logo,501.8,3201,7671.6285,0.0949,0.0854,0.2839,0.0522,0.8503,0.2222,0.3976,0.313,1.0,0.0,0.8867,0.036,2762.23,1010.25,30.62,15.66,0.584,0.19,https://www.youtube.com/watch?v=_2lXOHZSNpQ
22400997,_2lXOHZSNpQ,back-court-logo,470.2,2351,16243.1188,0.2736,0.2073,0.5177,0.0838,0.9509,0.0213,0.5268,0.3689,1.0,0.0005,0.8903,0.0262,1703.65,429.22,26.15,19.47,1.574,0.349,https://www.youtube.com/watch?v=_2lXOHZSNpQ
22400997,_2lXOHZSNpQ,basket-logo,446.0,12862,8645.2753,0.0266,0.0321,0.1555,0.1087,0.4445,0.1408,0.3229,0.2691,0.9989,0.0274,0.9118,0.0335,2602.29,2082.34,35.45,16.92,0.224,0.133,https://www.youtube.com/watch?v=_2lXOHZSNpQ
22400967,YLLFUyYLLNs,side-court-led-logo,264.0,1320,56.6269,0.1349,0.1456,0.3266,0.1727,0.9604,0.0489,0.3803,0.3083,0.9938,0.0683,0.8915,0.0586,889.42,414.98,32.52,17.29,0.965,2.52,https://www.youtube.com/watch?v=YLLFUyYLLNs
22400967,YLLFUyYLLNs,side-court-logo,474.8,2453,109.9327,0.1409,0.0992,0.3384,0.0567,0.9902,0.0174,0.4411,0.314,0.9981,0.0426,0.9013,0.0243,3510.01,832.43,28.21,14.94,0.861,0.953,https://www.youtube.com/watch?v=YLLFUyYLLNs
22400967,YLLFUyYLLNs,back-court-logo,451.8,2259,223.3178,0.3108,0.2407,0.6118,0.095,0.9392,0.0168,0.5092,0.3652,1.0,0.0,0.8986,0.0174,1215.31,244.5,26.31,18.34,1.976,0.421,https://www.youtube.com/watch?v=YLLFUyYLLNs
22400967,YLLFUyYLLNs,basket-logo,445.8,10147,80.0927,0.0248,0.0293,0.1634,0.0979,0.4247,0.1174,0.3135,0.2973,0.9996,0.017,0.9135,0.0344,2812.24,1940.43,37.64,19.23,0.206,0.116,https://www.youtube.com/watch?v=YLLFUyYLLNs
22400967,YLLFUyYLLNs,mid-court-logo,2.2,11,0.078,0.0223,0.0373,0.3298,0.0874,0.7962,0.1071,0.1493,0.2102,0.7505,0.3344,0.6995,0.0844,272.66,234.5,47.88,15.91,0.765,0.4,https://www.youtube.com/watch?v=YLLFUyYLLNs
22400975,p5vf3SbqhS0,back-court-logo,432.23,2176,9089.3212,0.3943,0.2536,0.7221,0.1192,0.9488,0.0215,0.5651,0.3363,1.0,0.0,0.8925,0.0282,1000.29,837.21,23.0,15.78,2.548,0.687,https://www.youtube.com/watch?v=p5vf3SbqhS0
22400975,p5vf3SbqhS0,basket-logo,419.02,12372,2583.568,0.0197,0.0292,0.1279,0.1129,0.3604,0.1366,0.3469,0.2901,0.9963,0.0448,0.8924,0.0558,1374.68,904.54,34.45,17.49,0.188,0.14,https://www.youtube.com/watch?v=p5vf3SbqhS0
22400975,p5vf3SbqhS0,mid-court-logo,431.63,2334,3021.0537,0.1222,0.1266,0.392,0.0867,0.8528,0.0839,0.3455,0.3354,1.0,0.0007,0.8976,0.0336,2384.16,969.85,34.67,18.28,1.059,0.385,https://www.youtube.com/watch?v=p5vf3SbqhS0
22400975,p5vf3SbqhS0,side-court-led-logo,463.06,3501,3870.7575,0.1044,0.1194,0.3533,0.146,0.7185,0.136,0.3877,0.3117,0.9142,0.2664,0.9034,0.0487,886.49,704.84,31.52,16.26,0.933,1.025,https://www.youtube.com/watch?v=p5vf3SbqhS0
22400975,p5vf3SbqhS0,side-court-logo,462.66,2445,4303.8935,0.1662,0.0887,0.3798,0.0838,0.8004,0.109,0.5453,0.2715,0.9978,0.0442,0.877,0.0491,2419.31,701.21,23.11,12.03,1.062,1.35,https://www.youtube.com/watch?v=p5vf3SbqhS0
22400980,YCfZuSgideo,back-court-logo,502.4,2512,765.6426,0.2229,0.1358,0.407,0.0684,0.8961,0.0379,0.595,0.3194,0.9997,0.0127,0.8776,0.0251,1471.26,421.29,21.72,15.23,1.118,0.285,https://www.youtube.com/watch?v=YCfZuSgideo
22400980,YCfZuSgideo,basket-logo,491.8,13887,434.0336,0.0229,0.0309,0.1208,0.1116,0.4154,0.1078,0.4037,0.2983,0.9918,0.0739,0.9046,0.0296,2601.43,2084.18,30.9,16.29,0.188,0.102,https://www.youtube.com/watch?v=YCfZuSgideo
22400980,YCfZuSgideo,mid-court-logo,430.8,2324,460.7349,0.145,0.1498,0.4873,0.1856,0.7887,0.1776,0.3591,0.3193,0.9999,0.0012,0.8569,0.0817,1738.49,893.35,32.87,16.29,1.486,0.827,https://www.youtube.com/watch?v=YCfZuSgideo
22400980,YCfZuSgideo,side-court-led-logo,514.6,2576,598.8089,0.17,0.212,0.5121,0.1986,0.81,0.1228,0.3278,0.3136,0.9603,0.1483,0.9014,0.0445,734.46,533.46,34.6,16.3,1.8,3.326,https://www.youtube.com/watch?v=YCfZuSgideo
22400980,YCfZuSgideo,side-court-logo,532.2,2728,274.7471,0.0736,0.0544,0.284,0.0286,0.6446,0.1103,0.4279,0.3217,1.0,0.0,0.8858,0.0275,1605.56,573.99,28.55,14.75,0.573,0.131,https://www.youtube.com/watch?v=YCfZuSgideo
22400980,8a5dqkAKVp8,back-court-logo,412.01,2059,71.9816,0.2162,0.1438,0.4157,0.0688,0.9109,0.038,0.5618,0.347,0.9987,0.0258,0.8693,0.044,1188.38,380.7,23.29,16.71,1.155,0.292,https://www.youtube.com/watch?v=8a5dqkAKVp8
22400980,8a5dqkAKVp8,basket-logo,407.81,10742,44.6975,0.0257,0.0329,0.1368,0.1095,0.4306,0.1111,0.3983,0.3047,0.987,0.0912,0.9046,0.0346,2931.3,2486.43,31.88,17.41,0.197,0.112,https://www.youtube.com/watch?v=8a5dqkAKVp8
22400980,8a5dqkAKVp8,mid-court-logo,461.06,4327,93.3305,0.1334,0.1533,0.5114,0.2045,0.7842,0.1818,0.3281,0.3132,0.9638,0.1639,0.8675,0.0628,1145.94,581.68,34.98,16.87,1.619,1.017,https://www.youtube.com/watch?v=8a5dqkAKVp8
22400980,8a5dqkAKVp8,side-court-led-logo,459.46,2298,65.2972,0.1757,0.2098,0.543,0.2198,0.7791,0.1002,0.3497,0.3267,0.9515,0.1581,0.9087,0.0408,684.19,541.5,33.46,16.43,1.956,1.605,https://www.youtube.com/watch?v=8a5dqkAKVp8
22400980,8a5dqkAKVp8,side-court-logo,468.87,2418,30.5412,0.0781,0.0612,0.2917,0.0389,0.6295,0.1072,0.4447,0.329,0.9982,0.0322,0.8838,0.0349,1225.41,498.61,27.88,15.24,0.61,0.173,https://www.youtube.com/watch?v=8a5dqkAKVp8
22400982,r7Fsp1Z0o80,mid-court-logo,359.6,2016,9520.3331,0.2171,0.1872,0.4708,0.1458,0.8748,0.0901,0.4757,0.3536,0.9999,0.0035,0.8776,0.0433,1034.67,381.16,27.41,17.27,1.396,0.68,https://www.youtube.com/watch?v=r7Fsp1Z0o80
22400982,r7Fsp1Z0o80,side-court-led-logo,482.4,3218,9414.353,0.1345,0.1289,0.3682,0.1346,0.8475,0.1356,0.4304,0.3182,0.9947,0.0544,0.9005,0.0422,1338.6,878.15,29.16,15.61,0.986,0.782,https://www.youtube.com/watch?v=r7Fsp1Z0o80
22400982,r7Fsp1Z0o80,back-court-logo,461.4,2307,18599.1252,0.3706,0.2887,0.7131,0.1297,0.9541,0.0205,0.5111,0.3615,0.9998,0.0054,0.8961,0.0189,800.07,197.71,26.64,18.87,2.621,1.099,https://www.youtube.com/watch?v=r7Fsp1Z0o80
22400982,r7Fsp1Z0o80,basket-logo,454.6,12246,6039.6652,0.0227,0.0291,0.146,0.1067,0.401,0.1188,0.3075,0.2758,0.9993,0.0214,0.9103,0.0332,2448.45,1672.38,37.45,18.54,0.199,0.103,https://www.youtube.com/watch?v=r7Fsp1Z0o80
22400982,r7Fsp1Z0o80,side-court-logo,3.0,15,5.6091,0.0172,0.0256,0.1377,0.1149,0.3473,0.0564,0.3298,0.3191,1.0,0.0,0.6826,0.0466,2077.78,1304.91,33.55,14.56,0.21,0.156,https://www.youtube.com/watch?v=r7Fsp1Z0o80
22400975,bIyKQLTwc14,back-court-logo,287.85,1430,214.0221,0.3563,0.2701,0.7177,0.1186,0.9477,0.0238,0.5081,0.3611,0.9994,0.0227,0.8926,0.0203,1310.3,327.71,25.6,17.32,2.509,0.747,https://www.youtube.com/watch?v=bIyKQLTwc14
22400975,bIyKQLTwc14,basket-logo,281.55,8418,62.6073,0.0177,0.0284,0.1193,0.1129,0.3517,0.1351,0.3242,0.294,0.9995,0.0153,0.896,0.0492,2426.72,1328.99,36.08,17.81,0.177,0.121,https://www.youtube.com/watch?v=bIyKQLTwc14
22400975,bIyKQLTwc14,mid-court-logo,291.1,1546,85.4539,0.1316,0.1282,0.3828,0.0818,0.8403,0.0944,0.3831,0.349,1.0,0.0,0.9013,0.0325,3533.75,1327.77,33.1,18.74,1.013,0.342,https://www.youtube.com/watch?v=bIyKQLTwc14
22400975,bIyKQLTwc14,side-court-led-logo,307.55,2333,104.12,0.1063,0.1066,0.3399,0.131,0.7102,0.1272,0.4229,0.3106,0.9591,0.1931,0.9114,0.0409,1503.47,956.69,29.4,15.51,0.851,0.581,https://www.youtube.com/watch?v=bIyKQLTwc14
22400975,bIyKQLTwc14,side-court-logo,303.89,1669,106.9952,0.1526,0.0862,0.3618,0.0809,0.7779,0.1315,0.5303,0.266,0.9994,0.0228,0.8695,0.0514,3269.27,1292.43,23.36,11.42,0.93,0.422,https://www.youtube.com/watch?v=bIyKQLTwc14
22400982,jMRC3EsjyyE,back-court-logo,372.6,1863,863.853,0.3768,0.2951,0.7154,0.1389,0.9541,0.0218,0.5123,0.3646,0.9993,0.0148,0.8919,0.0229,734.46,190.75,26.9,19.4,2.667,1.181,https://www.youtube.com/watch?v=jMRC3EsjyyE
22400982,jMRC3EsjyyE,basket-logo,367.2,9812,286.2895,0.0237,0.0298,0.1498,0.1061,0.406,0.1196,0.3077,0.2747,0.9984,0.03,0.9084,0.0366,2256.36,1583.66,37.6,18.81,0.204,0.107,https://www.youtube.com/watch?v=jMRC3EsjyyE
22400982,jMRC3EsjyyE,mid-court-logo,288.8,1629,456.4666,0.2277,0.1934,0.4843,0.1479,0.8763,0.0935,0.4867,0.3605,0.9996,0.0085,0.8746,0.0463,1042.59,364.23,27.06,17.55,1.458,0.697,https://www.youtube.com/watch?v=jMRC3EsjyyE
22400982,jMRC3EsjyyE,side-court-led-logo,388.8,2655,433.9614,0.1328,0.1294,0.3692,0.1369,0.8424,0.1389,0.4281,0.3233,0.9904,0.0742,0.8931,0.0464,1226.04,894.33,29.39,16.06,0.995,0.845,https://www.youtube.com/watch?v=jMRC3EsjyyE
22400982,jMRC3EsjyyE,side-court-logo,3.0,15,0.5365,0.0291,0.0325,0.1442,0.1196,0.3718,0.1042,0.4743,0.3425,1.0,0.0,0.6947,0.0574,2020.0,1121.29,27.7,16.6,0.255,0.156,https://www.youtube.com/watch?v=jMRC3EsjyyE
22400978,uRKuNNLLFJs,mid-court-logo,487.4,2738,80.974,0.1809,0.1935,0.6167,0.1962,0.8806,0.1277,0.3632,0.3108,0.8306,0.3028,0.8853,0.0381,284.82,202.34,32.77,15.94,2.074,0.906,https://www.youtube.com/watch?v=uRKuNNLLFJs
22400978,uRKuNNLLFJs,side-court-led-logo,426.6,2165,48.0353,0.1357,0.1708,0.3934,0.1659,0.7292,0.1646,0.3562,0.3258,0.9709,0.1592,0.8943,0.0501,1351.88,619.07,33.77,17.29,1.315,3.838,https://www.youtube.com/watch?v=uRKuNNLLFJs
22400978,uRKuNNLLFJs,side-court-logo,503.8,5320,94.9288,0.1091,0.0732,0.2812,0.0516,0.7263,0.1447,0.5213,0.313,1.0,0.0,0.8102,0.0855,3140.06,697.59,24.52,14.24,0.561,0.213,https://www.youtube.com/watch?v=uRKuNNLLFJs
22400978,uRKuNNLLFJs,back-court-logo,482.6,2414,58.2239,0.1475,0.1007,0.3129,0.0468,0.8311,0.0582,0.5547,0.3486,1.0,0.0,0.8729,0.0195,2079.4,378.57,23.36,16.25,0.711,0.313,https://www.youtube.com/watch?v=uRKuNNLLFJs
22400978,uRKuNNLLFJs,basket-logo,476.0,12989,40.5772,0.0191,0.0303,0.1044,0.1095,0.447,0.0968,0.3504,0.2989,0.976,0.1265,0.882,0.0581,1111.53,1146.18,34.34,17.35,0.169,0.075,https://www.youtube.com/watch?v=uRKuNNLLFJs
22400978,lITWcwAf30o,mid-court-logo,488.0,2730,771.5783,0.1726,0.1946,0.6207,0.1969,0.8811,0.1275,0.3625,0.31,0.7765,0.3492,0.8835,0.0405,262.59,203.92,32.79,15.88,2.096,0.923,https://www.youtube.com/watch?v=lITWcwAf30o
22400978,lITWcwAf30o,side-court-led-logo,423.4,2144,475.8447,0.1355,0.1728,0.3932,0.1647,0.7284,0.1645,0.3531,0.324,0.9766,0.1412,0.8946,0.0481,1315.24,602.33,33.85,17.17,1.304,4.105,https://www.youtube.com/watch?v=lITWcwAf30o
22400978,lITWcwAf30o,side-court-logo,501.6,5334,958.4315,0.1097,0.0729,0.2827,0.0555,0.7255,0.1445,0.5239,0.3119,0.9998,0.0133,0.8106,0.0852,3056.49,696.23,24.45,14.24,0.57,0.304,https://www.youtube.com/watch?v=lITWcwAf30o
22400978,lITWcwAf30o,back-court-logo,481.2,2407,584.5047,0.1483,0.102,0.3134,0.0481,0.8305,0.0581,0.5556,0.3483,0.9999,0.004,0.8725,0.02,2020.78,377.27,23.25,16.12,0.711,0.216,https://www.youtube.com/watch?v=lITWcwAf30o
22400978,lITWcwAf30o,basket-logo,473.4,12839,397.8114,0.0189,0.0301,0.105,0.1096,0.4485,0.097,0.349,0.2966,0.9612,0.153,0.8819,0.0583,1050.38,1149.65,34.29,17.1,0.17,0.077,https://www.youtube.com/watch?v=lITWcwAf30o
22400961,rVllvervvrQ,basket-logo,412.2,11038,1396.4649,0.0336,0.0391,0.1724,0.0965,0.5472,0.1632,0.2952,0.2663,0.9825,0.1185,0.9054,0.0387,1600.47,1666.65,37.58,17.55,0.216,0.116,https://www.youtube.com/watch?v=rVllvervvrQ
22400961,rVllvervvrQ,mid-court-logo,314.0,1768,1402.2206,0.2105,0.1677,0.5077,0.2014,0.9105,0.1043,0.4478,0.3162,0.9989,0.0243,0.89,0.0443,1051.77,439.39,28.13,15.48,1.583,0.923,https://www.youtube.com/watch?v=rVllvervvrQ
22400961,rVllvervvrQ,side-court-led-logo,240.8,1205,910.4138,0.2005,0.2112,0.4566,0.2667,0.8211,0.1569,0.4587,0.298,0.9442,0.2182,0.8839,0.0658,992.05,764.51,27.34,14.26,1.597,2.233,https://www.youtube.com/watch?v=rVllvervvrQ
22400961,rVllvervvrQ,back-court-logo,0.2,1,0.9075,0.2409,0.0,0.8787,0.0,0.9802,0.0,0.2796,0.0,1.0,0.0,0.793,0.0,386.47,0.0,31.93,0.0,3.48,0.0,https://www.youtube.com/watch?v=rVllvervvrQ
22401006,vF0Xx3VCXcA,mid-court-logo,380.2,2197,26076.0476,0.1985,0.1754,0.5056,0.171,0.9198,0.1097,0.4064,0.323,0.9992,0.0141,0.8725,0.048,826.07,293.83,31.11,17.03,1.554,0.777,https://www.youtube.com/watch?v=vF0Xx3VCXcA
22401006,vF0Xx3VCXcA,side-court-led-logo,266.6,1337,18319.2228,0.2291,0.2265,0.5063,0.2552,0.8382,0.1554,0.4678,0.3071,0.9309,0.2383,0.8773,0.0578,879.09,571.04,27.46,15.46,2.756,9.767,https://www.youtube.com/watch?v=vF0Xx3VCXcA
22401006,vF0Xx3VCXcA,side-court-logo,455.0,2277,20879.4457,0.1534,0.084,0.3248,0.0617,0.8964,0.071,0.5267,0.2645,0.9979,0.0346,0.8666,0.0507,767.15,268.34,23.82,11.89,0.76,0.302,https://www.youtube.com/watch?v=vF0Xx3VCXcA
22401006,vF0Xx3VCXcA,back-court-logo,436.2,2181,43293.8874,0.332,0.2706,0.6751,0.1279,0.9341,0.0272,0.4897,0.3611,0.9977,0.0278,0.9013,0.0246,533.76,138.15,27.53,18.56,2.34,0.802,https://www.youtube.com/watch?v=vF0Xx3VCXcA
22401006,vF0Xx3VCXcA,basket-logo,425.4,10820,15820.2386,0.0245,0.035,0.1411,0.1182,0.3943,0.151,0.3312,0.2901,0.9957,0.054,0.911,0.038,2063.6,1427.58,35.6,17.76,0.222,0.208,https://www.youtube.com/watch?v=vF0Xx3VCXcA
22401006,05s9qrlEyUQ,back-court-logo,495.09,2482,35202.1145,0.3017,0.2485,0.6533,0.1161,0.9291,0.0271,0.47,0.3508,0.9988,0.023,0.9017,0.0228,719.75,177.59,27.94,17.51,2.192,0.597,https://www.youtube.com/watch?v=05s9qrlEyUQ
22401006,05s9qrlEyUQ,basket-logo,487.09,12770,13054.6908,0.0217,0.0331,0.1374,0.1176,0.3879,0.1493,0.3054,0.2797,0.9978,0.0353,0.9113,0.0363,2840.17,2004.67,36.85,17.34,0.212,0.177,https://www.youtube.com/watch?v=05s9qrlEyUQ
22401006,05s9qrlEyUQ,mid-court-logo,438.84,2368,20311.6347,0.1825,0.1699,0.4832,0.1611,0.9214,0.1001,0.3942,0.3316,0.9994,0.0166,0.8792,0.0449,1109.09,367.68,31.56,17.2,1.474,0.829,https://www.youtube.com/watch?v=05s9qrlEyUQ
22401006,05s9qrlEyUQ,side-court-led-logo,309.91,1550,12993.3626,0.1783,0.2066,0.436,0.2326,0.7974,0.166,0.4277,0.3099,0.9198,0.253,0.878,0.0582,1131.72,726.97,29.54,15.87,1.45,1.691,https://www.youtube.com/watch?v=05s9qrlEyUQ
22401006,05s9qrlEyUQ,side-court-logo,494.29,2471,18371.7874,0.1582,0.0731,0.3161,0.0527,0.8858,0.0714,0.5705,0.2478,0.9997,0.0083,0.865,0.052,1041.22,349.9,21.77,10.42,0.719,0.237,https://www.youtube.com/watch?v=05s9qrlEyUQ
22401006,gAbWC5OjXLU,basket-logo,364.96,10408,3471.8549,0.0152,0.0275,0.0897,0.1106,0.3501,0.139,0.3723,0.2989,0.9955,0.0523,0.907,0.0359,1419.32,1164.68,32.5,16.28,0.154,0.114,https://www.youtube.com/watch?v=gAbWC5OjXLU
22401006,gAbWC5OjXLU,back-court-logo,360.96,1804,9086.022,0.2296,0.1434,0.4837,0.051,0.8839,0.0241,0.5436,0.3271,0.9893,0.079,0.8973,0.0195,381.7,100.03,23.71,15.04,1.439,0.286,https://www.youtube.com/watch?v=gAbWC5OjXLU
22401006,gAbWC5OjXLU,mid-court-logo,370.97,3649,9540.5258,0.1192,0.1295,0.4769,0.1463,0.7938,0.1249,0.301,0.2925,0.9969,0.0462,0.8719,0.0564,1116.44,848.32,35.87,15.69,1.41,0.628,https://www.youtube.com/watch?v=gAbWC5OjXLU
22401006,gAbWC5OjXLU,side-court-led-logo,372.37,1861,3940.3039,0.0965,0.155,0.3968,0.1436,0.7029,0.0834,0.2647,0.2886,0.9835,0.109,0.9002,0.0382,488.61,178.32,38.36,16.07,1.169,1.458,https://www.youtube.com/watch?v=gAbWC5OjXLU
22401006,gAbWC5OjXLU,side-court-logo,329.33,1649,5346.8698,0.1478,0.0503,0.2677,0.0245,0.81,0.0635,0.6836,0.2135,0.9981,0.0327,0.8353,0.0639,667.82,187.4,17.25,8.4,0.49,0.123,https://www.youtube.com/watch?v=gAbWC5OjXLU
22401006,IGkI6fpx7-s,back-court-logo,379.8,1900,1096.6885,0.3057,0.2693,0.6577,0.1293,0.9311,0.0292,0.4666,0.37,0.9956,0.0531,0.8992,0.0242,507.3,129.88,28.87,19.35,2.263,0.824,https://www.youtube.com/watch?v=IGkI6fpx7-s
22401006,IGkI6fpx7-s,basket-logo,371.6,9350,408.6286,0.0231,0.0349,0.1382,0.118,0.3911,0.1487,0.3199,0.2971,0.9953,0.056,0.9096,0.0393,2025.41,1660.5,36.88,18.61,0.217,0.182,https://www.youtube.com/watch?v=IGkI6fpx7-s
22401006,IGkI6fpx7-s,mid-court-logo,344.6,1881,717.9119,0.2021,0.1822,0.5028,0.1612,0.9155,0.1074,0.4229,0.3424,0.9977,0.0347,0.88,0.0388,844.06,302.34,30.68,18.0,1.535,0.721,https://www.youtube.com/watch?v=IGkI6fpx7-s
22401006,IGkI6fpx7-s,side-court-led-logo,250.2,1251,443.2623,0.1876,0.1973,0.4577,0.2176,0.8074,0.1589,0.4386,0.3224,0.9069,0.2781,0.879,0.0539,880.18,549.26,29.45,16.88,1.417,1.167,https://www.youtube.com/watch?v=IGkI6fpx7-s
22401006,IGkI6fpx7-s,side-court-logo,375.2,1877,521.5866,0.1472,0.0824,0.3263,0.0658,0.8946,0.0715,0.512,0.2682,0.9966,0.0421,0.8622,0.0547,736.89,267.31,24.41,12.04,0.763,0.291,https://www.youtube.com/watch?v=IGkI6fpx7-s
22400981,23OOpdbPixY,mid-court-logo,367.09,1868,78.296,0.2069,0.1883,0.5951,0.2061,0.8883,0.1052,0.3703,0.3217,0.9997,0.0083,0.8931,0.0638,969.25,399.55,33.09,17.61,2.027,1.07,https://www.youtube.com/watch?v=23OOpdbPixY
22400981,23OOpdbPixY,side-court-led-logo,282.89,1401,49.4683,0.1743,0.2065,0.4285,0.2394,0.8161,0.1835,0.4038,0.3253,0.9413,0.2109,0.9039,0.0499,503.05,284.98,31.66,17.88,1.534,3.165,https://www.youtube.com/watch?v=23OOpdbPixY
22400981,23OOpdbPixY,side-court-logo,503.38,2527,76.3131,0.149,0.1197,0.4256,0.0763,0.9318,0.0762,0.3941,0.3157,0.9997,0.0168,0.9056,0.0251,1989.4,594.71,30.61,15.37,1.198,0.32,https://www.youtube.com/watch?v=23OOpdbPixY
22400981,23OOpdbPixY,back-court-logo,468.25,2319,167.7903,0.3571,0.2871,0.6942,0.1339,0.9452,0.0285,0.5015,0.3646,1.0,0.0002,0.8918,0.0242,1322.23,353.0,27.22,19.15,2.451,0.825,https://www.youtube.com/watch?v=23OOpdbPixY
22400981,23OOpdbPixY,basket-logo,454.72,11792,61.7163,0.0258,0.034,0.1581,0.1128,0.3851,0.1482,0.3199,0.2799,0.9994,0.0215,0.9054,0.0475,1711.5,1011.01,36.58,18.28,0.237,0.161,https://www.youtube.com/watch?v=23OOpdbPixY
22400991,9iVeDAbEPvY,back-court-logo,500.8,2504,149.5722,0.3408,0.2489,0.6219,0.1057,0.9394,0.0186,0.5461,0.3636,1.0,0.0,0.8982,0.0205,1109.08,206.9,24.46,18.0,2.03,0.488,https://www.youtube.com/watch?v=9iVeDAbEPvY
22400991,9iVeDAbEPvY,basket-logo,490.8,11111,51.6461,0.0265,0.0289,0.1629,0.0974,0.4178,0.1134,0.3382,0.2952,0.9987,0.0233,0.9112,0.0356,2355.89,1457.89,35.63,18.32,0.206,0.084,https://www.youtube.com/watch?v=9iVeDAbEPvY
22400991,9iVeDAbEPvY,side-court-led-logo,293.4,1467,35.6405,0.1386,0.153,0.3515,0.1596,0.9587,0.051,0.3539,0.3116,0.9968,0.0412,0.8967,0.0484,896.43,377.28,33.86,17.32,0.884,0.649,https://www.youtube.com/watch?v=9iVeDAbEPvY
22400991,9iVeDAbEPvY,side-court-logo,523.6,2717,60.9371,0.1279,0.0975,0.3353,0.0508,0.9874,0.0169,0.4096,0.3184,0.9997,0.0119,0.8898,0.0354,3534.34,971.46,29.83,15.38,0.811,0.213,https://www.youtube.com/watch?v=9iVeDAbEPvY
22400991,9iVeDAbEPvY,mid-court-logo,1.0,5,0.0013,0.0015,0.002,0.1061,0.131,0.4518,0.1277,0.0261,0.0107,0.7399,0.3153,0.6568,0.0267,154.0,67.35,54.94,4.41,0.243,0.209,https://www.youtube.com/watch?v=9iVeDAbEPvY
22400991,rRCLWK8B45E,back-court-logo,334.73,1673,48.2442,0.318,0.2201,0.5967,0.0748,0.9387,0.0208,0.5525,0.3682,0.9984,0.0366,0.897,0.0232,1489.1,388.55,24.33,18.52,1.899,0.311,https://www.youtube.com/watch?v=rRCLWK8B45E
22400991,rRCLWK8B45E,basket-logo,321.32,7011,18.5237,0.0291,0.0327,0.1656,0.1024,0.4218,0.1448,0.3778,0.3072,0.999,0.0257,0.9103,0.0293,2953.85,1858.42,33.43,18.2,0.228,0.133,https://www.youtube.com/watch?v=rRCLWK8B45E
22400991,rRCLWK8B45E,side-court-led-logo,172.57,862,13.5626,0.1735,0.186,0.4325,0.223,0.8861,0.1533,0.3857,0.3126,0.9969,0.0455,0.8938,0.0601,937.21,737.89,31.84,16.52,1.594,3.64,https://www.youtube.com/watch?v=rRCLWK8B45E
22400991,rRCLWK8B45E,side-court-logo,370.97,1931,22.7327,0.1298,0.0932,0.3236,0.0399,0.9741,0.0486,0.4199,0.3011,0.9999,0.0028,0.8885,0.0357,4640.29,1104.53,28.62,13.76,0.765,0.15,https://www.youtube.com/watch?v=rRCLWK8B45E
22400991,rRCLWK8B45E,mid-court-logo,143.74,822,11.2748,0.1513,0.1287,0.4288,0.1444,0.8809,0.1155,0.422,0.3173,0.9735,0.1465,0.8194,0.0817,701.25,319.68,30.18,16.59,1.228,0.711,https://www.youtube.com/watch?v=rRCLWK8B45E
22400991,Uv6NOFpZIRs,back-court-logo,499.2,2496,2233.2325,0.3425,0.2498,0.6235,0.1068,0.9388,0.0184,0.5472,0.3633,1.0,0.0,0.8988,0.0161,1035.68,181.75,24.44,18.06,2.038,0.491,https://www.youtube.com/watch?v=Uv6NOFpZIRs
22400991,Uv6NOFpZIRs,basket-logo,491.8,11121,771.7632,0.0266,0.0288,0.1646,0.0965,0.4178,0.1131,0.3371,0.2942,0.9941,0.0583,0.9112,0.0353,2194.28,1374.59,35.7,18.32,0.207,0.084,https://www.youtube.com/watch?v=Uv6NOFpZIRs
22400991,Uv6NOFpZIRs,side-court-led-logo,292.0,1460,518.8364,0.136,0.1507,0.3481,0.1597,0.9572,0.0534,0.3517,0.311,0.9958,0.0464,0.8932,0.054,810.32,354.15,34.05,17.36,0.918,1.914,https://www.youtube.com/watch?v=Uv6NOFpZIRs
22400991,Uv6NOFpZIRs,side-court-logo,521.4,2698,900.3202,0.1277,0.0973,0.3367,0.0515,0.9874,0.0167,0.4075,0.3168,0.9995,0.0149,0.8899,0.0334,3419.01,919.24,29.93,15.32,0.818,0.215,https://www.youtube.com/watch?v=Uv6NOFpZIRs
22400991,Uv6NOFpZIRs,mid-court-logo,0.8,4,0.0167,0.0016,0.001,0.2295,0.0186,0.5897,0.1207,0.0125,0.0062,0.9243,0.1284,0.7648,0.0567,342.61,249.35,60.39,4.67,0.286,0.104,https://www.youtube.com/watch?v=Uv6NOFpZIRs
22400972,__P9s4cwPF0,mid-court-logo,399.6,2199,3685.1921,0.1859,0.1828,0.4776,0.1493,0.8047,0.1215,0.4075,0.3378,0.9988,0.0267,0.8839,0.0397,978.41,389.52,30.87,17.18,1.425,0.682,https://www.youtube.com/watch?v=__P9s4cwPF0
22400972,__P9s4cwPF0,side-court-led-logo,499.1,3437,3191.5871,0.103,0.1145,0.362,0.1361,0.653,0.1055,0.408,0.3103,0.9969,0.0475,0.9058,0.0426,1199.14,702.06,30.18,15.5,0.994,1.81,https://www.youtube.com/watch?v=__P9s4cwPF0
22400972,__P9s4cwPF0,side-court-logo,501.3,2568,2550.1395,0.1102,0.0878,0.3922,0.0718,0.6981,0.0603,0.4161,0.3255,0.9996,0.0181,0.8956,0.0361,1596.3,443.92,29.66,15.63,1.074,1.048,https://www.youtube.com/watch?v=__P9s4cwPF0
22400972,__P9s4cwPF0,back-court-logo,464.26,2319,5265.8326,0.2519,0.1902,0.4646,0.1017,0.9422,0.0249,0.5416,0.3488,0.9999,0.0015,0.8851,0.0319,1052.6,326.34,24.26,16.95,1.363,0.44,https://www.youtube.com/watch?v=__P9s4cwPF0
22400972,__P9s4cwPF0,basket-logo,466.87,12678,2572.5178,0.0225,0.0345,0.1126,0.113,0.432,0.1653,0.3197,0.2682,0.9987,0.0275,0.8977,0.0559,2548.82,1941.52,35.37,16.34,0.162,0.124,https://www.youtube.com/watch?v=__P9s4cwPF0
22400972,PGwkpdUHcZg,back-court-logo,337.0,1685,226.302,0.2517,0.208,0.4772,0.1192,0.9447,0.027,0.5174,0.359,0.9989,0.0198,0.8838,0.0326,848.47,267.23,25.71,17.87,1.423,0.54,https://www.youtube.com/watch?v=PGwkpdUHcZg
22400972,PGwkpdUHcZg,basket-logo,335.4,8341,106.8714,0.024,0.0363,0.1197,0.1139,0.447,0.1656,0.3221,0.2716,0.9962,0.0513,0.8917,0.065,1945.24,1564.87,35.8,17.19,0.174,0.132,https://www.youtube.com/watch?v=PGwkpdUHcZg
22400972,PGwkpdUHcZg,mid-court-logo,298.2,1685,184.8937,0.2056,0.1912,0.5041,0.1546,0.8216,0.114,0.4338,0.3434,0.997,0.0418,0.8819,0.0407,919.8,396.84,29.66,17.36,1.545,0.721,https://www.youtube.com/watch?v=PGwkpdUHcZg
22400972,PGwkpdUHcZg,side-court-led-logo,364.4,2618,150.0204,0.1074,0.1187,0.3677,0.1483,0.6555,0.1126,0.4179,0.3103,0.9914,0.0778,0.898,0.0475,866.35,498.65,29.92,15.8,1.002,1.663,https://www.youtube.com/watch?v=PGwkpdUHcZg
22400972,PGwkpdUHcZg,side-court-logo,367.4,1893,114.7946,0.1136,0.0888,0.3907,0.0824,0.6985,0.0692,0.4298,0.3263,0.9988,0.0297,0.8906,0.0418,1322.96,360.9,29.33,16.03,1.072,1.051,https://www.youtube.com/watch?v=PGwkpdUHcZg
22400969,60o3ZoM9DvM,mid-court-logo,304.5,1719,2495.5127,0.2321,0.2094,0.5784,0.2222,0.8981,0.1293,0.3823,0.3011,0.9979,0.0426,0.8604,0.0636,1091.17,489.91,31.23,15.33,1.938,1.081,https://www.youtube.com/watch?v=60o3ZoM9DvM
22400969,60o3ZoM9DvM,side-court-led-logo,455.25,3364,2656.6058,0.1263,0.1318,0.3856,0.1571,0.8558,0.1074,0.3786,0.2874,0.9742,0.1317,0.9064,0.0419,475.1,249.57,30.81,13.82,1.301,4.131,https://www.youtube.com/watch?v=60o3ZoM9DvM
22400969,60o3ZoM9DvM,side-court-logo,449.45,2265,2685.8132,0.1896,0.0933,0.3996,0.0727,0.8616,0.0646,0.5455,0.2555,0.9969,0.0487,0.8881,0.0287,1230.38,299.49,22.73,10.71,1.092,0.342,https://www.youtube.com/watch?v=60o3ZoM9DvM
22400969,60o3ZoM9DvM,back-court-logo,416.62,2081,3322.8972,0.2553,0.164,0.4521,0.0708,0.8869,0.0402,0.5988,0.3368,1.0,0.0003,0.8942,0.0207,997.2,233.53,21.49,15.74,1.305,0.289,https://www.youtube.com/watch?v=60o3ZoM9DvM
22400969,60o3ZoM9DvM,basket-logo,407.01,10408,2267.0496,0.0348,0.0325,0.1843,0.0934,0.4708,0.1119,0.3605,0.2719,0.9927,0.0718,0.9009,0.0409,989.71,551.94,32.75,15.56,0.234,0.23,https://www.youtube.com/watch?v=60o3ZoM9DvM
22400971,R01I9LndYxk,mid-court-logo,313.8,1697,55.9946,0.1407,0.1537,0.4474,0.217,0.7017,0.1946,0.3732,0.3022,0.9994,0.024,0.8696,0.0588,1660.7,535.8,31.43,15.01,1.366,1.507,https://www.youtube.com/watch?v=R01I9LndYxk
22400971,R01I9LndYxk,side-court-led-logo,416.4,2082,75.1918,0.1541,0.1952,0.4406,0.2133,0.7305,0.1463,0.3362,0.3036,0.9947,0.0583,0.8986,0.0484,788.62,398.39,33.61,15.39,1.428,1.726,https://www.youtube.com/watch?v=R01I9LndYxk
22400971,R01I9LndYxk,side-court-logo,506.6,2813,77.0331,0.1168,0.0952,0.3623,0.0693,0.8025,0.1754,0.4109,0.3086,0.9997,0.0169,0.8598,0.0591,1967.87,510.38,29.23,14.36,0.927,0.293,https://www.youtube.com/watch?v=R01I9LndYxk
22400971,R01I9LndYxk,back-court-logo,500.0,2506,208.7412,0.3553,0.2236,0.6192,0.1124,0.9358,0.0254,0.59,0.325,1.0,0.0,0.8904,0.029,1356.62,333.68,21.88,15.18,2.042,0.632,https://www.youtube.com/watch?v=R01I9LndYxk
22400971,R01I9LndYxk,basket-logo,503.0,18305,90.8534,0.0212,0.0298,0.1245,0.1169,0.3501,0.1513,0.3666,0.2701,0.9997,0.0138,0.9056,0.0391,2445.17,1500.6,32.43,15.51,0.189,0.165,https://www.youtube.com/watch?v=R01I9LndYxk
22400971,PhHos0HILfk,back-court-logo,450.65,2253,2839.8757,0.366,0.2356,0.6341,0.1277,0.9392,0.0284,0.5862,0.3282,1.0,0.0001,0.8881,0.0295,1029.05,254.51,21.97,15.57,2.117,0.696,https://www.youtube.com/watch?v=PhHos0HILfk
22400971,PhHos0HILfk,basket-logo,448.25,15883,1217.3569,0.0223,0.0317,0.1287,0.118,0.3546,0.1516,0.3621,0.2771,0.9991,0.0228,0.902,0.0435,1895.94,1355.02,32.73,15.73,0.197,0.178,https://www.youtube.com/watch?v=PhHos0HILfk
22400971,PhHos0HILfk,side-court-logo,470.87,2530,1093.5175,0.1255,0.1002,0.3791,0.0735,0.8412,0.1424,0.4036,0.3104,0.9992,0.0226,0.8698,0.0511,1549.09,400.21,30.05,15.27,1.001,0.327,https://www.youtube.com/watch?v=PhHos0HILfk
22400971,PhHos0HILfk,mid-court-logo,246.25,1470,915.9872,0.1809,0.1727,0.5175,0.2355,0.7772,0.1991,0.3903,0.2895,0.9987,0.0343,0.8569,0.0656,1303.67,469.03,30.78,15.05,1.731,1.997,https://www.youtube.com/watch?v=PhHos0HILfk
22400971,PhHos0HILfk,side-court-led-logo,379.98,1898,1127.2731,0.1725,0.2143,0.4796,0.2363,0.7685,0.1561,0.344,0.3045,0.978,0.1204,0.8829,0.0605,567.67,381.61,33.36,15.57,2.02,5.501,https://www.youtube.com/watch?v=PhHos0HILfk
22401012,1NMhrdJqqEw,basket-logo,462.66,14598,19098.8015,0.022,0.0317,0.1533,0.113,0.4284,0.1558,0.2636,0.256,0.9994,0.0189,0.8786,0.0728,1967.94,1395.33,39.55,17.58,0.229,0.159,https://www.youtube.com/watch?v=1NMhrdJqqEw
22401012,1NMhrdJqqEw,mid-court-logo,345.34,1831,25204.9796,0.2311,0.1823,0.5386,0.2119,0.8407,0.1472,0.4603,0.3176,0.9999,0.0017,0.853,0.0666,1021.65,360.98,27.46,15.18,1.726,0.984,https://www.youtube.com/watch?v=1NMhrdJqqEw
22401012,1NMhrdJqqEw,side-court-led-logo,143.74,718,8970.0113,0.2097,0.2154,0.4937,0.2781,0.7381,0.1931,0.5027,0.301,0.9466,0.1889,0.8631,0.0601,806.92,620.59,25.4,14.08,1.751,1.687,https://www.youtube.com/watch?v=1NMhrdJqqEw
22401012,1NMhrdJqqEw,side-court-logo,500.1,5654,37608.0635,0.1116,0.0825,0.2944,0.0716,0.7773,0.1852,0.4864,0.309,1.0,0.0001,0.8676,0.0558,1481.96,479.92,26.0,14.28,0.634,0.27,https://www.youtube.com/watch?v=1NMhrdJqqEw
22401012,1NMhrdJqqEw,back-court-logo,467.67,2343,31902.6808,0.2285,0.1941,0.4929,0.086,0.9262,0.0293,0.4625,0.3508,0.9991,0.0222,0.8922,0.025,1235.41,339.62,28.31,17.77,1.473,0.358,https://www.youtube.com/watch?v=1NMhrdJqqEw
22401012,rWjKZsVwGD0,mid-court-logo,314.6,1755,163.1181,0.236,0.1797,0.5767,0.2198,0.8594,0.1521,0.4337,0.3001,0.9999,0.0012,0.848,0.0636,911.87,331.87,28.34,14.45,1.905,1.041,https://www.youtube.com/watch?v=rWjKZsVwGD0
22401012,rWjKZsVwGD0,side-court-led-logo,139.6,698,66.2412,0.241,0.2559,0.5325,0.3058,0.7591,0.1942,0.5154,0.3042,0.9514,0.1865,0.8575,0.0611,664.91,465.84,24.62,13.71,2.47,4.477,https://www.youtube.com/watch?v=rWjKZsVwGD0
22401012,rWjKZsVwGD0,side-court-logo,478.8,5335,235.8644,0.1123,0.0845,0.2982,0.0742,0.7929,0.1783,0.4739,0.3138,1.0,0.0,0.8658,0.0565,1329.55,421.51,26.7,14.94,0.653,0.278,https://www.youtube.com/watch?v=rWjKZsVwGD0
22401012,rWjKZsVwGD0,back-court-logo,437.0,2185,212.3127,0.2468,0.2015,0.5025,0.0915,0.9273,0.0301,0.4904,0.3548,0.999,0.029,0.8929,0.0248,1065.22,291.75,26.82,17.7,1.512,0.381,https://www.youtube.com/watch?v=rWjKZsVwGD0
22401012,rWjKZsVwGD0,basket-logo,428.8,13898,129.2399,0.0236,0.0336,0.151,0.1139,0.4248,0.1581,0.2865,0.2673,0.9992,0.0194,0.8832,0.0674,1723.47,1244.52,38.13,17.57,0.229,0.156,https://www.youtube.com/watch?v=rWjKZsVwGD0
22401012,Mn5AEdlhxq0,back-court-logo,418.8,2103,843.7097,0.2413,0.1952,0.5007,0.0853,0.9248,0.031,0.4876,0.3509,0.9996,0.018,0.8939,0.0159,1165.57,305.61,26.7,17.05,1.506,0.356,https://www.youtube.com/watch?v=Mn5AEdlhxq0
22401012,Mn5AEdlhxq0,basket-logo,414.2,12830,509.9379,0.0239,0.0325,0.1599,0.1097,0.4345,0.1516,0.2799,0.2631,0.9993,0.018,0.8798,0.0719,1796.07,1347.71,38.3,17.22,0.234,0.149,https://www.youtube.com/watch?v=Mn5AEdlhxq0
22401012,Mn5AEdlhxq0,mid-court-logo,292.6,1551,606.0597,0.235,0.1853,0.5593,0.2151,0.8591,0.1411,0.4459,0.3105,0.9994,0.024,0.8502,0.0664,967.86,326.82,28.1,14.97,1.824,1.011,https://www.youtube.com/watch?v=Mn5AEdlhxq0
22401012,Mn5AEdlhxq0,side-court-logo,443.0,4855,914.2848,0.1133,0.0848,0.3004,0.0718,0.7966,0.1745,0.4709,0.3089,1.0,0.0003,0.8638,0.0573,1226.28,390.52,26.81,14.67,0.658,0.281,https://www.youtube.com/watch?v=Mn5AEdlhxq0
22401012,Mn5AEdlhxq0,side-court-led-logo,115.4,577,191.7491,0.1999,0.2214,0.4556,0.2782,0.7197,0.1891,0.4981,0.2802,0.9292,0.2149,0.8592,0.0647,660.57,572.04,25.27,13.07,1.627,1.781,https://www.youtube.com/watch?v=Mn5AEdlhxq0
22401012,xf6V3fExZso,back-court-logo,464.8,2324,15036.6653,0.2507,0.203,0.501,0.0901,0.9274,0.0299,0.4993,0.3594,0.9994,0.0218,0.8929,0.0251,1173.55,314.09,26.56,17.93,1.506,0.374,https://www.youtube.com/watch?v=xf6V3fExZso
22401012,xf6V3fExZso,basket-logo,456.6,14955,9259.2532,0.024,0.0339,0.149,0.1146,0.4228,0.1596,0.2948,0.2708,0.9995,0.016,0.8834,0.067,1867.3,1298.42,37.69,17.68,0.228,0.157,https://www.youtube.com/watch?v=xf6V3fExZso
22401012,xf6V3fExZso,mid-court-logo,323.0,1759,10601.4136,0.2335,0.1852,0.5641,0.2214,0.8554,0.1556,0.4337,0.3097,1.0,0.0,0.8508,0.0624,952.73,343.55,28.6,15.03,1.843,1.026,https://www.youtube.com/watch?v=xf6V3fExZso
22401012,xf6V3fExZso,side-court-led-logo,133.8,669,3868.9951,0.2241,0.2235,0.4983,0.2901,0.7452,0.1863,0.5283,0.2906,0.9519,0.183,0.8582,0.0623,665.46,495.26,23.77,12.66,2.076,3.449,https://www.youtube.com/watch?v=xf6V3fExZso
22401012,xf6V3fExZso,side-court-logo,498.6,5532,15983.5838,0.112,0.0839,0.2989,0.074,0.7985,0.1733,0.47,0.3135,1.0,0.0,0.8669,0.0552,1423.95,445.85,26.9,14.94,0.655,0.278,https://www.youtube.com/watch?v=xf6V3fExZso
22400959,Ckkjm4GT4PY,back-court-logo,502.0,2513,138.2835,0.335,0.2638,0.5914,0.171,0.9432,0.0288,0.5426,0.3439,1.0,0.0002,0.885,0.0213,1065.07,375.72,24.01,16.12,1.98,0.919,https://www.youtube.com/watch?v=Ckkjm4GT4PY
22400959,Ckkjm4GT4PY,mid-court-logo,359.2,1886,60.3563,0.1948,0.1559,0.5071,0.1504,0.8464,0.1582,0.4376,0.3082,0.9917,0.0583,0.87,0.0539,542.99,213.52,28.71,15.35,1.548,0.864,https://www.youtube.com/watch?v=Ckkjm4GT4PY
22400959,Ckkjm4GT4PY,side-court-led-logo,320.4,1602,51.9955,0.1976,0.1963,0.4759,0.223,0.8127,0.1311,0.432,0.3145,0.997,0.0355,0.8963,0.0507,809.97,406.84,29.35,16.09,1.623,1.562,https://www.youtube.com/watch?v=Ckkjm4GT4PY
22400959,Ckkjm4GT4PY,side-court-logo,506.6,2577,52.3386,0.1236,0.0913,0.3319,0.0678,0.8823,0.1047,0.4358,0.317,1.0,0.0,0.8911,0.0323,1934.52,770.67,28.42,14.88,0.801,0.265,https://www.youtube.com/watch?v=Ckkjm4GT4PY
22400959,Ckkjm4GT4PY,basket-logo,490.2,14410,48.1384,0.0203,0.0319,0.115,0.1162,0.4089,0.154,0.3104,0.28,0.9882,0.0675,0.8916,0.0617,1014.0,847.35,36.2,16.85,0.19,0.136,https://www.youtube.com/watch?v=Ckkjm4GT4PY
22400959,pPOo2OGfA-c,back-court-logo,499.2,2500,1103.0319,0.3407,0.2635,0.5931,0.1711,0.9436,0.0287,0.5518,0.3435,1.0,0.0006,0.8847,0.024,937.73,338.76,23.59,16.09,1.988,0.927,https://www.youtube.com/watch?v=pPOo2OGfA-c
22400959,pPOo2OGfA-c,mid-court-logo,356.4,1871,472.8876,0.1952,0.1561,0.5094,0.1496,0.8498,0.1563,0.4376,0.3118,0.9849,0.0863,0.8687,0.0579,461.33,184.79,28.75,15.51,1.545,0.655,https://www.youtube.com/watch?v=pPOo2OGfA-c
22400959,pPOo2OGfA-c,side-court-led-logo,314.4,1572,395.0846,0.1941,0.1926,0.4762,0.2215,0.8131,0.1301,0.4271,0.3138,0.9949,0.0414,0.8967,0.0486,680.57,348.83,29.57,16.07,1.62,1.552,https://www.youtube.com/watch?v=pPOo2OGfA-c
22400959,pPOo2OGfA-c,side-court-logo,503.4,2562,409.1557,0.1233,0.0909,0.3331,0.0683,0.8835,0.105,0.4321,0.3141,1.0,0.0,0.8916,0.0311,1707.75,671.6,28.53,14.67,0.806,0.267,https://www.youtube.com/watch?v=pPOo2OGfA-c
22400959,pPOo2OGfA-c,basket-logo,485.0,14188,384.6307,0.0209,0.0321,0.1176,0.1163,0.4118,0.1536,0.3167,0.2805,0.9694,0.1179,0.8922,0.0606,837.54,727.6,35.79,16.77,0.193,0.138,https://www.youtube.com/watch?v=pPOo2OGfA-c
22400969,wjxraFSp86c,back-court-logo,320.73,1563,143.015,0.2437,0.17,0.4474,0.0777,0.8845,0.0393,0.5765,0.3541,1.0,0.0002,0.8944,0.0154,1201.65,286.87,22.59,16.69,1.287,0.325,https://www.youtube.com/watch?v=wjxraFSp86c
22400969,wjxraFSp86c,basket-logo,317.65,8192,102.7552,0.0334,0.0339,0.1773,0.1013,0.4702,0.1212,0.3521,0.2826,0.9926,0.0749,0.9041,0.0388,1385.15,728.15,34.0,16.97,0.238,0.295,https://www.youtube.com/watch?v=wjxraFSp86c
22400969,wjxraFSp86c,side-court-led-logo,339.82,2488,120.3336,0.1288,0.1284,0.3694,0.15,0.8546,0.1131,0.3989,0.2914,0.9815,0.1182,0.9107,0.0384,646.86,333.93,30.1,14.37,1.078,3.3,https://www.youtube.com/watch?v=wjxraFSp86c
22400969,wjxraFSp86c,side-court-logo,342.7,1676,112.763,0.1792,0.094,0.3951,0.0732,0.8586,0.0707,0.522,0.2578,0.9996,0.0135,0.8888,0.024,1531.94,357.07,23.74,11.28,1.069,0.302,https://www.youtube.com/watch?v=wjxraFSp86c
22400969,wjxraFSp86c,mid-court-logo,221.55,1228,123.663,0.2682,0.2225,0.6062,0.2258,0.908,0.1278,0.425,0.3058,0.9975,0.048,0.8607,0.0584,1368.26,531.78,29.19,15.31,2.091,1.136,https://www.youtube.com/watch?v=wjxraFSp86c
22400960,4y3V0HKRjrQ,mid-court-logo,380.2,2074,2274.5874,0.1919,0.2001,0.456,0.189,0.8551,0.1256,0.4004,0.3518,0.9746,0.1138,0.8798,0.0464,530.64,267.16,32.25,18.88,1.37,1.148,https://www.youtube.com/watch?v=4y3V0HKRjrQ
22400960,4y3V0HKRjrQ,side-court-led-logo,441.4,2860,2331.5892,0.1427,0.1295,0.4327,0.1494,0.7464,0.102,0.4492,0.3004,0.9372,0.2066,0.9077,0.0449,685.91,515.49,27.48,13.83,1.323,1.685,https://www.youtube.com/watch?v=4y3V0HKRjrQ
22400960,4y3V0HKRjrQ,side-court-logo,425.0,2144,1373.0655,0.1121,0.0742,0.3631,0.0593,0.6644,0.048,0.47,0.2999,1.0,0.0,0.8541,0.0369,1362.65,334.96,26.22,13.19,0.935,0.239,https://www.youtube.com/watch?v=4y3V0HKRjrQ
22400960,4y3V0HKRjrQ,back-court-logo,384.6,1923,2919.9018,0.2657,0.1985,0.5219,0.0816,0.9478,0.0283,0.5216,0.3627,1.0,0.0,0.8954,0.0338,1378.88,452.94,25.97,18.48,1.592,0.339,https://www.youtube.com/watch?v=4y3V0HKRjrQ
22400960,4y3V0HKRjrQ,basket-logo,384.4,10609,1504.4823,0.0248,0.0326,0.1387,0.1129,0.4247,0.161,0.3318,0.2813,0.9962,0.0505,0.8958,0.0498,1477.5,1443.77,35.64,17.86,0.187,0.242,https://www.youtube.com/watch?v=4y3V0HKRjrQ
22400977,prb_2YcY8mI,back-court-logo,427.2,2141,40917.7246,0.295,0.2266,0.6231,0.1112,0.9254,0.0343,0.5137,0.3728,1.0,0.0,0.9036,0.026,1367.3,255.0,26.94,19.94,2.019,0.479,https://www.youtube.com/watch?v=prb_2YcY8mI
22400977,prb_2YcY8mI,basket-logo,420.8,9914,14684.6878,0.0229,0.0315,0.1264,0.1116,0.3653,0.1272,0.4036,0.3072,0.9997,0.0149,0.9066,0.04,4187.42,2308.3,31.96,18.08,0.173,0.129,https://www.youtube.com/watch?v=prb_2YcY8mI
22400977,prb_2YcY8mI,mid-court-logo,475.8,2652,27015.8272,0.1572,0.1704,0.5015,0.1601,0.918,0.1155,0.3205,0.3182,0.9999,0.0031,0.8854,0.0333,1770.15,540.26,36.28,17.98,1.537,0.811,https://www.youtube.com/watch?v=prb_2YcY8mI
22400977,prb_2YcY8mI,side-court-led-logo,368.2,1843,19094.6627,0.1599,0.2102,0.4074,0.2323,0.8122,0.1653,0.3642,0.3334,0.8899,0.2966,0.8671,0.0677,1524.36,987.88,34.31,18.74,1.395,3.431,https://www.youtube.com/watch?v=prb_2YcY8mI
22400977,prb_2YcY8mI,side-court-logo,434.6,2177,19220.9344,0.1363,0.0724,0.2947,0.0446,0.8408,0.0864,0.5566,0.2787,0.9987,0.0326,0.8482,0.0553,2257.99,590.58,23.03,12.96,0.623,0.25,https://www.youtube.com/watch?v=prb_2YcY8mI
22400977,wdNz-0K_4Ys,back-court-logo,381.4,1915,637.5844,0.2535,0.2131,0.6323,0.0813,0.9291,0.0283,0.4358,0.3606,0.999,0.0239,0.9018,0.0248,984.09,223.72,31.0,20.07,2.056,0.355,https://www.youtube.com/watch?v=wdNz-0K_4Ys
22400977,wdNz-0K_4Ys,mid-court-logo,416.6,2283,531.7406,0.1773,0.1754,0.5325,0.1555,0.919,0.1073,0.3422,0.3136,0.9992,0.0235,0.8877,0.0299,1542.81,425.68,34.51,17.13,1.66,0.698,https://www.youtube.com/watch?v=wdNz-0K_4Ys
22400977,wdNz-0K_4Ys,side-court-led-logo,349.4,1749,385.7543,0.1679,0.2128,0.4232,0.2316,0.8103,0.1731,0.3628,0.33,0.9055,0.2773,0.8662,0.0671,1418.64,914.92,33.95,18.03,1.503,3.063,https://www.youtube.com/watch?v=wdNz-0K_4Ys
22400977,wdNz-0K_4Ys,side-court-logo,379.0,1898,341.6633,0.137,0.0734,0.2994,0.0334,0.8554,0.0716,0.5398,0.2816,1.0,0.0,0.85,0.0547,1732.5,443.23,24.0,13.62,0.645,0.158,https://www.youtube.com/watch?v=wdNz-0K_4Ys
22400977,wdNz-0K_4Ys,basket-logo,375.8,8513,229.2803,0.0205,0.0291,0.1312,0.1108,0.3691,0.127,0.3381,0.2929,0.9997,0.0113,0.907,0.0402,3404.69,2328.23,35.49,18.17,0.179,0.123,https://www.youtube.com/watch?v=wdNz-0K_4Ys
22400981,DqU0_y_JGuE,back-court-logo,219.54,1095,195.7505,0.3862,0.2829,0.7191,0.1347,0.9498,0.0265,0.5289,0.3544,1.0,0.0,0.8892,0.0306,1521.65,438.01,25.93,18.76,2.615,1.178,https://www.youtube.com/watch?v=DqU0_y_JGuE
22400981,DqU0_y_JGuE,basket-logo,211.52,5529,73.616,0.0288,0.0347,0.1624,0.115,0.3938,0.1502,0.3493,0.2761,0.9993,0.0204,0.9066,0.0449,1803.97,1130.04,34.03,17.01,0.255,0.183,https://www.youtube.com/watch?v=DqU0_y_JGuE
22400981,DqU0_y_JGuE,side-court-logo,236.39,1192,79.9481,0.1449,0.1228,0.4336,0.08,0.9511,0.0682,0.3659,0.309,0.9976,0.042,0.9046,0.0231,2179.88,615.76,31.69,14.74,1.24,0.476,https://www.youtube.com/watch?v=DqU0_y_JGuE
22400981,DqU0_y_JGuE,mid-court-logo,145.16,754,82.1126,0.2353,0.2049,0.657,0.2102,0.9142,0.1026,0.3693,0.297,0.9987,0.0164,0.8821,0.0749,951.08,437.18,32.51,16.14,2.34,1.117,https://www.youtube.com/watch?v=DqU0_y_JGuE
22400981,DqU0_y_JGuE,side-court-led-logo,117.29,585,46.2041,0.1706,0.1996,0.4431,0.2412,0.8618,0.1675,0.3829,0.313,0.9585,0.1607,0.9027,0.043,486.87,305.86,32.39,17.0,1.535,3.247,https://www.youtube.com/watch?v=DqU0_y_JGuE
22400977,Bz00g2p4JYM,back-court-logo,380.98,1905,12482.1685,0.2727,0.2102,0.6503,0.0738,0.9335,0.0245,0.4556,0.3483,0.9985,0.0359,0.9035,0.0206,839.79,170.84,29.46,19.01,2.151,0.518,https://www.youtube.com/watch?v=Bz00g2p4JYM
22400977,Bz00g2p4JYM,basket-logo,381.18,8829,4240.8456,0.02,0.0278,0.1345,0.1099,0.3715,0.1251,0.3279,0.2851,0.9993,0.0207,0.9053,0.0424,3280.54,1979.03,35.52,17.47,0.178,0.13,https://www.youtube.com/watch?v=Bz00g2p4JYM
22400977,Bz00g2p4JYM,mid-court-logo,399.8,2055,7344.074,0.1487,0.1576,0.507,0.1359,0.9288,0.093,0.3014,0.2993,0.9976,0.0396,0.8894,0.0374,1270.14,321.24,36.56,16.79,1.617,1.221,https://www.youtube.com/watch?v=Bz00g2p4JYM
22400977,Bz00g2p4JYM,side-court-led-logo,315.92,1579,4373.3409,0.1153,0.1775,0.3466,0.1822,0.7629,0.1796,0.3166,0.3231,0.8516,0.3355,0.8626,0.0744,1033.08,736.06,36.64,18.31,1.182,4.443,https://www.youtube.com/watch?v=Bz00g2p4JYM
22400977,Bz00g2p4JYM,side-court-logo,357.96,1811,6564.9513,0.1508,0.0752,0.3009,0.0381,0.8548,0.0724,0.5898,0.2734,0.9993,0.0228,0.8475,0.0616,1484.28,348.8,21.55,12.4,0.652,0.176,https://www.youtube.com/watch?v=Bz00g2p4JYM
22400973,XwJ817An-qc,basket-logo,417.02,8939,1191.8411,0.0396,0.048,0.151,0.107,0.5824,0.1684,0.3626,0.2931,0.998,0.0357,0.9028,0.0469,1640.03,1234.92,33.64,17.21,0.204,0.143,https://www.youtube.com/watch?v=XwJ817An-qc
22400973,XwJ817An-qc,mid-court-logo,350.35,2012,1212.406,0.1789,0.1886,0.6203,0.2241,0.7892,0.1862,0.3405,0.3237,0.999,0.0135,0.8719,0.0701,1275.73,685.49,35.4,18.42,2.193,1.225,https://www.youtube.com/watch?v=XwJ817An-qc
22400973,XwJ817An-qc,side-court-led-logo,489.69,2452,2098.8725,0.2541,0.2744,0.783,0.1555,0.895,0.0635,0.3325,0.3378,0.9982,0.028,0.8923,0.0499,972.7,566.71,35.33,17.98,4.052,7.514,https://www.youtube.com/watch?v=XwJ817An-qc
22400973,XwJ817An-qc,side-court-logo,467.27,2425,331.613,0.0406,0.0409,0.27,0.0352,0.4428,0.1068,0.357,0.3414,1.0,0.0,0.88,0.0416,1711.65,509.79,34.05,18.4,0.507,0.144,https://www.youtube.com/watch?v=XwJ817An-qc
22400973,9vNEtIBeC2A,mid-court-logo,384.94,2181,88.5526,0.191,0.1943,0.5989,0.2194,0.7727,0.184,0.3716,0.3315,0.9999,0.0015,0.8733,0.0719,1387.7,660.45,33.61,18.45,2.058,1.142,https://www.youtube.com/watch?v=9vNEtIBeC2A
22400973,9vNEtIBeC2A,side-court-logo,493.14,2560,22.992,0.0422,0.0405,0.2675,0.038,0.444,0.1053,0.3791,0.3488,1.0,0.0,0.88,0.0412,2013.16,666.9,33.08,18.57,0.498,0.144,https://www.youtube.com/watch?v=9vNEtIBeC2A
22400973,9vNEtIBeC2A,side-court-led-logo,517.96,2566,151.2147,0.2772,0.2834,0.7703,0.1634,0.8894,0.0657,0.3685,0.3457,0.9936,0.0751,0.8945,0.0529,1118.16,652.21,33.62,18.34,4.027,7.512,https://www.youtube.com/watch?v=9vNEtIBeC2A
22400973,9vNEtIBeC2A,basket-logo,455.19,9759,78.9599,0.0381,0.047,0.1556,0.1051,0.581,0.1679,0.34,0.2909,0.998,0.0374,0.9044,0.0447,1880.0,1325.35,35.12,17.68,0.207,0.162,https://www.youtube.com/watch?v=9vNEtIBeC2A
22400965,ek4aywR5kb4,back-court-logo,459.6,2313,63657.2956,0.392,0.2804,0.7217,0.13,0.9484,0.0265,0.544,0.3597,1.0,0.0,0.8898,0.0269,1120.05,343.78,24.23,17.26,2.557,0.751,https://www.youtube.com/watch?v=ek4aywR5kb4
22400965,ek4aywR5kb4,basket-logo,447.0,13358,18725.8187,0.02,0.0293,0.1235,0.1147,0.3575,0.1407,0.3459,0.2863,0.9969,0.0428,0.8972,0.0477,1999.24,1186.21,34.75,17.53,0.186,0.163,https://www.youtube.com/watch?v=ek4aywR5kb4
22400965,ek4aywR5kb4,mid-court-logo,452.2,2477,23222.4386,0.1335,0.1231,0.3817,0.0872,0.8367,0.0878,0.4035,0.3586,0.9999,0.0044,0.8987,0.0338,2816.13,1219.29,31.85,18.75,1.015,0.398,https://www.youtube.com/watch?v=ek4aywR5kb4
22400965,ek4aywR5kb4,side-court-led-logo,504.0,3873,32455.0129,0.1194,0.1329,0.3617,0.1457,0.7292,0.1228,0.4206,0.3049,0.9703,0.1594,0.915,0.0352,1247.65,883.68,29.21,14.72,0.974,1.629,https://www.youtube.com/watch?v=ek4aywR5kb4
22400965,ek4aywR5kb4,side-court-logo,509.6,2844,29385.6955,0.1472,0.0909,0.3726,0.0927,0.7816,0.1376,0.4889,0.2666,0.9997,0.0173,0.8766,0.0505,2940.68,1189.27,25.17,11.81,0.985,0.745,https://www.youtube.com/watch?v=ek4aywR5kb4
22400960,86FcVDWJHc8,side-court-led-logo,405.92,2606,99.072,0.1425,0.1254,0.4235,0.1429,0.741,0.1001,0.453,0.3002,0.9586,0.1751,0.9087,0.0406,791.36,565.59,27.28,13.88,1.26,1.656,https://www.youtube.com/watch?v=86FcVDWJHc8
22400960,86FcVDWJHc8,mid-court-logo,355.99,1913,94.946,0.186,0.1943,0.4476,0.1825,0.8534,0.121,0.3964,0.3496,0.9876,0.0754,0.8791,0.0464,604.95,299.26,32.41,18.74,1.343,1.277,https://www.youtube.com/watch?v=86FcVDWJHc8
22400960,86FcVDWJHc8,side-court-logo,395.61,1978,59.4107,0.1126,0.0726,0.361,0.0571,0.6635,0.0506,0.4764,0.2992,0.9998,0.0087,0.8519,0.0385,1518.62,356.87,25.81,12.98,0.925,0.233,https://www.youtube.com/watch?v=86FcVDWJHc8
22400960,86FcVDWJHc8,back-court-logo,361.25,1787,125.3944,0.263,0.1946,0.5162,0.0806,0.9467,0.0271,0.5243,0.361,1.0,0.0,0.8948,0.0376,1539.34,513.47,25.67,18.12,1.568,0.331,https://www.youtube.com/watch?v=86FcVDWJHc8
22400960,86FcVDWJHc8,basket-logo,359.83,9924,64.6593,0.0244,0.0322,0.1384,0.1115,0.4233,0.1612,0.3309,0.2813,0.9981,0.0355,0.8962,0.0491,1726.24,1650.41,35.71,17.87,0.184,0.211,https://www.youtube.com/watch?v=86FcVDWJHc8
22400965,Sc6oLNt8bQs,back-court-logo,407.4,2039,1032.0331,0.3086,0.2166,0.6326,0.0888,0.9351,0.0247,0.5197,0.357,0.9999,0.0008,0.8932,0.0249,715.66,252.85,25.42,17.36,2.06,0.389,https://www.youtube.com/watch?v=Sc6oLNt8bQs
22400965,Sc6oLNt8bQs,basket-logo,386.8,10754,277.7529,0.0157,0.0265,0.1054,0.1118,0.3463,0.1312,0.3563,0.2915,0.9894,0.0805,0.8898,0.0596,991.32,533.11,33.81,16.92,0.167,0.107,https://www.youtube.com/watch?v=Sc6oLNt8bQs
22400965,Sc6oLNt8bQs,mid-court-logo,453.4,2503,570.6323,0.139,0.1183,0.3889,0.0559,0.842,0.0636,0.4214,0.3506,0.9985,0.0285,0.9021,0.0267,1253.19,585.87,29.83,16.97,1.044,0.241,https://www.youtube.com/watch?v=Sc6oLNt8bQs
22400965,Sc6oLNt8bQs,side-court-led-logo,453.8,4088,773.1387,0.1153,0.1253,0.3365,0.1504,0.7065,0.1369,0.426,0.2939,0.9648,0.1517,0.9086,0.0416,694.88,619.24,28.98,14.59,0.833,0.629,https://www.youtube.com/watch?v=Sc6oLNt8bQs
22400965,Sc6oLNt8bQs,side-court-logo,448.6,2432,576.8306,0.1446,0.0762,0.3311,0.0547,0.7659,0.1157,0.5389,0.2635,1.0,0.0008,0.8701,0.0521,1768.52,611.88,23.45,12.21,0.797,0.22,https://www.youtube.com/watch?v=Sc6oLNt8bQs
22400966,gUxBCRlPb8M,mid-court-logo,413.8,2421,373.3106,0.2131,0.2023,0.6059,0.1987,0.904,0.1275,0.3696,0.3018,0.9524,0.1622,0.8726,0.0524,402.73,234.5,32.05,15.37,2.031,0.967,https://www.youtube.com/watch?v=gUxBCRlPb8M
22400966,gUxBCRlPb8M,side-court-led-logo,290.2,1451,167.9037,0.1599,0.1605,0.3956,0.1868,0.828,0.1622,0.4083,0.2984,0.9773,0.1374,0.9038,0.0468,787.05,497.79,29.89,15.21,1.262,3.861,https://www.youtube.com/watch?v=gUxBCRlPb8M
22400966,gUxBCRlPb8M,side-court-logo,495.6,2622,199.4994,0.1052,0.0753,0.2993,0.049,0.8637,0.1126,0.4331,0.3179,0.9992,0.0273,0.901,0.0197,1818.39,482.55,28.23,14.59,0.681,1.194,https://www.youtube.com/watch?v=gUxBCRlPb8M
22400966,gUxBCRlPb8M,back-court-logo,455.8,2279,362.0339,0.2195,0.1467,0.376,0.0692,0.9089,0.0387,0.6105,0.3543,1.0,0.0,0.8997,0.0209,1173.31,280.22,20.94,16.71,0.989,0.283,https://www.youtube.com/watch?v=gUxBCRlPb8M
22400966,gUxBCRlPb8M,basket-logo,432.4,10317,231.2185,0.031,0.0347,0.1497,0.1046,0.4576,0.0736,0.3809,0.2867,0.9979,0.0329,0.887,0.0343,1405.8,857.93,32.56,16.78,0.197,0.12,https://www.youtube.com/watch?v=gUxBCRlPb8M
22400966,LgUtfU8cfoA,back-court-logo,432.43,2168,118.0978,0.2158,0.1412,0.3799,0.0718,0.9171,0.0403,0.5991,0.3514,0.9979,0.0417,0.896,0.0258,1742.5,455.89,21.53,16.69,1.013,0.407,https://www.youtube.com/watch?v=LgUtfU8cfoA
22400966,LgUtfU8cfoA,basket-logo,391.59,9208,71.609,0.0308,0.0348,0.1456,0.1042,0.4578,0.0754,0.394,0.2954,0.9982,0.0379,0.8828,0.0375,2356.8,1186.91,31.53,16.11,0.192,0.077,https://www.youtube.com/watch?v=LgUtfU8cfoA
22400966,LgUtfU8cfoA,side-court-logo,490.49,2572,68.4985,0.1055,0.0774,0.3047,0.056,0.8258,0.1064,0.4394,0.3166,0.9979,0.0396,0.8966,0.0282,2876.36,722.66,27.78,14.28,0.716,1.099,https://www.youtube.com/watch?v=LgUtfU8cfoA
22400966,LgUtfU8cfoA,mid-court-logo,445.65,4428,196.1817,0.1755,0.1705,0.5225,0.2015,0.8607,0.1216,0.3734,0.3089,0.9891,0.0696,0.8633,0.0612,696.48,301.67,32.25,16.22,1.651,0.967,https://www.youtube.com/watch?v=LgUtfU8cfoA
22400966,LgUtfU8cfoA,side-court-led-logo,302.5,1512,59.3378,0.1555,0.1806,0.4135,0.2347,0.6919,0.1747,0.4005,0.3102,0.9941,0.0591,0.8948,0.0588,1307.92,815.68,30.51,15.81,1.744,6.268,https://www.youtube.com/watch?v=LgUtfU8cfoA
22400537,BfSgQh8Jlec,back-court-logo,459.6,2298,39631.7175,0.2576,0.1738,0.519,0.0552,0.9035,0.0224,0.5455,0.3576,1.0,0.0,0.8983,0.0174,902.53,155.15,24.21,17.3,1.576,0.227,https://www.youtube.com/watch?v=BfSgQh8Jlec
22400537,BfSgQh8Jlec,mid-court-logo,497.8,2755,27909.0571,0.1513,0.1573,0.5166,0.113,0.8924,0.1199,0.3282,0.3243,0.9999,0.0029,0.8821,0.0363,809.03,299.94,35.38,17.36,1.571,0.465,https://www.youtube.com/watch?v=BfSgQh8Jlec
22400537,BfSgQh8Jlec,side-court-led-logo,488.2,2441,20435.2053,0.1251,0.1824,0.4085,0.1683,0.8489,0.1172,0.287,0.3225,0.9989,0.0238,0.8925,0.0415,759.94,254.77,38.89,18.63,1.226,2.465,https://www.youtube.com/watch?v=BfSgQh8Jlec
22400537,BfSgQh8Jlec,side-court-logo,495.0,2526,29041.3774,0.1717,0.0759,0.3151,0.0313,0.9594,0.0296,0.5663,0.2433,1.0,0.0,0.8769,0.0351,1028.46,260.06,21.84,10.4,0.722,0.137,https://www.youtube.com/watch?v=BfSgQh8Jlec
22400537,BfSgQh8Jlec,basket-logo,456.6,12846,15881.2555,0.0185,0.0269,0.1129,0.1093,0.3682,0.0861,0.3852,0.3168,0.9991,0.0272,0.8842,0.0444,1818.73,1299.86,33.04,18.28,0.167,0.162,https://www.youtube.com/watch?v=BfSgQh8Jlec
22400537,unUY3qPYOKs,back-court-logo,431.6,2169,1092.261,0.2325,0.1683,0.5254,0.0506,0.9024,0.0221,0.4915,0.3482,0.9994,0.0135,0.897,0.0178,767.62,148.28,26.39,16.4,1.603,0.209,https://www.youtube.com/watch?v=unUY3qPYOKs
22400537,unUY3qPYOKs,basket-logo,427.6,12106,443.0177,0.0169,0.025,0.1206,0.1066,0.3683,0.0827,0.3349,0.304,0.9988,0.0276,0.884,0.0458,1588.4,1320.11,35.61,17.98,0.168,0.056,https://www.youtube.com/watch?v=unUY3qPYOKs
22400537,unUY3qPYOKs,mid-court-logo,455.4,2432,842.0259,0.1598,0.1598,0.5196,0.1062,0.8834,0.1158,0.3434,0.3275,0.9986,0.0261,0.8869,0.0339,703.92,253.37,34.54,17.33,1.583,0.439,https://www.youtube.com/watch?v=unUY3qPYOKs
22400537,unUY3qPYOKs,side-court-led-logo,442.8,2216,564.6623,0.1176,0.1602,0.402,0.1533,0.8257,0.1243,0.3017,0.3107,0.9969,0.0366,0.891,0.042,575.99,191.37,37.43,17.75,1.111,0.727,https://www.youtube.com/watch?v=unUY3qPYOKs
22400537,unUY3qPYOKs,side-court-logo,451.6,2282,907.6872,0.1836,0.0682,0.3185,0.028,0.9606,0.0197,0.6019,0.2233,1.0,0.0002,0.8767,0.0336,837.46,217.05,20.27,8.93,0.736,0.13,https://www.youtube.com/watch?v=unUY3qPYOKs
22400537,EOlKIlX-158,back-court-logo,418.62,2094,12908.6088,0.2441,0.1658,0.5175,0.0474,0.9019,0.0214,0.524,0.349,0.9989,0.0306,0.8973,0.0214,1144.17,198.4,25.14,16.79,1.57,0.194,https://www.youtube.com/watch?v=EOlKIlX-158
22400537,EOlKIlX-158,basket-logo,419.62,11918,5192.9269,0.0173,0.0274,0.1118,0.1093,0.3695,0.0892,0.3622,0.3112,0.9995,0.0184,0.8844,0.0452,2401.86,1795.97,34.26,18.39,0.169,0.149,https://www.youtube.com/watch?v=EOlKIlX-158
22400537,EOlKIlX-158,mid-court-logo,462.86,2497,9534.6151,0.1512,0.1557,0.5195,0.1098,0.8946,0.1138,0.3226,0.3174,0.9986,0.0243,0.8805,0.0449,1010.06,409.2,35.29,16.76,1.585,0.461,https://www.youtube.com/watch?v=EOlKIlX-158
22400537,EOlKIlX-158,side-court-led-logo,443.04,2213,6652.3975,0.1191,0.1732,0.3966,0.1606,0.8344,0.1254,0.2894,0.3177,0.9997,0.0076,0.8947,0.0387,943.59,320.92,38.25,18.11,1.091,0.77,https://www.youtube.com/watch?v=EOlKIlX-158
22400537,EOlKIlX-158,side-court-logo,446.25,2242,10146.4505,0.1792,0.0727,0.3147,0.0292,0.9595,0.0213,0.595,0.2394,1.0,0.0,0.8781,0.0292,1294.46,310.77,20.63,9.93,0.72,0.124,https://www.youtube.com/watch?v=EOlKIlX-158
22400537,Sb9lsKhfrlE,mid-court-logo,434.03,3326,9667.15,0.1194,0.1355,0.4714,0.1271,0.8235,0.1179,0.2973,0.3119,0.9982,0.03,0.8834,0.0476,1028.17,742.84,36.8,16.91,1.382,0.554,https://www.youtube.com/watch?v=Sb9lsKhfrlE
22400537,Sb9lsKhfrlE,back-court-logo,414.61,2071,12534.2625,0.2487,0.1625,0.5243,0.0711,0.9021,0.0255,0.5266,0.3306,0.9982,0.0322,0.8959,0.0224,584.92,123.95,24.56,15.39,1.621,0.465,https://www.youtube.com/watch?v=Sb9lsKhfrlE
22400537,Sb9lsKhfrlE,basket-logo,420.02,11734,5152.1531,0.018,0.0271,0.1146,0.1086,0.3721,0.0939,0.3582,0.2991,0.999,0.0209,0.8851,0.0442,1363.77,1099.31,33.6,17.0,0.171,0.074,https://www.youtube.com/watch?v=Sb9lsKhfrlE
22400537,Sb9lsKhfrlE,side-court-led-logo,423.42,2115,4271.8176,0.083,0.1212,0.3808,0.1409,0.7244,0.1027,0.2538,0.2858,0.9917,0.0738,0.8937,0.0469,485.38,253.02,39.72,16.78,1.124,2.444,https://www.youtube.com/watch?v=Sb9lsKhfrlE
22400537,Sb9lsKhfrlE,side-court-logo,433.03,2166,9740.9475,0.1848,0.0796,0.3206,0.0739,0.9546,0.0275,0.6154,0.2383,0.9962,0.0352,0.8702,0.0386,632.38,178.3,19.74,9.66,0.746,0.383,https://www.youtube.com/watch?v=Sb9lsKhfrlE
22400951,m1oXBjuRAys,mid-court-logo,319.2,1791,3419.8897,0.2147,0.2083,0.6064,0.2463,0.7663,0.1994,0.4084,0.3297,0.9982,0.0375,0.8814,0.0547,1167.38,463.95,31.32,17.87,2.258,2.43,https://www.youtube.com/watch?v=m1oXBjuRAys
22400951,m1oXBjuRAys,side-court-led-logo,476.6,2383,5652.0606,0.2667,0.2671,0.7385,0.1945,0.8966,0.067,0.3592,0.3349,0.9907,0.0813,0.8908,0.0583,796.18,466.46,33.8,17.66,3.424,4.779,https://www.youtube.com/watch?v=m1oXBjuRAys
22400951,m1oXBjuRAys,basket-logo,437.0,10124,3445.0369,0.0383,0.0446,0.1682,0.1031,0.5785,0.1667,0.3326,0.2802,0.9976,0.0409,0.9092,0.0402,1388.5,937.39,35.49,17.76,0.232,0.149,https://www.youtube.com/watch?v=m1oXBjuRAys
22400951,m1oXBjuRAys,side-court-logo,421.8,2146,883.3027,0.0463,0.0429,0.2735,0.0367,0.4483,0.1041,0.3918,0.3428,0.9998,0.0078,0.8743,0.0493,806.9,317.26,32.18,17.93,0.524,0.151,https://www.youtube.com/watch?v=m1oXBjuRAys
22400951,m1oXBjuRAys,back-court-logo,1.0,5,15.8316,0.3561,0.287,0.6982,0.1046,0.9639,0.012,0.5585,0.4085,0.8524,0.1818,0.661,0.0409,209.92,86.1,24.47,19.26,2.382,0.489,https://www.youtube.com/watch?v=m1oXBjuRAys
22400968,OsZj5PtoWBY,mid-court-logo,497.2,2847,109.9094,0.1621,0.1921,0.5896,0.2048,0.8621,0.139,0.3512,0.3247,0.8096,0.3214,0.8774,0.0418,294.63,220.79,33.77,16.91,1.963,1.074,https://www.youtube.com/watch?v=OsZj5PtoWBY
22400968,OsZj5PtoWBY,side-court-led-logo,416.4,2134,66.2339,0.1303,0.1674,0.4063,0.1632,0.7211,0.1622,0.3291,0.3232,0.9668,0.168,0.8914,0.0492,1344.69,644.54,35.69,17.82,1.137,0.967,https://www.youtube.com/watch?v=OsZj5PtoWBY
22400968,OsZj5PtoWBY,side-court-logo,507.6,5359,129.2909,0.1013,0.0759,0.2854,0.0596,0.7188,0.1506,0.4787,0.3095,1.0,0.0,0.8024,0.0849,3160.07,772.54,26.53,14.57,0.577,0.254,https://www.youtube.com/watch?v=OsZj5PtoWBY
22400968,OsZj5PtoWBY,back-court-logo,486.6,2433,91.5783,0.1581,0.1059,0.3174,0.0508,0.8379,0.0595,0.5769,0.3484,1.0,0.0,0.8732,0.0207,2164.88,414.64,22.59,16.39,0.727,0.222,https://www.youtube.com/watch?v=OsZj5PtoWBY
22400968,OsZj5PtoWBY,basket-logo,477.2,13038,61.2186,0.0197,0.0297,0.1107,0.109,0.4497,0.0928,0.3677,0.297,0.9496,0.1677,0.8825,0.0592,1053.65,1046.33,33.38,17.26,0.17,0.072,https://www.youtube.com/watch?v=OsZj5PtoWBY
22400968,pV9r5rej6rQ,mid-court-logo,440.2,2529,349.0877,0.1593,0.1959,0.6075,0.1948,0.8623,0.1397,0.3801,0.3236,0.7295,0.3869,0.8727,0.0429,233.0,194.57,32.12,16.43,2.031,0.912,https://www.youtube.com/watch?v=pV9r5rej6rQ
22400968,pV9r5rej6rQ,side-court-led-logo,398.0,2017,228.1721,0.1306,0.1575,0.4105,0.1611,0.7281,0.1601,0.3433,0.3165,0.9705,0.1542,0.8924,0.0443,1281.16,599.62,34.49,17.18,1.139,0.672,https://www.youtube.com/watch?v=pV9r5rej6rQ
22400968,pV9r5rej6rQ,side-court-logo,440.4,4639,423.1621,0.1053,0.0753,0.2879,0.0591,0.7089,0.1466,0.5041,0.3098,1.0,0.0,0.7931,0.0845,2921.33,731.88,25.32,14.31,0.587,0.257,https://www.youtube.com/watch?v=pV9r5rej6rQ
22400968,pV9r5rej6rQ,back-court-logo,429.8,2152,277.9774,0.1491,0.1076,0.3158,0.0447,0.8435,0.0562,0.5414,0.3533,1.0,0.0,0.8743,0.0216,2004.6,391.59,24.06,16.46,0.72,0.2,https://www.youtube.com/watch?v=pV9r5rej6rQ
22400968,pV9r5rej6rQ,basket-logo,422.2,10460,152.3603,0.0168,0.0288,0.1046,0.1085,0.4613,0.0945,0.3326,0.2917,0.8961,0.2589,0.8844,0.0534,862.23,928.99,35.62,17.74,0.165,0.066,https://www.youtube.com/watch?v=pV9r5rej6rQ
22400968,uy6ecL3QEdo,mid-court-logo,507.31,2864,3148.7502,0.158,0.1956,0.5943,0.2066,0.864,0.1381,0.355,0.3275,0.7572,0.3661,0.8754,0.0442,276.64,228.2,33.68,17.06,1.979,0.953,https://www.youtube.com/watch?v=uy6ecL3QEdo
22400968,uy6ecL3QEdo,side-court-led-logo,422.62,2166,1962.5179,0.1302,0.1649,0.4027,0.1599,0.7203,0.1628,0.3348,0.3263,0.9706,0.1574,0.8927,0.0478,1418.31,694.06,35.56,18.05,1.172,1.998,https://www.youtube.com/watch?v=uy6ecL3QEdo
22400968,uy6ecL3QEdo,side-court-logo,518.32,5452,3868.2436,0.102,0.077,0.2889,0.0623,0.7211,0.1507,0.4752,0.3096,1.0,0.0,0.8024,0.0844,3210.07,815.7,26.69,14.55,0.592,0.268,https://www.youtube.com/watch?v=uy6ecL3QEdo
22400968,uy6ecL3QEdo,back-court-logo,496.3,2480,2731.0115,0.1583,0.1086,0.3181,0.0532,0.8377,0.0575,0.5746,0.3529,1.0,0.0,0.8726,0.0223,2225.27,420.55,22.68,16.61,0.732,0.241,https://www.youtube.com/watch?v=uy6ecL3QEdo
22400968,uy6ecL3QEdo,basket-logo,488.69,13285,1803.9932,0.0195,0.0301,0.1092,0.1089,0.4502,0.0933,0.3686,0.2998,0.9317,0.2035,0.883,0.0573,1112.46,1150.52,33.57,17.61,0.169,0.07,https://www.youtube.com/watch?v=uy6ecL3QEdo
22400538,iXYH9MAGPk0,back-court-logo,454.6,2273,211.1092,0.3254,0.2205,0.5713,0.0892,0.9522,0.0205,0.5681,0.35,0.9996,0.0196,0.8841,0.0291,961.09,217.79,23.23,17.39,1.798,0.378,https://www.youtube.com/watch?v=iXYH9MAGPk0
22400538,iXYH9MAGPk0,basket-logo,444.4,13389,98.7329,0.0258,0.0311,0.157,0.1093,0.4471,0.1451,0.3043,0.2483,0.9994,0.0168,0.9056,0.0353,2622.15,2039.96,35.62,15.4,0.23,0.132,https://www.youtube.com/watch?v=iXYH9MAGPk0
22400538,iXYH9MAGPk0,mid-court-logo,158.8,931,66.9386,0.2519,0.2083,0.5499,0.2405,0.8744,0.1066,0.4812,0.296,0.9966,0.0476,0.8591,0.0734,662.93,325.48,26.09,13.77,1.877,2.105,https://www.youtube.com/watch?v=iXYH9MAGPk0
22400538,iXYH9MAGPk0,side-court-logo,439.6,2589,69.5781,0.0941,0.0841,0.2846,0.0513,0.8868,0.1987,0.3756,0.3034,0.9996,0.0194,0.8536,0.0601,1325.69,592.01,31.51,15.08,0.586,0.189,https://www.youtube.com/watch?v=iXYH9MAGPk0
22400538,iXYH9MAGPk0,side-court-led-logo,84.0,421,29.4981,0.2455,0.2294,0.5547,0.2862,0.8299,0.2109,0.4758,0.2773,0.9712,0.1434,0.8658,0.0613,706.94,543.02,25.9,12.32,3.601,11.05,https://www.youtube.com/watch?v=iXYH9MAGPk0
22400538,YJSl62lxgz8,back-court-logo,448.4,2242,6337.8452,0.3248,0.2225,0.5738,0.089,0.9518,0.0213,0.5624,0.3505,1.0,0.0001,0.8843,0.0297,936.46,202.65,23.48,17.38,1.809,0.378,https://www.youtube.com/watch?v=YJSl62lxgz8
22400538,YJSl62lxgz8,basket-logo,438.4,13190,2922.4698,0.0255,0.031,0.1568,0.1097,0.4475,0.1457,0.2979,0.2464,0.9992,0.0198,0.9053,0.0354,2576.57,2017.93,35.97,15.42,0.231,0.133,https://www.youtube.com/watch?v=YJSl62lxgz8
22400538,YJSl62lxgz8,side-court-logo,440.6,2616,2173.5593,0.0955,0.0845,0.2848,0.0533,0.8844,0.2003,0.3813,0.3047,1.0,0.0005,0.8594,0.057,1264.26,568.45,31.23,15.06,0.588,0.2,https://www.youtube.com/watch?v=YJSl62lxgz8
22400538,YJSl62lxgz8,mid-court-logo,170.4,1003,2211.0687,0.2533,0.2063,0.5468,0.2394,0.8767,0.1088,0.484,0.2942,0.9969,0.0424,0.8518,0.0807,615.92,303.48,25.9,13.55,1.822,1.257,https://www.youtube.com/watch?v=YJSl62lxgz8
22400538,YJSl62lxgz8,side-court-led-logo,84.6,423,896.4481,0.2435,0.2312,0.5505,0.2875,0.8261,0.2136,0.4768,0.2818,0.9554,0.1811,0.8668,0.0586,636.23,509.66,25.93,12.46,3.225,9.37,https://www.youtube.com/watch?v=YJSl62lxgz8
22400538,5LdIX7rh_28,back-court-logo,446.8,2234,367.0766,0.3244,0.2217,0.5728,0.0906,0.9518,0.0228,0.5632,0.3496,1.0,0.0,0.8851,0.0294,953.89,203.03,23.5,17.41,1.805,0.384,https://www.youtube.com/watch?v=5LdIX7rh_28
22400538,5LdIX7rh_28,mid-court-logo,176.2,1073,135.2998,0.249,0.2038,0.5532,0.2374,0.8783,0.1082,0.4814,0.3004,0.996,0.0531,0.855,0.0726,642.33,303.34,26.25,14.28,1.888,1.972,https://www.youtube.com/watch?v=5LdIX7rh_28
22400538,5LdIX7rh_28,side-court-led-logo,93.8,469,57.8417,0.2435,0.2286,0.5433,0.2783,0.8325,0.2042,0.4754,0.2867,0.9694,0.1507,0.8656,0.0556,754.98,604.96,26.0,12.71,3.321,10.837,https://www.youtube.com/watch?v=5LdIX7rh_28
22400538,5LdIX7rh_28,side-court-logo,444.6,2686,128.5513,0.0945,0.0842,0.284,0.0533,0.8744,0.2063,0.3868,0.309,1.0,0.0004,0.8566,0.0607,1275.94,558.3,31.11,15.38,0.583,0.202,https://www.youtube.com/watch?v=5LdIX7rh_28
22400538,5LdIX7rh_28,basket-logo,434.8,13064,171.4957,0.0259,0.0313,0.1566,0.1094,0.4461,0.144,0.3062,0.2502,0.9991,0.0214,0.9056,0.0367,3015.97,2276.35,35.56,15.5,0.23,0.132,https://www.youtube.com/watch?v=5LdIX7rh_28
22400990,ukeXoG2RnSM,mid-court-logo,494.89,2760,15050.676,0.189,0.1737,0.5328,0.175,0.8734,0.1278,0.3764,0.3036,1.0,0.0013,0.8594,0.0465,1710.13,504.91,31.44,14.95,1.67,0.79,https://www.youtube.com/watch?v=ukeXoG2RnSM
22400990,ukeXoG2RnSM,side-court-led-logo,283.08,1414,6820.3876,0.1672,0.2029,0.4356,0.2478,0.7395,0.1814,0.3715,0.2955,0.9894,0.0854,0.8836,0.0529,1800.33,1075.27,32.3,15.92,1.355,1.247,https://www.youtube.com/watch?v=ukeXoG2RnSM
22400990,ukeXoG2RnSM,side-court-logo,572.57,4534,24636.996,0.1883,0.1645,0.4245,0.1679,0.7944,0.2433,0.4816,0.3002,1.0,0.0023,0.8404,0.0602,2234.38,647.84,26.03,13.87,1.177,0.702,https://www.youtube.com/watch?v=ukeXoG2RnSM
22400990,ukeXoG2RnSM,back-court-logo,533.33,2668,24226.5207,0.3147,0.2273,0.6008,0.1246,0.9385,0.0263,0.5362,0.3375,0.9996,0.0175,0.8987,0.0209,1657.17,475.32,24.06,15.51,1.966,0.654,https://www.youtube.com/watch?v=ukeXoG2RnSM
22400990,ukeXoG2RnSM,basket-logo,524.12,14319,8336.0151,0.0202,0.0284,0.122,0.112,0.4037,0.1281,0.3241,0.2715,0.9986,0.0315,0.9085,0.0341,3282.9,2180.83,34.83,15.82,0.185,0.103,https://www.youtube.com/watch?v=ukeXoG2RnSM
22400990,qvpO8O0GZwk,mid-court-logo,452.8,2630,16490.8035,0.2038,0.1812,0.5334,0.1808,0.8694,0.1374,0.403,0.3092,1.0,0.0,0.8553,0.0516,1702.58,502.98,30.18,15.15,1.68,0.819,https://www.youtube.com/watch?v=qvpO8O0GZwk
22400990,qvpO8O0GZwk,side-court-led-logo,281.0,1405,8752.4685,0.2025,0.2162,0.4537,0.2527,0.7592,0.1796,0.438,0.3086,0.9852,0.1072,0.8821,0.052,1768.91,976.61,28.8,15.57,1.805,5.782,https://www.youtube.com/watch?v=qvpO8O0GZwk
22400990,qvpO8O0GZwk,side-court-logo,520.2,4211,23635.3443,0.1824,0.1602,0.4198,0.1666,0.7902,0.2429,0.4829,0.2994,1.0,0.0,0.8404,0.0601,2306.5,736.39,25.99,13.93,1.155,0.701,https://www.youtube.com/watch?v=qvpO8O0GZwk
22400990,qvpO8O0GZwk,back-court-logo,469.2,2346,22485.4278,0.3116,0.2431,0.6037,0.1287,0.9405,0.0255,0.5161,0.3524,1.0,0.0,0.8991,0.0222,1618.52,443.67,25.46,17.04,1.983,0.68,https://www.youtube.com/watch?v=qvpO8O0GZwk
22400990,qvpO8O0GZwk,basket-logo,458.0,12404,7751.512,0.0203,0.0291,0.1216,0.1129,0.4046,0.1276,0.3133,0.2738,0.9989,0.0274,0.9095,0.0327,3142.36,2045.12,35.93,16.61,0.187,0.129,https://www.youtube.com/watch?v=qvpO8O0GZwk
22400990,laNcZkz_8Qo,mid-court-logo,451.8,2621,347.3544,0.2054,0.1813,0.5354,0.1793,0.872,0.1337,0.41,0.3144,1.0,0.0,0.8542,0.0509,1806.99,550.09,29.86,15.24,1.688,0.821,https://www.youtube.com/watch?v=laNcZkz_8Qo
22400990,laNcZkz_8Qo,side-court-led-logo,280.0,1400,180.9871,0.2004,0.2112,0.4532,0.2514,0.7614,0.1806,0.4413,0.3098,0.9899,0.087,0.8817,0.0536,1879.94,1029.04,28.8,15.82,1.809,5.636,https://www.youtube.com/watch?v=laNcZkz_8Qo
22400990,laNcZkz_8Qo,side-court-logo,518.4,4198,490.989,0.1813,0.16,0.4147,0.1659,0.7883,0.2436,0.4832,0.2986,1.0,0.0,0.8347,0.063,2484.57,796.9,25.97,13.87,1.136,0.693,https://www.youtube.com/watch?v=laNcZkz_8Qo
22400990,laNcZkz_8Qo,back-court-logo,469.6,2348,465.5017,0.3073,0.2428,0.6032,0.1279,0.941,0.0248,0.5106,0.3561,1.0,0.0,0.8996,0.0207,1731.48,468.85,25.71,17.19,1.981,0.677,https://www.youtube.com/watch?v=laNcZkz_8Qo
22400990,laNcZkz_8Qo,basket-logo,457.8,12388,158.9535,0.0199,0.0295,0.1204,0.1131,0.4041,0.1272,0.3107,0.2781,0.9991,0.024,0.9092,0.0334,3350.19,2169.75,36.35,17.02,0.186,0.127,https://www.youtube.com/watch?v=laNcZkz_8Qo
22400990,FYbzEWZA4lA,back-court-logo,358.8,1794,723.984,0.2925,0.2358,0.5886,0.1261,0.9365,0.0274,0.5018,0.3537,0.9992,0.0213,0.8967,0.0242,1436.94,412.56,26.04,17.07,1.908,0.639,https://www.youtube.com/watch?v=FYbzEWZA4lA
22400990,FYbzEWZA4lA,basket-logo,351.8,9470,245.9116,0.0188,0.0279,0.1206,0.1129,0.4019,0.125,0.3004,0.2737,0.9974,0.0423,0.9074,0.0355,2915.87,2026.0,36.77,16.71,0.185,0.134,https://www.youtube.com/watch?v=FYbzEWZA4lA
22400990,FYbzEWZA4lA,mid-court-logo,351.6,2035,589.2506,0.2099,0.1843,0.5452,0.1781,0.8705,0.1369,0.4134,0.3116,0.9995,0.0209,0.8548,0.0496,1604.32,463.51,29.7,15.16,1.73,0.805,https://www.youtube.com/watch?v=FYbzEWZA4lA
22400990,FYbzEWZA4lA,side-court-led-logo,222.4,1112,302.1027,0.1969,0.2173,0.4665,0.2526,0.7569,0.1729,0.4263,0.3053,0.9907,0.082,0.8839,0.0507,1702.34,998.32,29.38,15.63,1.586,2.606,https://www.youtube.com/watch?v=FYbzEWZA4lA
22400990,FYbzEWZA4lA,side-court-logo,398.6,3292,839.1165,0.1848,0.1643,0.4182,0.1686,0.7831,0.2449,0.4915,0.2998,0.9994,0.023,0.8405,0.0618,1920.17,556.98,25.58,13.82,1.149,0.712,https://www.youtube.com/watch?v=FYbzEWZA4lA
22401141,BIDuwAO6Ot4,mid-court-logo,495.4,2591,80.1118,0.2149,0.2152,0.6484,0.2246,0.8795,0.1388,0.3602,0.3201,0.9984,0.0226,0.8905,0.036,697.57,262.21,32.92,16.26,2.258,1.072,https://www.youtube.com/watch?v=BIDuwAO6Ot4
22401141,BIDuwAO6Ot4,side-court-led-logo,427.8,2139,46.7138,0.1518,0.1835,0.4214,0.1856,0.7863,0.1502,0.3548,0.3166,0.9863,0.0988,0.9066,0.0415,1257.27,939.35,33.51,16.64,1.239,0.983,https://www.youtube.com/watch?v=BIDuwAO6Ot4
22401141,BIDuwAO6Ot4,side-court-logo,528.2,2693,53.6821,0.1385,0.0877,0.356,0.0393,0.8367,0.0774,0.484,0.3163,1.0,0.0,0.9019,0.0166,1417.04,289.99,25.62,13.64,0.905,0.16,https://www.youtube.com/watch?v=BIDuwAO6Ot4
22401141,BIDuwAO6Ot4,back-court-logo,512.4,2562,70.2995,0.1907,0.1271,0.3691,0.0587,0.8898,0.0301,0.5672,0.3452,1.0,0.0,0.8815,0.0184,1167.71,253.51,22.86,15.98,0.963,0.303,https://www.youtube.com/watch?v=BIDuwAO6Ot4
22401141,BIDuwAO6Ot4,basket-logo,507.6,16832,40.4235,0.0167,0.0306,0.0902,0.1132,0.4009,0.1375,0.3569,0.3002,0.9979,0.0373,0.9049,0.0322,1687.33,1419.2,34.07,17.46,0.17,0.198,https://www.youtube.com/watch?v=BIDuwAO6Ot4
22401141,lMnn-jirWd4,mid-court-logo,496.4,2593,1282.6315,0.2158,0.2162,0.6471,0.2256,0.8784,0.1399,0.3637,0.323,0.9954,0.0452,0.8907,0.0361,620.02,239.81,32.87,16.54,2.251,1.07,https://www.youtube.com/watch?v=lMnn-jirWd4
22401141,lMnn-jirWd4,side-court-led-logo,427.2,2136,745.6839,0.1523,0.1809,0.4201,0.1855,0.7849,0.1509,0.3625,0.319,0.9807,0.1184,0.9064,0.042,1091.37,840.16,33.25,16.92,1.232,0.975,https://www.youtube.com/watch?v=lMnn-jirWd4
22401141,lMnn-jirWd4,side-court-logo,529.4,2694,865.8181,0.1402,0.0898,0.3581,0.0388,0.8392,0.0744,0.4862,0.3212,0.9996,0.0189,0.9025,0.0175,1273.08,253.51,25.6,14.06,0.914,0.16,https://www.youtube.com/watch?v=lMnn-jirWd4
22401141,lMnn-jirWd4,back-court-logo,513.6,2568,1117.9938,0.1899,0.1303,0.3709,0.061,0.8904,0.0298,0.5605,0.3482,1.0,0.0001,0.8816,0.0172,1024.13,213.24,23.18,16.09,0.971,0.311,https://www.youtube.com/watch?v=lMnn-jirWd4
22401141,lMnn-jirWd4,basket-logo,509.0,16894,646.3584,0.0167,0.0309,0.0906,0.1127,0.4005,0.1371,0.3552,0.3036,0.9977,0.0388,0.905,0.032,1472.89,1263.63,34.28,17.7,0.17,0.214,https://www.youtube.com/watch?v=lMnn-jirWd4
22400953,5rkDSAFNyI0,back-court-logo,496.4,2482,2684.6002,0.218,0.1454,0.4153,0.0782,0.8997,0.0427,0.5688,0.3354,1.0,0.0004,0.879,0.0223,1495.68,387.76,22.91,15.96,1.152,0.329,https://www.youtube.com/watch?v=5rkDSAFNyI0
22400953,5rkDSAFNyI0,basket-logo,490.0,13354,1643.8376,0.0248,0.0301,0.1453,0.1062,0.4239,0.1007,0.3739,0.2913,0.9941,0.0597,0.9056,0.0315,2555.82,2150.83,32.56,16.5,0.198,0.103,https://www.youtube.com/watch?v=5rkDSAFNyI0
22400953,5rkDSAFNyI0,mid-court-logo,393.0,2162,1670.8623,0.1558,0.159,0.4901,0.1826,0.7854,0.1743,0.3814,0.3241,1.0,0.0016,0.8503,0.0904,1663.07,815.99,31.83,16.28,1.505,0.847,https://www.youtube.com/watch?v=5rkDSAFNyI0
22400953,5rkDSAFNyI0,side-court-led-logo,498.4,2503,2174.9002,0.1751,0.2077,0.5151,0.1947,0.8078,0.1227,0.3326,0.3083,0.9742,0.1213,0.9008,0.0428,729.11,448.45,33.94,15.63,1.729,2.323,https://www.youtube.com/watch?v=5rkDSAFNyI0
22400953,5rkDSAFNyI0,side-court-logo,518.0,2668,1034.7407,0.0782,0.0554,0.2899,0.0389,0.6566,0.1175,0.4393,0.3142,0.9999,0.0077,0.882,0.0317,1505.91,528.14,28.04,14.59,0.602,0.171,https://www.youtube.com/watch?v=5rkDSAFNyI0
22400964,2qz36Fugiu8,side-court-led-logo,521.4,2616,1923.0659,0.2692,0.2701,0.7794,0.1424,0.8856,0.0652,0.3627,0.3453,0.9946,0.0677,0.9013,0.045,1038.36,551.71,33.72,18.07,3.273,2.776,https://www.youtube.com/watch?v=2qz36Fugiu8
22400964,2qz36Fugiu8,mid-court-logo,389.4,2100,1121.5986,0.1956,0.2038,0.6189,0.2119,0.7746,0.1808,0.3617,0.3374,0.9996,0.011,0.8868,0.0605,1267.62,477.69,34.24,18.69,2.172,1.174,https://www.youtube.com/watch?v=2qz36Fugiu8
22400964,2qz36Fugiu8,basket-logo,485.8,10619,1019.1099,0.0351,0.0443,0.1531,0.1053,0.5783,0.165,0.3222,0.2857,0.9982,0.035,0.9039,0.0465,1804.88,1245.88,36.54,18.21,0.201,0.162,https://www.youtube.com/watch?v=2qz36Fugiu8
22400964,2qz36Fugiu8,side-court-logo,494.2,2525,286.1139,0.0415,0.0393,0.2701,0.0381,0.4226,0.0899,0.3855,0.352,0.9996,0.0195,0.8845,0.0374,1873.13,519.32,32.7,18.47,0.523,0.777,https://www.youtube.com/watch?v=2qz36Fugiu8
22400964,N4fjYaMcaI0,mid-court-logo,391.2,2115,66.5811,0.1902,0.2028,0.6186,0.2119,0.7728,0.1797,0.3496,0.3303,0.9995,0.0214,0.8884,0.0557,1393.15,537.31,34.72,18.29,2.191,1.582,https://www.youtube.com/watch?v=N4fjYaMcaI0
22400964,N4fjYaMcaI0,side-court-led-logo,526.2,2641,114.9079,0.2629,0.2663,0.782,0.1421,0.8854,0.0659,0.3518,0.3372,0.996,0.0585,0.9007,0.0454,1136.28,590.59,34.08,17.66,3.254,2.311,https://www.youtube.com/watch?v=N4fjYaMcaI0
22400964,N4fjYaMcaI0,basket-logo,487.0,10597,62.4739,0.0356,0.0446,0.1525,0.1049,0.5794,0.1651,0.3295,0.2865,0.9989,0.027,0.9045,0.046,1980.53,1356.79,36.0,18.07,0.199,0.113,https://www.youtube.com/watch?v=N4fjYaMcaI0
22400964,N4fjYaMcaI0,side-court-logo,499.2,2550,17.3247,0.041,0.0388,0.2696,0.0359,0.422,0.0912,0.3801,0.3444,1.0,0.0,0.8829,0.0391,2021.97,565.82,32.78,18.05,0.507,0.138,https://www.youtube.com/watch?v=N4fjYaMcaI0
22400964,N4fjYaMcaI0,back-court-logo,0.2,1,0.001,0.0063,0.0,0.2098,0.0,0.9999,0.0,0.0462,0.0,0.6545,0.0,0.604,0.0,112.78,0.0,49.6,0.0,0.174,0.0,https://www.youtube.com/watch?v=N4fjYaMcaI0
22400941,t-I6wLQm5ZU,back-court-logo,489.2,2447,121.2289,0.2205,0.1574,0.433,0.067,0.8774,0.0369,0.553,0.3585,1.0,0.0002,0.8954,0.0196,1112.02,281.04,23.94,17.22,1.228,0.273,https://www.youtube.com/watch?v=t-I6wLQm5ZU
22400941,t-I6wLQm5ZU,basket-logo,481.4,13261,84.1208,0.0282,0.0311,0.1747,0.0928,0.4655,0.1136,0.3147,0.2795,0.9968,0.0435,0.906,0.0357,1291.99,626.5,36.75,18.02,0.216,0.133,https://www.youtube.com/watch?v=t-I6wLQm5ZU
22400941,t-I6wLQm5ZU,mid-court-logo,394.4,2118,102.5607,0.2155,0.2065,0.5452,0.2053,0.9075,0.1041,0.3846,0.3311,0.9975,0.0413,0.8677,0.0599,1246.89,472.98,32.06,17.15,1.762,0.986,https://www.youtube.com/watch?v=t-I6wLQm5ZU
22400941,t-I6wLQm5ZU,side-court-led-logo,519.8,3752,105.3988,0.125,0.1194,0.3542,0.1359,0.8342,0.1099,0.4174,0.2955,0.9721,0.1429,0.91,0.0412,618.51,315.4,29.27,14.53,0.938,1.074,https://www.youtube.com/watch?v=t-I6wLQm5ZU
22400941,t-I6wLQm5ZU,side-court-logo,511.2,2582,106.4752,0.1835,0.0907,0.3875,0.0591,0.8605,0.0526,0.5412,0.2508,1.0,0.0,0.8847,0.033,1462.42,323.83,22.97,10.82,1.037,0.246,https://www.youtube.com/watch?v=t-I6wLQm5ZU
22400937,IdMYXu-rpbg,mid-court-logo,356.6,1853,1794.4192,0.1937,0.212,0.5736,0.2341,0.7545,0.2036,0.3607,0.332,1.0,0.0002,0.8799,0.0661,1447.39,476.3,34.34,18.58,1.971,1.323,https://www.youtube.com/watch?v=IdMYXu-rpbg
22400937,IdMYXu-rpbg,side-court-led-logo,516.8,2584,2922.9373,0.2263,0.247,0.7289,0.1625,0.8849,0.0621,0.318,0.326,0.994,0.0695,0.905,0.0394,895.96,463.61,35.67,17.12,2.919,3.594,https://www.youtube.com/watch?v=IdMYXu-rpbg
22400937,IdMYXu-rpbg,side-court-logo,487.6,2461,469.185,0.0381,0.0378,0.2721,0.0399,0.4272,0.0733,0.3541,0.3445,1.0,0.0,0.8858,0.0379,1781.92,545.29,34.31,18.36,0.521,0.149,https://www.youtube.com/watch?v=IdMYXu-rpbg
22400937,IdMYXu-rpbg,basket-logo,501.0,11575,2058.1184,0.0356,0.0443,0.1538,0.105,0.575,0.1603,0.3212,0.2806,0.9993,0.015,0.904,0.0453,1435.1,1024.63,36.21,17.73,0.206,0.109,https://www.youtube.com/watch?v=IdMYXu-rpbg
22400937,IdMYXu-rpbg,back-court-logo,0.4,2,0.094,0.0094,0.0039,0.3506,0.0734,0.944,0.0258,0.027,0.0053,1.0,0.0,0.6868,0.0442,2155.21,881.9,53.88,1.47,0.868,0.326,https://www.youtube.com/watch?v=IdMYXu-rpbg
22400934,WAVtbZYgBoI,mid-court-logo,285.0,1599,798.1155,0.197,0.1832,0.5673,0.2235,0.9337,0.0981,0.3592,0.2865,0.9989,0.0261,0.8815,0.0495,1093.26,424.02,32.78,15.85,1.894,1.331,https://www.youtube.com/watch?v=WAVtbZYgBoI
22400934,WAVtbZYgBoI,basket-logo,375.0,9706,878.7645,0.0357,0.0396,0.1735,0.0973,0.5568,0.1656,0.3116,0.2623,0.9843,0.1097,0.9018,0.048,1437.53,1235.62,35.53,15.86,0.223,0.122,https://www.youtube.com/watch?v=WAVtbZYgBoI
22400934,WAVtbZYgBoI,side-court-led-logo,224.6,1125,555.1128,0.1947,0.2266,0.4785,0.2751,0.8771,0.1537,0.3861,0.3,0.9457,0.2084,0.8846,0.0662,906.95,770.09,31.7,16.23,2.154,5.744,https://www.youtube.com/watch?v=WAVtbZYgBoI
22400934,WAVtbZYgBoI,side-court-logo,0.2,1,0.0,0.0,0.0,0.0,0.0,0.8708,0.0,0.2132,0.0,1.0,0.0,0.6279,0.0,3281.96,0.0,35.16,0.0,0.088,0.0,https://www.youtube.com/watch?v=WAVtbZYgBoI
22400970,oetVw4UOh7g,basket-logo,454.65,12274,1870.4858,0.0333,0.0394,0.1672,0.0992,0.5443,0.1638,0.3018,0.2744,0.9849,0.1074,0.9038,0.039,1758.53,1664.43,37.77,18.46,0.212,0.115,https://www.youtube.com/watch?v=oetVw4UOh7g
22400970,oetVw4UOh7g,mid-court-logo,337.34,1895,1880.605,0.2171,0.1862,0.5445,0.2073,0.9174,0.1129,0.4202,0.3071,0.9992,0.0216,0.884,0.0494,1166.17,452.03,29.75,15.74,1.747,0.961,https://www.youtube.com/watch?v=oetVw4UOh7g
22400970,oetVw4UOh7g,side-court-led-logo,279.08,1395,1201.8135,0.1884,0.1969,0.4573,0.2685,0.8665,0.1483,0.4302,0.3001,0.9213,0.2525,0.8781,0.0745,1008.81,844.98,29.05,14.94,1.719,3.226,https://www.youtube.com/watch?v=oetVw4UOh7g
22400970,oetVw4UOh7g,back-court-logo,2.0,10,11.3171,0.2475,0.2283,0.5026,0.265,0.98,0.0218,0.3969,0.3449,1.0,0.0,0.7248,0.0924,917.22,230.44,37.12,25.66,1.598,1.033,https://www.youtube.com/watch?v=oetVw4UOh7g
22400970,oetVw4UOh7g,side-court-logo,0.6,3,0.5253,0.0383,0.0518,0.1603,0.116,0.9522,0.0597,0.1557,0.1849,1.0,0.0,0.7863,0.0825,986.26,200.49,45.19,13.35,0.258,0.181,https://www.youtube.com/watch?v=oetVw4UOh7g
22400970,4EPQv5ANEuY,basket-logo,447.0,12022,78.6183,0.0328,0.0396,0.1669,0.0995,0.5457,0.1635,0.2958,0.2769,0.9869,0.1001,0.9043,0.0393,1723.17,1586.37,38.18,18.56,0.212,0.116,https://www.youtube.com/watch?v=4EPQv5ANEuY
22400970,4EPQv5ANEuY,mid-court-logo,334.6,1880,81.1865,0.2164,0.1814,0.5429,0.2075,0.9162,0.1103,0.4256,0.3028,0.9998,0.0059,0.8849,0.0472,1171.98,459.26,29.31,15.31,1.74,0.962,https://www.youtube.com/watch?v=4EPQv5ANEuY
22400970,4EPQv5ANEuY,side-court-led-logo,277.2,1388,54.3526,0.1962,0.1998,0.4652,0.2691,0.8662,0.1468,0.4446,0.2935,0.9234,0.249,0.8805,0.0698,1020.29,835.69,28.07,14.2,1.819,3.757,https://www.youtube.com/watch?v=4EPQv5ANEuY
22400970,4EPQv5ANEuY,back-court-logo,2.8,14,0.2176,0.0779,0.1275,0.4134,0.2414,0.9845,0.0216,0.187,0.1823,1.0,0.0,0.7018,0.0826,893.7,250.05,43.87,16.61,1.241,0.885,https://www.youtube.com/watch?v=4EPQv5ANEuY
22400970,4EPQv5ANEuY,side-court-logo,1.2,6,0.058,0.0484,0.0555,0.2242,0.1109,0.9468,0.0853,0.1999,0.2393,1.0,0.0,0.742,0.1072,1057.89,442.2,40.58,12.65,0.418,0.277,https://www.youtube.com/watch?v=4EPQv5ANEuY
22400970,mk5DSYbPXj4,basket-logo,80.68,1744,13.1215,0.0448,0.0464,0.1895,0.1011,0.5954,0.1867,0.3486,0.2618,0.9433,0.2084,0.9005,0.0499,1468.88,1453.61,33.7,16.19,0.269,0.204,https://www.youtube.com/watch?v=mk5DSYbPXj4
22400970,mk5DSYbPXj4,mid-court-logo,53.45,411,14.557,0.2108,0.1925,0.5827,0.2008,0.881,0.1269,0.3847,0.3008,0.9823,0.0951,0.8577,0.0687,621.55,499.78,31.28,15.88,1.981,1.239,https://www.youtube.com/watch?v=mk5DSYbPXj4
22400970,mk5DSYbPXj4,side-court-led-logo,39.64,198,6.2879,0.189,0.1719,0.5496,0.2616,0.8369,0.1071,0.4109,0.2882,0.9303,0.2091,0.8762,0.0571,630.57,557.69,29.9,15.04,2.046,1.746,https://www.youtube.com/watch?v=mk5DSYbPXj4
22400970,mk5DSYbPXj4,back-court-logo,0.6,3,0.0003,0.0005,0.0004,0.3754,0.1694,0.9945,0.0078,0.0012,0.0005,0.9996,0.0004,0.728,0.0691,282.35,31.63,73.84,2.05,0.935,0.741,https://www.youtube.com/watch?v=mk5DSYbPXj4
22400970,mk5DSYbPXj4,side-court-logo,0.6,3,0.0387,0.0767,0.0681,0.2585,0.0465,0.8504,0.2116,0.3615,0.2931,0.9956,0.0062,0.7266,0.0864,366.27,168.94,36.01,19.86,0.433,0.235,https://www.youtube.com/watch?v=mk5DSYbPXj4
22400956,5ONLNhl252M,mid-court-logo,433.6,2488,1605.9427,0.1949,0.1969,0.5584,0.2257,0.8572,0.1524,0.372,0.3179,0.9994,0.0215,0.8894,0.0478,1620.53,517.43,31.97,15.8,1.86,1.203,https://www.youtube.com/watch?v=5ONLNhl252M
22400956,5ONLNhl252M,side-court-led-logo,340.4,1703,1030.883,0.1828,0.1858,0.4469,0.2278,0.7923,0.1528,0.4209,0.3141,0.9922,0.0709,0.8931,0.0497,1460.12,945.85,29.54,15.41,1.437,2.655,https://www.youtube.com/watch?v=5ONLNhl252M
22400956,5ONLNhl252M,side-court-logo,505.6,2624,1287.4793,0.1482,0.0889,0.352,0.052,0.9055,0.0839,0.4763,0.2911,1.0,0.0,0.8815,0.0319,2612.57,611.96,25.69,12.49,0.887,0.215,https://www.youtube.com/watch?v=5ONLNhl252M
22400956,5ONLNhl252M,back-court-logo,479.0,2395,2151.0203,0.2712,0.1843,0.4856,0.0887,0.9288,0.0216,0.5773,0.3516,0.9999,0.0041,0.891,0.0188,1770.89,344.36,22.54,16.57,1.476,1.264,https://www.youtube.com/watch?v=5ONLNhl252M
22400956,5ONLNhl252M,basket-logo,467.2,8894,952.67,0.0323,0.0349,0.161,0.0982,0.4756,0.131,0.3895,0.3113,0.9996,0.0146,0.9122,0.0283,2160.42,1267.53,32.29,17.44,0.204,0.08,https://www.youtube.com/watch?v=5ONLNhl252M
22400958,gbE_1ksllkc,back-court-logo,480.0,2415,3352.1571,0.1842,0.132,0.3799,0.0583,0.8721,0.0409,0.5418,0.3587,0.9997,0.0161,0.8769,0.0196,2302.58,444.37,24.32,17.23,1.011,0.402,https://www.youtube.com/watch?v=gbE_1ksllkc
22400958,gbE_1ksllkc,basket-logo,467.6,15221,2016.7288,0.0176,0.0306,0.0912,0.1088,0.3723,0.1234,0.3894,0.3217,0.9987,0.0314,0.9033,0.0408,2656.27,1909.26,33.0,18.53,0.153,0.087,https://www.youtube.com/watch?v=gbE_1ksllkc
22400958,gbE_1ksllkc,mid-court-logo,505.4,2881,4973.3445,0.2291,0.2261,0.701,0.1933,0.9122,0.0956,0.3473,0.3241,0.9997,0.0182,0.884,0.0328,1904.97,597.68,33.91,16.86,2.622,1.367,https://www.youtube.com/watch?v=gbE_1ksllkc
22400958,gbE_1ksllkc,side-court-led-logo,417.4,2087,1879.2993,0.1195,0.1516,0.3711,0.1646,0.722,0.1727,0.3433,0.3275,0.9909,0.087,0.8957,0.0469,1759.1,988.49,35.24,18.39,1.171,4.103,https://www.youtube.com/watch?v=gbE_1ksllkc
22400958,gbE_1ksllkc,side-court-logo,513.6,2728,2803.7369,0.1364,0.0879,0.3358,0.0496,0.85,0.0907,0.4858,0.3052,0.9996,0.0187,0.8941,0.0241,2865.13,752.89,25.7,13.59,0.819,0.32,https://www.youtube.com/watch?v=gbE_1ksllkc
22400958,uHGS2wLjGWc,back-court-logo,372.8,1870,284.1154,0.1856,0.1331,0.3845,0.0556,0.8705,0.0425,0.54,0.3568,0.9999,0.0048,0.8767,0.0216,2265.14,436.53,24.48,17.31,1.025,0.231,https://www.youtube.com/watch?v=uHGS2wLjGWc
22400958,uHGS2wLjGWc,basket-logo,364.2,11782,171.1694,0.0177,0.0312,0.0948,0.1102,0.3726,0.1215,0.38,0.3166,0.9981,0.0333,0.8993,0.0449,2290.94,1685.35,33.56,18.63,0.157,0.144,https://www.youtube.com/watch?v=uHGS2wLjGWc
22400958,uHGS2wLjGWc,mid-court-logo,389.2,2197,431.357,0.2398,0.2338,0.7044,0.1951,0.9125,0.0944,0.3562,0.3262,0.9996,0.0138,0.8851,0.0294,1781.25,552.67,33.4,16.86,2.646,1.248,https://www.youtube.com/watch?v=uHGS2wLjGWc
22400958,uHGS2wLjGWc,side-court-led-logo,318.2,1591,158.8305,0.1219,0.1494,0.3764,0.1716,0.7322,0.1699,0.3531,0.3285,0.9855,0.1108,0.8901,0.0473,1475.13,880.95,34.73,18.39,1.015,0.771,https://www.youtube.com/watch?v=uHGS2wLjGWc
22400958,uHGS2wLjGWc,side-court-logo,396.8,2084,238.3556,0.1397,0.0866,0.3412,0.0532,0.8554,0.0912,0.4881,0.3013,0.9997,0.0144,0.8918,0.0321,2563.99,673.97,25.47,13.26,0.841,0.227,https://www.youtube.com/watch?v=uHGS2wLjGWc
22400958,LjcNnxpetJc,back-court-logo,480.8,2420,117.7562,0.1833,0.1317,0.3795,0.0571,0.8723,0.0412,0.5384,0.3595,1.0,0.0,0.8771,0.0198,2552.38,514.93,24.55,17.49,1.004,0.24,https://www.youtube.com/watch?v=LjcNnxpetJc
22400958,LjcNnxpetJc,mid-court-logo,505.6,2878,177.5263,0.2324,0.2261,0.6986,0.1944,0.9117,0.0955,0.3543,0.3255,1.0,0.0,0.8845,0.032,2114.02,669.95,33.55,16.94,2.6,1.216,https://www.youtube.com/watch?v=LjcNnxpetJc
22400958,LjcNnxpetJc,side-court-led-logo,418.0,2090,68.2783,0.1231,0.1531,0.3698,0.1617,0.7228,0.1709,0.3512,0.3307,0.9933,0.0748,0.8968,0.0441,2008.4,1101.6,34.97,18.59,1.121,3.542,https://www.youtube.com/watch?v=LjcNnxpetJc
22400958,LjcNnxpetJc,side-court-logo,514.0,2732,97.9541,0.1351,0.0872,0.3349,0.0502,0.85,0.0919,0.4818,0.3011,1.0,0.0,0.8925,0.0271,3100.29,798.47,25.75,13.29,0.813,0.212,https://www.youtube.com/watch?v=LjcNnxpetJc
22400958,LjcNnxpetJc,basket-logo,468.2,15229,70.5848,0.0175,0.0306,0.0911,0.1088,0.3723,0.1235,0.3851,0.3207,0.999,0.0287,0.9024,0.0425,3017.82,2159.96,33.25,18.54,0.153,0.087,https://www.youtube.com/watch?v=LjcNnxpetJc
22400945,7rJwuHKkdQc,basket-logo,406.6,9300,767.2727,0.031,0.0376,0.1516,0.1134,0.4692,0.1656,0.3685,0.279,0.9941,0.0656,0.8966,0.0525,1405.23,1420.48,32.95,16.86,0.217,0.242,https://www.youtube.com/watch?v=7rJwuHKkdQc
22400945,7rJwuHKkdQc,mid-court-logo,343.2,1946,1133.314,0.2186,0.223,0.5158,0.2338,0.8344,0.1558,0.4251,0.357,0.968,0.1263,0.868,0.061,512.38,264.8,31.16,19.42,1.753,1.75,https://www.youtube.com/watch?v=7rJwuHKkdQc
22400945,7rJwuHKkdQc,side-court-logo,457.4,2342,970.2997,0.1555,0.1318,0.54,0.1146,0.7589,0.0705,0.3708,0.2946,1.0,0.0,0.8446,0.0538,1546.84,474.8,31.33,14.48,1.667,0.482,https://www.youtube.com/watch?v=7rJwuHKkdQc
22400945,7rJwuHKkdQc,back-court-logo,407.2,2038,1678.4651,0.3091,0.2438,0.5856,0.1316,0.9575,0.0492,0.5175,0.3597,1.0,0.0009,0.8838,0.0532,1359.56,602.48,26.62,19.23,1.879,0.606,https://www.youtube.com/watch?v=7rJwuHKkdQc
22400945,7rJwuHKkdQc,side-court-led-logo,457.0,2902,1022.022,0.1322,0.1475,0.4737,0.1669,0.7014,0.1192,0.3947,0.3084,0.943,0.203,0.8967,0.0478,677.57,573.19,30.94,15.85,1.579,2.444,https://www.youtube.com/watch?v=7rJwuHKkdQc
22400956,WTwadfyt7Yo,mid-court-logo,323.56,1803,47.9009,0.2071,0.1999,0.5644,0.2244,0.8605,0.1498,0.3933,0.3226,0.9996,0.0176,0.8876,0.0505,1655.71,525.78,30.87,15.78,1.915,1.565,https://www.youtube.com/watch?v=WTwadfyt7Yo
22400956,WTwadfyt7Yo,side-court-led-logo,246.77,1205,30.1109,0.1948,0.1866,0.4592,0.23,0.7914,0.1546,0.4448,0.3164,0.9924,0.0666,0.8914,0.0506,1503.8,1069.96,28.26,15.05,1.582,3.909,https://www.youtube.com/watch?v=WTwadfyt7Yo
22400956,WTwadfyt7Yo,side-court-logo,380.08,1930,36.7976,0.1486,0.0909,0.3529,0.052,0.9104,0.0799,0.4727,0.2926,1.0,0.0,0.8801,0.0309,2673.65,637.31,25.91,12.7,0.891,0.212,https://www.youtube.com/watch?v=WTwadfyt7Yo
22400956,WTwadfyt7Yo,back-court-logo,359.81,1757,61.345,0.2721,0.1903,0.4937,0.0878,0.9311,0.02,0.5684,0.3581,0.9996,0.0152,0.8909,0.0223,1817.26,349.29,23.08,17.14,1.526,1.396,https://www.youtube.com/watch?v=WTwadfyt7Yo
22400956,WTwadfyt7Yo,basket-logo,349.36,6486,28.0885,0.0338,0.0358,0.1671,0.095,0.4784,0.1316,0.3834,0.3114,0.9997,0.0128,0.9119,0.0287,2144.68,1273.69,32.88,17.86,0.209,0.081,https://www.youtube.com/watch?v=WTwadfyt7Yo
22400945,RvSo5UiM_qQ,back-court-logo,360.8,1807,170.006,0.3195,0.2427,0.6039,0.1003,0.9647,0.0197,0.5258,0.3675,0.9999,0.0039,0.8968,0.0265,1275.62,325.93,26.24,19.32,1.949,0.468,https://www.youtube.com/watch?v=RvSo5UiM_qQ
22400945,RvSo5UiM_qQ,basket-logo,349.4,8157,79.1823,0.033,0.0375,0.1599,0.107,0.4663,0.1599,0.3699,0.2774,0.9953,0.0456,0.8964,0.0547,1346.16,1448.73,33.13,17.22,0.222,0.134,https://www.youtube.com/watch?v=RvSo5UiM_qQ
22400945,RvSo5UiM_qQ,mid-court-logo,296.6,1664,105.0049,0.2143,0.2219,0.4867,0.2125,0.8375,0.1494,0.4128,0.3612,0.9211,0.2107,0.8787,0.0489,441.27,237.91,32.26,19.99,1.509,0.984,https://www.youtube.com/watch?v=RvSo5UiM_qQ
22400945,RvSo5UiM_qQ,side-court-led-logo,407.0,2513,94.1753,0.1273,0.1426,0.4762,0.1656,0.6918,0.1115,0.3844,0.3,0.9453,0.1894,0.8932,0.0468,616.88,457.21,31.2,15.18,1.49,0.956,https://www.youtube.com/watch?v=RvSo5UiM_qQ
22400945,RvSo5UiM_qQ,side-court-logo,407.2,2080,97.1139,0.1586,0.1297,0.5386,0.1095,0.763,0.065,0.3821,0.2924,0.9999,0.0025,0.8359,0.0557,1615.72,518.18,30.59,13.95,1.66,0.453,https://www.youtube.com/watch?v=RvSo5UiM_qQ
22400952,NbacFetp1kw,mid-court-logo,537.0,3018,7230.687,0.111,0.1011,0.3605,0.0711,0.8109,0.0845,0.3911,0.3516,1.0,0.0004,0.9023,0.0257,3020.26,812.57,32.19,18.28,0.922,0.291,https://www.youtube.com/watch?v=NbacFetp1kw
22400952,NbacFetp1kw,side-court-led-logo,551.2,4906,12296.6852,0.1161,0.1162,0.3386,0.1169,0.8009,0.1216,0.4052,0.3125,0.9953,0.0613,0.9122,0.0355,2487.63,1268.16,30.56,16.05,0.825,0.54,https://www.youtube.com/watch?v=NbacFetp1kw
22400952,NbacFetp1kw,side-court-logo,46.2,231,121.0708,0.0243,0.0286,0.2107,0.0546,0.3766,0.0477,0.3007,0.3355,1.0,0.0,0.753,0.0807,2242.0,571.64,38.56,19.92,0.25,0.069,https://www.youtube.com/watch?v=NbacFetp1kw
22400952,NbacFetp1kw,back-court-logo,516.8,2585,17454.9913,0.3129,0.2202,0.564,0.1075,0.9358,0.0236,0.5627,0.3517,1.0,0.0,0.9044,0.0175,1845.96,350.85,23.22,16.72,1.785,0.556,https://www.youtube.com/watch?v=NbacFetp1kw
22400952,NbacFetp1kw,basket-logo,504.8,13206,5223.8427,0.0183,0.0285,0.1025,0.1091,0.3675,0.1041,0.369,0.3011,0.9997,0.0147,0.9079,0.0355,3159.02,1864.05,33.32,17.36,0.157,0.08,https://www.youtube.com/watch?v=NbacFetp1kw
22400952,B1Az_pj0xYE,back-court-logo,406.6,2033,929.8831,0.3156,0.2219,0.5696,0.1091,0.9341,0.0239,0.5629,0.3499,0.9996,0.0169,0.9037,0.0189,1728.3,348.61,23.13,16.3,1.814,0.586,https://www.youtube.com/watch?v=B1Az_pj0xYE
22400952,B1Az_pj0xYE,basket-logo,396.8,10595,283.5885,0.0185,0.0278,0.1051,0.1091,0.3668,0.1036,0.3654,0.3005,0.9995,0.017,0.9067,0.0356,2767.62,1735.29,33.49,17.24,0.159,0.077,https://www.youtube.com/watch?v=B1Az_pj0xYE
22400952,B1Az_pj0xYE,mid-court-logo,416.6,2303,375.8289,0.1126,0.1035,0.3664,0.0732,0.8143,0.0843,0.3895,0.355,1.0,0.0003,0.9018,0.0273,2933.94,799.13,32.35,18.53,0.946,0.303,https://www.youtube.com/watch?v=B1Az_pj0xYE
22400952,B1Az_pj0xYE,side-court-led-logo,427.8,3789,636.5955,0.1159,0.1193,0.3377,0.1181,0.7999,0.1223,0.4031,0.3146,0.9952,0.0628,0.9096,0.0372,2554.72,1276.18,30.81,16.3,0.833,0.625,https://www.youtube.com/watch?v=B1Az_pj0xYE
22400952,B1Az_pj0xYE,side-court-logo,30.8,154,5.2862,0.0237,0.0282,0.181,0.0921,0.3766,0.0762,0.3101,0.3275,1.0,0.0,0.7556,0.0735,2165.72,650.91,38.14,19.92,0.238,0.106,https://www.youtube.com/watch?v=B1Az_pj0xYE
22400970,4ZLdrAu_Xtw,basket-logo,343.23,9265,181.0091,0.0353,0.0401,0.1677,0.0999,0.5469,0.1646,0.3162,0.2764,0.9846,0.1085,0.9042,0.0393,1718.42,1693.7,37.09,18.8,0.216,0.118,https://www.youtube.com/watch?v=4ZLdrAu_Xtw
22400970,4ZLdrAu_Xtw,side-court-led-logo,189.73,955,107.7907,0.2038,0.2005,0.4697,0.2642,0.8755,0.1386,0.4511,0.3068,0.9319,0.2392,0.8791,0.0768,1107.36,886.12,28.0,14.89,1.874,4.327,https://www.youtube.com/watch?v=4ZLdrAu_Xtw
22400970,4ZLdrAu_Xtw,mid-court-logo,228.76,1271,152.0531,0.216,0.1847,0.5478,0.208,0.9128,0.1162,0.424,0.3116,0.9958,0.0547,0.8839,0.0504,1231.86,501.67,29.45,15.58,1.764,0.952,https://www.youtube.com/watch?v=4ZLdrAu_Xtw
22400970,4ZLdrAu_Xtw,back-court-logo,1.39,7,1.0145,0.2617,0.2305,0.6627,0.1191,0.9782,0.0177,0.3686,0.3365,1.0,0.0,0.7818,0.0738,889.11,162.41,38.23,24.44,2.219,0.537,https://www.youtube.com/watch?v=4ZLdrAu_Xtw
22400970,4ZLdrAu_Xtw,side-court-logo,0.6,3,0.0951,0.0572,0.0754,0.1543,0.1092,0.9157,0.1192,0.2664,0.3237,1.0,0.0,0.79,0.1345,1101.51,110.64,39.61,16.69,0.225,0.108,https://www.youtube.com/watch?v=4ZLdrAu_Xtw
22400954,K1Dc0_YvkCQ,mid-court-logo,384.0,2127,1137.2765,0.2201,0.2005,0.5572,0.2177,0.9053,0.1175,0.3925,0.3199,0.9965,0.0546,0.865,0.0597,1155.13,458.98,31.31,16.61,1.838,1.065,https://www.youtube.com/watch?v=K1Dc0_YvkCQ
22400954,K1Dc0_YvkCQ,side-court-led-logo,516.4,3683,1171.9894,0.131,0.1307,0.3725,0.1442,0.8487,0.1071,0.4136,0.2947,0.9713,0.1411,0.9131,0.0369,523.34,267.03,29.56,14.58,1.048,2.017,https://www.youtube.com/watch?v=K1Dc0_YvkCQ
22400954,K1Dc0_YvkCQ,side-court-logo,506.6,2560,1148.9328,0.1847,0.0989,0.3936,0.066,0.8589,0.065,0.5364,0.2654,0.9982,0.0397,0.8853,0.0308,1349.46,317.9,23.51,12.18,1.063,0.277,https://www.youtube.com/watch?v=K1Dc0_YvkCQ
22400954,K1Dc0_YvkCQ,back-court-logo,478.6,2393,1329.1135,0.2286,0.1648,0.4387,0.0735,0.8801,0.0392,0.5566,0.3556,1.0,0.0001,0.8932,0.0223,995.9,245.48,23.95,17.64,1.25,0.302,https://www.youtube.com/watch?v=K1Dc0_YvkCQ
22400954,K1Dc0_YvkCQ,basket-logo,470.0,12825,912.8028,0.0293,0.0324,0.1732,0.0972,0.4681,0.1144,0.3225,0.2826,0.9955,0.0577,0.9062,0.0359,1190.15,618.09,36.1,17.84,0.223,0.271,https://www.youtube.com/watch?v=K1Dc0_YvkCQ
22400974,0slAOBUhzK8,mid-court-logo,399.8,2281,12728.4999,0.1899,0.1948,0.5039,0.2049,0.8825,0.1186,0.3734,0.3354,1.0,0.0,0.8601,0.0634,1772.06,703.05,32.84,17.94,1.572,0.935,https://www.youtube.com/watch?v=0slAOBUhzK8
22400974,0slAOBUhzK8,side-court-led-logo,257.46,1288,5517.8915,0.1458,0.1777,0.4059,0.2247,0.8342,0.1631,0.3662,0.3181,0.9874,0.0896,0.8803,0.0618,2289.79,1351.3,33.91,18.25,1.159,0.99,https://www.youtube.com/watch?v=0slAOBUhzK8
22400974,0slAOBUhzK8,side-court-logo,520.72,2710,19409.0395,0.2437,0.154,0.5363,0.1179,0.9648,0.0646,0.4788,0.2963,1.0,0.0,0.8514,0.0374,2353.65,1107.81,25.89,13.08,1.656,0.497,https://www.youtube.com/watch?v=0slAOBUhzK8
22400974,0slAOBUhzK8,back-court-logo,484.68,2421,24713.1219,0.3473,0.2472,0.6415,0.115,0.9521,0.0212,0.5371,0.344,1.0,0.0,0.9027,0.0182,1975.69,418.6,24.43,16.48,2.129,0.557,https://www.youtube.com/watch?v=0slAOBUhzK8
22400974,0slAOBUhzK8,basket-logo,477.28,11868,7773.7806,0.0223,0.0309,0.1282,0.1103,0.4153,0.1213,0.3173,0.2807,0.9992,0.0244,0.9075,0.0395,2884.29,2168.27,36.3,17.59,0.185,0.099,https://www.youtube.com/watch?v=0slAOBUhzK8
22400954,IbbtLtw-sjw,mid-court-logo,373.6,2066,70.1026,0.2216,0.2032,0.5557,0.2162,0.9053,0.1159,0.3971,0.3259,0.9957,0.063,0.8673,0.0569,1184.8,467.33,31.61,17.63,1.828,1.055,https://www.youtube.com/watch?v=IbbtLtw-sjw
22400954,IbbtLtw-sjw,side-court-led-logo,509.0,3640,70.1074,0.1258,0.1224,0.3699,0.1408,0.8473,0.1084,0.4076,0.2927,0.9719,0.1397,0.9121,0.0376,531.9,267.63,29.94,14.78,1.025,1.758,https://www.youtube.com/watch?v=IbbtLtw-sjw
22400954,IbbtLtw-sjw,side-court-logo,499.4,2511,71.2146,0.1852,0.0986,0.3935,0.0675,0.859,0.0626,0.5382,0.2633,0.9982,0.0396,0.8856,0.0282,1372.49,319.43,23.36,11.92,1.064,0.276,https://www.youtube.com/watch?v=IbbtLtw-sjw
22400954,IbbtLtw-sjw,back-court-logo,474.8,2375,83.0098,0.2283,0.1645,0.4402,0.0748,0.88,0.0413,0.5536,0.3535,1.0,0.0,0.8933,0.0208,1021.62,244.37,23.96,17.33,1.256,0.307,https://www.youtube.com/watch?v=IbbtLtw-sjw
22400954,IbbtLtw-sjw,basket-logo,465.4,12734,57.0631,0.0293,0.0332,0.1737,0.0962,0.4674,0.1137,0.3193,0.2857,0.9966,0.0509,0.9058,0.0359,1176.08,629.99,36.35,17.94,0.222,0.24,https://www.youtube.com/watch?v=IbbtLtw-sjw
22400974,kstCdFEx2iE,mid-court-logo,396.6,2282,299.9324,0.1936,0.1968,0.5095,0.2073,0.8826,0.1191,0.3758,0.3353,1.0,0.0002,0.8581,0.065,1748.53,698.83,32.62,17.75,1.598,0.95,https://www.youtube.com/watch?v=kstCdFEx2iE
22400974,kstCdFEx2iE,side-court-led-logo,258.2,1293,126.9613,0.1447,0.1761,0.4057,0.2253,0.8343,0.1627,0.368,0.3202,0.9875,0.0879,0.8788,0.064,2169.71,1264.66,33.91,18.38,1.163,1.014,https://www.youtube.com/watch?v=kstCdFEx2iE
22400974,kstCdFEx2iE,side-court-logo,517.8,2698,445.5795,0.2433,0.1525,0.5389,0.1198,0.9643,0.0656,0.4751,0.2923,1.0,0.0,0.8513,0.0382,2219.58,1040.23,26.0,12.87,1.667,0.506,https://www.youtube.com/watch?v=kstCdFEx2iE
22400974,kstCdFEx2iE,back-court-logo,481.8,2409,569.4139,0.3482,0.247,0.6406,0.1147,0.9518,0.0211,0.5394,0.3459,1.0,0.0,0.9024,0.0201,1879.97,408.36,24.41,16.6,2.125,0.553,https://www.youtube.com/watch?v=kstCdFEx2iE
22400974,kstCdFEx2iE,basket-logo,476.2,11814,179.3156,0.0224,0.0309,0.1284,0.1102,0.4155,0.1212,0.3175,0.2803,0.999,0.0278,0.9072,0.0397,2702.5,2027.78,36.36,17.7,0.185,0.099,https://www.youtube.com/watch?v=kstCdFEx2iE
22400974,1nfEO4ZfFZA,back-court-logo,468.47,2340,38116.9318,0.3259,0.2458,0.6353,0.1149,0.9519,0.0216,0.5097,0.3513,1.0,0.0,0.9001,0.0209,2706.8,576.37,26.12,17.53,2.099,0.551,https://www.youtube.com/watch?v=1nfEO4ZfFZA
22400974,1nfEO4ZfFZA,basket-logo,468.07,11420,12148.8566,0.0213,0.0309,0.1272,0.1104,0.4171,0.1236,0.3026,0.2742,0.9984,0.0342,0.9076,0.0386,3949.6,2969.32,37.44,18.06,0.184,0.099,https://www.youtube.com/watch?v=1nfEO4ZfFZA
22400974,1nfEO4ZfFZA,mid-court-logo,370.97,2055,20421.7738,0.1988,0.1957,0.4995,0.2112,0.8785,0.1162,0.3887,0.3351,0.9994,0.0221,0.8648,0.0637,2281.25,675.51,31.61,17.21,1.592,1.62,https://www.youtube.com/watch?v=1nfEO4ZfFZA
22400974,1nfEO4ZfFZA,side-court-logo,496.1,2548,32345.4505,0.254,0.1502,0.5444,0.1185,0.967,0.0636,0.4878,0.2802,1.0,0.0,0.8513,0.0341,2943.61,867.65,25.06,11.75,1.691,0.502,https://www.youtube.com/watch?v=1nfEO4ZfFZA
22400974,1nfEO4ZfFZA,side-court-led-logo,241.64,1207,10978.0317,0.182,0.2031,0.422,0.2313,0.8455,0.1625,0.4383,0.339,0.9956,0.0478,0.8838,0.0574,2866.2,1573.02,30.36,18.51,1.241,1.087,https://www.youtube.com/watch?v=1nfEO4ZfFZA
22400974,rZM1DlJG4-0,back-court-logo,407.0,2035,906.7506,0.3278,0.248,0.6366,0.1142,0.9491,0.0223,0.509,0.3459,0.9996,0.0174,0.9038,0.0192,1341.1,290.43,25.87,17.01,2.104,0.546,https://www.youtube.com/watch?v=rZM1DlJG4-0
22400974,rZM1DlJG4-0,basket-logo,401.8,10120,281.8467,0.0205,0.0292,0.1287,0.1108,0.4102,0.118,0.294,0.27,0.9976,0.0394,0.9052,0.0414,2137.0,1654.06,37.54,17.44,0.185,0.118,https://www.youtube.com/watch?v=rZM1DlJG4-0
22400974,rZM1DlJG4-0,mid-court-logo,327.6,1845,522.4324,0.2083,0.1979,0.5404,0.2103,0.8982,0.1128,0.3865,0.3289,0.9998,0.0068,0.86,0.0604,1336.95,367.7,31.66,16.84,1.742,0.986,https://www.youtube.com/watch?v=rZM1DlJG4-0
22400974,rZM1DlJG4-0,side-court-led-logo,226.8,1135,243.9655,0.1581,0.1857,0.4117,0.2315,0.8607,0.1536,0.3836,0.3191,0.9838,0.1145,0.8783,0.0592,1741.4,1062.85,32.63,17.7,1.194,1.044,https://www.youtube.com/watch?v=rZM1DlJG4-0
22400974,rZM1DlJG4-0,side-court-logo,433.2,2234,755.7331,0.2489,0.1462,0.5315,0.1123,0.9651,0.065,0.4938,0.2868,1.0,0.0,0.8565,0.0331,1933.97,618.11,25.0,12.26,1.635,0.473,https://www.youtube.com/watch?v=rZM1DlJG4-0
22400950,o2LKh_w7Tro,mid-court-logo,292.8,1626,969.0708,0.1987,0.1747,0.5008,0.2208,0.7508,0.1961,0.4604,0.2948,0.9998,0.0046,0.8656,0.0519,1588.27,527.86,26.91,13.42,1.579,1.042,https://www.youtube.com/watch?v=o2LKh_w7Tro
22400950,o2LKh_w7Tro,side-court-led-logo,378.2,1892,1138.0848,0.2005,0.2146,0.4866,0.2348,0.7658,0.1515,0.4126,0.3216,0.9808,0.1184,0.8878,0.0629,793.05,429.0,29.83,15.37,2.099,4.881,https://www.youtube.com/watch?v=o2LKh_w7Tro
22400950,o2LKh_w7Tro,side-court-logo,489.4,2895,974.0083,0.1122,0.088,0.3361,0.0668,0.7844,0.1996,0.441,0.3122,1.0,0.0001,0.8627,0.0566,2082.95,592.35,27.76,14.24,0.814,0.279,https://www.youtube.com/watch?v=o2LKh_w7Tro
22400950,o2LKh_w7Tro,back-court-logo,470.4,2352,2428.3263,0.3442,0.2362,0.6148,0.1272,0.933,0.0283,0.5702,0.3457,1.0,0.0,0.8899,0.021,1359.9,377.69,22.75,16.06,2.044,0.749,https://www.youtube.com/watch?v=o2LKh_w7Tro
22400950,o2LKh_w7Tro,basket-logo,464.4,17231,1062.9234,0.0206,0.0312,0.121,0.1189,0.3473,0.1518,0.3552,0.2836,0.9991,0.0264,0.9031,0.0446,2572.19,1590.58,33.64,16.48,0.19,0.192,https://www.youtube.com/watch?v=o2LKh_w7Tro
22400950,xRM2BL6Ir1Q,back-court-logo,424.6,2132,264.4611,0.2751,0.2232,0.5868,0.1232,0.9284,0.031,0.477,0.3427,1.0,0.0,0.8899,0.021,1326.16,361.71,27.04,16.64,1.908,0.696,https://www.youtube.com/watch?v=xRM2BL6Ir1Q
22400950,xRM2BL6Ir1Q,basket-logo,415.6,14749,108.9825,0.0164,0.0288,0.1141,0.1168,0.3443,0.1448,0.2961,0.2815,0.9989,0.0269,0.8999,0.0476,2375.93,1691.59,37.34,17.25,0.181,0.154,https://www.youtube.com/watch?v=xRM2BL6Ir1Q
22400950,xRM2BL6Ir1Q,side-court-led-logo,375.0,1876,183.7657,0.2172,0.2072,0.5001,0.2167,0.7758,0.1423,0.449,0.3153,0.9866,0.086,0.8935,0.0514,666.89,319.38,27.98,15.04,1.679,1.369,https://www.youtube.com/watch?v=xRM2BL6Ir1Q
22400950,xRM2BL6Ir1Q,side-court-logo,445.2,2661,149.9956,0.125,0.0919,0.3392,0.0666,0.7588,0.1953,0.4907,0.314,1.0,0.0,0.8683,0.0546,1990.23,534.75,25.7,14.3,0.824,0.287,https://www.youtube.com/watch?v=xRM2BL6Ir1Q
22400950,xRM2BL6Ir1Q,mid-court-logo,308.4,1729,160.3169,0.2056,0.1765,0.4941,0.2121,0.75,0.1936,0.4871,0.3048,0.9998,0.0067,0.8667,0.053,1505.04,456.61,25.86,13.9,1.54,0.99,https://www.youtube.com/watch?v=xRM2BL6Ir1Q
22400948,2uaVhlpenGc,mid-court-logo,464.6,2567,4998.7933,0.2388,0.2345,0.6961,0.2175,0.9156,0.0975,0.3456,0.3171,0.9989,0.032,0.8835,0.0413,1790.84,610.35,33.84,16.53,2.745,2.266,https://www.youtube.com/watch?v=2uaVhlpenGc
22400948,2uaVhlpenGc,side-court-logo,504.6,2641,2896.8898,0.1345,0.0932,0.3539,0.0571,0.8822,0.0915,0.4412,0.3031,1.0,0.0,0.8964,0.021,2923.34,637.1,27.85,13.95,0.898,0.222,https://www.youtube.com/watch?v=2uaVhlpenGc
22400948,2uaVhlpenGc,side-court-led-logo,312.8,1564,1865.7272,0.1463,0.1751,0.4059,0.2094,0.7313,0.1877,0.3895,0.323,0.9847,0.1149,0.8877,0.0505,1622.24,1118.57,31.84,17.1,1.334,3.914,https://www.youtube.com/watch?v=2uaVhlpenGc
22400948,2uaVhlpenGc,back-court-logo,463.2,2328,4068.4015,0.2143,0.1568,0.4152,0.0812,0.8873,0.045,0.5522,0.3508,1.0,0.0,0.8752,0.0317,2228.43,540.17,24.11,17.51,1.154,0.337,https://www.youtube.com/watch?v=2uaVhlpenGc
22400948,2uaVhlpenGc,basket-logo,449.8,14459,2612.2783,0.0222,0.0333,0.113,0.1136,0.3879,0.1325,0.3774,0.3095,0.9979,0.0377,0.9097,0.0338,2741.81,1958.57,33.21,17.97,0.177,0.151,https://www.youtube.com/watch?v=2uaVhlpenGc
22400948,OxGd4iXjC0Y,back-court-logo,352.0,1768,210.3115,0.2107,0.157,0.4129,0.0783,0.8831,0.0451,0.5496,0.3557,0.9995,0.0202,0.8767,0.0268,2244.38,497.21,24.08,17.4,1.151,0.453,https://www.youtube.com/watch?v=OxGd4iXjC0Y
22400948,OxGd4iXjC0Y,basket-logo,343.8,11041,133.2579,0.0214,0.0319,0.1151,0.1126,0.3868,0.1299,0.3635,0.305,0.9958,0.0525,0.9085,0.0345,2446.7,1834.29,34.23,18.29,0.177,0.202,https://www.youtube.com/watch?v=OxGd4iXjC0Y
22400948,OxGd4iXjC0Y,mid-court-logo,360.2,1979,287.3597,0.2572,0.2455,0.7146,0.2005,0.9221,0.0897,0.3628,0.3225,0.9992,0.0229,0.8816,0.0413,1837.9,588.94,32.91,16.46,2.725,1.252,https://www.youtube.com/watch?v=OxGd4iXjC0Y
22400948,OxGd4iXjC0Y,side-court-led-logo,245.6,1228,97.2906,0.1403,0.1715,0.3909,0.1869,0.7317,0.1728,0.3768,0.3182,0.9864,0.1064,0.8805,0.0557,1612.07,1176.49,32.57,17.06,1.379,5.004,https://www.youtube.com/watch?v=OxGd4iXjC0Y
22400948,OxGd4iXjC0Y,side-court-logo,381.4,2005,155.037,0.137,0.0876,0.3569,0.0539,0.8807,0.0848,0.4492,0.289,0.9999,0.0045,0.8944,0.0275,2692.74,653.33,27.2,12.85,0.908,0.223,https://www.youtube.com/watch?v=OxGd4iXjC0Y
22400949,f3RZixr_uWI,mid-court-logo,359.4,2006,3824.4687,0.1937,0.1666,0.5262,0.2033,0.9103,0.1149,0.399,0.315,0.9991,0.0233,0.8874,0.0471,1173.07,489.17,30.92,16.35,1.665,0.959,https://www.youtube.com/watch?v=f3RZixr_uWI
22400949,f3RZixr_uWI,side-court-led-logo,277.6,1389,2991.3404,0.2188,0.2188,0.4811,0.2521,0.8573,0.1439,0.4746,0.3264,0.9829,0.1203,0.8873,0.0583,1194.79,776.77,27.54,16.49,1.834,3.249,https://www.youtube.com/watch?v=f3RZixr_uWI
22400949,f3RZixr_uWI,basket-logo,420.8,11158,3622.7454,0.033,0.0391,0.1667,0.0981,0.5422,0.1629,0.2975,0.2731,0.9808,0.1243,0.902,0.0467,1600.61,1588.93,38.1,18.47,0.205,0.112,https://www.youtube.com/watch?v=f3RZixr_uWI
22400949,s0ZiVQjvOGo,basket-logo,372.2,9982,266.6373,0.0324,0.0378,0.1716,0.0967,0.5438,0.1597,0.2887,0.2623,0.9718,0.1478,0.899,0.0503,1350.05,1438.35,37.9,17.45,0.214,0.118,https://www.youtube.com/watch?v=s0ZiVQjvOGo
22400949,s0ZiVQjvOGo,mid-court-logo,310.0,1695,265.0648,0.1897,0.1709,0.5127,0.2082,0.9158,0.1111,0.3947,0.3214,0.9993,0.0145,0.8868,0.0489,1087.58,443.06,31.22,16.55,1.628,1.266,https://www.youtube.com/watch?v=s0ZiVQjvOGo
22400949,s0ZiVQjvOGo,side-court-led-logo,223.2,1116,193.5766,0.2104,0.2162,0.4688,0.2537,0.8481,0.1488,0.4491,0.3237,0.9848,0.1076,0.8836,0.0565,1148.42,877.43,28.93,16.86,1.599,1.58,https://www.youtube.com/watch?v=s0ZiVQjvOGo
22400949,s0ZiVQjvOGo,back-court-logo,0.2,1,0.2672,0.3241,0.0,0.3806,0.0,0.8941,0.0,0.9523,0.0,1.0,0.0,0.7056,0.0,1294.58,0.0,6.25,0.0,1.013,0.0,https://www.youtube.com/watch?v=s0ZiVQjvOGo
22400962,Qxku62mcOgA,mid-court-logo,302.4,1763,141.8877,0.2295,0.1885,0.5563,0.2372,0.7958,0.1978,0.4762,0.3001,0.9998,0.009,0.8586,0.0515,1564.47,511.98,26.29,13.95,1.864,1.191,https://www.youtube.com/watch?v=Qxku62mcOgA
22400962,Qxku62mcOgA,side-court-led-logo,421.4,2110,155.5335,0.2102,0.23,0.4893,0.246,0.7772,0.1603,0.3996,0.3311,0.9976,0.0299,0.8816,0.0622,846.92,428.82,31.33,17.12,1.914,3.839,https://www.youtube.com/watch?v=Qxku62mcOgA
22400962,Qxku62mcOgA,side-court-logo,509.8,2864,115.9618,0.1154,0.0918,0.3503,0.0663,0.8067,0.1735,0.426,0.3126,1.0,0.0,0.8685,0.0496,2074.63,519.06,28.83,14.69,0.877,0.276,https://www.youtube.com/watch?v=Qxku62mcOgA
22400962,Qxku62mcOgA,back-court-logo,480.8,2404,285.2235,0.3383,0.2427,0.607,0.1244,0.9343,0.0289,0.5546,0.3546,1.0,0.0,0.8904,0.0185,1369.36,347.91,23.91,17.19,1.977,0.594,https://www.youtube.com/watch?v=Qxku62mcOgA
22400962,Qxku62mcOgA,basket-logo,465.8,17152,128.4754,0.0214,0.0322,0.1202,0.1174,0.3454,0.1485,0.3584,0.2934,0.9995,0.0169,0.9051,0.0405,2576.95,1595.96,34.2,17.74,0.186,0.161,https://www.youtube.com/watch?v=Qxku62mcOgA
22400962,DCYhW4IT2r8,back-court-logo,406.8,2041,530.6609,0.3369,0.2432,0.6042,0.1238,0.9336,0.03,0.5543,0.3605,0.9997,0.0121,0.8892,0.0246,1187.57,282.25,24.16,17.72,1.961,0.58,https://www.youtube.com/watch?v=DCYhW4IT2r8
22400962,DCYhW4IT2r8,basket-logo,391.8,14286,252.0059,0.0229,0.0343,0.1217,0.1177,0.3468,0.1465,0.3807,0.3086,0.9989,0.0251,0.9018,0.0463,2125.82,1505.56,33.55,18.69,0.188,0.165,https://www.youtube.com/watch?v=DCYhW4IT2r8
22400962,DCYhW4IT2r8,mid-court-logo,250.8,1499,269.0967,0.2326,0.1906,0.5631,0.2455,0.8077,0.1999,0.4559,0.2909,0.9991,0.0275,0.86,0.054,1375.6,467.73,27.46,14.22,1.913,1.236,https://www.youtube.com/watch?v=DCYhW4IT2r8
22400962,DCYhW4IT2r8,side-court-led-logo,348.8,1751,286.9857,0.2124,0.2274,0.4895,0.2491,0.7767,0.1684,0.4049,0.3357,0.9891,0.0805,0.8775,0.0628,626.48,391.06,31.42,17.68,2.021,5.077,https://www.youtube.com/watch?v=DCYhW4IT2r8
22400962,DCYhW4IT2r8,side-court-logo,431.0,2385,213.2362,0.1159,0.0948,0.3564,0.0627,0.8199,0.1656,0.4147,0.3189,0.9999,0.0058,0.8749,0.0486,1784.79,442.09,29.6,15.29,0.9,0.272,https://www.youtube.com/watch?v=DCYhW4IT2r8
22400962,5E477j-BLDM,mid-court-logo,298.6,1758,4755.8908,0.2386,0.1924,0.5672,0.2389,0.8049,0.1965,0.4782,0.2947,1.0,0.0002,0.8575,0.0536,1398.75,477.13,26.39,14.2,1.918,1.195,https://www.youtube.com/watch?v=5E477j-BLDM
22400962,5E477j-BLDM,side-court-led-logo,416.0,2091,5070.6841,0.2139,0.2308,0.4942,0.2493,0.7812,0.1621,0.4049,0.3304,0.9937,0.0559,0.8809,0.0628,742.89,424.24,31.17,17.29,2.077,5.047,https://www.youtube.com/watch?v=5E477j-BLDM
22400962,5E477j-BLDM,side-court-logo,501.0,2852,3709.7347,0.1147,0.0926,0.3483,0.0674,0.8026,0.178,0.4248,0.3128,1.0,0.0,0.8712,0.0508,1901.25,486.36,28.99,14.93,0.868,0.281,https://www.youtube.com/watch?v=5E477j-BLDM
22400962,5E477j-BLDM,back-court-logo,469.2,2346,8892.0529,0.3343,0.2423,0.6042,0.124,0.934,0.0291,0.5504,0.357,1.0,0.0,0.8896,0.0217,1243.83,316.86,24.12,17.38,1.964,0.587,https://www.youtube.com/watch?v=5E477j-BLDM
22400962,5E477j-BLDM,basket-logo,454.4,16750,4074.1101,0.0215,0.0327,0.1196,0.1177,0.3446,0.1487,0.361,0.2993,0.9991,0.0228,0.9049,0.0414,2305.21,1456.68,34.26,18.09,0.186,0.181,https://www.youtube.com/watch?v=5E477j-BLDM
22400939,KGFvgcJKI30,side-court-led-logo,495.2,3584,2192.9871,0.1345,0.1423,0.3732,0.1459,0.8387,0.1322,0.4165,0.3347,0.976,0.1367,0.902,0.0451,1254.93,801.43,30.5,17.01,1.287,4.25,https://www.youtube.com/watch?v=KGFvgcJKI30
22400939,KGFvgcJKI30,mid-court-logo,477.2,2630,2123.998,0.1775,0.1801,0.5435,0.1922,0.8749,0.1369,0.328,0.3004,0.9997,0.0056,0.8743,0.0466,1582.01,520.87,34.73,16.3,1.727,0.965,https://www.youtube.com/watch?v=KGFvgcJKI30
22400939,KGFvgcJKI30,basket-logo,455.0,12822,1783.2907,0.0306,0.0421,0.1367,0.1133,0.5001,0.1886,0.3516,0.2986,0.9985,0.0306,0.8716,0.0714,1799.26,1062.29,35.07,18.47,0.196,0.141,https://www.youtube.com/watch?v=KGFvgcJKI30
22400939,KGFvgcJKI30,back-court-logo,0.2,1,2.7518,0.6047,0.0,0.6347,0.0,0.9571,0.0,0.9955,0.0,1.0,0.0,0.769,0.0,542.59,0.0,1.91,0.0,2.053,0.0,https://www.youtube.com/watch?v=KGFvgcJKI30
22400946,x8y9ff3fbfY,back-court-logo,501.0,2508,40849.8566,0.3368,0.2837,0.7026,0.1524,0.9431,0.0239,0.4844,0.3631,1.0,0.0,0.8939,0.0173,1055.93,232.66,27.09,17.83,2.486,0.845,https://www.youtube.com/watch?v=x8y9ff3fbfY
22400946,x8y9ff3fbfY,mid-court-logo,483.6,2735,20255.6217,0.1532,0.1362,0.3552,0.1203,0.8976,0.1324,0.4469,0.3508,0.9981,0.0344,0.8838,0.0307,912.43,269.76,29.01,17.56,0.908,0.462,https://www.youtube.com/watch?v=x8y9ff3fbfY
22400946,x8y9ff3fbfY,side-court-led-logo,268.6,1344,9335.9695,0.1436,0.1417,0.3723,0.2,0.7249,0.1443,0.456,0.2953,0.9668,0.1632,0.8967,0.0448,2047.49,1163.78,28.05,15.05,1.009,0.842,https://www.youtube.com/watch?v=x8y9ff3fbfY
22400946,x8y9ff3fbfY,basket-logo,497.2,12743,10880.0872,0.0177,0.0285,0.1167,0.1139,0.3434,0.1214,0.3282,0.2983,0.9999,0.0076,0.9037,0.0372,3338.97,1579.04,35.77,17.79,0.173,0.174,https://www.youtube.com/watch?v=x8y9ff3fbfY
22400946,x8y9ff3fbfY,side-court-logo,1.4,7,4.684,0.0138,0.0248,0.0916,0.1058,0.4163,0.1514,0.3758,0.2401,1.0,0.0,0.7238,0.078,816.19,161.06,31.18,13.78,0.141,0.052,https://www.youtube.com/watch?v=x8y9ff3fbfY
22400928,JJGL25hPtP0,mid-court-logo,384.6,2255,70.6366,0.1615,0.1657,0.424,0.1609,0.7942,0.14,0.3845,0.3333,0.9586,0.1556,0.8787,0.0457,473.61,215.9,31.94,16.97,1.297,2.004,https://www.youtube.com/watch?v=JJGL25hPtP0
22400928,JJGL25hPtP0,side-court-led-logo,416.8,2896,78.7731,0.1403,0.1338,0.3964,0.1497,0.7163,0.105,0.4649,0.2926,0.9493,0.1815,0.8993,0.0495,540.9,389.79,26.43,12.96,1.283,3.427,https://www.youtube.com/watch?v=JJGL25hPtP0
22400928,JJGL25hPtP0,side-court-logo,406.0,2134,44.0571,0.1065,0.0758,0.3483,0.0597,0.6717,0.0518,0.4569,0.312,1.0,0.0,0.8754,0.0309,1790.85,446.74,26.72,13.46,0.878,0.276,https://www.youtube.com/watch?v=JJGL25hPtP0
22400928,JJGL25hPtP0,back-court-logo,357.8,1789,83.3465,0.2403,0.1541,0.4476,0.0597,0.927,0.0304,0.5704,0.3421,1.0,0.0001,0.8949,0.0291,1358.58,331.57,22.73,16.01,1.287,0.246,https://www.youtube.com/watch?v=JJGL25hPtP0
22400928,JJGL25hPtP0,basket-logo,355.0,10614,47.18,0.0229,0.0332,0.1166,0.115,0.4068,0.16,0.376,0.3004,0.9952,0.0549,0.889,0.0575,1459.44,1476.58,32.59,16.72,0.174,0.236,https://www.youtube.com/watch?v=JJGL25hPtP0
22400929,lu20pa2A5UE,back-court-logo,453.0,2268,193.4033,0.3273,0.2468,0.6311,0.125,0.9176,0.0319,0.5279,0.355,1.0,0.0,0.8853,0.027,1040.39,262.36,25.11,17.38,2.087,0.605,https://www.youtube.com/watch?v=lu20pa2A5UE
22400929,lu20pa2A5UE,mid-court-logo,418.8,2439,76.5014,0.1204,0.1198,0.3425,0.1043,0.7341,0.1373,0.404,0.3498,0.9981,0.0359,0.8866,0.038,1012.76,397.39,31.15,17.46,0.849,0.404,https://www.youtube.com/watch?v=lu20pa2A5UE
22400929,lu20pa2A5UE,side-court-led-logo,481.8,3426,93.8986,0.1052,0.0946,0.3543,0.1201,0.6891,0.0942,0.4278,0.2835,0.996,0.0581,0.9068,0.0407,2102.27,1435.76,28.64,13.83,1.014,2.996,https://www.youtube.com/watch?v=lu20pa2A5UE
22400929,lu20pa2A5UE,basket-logo,439.0,13800,83.952,0.0233,0.0321,0.1541,0.1175,0.358,0.1521,0.3353,0.2805,0.9997,0.0161,0.8848,0.0613,3960.2,1512.7,35.11,17.26,0.238,0.237,https://www.youtube.com/watch?v=lu20pa2A5UE
22400929,lu20pa2A5UE,side-court-logo,475.0,2479,71.0545,0.11,0.0751,0.3665,0.0648,0.7029,0.0504,0.435,0.2971,0.9997,0.0172,0.9004,0.0303,1631.54,420.1,27.99,13.53,0.953,0.248,https://www.youtube.com/watch?v=lu20pa2A5UE
22400955,1eplJtH6G5E,mid-court-logo,411.0,2224,23608.223,0.1791,0.1909,0.4502,0.1658,0.8557,0.1237,0.381,0.3538,0.9999,0.0026,0.8914,0.0383,1231.99,422.03,32.96,18.56,1.319,0.738,https://www.youtube.com/watch?v=1eplJtH6G5E
22400955,1eplJtH6G5E,side-court-led-logo,485.0,3300,22263.692,0.1138,0.1114,0.3494,0.1331,0.8269,0.1574,0.388,0.3017,0.9983,0.0247,0.8938,0.0453,1971.13,1312.28,31.18,15.41,0.916,0.927,https://www.youtube.com/watch?v=1eplJtH6G5E
22400955,1eplJtH6G5E,side-court-logo,1.4,7,3.2948,0.0079,0.0191,0.0745,0.118,0.44,0.2485,0.1697,0.2444,1.0,0.0,0.725,0.0897,1719.49,1199.69,44.19,14.38,0.204,0.165,https://www.youtube.com/watch?v=1eplJtH6G5E
22400955,1eplJtH6G5E,back-court-logo,465.4,2327,52780.3291,0.3826,0.275,0.6949,0.1287,0.9554,0.023,0.5425,0.3532,1.0,0.0001,0.9014,0.0263,1881.19,452.1,24.7,17.72,2.478,1.03,https://www.youtube.com/watch?v=1eplJtH6G5E
22400955,1eplJtH6G5E,basket-logo,458.6,11561,16729.9281,0.0244,0.0301,0.14,0.1071,0.4059,0.1167,0.3326,0.2789,0.9991,0.0243,0.9086,0.0366,3620.64,2854.02,35.4,17.55,0.188,0.094,https://www.youtube.com/watch?v=1eplJtH6G5E
22400955,dgFfBt3BgvE,back-court-logo,398.2,1993,1581.1809,0.3457,0.2763,0.695,0.1227,0.9567,0.0198,0.4873,0.3569,1.0,0.0,0.901,0.0281,1660.42,382.4,27.68,18.58,2.444,0.784,https://www.youtube.com/watch?v=dgFfBt3BgvE
22400955,dgFfBt3BgvE,basket-logo,388.2,9451,478.3378,0.0221,0.029,0.1404,0.1068,0.4015,0.1119,0.2992,0.2743,0.9989,0.0274,0.9063,0.0394,3006.27,2308.3,37.6,17.99,0.188,0.092,https://www.youtube.com/watch?v=dgFfBt3BgvE
22400955,dgFfBt3BgvE,mid-court-logo,370.8,2034,942.4629,0.2019,0.1993,0.4766,0.1619,0.8658,0.1165,0.4158,0.359,1.0,0.0007,0.891,0.0342,1161.6,378.02,30.95,18.47,1.426,0.742,https://www.youtube.com/watch?v=dgFfBt3BgvE
22400955,dgFfBt3BgvE,side-court-led-logo,424.8,3002,848.4387,0.1231,0.1131,0.3524,0.1415,0.8163,0.1565,0.4242,0.3023,0.9969,0.0373,0.885,0.0484,1763.4,1285.59,29.24,14.82,0.917,0.619,https://www.youtube.com/watch?v=dgFfBt3BgvE
22400955,dgFfBt3BgvE,side-court-logo,1.0,5,0.0168,0.0015,0.0025,0.0903,0.1106,0.3231,0.0614,0.1512,0.2417,1.0,0.0,0.6891,0.0753,2812.29,2279.97,48.08,15.64,0.165,0.085,https://www.youtube.com/watch?v=dgFfBt3BgvE
22400955,Fk6HsnrSc0c,back-court-logo,417.82,2089,10491.4858,0.3091,0.2125,0.6168,0.061,0.9464,0.0189,0.5369,0.3668,0.9999,0.0038,0.9022,0.0212,1072.08,245.9,25.4,18.73,1.984,0.263,https://www.youtube.com/watch?v=Fk6HsnrSc0c
22400955,Fk6HsnrSc0c,mid-court-logo,460.86,2586,7794.6573,0.1855,0.1945,0.4666,0.1424,0.8737,0.0965,0.381,0.3475,0.9992,0.0211,0.895,0.0313,847.66,254.68,32.3,17.57,1.366,0.595,https://www.youtube.com/watch?v=Fk6HsnrSc0c
22400955,Fk6HsnrSc0c,side-court-led-logo,472.27,3334,7275.6236,0.1343,0.1187,0.3556,0.1302,0.8163,0.1238,0.4291,0.2811,0.9976,0.0293,0.8988,0.037,1233.94,719.48,28.08,12.77,0.908,0.542,https://www.youtube.com/watch?v=Fk6HsnrSc0c
22400955,Fk6HsnrSc0c,basket-logo,406.21,10170,3427.4355,0.0207,0.028,0.1208,0.1088,0.3809,0.1056,0.3927,0.2928,0.9985,0.0269,0.9097,0.0326,2856.33,2420.73,32.14,17.33,0.169,0.132,https://www.youtube.com/watch?v=Fk6HsnrSc0c
22400955,Fk6HsnrSc0c,side-court-logo,1.2,6,0.0239,0.0002,0.0005,0.0349,0.078,0.3111,0.0457,0.0645,0.1081,1.0,0.0,0.7423,0.0592,1560.61,543.92,54.43,11.55,0.104,0.037,https://www.youtube.com/watch?v=Fk6HsnrSc0c
22400946,N5o2cYPlcU0,back-court-logo,322.86,1590,1035.6859,0.333,0.2722,0.7237,0.1103,0.944,0.0192,0.4726,0.3632,1.0,0.0006,0.8925,0.0198,886.72,184.2,27.63,17.6,2.542,0.621,https://www.youtube.com/watch?v=N5o2cYPlcU0
22400946,N5o2cYPlcU0,basket-logo,316.35,7980,284.0986,0.0182,0.0274,0.1272,0.1102,0.3444,0.116,0.3263,0.3011,0.9996,0.0161,0.9024,0.0367,2952.86,1495.24,35.98,17.83,0.177,0.101,https://www.youtube.com/watch?v=N5o2cYPlcU0
22400946,N5o2cYPlcU0,mid-court-logo,323.47,1743,511.1725,0.1499,0.1419,0.3644,0.1215,0.9234,0.1105,0.3991,0.3389,0.9969,0.0464,0.887,0.0325,809.46,234.25,31.49,17.4,0.948,0.468,https://www.youtube.com/watch?v=N5o2cYPlcU0
22400946,N5o2cYPlcU0,side-court-led-logo,159.5,784,204.2387,0.1332,0.1498,0.3646,0.2043,0.7038,0.1537,0.4158,0.2685,0.9471,0.1998,0.8876,0.0523,1736.21,967.23,29.42,14.12,0.981,0.838,https://www.youtube.com/watch?v=N5o2cYPlcU0
22400946,N5o2cYPlcU0,side-court-logo,0.41,2,0.0,0.0,0.0,0.0,0.0,0.4667,0.1699,0.4808,0.4785,1.0,0.0,0.6646,0.0112,825.07,484.05,37.71,31.95,0.098,0.013,https://www.youtube.com/watch?v=N5o2cYPlcU0
22400940,9A77fBCFEwM,mid-court-logo,333.2,1965,165.4538,0.2573,0.2078,0.5622,0.2425,0.876,0.1344,0.474,0.3244,0.9999,0.0024,0.8588,0.0487,1001.81,497.38,27.58,16.89,1.936,1.299,https://www.youtube.com/watch?v=9A77fBCFEwM
22400940,9A77fBCFEwM,side-court-led-logo,472.8,3491,155.1164,0.1358,0.135,0.3559,0.1449,0.8042,0.1166,0.4622,0.3361,0.9787,0.1192,0.9052,0.0415,832.31,611.97,28.19,16.84,0.907,0.621,https://www.youtube.com/watch?v=9A77fBCFEwM
22400940,9A77fBCFEwM,side-court-logo,511.6,2582,80.8254,0.0957,0.0593,0.2893,0.0529,0.7855,0.1076,0.4433,0.2909,1.0,0.0,0.8796,0.0308,1983.82,553.02,27.31,13.11,0.598,0.223,https://www.youtube.com/watch?v=9A77fBCFEwM
22400940,9A77fBCFEwM,back-court-logo,454.8,2274,194.5574,0.2615,0.2096,0.4866,0.1219,0.9202,0.0403,0.5234,0.3537,1.0,0.0001,0.8643,0.0298,895.87,265.84,25.7,17.8,1.456,0.525,https://www.youtube.com/watch?v=9A77fBCFEwM
22400940,9A77fBCFEwM,basket-logo,439.8,15971,104.5815,0.02,0.031,0.1085,0.1143,0.3731,0.1417,0.3446,0.2954,0.9985,0.0264,0.8972,0.0501,2245.56,1744.55,35.05,18.05,0.172,0.126,https://www.youtube.com/watch?v=9A77fBCFEwM
22400940,6l0x_Lc9x_4,mid-court-logo,314.0,1827,3136.3845,0.2597,0.2049,0.5654,0.2463,0.8761,0.134,0.4801,0.3225,0.9998,0.0032,0.8584,0.0515,959.17,495.57,27.03,16.32,1.97,1.349,https://www.youtube.com/watch?v=6l0x_Lc9x_4
22400940,6l0x_Lc9x_4,side-court-led-logo,457.6,3343,2962.1207,0.134,0.1337,0.353,0.1413,0.8047,0.1156,0.4624,0.3332,0.9702,0.1399,0.9034,0.0441,781.81,593.74,28.07,16.62,0.916,1.131,https://www.youtube.com/watch?v=6l0x_Lc9x_4
22400940,6l0x_Lc9x_4,side-court-logo,496.6,2492,1630.6909,0.099,0.0614,0.2914,0.052,0.7898,0.1054,0.4512,0.2908,1.0,0.0,0.8823,0.0253,1904.1,512.32,27.07,13.21,0.608,0.221,https://www.youtube.com/watch?v=6l0x_Lc9x_4
22400940,6l0x_Lc9x_4,back-court-logo,448.6,2243,3855.2659,0.26,0.2086,0.4903,0.1229,0.9215,0.0393,0.5169,0.3521,1.0,0.0001,0.8622,0.0345,863.25,252.67,26.02,17.84,1.472,0.529,https://www.youtube.com/watch?v=6l0x_Lc9x_4
22400940,6l0x_Lc9x_4,basket-logo,432.8,15763,2005.1935,0.0192,0.0302,0.1091,0.1144,0.373,0.1421,0.332,0.2915,0.9982,0.0298,0.897,0.05,2181.3,1697.62,35.65,17.91,0.173,0.128,https://www.youtube.com/watch?v=6l0x_Lc9x_4
22400943,jGIlw5-kmVo,back-court-logo,503.4,2517,234.2595,0.1995,0.1236,0.3718,0.0565,0.8918,0.0344,0.5905,0.3368,0.9997,0.0094,0.8796,0.0191,937.12,214.7,21.66,15.56,0.97,0.236,https://www.youtube.com/watch?v=jGIlw5-kmVo
22400943,jGIlw5-kmVo,basket-logo,498.0,16209,133.1968,0.0176,0.031,0.0921,0.1127,0.4014,0.1377,0.3795,0.2988,0.9954,0.0509,0.903,0.0333,1415.51,1349.51,32.47,16.72,0.171,0.189,https://www.youtube.com/watch?v=jGIlw5-kmVo
22400943,jGIlw5-kmVo,mid-court-logo,510.2,2714,224.7994,0.1775,0.1899,0.6251,0.2129,0.8718,0.1326,0.3124,0.3048,0.9924,0.0645,0.8859,0.0464,633.25,318.59,35.31,15.87,2.136,1.029,https://www.youtube.com/watch?v=jGIlw5-kmVo
22400943,jGIlw5-kmVo,side-court-led-logo,461.2,2307,156.5766,0.1455,0.1996,0.4283,0.2155,0.7706,0.1551,0.313,0.3114,0.9792,0.1263,0.8976,0.049,919.39,663.77,35.9,16.74,1.424,2.879,https://www.youtube.com/watch?v=jGIlw5-kmVo
22400943,jGIlw5-kmVo,side-court-logo,535.8,2753,169.9653,0.1323,0.0902,0.3521,0.0473,0.8317,0.0867,0.4641,0.3133,1.0,0.0006,0.9021,0.0188,1171.09,266.04,26.45,13.51,0.888,0.191,https://www.youtube.com/watch?v=jGIlw5-kmVo
22400943,Mfm-Z7n9FsA,back-court-logo,412.0,2065,498.6762,0.1923,0.1248,0.3736,0.0533,0.8933,0.0391,0.566,0.3374,0.9996,0.0183,0.8797,0.0253,870.66,213.09,22.91,15.77,0.978,0.227,https://www.youtube.com/watch?v=Mfm-Z7n9FsA
22400943,Mfm-Z7n9FsA,basket-logo,400.8,12831,277.8979,0.0173,0.03,0.0941,0.1118,0.4015,0.1357,0.363,0.2921,0.9947,0.0514,0.9017,0.0338,1297.96,1328.79,33.16,16.49,0.169,0.106,https://www.youtube.com/watch?v=Mfm-Z7n9FsA
22400943,Mfm-Z7n9FsA,mid-court-logo,417.2,2266,559.1083,0.1965,0.1985,0.6291,0.216,0.8723,0.1321,0.3484,0.3158,0.9867,0.0884,0.8832,0.0476,596.11,353.33,33.32,15.88,2.163,1.051,https://www.youtube.com/watch?v=Mfm-Z7n9FsA
22400943,Mfm-Z7n9FsA,side-court-led-logo,385.8,1929,398.4917,0.1645,0.2132,0.4484,0.2219,0.7852,0.1492,0.3416,0.3183,0.9788,0.1213,0.8966,0.0462,895.5,722.42,34.02,16.37,1.421,1.289,https://www.youtube.com/watch?v=Mfm-Z7n9FsA
22400943,Mfm-Z7n9FsA,side-court-logo,448.0,2329,397.8216,0.136,0.091,0.3515,0.0538,0.8301,0.0944,0.4769,0.3139,1.0,0.0003,0.8986,0.0294,1118.82,256.25,26.04,13.75,0.887,0.21,https://www.youtube.com/watch?v=Mfm-Z7n9FsA
22400947,GmDXqfAZhTs,side-court-led-logo,509.2,3776,578.8943,0.1099,0.1282,0.3406,0.1473,0.7408,0.1394,0.3963,0.3061,0.9912,0.0755,0.9118,0.0445,866.38,447.35,30.38,15.02,1.009,3.336,https://www.youtube.com/watch?v=GmDXqfAZhTs
22400947,GmDXqfAZhTs,mid-court-logo,492.0,2666,652.9106,0.1756,0.1905,0.5516,0.1976,0.8784,0.1202,0.3235,0.3022,0.9953,0.0328,0.8846,0.0462,513.38,220.75,34.75,15.88,1.797,1.023,https://www.youtube.com/watch?v=GmDXqfAZhTs
22400947,GmDXqfAZhTs,side-court-logo,498.8,2504,589.0847,0.1686,0.0752,0.3414,0.0403,0.8705,0.0578,0.568,0.2517,1.0,0.0,0.8932,0.0229,1391.24,233.84,21.72,10.39,0.841,0.165,https://www.youtube.com/watch?v=GmDXqfAZhTs
22400947,GmDXqfAZhTs,back-court-logo,467.6,2338,929.9182,0.2851,0.1837,0.5429,0.071,0.9111,0.0258,0.5577,0.3361,1.0,0.0,0.8859,0.0226,713.9,132.29,22.86,15.24,1.675,0.294,https://www.youtube.com/watch?v=GmDXqfAZhTs
22400947,GmDXqfAZhTs,basket-logo,455.2,12815,484.7906,0.0271,0.0317,0.1713,0.105,0.4106,0.1326,0.3507,0.2886,0.9995,0.0199,0.8955,0.0315,1567.47,1084.8,33.61,16.22,0.248,0.193,https://www.youtube.com/watch?v=GmDXqfAZhTs
22400947,MLIIvUkzwOg,back-court-logo,446.45,2230,164.9791,0.2805,0.1794,0.533,0.0754,0.9126,0.0295,0.5606,0.3392,0.9976,0.0436,0.8842,0.0251,806.6,172.07,23.34,16.26,1.636,0.319,https://www.youtube.com/watch?v=MLIIvUkzwOg
22400947,MLIIvUkzwOg,basket-logo,428.83,11648,83.1806,0.0271,0.0321,0.1655,0.1056,0.4097,0.129,0.3604,0.2845,0.9986,0.0334,0.8941,0.0356,1784.99,1286.2,33.18,16.4,0.238,0.151,https://www.youtube.com/watch?v=MLIIvUkzwOg
22400947,MLIIvUkzwOg,mid-court-logo,481.68,2691,127.2506,0.1793,0.1916,0.5627,0.2081,0.8814,0.1304,0.324,0.3009,0.994,0.0622,0.8829,0.0438,575.33,239.38,34.54,15.71,1.853,0.976,https://www.youtube.com/watch?v=MLIIvUkzwOg
22400947,MLIIvUkzwOg,side-court-led-logo,491.29,3740,106.9932,0.1085,0.1241,0.3423,0.1383,0.7461,0.1331,0.3888,0.3009,0.9868,0.0947,0.9171,0.0348,931.18,468.66,30.57,14.63,0.86,0.846,https://www.youtube.com/watch?v=MLIIvUkzwOg
22400947,MLIIvUkzwOg,side-court-logo,489.29,2467,105.9686,0.1629,0.0775,0.3358,0.042,0.8667,0.06,0.5557,0.2545,0.9983,0.0308,0.8904,0.0272,1606.31,337.09,22.34,10.93,0.816,0.175,https://www.youtube.com/watch?v=MLIIvUkzwOg
22400933,gxosisjPOro,back-court-logo,468.4,2344,1423.9586,0.2594,0.1893,0.4855,0.087,0.931,0.0205,0.5448,0.3594,1.0,0.0,0.89,0.0268,1781.32,371.53,24.01,17.07,1.444,0.371,https://www.youtube.com/watch?v=gxosisjPOro
22400933,gxosisjPOro,basket-logo,451.2,8513,627.2504,0.0315,0.0345,0.1623,0.0971,0.4744,0.1293,0.3706,0.3122,0.9987,0.0273,0.9127,0.0278,2076.66,1211.57,33.49,17.81,0.204,0.08,https://www.youtube.com/watch?v=gxosisjPOro
22400933,gxosisjPOro,mid-court-logo,428.8,2531,1325.141,0.2236,0.2057,0.6137,0.2373,0.8747,0.1452,0.3851,0.3087,1.0,0.0017,0.888,0.0472,1517.34,529.15,31.47,15.84,2.125,1.161,https://www.youtube.com/watch?v=gxosisjPOro
22400933,gxosisjPOro,side-court-led-logo,377.8,1893,938.8487,0.2118,0.2141,0.4816,0.2382,0.825,0.154,0.43,0.327,0.9941,0.0611,0.8893,0.0549,1378.81,818.18,29.67,16.52,1.601,1.505,https://www.youtube.com/watch?v=gxosisjPOro
22400933,gxosisjPOro,side-court-logo,511.2,2687,978.6313,0.1555,0.0956,0.3495,0.0569,0.9052,0.0841,0.4997,0.3102,1.0,0.0,0.8819,0.0325,2588.93,620.33,24.96,13.68,0.878,0.222,https://www.youtube.com/watch?v=gxosisjPOro
22400933,dKZniRWrquM,mid-court-logo,428.8,2537,101.0769,0.2294,0.2077,0.616,0.2397,0.8739,0.1475,0.3958,0.3097,0.9987,0.032,0.888,0.0481,1461.4,525.98,30.92,15.78,2.162,1.476,https://www.youtube.com/watch?v=dKZniRWrquM
22400933,dKZniRWrquM,side-court-led-logo,377.0,1891,71.2523,0.217,0.2173,0.4847,0.2406,0.8261,0.1541,0.4379,0.3245,0.9963,0.0462,0.8891,0.0544,1345.83,786.37,29.31,16.4,1.62,1.514,https://www.youtube.com/watch?v=dKZniRWrquM
22400933,dKZniRWrquM,side-court-logo,511.0,2681,73.4027,0.1577,0.0972,0.3517,0.0555,0.9061,0.083,0.5031,0.311,0.9996,0.0187,0.882,0.032,2510.18,633.55,24.73,13.58,0.887,0.22,https://www.youtube.com/watch?v=dKZniRWrquM
22400933,dKZniRWrquM,back-court-logo,469.4,2348,104.8559,0.2572,0.1911,0.4839,0.0888,0.9309,0.0207,0.5423,0.3655,0.9996,0.0198,0.8899,0.0257,1679.44,352.03,24.05,17.32,1.437,0.364,https://www.youtube.com/watch?v=dKZniRWrquM
22400933,dKZniRWrquM,basket-logo,452.0,8521,46.5095,0.0314,0.0346,0.1636,0.0973,0.4747,0.1295,0.3689,0.3151,0.9982,0.0335,0.9125,0.0286,1986.87,1170.39,33.72,17.98,0.206,0.187,https://www.youtube.com/watch?v=dKZniRWrquM
22400936,RHfGpOaeCQE,side-court-led-logo,309.4,1550,10312.0277,0.1975,0.226,0.4436,0.2457,0.7812,0.1752,0.4299,0.3209,0.9804,0.1266,0.8828,0.0683,1018.72,652.24,29.35,16.07,1.494,2.309,https://www.youtube.com/watch?v=RHfGpOaeCQE
22400936,RHfGpOaeCQE,mid-court-logo,411.4,2275,17430.1224,0.2275,0.2183,0.6666,0.2771,0.8855,0.1259,0.3403,0.2877,0.9974,0.0295,0.8779,0.0521,955.42,418.16,33.51,15.31,2.737,1.802,https://www.youtube.com/watch?v=RHfGpOaeCQE
22400936,RHfGpOaeCQE,side-court-logo,500.8,2541,13050.7271,0.1525,0.1065,0.3769,0.0448,0.9277,0.0554,0.4481,0.3162,1.0,0.0,0.8958,0.0194,1601.9,367.85,27.41,14.08,0.995,0.183,https://www.youtube.com/watch?v=RHfGpOaeCQE
22400936,RHfGpOaeCQE,basket-logo,449.6,10048,12376.7495,0.0366,0.0451,0.1538,0.1116,0.5977,0.1563,0.3619,0.296,0.9986,0.0265,0.9188,0.0286,2255.01,1581.99,33.48,16.98,0.23,0.168,https://www.youtube.com/watch?v=RHfGpOaeCQE
22400936,RHfGpOaeCQE,back-court-logo,0.2,1,8.1813,0.2429,0.0,0.4442,0.0,0.9393,0.0,0.5821,0.0,1.0,0.0,0.6738,0.0,816.49,0.0,20.8,0.0,1.276,0.0,https://www.youtube.com/watch?v=RHfGpOaeCQE
22400936,ZtFmnrU8PJA,basket-logo,358.2,7923,434.7042,0.0365,0.0449,0.1571,0.1102,0.5994,0.1562,0.3528,0.2971,0.9982,0.0326,0.9171,0.0314,2050.93,1493.27,34.15,17.31,0.233,0.202,https://www.youtube.com/watch?v=ZtFmnrU8PJA
22400936,ZtFmnrU8PJA,mid-court-logo,324.2,1813,708.5443,0.2603,0.2283,0.707,0.2639,0.9021,0.1196,0.3791,0.3009,0.9963,0.038,0.8742,0.0528,902.86,399.16,31.78,15.76,2.95,1.739,https://www.youtube.com/watch?v=ZtFmnrU8PJA
22400936,ZtFmnrU8PJA,side-court-led-logo,240.0,1203,379.8547,0.2103,0.215,0.4498,0.2518,0.7941,0.165,0.4502,0.3104,0.9812,0.1164,0.8791,0.0642,921.72,634.48,28.28,15.5,1.524,2.379,https://www.youtube.com/watch?v=ZtFmnrU8PJA
22400936,ZtFmnrU8PJA,side-court-logo,404.2,2054,474.7829,0.1539,0.109,0.3816,0.0467,0.9302,0.0546,0.4444,0.3143,1.0,0.0009,0.8949,0.0216,1517.69,376.91,27.69,14.3,1.014,0.196,https://www.youtube.com/watch?v=ZtFmnrU8PJA
22400936,ZtFmnrU8PJA,back-court-logo,0.2,1,0.0199,0.0132,0.0,0.5457,0.0,0.9776,0.0,0.0248,0.0,1.0,0.0,0.6406,0.0,613.36,0.0,54.39,0.0,1.683,0.0,https://www.youtube.com/watch?v=ZtFmnrU8PJA
22400927,R-ZbLo2ZhWk,back-court-logo,470.6,2353,7061.7855,0.2507,0.1816,0.4619,0.0821,0.927,0.0287,0.5506,0.3587,1.0,0.0,0.8903,0.0216,1822.15,423.71,24.2,17.78,1.345,0.337,https://www.youtube.com/watch?v=R-ZbLo2ZhWk
22400927,R-ZbLo2ZhWk,basket-logo,461.4,14635,3996.1305,0.0228,0.0311,0.133,0.1125,0.4134,0.1358,0.3241,0.2861,0.9988,0.0309,0.9079,0.0343,2469.83,1824.76,36.12,18.0,0.19,0.164,https://www.youtube.com/watch?v=R-ZbLo2ZhWk
22400927,R-ZbLo2ZhWk,side-court-logo,475.8,2992,3361.5162,0.0939,0.079,0.273,0.0521,0.8344,0.2184,0.4208,0.3167,1.0,0.0,0.8863,0.0346,2917.69,987.31,29.33,15.2,0.535,0.176,https://www.youtube.com/watch?v=R-ZbLo2ZhWk
22400927,R-ZbLo2ZhWk,mid-court-logo,248.0,1334,4024.1446,0.252,0.2002,0.5566,0.2237,0.8811,0.12,0.4661,0.2968,0.9995,0.0088,0.8813,0.0523,758.16,339.87,27.03,14.25,1.83,1.063,https://www.youtube.com/watch?v=R-ZbLo2ZhWk
22400927,R-ZbLo2ZhWk,side-court-led-logo,130.8,654,1469.6242,0.1877,0.1776,0.4114,0.214,0.7871,0.1973,0.5318,0.297,0.9584,0.183,0.8891,0.0474,975.48,687.46,24.4,14.18,1.296,2.325,https://www.youtube.com/watch?v=R-ZbLo2ZhWk
22400942,hcjsfYIolK0,mid-court-logo,268.6,1539,4197.2391,0.2036,0.1743,0.5519,0.2336,0.8845,0.1436,0.4008,0.3074,0.9964,0.0534,0.8563,0.0677,1009.87,554.15,30.23,15.12,1.882,1.58,https://www.youtube.com/watch?v=hcjsfYIolK0
22400942,hcjsfYIolK0,side-court-led-logo,457.6,3021,7203.5761,0.178,0.1523,0.4334,0.158,0.9404,0.1076,0.4274,0.2977,0.9886,0.1012,0.9061,0.0448,2556.18,1856.68,28.63,14.09,1.427,3.914,https://www.youtube.com/watch?v=hcjsfYIolK0
22400942,hcjsfYIolK0,side-court-logo,118.2,615,601.5385,0.073,0.0603,0.2688,0.041,0.5948,0.1006,0.4473,0.3339,0.9974,0.0399,0.755,0.079,1836.73,582.06,28.14,15.7,0.495,0.189,https://www.youtube.com/watch?v=hcjsfYIolK0
22400942,hcjsfYIolK0,back-court-logo,399.8,2000,10439.909,0.3898,0.2678,0.7056,0.1315,0.9589,0.0203,0.5563,0.3459,1.0,0.0,0.8629,0.0407,2441.43,596.7,23.96,17.32,2.502,0.818,https://www.youtube.com/watch?v=hcjsfYIolK0
22400942,hcjsfYIolK0,basket-logo,405.8,10845,3812.4935,0.0262,0.031,0.1556,0.1063,0.4276,0.1341,0.3352,0.2671,0.9999,0.0099,0.9133,0.0302,5852.46,3672.89,34.4,16.27,0.217,0.12,https://www.youtube.com/watch?v=hcjsfYIolK0
22400942,aT4E-EkxnBw,back-court-logo,382.6,1915,514.1853,0.3626,0.2716,0.7052,0.1302,0.9585,0.0211,0.5163,0.3543,1.0,0.0,0.8563,0.0473,2259.57,570.99,26.12,18.19,2.494,0.81,https://www.youtube.com/watch?v=aT4E-EkxnBw
22400942,aT4E-EkxnBw,mid-court-logo,281.4,1608,258.2223,0.2169,0.1775,0.5524,0.2362,0.882,0.1393,0.4298,0.3142,0.9987,0.0185,0.8537,0.0684,887.62,442.1,28.89,15.33,1.87,1.239,https://www.youtube.com/watch?v=aT4E-EkxnBw
22400942,aT4E-EkxnBw,side-court-led-logo,441.4,2943,404.0584,0.1854,0.1562,0.4398,0.1554,0.9379,0.1044,0.4448,0.2999,0.9953,0.0609,0.9016,0.0452,2148.97,1419.39,27.75,13.88,1.284,0.748,https://www.youtube.com/watch?v=aT4E-EkxnBw
22400942,aT4E-EkxnBw,side-court-logo,111.6,569,33.9055,0.0805,0.06,0.2686,0.045,0.5848,0.105,0.499,0.3311,0.9981,0.0317,0.7595,0.0798,1539.58,484.97,25.71,15.32,0.497,0.195,https://www.youtube.com/watch?v=aT4E-EkxnBw
22400942,aT4E-EkxnBw,basket-logo,382.4,10085,189.1889,0.0253,0.0306,0.1562,0.105,0.4217,0.1287,0.3245,0.2716,0.9999,0.0044,0.9122,0.0317,4382.83,2546.59,35.6,17.19,0.214,0.113,https://www.youtube.com/watch?v=aT4E-EkxnBw
22400932,uk9eKlq8Tyc,mid-court-logo,505.0,2742,370.9974,0.1979,0.201,0.6118,0.1859,0.909,0.102,0.3293,0.3053,0.9985,0.02,0.8846,0.0373,500.92,221.07,34.49,15.93,2.059,0.923,https://www.youtube.com/watch?v=uk9eKlq8Tyc
22400932,uk9eKlq8Tyc,side-court-led-logo,511.6,4064,306.508,0.1103,0.1216,0.3298,0.1271,0.7433,0.1389,0.4041,0.3132,0.987,0.0973,0.9141,0.0376,944.49,454.45,30.03,15.15,0.81,0.709,https://www.youtube.com/watch?v=uk9eKlq8Tyc
22400932,uk9eKlq8Tyc,side-court-logo,508.0,2561,287.6751,0.1643,0.0727,0.3289,0.0358,0.8625,0.0545,0.5722,0.2416,1.0,0.0,0.8939,0.0168,1464.2,250.34,21.42,9.66,0.784,0.154,https://www.youtube.com/watch?v=uk9eKlq8Tyc
22400932,uk9eKlq8Tyc,back-court-logo,476.8,2384,418.4967,0.2568,0.17,0.5189,0.064,0.9032,0.0268,0.5384,0.3431,1.0,0.0,0.8871,0.0186,724.88,110.03,24.29,16.14,1.577,0.258,https://www.youtube.com/watch?v=uk9eKlq8Tyc
22400932,uk9eKlq8Tyc,basket-logo,464.2,13021,242.4793,0.0272,0.0289,0.1844,0.0908,0.4101,0.1199,0.3413,0.2865,0.9994,0.0154,0.8948,0.0299,1536.05,1088.43,34.58,17.04,0.239,0.139,https://www.youtube.com/watch?v=uk9eKlq8Tyc
22400932,w-sb8Le1E3s,back-court-logo,424.42,2120,236.3394,0.2813,0.1799,0.5249,0.0719,0.9105,0.0291,0.5738,0.3447,0.9978,0.0395,0.8833,0.0298,944.68,236.07,22.88,16.68,1.601,0.296,https://www.youtube.com/watch?v=w-sb8Le1E3s
22400932,w-sb8Le1E3s,basket-logo,409.81,11091,135.2725,0.0308,0.0314,0.1847,0.09,0.4138,0.1181,0.3752,0.2943,0.9982,0.0356,0.8926,0.0351,2103.15,1467.12,32.68,16.75,0.238,0.135,https://www.youtube.com/watch?v=w-sb8Le1E3s
22400932,w-sb8Le1E3s,mid-court-logo,469.67,2818,197.6086,0.177,0.1976,0.5957,0.1978,0.9031,0.1062,0.3029,0.3061,0.9953,0.0587,0.8781,0.0484,707.69,387.35,36.47,16.68,2.02,1.175,https://www.youtube.com/watch?v=w-sb8Le1E3s
22400932,w-sb8Le1E3s,side-court-led-logo,481.28,3649,160.6256,0.1111,0.1306,0.3509,0.1482,0.7629,0.1364,0.382,0.314,0.9941,0.0557,0.9123,0.0446,1142.49,550.84,31.46,15.68,1.088,3.473,https://www.youtube.com/watch?v=w-sb8Le1E3s
22400932,w-sb8Le1E3s,side-court-logo,465.46,2339,142.1145,0.1533,0.0742,0.3281,0.0408,0.8626,0.0656,0.5385,0.2548,0.9992,0.0181,0.8871,0.0294,1828.02,471.06,22.99,10.86,0.783,0.162,https://www.youtube.com/watch?v=w-sb8Le1E3s
2022400398,drGaEcjX9o8,basket-logo,160.4,1910,14.9236,0.0165,0.0274,0.1147,0.1192,0.6151,0.1628,0.3377,0.2425,0.7703,0.2825,0.8107,0.0698,237.25,495.26,32.27,12.58,0.175,0.236,https://www.youtube.com/watch?v=drGaEcjX9o8
2022400398,drGaEcjX9o8,mid-court-logo,190.6,997,19.6389,0.0415,0.0621,0.4007,0.1045,0.7423,0.0957,0.3045,0.2878,0.5025,0.3907,0.8428,0.0783,108.96,69.13,35.11,15.01,1.083,0.437,https://www.youtube.com/watch?v=drGaEcjX9o8
2022400398,drGaEcjX9o8,side-court-led-logo,243.6,1219,66.1984,0.1145,0.1715,0.4758,0.2258,0.8003,0.1512,0.2515,0.2682,0.9011,0.2293,0.8955,0.0508,395.76,304.13,38.24,15.0,1.658,2.662,https://www.youtube.com/watch?v=drGaEcjX9o8
2022400398,drGaEcjX9o8,side-court-logo,219.0,1120,101.4669,0.191,0.0992,0.3795,0.0444,0.9311,0.0653,0.5399,0.2708,0.9998,0.0022,0.8556,0.0589,441.95,82.92,23.16,11.65,1.008,0.176,https://www.youtube.com/watch?v=drGaEcjX9o8
2022400398,drGaEcjX9o8,back-court-logo,28.8,144,21.1343,0.3095,0.1518,0.7422,0.0724,0.9778,0.0101,0.4881,0.226,0.8563,0.1754,0.8065,0.0917,145.95,25.67,25.04,10.18,2.59,0.385,https://www.youtube.com/watch?v=drGaEcjX9o8
22400935,jUdivVR-o-I,mid-court-logo,371.2,2179,5093.024,0.1861,0.1869,0.4956,0.2189,0.763,0.1926,0.4141,0.3199,0.9992,0.0224,0.8645,0.0513,1557.08,504.38,30.27,16.47,1.556,1.138,https://www.youtube.com/watch?v=jUdivVR-o-I
22400935,jUdivVR-o-I,side-court-led-logo,471.2,2357,5347.1633,0.1806,0.204,0.5056,0.2295,0.7881,0.1412,0.3598,0.3153,0.9917,0.0842,0.8864,0.0621,734.97,472.78,33.18,16.63,2.142,4.167,https://www.youtube.com/watch?v=jUdivVR-o-I
22400935,jUdivVR-o-I,side-court-logo,527.6,3243,4302.8617,0.1056,0.0898,0.3346,0.0714,0.7451,0.1904,0.4304,0.3248,0.9997,0.0157,0.8623,0.0589,2038.26,553.83,28.99,15.65,0.821,0.818,https://www.youtube.com/watch?v=jUdivVR-o-I
22400935,jUdivVR-o-I,back-court-logo,487.6,2441,9740.5365,0.3177,0.218,0.5681,0.1233,0.924,0.0327,0.5777,0.3465,0.9998,0.0065,0.8897,0.0189,1355.42,380.03,22.65,16.42,1.81,0.595,https://www.youtube.com/watch?v=jUdivVR-o-I
22400935,jUdivVR-o-I,basket-logo,475.0,17523,4410.7183,0.02,0.0317,0.1097,0.1152,0.3361,0.1449,0.3915,0.3096,0.9994,0.0212,0.9022,0.0451,2501.68,1644.92,32.25,17.53,0.171,0.144,https://www.youtube.com/watch?v=jUdivVR-o-I
22400926,F2aSGYJCkrc,back-court-logo,477.4,2387,815.5167,0.2341,0.1499,0.4301,0.0792,0.908,0.0381,0.5833,0.3361,1.0,0.0001,0.8774,0.0291,1427.1,374.39,22.35,16.03,1.214,0.33,https://www.youtube.com/watch?v=F2aSGYJCkrc
22400926,F2aSGYJCkrc,basket-logo,468.0,12591,520.5375,0.0283,0.0311,0.1564,0.1018,0.4287,0.096,0.3981,0.2999,0.9941,0.06,0.9061,0.0319,2567.6,2117.74,31.18,16.21,0.204,0.104,https://www.youtube.com/watch?v=F2aSGYJCkrc
22400926,F2aSGYJCkrc,mid-court-logo,434.6,2402,549.9675,0.1569,0.1668,0.5019,0.2001,0.7811,0.1779,0.3526,0.3125,0.9989,0.0296,0.8661,0.0772,1495.76,779.98,33.52,16.52,1.576,0.962,https://www.youtube.com/watch?v=F2aSGYJCkrc
22400926,F2aSGYJCkrc,side-court-led-logo,497.0,2492,648.4871,0.1783,0.2184,0.5362,0.2124,0.8044,0.13,0.3153,0.307,0.9452,0.1881,0.9022,0.0437,717.5,523.73,35.43,16.34,1.886,2.659,https://www.youtube.com/watch?v=F2aSGYJCkrc
22400926,F2aSGYJCkrc,side-court-logo,513.8,2660,289.1244,0.0745,0.0572,0.295,0.0482,0.6539,0.1136,0.4193,0.3264,0.9975,0.0493,0.889,0.0282,1514.82,509.37,29.21,15.3,0.637,0.476,https://www.youtube.com/watch?v=F2aSGYJCkrc
22400917,Cz-yYcV8-aY,side-court-led-logo,505.8,3630,3149.9374,0.1038,0.1117,0.3566,0.1435,0.6584,0.1078,0.4135,0.3112,0.9981,0.035,0.9013,0.0452,1142.4,651.34,30.25,16.05,0.95,1.099,https://www.youtube.com/watch?v=Cz-yYcV8-aY
22400917,Cz-yYcV8-aY,side-court-logo,514.6,2627,2524.8268,0.115,0.0809,0.3759,0.069,0.7244,0.0689,0.4444,0.3128,1.0,0.0009,0.9025,0.0213,1329.82,358.76,28.27,15.13,0.987,0.284,https://www.youtube.com/watch?v=Cz-yYcV8-aY
22400917,Cz-yYcV8-aY,mid-court-logo,416.8,2318,3704.9487,0.1912,0.1917,0.4833,0.1523,0.8308,0.1209,0.4035,0.3549,0.9996,0.0104,0.8937,0.0321,821.82,340.17,31.46,18.35,1.443,0.672,https://www.youtube.com/watch?v=Cz-yYcV8-aY
22400917,Cz-yYcV8-aY,back-court-logo,466.0,2330,4571.1062,0.2347,0.1789,0.4348,0.1092,0.9331,0.0312,0.5399,0.3461,0.9996,0.0195,0.8885,0.0281,999.73,273.88,24.33,16.88,1.244,0.57,https://www.youtube.com/watch?v=Cz-yYcV8-aY
22400917,Cz-yYcV8-aY,basket-logo,458.4,12912,2262.6254,0.021,0.0336,0.105,0.1134,0.4315,0.1701,0.3065,0.2698,0.9979,0.0375,0.8985,0.0556,1968.87,1535.22,36.53,17.07,0.158,0.144,https://www.youtube.com/watch?v=Cz-yYcV8-aY
22400931,dyNmZIp6nUY,back-court-logo,511.8,2559,843.6208,0.1876,0.141,0.3974,0.0645,0.8809,0.0392,0.5232,0.3645,0.9996,0.0191,0.8785,0.0199,2338.74,471.84,25.36,18.03,1.088,0.501,https://www.youtube.com/watch?v=dyNmZIp6nUY
22400931,dyNmZIp6nUY,basket-logo,498.6,16157,515.6116,0.0182,0.0306,0.1015,0.1111,0.3788,0.1276,0.3557,0.3119,0.9992,0.0217,0.9085,0.0352,3006.96,2163.55,35.03,18.83,0.163,0.144,https://www.youtube.com/watch?v=dyNmZIp6nUY
22400931,dyNmZIp6nUY,mid-court-logo,532.0,2946,1244.3781,0.2404,0.2333,0.6726,0.21,0.9164,0.0875,0.3701,0.3329,0.9997,0.0181,0.8875,0.0304,1877.68,589.01,32.74,17.05,2.553,1.735,https://www.youtube.com/watch?v=dyNmZIp6nUY
22400931,dyNmZIp6nUY,side-court-logo,541.2,2812,703.0482,0.1423,0.0872,0.3463,0.0506,0.8642,0.0794,0.4839,0.2918,1.0,0.0,0.8929,0.0292,3041.33,730.58,25.57,12.66,0.863,0.204,https://www.youtube.com/watch?v=dyNmZIp6nUY
22400931,dyNmZIp6nUY,side-court-led-logo,389.0,1946,403.0315,0.1179,0.1481,0.3401,0.1804,0.6958,0.1966,0.3841,0.3276,0.9716,0.14,0.8935,0.0505,1716.74,1205.86,32.53,17.51,0.866,0.756,https://www.youtube.com/watch?v=dyNmZIp6nUY
22400935,i7UPlx_q6kY,back-court-logo,372.6,1871,522.4907,0.2728,0.1948,0.5497,0.1153,0.918,0.0334,0.5218,0.3301,1.0,0.0001,0.8891,0.0222,1339.02,362.25,24.62,15.28,1.725,0.539,https://www.youtube.com/watch?v=i7UPlx_q6kY
22400935,i7UPlx_q6kY,basket-logo,365.6,13263,212.4142,0.0156,0.0275,0.1041,0.1147,0.3334,0.1411,0.335,0.2909,0.9994,0.0163,0.8983,0.05,2368.34,1709.93,34.3,16.05,0.166,0.137,https://www.youtube.com/watch?v=i7UPlx_q6kY
22400935,i7UPlx_q6kY,side-court-logo,388.8,2314,287.7884,0.1215,0.0885,0.3405,0.0677,0.7408,0.173,0.4858,0.3179,1.0,0.0,0.8705,0.0513,1892.68,475.59,26.13,14.76,0.834,0.281,https://www.youtube.com/watch?v=i7UPlx_q6kY
22400935,i7UPlx_q6kY,side-court-led-logo,367.0,1838,339.2777,0.1803,0.1955,0.4777,0.2033,0.7838,0.1409,0.3867,0.3082,0.9945,0.0614,0.8921,0.0525,624.46,257.17,31.36,15.67,1.739,2.925,https://www.youtube.com/watch?v=i7UPlx_q6kY
22400935,i7UPlx_q6kY,mid-court-logo,300.8,1690,312.0398,0.1803,0.1751,0.5042,0.2219,0.7732,0.1968,0.4127,0.3099,1.0,0.0002,0.868,0.0482,1503.12,439.71,29.71,15.22,1.567,0.998,https://www.youtube.com/watch?v=i7UPlx_q6kY
22400931,jxp51BGnqm4,back-court-logo,411.2,2064,118.9907,0.1916,0.1402,0.3995,0.0607,0.8759,0.0384,0.5372,0.363,1.0,0.0,0.879,0.0216,2300.72,445.69,24.76,17.89,1.09,0.264,https://www.youtube.com/watch?v=jxp51BGnqm4
22400931,jxp51BGnqm4,basket-logo,404.6,13277,73.3742,0.0184,0.0301,0.104,0.112,0.3782,0.1268,0.3605,0.3086,0.9989,0.025,0.9071,0.0362,2624.41,1952.28,34.67,18.65,0.165,0.11,https://www.youtube.com/watch?v=jxp51BGnqm4
22400931,jxp51BGnqm4,mid-court-logo,430.6,2357,172.7632,0.2436,0.2351,0.7094,0.1957,0.9278,0.0821,0.3582,0.3298,0.9999,0.0058,0.8875,0.03,1844.47,518.88,33.23,16.67,2.711,1.321,https://www.youtube.com/watch?v=jxp51BGnqm4
22400931,jxp51BGnqm4,side-court-logo,436.2,2261,99.05,0.1456,0.0878,0.3505,0.0512,0.8709,0.0757,0.4839,0.2916,1.0,0.0,0.8919,0.0303,2721.03,673.2,25.57,12.75,0.882,0.203,https://www.youtube.com/watch?v=jxp51BGnqm4
22400931,jxp51BGnqm4,side-court-led-logo,318.8,1595,53.5663,0.1116,0.1434,0.3311,0.1796,0.7062,0.1927,0.3641,0.3246,0.9714,0.1499,0.8854,0.0567,1620.71,1112.64,33.41,17.24,0.834,0.729,https://www.youtube.com/watch?v=jxp51BGnqm4
22400938,fEjWMKwCqtE,back-court-logo,500.4,2502,15024.4112,0.2599,0.1931,0.4878,0.1202,0.9052,0.0404,0.552,0.3353,0.9991,0.0212,0.8917,0.0247,856.93,293.49,23.29,15.39,1.46,0.526,https://www.youtube.com/watch?v=fEjWMKwCqtE
22400938,fEjWMKwCqtE,basket-logo,490.4,15399,7586.2976,0.0213,0.0296,0.1313,0.1137,0.3982,0.1428,0.3293,0.2696,0.9986,0.03,0.8797,0.075,1764.41,1246.87,34.47,15.75,0.197,0.129,https://www.youtube.com/watch?v=fEjWMKwCqtE
22400938,fEjWMKwCqtE,mid-court-logo,424.8,2501,10397.2866,0.1799,0.1641,0.5094,0.1883,0.8363,0.1549,0.3888,0.3114,0.9995,0.0197,0.855,0.0579,880.75,338.9,30.72,15.17,1.582,1.068,https://www.youtube.com/watch?v=fEjWMKwCqtE
22400938,fEjWMKwCqtE,side-court-logo,528.0,6257,13920.756,0.0963,0.0747,0.2729,0.0607,0.7039,0.1967,0.4825,0.3059,1.0,0.0002,0.8557,0.0627,1312.77,441.34,26.15,14.14,0.525,0.247,https://www.youtube.com/watch?v=fEjWMKwCqtE
22400938,fEjWMKwCqtE,side-court-led-logo,269.6,1348,4818.231,0.1547,0.1879,0.4297,0.2306,0.726,0.1805,0.3733,0.2958,0.9727,0.1373,0.8786,0.0578,890.84,544.36,31.85,15.25,1.707,6.146,https://www.youtube.com/watch?v=fEjWMKwCqtE
22400938,jdMezy11W-4,mid-court-logo,472.07,2697,24466.2296,0.1783,0.1624,0.5184,0.1851,0.8506,0.1451,0.3728,0.3,0.9996,0.0106,0.8566,0.0537,899.75,315.98,31.47,14.78,1.6,0.788,https://www.youtube.com/watch?v=jdMezy11W-4
22400938,jdMezy11W-4,side-court-logo,546.55,6546,31320.1973,0.094,0.0709,0.2688,0.0592,0.7024,0.1867,0.4782,0.3047,0.9999,0.0048,0.8536,0.0632,1354.57,453.82,26.31,14.11,0.509,0.222,https://www.youtube.com/watch?v=jdMezy11W-4
22400938,jdMezy11W-4,side-court-led-logo,290.89,1453,9696.797,0.1312,0.1598,0.3908,0.2004,0.7174,0.1648,0.3612,0.3026,0.9576,0.1778,0.8766,0.0558,898.42,561.93,32.56,15.75,1.077,0.86,https://www.youtube.com/watch?v=jdMezy11W-4
22400938,jdMezy11W-4,back-court-logo,523.72,2620,32739.802,0.2456,0.1765,0.4731,0.1086,0.9008,0.0403,0.5485,0.3272,0.9996,0.0158,0.893,0.0215,947.98,314.31,23.5,14.99,1.397,0.475,https://www.youtube.com/watch?v=jdMezy11W-4
22400938,jdMezy11W-4,basket-logo,521.92,15624,16879.0942,0.0212,0.029,0.1323,0.1121,0.4024,0.1398,0.3276,0.2651,0.9988,0.0285,0.8814,0.0742,1970.91,1412.19,34.36,15.4,0.193,0.12,https://www.youtube.com/watch?v=jdMezy11W-4
22400930,Bj7F3GzBG4s,back-court-logo,478.4,2398,17478.5279,0.1604,0.1008,0.3143,0.0475,0.8366,0.0568,0.5926,0.3314,1.0,0.0,0.8755,0.024,1362.65,225.02,21.46,15.11,0.716,0.274,https://www.youtube.com/watch?v=Bj7F3GzBG4s
22400930,Bj7F3GzBG4s,basket-logo,472.0,12272,9838.3905,0.0176,0.0282,0.1099,0.1097,0.4597,0.0972,0.3669,0.2853,0.8023,0.3323,0.879,0.0619,548.0,684.62,32.75,16.15,0.172,0.113,https://www.youtube.com/watch?v=Bj7F3GzBG4s
22400930,Bj7F3GzBG4s,mid-court-logo,476.6,2620,12788.4255,0.1074,0.1658,0.5901,0.1969,0.8683,0.1297,0.3273,0.3089,0.5051,0.4098,0.8783,0.0518,161.84,202.82,34.59,16.04,1.966,0.981,https://www.youtube.com/watch?v=Bj7F3GzBG4s
22400930,Bj7F3GzBG4s,side-court-led-logo,406.0,2030,11203.3693,0.1215,0.1604,0.4001,0.1722,0.7192,0.1674,0.3089,0.3048,0.9608,0.1809,0.8891,0.0492,900.51,502.03,35.88,16.35,1.255,2.693,https://www.youtube.com/watch?v=Bj7F3GzBG4s
22400930,Bj7F3GzBG4s,side-court-logo,494.8,5253,25433.1016,0.1066,0.0742,0.2858,0.0614,0.7236,0.1447,0.5036,0.3067,0.9993,0.0261,0.8074,0.0852,1773.5,457.09,25.25,13.97,0.591,0.77,https://www.youtube.com/watch?v=Bj7F3GzBG4s
22400930,SumHN8uNOfA,back-court-logo,427.8,2143,382.278,0.1483,0.1054,0.3175,0.0536,0.8412,0.0585,0.5377,0.3401,1.0,0.0002,0.8755,0.0249,2052.8,406.36,23.86,15.62,0.739,0.56,https://www.youtube.com/watch?v=SumHN8uNOfA
22400930,SumHN8uNOfA,basket-logo,415.4,9746,201.3449,0.0172,0.0288,0.1024,0.1091,0.4738,0.102,0.3357,0.2915,0.8842,0.2699,0.8794,0.062,864.33,1010.78,34.84,16.92,0.169,0.069,https://www.youtube.com/watch?v=SumHN8uNOfA
22400930,SumHN8uNOfA,mid-court-logo,419.0,2294,448.601,0.1626,0.202,0.6172,0.197,0.8868,0.1235,0.3606,0.3097,0.6718,0.3981,0.8712,0.0539,248.77,307.12,32.84,15.9,2.095,0.991,https://www.youtube.com/watch?v=SumHN8uNOfA
22400930,SumHN8uNOfA,side-court-led-logo,362.8,1814,310.6328,0.1424,0.1679,0.4117,0.1796,0.7383,0.1702,0.3597,0.3134,0.9712,0.1584,0.8815,0.0542,1408.98,686.1,33.23,16.51,1.155,0.775,https://www.youtube.com/watch?v=SumHN8uNOfA
22400930,SumHN8uNOfA,side-court-logo,436.8,4805,621.4206,0.1075,0.0712,0.2804,0.0495,0.7217,0.1374,0.5217,0.3078,1.0,0.0001,0.794,0.0837,2784.1,719.66,24.43,13.89,0.554,0.244,https://www.youtube.com/watch?v=SumHN8uNOfA
2022400393,zjdfeW_kAGs,mid-court-logo,124.12,622,91.1151,0.1487,0.1472,0.3714,0.1407,0.9507,0.0906,0.3941,0.3361,0.9078,0.2357,0.8804,0.0589,365.64,250.69,30.75,16.27,0.995,0.738,https://www.youtube.com/watch?v=zjdfeW_kAGs
2022400393,zjdfeW_kAGs,side-court-led-logo,46.85,234,62.7183,0.2721,0.2152,0.5237,0.2098,0.8419,0.1667,0.5664,0.3072,1.0,0.0001,0.8394,0.0857,1500.25,898.96,22.2,13.0,1.663,0.939,https://www.youtube.com/watch?v=zjdfeW_kAGs
2022400393,zjdfeW_kAGs,basket-logo,140.54,848,15.0688,0.018,0.0448,0.0582,0.131,0.9072,0.1593,0.475,0.3012,1.0,0.0,0.7717,0.0898,3231.13,1882.27,27.55,15.84,0.179,0.335,https://www.youtube.com/watch?v=zjdfeW_kAGs
2022400393,zjdfeW_kAGs,side-court-logo,0.2,1,0.0056,0.0057,0.0,0.2875,0.0,0.5686,0.0,0.0349,0.0,1.0,0.0,0.6636,0.0,1240.43,0.0,51.82,0.0,0.592,0.0,https://www.youtube.com/watch?v=zjdfeW_kAGs
2022400393,zjdfeW_kAGs,back-court-logo,0.2,1,0.049,0.0497,0.0,0.3315,0.0,1.0,0.0,0.1499,0.0,1.0,0.0,0.6689,0.0,567.31,0.0,38.96,0.0,0.799,0.0,https://www.youtube.com/watch?v=zjdfeW_kAGs
22400957,Bo6_aqC0YDM,mid-court-logo,420.42,2273,20745.7347,0.1752,0.1778,0.6001,0.1954,0.9211,0.1149,0.3102,0.2976,0.9996,0.0206,0.8413,0.059,1655.97,539.03,35.42,15.99,1.979,0.888,https://www.youtube.com/watch?v=Bo6_aqC0YDM
22400957,Bo6_aqC0YDM,back-court-logo,435.03,2173,37394.0103,0.3302,0.2214,0.6183,0.0943,0.9502,0.0186,0.5455,0.341,0.9995,0.0202,0.9025,0.0211,1942.61,451.68,24.46,17.26,2.014,0.531,https://www.youtube.com/watch?v=Bo6_aqC0YDM
22400957,Bo6_aqC0YDM,basket-logo,439.64,10912,12869.734,0.0226,0.0301,0.13,0.109,0.4144,0.1205,0.3418,0.2731,0.9994,0.0188,0.9071,0.0388,3695.42,2343.34,34.34,16.75,0.183,0.089,https://www.youtube.com/watch?v=Bo6_aqC0YDM
22400957,Bo6_aqC0YDM,side-court-led-logo,222.42,1111,10823.4434,0.187,0.222,0.4624,0.2621,0.8815,0.1502,0.3689,0.3171,0.9753,0.1425,0.8757,0.0606,1293.18,757.17,33.3,17.49,1.755,3.673,https://www.youtube.com/watch?v=Bo6_aqC0YDM
22400957,Bo6_aqC0YDM,side-court-logo,462.66,2399,27795.0268,0.2223,0.1449,0.5065,0.1121,0.9597,0.0825,0.4563,0.2845,0.9996,0.0178,0.84,0.0491,2668.7,824.63,26.68,12.54,1.536,0.635,https://www.youtube.com/watch?v=Bo6_aqC0YDM
22400957,hC3I6k0Egf8,back-court-logo,468.4,2342,19995.7725,0.3341,0.2311,0.6081,0.1161,0.9455,0.0258,0.56,0.3484,1.0,0.0,0.9024,0.0175,1517.55,348.35,23.79,17.32,1.968,0.529,https://www.youtube.com/watch?v=hC3I6k0Egf8
22400957,hC3I6k0Egf8,basket-logo,463.6,11804,6611.9357,0.0219,0.0297,0.1222,0.1131,0.4046,0.1156,0.3547,0.2861,0.9985,0.0339,0.9074,0.0385,2975.1,1834.27,34.15,17.54,0.18,0.185,https://www.youtube.com/watch?v=hC3I6k0Egf8
22400957,hC3I6k0Egf8,mid-court-logo,431.2,2345,10186.8502,0.17,0.1707,0.5563,0.1916,0.9086,0.1187,0.3361,0.3132,0.9999,0.0029,0.8485,0.0539,1347.76,434.69,34.34,16.65,1.766,0.842,https://www.youtube.com/watch?v=hC3I6k0Egf8
22400957,hC3I6k0Egf8,side-court-logo,497.0,2569,14785.4935,0.2252,0.1496,0.5033,0.117,0.9564,0.0818,0.4718,0.2915,0.9997,0.0131,0.8473,0.0433,2094.8,638.7,25.97,12.59,1.522,0.645,https://www.youtube.com/watch?v=hC3I6k0Egf8
22400957,hC3I6k0Egf8,side-court-led-logo,246.2,1231,4995.5431,0.1588,0.194,0.4037,0.2245,0.8552,0.1604,0.3795,0.3299,0.9527,0.1868,0.8745,0.0623,955.78,631.36,33.36,18.55,1.593,5.278,https://www.youtube.com/watch?v=hC3I6k0Egf8
22400957,Eq8yKoIHcbo,back-court-logo,361.8,1809,1103.2066,0.3364,0.2376,0.6231,0.1108,0.9476,0.0232,0.5496,0.3545,0.9999,0.002,0.9023,0.0168,1346.2,298.34,24.61,18.12,2.038,0.52,https://www.youtube.com/watch?v=Eq8yKoIHcbo
22400957,Eq8yKoIHcbo,basket-logo,358.4,9062,360.8047,0.022,0.0293,0.1264,0.1122,0.4064,0.1128,0.3463,0.2771,0.9973,0.046,0.9064,0.0389,2660.67,1615.55,34.71,17.68,0.184,0.161,https://www.youtube.com/watch?v=Eq8yKoIHcbo
22400957,Eq8yKoIHcbo,mid-court-logo,342.4,1864,589.7606,0.1745,0.1784,0.5952,0.1868,0.9206,0.113,0.3169,0.3049,0.9995,0.0174,0.8463,0.0535,1275.77,413.48,35.2,16.25,1.945,0.841,https://www.youtube.com/watch?v=Eq8yKoIHcbo
22400957,Eq8yKoIHcbo,side-court-led-logo,196.6,984,281.3074,0.1577,0.1898,0.4296,0.2301,0.8675,0.1531,0.3637,0.3257,0.9457,0.2087,0.8727,0.0593,1010.58,620.33,34.0,18.21,1.342,1.722,https://www.youtube.com/watch?v=Eq8yKoIHcbo
22400957,Eq8yKoIHcbo,side-court-logo,386.4,2008,820.7379,0.2255,0.1491,0.5089,0.1068,0.9629,0.0729,0.4577,0.2856,0.9997,0.011,0.8446,0.0464,2111.79,623.5,26.64,12.6,1.539,0.462,https://www.youtube.com/watch?v=Eq8yKoIHcbo
22400957,LYgda7OWW4U,back-court-logo,472.0,2360,349.8794,0.3391,0.2334,0.621,0.1052,0.9475,0.0228,0.5564,0.3504,1.0,0.0002,0.9023,0.0153,1651.54,374.55,23.96,17.44,2.02,0.478,https://www.youtube.com/watch?v=LYgda7OWW4U
22400957,LYgda7OWW4U,basket-logo,469.2,12061,117.2123,0.0222,0.031,0.127,0.1125,0.4079,0.1161,0.3454,0.2819,0.9985,0.0339,0.9083,0.0375,3132.03,1916.41,34.72,17.65,0.184,0.191,https://www.youtube.com/watch?v=LYgda7OWW4U
22400957,LYgda7OWW4U,mid-court-logo,441.0,2378,170.8566,0.1643,0.1704,0.5575,0.1951,0.9121,0.1162,0.3196,0.3065,0.9998,0.004,0.8492,0.056,1453.76,485.13,35.23,16.42,1.775,0.856,https://www.youtube.com/watch?v=LYgda7OWW4U
22400957,LYgda7OWW4U,side-court-led-logo,231.6,1159,79.3702,0.1566,0.1997,0.4,0.2309,0.856,0.1626,0.365,0.3213,0.9578,0.1781,0.8708,0.0625,1028.1,697.19,34.08,18.48,1.696,6.089,https://www.youtube.com/watch?v=LYgda7OWW4U
22400957,LYgda7OWW4U,side-court-logo,496.0,2536,261.9057,0.2362,0.1525,0.5215,0.1104,0.9645,0.0648,0.4726,0.2882,0.9998,0.0099,0.8433,0.044,2180.15,655.44,25.87,12.33,1.603,0.669,https://www.youtube.com/watch?v=LYgda7OWW4U
22400925,z8x5-MVVoCw,mid-court-logo,420.0,2184,2311.2589,0.1592,0.1656,0.5056,0.1967,0.8617,0.1124,0.3377,0.3331,1.0,0.0004,0.8946,0.0594,2474.21,770.25,35.31,18.42,1.587,0.972,https://www.youtube.com/watch?v=z8x5-MVVoCw
22400925,z8x5-MVVoCw,side-court-led-logo,272.4,1362,1509.1137,0.1667,0.1918,0.3898,0.2185,0.7979,0.1928,0.418,0.3286,0.9844,0.1116,0.8966,0.0486,848.32,481.51,31.01,17.93,1.12,1.104,https://www.youtube.com/watch?v=z8x5-MVVoCw
22400925,z8x5-MVVoCw,side-court-logo,550.8,2822,2733.62,0.1457,0.108,0.3934,0.0524,0.9158,0.0764,0.4157,0.3084,1.0,0.0,0.901,0.0162,3543.25,688.02,29.16,14.54,1.064,0.212,https://www.youtube.com/watch?v=z8x5-MVVoCw
22400925,z8x5-MVVoCw,back-court-logo,520.0,2600,5290.6091,0.3061,0.219,0.6092,0.0905,0.9212,0.0282,0.5357,0.3656,1.0,0.0022,0.8933,0.0187,2443.93,453.94,25.42,18.85,1.97,0.608,https://www.youtube.com/watch?v=z8x5-MVVoCw
22400925,z8x5-MVVoCw,basket-logo,509.6,15759,2684.445,0.0256,0.032,0.1509,0.1104,0.363,0.1416,0.3746,0.2991,0.9999,0.0108,0.9123,0.0353,2885.2,1276.88,33.54,18.12,0.213,0.135,https://www.youtube.com/watch?v=z8x5-MVVoCw
22400925,xAk-j2j8bsA,side-court-logo,499.6,2499,46.2655,0.224,0.2356,0.6694,0.2294,0.9915,0.0481,0.301,0.2903,0.9984,0.0181,0.879,0.053,279.9,65.38,37.57,18.53,2.429,1.218,https://www.youtube.com/watch?v=xAk-j2j8bsA
22400925,xAk-j2j8bsA,back-court-logo,332.4,1662,52.4549,0.3819,0.3109,0.9341,0.1309,0.9972,0.0036,0.4115,0.3295,0.9693,0.0543,0.854,0.0585,201.13,59.59,31.45,18.66,5.731,2.073,https://www.youtube.com/watch?v=xAk-j2j8bsA
22400925,xAk-j2j8bsA,basket-logo,223.4,2123,9.9706,0.0568,0.0622,0.2517,0.1179,0.5914,0.1765,0.3435,0.2719,0.9429,0.1569,0.8872,0.0601,250.94,100.68,33.84,16.3,0.517,0.366,https://www.youtube.com/watch?v=xAk-j2j8bsA
22400925,xAk-j2j8bsA,side-court-led-logo,124.6,624,4.31,0.0836,0.1355,0.7637,0.2586,0.9446,0.1094,0.4525,0.2931,0.2633,0.288,0.8521,0.0718,74.79,61.07,28.13,15.24,4.944,4.307,https://www.youtube.com/watch?v=xAk-j2j8bsA
22400925,xAk-j2j8bsA,mid-court-logo,129.2,647,18.5631,0.3472,0.2871,0.7941,0.229,0.9589,0.0562,0.4428,0.3259,0.9692,0.0857,0.88,0.0612,226.98,135.08,29.57,17.89,3.66,1.908,https://www.youtube.com/watch?v=xAk-j2j8bsA
22400920,ezt5ri1woHs,side-court-led-logo,361.2,1807,9120.907,0.1426,0.192,0.3943,0.2258,0.7894,0.1518,0.3385,0.3045,0.9863,0.0907,0.876,0.0688,1245.01,622.99,34.28,16.56,1.197,1.314,https://www.youtube.com/watch?v=ezt5ri1woHs
22400920,ezt5ri1woHs,mid-court-logo,507.4,2695,17833.6296,0.187,0.2064,0.6138,0.2487,0.9235,0.0993,0.3022,0.2875,0.9997,0.0095,0.8823,0.0534,748.95,265.87,35.78,15.61,2.222,1.395,https://www.youtube.com/watch?v=ezt5ri1woHs
22400920,ezt5ri1woHs,back-court-logo,530.4,2655,28080.1427,0.2988,0.1806,0.5324,0.1078,0.9468,0.0267,0.595,0.3269,1.0,0.0,0.8849,0.0334,1118.23,202.78,21.75,15.51,1.658,0.579,https://www.youtube.com/watch?v=ezt5ri1woHs
22400920,ezt5ri1woHs,basket-logo,520.0,14359,10497.7768,0.0207,0.0307,0.1109,0.1096,0.4186,0.1132,0.3908,0.2943,0.9994,0.0186,0.913,0.0272,2092.61,1088.98,31.78,16.64,0.167,0.088,https://www.youtube.com/watch?v=ezt5ri1woHs
22400920,ezt5ri1woHs,side-court-logo,0.8,4,4.177,0.0295,0.0296,0.1075,0.1076,0.5731,0.1499,0.3201,0.3004,1.0,0.0,0.6758,0.0505,1888.06,520.04,36.38,16.78,0.154,0.053,https://www.youtube.com/watch?v=ezt5ri1woHs
22400920,dvUOR1I-omo,side-court-led-logo,407.4,2043,203.0027,0.1802,0.2154,0.4372,0.2495,0.794,0.1451,0.3933,0.3332,0.9986,0.0311,0.8792,0.0678,2749.71,1423.72,31.95,17.62,1.409,1.405,https://www.youtube.com/watch?v=dvUOR1I-omo
22400920,dvUOR1I-omo,mid-court-logo,507.6,2810,308.8319,0.1993,0.1967,0.6092,0.2378,0.9069,0.1046,0.3493,0.3165,0.9997,0.0168,0.8834,0.0529,1695.9,726.81,33.78,16.84,2.186,1.368,https://www.youtube.com/watch?v=dvUOR1I-omo
22400920,dvUOR1I-omo,back-court-logo,501.4,2509,394.0289,0.2847,0.1937,0.5306,0.1034,0.9502,0.0277,0.5672,0.3565,1.0,0.0,0.887,0.0269,2828.97,704.97,23.87,18.32,1.632,0.456,https://www.youtube.com/watch?v=dvUOR1I-omo
22400920,dvUOR1I-omo,basket-logo,484.0,12677,137.2764,0.0196,0.0303,0.1035,0.109,0.4137,0.1123,0.3917,0.2971,0.9996,0.0154,0.9123,0.0306,4722.53,2800.58,32.19,17.4,0.16,0.076,https://www.youtube.com/watch?v=dvUOR1I-omo
22400920,dvUOR1I-omo,side-court-logo,0.4,2,0.0247,0.0224,0.0224,0.1088,0.1088,0.3365,0.0568,0.3549,0.1686,1.0,0.0,0.6714,0.0059,5195.07,1933.42,29.71,6.96,0.162,0.058,https://www.youtube.com/watch?v=dvUOR1I-omo
22400924,p0TlYybdrks,back-court-logo,471.4,2357,990.8919,0.3238,0.2633,0.5823,0.1658,0.9435,0.03,0.5322,0.3609,1.0,0.0009,0.8833,0.0283,1031.49,330.87,25.21,18.22,1.939,0.932,https://www.youtube.com/watch?v=p0TlYybdrks
22400924,p0TlYybdrks,mid-court-logo,369.6,1986,442.1212,0.1715,0.1431,0.4894,0.1505,0.8313,0.1537,0.4182,0.3189,0.9896,0.0742,0.8646,0.0646,506.95,225.48,29.93,16.31,1.461,0.656,https://www.youtube.com/watch?v=p0TlYybdrks
22400924,p0TlYybdrks,side-court-led-logo,350.2,1751,507.0352,0.223,0.2281,0.5265,0.2455,0.8198,0.1418,0.4246,0.3206,0.9951,0.053,0.8857,0.0538,815.31,479.6,30.17,16.93,2.016,3.274,https://www.youtube.com/watch?v=p0TlYybdrks
22400924,p0TlYybdrks,side-court-logo,495.0,2555,396.497,0.1195,0.0922,0.3406,0.0719,0.8717,0.1059,0.4254,0.3165,0.9981,0.0399,0.8913,0.0303,2005.68,768.79,29.07,15.29,0.911,1.987,https://www.youtube.com/watch?v=p0TlYybdrks
22400924,p0TlYybdrks,basket-logo,449.0,12683,332.7321,0.0202,0.0309,0.115,0.1154,0.405,0.1483,0.3237,0.2892,0.9801,0.0952,0.8921,0.061,973.63,872.68,36.05,17.76,0.187,0.132,https://www.youtube.com/watch?v=p0TlYybdrks
22400924,kfR7cxujzbM,back-court-logo,470.0,2350,265.1979,0.3219,0.2633,0.5883,0.1635,0.9436,0.0294,0.5245,0.3585,1.0,0.0004,0.8841,0.026,1098.53,330.69,25.55,18.07,1.964,0.924,https://www.youtube.com/watch?v=kfR7cxujzbM
22400924,kfR7cxujzbM,mid-court-logo,366.4,1957,120.8435,0.1761,0.1412,0.495,0.1501,0.8322,0.1519,0.4325,0.3166,0.9836,0.0961,0.8657,0.0616,461.08,232.0,29.12,15.92,1.487,0.66,https://www.youtube.com/watch?v=kfR7cxujzbM
22400924,kfR7cxujzbM,side-court-led-logo,350.8,1754,140.4673,0.2284,0.233,0.5284,0.2444,0.8196,0.1414,0.4322,0.3186,0.9944,0.0535,0.8838,0.0535,823.25,490.6,29.66,16.58,1.976,2.876,https://www.youtube.com/watch?v=kfR7cxujzbM
22400924,kfR7cxujzbM,side-court-logo,494.4,2551,108.8109,0.1217,0.0917,0.3401,0.0661,0.872,0.1064,0.4315,0.3152,0.9999,0.0019,0.8914,0.0289,2213.81,805.7,28.7,15.05,0.845,0.534,https://www.youtube.com/watch?v=kfR7cxujzbM
22400924,kfR7cxujzbM,basket-logo,449.6,12414,88.7691,0.0204,0.0307,0.1201,0.1159,0.4092,0.1474,0.3163,0.2859,0.9697,0.1149,0.8913,0.0596,948.02,910.55,36.41,17.63,0.193,0.159,https://www.youtube.com/watch?v=kfR7cxujzbM
22400921,iWZyVEJVVYg,back-court-logo,345.0,1725,222.4804,0.2254,0.1448,0.4185,0.0723,0.9268,0.0271,0.5771,0.3373,0.9993,0.0232,0.8692,0.0422,848.31,228.39,22.46,15.49,1.166,0.301,https://www.youtube.com/watch?v=iWZyVEJVVYg
22400921,iWZyVEJVVYg,mid-court-logo,266.8,1394,80.4914,0.1009,0.1433,0.4492,0.2052,0.7582,0.2165,0.3312,0.3077,0.701,0.3726,0.822,0.0706,177.84,120.72,35.03,17.05,1.314,0.934,https://www.youtube.com/watch?v=iWZyVEJVVYg
22400921,iWZyVEJVVYg,side-court-led-logo,404.4,2025,252.0124,0.2175,0.2373,0.5488,0.1864,0.9586,0.0501,0.3571,0.33,0.9967,0.0462,0.9039,0.0462,973.78,445.25,33.06,16.59,1.962,2.267,https://www.youtube.com/watch?v=iWZyVEJVVYg
22400921,iWZyVEJVVYg,basket-logo,364.2,10147,132.4565,0.0228,0.0312,0.1244,0.108,0.4464,0.1068,0.3645,0.2924,0.9995,0.0165,0.9092,0.0337,2831.81,1437.36,33.58,17.27,0.172,0.099,https://www.youtube.com/watch?v=iWZyVEJVVYg
22400921,iWZyVEJVVYg,side-court-logo,0.4,2,0.0,0.0,0.0,0.0,0.0,0.3079,0.0409,0.2309,0.0531,1.0,0.0,0.6851,0.0093,1444.62,431.8,34.45,2.72,0.105,0.021,https://www.youtube.com/watch?v=iWZyVEJVVYg
22400921,epEgOhjZBIU,mid-court-logo,360.2,1937,61.0779,0.1119,0.1293,0.4322,0.1935,0.7535,0.2155,0.3638,0.3224,0.8622,0.2408,0.8248,0.0727,230.48,133.82,33.15,17.0,1.311,1.442,https://www.youtube.com/watch?v=epEgOhjZBIU
22400921,epEgOhjZBIU,side-court-led-logo,517.8,2589,169.9742,0.2329,0.2416,0.5405,0.1909,0.9549,0.0494,0.3981,0.3436,0.9982,0.0388,0.9028,0.0479,1183.94,526.12,30.95,16.7,2.022,2.865,https://www.youtube.com/watch?v=epEgOhjZBIU
22400921,epEgOhjZBIU,back-court-logo,439.6,2198,132.617,0.214,0.1383,0.4018,0.0736,0.9199,0.0375,0.5759,0.3367,1.0,0.0001,0.8695,0.042,1011.87,269.22,22.52,15.51,1.094,0.314,https://www.youtube.com/watch?v=epEgOhjZBIU
22400921,epEgOhjZBIU,basket-logo,455.8,12885,71.2507,0.0196,0.03,0.1084,0.1082,0.4358,0.1053,0.3653,0.299,0.9995,0.0185,0.9093,0.0323,3273.65,1499.43,33.65,17.57,0.157,0.067,https://www.youtube.com/watch?v=epEgOhjZBIU
22400921,epEgOhjZBIU,side-court-logo,0.8,4,0.0,0.0,0.0,0.0,0.0,0.355,0.1416,0.4654,0.2575,1.0,0.0,0.6353,0.0133,2201.09,1115.34,25.57,9.73,0.093,0.027,https://www.youtube.com/watch?v=epEgOhjZBIU
22400912,RspjIOzwSHY,mid-court-logo,491.6,2585,79.5892,0.1833,0.1785,0.5667,0.1735,0.9102,0.0865,0.3559,0.3202,0.9998,0.0104,0.8822,0.0351,1156.33,299.83,33.27,16.47,1.819,0.777,https://www.youtube.com/watch?v=RspjIOzwSHY
22400912,RspjIOzwSHY,side-court-led-logo,496.0,4266,67.959,0.0948,0.1012,0.2916,0.0983,0.7061,0.1244,0.4257,0.3142,0.9619,0.1784,0.8968,0.0458,1514.0,1067.68,29.63,16.26,0.618,0.39,https://www.youtube.com/watch?v=RspjIOzwSHY
22400912,RspjIOzwSHY,side-court-logo,496.2,2545,39.891,0.0933,0.0563,0.2846,0.0256,0.6574,0.0406,0.5025,0.2998,1.0,0.0,0.8781,0.0271,1627.0,363.1,24.55,12.4,0.579,0.103,https://www.youtube.com/watch?v=RspjIOzwSHY
22400912,RspjIOzwSHY,back-court-logo,469.6,2348,54.8132,0.139,0.0925,0.2892,0.0261,0.8491,0.0408,0.5583,0.355,1.0,0.0002,0.8753,0.026,1062.08,231.72,23.41,17.01,0.599,0.115,https://www.youtube.com/watch?v=RspjIOzwSHY
22400912,RspjIOzwSHY,basket-logo,472.0,11755,45.3508,0.023,0.0342,0.1217,0.1132,0.4734,0.1365,0.3636,0.3097,0.9984,0.0344,0.9,0.0585,2056.85,1362.08,34.18,18.22,0.185,0.184,https://www.youtube.com/watch?v=RspjIOzwSHY
22400912,QC6iErVIY3Q,mid-court-logo,485.6,2558,916.9191,0.1861,0.1805,0.5623,0.1714,0.9082,0.0867,0.3624,0.3249,1.0,0.0006,0.8849,0.0324,1104.77,279.03,33.0,16.6,1.798,0.767,https://www.youtube.com/watch?v=QC6iErVIY3Q
22400912,QC6iErVIY3Q,side-court-led-logo,490.4,4220,765.6547,0.0942,0.0992,0.2921,0.0992,0.7047,0.1244,0.4266,0.3137,0.9594,0.1851,0.8969,0.0473,1407.32,1002.29,29.6,16.25,0.621,0.395,https://www.youtube.com/watch?v=QC6iErVIY3Q
22400912,QC6iErVIY3Q,side-court-logo,490.4,2517,457.9499,0.0944,0.0564,0.2851,0.0236,0.6579,0.04,0.5068,0.2986,1.0,0.0,0.8786,0.0282,1544.83,327.62,24.31,12.28,0.58,0.099,https://www.youtube.com/watch?v=QC6iErVIY3Q
22400912,QC6iErVIY3Q,back-court-logo,463.2,2316,621.2534,0.1393,0.0939,0.2912,0.0264,0.8509,0.0411,0.554,0.3575,1.0,0.0001,0.8763,0.0235,975.26,194.26,23.52,16.89,0.609,0.117,https://www.youtube.com/watch?v=QC6iErVIY3Q
22400912,QC6iErVIY3Q,basket-logo,465.4,11643,502.8823,0.0224,0.0339,0.121,0.1137,0.4709,0.1374,0.3605,0.3091,0.9983,0.0353,0.899,0.0589,1902.97,1254.74,34.48,18.35,0.185,0.205,https://www.youtube.com/watch?v=QC6iErVIY3Q
22400899,XEwFmRiPXw4,mid-court-logo,430.4,2442,111.5614,0.1916,0.2049,0.4675,0.1859,0.832,0.1424,0.3959,0.3536,0.9523,0.1586,0.8813,0.0469,423.51,202.16,32.65,19.16,1.418,1.25,https://www.youtube.com/watch?v=XEwFmRiPXw4
22400899,XEwFmRiPXw4,side-court-led-logo,509.0,3421,103.2156,0.1265,0.1324,0.4349,0.1554,0.6989,0.1075,0.4298,0.3054,0.9127,0.2362,0.9103,0.0383,424.29,275.5,28.8,14.8,1.302,1.892,https://www.youtube.com/watch?v=XEwFmRiPXw4
22400899,XEwFmRiPXw4,side-court-logo,502.0,2590,87.1428,0.1411,0.106,0.4513,0.0912,0.7288,0.0599,0.431,0.3045,0.9986,0.0311,0.833,0.0435,1167.72,331.38,28.22,13.93,1.317,0.786,https://www.youtube.com/watch?v=XEwFmRiPXw4
22400899,XEwFmRiPXw4,back-court-logo,434.4,2172,140.9023,0.272,0.1976,0.513,0.0853,0.9481,0.0251,0.5443,0.3632,0.9984,0.0356,0.8946,0.0273,1173.07,311.18,25.02,18.81,1.556,0.349,https://www.youtube.com/watch?v=XEwFmRiPXw4
22400899,XEwFmRiPXw4,basket-logo,416.8,11352,75.4905,0.0279,0.0355,0.1351,0.11,0.425,0.1543,0.3787,0.2927,0.9945,0.0565,0.8933,0.0531,1079.1,1078.69,33.04,17.62,0.182,0.116,https://www.youtube.com/watch?v=XEwFmRiPXw4
22400914,KHDlh0eTpvQ,back-court-logo,420.6,2103,1454.7571,0.2537,0.1876,0.5107,0.095,0.9454,0.0287,0.5157,0.3535,0.9989,0.0206,0.8782,0.0269,593.81,152.35,25.79,17.53,1.547,0.399,https://www.youtube.com/watch?v=KHDlh0eTpvQ
22400914,KHDlh0eTpvQ,mid-court-logo,407.4,2228,1083.0203,0.1783,0.1906,0.4573,0.1678,0.85,0.1311,0.3685,0.341,0.9986,0.0259,0.889,0.0382,869.12,314.45,33.44,17.98,1.343,0.727,https://www.youtube.com/watch?v=KHDlh0eTpvQ
22400914,KHDlh0eTpvQ,side-court-led-logo,481.6,3215,1113.4277,0.127,0.126,0.4095,0.1482,0.6766,0.1254,0.4459,0.2939,0.9388,0.2073,0.8963,0.0512,692.53,536.44,27.71,13.77,1.294,2.755,https://www.youtube.com/watch?v=KHDlh0eTpvQ
22400914,KHDlh0eTpvQ,side-court-logo,457.4,2421,1140.9567,0.1728,0.1128,0.4822,0.1102,0.7511,0.0633,0.4796,0.2891,1.0,0.0002,0.8064,0.0599,716.44,204.09,25.71,12.62,1.426,0.457,https://www.youtube.com/watch?v=KHDlh0eTpvQ
22400914,KHDlh0eTpvQ,basket-logo,420.4,11374,799.3523,0.0258,0.0337,0.1352,0.1106,0.4251,0.1637,0.3537,0.282,0.9988,0.0239,0.8972,0.0474,1629.38,1616.74,33.9,16.92,0.183,0.157,https://www.youtube.com/watch?v=KHDlh0eTpvQ
22400914,fKlo_UhWazU,side-court-led-logo,484.6,3268,88.2551,0.1296,0.1272,0.4077,0.1494,0.6877,0.1332,0.4463,0.2937,0.9551,0.1797,0.8966,0.0492,760.06,559.57,27.55,13.55,1.232,2.291,https://www.youtube.com/watch?v=fKlo_UhWazU
22400914,fKlo_UhWazU,mid-court-logo,408.6,2237,83.2573,0.1786,0.1889,0.4597,0.1679,0.8516,0.1329,0.3707,0.3384,0.9987,0.0288,0.8868,0.043,959.81,319.37,33.26,17.79,1.353,0.72,https://www.youtube.com/watch?v=fKlo_UhWazU
22400914,fKlo_UhWazU,side-court-logo,448.6,2398,85.6912,0.1715,0.1131,0.4742,0.1091,0.7484,0.0645,0.4834,0.2914,1.0,0.0001,0.8027,0.0605,812.12,222.21,25.61,12.83,1.391,0.458,https://www.youtube.com/watch?v=fKlo_UhWazU
22400914,fKlo_UhWazU,back-court-logo,415.2,2076,108.3973,0.2506,0.1851,0.5067,0.0952,0.9448,0.0291,0.5144,0.352,0.9992,0.0212,0.8787,0.0241,682.48,174.43,25.73,17.28,1.531,0.4,https://www.youtube.com/watch?v=fKlo_UhWazU
22400914,fKlo_UhWazU,basket-logo,413.4,11187,60.3117,0.0259,0.0339,0.1354,0.1098,0.4253,0.1622,0.3531,0.2825,0.9991,0.0206,0.896,0.0484,1784.95,1764.54,34.04,17.09,0.181,0.116,https://www.youtube.com/watch?v=fKlo_UhWazU
22400923,FCZZAt26Ies,mid-court-logo,459.4,2408,1909.837,0.1937,0.2133,0.5991,0.2363,0.8616,0.1436,0.3425,0.3205,0.9992,0.0159,0.8848,0.0427,918.28,297.73,34.23,16.85,2.047,1.152,https://www.youtube.com/watch?v=FCZZAt26Ies
22400923,FCZZAt26Ies,side-court-logo,521.2,2653,1420.8911,0.1308,0.0927,0.3527,0.0482,0.8643,0.0905,0.4465,0.3167,1.0,0.0,0.8989,0.0193,1490.84,340.59,27.58,14.29,0.891,0.193,https://www.youtube.com/watch?v=FCZZAt26Ies
22400923,FCZZAt26Ies,side-court-led-logo,390.6,1953,1335.9166,0.167,0.2041,0.4171,0.2098,0.7696,0.1589,0.3773,0.3299,0.9743,0.1382,0.8972,0.0472,1026.33,747.76,32.62,17.39,1.259,1.144,https://www.youtube.com/watch?v=FCZZAt26Ies
22400923,FCZZAt26Ies,back-court-logo,500.2,2501,2179.9279,0.2128,0.1506,0.4078,0.0728,0.9028,0.0356,0.5604,0.3578,1.0,0.0018,0.8829,0.0192,1032.38,233.76,23.54,17.32,1.125,0.317,https://www.youtube.com/watch?v=FCZZAt26Ies
22400923,FCZZAt26Ies,basket-logo,493.8,16051,1283.8486,0.0195,0.0318,0.1082,0.114,0.4035,0.1361,0.3644,0.3047,0.9985,0.0298,0.9046,0.0355,1596.0,1384.22,34.23,18.31,0.179,0.125,https://www.youtube.com/watch?v=FCZZAt26Ies
2022400380,mynu1kJVSUk,mid-court-logo,381.18,2011,290.3233,0.116,0.1512,0.5995,0.2097,0.875,0.1333,0.2345,0.2723,0.9863,0.0703,0.9012,0.0285,335.61,120.31,41.2,17.15,1.997,0.97,https://www.youtube.com/watch?v=mynu1kJVSUk
2022400380,mynu1kJVSUk,side-court-led-logo,388.39,1960,272.7853,0.1118,0.1532,0.4678,0.1408,0.9049,0.0932,0.2401,0.2778,0.9957,0.041,0.8972,0.0491,380.3,140.89,41.3,18.05,1.418,0.76,https://www.youtube.com/watch?v=mynu1kJVSUk
2022400380,mynu1kJVSUk,basket-logo,383.78,6337,320.8641,0.0407,0.0554,0.126,0.1171,0.6237,0.192,0.4821,0.3127,0.9969,0.0352,0.8497,0.0869,921.18,455.81,26.84,15.49,0.205,0.148,https://www.youtube.com/watch?v=mynu1kJVSUk
2022400380,mynu1kJVSUk,side-court-logo,1.0,5,0.6655,0.1069,0.0901,0.356,0.1295,0.9991,0.0018,0.4689,0.349,0.8256,0.3468,0.6946,0.0466,312.6,200.39,27.9,17.2,0.873,0.559,https://www.youtube.com/watch?v=mynu1kJVSUk
22400923,VKwJYFnpls8,mid-court-logo,415.96,2160,107.8308,0.1893,0.2148,0.5977,0.2392,0.8591,0.1447,0.3325,0.3224,0.9993,0.0168,0.8814,0.0484,909.58,300.91,34.87,17.05,2.05,1.175,https://www.youtube.com/watch?v=VKwJYFnpls8
22400923,VKwJYFnpls8,side-court-led-logo,350.7,1736,77.3443,0.169,0.2103,0.4224,0.2108,0.77,0.1594,0.3696,0.3316,0.9817,0.1126,0.8971,0.0475,978.91,674.47,33.05,17.49,1.278,1.154,https://www.youtube.com/watch?v=VKwJYFnpls8
22400923,VKwJYFnpls8,side-court-logo,475.15,2391,80.5966,0.1278,0.0926,0.357,0.0451,0.8691,0.0883,0.4281,0.3099,1.0,0.0,0.8989,0.0193,1424.0,334.6,28.34,14.04,0.907,0.196,https://www.youtube.com/watch?v=VKwJYFnpls8
22400923,VKwJYFnpls8,back-court-logo,454.74,2251,130.634,0.2201,0.1517,0.4117,0.0734,0.9042,0.0363,0.5721,0.3554,1.0,0.0,0.8835,0.0172,979.12,228.12,23.15,17.4,1.14,0.318,https://www.youtube.com/watch?v=VKwJYFnpls8
22400923,VKwJYFnpls8,basket-logo,448.48,14404,78.1709,0.0206,0.0323,0.1109,0.114,0.405,0.136,0.3752,0.3069,0.9979,0.035,0.9048,0.035,1581.34,1380.32,33.69,18.45,0.181,0.128,https://www.youtube.com/watch?v=VKwJYFnpls8
22400916,CCdNI2t4mHg,mid-court-logo,333.0,1892,2581.3625,0.3143,0.2391,0.7109,0.2316,0.9134,0.109,0.4376,0.3027,1.0,0.0002,0.8705,0.0452,1732.79,587.26,28.48,14.85,2.842,1.569,https://www.youtube.com/watch?v=CCdNI2t4mHg
22400916,CCdNI2t4mHg,side-court-led-logo,242.8,1215,1042.0485,0.1976,0.2185,0.4409,0.2562,0.7757,0.2049,0.4726,0.3024,0.9615,0.1773,0.8865,0.0511,1254.44,888.26,26.92,14.57,1.367,1.238,https://www.youtube.com/watch?v=CCdNI2t4mHg
22400916,CCdNI2t4mHg,side-court-logo,535.4,2782,1721.0993,0.1425,0.1141,0.3759,0.0624,0.937,0.0846,0.4035,0.3159,1.0,0.0,0.8927,0.0246,2749.26,821.62,29.87,14.78,0.986,0.265,https://www.youtube.com/watch?v=CCdNI2t4mHg
22400916,CCdNI2t4mHg,back-court-logo,483.8,2419,2891.9112,0.2754,0.2125,0.5113,0.1043,0.929,0.0328,0.5362,0.365,1.0,0.0,0.8837,0.0278,1661.66,396.25,25.2,18.44,1.552,0.439,https://www.youtube.com/watch?v=CCdNI2t4mHg
22400916,CCdNI2t4mHg,basket-logo,469.4,14101,1762.2162,0.0288,0.0356,0.158,0.1105,0.4296,0.1485,0.342,0.2778,0.9963,0.0528,0.9046,0.0458,2188.13,1593.47,34.9,17.51,0.233,0.218,https://www.youtube.com/watch?v=CCdNI2t4mHg
22400916,Ww-mpS31cug,mid-court-logo,170.0,863,19.4355,0.3265,0.2586,0.9371,0.1421,0.9865,0.0203,0.4724,0.315,0.7115,0.2637,0.8382,0.0787,190.83,195.42,27.55,16.15,7.921,4.168,https://www.youtube.com/watch?v=Ww-mpS31cug
22400916,Ww-mpS31cug,side-court-led-logo,160.8,806,10.1991,0.1835,0.2193,0.7754,0.2644,0.9171,0.1308,0.4694,0.3136,0.4914,0.359,0.8373,0.0765,108.4,68.87,27.72,16.39,5.259,4.069,https://www.youtube.com/watch?v=Ww-mpS31cug
22400916,Ww-mpS31cug,side-court-logo,405.6,2033,38.6793,0.2759,0.2516,0.7595,0.2218,0.9972,0.0179,0.3467,0.2959,0.9717,0.0518,0.8667,0.0647,205.5,59.04,34.23,17.28,3.119,1.496,https://www.youtube.com/watch?v=Ww-mpS31cug
22400916,Ww-mpS31cug,back-court-logo,186.6,933,19.7729,0.3073,0.2372,0.9478,0.1064,0.9991,0.0015,0.4158,0.306,0.807,0.2051,0.8358,0.0608,193.44,119.3,30.51,17.27,6.021,2.136,https://www.youtube.com/watch?v=Ww-mpS31cug
22400916,Ww-mpS31cug,basket-logo,136.2,1796,6.1042,0.0493,0.0664,0.3061,0.1085,0.7062,0.1906,0.2583,0.2477,0.7262,0.3042,0.8775,0.0644,167.64,108.44,37.6,14.44,0.688,0.423,https://www.youtube.com/watch?v=Ww-mpS31cug
2022400382,4-fyD_4BpFg,back-court-logo,107.71,538,17.7038,0.3024,0.1702,0.4967,0.0487,0.9885,0.0061,0.6099,0.3331,0.9986,0.0083,0.8978,0.0208,527.14,176.71,20.59,14.51,1.487,0.199,https://www.youtube.com/watch?v=4-fyD_4BpFg
2022400382,4-fyD_4BpFg,side-court-led-logo,73.87,369,6.1526,0.1532,0.1956,0.4213,0.2658,1.0,0.0,0.3133,0.2829,0.8698,0.2528,0.8804,0.0618,316.91,254.37,35.85,16.46,1.258,1.191,https://www.youtube.com/watch?v=4-fyD_4BpFg
2022400382,4-fyD_4BpFg,basket-logo,94.29,895,4.5522,0.0467,0.0467,0.2127,0.0825,0.6577,0.1808,0.3321,0.2767,0.9983,0.0281,0.9026,0.0462,1289.39,437.48,34.61,16.19,0.319,0.172,https://www.youtube.com/watch?v=4-fyD_4BpFg
22400918,7EO9eFrId-Q,mid-court-logo,500.5,2809,34202.2882,0.1318,0.1321,0.3724,0.0979,0.9105,0.1157,0.3706,0.346,0.9987,0.0314,0.8863,0.0282,1113.03,316.32,34.28,19.43,0.97,0.399,https://www.youtube.com/watch?v=7EO9eFrId-Q
22400918,7EO9eFrId-Q,side-court-led-logo,273.27,1365,15764.11,0.125,0.1595,0.374,0.1966,0.7225,0.1434,0.3622,0.3089,0.9907,0.0925,0.8953,0.0473,2540.53,1104.35,34.1,18.22,1.006,0.812,https://www.youtube.com/watch?v=7EO9eFrId-Q
22400918,7EO9eFrId-Q,back-court-logo,488.09,2438,84744.1167,0.3762,0.2861,0.7222,0.1201,0.9485,0.0189,0.5203,0.3633,1.0,0.0,0.894,0.0188,1305.9,262.46,25.28,17.44,2.562,0.715,https://www.youtube.com/watch?v=7EO9eFrId-Q
22400918,7EO9eFrId-Q,basket-logo,480.48,12168,19999.8793,0.0178,0.0287,0.1141,0.1109,0.3401,0.1104,0.3354,0.305,1.0,0.0004,0.9065,0.0356,4555.32,2027.4,35.75,18.18,0.164,0.119,https://www.youtube.com/watch?v=7EO9eFrId-Q
22400918,7EO9eFrId-Q,side-court-logo,0.4,2,0.1162,0.0006,0.0006,0.1151,0.1151,0.6649,0.3351,0.2835,0.2781,1.0,0.0,0.7192,0.04,1324.58,180.99,43.02,21.54,0.192,0.101,https://www.youtube.com/watch?v=7EO9eFrId-Q
22400918,Amb8JzIJvFQ,back-court-logo,479.28,2398,25757.6519,0.3731,0.2849,0.7158,0.1367,0.9467,0.0208,0.5209,0.3558,1.0,0.0001,0.8938,0.0219,1443.99,320.39,25.42,17.33,2.564,0.863,https://www.youtube.com/watch?v=Amb8JzIJvFQ
22400918,Amb8JzIJvFQ,basket-logo,467.07,12269,5986.8961,0.017,0.0254,0.1142,0.1103,0.3403,0.1126,0.3203,0.2886,1.0,0.003,0.9053,0.0367,5087.58,2316.72,36.45,18.06,0.164,0.094,https://www.youtube.com/watch?v=Amb8JzIJvFQ
22400918,Amb8JzIJvFQ,mid-court-logo,483.28,2724,10220.6719,0.1303,0.1299,0.3608,0.098,0.9083,0.1154,0.3777,0.3464,0.9991,0.0251,0.8849,0.0258,1285.81,406.1,33.19,18.52,0.92,0.402,https://www.youtube.com/watch?v=Amb8JzIJvFQ
22400918,Amb8JzIJvFQ,side-court-led-logo,256.26,1281,4456.4478,0.1208,0.1467,0.3641,0.2016,0.7161,0.1495,0.3789,0.3033,0.978,0.1435,0.8881,0.0542,2921.0,1392.5,32.13,16.52,1.019,1.323,https://www.youtube.com/watch?v=Amb8JzIJvFQ
22400918,Amb8JzIJvFQ,side-court-logo,2.2,11,0.1812,0.0006,0.0018,0.0188,0.0593,0.343,0.0846,0.1957,0.2929,1.0,0.0,0.6713,0.0479,1463.2,518.73,45.32,17.41,0.089,0.024,https://www.youtube.com/watch?v=Amb8JzIJvFQ
22400913,emzJDaNrS2I,mid-court-logo,360.2,1990,1269.7011,0.2003,0.181,0.5521,0.2176,0.9316,0.0994,0.3794,0.3054,0.9979,0.0336,0.8851,0.0524,999.34,380.52,31.94,16.12,1.792,1.01,https://www.youtube.com/watch?v=emzJDaNrS2I
22400913,emzJDaNrS2I,side-court-led-logo,264.0,1321,826.5457,0.1964,0.2284,0.4536,0.287,0.8584,0.1591,0.4281,0.2965,0.9172,0.2617,0.8744,0.0726,814.21,605.63,29.21,15.09,1.81,3.899,https://www.youtube.com/watch?v=emzJDaNrS2I
22400913,emzJDaNrS2I,basket-logo,455.4,12191,1352.1717,0.0348,0.0388,0.172,0.0952,0.5468,0.1635,0.3099,0.2676,0.9864,0.101,0.9032,0.0395,1585.89,1335.94,36.44,17.12,0.21,0.11,https://www.youtube.com/watch?v=emzJDaNrS2I
22400913,emzJDaNrS2I,back-court-logo,0.8,4,4.4525,0.3495,0.3568,0.5745,0.341,0.9802,0.0202,0.4402,0.4368,1.0,0.0,0.7527,0.0876,627.76,122.88,35.32,26.03,2.1,1.231,https://www.youtube.com/watch?v=emzJDaNrS2I
22400913,emzJDaNrS2I,side-court-logo,0.8,4,0.008,0.0006,0.0011,0.0536,0.0928,0.5759,0.2893,0.0662,0.0243,1.0,0.0,0.6837,0.025,1375.23,750.42,47.14,3.4,0.124,0.047,https://www.youtube.com/watch?v=emzJDaNrS2I
22400913,6au_-Z370uA,mid-court-logo,352.6,1950,189.9835,0.1995,0.1805,0.556,0.2167,0.9354,0.0958,0.3731,0.2987,0.9992,0.0175,0.8862,0.0503,1020.85,399.44,32.01,15.69,1.806,1.008,https://www.youtube.com/watch?v=6au_-Z370uA
22400913,6au_-Z370uA,side-court-led-logo,252.8,1265,117.5012,0.1902,0.2239,0.4516,0.2905,0.8573,0.1614,0.4209,0.2926,0.9226,0.2478,0.8739,0.0708,832.75,642.08,29.35,14.71,1.763,4.161,https://www.youtube.com/watch?v=6au_-Z370uA
22400913,6au_-Z370uA,basket-logo,449.6,12060,202.2841,0.0344,0.0383,0.1751,0.0935,0.5472,0.1621,0.304,0.2636,0.981,0.1194,0.9003,0.0429,1418.47,1346.42,36.58,16.86,0.213,0.11,https://www.youtube.com/watch?v=6au_-Z370uA
22400913,6au_-Z370uA,back-court-logo,2.4,12,2.5091,0.4282,0.3494,0.6449,0.2862,0.9783,0.0186,0.5447,0.4331,1.0,0.0,0.723,0.0801,777.73,248.57,27.22,24.73,2.361,1.278,https://www.youtube.com/watch?v=6au_-Z370uA
22400913,6au_-Z370uA,side-court-logo,0.6,3,0.139,0.0949,0.0402,0.3101,0.0501,0.6605,0.0473,0.4527,0.1622,1.0,0.0,0.6603,0.0186,1075.23,380.86,25.71,6.22,0.689,0.243,https://www.youtube.com/watch?v=6au_-Z370uA
22400909,FeQQ6kqVYac,back-court-logo,451.65,2257,19683.2233,0.314,0.2104,0.5577,0.1285,0.9323,0.025,0.58,0.3342,0.9995,0.0113,0.8871,0.0363,614.24,155.15,22.43,15.97,1.755,0.574,https://www.youtube.com/watch?v=FeQQ6kqVYac
22400909,FeQQ6kqVYac,basket-logo,448.85,8994,6734.8327,0.027,0.0323,0.1514,0.1046,0.4284,0.1257,0.3783,0.2923,0.9955,0.042,0.8676,0.0677,1154.62,890.06,32.35,16.53,0.207,0.095,https://www.youtube.com/watch?v=FeQQ6kqVYac
22400909,FeQQ6kqVYac,mid-court-logo,461.66,2597,7811.9603,0.1083,0.1009,0.3446,0.0745,0.8143,0.0928,0.3835,0.3387,0.9994,0.0156,0.8977,0.0355,1770.18,563.19,32.43,17.92,0.851,0.311,https://www.youtube.com/watch?v=FeQQ6kqVYac
22400909,FeQQ6kqVYac,side-court-led-logo,489.69,4012,13112.4109,0.1177,0.1059,0.3343,0.1105,0.8157,0.1386,0.4196,0.3092,0.9846,0.108,0.8945,0.0526,1130.64,734.58,29.8,15.91,0.835,1.046,https://www.youtube.com/watch?v=FeQQ6kqVYac
22400909,FeQQ6kqVYac,side-court-logo,141.14,749,804.8352,0.0387,0.0442,0.2123,0.0743,0.4417,0.1268,0.3692,0.3197,0.9996,0.0099,0.8183,0.0834,1927.22,658.81,33.33,18.16,0.285,0.176,https://www.youtube.com/watch?v=FeQQ6kqVYac
22400922,XjgxuDzAxrk,mid-court-logo,499.2,2805,10588.645,0.1702,0.1676,0.4235,0.1325,0.8392,0.1179,0.4057,0.3485,1.0,0.0002,0.8908,0.0345,1112.33,404.45,30.87,17.4,1.187,0.541,https://www.youtube.com/watch?v=XjgxuDzAxrk
22400922,XjgxuDzAxrk,side-court-led-logo,532.0,3931,10715.2611,0.1229,0.1159,0.3291,0.1307,0.7829,0.1479,0.4488,0.3063,0.9957,0.0587,0.8826,0.0561,1549.63,783.64,27.65,14.27,0.911,2.275,https://www.youtube.com/watch?v=XjgxuDzAxrk
22400922,XjgxuDzAxrk,back-court-logo,368.2,1841,12580.456,0.3081,0.2254,0.6093,0.1143,0.9347,0.0197,0.5208,0.336,0.9994,0.0162,0.8357,0.0666,640.81,174.96,25.46,16.71,1.989,0.584,https://www.youtube.com/watch?v=XjgxuDzAxrk
22400922,XjgxuDzAxrk,basket-logo,476.2,13467,6124.4896,0.0205,0.0315,0.1037,0.1106,0.3979,0.1389,0.3599,0.2876,0.9984,0.0338,0.9068,0.0321,2861.76,1693.22,33.45,16.89,0.162,0.158,https://www.youtube.com/watch?v=XjgxuDzAxrk
22400922,XjgxuDzAxrk,side-court-logo,0.4,2,0.1321,0.003,0.0016,0.4354,0.07,0.9999,0.0001,0.0064,0.0026,0.9992,0.0001,0.7175,0.0149,242.56,1.85,64.04,2.67,1.235,0.287,https://www.youtube.com/watch?v=XjgxuDzAxrk
22400922,JVUdpV8nto8,mid-court-logo,505.2,2839,229.5052,0.1645,0.1667,0.4244,0.1327,0.8396,0.1166,0.39,0.344,1.0,0.0009,0.8917,0.0321,1023.07,363.48,31.66,17.33,1.191,0.552,https://www.youtube.com/watch?v=JVUdpV8nto8
22400922,JVUdpV8nto8,side-court-led-logo,537.4,3962,234.0423,0.1202,0.115,0.3295,0.13,0.7829,0.1468,0.4394,0.309,0.9954,0.0617,0.8798,0.0576,1434.36,734.2,28.13,14.49,0.92,2.379,https://www.youtube.com/watch?v=JVUdpV8nto8
22400922,JVUdpV8nto8,back-court-logo,392.2,1961,298.8666,0.3102,0.2204,0.6012,0.1144,0.9339,0.0206,0.5343,0.3337,0.9998,0.0042,0.8458,0.0601,588.61,166.58,24.77,16.54,1.952,0.576,https://www.youtube.com/watch?v=JVUdpV8nto8
22400922,JVUdpV8nto8,basket-logo,482.6,13615,139.746,0.0209,0.0316,0.1046,0.1107,0.3938,0.1355,0.3697,0.2871,0.9977,0.0408,0.9061,0.0331,2638.67,1617.38,32.77,16.57,0.163,0.158,https://www.youtube.com/watch?v=JVUdpV8nto8
22400922,JVUdpV8nto8,side-court-logo,0.8,4,0.2205,0.1122,0.1384,0.2753,0.2788,0.6141,0.3865,0.316,0.2104,0.9993,0.001,0.6443,0.0437,833.85,620.05,34.47,13.81,0.882,0.843,https://www.youtube.com/watch?v=JVUdpV8nto8
22400922,dwD4OAgLCk0,back-court-logo,212.6,1063,326.5783,0.3095,0.2331,0.6485,0.1061,0.9355,0.0181,0.493,0.3367,0.9994,0.0082,0.8031,0.0793,608.82,166.42,26.66,16.7,2.161,0.55,https://www.youtube.com/watch?v=dwD4OAgLCk0
22400922,dwD4OAgLCk0,basket-logo,398.0,11211,236.0663,0.0212,0.0336,0.1082,0.1116,0.4334,0.1512,0.3288,0.2845,0.9964,0.0479,0.9047,0.0365,2642.93,1678.83,35.25,17.11,0.168,0.178,https://www.youtube.com/watch?v=dwD4OAgLCk0
22400922,dwD4OAgLCk0,mid-court-logo,393.0,2162,380.0159,0.1771,0.1672,0.4201,0.1278,0.8384,0.1199,0.4278,0.3514,0.9991,0.0286,0.8899,0.036,1141.7,392.87,29.6,17.09,1.174,0.518,https://www.youtube.com/watch?v=dwD4OAgLCk0
22400922,dwD4OAgLCk0,side-court-led-logo,423.4,3074,372.2501,0.122,0.1058,0.3217,0.1093,0.7797,0.1472,0.465,0.302,0.9984,0.0302,0.878,0.0589,1467.37,707.02,26.84,13.77,0.764,0.424,https://www.youtube.com/watch?v=dwD4OAgLCk0
22400922,dwD4OAgLCk0,side-court-logo,0.2,1,0.0055,0.0055,0.0,0.4465,0.0,1.0,0.0,0.0124,0.0,0.9998,0.0,0.6792,0.0,268.87,0.0,59.25,0.0,1.285,0.0,https://www.youtube.com/watch?v=dwD4OAgLCk0
22400910,2jucvxoqzDQ,basket-logo,403.6,9560,1665.7647,0.0423,0.0419,0.1894,0.0887,0.568,0.1439,0.3647,0.2844,0.9937,0.0625,0.8765,0.0715,1314.08,781.27,33.17,16.76,0.25,0.125,https://www.youtube.com/watch?v=2jucvxoqzDQ
22400910,2jucvxoqzDQ,mid-court-logo,421.22,2375,1644.1241,0.168,0.1767,0.5361,0.1823,0.8785,0.135,0.3369,0.3168,0.9984,0.0264,0.8659,0.0486,1020.31,363.82,34.28,16.67,1.681,0.814,https://www.youtube.com/watch?v=2jucvxoqzDQ
22400910,2jucvxoqzDQ,side-court-led-logo,442.64,3104,1643.4149,0.1285,0.1414,0.3776,0.1432,0.8438,0.1361,0.3939,0.3278,0.9841,0.1115,0.9045,0.0437,1040.94,653.68,31.24,16.46,1.391,5.59,https://www.youtube.com/watch?v=2jucvxoqzDQ
22400910,4vugaipWymc,mid-court-logo,437.6,2384,121.6805,0.1831,0.1863,0.5454,0.1869,0.8841,0.1384,0.3412,0.3056,0.9999,0.0029,0.8711,0.0456,1273.36,421.83,34.15,16.32,1.721,0.817,https://www.youtube.com/watch?v=4vugaipWymc
22400910,4vugaipWymc,side-court-led-logo,461.4,3145,117.108,0.1336,0.1346,0.3576,0.1304,0.8497,0.1302,0.4202,0.3308,0.9816,0.1203,0.9074,0.0422,1240.99,672.89,30.05,16.59,1.206,4.562,https://www.youtube.com/watch?v=4vugaipWymc
22400910,4vugaipWymc,basket-logo,429.2,11991,101.0354,0.0302,0.0396,0.1524,0.1086,0.5122,0.178,0.3168,0.2854,0.9986,0.0264,0.8743,0.0703,1848.48,955.91,36.56,17.87,0.21,0.131,https://www.youtube.com/watch?v=4vugaipWymc
22400910,4vugaipWymc,back-court-logo,0.2,1,0.1301,0.4666,0.0,0.5828,0.0,0.9464,0.0,0.8461,0.0,1.0,0.0,0.6807,0.0,734.26,0.0,11.56,0.0,1.834,0.0,https://www.youtube.com/watch?v=4vugaipWymc
22400907,1wBAx8k_7bM,back-court-logo,420.82,2105,3283.2132,0.1617,0.1252,0.3801,0.0555,0.8758,0.0407,0.4884,0.3586,1.0,0.0,0.8772,0.0204,2417.97,509.53,27.02,17.77,1.006,0.233,https://www.youtube.com/watch?v=1wBAx8k_7bM
22400907,1wBAx8k_7bM,basket-logo,411.01,12900,1833.4977,0.0147,0.0274,0.0926,0.1088,0.3759,0.1241,0.3358,0.3031,0.9985,0.0296,0.9039,0.0368,3004.91,2210.82,35.91,18.43,0.152,0.086,https://www.youtube.com/watch?v=1wBAx8k_7bM
22400907,1wBAx8k_7bM,mid-court-logo,428.63,2349,6099.5716,0.2692,0.2467,0.7406,0.1893,0.9134,0.1021,0.3823,0.332,0.9992,0.0225,0.8832,0.0365,2149.48,700.47,32.01,16.88,2.88,1.245,https://www.youtube.com/watch?v=1wBAx8k_7bM
22400907,1wBAx8k_7bM,side-court-led-logo,384.98,1926,2131.7456,0.1147,0.147,0.3722,0.1588,0.7336,0.1551,0.3377,0.3099,0.9923,0.0773,0.8983,0.0423,1865.83,959.67,35.14,17.56,0.987,0.758,https://www.youtube.com/watch?v=1wBAx8k_7bM
22400907,1wBAx8k_7bM,side-court-logo,439.64,2247,3241.9281,0.1496,0.0864,0.3309,0.0423,0.8532,0.0838,0.528,0.2915,1.0,0.0,0.8902,0.0231,3170.98,640.87,23.54,12.38,0.795,0.171,https://www.youtube.com/watch?v=1wBAx8k_7bM
22400907,qYaEU7ZKXh8,mid-court-logo,514.6,2864,225.9284,0.2417,0.242,0.726,0.1817,0.9152,0.088,0.3482,0.3297,1.0,0.0007,0.8851,0.0317,2227.21,714.36,34.04,17.19,2.767,1.195,https://www.youtube.com/watch?v=qYaEU7ZKXh8
22400907,qYaEU7ZKXh8,side-court-led-logo,455.8,2280,82.1714,0.1104,0.151,0.3724,0.1629,0.7165,0.1646,0.305,0.3135,0.99,0.0921,0.8999,0.0428,2023.3,1052.26,37.49,18.3,1.031,1.733,https://www.youtube.com/watch?v=qYaEU7ZKXh8
22400907,qYaEU7ZKXh8,side-court-logo,527.0,2758,115.8732,0.1287,0.0845,0.3291,0.043,0.8474,0.0838,0.4617,0.2933,1.0,0.0,0.8895,0.0223,3273.17,787.63,26.59,13.21,0.787,0.172,https://www.youtube.com/watch?v=qYaEU7ZKXh8
22400907,qYaEU7ZKXh8,back-court-logo,491.4,2457,147.6512,0.1841,0.1269,0.38,0.0606,0.8753,0.0407,0.5562,0.3633,0.9989,0.0307,0.8766,0.02,2461.5,504.95,24.1,18.03,1.061,1.65,https://www.youtube.com/watch?v=qYaEU7ZKXh8
22400907,qYaEU7ZKXh8,basket-logo,479.6,15199,89.6711,0.0181,0.0307,0.0929,0.1099,0.376,0.1252,0.4059,0.317,0.9987,0.0289,0.9047,0.0366,3083.9,2199.94,32.18,18.52,0.155,0.167,https://www.youtube.com/watch?v=qYaEU7ZKXh8
22400893,FosftphO1IY,back-court-logo,447.6,2238,154.867,0.241,0.1594,0.4507,0.0748,0.9248,0.028,0.5708,0.3458,1.0,0.0,0.8811,0.0233,964.91,219.24,22.73,16.25,1.3,0.309,https://www.youtube.com/watch?v=FosftphO1IY
22400893,FosftphO1IY,basket-logo,439.6,12676,55.7519,0.0153,0.0294,0.0769,0.105,0.3863,0.1308,0.397,0.3112,0.9995,0.0147,0.912,0.023,2314.05,1191.1,32.18,17.77,0.14,0.083,https://www.youtube.com/watch?v=FosftphO1IY
22400893,FosftphO1IY,mid-court-logo,452.8,2440,123.3252,0.176,0.1881,0.5391,0.2334,0.8826,0.1253,0.3532,0.3242,0.991,0.0672,0.8588,0.0528,556.42,279.51,32.84,15.99,1.781,1.224,https://www.youtube.com/watch?v=FosftphO1IY
22400893,FosftphO1IY,side-court-led-logo,479.8,3278,114.6953,0.1219,0.1136,0.3239,0.1272,0.8269,0.1419,0.437,0.3187,0.973,0.149,0.9106,0.0422,1354.83,774.35,28.38,14.95,0.787,0.507,https://www.youtube.com/watch?v=FosftphO1IY
22400893,FosftphO1IY,side-court-logo,0.6,3,0.0115,0.0134,0.0102,0.1722,0.122,0.7357,0.3451,0.0585,0.0313,1.0,0.0,0.7142,0.0655,1062.35,529.07,49.08,5.65,0.323,0.176,https://www.youtube.com/watch?v=FosftphO1IY
22400905,8dbTvwuB3zo,back-court-logo,426.23,2134,581.9232,0.2613,0.182,0.5101,0.0758,0.9062,0.0316,0.5477,0.3538,0.9973,0.0463,0.8891,0.0273,1028.97,219.25,24.09,17.37,1.596,1.331,https://www.youtube.com/watch?v=8dbTvwuB3zo
22400905,8dbTvwuB3zo,basket-logo,412.81,11161,355.8997,0.0306,0.0333,0.19,0.0899,0.4206,0.1271,0.3581,0.2988,0.9973,0.0401,0.8944,0.0339,1642.8,1281.22,33.95,17.39,0.253,0.155,https://www.youtube.com/watch?v=8dbTvwuB3zo
22400905,8dbTvwuB3zo,mid-court-logo,457.86,2672,458.5343,0.1644,0.1761,0.5587,0.1999,0.8776,0.1283,0.3433,0.3147,0.8684,0.2367,0.8669,0.0531,229.52,168.89,33.97,16.61,1.815,0.959,https://www.youtube.com/watch?v=8dbTvwuB3zo
22400905,8dbTvwuB3zo,side-court-led-logo,478.88,3681,467.8274,0.1218,0.1362,0.3519,0.1514,0.7683,0.1379,0.4146,0.3183,0.9882,0.0925,0.9157,0.0384,871.53,448.1,29.83,15.6,0.931,1.106,https://www.youtube.com/watch?v=8dbTvwuB3zo
22400905,8dbTvwuB3zo,side-court-logo,471.47,2374,318.3898,0.1285,0.0674,0.2908,0.0425,0.8252,0.0684,0.5359,0.2746,0.9999,0.0037,0.872,0.0302,2666.98,688.96,23.3,12.15,0.61,0.168,https://www.youtube.com/watch?v=8dbTvwuB3zo
22400909,9eM9E-EIUgk,mid-court-logo,404.27,2203,239.4614,0.1239,0.1056,0.3427,0.0817,0.8104,0.0899,0.4465,0.3565,1.0,0.0,0.8984,0.0351,2341.29,690.51,29.14,18.05,0.847,0.378,https://www.youtube.com/watch?v=9eM9E-EIUgk
22400909,9eM9E-EIUgk,side-court-led-logo,426.66,3523,389.145,0.1259,0.1139,0.3296,0.1181,0.8054,0.1429,0.4517,0.3086,0.987,0.1056,0.8998,0.0476,1681.36,1145.41,28.02,15.1,0.794,0.866,https://www.youtube.com/watch?v=9eM9E-EIUgk
22400909,9eM9E-EIUgk,side-court-logo,136.21,695,28.1163,0.0461,0.0373,0.2037,0.0719,0.4262,0.0999,0.4902,0.3347,1.0,0.0,0.8304,0.0796,2509.31,766.9,27.21,17.42,0.261,0.097,https://www.youtube.com/watch?v=9eM9E-EIUgk
22400909,9eM9E-EIUgk,back-court-logo,384.57,1855,469.1819,0.2884,0.2264,0.569,0.1266,0.9311,0.0266,0.5211,0.3582,1.0,0.0,0.8951,0.0294,976.64,238.89,25.49,17.86,1.802,0.568,https://www.youtube.com/watch?v=9eM9E-EIUgk
22400909,9eM9E-EIUgk,basket-logo,386.23,8122,154.2447,0.0217,0.03,0.1324,0.1094,0.4094,0.1193,0.3457,0.3092,0.9983,0.0312,0.8841,0.056,1759.96,1033.93,35.14,18.33,0.193,0.092,https://www.youtube.com/watch?v=9eM9E-EIUgk
22400898,9LKi_0abhd8,back-court-logo,473.4,2367,5908.9937,0.2935,0.2012,0.5083,0.0943,0.9455,0.0249,0.5771,0.3535,1.0,0.0,0.8926,0.0225,1211.25,261.64,23.22,17.93,1.538,0.395,https://www.youtube.com/watch?v=9LKi_0abhd8
22400898,9LKi_0abhd8,basket-logo,458.0,12653,2932.6161,0.0273,0.0322,0.1454,0.1109,0.4333,0.1345,0.349,0.2647,0.998,0.0351,0.9078,0.0396,1584.99,1146.34,33.84,16.45,0.208,0.175,https://www.youtube.com/watch?v=9LKi_0abhd8
22400898,9LKi_0abhd8,mid-court-logo,267.0,1513,2923.7195,0.2272,0.2021,0.6245,0.2225,0.8905,0.1115,0.3826,0.3052,0.9999,0.001,0.8744,0.051,849.44,495.9,31.94,16.54,2.191,1.176,https://www.youtube.com/watch?v=9LKi_0abhd8
22400898,9LKi_0abhd8,side-court-logo,509.4,3300,2427.6695,0.0865,0.0824,0.2895,0.0508,0.8372,0.2213,0.3661,0.319,1.0,0.0,0.892,0.0335,2000.96,649.42,32.65,16.51,0.61,0.183,https://www.youtube.com/watch?v=9LKi_0abhd8
22400898,9LKi_0abhd8,side-court-led-logo,168.2,841,1304.4387,0.1824,0.2119,0.486,0.2654,0.8123,0.2094,0.3958,0.3139,0.9689,0.1457,0.8821,0.0534,636.77,443.85,31.1,16.22,1.963,5.523,https://www.youtube.com/watch?v=9LKi_0abhd8
22400896,usLKDQCdgmg,back-court-logo,504.2,2525,16875.537,0.3757,0.2553,0.71,0.0981,0.9433,0.0263,0.5476,0.3475,1.0,0.0,0.8923,0.0284,1262.77,325.45,23.74,16.29,2.451,0.543,https://www.youtube.com/watch?v=usLKDQCdgmg
22400896,usLKDQCdgmg,basket-logo,506.6,16047,5102.4167,0.0179,0.0332,0.1146,0.1176,0.3491,0.1459,0.329,0.2853,0.999,0.0245,0.8971,0.0464,2483.42,1328.44,35.48,17.24,0.182,0.21,https://www.youtube.com/watch?v=usLKDQCdgmg
22400896,usLKDQCdgmg,mid-court-logo,498.8,2568,5721.08,0.1252,0.1225,0.3879,0.0689,0.8625,0.0715,0.3589,0.3383,1.0,0.0002,0.9008,0.0278,3142.3,1089.18,34.01,18.08,1.037,0.29,https://www.youtube.com/watch?v=usLKDQCdgmg
22400896,usLKDQCdgmg,side-court-led-logo,530.6,4074,7381.9826,0.1019,0.11,0.3252,0.1257,0.6972,0.1297,0.4177,0.3097,0.9442,0.2224,0.91,0.0451,1427.06,965.15,29.65,15.56,0.856,1.806,https://www.youtube.com/watch?v=usLKDQCdgmg
22400896,usLKDQCdgmg,side-court-logo,524.2,2773,7841.2515,0.159,0.0796,0.3608,0.0663,0.7869,0.1019,0.551,0.2617,1.0,0.0,0.8799,0.0399,2980.33,825.07,22.62,11.71,0.925,0.266,https://www.youtube.com/watch?v=usLKDQCdgmg
22400897,Af2m59JhhyI,back-court-logo,388.6,1945,352.3502,0.2287,0.1838,0.4467,0.1009,0.9383,0.0271,0.5089,0.3552,0.9996,0.0127,0.8928,0.0259,840.94,229.19,25.9,17.25,1.287,0.434,https://www.youtube.com/watch?v=Af2m59JhhyI
22400897,Af2m59JhhyI,basket-logo,377.4,9844,179.7425,0.0231,0.0347,0.1207,0.1128,0.4467,0.1641,0.3015,0.2754,0.9986,0.028,0.8961,0.059,1502.33,1163.43,37.06,17.34,0.171,0.123,https://www.youtube.com/watch?v=Af2m59JhhyI
22400897,Af2m59JhhyI,mid-court-logo,356.8,1972,324.7165,0.2079,0.1966,0.4928,0.1603,0.8343,0.126,0.4231,0.3513,0.9988,0.0128,0.892,0.0309,722.48,280.79,30.88,18.53,1.489,0.722,https://www.youtube.com/watch?v=Af2m59JhhyI
22400897,Af2m59JhhyI,side-court-led-logo,412.2,2835,246.1589,0.1096,0.1168,0.3659,0.1409,0.6624,0.1002,0.4255,0.3046,0.9971,0.0419,0.9018,0.045,928.1,521.01,29.08,14.82,0.962,0.637,https://www.youtube.com/watch?v=Af2m59JhhyI
22400897,Af2m59JhhyI,side-court-logo,430.4,2176,199.831,0.1159,0.0834,0.3764,0.0694,0.7301,0.0745,0.4378,0.3138,1.0,0.0002,0.9026,0.0235,1213.28,322.2,28.27,14.67,0.991,0.28,https://www.youtube.com/watch?v=Af2m59JhhyI
22400888,nZaEDrQ8EJ8,mid-court-logo,367.0,2078,2416.8269,0.2448,0.2239,0.6303,0.2224,0.8021,0.1839,0.441,0.3346,0.9995,0.0169,0.8699,0.0765,1422.54,546.19,29.61,17.44,2.259,1.644,https://www.youtube.com/watch?v=nZaEDrQ8EJ8
22400888,nZaEDrQ8EJ8,side-court-led-logo,512.2,2563,3537.225,0.2905,0.266,0.7645,0.1682,0.8946,0.0653,0.3925,0.3398,0.9967,0.0505,0.8908,0.0521,1143.43,660.66,32.23,17.91,3.281,3.335,https://www.youtube.com/watch?v=nZaEDrQ8EJ8
22400888,nZaEDrQ8EJ8,side-court-logo,481.2,2465,541.642,0.0462,0.0391,0.2658,0.0406,0.4338,0.093,0.4208,0.3413,1.0,0.0,0.8838,0.0395,2022.43,683.91,30.62,17.76,0.493,0.139,https://www.youtube.com/watch?v=nZaEDrQ8EJ8
22400888,nZaEDrQ8EJ8,basket-logo,479.4,10112,1565.9148,0.0326,0.0444,0.1549,0.11,0.5904,0.1691,0.2772,0.274,0.9971,0.046,0.9041,0.0467,1838.08,1489.27,39.73,18.91,0.217,0.338,https://www.youtube.com/watch?v=nZaEDrQ8EJ8
22400888,nZaEDrQ8EJ8,back-court-logo,0.2,1,0.5197,0.1094,0.0,0.9954,0.0,0.8033,0.0,0.1368,0.0,1.0,0.0,0.6699,0.0,1407.9,0.0,39.89,0.0,6.885,0.0,https://www.youtube.com/watch?v=nZaEDrQ8EJ8
22400908,lxnr9agq9h4,basket-logo,424.42,9223,1095.4932,0.0352,0.0441,0.1516,0.1098,0.6034,0.1542,0.3537,0.2933,0.9991,0.0214,0.9166,0.033,1832.18,1531.05,34.38,17.84,0.222,0.14,https://www.youtube.com/watch?v=lxnr9agq9h4
22400908,lxnr9agq9h4,mid-court-logo,368.57,1954,1599.38,0.2427,0.2357,0.6353,0.2755,0.8701,0.124,0.3762,0.3202,0.9912,0.0566,0.876,0.0597,705.76,355.63,32.39,16.95,2.595,2.36,https://www.youtube.com/watch?v=lxnr9agq9h4
22400908,lxnr9agq9h4,side-court-led-logo,294.09,1469,804.035,0.1623,0.1818,0.4226,0.2279,0.7591,0.1715,0.4055,0.322,0.9622,0.1794,0.8848,0.0625,767.3,469.65,31.0,16.67,1.514,3.712,https://www.youtube.com/watch?v=lxnr9agq9h4
22400908,lxnr9agq9h4,side-court-logo,462.86,2336,1273.9883,0.1617,0.1112,0.3888,0.0617,0.9317,0.052,0.4572,0.3073,0.9997,0.0109,0.899,0.0208,1124.77,247.28,26.97,13.84,1.08,0.852,https://www.youtube.com/watch?v=lxnr9agq9h4
22400908,lxnr9agq9h4,back-court-logo,0.2,1,0.821,0.2435,0.0,0.4815,0.0,0.9302,0.0,0.5436,0.0,1.0,0.0,0.8276,0.0,534.82,0.0,22.08,0.0,1.426,0.0,https://www.youtube.com/watch?v=lxnr9agq9h4
22400908,4-B-SssA2nk,mid-court-logo,452.6,2422,161.7874,0.2682,0.2371,0.664,0.2696,0.8835,0.1212,0.4152,0.3262,0.9993,0.023,0.876,0.0579,1023.84,409.1,30.54,16.88,2.685,1.735,https://www.youtube.com/watch?v=4-B-SssA2nk
22400908,4-B-SssA2nk,side-court-led-logo,379.8,1902,88.2449,0.1863,0.2014,0.4075,0.2259,0.7623,0.1702,0.4486,0.334,0.9958,0.0515,0.8902,0.0582,1089.21,567.08,29.38,17.38,1.26,2.045,https://www.youtube.com/watch?v=4-B-SssA2nk
22400908,4-B-SssA2nk,side-court-logo,528.2,2698,104.8486,0.156,0.1044,0.3715,0.0447,0.9189,0.055,0.4698,0.3148,0.9993,0.0232,0.8951,0.02,1695.76,375.93,26.39,13.92,0.971,0.187,https://www.youtube.com/watch?v=4-B-SssA2nk
22400908,4-B-SssA2nk,basket-logo,475.6,10452,83.3092,0.032,0.0438,0.1426,0.1121,0.5977,0.153,0.3444,0.3101,0.9991,0.0266,0.9184,0.0297,2433.62,1719.64,35.67,18.81,0.214,0.136,https://www.youtube.com/watch?v=4-B-SssA2nk
22400908,4-B-SssA2nk,back-court-logo,0.4,2,0.2514,0.5047,0.2718,0.6594,0.2054,0.9588,0.0344,0.7295,0.1746,1.0,0.0,0.7217,0.0635,827.21,235.01,15.34,6.36,2.336,1.02,https://www.youtube.com/watch?v=4-B-SssA2nk
22400919,r7PZKHkjxyc,mid-court-logo,396.0,2262,14303.3784,0.2201,0.2036,0.5612,0.2238,0.8483,0.1514,0.3989,0.3181,1.0,0.0001,0.8502,0.0608,872.63,334.24,31.2,16.69,1.842,1.062,https://www.youtube.com/watch?v=r7PZKHkjxyc
22400919,r7PZKHkjxyc,side-court-logo,512.4,5909,18278.7927,0.1077,0.0864,0.307,0.0713,0.7746,0.1842,0.451,0.3072,0.9999,0.0091,0.8638,0.0585,1228.03,426.84,27.96,15.02,0.68,0.302,https://www.youtube.com/watch?v=r7PZKHkjxyc
22400919,r7PZKHkjxyc,side-court-led-logo,224.2,1121,5902.1859,0.1832,0.2111,0.4986,0.2606,0.7696,0.1695,0.3967,0.2894,0.9582,0.1679,0.87,0.0548,775.27,484.09,30.0,14.01,1.705,1.499,https://www.youtube.com/watch?v=r7PZKHkjxyc
22400919,r7PZKHkjxyc,back-court-logo,461.0,2305,19205.6028,0.29,0.2271,0.5713,0.1225,0.941,0.0305,0.5069,0.3526,0.9994,0.0103,0.8928,0.0287,679.54,215.04,26.09,17.43,1.816,0.567,https://www.youtube.com/watch?v=r7PZKHkjxyc
22400919,r7PZKHkjxyc,basket-logo,450.8,11919,9114.9425,0.0266,0.0347,0.1479,0.1128,0.4233,0.153,0.3393,0.2826,0.9972,0.0414,0.879,0.0746,1429.67,1089.0,34.71,17.09,0.219,0.145,https://www.youtube.com/watch?v=r7PZKHkjxyc
22400919,_5P15NLJhA8,mid-court-logo,405.81,2237,26177.3556,0.2188,0.1993,0.5593,0.2216,0.8582,0.1528,0.4099,0.3193,0.9991,0.0273,0.8508,0.0625,902.13,340.37,30.59,16.5,1.827,1.035,https://www.youtube.com/watch?v=_5P15NLJhA8
22400919,_5P15NLJhA8,back-court-logo,480.68,2403,35532.8096,0.2765,0.2263,0.5628,0.1266,0.9351,0.0365,0.4896,0.3531,0.9983,0.0338,0.8949,0.0236,752.1,233.72,26.57,17.0,1.783,0.593,https://www.youtube.com/watch?v=_5P15NLJhA8
22400919,_5P15NLJhA8,basket-logo,491.29,12852,16787.0266,0.0244,0.034,0.1465,0.1131,0.4266,0.1562,0.3089,0.2761,0.9981,0.0311,0.8786,0.0748,1661.65,1299.04,36.4,16.89,0.218,0.146,https://www.youtube.com/watch?v=_5P15NLJhA8
22400919,_5P15NLJhA8,side-court-led-logo,222.02,1109,9842.2947,0.166,0.1869,0.4375,0.2261,0.7489,0.1741,0.4198,0.2891,0.9533,0.1814,0.8726,0.0518,839.47,627.83,29.52,14.87,1.444,3.191,https://www.youtube.com/watch?v=_5P15NLJhA8
22400919,_5P15NLJhA8,side-court-logo,510.51,5834,34030.4772,0.1091,0.0831,0.3034,0.0668,0.7773,0.1763,0.4662,0.3077,0.9994,0.0179,0.8618,0.0612,1279.1,430.31,27.23,14.94,0.661,0.286,https://www.youtube.com/watch?v=_5P15NLJhA8
22400919,dnzrRveZdHU,back-court-logo,398.4,1993,1048.3678,0.2895,0.2288,0.582,0.1285,0.9409,0.0341,0.4943,0.3482,0.9962,0.0421,0.8917,0.0314,635.46,208.47,26.86,17.42,1.881,0.719,https://www.youtube.com/watch?v=dnzrRveZdHU
22400919,dnzrRveZdHU,basket-logo,399.0,9742,495.7509,0.028,0.0361,0.1625,0.1124,0.4444,0.1538,0.3205,0.2707,0.9927,0.0641,0.8796,0.0762,1368.31,1106.98,35.73,17.12,0.242,0.19,https://www.youtube.com/watch?v=dnzrRveZdHU
22400919,dnzrRveZdHU,mid-court-logo,323.4,1819,772.1792,0.2337,0.2069,0.5665,0.2298,0.8513,0.1507,0.4226,0.3204,1.0,0.001,0.8501,0.0622,834.25,303.6,29.72,16.23,1.866,1.069,https://www.youtube.com/watch?v=dnzrRveZdHU
22400919,dnzrRveZdHU,side-court-led-logo,186.4,932,313.3421,0.185,0.2082,0.4755,0.2551,0.7579,0.168,0.4288,0.304,0.9427,0.2046,0.8683,0.0539,798.12,620.55,29.04,15.15,1.609,1.543,https://www.youtube.com/watch?v=dnzrRveZdHU
22400919,dnzrRveZdHU,side-court-logo,434.0,4829,944.5556,0.1077,0.0839,0.3117,0.0715,0.7834,0.1802,0.4463,0.3031,0.9991,0.0202,0.8598,0.0592,1027.62,353.9,28.04,14.71,0.699,0.307,https://www.youtube.com/watch?v=dnzrRveZdHU
22400902,U936MmbH7CQ,back-court-logo,487.2,2440,2055.0248,0.1967,0.1248,0.3705,0.0481,0.8946,0.0303,0.5816,0.3481,1.0,0.0003,0.8796,0.0223,1035.23,196.8,22.3,16.18,0.966,0.201,https://www.youtube.com/watch?v=U936MmbH7CQ
22400902,U936MmbH7CQ,side-court-logo,507.4,2603,1479.2982,0.1327,0.0873,0.3497,0.0385,0.8319,0.0755,0.4722,0.3184,1.0,0.0,0.9007,0.0177,1383.13,413.56,26.19,13.92,0.879,0.156,https://www.youtube.com/watch?v=U936MmbH7CQ
22400902,U936MmbH7CQ,mid-court-logo,486.6,2573,2204.4389,0.2001,0.2121,0.6379,0.2221,0.8813,0.1279,0.3292,0.3101,0.9981,0.0267,0.8933,0.0343,609.89,250.75,34.7,16.24,2.211,1.078,https://www.youtube.com/watch?v=U936MmbH7CQ
22400902,U936MmbH7CQ,side-court-led-logo,424.2,2121,1273.8994,0.1403,0.1796,0.4127,0.199,0.7677,0.1551,0.3312,0.3214,0.9848,0.0972,0.9003,0.0482,994.02,711.27,35.09,17.4,1.219,1.055,https://www.youtube.com/watch?v=U936MmbH7CQ
22400902,U936MmbH7CQ,basket-logo,479.8,15662,1239.9693,0.0185,0.0315,0.1002,0.1163,0.4043,0.1368,0.3738,0.3021,0.997,0.0479,0.9034,0.035,1449.75,1220.27,33.35,17.74,0.178,0.261,https://www.youtube.com/watch?v=U936MmbH7CQ
22400905,rhPgFkRaMNU,side-court-led-logo,394.06,2992,37.6389,0.1137,0.1246,0.3419,0.1457,0.7741,0.1387,0.4006,0.3165,0.9937,0.056,0.9134,0.0433,932.63,470.89,30.51,15.7,0.94,2.022,https://www.youtube.com/watch?v=rhPgFkRaMNU
22400905,rhPgFkRaMNU,mid-court-logo,385.15,2083,41.5684,0.1804,0.1935,0.5931,0.193,0.9082,0.1056,0.3238,0.312,0.9359,0.169,0.8688,0.0477,262.48,149.63,34.99,16.44,1.974,0.954,https://www.youtube.com/watch?v=rhPgFkRaMNU
22400905,rhPgFkRaMNU,side-court-logo,385.76,1910,26.8177,0.1269,0.0603,0.2863,0.0344,0.8229,0.0614,0.5442,0.2604,1.0,0.0,0.8696,0.0275,2763.52,506.45,22.63,10.86,0.586,0.144,https://www.youtube.com/watch?v=rhPgFkRaMNU
22400905,rhPgFkRaMNU,back-court-logo,360.24,1779,51.212,0.2602,0.18,0.4966,0.069,0.8988,0.0292,0.568,0.3656,1.0,0.0003,0.8906,0.0252,1122.93,201.43,23.09,17.75,1.487,0.282,https://www.youtube.com/watch?v=rhPgFkRaMNU
22400905,rhPgFkRaMNU,basket-logo,351.74,9776,32.725,0.0303,0.0333,0.1869,0.0929,0.4191,0.1265,0.3652,0.3013,0.9994,0.0182,0.8947,0.0327,1723.38,1197.57,33.96,17.9,0.251,0.158,https://www.youtube.com/watch?v=rhPgFkRaMNU
22400915,HHggj5jVOy4,back-court-logo,448.85,2242,137.397,0.2561,0.18,0.5038,0.0801,0.906,0.0341,0.5446,0.3579,0.9976,0.0443,0.8798,0.0307,1011.62,239.34,24.86,18.41,1.516,0.325,https://www.youtube.com/watch?v=HHggj5jVOy4
22400915,HHggj5jVOy4,mid-court-logo,468.67,2678,135.7628,0.2118,0.211,0.6099,0.2043,0.906,0.1077,0.3521,0.3164,0.9957,0.0556,0.8613,0.0682,1227.45,813.59,33.61,16.7,2.073,1.111,https://www.youtube.com/watch?v=HHggj5jVOy4
22400915,HHggj5jVOy4,basket-logo,430.43,11533,75.7006,0.0274,0.0313,0.1687,0.1015,0.41,0.1207,0.3667,0.2989,0.9984,0.0339,0.891,0.0354,2155.84,1451.33,33.76,17.93,0.231,0.188,https://www.youtube.com/watch?v=HHggj5jVOy4
22400915,HHggj5jVOy4,side-court-led-logo,501.7,4133,114.8454,0.1161,0.1268,0.346,0.148,0.7588,0.1382,0.4015,0.3131,0.9896,0.0842,0.9143,0.0386,1129.91,580.83,30.26,15.35,0.898,1.281,https://www.youtube.com/watch?v=HHggj5jVOy4
22400915,HHggj5jVOy4,side-court-logo,498.1,2508,88.8884,0.1481,0.0766,0.3211,0.0407,0.8569,0.0665,0.5331,0.2703,0.999,0.0222,0.8871,0.0255,1911.53,416.76,23.41,11.88,0.752,0.157,https://www.youtube.com/watch?v=HHggj5jVOy4
22400915,L92QQyTOPrE,mid-court-logo,465.2,2553,644.2942,0.2115,0.211,0.6205,0.197,0.9112,0.0999,0.3451,0.3151,1.0,0.0006,0.8576,0.0739,1146.87,822.75,34.12,16.72,2.121,1.207,https://www.youtube.com/watch?v=L92QQyTOPrE
22400915,L92QQyTOPrE,side-court-led-logo,498.2,4089,514.4041,0.1054,0.1132,0.3222,0.1261,0.7395,0.1397,0.4032,0.3178,0.9841,0.1037,0.9124,0.0415,879.87,459.51,30.34,15.6,0.788,1.168,https://www.youtube.com/watch?v=L92QQyTOPrE
22400915,L92QQyTOPrE,side-court-logo,494.8,2502,472.3885,0.1582,0.0716,0.3237,0.0364,0.8582,0.0552,0.5651,0.2488,1.0,0.0,0.8926,0.0196,1460.67,276.85,21.81,10.3,0.763,0.147,https://www.youtube.com/watch?v=L92QQyTOPrE
22400915,L92QQyTOPrE,back-court-logo,465.4,2327,706.4932,0.2544,0.1781,0.5091,0.0744,0.8999,0.0293,0.5409,0.3572,1.0,0.0,0.886,0.0175,729.64,118.08,24.47,17.36,1.538,0.297,https://www.youtube.com/watch?v=L92QQyTOPrE
22400915,L92QQyTOPrE,basket-logo,459.0,12748,405.2406,0.0266,0.0316,0.1734,0.0988,0.4088,0.1237,0.3472,0.3023,0.9994,0.0163,0.8935,0.031,1504.4,1057.39,35.13,18.41,0.233,0.148,https://www.youtube.com/watch?v=L92QQyTOPrE
22400889,QeSKc5pEf5s,side-court-led-logo,212.8,1064,3682.9544,0.2283,0.2024,0.4263,0.2179,1.0,0.0,0.4889,0.3101,0.9741,0.13,0.8961,0.0487,542.21,351.36,26.08,14.32,1.571,4.507,https://www.youtube.com/watch?v=QeSKc5pEf5s
22400889,QeSKc5pEf5s,back-court-logo,464.8,2324,13509.359,0.3834,0.2588,0.7108,0.0734,0.9503,0.0138,0.5576,0.3651,1.0,0.0,0.8998,0.017,1382.11,269.61,24.39,18.96,2.433,0.401,https://www.youtube.com/watch?v=QeSKc5pEf5s
22400889,QeSKc5pEf5s,basket-logo,459.4,12113,3318.9715,0.0181,0.0265,0.1104,0.1104,0.3564,0.1221,0.373,0.292,0.9988,0.0273,0.9095,0.0315,2506.74,1336.43,33.52,18.05,0.169,0.091,https://www.youtube.com/watch?v=QeSKc5pEf5s
22400889,QeSKc5pEf5s,mid-court-logo,2.8,14,6.2201,0.0293,0.0543,0.2342,0.0769,0.9988,0.0044,0.1204,0.2211,0.9976,0.0086,0.7154,0.0894,488.81,204.02,46.82,12.2,0.382,0.222,https://www.youtube.com/watch?v=QeSKc5pEf5s
22400889,QeSKc5pEf5s,side-court-logo,0.2,1,0.459,0.0303,0.0,1.0,0.0,1.0,0.0,0.7819,0.0,0.0387,0.0,0.7905,0.0,35.77,0.0,14.03,0.0,30.644,0.0,https://www.youtube.com/watch?v=QeSKc5pEf5s
22400886,fpC14dA7HfM,mid-court-logo,423.4,2480,2873.9256,0.2231,0.2083,0.6031,0.238,0.8631,0.1547,0.4131,0.3268,0.9996,0.0182,0.8846,0.0523,1745.14,653.92,30.3,16.41,2.08,1.227,https://www.youtube.com/watch?v=fpC14dA7HfM
22400886,fpC14dA7HfM,side-court-led-logo,349.2,1746,1917.7974,0.2115,0.21,0.4752,0.2392,0.8112,0.1534,0.4479,0.3109,0.9897,0.0802,0.8876,0.055,1384.25,752.27,28.24,15.35,1.831,3.975,https://www.youtube.com/watch?v=fpC14dA7HfM
22400886,fpC14dA7HfM,side-court-logo,492.0,2589,2009.8163,0.1495,0.0947,0.3523,0.0606,0.903,0.0939,0.4789,0.2976,0.9996,0.0176,0.8804,0.0375,2760.43,758.93,25.82,13.1,0.893,0.336,https://www.youtube.com/watch?v=fpC14dA7HfM
22400886,fpC14dA7HfM,back-court-logo,453.4,2280,2986.191,0.2522,0.1925,0.4898,0.0896,0.9327,0.0233,0.5211,0.3635,1.0,0.0,0.8845,0.0415,1824.86,627.77,25.22,17.63,1.461,0.363,https://www.youtube.com/watch?v=fpC14dA7HfM
22400886,fpC14dA7HfM,basket-logo,444.8,8152,1383.0654,0.0327,0.0355,0.1715,0.0945,0.4786,0.1317,0.3555,0.3127,0.9981,0.0371,0.9114,0.0288,2179.55,1272.57,34.67,18.35,0.213,0.332,https://www.youtube.com/watch?v=fpC14dA7HfM
22400902,0QolJqkDNg8,back-court-logo,437.92,2171,113.3641,0.1933,0.1252,0.3694,0.049,0.8931,0.0318,0.5729,0.347,0.9999,0.0054,0.8803,0.0205,975.69,198.68,22.59,15.97,0.961,0.207,https://www.youtube.com/watch?v=0QolJqkDNg8
22400902,0QolJqkDNg8,mid-court-logo,435.9,2290,126.1293,0.2039,0.2149,0.6266,0.2225,0.8757,0.1299,0.3373,0.3114,0.9976,0.0268,0.8925,0.038,581.59,256.39,34.34,16.3,2.157,1.08,https://www.youtube.com/watch?v=0QolJqkDNg8
22400902,0QolJqkDNg8,side-court-led-logo,376.69,1866,71.633,0.1421,0.1762,0.4106,0.1984,0.76,0.1587,0.3417,0.3207,0.9838,0.1012,0.8987,0.0497,959.76,709.38,34.55,17.37,1.207,1.043,https://www.youtube.com/watch?v=0QolJqkDNg8
22400902,0QolJqkDNg8,side-court-logo,454.09,2305,84.3692,0.1355,0.088,0.3499,0.0409,0.8304,0.0801,0.484,0.3229,1.0,0.0,0.9003,0.0189,1296.36,453.75,25.67,14.03,0.879,0.166,https://www.youtube.com/watch?v=0QolJqkDNg8
22400902,0QolJqkDNg8,basket-logo,430.85,13907,68.5826,0.0183,0.031,0.1006,0.1165,0.4041,0.1369,0.3681,0.3023,0.9964,0.0526,0.9034,0.0338,1367.11,1183.97,33.67,17.77,0.178,0.218,https://www.youtube.com/watch?v=0QolJqkDNg8
22400895,Vv6hC8VCrtw,back-court-logo,492.8,2464,9841.6397,0.2803,0.2008,0.5314,0.0947,0.9293,0.0227,0.5437,0.3484,0.9996,0.007,0.8958,0.0175,815.93,224.71,23.93,16.39,1.637,0.412,https://www.youtube.com/watch?v=Vv6hC8VCrtw
22400895,Vv6hC8VCrtw,basket-logo,484.0,13704,2373.6054,0.0122,0.0241,0.0694,0.1017,0.3548,0.1019,0.3553,0.3009,0.9985,0.03,0.9097,0.0279,2324.76,1324.64,33.99,17.21,0.14,0.076,https://www.youtube.com/watch?v=Vv6hC8VCrtw
22400895,Vv6hC8VCrtw,mid-court-logo,486.0,2753,6443.5757,0.1643,0.1644,0.5259,0.1708,0.8062,0.172,0.3727,0.3166,1.0,0.0,0.8672,0.0476,1184.83,316.67,32.25,16.2,1.642,0.774,https://www.youtube.com/watch?v=Vv6hC8VCrtw
22400895,Vv6hC8VCrtw,side-court-led-logo,516.2,2582,7099.3504,0.193,0.2046,0.5532,0.1585,0.8331,0.1013,0.3639,0.3234,0.9848,0.0902,0.9006,0.0437,789.77,398.15,32.77,16.27,1.984,2.449,https://www.youtube.com/watch?v=Vv6hC8VCrtw
22400895,Vv6hC8VCrtw,side-court-logo,517.6,2742,4377.2759,0.112,0.0738,0.3174,0.0629,0.719,0.1114,0.4942,0.3086,0.9999,0.0068,0.8874,0.041,1262.36,267.53,25.16,13.52,0.743,0.224,https://www.youtube.com/watch?v=Vv6hC8VCrtw
22400895,u5I9IM6Ssm0,back-court-logo,405.0,2025,760.2222,0.2854,0.198,0.5298,0.0933,0.9279,0.0227,0.5587,0.3434,0.9977,0.0325,0.8942,0.0177,767.96,233.77,23.27,16.09,1.63,0.406,https://www.youtube.com/watch?v=u5I9IM6Ssm0
22400895,u5I9IM6Ssm0,basket-logo,398.2,11235,190.3363,0.0129,0.0254,0.0717,0.1027,0.3562,0.1014,0.3719,0.3024,0.9967,0.0434,0.9085,0.0296,2161.91,1441.89,32.97,17.01,0.143,0.074,https://www.youtube.com/watch?v=u5I9IM6Ssm0
22400895,u5I9IM6Ssm0,mid-court-logo,400.4,2275,472.2459,0.1578,0.1594,0.5239,0.1714,0.8017,0.1709,0.3687,0.3162,0.9997,0.0129,0.8705,0.046,1179.13,323.13,32.59,16.5,1.641,0.792,https://www.youtube.com/watch?v=u5I9IM6Ssm0
22400895,u5I9IM6Ssm0,side-court-led-logo,419.2,2097,508.971,0.1845,0.1956,0.5626,0.1561,0.8313,0.103,0.3475,0.3155,0.9784,0.0965,0.9001,0.0429,775.61,416.3,33.66,16.29,1.837,0.874,https://www.youtube.com/watch?v=u5I9IM6Ssm0
22400895,u5I9IM6Ssm0,side-court-logo,425.0,2240,324.0676,0.11,0.0718,0.3194,0.0584,0.72,0.1132,0.4872,0.3128,0.9998,0.005,0.8877,0.0439,1178.41,298.81,25.59,13.78,0.747,0.218,https://www.youtube.com/watch?v=u5I9IM6Ssm0
22400894,hJfB0XMzQZQ,mid-court-logo,477.4,2560,66.4936,0.1478,0.1497,0.4978,0.195,0.878,0.1225,0.3256,0.3139,0.9993,0.0185,0.8791,0.052,815.97,278.99,35.08,16.86,1.507,0.844,https://www.youtube.com/watch?v=hJfB0XMzQZQ
22400894,hJfB0XMzQZQ,side-court-led-logo,322.6,1613,54.7454,0.1931,0.2163,0.4451,0.2389,0.8224,0.1687,0.4356,0.3399,0.9989,0.0292,0.8787,0.0605,871.61,359.93,29.8,17.4,1.433,2.28,https://www.youtube.com/watch?v=hJfB0XMzQZQ
22400894,hJfB0XMzQZQ,side-court-logo,526.0,2747,47.7412,0.0989,0.0749,0.2797,0.0328,0.8418,0.1137,0.4366,0.3278,1.0,0.0,0.8827,0.0275,4015.08,892.9,28.26,15.15,0.558,0.119,https://www.youtube.com/watch?v=hJfB0XMzQZQ
22400894,hJfB0XMzQZQ,back-court-logo,482.8,2414,98.5014,0.2322,0.1633,0.4365,0.0667,0.9075,0.0319,0.5687,0.3698,1.0,0.0,0.8848,0.0215,2059.04,386.19,23.06,17.57,1.242,0.272,https://www.youtube.com/watch?v=hJfB0XMzQZQ
22400894,hJfB0XMzQZQ,basket-logo,468.2,13431,68.3271,0.0289,0.0344,0.1706,0.1026,0.4294,0.1308,0.3628,0.3036,0.9884,0.0802,0.8846,0.0578,1291.77,826.64,34.65,18.71,0.235,0.161,https://www.youtube.com/watch?v=hJfB0XMzQZQ
22400894,P5TbDH862i4,mid-court-logo,472.6,2535,356.6726,0.1477,0.1499,0.4993,0.1967,0.8781,0.1225,0.3244,0.3126,0.999,0.0164,0.8785,0.0526,699.49,237.39,35.13,16.84,1.513,0.853,https://www.youtube.com/watch?v=P5TbDH862i4
22400894,P5TbDH862i4,side-court-led-logo,320.0,1600,292.8749,0.1921,0.2202,0.4436,0.2389,0.8206,0.1685,0.4288,0.3387,0.9991,0.0252,0.8806,0.0587,733.04,292.19,30.13,17.34,1.45,2.549,https://www.youtube.com/watch?v=P5TbDH862i4
22400894,P5TbDH862i4,side-court-logo,522.6,2733,254.8393,0.0979,0.0741,0.2785,0.0344,0.8403,0.1164,0.4338,0.3264,1.0,0.0,0.8838,0.0262,3385.17,765.56,28.36,15.03,0.553,0.12,https://www.youtube.com/watch?v=P5TbDH862i4
22400894,P5TbDH862i4,back-court-logo,478.6,2393,521.4367,0.2287,0.1592,0.429,0.064,0.905,0.0323,0.5721,0.3679,1.0,0.0,0.8839,0.0196,1743.69,327.28,22.93,17.46,1.211,0.264,https://www.youtube.com/watch?v=P5TbDH862i4
22400894,P5TbDH862i4,basket-logo,466.6,13377,369.1927,0.029,0.0344,0.1694,0.1033,0.4302,0.1306,0.363,0.3022,0.9869,0.0828,0.885,0.0571,1173.69,751.37,34.54,18.56,0.235,0.161,https://www.youtube.com/watch?v=P5TbDH862i4
22400915,snzC8iq4ZAk,mid-court-logo,359.35,1942,63.2249,0.2186,0.2145,0.6106,0.2002,0.9058,0.1046,0.3636,0.3214,1.0,0.001,0.8567,0.0747,1267.63,879.83,32.97,16.58,2.063,0.972,https://www.youtube.com/watch?v=snzC8iq4ZAk
22400915,snzC8iq4ZAk,side-court-led-logo,382.63,3060,48.5057,0.1064,0.1024,0.3219,0.1194,0.7398,0.135,0.4208,0.3163,0.9926,0.0659,0.9142,0.0368,1002.76,481.3,29.33,15.23,0.8,1.686,https://www.youtube.com/watch?v=snzC8iq4ZAk
22400915,snzC8iq4ZAk,side-court-logo,381.62,1907,45.8553,0.1614,0.0708,0.3236,0.0339,0.8583,0.0519,0.577,0.2436,1.0,0.0,0.8907,0.0204,1587.81,306.37,21.37,10.15,0.761,0.144,https://www.youtube.com/watch?v=snzC8iq4ZAk
22400915,snzC8iq4ZAk,back-court-logo,360.57,1781,63.8535,0.2407,0.1742,0.5073,0.0743,0.8996,0.0292,0.5151,0.3542,1.0,0.0,0.8848,0.022,839.54,140.45,25.57,17.19,1.53,0.304,https://www.youtube.com/watch?v=snzC8iq4ZAk
22400915,snzC8iq4ZAk,basket-logo,354.69,9704,35.7856,0.0248,0.0303,0.1754,0.0978,0.4099,0.1232,0.3239,0.2952,0.9998,0.0107,0.8931,0.0321,1696.84,1123.96,36.43,18.38,0.235,0.147,https://www.youtube.com/watch?v=snzC8iq4ZAk
22400911,dsXt8S93zbo,back-court-logo,416.22,2079,6019.2868,0.2914,0.2032,0.539,0.0948,0.9498,0.0226,0.5424,0.3408,0.9999,0.0034,0.8937,0.0255,1368.92,291.12,24.85,17.53,1.665,0.404,https://www.youtube.com/watch?v=dsXt8S93zbo
22400911,dsXt8S93zbo,basket-logo,398.6,11534,2916.9805,0.0255,0.0316,0.154,0.1097,0.4428,0.1371,0.3124,0.2615,0.992,0.0745,0.9065,0.0387,1752.95,1492.99,35.41,16.13,0.225,0.131,https://www.youtube.com/watch?v=dsXt8S93zbo
22400911,dsXt8S93zbo,mid-court-logo,163.96,960,2383.374,0.2499,0.1946,0.5757,0.2128,0.858,0.1065,0.4659,0.3063,0.9992,0.0153,0.8665,0.0573,640.97,397.76,27.09,14.85,1.907,1.053,https://www.youtube.com/watch?v=dsXt8S93zbo
22400911,dsXt8S93zbo,side-court-led-logo,122.72,613,1533.234,0.2517,0.2436,0.5972,0.2693,0.8497,0.1791,0.4628,0.3191,0.9135,0.2483,0.8722,0.0589,608.36,577.51,27.44,15.04,3.823,11.604,https://www.youtube.com/watch?v=dsXt8S93zbo
22400911,dsXt8S93zbo,side-court-logo,447.05,2858,2792.1613,0.0983,0.0904,0.2907,0.0629,0.8539,0.2235,0.389,0.3151,0.9996,0.0185,0.8879,0.0397,2253.87,691.11,31.09,15.77,0.637,0.821,https://www.youtube.com/watch?v=dsXt8S93zbo
22400887,tnvszcVD3lM,mid-court-logo,396.11,2063,85.2175,0.2221,0.2051,0.5983,0.2025,0.9062,0.0892,0.3869,0.3316,1.0,0.0009,0.8936,0.0532,1030.92,374.69,32.57,18.15,2.035,1.044,https://www.youtube.com/watch?v=tnvszcVD3lM
22400887,tnvszcVD3lM,side-court-led-logo,286.69,1408,50.5691,0.1931,0.2104,0.4547,0.2462,0.8264,0.1781,0.4133,0.3158,0.9776,0.1288,0.8992,0.0466,646.2,352.73,30.95,17.28,1.58,3.839,https://www.youtube.com/watch?v=tnvszcVD3lM
22400887,tnvszcVD3lM,side-court-logo,531.0,2704,73.5295,0.1462,0.1172,0.4208,0.0741,0.9358,0.0691,0.3873,0.3085,1.0,0.0,0.8995,0.0209,2325.64,650.85,30.83,14.95,1.176,0.302,https://www.youtube.com/watch?v=tnvszcVD3lM
22400887,tnvszcVD3lM,back-court-logo,479.45,2354,154.3413,0.3525,0.2803,0.6809,0.128,0.9415,0.0316,0.511,0.3702,1.0,0.0,0.8901,0.0273,1722.23,916.78,26.72,19.29,2.355,0.73,https://www.youtube.com/watch?v=tnvszcVD3lM
22400887,tnvszcVD3lM,basket-logo,460.29,11936,58.9523,0.0266,0.0338,0.1554,0.1129,0.3778,0.145,0.3455,0.2879,0.9995,0.0181,0.9076,0.0437,2233.72,1243.97,35.09,18.06,0.233,0.155,https://www.youtube.com/watch?v=tnvszcVD3lM
22400911,go6SGtMA5-A,side-court-logo,413.8,2504,60.996,0.1981,0.1984,0.5869,0.1678,0.8955,0.1995,0.3522,0.2932,0.987,0.0405,0.8732,0.0593,233.71,55.37,33.39,16.53,1.894,0.765,https://www.youtube.com/watch?v=go6SGtMA5-A
22400911,go6SGtMA5-A,back-court-logo,226.8,1134,44.8432,0.3216,0.2317,0.9267,0.1271,0.9989,0.0017,0.4047,0.2799,0.8583,0.1393,0.855,0.055,159.34,70.86,29.96,14.69,5.221,1.793,https://www.youtube.com/watch?v=go6SGtMA5-A
22400911,go6SGtMA5-A,basket-logo,116.4,794,6.4216,0.0658,0.0684,0.2749,0.0977,0.7396,0.1663,0.3339,0.2566,0.8242,0.2656,0.8763,0.0716,170.08,82.78,33.83,15.12,0.581,0.318,https://www.youtube.com/watch?v=go6SGtMA5-A
22400911,go6SGtMA5-A,mid-court-logo,184.6,939,9.7307,0.0843,0.1114,0.8511,0.2167,0.9502,0.0416,0.4481,0.3023,0.2518,0.2568,0.8729,0.0618,120.12,198.47,28.3,15.44,5.21,3.033,https://www.youtube.com/watch?v=go6SGtMA5-A
22400911,go6SGtMA5-A,side-court-led-logo,137.4,687,8.5079,0.1007,0.1292,0.7982,0.2464,0.9223,0.1475,0.3947,0.2592,0.2974,0.2973,0.8429,0.0754,73.84,41.39,29.91,13.27,4.947,3.609,https://www.youtube.com/watch?v=go6SGtMA5-A
22400881,nBwtdJjm8Go,mid-court-logo,412.8,2331,991.0521,0.2283,0.2134,0.5944,0.1933,0.9028,0.1137,0.3973,0.3221,0.9508,0.1812,0.8749,0.0526,417.42,269.07,30.6,15.59,1.983,0.966,https://www.youtube.com/watch?v=nBwtdJjm8Go
22400881,nBwtdJjm8Go,side-court-led-logo,288.6,1444,426.7155,0.1587,0.1681,0.3804,0.1856,0.7963,0.1752,0.4282,0.3026,0.9586,0.1745,0.9023,0.0505,717.74,504.44,28.79,14.67,1.292,4.155,https://www.youtube.com/watch?v=nBwtdJjm8Go
22400881,nBwtdJjm8Go,side-court-logo,474.8,2495,503.413,0.1083,0.0728,0.2991,0.0456,0.8526,0.1071,0.4506,0.3078,0.9989,0.023,0.9006,0.0246,1792.43,467.08,27.28,13.78,0.66,0.51,https://www.youtube.com/watch?v=nBwtdJjm8Go
22400881,nBwtdJjm8Go,back-court-logo,442.8,2215,842.9868,0.2043,0.1377,0.3687,0.0555,0.9058,0.0376,0.5905,0.359,0.9988,0.0276,0.8979,0.0241,1121.71,261.78,22.01,16.98,0.958,0.227,https://www.youtube.com/watch?v=nBwtdJjm8Go
22400881,nBwtdJjm8Go,basket-logo,426.0,9950,540.2765,0.0292,0.0357,0.1442,0.1086,0.4532,0.074,0.3751,0.2957,0.9962,0.0478,0.8856,0.0382,1297.01,797.69,33.37,17.7,0.193,0.159,https://www.youtube.com/watch?v=nBwtdJjm8Go
22400906,D1FGQHRWgTs,back-court-logo,357.56,1786,4624.9905,0.1751,0.1061,0.3454,0.0391,0.8969,0.032,0.5723,0.3408,0.9999,0.0044,0.8493,0.0567,810.61,194.27,22.59,15.54,0.856,0.172,https://www.youtube.com/watch?v=D1FGQHRWgTs
22400906,D1FGQHRWgTs,basket-logo,399.2,11201,2811.6841,0.017,0.0302,0.082,0.104,0.4295,0.1037,0.405,0.3116,0.9993,0.0219,0.9084,0.0324,2477.78,1400.64,31.8,17.73,0.14,0.054,https://www.youtube.com/watch?v=D1FGQHRWgTs
22400906,D1FGQHRWgTs,mid-court-logo,415.82,2199,3502.5216,0.1077,0.1435,0.4812,0.1655,0.7881,0.2082,0.2988,0.3143,0.8709,0.2361,0.8634,0.05,240.85,132.11,37.1,17.21,1.424,0.69,https://www.youtube.com/watch?v=D1FGQHRWgTs
22400906,D1FGQHRWgTs,side-court-led-logo,437.44,2186,6899.6214,0.2134,0.2235,0.6008,0.1584,0.9318,0.0373,0.3502,0.3305,0.999,0.021,0.8884,0.0489,1168.7,434.51,33.29,16.19,2.229,2.871,https://www.youtube.com/watch?v=D1FGQHRWgTs
22400906,D1FGQHRWgTs,side-court-logo,0.4,2,1.854,0.0627,0.0501,0.2826,0.0733,0.7083,0.2774,0.2311,0.0917,0.9982,0.0018,0.6643,0.0398,1103.98,891.86,34.89,4.81,0.539,0.368,https://www.youtube.com/watch?v=D1FGQHRWgTs
22400911,dpqIhXQgfxc,back-court-logo,362.78,1768,219.9524,0.2679,0.206,0.5094,0.0994,0.9472,0.0268,0.5247,0.3637,0.9989,0.0332,0.8924,0.029,1759.9,400.38,26.39,19.66,1.554,0.799,https://www.youtube.com/watch?v=dpqIhXQgfxc
22400911,dpqIhXQgfxc,mid-court-logo,164.39,924,107.3958,0.2503,0.2026,0.5473,0.218,0.8603,0.1105,0.4842,0.3089,0.9996,0.0127,0.8685,0.0618,970.35,462.94,26.23,14.68,1.783,1.064,https://www.youtube.com/watch?v=dpqIhXQgfxc
22400911,dpqIhXQgfxc,side-court-logo,379.57,2388,102.9523,0.0929,0.0851,0.2784,0.0669,0.8348,0.2269,0.3969,0.3197,0.9992,0.0283,0.8839,0.0401,2870.06,906.1,30.7,15.63,0.587,0.623,https://www.youtube.com/watch?v=dpqIhXQgfxc
22400911,dpqIhXQgfxc,basket-logo,344.95,9501,111.6941,0.0253,0.0305,0.1512,0.1086,0.4401,0.1355,0.3162,0.2571,0.9991,0.0248,0.9087,0.0363,2441.42,1940.49,35.45,16.37,0.214,0.137,https://www.youtube.com/watch?v=dpqIhXQgfxc
22400911,dpqIhXQgfxc,side-court-led-logo,106.35,513,55.0552,0.2311,0.2071,0.4969,0.2584,0.7923,0.2093,0.5301,0.3021,0.9703,0.1519,0.8768,0.0605,993.5,739.37,24.27,14.3,2.452,7.787,https://www.youtube.com/watch?v=dpqIhXQgfxc
22400906,oFBH-gv3wv4,back-court-logo,299.41,1484,256.0373,0.1691,0.1062,0.344,0.041,0.8937,0.034,0.5546,0.3371,0.9999,0.0017,0.8378,0.0598,671.98,179.6,23.16,15.3,0.85,0.181,https://www.youtube.com/watch?v=oFBH-gv3wv4
22400906,oFBH-gv3wv4,basket-logo,364.58,10079,180.6394,0.0176,0.0308,0.0854,0.105,0.4367,0.1067,0.4024,0.3156,0.9993,0.0175,0.9066,0.0338,2094.57,1414.21,31.8,17.56,0.143,0.057,https://www.youtube.com/watch?v=oFBH-gv3wv4
22400906,oFBH-gv3wv4,mid-court-logo,371.84,1940,209.7873,0.106,0.1474,0.494,0.172,0.7961,0.2056,0.2946,0.3065,0.7892,0.3097,0.8554,0.0544,214.34,134.27,37.38,17.07,1.483,0.722,https://www.youtube.com/watch?v=oFBH-gv3wv4
22400906,oFBH-gv3wv4,side-court-led-logo,400.49,1989,440.1661,0.2169,0.2245,0.6067,0.1599,0.9336,0.039,0.3537,0.3303,0.9981,0.0339,0.8853,0.0509,1019.09,412.17,33.19,16.33,2.287,3.332,https://www.youtube.com/watch?v=oFBH-gv3wv4
22400891,hKNXSBPqwHE,back-court-logo,519.2,2596,7376.4043,0.3446,0.2675,0.6738,0.1156,0.9243,0.0291,0.5185,0.3656,0.9999,0.0068,0.8862,0.0212,1118.53,248.79,26.02,18.54,2.288,0.604,https://www.youtube.com/watch?v=hKNXSBPqwHE
22400891,hKNXSBPqwHE,basket-logo,509.2,16300,3154.8235,0.0235,0.0314,0.1584,0.1166,0.3556,0.1573,0.33,0.2873,1.0,0.0,0.8914,0.0535,4148.68,1545.43,35.88,18.07,0.243,0.199,https://www.youtube.com/watch?v=hKNXSBPqwHE
22400891,hKNXSBPqwHE,side-court-led-logo,547.2,3688,3216.9803,0.1058,0.0981,0.3631,0.1181,0.6902,0.0884,0.4129,0.2866,0.9952,0.0628,0.9127,0.0404,2100.62,1216.45,29.13,13.6,0.983,1.62,https://www.youtube.com/watch?v=hKNXSBPqwHE
22400891,hKNXSBPqwHE,side-court-logo,545.8,2800,2489.8641,0.1078,0.0798,0.3819,0.0622,0.7071,0.0455,0.4126,0.3018,1.0,0.0,0.9041,0.0239,1743.75,437.32,29.23,14.04,1.017,0.24,https://www.youtube.com/watch?v=hKNXSBPqwHE
22400891,hKNXSBPqwHE,mid-court-logo,474.4,2589,2642.1918,0.1238,0.1271,0.3473,0.1061,0.7425,0.1365,0.3938,0.3517,0.9979,0.0336,0.8864,0.034,1068.6,426.95,32.38,18.69,0.861,0.431,https://www.youtube.com/watch?v=hKNXSBPqwHE
22400906,patQE97G7RI,side-court-led-logo,423.99,2219,164.9156,0.2178,0.2238,0.5998,0.1642,0.9327,0.0385,0.3582,0.3221,0.997,0.0504,0.8821,0.0581,1251.93,480.26,32.82,16.02,2.341,3.854,https://www.youtube.com/watch?v=patQE97G7RI
22400906,patQE97G7RI,mid-court-logo,406.55,2281,93.7273,0.1204,0.1508,0.4871,0.1673,0.8034,0.2027,0.3153,0.3176,0.9217,0.1828,0.8617,0.0521,274.57,136.66,36.09,17.24,1.453,0.701,https://www.youtube.com/watch?v=patQE97G7RI
22400906,patQE97G7RI,back-court-logo,342.37,1787,108.1656,0.1774,0.1086,0.3446,0.0431,0.8954,0.0332,0.5769,0.3397,1.0,0.0,0.8454,0.0573,868.48,207.68,22.48,15.79,0.852,0.189,https://www.youtube.com/watch?v=patQE97G7RI
22400906,patQE97G7RI,basket-logo,383.94,11289,63.9276,0.0166,0.0299,0.0824,0.1068,0.4286,0.1074,0.3985,0.3095,0.9981,0.0379,0.9075,0.0325,2502.55,1453.44,31.99,17.64,0.143,0.144,https://www.youtube.com/watch?v=patQE97G7RI
22400906,patQE97G7RI,side-court-logo,0.38,2,0.0111,0.0162,0.0047,0.2224,0.0148,0.5573,0.0406,0.1277,0.0198,1.0,0.0,0.7,0.0105,903.02,236.08,40.67,1.54,0.246,0.086,https://www.youtube.com/watch?v=patQE97G7RI
22400904,yvJq_Xw-0Cg,mid-court-logo,405.4,2236,109.8786,0.1779,0.1761,0.5417,0.2164,0.8784,0.1223,0.3551,0.3293,0.9992,0.0241,0.8822,0.0494,1118.38,317.1,34.26,18.1,1.769,1.075,https://www.youtube.com/watch?v=yvJq_Xw-0Cg
22400904,yvJq_Xw-0Cg,side-court-led-logo,486.0,3540,115.4016,0.118,0.134,0.346,0.1448,0.7246,0.1291,0.4263,0.3218,0.9777,0.1362,0.9019,0.0474,1214.52,878.03,29.37,16.13,0.875,0.646,https://www.youtube.com/watch?v=yvJq_Xw-0Cg
22400904,yvJq_Xw-0Cg,side-court-logo,479.6,2499,63.0957,0.0914,0.0711,0.3234,0.0531,0.6763,0.0419,0.4295,0.3256,0.9988,0.0338,0.888,0.0309,1374.74,375.87,28.74,15.45,0.781,0.898,https://www.youtube.com/watch?v=yvJq_Xw-0Cg
22400904,yvJq_Xw-0Cg,back-court-logo,423.4,2117,98.6237,0.1687,0.1199,0.3381,0.047,0.9081,0.0411,0.5409,0.3658,1.0,0.0,0.8776,0.0219,834.82,165.66,25.2,18.95,0.824,0.197,https://www.youtube.com/watch?v=yvJq_Xw-0Cg
22400904,yvJq_Xw-0Cg,basket-logo,421.0,8646,83.5997,0.035,0.0377,0.1658,0.0986,0.5049,0.1372,0.3804,0.3023,0.998,0.0411,0.8958,0.0612,1631.32,1083.89,33.39,18.37,0.205,0.125,https://www.youtube.com/watch?v=yvJq_Xw-0Cg
22400904,0pLnAWDTxR4,back-court-logo,411.41,2057,1941.8132,0.1654,0.1147,0.3375,0.0444,0.9034,0.042,0.5359,0.3513,0.9997,0.0119,0.8769,0.0244,799.86,174.08,24.73,17.23,0.821,0.19,https://www.youtube.com/watch?v=0pLnAWDTxR4
22400904,0pLnAWDTxR4,basket-logo,400.4,8632,1677.3847,0.034,0.0369,0.1679,0.0967,0.4998,0.1354,0.3726,0.301,0.998,0.0327,0.8982,0.0593,1573.6,1076.53,33.23,17.48,0.207,0.113,https://www.youtube.com/watch?v=0pLnAWDTxR4
22400904,0pLnAWDTxR4,mid-court-logo,407.41,2199,2057.736,0.1639,0.1722,0.5141,0.2077,0.8669,0.124,0.3303,0.3155,0.9996,0.0104,0.8894,0.0434,1012.8,261.85,35.56,17.85,1.63,1.01,https://www.youtube.com/watch?v=0pLnAWDTxR4
22400904,0pLnAWDTxR4,side-court-led-logo,456.46,3228,2032.9154,0.1103,0.1251,0.3409,0.1442,0.7102,0.127,0.4239,0.3196,0.9703,0.1503,0.9051,0.0418,1145.09,778.03,29.4,15.96,0.856,0.626,https://www.youtube.com/watch?v=0pLnAWDTxR4
22400904,0pLnAWDTxR4,side-court-logo,455.25,2337,1235.4653,0.0926,0.0708,0.3191,0.045,0.6736,0.0412,0.4411,0.3312,0.9999,0.0046,0.8902,0.0289,1299.44,285.05,28.12,15.29,0.741,0.18,https://www.youtube.com/watch?v=0pLnAWDTxR4
22400904,9JT0XOiRf-0,back-court-logo,410.6,2053,294.2095,0.1692,0.1199,0.3434,0.0467,0.9052,0.0404,0.5365,0.3573,0.9997,0.0101,0.877,0.0254,658.8,141.22,24.76,17.45,0.848,0.199,https://www.youtube.com/watch?v=9JT0XOiRf-0
22400904,9JT0XOiRf-0,basket-logo,399.8,8247,256.6148,0.0367,0.0374,0.1792,0.0893,0.5146,0.1215,0.3796,0.3052,0.9963,0.041,0.9041,0.0514,1383.83,1023.01,33.2,17.97,0.218,0.109,https://www.youtube.com/watch?v=9JT0XOiRf-0
22400904,9JT0XOiRf-0,mid-court-logo,408.8,2208,308.6991,0.165,0.1733,0.5194,0.2072,0.8681,0.123,0.3341,0.324,0.9995,0.0177,0.8895,0.0435,905.7,262.77,35.66,18.3,1.653,1.013,https://www.youtube.com/watch?v=9JT0XOiRf-0
22400904,9JT0XOiRf-0,side-court-led-logo,456.2,3228,297.7747,0.1089,0.1268,0.3413,0.1458,0.7077,0.129,0.4206,0.3229,0.967,0.16,0.9021,0.0438,1027.59,717.62,29.66,16.22,0.859,0.629,https://www.youtube.com/watch?v=9JT0XOiRf-0
22400904,9JT0XOiRf-0,side-court-logo,454.8,2337,185.5502,0.0937,0.0734,0.3226,0.0465,0.6774,0.042,0.4391,0.3376,1.0,0.0001,0.891,0.029,1021.85,220.29,28.32,15.74,0.757,0.186,https://www.youtube.com/watch?v=9JT0XOiRf-0
22400880,Mvd1XCsVOqE,side-court-logo,2.4,12,10.9871,0.0758,0.0791,0.2953,0.1351,0.7268,0.2891,0.2903,0.2222,1.0,0.0,0.6893,0.0656,3784.76,1490.47,35.85,13.8,0.662,0.501,https://www.youtube.com/watch?v=Mvd1XCsVOqE
22400880,Mvd1XCsVOqE,back-court-logo,453.6,2294,6431.2284,0.2322,0.148,0.4076,0.076,0.9569,0.0251,0.5744,0.333,1.0,0.0,0.8703,0.0453,2798.79,714.25,22.59,15.61,1.122,0.319,https://www.youtube.com/watch?v=Mvd1XCsVOqE
22400880,Mvd1XCsVOqE,mid-court-logo,208.4,1156,1898.5742,0.136,0.1417,0.4418,0.2124,0.7462,0.2321,0.3967,0.3109,0.9978,0.0321,0.8332,0.0791,811.03,427.51,30.81,15.98,1.296,0.95,https://www.youtube.com/watch?v=Mvd1XCsVOqE
22400880,Mvd1XCsVOqE,side-court-led-logo,388.8,1945,4704.8037,0.2003,0.2346,0.5094,0.2035,0.974,0.0367,0.3261,0.3329,0.9971,0.0448,0.8948,0.0548,1467.36,697.75,35.68,17.95,1.682,1.278,https://www.youtube.com/watch?v=Mvd1XCsVOqE
22400880,Mvd1XCsVOqE,basket-logo,446.8,12298,4836.402,0.0326,0.0401,0.1612,0.1141,0.4811,0.1534,0.3565,0.2681,0.9992,0.025,0.8969,0.0514,3719.69,1780.21,32.95,15.76,0.249,0.183,https://www.youtube.com/watch?v=Mvd1XCsVOqE
22400884,lHw26FYaxzw,side-court-led-logo,485.6,3253,3671.6135,0.1339,0.1358,0.4278,0.1542,0.7229,0.0973,0.4275,0.2982,0.9357,0.2076,0.9073,0.0407,501.85,324.89,28.51,14.04,1.364,3.031,https://www.youtube.com/watch?v=lHw26FYaxzw
22400884,lHw26FYaxzw,mid-court-logo,420.8,2384,3730.4768,0.1857,0.1991,0.4609,0.1902,0.808,0.1457,0.3884,0.3424,0.9642,0.1282,0.88,0.0461,433.21,225.16,32.37,17.99,1.38,1.268,https://www.youtube.com/watch?v=lHw26FYaxzw
22400884,lHw26FYaxzw,side-court-logo,486.4,2490,2225.5892,0.1061,0.082,0.3764,0.0584,0.6781,0.053,0.4179,0.315,1.0,0.0,0.8762,0.0279,1507.72,407.61,28.86,14.33,0.993,0.231,https://www.youtube.com/watch?v=lHw26FYaxzw
22400884,lHw26FYaxzw,back-court-logo,422.8,2114,4859.4463,0.2727,0.1957,0.5184,0.0806,0.95,0.0253,0.5466,0.3689,0.9999,0.0055,0.8945,0.0288,1147.72,276.3,24.64,18.71,1.578,0.333,https://www.youtube.com/watch?v=lHw26FYaxzw
22400884,lHw26FYaxzw,basket-logo,408.6,11282,2578.7744,0.0271,0.0343,0.1404,0.1096,0.4235,0.1576,0.3679,0.2846,0.9959,0.0442,0.8931,0.0523,1131.94,1088.07,33.36,17.19,0.185,0.204,https://www.youtube.com/watch?v=lHw26FYaxzw
22400884,SgcrsVszg3o,back-court-logo,392.4,1965,468.0625,0.2628,0.1867,0.5214,0.0759,0.9509,0.0239,0.5286,0.3571,0.9991,0.0281,0.8946,0.0247,1182.52,294.5,25.75,18.83,1.588,0.314,https://www.youtube.com/watch?v=SgcrsVszg3o
22400884,SgcrsVszg3o,basket-logo,371.4,9779,233.0403,0.0263,0.0321,0.1438,0.107,0.4294,0.1504,0.3516,0.2754,0.9924,0.0599,0.888,0.0599,1076.23,1062.54,33.92,16.86,0.185,0.111,https://www.youtube.com/watch?v=SgcrsVszg3o
22400884,SgcrsVszg3o,mid-court-logo,393.2,2181,354.4005,0.1793,0.1996,0.4583,0.1871,0.8112,0.1476,0.3782,0.3446,0.9205,0.218,0.8792,0.0447,401.75,225.19,32.86,17.94,1.35,0.817,https://www.youtube.com/watch?v=SgcrsVszg3o
22400884,SgcrsVszg3o,side-court-led-logo,430.4,2838,343.3094,0.1334,0.1314,0.4247,0.1434,0.7154,0.0913,0.4363,0.3,0.9238,0.2281,0.9029,0.044,494.26,305.84,28.02,13.96,1.22,0.705,https://www.youtube.com/watch?v=SgcrsVszg3o
22400884,SgcrsVszg3o,side-court-logo,439.0,2225,223.8773,0.111,0.0843,0.3856,0.0558,0.6867,0.0533,0.424,0.3111,0.9997,0.015,0.8774,0.0273,1639.4,408.83,28.36,13.92,1.03,0.229,https://www.youtube.com/watch?v=SgcrsVszg3o
22400872,4r0VUzpx7n4,back-court-logo,483.4,2417,797.1854,0.1967,0.1503,0.3819,0.0678,0.9122,0.0374,0.535,0.3603,1.0,0.0,0.8986,0.0217,1126.11,240.6,24.54,17.58,1.014,0.277,https://www.youtube.com/watch?v=4r0VUzpx7n4
22400872,4r0VUzpx7n4,basket-logo,462.0,10833,502.4265,0.0277,0.0345,0.1514,0.1042,0.4602,0.0759,0.3261,0.2889,0.9985,0.03,0.8858,0.0374,1323.07,800.4,35.88,17.52,0.2,0.127,https://www.youtube.com/watch?v=4r0VUzpx7n4
22400872,4r0VUzpx7n4,mid-court-logo,415.4,2343,876.0875,0.223,0.1855,0.55,0.1888,0.8772,0.1206,0.438,0.3238,0.9567,0.1573,0.8809,0.0539,375.09,256.45,28.77,15.75,1.766,0.887,https://www.youtube.com/watch?v=4r0VUzpx7n4
22400872,4r0VUzpx7n4,side-court-led-logo,307.0,1535,370.5327,0.144,0.1492,0.3698,0.1817,0.7461,0.1837,0.4555,0.292,0.9681,0.1507,0.9033,0.0537,733.95,456.97,27.64,14.39,1.234,3.087,https://www.youtube.com/watch?v=4r0VUzpx7n4
22400872,4r0VUzpx7n4,side-court-logo,507.6,2625,501.9282,0.114,0.0789,0.3013,0.0496,0.8432,0.1144,0.475,0.3269,0.9992,0.0262,0.9027,0.0219,1734.61,460.69,26.49,14.89,0.693,1.18,https://www.youtube.com/watch?v=4r0VUzpx7n4
22400903,dSxPt7Fd81o,mid-court-logo,366.8,2083,20458.655,0.1873,0.1796,0.4791,0.1879,0.9139,0.1235,0.3905,0.3119,0.9967,0.0483,0.8649,0.0511,1372.32,529.63,31.53,16.35,1.451,0.827,https://www.youtube.com/watch?v=dSxPt7Fd81o
22400903,dSxPt7Fd81o,side-court-led-logo,242.8,1214,15253.2348,0.2396,0.2221,0.5116,0.2501,0.8558,0.1399,0.4696,0.2927,0.9533,0.1956,0.8788,0.0561,1358.76,871.17,26.77,13.91,2.445,7.823,https://www.youtube.com/watch?v=dSxPt7Fd81o
22400903,dSxPt7Fd81o,side-court-logo,398.8,1998,15434.4001,0.1473,0.0764,0.3053,0.0468,0.8631,0.0756,0.5637,0.2767,0.9997,0.0051,0.8411,0.0602,1555.75,449.29,22.52,12.62,0.673,0.213,https://www.youtube.com/watch?v=dSxPt7Fd81o
22400903,dSxPt7Fd81o,back-court-logo,387.2,1941,30998.0252,0.3046,0.2186,0.6132,0.1227,0.9229,0.0313,0.5315,0.3497,0.9976,0.0415,0.9004,0.0302,950.76,260.66,25.42,18.06,1.994,0.567,https://www.youtube.com/watch?v=dSxPt7Fd81o
22400903,dSxPt7Fd81o,basket-logo,377.0,9195,12289.2897,0.0255,0.0354,0.1339,0.1165,0.378,0.155,0.405,0.2942,0.9983,0.0327,0.9091,0.0349,3501.81,2181.02,30.91,16.3,0.2,0.168,https://www.youtube.com/watch?v=dSxPt7Fd81o
22400903,i6Cvpdap8Bw,back-court-logo,469.47,2355,43779.9474,0.3156,0.2175,0.6614,0.1053,0.9321,0.0261,0.5051,0.3327,0.9993,0.0205,0.9022,0.0264,1120.84,306.79,26.03,16.61,2.219,0.542,https://www.youtube.com/watch?v=i6Cvpdap8Bw
22400903,i6Cvpdap8Bw,basket-logo,469.07,11772,17525.9598,0.0253,0.0352,0.1462,0.1153,0.3943,0.1584,0.3499,0.2834,0.9983,0.0353,0.9101,0.035,4138.86,2440.85,33.54,16.13,0.217,0.175,https://www.youtube.com/watch?v=i6Cvpdap8Bw
22400903,i6Cvpdap8Bw,side-court-logo,459.26,2298,22842.9707,0.1688,0.0816,0.3206,0.0456,0.8864,0.0665,0.5913,0.2628,0.9999,0.003,0.835,0.0627,1802.57,531.21,21.13,11.46,0.743,0.204,https://www.youtube.com/watch?v=i6Cvpdap8Bw
22400903,i6Cvpdap8Bw,mid-court-logo,376.18,2038,21775.1491,0.1814,0.1771,0.4805,0.1884,0.9299,0.108,0.3665,0.3051,0.9988,0.0241,0.8665,0.0566,1556.03,600.68,32.34,15.81,1.451,0.802,https://www.youtube.com/watch?v=i6Cvpdap8Bw
22400903,i6Cvpdap8Bw,side-court-led-logo,228.03,1139,13401.0148,0.1998,0.2081,0.4929,0.2447,0.8442,0.1476,0.4165,0.2912,0.9439,0.2116,0.8791,0.055,1543.84,1078.26,28.92,13.52,1.836,4.415,https://www.youtube.com/watch?v=i6Cvpdap8Bw
22400903,JpjaFzaPK4Y,back-court-logo,361.4,1813,2819.1824,0.3208,0.2297,0.6476,0.098,0.9301,0.0263,0.5268,0.3601,0.997,0.0459,0.8988,0.0303,823.74,211.61,25.97,19.11,2.141,0.478,https://www.youtube.com/watch?v=JpjaFzaPK4Y
22400903,JpjaFzaPK4Y,basket-logo,350.2,8581,1165.4339,0.028,0.0362,0.1479,0.1148,0.3886,0.1562,0.4028,0.293,0.997,0.0428,0.9096,0.035,2963.99,2056.5,31.13,16.45,0.217,0.178,https://www.youtube.com/watch?v=JpjaFzaPK4Y
22400903,JpjaFzaPK4Y,mid-court-logo,318.6,1763,1607.0934,0.188,0.1844,0.4983,0.1925,0.9228,0.1115,0.3702,0.3207,0.9989,0.0248,0.8657,0.0542,1305.23,491.78,32.85,17.0,1.538,0.856,https://www.youtube.com/watch?v=JpjaFzaPK4Y
22400903,JpjaFzaPK4Y,side-court-logo,370.6,1857,1391.1331,0.1545,0.0787,0.3189,0.0458,0.8845,0.0628,0.5507,0.2677,0.9996,0.0126,0.8473,0.0565,1316.79,367.9,22.94,12.15,0.735,0.204,https://www.youtube.com/watch?v=JpjaFzaPK4Y
22400903,JpjaFzaPK4Y,side-court-led-logo,202.6,1015,1137.7828,0.2312,0.2341,0.5293,0.2583,0.8449,0.1513,0.4398,0.3107,0.9434,0.2167,0.8763,0.0534,1179.03,800.25,28.53,15.12,2.608,8.086,https://www.youtube.com/watch?v=JpjaFzaPK4Y
22400891,ajXybuqU4FE,mid-court-logo,419.65,2280,91.874,0.1282,0.131,0.3528,0.1128,0.7433,0.1394,0.3997,0.3504,0.9975,0.0342,0.8879,0.0355,972.35,395.52,32.21,18.76,0.922,1.321,https://www.youtube.com/watch?v=ajXybuqU4FE
22400891,ajXybuqU4FE,side-court-led-logo,476.43,3199,110.3571,0.1098,0.102,0.3648,0.1205,0.6906,0.0892,0.4249,0.2913,0.9944,0.0682,0.913,0.0381,1926.9,1070.64,28.64,13.82,0.969,1.252,https://www.youtube.com/watch?v=ajXybuqU4FE
22400891,ajXybuqU4FE,side-court-logo,475.22,2417,83.8748,0.1104,0.0821,0.3817,0.0663,0.7066,0.0482,0.4229,0.3107,1.0,0.0001,0.9047,0.0231,1565.76,427.54,28.88,14.53,1.019,0.249,https://www.youtube.com/watch?v=ajXybuqU4FE
22400891,ajXybuqU4FE,back-court-logo,450.57,2230,237.0297,0.3383,0.2674,0.6667,0.1192,0.923,0.0302,0.5116,0.366,1.0,0.0001,0.8851,0.0236,989.26,238.81,26.16,18.37,2.256,0.611,https://www.youtube.com/watch?v=ajXybuqU4FE
22400891,ajXybuqU4FE,basket-logo,439.86,14024,101.5869,0.0231,0.031,0.1579,0.1158,0.3576,0.1543,0.3247,0.2898,1.0,0.0002,0.8893,0.0561,3777.22,1439.98,36.2,18.04,0.241,0.193,https://www.youtube.com/watch?v=ajXybuqU4FE
22400883,ogZk31J8Sbs,back-court-logo,476.8,2384,1149.5909,0.2866,0.2579,0.5737,0.1599,0.9545,0.0292,0.4647,0.355,1.0,0.0,0.8736,0.0293,1376.34,396.48,28.48,18.44,1.885,0.85,https://www.youtube.com/watch?v=ogZk31J8Sbs
22400883,ogZk31J8Sbs,basket-logo,463.2,10097,457.449,0.0269,0.0324,0.1833,0.0907,0.4867,0.1219,0.2536,0.2606,0.9988,0.026,0.8889,0.0532,3552.17,2804.88,40.43,17.86,0.235,0.133,https://www.youtube.com/watch?v=ogZk31J8Sbs
22400883,ogZk31J8Sbs,mid-court-logo,313.6,1686,698.9302,0.2464,0.2034,0.5747,0.2109,0.8657,0.1031,0.4615,0.3198,0.9989,0.023,0.8889,0.0502,871.97,286.52,28.14,16.43,1.953,1.117,https://www.youtube.com/watch?v=ogZk31J8Sbs
22400883,ogZk31J8Sbs,side-court-led-logo,286.8,1434,425.7244,0.1764,0.1934,0.4299,0.2311,0.785,0.1759,0.4277,0.309,0.9942,0.06,0.894,0.0546,1218.27,724.14,29.41,15.79,1.504,3.887,https://www.youtube.com/watch?v=ogZk31J8Sbs
22400883,ogZk31J8Sbs,side-court-logo,499.8,2572,596.5496,0.1378,0.1108,0.3611,0.07,0.9086,0.0932,0.4306,0.3286,0.9995,0.0192,0.8923,0.0278,2299.84,675.55,29.36,16.4,0.946,0.839,https://www.youtube.com/watch?v=ogZk31J8Sbs
22400900,FI7vzvAt4LE,back-court-logo,439.2,2196,6748.8078,0.3777,0.253,0.6709,0.1284,0.9377,0.0198,0.5716,0.3317,1.0,0.0,0.8976,0.0161,1408.48,368.51,22.47,15.32,2.277,0.639,https://www.youtube.com/watch?v=FI7vzvAt4LE
22400900,FI7vzvAt4LE,basket-logo,433.2,12310,1840.6862,0.0184,0.028,0.1093,0.1119,0.336,0.1298,0.3653,0.2823,0.9996,0.0124,0.9066,0.0327,4773.9,2590.7,32.62,15.79,0.162,0.121,https://www.youtube.com/watch?v=FI7vzvAt4LE
22400900,FI7vzvAt4LE,mid-court-logo,425.2,2393,2490.856,0.1279,0.1183,0.327,0.1063,0.9092,0.1209,0.4045,0.3393,0.9983,0.0306,0.8846,0.0286,1002.58,457.46,30.58,16.62,0.788,0.402,https://www.youtube.com/watch?v=FI7vzvAt4LE
22400900,FI7vzvAt4LE,side-court-led-logo,202.4,1014,1085.6095,0.1316,0.1367,0.3491,0.1748,0.7158,0.142,0.4267,0.2964,0.9559,0.2002,0.8931,0.0514,2280.21,1433.82,28.98,14.44,0.904,0.689,https://www.youtube.com/watch?v=FI7vzvAt4LE
22400900,FI7vzvAt4LE,side-court-logo,2.0,10,2.6883,0.033,0.0386,0.184,0.0926,0.4695,0.1823,0.3189,0.3274,1.0,0.0,0.68,0.0356,913.83,221.38,34.34,15.54,0.253,0.096,https://www.youtube.com/watch?v=FI7vzvAt4LE
22400883,g_hq3Jk1TEU,back-court-logo,399.8,1998,218.2149,0.2323,0.1785,0.4609,0.0817,0.9261,0.0351,0.5209,0.3649,0.9979,0.0382,0.8744,0.0286,2008.96,557.57,26.15,19.07,1.361,0.559,https://www.youtube.com/watch?v=g_hq3Jk1TEU
22400883,g_hq3Jk1TEU,basket-logo,387.59,10136,129.7027,0.0272,0.0324,0.1565,0.1067,0.4458,0.1248,0.3319,0.2814,0.9988,0.0283,0.8877,0.0545,4943.77,3882.68,35.3,17.31,0.218,0.156,https://www.youtube.com/watch?v=g_hq3Jk1TEU
22400883,g_hq3Jk1TEU,mid-court-logo,346.15,3004,270.4122,0.1914,0.1641,0.508,0.1948,0.8383,0.1338,0.4377,0.313,0.9814,0.1219,0.8526,0.075,1062.4,646.46,28.58,15.32,1.583,0.925,https://www.youtube.com/watch?v=g_hq3Jk1TEU
22400883,g_hq3Jk1TEU,side-court-led-logo,256.06,1280,130.6745,0.2171,0.2156,0.4798,0.2592,0.7484,0.1659,0.4954,0.3023,0.9979,0.0309,0.8945,0.0487,1492.12,894.5,25.59,13.83,1.793,2.752,https://www.youtube.com/watch?v=g_hq3Jk1TEU
22400883,g_hq3Jk1TEU,side-court-logo,445.24,2327,139.1318,0.1271,0.0894,0.3355,0.0536,0.8754,0.1177,0.4419,0.3061,1.0,0.0012,0.8829,0.039,3113.79,866.42,27.53,13.63,0.818,0.232,https://www.youtube.com/watch?v=g_hq3Jk1TEU
22400900,ZHgDAQvF8Ag,mid-court-logo,395.8,2185,103.3579,0.1324,0.126,0.3414,0.1063,0.9225,0.1077,0.3827,0.3327,0.9979,0.0354,0.8868,0.0297,956.78,447.92,31.73,16.59,0.845,0.413,https://www.youtube.com/watch?v=ZHgDAQvF8Ag
22400900,ZHgDAQvF8Ag,side-court-led-logo,186.8,934,44.2455,0.1326,0.1441,0.3605,0.1818,0.7136,0.1468,0.4032,0.2795,0.9575,0.1958,0.8935,0.0514,2297.65,1559.88,29.7,13.68,0.943,0.732,https://www.youtube.com/watch?v=ZHgDAQvF8Ag
22400900,ZHgDAQvF8Ag,back-court-logo,412.6,2063,282.4714,0.3833,0.2591,0.6923,0.1012,0.9397,0.0163,0.5598,0.3409,1.0,0.0,0.8976,0.0181,1359.74,332.29,23.11,15.91,2.369,0.541,https://www.youtube.com/watch?v=ZHgDAQvF8Ag
22400900,ZHgDAQvF8Ag,basket-logo,409.0,11700,80.1692,0.0192,0.0283,0.116,0.112,0.3407,0.1313,0.3532,0.285,0.9991,0.0222,0.9078,0.0301,4646.29,2527.25,33.49,16.23,0.168,0.125,https://www.youtube.com/watch?v=ZHgDAQvF8Ag
22400900,ZHgDAQvF8Ag,side-court-logo,0.6,3,0.074,0.0691,0.0452,0.2295,0.0124,0.52,0.2172,0.5667,0.3398,1.0,0.0,0.7085,0.0349,679.55,310.51,21.84,14.22,0.287,0.069,https://www.youtube.com/watch?v=ZHgDAQvF8Ag
22400901,GubvfgQ0vSE,back-court-logo,510.2,2551,14721.2457,0.1434,0.0915,0.298,0.035,0.8105,0.0543,0.5798,0.3396,1.0,0.0,0.876,0.0204,2232.06,351.81,21.9,15.16,0.638,0.163,https://www.youtube.com/watch?v=GubvfgQ0vSE
22400901,GubvfgQ0vSE,basket-logo,507.2,14239,9904.5978,0.0173,0.0291,0.0928,0.108,0.4421,0.0939,0.3723,0.3053,0.9625,0.1406,0.8813,0.0593,1070.76,1211.18,33.0,17.03,0.161,0.085,https://www.youtube.com/watch?v=GubvfgQ0vSE
22400901,GubvfgQ0vSE,side-court-logo,523.4,6008,24071.5297,0.0996,0.0706,0.275,0.0511,0.6905,0.1441,0.5071,0.3159,0.9998,0.0126,0.8083,0.0833,3195.2,779.43,25.35,14.68,0.531,0.399,https://www.youtube.com/watch?v=GubvfgQ0vSE
22400901,GubvfgQ0vSE,mid-court-logo,515.6,2838,16465.6969,0.1442,0.1853,0.576,0.191,0.8541,0.1344,0.3425,0.3214,0.7022,0.3945,0.8849,0.0391,254.77,241.94,34.08,16.61,1.877,0.872,https://www.youtube.com/watch?v=GubvfgQ0vSE
22400901,GubvfgQ0vSE,side-court-led-logo,462.8,2347,10103.2392,0.107,0.1441,0.3682,0.1467,0.6907,0.1606,0.3074,0.3051,0.9659,0.1723,0.8945,0.0518,1515.79,775.83,36.63,17.26,1.071,3.004,https://www.youtube.com/watch?v=GubvfgQ0vSE
22400901,NeNFGifLk_o,side-court-led-logo,403.4,2052,10935.1945,0.1019,0.1448,0.3715,0.1614,0.711,0.1683,0.2633,0.2877,0.9805,0.1285,0.8884,0.0536,1844.81,919.47,38.93,16.54,0.984,0.659,https://www.youtube.com/watch?v=NeNFGifLk_o
22400901,NeNFGifLk_o,basket-logo,463.46,12106,12613.1453,0.0199,0.0316,0.0892,0.1089,0.4493,0.1056,0.4355,0.2954,0.9682,0.1393,0.8792,0.0623,1295.96,1465.51,29.24,15.64,0.162,0.095,https://www.youtube.com/watch?v=NeNFGifLk_o
22400901,NeNFGifLk_o,back-court-logo,463.46,2315,19516.0724,0.1611,0.0923,0.2996,0.0541,0.8255,0.0621,0.6398,0.3271,1.0,0.0,0.8717,0.0298,2840.14,565.06,19.6,15.02,0.652,0.354,https://www.youtube.com/watch?v=NeNFGifLk_o
22400901,NeNFGifLk_o,mid-court-logo,468.67,2625,19042.7647,0.1387,0.177,0.5975,0.187,0.8791,0.1307,0.3012,0.3083,0.777,0.3462,0.8775,0.0443,220.67,218.4,36.09,16.14,1.971,0.879,https://www.youtube.com/watch?v=NeNFGifLk_o
22400901,NeNFGifLk_o,side-court-logo,474.27,5081,24302.2838,0.0914,0.0725,0.2736,0.0573,0.697,0.1447,0.4633,0.3172,1.0,0.0007,0.805,0.0848,4057.02,1072.7,27.28,14.92,0.523,0.287,https://www.youtube.com/watch?v=NeNFGifLk_o
22400901,L7AkFNNus20,back-court-logo,429.4,2148,621.9148,0.1466,0.1025,0.3124,0.0864,0.8296,0.058,0.5531,0.3386,1.0,0.0001,0.8746,0.026,2131.9,398.01,23.16,15.49,0.757,0.905,https://www.youtube.com/watch?v=L7AkFNNus20
22400901,L7AkFNNus20,basket-logo,423.8,10608,371.8911,0.0178,0.0304,0.0985,0.1109,0.4608,0.104,0.3582,0.2989,0.9031,0.2419,0.879,0.0632,936.31,1171.38,33.49,16.68,0.168,0.117,https://www.youtube.com/watch?v=L7AkFNNus20
22400901,L7AkFNNus20,mid-court-logo,429.8,2350,684.8844,0.1476,0.1938,0.5947,0.1974,0.8585,0.1365,0.3481,0.3148,0.6659,0.4157,0.8732,0.0508,222.2,229.86,33.75,16.35,1.97,0.919,https://www.youtube.com/watch?v=L7AkFNNus20
22400901,L7AkFNNus20,side-court-led-logo,395.8,2001,487.4859,0.1234,0.1609,0.3885,0.1482,0.7153,0.1635,0.321,0.313,0.9822,0.1189,0.8937,0.0465,1491.26,731.61,35.91,17.44,1.035,0.625,https://www.youtube.com/watch?v=L7AkFNNus20
22400901,L7AkFNNus20,side-court-logo,433.6,4812,969.3703,0.102,0.0744,0.2809,0.0603,0.6933,0.1454,0.5078,0.3146,1.0,0.0,0.8024,0.0839,2993.64,812.63,25.29,14.59,0.554,0.266,https://www.youtube.com/watch?v=L7AkFNNus20
22400882,Nngm75DuXJ8,mid-court-logo,449.6,2502,1622.4933,0.2442,0.2225,0.6228,0.2426,0.935,0.098,0.3912,0.3213,0.9995,0.0126,0.8747,0.066,932.67,449.34,31.85,16.87,2.276,1.383,https://www.youtube.com/watch?v=Nngm75DuXJ8
22400882,Nngm75DuXJ8,side-court-led-logo,515.6,3676,1590.3204,0.1629,0.1199,0.3616,0.1239,0.9049,0.1279,0.5016,0.2847,0.979,0.1319,0.9161,0.0386,1073.13,653.66,24.8,12.35,0.942,0.605,https://www.youtube.com/watch?v=Nngm75DuXJ8
22400882,Nngm75DuXJ8,back-court-logo,486.8,2434,1636.8297,0.2532,0.1976,0.4888,0.0861,0.9138,0.0297,0.526,0.366,1.0,0.0,0.8836,0.0225,1133.64,232.03,25.11,17.63,1.456,0.354,https://www.youtube.com/watch?v=Nngm75DuXJ8
22400882,Nngm75DuXJ8,basket-logo,472.0,14404,887.6781,0.0232,0.0314,0.1392,0.1115,0.3996,0.133,0.3282,0.2929,0.999,0.0237,0.9137,0.0321,1717.62,914.89,36.24,18.27,0.201,0.148,https://www.youtube.com/watch?v=Nngm75DuXJ8
22400882,BUmU9voCSgo,mid-court-logo,448.6,2499,324.0958,0.246,0.2239,0.626,0.2415,0.9364,0.0965,0.3917,0.322,0.9997,0.0077,0.8723,0.0681,897.73,480.94,31.82,16.98,2.294,1.386,https://www.youtube.com/watch?v=BUmU9voCSgo
22400882,BUmU9voCSgo,side-court-led-logo,520.0,3681,314.1371,0.1619,0.12,0.3625,0.1221,0.9067,0.1253,0.4975,0.2889,0.9813,0.1234,0.9153,0.0369,1014.99,611.6,25.05,12.74,0.942,0.572,https://www.youtube.com/watch?v=BUmU9voCSgo
22400882,BUmU9voCSgo,back-court-logo,492.0,2460,332.1312,0.2561,0.1985,0.4918,0.0877,0.9136,0.0297,0.5298,0.3654,1.0,0.0,0.8833,0.0258,1136.72,238.17,24.92,17.62,1.469,0.358,https://www.youtube.com/watch?v=BUmU9voCSgo
22400882,BUmU9voCSgo,basket-logo,477.8,14514,183.1846,0.0239,0.0318,0.1431,0.1107,0.4008,0.1325,0.3327,0.2961,0.9983,0.0305,0.9112,0.0367,1534.34,948.39,36.05,18.38,0.205,0.165,https://www.youtube.com/watch?v=BUmU9voCSgo
22400882,BUmU9voCSgo,side-court-logo,0.6,3,0.0347,0.022,0.0155,0.2192,0.0111,0.601,0.0065,0.1636,0.1157,1.0,0.0,0.687,0.0443,1161.73,434.25,48.12,20.62,0.228,0.064,https://www.youtube.com/watch?v=BUmU9voCSgo
22400866,ANo1mS1lV48,back-court-logo,503.2,2516,34630.6464,0.3846,0.2695,0.721,0.1083,0.946,0.018,0.5394,0.3467,1.0,0.0,0.8955,0.0205,1199.94,226.42,24.0,16.09,2.537,0.634,https://www.youtube.com/watch?v=ANo1mS1lV48
22400866,ANo1mS1lV48,basket-logo,500.4,13377,8478.1046,0.0177,0.0258,0.1183,0.1121,0.3423,0.1159,0.3384,0.2936,0.9997,0.0152,0.9079,0.0324,3790.15,1644.17,34.84,17.12,0.168,0.164,https://www.youtube.com/watch?v=ANo1mS1lV48
22400866,ANo1mS1lV48,mid-court-logo,516.6,2863,12444.464,0.1214,0.1254,0.3553,0.0893,0.9229,0.111,0.3462,0.3369,0.999,0.0264,0.887,0.0286,962.82,255.6,34.86,18.4,0.901,0.353,https://www.youtube.com/watch?v=ANo1mS1lV48
22400866,ANo1mS1lV48,side-court-led-logo,249.4,1247,4374.2887,0.098,0.1242,0.3413,0.1966,0.6887,0.1578,0.327,0.288,0.989,0.0984,0.8873,0.0588,1911.78,988.68,35.12,16.67,0.882,0.75,https://www.youtube.com/watch?v=ANo1mS1lV48
22400866,ANo1mS1lV48,side-court-logo,3.8,19,0.2233,0.0003,0.0014,0.0319,0.1351,0.3632,0.1505,0.1632,0.178,0.9958,0.0179,0.7324,0.056,971.72,226.17,44.98,14.84,0.195,0.408,https://www.youtube.com/watch?v=ANo1mS1lV48
22400890,O-7BmyLN9dA,mid-court-logo,486.0,2715,32854.9789,0.1567,0.1653,0.5107,0.1305,0.8933,0.114,0.3323,0.3294,0.9986,0.0307,0.8857,0.0367,773.89,363.03,35.65,18.13,1.571,0.808,https://www.youtube.com/watch?v=O-7BmyLN9dA
22400890,O-7BmyLN9dA,side-court-led-logo,439.2,2197,24314.2281,0.1433,0.1972,0.4281,0.207,0.8254,0.1399,0.3083,0.3284,0.9936,0.0641,0.8893,0.0496,658.21,258.7,38.16,19.64,1.466,4.407,https://www.youtube.com/watch?v=O-7BmyLN9dA
22400890,O-7BmyLN9dA,side-court-logo,485.6,2472,32951.1649,0.1726,0.0847,0.3356,0.0353,0.9709,0.0166,0.5245,0.2486,0.9996,0.0052,0.8792,0.0356,889.78,281.35,23.53,10.53,0.815,0.152,https://www.youtube.com/watch?v=O-7BmyLN9dA
22400890,O-7BmyLN9dA,back-court-logo,430.6,2153,44411.6171,0.2671,0.1866,0.5545,0.0521,0.9158,0.0203,0.5209,0.3594,1.0,0.0,0.8959,0.0179,766.25,136.02,25.64,17.8,1.721,0.214,https://www.youtube.com/watch?v=O-7BmyLN9dA
22400890,O-7BmyLN9dA,basket-logo,425.8,11589,18553.7547,0.0207,0.0278,0.1274,0.1064,0.374,0.0821,0.3733,0.3181,0.9986,0.0292,0.8828,0.0493,1619.19,1141.34,34.11,19.06,0.173,0.126,https://www.youtube.com/watch?v=O-7BmyLN9dA
22400900,muTvLhulps8,back-court-logo,324.32,1638,671.4516,0.3556,0.2556,0.6853,0.1001,0.9372,0.018,0.5267,0.3442,1.0,0.0016,0.8967,0.0183,1224.63,313.21,24.75,16.24,2.33,0.525,https://www.youtube.com/watch?v=muTvLhulps8
22400900,muTvLhulps8,basket-logo,319.76,9097,184.0398,0.0175,0.0254,0.1174,0.1109,0.3375,0.1268,0.3272,0.2777,0.9995,0.0148,0.9042,0.0326,3714.5,1969.18,35.11,16.63,0.167,0.102,https://www.youtube.com/watch?v=muTvLhulps8
22400900,muTvLhulps8,mid-court-logo,315.39,1761,290.9972,0.1433,0.1324,0.3509,0.1146,0.9123,0.12,0.4086,0.3383,0.9972,0.0459,0.8868,0.0327,852.28,299.9,30.26,16.41,0.891,0.437,https://www.youtube.com/watch?v=muTvLhulps8
22400900,muTvLhulps8,side-court-led-logo,163.45,825,129.4578,0.1361,0.1445,0.3617,0.1809,0.7134,0.144,0.4184,0.292,0.9558,0.2014,0.8936,0.0457,2342.57,1463.3,29.35,14.63,0.946,0.729,https://www.youtube.com/watch?v=muTvLhulps8
22400900,muTvLhulps8,side-court-logo,0.2,1,0.0041,0.0036,0.0,0.2258,0.0,0.5673,0.0,0.0281,0.0,1.0,0.0,0.731,0.0,812.25,0.0,53.46,0.0,0.268,0.0,https://www.youtube.com/watch?v=muTvLhulps8
22400890,PGxRfyof3Lg,back-court-logo,400.6,2011,959.976,0.2429,0.1732,0.5529,0.0552,0.9139,0.0236,0.4807,0.3386,0.9982,0.0377,0.8945,0.023,666.43,132.4,27.27,17.01,1.714,0.229,https://www.youtube.com/watch?v=PGxRfyof3Lg
22400890,PGxRfyof3Lg,basket-logo,394.2,10685,374.9573,0.0179,0.025,0.1264,0.1066,0.374,0.0859,0.3267,0.2906,0.9966,0.0482,0.8812,0.0488,1435.15,1176.39,35.89,17.87,0.174,0.064,https://www.youtube.com/watch?v=PGxRfyof3Lg
22400890,PGxRfyof3Lg,mid-court-logo,440.0,2416,781.0336,0.1645,0.1706,0.5282,0.1259,0.9064,0.1147,0.3294,0.3167,0.9964,0.0427,0.8827,0.0383,649.54,332.48,34.9,16.75,1.623,0.545,https://www.youtube.com/watch?v=PGxRfyof3Lg
22400890,PGxRfyof3Lg,side-court-led-logo,387.2,1937,534.3246,0.1404,0.1879,0.4264,0.2002,0.8446,0.1321,0.3092,0.314,0.9897,0.0767,0.8856,0.0508,517.69,211.07,36.71,17.64,1.281,1.79,https://www.youtube.com/watch?v=PGxRfyof3Lg
22400890,PGxRfyof3Lg,side-court-logo,435.4,2179,809.9374,0.1892,0.0791,0.3402,0.0324,0.9703,0.0228,0.5737,0.2343,0.9991,0.0199,0.8806,0.0306,752.86,219.15,21.62,10.09,0.835,0.143,https://www.youtube.com/watch?v=PGxRfyof3Lg
22400874,aFl6p4jIwv4,back-court-logo,452.4,2262,35589.099,0.2502,0.1938,0.569,0.0517,0.9201,0.0195,0.4747,0.3618,0.9996,0.0193,0.8967,0.0166,828.59,158.78,27.8,18.2,1.78,0.214,https://www.youtube.com/watch?v=aFl6p4jIwv4
22400874,aFl6p4jIwv4,basket-logo,443.4,12105,14181.629,0.0186,0.0259,0.135,0.1048,0.3785,0.0886,0.3176,0.2955,0.9983,0.0338,0.8854,0.0462,1695.48,1193.68,36.75,18.23,0.178,0.066,https://www.youtube.com/watch?v=aFl6p4jIwv4
22400874,aFl6p4jIwv4,mid-court-logo,497.4,2720,28698.5732,0.1678,0.1675,0.5056,0.1256,0.908,0.1087,0.3495,0.3228,0.9993,0.0199,0.8836,0.0395,767.24,401.43,33.93,16.96,1.531,0.529,https://www.youtube.com/watch?v=aFl6p4jIwv4
22400874,aFl6p4jIwv4,side-court-led-logo,423.4,2117,18828.2314,0.1415,0.1914,0.3976,0.2149,0.8122,0.1466,0.3283,0.3118,0.9978,0.0282,0.8768,0.0617,615.37,251.09,35.44,17.24,1.121,1.047,https://www.youtube.com/watch?v=aFl6p4jIwv4
22400874,aFl6p4jIwv4,side-court-logo,496.4,2488,28956.6857,0.1851,0.083,0.3409,0.0351,0.9738,0.0161,0.5565,0.2415,0.9998,0.006,0.8755,0.0354,919.54,278.57,22.3,10.4,0.838,0.153,https://www.youtube.com/watch?v=aFl6p4jIwv4
22400865,L44_bro2joI,back-court-logo,498.8,2494,16604.0038,0.2319,0.1737,0.4119,0.1171,0.9376,0.0464,0.5568,0.3363,1.0,0.0004,0.8712,0.0305,1884.07,706.17,23.41,15.81,1.134,0.505,https://www.youtube.com/watch?v=L44_bro2joI
22400865,L44_bro2joI,mid-court-logo,238.6,1321,6019.7425,0.1587,0.1471,0.4462,0.1897,0.7665,0.2198,0.4469,0.3178,0.9933,0.0589,0.839,0.0661,675.4,345.25,28.5,16.07,1.305,0.882,https://www.youtube.com/watch?v=L44_bro2joI
22400865,L44_bro2joI,side-court-led-logo,428.8,2146,14128.6443,0.2293,0.2312,0.5224,0.2081,0.9684,0.0433,0.3881,0.3398,0.9942,0.059,0.8823,0.0568,1664.05,962.55,32.07,17.58,1.808,1.573,https://www.youtube.com/watch?v=L44_bro2joI
22400865,L44_bro2joI,basket-logo,504.0,14607,11526.9341,0.0275,0.0366,0.1539,0.1181,0.4755,0.1656,0.2917,0.2505,0.9995,0.018,0.8967,0.0465,3957.03,1954.52,36.91,16.36,0.249,0.188,https://www.youtube.com/watch?v=L44_bro2joI
22400865,L44_bro2joI,side-court-logo,0.6,3,1.6807,0.0195,0.0131,0.237,0.0184,0.6435,0.2521,0.117,0.0753,1.0,0.0,0.7308,0.0126,1900.27,897.04,44.37,9.2,0.328,0.102,https://www.youtube.com/watch?v=L44_bro2joI
22400944,mY_gTNcGoCU,mid-court-logo,381.0,2064,1768.8395,0.2428,0.1922,0.6199,0.2191,0.8936,0.1118,0.4239,0.3063,0.9999,0.0039,0.891,0.0458,795.0,301.64,29.22,15.26,2.131,1.072,https://www.youtube.com/watch?v=mY_gTNcGoCU
22400944,mY_gTNcGoCU,side-court-led-logo,307.2,1536,1038.2086,0.1915,0.2168,0.4178,0.253,0.7837,0.1793,0.4404,0.3112,0.9995,0.009,0.895,0.0493,1302.59,835.66,28.72,15.52,1.454,3.233,https://www.youtube.com/watch?v=mY_gTNcGoCU
22400944,mY_gTNcGoCU,side-court-logo,518.6,2688,1217.1576,0.1283,0.0941,0.3329,0.0487,0.8877,0.0982,0.4459,0.3254,1.0,0.0,0.8905,0.0278,2885.69,811.74,27.89,14.95,0.804,0.193,https://www.youtube.com/watch?v=mY_gTNcGoCU
22400944,mY_gTNcGoCU,back-court-logo,478.2,2391,2168.9356,0.257,0.201,0.4789,0.12,0.9284,0.0344,0.5356,0.3484,1.0,0.0,0.8741,0.0267,1746.06,501.94,24.53,16.68,1.424,0.511,https://www.youtube.com/watch?v=mY_gTNcGoCU
22400944,mY_gTNcGoCU,basket-logo,453.6,12499,1154.6011,0.0262,0.0315,0.1563,0.1068,0.4498,0.1238,0.3167,0.2717,0.9999,0.0015,0.8912,0.0537,4381.17,3192.82,35.65,16.5,0.223,0.13,https://www.youtube.com/watch?v=mY_gTNcGoCU
22400944,QIGmBA-M-Es,mid-court-logo,195.8,979,12.8261,0.1707,0.1607,0.8366,0.2165,0.9456,0.0593,0.5284,0.3097,0.3692,0.2186,0.8762,0.0612,101.17,90.24,24.47,14.81,4.399,2.346,https://www.youtube.com/watch?v=QIGmBA-M-Es
22400944,QIGmBA-M-Es,side-court-led-logo,176.2,881,13.1657,0.1947,0.2077,0.7842,0.2416,0.9018,0.1178,0.5025,0.2727,0.4937,0.3686,0.8613,0.073,113.96,92.8,24.91,12.49,4.732,3.753,https://www.youtube.com/watch?v=QIGmBA-M-Es
22400944,QIGmBA-M-Es,side-court-logo,421.0,2110,43.2751,0.2672,0.2442,0.6603,0.2029,0.9902,0.0387,0.38,0.3133,0.9918,0.0283,0.8797,0.0549,248.87,137.79,32.32,17.37,2.304,1.031,https://www.youtube.com/watch?v=QIGmBA-M-Es
22400944,QIGmBA-M-Es,back-court-logo,267.0,1335,26.4861,0.2585,0.2557,0.8606,0.1896,0.9978,0.0036,0.3345,0.3155,0.8528,0.1663,0.8276,0.0657,171.89,83.12,37.0,20.6,4.526,2.211,https://www.youtube.com/watch?v=QIGmBA-M-Es
22400944,QIGmBA-M-Es,basket-logo,179.0,1846,8.6895,0.0613,0.071,0.2829,0.0709,0.7615,0.146,0.2908,0.2733,0.8686,0.2847,0.867,0.0683,346.3,199.15,36.37,15.84,0.591,0.242,https://www.youtube.com/watch?v=QIGmBA-M-Es
22400876,Evil2HcZud8,mid-court-logo,280.2,1559,635.051,0.138,0.1248,0.489,0.1758,0.8006,0.1883,0.4872,0.3129,0.7388,0.3394,0.8412,0.0628,199.91,181.42,26.08,14.68,1.465,0.773,https://www.youtube.com/watch?v=Evil2HcZud8
22400876,Evil2HcZud8,side-court-led-logo,319.8,1599,1067.7248,0.2263,0.2237,0.5054,0.245,0.8282,0.1277,0.4389,0.3156,0.9908,0.0671,0.8887,0.0532,650.56,399.1,28.86,15.85,1.824,1.735,https://www.youtube.com/watch?v=Evil2HcZud8
22400876,Evil2HcZud8,side-court-logo,500.0,2614,953.0113,0.1235,0.0957,0.3483,0.0604,0.9121,0.0899,0.3986,0.3024,1.0,0.0001,0.8921,0.0335,1259.41,411.12,29.99,14.28,0.864,0.265,https://www.youtube.com/watch?v=Evil2HcZud8
22400876,Evil2HcZud8,back-court-logo,482.0,2423,2555.7798,0.3574,0.2625,0.6229,0.1678,0.9487,0.0271,0.5516,0.3387,0.9997,0.0062,0.8857,0.0245,742.87,262.23,24.41,17.23,2.124,0.922,https://www.youtube.com/watch?v=Evil2HcZud8
22400876,Evil2HcZud8,basket-logo,473.4,13468,883.4436,0.0222,0.0316,0.1251,0.1157,0.4141,0.1539,0.3201,0.2712,0.9581,0.1416,0.8918,0.0627,735.77,676.68,35.47,16.78,0.199,0.137,https://www.youtube.com/watch?v=Evil2HcZud8
22400944,Oik2dN4AyrM,back-court-logo,184.8,924,43.629,0.2563,0.2306,0.8757,0.1769,0.9987,0.0023,0.3373,0.2876,0.829,0.1697,0.8128,0.0755,159.06,69.02,34.95,17.65,4.819,2.446,https://www.youtube.com/watch?v=Oik2dN4AyrM
22400944,Oik2dN4AyrM,side-court-logo,427.99,2142,106.2814,0.2694,0.2391,0.6962,0.1968,0.9903,0.0491,0.3681,0.2973,0.9894,0.0376,0.8797,0.0515,233.08,57.13,32.62,16.61,2.512,1.079,https://www.youtube.com/watch?v=Oik2dN4AyrM
22400944,Oik2dN4AyrM,mid-court-logo,159.0,798,20.8107,0.1416,0.1467,0.8638,0.1963,0.961,0.0439,0.4859,0.3145,0.3318,0.2209,0.8714,0.0613,102.32,108.58,26.35,14.95,4.772,2.447,https://www.youtube.com/watch?v=Oik2dN4AyrM
22400944,Oik2dN4AyrM,side-court-led-logo,196.4,982,33.8343,0.187,0.1881,0.7762,0.2518,0.9476,0.0955,0.4813,0.2687,0.5047,0.3415,0.8537,0.0756,108.95,54.75,25.94,12.88,4.602,3.598,https://www.youtube.com/watch?v=Oik2dN4AyrM
22400944,Oik2dN4AyrM,basket-logo,124.8,1113,13.6053,0.0664,0.0704,0.2943,0.0814,0.7892,0.165,0.2774,0.2319,0.8924,0.2597,0.8569,0.0726,378.18,193.87,35.75,13.15,0.639,0.3,https://www.youtube.com/watch?v=Oik2dN4AyrM
22400878,pt5hutYV-gs,back-court-logo,509.4,2547,5456.456,0.3265,0.2168,0.5768,0.1148,0.9282,0.0298,0.5829,0.3433,1.0,0.0,0.8917,0.0221,1277.05,297.19,22.26,16.04,1.834,0.517,https://www.youtube.com/watch?v=pt5hutYV-gs
22400878,pt5hutYV-gs,basket-logo,494.8,18116,2363.3853,0.0199,0.03,0.1134,0.1151,0.3377,0.1455,0.3769,0.2907,0.9998,0.0089,0.9032,0.0438,2218.21,1425.54,32.58,16.66,0.172,0.15,https://www.youtube.com/watch?v=pt5hutYV-gs
22400878,pt5hutYV-gs,mid-court-logo,383.4,2160,2638.3042,0.1861,0.1797,0.4934,0.2287,0.7466,0.2027,0.4068,0.3102,0.9999,0.0039,0.8662,0.0534,1495.75,451.16,30.11,15.39,1.551,1.083,https://www.youtube.com/watch?v=pt5hutYV-gs
22400878,pt5hutYV-gs,side-court-led-logo,484.4,2422,2782.0507,0.175,0.2051,0.4812,0.2242,0.7685,0.1542,0.3444,0.3125,0.9949,0.056,0.8869,0.0585,713.46,303.24,33.48,15.86,1.581,1.327,https://www.youtube.com/watch?v=pt5hutYV-gs
22400878,pt5hutYV-gs,side-court-logo,540.8,3177,2351.0795,0.1128,0.0894,0.3449,0.0664,0.7635,0.1806,0.4363,0.317,1.0,0.0,0.8663,0.0555,1864.37,469.78,28.24,14.6,0.851,0.283,https://www.youtube.com/watch?v=pt5hutYV-gs
22400876,OGi8QmPkSCQ,mid-court-logo,279.8,1554,23.1029,0.1459,0.1271,0.4914,0.1774,0.8027,0.1863,0.4677,0.3098,0.8046,0.3011,0.8438,0.0617,219.7,183.35,26.95,14.68,1.475,0.783,https://www.youtube.com/watch?v=OGi8QmPkSCQ
22400876,OGi8QmPkSCQ,side-court-led-logo,315.2,1576,36.1536,0.2251,0.2239,0.5074,0.2446,0.8292,0.1226,0.4361,0.3161,0.9926,0.0613,0.8907,0.0517,682.8,399.08,29.03,15.85,1.956,3.641,https://www.youtube.com/watch?v=OGi8QmPkSCQ
22400876,OGi8QmPkSCQ,side-court-logo,497.8,2584,32.4645,0.1233,0.0966,0.3495,0.0607,0.9157,0.0831,0.3944,0.3041,0.9996,0.0177,0.8918,0.033,1301.11,409.67,30.19,14.39,0.886,0.888,https://www.youtube.com/watch?v=OGi8QmPkSCQ
22400876,OGi8QmPkSCQ,back-court-logo,480.0,2400,88.248,0.3608,0.2617,0.6248,0.1636,0.9491,0.0264,0.5597,0.3409,0.9996,0.008,0.8858,0.0238,772.79,273.21,24.06,17.27,2.131,0.904,https://www.youtube.com/watch?v=OGi8QmPkSCQ
22400876,OGi8QmPkSCQ,basket-logo,473.0,13561,30.8367,0.0223,0.0318,0.1234,0.1156,0.4121,0.1536,0.3261,0.2742,0.9726,0.1121,0.8911,0.0635,812.79,728.49,35.32,17.11,0.196,0.136,https://www.youtube.com/watch?v=OGi8QmPkSCQ
22400878,vDN39IjfJqo,back-court-logo,511.6,2558,157.8105,0.326,0.2203,0.5796,0.1136,0.9292,0.0295,0.5761,0.3463,1.0,0.001,0.8921,0.0199,1303.22,305.44,22.58,16.27,1.846,0.514,https://www.youtube.com/watch?v=vDN39IjfJqo
22400878,vDN39IjfJqo,basket-logo,496.0,18108,67.9602,0.0198,0.0299,0.114,0.1149,0.339,0.1453,0.3711,0.2916,0.9997,0.0132,0.9032,0.0432,2227.97,1443.59,32.97,16.82,0.173,0.138,https://www.youtube.com/watch?v=vDN39IjfJqo
22400878,vDN39IjfJqo,mid-court-logo,384.6,2179,77.6343,0.1883,0.1816,0.4985,0.2272,0.7507,0.201,0.4102,0.3126,1.0,0.0001,0.8643,0.0557,1560.28,461.32,30.15,15.81,1.582,1.167,https://www.youtube.com/watch?v=vDN39IjfJqo
22400878,vDN39IjfJqo,side-court-led-logo,486.0,2430,81.1855,0.1766,0.2064,0.4889,0.2209,0.774,0.149,0.3451,0.3176,0.9957,0.052,0.8884,0.0559,752.38,309.7,33.66,16.3,1.61,1.344,https://www.youtube.com/watch?v=vDN39IjfJqo
22400878,vDN39IjfJqo,side-court-logo,546.0,3215,68.0703,0.1119,0.0896,0.3447,0.0668,0.7626,0.1823,0.4341,0.3191,1.0,0.0,0.864,0.0572,1948.42,500.13,28.47,14.93,0.85,0.285,https://www.youtube.com/watch?v=vDN39IjfJqo
22400862,Zf9i-Xwa7tA,mid-court-logo,348.6,1965,2913.5571,0.2088,0.1737,0.5375,0.2094,0.9194,0.1176,0.4176,0.3129,0.9985,0.034,0.8761,0.0558,1199.97,532.05,29.87,15.97,1.721,0.953,https://www.youtube.com/watch?v=Zf9i-Xwa7tA
22400862,Zf9i-Xwa7tA,side-court-led-logo,255.2,1276,2294.2368,0.2532,0.2508,0.493,0.2809,0.869,0.1414,0.5107,0.3105,0.9199,0.2617,0.8767,0.0698,1235.19,1066.22,25.31,14.68,1.785,1.777,https://www.youtube.com/watch?v=Zf9i-Xwa7tA
22400862,Zf9i-Xwa7tA,basket-logo,418.4,10968,2242.0351,0.0288,0.0393,0.1387,0.1101,0.5539,0.1737,0.2794,0.261,0.9906,0.0857,0.902,0.0457,1903.37,1789.67,38.8,18.09,0.192,0.119,https://www.youtube.com/watch?v=Zf9i-Xwa7tA
22400862,Zf9i-Xwa7tA,side-court-logo,2.2,11,6.2879,0.0805,0.0681,0.2227,0.0713,0.7492,0.1536,0.469,0.3427,1.0,0.0,0.6936,0.0576,2715.96,1360.36,27.95,16.99,0.348,0.1,https://www.youtube.com/watch?v=Zf9i-Xwa7tA
22400862,Zf9i-Xwa7tA,back-court-logo,0.4,2,2.9433,0.2072,0.2072,0.2325,0.2325,0.9676,0.0324,0.4912,0.4619,1.0,0.0,0.6304,0.019,1603.54,586.38,29.67,23.46,0.75,0.609,https://www.youtube.com/watch?v=Zf9i-Xwa7tA
22400873,TTUSTdPDbSo,back-court-logo,517.6,2588,11847.3158,0.2896,0.2066,0.563,0.1024,0.9329,0.0229,0.5432,0.3577,1.0,0.0,0.9013,0.015,1267.97,259.7,23.97,17.17,1.756,0.427,https://www.youtube.com/watch?v=TTUSTdPDbSo
22400873,TTUSTdPDbSo,basket-logo,508.0,14101,2322.8507,0.0104,0.0227,0.0659,0.0999,0.3277,0.1149,0.366,0.3156,1.0,0.0027,0.9041,0.0364,2566.63,1084.23,34.01,18.35,0.126,0.074,https://www.youtube.com/watch?v=TTUSTdPDbSo
22400873,TTUSTdPDbSo,side-court-led-logo,472.2,2361,3957.9207,0.106,0.133,0.3113,0.1411,0.9505,0.0608,0.3195,0.3231,0.9819,0.1076,0.8988,0.0418,985.39,667.88,36.95,18.84,0.712,0.554,https://www.youtube.com/watch?v=TTUSTdPDbSo
22400873,TTUSTdPDbSo,side-court-logo,559.4,2934,6585.2485,0.142,0.0843,0.2924,0.0421,0.9641,0.0572,0.5119,0.2975,0.9997,0.0153,0.8851,0.0332,3404.46,604.16,24.27,12.76,0.618,0.172,https://www.youtube.com/watch?v=TTUSTdPDbSo
22400873,TTUSTdPDbSo,mid-court-logo,0.8,4,4.2636,0.0674,0.0614,0.236,0.0193,0.6312,0.0641,0.4979,0.4612,0.9996,0.0007,0.6797,0.0101,941.06,438.44,31.91,27.48,0.322,0.107,https://www.youtube.com/watch?v=TTUSTdPDbSo
22400873,BTjip0A-0JM,side-court-led-logo,426.2,2131,122.6303,0.1036,0.1392,0.3279,0.1463,0.9618,0.0428,0.2754,0.294,0.9873,0.0926,0.9004,0.0421,1013.54,650.5,39.19,17.94,0.775,0.589,https://www.youtube.com/watch?v=BTjip0A-0JM
22400873,BTjip0A-0JM,side-court-logo,507.6,2662,215.4777,0.1457,0.0882,0.3039,0.0304,0.9836,0.0145,0.4905,0.297,0.9995,0.0184,0.891,0.0275,3132.36,594.99,25.15,12.78,0.672,0.117,https://www.youtube.com/watch?v=BTjip0A-0JM
22400873,BTjip0A-0JM,back-court-logo,471.6,2358,397.8438,0.3037,0.2113,0.5935,0.0562,0.9377,0.0134,0.5391,0.365,0.9996,0.0198,0.9018,0.0165,1185.08,247.25,24.25,17.54,1.883,0.235,https://www.youtube.com/watch?v=BTjip0A-0JM
22400873,BTjip0A-0JM,basket-logo,466.2,13064,83.7097,0.0115,0.0235,0.0743,0.103,0.3337,0.1163,0.354,0.313,0.9998,0.0116,0.9077,0.0295,2403.27,1036.53,34.86,18.47,0.134,0.073,https://www.youtube.com/watch?v=BTjip0A-0JM
22400873,BTjip0A-0JM,mid-court-logo,0.2,1,0.007,0.0127,0.0,0.2615,0.0,0.6799,0.0,0.0713,0.0,1.0,0.0,0.7163,0.0,902.48,0.0,45.96,0.0,0.462,0.0,https://www.youtube.com/watch?v=BTjip0A-0JM
22400877,wKK9pUkga6g,mid-court-logo,449.8,2411,1137.3774,0.2286,0.2459,0.7459,0.1933,0.9373,0.0795,0.312,0.3169,1.0,0.0,0.8786,0.0356,2034.06,641.05,36.51,17.61,2.998,1.472,https://www.youtube.com/watch?v=wKK9pUkga6g
22400877,wKK9pUkga6g,side-court-led-logo,313.6,1569,397.5938,0.1228,0.1887,0.3672,0.25,0.724,0.1907,0.316,0.3199,0.9435,0.2096,0.8764,0.0594,1543.95,1287.22,37.32,18.94,1.18,1.886,https://www.youtube.com/watch?v=wKK9pUkga6g
22400877,wKK9pUkga6g,side-court-logo,475.4,2439,724.8078,0.144,0.1104,0.3827,0.0637,0.9065,0.0737,0.4226,0.3104,1.0,0.0006,0.8936,0.026,2943.12,720.75,28.76,14.42,1.018,0.262,https://www.youtube.com/watch?v=wKK9pUkga6g
22400877,wKK9pUkga6g,back-court-logo,430.4,2174,1055.188,0.2352,0.1617,0.4424,0.0829,0.8973,0.0418,0.5765,0.3539,0.9997,0.0162,0.8777,0.0305,2310.72,662.38,22.74,16.89,1.268,0.345,https://www.youtube.com/watch?v=wKK9pUkga6g
22400877,wKK9pUkga6g,basket-logo,417.8,13298,659.7555,0.024,0.0336,0.1237,0.1118,0.3952,0.1319,0.3929,0.3077,0.9981,0.0363,0.9071,0.0354,3018.2,2141.59,32.61,18.01,0.183,0.106,https://www.youtube.com/watch?v=wKK9pUkga6g
22400877,qHKUJa2aP3c,mid-court-logo,454.4,2434,50.8924,0.2261,0.2448,0.745,0.1944,0.9374,0.0791,0.3069,0.3139,0.9994,0.0179,0.8783,0.0394,1992.16,625.8,36.74,17.53,2.995,1.476,https://www.youtube.com/watch?v=qHKUJa2aP3c
22400877,qHKUJa2aP3c,side-court-led-logo,317.4,1589,18.08,0.1231,0.1876,0.3647,0.2481,0.7228,0.1896,0.3163,0.3198,0.9517,0.1851,0.8786,0.0587,1583.78,1291.47,37.35,18.99,1.171,1.932,https://www.youtube.com/watch?v=qHKUJa2aP3c
22400877,qHKUJa2aP3c,side-court-logo,478.8,2459,32.3984,0.1425,0.1087,0.3803,0.0646,0.905,0.0777,0.4207,0.3086,1.0,0.0001,0.8932,0.0281,2992.22,719.14,28.77,14.23,1.009,0.261,https://www.youtube.com/watch?v=qHKUJa2aP3c
22400877,qHKUJa2aP3c,back-court-logo,433.0,2185,47.4387,0.2348,0.1599,0.4415,0.0812,0.8977,0.0414,0.5771,0.3533,0.9995,0.0201,0.8773,0.0325,2258.34,665.8,22.78,16.92,1.265,0.339,https://www.youtube.com/watch?v=qHKUJa2aP3c
22400877,qHKUJa2aP3c,basket-logo,420.6,13323,29.5012,0.0239,0.034,0.1237,0.112,0.3957,0.1325,0.3913,0.3085,0.9982,0.0345,0.9069,0.0355,2962.38,2042.65,32.74,18.14,0.183,0.11,https://www.youtube.com/watch?v=qHKUJa2aP3c
22400892,suGiIb2uuG0,mid-court-logo,422.8,2322,92.6347,0.1606,0.1594,0.5202,0.1876,0.8818,0.1171,0.3388,0.3179,0.9999,0.0029,0.8843,0.0396,1174.25,319.24,34.17,16.55,1.615,0.823,https://www.youtube.com/watch?v=suGiIb2uuG0
22400892,suGiIb2uuG0,side-court-led-logo,438.2,3250,92.3429,0.1144,0.1288,0.329,0.123,0.7101,0.1239,0.4392,0.3114,0.9791,0.1276,0.9058,0.041,1593.86,1142.51,28.23,14.87,0.929,3.212,https://www.youtube.com/watch?v=suGiIb2uuG0
22400892,suGiIb2uuG0,side-court-logo,440.0,2299,48.3193,0.0846,0.0596,0.2986,0.0455,0.6574,0.0487,0.444,0.3113,0.9979,0.0457,0.8803,0.0309,1504.49,363.19,27.38,13.81,0.693,1.188,https://www.youtube.com/watch?v=suGiIb2uuG0
22400892,suGiIb2uuG0,back-court-logo,402.0,2010,75.8072,0.1519,0.1021,0.3069,0.0322,0.8661,0.0395,0.5635,0.3616,1.0,0.0009,0.8755,0.0243,948.48,204.65,23.71,17.96,0.684,0.137,https://www.youtube.com/watch?v=suGiIb2uuG0
22400892,suGiIb2uuG0,basket-logo,399.6,9759,88.0245,0.0363,0.037,0.1778,0.0924,0.4905,0.1366,0.3851,0.3028,0.999,0.0298,0.9005,0.0551,2390.96,1403.12,33.0,18.14,0.213,0.156,https://www.youtube.com/watch?v=suGiIb2uuG0
22400892,48mI3-uYJlA,back-court-logo,410.0,2051,165.571,0.1602,0.1027,0.3132,0.0363,0.8679,0.0389,0.5808,0.3538,0.9997,0.0067,0.8757,0.027,902.83,229.02,22.7,17.05,0.713,0.15,https://www.youtube.com/watch?v=48mI3-uYJlA
22400892,48mI3-uYJlA,basket-logo,408.6,9847,180.6109,0.0364,0.0362,0.1797,0.0894,0.4952,0.1322,0.388,0.3013,0.9993,0.02,0.9026,0.0514,2338.05,1307.05,32.76,18.02,0.216,0.122,https://www.youtube.com/watch?v=48mI3-uYJlA
22400892,48mI3-uYJlA,mid-court-logo,417.4,2254,176.4956,0.1554,0.1602,0.5219,0.1796,0.8889,0.1096,0.3278,0.3207,0.999,0.0276,0.8852,0.0431,1141.16,294.14,34.81,16.6,1.641,1.403,https://www.youtube.com/watch?v=48mI3-uYJlA
22400892,48mI3-uYJlA,side-court-led-logo,435.2,3163,156.5959,0.0982,0.1002,0.3148,0.111,0.7018,0.1195,0.4187,0.3075,0.9799,0.1216,0.901,0.0453,1494.83,1055.55,29.25,14.9,0.729,0.434,https://www.youtube.com/watch?v=48mI3-uYJlA
22400892,48mI3-uYJlA,side-court-logo,439.4,2257,100.5359,0.0884,0.0608,0.2987,0.0336,0.6623,0.0528,0.4538,0.3088,0.9999,0.0036,0.8796,0.0342,1287.87,306.65,26.74,13.37,0.647,0.134,https://www.youtube.com/watch?v=48mI3-uYJlA
22400892,HyPC1KVYY7U,mid-court-logo,425.8,2342,3184.3902,0.1569,0.1564,0.5167,0.1855,0.8808,0.1164,0.3342,0.3184,0.9994,0.0218,0.886,0.0383,1246.79,327.49,34.48,16.59,1.621,1.434,https://www.youtube.com/watch?v=HyPC1KVYY7U
22400892,HyPC1KVYY7U,side-court-led-logo,441.8,3300,3238.5763,0.1132,0.1296,0.327,0.1219,0.7088,0.1234,0.4353,0.3121,0.9836,0.1146,0.9065,0.0392,1701.71,1192.63,28.49,15.04,0.91,3.133,https://www.youtube.com/watch?v=HyPC1KVYY7U
22400892,HyPC1KVYY7U,side-court-logo,445.0,2330,1680.3452,0.0832,0.059,0.298,0.0527,0.6572,0.0519,0.4376,0.3074,0.9971,0.0531,0.8805,0.0309,1626.09,372.55,27.61,13.54,0.722,1.647,https://www.youtube.com/watch?v=HyPC1KVYY7U
22400892,HyPC1KVYY7U,back-court-logo,405.2,2026,2677.0128,0.1524,0.1016,0.3075,0.0306,0.8657,0.0391,0.566,0.362,1.0,0.0,0.8764,0.0224,1033.8,212.52,23.68,18.03,0.686,0.133,https://www.youtube.com/watch?v=HyPC1KVYY7U
22400892,HyPC1KVYY7U,basket-logo,402.6,10227,3098.4312,0.0349,0.037,0.1694,0.0967,0.4779,0.1443,0.388,0.3047,0.9994,0.021,0.8966,0.0589,2517.04,1481.68,32.98,18.3,0.205,0.14,https://www.youtube.com/watch?v=HyPC1KVYY7U
22400863,U_XARGLubHI,mid-court-logo,378.4,2115,4654.3415,0.2209,0.1792,0.556,0.212,0.815,0.193,0.4343,0.2927,1.0,0.0,0.8595,0.0496,1485.1,399.24,28.13,13.58,1.799,0.987,https://www.youtube.com/watch?v=U_XARGLubHI
22400863,U_XARGLubHI,side-court-led-logo,484.0,2421,4901.5313,0.2032,0.22,0.4745,0.2143,0.7878,0.1438,0.4025,0.3274,0.9959,0.0467,0.8845,0.0564,783.87,644.03,30.36,15.67,1.89,4.035,https://www.youtube.com/watch?v=U_XARGLubHI
22400863,U_XARGLubHI,side-court-logo,541.8,3153,3636.9607,0.1158,0.0834,0.3353,0.0618,0.7615,0.1773,0.4629,0.3113,1.0,0.0,0.8602,0.0534,1857.78,424.9,26.64,13.71,0.812,0.255,https://www.youtube.com/watch?v=U_XARGLubHI
22400863,U_XARGLubHI,back-court-logo,516.6,2583,7754.6381,0.3013,0.2165,0.5561,0.115,0.92,0.0311,0.5569,0.3487,0.9999,0.0032,0.8892,0.0196,1322.18,298.53,23.46,16.28,1.751,0.537,https://www.youtube.com/watch?v=U_XARGLubHI
22400863,U_XARGLubHI,basket-logo,508.0,19029,3256.1225,0.0172,0.0281,0.1054,0.1159,0.3319,0.1447,0.354,0.2851,0.9994,0.0211,0.9031,0.0421,2334.68,1498.95,33.69,16.43,0.169,0.193,https://www.youtube.com/watch?v=U_XARGLubHI
22400871,dyO76TXx_TI,back-court-logo,439.2,2196,7897.5684,0.3616,0.2719,0.6558,0.148,0.9533,0.023,0.5381,0.3575,1.0,0.0,0.9037,0.0206,1352.9,346.91,24.72,17.5,2.282,0.902,https://www.youtube.com/watch?v=dyO76TXx_TI
22400871,dyO76TXx_TI,basket-logo,432.6,11803,2604.6825,0.0222,0.0312,0.1268,0.112,0.4137,0.1257,0.3273,0.295,0.999,0.0223,0.9104,0.032,1816.72,1467.69,36.31,18.48,0.19,0.111,https://www.youtube.com/watch?v=dyO76TXx_TI
22400871,dyO76TXx_TI,mid-court-logo,380.0,2097,4130.5136,0.198,0.188,0.5978,0.1903,0.8049,0.1779,0.4038,0.3424,1.0,0.0008,0.8831,0.0522,1317.44,396.49,31.65,18.35,2.004,0.953,https://www.youtube.com/watch?v=dyO76TXx_TI
22400871,dyO76TXx_TI,side-court-led-logo,459.0,2354,6975.6966,0.2979,0.2775,0.7169,0.1907,0.9371,0.0735,0.4026,0.3432,0.9645,0.1622,0.8937,0.0517,1087.93,576.05,31.46,17.67,3.28,4.43,https://www.youtube.com/watch?v=dyO76TXx_TI
22400871,dyO76TXx_TI,side-court-logo,1.0,5,2.2055,0.0443,0.0777,0.1307,0.1067,0.8864,0.0969,0.2288,0.3429,1.0,0.0,0.723,0.0566,827.63,108.73,43.62,19.74,0.183,0.051,https://www.youtube.com/watch?v=dyO76TXx_TI
22400879,-DYmMB-Z_Yk,mid-court-logo,332.8,1907,7709.7349,0.2725,0.2282,0.679,0.2744,0.8841,0.1197,0.4039,0.3018,0.9988,0.0235,0.8764,0.0577,944.54,359.94,30.26,15.36,2.884,1.916,https://www.youtube.com/watch?v=-DYmMB-Z_Yk
22400879,-DYmMB-Z_Yk,side-court-led-logo,311.8,1559,5158.9036,0.223,0.2468,0.4808,0.2683,0.8062,0.1734,0.4225,0.323,0.9928,0.0708,0.8849,0.0628,909.25,497.99,29.69,16.13,1.953,4.823,https://www.youtube.com/watch?v=-DYmMB-Z_Yk
22400879,-DYmMB-Z_Yk,side-court-logo,488.8,2495,5492.008,0.1484,0.1053,0.3769,0.0535,0.9378,0.0661,0.43,0.3054,0.9995,0.0186,0.8954,0.0205,1566.56,312.42,28.04,13.53,1.017,0.733,https://www.youtube.com/watch?v=-DYmMB-Z_Yk
22400879,-DYmMB-Z_Yk,basket-logo,421.4,9001,5129.3847,0.0384,0.0453,0.1543,0.115,0.6064,0.1533,0.3774,0.2973,0.9983,0.037,0.9182,0.0311,2249.05,1539.79,32.6,16.85,0.235,0.273,https://www.youtube.com/watch?v=-DYmMB-Z_Yk
22400879,-DYmMB-Z_Yk,back-court-logo,0.6,3,16.6315,0.3736,0.0325,0.422,0.0385,0.9191,0.0032,0.9638,0.0107,1.0,0.0,0.7272,0.0758,953.97,46.39,5.37,0.86,1.184,0.158,https://www.youtube.com/watch?v=-DYmMB-Z_Yk
22400879,VIxBdFeQMsk,mid-court-logo,327.2,1885,583.0271,0.2707,0.2255,0.68,0.2693,0.8842,0.1194,0.4019,0.2971,0.9979,0.0306,0.8728,0.0598,916.82,368.52,30.52,15.51,2.89,1.914,https://www.youtube.com/watch?v=VIxBdFeQMsk
22400879,VIxBdFeQMsk,side-court-led-logo,308.4,1542,404.952,0.2299,0.2531,0.491,0.2673,0.8123,0.1702,0.4233,0.3313,0.9904,0.082,0.8815,0.0633,927.68,531.97,30.08,17.15,2.009,5.082,https://www.youtube.com/watch?v=VIxBdFeQMsk
22400879,VIxBdFeQMsk,side-court-logo,478.0,2478,410.0523,0.1448,0.1053,0.3774,0.0555,0.9373,0.0645,0.4197,0.3043,0.9992,0.0242,0.8944,0.0222,1487.77,334.64,28.53,13.58,1.015,0.673,https://www.youtube.com/watch?v=VIxBdFeQMsk
22400879,VIxBdFeQMsk,basket-logo,402.8,8616,389.5705,0.0396,0.046,0.155,0.113,0.6061,0.1511,0.3856,0.2992,0.9987,0.0311,0.9178,0.0321,2177.78,1583.37,32.14,16.8,0.233,0.231,https://www.youtube.com/watch?v=VIxBdFeQMsk
22400879,VIxBdFeQMsk,back-court-logo,0.4,2,0.7106,0.311,0.0233,0.3605,0.0241,0.8934,0.01,0.965,0.0031,1.0,0.0,0.7676,0.0488,1068.59,37.96,5.33,0.24,0.925,0.105,https://www.youtube.com/watch?v=VIxBdFeQMsk
22400857,a0JG8nBBFGQ,back-court-logo,510.4,2552,2907.3048,0.2902,0.2388,0.6061,0.0894,0.9343,0.0153,0.4784,0.3659,1.0,0.0,0.8988,0.0166,1034.05,176.54,28.43,19.37,1.948,0.385,https://www.youtube.com/watch?v=a0JG8nBBFGQ
22400857,a0JG8nBBFGQ,basket-logo,504.6,11834,1102.7102,0.0237,0.0292,0.167,0.0965,0.4187,0.1179,0.2929,0.2891,0.997,0.0388,0.9129,0.0319,2042.38,1238.73,39.06,19.45,0.211,0.115,https://www.youtube.com/watch?v=a0JG8nBBFGQ
22400857,a0JG8nBBFGQ,side-court-led-logo,290.6,1453,912.5169,0.16,0.1568,0.3334,0.1588,0.9603,0.0481,0.4402,0.3265,0.9927,0.0657,0.8896,0.06,634.88,267.76,29.91,18.0,1.065,4.308,https://www.youtube.com/watch?v=a0JG8nBBFGQ
22400857,a0JG8nBBFGQ,side-court-logo,528.4,2696,1423.1768,0.1345,0.0914,0.3241,0.0419,0.9876,0.0183,0.4383,0.3048,1.0,0.0,0.8988,0.0197,3471.29,791.86,28.04,14.08,0.762,0.179,https://www.youtube.com/watch?v=a0JG8nBBFGQ
22400857,a0JG8nBBFGQ,mid-court-logo,0.8,4,0.4463,0.0284,0.0345,0.1759,0.1048,0.5399,0.1867,0.27,0.3684,1.0,0.0,0.6644,0.0364,635.15,85.9,38.69,17.64,0.258,0.167,https://www.youtube.com/watch?v=a0JG8nBBFGQ
22400869,GuUbCC9ezO0,back-court-logo,490.6,2453,4035.5869,0.2647,0.202,0.5132,0.1022,0.9249,0.034,0.5213,0.3474,0.9999,0.0071,0.8849,0.0195,1752.8,436.53,25.47,17.17,1.559,0.427,https://www.youtube.com/watch?v=GuUbCC9ezO0
22400869,GuUbCC9ezO0,basket-logo,478.8,14598,2564.4752,0.0283,0.0359,0.153,0.1116,0.4246,0.1448,0.3398,0.2815,0.9981,0.0382,0.9064,0.0398,2352.64,1661.64,34.78,17.23,0.227,0.228,https://www.youtube.com/watch?v=GuUbCC9ezO0
22400869,GuUbCC9ezO0,mid-court-logo,329.8,1788,3402.2833,0.3062,0.255,0.734,0.2169,0.9313,0.0941,0.4152,0.3076,1.0,0.0019,0.8685,0.0541,1646.24,535.0,29.53,15.0,3.034,1.668,https://www.youtube.com/watch?v=GuUbCC9ezO0
22400869,GuUbCC9ezO0,side-court-led-logo,216.4,1082,1017.8933,0.1514,0.1783,0.4142,0.2448,0.7772,0.2048,0.4178,0.2748,0.9689,0.1547,0.8831,0.0507,1373.44,965.48,29.1,13.62,1.371,3.223,https://www.youtube.com/watch?v=GuUbCC9ezO0
22400869,GuUbCC9ezO0,side-court-logo,527.4,2682,2397.5645,0.1438,0.1146,0.3784,0.0568,0.9442,0.0738,0.406,0.3186,1.0,0.0,0.8965,0.021,2623.05,672.53,30.23,15.72,0.999,0.238,https://www.youtube.com/watch?v=GuUbCC9ezO0
22400869,8KUWR4RLYBo,back-court-logo,437.2,2199,387.5607,0.2533,0.2037,0.5094,0.1001,0.9227,0.0336,0.5029,0.357,1.0,0.0,0.8842,0.0212,1819.35,455.62,26.57,17.96,1.544,0.417,https://www.youtube.com/watch?v=8KUWR4RLYBo
22400869,8KUWR4RLYBo,basket-logo,426.8,12960,244.1819,0.0271,0.0352,0.1524,0.1102,0.4221,0.1416,0.3258,0.2803,0.9977,0.0381,0.9053,0.0407,2226.99,1667.86,36.01,17.87,0.223,0.136,https://www.youtube.com/watch?v=8KUWR4RLYBo
22400869,8KUWR4RLYBo,mid-court-logo,294.6,1536,334.8584,0.3133,0.2459,0.741,0.2135,0.9336,0.0932,0.4249,0.3009,1.0,0.0,0.87,0.0529,1661.18,510.94,28.9,14.48,3.032,1.574,https://www.youtube.com/watch?v=8KUWR4RLYBo
22400869,8KUWR4RLYBo,side-court-led-logo,195.0,975,100.5,0.1481,0.1717,0.3758,0.216,0.7808,0.1932,0.4436,0.2925,0.9589,0.1813,0.8783,0.0535,1270.38,941.63,28.09,14.12,1.07,1.038,https://www.youtube.com/watch?v=8KUWR4RLYBo
22400869,8KUWR4RLYBo,side-court-logo,454.4,2302,241.2436,0.1506,0.1175,0.3836,0.0543,0.9443,0.0693,0.4203,0.3225,1.0,0.0,0.8961,0.024,2432.26,572.27,29.29,15.45,1.022,0.225,https://www.youtube.com/watch?v=8KUWR4RLYBo
22400868,c2WAHVlG6zg,back-court-logo,470.8,2359,1427.1832,0.2687,0.2082,0.5267,0.1008,0.9301,0.0312,0.5179,0.3655,1.0,0.0,0.8834,0.031,1410.87,394.33,26.1,18.62,1.616,0.432,https://www.youtube.com/watch?v=c2WAHVlG6zg
22400868,c2WAHVlG6zg,mid-court-logo,370.0,2072,1353.7099,0.2901,0.2316,0.664,0.2499,0.9389,0.1009,0.4355,0.3065,0.9988,0.0322,0.8774,0.0595,1074.31,466.84,28.67,15.07,2.64,2.849,https://www.youtube.com/watch?v=c2WAHVlG6zg
22400868,c2WAHVlG6zg,side-court-led-logo,501.0,3418,1244.11,0.1616,0.1275,0.3809,0.1294,0.9327,0.1196,0.4519,0.2851,0.9806,0.1263,0.9195,0.0396,1247.07,701.28,27.14,12.99,1.023,0.55,https://www.youtube.com/watch?v=c2WAHVlG6zg
22400868,c2WAHVlG6zg,basket-logo,456.2,13068,790.0565,0.0268,0.0362,0.149,0.1115,0.4103,0.1407,0.3528,0.3015,0.9992,0.0234,0.9133,0.0355,2373.32,1289.09,34.89,18.41,0.216,0.159,https://www.youtube.com/watch?v=c2WAHVlG6zg
22400868,c2WAHVlG6zg,side-court-logo,2.4,12,3.6998,0.1369,0.1462,0.4088,0.2758,0.8334,0.2027,0.3969,0.2797,0.8523,0.3321,0.6951,0.0573,1884.52,1507.35,29.25,13.33,1.294,1.133,https://www.youtube.com/watch?v=c2WAHVlG6zg
22400868,mOVM7VY6dH0,back-court-logo,471.4,2360,128.7993,0.2667,0.2068,0.5265,0.0985,0.9294,0.0306,0.5162,0.3642,1.0,0.0,0.8841,0.0262,1324.73,388.08,26.19,18.66,1.616,0.435,https://www.youtube.com/watch?v=mOVM7VY6dH0
22400868,mOVM7VY6dH0,mid-court-logo,369.8,2073,123.0337,0.2901,0.232,0.6643,0.2508,0.9372,0.1049,0.4336,0.3034,0.9994,0.0219,0.877,0.0591,1029.43,449.35,28.69,14.88,2.563,1.64,https://www.youtube.com/watch?v=mOVM7VY6dH0
22400868,mOVM7VY6dH0,side-court-led-logo,504.0,3440,114.3938,0.1625,0.1266,0.3819,0.1337,0.9327,0.12,0.4542,0.2844,0.9775,0.1365,0.9185,0.0422,1175.81,657.63,27.01,12.89,1.081,1.563,https://www.youtube.com/watch?v=mOVM7VY6dH0
22400868,mOVM7VY6dH0,basket-logo,458.0,13140,70.6947,0.0263,0.0345,0.1492,0.1109,0.4098,0.1398,0.346,0.2985,0.999,0.0251,0.9127,0.0362,2213.01,1244.73,35.16,18.21,0.215,0.145,https://www.youtube.com/watch?v=mOVM7VY6dH0
22400868,mOVM7VY6dH0,side-court-logo,2.4,12,0.1337,0.0544,0.078,0.4595,0.3027,0.839,0.2417,0.2546,0.3122,0.8641,0.3065,0.6805,0.0495,1833.0,1959.71,41.0,18.53,1.494,1.373,https://www.youtube.com/watch?v=mOVM7VY6dH0
22400851,kgiePFCSpTE,mid-court-logo,377.6,2095,2344.9085,0.2082,0.2077,0.472,0.1928,0.8357,0.1462,0.4172,0.3494,0.9982,0.0283,0.8858,0.0449,732.24,280.72,31.15,18.46,1.452,1.607,https://www.youtube.com/watch?v=kgiePFCSpTE
22400851,kgiePFCSpTE,side-court-led-logo,466.2,3039,2128.5139,0.1303,0.1338,0.4356,0.1459,0.681,0.1101,0.4324,0.2974,0.9421,0.1943,0.9046,0.0396,531.92,431.01,28.33,14.06,1.28,0.924,https://www.youtube.com/watch?v=kgiePFCSpTE
22400851,kgiePFCSpTE,side-court-logo,457.6,2484,2162.5881,0.162,0.1152,0.4964,0.1128,0.7529,0.0632,0.4359,0.2879,1.0,0.0003,0.8147,0.0562,617.18,171.25,27.78,13.12,1.483,0.473,https://www.youtube.com/watch?v=kgiePFCSpTE
22400851,kgiePFCSpTE,back-court-logo,411.4,2057,2946.1769,0.2664,0.2111,0.5401,0.0998,0.9541,0.0248,0.5038,0.3694,0.9997,0.0088,0.8774,0.0281,514.37,122.82,27.19,19.53,1.67,0.433,https://www.youtube.com/watch?v=kgiePFCSpTE
22400851,kgiePFCSpTE,basket-logo,385.8,10075,1514.8107,0.028,0.0354,0.1427,0.1104,0.4257,0.1604,0.3691,0.2858,0.9961,0.0473,0.8965,0.0464,1258.11,1230.82,33.24,17.15,0.191,0.149,https://www.youtube.com/watch?v=kgiePFCSpTE
22400870,gaqoZhnGNSs,mid-court-logo,401.2,2182,91.5824,0.234,0.197,0.6018,0.2346,0.8836,0.1108,0.4013,0.3093,0.9998,0.004,0.8816,0.0549,925.69,311.84,30.84,16.01,2.106,1.252,https://www.youtube.com/watch?v=gaqoZhnGNSs
22400870,gaqoZhnGNSs,side-court-led-logo,307.8,1539,58.8504,0.2132,0.2161,0.4433,0.2425,0.8073,0.1819,0.4627,0.3212,0.9985,0.0268,0.8913,0.0528,1315.17,822.74,28.04,16.34,1.579,3.99,https://www.youtube.com/watch?v=gaqoZhnGNSs
22400870,gaqoZhnGNSs,side-court-logo,501.0,2589,64.2006,0.1382,0.098,0.3494,0.0535,0.8928,0.0889,0.4512,0.3144,0.9993,0.0261,0.8827,0.0322,3075.81,893.28,27.25,14.08,0.886,0.508,https://www.youtube.com/watch?v=gaqoZhnGNSs
22400870,gaqoZhnGNSs,back-court-logo,453.2,2266,91.5278,0.2252,0.1826,0.4815,0.0779,0.9392,0.0286,0.482,0.37,1.0,0.0,0.8764,0.0293,1767.34,446.99,27.81,19.06,1.427,0.321,https://www.youtube.com/watch?v=gaqoZhnGNSs
22400870,gaqoZhnGNSs,basket-logo,426.6,10605,55.3834,0.0291,0.0305,0.1815,0.0873,0.4524,0.1131,0.3221,0.2852,0.9996,0.011,0.8902,0.0526,4483.41,3447.51,36.06,17.52,0.217,0.117,https://www.youtube.com/watch?v=gaqoZhnGNSs
22400871,-L9dlvQUpWg,mid-court-logo,351.75,1958,25.6783,0.1894,0.181,0.5743,0.1953,0.8133,0.1781,0.4077,0.3374,0.9999,0.0019,0.8827,0.0483,1508.55,466.29,31.04,17.59,1.903,1.012,https://www.youtube.com/watch?v=-L9dlvQUpWg
22400871,-L9dlvQUpWg,side-court-led-logo,417.93,2073,39.4488,0.2749,0.2608,0.6766,0.199,0.9348,0.0728,0.4011,0.345,0.9736,0.137,0.8946,0.0533,1438.47,930.01,31.2,17.55,2.842,4.144,https://www.youtube.com/watch?v=-L9dlvQUpWg
22400871,-L9dlvQUpWg,back-court-logo,420.56,2078,51.4652,0.3577,0.2679,0.6396,0.1673,0.9512,0.027,0.5533,0.3514,1.0,0.0,0.9032,0.0214,1505.8,431.05,23.77,16.84,2.207,0.968,https://www.youtube.com/watch?v=-L9dlvQUpWg
22400871,-L9dlvQUpWg,basket-logo,405.58,10936,16.4935,0.0218,0.0308,0.1248,0.1119,0.4098,0.1261,0.3343,0.2936,0.9991,0.0213,0.9097,0.0333,2102.13,1608.72,35.6,18.02,0.188,0.107,https://www.youtube.com/watch?v=-L9dlvQUpWg
22400858,4acuYBrGqKc,back-court-logo,470.6,2368,1454.5368,0.2024,0.1321,0.3598,0.0588,0.8983,0.0358,0.6001,0.3484,1.0,0.0,0.897,0.0288,1180.67,254.79,21.12,15.74,0.92,0.239,https://www.youtube.com/watch?v=4acuYBrGqKc
22400858,4acuYBrGqKc,mid-court-logo,463.2,2534,1420.3474,0.1847,0.1824,0.5853,0.1767,0.9105,0.1016,0.3428,0.3122,0.962,0.15,0.8784,0.0538,405.04,215.45,33.67,15.97,1.927,0.893,https://www.youtube.com/watch?v=4acuYBrGqKc
22400858,4acuYBrGqKc,side-court-led-logo,323.2,1617,624.9182,0.1273,0.154,0.3329,0.1785,0.7521,0.1827,0.3948,0.3212,0.954,0.1864,0.8967,0.0612,820.85,612.74,31.22,16.46,1.071,4.351,https://www.youtube.com/watch?v=4acuYBrGqKc
22400858,4acuYBrGqKc,side-court-logo,496.4,2581,853.0762,0.1089,0.0707,0.297,0.0416,0.8293,0.113,0.4681,0.3085,1.0,0.0012,0.9025,0.0172,1778.94,506.32,26.35,13.54,0.636,0.183,https://www.youtube.com/watch?v=4acuYBrGqKc
22400858,4acuYBrGqKc,basket-logo,454.0,10944,914.7814,0.0275,0.0328,0.1389,0.106,0.4484,0.0703,0.3719,0.2842,0.9976,0.0373,0.8859,0.034,1376.97,837.91,32.71,16.22,0.185,0.09,https://www.youtube.com/watch?v=4acuYBrGqKc
22400870,kgXWruIVJBo,mid-court-logo,400.77,2168,144.111,0.2368,0.2025,0.6048,0.2332,0.8851,0.1102,0.3999,0.313,0.9997,0.0084,0.8833,0.0511,958.98,307.98,30.98,16.22,2.114,1.235,https://www.youtube.com/watch?v=kgXWruIVJBo
22400870,kgXWruIVJBo,side-court-led-logo,309.04,1533,87.4404,0.2032,0.2053,0.4417,0.2398,0.807,0.1823,0.4485,0.3213,0.9962,0.0486,0.8909,0.0521,1292.11,899.05,28.67,16.17,1.45,2.839,https://www.youtube.com/watch?v=kgXWruIVJBo
22400870,kgXWruIVJBo,side-court-logo,503.17,2584,100.9915,0.1392,0.099,0.3506,0.0581,0.8929,0.0906,0.4522,0.3137,0.9986,0.0357,0.8805,0.0358,3302.54,956.57,27.27,14.05,0.916,1.086,https://www.youtube.com/watch?v=kgXWruIVJBo
22400870,kgXWruIVJBo,back-court-logo,453.99,2252,146.6626,0.232,0.1865,0.4895,0.0784,0.9398,0.0281,0.4869,0.3692,1.0,0.0,0.877,0.0302,1897.05,462.88,27.54,18.93,1.46,0.328,https://www.youtube.com/watch?v=kgXWruIVJBo
22400870,kgXWruIVJBo,basket-logo,428.99,10537,87.675,0.0296,0.0308,0.1833,0.086,0.4514,0.1129,0.3239,0.2859,0.9996,0.0087,0.8902,0.0517,4620.87,3421.42,35.95,17.51,0.219,0.118,https://www.youtube.com/watch?v=kgXWruIVJBo
22400856,Jv0xLGUMMh8,back-court-logo,459.2,2296,7762.6792,0.2958,0.2198,0.544,0.1347,0.926,0.0381,0.5485,0.3433,0.9996,0.009,0.8823,0.021,1735.64,514.59,24.1,16.74,1.759,1.251,https://www.youtube.com/watch?v=Jv0xLGUMMh8
22400856,Jv0xLGUMMh8,basket-logo,449.6,15895,3345.947,0.0184,0.0306,0.1078,0.1177,0.3471,0.1498,0.3453,0.2789,0.9997,0.0164,0.8991,0.05,2269.95,1552.96,34.28,16.85,0.171,0.172,https://www.youtube.com/watch?v=Jv0xLGUMMh8
22400856,Jv0xLGUMMh8,side-court-logo,482.2,2486,3402.99,0.1198,0.0811,0.3398,0.0604,0.8172,0.1137,0.4595,0.3115,1.0,0.0,0.8899,0.0281,2474.49,672.93,27.08,14.33,0.83,0.252,https://www.youtube.com/watch?v=Jv0xLGUMMh8
22400856,Jv0xLGUMMh8,side-court-led-logo,411.8,2060,5297.677,0.225,0.2317,0.5207,0.2329,0.7944,0.1488,0.4174,0.3293,0.9973,0.0329,0.8892,0.0599,770.86,424.44,30.13,16.68,2.252,4.181,https://www.youtube.com/watch?v=Jv0xLGUMMh8
22400856,Jv0xLGUMMh8,mid-court-logo,321.6,1817,3803.3856,0.1831,0.156,0.4876,0.2077,0.7539,0.1796,0.4464,0.3239,0.9995,0.016,0.8661,0.0616,1589.84,488.2,28.33,15.97,1.564,1.614,https://www.youtube.com/watch?v=Jv0xLGUMMh8
22400850,z5qVXRR_2pM,mid-court-logo,368.6,2044,4216.9471,0.2168,0.1997,0.555,0.2148,0.904,0.1183,0.3802,0.3212,0.9963,0.0575,0.8675,0.0587,1297.12,476.65,32.14,16.97,1.896,2.164,https://www.youtube.com/watch?v=z5qVXRR_2pM
22400850,z5qVXRR_2pM,side-court-led-logo,493.2,3471,4217.3244,0.1277,0.1324,0.3615,0.1474,0.8408,0.1132,0.4122,0.3003,0.9782,0.1275,0.9112,0.0446,608.43,306.99,29.5,14.53,0.975,0.949,https://www.youtube.com/watch?v=z5qVXRR_2pM
22400850,z5qVXRR_2pM,side-court-logo,488.0,2458,4318.2402,0.1846,0.0893,0.3914,0.0598,0.8642,0.0624,0.5378,0.2495,1.0,0.0,0.8825,0.0325,1534.36,329.91,23.14,11.05,1.054,0.247,https://www.youtube.com/watch?v=z5qVXRR_2pM
22400850,z5qVXRR_2pM,back-court-logo,462.0,2321,5282.514,0.2391,0.1664,0.4434,0.0698,0.8832,0.0423,0.5738,0.3558,1.0,0.001,0.8929,0.0274,1118.0,322.85,22.87,17.01,1.27,0.284,https://www.youtube.com/watch?v=z5qVXRR_2pM
22400850,z5qVXRR_2pM,basket-logo,462.0,12551,3659.3355,0.0306,0.033,0.1806,0.0926,0.4723,0.118,0.3255,0.2838,0.9953,0.057,0.9048,0.0379,1342.4,716.51,35.84,17.6,0.226,0.174,https://www.youtube.com/watch?v=z5qVXRR_2pM
22400867,G_U5L5oN3Ak,back-court-logo,490.6,2453,2704.8707,0.2401,0.1872,0.4637,0.103,0.9111,0.0377,0.5152,0.3446,1.0,0.0,0.8636,0.0278,850.03,202.89,25.29,16.57,1.355,0.424,https://www.youtube.com/watch?v=G_U5L5oN3Ak
22400867,G_U5L5oN3Ak,basket-logo,483.2,18142,1480.487,0.0178,0.0293,0.1016,0.1126,0.3643,0.1364,0.3221,0.291,0.9987,0.0243,0.8969,0.0452,1960.53,1571.9,36.21,17.82,0.16,0.121,https://www.youtube.com/watch?v=G_U5L5oN3Ak
22400867,G_U5L5oN3Ak,mid-court-logo,315.2,1733,1806.2359,0.2269,0.1942,0.5055,0.2447,0.8426,0.1543,0.4581,0.3203,1.0,0.0009,0.8611,0.0557,907.79,539.46,28.39,16.87,1.651,1.229,https://www.youtube.com/watch?v=G_U5L5oN3Ak
22400867,G_U5L5oN3Ak,side-court-led-logo,500.6,3483,1969.7891,0.1231,0.1186,0.3389,0.124,0.8021,0.1188,0.471,0.3427,0.9619,0.164,0.9076,0.0435,710.03,484.21,27.75,16.89,0.924,1.956,https://www.youtube.com/watch?v=G_U5L5oN3Ak
22400867,G_U5L5oN3Ak,side-court-logo,516.4,2594,1317.258,0.1106,0.0619,0.288,0.0467,0.7832,0.0958,0.5063,0.2887,0.9999,0.0045,0.879,0.0289,1677.41,428.71,24.32,12.26,0.596,0.229,https://www.youtube.com/watch?v=G_U5L5oN3Ak
22400875,ZGXdv3Is8zU,mid-court-logo,387.6,2186,10503.697,0.1577,0.1597,0.4947,0.1732,0.8626,0.1236,0.3551,0.329,0.9993,0.0215,0.8856,0.0373,1006.76,265.39,33.56,17.04,1.501,0.748,https://www.youtube.com/watch?v=ZGXdv3Is8zU
22400875,ZGXdv3Is8zU,side-court-led-logo,411.8,3216,10713.5479,0.1093,0.1189,0.3232,0.122,0.7053,0.1227,0.4393,0.3185,0.9738,0.1386,0.9016,0.04,1062.93,785.76,28.49,15.42,0.774,0.947,https://www.youtube.com/watch?v=ZGXdv3Is8zU
22400875,ZGXdv3Is8zU,side-court-logo,411.0,2183,5540.4821,0.0833,0.0595,0.2922,0.0399,0.6446,0.0432,0.4524,0.3255,1.0,0.0,0.8854,0.0318,2126.92,481.0,27.32,14.65,0.619,0.148,https://www.youtube.com/watch?v=ZGXdv3Is8zU
22400875,ZGXdv3Is8zU,back-court-logo,369.6,1848,9720.9915,0.1726,0.118,0.3393,0.0488,0.8727,0.041,0.5683,0.3551,1.0,0.0,0.8778,0.0229,1164.26,240.53,23.04,16.96,0.829,0.205,https://www.youtube.com/watch?v=ZGXdv3Is8zU
22400875,ZGXdv3Is8zU,basket-logo,372.0,8602,8828.4693,0.0337,0.0376,0.1631,0.1017,0.4845,0.1276,0.3945,0.3089,0.9979,0.0416,0.9069,0.0432,1847.47,1112.12,32.19,17.57,0.214,0.134,https://www.youtube.com/watch?v=ZGXdv3Is8zU
22400875,zVjhsRK1yi0,mid-court-logo,389.0,2188,97.847,0.1576,0.1605,0.4942,0.1725,0.8631,0.1229,0.3551,0.3292,0.9998,0.0092,0.8854,0.0385,1045.17,272.19,33.63,17.05,1.498,0.748,https://www.youtube.com/watch?v=zVjhsRK1yi0
22400875,zVjhsRK1yi0,side-court-led-logo,413.6,3220,99.5983,0.109,0.1169,0.3223,0.1192,0.7053,0.1221,0.4403,0.3197,0.9783,0.126,0.9027,0.04,1104.82,794.9,28.39,15.44,0.764,0.928,https://www.youtube.com/watch?v=zVjhsRK1yi0
22400875,zVjhsRK1yi0,side-court-logo,412.6,2190,51.2375,0.0824,0.0596,0.2921,0.0419,0.6441,0.0427,0.4498,0.3276,0.9995,0.0211,0.8848,0.0328,2195.47,503.07,27.4,14.71,0.637,1.018,https://www.youtube.com/watch?v=zVjhsRK1yi0
22400875,zVjhsRK1yi0,back-court-logo,372.0,1860,91.4416,0.1732,0.1194,0.3384,0.0486,0.8726,0.0411,0.5714,0.3593,1.0,0.0,0.8779,0.0225,1205.04,261.0,22.93,17.15,0.825,0.206,https://www.youtube.com/watch?v=zVjhsRK1yi0
22400875,zVjhsRK1yi0,basket-logo,376.0,8638,83.3298,0.034,0.0377,0.1617,0.1026,0.4853,0.1284,0.3978,0.3106,0.9983,0.0361,0.907,0.0439,1911.15,1176.78,32.13,17.73,0.214,0.142,https://www.youtube.com/watch?v=zVjhsRK1yi0
22400875,eKupe3Je_Os,back-court-logo,349.0,1745,621.667,0.1792,0.1202,0.3461,0.0521,0.8748,0.042,0.5723,0.3448,0.9996,0.0142,0.8783,0.0251,1191.39,247.59,22.54,16.07,0.857,0.225,https://www.youtube.com/watch?v=eKupe3Je_Os
22400875,eKupe3Je_Os,basket-logo,349.0,7919,557.3231,0.0354,0.0367,0.1692,0.0968,0.4878,0.1202,0.3931,0.3045,0.9984,0.0326,0.9087,0.0384,1800.06,1081.05,31.81,16.86,0.215,0.119,https://www.youtube.com/watch?v=eKupe3Je_Os
22400875,eKupe3Je_Os,mid-court-logo,356.8,1968,602.4232,0.154,0.1537,0.5147,0.1742,0.8762,0.119,0.3449,0.3253,0.9963,0.0537,0.8823,0.0439,958.76,284.18,33.91,16.83,1.585,0.761,https://www.youtube.com/watch?v=eKupe3Je_Os
22400875,eKupe3Je_Os,side-court-led-logo,375.6,2890,607.4319,0.1057,0.1094,0.3166,0.1105,0.7074,0.1216,0.4417,0.3173,0.969,0.1477,0.8952,0.0471,1020.76,762.16,28.35,15.25,0.729,0.458,https://www.youtube.com/watch?v=eKupe3Je_Os
22400875,eKupe3Je_Os,side-court-logo,373.8,1939,329.8641,0.0856,0.0596,0.2949,0.0407,0.6473,0.0436,0.4643,0.3271,0.9995,0.0169,0.884,0.0339,2066.55,495.78,26.67,14.33,0.63,0.159,https://www.youtube.com/watch?v=eKupe3Je_Os
22400885,3RV9jthwF3w,side-court-led-logo,224.6,1123,4709.717,0.1243,0.1526,0.3608,0.2205,0.7927,0.2003,0.3593,0.2857,0.9843,0.1035,0.8761,0.0677,1401.36,1201.19,32.82,15.75,1.225,3.779,https://www.youtube.com/watch?v=3RV9jthwF3w
22400885,3RV9jthwF3w,mid-court-logo,504.2,2802,19545.6075,0.2068,0.2114,0.6315,0.2004,0.9726,0.0737,0.3279,0.3182,0.9987,0.0315,0.8973,0.0339,1552.28,466.97,35.14,16.89,2.162,0.981,https://www.youtube.com/watch?v=3RV9jthwF3w
22400885,3RV9jthwF3w,back-court-logo,457.8,2289,18474.5303,0.2393,0.1577,0.4714,0.0423,0.9141,0.0229,0.5573,0.362,1.0,0.0,0.9012,0.0183,1477.32,307.37,23.55,17.19,1.384,0.174,https://www.youtube.com/watch?v=3RV9jthwF3w
22400885,3RV9jthwF3w,basket-logo,453.2,12373,8693.4041,0.0208,0.031,0.1163,0.1086,0.3853,0.1105,0.3912,0.3163,0.9988,0.0295,0.9098,0.0323,3633.99,3060.86,32.8,18.24,0.16,0.089,https://www.youtube.com/watch?v=3RV9jthwF3w
22400885,3RV9jthwF3w,side-court-logo,2.6,13,4.7495,0.0108,0.0136,0.156,0.2247,0.7601,0.2994,0.1356,0.2158,0.9314,0.2377,0.707,0.0532,2006.0,1314.01,47.34,14.12,0.409,0.778,https://www.youtube.com/watch?v=3RV9jthwF3w
22400885,1LvWXxYNt2U,basket-logo,475.68,11830,12391.7783,0.021,0.0295,0.1191,0.1083,0.3924,0.12,0.391,0.3087,0.9998,0.0087,0.9079,0.0366,3613.51,1818.97,32.74,18.16,0.162,0.083,https://www.youtube.com/watch?v=1LvWXxYNt2U
22400885,1LvWXxYNt2U,side-court-led-logo,211.01,1054,6772.0784,0.1287,0.1639,0.3576,0.213,0.8245,0.2032,0.3495,0.3065,0.9917,0.0687,0.8811,0.0649,1255.7,696.81,34.59,17.88,1.4,4.505,https://www.youtube.com/watch?v=1LvWXxYNt2U
22400885,1LvWXxYNt2U,mid-court-logo,491.29,2686,27361.1578,0.2041,0.2248,0.6464,0.2051,0.9717,0.0958,0.307,0.3121,0.998,0.0381,0.8951,0.0367,1455.12,492.58,36.51,17.11,2.251,1.042,https://www.youtube.com/watch?v=1LvWXxYNt2U
22400885,1LvWXxYNt2U,back-court-logo,460.26,2303,28848.3781,0.251,0.1722,0.5014,0.0607,0.9228,0.0252,0.5481,0.369,0.9997,0.0145,0.8993,0.0227,1719.91,414.26,24.53,18.29,1.506,0.243,https://www.youtube.com/watch?v=1LvWXxYNt2U
22400885,1LvWXxYNt2U,side-court-logo,8.61,43,27.6002,0.0129,0.0303,0.0571,0.1058,0.4256,0.2737,0.2877,0.2945,1.0,0.0,0.7444,0.0696,3126.39,1091.69,38.29,17.91,0.158,0.155,https://www.youtube.com/watch?v=1LvWXxYNt2U
22400885,q2U7hqbZpdU,back-court-logo,432.0,2165,885.8915,0.237,0.1583,0.4767,0.0391,0.9137,0.0253,0.5463,0.3607,0.9996,0.0163,0.9003,0.0191,1287.47,267.79,24.27,17.5,1.406,0.159,https://www.youtube.com/watch?v=q2U7hqbZpdU
22400885,q2U7hqbZpdU,basket-logo,426.8,11569,418.7063,0.021,0.0294,0.1207,0.1074,0.385,0.1071,0.3814,0.3106,0.9991,0.0213,0.9088,0.0337,2846.76,2263.99,33.15,18.03,0.161,0.076,https://www.youtube.com/watch?v=q2U7hqbZpdU
22400885,q2U7hqbZpdU,mid-court-logo,465.2,2565,968.1173,0.2186,0.2232,0.6564,0.1898,0.9726,0.0729,0.3315,0.3204,0.9982,0.037,0.897,0.0324,1422.72,437.76,34.89,16.85,2.274,0.943,https://www.youtube.com/watch?v=q2U7hqbZpdU
22400885,q2U7hqbZpdU,side-court-led-logo,213.6,1069,219.8644,0.1191,0.1487,0.3386,0.2059,0.7778,0.2035,0.3657,0.2886,0.9748,0.1323,0.8754,0.0651,1265.65,1104.84,32.63,15.89,0.885,0.778,https://www.youtube.com/watch?v=q2U7hqbZpdU
22400885,q2U7hqbZpdU,side-court-logo,2.2,11,0.1237,0.0065,0.0206,0.0204,0.0644,0.3657,0.1684,0.3159,0.3037,1.0,0.0,0.6656,0.0407,2378.57,640.91,39.58,20.67,0.099,0.056,https://www.youtube.com/watch?v=q2U7hqbZpdU
22400867,T4seXvbJHmk,mid-court-logo,245.6,1342,92.5367,0.2494,0.2019,0.529,0.2442,0.8535,0.1432,0.4863,0.3223,0.9994,0.0144,0.8654,0.0493,821.88,485.45,26.87,16.33,1.761,1.242,https://www.youtube.com/watch?v=T4seXvbJHmk
22400867,T4seXvbJHmk,side-court-led-logo,387.2,2766,95.6997,0.1251,0.122,0.34,0.1349,0.7958,0.122,0.4688,0.3333,0.9647,0.1561,0.9086,0.0437,656.25,438.27,27.64,16.15,0.997,2.912,https://www.youtube.com/watch?v=T4seXvbJHmk
22400867,T4seXvbJHmk,side-court-logo,398.6,1998,57.501,0.1041,0.0574,0.2863,0.0457,0.7818,0.0952,0.4867,0.2856,0.9995,0.0202,0.8791,0.0282,1555.62,415.65,25.14,12.03,0.6,0.739,https://www.youtube.com/watch?v=T4seXvbJHmk
22400867,T4seXvbJHmk,back-court-logo,373.4,1867,122.4097,0.2371,0.1825,0.4536,0.093,0.9069,0.036,0.522,0.3454,1.0,0.0015,0.8654,0.0244,788.1,199.12,25.28,16.92,1.311,0.386,https://www.youtube.com/watch?v=T4seXvbJHmk
22400867,T4seXvbJHmk,basket-logo,369.8,13972,71.5109,0.0185,0.0302,0.0996,0.112,0.3621,0.1338,0.3383,0.2943,0.9983,0.0272,0.8946,0.0485,1813.54,1524.31,35.54,18.21,0.156,0.116,https://www.youtube.com/watch?v=T4seXvbJHmk
22400861,JzPWwAVEF9c,side-court-led-logo,473.0,3335,817.5756,0.1315,0.1388,0.3819,0.1628,0.8511,0.1094,0.3972,0.2945,0.971,0.1471,0.9095,0.0452,579.03,339.12,30.01,14.28,1.236,3.776,https://www.youtube.com/watch?v=JzPWwAVEF9c
22400861,JzPWwAVEF9c,side-court-logo,457.8,2294,780.591,0.1825,0.0913,0.3917,0.0667,0.8616,0.0671,0.5327,0.2567,1.0,0.0024,0.8873,0.0258,1463.56,347.22,23.57,11.69,1.056,0.27,https://www.youtube.com/watch?v=JzPWwAVEF9c
22400861,JzPWwAVEF9c,mid-court-logo,360.2,2017,787.9629,0.2096,0.2044,0.554,0.2186,0.9032,0.1155,0.3593,0.3155,0.9987,0.0301,0.866,0.0607,1251.75,541.49,33.22,16.81,1.826,1.098,https://www.youtube.com/watch?v=JzPWwAVEF9c
22400861,JzPWwAVEF9c,back-court-logo,422.6,2113,975.5492,0.2477,0.1628,0.4468,0.0715,0.8859,0.0366,0.5955,0.3486,1.0,0.0,0.8941,0.0193,1134.83,308.05,21.9,16.59,1.284,0.293,https://www.youtube.com/watch?v=JzPWwAVEF9c
22400861,JzPWwAVEF9c,basket-logo,415.4,11275,695.2139,0.0331,0.0325,0.1808,0.0904,0.4719,0.1167,0.3534,0.2783,0.9959,0.0506,0.9049,0.0373,1299.19,643.32,33.7,16.63,0.227,0.137,https://www.youtube.com/watch?v=JzPWwAVEF9c
22400861,KiBhnwsroBk,side-court-led-logo,459.4,3250,217.7637,0.1267,0.1315,0.3784,0.1592,0.8489,0.1112,0.3904,0.2902,0.967,0.1539,0.9074,0.0466,533.48,326.57,30.38,14.31,1.086,1.74,https://www.youtube.com/watch?v=KiBhnwsroBk
22400861,KiBhnwsroBk,side-court-logo,447.4,2241,216.9042,0.1831,0.0906,0.3929,0.0716,0.8618,0.0688,0.5328,0.252,1.0,0.0,0.8886,0.0231,1475.35,347.63,23.55,11.41,1.064,0.277,https://www.youtube.com/watch?v=KiBhnwsroBk
22400861,KiBhnwsroBk,mid-court-logo,343.0,1919,218.666,0.2155,0.2075,0.5613,0.2178,0.9052,0.1145,0.365,0.3121,0.9995,0.015,0.8673,0.0594,1225.55,563.99,32.71,16.4,1.856,1.087,https://www.youtube.com/watch?v=KiBhnwsroBk
22400861,KiBhnwsroBk,back-court-logo,413.2,2066,273.0953,0.25,0.1639,0.4513,0.0727,0.8856,0.0365,0.5962,0.346,1.0,0.0,0.8942,0.0181,1148.48,313.22,21.83,16.43,1.303,0.297,https://www.youtube.com/watch?v=KiBhnwsroBk
22400861,KiBhnwsroBk,basket-logo,406.2,11018,195.033,0.0335,0.0322,0.1854,0.0867,0.4714,0.1146,0.3535,0.2773,0.9944,0.0618,0.9033,0.0381,1180.05,644.14,33.53,16.36,0.23,0.175,https://www.youtube.com/watch?v=KiBhnwsroBk
22400860,IXgezAuBWio,back-court-logo,468.2,2341,736.3093,0.1441,0.1022,0.3094,0.0388,0.8432,0.0431,0.5321,0.3421,1.0,0.0,0.8757,0.0232,1274.2,254.48,24.21,15.9,0.694,0.168,https://www.youtube.com/watch?v=IXgezAuBWio
22400860,IXgezAuBWio,basket-logo,463.2,11713,646.6747,0.0253,0.0345,0.1324,0.1111,0.4618,0.1337,0.3516,0.2978,0.9994,0.0156,0.9048,0.0548,1731.99,999.66,33.88,16.77,0.194,0.12,https://www.youtube.com/watch?v=IXgezAuBWio
22400860,IXgezAuBWio,mid-court-logo,480.6,2644,949.6975,0.1646,0.1528,0.4931,0.1735,0.8689,0.1112,0.3851,0.3205,0.9998,0.0095,0.8878,0.0349,1074.31,306.55,31.85,16.56,1.49,0.741,https://www.youtube.com/watch?v=IXgezAuBWio
22400860,IXgezAuBWio,side-court-led-logo,494.8,4017,941.8563,0.1074,0.1019,0.2975,0.1075,0.6943,0.127,0.4792,0.3121,0.9704,0.155,0.8954,0.0464,1119.02,687.1,26.73,15.36,0.716,2.029,https://www.youtube.com/watch?v=IXgezAuBWio
22400860,IXgezAuBWio,side-court-logo,493.0,2563,506.5528,0.0906,0.0546,0.2815,0.0324,0.6348,0.0413,0.5191,0.3172,1.0,0.0,0.8831,0.0308,2138.91,488.79,24.2,13.99,0.565,0.127,https://www.youtube.com/watch?v=IXgezAuBWio
22400860,I_FVJ22JIcE,back-court-logo,424.4,2125,68.2181,0.1469,0.1033,0.3159,0.0365,0.8494,0.0416,0.53,0.3451,0.9999,0.0064,0.8771,0.0216,1417.88,313.32,24.37,15.94,0.724,0.159,https://www.youtube.com/watch?v=I_FVJ22JIcE
22400860,I_FVJ22JIcE,mid-court-logo,420.6,2266,82.419,0.1664,0.1608,0.4982,0.1758,0.8736,0.1086,0.3801,0.3283,0.9988,0.0297,0.8878,0.0356,1099.75,303.6,32.17,16.78,1.516,0.764,https://www.youtube.com/watch?v=I_FVJ22JIcE
22400860,I_FVJ22JIcE,side-court-led-logo,438.8,3466,78.6892,0.1039,0.0981,0.2929,0.0985,0.6938,0.1264,0.4699,0.313,0.9676,0.1627,0.8946,0.0465,1220.68,762.99,27.32,15.75,0.632,0.373,https://www.youtube.com/watch?v=I_FVJ22JIcE
22400860,I_FVJ22JIcE,side-court-logo,437.8,2244,45.1752,0.0921,0.0562,0.287,0.0352,0.6408,0.0424,0.5147,0.3162,0.9996,0.0204,0.8838,0.0338,2308.96,606.54,24.31,13.76,0.6,0.521,https://www.youtube.com/watch?v=I_FVJ22JIcE
22400860,I_FVJ22JIcE,basket-logo,420.4,10602,61.0673,0.0264,0.0338,0.1405,0.1089,0.4641,0.1334,0.3501,0.2966,0.999,0.0236,0.9044,0.054,1923.89,1111.7,34.03,16.8,0.197,0.117,https://www.youtube.com/watch?v=I_FVJ22JIcE
22400840,y1pWgsPDHrc,mid-court-logo,367.4,2061,2678.407,0.2058,0.2199,0.6635,0.2324,0.9197,0.1131,0.3548,0.2792,0.6691,0.4243,0.8695,0.0563,357.97,452.96,32.88,15.22,2.475,1.388,https://www.youtube.com/watch?v=y1pWgsPDHrc
22400840,y1pWgsPDHrc,side-court-led-logo,267.8,1339,1885.004,0.223,0.2319,0.4819,0.2708,0.8223,0.1693,0.4534,0.2909,0.9688,0.1664,0.89,0.0502,1321.48,706.84,27.35,13.48,1.717,2.417,https://www.youtube.com/watch?v=y1pWgsPDHrc
22400840,y1pWgsPDHrc,side-court-logo,480.4,2464,1868.65,0.1201,0.0974,0.3154,0.0557,0.9073,0.0916,0.4262,0.3397,1.0,0.0004,0.8955,0.0302,3178.07,834.18,29.13,15.91,0.728,0.211,https://www.youtube.com/watch?v=y1pWgsPDHrc
22400840,y1pWgsPDHrc,back-court-logo,453.8,2269,2787.0597,0.1945,0.1487,0.3684,0.0773,0.9259,0.0387,0.5339,0.3551,1.0,0.0,0.867,0.0257,1188.37,511.17,25.13,17.88,0.957,0.308,https://www.youtube.com/watch?v=y1pWgsPDHrc
22400840,y1pWgsPDHrc,basket-logo,433.0,10694,2287.8278,0.0339,0.0325,0.1889,0.085,0.5057,0.1024,0.327,0.2646,0.9718,0.14,0.8932,0.0493,1174.16,1023.98,34.97,16.44,0.239,0.113,https://www.youtube.com/watch?v=y1pWgsPDHrc
22400839,pjnU2RGOHNA,mid-court-logo,430.4,2300,677.3376,0.172,0.1691,0.551,0.206,0.8815,0.1213,0.3415,0.3066,0.9975,0.0388,0.8749,0.0559,767.0,304.94,34.43,16.92,1.781,1.023,https://www.youtube.com/watch?v=pjnU2RGOHNA
22400839,pjnU2RGOHNA,side-court-led-logo,379.6,1898,634.5474,0.1953,0.2323,0.5166,0.2615,0.8597,0.1544,0.3595,0.3355,0.9839,0.1164,0.8826,0.0581,774.74,502.87,34.29,18.41,1.948,1.913,https://www.youtube.com/watch?v=pjnU2RGOHNA
22400839,pjnU2RGOHNA,side-court-logo,564.0,2862,426.0109,0.087,0.0767,0.2961,0.0503,0.8725,0.1142,0.3542,0.3088,1.0,0.0,0.8891,0.025,3088.39,900.96,33.14,16.2,0.637,0.194,https://www.youtube.com/watch?v=pjnU2RGOHNA
22400839,pjnU2RGOHNA,back-court-logo,484.0,2420,1240.3438,0.2994,0.2237,0.5129,0.1382,0.9363,0.0381,0.5749,0.3597,1.0,0.0,0.8837,0.0289,1705.29,428.28,23.58,18.56,1.581,0.644,https://www.youtube.com/watch?v=pjnU2RGOHNA
22400839,pjnU2RGOHNA,basket-logo,455.0,11346,686.7697,0.0354,0.0363,0.1853,0.0909,0.4604,0.1158,0.3584,0.2881,0.994,0.0517,0.8831,0.0615,1168.7,752.86,34.56,18.38,0.241,0.14,https://www.youtube.com/watch?v=pjnU2RGOHNA
22400852,zhmIZTHN4BY,mid-court-logo,440.2,2568,22890.1955,0.1684,0.1533,0.3882,0.1185,0.9019,0.1163,0.4369,0.35,0.9985,0.028,0.8868,0.0282,844.02,230.36,30.06,18.35,1.038,0.477,https://www.youtube.com/watch?v=zhmIZTHN4BY
22400852,zhmIZTHN4BY,side-court-led-logo,266.2,1331,11085.5024,0.1574,0.1733,0.4127,0.2083,0.7458,0.1361,0.4102,0.2852,0.974,0.1474,0.8961,0.0419,1633.66,735.24,30.9,16.6,1.178,0.962,https://www.youtube.com/watch?v=zhmIZTHN4BY
22400852,zhmIZTHN4BY,back-court-logo,476.4,2382,46871.1575,0.3718,0.2997,0.7586,0.1165,0.9532,0.0177,0.4976,0.3782,1.0,0.0,0.8898,0.0208,998.46,198.15,27.05,18.96,2.779,0.753,https://www.youtube.com/watch?v=zhmIZTHN4BY
22400852,zhmIZTHN4BY,basket-logo,472.6,11261,13643.566,0.0229,0.0337,0.1362,0.113,0.3601,0.1266,0.3705,0.3114,0.9995,0.0175,0.9042,0.0401,3142.82,1509.36,33.76,18.08,0.195,0.183,https://www.youtube.com/watch?v=zhmIZTHN4BY
22400852,zhmIZTHN4BY,side-court-logo,1.4,7,4.7589,0.0128,0.0206,0.0646,0.1022,0.5602,0.2797,0.3102,0.2745,1.0,0.0,0.72,0.0568,811.66,167.35,36.99,16.97,0.159,0.072,https://www.youtube.com/watch?v=zhmIZTHN4BY
22400852,JYKorHWxMF0,mid-court-logo,456.8,2702,409.6948,0.1647,0.1481,0.3845,0.1211,0.8945,0.1203,0.4417,0.3481,0.999,0.0274,0.8833,0.0309,981.51,289.24,29.7,18.22,1.023,0.485,https://www.youtube.com/watch?v=JYKorHWxMF0
22400852,JYKorHWxMF0,side-court-led-logo,287.0,1435,206.9177,0.1566,0.1769,0.4102,0.212,0.7454,0.137,0.4154,0.2952,0.9767,0.1418,0.8946,0.043,1896.33,941.11,30.53,16.66,1.178,1.05,https://www.youtube.com/watch?v=JYKorHWxMF0
22400852,JYKorHWxMF0,back-court-logo,482.6,2414,826.3815,0.3718,0.2959,0.7362,0.1435,0.9508,0.0212,0.5151,0.3733,1.0,0.0,0.8911,0.0204,1120.81,281.15,25.91,18.33,2.67,0.836,https://www.youtube.com/watch?v=JYKorHWxMF0
22400852,JYKorHWxMF0,basket-logo,475.0,11267,233.1904,0.0225,0.0328,0.1307,0.1131,0.3555,0.124,0.3829,0.3094,0.9999,0.0053,0.903,0.0404,3439.96,1726.04,32.7,17.46,0.187,0.142,https://www.youtube.com/watch?v=JYKorHWxMF0
22400852,JYKorHWxMF0,side-court-logo,1.0,5,0.0742,0.0161,0.0322,0.0499,0.0998,0.4755,0.2632,0.3705,0.2059,1.0,0.0,0.732,0.0902,856.24,204.43,31.02,12.25,0.168,0.118,https://www.youtube.com/watch?v=JYKorHWxMF0
22400843,Ng0rUYR9hmg,back-court-logo,516.2,2592,1026.1788,0.1872,0.121,0.3474,0.0468,0.8931,0.0328,0.5854,0.3522,1.0,0.0,0.8986,0.0249,1236.02,256.27,21.95,16.37,0.87,0.18,https://www.youtube.com/watch?v=Ng0rUYR9hmg
22400843,Ng0rUYR9hmg,mid-court-logo,525.2,2934,1163.7547,0.1875,0.1811,0.5839,0.1713,0.9163,0.0944,0.3529,0.3104,0.9682,0.1394,0.8843,0.0433,449.73,268.94,32.86,15.46,1.904,0.821,https://www.youtube.com/watch?v=Ng0rUYR9hmg
22400843,Ng0rUYR9hmg,side-court-led-logo,379.6,1898,487.9573,0.1215,0.1464,0.3207,0.1698,0.753,0.1866,0.3795,0.3257,0.9621,0.1755,0.8998,0.0527,822.1,591.7,32.26,16.84,0.786,0.66,https://www.youtube.com/watch?v=Ng0rUYR9hmg
22400843,Ng0rUYR9hmg,side-court-logo,542.6,2820,659.298,0.1105,0.0677,0.2888,0.0336,0.8177,0.1063,0.4839,0.2974,1.0,0.0,0.9015,0.0168,1871.44,506.19,25.39,12.72,0.6,0.135,https://www.youtube.com/watch?v=Ng0rUYR9hmg
22400843,Ng0rUYR9hmg,basket-logo,495.4,12028,639.9111,0.0252,0.0319,0.1319,0.1055,0.4418,0.0632,0.3659,0.2928,0.9971,0.0404,0.8851,0.0343,1342.0,833.74,33.35,16.84,0.174,0.059,https://www.youtube.com/watch?v=Ng0rUYR9hmg
22400836,amzCQHizVrg,side-court-led-logo,463.6,3437,9033.5771,0.1284,0.119,0.3512,0.1259,0.8442,0.1102,0.4253,0.296,0.9817,0.1172,0.9101,0.0431,569.52,300.74,28.69,14.08,0.942,1.751,https://www.youtube.com/watch?v=amzCQHizVrg
22400836,amzCQHizVrg,mid-court-logo,348.2,1843,9138.6459,0.2422,0.204,0.5898,0.1983,0.9273,0.1015,0.4013,0.3068,0.9976,0.0378,0.865,0.0546,1124.9,427.77,30.67,15.83,1.962,0.958,https://www.youtube.com/watch?v=amzCQHizVrg
22400836,amzCQHizVrg,side-court-logo,452.6,2284,7988.1148,0.1708,0.0873,0.384,0.0598,0.8503,0.0599,0.5111,0.2457,1.0,0.0,0.8846,0.0271,1325.27,345.6,24.2,10.68,1.023,0.248,https://www.youtube.com/watch?v=amzCQHizVrg
22400836,amzCQHizVrg,back-court-logo,436.8,2184,9596.2275,0.2146,0.1703,0.4311,0.07,0.8745,0.0383,0.5285,0.3756,1.0,0.0,0.8964,0.0159,979.59,263.34,25.36,18.63,1.22,0.29,https://www.youtube.com/watch?v=amzCQHizVrg
22400836,amzCQHizVrg,basket-logo,432.4,11767,6546.6382,0.0272,0.0315,0.1665,0.0981,0.4604,0.116,0.3029,0.2863,0.9947,0.0604,0.9038,0.0393,1145.62,633.57,38.36,19.22,0.212,0.151,https://www.youtube.com/watch?v=amzCQHizVrg
22400841,XUFXGBYj-t4,mid-court-logo,531.0,2911,3227.3478,0.2347,0.2317,0.7276,0.1929,0.9279,0.0819,0.3369,0.3128,0.9998,0.0079,0.8845,0.0326,1784.18,586.03,34.51,16.62,2.832,1.329,https://www.youtube.com/watch?v=XUFXGBYj-t4
22400841,XUFXGBYj-t4,side-court-logo,532.8,2774,1881.7187,0.1436,0.0932,0.3459,0.0493,0.8667,0.093,0.4856,0.3084,1.0,0.0,0.8949,0.0236,2951.13,668.12,25.82,13.79,0.861,0.201,https://www.youtube.com/watch?v=XUFXGBYj-t4
22400841,XUFXGBYj-t4,side-court-led-logo,379.4,1902,1071.8513,0.1193,0.1553,0.3758,0.1922,0.7209,0.1913,0.3385,0.3004,0.9913,0.0781,0.8862,0.0492,1788.06,1127.49,34.84,17.11,1.14,3.244,https://www.youtube.com/watch?v=XUFXGBYj-t4
22400841,XUFXGBYj-t4,back-court-logo,496.2,2501,2236.0415,0.1893,0.1377,0.3979,0.0599,0.8811,0.0368,0.5288,0.3572,1.0,0.0,0.8781,0.0211,2298.97,466.41,24.69,17.02,1.082,0.244,https://www.youtube.com/watch?v=XUFXGBYj-t4
22400841,XUFXGBYj-t4,basket-logo,484.4,15769,1367.404,0.0184,0.0306,0.1028,0.1112,0.379,0.1265,0.3618,0.3153,0.9988,0.0253,0.9093,0.0315,2797.92,2025.89,34.31,18.24,0.163,0.111,https://www.youtube.com/watch?v=XUFXGBYj-t4
22400859,u2Vc_eXPpuE,mid-court-logo,404.4,2909,13656.8914,0.1153,0.1412,0.4625,0.1391,0.8802,0.1192,0.2607,0.2946,0.9981,0.0271,0.8712,0.051,666.22,552.45,38.74,16.24,1.342,0.604,https://www.youtube.com/watch?v=u2Vc_eXPpuE
22400859,u2Vc_eXPpuE,back-court-logo,387.79,1940,22044.0267,0.2791,0.1641,0.562,0.0521,0.9042,0.0201,0.5514,0.3136,0.9915,0.0632,0.8989,0.0202,361.51,91.89,23.68,15.07,1.752,0.215,https://www.youtube.com/watch?v=u2Vc_eXPpuE
22400859,u2Vc_eXPpuE,basket-logo,391.59,10923,9560.2054,0.0215,0.0301,0.1257,0.1173,0.3716,0.1555,0.3682,0.2838,0.9959,0.051,0.9095,0.0359,1355.67,1114.46,32.64,16.29,0.191,0.171,https://www.youtube.com/watch?v=u2Vc_eXPpuE
22400859,u2Vc_eXPpuE,side-court-led-logo,299.5,1499,5415.6327,0.0887,0.1467,0.3474,0.1866,0.7462,0.1705,0.256,0.2894,0.8548,0.3018,0.8563,0.07,306.27,190.88,38.99,16.23,0.884,0.891,https://www.youtube.com/watch?v=u2Vc_eXPpuE
22400859,u2Vc_eXPpuE,side-court-logo,353.95,1768,11576.031,0.1608,0.065,0.2893,0.0404,0.8274,0.0703,0.6718,0.2353,0.9948,0.0527,0.8416,0.0615,530.02,156.42,17.97,9.9,0.595,0.191,https://www.youtube.com/watch?v=u2Vc_eXPpuE
22400859,Dl8MFIbPHxU,mid-court-logo,401.0,2260,38847.8317,0.1768,0.1716,0.4726,0.1685,0.9192,0.1339,0.372,0.3124,0.9999,0.0031,0.8812,0.04,1459.45,497.81,32.07,15.7,1.414,0.737,https://www.youtube.com/watch?v=Dl8MFIbPHxU
22400859,Dl8MFIbPHxU,side-court-led-logo,288.0,1440,27349.0316,0.1954,0.2109,0.439,0.2192,0.8429,0.1603,0.4239,0.3155,0.9194,0.2498,0.8814,0.0604,1274.03,853.94,29.38,15.44,1.585,5.043,https://www.youtube.com/watch?v=Dl8MFIbPHxU
22400859,Dl8MFIbPHxU,side-court-logo,402.0,2011,29275.461,0.1498,0.0753,0.3019,0.0544,0.8369,0.0942,0.5917,0.2676,0.9973,0.0449,0.8484,0.0598,1474.75,486.7,21.37,11.89,0.673,0.752,https://www.youtube.com/watch?v=Dl8MFIbPHxU
22400859,Dl8MFIbPHxU,back-court-logo,433.8,2178,60402.2044,0.2853,0.2207,0.5983,0.1098,0.9165,0.0345,0.4961,0.3398,0.9995,0.0172,0.9009,0.0281,1065.93,285.54,26.61,17.06,1.932,0.528,https://www.youtube.com/watch?v=Dl8MFIbPHxU
22400859,Dl8MFIbPHxU,basket-logo,422.4,11230,21201.7128,0.0194,0.0299,0.1167,0.1168,0.3655,0.1521,0.3317,0.2823,0.9987,0.027,0.9094,0.0368,3833.01,2397.58,35.0,16.8,0.186,0.153,https://www.youtube.com/watch?v=Dl8MFIbPHxU
22400854,6yD2jcF3vkM,mid-court-logo,489.2,2626,2445.9416,0.24,0.2408,0.7251,0.2073,0.9282,0.0885,0.338,0.3123,0.9992,0.0274,0.8812,0.0354,1584.1,482.66,34.23,16.36,2.8,1.283,https://www.youtube.com/watch?v=6yD2jcF3vkM
22400854,6yD2jcF3vkM,side-court-logo,497.8,2548,1419.7837,0.1436,0.0894,0.3426,0.0504,0.8682,0.0738,0.4946,0.3059,0.9994,0.0235,0.8904,0.0289,2537.87,574.8,25.16,13.16,0.855,0.457,https://www.youtube.com/watch?v=6yD2jcF3vkM
22400854,6yD2jcF3vkM,side-court-led-logo,364.8,1824,784.1631,0.1108,0.138,0.3372,0.1744,0.7275,0.1812,0.3428,0.2977,0.9684,0.1577,0.8878,0.0554,1554.6,1035.61,34.19,16.46,0.848,0.775,https://www.youtube.com/watch?v=6yD2jcF3vkM
22400854,6yD2jcF3vkM,back-court-logo,473.2,2366,1751.2329,0.1908,0.1322,0.3892,0.0579,0.8767,0.0373,0.5481,0.3478,1.0,0.0,0.8787,0.0177,2107.01,416.29,23.87,16.66,1.047,0.237,https://www.youtube.com/watch?v=6yD2jcF3vkM
22400854,6yD2jcF3vkM,basket-logo,470.0,15246,1076.8658,0.0182,0.0309,0.0964,0.1111,0.3801,0.1309,0.3762,0.3088,0.9963,0.0501,0.9046,0.0389,2336.99,1866.18,33.01,17.41,0.161,0.149,https://www.youtube.com/watch?v=6yD2jcF3vkM
22400854,5BqEla-c4Pk,back-court-logo,424.2,2131,40.2614,0.1981,0.1267,0.386,0.0561,0.8761,0.0406,0.5829,0.3504,0.9973,0.0444,0.8763,0.0247,1846.06,429.48,22.55,16.91,1.033,0.248,https://www.youtube.com/watch?v=5BqEla-c4Pk
22400854,5BqEla-c4Pk,basket-logo,440.8,13628,27.5871,0.0212,0.0363,0.0984,0.1129,0.3858,0.1391,0.422,0.317,0.9954,0.0556,0.9021,0.0435,2066.87,1599.9,30.96,17.79,0.164,0.144,https://www.youtube.com/watch?v=5BqEla-c4Pk
22400854,5BqEla-c4Pk,mid-court-logo,442.8,2358,47.2555,0.2101,0.2318,0.6858,0.2021,0.9164,0.079,0.3172,0.3216,0.9983,0.0381,0.8807,0.0411,1380.73,430.32,35.66,17.0,2.585,1.549,https://www.youtube.com/watch?v=5BqEla-c4Pk
22400854,5BqEla-c4Pk,side-court-led-logo,335.0,1675,17.6198,0.1103,0.1541,0.3521,0.1879,0.6895,0.191,0.3177,0.31,0.9733,0.1402,0.8885,0.0565,1395.23,947.04,36.65,17.98,1.022,2.87,https://www.youtube.com/watch?v=5BqEla-c4Pk
22400854,5BqEla-c4Pk,side-court-logo,446.2,2277,29.3953,0.1354,0.0989,0.3482,0.0709,0.8578,0.0744,0.4577,0.3,0.9998,0.0081,0.89,0.0323,2122.18,510.81,26.55,12.89,0.881,0.412,https://www.youtube.com/watch?v=5BqEla-c4Pk
22400864,8QDu4Yu7KHs,back-court-logo,438.8,2194,19310.8669,0.3742,0.2717,0.707,0.1297,0.964,0.0184,0.5317,0.3566,0.9997,0.0098,0.901,0.0228,1078.88,294.37,25.46,18.16,2.496,0.756,https://www.youtube.com/watch?v=8QDu4Yu7KHs
22400864,8QDu4Yu7KHs,basket-logo,436.0,9591,4900.7475,0.0217,0.0317,0.1179,0.1163,0.3891,0.1354,0.3784,0.2743,0.9964,0.0472,0.9079,0.0399,2179.45,1443.84,31.76,15.31,0.185,0.184,https://www.youtube.com/watch?v=8QDu4Yu7KHs
22400864,8QDu4Yu7KHs,mid-court-logo,290.4,1617,4628.9502,0.1217,0.133,0.4566,0.1579,0.8113,0.1544,0.3877,0.3156,0.8076,0.3193,0.8559,0.0576,268.34,195.75,31.38,16.19,1.327,0.698,https://www.youtube.com/watch?v=8QDu4Yu7KHs
22400864,8QDu4Yu7KHs,side-court-led-logo,391.4,1960,9580.1271,0.2078,0.2356,0.5684,0.232,0.9261,0.0882,0.341,0.3124,0.9696,0.1557,0.8981,0.0546,1047.45,722.99,34.51,17.04,2.427,3.955,https://www.youtube.com/watch?v=8QDu4Yu7KHs
22400864,8QDu4Yu7KHs,side-court-logo,0.2,1,0.2325,0.0099,0.0,0.2066,0.0,0.9898,0.0,0.0483,0.0,1.0,0.0,0.6167,0.0,767.89,0.0,49.23,0.0,0.155,0.0,https://www.youtube.com/watch?v=8QDu4Yu7KHs
22400864,cAc2F1olhc0,side-court-led-logo,392.59,1963,9818.0966,0.1989,0.2426,0.5676,0.2332,0.9349,0.0857,0.307,0.31,0.9796,0.1221,0.8995,0.0493,1307.63,894.06,36.61,17.39,2.276,2.768,https://www.youtube.com/watch?v=cAc2F1olhc0
22400864,cAc2F1olhc0,basket-logo,447.45,10121,5798.4864,0.0228,0.0304,0.1194,0.1128,0.3887,0.1346,0.4,0.2719,0.9991,0.0218,0.9072,0.0405,2951.45,1844.54,30.37,14.7,0.181,0.124,https://www.youtube.com/watch?v=cAc2F1olhc0
22400864,cAc2F1olhc0,mid-court-logo,284.28,1545,5058.6219,0.1302,0.1336,0.4705,0.1571,0.8255,0.1555,0.3741,0.3253,0.8818,0.2587,0.856,0.0579,358.14,264.38,32.5,17.07,1.381,0.674,https://www.youtube.com/watch?v=cAc2F1olhc0
22400864,cAc2F1olhc0,back-court-logo,446.05,2231,22775.2808,0.406,0.2613,0.7163,0.1218,0.9636,0.0176,0.5704,0.3363,1.0,0.0002,0.9012,0.0219,1402.62,346.81,23.39,16.93,2.529,0.703,https://www.youtube.com/watch?v=cAc2F1olhc0
22400864,cAc2F1olhc0,side-court-logo,0.4,2,2.0217,0.0402,0.0015,0.3277,0.0693,0.8687,0.1279,0.1538,0.0486,1.0,0.0,0.7,0.0378,591.19,231.79,39.09,3.34,0.764,0.318,https://www.youtube.com/watch?v=cAc2F1olhc0
22400864,LfBx0hNWwUw,back-court-logo,399.2,2002,1351.6759,0.3685,0.2676,0.7162,0.1206,0.9628,0.0204,0.5189,0.3482,0.9989,0.0241,0.9015,0.025,992.61,268.7,25.81,17.45,2.54,0.739,https://www.youtube.com/watch?v=LfBx0hNWwUw
22400864,LfBx0hNWwUw,basket-logo,393.8,8586,319.2905,0.0203,0.028,0.1185,0.1129,0.3818,0.127,0.3662,0.2724,0.9955,0.0519,0.9062,0.0396,1902.85,1236.3,32.59,15.77,0.18,0.123,https://www.youtube.com/watch?v=LfBx0hNWwUw
22400864,LfBx0hNWwUw,mid-court-logo,249.4,1356,290.0217,0.1167,0.1432,0.4712,0.1611,0.8229,0.1562,0.3819,0.3189,0.7091,0.3773,0.8453,0.0635,253.61,231.9,32.0,16.71,1.39,0.709,https://www.youtube.com/watch?v=LfBx0hNWwUw
22400864,LfBx0hNWwUw,side-court-led-logo,353.4,1778,623.3879,0.1913,0.226,0.5529,0.2181,0.9334,0.0867,0.3167,0.3052,0.9735,0.1407,0.8997,0.0492,1046.38,643.3,35.81,16.86,2.061,2.782,https://www.youtube.com/watch?v=LfBx0hNWwUw
22400833,1a2k3bukCz4,back-court-logo,497.0,2485,2308.1639,0.1985,0.1301,0.3798,0.0579,0.8993,0.0339,0.57,0.3502,1.0,0.0,0.8786,0.0203,1703.49,376.13,23.02,16.73,1.006,0.239,https://www.youtube.com/watch?v=1a2k3bukCz4
22400833,1a2k3bukCz4,basket-logo,486.8,15541,1332.4253,0.0183,0.032,0.0951,0.1131,0.4016,0.1406,0.3821,0.3024,0.9985,0.033,0.9034,0.0345,2200.27,1718.25,32.85,17.59,0.171,0.126,https://www.youtube.com/watch?v=1a2k3bukCz4
22400833,1a2k3bukCz4,mid-court-logo,513.6,2759,2363.0983,0.1831,0.2024,0.5745,0.2231,0.8512,0.1398,0.3357,0.3193,0.9993,0.0167,0.8942,0.0377,978.83,328.96,34.26,16.38,1.912,1.063,https://www.youtube.com/watch?v=1a2k3bukCz4
22400833,1a2k3bukCz4,side-court-led-logo,430.2,2151,1662.0679,0.1651,0.2135,0.4326,0.2326,0.7509,0.1707,0.3526,0.3251,0.9604,0.1788,0.8994,0.0489,1333.75,1024.7,33.62,16.88,1.625,4.891,https://www.youtube.com/watch?v=1a2k3bukCz4
22400833,1a2k3bukCz4,side-court-logo,531.6,2740,1643.2821,0.1282,0.0899,0.3492,0.0519,0.8326,0.0883,0.4516,0.3075,0.9986,0.0323,0.8985,0.0216,2120.64,489.93,27.06,13.65,0.878,0.226,https://www.youtube.com/watch?v=1a2k3bukCz4
22400844,oKUKs_2JDtw,back-court-logo,471.6,2358,3416.3357,0.3398,0.2207,0.5726,0.115,0.9324,0.0271,0.6058,0.3384,1.0,0.0,0.9012,0.0228,1122.66,346.42,21.06,15.73,1.809,0.506,https://www.youtube.com/watch?v=oKUKs_2JDtw
22400844,oKUKs_2JDtw,basket-logo,458.0,12925,1225.0523,0.0222,0.0308,0.118,0.1124,0.3833,0.1271,0.3968,0.2941,0.9833,0.1078,0.9057,0.0391,1150.92,919.25,31.26,16.09,0.183,0.108,https://www.youtube.com/watch?v=oKUKs_2JDtw
22400844,oKUKs_2JDtw,mid-court-logo,457.0,2633,1535.0349,0.1368,0.1401,0.4388,0.1538,0.9013,0.1325,0.3422,0.3146,0.9997,0.0061,0.8824,0.0469,1010.88,375.27,34.24,16.8,1.253,0.63,https://www.youtube.com/watch?v=oKUKs_2JDtw
22400844,oKUKs_2JDtw,side-court-led-logo,305.8,1529,1105.2574,0.1696,0.1875,0.4425,0.231,0.8502,0.1344,0.3856,0.3133,0.9413,0.2173,0.8851,0.062,939.21,635.07,31.42,16.02,1.316,1.061,https://www.youtube.com/watch?v=oKUKs_2JDtw
22400846,7yMwEcKFcHs,basket-logo,426.2,10421,7873.812,0.0269,0.032,0.1497,0.108,0.4217,0.129,0.3351,0.2662,0.9994,0.0178,0.9077,0.039,4004.17,2124.9,34.13,15.69,0.207,0.123,https://www.youtube.com/watch?v=7yMwEcKFcHs
22400846,7yMwEcKFcHs,mid-court-logo,351.0,1972,9657.9805,0.1746,0.1705,0.4441,0.1521,0.848,0.123,0.3878,0.3261,0.9996,0.0138,0.8891,0.0406,1264.11,468.3,31.5,16.64,1.279,0.653,https://www.youtube.com/watch?v=7yMwEcKFcHs
22400846,7yMwEcKFcHs,side-court-led-logo,443.4,2992,10104.4758,0.1204,0.1092,0.3653,0.128,0.8445,0.1349,0.3992,0.3115,0.9962,0.0539,0.8894,0.0478,1542.63,865.57,30.74,15.75,1.119,3.365,https://www.youtube.com/watch?v=7yMwEcKFcHs
22400846,7yMwEcKFcHs,back-court-logo,431.2,2156,24414.8424,0.4036,0.2847,0.7162,0.1428,0.9604,0.0205,0.5479,0.3395,0.9998,0.0112,0.9027,0.0253,1669.45,399.72,23.63,15.78,2.631,1.062,https://www.youtube.com/watch?v=7yMwEcKFcHs
22400846,7yMwEcKFcHs,side-court-logo,0.2,1,0.0,0.0,0.0,0.0,0.0,0.2893,0.0,0.0105,0.0,1.0,0.0,0.7251,0.0,2156.97,0.0,60.35,0.0,0.096,0.0,https://www.youtube.com/watch?v=7yMwEcKFcHs
22400846,jUbI_t56eR0,back-court-logo,416.0,2082,1425.8783,0.3492,0.272,0.6875,0.1408,0.9545,0.0287,0.4973,0.3425,0.9996,0.0101,0.9003,0.0316,1607.97,399.43,26.23,16.51,2.453,0.995,https://www.youtube.com/watch?v=jUbI_t56eR0
22400846,jUbI_t56eR0,basket-logo,413.0,9619,441.0451,0.0234,0.0309,0.1412,0.1098,0.4093,0.1249,0.3161,0.2766,0.9983,0.0341,0.9057,0.0435,3275.11,1722.27,35.91,16.93,0.197,0.198,https://www.youtube.com/watch?v=jUbI_t56eR0
22400846,jUbI_t56eR0,mid-court-logo,364.4,1999,747.4795,0.1907,0.1838,0.477,0.1655,0.8633,0.1234,0.3968,0.3359,1.0,0.001,0.886,0.0394,1232.64,448.04,31.67,17.51,1.425,0.699,https://www.youtube.com/watch?v=jUbI_t56eR0
22400846,jUbI_t56eR0,side-court-led-logo,429.6,3014,711.379,0.1203,0.1123,0.3548,0.1228,0.8266,0.139,0.4119,0.3142,0.9987,0.0285,0.8847,0.0496,1353.11,734.17,30.13,15.78,0.911,0.746,https://www.youtube.com/watch?v=jUbI_t56eR0
22400846,jUbI_t56eR0,side-court-logo,1.0,5,0.3175,0.0324,0.0274,0.181,0.1598,0.5137,0.2912,0.4031,0.2219,0.9551,0.0899,0.6429,0.0202,1572.7,806.52,27.51,8.08,0.404,0.4,https://www.youtube.com/watch?v=jUbI_t56eR0
22400849,QCtn4eqfs0o,mid-court-logo,492.4,2704,252.6576,0.1466,0.155,0.516,0.1155,0.8805,0.1225,0.3179,0.3122,0.9993,0.0212,0.8857,0.0299,784.12,279.85,35.1,16.15,1.575,0.59,https://www.youtube.com/watch?v=QCtn4eqfs0o
22400849,QCtn4eqfs0o,side-court-led-logo,480.0,2400,179.2434,0.1172,0.158,0.4216,0.141,0.8431,0.1161,0.2755,0.303,0.9995,0.0203,0.9066,0.0318,810.43,254.39,38.44,17.17,1.253,2.461,https://www.youtube.com/watch?v=QCtn4eqfs0o
22400849,QCtn4eqfs0o,side-court-logo,491.2,2484,282.0811,0.1782,0.0704,0.3112,0.0342,0.9509,0.0268,0.6049,0.2355,0.999,0.0262,0.8727,0.0361,1005.29,287.01,20.26,9.79,0.717,0.598,https://www.youtube.com/watch?v=QCtn4eqfs0o
22400849,QCtn4eqfs0o,back-court-logo,467.6,2338,356.1619,0.239,0.1578,0.4983,0.043,0.8989,0.0218,0.5367,0.35,0.9997,0.0108,0.8993,0.0158,884.22,173.27,24.67,17.17,1.492,0.175,https://www.youtube.com/watch?v=QCtn4eqfs0o
22400849,QCtn4eqfs0o,basket-logo,464.8,13026,114.9788,0.0138,0.0247,0.0865,0.1068,0.3604,0.088,0.3773,0.3092,0.9983,0.0339,0.8833,0.0467,1875.69,1286.57,33.28,18.22,0.156,0.139,https://www.youtube.com/watch?v=QCtn4eqfs0o
22400849,-zQ1EvTBzW8,back-court-logo,386.79,1932,10854.3685,0.2389,0.1508,0.5077,0.0661,0.9008,0.024,0.5308,0.3346,0.9987,0.0288,0.8988,0.015,566.33,137.85,24.44,15.74,1.537,0.307,https://www.youtube.com/watch?v=-zQ1EvTBzW8
22400849,-zQ1EvTBzW8,basket-logo,391.39,10769,3556.8467,0.014,0.0245,0.0918,0.1088,0.3646,0.0933,0.3665,0.3022,0.9964,0.0482,0.8849,0.0447,1442.45,1145.66,33.14,17.05,0.162,0.094,https://www.youtube.com/watch?v=-zQ1EvTBzW8
22400849,-zQ1EvTBzW8,mid-court-logo,390.79,2943,8675.5856,0.1253,0.1373,0.491,0.1235,0.8201,0.1247,0.3019,0.3043,0.9979,0.0325,0.879,0.0485,708.99,464.49,36.26,16.47,1.466,0.517,https://www.youtube.com/watch?v=-zQ1EvTBzW8
22400849,-zQ1EvTBzW8,side-court-led-logo,378.78,1892,4031.7367,0.0906,0.1238,0.4031,0.1227,0.7501,0.1011,0.2538,0.2791,0.9962,0.0489,0.9033,0.035,486.11,192.48,39.4,16.43,1.11,0.575,https://www.youtube.com/watch?v=-zQ1EvTBzW8
22400849,-zQ1EvTBzW8,side-court-logo,383.58,1919,8303.1218,0.184,0.0738,0.3048,0.0418,0.9441,0.0323,0.6379,0.2288,0.9988,0.0217,0.8635,0.0425,637.95,194.85,18.76,8.9,0.669,0.191,https://www.youtube.com/watch?v=-zQ1EvTBzW8
22400847,khV8uIR06dw,mid-court-logo,251.4,1482,56.6518,0.1746,0.1822,0.4826,0.2198,0.783,0.2274,0.4222,0.3057,0.9997,0.0083,0.84,0.0667,822.46,351.21,29.54,15.8,1.49,1.02,https://www.youtube.com/watch?v=khV8uIR06dw
22400847,khV8uIR06dw,side-court-led-logo,429.4,2147,113.903,0.2423,0.2489,0.5593,0.2406,0.9753,0.0352,0.3702,0.3241,0.9978,0.034,0.888,0.0576,1617.83,724.27,32.75,16.89,2.189,3.392,https://www.youtube.com/watch?v=khV8uIR06dw
22400847,khV8uIR06dw,back-court-logo,440.6,2203,106.7502,0.2213,0.1505,0.3952,0.0662,0.9516,0.0267,0.5617,0.3413,1.0,0.0,0.8785,0.0288,2781.08,692.2,23.65,16.78,1.069,0.274,https://www.youtube.com/watch?v=khV8uIR06dw
22400847,khV8uIR06dw,basket-logo,421.2,11960,82.6491,0.0316,0.0381,0.1643,0.1147,0.4743,0.1577,0.3345,0.2621,0.9991,0.028,0.8997,0.045,3595.61,1654.08,34.4,16.06,0.257,0.205,https://www.youtube.com/watch?v=khV8uIR06dw
22400847,khV8uIR06dw,side-court-logo,0.2,1,0.0,0.0,0.0,0.0,0.0,0.3459,0.0,0.1506,0.0,1.0,0.0,0.6113,0.0,4601.04,0.0,38.91,0.0,0.111,0.0,https://www.youtube.com/watch?v=khV8uIR06dw
22400847,ZzsHn6Nchp8,mid-court-logo,251.2,1485,2711.1339,0.1791,0.1832,0.483,0.2185,0.7799,0.2285,0.4397,0.3077,0.9986,0.0272,0.8404,0.0646,759.19,352.46,28.68,15.55,1.491,1.017,https://www.youtube.com/watch?v=ZzsHn6Nchp8
22400847,ZzsHn6Nchp8,side-court-led-logo,431.4,2157,5425.8628,0.2468,0.2506,0.5588,0.244,0.9751,0.0357,0.3794,0.3297,0.9959,0.0597,0.8872,0.0591,1540.09,714.01,32.34,16.99,2.107,1.802,https://www.youtube.com/watch?v=ZzsHn6Nchp8
22400847,ZzsHn6Nchp8,back-court-logo,442.6,2213,4977.1509,0.2206,0.1523,0.3956,0.0679,0.9516,0.0271,0.5587,0.3452,1.0,0.0,0.8784,0.0279,2626.56,667.79,23.86,17.04,1.071,0.278,https://www.youtube.com/watch?v=ZzsHn6Nchp8
22400847,ZzsHn6Nchp8,basket-logo,421.6,12021,3863.0169,0.0315,0.0378,0.1646,0.1144,0.4739,0.1581,0.3326,0.2625,0.9991,0.0269,0.9,0.0456,3438.06,1600.36,34.65,16.26,0.257,0.197,https://www.youtube.com/watch?v=ZzsHn6Nchp8
22400847,ZzsHn6Nchp8,side-court-logo,0.4,2,0.4237,0.0208,0.0208,0.1157,0.1157,0.4035,0.0169,0.2722,0.1552,1.0,0.0,0.7146,0.0544,3455.01,80.09,33.75,7.67,0.214,0.085,https://www.youtube.com/watch?v=ZzsHn6Nchp8
22400842,U8S6zmZRRuA,mid-court-logo,461.4,2568,194.0499,0.1952,0.1936,0.598,0.2385,0.8683,0.1444,0.3616,0.3033,0.9993,0.024,0.8919,0.0449,1602.7,517.13,32.65,15.67,2.049,1.162,https://www.youtube.com/watch?v=U8S6zmZRRuA
22400842,U8S6zmZRRuA,side-court-led-logo,407.0,2035,137.8104,0.175,0.1997,0.431,0.2111,0.8006,0.1479,0.3979,0.3239,0.9968,0.0384,0.8979,0.0481,1414.12,645.6,31.1,16.45,1.746,5.273,https://www.youtube.com/watch?v=U8S6zmZRRuA
22400842,U8S6zmZRRuA,basket-logo,471.6,9084,108.0652,0.0307,0.0343,0.1682,0.0951,0.4779,0.1294,0.3557,0.3049,0.9997,0.0153,0.9154,0.0255,2354.57,1285.05,34.06,17.31,0.211,0.199,https://www.youtube.com/watch?v=U8S6zmZRRuA
22400842,U8S6zmZRRuA,side-court-logo,504.6,2579,156.2218,0.1565,0.0964,0.3615,0.0521,0.9019,0.0695,0.4952,0.3066,1.0,0.0,0.8847,0.0252,2768.82,635.25,25.08,13.27,0.927,0.218,https://www.youtube.com/watch?v=U8S6zmZRRuA
22400842,U8S6zmZRRuA,back-court-logo,481.2,2406,248.3849,0.2667,0.196,0.4988,0.0944,0.9304,0.0212,0.5475,0.3571,1.0,0.0,0.8928,0.0195,1849.41,380.83,23.71,16.88,1.509,0.653,https://www.youtube.com/watch?v=U8S6zmZRRuA
22400844,epNtnEfHZTs,back-court-logo,400.6,1933,259.365,0.3326,0.2281,0.579,0.0992,0.9333,0.0214,0.5808,0.3544,1.0,0.0004,0.9042,0.0167,1167.51,332.43,22.25,16.64,1.838,0.44,https://www.youtube.com/watch?v=epNtnEfHZTs
22400844,epNtnEfHZTs,basket-logo,392.1,10883,93.7847,0.0214,0.0306,0.1152,0.1124,0.3817,0.1277,0.3756,0.2994,0.9873,0.092,0.9075,0.0355,1290.02,1043.83,32.85,16.98,0.181,0.107,https://www.youtube.com/watch?v=epNtnEfHZTs
22400844,epNtnEfHZTs,mid-court-logo,397.08,2173,130.3521,0.1487,0.1506,0.4581,0.1552,0.9141,0.1244,0.3387,0.3109,0.9992,0.0228,0.8819,0.0486,1069.31,400.25,34.49,16.8,1.335,0.633,https://www.youtube.com/watch?v=epNtnEfHZTs
22400844,epNtnEfHZTs,side-court-led-logo,266.31,1286,97.8704,0.1887,0.1942,0.453,0.2242,0.8673,0.1299,0.4148,0.3104,0.9562,0.1899,0.8892,0.0606,1150.72,705.54,30.07,15.92,1.46,2.223,https://www.youtube.com/watch?v=epNtnEfHZTs
22400844,epNtnEfHZTs,side-court-logo,0.21,1,0.1048,0.2598,0.0,0.3524,0.0,0.9326,0.0,0.7907,0.0,1.0,0.0,0.7549,0.0,695.82,0.0,13.71,0.0,0.891,0.0,https://www.youtube.com/watch?v=epNtnEfHZTs
22400842,anwKdxk5KVA,back-court-logo,427.4,2151,661.6895,0.2488,0.1882,0.502,0.0887,0.9295,0.0215,0.5119,0.3481,0.9999,0.0028,0.8929,0.0198,1803.28,367.07,25.13,16.46,1.512,0.365,https://www.youtube.com/watch?v=anwKdxk5KVA
22400842,anwKdxk5KVA,basket-logo,417.8,8027,278.8311,0.0281,0.032,0.1728,0.0906,0.4747,0.1263,0.323,0.2955,0.9993,0.0201,0.9138,0.0265,1949.62,1076.25,35.72,17.15,0.208,0.078,https://www.youtube.com/watch?v=anwKdxk5KVA
22400842,anwKdxk5KVA,mid-court-logo,405.8,2250,570.027,0.2049,0.1979,0.581,0.2318,0.8575,0.1451,0.3862,0.3078,1.0,0.0016,0.8934,0.041,1530.25,458.11,31.35,15.56,1.947,1.087,https://www.youtube.com/watch?v=anwKdxk5KVA
22400842,anwKdxk5KVA,side-court-led-logo,346.8,1736,355.7273,0.1658,0.1832,0.415,0.2024,0.7803,0.1449,0.4103,0.3027,0.981,0.1152,0.8961,0.0451,1326.43,724.99,30.06,15.31,1.223,1.064,https://www.youtube.com/watch?v=anwKdxk5KVA
22400842,anwKdxk5KVA,side-court-logo,442.2,2266,473.2088,0.1689,0.098,0.3656,0.0551,0.8994,0.0735,0.5256,0.3036,1.0,0.0,0.8834,0.0272,2511.02,548.15,23.79,13.02,0.946,0.221,https://www.youtube.com/watch?v=anwKdxk5KVA
22400823,_zSbMWQ9sME,back-court-logo,478.0,2390,2585.0596,0.3434,0.2556,0.5968,0.1618,0.9467,0.0269,0.5643,0.3484,1.0,0.0007,0.8835,0.0247,1001.33,332.28,23.53,17.17,2.016,0.955,https://www.youtube.com/watch?v=_zSbMWQ9sME
22400823,_zSbMWQ9sME,basket-logo,462.2,12805,887.6607,0.022,0.0326,0.1151,0.1153,0.4075,0.1479,0.3529,0.2884,0.9846,0.0854,0.8931,0.0635,953.42,842.16,34.07,17.22,0.188,0.148,https://www.youtube.com/watch?v=_zSbMWQ9sME
22400823,_zSbMWQ9sME,mid-court-logo,371.8,1991,1054.6697,0.1682,0.1487,0.5103,0.157,0.8296,0.1591,0.3906,0.3116,0.9923,0.0582,0.8669,0.0568,511.98,233.65,31.21,16.02,1.558,0.702,https://www.youtube.com/watch?v=_zSbMWQ9sME
22400823,_zSbMWQ9sME,side-court-led-logo,342.4,1712,1045.9885,0.194,0.2114,0.533,0.2439,0.8198,0.1287,0.3729,0.3143,0.9983,0.0282,0.8905,0.0524,854.18,461.78,32.78,17.09,2.054,3.047,https://www.youtube.com/watch?v=_zSbMWQ9sME
22400823,_zSbMWQ9sME,side-court-logo,505.0,2590,985.5711,0.1208,0.097,0.3596,0.064,0.8848,0.0956,0.3924,0.3122,1.0,0.0,0.8981,0.0278,1721.94,623.15,30.73,15.38,0.915,0.275,https://www.youtube.com/watch?v=_zSbMWQ9sME
22400837,9lDWYFF_7XU,mid-court-logo,412.8,2331,829.7169,0.2488,0.2254,0.6241,0.2469,0.9316,0.1043,0.3985,0.3219,0.9999,0.0027,0.8737,0.0671,1032.99,477.52,30.95,16.2,2.273,1.384,https://www.youtube.com/watch?v=9lDWYFF_7XU
22400837,9lDWYFF_7XU,side-court-led-logo,515.8,3650,826.1937,0.1582,0.1196,0.3644,0.1196,0.9223,0.1089,0.4657,0.2948,0.9867,0.1058,0.9171,0.0398,1338.26,762.62,26.53,13.35,0.982,1.631,https://www.youtube.com/watch?v=9lDWYFF_7XU
22400837,9lDWYFF_7XU,back-court-logo,484.2,2421,955.2799,0.2758,0.2008,0.5065,0.0999,0.9197,0.0302,0.5548,0.3589,0.9992,0.0223,0.8856,0.0234,1422.94,329.7,23.79,17.24,1.566,0.865,https://www.youtube.com/watch?v=9lDWYFF_7XU
22400837,9lDWYFF_7XU,basket-logo,468.6,14246,506.0324,0.0248,0.0323,0.1433,0.1117,0.401,0.1374,0.3512,0.2961,0.9994,0.0177,0.9131,0.032,2401.37,1237.48,34.81,18.04,0.207,0.161,https://www.youtube.com/watch?v=9lDWYFF_7XU
22400837,9lDWYFF_7XU,side-court-logo,2.2,11,0.494,0.0314,0.0354,0.247,0.0191,0.7448,0.0664,0.1478,0.1643,1.0,0.0,0.6329,0.0207,704.66,90.75,50.05,18.91,0.383,0.101,https://www.youtube.com/watch?v=9lDWYFF_7XU
22400837,YPAvIJy1nWY,back-court-logo,406.61,2033,70.0826,0.234,0.1569,0.4387,0.0928,0.9019,0.0389,0.5777,0.3464,0.9986,0.036,0.8827,0.0268,1876.29,490.61,22.36,16.1,1.252,0.387,https://www.youtube.com/watch?v=YPAvIJy1nWY
22400837,YPAvIJy1nWY,basket-logo,387.79,11427,31.3984,0.0187,0.0309,0.0994,0.1125,0.3765,0.1372,0.4003,0.3048,0.9995,0.0175,0.9061,0.0437,3614.57,2008.74,31.5,16.77,0.168,0.114,https://www.youtube.com/watch?v=YPAvIJy1nWY
22400837,YPAvIJy1nWY,mid-court-logo,427.63,4140,114.1992,0.1873,0.189,0.565,0.2335,0.8491,0.1502,0.3752,0.3159,0.9841,0.0874,0.8696,0.0628,1059.81,589.22,32.01,16.03,1.907,1.187,https://www.youtube.com/watch?v=YPAvIJy1nWY
22400837,YPAvIJy1nWY,side-court-led-logo,451.65,3724,79.6158,0.1451,0.1183,0.3453,0.1284,0.8488,0.1405,0.4647,0.2992,0.9809,0.1264,0.9127,0.0394,1711.98,1091.41,26.98,14.13,0.929,2.337,https://www.youtube.com/watch?v=YPAvIJy1nWY
22400837,YPAvIJy1nWY,side-court-logo,1.2,6,0.2248,0.2544,0.3305,0.5677,0.3052,0.9516,0.1083,0.4687,0.339,0.8595,0.313,0.7362,0.1053,707.3,591.44,28.42,19.36,4.684,6.641,https://www.youtube.com/watch?v=YPAvIJy1nWY
22400831,zgJO-swUwz0,basket-logo,430.2,10864,3951.9751,0.0293,0.0405,0.1376,0.1091,0.5573,0.1709,0.3067,0.2762,0.9776,0.1359,0.8957,0.0545,1789.82,1894.2,37.24,18.08,0.187,0.109,https://www.youtube.com/watch?v=zgJO-swUwz0
22400831,zgJO-swUwz0,mid-court-logo,389.2,2153,4713.2131,0.1762,0.1735,0.5461,0.2032,0.9202,0.1054,0.3342,0.2973,0.9969,0.0451,0.8817,0.0536,1184.31,483.36,34.66,16.69,1.787,1.315,https://www.youtube.com/watch?v=zgJO-swUwz0
22400831,zgJO-swUwz0,side-court-led-logo,295.2,1489,3728.1092,0.2015,0.2353,0.4716,0.2647,0.8643,0.1435,0.4022,0.318,0.9416,0.2107,0.882,0.0629,1468.73,1311.81,31.08,16.94,1.852,3.585,https://www.youtube.com/watch?v=zgJO-swUwz0
22400831,zgJO-swUwz0,side-court-logo,0.8,4,1.5285,0.0308,0.0308,0.1075,0.1075,0.6192,0.2019,0.4978,0.0623,1.0,0.0,0.6869,0.067,1721.76,305.62,23.66,2.13,0.165,0.041,https://www.youtube.com/watch?v=zgJO-swUwz0
22400831,zqjQBruLJDg,mid-court-logo,359.4,1957,484.4054,0.1887,0.1817,0.5519,0.2037,0.9227,0.1039,0.3542,0.2986,0.9976,0.0386,0.8845,0.048,1107.5,410.53,33.28,16.19,1.778,0.957,https://www.youtube.com/watch?v=zqjQBruLJDg
22400831,zqjQBruLJDg,side-court-led-logo,273.0,1376,343.7332,0.1904,0.2167,0.4557,0.2469,0.865,0.142,0.401,0.3066,0.9694,0.154,0.8816,0.0586,1473.04,1253.46,31.06,16.5,1.58,1.675,https://www.youtube.com/watch?v=zqjQBruLJDg
22400831,zqjQBruLJDg,basket-logo,405.6,10025,368.3209,0.028,0.0391,0.1424,0.1076,0.5637,0.1658,0.283,0.2719,0.9771,0.1252,0.8899,0.0632,1550.91,1751.58,38.6,17.95,0.189,0.109,https://www.youtube.com/watch?v=zqjQBruLJDg
22400831,zqjQBruLJDg,side-court-logo,1.2,6,0.1587,0.0202,0.0143,0.3155,0.0694,0.9238,0.1051,0.0748,0.0469,0.9372,0.1404,0.7524,0.0576,676.63,496.41,47.96,7.9,0.707,0.32,https://www.youtube.com/watch?v=zqjQBruLJDg
22400831,zqjQBruLJDg,back-court-logo,0.2,1,0.5028,0.3833,0.0,0.4343,0.0,0.9185,0.0,0.961,0.0,1.0,0.0,0.6479,0.0,2072.61,0.0,5.64,0.0,1.236,0.0,https://www.youtube.com/watch?v=zqjQBruLJDg
22400821,HtV1UPpb9-I,side-court-led-logo,490.2,3544,3204.8245,0.1293,0.1346,0.3709,0.1493,0.8371,0.1133,0.4104,0.299,0.9767,0.1272,0.9121,0.0387,589.44,300.38,29.59,14.64,0.997,0.745,https://www.youtube.com/watch?v=HtV1UPpb9-I
22400821,HtV1UPpb9-I,mid-court-logo,377.4,2085,3071.069,0.2106,0.1975,0.5375,0.2082,0.8971,0.1155,0.3752,0.3219,0.9984,0.0342,0.8697,0.0605,1199.19,474.43,32.67,17.1,1.771,1.65,https://www.youtube.com/watch?v=HtV1UPpb9-I
22400821,HtV1UPpb9-I,side-court-logo,493.8,2482,3139.0479,0.1809,0.0958,0.3967,0.0763,0.8575,0.0775,0.5186,0.2586,1.0,0.0,0.8825,0.0307,1427.1,360.09,24.07,11.69,1.076,0.31,https://www.youtube.com/watch?v=HtV1UPpb9-I
22400821,HtV1UPpb9-I,back-court-logo,459.6,2306,3806.5916,0.2361,0.1721,0.4425,0.0836,0.8816,0.0413,0.5682,0.3634,1.0,0.0001,0.8924,0.0296,1093.71,309.4,23.46,17.79,1.267,0.351,https://www.youtube.com/watch?v=HtV1UPpb9-I
22400821,HtV1UPpb9-I,basket-logo,455.4,12128,2618.7484,0.0309,0.0329,0.1737,0.0967,0.4702,0.1205,0.3359,0.2844,0.9961,0.0512,0.9042,0.0376,1196.59,637.48,35.71,18.34,0.224,0.173,https://www.youtube.com/watch?v=HtV1UPpb9-I
22400855,tODJOMKrhvA,back-court-logo,475.6,2378,1575.0525,0.2749,0.1903,0.4922,0.1007,0.9286,0.0235,0.5676,0.3441,1.0,0.0,0.8908,0.0189,1719.91,385.66,22.96,16.49,1.472,0.426,https://www.youtube.com/watch?v=tODJOMKrhvA
22400855,tODJOMKrhvA,basket-logo,466.4,8899,692.2691,0.0323,0.0347,0.1627,0.0987,0.4763,0.1318,0.375,0.3058,0.9986,0.0308,0.9132,0.0268,2167.69,1142.9,32.74,16.97,0.208,0.139,https://www.youtube.com/watch?v=tODJOMKrhvA
22400855,tODJOMKrhvA,mid-court-logo,438.6,2493,1170.6452,0.1949,0.1976,0.5676,0.2318,0.8545,0.1489,0.3707,0.3177,0.9997,0.0114,0.8913,0.043,1517.36,553.28,32.35,16.19,1.888,1.109,https://www.youtube.com/watch?v=tODJOMKrhvA
22400855,tODJOMKrhvA,side-court-led-logo,362.0,1813,772.3258,0.1768,0.1944,0.4408,0.2236,0.7874,0.1658,0.3959,0.318,0.9914,0.0689,0.8872,0.0561,1234.64,783.6,31.22,16.36,1.594,4.143,https://www.youtube.com/watch?v=tODJOMKrhvA
22400855,tODJOMKrhvA,side-court-logo,501.0,2596,925.7319,0.148,0.093,0.3525,0.0622,0.8965,0.0879,0.4818,0.3025,1.0,0.0,0.8854,0.0303,2691.46,689.68,25.56,13.01,0.89,0.246,https://www.youtube.com/watch?v=tODJOMKrhvA
22400855,nz7KmGUdNno,mid-court-logo,379.38,3370,171.2866,0.1993,0.1865,0.5422,0.2148,0.8229,0.1596,0.4343,0.3288,0.9682,0.1379,0.8696,0.0713,1122.59,797.27,29.43,16.58,1.822,1.355,https://www.youtube.com/watch?v=nz7KmGUdNno
22400855,nz7KmGUdNno,side-court-led-logo,384.98,1924,99.0264,0.2018,0.2005,0.4666,0.2255,0.7853,0.1385,0.4411,0.3235,0.9949,0.0623,0.9063,0.045,1396.15,946.84,29.0,16.07,1.976,6.87,https://www.youtube.com/watch?v=nz7KmGUdNno
22400855,nz7KmGUdNno,side-court-logo,491.89,2528,96.7485,0.15,0.098,0.3675,0.074,0.8956,0.0974,0.4771,0.3068,0.9997,0.015,0.8862,0.0349,2605.94,780.87,26.2,13.91,0.96,0.377,https://www.youtube.com/watch?v=nz7KmGUdNno
22400855,nz7KmGUdNno,back-court-logo,462.86,2322,156.8902,0.2649,0.2177,0.5219,0.1204,0.9349,0.0312,0.4989,0.3587,0.9986,0.0286,0.8875,0.03,1490.16,511.02,26.51,17.67,1.628,0.744,https://www.youtube.com/watch?v=nz7KmGUdNno
22400855,nz7KmGUdNno,basket-logo,453.25,8283,67.0084,0.0317,0.0359,0.1722,0.0958,0.4888,0.1337,0.3269,0.3042,0.998,0.0346,0.9118,0.0288,2297.99,1630.03,36.09,18.11,0.222,0.116,https://www.youtube.com/watch?v=nz7KmGUdNno
22400838,Zf9j72KHRfM,back-court-logo,469.2,2352,4294.6806,0.2546,0.1946,0.4932,0.1017,0.9176,0.0307,0.5329,0.3642,1.0,0.0,0.8963,0.0208,1485.04,307.85,24.89,17.73,1.476,0.436,https://www.youtube.com/watch?v=Zf9j72KHRfM
22400838,Zf9j72KHRfM,basket-logo,461.6,12722,1954.5206,0.0214,0.0312,0.1158,0.1112,0.3942,0.1179,0.3595,0.3066,0.9994,0.0196,0.9081,0.0362,2152.01,1116.82,34.55,18.38,0.172,0.123,https://www.youtube.com/watch?v=Zf9j72KHRfM
22400838,Zf9j72KHRfM,mid-court-logo,470.6,2734,4444.0993,0.2267,0.2201,0.5658,0.2157,0.9627,0.0945,0.3848,0.3371,0.9994,0.0172,0.8919,0.038,1213.01,464.58,32.12,17.35,1.881,1.069,https://www.youtube.com/watch?v=Zf9j72KHRfM
22400838,Zf9j72KHRfM,side-court-led-logo,242.2,1211,1494.4841,0.1721,0.1882,0.3845,0.2166,0.8071,0.1905,0.4594,0.301,0.9965,0.0431,0.8906,0.0511,1515.23,834.25,27.61,14.85,1.747,7.286,https://www.youtube.com/watch?v=Zf9j72KHRfM
22400838,Zf9j72KHRfM,side-court-logo,3.8,19,2.6526,0.0195,0.0502,0.0468,0.0906,0.4038,0.212,0.2647,0.2617,1.0,0.0,0.7032,0.067,2546.15,722.52,36.51,13.51,0.12,0.069,https://www.youtube.com/watch?v=Zf9j72KHRfM
22400855,whBWIuJhNg0,mid-court-logo,420.83,2393,95.6318,0.1979,0.1945,0.5749,0.231,0.8598,0.1481,0.3693,0.309,0.9997,0.0112,0.8892,0.0436,1625.27,579.69,32.28,15.83,1.941,1.476,https://www.youtube.com/watch?v=whBWIuJhNg0
22400855,whBWIuJhNg0,side-court-logo,471.11,2422,71.7597,0.1467,0.0918,0.3536,0.0615,0.895,0.0881,0.4793,0.2997,1.0,0.0,0.8809,0.0349,2896.39,782.82,25.62,12.81,0.892,0.254,https://www.youtube.com/watch?v=whBWIuJhNg0
22400855,whBWIuJhNg0,back-court-logo,449.9,2228,121.9904,0.2711,0.1928,0.49,0.106,0.9272,0.0319,0.5624,0.3482,0.9999,0.0048,0.8899,0.0263,1852.71,433.36,23.23,16.69,1.47,0.596,https://www.youtube.com/watch?v=whBWIuJhNg0
22400855,whBWIuJhNg0,basket-logo,439.0,8274,53.0774,0.0318,0.0339,0.1635,0.0984,0.4756,0.1313,0.3686,0.3039,0.9988,0.0274,0.9126,0.0292,2243.65,1202.55,33.09,17.01,0.207,0.125,https://www.youtube.com/watch?v=whBWIuJhNg0
22400855,whBWIuJhNg0,side-court-led-logo,347.52,1722,64.6114,0.1858,0.2022,0.4454,0.2228,0.7973,0.1625,0.4088,0.3278,0.9955,0.052,0.887,0.0557,1374.52,807.58,30.72,16.67,1.673,4.588,https://www.youtube.com/watch?v=whBWIuJhNg0
22400838,SFr4kDQfm5Q,back-court-logo,401.0,2010,760.4767,0.2432,0.1896,0.4985,0.0884,0.9149,0.0275,0.5086,0.3614,0.9985,0.034,0.8963,0.0194,1311.5,271.91,26.08,17.74,1.496,0.369,https://www.youtube.com/watch?v=SFr4kDQfm5Q
22400838,SFr4kDQfm5Q,basket-logo,400.2,11021,335.3636,0.0196,0.0296,0.1173,0.1111,0.3914,0.1159,0.3303,0.2985,0.9988,0.0292,0.9068,0.0361,1981.14,1094.15,36.26,18.51,0.173,0.129,https://www.youtube.com/watch?v=SFr4kDQfm5Q
22400838,SFr4kDQfm5Q,mid-court-logo,405.0,2281,832.3597,0.2345,0.2275,0.6041,0.2108,0.9681,0.0835,0.3736,0.329,0.9984,0.0326,0.8916,0.0366,1110.98,396.29,32.65,17.15,2.061,1.076,https://www.youtube.com/watch?v=SFr4kDQfm5Q
22400838,SFr4kDQfm5Q,side-court-led-logo,216.8,1084,252.996,0.15,0.1703,0.3582,0.2096,0.8092,0.1884,0.4331,0.3051,0.9911,0.0791,0.8865,0.0559,1331.87,692.85,29.41,16.25,1.14,3.845,https://www.youtube.com/watch?v=SFr4kDQfm5Q
22400838,SFr4kDQfm5Q,side-court-logo,4.0,20,0.903,0.029,0.0562,0.0575,0.0995,0.4405,0.2435,0.3988,0.3174,1.0,0.0,0.695,0.0482,2427.02,823.18,31.48,16.56,0.142,0.087,https://www.youtube.com/watch?v=SFr4kDQfm5Q
22400853,GkNhK_kVeF0,mid-court-logo,410.2,2373,64.1899,0.1634,0.2034,0.589,0.2213,0.8954,0.1189,0.3736,0.3123,0.5708,0.4331,0.865,0.0589,233.45,343.62,32.24,16.36,2.011,1.163,https://www.youtube.com/watch?v=GkNhK_kVeF0
22400853,GkNhK_kVeF0,side-court-led-logo,288.8,1445,57.0193,0.2384,0.2352,0.492,0.2513,0.8015,0.1725,0.465,0.3048,0.9212,0.2564,0.8909,0.044,1241.29,722.62,27.19,14.99,1.812,3.736,https://www.youtube.com/watch?v=GkNhK_kVeF0
22400853,GkNhK_kVeF0,side-court-logo,480.2,2493,47.3941,0.1148,0.0848,0.3124,0.0482,0.8738,0.0931,0.4412,0.3276,0.9983,0.0382,0.8925,0.0301,3512.49,843.66,27.99,15.06,0.743,1.104,https://www.youtube.com/watch?v=GkNhK_kVeF0
22400853,GkNhK_kVeF0,back-court-logo,434.8,2174,59.9715,0.1667,0.1217,0.3366,0.0503,0.9092,0.0403,0.5289,0.3594,1.0,0.0016,0.8685,0.0218,1519.8,540.27,25.45,18.18,0.826,0.503,https://www.youtube.com/watch?v=GkNhK_kVeF0
22400853,GkNhK_kVeF0,basket-logo,414.8,10336,50.8884,0.0297,0.0326,0.1591,0.1001,0.4786,0.1049,0.3566,0.2827,0.9642,0.1569,0.89,0.0541,1158.99,1152.25,33.3,16.18,0.205,0.097,https://www.youtube.com/watch?v=GkNhK_kVeF0
22400853,HkNM_J3FedY,mid-court-logo,412.2,2388,358.1089,0.1686,0.209,0.5866,0.2207,0.8962,0.1164,0.3685,0.3142,0.6078,0.4298,0.8648,0.0603,256.35,356.09,32.62,16.54,1.998,1.161,https://www.youtube.com/watch?v=HkNM_J3FedY
22400853,HkNM_J3FedY,side-court-led-logo,290.4,1454,295.6023,0.2286,0.2332,0.491,0.2509,0.8003,0.1738,0.4463,0.3058,0.9223,0.2572,0.8914,0.0457,1314.59,780.71,28.19,15.39,1.944,5.04,https://www.youtube.com/watch?v=HkNM_J3FedY
22400853,HkNM_J3FedY,side-court-logo,480.8,2492,247.4731,0.1116,0.0825,0.3101,0.0443,0.8732,0.0923,0.4323,0.3263,0.9989,0.0286,0.8935,0.0268,3682.7,898.62,28.38,15.0,0.713,0.591,https://www.youtube.com/watch?v=HkNM_J3FedY
22400853,HkNM_J3FedY,back-court-logo,437.0,2185,331.296,0.1705,0.121,0.3343,0.0484,0.9089,0.0407,0.5458,0.3606,1.0,0.0,0.8677,0.0252,1627.59,551.4,24.66,18.17,0.808,0.2,https://www.youtube.com/watch?v=HkNM_J3FedY
22400853,HkNM_J3FedY,basket-logo,415.4,10403,280.2467,0.0303,0.0327,0.1573,0.1012,0.4783,0.1057,0.3656,0.2804,0.9719,0.1418,0.8907,0.0524,1343.54,1266.72,32.74,15.93,0.205,0.099,https://www.youtube.com/watch?v=HkNM_J3FedY
22400853,fsvTBau3HVY,mid-court-logo,162.76,1004,14.1483,0.1665,0.2045,0.5857,0.2281,0.8794,0.1338,0.3653,0.3073,0.6592,0.4144,0.8662,0.0576,301.56,381.76,32.6,16.09,2.029,1.228,https://www.youtube.com/watch?v=fsvTBau3HVY
22400853,fsvTBau3HVY,side-court-led-logo,125.53,627,13.401,0.2526,0.2576,0.5014,0.2592,0.7952,0.1953,0.4595,0.3333,0.9619,0.1813,0.8833,0.0576,1728.92,913.41,27.61,15.72,1.653,1.271,https://www.youtube.com/watch?v=fsvTBau3HVY
22400853,fsvTBau3HVY,side-court-logo,191.99,1026,9.0489,0.1042,0.0757,0.3057,0.0341,0.8646,0.1029,0.4068,0.2981,1.0,0.0,0.8899,0.034,4365.56,1156.44,29.2,13.82,0.678,0.146,https://www.youtube.com/watch?v=fsvTBau3HVY
22400853,fsvTBau3HVY,back-court-logo,168.57,842,12.6204,0.1771,0.12,0.3407,0.0463,0.915,0.0408,0.5536,0.3466,1.0,0.0,0.8683,0.0227,2018.1,671.82,24.83,18.55,0.838,0.188,https://www.youtube.com/watch?v=fsvTBau3HVY
22400853,fsvTBau3HVY,basket-logo,164.96,3919,10.0739,0.0304,0.0311,0.1647,0.0976,0.4844,0.1116,0.3638,0.2666,0.9775,0.1279,0.8875,0.0625,1592.43,1429.99,32.08,14.72,0.208,0.102,https://www.youtube.com/watch?v=fsvTBau3HVY
22400835,BDKnDgHMk2g,back-court-logo,450.4,2257,83802.529,0.3282,0.2422,0.645,0.1164,0.9258,0.0315,0.5312,0.3526,0.9986,0.0279,0.9001,0.0195,544.72,101.57,25.06,17.52,2.147,0.585,https://www.youtube.com/watch?v=BDKnDgHMk2g
22400835,BDKnDgHMk2g,basket-logo,446.0,11592,31995.6772,0.0244,0.0331,0.1369,0.116,0.3849,0.1512,0.3616,0.2877,0.9988,0.0256,0.9098,0.0353,1982.14,1318.04,33.62,17.33,0.205,0.165,https://www.youtube.com/watch?v=BDKnDgHMk2g
22400835,BDKnDgHMk2g,mid-court-logo,426.6,2290,41614.892,0.1606,0.1714,0.4844,0.1683,0.9248,0.1072,0.3192,0.3079,0.9991,0.0229,0.8762,0.049,863.99,280.6,35.42,16.57,1.46,0.755,https://www.youtube.com/watch?v=BDKnDgHMk2g
22400835,BDKnDgHMk2g,side-court-led-logo,268.6,1343,23588.4699,0.1552,0.1762,0.4338,0.2271,0.7946,0.1584,0.3711,0.3043,0.9952,0.0535,0.8813,0.0504,879.1,508.83,32.1,15.58,1.402,1.853,https://www.youtube.com/watch?v=BDKnDgHMk2g
22400835,BDKnDgHMk2g,side-court-logo,434.4,2180,40582.2638,0.1645,0.0754,0.3291,0.0701,0.8799,0.0675,0.5817,0.2535,0.9947,0.0689,0.8477,0.061,817.58,213.56,21.26,10.45,0.817,0.807,https://www.youtube.com/watch?v=BDKnDgHMk2g
22400830,9N7NcWEPUNI,back-court-logo,489.4,2447,3051.8312,0.3129,0.2431,0.5886,0.14,0.9609,0.0244,0.5248,0.3576,1.0,0.0,0.9011,0.0247,1942.36,405.94,25.46,17.66,1.914,0.706,https://www.youtube.com/watch?v=9N7NcWEPUNI
22400830,9N7NcWEPUNI,basket-logo,444.2,10212,752.0161,0.0185,0.0327,0.1057,0.1134,0.4014,0.1225,0.3128,0.2743,0.9995,0.016,0.9036,0.039,3585.08,2201.44,37.07,18.27,0.17,0.143,https://www.youtube.com/watch?v=9N7NcWEPUNI
22400830,9N7NcWEPUNI,mid-court-logo,471.6,2668,2009.8286,0.189,0.1745,0.5471,0.214,0.9108,0.1166,0.3891,0.3268,0.9993,0.0252,0.8886,0.0375,1434.5,576.65,31.81,17.04,1.779,1.028,https://www.youtube.com/watch?v=9N7NcWEPUNI
22400830,9N7NcWEPUNI,side-court-led-logo,368.2,1841,1244.5052,0.1696,0.1719,0.4093,0.1685,0.8612,0.14,0.401,0.3398,0.9961,0.047,0.8934,0.0449,1329.34,836.24,31.46,17.61,1.154,0.884,https://www.youtube.com/watch?v=9N7NcWEPUNI
22400830,9N7NcWEPUNI,side-court-logo,0.8,4,0.009,0.0006,0.001,0.1274,0.2207,0.4873,0.3047,0.0494,0.0444,1.0,0.0,0.6744,0.0771,1682.19,442.98,53.05,9.35,0.437,0.637,https://www.youtube.com/watch?v=9N7NcWEPUNI
22400830,1kPPtJAZngY,side-court-led-logo,374.6,1874,99.4852,0.1793,0.1823,0.4252,0.1778,0.8701,0.1394,0.3987,0.3384,0.9976,0.0354,0.8922,0.0458,1557.27,1046.31,31.71,17.67,1.257,1.111,https://www.youtube.com/watch?v=1kPPtJAZngY
22400830,1kPPtJAZngY,mid-court-logo,473.2,2691,148.7745,0.1868,0.1764,0.5562,0.2125,0.916,0.1137,0.3742,0.3232,0.9994,0.023,0.8871,0.0398,1502.17,626.48,32.64,16.92,1.821,1.023,https://www.youtube.com/watch?v=1kPPtJAZngY
22400830,1kPPtJAZngY,back-court-logo,485.4,2427,227.3307,0.3164,0.2439,0.5933,0.1332,0.9614,0.0224,0.5234,0.3598,1.0,0.0,0.9014,0.0219,2053.83,435.48,25.55,17.92,1.934,0.677,https://www.youtube.com/watch?v=1kPPtJAZngY
22400830,1kPPtJAZngY,basket-logo,444.8,10262,58.1836,0.0192,0.034,0.1064,0.1131,0.4023,0.1216,0.3108,0.2737,0.9997,0.0128,0.9043,0.0377,3758.31,2281.2,37.16,18.21,0.17,0.14,https://www.youtube.com/watch?v=1kPPtJAZngY
22400830,1kPPtJAZngY,side-court-logo,0.6,3,0.0018,0.0021,0.0017,0.387,0.2846,0.7447,0.3611,0.0086,0.0049,1.0,0.0,0.68,0.0416,1267.65,179.94,62.55,3.51,1.252,0.889,https://www.youtube.com/watch?v=1kPPtJAZngY
