game_id,video_id,exposure_zone,exposure_time_seconds,average_box_area_pixels,video_url
22500050,qCZWwFr0pA0,side-court-led-logo,512.2,2018.4,https://www.youtube.com/watch?v=qCZWwFr0pA0
22500050,qCZWwFr0pA0,mid-court-logo,489.6,3719.37,https://www.youtube.com/watch?v=qCZWwFr0pA0
22500050,qCZWwFr0pA0,side-court-logo,396.2,1783.58,https://www.youtube.com/watch?v=qCZWwFr0pA0
22500050,qCZWwFr0pA0,back-court-logo,460.0,2807.39,https://www.youtube.com/watch?v=qCZWwFr0pA0
22500050,qCZWwFr0pA0,basket-logo,445.8,630.69,https://www.youtube.com/watch?v=qCZWwFr0pA0
22500049,qSBc8l9PaNc,side-court-led-logo,499.2,2172.09,https://www.youtube.com/watch?v=qSBc8l9PaNc
22500049,qSBc8l9PaNc,back-court-logo,327.6,2762.6,https://www.youtube.com/watch?v=qSBc8l9PaNc
22500049,qSBc8l9PaNc,mid-court-logo,358.4,1724.08,https://www.youtube.com/watch?v=qSBc8l9PaNc
22500049,qSBc8l9PaNc,side-court-logo,313.8,2084.69,https://www.youtube.com/watch?v=qSBc8l9PaNc
22500049,qSBc8l9PaNc,basket-logo,461.2,534.5,https://www.youtube.com/watch?v=qSBc8l9PaNc
22500049,ML9M5PvwKD4,side-court-led-logo,542.2,4002.25,https://www.youtube.com/watch?v=ML9M5PvwKD4
22500049,ML9M5PvwKD4,mid-court-logo,155.8,3080.11,https://www.youtube.com/watch?v=ML9M5PvwKD4
22500049,ML9M5PvwKD4,side-court-logo,255.8,3466.29,https://www.youtube.com/watch?v=ML9M5PvwKD4
22500049,ML9M5PvwKD4,basket-logo,461.8,848.93,https://www.youtube.com/watch?v=ML9M5PvwKD4
22500049,ML9M5PvwKD4,back-court-logo,291.4,6283.59,https://www.youtube.com/watch?v=ML9M5PvwKD4
22500055,Slm2bcNEtQ4,basket-logo,441.6,469.16,https://www.youtube.com/watch?v=Slm2bcNEtQ4
22500055,Slm2bcNEtQ4,back-court-logo,448.2,1938.27,https://www.youtube.com/watch?v=Slm2bcNEtQ4
22500055,Slm2bcNEtQ4,side-court-logo,441.4,1097.36,https://www.youtube.com/watch?v=Slm2bcNEtQ4
22500055,Slm2bcNEtQ4,side-court-led-logo,276.0,3077.81,https://www.youtube.com/watch?v=Slm2bcNEtQ4
22500055,Slm2bcNEtQ4,mid-court-logo,164.0,3633.35,https://www.youtube.com/watch?v=Slm2bcNEtQ4
22500055,wx7dYcJpYQ8,basket-logo,442.2,472.47,https://www.youtube.com/watch?v=wx7dYcJpYQ8
22500055,wx7dYcJpYQ8,back-court-logo,449.0,1967.2,https://www.youtube.com/watch?v=wx7dYcJpYQ8
22500055,wx7dYcJpYQ8,side-court-logo,435.4,1099.47,https://www.youtube.com/watch?v=wx7dYcJpYQ8
22500055,wx7dYcJpYQ8,side-court-led-logo,271.4,2978.17,https://www.youtube.com/watch?v=wx7dYcJpYQ8
22500055,wx7dYcJpYQ8,mid-court-logo,143.2,3615.8,https://www.youtube.com/watch?v=wx7dYcJpYQ8
22500254,ufHTyCB3kEQ,basket-logo,435.8,359.99,https://www.youtube.com/watch?v=ufHTyCB3kEQ
22500254,ufHTyCB3kEQ,mid-court-logo,437.0,4251.72,https://www.youtube.com/watch?v=ufHTyCB3kEQ
22500254,ufHTyCB3kEQ,side-court-led-logo,444.0,4759.54,https://www.youtube.com/watch?v=ufHTyCB3kEQ
22500254,ufHTyCB3kEQ,side-court-logo,433.6,956.47,https://www.youtube.com/watch?v=ufHTyCB3kEQ
22500254,ufHTyCB3kEQ,back-court-logo,448.6,2796.73,https://www.youtube.com/watch?v=ufHTyCB3kEQ
22500254,zgBXRPj-c8A,side-court-led-logo,357.2,4592.1,https://www.youtube.com/watch?v=zgBXRPj-c8A
22500254,zgBXRPj-c8A,mid-court-logo,355.6,4352.64,https://www.youtube.com/watch?v=zgBXRPj-c8A
22500254,zgBXRPj-c8A,side-court-logo,331.4,947.64,https://www.youtube.com/watch?v=zgBXRPj-c8A
22500254,zgBXRPj-c8A,back-court-logo,345.0,2748.19,https://www.youtube.com/watch?v=zgBXRPj-c8A
22500254,zgBXRPj-c8A,basket-logo,370.6,364.22,https://www.youtube.com/watch?v=zgBXRPj-c8A
22500248,6B8CSUezAe0,side-court-led-logo,531.6,2221.7,https://www.youtube.com/watch?v=6B8CSUezAe0
22500248,6B8CSUezAe0,basket-logo,489.6,485.23,https://www.youtube.com/watch?v=6B8CSUezAe0
22500248,6B8CSUezAe0,back-court-logo,498.2,5338.5,https://www.youtube.com/watch?v=6B8CSUezAe0
22500248,6B8CSUezAe0,mid-court-logo,470.0,2467.39,https://www.youtube.com/watch?v=6B8CSUezAe0
22500248,6B8CSUezAe0,side-court-logo,486.2,2362.43,https://www.youtube.com/watch?v=6B8CSUezAe0
22500248,wgE85ARs1vU,side-court-led-logo,608.0,2433.41,https://www.youtube.com/watch?v=wgE85ARs1vU
22500248,wgE85ARs1vU,mid-court-logo,529.8,2475.2,https://www.youtube.com/watch?v=wgE85ARs1vU
22500248,wgE85ARs1vU,back-court-logo,576.0,5528.89,https://www.youtube.com/watch?v=wgE85ARs1vU
22500248,wgE85ARs1vU,side-court-logo,551.4,2452.05,https://www.youtube.com/watch?v=wgE85ARs1vU
22500248,wgE85ARs1vU,basket-logo,578.4,496.29,https://www.youtube.com/watch?v=wgE85ARs1vU
22500248,qX3BuH6Bfac,back-court-logo,517.2,5507.81,https://www.youtube.com/watch?v=qX3BuH6Bfac
22500248,qX3BuH6Bfac,basket-logo,517.8,496.98,https://www.youtube.com/watch?v=qX3BuH6Bfac
22500248,qX3BuH6Bfac,side-court-led-logo,545.4,2302.8,https://www.youtube.com/watch?v=qX3BuH6Bfac
22500248,qX3BuH6Bfac,mid-court-logo,470.0,2414.15,https://www.youtube.com/watch?v=qX3BuH6Bfac
22500248,qX3BuH6Bfac,side-court-logo,507.2,2379.76,https://www.youtube.com/watch?v=qX3BuH6Bfac
22500256,e3bmXlMGvQM,basket-logo,434.4,504.62,https://www.youtube.com/watch?v=e3bmXlMGvQM
22500256,e3bmXlMGvQM,back-court-logo,448.6,3764.85,https://www.youtube.com/watch?v=e3bmXlMGvQM
22500256,e3bmXlMGvQM,side-court-led-logo,483.6,2713.65,https://www.youtube.com/watch?v=e3bmXlMGvQM
22500256,e3bmXlMGvQM,mid-court-logo,332.8,4721.06,https://www.youtube.com/watch?v=e3bmXlMGvQM
22500256,6fs97jNcbVY,basket-logo,495.8,471.31,https://www.youtube.com/watch?v=6fs97jNcbVY
22500256,6fs97jNcbVY,back-court-logo,511.0,3488.78,https://www.youtube.com/watch?v=6fs97jNcbVY
22500256,6fs97jNcbVY,side-court-led-logo,540.4,1968.25,https://www.youtube.com/watch?v=6fs97jNcbVY
22500256,6fs97jNcbVY,mid-court-logo,401.0,4728.03,https://www.youtube.com/watch?v=6fs97jNcbVY
22500256,Tv4mSeN1D5c,basket-logo,434.2,502.46,https://www.youtube.com/watch?v=Tv4mSeN1D5c
22500256,Tv4mSeN1D5c,back-court-logo,447.6,3730.84,https://www.youtube.com/watch?v=Tv4mSeN1D5c
22500256,Tv4mSeN1D5c,side-court-led-logo,483.6,2716.36,https://www.youtube.com/watch?v=Tv4mSeN1D5c
22500256,Tv4mSeN1D5c,mid-court-logo,332.4,4855.52,https://www.youtube.com/watch?v=Tv4mSeN1D5c
22500256,Tv4mSeN1D5c,side-court-logo,1.0,5986.16,https://www.youtube.com/watch?v=Tv4mSeN1D5c
22500252,KnkDbjP9t4Y,side-court-led-logo,537.0,6773.59,https://www.youtube.com/watch?v=KnkDbjP9t4Y
22500252,KnkDbjP9t4Y,basket-logo,499.8,379.38,https://www.youtube.com/watch?v=KnkDbjP9t4Y
22500252,KnkDbjP9t4Y,back-court-logo,504.2,2495.1,https://www.youtube.com/watch?v=KnkDbjP9t4Y
22500252,KnkDbjP9t4Y,mid-court-logo,522.0,5099.19,https://www.youtube.com/watch?v=KnkDbjP9t4Y
22500252,KnkDbjP9t4Y,side-court-logo,272.6,738.04,https://www.youtube.com/watch?v=KnkDbjP9t4Y
22500252,RM-rzKRtLXA,basket-logo,499.8,396.83,https://www.youtube.com/watch?v=RM-rzKRtLXA
22500252,RM-rzKRtLXA,back-court-logo,502.2,2689.52,https://www.youtube.com/watch?v=RM-rzKRtLXA
22500252,RM-rzKRtLXA,mid-court-logo,515.2,5422.69,https://www.youtube.com/watch?v=RM-rzKRtLXA
22500252,RM-rzKRtLXA,side-court-led-logo,529.4,6716.47,https://www.youtube.com/watch?v=RM-rzKRtLXA
22500252,RM-rzKRtLXA,side-court-logo,275.2,750.77,https://www.youtube.com/watch?v=RM-rzKRtLXA
22500252,e9_MFNNw19w,basket-logo,523.4,388.74,https://www.youtube.com/watch?v=e9_MFNNw19w
22500252,e9_MFNNw19w,back-court-logo,527.2,2696.83,https://www.youtube.com/watch?v=e9_MFNNw19w
22500252,e9_MFNNw19w,mid-court-logo,546.2,5178.27,https://www.youtube.com/watch?v=e9_MFNNw19w
22500252,e9_MFNNw19w,side-court-led-logo,550.2,6344.56,https://www.youtube.com/watch?v=e9_MFNNw19w
22500252,e9_MFNNw19w,side-court-logo,292.8,775.14,https://www.youtube.com/watch?v=e9_MFNNw19w
22500259,6DnJrpaJA1s,back-court-logo,455.8,3365.86,https://www.youtube.com/watch?v=6DnJrpaJA1s
22500259,6DnJrpaJA1s,basket-logo,445.6,570.64,https://www.youtube.com/watch?v=6DnJrpaJA1s
22500259,6DnJrpaJA1s,side-court-logo,489.8,2789.36,https://www.youtube.com/watch?v=6DnJrpaJA1s
22500259,6DnJrpaJA1s,side-court-led-logo,265.2,4023.52,https://www.youtube.com/watch?v=6DnJrpaJA1s
22500259,6DnJrpaJA1s,mid-court-logo,373.6,4913.52,https://www.youtube.com/watch?v=6DnJrpaJA1s
22500259,v5707CTdRrI,basket-logo,472.6,577.84,https://www.youtube.com/watch?v=v5707CTdRrI
22500259,v5707CTdRrI,back-court-logo,479.8,3408.08,https://www.youtube.com/watch?v=v5707CTdRrI
22500259,v5707CTdRrI,side-court-logo,516.4,2766.95,https://www.youtube.com/watch?v=v5707CTdRrI
22500259,v5707CTdRrI,side-court-led-logo,281.2,3674.71,https://www.youtube.com/watch?v=v5707CTdRrI
22500259,v5707CTdRrI,mid-court-logo,386.4,4832.24,https://www.youtube.com/watch?v=v5707CTdRrI
22500259,cj-MIUR1Tuk,back-court-logo,456.4,3394.76,https://www.youtube.com/watch?v=cj-MIUR1Tuk
22500259,cj-MIUR1Tuk,side-court-logo,489.6,2843.93,https://www.youtube.com/watch?v=cj-MIUR1Tuk
22500259,cj-MIUR1Tuk,side-court-led-logo,257.6,4360.85,https://www.youtube.com/watch?v=cj-MIUR1Tuk
22500259,cj-MIUR1Tuk,mid-court-logo,376.8,5001.74,https://www.youtube.com/watch?v=cj-MIUR1Tuk
22500259,cj-MIUR1Tuk,basket-logo,444.0,595.96,https://www.youtube.com/watch?v=cj-MIUR1Tuk
22500241,PU6NFQTATGA,basket-logo,510.4,377.54,https://www.youtube.com/watch?v=PU6NFQTATGA
22500241,PU6NFQTATGA,side-court-led-logo,539.4,1820.1,https://www.youtube.com/watch?v=PU6NFQTATGA
22500241,PU6NFQTATGA,mid-court-logo,305.6,4077.08,https://www.youtube.com/watch?v=PU6NFQTATGA
22500241,PU6NFQTATGA,back-court-logo,246.2,2079.55,https://www.youtube.com/watch?v=PU6NFQTATGA
22500241,PU6NFQTATGA,side-court-logo,2.6,874.13,https://www.youtube.com/watch?v=PU6NFQTATGA
22500241,t0TkWNnnArU,side-court-led-logo,460.6,2103.37,https://www.youtube.com/watch?v=t0TkWNnnArU
22500241,t0TkWNnnArU,mid-court-logo,254.6,4174.32,https://www.youtube.com/watch?v=t0TkWNnnArU
22500241,t0TkWNnnArU,basket-logo,416.6,389.31,https://www.youtube.com/watch?v=t0TkWNnnArU
22500241,t0TkWNnnArU,back-court-logo,181.6,2113.43,https://www.youtube.com/watch?v=t0TkWNnnArU
22500241,t0TkWNnnArU,side-court-logo,3.0,811.79,https://www.youtube.com/watch?v=t0TkWNnnArU
22500241,FYcwiLb13yA,side-court-led-logo,522.8,1805.68,https://www.youtube.com/watch?v=FYcwiLb13yA
22500241,FYcwiLb13yA,back-court-logo,102.8,2001.44,https://www.youtube.com/watch?v=FYcwiLb13yA
22500241,FYcwiLb13yA,basket-logo,502.8,379.05,https://www.youtube.com/watch?v=FYcwiLb13yA
22500241,FYcwiLb13yA,mid-court-logo,226.2,4251.24,https://www.youtube.com/watch?v=FYcwiLb13yA
22500241,FYcwiLb13yA,side-court-logo,0.4,838.87,https://www.youtube.com/watch?v=FYcwiLb13yA
22500264,oDUSA7mBsds,side-court-led-logo,245.2,5852.01,https://www.youtube.com/watch?v=oDUSA7mBsds
22500264,oDUSA7mBsds,back-court-logo,427.2,3172.91,https://www.youtube.com/watch?v=oDUSA7mBsds
22500264,oDUSA7mBsds,side-court-logo,465.2,2255.13,https://www.youtube.com/watch?v=oDUSA7mBsds
22500264,oDUSA7mBsds,mid-court-logo,269.4,3925.9,https://www.youtube.com/watch?v=oDUSA7mBsds
22500264,oDUSA7mBsds,basket-logo,399.0,602.85,https://www.youtube.com/watch?v=oDUSA7mBsds
22500264,mzY-LOgTwgY,side-court-led-logo,268.2,4835.45,https://www.youtube.com/watch?v=mzY-LOgTwgY
22500264,mzY-LOgTwgY,back-court-logo,435.8,3174.75,https://www.youtube.com/watch?v=mzY-LOgTwgY
22500264,mzY-LOgTwgY,side-court-logo,485.6,2222.16,https://www.youtube.com/watch?v=mzY-LOgTwgY
22500264,mzY-LOgTwgY,basket-logo,421.2,597.37,https://www.youtube.com/watch?v=mzY-LOgTwgY
22500264,mzY-LOgTwgY,mid-court-logo,276.2,4174.02,https://www.youtube.com/watch?v=mzY-LOgTwgY
22500264,A9uYU0gQu0s,side-court-led-logo,304.2,3656.14,https://www.youtube.com/watch?v=A9uYU0gQu0s
22500264,A9uYU0gQu0s,mid-court-logo,314.2,4070.81,https://www.youtube.com/watch?v=A9uYU0gQu0s
22500264,A9uYU0gQu0s,side-court-logo,553.8,2229.86,https://www.youtube.com/watch?v=A9uYU0gQu0s
22500264,A9uYU0gQu0s,back-court-logo,492.4,3243.55,https://www.youtube.com/watch?v=A9uYU0gQu0s
22500264,A9uYU0gQu0s,basket-logo,456.0,590.38,https://www.youtube.com/watch?v=A9uYU0gQu0s
22500242,OhUhLVJOsB8,back-court-logo,479.6,2931.81,https://www.youtube.com/watch?v=OhUhLVJOsB8
22500242,OhUhLVJOsB8,basket-logo,468.4,538.54,https://www.youtube.com/watch?v=OhUhLVJOsB8
22500242,OhUhLVJOsB8,mid-court-logo,325.4,3947.24,https://www.youtube.com/watch?v=OhUhLVJOsB8
22500242,OhUhLVJOsB8,side-court-led-logo,516.8,2661.02,https://www.youtube.com/watch?v=OhUhLVJOsB8
22500242,OhUhLVJOsB8,side-court-logo,512.8,2710.3,https://www.youtube.com/watch?v=OhUhLVJOsB8
22500247,hrykKX3siyY,mid-court-logo,530.0,4440.19,https://www.youtube.com/watch?v=hrykKX3siyY
22500247,hrykKX3siyY,side-court-logo,496.2,2262.87,https://www.youtube.com/watch?v=hrykKX3siyY
22500247,hrykKX3siyY,side-court-led-logo,481.6,3173.08,https://www.youtube.com/watch?v=hrykKX3siyY
22500247,hrykKX3siyY,basket-logo,474.0,319.84,https://www.youtube.com/watch?v=hrykKX3siyY
22500247,hrykKX3siyY,back-court-logo,7.2,1723.18,https://www.youtube.com/watch?v=hrykKX3siyY
22500247,sWOaBXhQ__8,side-court-led-logo,474.8,3019.15,https://www.youtube.com/watch?v=sWOaBXhQ__8
22500247,sWOaBXhQ__8,basket-logo,485.0,317.53,https://www.youtube.com/watch?v=sWOaBXhQ__8
22500247,sWOaBXhQ__8,side-court-logo,493.4,2251.71,https://www.youtube.com/watch?v=sWOaBXhQ__8
22500247,sWOaBXhQ__8,mid-court-logo,523.0,4474.94,https://www.youtube.com/watch?v=sWOaBXhQ__8
22500247,sWOaBXhQ__8,back-court-logo,8.6,1777.94,https://www.youtube.com/watch?v=sWOaBXhQ__8
22500247,oKynUVPuj08,basket-logo,507.8,686.45,https://www.youtube.com/watch?v=oKynUVPuj08
22500247,oKynUVPuj08,side-court-logo,584.4,3777.56,https://www.youtube.com/watch?v=oKynUVPuj08
22500247,oKynUVPuj08,back-court-logo,6.2,4665.95,https://www.youtube.com/watch?v=oKynUVPuj08
22500247,oKynUVPuj08,side-court-led-logo,142.8,8407.88,https://www.youtube.com/watch?v=oKynUVPuj08
22500247,oKynUVPuj08,mid-court-logo,152.2,4467.73,https://www.youtube.com/watch?v=oKynUVPuj08
22500052,HwlS8jVFNiA,basket-logo,436.4,532.63,https://www.youtube.com/watch?v=HwlS8jVFNiA
22500052,HwlS8jVFNiA,side-court-led-logo,373.6,5166.67,https://www.youtube.com/watch?v=HwlS8jVFNiA
22500052,HwlS8jVFNiA,mid-court-logo,46.8,3121.26,https://www.youtube.com/watch?v=HwlS8jVFNiA
22500052,HwlS8jVFNiA,side-court-logo,21.2,761.16,https://www.youtube.com/watch?v=HwlS8jVFNiA
22500052,HwlS8jVFNiA,back-court-logo,65.6,1460.03,https://www.youtube.com/watch?v=HwlS8jVFNiA
22500052,oygBSeFfMfs,side-court-led-logo,417.8,4835.93,https://www.youtube.com/watch?v=oygBSeFfMfs
22500052,oygBSeFfMfs,back-court-logo,92.8,1253.61,https://www.youtube.com/watch?v=oygBSeFfMfs
22500052,oygBSeFfMfs,basket-logo,440.2,527.35,https://www.youtube.com/watch?v=oygBSeFfMfs
22500052,oygBSeFfMfs,mid-court-logo,44.2,3433.07,https://www.youtube.com/watch?v=oygBSeFfMfs
22500052,oygBSeFfMfs,side-court-logo,10.8,846.63,https://www.youtube.com/watch?v=oygBSeFfMfs
22500052,pow0ViaREBM,basket-logo,435.6,545.89,https://www.youtube.com/watch?v=pow0ViaREBM
22500052,pow0ViaREBM,side-court-led-logo,375.0,5114.32,https://www.youtube.com/watch?v=pow0ViaREBM
22500052,pow0ViaREBM,back-court-logo,69.0,1464.47,https://www.youtube.com/watch?v=pow0ViaREBM
22500052,pow0ViaREBM,mid-court-logo,51.6,3413.07,https://www.youtube.com/watch?v=pow0ViaREBM
22500052,pow0ViaREBM,side-court-logo,15.8,754.15,https://www.youtube.com/watch?v=pow0ViaREBM
22500251,R43o7gcue-8,basket-logo,462.8,452.78,https://www.youtube.com/watch?v=R43o7gcue-8
22500251,R43o7gcue-8,side-court-led-logo,489.0,2219.12,https://www.youtube.com/watch?v=R43o7gcue-8
22500251,R43o7gcue-8,back-court-logo,448.0,2939.8,https://www.youtube.com/watch?v=R43o7gcue-8
22500251,R43o7gcue-8,mid-court-logo,471.2,2845.55,https://www.youtube.com/watch?v=R43o7gcue-8
22500251,R43o7gcue-8,side-court-logo,355.2,2056.17,https://www.youtube.com/watch?v=R43o7gcue-8
22500251,ne9FS3xXQ-k,side-court-led-logo,474.2,1956.21,https://www.youtube.com/watch?v=ne9FS3xXQ-k
22500251,ne9FS3xXQ-k,basket-logo,443.6,446.4,https://www.youtube.com/watch?v=ne9FS3xXQ-k
22500251,ne9FS3xXQ-k,back-court-logo,432.8,2814.22,https://www.youtube.com/watch?v=ne9FS3xXQ-k
22500251,ne9FS3xXQ-k,mid-court-logo,457.8,2974.36,https://www.youtube.com/watch?v=ne9FS3xXQ-k
22500251,ne9FS3xXQ-k,side-court-logo,347.2,2010.71,https://www.youtube.com/watch?v=ne9FS3xXQ-k
22500251,mHpBRgIWlRM,basket-logo,403.0,447.23,https://www.youtube.com/watch?v=mHpBRgIWlRM
22500251,mHpBRgIWlRM,mid-court-logo,410.6,2699.56,https://www.youtube.com/watch?v=mHpBRgIWlRM
22500251,mHpBRgIWlRM,side-court-led-logo,420.4,2023.78,https://www.youtube.com/watch?v=mHpBRgIWlRM
22500251,mHpBRgIWlRM,back-court-logo,393.0,2872.08,https://www.youtube.com/watch?v=mHpBRgIWlRM
22500251,mHpBRgIWlRM,side-court-logo,295.6,2024.4,https://www.youtube.com/watch?v=mHpBRgIWlRM
22500266,-uY2EAJ4Eoo,basket-logo,420.6,593.52,https://www.youtube.com/watch?v=-uY2EAJ4Eoo
22500266,-uY2EAJ4Eoo,back-court-logo,404.4,2636.48,https://www.youtube.com/watch?v=-uY2EAJ4Eoo
22500266,-uY2EAJ4Eoo,mid-court-logo,290.8,3605.87,https://www.youtube.com/watch?v=-uY2EAJ4Eoo
22500266,-uY2EAJ4Eoo,side-court-led-logo,385.4,2263.96,https://www.youtube.com/watch?v=-uY2EAJ4Eoo
22500266,-uY2EAJ4Eoo,side-court-logo,432.4,2110.89,https://www.youtube.com/watch?v=-uY2EAJ4Eoo
22500266,w23CCdmouy8,side-court-led-logo,432.8,2084.29,https://www.youtube.com/watch?v=w23CCdmouy8
22500266,w23CCdmouy8,back-court-logo,442.2,2520.46,https://www.youtube.com/watch?v=w23CCdmouy8
22500266,w23CCdmouy8,basket-logo,445.0,579.44,https://www.youtube.com/watch?v=w23CCdmouy8
22500266,w23CCdmouy8,mid-court-logo,352.2,3461.51,https://www.youtube.com/watch?v=w23CCdmouy8
22500266,w23CCdmouy8,side-court-logo,478.8,2097.8,https://www.youtube.com/watch?v=w23CCdmouy8
22500266,04nAS3vD7WI,basket-logo,435.4,552.61,https://www.youtube.com/watch?v=04nAS3vD7WI
22500266,04nAS3vD7WI,side-court-led-logo,409.0,2330.07,https://www.youtube.com/watch?v=04nAS3vD7WI
22500266,04nAS3vD7WI,mid-court-logo,313.8,3458.39,https://www.youtube.com/watch?v=04nAS3vD7WI
22500266,04nAS3vD7WI,back-court-logo,424.8,2490.03,https://www.youtube.com/watch?v=04nAS3vD7WI
22500266,04nAS3vD7WI,side-court-logo,446.8,2118.09,https://www.youtube.com/watch?v=04nAS3vD7WI
22500235,_hd3T0Rvk2A,mid-court-logo,263.8,3959.12,https://www.youtube.com/watch?v=_hd3T0Rvk2A
22500235,_hd3T0Rvk2A,side-court-led-logo,513.6,2309.35,https://www.youtube.com/watch?v=_hd3T0Rvk2A
22500235,_hd3T0Rvk2A,side-court-logo,438.2,2193.18,https://www.youtube.com/watch?v=_hd3T0Rvk2A
22500235,_hd3T0Rvk2A,back-court-logo,479.0,2721.98,https://www.youtube.com/watch?v=_hd3T0Rvk2A
22500235,_hd3T0Rvk2A,basket-logo,471.0,394.34,https://www.youtube.com/watch?v=_hd3T0Rvk2A
22500048,yPEeARjfurY,basket-logo,477.0,375.91,https://www.youtube.com/watch?v=yPEeARjfurY
22500048,yPEeARjfurY,side-court-led-logo,473.4,1583.76,https://www.youtube.com/watch?v=yPEeARjfurY
22500048,yPEeARjfurY,back-court-logo,242.2,1923.45,https://www.youtube.com/watch?v=yPEeARjfurY
22500048,yPEeARjfurY,mid-court-logo,301.4,3259.61,https://www.youtube.com/watch?v=yPEeARjfurY
22500048,yPEeARjfurY,side-court-logo,70.4,1142.41,https://www.youtube.com/watch?v=yPEeARjfurY
22500048,-GV-YvQ-7yE,mid-court-logo,308.2,3053.56,https://www.youtube.com/watch?v=-GV-YvQ-7yE
22500048,-GV-YvQ-7yE,side-court-logo,82.2,1242.19,https://www.youtube.com/watch?v=-GV-YvQ-7yE
22500048,-GV-YvQ-7yE,side-court-led-logo,477.0,1522.03,https://www.youtube.com/watch?v=-GV-YvQ-7yE
22500048,-GV-YvQ-7yE,back-court-logo,269.4,1874.71,https://www.youtube.com/watch?v=-GV-YvQ-7yE
22500048,-GV-YvQ-7yE,basket-logo,485.4,366.27,https://www.youtube.com/watch?v=-GV-YvQ-7yE
22500048,EOLGTOdZvdc,basket-logo,476.8,375.83,https://www.youtube.com/watch?v=EOLGTOdZvdc
22500048,EOLGTOdZvdc,side-court-led-logo,471.8,1592.93,https://www.youtube.com/watch?v=EOLGTOdZvdc
22500048,EOLGTOdZvdc,back-court-logo,251.8,1970.85,https://www.youtube.com/watch?v=EOLGTOdZvdc
22500048,EOLGTOdZvdc,mid-court-logo,292.0,3301.67,https://www.youtube.com/watch?v=EOLGTOdZvdc
22500048,EOLGTOdZvdc,side-court-logo,69.4,1166.36,https://www.youtube.com/watch?v=EOLGTOdZvdc
22500053,xZPphKlIvhk,back-court-logo,485.8,3840.68,https://www.youtube.com/watch?v=xZPphKlIvhk
22500053,xZPphKlIvhk,basket-logo,477.6,531.87,https://www.youtube.com/watch?v=xZPphKlIvhk
22500053,xZPphKlIvhk,mid-court-logo,470.8,5309.8,https://www.youtube.com/watch?v=xZPphKlIvhk
22500053,xZPphKlIvhk,side-court-led-logo,188.4,2323.29,https://www.youtube.com/watch?v=xZPphKlIvhk
22500053,xZPphKlIvhk,side-court-logo,0.4,331.07,https://www.youtube.com/watch?v=xZPphKlIvhk
22500053,vD8y7mz-O9s,basket-logo,505.4,511.93,https://www.youtube.com/watch?v=vD8y7mz-O9s
22500053,vD8y7mz-O9s,back-court-logo,514.8,3643.46,https://www.youtube.com/watch?v=vD8y7mz-O9s
22500053,vD8y7mz-O9s,side-court-led-logo,199.6,2573.59,https://www.youtube.com/watch?v=vD8y7mz-O9s
22500053,vD8y7mz-O9s,mid-court-logo,441.6,5384.23,https://www.youtube.com/watch?v=vD8y7mz-O9s
22500053,vD8y7mz-O9s,side-court-logo,1.2,486.84,https://www.youtube.com/watch?v=vD8y7mz-O9s
22500053,TZIB3bR3iXA,back-court-logo,485.8,3853.16,https://www.youtube.com/watch?v=TZIB3bR3iXA
22500053,TZIB3bR3iXA,basket-logo,477.6,532.37,https://www.youtube.com/watch?v=TZIB3bR3iXA
22500053,TZIB3bR3iXA,mid-court-logo,470.2,5307.31,https://www.youtube.com/watch?v=TZIB3bR3iXA
22500053,TZIB3bR3iXA,side-court-led-logo,184.8,2320.73,https://www.youtube.com/watch?v=TZIB3bR3iXA
22500053,TZIB3bR3iXA,side-court-logo,0.6,268.19,https://www.youtube.com/watch?v=TZIB3bR3iXA
22500250,3VFE8EdRg2o,mid-court-logo,444.8,5270.35,https://www.youtube.com/watch?v=3VFE8EdRg2o
22500250,3VFE8EdRg2o,side-court-logo,485.2,1767.01,https://www.youtube.com/watch?v=3VFE8EdRg2o
22500250,3VFE8EdRg2o,side-court-led-logo,363.2,3610.76,https://www.youtube.com/watch?v=3VFE8EdRg2o
22500250,3VFE8EdRg2o,back-court-logo,453.8,1492.87,https://www.youtube.com/watch?v=3VFE8EdRg2o
22500250,3VFE8EdRg2o,basket-logo,458.6,484.48,https://www.youtube.com/watch?v=3VFE8EdRg2o
22500250,O1G7Yoy48L4,basket-logo,449.4,481.41,https://www.youtube.com/watch?v=O1G7Yoy48L4
22500250,O1G7Yoy48L4,back-court-logo,439.2,1509.67,https://www.youtube.com/watch?v=O1G7Yoy48L4
22500250,O1G7Yoy48L4,side-court-led-logo,336.0,3288.62,https://www.youtube.com/watch?v=O1G7Yoy48L4
22500250,O1G7Yoy48L4,side-court-logo,460.4,1771.67,https://www.youtube.com/watch?v=O1G7Yoy48L4
22500250,O1G7Yoy48L4,mid-court-logo,422.2,5451.49,https://www.youtube.com/watch?v=O1G7Yoy48L4
22500250,d3z93o50CAM,basket-logo,427.8,506.36,https://www.youtube.com/watch?v=d3z93o50CAM
22500250,d3z93o50CAM,side-court-led-logo,290.4,3427.59,https://www.youtube.com/watch?v=d3z93o50CAM
22500250,d3z93o50CAM,side-court-logo,434.8,1807.52,https://www.youtube.com/watch?v=d3z93o50CAM
22500250,d3z93o50CAM,mid-court-logo,368.0,5270.2,https://www.youtube.com/watch?v=d3z93o50CAM
22500250,d3z93o50CAM,back-court-logo,406.4,1549.37,https://www.youtube.com/watch?v=d3z93o50CAM
22500250,OiiesAUvKrg,basket-logo,454.4,478.98,https://www.youtube.com/watch?v=OiiesAUvKrg
22500250,OiiesAUvKrg,back-court-logo,445.2,1494.62,https://www.youtube.com/watch?v=OiiesAUvKrg
22500250,OiiesAUvKrg,side-court-led-logo,342.8,3269.49,https://www.youtube.com/watch?v=OiiesAUvKrg
22500250,OiiesAUvKrg,mid-court-logo,430.0,5371.55,https://www.youtube.com/watch?v=OiiesAUvKrg
22500250,OiiesAUvKrg,side-court-logo,473.0,1723.02,https://www.youtube.com/watch?v=OiiesAUvKrg
22500239,BL25ccS_q3M,back-court-logo,486.6,3767.53,https://www.youtube.com/watch?v=BL25ccS_q3M
22500239,BL25ccS_q3M,basket-logo,477.2,523.78,https://www.youtube.com/watch?v=BL25ccS_q3M
22500239,BL25ccS_q3M,mid-court-logo,454.8,4824.35,https://www.youtube.com/watch?v=BL25ccS_q3M
22500239,BL25ccS_q3M,side-court-led-logo,210.0,4657.23,https://www.youtube.com/watch?v=BL25ccS_q3M
22500239,BL25ccS_q3M,side-court-logo,1.0,351.01,https://www.youtube.com/watch?v=BL25ccS_q3M
22500051,Q-HSTnmJ1yg,basket-logo,448.8,538.95,https://www.youtube.com/watch?v=Q-HSTnmJ1yg
22500051,Q-HSTnmJ1yg,back-court-logo,456.0,3470.93,https://www.youtube.com/watch?v=Q-HSTnmJ1yg
22500051,Q-HSTnmJ1yg,mid-court-logo,315.2,4798.25,https://www.youtube.com/watch?v=Q-HSTnmJ1yg
22500051,Q-HSTnmJ1yg,side-court-led-logo,337.8,4572.11,https://www.youtube.com/watch?v=Q-HSTnmJ1yg
22500051,Q-HSTnmJ1yg,side-court-logo,265.4,2004.11,https://www.youtube.com/watch?v=Q-HSTnmJ1yg
22500051,h60R4cADqWI,mid-court-logo,339.0,4903.16,https://www.youtube.com/watch?v=h60R4cADqWI
22500051,h60R4cADqWI,side-court-led-logo,363.8,4181.07,https://www.youtube.com/watch?v=h60R4cADqWI
22500051,h60R4cADqWI,side-court-logo,280.8,1978.82,https://www.youtube.com/watch?v=h60R4cADqWI
22500051,h60R4cADqWI,basket-logo,445.0,519.39,https://www.youtube.com/watch?v=h60R4cADqWI
22500051,h60R4cADqWI,back-court-logo,451.4,3359.48,https://www.youtube.com/watch?v=h60R4cADqWI
22500051,BGazxbtEKs8,basket-logo,448.4,539.22,https://www.youtube.com/watch?v=BGazxbtEKs8
22500051,BGazxbtEKs8,back-court-logo,456.6,3474.42,https://www.youtube.com/watch?v=BGazxbtEKs8
22500051,BGazxbtEKs8,mid-court-logo,312.4,4829.98,https://www.youtube.com/watch?v=BGazxbtEKs8
22500051,BGazxbtEKs8,side-court-led-logo,336.0,4320.15,https://www.youtube.com/watch?v=BGazxbtEKs8
22500051,BGazxbtEKs8,side-court-logo,268.8,2021.19,https://www.youtube.com/watch?v=BGazxbtEKs8
22500051,27ONHtNwROs,basket-logo,90.8,533.56,https://www.youtube.com/watch?v=27ONHtNwROs
22500051,27ONHtNwROs,back-court-logo,93.8,3451.29,https://www.youtube.com/watch?v=27ONHtNwROs
22500051,27ONHtNwROs,mid-court-logo,68.6,4835.05,https://www.youtube.com/watch?v=27ONHtNwROs
22500051,27ONHtNwROs,side-court-led-logo,68.2,3678.69,https://www.youtube.com/watch?v=27ONHtNwROs
22500051,27ONHtNwROs,side-court-logo,53.8,1991.75,https://www.youtube.com/watch?v=27ONHtNwROs
22500265,55KMxwNup94,basket-logo,466.2,469.58,https://www.youtube.com/watch?v=55KMxwNup94
22500265,55KMxwNup94,back-court-logo,471.6,3569.73,https://www.youtube.com/watch?v=55KMxwNup94
22500265,55KMxwNup94,side-court-led-logo,432.8,5954.88,https://www.youtube.com/watch?v=55KMxwNup94
22500265,55KMxwNup94,side-court-logo,488.2,2090.24,https://www.youtube.com/watch?v=55KMxwNup94
22500265,55KMxwNup94,mid-court-logo,361.0,3856.8,https://www.youtube.com/watch?v=55KMxwNup94
22500265,OOaqistwqf0,back-court-logo,509.6,3450.99,https://www.youtube.com/watch?v=OOaqistwqf0
22500265,OOaqistwqf0,side-court-led-logo,478.2,4500.36,https://www.youtube.com/watch?v=OOaqistwqf0
22500265,OOaqistwqf0,side-court-logo,540.0,2074.67,https://www.youtube.com/watch?v=OOaqistwqf0
22500265,OOaqistwqf0,mid-court-logo,395.2,4214.01,https://www.youtube.com/watch?v=OOaqistwqf0
22500265,OOaqistwqf0,basket-logo,499.0,455.15,https://www.youtube.com/watch?v=OOaqistwqf0
22500265,DbrvD35xGBI,side-court-logo,502.6,2026.88,https://www.youtube.com/watch?v=DbrvD35xGBI
22500265,DbrvD35xGBI,mid-court-logo,437.8,4035.75,https://www.youtube.com/watch?v=DbrvD35xGBI
22500265,DbrvD35xGBI,side-court-led-logo,439.8,3331.68,https://www.youtube.com/watch?v=DbrvD35xGBI
22500265,DbrvD35xGBI,basket-logo,488.4,454.73,https://www.youtube.com/watch?v=DbrvD35xGBI
22500265,DbrvD35xGBI,back-court-logo,491.0,3448.27,https://www.youtube.com/watch?v=DbrvD35xGBI
22500265,qzGaqFokzv4,basket-logo,465.2,479.81,https://www.youtube.com/watch?v=qzGaqFokzv4
22500265,qzGaqFokzv4,back-court-logo,469.6,3610.82,https://www.youtube.com/watch?v=qzGaqFokzv4
22500265,qzGaqFokzv4,side-court-led-logo,433.0,6052.56,https://www.youtube.com/watch?v=qzGaqFokzv4
22500265,qzGaqFokzv4,side-court-logo,485.4,2129.51,https://www.youtube.com/watch?v=qzGaqFokzv4
22500265,qzGaqFokzv4,mid-court-logo,360.6,3950.46,https://www.youtube.com/watch?v=qzGaqFokzv4
22500263,91H6pprBv2k,basket-logo,467.6,470.0,https://www.youtube.com/watch?v=91H6pprBv2k
22500263,91H6pprBv2k,side-court-led-logo,484.6,5579.29,https://www.youtube.com/watch?v=91H6pprBv2k
22500263,91H6pprBv2k,mid-court-logo,440.8,4974.14,https://www.youtube.com/watch?v=91H6pprBv2k
22500263,91H6pprBv2k,back-court-logo,474.0,2735.72,https://www.youtube.com/watch?v=91H6pprBv2k
22500263,91H6pprBv2k,side-court-logo,493.8,1698.23,https://www.youtube.com/watch?v=91H6pprBv2k
22500263,1mamYZrZIRs,basket-logo,467.0,469.71,https://www.youtube.com/watch?v=1mamYZrZIRs
22500263,1mamYZrZIRs,side-court-led-logo,484.4,5588.46,https://www.youtube.com/watch?v=1mamYZrZIRs
22500263,1mamYZrZIRs,mid-court-logo,441.6,4964.3,https://www.youtube.com/watch?v=1mamYZrZIRs
22500263,1mamYZrZIRs,back-court-logo,474.0,2730.71,https://www.youtube.com/watch?v=1mamYZrZIRs
22500263,1mamYZrZIRs,side-court-logo,490.6,1697.44,https://www.youtube.com/watch?v=1mamYZrZIRs
22500263,Yy3m_-gz-V4,basket-logo,467.4,471.92,https://www.youtube.com/watch?v=Yy3m_-gz-V4
22500263,Yy3m_-gz-V4,back-court-logo,474.6,2744.06,https://www.youtube.com/watch?v=Yy3m_-gz-V4
22500263,Yy3m_-gz-V4,side-court-led-logo,485.2,5501.8,https://www.youtube.com/watch?v=Yy3m_-gz-V4
22500263,Yy3m_-gz-V4,mid-court-logo,440.8,4997.38,https://www.youtube.com/watch?v=Yy3m_-gz-V4
22500263,Yy3m_-gz-V4,side-court-logo,494.8,1708.5,https://www.youtube.com/watch?v=Yy3m_-gz-V4
22500262,UzB30ud1b3o,basket-logo,446.8,400.65,https://www.youtube.com/watch?v=UzB30ud1b3o
22500262,UzB30ud1b3o,back-court-logo,432.4,1846.15,https://www.youtube.com/watch?v=UzB30ud1b3o
22500262,UzB30ud1b3o,side-court-led-logo,492.6,4468.83,https://www.youtube.com/watch?v=UzB30ud1b3o
22500262,UzB30ud1b3o,side-court-logo,370.4,794.37,https://www.youtube.com/watch?v=UzB30ud1b3o
22500262,UzB30ud1b3o,mid-court-logo,344.0,3111.53,https://www.youtube.com/watch?v=UzB30ud1b3o
22500262,JWaFIR8CsKM,basket-logo,447.6,399.18,https://www.youtube.com/watch?v=JWaFIR8CsKM
22500262,JWaFIR8CsKM,back-court-logo,433.8,1856.56,https://www.youtube.com/watch?v=JWaFIR8CsKM
22500262,JWaFIR8CsKM,side-court-led-logo,492.4,4461.18,https://www.youtube.com/watch?v=JWaFIR8CsKM
22500262,JWaFIR8CsKM,side-court-logo,376.8,773.08,https://www.youtube.com/watch?v=JWaFIR8CsKM
22500262,JWaFIR8CsKM,mid-court-logo,339.2,3099.63,https://www.youtube.com/watch?v=JWaFIR8CsKM
22500262,KOWjzCHzQi0,basket-logo,447.0,403.36,https://www.youtube.com/watch?v=KOWjzCHzQi0
22500262,KOWjzCHzQi0,back-court-logo,431.8,1891.39,https://www.youtube.com/watch?v=KOWjzCHzQi0
22500262,KOWjzCHzQi0,side-court-led-logo,491.2,4458.93,https://www.youtube.com/watch?v=KOWjzCHzQi0
22500262,KOWjzCHzQi0,side-court-logo,356.6,784.97,https://www.youtube.com/watch?v=KOWjzCHzQi0
22500262,KOWjzCHzQi0,mid-court-logo,334.2,3152.29,https://www.youtube.com/watch?v=KOWjzCHzQi0
22500262,1ndzbrmJ9k8,basket-logo,512.0,405.78,https://www.youtube.com/watch?v=1ndzbrmJ9k8
22500262,1ndzbrmJ9k8,back-court-logo,460.0,1840.43,https://www.youtube.com/watch?v=1ndzbrmJ9k8
22500262,1ndzbrmJ9k8,side-court-led-logo,516.4,4597.61,https://www.youtube.com/watch?v=1ndzbrmJ9k8
22500262,1ndzbrmJ9k8,side-court-logo,369.8,783.09,https://www.youtube.com/watch?v=1ndzbrmJ9k8
22500262,1ndzbrmJ9k8,mid-court-logo,261.4,2453.47,https://www.youtube.com/watch?v=1ndzbrmJ9k8
22500261,N97JrrtlBiw,basket-logo,462.8,542.86,https://www.youtube.com/watch?v=N97JrrtlBiw
22500261,N97JrrtlBiw,side-court-led-logo,289.2,3989.25,https://www.youtube.com/watch?v=N97JrrtlBiw
22500261,N97JrrtlBiw,mid-court-logo,316.8,5101.3,https://www.youtube.com/watch?v=N97JrrtlBiw
22500261,N97JrrtlBiw,side-court-logo,473.0,2092.18,https://www.youtube.com/watch?v=N97JrrtlBiw
22500261,EGgp2xG8lVo,side-court-led-logo,287.0,3977.89,https://www.youtube.com/watch?v=EGgp2xG8lVo
22500261,EGgp2xG8lVo,mid-court-logo,317.8,5074.12,https://www.youtube.com/watch?v=EGgp2xG8lVo
22500261,EGgp2xG8lVo,basket-logo,461.4,549.6,https://www.youtube.com/watch?v=EGgp2xG8lVo
22500261,EGgp2xG8lVo,side-court-logo,477.0,2119.76,https://www.youtube.com/watch?v=EGgp2xG8lVo
22500261,EGgp2xG8lVo,back-court-logo,0.4,2370.14,https://www.youtube.com/watch?v=EGgp2xG8lVo
22500261,7T88fw__plU,basket-logo,454.8,531.76,https://www.youtube.com/watch?v=7T88fw__plU
22500261,7T88fw__plU,side-court-led-logo,303.4,4476.81,https://www.youtube.com/watch?v=7T88fw__plU
22500261,7T88fw__plU,side-court-logo,450.8,2077.86,https://www.youtube.com/watch?v=7T88fw__plU
22500261,7T88fw__plU,mid-court-logo,301.6,5428.47,https://www.youtube.com/watch?v=7T88fw__plU
22500261,7T88fw__plU,back-court-logo,0.8,1815.8,https://www.youtube.com/watch?v=7T88fw__plU
22500261,S2PR2ZI5BqA,mid-court-logo,314.0,5642.29,https://www.youtube.com/watch?v=S2PR2ZI5BqA
22500261,S2PR2ZI5BqA,side-court-logo,470.8,2071.71,https://www.youtube.com/watch?v=S2PR2ZI5BqA
22500261,S2PR2ZI5BqA,side-court-led-logo,306.2,3690.38,https://www.youtube.com/watch?v=S2PR2ZI5BqA
22500261,S2PR2ZI5BqA,basket-logo,444.2,535.86,https://www.youtube.com/watch?v=S2PR2ZI5BqA
22500261,S2PR2ZI5BqA,back-court-logo,0.8,3148.22,https://www.youtube.com/watch?v=S2PR2ZI5BqA
22500261,UepMK39o_aA,basket-logo,463.2,542.97,https://www.youtube.com/watch?v=UepMK39o_aA
22500261,UepMK39o_aA,side-court-led-logo,290.0,3910.73,https://www.youtube.com/watch?v=UepMK39o_aA
22500261,UepMK39o_aA,mid-court-logo,315.0,5163.8,https://www.youtube.com/watch?v=UepMK39o_aA
22500261,UepMK39o_aA,side-court-logo,469.2,2104.14,https://www.youtube.com/watch?v=UepMK39o_aA
22500261,UepMK39o_aA,back-court-logo,0.2,3250.21,https://www.youtube.com/watch?v=UepMK39o_aA
22500246,37-ib9OOrQY,basket-logo,509.6,590.15,https://www.youtube.com/watch?v=37-ib9OOrQY
22500246,37-ib9OOrQY,back-court-logo,524.0,3286.16,https://www.youtube.com/watch?v=37-ib9OOrQY
22500246,37-ib9OOrQY,mid-court-logo,533.0,5161.73,https://www.youtube.com/watch?v=37-ib9OOrQY
22500246,37-ib9OOrQY,side-court-led-logo,341.0,2792.47,https://www.youtube.com/watch?v=37-ib9OOrQY
22500246,37-ib9OOrQY,side-court-logo,567.2,2696.52,https://www.youtube.com/watch?v=37-ib9OOrQY
22500246,zZ0vc5_5DZo,basket-logo,494.2,597.41,https://www.youtube.com/watch?v=zZ0vc5_5DZo
22500246,zZ0vc5_5DZo,back-court-logo,509.2,3284.86,https://www.youtube.com/watch?v=zZ0vc5_5DZo
22500246,zZ0vc5_5DZo,mid-court-logo,517.8,5236.02,https://www.youtube.com/watch?v=zZ0vc5_5DZo
22500246,zZ0vc5_5DZo,side-court-logo,547.8,2727.89,https://www.youtube.com/watch?v=zZ0vc5_5DZo
22500246,zZ0vc5_5DZo,side-court-led-logo,329.4,2747.05,https://www.youtube.com/watch?v=zZ0vc5_5DZo
22500246,SINal2IBNhM,mid-court-logo,506.8,4920.23,https://www.youtube.com/watch?v=SINal2IBNhM
22500246,SINal2IBNhM,side-court-logo,548.0,2629.21,https://www.youtube.com/watch?v=SINal2IBNhM
22500246,SINal2IBNhM,side-court-led-logo,336.2,3278.9,https://www.youtube.com/watch?v=SINal2IBNhM
22500246,SINal2IBNhM,back-court-logo,488.6,3295.21,https://www.youtube.com/watch?v=SINal2IBNhM
22500246,SINal2IBNhM,basket-logo,472.4,581.93,https://www.youtube.com/watch?v=SINal2IBNhM
22500246,JbQ5oOvgC64,back-court-logo,483.2,7200.57,https://www.youtube.com/watch?v=JbQ5oOvgC64
22500246,JbQ5oOvgC64,basket-logo,454.4,889.71,https://www.youtube.com/watch?v=JbQ5oOvgC64
22500246,JbQ5oOvgC64,side-court-logo,552.8,4529.33,https://www.youtube.com/watch?v=JbQ5oOvgC64
22500246,JbQ5oOvgC64,mid-court-logo,156.2,4031.49,https://www.youtube.com/watch?v=JbQ5oOvgC64
22500246,JbQ5oOvgC64,side-court-led-logo,92.8,11173.21,https://www.youtube.com/watch?v=JbQ5oOvgC64
22500246,Cou-o5ZnORI,back-court-logo,514.4,3284.51,https://www.youtube.com/watch?v=Cou-o5ZnORI
22500246,Cou-o5ZnORI,side-court-logo,556.8,2719.27,https://www.youtube.com/watch?v=Cou-o5ZnORI
22500246,Cou-o5ZnORI,mid-court-logo,524.0,5184.0,https://www.youtube.com/watch?v=Cou-o5ZnORI
22500246,Cou-o5ZnORI,basket-logo,500.8,591.87,https://www.youtube.com/watch?v=Cou-o5ZnORI
22500246,Cou-o5ZnORI,side-court-led-logo,335.2,2765.73,https://www.youtube.com/watch?v=Cou-o5ZnORI
22500255,b6rUKiNItaw,basket-logo,457.8,377.64,https://www.youtube.com/watch?v=b6rUKiNItaw
22500255,b6rUKiNItaw,side-court-led-logo,492.2,2107.51,https://www.youtube.com/watch?v=b6rUKiNItaw
22500255,b6rUKiNItaw,mid-court-logo,379.8,3336.69,https://www.youtube.com/watch?v=b6rUKiNItaw
22500255,b6rUKiNItaw,back-court-logo,396.8,2327.39,https://www.youtube.com/watch?v=b6rUKiNItaw
22500255,b6rUKiNItaw,side-court-logo,53.6,745.82,https://www.youtube.com/watch?v=b6rUKiNItaw
22500255,RMY9Wlp54uE,basket-logo,519.8,383.89,https://www.youtube.com/watch?v=RMY9Wlp54uE
22500255,RMY9Wlp54uE,side-court-led-logo,564.6,1818.68,https://www.youtube.com/watch?v=RMY9Wlp54uE
22500255,RMY9Wlp54uE,mid-court-logo,434.0,3254.25,https://www.youtube.com/watch?v=RMY9Wlp54uE
22500255,RMY9Wlp54uE,back-court-logo,337.2,2211.68,https://www.youtube.com/watch?v=RMY9Wlp54uE
22500255,RMY9Wlp54uE,side-court-logo,84.0,779.0,https://www.youtube.com/watch?v=RMY9Wlp54uE
22500255,ePZ37JSxC10,side-court-led-logo,555.4,1790.23,https://www.youtube.com/watch?v=ePZ37JSxC10
22500255,ePZ37JSxC10,mid-court-logo,421.2,3253.27,https://www.youtube.com/watch?v=ePZ37JSxC10
22500255,ePZ37JSxC10,basket-logo,512.2,382.39,https://www.youtube.com/watch?v=ePZ37JSxC10
22500255,ePZ37JSxC10,back-court-logo,380.0,2287.12,https://www.youtube.com/watch?v=ePZ37JSxC10
22500255,ePZ37JSxC10,side-court-logo,89.2,784.25,https://www.youtube.com/watch?v=ePZ37JSxC10
22500255,VKptEQS2V2U,mid-court-logo,433.4,3450.55,https://www.youtube.com/watch?v=VKptEQS2V2U
22500255,VKptEQS2V2U,side-court-led-logo,532.4,1856.24,https://www.youtube.com/watch?v=VKptEQS2V2U
22500255,VKptEQS2V2U,basket-logo,467.2,371.86,https://www.youtube.com/watch?v=VKptEQS2V2U
22500255,VKptEQS2V2U,side-court-logo,76.6,757.92,https://www.youtube.com/watch?v=VKptEQS2V2U
22500255,VKptEQS2V2U,back-court-logo,381.2,2227.41,https://www.youtube.com/watch?v=VKptEQS2V2U
22500255,mbrkIrJyv5k,basket-logo,457.4,380.8,https://www.youtube.com/watch?v=mbrkIrJyv5k
22500255,mbrkIrJyv5k,side-court-led-logo,490.2,2074.87,https://www.youtube.com/watch?v=mbrkIrJyv5k
22500255,mbrkIrJyv5k,mid-court-logo,378.8,3508.83,https://www.youtube.com/watch?v=mbrkIrJyv5k
22500255,mbrkIrJyv5k,back-court-logo,377.8,2387.79,https://www.youtube.com/watch?v=mbrkIrJyv5k
22500255,mbrkIrJyv5k,side-court-logo,51.6,731.33,https://www.youtube.com/watch?v=mbrkIrJyv5k
22500040,sXwiGPLS_tk,side-court-led-logo,336.8,4011.28,https://www.youtube.com/watch?v=sXwiGPLS_tk
22500040,sXwiGPLS_tk,back-court-logo,457.0,2751.08,https://www.youtube.com/watch?v=sXwiGPLS_tk
22500040,sXwiGPLS_tk,mid-court-logo,327.0,3679.07,https://www.youtube.com/watch?v=sXwiGPLS_tk
22500040,sXwiGPLS_tk,basket-logo,433.4,518.37,https://www.youtube.com/watch?v=sXwiGPLS_tk
22500040,sXwiGPLS_tk,side-court-logo,486.0,1968.0,https://www.youtube.com/watch?v=sXwiGPLS_tk
22500040,JXkh-x1ZrpA,side-court-led-logo,335.6,3615.08,https://www.youtube.com/watch?v=JXkh-x1ZrpA
22500040,JXkh-x1ZrpA,back-court-logo,458.2,2729.94,https://www.youtube.com/watch?v=JXkh-x1ZrpA
22500040,JXkh-x1ZrpA,basket-logo,436.2,514.14,https://www.youtube.com/watch?v=JXkh-x1ZrpA
22500040,JXkh-x1ZrpA,mid-court-logo,325.6,3686.58,https://www.youtube.com/watch?v=JXkh-x1ZrpA
22500040,JXkh-x1ZrpA,side-court-logo,489.0,1954.19,https://www.youtube.com/watch?v=JXkh-x1ZrpA
22500260,edrh9LZPyN8,basket-logo,444.0,347.83,https://www.youtube.com/watch?v=edrh9LZPyN8
22500260,edrh9LZPyN8,side-court-led-logo,387.4,3656.71,https://www.youtube.com/watch?v=edrh9LZPyN8
22500260,edrh9LZPyN8,mid-court-logo,469.4,4322.74,https://www.youtube.com/watch?v=edrh9LZPyN8
22500260,edrh9LZPyN8,side-court-logo,440.6,2518.89,https://www.youtube.com/watch?v=edrh9LZPyN8
22500260,edrh9LZPyN8,back-court-logo,7.4,2014.04,https://www.youtube.com/watch?v=edrh9LZPyN8
22500260,1dkbSObn0sE,basket-logo,521.4,340.71,https://www.youtube.com/watch?v=1dkbSObn0sE
22500260,1dkbSObn0sE,side-court-led-logo,451.4,3012.94,https://www.youtube.com/watch?v=1dkbSObn0sE
22500260,1dkbSObn0sE,side-court-logo,501.8,2429.31,https://www.youtube.com/watch?v=1dkbSObn0sE
22500260,1dkbSObn0sE,back-court-logo,13.8,1854.03,https://www.youtube.com/watch?v=1dkbSObn0sE
22500260,1dkbSObn0sE,mid-court-logo,539.6,4361.72,https://www.youtube.com/watch?v=1dkbSObn0sE
22500260,kVAFe_jAiV4,basket-logo,468.8,337.31,https://www.youtube.com/watch?v=kVAFe_jAiV4
22500260,kVAFe_jAiV4,mid-court-logo,507.4,4457.8,https://www.youtube.com/watch?v=kVAFe_jAiV4
22500260,kVAFe_jAiV4,side-court-logo,461.6,2362.01,https://www.youtube.com/watch?v=kVAFe_jAiV4
22500260,kVAFe_jAiV4,side-court-led-logo,430.0,3378.71,https://www.youtube.com/watch?v=kVAFe_jAiV4
22500260,kVAFe_jAiV4,back-court-logo,13.6,1898.98,https://www.youtube.com/watch?v=kVAFe_jAiV4
22500260,3CQdCRBwwFg,basket-logo,443.2,349.78,https://www.youtube.com/watch?v=3CQdCRBwwFg
22500260,3CQdCRBwwFg,side-court-led-logo,386.2,3599.06,https://www.youtube.com/watch?v=3CQdCRBwwFg
22500260,3CQdCRBwwFg,mid-court-logo,470.8,4333.47,https://www.youtube.com/watch?v=3CQdCRBwwFg
22500260,3CQdCRBwwFg,side-court-logo,442.0,2535.85,https://www.youtube.com/watch?v=3CQdCRBwwFg
22500260,3CQdCRBwwFg,back-court-logo,7.4,1968.17,https://www.youtube.com/watch?v=3CQdCRBwwFg
22500260,dUzBgQOvIYY,basket-logo,443.6,346.7,https://www.youtube.com/watch?v=dUzBgQOvIYY
22500260,dUzBgQOvIYY,side-court-led-logo,385.6,3640.67,https://www.youtube.com/watch?v=dUzBgQOvIYY
22500260,dUzBgQOvIYY,mid-court-logo,469.2,4319.36,https://www.youtube.com/watch?v=dUzBgQOvIYY
22500260,dUzBgQOvIYY,side-court-logo,440.8,2517.95,https://www.youtube.com/watch?v=dUzBgQOvIYY
22500260,dUzBgQOvIYY,back-court-logo,7.2,1986.33,https://www.youtube.com/watch?v=dUzBgQOvIYY
22500054,9hY_4aHdoOw,basket-logo,440.2,447.73,https://www.youtube.com/watch?v=9hY_4aHdoOw
22500054,9hY_4aHdoOw,back-court-logo,420.4,3033.15,https://www.youtube.com/watch?v=9hY_4aHdoOw
22500054,9hY_4aHdoOw,side-court-led-logo,284.8,3757.15,https://www.youtube.com/watch?v=9hY_4aHdoOw
22500054,9hY_4aHdoOw,mid-court-logo,316.2,3633.82,https://www.youtube.com/watch?v=9hY_4aHdoOw
22500054,9hY_4aHdoOw,side-court-logo,263.4,678.54,https://www.youtube.com/watch?v=9hY_4aHdoOw
22500054,bP1Vzlq5AaA,basket-logo,570.0,438.41,https://www.youtube.com/watch?v=bP1Vzlq5AaA
22500054,bP1Vzlq5AaA,side-court-led-logo,377.4,3354.93,https://www.youtube.com/watch?v=bP1Vzlq5AaA
22500054,bP1Vzlq5AaA,back-court-logo,535.4,2856.79,https://www.youtube.com/watch?v=bP1Vzlq5AaA
22500054,bP1Vzlq5AaA,mid-court-logo,397.4,3519.63,https://www.youtube.com/watch?v=bP1Vzlq5AaA
22500054,bP1Vzlq5AaA,side-court-logo,320.4,668.04,https://www.youtube.com/watch?v=bP1Vzlq5AaA
22500054,chxI3OVlpKQ,basket-logo,448.2,448.01,https://www.youtube.com/watch?v=chxI3OVlpKQ
22500054,chxI3OVlpKQ,back-court-logo,434.6,3045.7,https://www.youtube.com/watch?v=chxI3OVlpKQ
22500054,chxI3OVlpKQ,side-court-led-logo,288.0,3603.79,https://www.youtube.com/watch?v=chxI3OVlpKQ
22500054,chxI3OVlpKQ,mid-court-logo,316.2,3667.87,https://www.youtube.com/watch?v=chxI3OVlpKQ
22500054,chxI3OVlpKQ,side-court-logo,256.0,695.43,https://www.youtube.com/watch?v=chxI3OVlpKQ
22500054,ru_F-Nym-SY,side-court-led-logo,349.4,3707.37,https://www.youtube.com/watch?v=ru_F-Nym-SY
22500054,ru_F-Nym-SY,basket-logo,471.2,433.7,https://www.youtube.com/watch?v=ru_F-Nym-SY
22500054,ru_F-Nym-SY,side-court-logo,280.2,664.87,https://www.youtube.com/watch?v=ru_F-Nym-SY
22500054,ru_F-Nym-SY,mid-court-logo,360.8,3542.65,https://www.youtube.com/watch?v=ru_F-Nym-SY
22500054,ru_F-Nym-SY,back-court-logo,444.2,2973.75,https://www.youtube.com/watch?v=ru_F-Nym-SY
22500267,0Rf7SCccD5Y,basket-logo,481.6,544.41,https://www.youtube.com/watch?v=0Rf7SCccD5Y
22500267,0Rf7SCccD5Y,back-court-logo,479.0,2734.58,https://www.youtube.com/watch?v=0Rf7SCccD5Y
22500267,0Rf7SCccD5Y,side-court-logo,462.2,1627.87,https://www.youtube.com/watch?v=0Rf7SCccD5Y
22500267,0Rf7SCccD5Y,side-court-led-logo,505.6,6613.26,https://www.youtube.com/watch?v=0Rf7SCccD5Y
22500267,0Rf7SCccD5Y,mid-court-logo,401.6,5067.38,https://www.youtube.com/watch?v=0Rf7SCccD5Y
22500267,qePKOUY_rkQ,basket-logo,476.6,524.13,https://www.youtube.com/watch?v=qePKOUY_rkQ
22500267,qePKOUY_rkQ,side-court-led-logo,505.8,6240.99,https://www.youtube.com/watch?v=qePKOUY_rkQ
22500267,qePKOUY_rkQ,back-court-logo,480.4,2640.73,https://www.youtube.com/watch?v=qePKOUY_rkQ
22500267,qePKOUY_rkQ,mid-court-logo,414.2,4846.43,https://www.youtube.com/watch?v=qePKOUY_rkQ
22500267,qePKOUY_rkQ,side-court-logo,461.6,1528.16,https://www.youtube.com/watch?v=qePKOUY_rkQ
22500267,-LAGyov0lz0,basket-logo,480.2,543.2,https://www.youtube.com/watch?v=-LAGyov0lz0
22500267,-LAGyov0lz0,back-court-logo,481.0,2756.56,https://www.youtube.com/watch?v=-LAGyov0lz0
22500267,-LAGyov0lz0,side-court-logo,462.2,1624.62,https://www.youtube.com/watch?v=-LAGyov0lz0
22500267,-LAGyov0lz0,side-court-led-logo,503.8,6558.72,https://www.youtube.com/watch?v=-LAGyov0lz0
22500267,-LAGyov0lz0,mid-court-logo,401.6,5063.39,https://www.youtube.com/watch?v=-LAGyov0lz0
22500267,gGf__2NVTog,side-court-led-logo,512.4,6659.13,https://www.youtube.com/watch?v=gGf__2NVTog
22500267,gGf__2NVTog,side-court-logo,462.6,1593.59,https://www.youtube.com/watch?v=gGf__2NVTog
22500267,gGf__2NVTog,back-court-logo,490.8,2645.64,https://www.youtube.com/watch?v=gGf__2NVTog
22500267,gGf__2NVTog,mid-court-logo,432.8,4872.16,https://www.youtube.com/watch?v=gGf__2NVTog
22500267,gGf__2NVTog,basket-logo,485.2,520.9,https://www.youtube.com/watch?v=gGf__2NVTog
22500267,09LufmHeRRM,basket-logo,480.4,547.73,https://www.youtube.com/watch?v=09LufmHeRRM
22500267,09LufmHeRRM,back-court-logo,480.4,2794.25,https://www.youtube.com/watch?v=09LufmHeRRM
22500267,09LufmHeRRM,side-court-logo,457.0,1653.29,https://www.youtube.com/watch?v=09LufmHeRRM
22500267,09LufmHeRRM,side-court-led-logo,503.4,6576.27,https://www.youtube.com/watch?v=09LufmHeRRM
22500267,09LufmHeRRM,mid-court-logo,398.4,5071.43,https://www.youtube.com/watch?v=09LufmHeRRM
22500244,uGTSxXKbnF4,basket-logo,618.6,454.23,https://www.youtube.com/watch?v=uGTSxXKbnF4
22500244,uGTSxXKbnF4,mid-court-logo,645.2,5793.32,https://www.youtube.com/watch?v=uGTSxXKbnF4
22500244,uGTSxXKbnF4,back-court-logo,614.0,2374.28,https://www.youtube.com/watch?v=uGTSxXKbnF4
22500244,uGTSxXKbnF4,side-court-logo,660.8,2021.85,https://www.youtube.com/watch?v=uGTSxXKbnF4
22500244,uGTSxXKbnF4,side-court-led-logo,222.8,1862.36,https://www.youtube.com/watch?v=uGTSxXKbnF4
22500244,bIdEKiCvqoo,side-court-led-logo,178.2,1835.11,https://www.youtube.com/watch?v=bIdEKiCvqoo
22500244,bIdEKiCvqoo,basket-logo,504.6,450.96,https://www.youtube.com/watch?v=bIdEKiCvqoo
22500244,bIdEKiCvqoo,side-court-logo,529.6,2003.97,https://www.youtube.com/watch?v=bIdEKiCvqoo
22500244,bIdEKiCvqoo,mid-court-logo,529.2,5576.8,https://www.youtube.com/watch?v=bIdEKiCvqoo
22500244,bIdEKiCvqoo,back-court-logo,501.2,2345.29,https://www.youtube.com/watch?v=bIdEKiCvqoo
22500244,8MVMdFrC7kA,back-court-logo,506.6,2349.82,https://www.youtube.com/watch?v=8MVMdFrC7kA
22500244,8MVMdFrC7kA,mid-court-logo,530.6,5593.15,https://www.youtube.com/watch?v=8MVMdFrC7kA
22500244,8MVMdFrC7kA,basket-logo,512.4,452.76,https://www.youtube.com/watch?v=8MVMdFrC7kA
22500244,8MVMdFrC7kA,side-court-logo,543.0,1997.18,https://www.youtube.com/watch?v=8MVMdFrC7kA
22500244,8MVMdFrC7kA,side-court-led-logo,179.8,1844.04,https://www.youtube.com/watch?v=8MVMdFrC7kA
22500244,Vf9mDqEYfzg,mid-court-logo,478.4,5996.98,https://www.youtube.com/watch?v=Vf9mDqEYfzg
22500244,Vf9mDqEYfzg,back-court-logo,470.4,2428.93,https://www.youtube.com/watch?v=Vf9mDqEYfzg
22500244,Vf9mDqEYfzg,side-court-logo,519.2,1991.11,https://www.youtube.com/watch?v=Vf9mDqEYfzg
22500244,Vf9mDqEYfzg,side-court-led-logo,215.8,1949.3,https://www.youtube.com/watch?v=Vf9mDqEYfzg
22500244,Vf9mDqEYfzg,basket-logo,467.4,453.56,https://www.youtube.com/watch?v=Vf9mDqEYfzg
22500244,PTigfvan60M,basket-logo,118.6,1070.94,https://www.youtube.com/watch?v=PTigfvan60M
22500244,PTigfvan60M,mid-court-logo,42.6,15367.25,https://www.youtube.com/watch?v=PTigfvan60M
22500244,PTigfvan60M,side-court-led-logo,30.0,9632.93,https://www.youtube.com/watch?v=PTigfvan60M
22500244,PTigfvan60M,side-court-logo,69.2,4443.36,https://www.youtube.com/watch?v=PTigfvan60M
22500244,PTigfvan60M,back-court-logo,97.2,8889.01,https://www.youtube.com/watch?v=PTigfvan60M
22500245,OEAdiCeAIkc,side-court-led-logo,484.4,2162.63,https://www.youtube.com/watch?v=OEAdiCeAIkc
22500245,OEAdiCeAIkc,mid-court-logo,429.8,3819.33,https://www.youtube.com/watch?v=OEAdiCeAIkc
22500245,OEAdiCeAIkc,side-court-logo,412.0,1664.84,https://www.youtube.com/watch?v=OEAdiCeAIkc
22500245,OEAdiCeAIkc,back-court-logo,321.2,2833.03,https://www.youtube.com/watch?v=OEAdiCeAIkc
22500245,OEAdiCeAIkc,basket-logo,414.6,615.82,https://www.youtube.com/watch?v=OEAdiCeAIkc
22500245,n6LTgSZCGWI,side-court-led-logo,528.2,2213.18,https://www.youtube.com/watch?v=n6LTgSZCGWI
22500245,n6LTgSZCGWI,mid-court-logo,478.4,4124.53,https://www.youtube.com/watch?v=n6LTgSZCGWI
22500245,n6LTgSZCGWI,basket-logo,467.2,612.55,https://www.youtube.com/watch?v=n6LTgSZCGWI
22500245,n6LTgSZCGWI,back-court-logo,307.0,2665.37,https://www.youtube.com/watch?v=n6LTgSZCGWI
22500245,n6LTgSZCGWI,side-court-logo,462.2,1599.86,https://www.youtube.com/watch?v=n6LTgSZCGWI
22500245,Wiq2EJwMIxM,side-court-led-logo,521.0,1903.28,https://www.youtube.com/watch?v=Wiq2EJwMIxM
22500245,Wiq2EJwMIxM,mid-court-logo,475.6,4201.64,https://www.youtube.com/watch?v=Wiq2EJwMIxM
22500245,Wiq2EJwMIxM,side-court-logo,452.8,1641.1,https://www.youtube.com/watch?v=Wiq2EJwMIxM
22500245,Wiq2EJwMIxM,back-court-logo,419.8,2699.95,https://www.youtube.com/watch?v=Wiq2EJwMIxM
22500245,Wiq2EJwMIxM,basket-logo,471.6,641.61,https://www.youtube.com/watch?v=Wiq2EJwMIxM
22500245,mp2MM1kJ0G0,basket-logo,457.0,628.05,https://www.youtube.com/watch?v=mp2MM1kJ0G0
22500245,mp2MM1kJ0G0,side-court-logo,438.6,1628.83,https://www.youtube.com/watch?v=mp2MM1kJ0G0
22500245,mp2MM1kJ0G0,back-court-logo,327.0,2671.23,https://www.youtube.com/watch?v=mp2MM1kJ0G0
22500245,mp2MM1kJ0G0,side-court-led-logo,521.2,2243.43,https://www.youtube.com/watch?v=mp2MM1kJ0G0
22500245,mp2MM1kJ0G0,mid-court-logo,474.8,4186.06,https://www.youtube.com/watch?v=mp2MM1kJ0G0
22500238,QQvi_FSLvnM,back-court-logo,455.8,1814.31,https://www.youtube.com/watch?v=QQvi_FSLvnM
22500238,QQvi_FSLvnM,side-court-led-logo,530.2,4467.96,https://www.youtube.com/watch?v=QQvi_FSLvnM
22500238,QQvi_FSLvnM,mid-court-logo,366.2,3023.23,https://www.youtube.com/watch?v=QQvi_FSLvnM
22500238,QQvi_FSLvnM,side-court-logo,342.2,834.93,https://www.youtube.com/watch?v=QQvi_FSLvnM
22500238,QQvi_FSLvnM,basket-logo,478.4,367.24,https://www.youtube.com/watch?v=QQvi_FSLvnM
22500238,ptaHk9Rj8iQ,basket-logo,437.8,395.64,https://www.youtube.com/watch?v=ptaHk9Rj8iQ
22500238,ptaHk9Rj8iQ,back-court-logo,414.8,1867.25,https://www.youtube.com/watch?v=ptaHk9Rj8iQ
22500238,ptaHk9Rj8iQ,side-court-led-logo,479.4,5627.77,https://www.youtube.com/watch?v=ptaHk9Rj8iQ
22500238,ptaHk9Rj8iQ,mid-court-logo,309.0,2942.87,https://www.youtube.com/watch?v=ptaHk9Rj8iQ
22500238,ptaHk9Rj8iQ,side-court-logo,320.2,848.39,https://www.youtube.com/watch?v=ptaHk9Rj8iQ
22500238,Zmzj_A37AyQ,basket-logo,486.6,385.82,https://www.youtube.com/watch?v=Zmzj_A37AyQ
22500238,Zmzj_A37AyQ,mid-court-logo,323.4,3214.89,https://www.youtube.com/watch?v=Zmzj_A37AyQ
22500238,Zmzj_A37AyQ,back-court-logo,420.8,1805.12,https://www.youtube.com/watch?v=Zmzj_A37AyQ
22500238,Zmzj_A37AyQ,side-court-led-logo,501.4,4459.21,https://www.youtube.com/watch?v=Zmzj_A37AyQ
22500238,Zmzj_A37AyQ,side-court-logo,334.2,849.68,https://www.youtube.com/watch?v=Zmzj_A37AyQ
22500234,QYgcJYHiOVY,basket-logo,438.4,586.21,https://www.youtube.com/watch?v=QYgcJYHiOVY
22500234,QYgcJYHiOVY,side-court-led-logo,483.4,5919.81,https://www.youtube.com/watch?v=QYgcJYHiOVY
22500234,QYgcJYHiOVY,mid-court-logo,353.6,4941.17,https://www.youtube.com/watch?v=QYgcJYHiOVY
22500234,QYgcJYHiOVY,side-court-logo,435.6,1554.38,https://www.youtube.com/watch?v=QYgcJYHiOVY
22500234,QYgcJYHiOVY,back-court-logo,435.6,2610.38,https://www.youtube.com/watch?v=QYgcJYHiOVY
22500234,M8aTzFla5NA,mid-court-logo,356.8,5034.82,https://www.youtube.com/watch?v=M8aTzFla5NA
22500234,M8aTzFla5NA,side-court-logo,482.4,1576.89,https://www.youtube.com/watch?v=M8aTzFla5NA
22500234,M8aTzFla5NA,side-court-led-logo,521.0,5917.99,https://www.youtube.com/watch?v=M8aTzFla5NA
22500234,M8aTzFla5NA,back-court-logo,490.4,2596.53,https://www.youtube.com/watch?v=M8aTzFla5NA
22500234,M8aTzFla5NA,basket-logo,488.8,578.62,https://www.youtube.com/watch?v=M8aTzFla5NA
22500234,pTE3CKf5ljk,side-court-logo,223.8,2523.29,https://www.youtube.com/watch?v=pTE3CKf5ljk
22500234,pTE3CKf5ljk,side-court-led-logo,277.4,7592.29,https://www.youtube.com/watch?v=pTE3CKf5ljk
22500234,pTE3CKf5ljk,back-court-logo,360.2,5436.86,https://www.youtube.com/watch?v=pTE3CKf5ljk
22500234,pTE3CKf5ljk,basket-logo,388.8,952.38,https://www.youtube.com/watch?v=pTE3CKf5ljk
22500234,pTE3CKf5ljk,mid-court-logo,71.2,5067.9,https://www.youtube.com/watch?v=pTE3CKf5ljk
22500043,qTtUQTVN7yc,back-court-logo,416.8,1689.69,https://www.youtube.com/watch?v=qTtUQTVN7yc
22500043,qTtUQTVN7yc,side-court-led-logo,451.2,1898.89,https://www.youtube.com/watch?v=qTtUQTVN7yc
22500043,qTtUQTVN7yc,basket-logo,414.2,421.6,https://www.youtube.com/watch?v=qTtUQTVN7yc
22500043,qTtUQTVN7yc,side-court-logo,421.0,1566.82,https://www.youtube.com/watch?v=qTtUQTVN7yc
22500043,qTtUQTVN7yc,mid-court-logo,153.6,2586.38,https://www.youtube.com/watch?v=qTtUQTVN7yc
22500043,RLrWNr_Tm-w,back-court-logo,499.2,1673.69,https://www.youtube.com/watch?v=RLrWNr_Tm-w
22500043,RLrWNr_Tm-w,side-court-logo,478.6,1534.33,https://www.youtube.com/watch?v=RLrWNr_Tm-w
22500043,RLrWNr_Tm-w,side-court-led-logo,516.4,1539.58,https://www.youtube.com/watch?v=RLrWNr_Tm-w
22500043,RLrWNr_Tm-w,basket-logo,493.2,421.75,https://www.youtube.com/watch?v=RLrWNr_Tm-w
22500043,RLrWNr_Tm-w,mid-court-logo,157.4,2626.81,https://www.youtube.com/watch?v=RLrWNr_Tm-w
22500229,BOvEtFxgZaw,side-court-led-logo,493.8,2049.43,https://www.youtube.com/watch?v=BOvEtFxgZaw
22500229,BOvEtFxgZaw,mid-court-logo,337.8,4501.21,https://www.youtube.com/watch?v=BOvEtFxgZaw
22500229,BOvEtFxgZaw,side-court-logo,339.8,1911.39,https://www.youtube.com/watch?v=BOvEtFxgZaw
22500229,BOvEtFxgZaw,basket-logo,461.8,525.74,https://www.youtube.com/watch?v=BOvEtFxgZaw
22500229,BOvEtFxgZaw,back-court-logo,476.0,2134.14,https://www.youtube.com/watch?v=BOvEtFxgZaw
22500229,YhBsHK_R600,side-court-led-logo,442.4,2281.55,https://www.youtube.com/watch?v=YhBsHK_R600
22500229,YhBsHK_R600,mid-court-logo,266.4,4841.72,https://www.youtube.com/watch?v=YhBsHK_R600
22500229,YhBsHK_R600,side-court-logo,303.0,1969.94,https://www.youtube.com/watch?v=YhBsHK_R600
22500229,YhBsHK_R600,basket-logo,410.4,555.38,https://www.youtube.com/watch?v=YhBsHK_R600
22500229,YhBsHK_R600,back-court-logo,418.0,2243.42,https://www.youtube.com/watch?v=YhBsHK_R600
22500229,pHqYJsfmT-w,basket-logo,435.6,559.09,https://www.youtube.com/watch?v=pHqYJsfmT-w
22500229,pHqYJsfmT-w,side-court-led-logo,459.8,2755.25,https://www.youtube.com/watch?v=pHqYJsfmT-w
22500229,pHqYJsfmT-w,back-court-logo,440.2,2278.3,https://www.youtube.com/watch?v=pHqYJsfmT-w
22500229,pHqYJsfmT-w,mid-court-logo,268.6,4642.81,https://www.youtube.com/watch?v=pHqYJsfmT-w
22500229,pHqYJsfmT-w,side-court-logo,337.6,2026.17,https://www.youtube.com/watch?v=pHqYJsfmT-w
22500044,uhHRQWQUHGI,back-court-logo,455.8,3372.07,https://www.youtube.com/watch?v=uhHRQWQUHGI
22500044,uhHRQWQUHGI,side-court-led-logo,307.4,3010.36,https://www.youtube.com/watch?v=uhHRQWQUHGI
22500044,uhHRQWQUHGI,side-court-logo,496.4,2342.07,https://www.youtube.com/watch?v=uhHRQWQUHGI
22500044,uhHRQWQUHGI,basket-logo,439.4,611.79,https://www.youtube.com/watch?v=uhHRQWQUHGI
22500044,uhHRQWQUHGI,mid-court-logo,318.0,5071.14,https://www.youtube.com/watch?v=uhHRQWQUHGI
22500044,3_YiRFo8aJU,side-court-led-logo,343.8,2924.44,https://www.youtube.com/watch?v=3_YiRFo8aJU
22500044,3_YiRFo8aJU,side-court-logo,494.0,2283.65,https://www.youtube.com/watch?v=3_YiRFo8aJU
22500044,3_YiRFo8aJU,mid-court-logo,333.4,5236.79,https://www.youtube.com/watch?v=3_YiRFo8aJU
22500044,3_YiRFo8aJU,back-court-logo,451.8,3288.33,https://www.youtube.com/watch?v=3_YiRFo8aJU
22500044,3_YiRFo8aJU,basket-logo,450.4,605.83,https://www.youtube.com/watch?v=3_YiRFo8aJU
22500044,9flEvps1PSs,back-court-logo,454.8,3383.32,https://www.youtube.com/watch?v=9flEvps1PSs
22500044,9flEvps1PSs,side-court-logo,495.2,2362.46,https://www.youtube.com/watch?v=9flEvps1PSs
22500044,9flEvps1PSs,side-court-led-logo,303.4,3062.39,https://www.youtube.com/watch?v=9flEvps1PSs
22500044,9flEvps1PSs,basket-logo,438.4,613.25,https://www.youtube.com/watch?v=9flEvps1PSs
22500044,9flEvps1PSs,mid-court-logo,294.6,5153.8,https://www.youtube.com/watch?v=9flEvps1PSs
22500258,E-C4RvjbhVc,basket-logo,455.0,679.98,https://www.youtube.com/watch?v=E-C4RvjbhVc
22500258,E-C4RvjbhVc,back-court-logo,462.0,4573.56,https://www.youtube.com/watch?v=E-C4RvjbhVc
22500258,E-C4RvjbhVc,mid-court-logo,356.0,4682.3,https://www.youtube.com/watch?v=E-C4RvjbhVc
22500258,E-C4RvjbhVc,side-court-logo,468.2,2208.37,https://www.youtube.com/watch?v=E-C4RvjbhVc
22500258,E-C4RvjbhVc,side-court-led-logo,311.2,4233.85,https://www.youtube.com/watch?v=E-C4RvjbhVc
22500258,XBlxXEaOWHw,back-court-logo,436.4,4878.54,https://www.youtube.com/watch?v=XBlxXEaOWHw
22500258,XBlxXEaOWHw,basket-logo,420.6,607.84,https://www.youtube.com/watch?v=XBlxXEaOWHw
22500258,XBlxXEaOWHw,side-court-logo,458.2,2253.98,https://www.youtube.com/watch?v=XBlxXEaOWHw
22500258,XBlxXEaOWHw,side-court-led-logo,325.4,4910.5,https://www.youtube.com/watch?v=XBlxXEaOWHw
22500258,XBlxXEaOWHw,mid-court-logo,264.4,4131.02,https://www.youtube.com/watch?v=XBlxXEaOWHw
22500258,q_C0mfCgTkE,basket-logo,476.6,577.92,https://www.youtube.com/watch?v=q_C0mfCgTkE
22500258,q_C0mfCgTkE,back-court-logo,485.0,4576.88,https://www.youtube.com/watch?v=q_C0mfCgTkE
22500258,q_C0mfCgTkE,side-court-led-logo,375.0,4416.86,https://www.youtube.com/watch?v=q_C0mfCgTkE
22500258,q_C0mfCgTkE,mid-court-logo,267.0,4374.89,https://www.youtube.com/watch?v=q_C0mfCgTkE
22500258,q_C0mfCgTkE,side-court-logo,505.8,2230.74,https://www.youtube.com/watch?v=q_C0mfCgTkE
22500258,aQqQkcdWuVo,basket-logo,469.4,672.58,https://www.youtube.com/watch?v=aQqQkcdWuVo
22500258,aQqQkcdWuVo,back-court-logo,477.4,4717.11,https://www.youtube.com/watch?v=aQqQkcdWuVo
22500258,aQqQkcdWuVo,mid-court-logo,374.8,4796.15,https://www.youtube.com/watch?v=aQqQkcdWuVo
22500258,aQqQkcdWuVo,side-court-logo,488.4,2266.14,https://www.youtube.com/watch?v=aQqQkcdWuVo
22500258,aQqQkcdWuVo,side-court-led-logo,345.4,4730.38,https://www.youtube.com/watch?v=aQqQkcdWuVo
22500258,wxVSDC5PAPs,basket-logo,453.0,685.56,https://www.youtube.com/watch?v=wxVSDC5PAPs
22500258,wxVSDC5PAPs,back-court-logo,459.2,4567.6,https://www.youtube.com/watch?v=wxVSDC5PAPs
22500258,wxVSDC5PAPs,mid-court-logo,355.6,4708.13,https://www.youtube.com/watch?v=wxVSDC5PAPs
22500258,wxVSDC5PAPs,side-court-logo,465.0,2218.26,https://www.youtube.com/watch?v=wxVSDC5PAPs
22500258,wxVSDC5PAPs,side-court-led-logo,309.4,4186.08,https://www.youtube.com/watch?v=wxVSDC5PAPs
22500258,OqU1gj0nVig,back-court-logo,202.6,4800.97,https://www.youtube.com/watch?v=OqU1gj0nVig
22500258,OqU1gj0nVig,side-court-logo,207.0,2138.95,https://www.youtube.com/watch?v=OqU1gj0nVig
22500258,OqU1gj0nVig,basket-logo,196.8,639.97,https://www.youtube.com/watch?v=OqU1gj0nVig
22500258,OqU1gj0nVig,side-court-led-logo,132.2,5096.43,https://www.youtube.com/watch?v=OqU1gj0nVig
22500258,OqU1gj0nVig,mid-court-logo,142.4,3819.78,https://www.youtube.com/watch?v=OqU1gj0nVig
22500041,G2v5pw01jik,basket-logo,449.6,577.14,https://www.youtube.com/watch?v=G2v5pw01jik
22500041,G2v5pw01jik,back-court-logo,463.8,2708.91,https://www.youtube.com/watch?v=G2v5pw01jik
22500041,G2v5pw01jik,side-court-led-logo,460.4,2672.89,https://www.youtube.com/watch?v=G2v5pw01jik
22500041,G2v5pw01jik,mid-court-logo,118.2,2454.12,https://www.youtube.com/watch?v=G2v5pw01jik
22500041,G2v5pw01jik,side-court-logo,145.2,2819.47,https://www.youtube.com/watch?v=G2v5pw01jik
22500041,ddSLWqFlMWI,basket-logo,450.8,582.46,https://www.youtube.com/watch?v=ddSLWqFlMWI
22500041,ddSLWqFlMWI,back-court-logo,466.0,2721.03,https://www.youtube.com/watch?v=ddSLWqFlMWI
22500041,ddSLWqFlMWI,side-court-led-logo,451.2,2801.18,https://www.youtube.com/watch?v=ddSLWqFlMWI
22500041,ddSLWqFlMWI,mid-court-logo,113.2,2397.0,https://www.youtube.com/watch?v=ddSLWqFlMWI
22500041,ddSLWqFlMWI,side-court-logo,132.6,2832.08,https://www.youtube.com/watch?v=ddSLWqFlMWI
22500228,ALLvTAdG2j4,mid-court-logo,338.0,4154.08,https://www.youtube.com/watch?v=ALLvTAdG2j4
22500228,ALLvTAdG2j4,side-court-led-logo,499.4,1840.15,https://www.youtube.com/watch?v=ALLvTAdG2j4
22500228,ALLvTAdG2j4,side-court-logo,340.4,1551.65,https://www.youtube.com/watch?v=ALLvTAdG2j4
22500228,ALLvTAdG2j4,back-court-logo,483.0,2501.01,https://www.youtube.com/watch?v=ALLvTAdG2j4
22500228,ALLvTAdG2j4,basket-logo,475.4,413.19,https://www.youtube.com/watch?v=ALLvTAdG2j4
22500228,ZRbiOw5MRDM,side-court-led-logo,496.2,2121.8,https://www.youtube.com/watch?v=ZRbiOw5MRDM
22500228,ZRbiOw5MRDM,basket-logo,481.4,411.16,https://www.youtube.com/watch?v=ZRbiOw5MRDM
22500228,ZRbiOw5MRDM,back-court-logo,486.6,2477.42,https://www.youtube.com/watch?v=ZRbiOw5MRDM
22500228,ZRbiOw5MRDM,mid-court-logo,319.0,4413.94,https://www.youtube.com/watch?v=ZRbiOw5MRDM
22500228,ZRbiOw5MRDM,side-court-logo,331.2,1577.49,https://www.youtube.com/watch?v=ZRbiOw5MRDM
22500228,QAdAg_zX_nQ,mid-court-logo,97.8,4221.19,https://www.youtube.com/watch?v=QAdAg_zX_nQ
22500228,QAdAg_zX_nQ,side-court-led-logo,321.0,3329.89,https://www.youtube.com/watch?v=QAdAg_zX_nQ
22500228,QAdAg_zX_nQ,side-court-logo,363.8,2258.76,https://www.youtube.com/watch?v=QAdAg_zX_nQ
22500228,QAdAg_zX_nQ,basket-logo,534.6,798.81,https://www.youtube.com/watch?v=QAdAg_zX_nQ
22500228,QAdAg_zX_nQ,back-court-logo,390.8,5079.65,https://www.youtube.com/watch?v=QAdAg_zX_nQ
22500233,--cfdApmKFU,mid-court-logo,509.2,2328.56,https://www.youtube.com/watch?v=--cfdApmKFU
22500233,--cfdApmKFU,side-court-led-logo,546.6,1953.02,https://www.youtube.com/watch?v=--cfdApmKFU
22500233,--cfdApmKFU,back-court-logo,474.4,3218.88,https://www.youtube.com/watch?v=--cfdApmKFU
22500233,--cfdApmKFU,side-court-logo,496.8,2056.51,https://www.youtube.com/watch?v=--cfdApmKFU
22500233,--cfdApmKFU,basket-logo,484.0,529.8,https://www.youtube.com/watch?v=--cfdApmKFU
22500233,5jHWyGqffRg,basket-logo,492.4,550.47,https://www.youtube.com/watch?v=5jHWyGqffRg
22500233,5jHWyGqffRg,back-court-logo,495.2,3447.75,https://www.youtube.com/watch?v=5jHWyGqffRg
22500233,5jHWyGqffRg,mid-court-logo,488.2,2426.09,https://www.youtube.com/watch?v=5jHWyGqffRg
22500233,5jHWyGqffRg,side-court-led-logo,546.6,2309.32,https://www.youtube.com/watch?v=5jHWyGqffRg
22500233,5jHWyGqffRg,side-court-logo,526.4,2151.44,https://www.youtube.com/watch?v=5jHWyGqffRg
22500233,bCRvyyS7PpQ,mid-court-logo,290.2,3722.15,https://www.youtube.com/watch?v=bCRvyyS7PpQ
22500233,bCRvyyS7PpQ,side-court-led-logo,574.4,4020.0,https://www.youtube.com/watch?v=bCRvyyS7PpQ
22500233,bCRvyyS7PpQ,side-court-logo,487.8,3541.17,https://www.youtube.com/watch?v=bCRvyyS7PpQ
22500233,bCRvyyS7PpQ,back-court-logo,477.8,6629.03,https://www.youtube.com/watch?v=bCRvyyS7PpQ
22500233,bCRvyyS7PpQ,basket-logo,457.4,852.74,https://www.youtube.com/watch?v=bCRvyyS7PpQ
22500232,Bpgld-i6tJQ,mid-court-logo,399.8,5087.42,https://www.youtube.com/watch?v=Bpgld-i6tJQ
22500232,Bpgld-i6tJQ,back-court-logo,510.6,3713.25,https://www.youtube.com/watch?v=Bpgld-i6tJQ
22500232,Bpgld-i6tJQ,side-court-led-logo,228.2,3851.31,https://www.youtube.com/watch?v=Bpgld-i6tJQ
22500232,Bpgld-i6tJQ,side-court-logo,562.8,2570.15,https://www.youtube.com/watch?v=Bpgld-i6tJQ
22500232,Bpgld-i6tJQ,basket-logo,487.8,707.23,https://www.youtube.com/watch?v=Bpgld-i6tJQ
22500232,z9YHndxkG4g,side-court-logo,511.2,2501.38,https://www.youtube.com/watch?v=z9YHndxkG4g
22500232,z9YHndxkG4g,back-court-logo,450.2,3832.96,https://www.youtube.com/watch?v=z9YHndxkG4g
22500232,z9YHndxkG4g,basket-logo,439.0,745.16,https://www.youtube.com/watch?v=z9YHndxkG4g
22500232,z9YHndxkG4g,mid-court-logo,300.2,4858.57,https://www.youtube.com/watch?v=z9YHndxkG4g
22500232,z9YHndxkG4g,side-court-led-logo,235.4,4606.56,https://www.youtube.com/watch?v=z9YHndxkG4g
22500232,dbfduiv7hqE,side-court-led-logo,113.8,8870.82,https://www.youtube.com/watch?v=dbfduiv7hqE
22500232,dbfduiv7hqE,mid-court-logo,102.8,5216.82,https://www.youtube.com/watch?v=dbfduiv7hqE
22500232,dbfduiv7hqE,side-court-logo,536.4,3754.67,https://www.youtube.com/watch?v=dbfduiv7hqE
22500232,dbfduiv7hqE,back-court-logo,490.8,8171.16,https://www.youtube.com/watch?v=dbfduiv7hqE
22500232,dbfduiv7hqE,basket-logo,498.6,1030.59,https://www.youtube.com/watch?v=dbfduiv7hqE
22500232,CZhNojQ3SVI,back-court-logo,509.8,3743.84,https://www.youtube.com/watch?v=CZhNojQ3SVI
22500232,CZhNojQ3SVI,mid-court-logo,399.0,5089.98,https://www.youtube.com/watch?v=CZhNojQ3SVI
22500232,CZhNojQ3SVI,side-court-led-logo,223.2,3880.48,https://www.youtube.com/watch?v=CZhNojQ3SVI
22500232,CZhNojQ3SVI,side-court-logo,559.4,2626.4,https://www.youtube.com/watch?v=CZhNojQ3SVI
22500232,CZhNojQ3SVI,basket-logo,485.8,720.4,https://www.youtube.com/watch?v=CZhNojQ3SVI
22500236,6Ee1YCSrum8,side-court-led-logo,308.2,3437.07,https://www.youtube.com/watch?v=6Ee1YCSrum8
22500236,6Ee1YCSrum8,mid-court-logo,365.4,4269.1,https://www.youtube.com/watch?v=6Ee1YCSrum8
22500236,6Ee1YCSrum8,back-court-logo,1.8,5618.15,https://www.youtube.com/watch?v=6Ee1YCSrum8
22500236,6Ee1YCSrum8,basket-logo,472.0,568.71,https://www.youtube.com/watch?v=6Ee1YCSrum8
22500236,6Ee1YCSrum8,side-court-logo,2.0,1125.03,https://www.youtube.com/watch?v=6Ee1YCSrum8
22500236,m1cjL52pfXM,basket-logo,595.6,585.15,https://www.youtube.com/watch?v=m1cjL52pfXM
22500236,m1cjL52pfXM,mid-court-logo,421.6,4235.96,https://www.youtube.com/watch?v=m1cjL52pfXM
22500236,m1cjL52pfXM,side-court-led-logo,332.8,3891.8,https://www.youtube.com/watch?v=m1cjL52pfXM
22500236,m1cjL52pfXM,back-court-logo,2.2,6515.99,https://www.youtube.com/watch?v=m1cjL52pfXM
22500236,m1cjL52pfXM,side-court-logo,1.4,1188.43,https://www.youtube.com/watch?v=m1cjL52pfXM
22500236,FLrFJv2DRkI,mid-court-logo,389.8,4200.2,https://www.youtube.com/watch?v=FLrFJv2DRkI
22500236,FLrFJv2DRkI,side-court-led-logo,322.2,3840.64,https://www.youtube.com/watch?v=FLrFJv2DRkI
22500236,FLrFJv2DRkI,basket-logo,476.4,548.29,https://www.youtube.com/watch?v=FLrFJv2DRkI
22500236,FLrFJv2DRkI,back-court-logo,2.8,5860.59,https://www.youtube.com/watch?v=FLrFJv2DRkI
22500236,FLrFJv2DRkI,side-court-logo,2.0,986.68,https://www.youtube.com/watch?v=FLrFJv2DRkI
22500236,VSKEvrEviQY,basket-logo,509.0,579.73,https://www.youtube.com/watch?v=VSKEvrEviQY
22500236,VSKEvrEviQY,side-court-led-logo,277.4,3559.52,https://www.youtube.com/watch?v=VSKEvrEviQY
22500236,VSKEvrEviQY,mid-court-logo,348.6,4038.86,https://www.youtube.com/watch?v=VSKEvrEviQY
22500236,VSKEvrEviQY,back-court-logo,3.4,6838.03,https://www.youtube.com/watch?v=VSKEvrEviQY
22500236,VSKEvrEviQY,side-court-logo,0.6,1082.84,https://www.youtube.com/watch?v=VSKEvrEviQY
22500223,E3jiXGW8JIM,basket-logo,443.8,614.02,https://www.youtube.com/watch?v=E3jiXGW8JIM
22500223,E3jiXGW8JIM,side-court-led-logo,482.0,2473.81,https://www.youtube.com/watch?v=E3jiXGW8JIM
22500223,E3jiXGW8JIM,mid-court-logo,470.6,3903.2,https://www.youtube.com/watch?v=E3jiXGW8JIM
22500223,E3jiXGW8JIM,side-court-logo,466.4,2145.7,https://www.youtube.com/watch?v=E3jiXGW8JIM
22500223,E3jiXGW8JIM,back-court-logo,2.4,1826.67,https://www.youtube.com/watch?v=E3jiXGW8JIM
22500224,bxRAd8kGYr0,basket-logo,455.6,519.94,https://www.youtube.com/watch?v=bxRAd8kGYr0
22500224,bxRAd8kGYr0,side-court-logo,443.0,1471.99,https://www.youtube.com/watch?v=bxRAd8kGYr0
22500224,bxRAd8kGYr0,mid-court-logo,243.0,4985.79,https://www.youtube.com/watch?v=bxRAd8kGYr0
22500224,bxRAd8kGYr0,side-court-led-logo,84.0,4635.65,https://www.youtube.com/watch?v=bxRAd8kGYr0
22500224,bxRAd8kGYr0,back-court-logo,4.2,4670.96,https://www.youtube.com/watch?v=bxRAd8kGYr0
22500224,vpaNh9N7Fp0,basket-logo,487.4,518.12,https://www.youtube.com/watch?v=vpaNh9N7Fp0
22500224,vpaNh9N7Fp0,mid-court-logo,340.0,4938.06,https://www.youtube.com/watch?v=vpaNh9N7Fp0
22500224,vpaNh9N7Fp0,side-court-logo,474.6,1475.16,https://www.youtube.com/watch?v=vpaNh9N7Fp0
22500224,vpaNh9N7Fp0,side-court-led-logo,108.6,3400.54,https://www.youtube.com/watch?v=vpaNh9N7Fp0
22500224,vpaNh9N7Fp0,back-court-logo,7.6,3951.0,https://www.youtube.com/watch?v=vpaNh9N7Fp0
22500240,ODU_g_AeFt4,back-court-logo,508.2,1968.77,https://www.youtube.com/watch?v=ODU_g_AeFt4
22500240,ODU_g_AeFt4,basket-logo,492.6,426.35,https://www.youtube.com/watch?v=ODU_g_AeFt4
22500240,ODU_g_AeFt4,side-court-led-logo,357.2,2274.45,https://www.youtube.com/watch?v=ODU_g_AeFt4
22500240,ODU_g_AeFt4,mid-court-logo,482.8,4215.64,https://www.youtube.com/watch?v=ODU_g_AeFt4
22500240,ODU_g_AeFt4,side-court-logo,557.6,1393.52,https://www.youtube.com/watch?v=ODU_g_AeFt4
22500240,lj5-4kSjupc,side-court-logo,516.6,1438.75,https://www.youtube.com/watch?v=lj5-4kSjupc
22500240,lj5-4kSjupc,mid-court-logo,377.2,3857.66,https://www.youtube.com/watch?v=lj5-4kSjupc
22500240,lj5-4kSjupc,side-court-led-logo,333.0,3299.78,https://www.youtube.com/watch?v=lj5-4kSjupc
22500240,lj5-4kSjupc,back-court-logo,476.4,2015.09,https://www.youtube.com/watch?v=lj5-4kSjupc
22500240,lj5-4kSjupc,basket-logo,465.6,440.61,https://www.youtube.com/watch?v=lj5-4kSjupc
22500240,BDJ3f8RTf-8,basket-logo,420.8,773.19,https://www.youtube.com/watch?v=BDJ3f8RTf-8
22500240,BDJ3f8RTf-8,back-court-logo,547.0,4502.68,https://www.youtube.com/watch?v=BDJ3f8RTf-8
22500240,BDJ3f8RTf-8,side-court-logo,568.4,2430.78,https://www.youtube.com/watch?v=BDJ3f8RTf-8
22500240,BDJ3f8RTf-8,mid-court-logo,165.0,4431.45,https://www.youtube.com/watch?v=BDJ3f8RTf-8
22500240,BDJ3f8RTf-8,side-court-led-logo,146.8,19515.1,https://www.youtube.com/watch?v=BDJ3f8RTf-8
22500240,8xv7QafZmF8,basket-logo,436.2,752.03,https://www.youtube.com/watch?v=8xv7QafZmF8
22500240,8xv7QafZmF8,back-court-logo,575.8,4447.5,https://www.youtube.com/watch?v=8xv7QafZmF8
22500240,8xv7QafZmF8,side-court-logo,612.2,2425.62,https://www.youtube.com/watch?v=8xv7QafZmF8
22500240,8xv7QafZmF8,mid-court-logo,217.4,4260.74,https://www.youtube.com/watch?v=8xv7QafZmF8
22500240,8xv7QafZmF8,side-court-led-logo,162.6,14802.03,https://www.youtube.com/watch?v=8xv7QafZmF8
22500249,O47BP64Qrsg,mid-court-logo,408.8,5233.62,https://www.youtube.com/watch?v=O47BP64Qrsg
22500249,O47BP64Qrsg,side-court-led-logo,299.6,3182.86,https://www.youtube.com/watch?v=O47BP64Qrsg
22500249,O47BP64Qrsg,side-court-logo,516.6,2008.3,https://www.youtube.com/watch?v=O47BP64Qrsg
22500249,O47BP64Qrsg,back-court-logo,490.6,3223.52,https://www.youtube.com/watch?v=O47BP64Qrsg
22500249,O47BP64Qrsg,basket-logo,476.2,633.28,https://www.youtube.com/watch?v=O47BP64Qrsg
22500249,EZVfU0bsDUg,basket-logo,493.8,637.57,https://www.youtube.com/watch?v=EZVfU0bsDUg
22500249,EZVfU0bsDUg,mid-court-logo,405.6,5041.6,https://www.youtube.com/watch?v=EZVfU0bsDUg
22500249,EZVfU0bsDUg,side-court-led-logo,292.0,3191.54,https://www.youtube.com/watch?v=EZVfU0bsDUg
22500249,EZVfU0bsDUg,back-court-logo,511.8,3254.45,https://www.youtube.com/watch?v=EZVfU0bsDUg
22500249,EZVfU0bsDUg,side-court-logo,543.6,2032.75,https://www.youtube.com/watch?v=EZVfU0bsDUg
22500249,2m-n2xxZ4kM,side-court-led-logo,296.2,3069.38,https://www.youtube.com/watch?v=2m-n2xxZ4kM
22500249,2m-n2xxZ4kM,basket-logo,432.8,622.96,https://www.youtube.com/watch?v=2m-n2xxZ4kM
22500249,2m-n2xxZ4kM,mid-court-logo,376.2,4920.85,https://www.youtube.com/watch?v=2m-n2xxZ4kM
22500249,2m-n2xxZ4kM,side-court-logo,487.2,1948.38,https://www.youtube.com/watch?v=2m-n2xxZ4kM
22500249,2m-n2xxZ4kM,back-court-logo,451.4,3209.81,https://www.youtube.com/watch?v=2m-n2xxZ4kM
22500249,JRAbpsMN_bo,mid-court-logo,400.6,4812.14,https://www.youtube.com/watch?v=JRAbpsMN_bo
22500249,JRAbpsMN_bo,side-court-logo,480.0,1911.21,https://www.youtube.com/watch?v=JRAbpsMN_bo
22500249,JRAbpsMN_bo,side-court-led-logo,329.4,3940.87,https://www.youtube.com/watch?v=JRAbpsMN_bo
22500249,JRAbpsMN_bo,back-court-logo,412.6,3138.33,https://www.youtube.com/watch?v=JRAbpsMN_bo
22500249,JRAbpsMN_bo,basket-logo,388.0,568.82,https://www.youtube.com/watch?v=JRAbpsMN_bo
22500249,t2Jgij-a-6g,basket-logo,286.6,586.16,https://www.youtube.com/watch?v=t2Jgij-a-6g
22500249,t2Jgij-a-6g,back-court-logo,292.0,3254.37,https://www.youtube.com/watch?v=t2Jgij-a-6g
22500249,t2Jgij-a-6g,side-court-led-logo,228.4,3745.83,https://www.youtube.com/watch?v=t2Jgij-a-6g
22500249,t2Jgij-a-6g,mid-court-logo,261.4,4968.11,https://www.youtube.com/watch?v=t2Jgij-a-6g
22500249,t2Jgij-a-6g,side-court-logo,357.0,1980.22,https://www.youtube.com/watch?v=t2Jgij-a-6g
22500249,12z3yvSM3LQ,mid-court-logo,340.2,5040.35,https://www.youtube.com/watch?v=12z3yvSM3LQ
22500249,12z3yvSM3LQ,side-court-logo,446.4,1954.89,https://www.youtube.com/watch?v=12z3yvSM3LQ
22500249,12z3yvSM3LQ,side-court-led-logo,284.0,3305.71,https://www.youtube.com/watch?v=12z3yvSM3LQ
22500249,12z3yvSM3LQ,back-court-logo,399.2,3144.18,https://www.youtube.com/watch?v=12z3yvSM3LQ
22500249,12z3yvSM3LQ,basket-logo,387.8,593.49,https://www.youtube.com/watch?v=12z3yvSM3LQ
22500249,a9DZBPHPYKU,mid-court-logo,372.2,4638.87,https://www.youtube.com/watch?v=a9DZBPHPYKU
22500249,a9DZBPHPYKU,basket-logo,386.4,558.19,https://www.youtube.com/watch?v=a9DZBPHPYKU
22500249,a9DZBPHPYKU,side-court-led-logo,306.2,3490.54,https://www.youtube.com/watch?v=a9DZBPHPYKU
22500249,a9DZBPHPYKU,back-court-logo,395.2,3069.29,https://www.youtube.com/watch?v=a9DZBPHPYKU
22500249,a9DZBPHPYKU,side-court-logo,460.6,1998.63,https://www.youtube.com/watch?v=a9DZBPHPYKU
22500249,PUJPJ5W8r7c,side-court-led-logo,235.2,3891.88,https://www.youtube.com/watch?v=PUJPJ5W8r7c
22500249,PUJPJ5W8r7c,side-court-logo,385.0,1979.56,https://www.youtube.com/watch?v=PUJPJ5W8r7c
22500249,PUJPJ5W8r7c,mid-court-logo,282.6,4581.26,https://www.youtube.com/watch?v=PUJPJ5W8r7c
22500249,PUJPJ5W8r7c,back-court-logo,332.8,3284.4,https://www.youtube.com/watch?v=PUJPJ5W8r7c
22500249,PUJPJ5W8r7c,basket-logo,310.8,567.81,https://www.youtube.com/watch?v=PUJPJ5W8r7c
22500230,Ud1UqoSlwcQ,side-court-led-logo,546.2,2465.73,https://www.youtube.com/watch?v=Ud1UqoSlwcQ
22500230,Ud1UqoSlwcQ,back-court-logo,445.8,3880.01,https://www.youtube.com/watch?v=Ud1UqoSlwcQ
22500230,Ud1UqoSlwcQ,mid-court-logo,381.4,4697.28,https://www.youtube.com/watch?v=Ud1UqoSlwcQ
22500230,Ud1UqoSlwcQ,basket-logo,467.0,568.02,https://www.youtube.com/watch?v=Ud1UqoSlwcQ
22500230,Ud1UqoSlwcQ,side-court-logo,0.2,11228.65,https://www.youtube.com/watch?v=Ud1UqoSlwcQ
22500230,NoMcxy1uAwI,back-court-logo,406.6,3927.21,https://www.youtube.com/watch?v=NoMcxy1uAwI
22500230,NoMcxy1uAwI,side-court-led-logo,474.0,2873.17,https://www.youtube.com/watch?v=NoMcxy1uAwI
22500230,NoMcxy1uAwI,mid-court-logo,326.2,4463.22,https://www.youtube.com/watch?v=NoMcxy1uAwI
22500230,NoMcxy1uAwI,basket-logo,398.2,582.24,https://www.youtube.com/watch?v=NoMcxy1uAwI
22500230,NoMcxy1uAwI,side-court-logo,0.4,3852.54,https://www.youtube.com/watch?v=NoMcxy1uAwI
22500230,BExAPBRcUDQ,basket-logo,456.8,476.07,https://www.youtube.com/watch?v=BExAPBRcUDQ
22500230,BExAPBRcUDQ,side-court-led-logo,521.8,2172.54,https://www.youtube.com/watch?v=BExAPBRcUDQ
22500230,BExAPBRcUDQ,back-court-logo,370.2,3066.04,https://www.youtube.com/watch?v=BExAPBRcUDQ
22500230,BExAPBRcUDQ,mid-court-logo,435.0,4458.47,https://www.youtube.com/watch?v=BExAPBRcUDQ
22500230,BExAPBRcUDQ,side-court-logo,0.4,1128.17,https://www.youtube.com/watch?v=BExAPBRcUDQ
22500230,qNyCgYCsjSQ,back-court-logo,207.6,3849.48,https://www.youtube.com/watch?v=qNyCgYCsjSQ
22500230,qNyCgYCsjSQ,side-court-led-logo,239.6,2799.58,https://www.youtube.com/watch?v=qNyCgYCsjSQ
22500230,qNyCgYCsjSQ,mid-court-logo,187.2,4129.68,https://www.youtube.com/watch?v=qNyCgYCsjSQ
22500230,qNyCgYCsjSQ,basket-logo,201.6,533.9,https://www.youtube.com/watch?v=qNyCgYCsjSQ
22500257,FLLJxa7e1CI,basket-logo,467.8,457.35,https://www.youtube.com/watch?v=FLLJxa7e1CI
22500257,FLLJxa7e1CI,back-court-logo,446.2,2230.91,https://www.youtube.com/watch?v=FLLJxa7e1CI
22500257,FLLJxa7e1CI,side-court-led-logo,202.0,1918.21,https://www.youtube.com/watch?v=FLLJxa7e1CI
22500257,FLLJxa7e1CI,mid-court-logo,504.0,6571.7,https://www.youtube.com/watch?v=FLLJxa7e1CI
22500257,FLLJxa7e1CI,side-court-logo,498.4,1876.29,https://www.youtube.com/watch?v=FLLJxa7e1CI
22500257,_w0YolCnops,basket-logo,526.8,448.5,https://www.youtube.com/watch?v=_w0YolCnops
22500257,_w0YolCnops,back-court-logo,497.8,2159.41,https://www.youtube.com/watch?v=_w0YolCnops
22500257,_w0YolCnops,side-court-led-logo,233.0,1565.99,https://www.youtube.com/watch?v=_w0YolCnops
22500257,_w0YolCnops,mid-court-logo,563.8,6260.15,https://www.youtube.com/watch?v=_w0YolCnops
22500257,_w0YolCnops,side-court-logo,546.6,1853.92,https://www.youtube.com/watch?v=_w0YolCnops
22500257,qad5ZBunJRE,mid-court-logo,495.0,6465.58,https://www.youtube.com/watch?v=qad5ZBunJRE
22500257,qad5ZBunJRE,side-court-logo,475.8,1749.61,https://www.youtube.com/watch?v=qad5ZBunJRE
22500257,qad5ZBunJRE,side-court-led-logo,270.8,2039.43,https://www.youtube.com/watch?v=qad5ZBunJRE
22500257,qad5ZBunJRE,back-court-logo,425.8,2167.57,https://www.youtube.com/watch?v=qad5ZBunJRE
22500257,qad5ZBunJRE,basket-logo,423.6,454.3,https://www.youtube.com/watch?v=qad5ZBunJRE
22500257,-JXWI8hyJPs,basket-logo,492.8,450.35,https://www.youtube.com/watch?v=-JXWI8hyJPs
22500257,-JXWI8hyJPs,mid-court-logo,529.4,5970.02,https://www.youtube.com/watch?v=-JXWI8hyJPs
22500257,-JXWI8hyJPs,back-court-logo,474.6,2175.47,https://www.youtube.com/watch?v=-JXWI8hyJPs
22500257,-JXWI8hyJPs,side-court-logo,515.0,1829.37,https://www.youtube.com/watch?v=-JXWI8hyJPs
22500257,-JXWI8hyJPs,side-court-led-logo,218.2,2061.34,https://www.youtube.com/watch?v=-JXWI8hyJPs
22500257,6UzQFgv3P9g,basket-logo,526.0,444.61,https://www.youtube.com/watch?v=6UzQFgv3P9g
22500257,6UzQFgv3P9g,back-court-logo,496.4,2163.12,https://www.youtube.com/watch?v=6UzQFgv3P9g
22500257,6UzQFgv3P9g,side-court-led-logo,229.4,1557.65,https://www.youtube.com/watch?v=6UzQFgv3P9g
22500257,6UzQFgv3P9g,side-court-logo,546.6,1829.55,https://www.youtube.com/watch?v=6UzQFgv3P9g
22500257,6UzQFgv3P9g,mid-court-logo,563.0,6259.82,https://www.youtube.com/watch?v=6UzQFgv3P9g
22500257,CVgZSnPIEOA,mid-court-logo,431.8,6221.06,https://www.youtube.com/watch?v=CVgZSnPIEOA
22500257,CVgZSnPIEOA,basket-logo,385.8,433.3,https://www.youtube.com/watch?v=CVgZSnPIEOA
22500257,CVgZSnPIEOA,back-court-logo,387.2,2180.51,https://www.youtube.com/watch?v=CVgZSnPIEOA
22500257,CVgZSnPIEOA,side-court-logo,422.8,1722.48,https://www.youtube.com/watch?v=CVgZSnPIEOA
22500257,CVgZSnPIEOA,side-court-led-logo,231.4,2043.77,https://www.youtube.com/watch?v=CVgZSnPIEOA
22500257,jaPSec6CYvU,mid-court-logo,476.0,6572.54,https://www.youtube.com/watch?v=jaPSec6CYvU
22500257,jaPSec6CYvU,side-court-led-logo,235.2,2105.91,https://www.youtube.com/watch?v=jaPSec6CYvU
22500257,jaPSec6CYvU,side-court-logo,457.8,1776.21,https://www.youtube.com/watch?v=jaPSec6CYvU
22500257,jaPSec6CYvU,back-court-logo,420.2,2219.53,https://www.youtube.com/watch?v=jaPSec6CYvU
22500257,jaPSec6CYvU,basket-logo,416.8,446.32,https://www.youtube.com/watch?v=jaPSec6CYvU
22500257,67ewM_uvT-s,basket-logo,584.4,454.02,https://www.youtube.com/watch?v=67ewM_uvT-s
22500257,67ewM_uvT-s,mid-court-logo,594.4,6454.2,https://www.youtube.com/watch?v=67ewM_uvT-s
22500257,67ewM_uvT-s,side-court-logo,593.4,1863.94,https://www.youtube.com/watch?v=67ewM_uvT-s
22500257,67ewM_uvT-s,back-court-logo,558.2,2153.26,https://www.youtube.com/watch?v=67ewM_uvT-s
22500257,67ewM_uvT-s,side-court-led-logo,216.6,1593.22,https://www.youtube.com/watch?v=67ewM_uvT-s
22500056,bdPYcAZdcTE,basket-logo,522.4,547.27,https://www.youtube.com/watch?v=bdPYcAZdcTE
22500056,bdPYcAZdcTE,side-court-led-logo,223.6,2994.19,https://www.youtube.com/watch?v=bdPYcAZdcTE
22500056,bdPYcAZdcTE,side-court-logo,330.6,883.21,https://www.youtube.com/watch?v=bdPYcAZdcTE
22500056,bdPYcAZdcTE,mid-court-logo,364.4,3737.49,https://www.youtube.com/watch?v=bdPYcAZdcTE
22500056,bdPYcAZdcTE,back-court-logo,399.8,4780.71,https://www.youtube.com/watch?v=bdPYcAZdcTE
22500056,aKFZmTuxDug,basket-logo,570.6,541.37,https://www.youtube.com/watch?v=aKFZmTuxDug
22500056,aKFZmTuxDug,back-court-logo,454.6,4711.32,https://www.youtube.com/watch?v=aKFZmTuxDug
22500056,aKFZmTuxDug,side-court-led-logo,237.4,2690.9,https://www.youtube.com/watch?v=aKFZmTuxDug
22500056,aKFZmTuxDug,side-court-logo,276.4,855.46,https://www.youtube.com/watch?v=aKFZmTuxDug
22500056,aKFZmTuxDug,mid-court-logo,302.2,4038.02,https://www.youtube.com/watch?v=aKFZmTuxDug
22500056,jqBDcifGVrg,basket-logo,430.0,502.78,https://www.youtube.com/watch?v=jqBDcifGVrg
22500056,jqBDcifGVrg,back-court-logo,321.4,4519.15,https://www.youtube.com/watch?v=jqBDcifGVrg
22500056,jqBDcifGVrg,side-court-logo,276.0,795.18,https://www.youtube.com/watch?v=jqBDcifGVrg
22500056,jqBDcifGVrg,mid-court-logo,357.0,3843.19,https://www.youtube.com/watch?v=jqBDcifGVrg
22500056,jqBDcifGVrg,side-court-led-logo,349.2,3999.41,https://www.youtube.com/watch?v=jqBDcifGVrg
22500056,IMML3VJiunA,basket-logo,411.0,546.57,https://www.youtube.com/watch?v=IMML3VJiunA
22500056,IMML3VJiunA,side-court-led-logo,237.2,3780.1,https://www.youtube.com/watch?v=IMML3VJiunA
22500056,IMML3VJiunA,back-court-logo,264.0,4609.11,https://www.youtube.com/watch?v=IMML3VJiunA
22500056,IMML3VJiunA,mid-court-logo,308.4,3866.13,https://www.youtube.com/watch?v=IMML3VJiunA
22500056,IMML3VJiunA,side-court-logo,164.0,928.46,https://www.youtube.com/watch?v=IMML3VJiunA
22500056,YJ9ohq6WD4o,basket-logo,522.6,550.36,https://www.youtube.com/watch?v=YJ9ohq6WD4o
22500056,YJ9ohq6WD4o,side-court-led-logo,225.8,2986.38,https://www.youtube.com/watch?v=YJ9ohq6WD4o
22500056,YJ9ohq6WD4o,side-court-logo,307.8,870.75,https://www.youtube.com/watch?v=YJ9ohq6WD4o
22500056,YJ9ohq6WD4o,mid-court-logo,324.8,3827.24,https://www.youtube.com/watch?v=YJ9ohq6WD4o
22500056,YJ9ohq6WD4o,back-court-logo,404.2,4820.25,https://www.youtube.com/watch?v=YJ9ohq6WD4o
22500056,-e8gOoGENZg,basket-logo,386.4,559.34,https://www.youtube.com/watch?v=-e8gOoGENZg
22500056,-e8gOoGENZg,side-court-led-logo,240.0,3907.24,https://www.youtube.com/watch?v=-e8gOoGENZg
22500056,-e8gOoGENZg,back-court-logo,245.0,5078.98,https://www.youtube.com/watch?v=-e8gOoGENZg
22500056,-e8gOoGENZg,mid-court-logo,306.8,4110.71,https://www.youtube.com/watch?v=-e8gOoGENZg
22500056,-e8gOoGENZg,side-court-logo,212.4,801.38,https://www.youtube.com/watch?v=-e8gOoGENZg
22500056,bzL5wmWzUS0,side-court-logo,238.2,866.27,https://www.youtube.com/watch?v=bzL5wmWzUS0
22500056,bzL5wmWzUS0,side-court-led-logo,260.4,3991.01,https://www.youtube.com/watch?v=bzL5wmWzUS0
22500056,bzL5wmWzUS0,mid-court-logo,313.6,4053.94,https://www.youtube.com/watch?v=bzL5wmWzUS0
22500056,bzL5wmWzUS0,basket-logo,400.6,544.23,https://www.youtube.com/watch?v=bzL5wmWzUS0
22500056,bzL5wmWzUS0,back-court-logo,238.4,4683.42,https://www.youtube.com/watch?v=bzL5wmWzUS0
22500056,KwR-zYUiAhI,side-court-logo,269.2,833.46,https://www.youtube.com/watch?v=KwR-zYUiAhI
22500056,KwR-zYUiAhI,side-court-led-logo,242.4,2798.77,https://www.youtube.com/watch?v=KwR-zYUiAhI
22500056,KwR-zYUiAhI,mid-court-logo,283.6,4181.59,https://www.youtube.com/watch?v=KwR-zYUiAhI
22500056,KwR-zYUiAhI,basket-logo,504.6,536.3,https://www.youtube.com/watch?v=KwR-zYUiAhI
22500056,KwR-zYUiAhI,back-court-logo,395.0,4623.52,https://www.youtube.com/watch?v=KwR-zYUiAhI
22500227,nloSeWUrKik,side-court-logo,451.0,1568.66,https://www.youtube.com/watch?v=nloSeWUrKik
22500227,nloSeWUrKik,side-court-led-logo,235.4,3479.43,https://www.youtube.com/watch?v=nloSeWUrKik
22500227,nloSeWUrKik,mid-court-logo,281.2,4621.72,https://www.youtube.com/watch?v=nloSeWUrKik
22500227,nloSeWUrKik,back-court-logo,419.8,2260.62,https://www.youtube.com/watch?v=nloSeWUrKik
22500227,nloSeWUrKik,basket-logo,423.4,487.91,https://www.youtube.com/watch?v=nloSeWUrKik
22500227,YfaNX9y0WCM,back-court-logo,477.4,2088.35,https://www.youtube.com/watch?v=YfaNX9y0WCM
22500227,YfaNX9y0WCM,side-court-logo,513.2,1485.09,https://www.youtube.com/watch?v=YfaNX9y0WCM
22500227,YfaNX9y0WCM,mid-court-logo,381.8,4019.2,https://www.youtube.com/watch?v=YfaNX9y0WCM
22500227,YfaNX9y0WCM,side-court-led-logo,317.6,2473.02,https://www.youtube.com/watch?v=YfaNX9y0WCM
22500227,YfaNX9y0WCM,basket-logo,453.8,442.07,https://www.youtube.com/watch?v=YfaNX9y0WCM
22500227,6MQblJ3aB_8,side-court-led-logo,234.6,3506.68,https://www.youtube.com/watch?v=6MQblJ3aB_8
22500227,6MQblJ3aB_8,mid-court-logo,280.0,4591.77,https://www.youtube.com/watch?v=6MQblJ3aB_8
22500227,6MQblJ3aB_8,side-court-logo,451.4,1574.19,https://www.youtube.com/watch?v=6MQblJ3aB_8
22500227,6MQblJ3aB_8,back-court-logo,419.4,2271.16,https://www.youtube.com/watch?v=6MQblJ3aB_8
22500227,6MQblJ3aB_8,basket-logo,422.2,490.09,https://www.youtube.com/watch?v=6MQblJ3aB_8
22500227,XtAT3-TFobM,basket-logo,448.8,456.17,https://www.youtube.com/watch?v=XtAT3-TFobM
22500227,XtAT3-TFobM,back-court-logo,466.4,2125.05,https://www.youtube.com/watch?v=XtAT3-TFobM
22500227,XtAT3-TFobM,mid-court-logo,340.6,4071.1,https://www.youtube.com/watch?v=XtAT3-TFobM
22500227,XtAT3-TFobM,side-court-logo,507.6,1471.7,https://www.youtube.com/watch?v=XtAT3-TFobM
22500227,XtAT3-TFobM,side-court-led-logo,288.4,3359.53,https://www.youtube.com/watch?v=XtAT3-TFobM
22500222,S0fk2Hhj9z4,basket-logo,488.0,310.99,https://www.youtube.com/watch?v=S0fk2Hhj9z4
22500222,S0fk2Hhj9z4,mid-court-logo,506.2,5010.4,https://www.youtube.com/watch?v=S0fk2Hhj9z4
22500222,S0fk2Hhj9z4,back-court-logo,494.6,2226.89,https://www.youtube.com/watch?v=S0fk2Hhj9z4
22500222,S0fk2Hhj9z4,side-court-led-logo,473.0,2906.55,https://www.youtube.com/watch?v=S0fk2Hhj9z4
22500222,S0fk2Hhj9z4,side-court-logo,500.8,916.57,https://www.youtube.com/watch?v=S0fk2Hhj9z4
22500222,SfvPbIB-bL0,basket-logo,490.2,372.46,https://www.youtube.com/watch?v=SfvPbIB-bL0
22500222,SfvPbIB-bL0,side-court-led-logo,455.6,2785.58,https://www.youtube.com/watch?v=SfvPbIB-bL0
22500222,SfvPbIB-bL0,back-court-logo,508.2,2804.11,https://www.youtube.com/watch?v=SfvPbIB-bL0
22500222,SfvPbIB-bL0,side-court-logo,507.0,1056.13,https://www.youtube.com/watch?v=SfvPbIB-bL0
22500222,SfvPbIB-bL0,mid-court-logo,463.4,5737.59,https://www.youtube.com/watch?v=SfvPbIB-bL0
22500222,r1REZb39uuc,back-court-logo,497.6,2664.45,https://www.youtube.com/watch?v=r1REZb39uuc
22500222,r1REZb39uuc,mid-court-logo,475.0,5621.74,https://www.youtube.com/watch?v=r1REZb39uuc
22500222,r1REZb39uuc,side-court-led-logo,469.0,2894.76,https://www.youtube.com/watch?v=r1REZb39uuc
22500222,r1REZb39uuc,side-court-logo,504.6,1022.38,https://www.youtube.com/watch?v=r1REZb39uuc
22500222,r1REZb39uuc,basket-logo,481.6,360.47,https://www.youtube.com/watch?v=r1REZb39uuc
22500219,T9SCdObd_LM,basket-logo,473.4,328.83,https://www.youtube.com/watch?v=T9SCdObd_LM
22500219,T9SCdObd_LM,side-court-led-logo,420.2,2951.1,https://www.youtube.com/watch?v=T9SCdObd_LM
22500219,T9SCdObd_LM,side-court-logo,490.6,2402.95,https://www.youtube.com/watch?v=T9SCdObd_LM
22500219,T9SCdObd_LM,mid-court-logo,500.0,3820.96,https://www.youtube.com/watch?v=T9SCdObd_LM
22500219,T9SCdObd_LM,back-court-logo,5.0,2502.14,https://www.youtube.com/watch?v=T9SCdObd_LM
22500219,ZIk6VjeFvu8,side-court-led-logo,418.8,2824.6,https://www.youtube.com/watch?v=ZIk6VjeFvu8
22500219,ZIk6VjeFvu8,basket-logo,485.4,326.37,https://www.youtube.com/watch?v=ZIk6VjeFvu8
22500219,ZIk6VjeFvu8,mid-court-logo,503.0,3821.37,https://www.youtube.com/watch?v=ZIk6VjeFvu8
22500219,ZIk6VjeFvu8,side-court-logo,500.8,2353.45,https://www.youtube.com/watch?v=ZIk6VjeFvu8
22500219,ZIk6VjeFvu8,back-court-logo,4.0,1960.69,https://www.youtube.com/watch?v=ZIk6VjeFvu8
22500039,zisplHoKGzs,basket-logo,449.6,414.26,https://www.youtube.com/watch?v=zisplHoKGzs
22500039,zisplHoKGzs,side-court-led-logo,220.4,2201.06,https://www.youtube.com/watch?v=zisplHoKGzs
22500039,zisplHoKGzs,back-court-logo,449.8,1962.97,https://www.youtube.com/watch?v=zisplHoKGzs
22500039,zisplHoKGzs,mid-court-logo,305.4,3835.29,https://www.youtube.com/watch?v=zisplHoKGzs
22500039,zisplHoKGzs,side-court-logo,94.2,448.71,https://www.youtube.com/watch?v=zisplHoKGzs
22500039,qLHf-5a4Jt0,basket-logo,512.2,399.98,https://www.youtube.com/watch?v=qLHf-5a4Jt0
22500039,qLHf-5a4Jt0,side-court-led-logo,273.0,1949.48,https://www.youtube.com/watch?v=qLHf-5a4Jt0
22500039,qLHf-5a4Jt0,back-court-logo,505.4,1863.91,https://www.youtube.com/watch?v=qLHf-5a4Jt0
22500039,qLHf-5a4Jt0,mid-court-logo,368.6,4226.21,https://www.youtube.com/watch?v=qLHf-5a4Jt0
22500039,qLHf-5a4Jt0,side-court-logo,114.0,431.74,https://www.youtube.com/watch?v=qLHf-5a4Jt0
22500039,FPxdLa8Sj7Q,side-court-led-logo,67.0,7360.83,https://www.youtube.com/watch?v=FPxdLa8Sj7Q
22500039,FPxdLa8Sj7Q,back-court-logo,528.0,4212.12,https://www.youtube.com/watch?v=FPxdLa8Sj7Q
22500039,FPxdLa8Sj7Q,mid-court-logo,74.2,3213.6,https://www.youtube.com/watch?v=FPxdLa8Sj7Q
22500039,FPxdLa8Sj7Q,basket-logo,558.8,715.48,https://www.youtube.com/watch?v=FPxdLa8Sj7Q
22500039,FPxdLa8Sj7Q,side-court-logo,180.4,623.4,https://www.youtube.com/watch?v=FPxdLa8Sj7Q
22500039,MjgOifg49dg,basket-logo,87.4,407.58,https://www.youtube.com/watch?v=MjgOifg49dg
22500039,MjgOifg49dg,side-court-led-logo,53.8,1885.98,https://www.youtube.com/watch?v=MjgOifg49dg
22500039,MjgOifg49dg,back-court-logo,86.0,1758.7,https://www.youtube.com/watch?v=MjgOifg49dg
22500039,MjgOifg49dg,mid-court-logo,71.4,3834.1,https://www.youtube.com/watch?v=MjgOifg49dg
22500039,MjgOifg49dg,side-court-logo,19.8,422.85,https://www.youtube.com/watch?v=MjgOifg49dg
22500039,RPSZrpUhQUg,basket-logo,447.2,413.58,https://www.youtube.com/watch?v=RPSZrpUhQUg
22500039,RPSZrpUhQUg,side-court-led-logo,221.4,2113.15,https://www.youtube.com/watch?v=RPSZrpUhQUg
22500039,RPSZrpUhQUg,back-court-logo,448.8,1990.45,https://www.youtube.com/watch?v=RPSZrpUhQUg
22500039,RPSZrpUhQUg,mid-court-logo,279.8,3749.13,https://www.youtube.com/watch?v=RPSZrpUhQUg
22500039,RPSZrpUhQUg,side-court-logo,74.2,459.24,https://www.youtube.com/watch?v=RPSZrpUhQUg
22500225,GOTWiraC6fk,side-court-led-logo,493.8,1931.53,https://www.youtube.com/watch?v=GOTWiraC6fk
22500225,GOTWiraC6fk,mid-court-logo,361.2,3084.63,https://www.youtube.com/watch?v=GOTWiraC6fk
22500225,GOTWiraC6fk,side-court-logo,239.2,1225.61,https://www.youtube.com/watch?v=GOTWiraC6fk
22500225,GOTWiraC6fk,back-court-logo,443.2,2221.19,https://www.youtube.com/watch?v=GOTWiraC6fk
22500225,GOTWiraC6fk,basket-logo,461.8,366.75,https://www.youtube.com/watch?v=GOTWiraC6fk
22500225,mg-Aqa0U53Q,basket-logo,481.6,303.55,https://www.youtube.com/watch?v=mg-Aqa0U53Q
22500225,mg-Aqa0U53Q,side-court-led-logo,506.4,1642.98,https://www.youtube.com/watch?v=mg-Aqa0U53Q
22500225,mg-Aqa0U53Q,back-court-logo,487.6,1807.56,https://www.youtube.com/watch?v=mg-Aqa0U53Q
22500225,mg-Aqa0U53Q,mid-court-logo,448.4,4146.23,https://www.youtube.com/watch?v=mg-Aqa0U53Q
22500225,mg-Aqa0U53Q,side-court-logo,295.4,1230.69,https://www.youtube.com/watch?v=mg-Aqa0U53Q
22500225,HjEcA190atY,basket-logo,499.0,294.22,https://www.youtube.com/watch?v=HjEcA190atY
22500225,HjEcA190atY,side-court-led-logo,527.2,1789.91,https://www.youtube.com/watch?v=HjEcA190atY
22500225,HjEcA190atY,mid-court-logo,498.2,4333.82,https://www.youtube.com/watch?v=HjEcA190atY
22500225,HjEcA190atY,back-court-logo,505.8,1709.76,https://www.youtube.com/watch?v=HjEcA190atY
22500225,HjEcA190atY,side-court-logo,326.2,1196.79,https://www.youtube.com/watch?v=HjEcA190atY
22500225,4_zJEaK7wFE,basket-logo,474.0,387.37,https://www.youtube.com/watch?v=4_zJEaK7wFE
22500225,4_zJEaK7wFE,side-court-led-logo,480.4,1654.82,https://www.youtube.com/watch?v=4_zJEaK7wFE
22500225,4_zJEaK7wFE,back-court-logo,459.8,2267.27,https://www.youtube.com/watch?v=4_zJEaK7wFE
22500225,4_zJEaK7wFE,side-court-logo,214.4,1232.18,https://www.youtube.com/watch?v=4_zJEaK7wFE
22500225,4_zJEaK7wFE,mid-court-logo,370.4,3219.76,https://www.youtube.com/watch?v=4_zJEaK7wFE
22500253,UhTDz5Q8ESw,mid-court-logo,569.4,3401.33,https://www.youtube.com/watch?v=UhTDz5Q8ESw
22500253,UhTDz5Q8ESw,side-court-led-logo,442.8,2473.89,https://www.youtube.com/watch?v=UhTDz5Q8ESw
22500253,UhTDz5Q8ESw,back-court-logo,531.6,2858.56,https://www.youtube.com/watch?v=UhTDz5Q8ESw
22500253,UhTDz5Q8ESw,basket-logo,529.0,447.29,https://www.youtube.com/watch?v=UhTDz5Q8ESw
22500253,UhTDz5Q8ESw,side-court-logo,329.0,1762.59,https://www.youtube.com/watch?v=UhTDz5Q8ESw
22500253,ok_Vem4dTC0,back-court-logo,461.4,2859.21,https://www.youtube.com/watch?v=ok_Vem4dTC0
22500253,ok_Vem4dTC0,mid-court-logo,501.0,3505.87,https://www.youtube.com/watch?v=ok_Vem4dTC0
22500253,ok_Vem4dTC0,side-court-led-logo,405.8,3109.27,https://www.youtube.com/watch?v=ok_Vem4dTC0
22500253,ok_Vem4dTC0,side-court-logo,329.8,1810.41,https://www.youtube.com/watch?v=ok_Vem4dTC0
22500253,ok_Vem4dTC0,basket-logo,465.0,438.38,https://www.youtube.com/watch?v=ok_Vem4dTC0
22500253,x8FjCerlE9w,mid-court-logo,474.6,4438.26,https://www.youtube.com/watch?v=x8FjCerlE9w
22500253,x8FjCerlE9w,side-court-led-logo,428.4,3637.19,https://www.youtube.com/watch?v=x8FjCerlE9w
22500253,x8FjCerlE9w,side-court-logo,185.8,1596.13,https://www.youtube.com/watch?v=x8FjCerlE9w
22500253,x8FjCerlE9w,back-court-logo,374.4,2806.62,https://www.youtube.com/watch?v=x8FjCerlE9w
22500253,x8FjCerlE9w,basket-logo,357.2,420.18,https://www.youtube.com/watch?v=x8FjCerlE9w
22500253,gRdew_uEswI,side-court-led-logo,410.8,2871.34,https://www.youtube.com/watch?v=gRdew_uEswI
22500253,gRdew_uEswI,mid-court-logo,514.8,3335.93,https://www.youtube.com/watch?v=gRdew_uEswI
22500253,gRdew_uEswI,side-court-logo,311.6,1752.31,https://www.youtube.com/watch?v=gRdew_uEswI
22500253,gRdew_uEswI,back-court-logo,461.2,2843.84,https://www.youtube.com/watch?v=gRdew_uEswI
22500253,gRdew_uEswI,basket-logo,458.8,441.58,https://www.youtube.com/watch?v=gRdew_uEswI
22500253,Wgo8gxCD3VY,mid-court-logo,151.8,5003.17,https://www.youtube.com/watch?v=Wgo8gxCD3VY
22500253,Wgo8gxCD3VY,side-court-led-logo,98.4,8260.26,https://www.youtube.com/watch?v=Wgo8gxCD3VY
22500253,Wgo8gxCD3VY,side-court-logo,422.8,3965.79,https://www.youtube.com/watch?v=Wgo8gxCD3VY
22500253,Wgo8gxCD3VY,basket-logo,439.8,809.11,https://www.youtube.com/watch?v=Wgo8gxCD3VY
22500253,Wgo8gxCD3VY,back-court-logo,524.8,6313.56,https://www.youtube.com/watch?v=Wgo8gxCD3VY
22500253,V8BdCnUT-OM,basket-logo,359.8,438.34,https://www.youtube.com/watch?v=V8BdCnUT-OM
22500253,V8BdCnUT-OM,side-court-led-logo,366.0,4231.88,https://www.youtube.com/watch?v=V8BdCnUT-OM
22500253,V8BdCnUT-OM,back-court-logo,382.6,2942.03,https://www.youtube.com/watch?v=V8BdCnUT-OM
22500253,V8BdCnUT-OM,mid-court-logo,456.8,3730.59,https://www.youtube.com/watch?v=V8BdCnUT-OM
22500253,V8BdCnUT-OM,side-court-logo,255.4,1630.17,https://www.youtube.com/watch?v=V8BdCnUT-OM
22500253,LOvYwMydWfY,mid-court-logo,303.6,3882.2,https://www.youtube.com/watch?v=LOvYwMydWfY
22500253,LOvYwMydWfY,side-court-led-logo,262.0,3255.65,https://www.youtube.com/watch?v=LOvYwMydWfY
22500253,LOvYwMydWfY,back-court-logo,255.0,2974.11,https://www.youtube.com/watch?v=LOvYwMydWfY
22500253,LOvYwMydWfY,basket-logo,259.2,429.0,https://www.youtube.com/watch?v=LOvYwMydWfY
22500253,LOvYwMydWfY,side-court-logo,121.6,1638.53,https://www.youtube.com/watch?v=LOvYwMydWfY
22500253,AzbWoOWIGXM,basket-logo,345.2,441.51,https://www.youtube.com/watch?v=AzbWoOWIGXM
22500253,AzbWoOWIGXM,side-court-led-logo,321.6,3531.75,https://www.youtube.com/watch?v=AzbWoOWIGXM
22500253,AzbWoOWIGXM,mid-court-logo,429.2,3490.81,https://www.youtube.com/watch?v=AzbWoOWIGXM
22500253,AzbWoOWIGXM,back-court-logo,360.8,2955.2,https://www.youtube.com/watch?v=AzbWoOWIGXM
22500253,AzbWoOWIGXM,side-court-logo,188.4,1787.56,https://www.youtube.com/watch?v=AzbWoOWIGXM
22500253,jj6lDqD9Hu0,basket-logo,511.8,446.19,https://www.youtube.com/watch?v=jj6lDqD9Hu0
22500253,jj6lDqD9Hu0,back-court-logo,511.8,2874.59,https://www.youtube.com/watch?v=jj6lDqD9Hu0
22500253,jj6lDqD9Hu0,side-court-led-logo,427.0,2327.49,https://www.youtube.com/watch?v=jj6lDqD9Hu0
22500253,jj6lDqD9Hu0,mid-court-logo,545.0,3396.16,https://www.youtube.com/watch?v=jj6lDqD9Hu0
22500253,jj6lDqD9Hu0,side-court-logo,339.0,1763.84,https://www.youtube.com/watch?v=jj6lDqD9Hu0
22500216,EuXzkxJYc0Y,basket-logo,459.8,553.16,https://www.youtube.com/watch?v=EuXzkxJYc0Y
22500216,EuXzkxJYc0Y,side-court-led-logo,526.0,2079.92,https://www.youtube.com/watch?v=EuXzkxJYc0Y
22500216,EuXzkxJYc0Y,back-court-logo,483.4,3470.51,https://www.youtube.com/watch?v=EuXzkxJYc0Y
22500216,EuXzkxJYc0Y,mid-court-logo,467.2,2254.05,https://www.youtube.com/watch?v=EuXzkxJYc0Y
22500216,EuXzkxJYc0Y,side-court-logo,511.0,2072.33,https://www.youtube.com/watch?v=EuXzkxJYc0Y
22500216,sX2n74MtcM0,basket-logo,458.8,556.43,https://www.youtube.com/watch?v=sX2n74MtcM0
22500216,sX2n74MtcM0,side-court-led-logo,527.4,2093.66,https://www.youtube.com/watch?v=sX2n74MtcM0
22500216,sX2n74MtcM0,back-court-logo,484.2,3457.49,https://www.youtube.com/watch?v=sX2n74MtcM0
22500216,sX2n74MtcM0,mid-court-logo,467.6,2302.07,https://www.youtube.com/watch?v=sX2n74MtcM0
22500216,sX2n74MtcM0,side-court-logo,510.4,2093.28,https://www.youtube.com/watch?v=sX2n74MtcM0
22500216,wOfB9uRxO7s,basket-logo,489.2,563.58,https://www.youtube.com/watch?v=wOfB9uRxO7s
22500216,wOfB9uRxO7s,back-court-logo,499.0,3457.24,https://www.youtube.com/watch?v=wOfB9uRxO7s
22500216,wOfB9uRxO7s,side-court-led-logo,537.8,2121.69,https://www.youtube.com/watch?v=wOfB9uRxO7s
22500216,wOfB9uRxO7s,side-court-logo,509.6,2115.4,https://www.youtube.com/watch?v=wOfB9uRxO7s
22500216,wOfB9uRxO7s,mid-court-logo,461.8,2149.58,https://www.youtube.com/watch?v=wOfB9uRxO7s
22500213,AKFKfI2E63Y,basket-logo,416.0,572.31,https://www.youtube.com/watch?v=AKFKfI2E63Y
22500213,AKFKfI2E63Y,mid-court-logo,385.4,4474.85,https://www.youtube.com/watch?v=AKFKfI2E63Y
22500213,AKFKfI2E63Y,back-court-logo,427.6,2207.14,https://www.youtube.com/watch?v=AKFKfI2E63Y
22500213,AKFKfI2E63Y,side-court-led-logo,472.8,3008.3,https://www.youtube.com/watch?v=AKFKfI2E63Y
22500213,AKFKfI2E63Y,side-court-logo,450.8,1825.67,https://www.youtube.com/watch?v=AKFKfI2E63Y
22500213,clrK_CHbZgk,back-court-logo,452.4,2168.48,https://www.youtube.com/watch?v=clrK_CHbZgk
22500213,clrK_CHbZgk,basket-logo,445.6,559.63,https://www.youtube.com/watch?v=clrK_CHbZgk
22500213,clrK_CHbZgk,side-court-led-logo,501.4,2502.38,https://www.youtube.com/watch?v=clrK_CHbZgk
22500213,clrK_CHbZgk,side-court-logo,484.8,1780.66,https://www.youtube.com/watch?v=clrK_CHbZgk
22500213,clrK_CHbZgk,mid-court-logo,417.6,4681.62,https://www.youtube.com/watch?v=clrK_CHbZgk
22500213,MQPRUV1XMew,basket-logo,415.6,566.4,https://www.youtube.com/watch?v=MQPRUV1XMew
22500213,MQPRUV1XMew,side-court-led-logo,472.2,3114.63,https://www.youtube.com/watch?v=MQPRUV1XMew
22500213,MQPRUV1XMew,back-court-logo,427.4,2187.08,https://www.youtube.com/watch?v=MQPRUV1XMew
22500213,MQPRUV1XMew,mid-court-logo,384.8,4448.52,https://www.youtube.com/watch?v=MQPRUV1XMew
22500213,MQPRUV1XMew,side-court-logo,452.8,1826.04,https://www.youtube.com/watch?v=MQPRUV1XMew
22500215,KfZ_eE4INWg,side-court-led-logo,252.6,2483.47,https://www.youtube.com/watch?v=KfZ_eE4INWg
22500215,KfZ_eE4INWg,mid-court-logo,534.2,4875.99,https://www.youtube.com/watch?v=KfZ_eE4INWg
22500215,KfZ_eE4INWg,basket-logo,471.0,387.12,https://www.youtube.com/watch?v=KfZ_eE4INWg
22500215,KfZ_eE4INWg,back-court-logo,488.2,2228.46,https://www.youtube.com/watch?v=KfZ_eE4INWg
22500215,KfZ_eE4INWg,side-court-logo,431.2,748.74,https://www.youtube.com/watch?v=KfZ_eE4INWg
22500215,kEUjFI2laKY,side-court-led-logo,232.6,2407.58,https://www.youtube.com/watch?v=kEUjFI2laKY
22500215,kEUjFI2laKY,back-court-logo,480.4,2246.15,https://www.youtube.com/watch?v=kEUjFI2laKY
22500215,kEUjFI2laKY,basket-logo,460.4,383.59,https://www.youtube.com/watch?v=kEUjFI2laKY
22500215,kEUjFI2laKY,side-court-logo,431.2,733.95,https://www.youtube.com/watch?v=kEUjFI2laKY
22500215,kEUjFI2laKY,mid-court-logo,518.4,4847.05,https://www.youtube.com/watch?v=kEUjFI2laKY
22500215,u8W02dwpLhU,side-court-led-logo,194.6,3283.19,https://www.youtube.com/watch?v=u8W02dwpLhU
22500215,u8W02dwpLhU,basket-logo,473.8,396.2,https://www.youtube.com/watch?v=u8W02dwpLhU
22500215,u8W02dwpLhU,back-court-logo,485.8,2357.06,https://www.youtube.com/watch?v=u8W02dwpLhU
22500215,u8W02dwpLhU,mid-court-logo,501.0,4651.31,https://www.youtube.com/watch?v=u8W02dwpLhU
22500215,u8W02dwpLhU,side-court-logo,408.6,759.74,https://www.youtube.com/watch?v=u8W02dwpLhU
22500215,oJaffnU_5pI,basket-logo,459.2,388.72,https://www.youtube.com/watch?v=oJaffnU_5pI
22500215,oJaffnU_5pI,back-court-logo,479.2,2277.71,https://www.youtube.com/watch?v=oJaffnU_5pI
22500215,oJaffnU_5pI,side-court-led-logo,232.8,2375.6,https://www.youtube.com/watch?v=oJaffnU_5pI
22500215,oJaffnU_5pI,mid-court-logo,518.2,4880.88,https://www.youtube.com/watch?v=oJaffnU_5pI
22500215,oJaffnU_5pI,side-court-logo,446.0,760.75,https://www.youtube.com/watch?v=oJaffnU_5pI
22500046,oNOX3jTlXU0,side-court-led-logo,458.6,5471.64,https://www.youtube.com/watch?v=oNOX3jTlXU0
22500046,oNOX3jTlXU0,mid-court-logo,164.4,2820.42,https://www.youtube.com/watch?v=oNOX3jTlXU0
22500046,oNOX3jTlXU0,basket-logo,429.8,436.82,https://www.youtube.com/watch?v=oNOX3jTlXU0
22500046,oNOX3jTlXU0,back-court-logo,51.6,1041.14,https://www.youtube.com/watch?v=oNOX3jTlXU0
22500046,oNOX3jTlXU0,side-court-logo,32.0,759.96,https://www.youtube.com/watch?v=oNOX3jTlXU0
22500046,6xXOBDFdRxQ,basket-logo,482.8,407.5,https://www.youtube.com/watch?v=6xXOBDFdRxQ
22500046,6xXOBDFdRxQ,side-court-led-logo,520.8,4623.85,https://www.youtube.com/watch?v=6xXOBDFdRxQ
22500046,6xXOBDFdRxQ,back-court-logo,99.2,1031.3,https://www.youtube.com/watch?v=6xXOBDFdRxQ
22500046,6xXOBDFdRxQ,mid-court-logo,149.4,3297.64,https://www.youtube.com/watch?v=6xXOBDFdRxQ
22500046,6xXOBDFdRxQ,side-court-logo,26.8,724.62,https://www.youtube.com/watch?v=6xXOBDFdRxQ
22500046,vAtVJqMy2Mg,side-court-led-logo,288.4,8436.04,https://www.youtube.com/watch?v=vAtVJqMy2Mg
22500046,vAtVJqMy2Mg,basket-logo,364.0,728.67,https://www.youtube.com/watch?v=vAtVJqMy2Mg
22500046,vAtVJqMy2Mg,back-court-logo,61.6,2209.27,https://www.youtube.com/watch?v=vAtVJqMy2Mg
22500046,vAtVJqMy2Mg,side-court-logo,22.0,893.31,https://www.youtube.com/watch?v=vAtVJqMy2Mg
22500046,vAtVJqMy2Mg,mid-court-logo,30.4,4808.1,https://www.youtube.com/watch?v=vAtVJqMy2Mg
22500046,frq1c4OvZFg,side-court-led-logo,246.8,5715.55,https://www.youtube.com/watch?v=frq1c4OvZFg
22500046,frq1c4OvZFg,mid-court-logo,21.0,4375.72,https://www.youtube.com/watch?v=frq1c4OvZFg
22500046,frq1c4OvZFg,back-court-logo,90.2,2194.11,https://www.youtube.com/watch?v=frq1c4OvZFg
22500046,frq1c4OvZFg,basket-logo,393.8,762.37,https://www.youtube.com/watch?v=frq1c4OvZFg
22500046,frq1c4OvZFg,side-court-logo,14.4,597.67,https://www.youtube.com/watch?v=frq1c4OvZFg
22500046,BoxCWTC4Oko,basket-logo,460.0,741.37,https://www.youtube.com/watch?v=BoxCWTC4Oko
22500046,BoxCWTC4Oko,side-court-led-logo,319.6,4976.49,https://www.youtube.com/watch?v=BoxCWTC4Oko
22500046,BoxCWTC4Oko,back-court-logo,94.8,2738.54,https://www.youtube.com/watch?v=BoxCWTC4Oko
22500046,BoxCWTC4Oko,side-court-logo,30.6,913.12,https://www.youtube.com/watch?v=BoxCWTC4Oko
22500046,BoxCWTC4Oko,mid-court-logo,29.8,4660.39,https://www.youtube.com/watch?v=BoxCWTC4Oko
22500218,HbCsI_LsY_Q,mid-court-logo,275.2,4123.71,https://www.youtube.com/watch?v=HbCsI_LsY_Q
22500218,HbCsI_LsY_Q,side-court-led-logo,190.2,6840.65,https://www.youtube.com/watch?v=HbCsI_LsY_Q
22500218,HbCsI_LsY_Q,side-court-logo,1.2,760.59,https://www.youtube.com/watch?v=HbCsI_LsY_Q
22500218,HbCsI_LsY_Q,basket-logo,361.4,619.26,https://www.youtube.com/watch?v=HbCsI_LsY_Q
22500218,HbCsI_LsY_Q,back-court-logo,0.2,3867.01,https://www.youtube.com/watch?v=HbCsI_LsY_Q
22500218,JhLHEfuh3pk,side-court-led-logo,279.0,4680.51,https://www.youtube.com/watch?v=JhLHEfuh3pk
22500218,JhLHEfuh3pk,basket-logo,440.8,585.17,https://www.youtube.com/watch?v=JhLHEfuh3pk
22500218,JhLHEfuh3pk,mid-court-logo,359.0,4222.04,https://www.youtube.com/watch?v=JhLHEfuh3pk
22500218,JhLHEfuh3pk,side-court-logo,4.2,1006.78,https://www.youtube.com/watch?v=JhLHEfuh3pk
22500218,JhLHEfuh3pk,back-court-logo,0.2,2284.17,https://www.youtube.com/watch?v=JhLHEfuh3pk
22500218,8GRPodH7o3M,basket-logo,453.2,571.42,https://www.youtube.com/watch?v=8GRPodH7o3M
22500218,8GRPodH7o3M,mid-court-logo,368.8,4438.77,https://www.youtube.com/watch?v=8GRPodH7o3M
22500218,8GRPodH7o3M,side-court-led-logo,291.0,4191.42,https://www.youtube.com/watch?v=8GRPodH7o3M
22500218,8GRPodH7o3M,side-court-logo,2.2,1161.54,https://www.youtube.com/watch?v=8GRPodH7o3M
22500218,8GRPodH7o3M,back-court-logo,1.2,3031.13,https://www.youtube.com/watch?v=8GRPodH7o3M
22500218,dZc6QW0tMMc,mid-court-logo,275.2,4168.85,https://www.youtube.com/watch?v=dZc6QW0tMMc
22500218,dZc6QW0tMMc,side-court-led-logo,185.2,6972.02,https://www.youtube.com/watch?v=dZc6QW0tMMc
22500218,dZc6QW0tMMc,side-court-logo,1.8,928.99,https://www.youtube.com/watch?v=dZc6QW0tMMc
22500218,dZc6QW0tMMc,basket-logo,360.2,625.6,https://www.youtube.com/watch?v=dZc6QW0tMMc
22500231,03-vua_Q0L4,side-court-led-logo,531.6,1585.94,https://www.youtube.com/watch?v=03-vua_Q0L4
22500231,03-vua_Q0L4,mid-court-logo,532.8,2909.39,https://www.youtube.com/watch?v=03-vua_Q0L4
22500231,03-vua_Q0L4,back-court-logo,506.2,1659.5,https://www.youtube.com/watch?v=03-vua_Q0L4
22500231,03-vua_Q0L4,side-court-logo,527.8,1690.78,https://www.youtube.com/watch?v=03-vua_Q0L4
22500231,03-vua_Q0L4,basket-logo,502.0,376.96,https://www.youtube.com/watch?v=03-vua_Q0L4
22500231,_PbmtlYjF4w,side-court-led-logo,527.0,1917.51,https://www.youtube.com/watch?v=_PbmtlYjF4w
22500231,_PbmtlYjF4w,mid-court-logo,518.4,2893.93,https://www.youtube.com/watch?v=_PbmtlYjF4w
22500231,_PbmtlYjF4w,side-court-logo,519.2,1657.72,https://www.youtube.com/watch?v=_PbmtlYjF4w
22500231,_PbmtlYjF4w,back-court-logo,481.6,1650.34,https://www.youtube.com/watch?v=_PbmtlYjF4w
22500231,_PbmtlYjF4w,basket-logo,466.0,363.03,https://www.youtube.com/watch?v=_PbmtlYjF4w
22500231,MfgdGQQvFKI,side-court-led-logo,519.8,2005.58,https://www.youtube.com/watch?v=MfgdGQQvFKI
22500231,MfgdGQQvFKI,mid-court-logo,497.2,2905.69,https://www.youtube.com/watch?v=MfgdGQQvFKI
22500231,MfgdGQQvFKI,side-court-logo,518.0,1951.05,https://www.youtube.com/watch?v=MfgdGQQvFKI
22500231,MfgdGQQvFKI,back-court-logo,490.0,1880.99,https://www.youtube.com/watch?v=MfgdGQQvFKI
22500231,MfgdGQQvFKI,basket-logo,486.8,423.95,https://www.youtube.com/watch?v=MfgdGQQvFKI
22500231,JOviXtloCfQ,side-court-led-logo,381.8,2104.24,https://www.youtube.com/watch?v=JOviXtloCfQ
22500231,JOviXtloCfQ,mid-court-logo,405.4,3486.97,https://www.youtube.com/watch?v=JOviXtloCfQ
22500231,JOviXtloCfQ,side-court-logo,382.2,1848.15,https://www.youtube.com/watch?v=JOviXtloCfQ
22500231,JOviXtloCfQ,back-court-logo,315.6,1932.23,https://www.youtube.com/watch?v=JOviXtloCfQ
22500231,JOviXtloCfQ,basket-logo,320.4,432.27,https://www.youtube.com/watch?v=JOviXtloCfQ
22500231,w0B9_WXbjIg,basket-logo,280.8,411.52,https://www.youtube.com/watch?v=w0B9_WXbjIg
22500231,w0B9_WXbjIg,back-court-logo,280.2,1913.62,https://www.youtube.com/watch?v=w0B9_WXbjIg
22500231,w0B9_WXbjIg,side-court-led-logo,327.0,2029.03,https://www.youtube.com/watch?v=w0B9_WXbjIg
22500231,w0B9_WXbjIg,side-court-logo,320.4,1860.17,https://www.youtube.com/watch?v=w0B9_WXbjIg
22500231,w0B9_WXbjIg,mid-court-logo,314.6,3199.92,https://www.youtube.com/watch?v=w0B9_WXbjIg
22500231,sdgzNQMuTVY,side-court-led-logo,470.6,1718.55,https://www.youtube.com/watch?v=sdgzNQMuTVY
22500231,sdgzNQMuTVY,basket-logo,412.6,379.11,https://www.youtube.com/watch?v=sdgzNQMuTVY
22500231,sdgzNQMuTVY,back-court-logo,427.0,1741.92,https://www.youtube.com/watch?v=sdgzNQMuTVY
22500231,sdgzNQMuTVY,side-court-logo,469.0,1661.42,https://www.youtube.com/watch?v=sdgzNQMuTVY
22500231,sdgzNQMuTVY,mid-court-logo,451.0,2950.62,https://www.youtube.com/watch?v=sdgzNQMuTVY
22500243,fJqiTs9yERk,back-court-logo,492.0,3980.69,https://www.youtube.com/watch?v=fJqiTs9yERk
22500243,fJqiTs9yERk,mid-court-logo,418.0,4323.64,https://www.youtube.com/watch?v=fJqiTs9yERk
22500243,fJqiTs9yERk,side-court-led-logo,363.8,3968.7,https://www.youtube.com/watch?v=fJqiTs9yERk
22500243,fJqiTs9yERk,basket-logo,482.6,618.65,https://www.youtube.com/watch?v=fJqiTs9yERk
22500243,fJqiTs9yERk,side-court-logo,512.2,2040.11,https://www.youtube.com/watch?v=fJqiTs9yERk
22500243,qGuIoD8kWnc,mid-court-logo,374.0,4450.9,https://www.youtube.com/watch?v=qGuIoD8kWnc
22500243,qGuIoD8kWnc,side-court-led-logo,335.6,3999.61,https://www.youtube.com/watch?v=qGuIoD8kWnc
22500243,qGuIoD8kWnc,side-court-logo,519.8,2109.06,https://www.youtube.com/watch?v=qGuIoD8kWnc
22500243,qGuIoD8kWnc,back-court-logo,488.8,4226.16,https://www.youtube.com/watch?v=qGuIoD8kWnc
22500243,qGuIoD8kWnc,basket-logo,478.0,639.86,https://www.youtube.com/watch?v=qGuIoD8kWnc
22500243,8ixP4uLOLzk,mid-court-logo,389.6,4771.37,https://www.youtube.com/watch?v=8ixP4uLOLzk
22500243,8ixP4uLOLzk,side-court-logo,529.0,2154.25,https://www.youtube.com/watch?v=8ixP4uLOLzk
22500243,8ixP4uLOLzk,side-court-led-logo,337.6,4462.9,https://www.youtube.com/watch?v=8ixP4uLOLzk
22500243,8ixP4uLOLzk,back-court-logo,483.6,4394.93,https://www.youtube.com/watch?v=8ixP4uLOLzk
22500243,8ixP4uLOLzk,basket-logo,471.8,643.09,https://www.youtube.com/watch?v=8ixP4uLOLzk
22500243,FV-0VPdiaL8,basket-logo,361.2,609.97,https://www.youtube.com/watch?v=FV-0VPdiaL8
22500243,FV-0VPdiaL8,back-court-logo,380.4,4407.27,https://www.youtube.com/watch?v=FV-0VPdiaL8
22500243,FV-0VPdiaL8,mid-court-logo,304.8,5166.98,https://www.youtube.com/watch?v=FV-0VPdiaL8
22500243,FV-0VPdiaL8,side-court-led-logo,349.4,6319.49,https://www.youtube.com/watch?v=FV-0VPdiaL8
22500243,FV-0VPdiaL8,side-court-logo,478.8,2292.41,https://www.youtube.com/watch?v=FV-0VPdiaL8
22500243,RtItgxWLTYU,back-court-logo,396.6,3482.03,https://www.youtube.com/watch?v=RtItgxWLTYU
22500243,RtItgxWLTYU,basket-logo,377.6,535.1,https://www.youtube.com/watch?v=RtItgxWLTYU
22500243,RtItgxWLTYU,side-court-led-logo,368.8,5807.9,https://www.youtube.com/watch?v=RtItgxWLTYU
22500243,RtItgxWLTYU,mid-court-logo,348.0,4687.86,https://www.youtube.com/watch?v=RtItgxWLTYU
22500243,RtItgxWLTYU,side-court-logo,457.4,1946.48,https://www.youtube.com/watch?v=RtItgxWLTYU
22500243,rgmxvuNF7wk,basket-logo,305.0,558.17,https://www.youtube.com/watch?v=rgmxvuNF7wk
22500243,rgmxvuNF7wk,back-court-logo,315.8,3899.97,https://www.youtube.com/watch?v=rgmxvuNF7wk
22500243,rgmxvuNF7wk,side-court-led-logo,243.0,4768.42,https://www.youtube.com/watch?v=rgmxvuNF7wk
22500243,rgmxvuNF7wk,mid-court-logo,229.2,4680.73,https://www.youtube.com/watch?v=rgmxvuNF7wk
22500243,rgmxvuNF7wk,side-court-logo,342.6,1966.42,https://www.youtube.com/watch?v=rgmxvuNF7wk
22500243,Swh5v7Et8Bg,basket-logo,394.4,573.81,https://www.youtube.com/watch?v=Swh5v7Et8Bg
22500243,Swh5v7Et8Bg,back-court-logo,413.2,3948.11,https://www.youtube.com/watch?v=Swh5v7Et8Bg
22500243,Swh5v7Et8Bg,mid-court-logo,308.4,4636.13,https://www.youtube.com/watch?v=Swh5v7Et8Bg
22500243,Swh5v7Et8Bg,side-court-logo,471.6,2152.49,https://www.youtube.com/watch?v=Swh5v7Et8Bg
22500243,Swh5v7Et8Bg,side-court-led-logo,348.8,5132.38,https://www.youtube.com/watch?v=Swh5v7Et8Bg
22500220,0iFYoD7NgQw,basket-logo,548.4,577.06,https://www.youtube.com/watch?v=0iFYoD7NgQw
22500220,0iFYoD7NgQw,back-court-logo,541.2,2913.08,https://www.youtube.com/watch?v=0iFYoD7NgQw
22500220,0iFYoD7NgQw,mid-court-logo,480.8,4575.74,https://www.youtube.com/watch?v=0iFYoD7NgQw
22500220,0iFYoD7NgQw,side-court-led-logo,562.4,5868.08,https://www.youtube.com/watch?v=0iFYoD7NgQw
22500220,0iFYoD7NgQw,side-court-logo,497.8,1645.76,https://www.youtube.com/watch?v=0iFYoD7NgQw
22500220,nAPILYwDLYI,basket-logo,487.8,562.01,https://www.youtube.com/watch?v=nAPILYwDLYI
22500220,nAPILYwDLYI,mid-court-logo,445.4,4806.84,https://www.youtube.com/watch?v=nAPILYwDLYI
22500220,nAPILYwDLYI,side-court-led-logo,512.8,6100.45,https://www.youtube.com/watch?v=nAPILYwDLYI
22500220,nAPILYwDLYI,side-court-logo,467.8,1573.96,https://www.youtube.com/watch?v=nAPILYwDLYI
22500220,nAPILYwDLYI,back-court-logo,481.8,2820.26,https://www.youtube.com/watch?v=nAPILYwDLYI
22500220,NunkdrjYs88,basket-logo,469.0,584.14,https://www.youtube.com/watch?v=NunkdrjYs88
22500220,NunkdrjYs88,mid-court-logo,422.4,4510.91,https://www.youtube.com/watch?v=NunkdrjYs88
22500220,NunkdrjYs88,back-court-logo,472.6,2958.3,https://www.youtube.com/watch?v=NunkdrjYs88
22500220,NunkdrjYs88,side-court-led-logo,500.4,6403.56,https://www.youtube.com/watch?v=NunkdrjYs88
22500220,NunkdrjYs88,side-court-logo,443.8,1669.01,https://www.youtube.com/watch?v=NunkdrjYs88
22500220,d4X1iF98xnM,mid-court-logo,327.4,4707.15,https://www.youtube.com/watch?v=d4X1iF98xnM
22500220,d4X1iF98xnM,side-court-led-logo,415.2,7615.87,https://www.youtube.com/watch?v=d4X1iF98xnM
22500220,d4X1iF98xnM,side-court-logo,408.8,1555.26,https://www.youtube.com/watch?v=d4X1iF98xnM
22500220,d4X1iF98xnM,back-court-logo,376.0,2656.89,https://www.youtube.com/watch?v=d4X1iF98xnM
22500220,d4X1iF98xnM,basket-logo,371.8,510.15,https://www.youtube.com/watch?v=d4X1iF98xnM
22500220,TVgioHnU5Go,mid-court-logo,275.8,5283.67,https://www.youtube.com/watch?v=TVgioHnU5Go
22500220,TVgioHnU5Go,side-court-led-logo,356.6,7909.9,https://www.youtube.com/watch?v=TVgioHnU5Go
22500220,TVgioHnU5Go,side-court-logo,336.6,1542.25,https://www.youtube.com/watch?v=TVgioHnU5Go
22500220,TVgioHnU5Go,back-court-logo,305.2,2650.9,https://www.youtube.com/watch?v=TVgioHnU5Go
22500220,TVgioHnU5Go,basket-logo,297.6,517.36,https://www.youtube.com/watch?v=TVgioHnU5Go
22500042,iRatOG7aqmc,basket-logo,386.6,603.54,https://www.youtube.com/watch?v=iRatOG7aqmc
22500042,iRatOG7aqmc,mid-court-logo,249.4,4228.82,https://www.youtube.com/watch?v=iRatOG7aqmc
22500042,iRatOG7aqmc,side-court-led-logo,211.4,4798.44,https://www.youtube.com/watch?v=iRatOG7aqmc
22500042,KusGhcqD-ec,side-court-led-logo,281.0,3842.86,https://www.youtube.com/watch?v=KusGhcqD-ec
22500042,KusGhcqD-ec,basket-logo,463.0,587.71,https://www.youtube.com/watch?v=KusGhcqD-ec
22500042,KusGhcqD-ec,mid-court-logo,346.4,4266.17,https://www.youtube.com/watch?v=KusGhcqD-ec
22500042,KusGhcqD-ec,back-court-logo,0.8,2152.98,https://www.youtube.com/watch?v=KusGhcqD-ec
22500042,x3CWrTCvJYM,side-court-led-logo,247.4,7030.71,https://www.youtube.com/watch?v=x3CWrTCvJYM
22500042,x3CWrTCvJYM,mid-court-logo,302.4,4463.2,https://www.youtube.com/watch?v=x3CWrTCvJYM
22500042,x3CWrTCvJYM,basket-logo,341.6,569.26,https://www.youtube.com/watch?v=x3CWrTCvJYM
22500042,x3CWrTCvJYM,back-court-logo,0.2,2108.7,https://www.youtube.com/watch?v=x3CWrTCvJYM
22500042,4zDnDOg_No4,mid-court-logo,335.8,4330.95,https://www.youtube.com/watch?v=4zDnDOg_No4
22500042,4zDnDOg_No4,side-court-led-logo,282.6,5815.66,https://www.youtube.com/watch?v=4zDnDOg_No4
22500042,4zDnDOg_No4,basket-logo,365.8,555.09,https://www.youtube.com/watch?v=4zDnDOg_No4
22500042,PcXlhAKxh1w,basket-logo,187.4,553.89,https://www.youtube.com/watch?v=PcXlhAKxh1w
22500042,PcXlhAKxh1w,side-court-led-logo,134.4,4942.51,https://www.youtube.com/watch?v=PcXlhAKxh1w
22500042,PcXlhAKxh1w,mid-court-logo,152.4,4506.72,https://www.youtube.com/watch?v=PcXlhAKxh1w
22500042,nwsDQVEtT58,mid-court-logo,194.6,3773.98,https://www.youtube.com/watch?v=nwsDQVEtT58
22500042,nwsDQVEtT58,basket-logo,228.6,538.54,https://www.youtube.com/watch?v=nwsDQVEtT58
22500042,nwsDQVEtT58,side-court-led-logo,170.2,4590.58,https://www.youtube.com/watch?v=nwsDQVEtT58
22500042,nwsDQVEtT58,back-court-logo,0.2,3370.93,https://www.youtube.com/watch?v=nwsDQVEtT58
22500214,Z-qAdoS3Xns,back-court-logo,504.4,2679.51,https://www.youtube.com/watch?v=Z-qAdoS3Xns
22500214,Z-qAdoS3Xns,basket-logo,485.2,533.04,https://www.youtube.com/watch?v=Z-qAdoS3Xns
22500214,Z-qAdoS3Xns,side-court-led-logo,531.6,2423.83,https://www.youtube.com/watch?v=Z-qAdoS3Xns
22500214,Z-qAdoS3Xns,side-court-logo,519.2,2609.49,https://www.youtube.com/watch?v=Z-qAdoS3Xns
22500214,Z-qAdoS3Xns,mid-court-logo,435.6,3711.6,https://www.youtube.com/watch?v=Z-qAdoS3Xns
22500214,c3UBtu5aZuA,back-court-logo,469.0,2688.62,https://www.youtube.com/watch?v=c3UBtu5aZuA
22500214,c3UBtu5aZuA,basket-logo,467.0,537.3,https://www.youtube.com/watch?v=c3UBtu5aZuA
22500214,c3UBtu5aZuA,side-court-logo,482.8,2596.7,https://www.youtube.com/watch?v=c3UBtu5aZuA
22500214,c3UBtu5aZuA,side-court-led-logo,498.0,2551.96,https://www.youtube.com/watch?v=c3UBtu5aZuA
22500214,c3UBtu5aZuA,mid-court-logo,320.4,3488.02,https://www.youtube.com/watch?v=c3UBtu5aZuA
22500214,lNIWscBGmdA,back-court-logo,503.0,2670.33,https://www.youtube.com/watch?v=lNIWscBGmdA
22500214,lNIWscBGmdA,basket-logo,483.8,531.93,https://www.youtube.com/watch?v=lNIWscBGmdA
22500214,lNIWscBGmdA,side-court-led-logo,530.8,2422.72,https://www.youtube.com/watch?v=lNIWscBGmdA
22500214,lNIWscBGmdA,side-court-logo,519.8,2611.09,https://www.youtube.com/watch?v=lNIWscBGmdA
22500214,lNIWscBGmdA,mid-court-logo,430.2,3713.01,https://www.youtube.com/watch?v=lNIWscBGmdA
22500214,X3c9kuEvmVQ,side-court-led-logo,542.2,2447.35,https://www.youtube.com/watch?v=X3c9kuEvmVQ
22500214,X3c9kuEvmVQ,mid-court-logo,438.6,3689.25,https://www.youtube.com/watch?v=X3c9kuEvmVQ
22500214,X3c9kuEvmVQ,side-court-logo,535.4,2560.49,https://www.youtube.com/watch?v=X3c9kuEvmVQ
22500214,X3c9kuEvmVQ,back-court-logo,507.4,2657.62,https://www.youtube.com/watch?v=X3c9kuEvmVQ
22500214,X3c9kuEvmVQ,basket-logo,493.0,536.36,https://www.youtube.com/watch?v=X3c9kuEvmVQ
22500200,KgghWrMQ6D0,side-court-led-logo,231.4,2728.22,https://www.youtube.com/watch?v=KgghWrMQ6D0
22500200,KgghWrMQ6D0,basket-logo,424.0,535.53,https://www.youtube.com/watch?v=KgghWrMQ6D0
22500200,KgghWrMQ6D0,side-court-logo,467.8,1989.04,https://www.youtube.com/watch?v=KgghWrMQ6D0
22500200,KgghWrMQ6D0,back-court-logo,436.6,2698.1,https://www.youtube.com/watch?v=KgghWrMQ6D0
22500200,KgghWrMQ6D0,mid-court-logo,366.2,4310.76,https://www.youtube.com/watch?v=KgghWrMQ6D0
22500200,zvsSFl9I2j8,side-court-led-logo,247.0,2951.18,https://www.youtube.com/watch?v=zvsSFl9I2j8
22500200,zvsSFl9I2j8,basket-logo,446.4,541.43,https://www.youtube.com/watch?v=zvsSFl9I2j8
22500200,zvsSFl9I2j8,back-court-logo,461.8,2659.53,https://www.youtube.com/watch?v=zvsSFl9I2j8
22500200,zvsSFl9I2j8,side-court-logo,489.4,2004.79,https://www.youtube.com/watch?v=zvsSFl9I2j8
22500200,zvsSFl9I2j8,mid-court-logo,391.4,4197.31,https://www.youtube.com/watch?v=zvsSFl9I2j8
22500205,xDI4Xruo9So,basket-logo,402.6,489.33,https://www.youtube.com/watch?v=xDI4Xruo9So
22500205,xDI4Xruo9So,back-court-logo,443.8,2407.25,https://www.youtube.com/watch?v=xDI4Xruo9So
22500205,xDI4Xruo9So,side-court-logo,502.0,1827.58,https://www.youtube.com/watch?v=xDI4Xruo9So
22500205,xDI4Xruo9So,mid-court-logo,334.2,4216.92,https://www.youtube.com/watch?v=xDI4Xruo9So
22500205,xDI4Xruo9So,side-court-led-logo,197.6,3430.73,https://www.youtube.com/watch?v=xDI4Xruo9So
22500205,CVXKvCL5m7A,basket-logo,400.6,490.18,https://www.youtube.com/watch?v=CVXKvCL5m7A
22500205,CVXKvCL5m7A,back-court-logo,445.4,2431.79,https://www.youtube.com/watch?v=CVXKvCL5m7A
22500205,CVXKvCL5m7A,mid-court-logo,335.0,4350.86,https://www.youtube.com/watch?v=CVXKvCL5m7A
22500205,CVXKvCL5m7A,side-court-logo,501.0,1872.26,https://www.youtube.com/watch?v=CVXKvCL5m7A
22500205,CVXKvCL5m7A,side-court-led-logo,194.8,3526.52,https://www.youtube.com/watch?v=CVXKvCL5m7A
22500217,2qKK3e20Rzo,mid-court-logo,487.2,6427.12,https://www.youtube.com/watch?v=2qKK3e20Rzo
22500217,2qKK3e20Rzo,back-court-logo,451.6,2572.84,https://www.youtube.com/watch?v=2qKK3e20Rzo
22500217,2qKK3e20Rzo,side-court-led-logo,160.0,2224.16,https://www.youtube.com/watch?v=2qKK3e20Rzo
22500217,2qKK3e20Rzo,side-court-logo,501.4,2124.96,https://www.youtube.com/watch?v=2qKK3e20Rzo
22500217,2qKK3e20Rzo,basket-logo,449.8,488.28,https://www.youtube.com/watch?v=2qKK3e20Rzo
22500217,jvYbGnjiVA8,mid-court-logo,486.4,6435.43,https://www.youtube.com/watch?v=jvYbGnjiVA8
22500217,jvYbGnjiVA8,side-court-led-logo,154.2,2256.64,https://www.youtube.com/watch?v=jvYbGnjiVA8
22500217,jvYbGnjiVA8,back-court-logo,453.8,2611.08,https://www.youtube.com/watch?v=jvYbGnjiVA8
22500217,jvYbGnjiVA8,side-court-logo,493.4,2168.97,https://www.youtube.com/watch?v=jvYbGnjiVA8
22500217,jvYbGnjiVA8,basket-logo,447.2,504.64,https://www.youtube.com/watch?v=jvYbGnjiVA8
22500217,jBOb0vp-JhM,basket-logo,482.6,497.22,https://www.youtube.com/watch?v=jBOb0vp-JhM
22500217,jBOb0vp-JhM,side-court-logo,520.6,2183.78,https://www.youtube.com/watch?v=jBOb0vp-JhM
22500217,jBOb0vp-JhM,back-court-logo,474.6,2673.5,https://www.youtube.com/watch?v=jBOb0vp-JhM
22500217,jBOb0vp-JhM,mid-court-logo,503.2,6485.87,https://www.youtube.com/watch?v=jBOb0vp-JhM
22500217,jBOb0vp-JhM,side-court-led-logo,157.6,2296.06,https://www.youtube.com/watch?v=jBOb0vp-JhM
22500217,1wGCzSxMbiI,side-court-led-logo,33.2,1540.3,https://www.youtube.com/watch?v=1wGCzSxMbiI
22500217,1wGCzSxMbiI,side-court-logo,112.8,2200.97,https://www.youtube.com/watch?v=1wGCzSxMbiI
22500217,1wGCzSxMbiI,mid-court-logo,106.0,6356.27,https://www.youtube.com/watch?v=1wGCzSxMbiI
22500217,1wGCzSxMbiI,back-court-logo,105.8,2608.39,https://www.youtube.com/watch?v=1wGCzSxMbiI
22500217,1wGCzSxMbiI,basket-logo,111.0,493.17,https://www.youtube.com/watch?v=1wGCzSxMbiI
22500212,azBGwRh43P8,basket-logo,459.2,465.31,https://www.youtube.com/watch?v=azBGwRh43P8
22500212,azBGwRh43P8,side-court-led-logo,437.6,2208.9,https://www.youtube.com/watch?v=azBGwRh43P8
22500212,azBGwRh43P8,mid-court-logo,403.0,4151.82,https://www.youtube.com/watch?v=azBGwRh43P8
22500212,azBGwRh43P8,back-court-logo,479.8,3362.61,https://www.youtube.com/watch?v=azBGwRh43P8
22500212,azBGwRh43P8,side-court-logo,353.8,823.43,https://www.youtube.com/watch?v=azBGwRh43P8
22500212,aJFSJv8v8bk,basket-logo,511.2,493.94,https://www.youtube.com/watch?v=aJFSJv8v8bk
22500212,aJFSJv8v8bk,mid-court-logo,406.4,4097.97,https://www.youtube.com/watch?v=aJFSJv8v8bk
22500212,aJFSJv8v8bk,side-court-led-logo,439.0,2221.3,https://www.youtube.com/watch?v=aJFSJv8v8bk
22500212,aJFSJv8v8bk,back-court-logo,517.2,3295.1,https://www.youtube.com/watch?v=aJFSJv8v8bk
22500212,aJFSJv8v8bk,side-court-logo,351.8,845.83,https://www.youtube.com/watch?v=aJFSJv8v8bk
22500212,ZDx3F1BTkD0,basket-logo,477.6,495.47,https://www.youtube.com/watch?v=ZDx3F1BTkD0
22500212,ZDx3F1BTkD0,side-court-led-logo,421.6,2263.91,https://www.youtube.com/watch?v=ZDx3F1BTkD0
22500212,ZDx3F1BTkD0,back-court-logo,489.2,3440.07,https://www.youtube.com/watch?v=ZDx3F1BTkD0
22500212,ZDx3F1BTkD0,mid-court-logo,380.2,4263.38,https://www.youtube.com/watch?v=ZDx3F1BTkD0
22500212,ZDx3F1BTkD0,side-court-logo,348.4,858.65,https://www.youtube.com/watch?v=ZDx3F1BTkD0
22500211,Ft_qkyeLPiU,basket-logo,409.8,491.29,https://www.youtube.com/watch?v=Ft_qkyeLPiU
22500211,Ft_qkyeLPiU,back-court-logo,429.2,2290.67,https://www.youtube.com/watch?v=Ft_qkyeLPiU
22500211,Ft_qkyeLPiU,side-court-logo,453.6,1588.78,https://www.youtube.com/watch?v=Ft_qkyeLPiU
22500211,Ft_qkyeLPiU,mid-court-logo,254.8,3681.55,https://www.youtube.com/watch?v=Ft_qkyeLPiU
22500211,Ft_qkyeLPiU,side-court-led-logo,235.2,3731.12,https://www.youtube.com/watch?v=Ft_qkyeLPiU
22500211,aTNe-_XNr6o,side-court-led-logo,276.6,2393.55,https://www.youtube.com/watch?v=aTNe-_XNr6o
22500211,aTNe-_XNr6o,side-court-logo,516.2,1580.19,https://www.youtube.com/watch?v=aTNe-_XNr6o
22500211,aTNe-_XNr6o,back-court-logo,473.8,2250.18,https://www.youtube.com/watch?v=aTNe-_XNr6o
22500211,aTNe-_XNr6o,mid-court-logo,309.6,3631.0,https://www.youtube.com/watch?v=aTNe-_XNr6o
22500211,aTNe-_XNr6o,basket-logo,462.2,482.19,https://www.youtube.com/watch?v=aTNe-_XNr6o
22500211,_YVRLrRL_YI,back-court-logo,500.2,2324.6,https://www.youtube.com/watch?v=_YVRLrRL_YI
22500211,_YVRLrRL_YI,basket-logo,485.8,492.09,https://www.youtube.com/watch?v=_YVRLrRL_YI
22500211,_YVRLrRL_YI,mid-court-logo,300.6,3700.09,https://www.youtube.com/watch?v=_YVRLrRL_YI
22500211,_YVRLrRL_YI,side-court-logo,522.0,1626.49,https://www.youtube.com/watch?v=_YVRLrRL_YI
22500211,_YVRLrRL_YI,side-court-led-logo,254.8,3103.44,https://www.youtube.com/watch?v=_YVRLrRL_YI
22500221,SC55eBDmheI,basket-logo,431.8,408.16,https://www.youtube.com/watch?v=SC55eBDmheI
22500221,SC55eBDmheI,back-court-logo,429.8,2351.16,https://www.youtube.com/watch?v=SC55eBDmheI
22500221,SC55eBDmheI,side-court-led-logo,472.4,4612.39,https://www.youtube.com/watch?v=SC55eBDmheI
22500221,SC55eBDmheI,mid-court-logo,352.8,3087.31,https://www.youtube.com/watch?v=SC55eBDmheI
22500221,SC55eBDmheI,side-court-logo,377.4,683.17,https://www.youtube.com/watch?v=SC55eBDmheI
22500221,Ge4rBY0bxS8,mid-court-logo,393.0,3022.27,https://www.youtube.com/watch?v=Ge4rBY0bxS8
22500221,Ge4rBY0bxS8,side-court-led-logo,538.0,4803.31,https://www.youtube.com/watch?v=Ge4rBY0bxS8
22500221,Ge4rBY0bxS8,back-court-logo,489.6,2302.18,https://www.youtube.com/watch?v=Ge4rBY0bxS8
22500221,Ge4rBY0bxS8,side-court-logo,414.4,677.43,https://www.youtube.com/watch?v=Ge4rBY0bxS8
22500221,Ge4rBY0bxS8,basket-logo,480.2,390.38,https://www.youtube.com/watch?v=Ge4rBY0bxS8
22500221,Op1KtLwAwUI,basket-logo,433.4,411.42,https://www.youtube.com/watch?v=Op1KtLwAwUI
22500221,Op1KtLwAwUI,back-court-logo,433.0,2353.47,https://www.youtube.com/watch?v=Op1KtLwAwUI
22500221,Op1KtLwAwUI,side-court-led-logo,473.4,4555.63,https://www.youtube.com/watch?v=Op1KtLwAwUI
22500221,Op1KtLwAwUI,mid-court-logo,360.4,3054.06,https://www.youtube.com/watch?v=Op1KtLwAwUI
22500221,Op1KtLwAwUI,side-court-logo,382.0,670.0,https://www.youtube.com/watch?v=Op1KtLwAwUI
22500221,ZcmH9GG8EPM,side-court-led-logo,490.0,4541.7,https://www.youtube.com/watch?v=ZcmH9GG8EPM
22500221,ZcmH9GG8EPM,back-court-logo,445.2,2363.79,https://www.youtube.com/watch?v=ZcmH9GG8EPM
22500221,ZcmH9GG8EPM,basket-logo,441.6,388.77,https://www.youtube.com/watch?v=ZcmH9GG8EPM
22500221,ZcmH9GG8EPM,side-court-logo,398.0,686.7,https://www.youtube.com/watch?v=ZcmH9GG8EPM
22500221,ZcmH9GG8EPM,mid-court-logo,357.0,3001.81,https://www.youtube.com/watch?v=ZcmH9GG8EPM
22500208,THlT_vqCB5I,side-court-led-logo,494.6,2167.38,https://www.youtube.com/watch?v=THlT_vqCB5I
22500208,THlT_vqCB5I,back-court-logo,429.6,3641.59,https://www.youtube.com/watch?v=THlT_vqCB5I
22500208,THlT_vqCB5I,side-court-logo,464.4,1923.86,https://www.youtube.com/watch?v=THlT_vqCB5I
22500208,THlT_vqCB5I,mid-court-logo,419.2,4393.13,https://www.youtube.com/watch?v=THlT_vqCB5I
22500208,THlT_vqCB5I,basket-logo,426.6,475.69,https://www.youtube.com/watch?v=THlT_vqCB5I
22500208,qSix9Rg3mWA,basket-logo,483.2,458.72,https://www.youtube.com/watch?v=qSix9Rg3mWA
22500208,qSix9Rg3mWA,back-court-logo,482.2,3334.35,https://www.youtube.com/watch?v=qSix9Rg3mWA
22500208,qSix9Rg3mWA,side-court-led-logo,546.2,1932.24,https://www.youtube.com/watch?v=qSix9Rg3mWA
22500208,qSix9Rg3mWA,side-court-logo,508.0,1832.71,https://www.youtube.com/watch?v=qSix9Rg3mWA
22500208,qSix9Rg3mWA,mid-court-logo,465.6,4863.91,https://www.youtube.com/watch?v=qSix9Rg3mWA
22500208,b_w-12bxsF4,basket-logo,503.4,457.98,https://www.youtube.com/watch?v=b_w-12bxsF4
22500208,b_w-12bxsF4,side-court-led-logo,551.2,1877.24,https://www.youtube.com/watch?v=b_w-12bxsF4
22500208,b_w-12bxsF4,back-court-logo,501.2,3304.88,https://www.youtube.com/watch?v=b_w-12bxsF4
22500208,b_w-12bxsF4,side-court-logo,513.4,1839.39,https://www.youtube.com/watch?v=b_w-12bxsF4
22500208,b_w-12bxsF4,mid-court-logo,473.8,4551.07,https://www.youtube.com/watch?v=b_w-12bxsF4
22500208,3qDOsDH0N6U,side-court-led-logo,492.8,2216.36,https://www.youtube.com/watch?v=3qDOsDH0N6U
22500208,3qDOsDH0N6U,back-court-logo,431.8,3680.66,https://www.youtube.com/watch?v=3qDOsDH0N6U
22500208,3qDOsDH0N6U,mid-court-logo,420.0,4394.43,https://www.youtube.com/watch?v=3qDOsDH0N6U
22500208,3qDOsDH0N6U,side-court-logo,464.4,1929.18,https://www.youtube.com/watch?v=3qDOsDH0N6U
22500208,3qDOsDH0N6U,basket-logo,426.6,475.52,https://www.youtube.com/watch?v=3qDOsDH0N6U
22500208,BxMfGG7yz9M,back-court-logo,622.0,8204.79,https://www.youtube.com/watch?v=BxMfGG7yz9M
22500208,BxMfGG7yz9M,basket-logo,610.6,876.99,https://www.youtube.com/watch?v=BxMfGG7yz9M
22500208,BxMfGG7yz9M,side-court-led-logo,603.4,3840.91,https://www.youtube.com/watch?v=BxMfGG7yz9M
22500208,BxMfGG7yz9M,side-court-logo,636.8,3414.83,https://www.youtube.com/watch?v=BxMfGG7yz9M
22500208,BxMfGG7yz9M,mid-court-logo,123.4,3349.15,https://www.youtube.com/watch?v=BxMfGG7yz9M
22500045,7Ys5C6rTo80,side-court-led-logo,478.2,4333.18,https://www.youtube.com/watch?v=7Ys5C6rTo80
22500045,7Ys5C6rTo80,side-court-logo,245.0,1079.15,https://www.youtube.com/watch?v=7Ys5C6rTo80
22500045,7Ys5C6rTo80,basket-logo,446.2,249.58,https://www.youtube.com/watch?v=7Ys5C6rTo80
22500045,7Ys5C6rTo80,mid-court-logo,171.2,3418.21,https://www.youtube.com/watch?v=7Ys5C6rTo80
22500045,7Ys5C6rTo80,back-court-logo,1.8,20352.42,https://www.youtube.com/watch?v=7Ys5C6rTo80
22500204,jn_dcuK_qlk,back-court-logo,503.4,3625.0,https://www.youtube.com/watch?v=jn_dcuK_qlk
22500204,jn_dcuK_qlk,basket-logo,490.2,492.11,https://www.youtube.com/watch?v=jn_dcuK_qlk
22500204,jn_dcuK_qlk,mid-court-logo,507.4,5567.23,https://www.youtube.com/watch?v=jn_dcuK_qlk
22500204,jn_dcuK_qlk,side-court-led-logo,247.4,2670.49,https://www.youtube.com/watch?v=jn_dcuK_qlk
22500204,jn_dcuK_qlk,side-court-logo,1.0,48388.92,https://www.youtube.com/watch?v=jn_dcuK_qlk
22500092,yp3Yym6tOVk,side-court-led-logo,546.6,1917.59,https://www.youtube.com/watch?v=yp3Yym6tOVk
22500092,yp3Yym6tOVk,side-court-logo,509.8,1910.72,https://www.youtube.com/watch?v=yp3Yym6tOVk
22500092,yp3Yym6tOVk,mid-court-logo,458.8,4289.86,https://www.youtube.com/watch?v=yp3Yym6tOVk
22500092,yp3Yym6tOVk,back-court-logo,478.6,3275.18,https://www.youtube.com/watch?v=yp3Yym6tOVk
22500092,yp3Yym6tOVk,basket-logo,465.0,540.6,https://www.youtube.com/watch?v=yp3Yym6tOVk
22500045,l9TmHI4viHk,basket-logo,529.8,913.2,https://www.youtube.com/watch?v=l9TmHI4viHk
22500045,l9TmHI4viHk,side-court-led-logo,536.4,15309.12,https://www.youtube.com/watch?v=l9TmHI4viHk
22500045,l9TmHI4viHk,mid-court-logo,160.2,10293.74,https://www.youtube.com/watch?v=l9TmHI4viHk
22500045,l9TmHI4viHk,side-court-logo,306.0,5773.59,https://www.youtube.com/watch?v=l9TmHI4viHk
22500045,l9TmHI4viHk,back-court-logo,4.8,9340.39,https://www.youtube.com/watch?v=l9TmHI4viHk
22500045,-_-cVxUNhwk,basket-logo,466.6,919.07,https://www.youtube.com/watch?v=-_-cVxUNhwk
22500045,-_-cVxUNhwk,side-court-logo,309.2,5379.92,https://www.youtube.com/watch?v=-_-cVxUNhwk
22500045,-_-cVxUNhwk,back-court-logo,1.4,25457.16,https://www.youtube.com/watch?v=-_-cVxUNhwk
22500045,-_-cVxUNhwk,side-court-led-logo,503.6,15842.01,https://www.youtube.com/watch?v=-_-cVxUNhwk
22500045,-_-cVxUNhwk,mid-court-logo,144.2,10158.92,https://www.youtube.com/watch?v=-_-cVxUNhwk
22500045,02GkSOT8H5k,side-court-logo,233.8,4703.48,https://www.youtube.com/watch?v=02GkSOT8H5k
22500045,02GkSOT8H5k,side-court-led-logo,398.2,18087.09,https://www.youtube.com/watch?v=02GkSOT8H5k
22500045,02GkSOT8H5k,basket-logo,369.8,871.31,https://www.youtube.com/watch?v=02GkSOT8H5k
22500045,02GkSOT8H5k,back-court-logo,3.6,78262.87,https://www.youtube.com/watch?v=02GkSOT8H5k
22500045,02GkSOT8H5k,mid-court-logo,48.0,9354.15,https://www.youtube.com/watch?v=02GkSOT8H5k
22500045,GQPoB7R7WUo,side-court-led-logo,478.4,16891.39,https://www.youtube.com/watch?v=GQPoB7R7WUo
22500045,GQPoB7R7WUo,side-court-logo,252.8,5140.02,https://www.youtube.com/watch?v=GQPoB7R7WUo
22500045,GQPoB7R7WUo,basket-logo,446.2,941.7,https://www.youtube.com/watch?v=GQPoB7R7WUo
22500045,GQPoB7R7WUo,mid-court-logo,146.2,11916.9,https://www.youtube.com/watch?v=GQPoB7R7WUo
22500045,GQPoB7R7WUo,back-court-logo,2.0,45810.5,https://www.youtube.com/watch?v=GQPoB7R7WUo
22500045,rcgfL_Vyd6g,basket-logo,419.6,1022.89,https://www.youtube.com/watch?v=rcgfL_Vyd6g
22500045,rcgfL_Vyd6g,side-court-led-logo,469.4,18117.48,https://www.youtube.com/watch?v=rcgfL_Vyd6g
22500045,rcgfL_Vyd6g,side-court-logo,271.8,5395.64,https://www.youtube.com/watch?v=rcgfL_Vyd6g
22500045,rcgfL_Vyd6g,mid-court-logo,98.8,9862.58,https://www.youtube.com/watch?v=rcgfL_Vyd6g
22500045,rcgfL_Vyd6g,back-court-logo,0.4,21362.72,https://www.youtube.com/watch?v=rcgfL_Vyd6g
22500045,qD-EnIPjM-Q,basket-logo,371.6,845.43,https://www.youtube.com/watch?v=qD-EnIPjM-Q
22500045,qD-EnIPjM-Q,side-court-led-logo,429.8,20645.18,https://www.youtube.com/watch?v=qD-EnIPjM-Q
22500045,qD-EnIPjM-Q,side-court-logo,234.2,4615.08,https://www.youtube.com/watch?v=qD-EnIPjM-Q
22500045,qD-EnIPjM-Q,mid-court-logo,70.4,9094.02,https://www.youtube.com/watch?v=qD-EnIPjM-Q
22500045,qD-EnIPjM-Q,back-court-logo,2.0,9857.11,https://www.youtube.com/watch?v=qD-EnIPjM-Q
22500047,UawvININqMc,basket-logo,460.4,1433.11,https://www.youtube.com/watch?v=UawvININqMc
22500047,UawvININqMc,mid-court-logo,366.6,18072.91,https://www.youtube.com/watch?v=UawvININqMc
22500047,UawvININqMc,back-court-logo,421.6,8818.47,https://www.youtube.com/watch?v=UawvININqMc
22500047,UawvININqMc,side-court-led-logo,456.6,25236.7,https://www.youtube.com/watch?v=UawvININqMc
22500047,UawvININqMc,side-court-logo,135.2,2501.94,https://www.youtube.com/watch?v=UawvININqMc
22500047,L_EBP0R6_m4,basket-logo,591.6,1424.47,https://www.youtube.com/watch?v=L_EBP0R6_m4
22500047,L_EBP0R6_m4,side-court-led-logo,559.0,22933.3,https://www.youtube.com/watch?v=L_EBP0R6_m4
22500047,L_EBP0R6_m4,mid-court-logo,452.2,18545.68,https://www.youtube.com/watch?v=L_EBP0R6_m4
22500047,L_EBP0R6_m4,back-court-logo,526.0,9348.23,https://www.youtube.com/watch?v=L_EBP0R6_m4
22500047,L_EBP0R6_m4,side-court-logo,140.2,2234.04,https://www.youtube.com/watch?v=L_EBP0R6_m4
22500047,QHGhlcDBsyM,side-court-led-logo,443.8,26542.41,https://www.youtube.com/watch?v=QHGhlcDBsyM
22500047,QHGhlcDBsyM,mid-court-logo,358.8,17827.8,https://www.youtube.com/watch?v=QHGhlcDBsyM
22500047,QHGhlcDBsyM,side-court-logo,123.2,2380.34,https://www.youtube.com/watch?v=QHGhlcDBsyM
22500047,QHGhlcDBsyM,back-court-logo,434.8,8517.2,https://www.youtube.com/watch?v=QHGhlcDBsyM
22500047,QHGhlcDBsyM,basket-logo,451.0,1399.44,https://www.youtube.com/watch?v=QHGhlcDBsyM
22500047,b3C4A1n6n1E,basket-logo,519.8,1451.54,https://www.youtube.com/watch?v=b3C4A1n6n1E
22500047,b3C4A1n6n1E,side-court-led-logo,502.6,22713.36,https://www.youtube.com/watch?v=b3C4A1n6n1E
22500047,b3C4A1n6n1E,back-court-logo,376.0,9666.04,https://www.youtube.com/watch?v=b3C4A1n6n1E
22500047,b3C4A1n6n1E,mid-court-logo,386.6,18657.94,https://www.youtube.com/watch?v=b3C4A1n6n1E
22500047,b3C4A1n6n1E,side-court-logo,91.2,2336.55,https://www.youtube.com/watch?v=b3C4A1n6n1E
22500047,5jUqyZk_kJ0,side-court-led-logo,355.6,27117.01,https://www.youtube.com/watch?v=5jUqyZk_kJ0
22500047,5jUqyZk_kJ0,mid-court-logo,172.2,19350.69,https://www.youtube.com/watch?v=5jUqyZk_kJ0
22500047,5jUqyZk_kJ0,side-court-logo,71.2,2563.66,https://www.youtube.com/watch?v=5jUqyZk_kJ0
22500047,5jUqyZk_kJ0,back-court-logo,379.8,9683.54,https://www.youtube.com/watch?v=5jUqyZk_kJ0
22500047,5jUqyZk_kJ0,basket-logo,389.2,1457.93,https://www.youtube.com/watch?v=5jUqyZk_kJ0
22500047,m82lN57KV2k,basket-logo,460.4,1444.52,https://www.youtube.com/watch?v=m82lN57KV2k
22500047,m82lN57KV2k,mid-court-logo,358.8,18956.75,https://www.youtube.com/watch?v=m82lN57KV2k
22500047,m82lN57KV2k,back-court-logo,407.8,8827.72,https://www.youtube.com/watch?v=m82lN57KV2k
22500047,m82lN57KV2k,side-court-led-logo,456.8,25147.3,https://www.youtube.com/watch?v=m82lN57KV2k
22500047,m82lN57KV2k,side-court-logo,121.8,2556.64,https://www.youtube.com/watch?v=m82lN57KV2k
22500047,IXovzjDnYHE,mid-court-logo,136.0,15774.05,https://www.youtube.com/watch?v=IXovzjDnYHE
22500047,IXovzjDnYHE,side-court-led-logo,224.8,22012.89,https://www.youtube.com/watch?v=IXovzjDnYHE
22500047,IXovzjDnYHE,back-court-logo,247.6,8679.44,https://www.youtube.com/watch?v=IXovzjDnYHE
22500047,IXovzjDnYHE,basket-logo,253.8,1370.39,https://www.youtube.com/watch?v=IXovzjDnYHE
22500047,IXovzjDnYHE,side-court-logo,44.4,2475.59,https://www.youtube.com/watch?v=IXovzjDnYHE
22500204,9aE-OVacKxU,basket-logo,459.4,1902.63,https://www.youtube.com/watch?v=9aE-OVacKxU
22500204,9aE-OVacKxU,back-court-logo,475.2,14013.72,https://www.youtube.com/watch?v=9aE-OVacKxU
22500204,9aE-OVacKxU,mid-court-logo,489.0,22133.35,https://www.youtube.com/watch?v=9aE-OVacKxU
22500204,9aE-OVacKxU,side-court-led-logo,231.2,8941.37,https://www.youtube.com/watch?v=9aE-OVacKxU
22500204,9aE-OVacKxU,side-court-logo,0.2,981.02,https://www.youtube.com/watch?v=9aE-OVacKxU
22500204,d9OXAmCXG6E,basket-logo,458.6,1902.01,https://www.youtube.com/watch?v=d9OXAmCXG6E
22500204,d9OXAmCXG6E,back-court-logo,476.0,14055.63,https://www.youtube.com/watch?v=d9OXAmCXG6E
22500204,d9OXAmCXG6E,mid-court-logo,488.4,21864.77,https://www.youtube.com/watch?v=d9OXAmCXG6E
22500204,d9OXAmCXG6E,side-court-led-logo,227.4,8383.44,https://www.youtube.com/watch?v=d9OXAmCXG6E
22500204,d9OXAmCXG6E,side-court-logo,0.4,1143.48,https://www.youtube.com/watch?v=d9OXAmCXG6E
22500207,8fC2a8F9JJ4,basket-logo,457.0,1444.46,https://www.youtube.com/watch?v=8fC2a8F9JJ4
22500207,8fC2a8F9JJ4,mid-court-logo,477.4,15921.0,https://www.youtube.com/watch?v=8fC2a8F9JJ4
22500207,8fC2a8F9JJ4,side-court-led-logo,374.4,13773.5,https://www.youtube.com/watch?v=8fC2a8F9JJ4
22500207,8fC2a8F9JJ4,back-court-logo,448.6,4022.88,https://www.youtube.com/watch?v=8fC2a8F9JJ4
22500207,8fC2a8F9JJ4,side-court-logo,479.8,5267.81,https://www.youtube.com/watch?v=8fC2a8F9JJ4
22500207,4g6csqeV84s,back-court-logo,414.0,4849.99,https://www.youtube.com/watch?v=4g6csqeV84s
22500207,4g6csqeV84s,basket-logo,423.0,1654.66,https://www.youtube.com/watch?v=4g6csqeV84s
22500207,4g6csqeV84s,side-court-logo,459.4,5699.25,https://www.youtube.com/watch?v=4g6csqeV84s
22500207,4g6csqeV84s,side-court-led-logo,378.2,11443.8,https://www.youtube.com/watch?v=4g6csqeV84s
22500207,4g6csqeV84s,mid-court-logo,445.4,16457.92,https://www.youtube.com/watch?v=4g6csqeV84s
22500207,oBMQ7trcc1o,basket-logo,494.4,1428.57,https://www.youtube.com/watch?v=oBMQ7trcc1o
22500207,oBMQ7trcc1o,mid-court-logo,506.8,15825.46,https://www.youtube.com/watch?v=oBMQ7trcc1o
22500207,oBMQ7trcc1o,back-court-logo,480.8,3973.55,https://www.youtube.com/watch?v=oBMQ7trcc1o
22500207,oBMQ7trcc1o,side-court-logo,511.4,5260.67,https://www.youtube.com/watch?v=oBMQ7trcc1o
22500207,oBMQ7trcc1o,side-court-led-logo,387.8,10629.22,https://www.youtube.com/watch?v=oBMQ7trcc1o
22500207,9Gjf8s--beE,back-court-logo,209.8,4995.73,https://www.youtube.com/watch?v=9Gjf8s--beE
22500207,9Gjf8s--beE,basket-logo,215.8,1696.86,https://www.youtube.com/watch?v=9Gjf8s--beE
22500207,9Gjf8s--beE,side-court-logo,228.4,6152.31,https://www.youtube.com/watch?v=9Gjf8s--beE
22500207,9Gjf8s--beE,side-court-led-logo,174.6,10705.54,https://www.youtube.com/watch?v=9Gjf8s--beE
22500207,9Gjf8s--beE,mid-court-logo,208.0,13573.29,https://www.youtube.com/watch?v=9Gjf8s--beE
22500195,2x3gYtTSmik,side-court-logo,500.2,8643.51,https://www.youtube.com/watch?v=2x3gYtTSmik
22500195,2x3gYtTSmik,mid-court-logo,368.4,20157.44,https://www.youtube.com/watch?v=2x3gYtTSmik
22500195,2x3gYtTSmik,side-court-led-logo,374.8,19006.09,https://www.youtube.com/watch?v=2x3gYtTSmik
22500195,2x3gYtTSmik,back-court-logo,465.6,14355.88,https://www.youtube.com/watch?v=2x3gYtTSmik
22500195,2x3gYtTSmik,basket-logo,452.8,2247.03,https://www.youtube.com/watch?v=2x3gYtTSmik
22500195,YtKYcUl7IQY,side-court-logo,500.4,8651.13,https://www.youtube.com/watch?v=YtKYcUl7IQY
22500195,YtKYcUl7IQY,mid-court-logo,368.6,20102.93,https://www.youtube.com/watch?v=YtKYcUl7IQY
22500195,YtKYcUl7IQY,side-court-led-logo,373.8,19046.25,https://www.youtube.com/watch?v=YtKYcUl7IQY
22500195,YtKYcUl7IQY,back-court-logo,464.6,14383.93,https://www.youtube.com/watch?v=YtKYcUl7IQY
22500195,YtKYcUl7IQY,basket-logo,452.4,2272.45,https://www.youtube.com/watch?v=YtKYcUl7IQY
22500197,2iUQIjlSFSs,basket-logo,429.2,2343.65,https://www.youtube.com/watch?v=2iUQIjlSFSs
22500197,2iUQIjlSFSs,side-court-led-logo,469.2,10652.63,https://www.youtube.com/watch?v=2iUQIjlSFSs
22500197,2iUQIjlSFSs,mid-court-logo,442.8,14940.81,https://www.youtube.com/watch?v=2iUQIjlSFSs
22500197,2iUQIjlSFSs,side-court-logo,423.2,7807.87,https://www.youtube.com/watch?v=2iUQIjlSFSs
22500197,2iUQIjlSFSs,back-court-logo,0.2,6708.93,https://www.youtube.com/watch?v=2iUQIjlSFSs
22500197,H7B4RAeQpEg,basket-logo,492.2,2206.71,https://www.youtube.com/watch?v=H7B4RAeQpEg
22500197,H7B4RAeQpEg,side-court-led-logo,524.0,7987.6,https://www.youtube.com/watch?v=H7B4RAeQpEg
22500197,H7B4RAeQpEg,mid-court-logo,513.0,14657.79,https://www.youtube.com/watch?v=H7B4RAeQpEg
22500197,H7B4RAeQpEg,side-court-logo,481.6,7603.94,https://www.youtube.com/watch?v=H7B4RAeQpEg
22500197,H7B4RAeQpEg,back-court-logo,1.0,6593.85,https://www.youtube.com/watch?v=H7B4RAeQpEg
22500197,XbjJqCmveS4,basket-logo,427.2,2385.12,https://www.youtube.com/watch?v=XbjJqCmveS4
22500197,XbjJqCmveS4,mid-court-logo,442.4,14816.81,https://www.youtube.com/watch?v=XbjJqCmveS4
22500197,XbjJqCmveS4,side-court-led-logo,466.6,10405.92,https://www.youtube.com/watch?v=XbjJqCmveS4
22500197,XbjJqCmveS4,side-court-logo,420.2,7787.46,https://www.youtube.com/watch?v=XbjJqCmveS4
22500197,XbjJqCmveS4,back-court-logo,0.2,6566.63,https://www.youtube.com/watch?v=XbjJqCmveS4
22500206,JbVKPGvTOsw,basket-logo,428.0,1776.1,https://www.youtube.com/watch?v=JbVKPGvTOsw
22500206,JbVKPGvTOsw,side-court-logo,481.0,6238.13,https://www.youtube.com/watch?v=JbVKPGvTOsw
22500206,JbVKPGvTOsw,side-court-led-logo,135.6,15836.13,https://www.youtube.com/watch?v=JbVKPGvTOsw
22500206,JbVKPGvTOsw,mid-court-logo,264.8,15538.8,https://www.youtube.com/watch?v=JbVKPGvTOsw
22500206,JbVKPGvTOsw,back-court-logo,0.6,62467.56,https://www.youtube.com/watch?v=JbVKPGvTOsw
22500206,Ddmi-STf_Zg,side-court-led-logo,144.6,10796.43,https://www.youtube.com/watch?v=Ddmi-STf_Zg
22500206,Ddmi-STf_Zg,mid-court-logo,315.8,14940.4,https://www.youtube.com/watch?v=Ddmi-STf_Zg
22500206,Ddmi-STf_Zg,side-court-logo,528.4,6128.72,https://www.youtube.com/watch?v=Ddmi-STf_Zg
22500206,Ddmi-STf_Zg,basket-logo,491.6,1723.55,https://www.youtube.com/watch?v=Ddmi-STf_Zg
22500206,Ddmi-STf_Zg,back-court-logo,0.4,7178.38,https://www.youtube.com/watch?v=Ddmi-STf_Zg
22500206,kUSfZccR5R8,basket-logo,50.8,1444.75,https://www.youtube.com/watch?v=kUSfZccR5R8
22500206,kUSfZccR5R8,side-court-led-logo,34.4,10372.87,https://www.youtube.com/watch?v=kUSfZccR5R8
22500206,kUSfZccR5R8,mid-court-logo,41.6,16490.01,https://www.youtube.com/watch?v=kUSfZccR5R8
22500206,kUSfZccR5R8,side-court-logo,54.8,5161.07,https://www.youtube.com/watch?v=kUSfZccR5R8
22500237,6QIBSSXNfuo,basket-logo,489.6,1193.89,https://www.youtube.com/watch?v=6QIBSSXNfuo
22500237,6QIBSSXNfuo,side-court-led-logo,420.8,11698.49,https://www.youtube.com/watch?v=6QIBSSXNfuo
22500237,6QIBSSXNfuo,mid-court-logo,489.4,17550.92,https://www.youtube.com/watch?v=6QIBSSXNfuo
22500237,6QIBSSXNfuo,side-court-logo,413.4,8506.88,https://www.youtube.com/watch?v=6QIBSSXNfuo
22500237,GPbvz5EYJng,basket-logo,460.6,1174.45,https://www.youtube.com/watch?v=GPbvz5EYJng
22500237,GPbvz5EYJng,mid-court-logo,494.6,17337.86,https://www.youtube.com/watch?v=GPbvz5EYJng
22500237,GPbvz5EYJng,side-court-logo,401.6,8431.93,https://www.youtube.com/watch?v=GPbvz5EYJng
22500237,GPbvz5EYJng,side-court-led-logo,429.8,11191.41,https://www.youtube.com/watch?v=GPbvz5EYJng
22500237,o_iVEbr381M,basket-logo,528.6,1124.75,https://www.youtube.com/watch?v=o_iVEbr381M
22500237,o_iVEbr381M,side-court-led-logo,461.6,10263.0,https://www.youtube.com/watch?v=o_iVEbr381M
22500237,o_iVEbr381M,side-court-logo,442.4,8508.07,https://www.youtube.com/watch?v=o_iVEbr381M
22500237,o_iVEbr381M,mid-court-logo,545.0,16736.73,https://www.youtube.com/watch?v=o_iVEbr381M
22500237,TISskITK3Rw,side-court-logo,290.6,6830.03,https://www.youtube.com/watch?v=TISskITK3Rw
22500237,TISskITK3Rw,mid-court-logo,371.0,17573.63,https://www.youtube.com/watch?v=TISskITK3Rw
22500237,TISskITK3Rw,side-court-led-logo,354.6,14761.49,https://www.youtube.com/watch?v=TISskITK3Rw
22500237,TISskITK3Rw,basket-logo,358.4,1091.98,https://www.youtube.com/watch?v=TISskITK3Rw
22500237,Ix7MevtZJs4,basket-logo,423.2,1074.7,https://www.youtube.com/watch?v=Ix7MevtZJs4
22500237,Ix7MevtZJs4,mid-court-logo,476.8,16062.87,https://www.youtube.com/watch?v=Ix7MevtZJs4
22500237,Ix7MevtZJs4,side-court-led-logo,426.4,13279.7,https://www.youtube.com/watch?v=Ix7MevtZJs4
22500237,Ix7MevtZJs4,side-court-logo,373.2,7318.01,https://www.youtube.com/watch?v=Ix7MevtZJs4
22500237,QPAnjEJubZs,basket-logo,268.6,1081.74,https://www.youtube.com/watch?v=QPAnjEJubZs
22500237,QPAnjEJubZs,mid-court-logo,279.6,16241.95,https://www.youtube.com/watch?v=QPAnjEJubZs
22500237,QPAnjEJubZs,side-court-led-logo,243.4,14624.38,https://www.youtube.com/watch?v=QPAnjEJubZs
22500237,QPAnjEJubZs,side-court-logo,243.6,7333.34,https://www.youtube.com/watch?v=QPAnjEJubZs
22500237,QPAnjEJubZs,back-court-logo,0.2,181191.05,https://www.youtube.com/watch?v=QPAnjEJubZs
22500237,dhsy3cOWvPE,basket-logo,270.4,1105.61,https://www.youtube.com/watch?v=dhsy3cOWvPE
22500237,dhsy3cOWvPE,side-court-led-logo,270.8,14169.91,https://www.youtube.com/watch?v=dhsy3cOWvPE
22500237,dhsy3cOWvPE,mid-court-logo,286.8,17547.04,https://www.youtube.com/watch?v=dhsy3cOWvPE
22500237,dhsy3cOWvPE,side-court-logo,208.0,6729.66,https://www.youtube.com/watch?v=dhsy3cOWvPE
22500237,HpT8j45INIg,mid-court-logo,431.6,16720.79,https://www.youtube.com/watch?v=HpT8j45INIg
22500237,HpT8j45INIg,side-court-led-logo,394.4,14926.12,https://www.youtube.com/watch?v=HpT8j45INIg
22500237,HpT8j45INIg,side-court-logo,339.8,6802.72,https://www.youtube.com/watch?v=HpT8j45INIg
22500237,HpT8j45INIg,basket-logo,385.8,1032.86,https://www.youtube.com/watch?v=HpT8j45INIg
22500237,NSxdsRTmDQk,basket-logo,399.0,1048.28,https://www.youtube.com/watch?v=NSxdsRTmDQk
22500237,NSxdsRTmDQk,mid-court-logo,417.2,18557.43,https://www.youtube.com/watch?v=NSxdsRTmDQk
22500237,NSxdsRTmDQk,side-court-logo,329.4,7780.77,https://www.youtube.com/watch?v=NSxdsRTmDQk
22500237,NSxdsRTmDQk,side-court-led-logo,399.8,14490.78,https://www.youtube.com/watch?v=NSxdsRTmDQk
22500237,G1ZS_VyBrV0,basket-logo,380.0,1189.31,https://www.youtube.com/watch?v=G1ZS_VyBrV0
22500237,G1ZS_VyBrV0,mid-court-logo,330.8,16694.64,https://www.youtube.com/watch?v=G1ZS_VyBrV0
22500237,G1ZS_VyBrV0,side-court-led-logo,296.0,14701.83,https://www.youtube.com/watch?v=G1ZS_VyBrV0
22500237,G1ZS_VyBrV0,side-court-logo,300.0,7431.54,https://www.youtube.com/watch?v=G1ZS_VyBrV0
22500199,SVsoLK7TF3s,basket-logo,474.6,1757.57,https://www.youtube.com/watch?v=SVsoLK7TF3s
22500199,SVsoLK7TF3s,side-court-led-logo,506.6,11074.86,https://www.youtube.com/watch?v=SVsoLK7TF3s
22500199,SVsoLK7TF3s,back-court-logo,487.6,16105.38,https://www.youtube.com/watch?v=SVsoLK7TF3s
22500199,SVsoLK7TF3s,mid-court-logo,323.0,13977.54,https://www.youtube.com/watch?v=SVsoLK7TF3s
22500199,SVsoLK7TF3s,side-court-logo,361.0,5639.99,https://www.youtube.com/watch?v=SVsoLK7TF3s
22500199,Zu-V5RwW9dk,basket-logo,474.0,1770.83,https://www.youtube.com/watch?v=Zu-V5RwW9dk
22500199,Zu-V5RwW9dk,side-court-led-logo,505.8,11233.7,https://www.youtube.com/watch?v=Zu-V5RwW9dk
22500199,Zu-V5RwW9dk,back-court-logo,488.2,16376.59,https://www.youtube.com/watch?v=Zu-V5RwW9dk
22500199,Zu-V5RwW9dk,mid-court-logo,337.2,14368.69,https://www.youtube.com/watch?v=Zu-V5RwW9dk
22500199,Zu-V5RwW9dk,side-court-logo,358.4,5690.53,https://www.youtube.com/watch?v=Zu-V5RwW9dk
22500199,0JhhcsZEEoI,basket-logo,464.4,1781.34,https://www.youtube.com/watch?v=0JhhcsZEEoI
22500199,0JhhcsZEEoI,side-court-led-logo,479.6,10642.05,https://www.youtube.com/watch?v=0JhhcsZEEoI
22500199,0JhhcsZEEoI,back-court-logo,469.8,16129.49,https://www.youtube.com/watch?v=0JhhcsZEEoI
22500199,0JhhcsZEEoI,mid-court-logo,294.0,14107.99,https://www.youtube.com/watch?v=0JhhcsZEEoI
22500199,0JhhcsZEEoI,side-court-logo,355.0,5669.43,https://www.youtube.com/watch?v=0JhhcsZEEoI
22500199,C1DkwzdBnJc,basket-logo,342.6,1764.46,https://www.youtube.com/watch?v=C1DkwzdBnJc
22500199,C1DkwzdBnJc,back-court-logo,346.4,15120.77,https://www.youtube.com/watch?v=C1DkwzdBnJc
22500199,C1DkwzdBnJc,side-court-led-logo,314.0,9798.43,https://www.youtube.com/watch?v=C1DkwzdBnJc
22500199,C1DkwzdBnJc,mid-court-logo,211.6,13596.58,https://www.youtube.com/watch?v=C1DkwzdBnJc
22500199,C1DkwzdBnJc,side-court-logo,225.2,5563.53,https://www.youtube.com/watch?v=C1DkwzdBnJc
22500199,WPQ7wbirqvw,side-court-led-logo,521.4,19700.3,https://www.youtube.com/watch?v=WPQ7wbirqvw
22500199,WPQ7wbirqvw,mid-court-logo,156.2,15936.93,https://www.youtube.com/watch?v=WPQ7wbirqvw
22500199,WPQ7wbirqvw,side-court-logo,332.0,9175.37,https://www.youtube.com/watch?v=WPQ7wbirqvw
22500199,WPQ7wbirqvw,basket-logo,407.4,3427.26,https://www.youtube.com/watch?v=WPQ7wbirqvw
22500199,WPQ7wbirqvw,back-court-logo,481.6,35343.07,https://www.youtube.com/watch?v=WPQ7wbirqvw
22500202,7-pI8hjeqzU,basket-logo,476.4,1984.34,https://www.youtube.com/watch?v=7-pI8hjeqzU
22500202,7-pI8hjeqzU,back-court-logo,456.2,10189.74,https://www.youtube.com/watch?v=7-pI8hjeqzU
22500202,7-pI8hjeqzU,mid-court-logo,451.4,17523.31,https://www.youtube.com/watch?v=7-pI8hjeqzU
22500202,7-pI8hjeqzU,side-court-logo,458.0,8366.57,https://www.youtube.com/watch?v=7-pI8hjeqzU
22500202,7-pI8hjeqzU,side-court-led-logo,372.8,12614.27,https://www.youtube.com/watch?v=7-pI8hjeqzU
22500202,kAcGRsEdloI,mid-court-logo,486.8,17497.18,https://www.youtube.com/watch?v=kAcGRsEdloI
22500202,kAcGRsEdloI,back-court-logo,469.2,9785.35,https://www.youtube.com/watch?v=kAcGRsEdloI
22500202,kAcGRsEdloI,basket-logo,478.0,1930.61,https://www.youtube.com/watch?v=kAcGRsEdloI
22500202,kAcGRsEdloI,side-court-logo,483.0,7861.35,https://www.youtube.com/watch?v=kAcGRsEdloI
22500202,kAcGRsEdloI,side-court-led-logo,413.6,11490.34,https://www.youtube.com/watch?v=kAcGRsEdloI
22500202,sHr9DLbXEaM,back-court-logo,500.2,9731.84,https://www.youtube.com/watch?v=sHr9DLbXEaM
22500202,sHr9DLbXEaM,basket-logo,504.4,1933.27,https://www.youtube.com/watch?v=sHr9DLbXEaM
22500202,sHr9DLbXEaM,mid-court-logo,440.4,17330.71,https://www.youtube.com/watch?v=sHr9DLbXEaM
22500202,sHr9DLbXEaM,side-court-logo,494.6,8171.03,https://www.youtube.com/watch?v=sHr9DLbXEaM
22500202,sHr9DLbXEaM,side-court-led-logo,396.8,10774.73,https://www.youtube.com/watch?v=sHr9DLbXEaM
22500202,E2IQxsBRNH8,basket-logo,502.8,1937.09,https://www.youtube.com/watch?v=E2IQxsBRNH8
22500202,E2IQxsBRNH8,back-court-logo,498.4,9691.26,https://www.youtube.com/watch?v=E2IQxsBRNH8
22500202,E2IQxsBRNH8,mid-court-logo,437.4,17464.74,https://www.youtube.com/watch?v=E2IQxsBRNH8
22500202,E2IQxsBRNH8,side-court-led-logo,397.8,10526.36,https://www.youtube.com/watch?v=E2IQxsBRNH8
22500202,E2IQxsBRNH8,side-court-logo,493.0,8149.89,https://www.youtube.com/watch?v=E2IQxsBRNH8
22500192,vg1Qbx73NIs,basket-logo,459.8,1847.25,https://www.youtube.com/watch?v=vg1Qbx73NIs
22500192,vg1Qbx73NIs,side-court-led-logo,508.0,7787.17,https://www.youtube.com/watch?v=vg1Qbx73NIs
22500192,vg1Qbx73NIs,back-court-logo,473.4,16229.47,https://www.youtube.com/watch?v=vg1Qbx73NIs
22500192,vg1Qbx73NIs,mid-court-logo,419.8,21716.31,https://www.youtube.com/watch?v=vg1Qbx73NIs
22500192,vg1Qbx73NIs,side-court-logo,458.6,8222.46,https://www.youtube.com/watch?v=vg1Qbx73NIs
22500192,50d863ZP9GU,basket-logo,469.6,1942.71,https://www.youtube.com/watch?v=50d863ZP9GU
22500192,50d863ZP9GU,back-court-logo,475.0,15756.02,https://www.youtube.com/watch?v=50d863ZP9GU
22500192,50d863ZP9GU,side-court-led-logo,510.2,7661.49,https://www.youtube.com/watch?v=50d863ZP9GU
22500192,50d863ZP9GU,side-court-logo,445.0,8085.07,https://www.youtube.com/watch?v=50d863ZP9GU
22500192,50d863ZP9GU,mid-court-logo,441.8,21246.88,https://www.youtube.com/watch?v=50d863ZP9GU
22500192,1Vuin8H7OpA,basket-logo,474.0,1884.32,https://www.youtube.com/watch?v=1Vuin8H7OpA
22500192,1Vuin8H7OpA,back-court-logo,483.0,16864.31,https://www.youtube.com/watch?v=1Vuin8H7OpA
22500192,1Vuin8H7OpA,side-court-led-logo,522.0,8133.66,https://www.youtube.com/watch?v=1Vuin8H7OpA
22500192,1Vuin8H7OpA,mid-court-logo,426.4,20568.7,https://www.youtube.com/watch?v=1Vuin8H7OpA
22500192,1Vuin8H7OpA,side-court-logo,474.6,8387.64,https://www.youtube.com/watch?v=1Vuin8H7OpA
22500193,Mtd8sMdoJnE,side-court-led-logo,269.2,12053.83,https://www.youtube.com/watch?v=Mtd8sMdoJnE
22500193,Mtd8sMdoJnE,basket-logo,434.8,2254.62,https://www.youtube.com/watch?v=Mtd8sMdoJnE
22500193,Mtd8sMdoJnE,back-court-logo,448.8,12178.03,https://www.youtube.com/watch?v=Mtd8sMdoJnE
22500193,Mtd8sMdoJnE,side-court-logo,488.6,8045.92,https://www.youtube.com/watch?v=Mtd8sMdoJnE
22500193,Mtd8sMdoJnE,mid-court-logo,285.8,16026.53,https://www.youtube.com/watch?v=Mtd8sMdoJnE
22500193,J8aCGpU3tSM,side-court-led-logo,296.6,14221.77,https://www.youtube.com/watch?v=J8aCGpU3tSM
22500193,J8aCGpU3tSM,side-court-logo,519.0,8141.57,https://www.youtube.com/watch?v=J8aCGpU3tSM
22500193,J8aCGpU3tSM,back-court-logo,483.6,11889.52,https://www.youtube.com/watch?v=J8aCGpU3tSM
22500193,J8aCGpU3tSM,mid-court-logo,365.0,17047.22,https://www.youtube.com/watch?v=J8aCGpU3tSM
22500193,J8aCGpU3tSM,basket-logo,465.8,2295.28,https://www.youtube.com/watch?v=J8aCGpU3tSM
22500193,vez4YlRCO1I,side-court-led-logo,269.4,12196.22,https://www.youtube.com/watch?v=vez4YlRCO1I
22500193,vez4YlRCO1I,basket-logo,450.8,2296.09,https://www.youtube.com/watch?v=vez4YlRCO1I
22500193,vez4YlRCO1I,back-court-logo,467.2,12245.23,https://www.youtube.com/watch?v=vez4YlRCO1I
22500193,vez4YlRCO1I,side-court-logo,504.6,8182.02,https://www.youtube.com/watch?v=vez4YlRCO1I
22500193,vez4YlRCO1I,mid-court-logo,294.2,16426.26,https://www.youtube.com/watch?v=vez4YlRCO1I
22500193,9mZriSLLYzU,side-court-logo,549.4,11442.73,https://www.youtube.com/watch?v=9mZriSLLYzU
22500193,9mZriSLLYzU,basket-logo,540.0,3558.77,https://www.youtube.com/watch?v=9mZriSLLYzU
22500193,9mZriSLLYzU,back-court-logo,498.4,23771.83,https://www.youtube.com/watch?v=9mZriSLLYzU
22500193,9mZriSLLYzU,side-court-led-logo,157.0,23926.54,https://www.youtube.com/watch?v=9mZriSLLYzU
22500193,9mZriSLLYzU,mid-court-logo,133.6,17733.79,https://www.youtube.com/watch?v=9mZriSLLYzU
22500201,phIjLp8RBDg,basket-logo,490.8,1713.4,https://www.youtube.com/watch?v=phIjLp8RBDg
22500201,phIjLp8RBDg,back-court-logo,510.6,8608.58,https://www.youtube.com/watch?v=phIjLp8RBDg
22500201,phIjLp8RBDg,mid-court-logo,529.6,22026.76,https://www.youtube.com/watch?v=phIjLp8RBDg
22500201,phIjLp8RBDg,side-court-logo,538.6,7979.7,https://www.youtube.com/watch?v=phIjLp8RBDg
22500201,phIjLp8RBDg,side-court-led-logo,209.0,8915.9,https://www.youtube.com/watch?v=phIjLp8RBDg
22500201,mSpXW2nVl5k,basket-logo,491.2,1699.1,https://www.youtube.com/watch?v=mSpXW2nVl5k
22500201,mSpXW2nVl5k,back-court-logo,509.8,8571.07,https://www.youtube.com/watch?v=mSpXW2nVl5k
22500201,mSpXW2nVl5k,mid-court-logo,529.4,21974.2,https://www.youtube.com/watch?v=mSpXW2nVl5k
22500201,mSpXW2nVl5k,side-court-logo,538.6,8009.69,https://www.youtube.com/watch?v=mSpXW2nVl5k
22500201,mSpXW2nVl5k,side-court-led-logo,206.6,8898.82,https://www.youtube.com/watch?v=mSpXW2nVl5k
22500201,JgpNb0U4XcA,basket-logo,508.6,1718.42,https://www.youtube.com/watch?v=JgpNb0U4XcA
22500201,JgpNb0U4XcA,mid-court-logo,534.0,23645.13,https://www.youtube.com/watch?v=JgpNb0U4XcA
22500201,JgpNb0U4XcA,back-court-logo,514.2,8634.87,https://www.youtube.com/watch?v=JgpNb0U4XcA
22500201,JgpNb0U4XcA,side-court-logo,544.2,8148.25,https://www.youtube.com/watch?v=JgpNb0U4XcA
22500201,JgpNb0U4XcA,side-court-led-logo,209.2,7509.69,https://www.youtube.com/watch?v=JgpNb0U4XcA
22500201,m67xOdwZGo4,mid-court-logo,255.6,22414.58,https://www.youtube.com/watch?v=m67xOdwZGo4
22500201,m67xOdwZGo4,side-court-led-logo,108.2,16699.19,https://www.youtube.com/watch?v=m67xOdwZGo4
22500201,m67xOdwZGo4,side-court-logo,237.8,8241.47,https://www.youtube.com/watch?v=m67xOdwZGo4
22500201,m67xOdwZGo4,back-court-logo,219.0,9237.48,https://www.youtube.com/watch?v=m67xOdwZGo4
22500201,m67xOdwZGo4,basket-logo,249.8,2070.63,https://www.youtube.com/watch?v=m67xOdwZGo4
22500201,tjPC3yNzMJc,basket-logo,481.4,1715.15,https://www.youtube.com/watch?v=tjPC3yNzMJc
22500201,tjPC3yNzMJc,back-court-logo,494.6,8486.45,https://www.youtube.com/watch?v=tjPC3yNzMJc
22500201,tjPC3yNzMJc,mid-court-logo,513.4,22948.15,https://www.youtube.com/watch?v=tjPC3yNzMJc
22500201,tjPC3yNzMJc,side-court-logo,501.0,7796.38,https://www.youtube.com/watch?v=tjPC3yNzMJc
22500201,tjPC3yNzMJc,side-court-led-logo,172.8,7727.76,https://www.youtube.com/watch?v=tjPC3yNzMJc
22500036,z2lXWyoAb9E,side-court-led-logo,328.2,12459.32,https://www.youtube.com/watch?v=z2lXWyoAb9E
22500036,z2lXWyoAb9E,side-court-logo,478.2,8711.98,https://www.youtube.com/watch?v=z2lXWyoAb9E
22500036,z2lXWyoAb9E,mid-court-logo,329.8,19761.15,https://www.youtube.com/watch?v=z2lXWyoAb9E
22500036,z2lXWyoAb9E,basket-logo,411.6,2054.59,https://www.youtube.com/watch?v=z2lXWyoAb9E
22500036,z2lXWyoAb9E,back-court-logo,425.8,12228.47,https://www.youtube.com/watch?v=z2lXWyoAb9E
22500036,ScUd4JBcKwA,side-court-led-logo,368.2,12081.56,https://www.youtube.com/watch?v=ScUd4JBcKwA
22500036,ScUd4JBcKwA,side-court-logo,499.4,8349.51,https://www.youtube.com/watch?v=ScUd4JBcKwA
22500036,ScUd4JBcKwA,mid-court-logo,383.8,19993.92,https://www.youtube.com/watch?v=ScUd4JBcKwA
22500036,ScUd4JBcKwA,back-court-logo,454.2,11831.53,https://www.youtube.com/watch?v=ScUd4JBcKwA
22500036,ScUd4JBcKwA,basket-logo,455.6,2019.91,https://www.youtube.com/watch?v=ScUd4JBcKwA
22500187,g1E_yNSK5_o,basket-logo,473.8,1703.95,https://www.youtube.com/watch?v=g1E_yNSK5_o
22500187,g1E_yNSK5_o,back-court-logo,495.8,8127.01,https://www.youtube.com/watch?v=g1E_yNSK5_o
22500187,g1E_yNSK5_o,mid-court-logo,522.6,24164.17,https://www.youtube.com/watch?v=g1E_yNSK5_o
22500187,g1E_yNSK5_o,side-court-led-logo,203.6,7676.78,https://www.youtube.com/watch?v=g1E_yNSK5_o
22500187,g1E_yNSK5_o,side-court-logo,521.2,7597.97,https://www.youtube.com/watch?v=g1E_yNSK5_o
22500187,eQlhIdluX4E,side-court-led-logo,204.8,8558.09,https://www.youtube.com/watch?v=eQlhIdluX4E
22500187,eQlhIdluX4E,mid-court-logo,531.0,24486.21,https://www.youtube.com/watch?v=eQlhIdluX4E
22500187,eQlhIdluX4E,side-court-logo,532.4,7649.66,https://www.youtube.com/watch?v=eQlhIdluX4E
22500187,eQlhIdluX4E,back-court-logo,498.4,8159.0,https://www.youtube.com/watch?v=eQlhIdluX4E
22500187,eQlhIdluX4E,basket-logo,484.2,1711.77,https://www.youtube.com/watch?v=eQlhIdluX4E
22500187,OBzHdnCqH4c,basket-logo,467.2,1835.48,https://www.youtube.com/watch?v=OBzHdnCqH4c
22500187,OBzHdnCqH4c,back-court-logo,446.4,8280.45,https://www.youtube.com/watch?v=OBzHdnCqH4c
22500187,OBzHdnCqH4c,side-court-led-logo,206.4,8334.53,https://www.youtube.com/watch?v=OBzHdnCqH4c
22500187,OBzHdnCqH4c,mid-court-logo,449.2,24454.11,https://www.youtube.com/watch?v=OBzHdnCqH4c
22500187,OBzHdnCqH4c,side-court-logo,476.4,7757.78,https://www.youtube.com/watch?v=OBzHdnCqH4c
22500031,Z3B_6CQoQXU,basket-logo,404.8,2537.97,https://www.youtube.com/watch?v=Z3B_6CQoQXU
22500031,Z3B_6CQoQXU,side-court-led-logo,230.6,20038.95,https://www.youtube.com/watch?v=Z3B_6CQoQXU
22500031,Z3B_6CQoQXU,mid-court-logo,287.6,22416.26,https://www.youtube.com/watch?v=Z3B_6CQoQXU
22500031,Z3B_6CQoQXU,side-court-logo,434.0,7203.21,https://www.youtube.com/watch?v=Z3B_6CQoQXU
22500031,Z3B_6CQoQXU,back-court-logo,334.2,7751.22,https://www.youtube.com/watch?v=Z3B_6CQoQXU
22500031,L7q6GgwA5fA,basket-logo,419.6,2559.99,https://www.youtube.com/watch?v=L7q6GgwA5fA
22500031,L7q6GgwA5fA,mid-court-logo,299.8,21594.91,https://www.youtube.com/watch?v=L7q6GgwA5fA
22500031,L7q6GgwA5fA,side-court-led-logo,246.2,17372.95,https://www.youtube.com/watch?v=L7q6GgwA5fA
22500031,L7q6GgwA5fA,back-court-logo,328.8,7602.24,https://www.youtube.com/watch?v=L7q6GgwA5fA
22500031,L7q6GgwA5fA,side-court-logo,440.2,7292.14,https://www.youtube.com/watch?v=L7q6GgwA5fA
22500189,qOVqgI5pnQE,side-court-led-logo,479.6,9971.08,https://www.youtube.com/watch?v=qOVqgI5pnQE
22500189,qOVqgI5pnQE,back-court-logo,449.0,20226.84,https://www.youtube.com/watch?v=qOVqgI5pnQE
22500189,qOVqgI5pnQE,mid-court-logo,409.4,8907.91,https://www.youtube.com/watch?v=qOVqgI5pnQE
22500189,qOVqgI5pnQE,basket-logo,440.6,1926.3,https://www.youtube.com/watch?v=qOVqgI5pnQE
22500189,qOVqgI5pnQE,side-court-logo,464.0,8907.45,https://www.youtube.com/watch?v=qOVqgI5pnQE
22500189,7YFKjDFwpjo,side-court-led-logo,488.4,9637.48,https://www.youtube.com/watch?v=7YFKjDFwpjo
22500189,7YFKjDFwpjo,basket-logo,446.4,1867.79,https://www.youtube.com/watch?v=7YFKjDFwpjo
22500189,7YFKjDFwpjo,back-court-logo,454.6,19240.99,https://www.youtube.com/watch?v=7YFKjDFwpjo
22500189,7YFKjDFwpjo,mid-court-logo,444.0,9158.74,https://www.youtube.com/watch?v=7YFKjDFwpjo
22500189,7YFKjDFwpjo,side-court-logo,466.2,8642.94,https://www.youtube.com/watch?v=7YFKjDFwpjo
22500189,ce7T8idwAuY,side-court-led-logo,531.8,8883.79,https://www.youtube.com/watch?v=ce7T8idwAuY
22500189,ce7T8idwAuY,mid-court-logo,460.8,8860.41,https://www.youtube.com/watch?v=ce7T8idwAuY
22500189,ce7T8idwAuY,side-court-logo,508.0,9004.51,https://www.youtube.com/watch?v=ce7T8idwAuY
22500189,ce7T8idwAuY,basket-logo,483.8,1914.04,https://www.youtube.com/watch?v=ce7T8idwAuY
22500189,ce7T8idwAuY,back-court-logo,494.6,20169.26,https://www.youtube.com/watch?v=ce7T8idwAuY
22500189,X9uQAoeaGhg,basket-logo,500.0,1889.81,https://www.youtube.com/watch?v=X9uQAoeaGhg
22500189,X9uQAoeaGhg,back-court-logo,506.2,19243.4,https://www.youtube.com/watch?v=X9uQAoeaGhg
22500189,X9uQAoeaGhg,mid-court-logo,468.0,8610.22,https://www.youtube.com/watch?v=X9uQAoeaGhg
22500189,X9uQAoeaGhg,side-court-led-logo,525.2,8498.21,https://www.youtube.com/watch?v=X9uQAoeaGhg
22500189,X9uQAoeaGhg,side-court-logo,505.0,8926.19,https://www.youtube.com/watch?v=X9uQAoeaGhg
22500189,dXurZytUhAg,side-court-led-logo,520.2,8529.81,https://www.youtube.com/watch?v=dXurZytUhAg
22500189,dXurZytUhAg,back-court-logo,501.8,19239.64,https://www.youtube.com/watch?v=dXurZytUhAg
22500189,dXurZytUhAg,basket-logo,496.2,1892.46,https://www.youtube.com/watch?v=dXurZytUhAg
22500189,dXurZytUhAg,mid-court-logo,463.4,8580.75,https://www.youtube.com/watch?v=dXurZytUhAg
22500189,dXurZytUhAg,side-court-logo,501.4,8923.66,https://www.youtube.com/watch?v=dXurZytUhAg
22500191,EQ_X3qgiPUk,basket-logo,504.8,1860.77,https://www.youtube.com/watch?v=EQ_X3qgiPUk
22500191,EQ_X3qgiPUk,side-court-led-logo,517.2,7485.91,https://www.youtube.com/watch?v=EQ_X3qgiPUk
22500191,EQ_X3qgiPUk,back-court-logo,498.2,8906.27,https://www.youtube.com/watch?v=EQ_X3qgiPUk
22500191,EQ_X3qgiPUk,side-court-logo,523.2,9028.46,https://www.youtube.com/watch?v=EQ_X3qgiPUk
22500191,EQ_X3qgiPUk,mid-court-logo,410.2,11345.33,https://www.youtube.com/watch?v=EQ_X3qgiPUk
22500191,3YGCcXoBzws,side-court-led-logo,592.0,7084.64,https://www.youtube.com/watch?v=3YGCcXoBzws
22500191,3YGCcXoBzws,basket-logo,572.6,1678.39,https://www.youtube.com/watch?v=3YGCcXoBzws
22500191,3YGCcXoBzws,back-court-logo,572.4,8080.36,https://www.youtube.com/watch?v=3YGCcXoBzws
22500191,3YGCcXoBzws,side-court-logo,593.0,8307.4,https://www.youtube.com/watch?v=3YGCcXoBzws
22500191,3YGCcXoBzws,mid-court-logo,519.8,11381.05,https://www.youtube.com/watch?v=3YGCcXoBzws
22500191,mq1t7WbkJkk,basket-logo,498.2,1676.16,https://www.youtube.com/watch?v=mq1t7WbkJkk
22500191,mq1t7WbkJkk,back-court-logo,499.0,8136.3,https://www.youtube.com/watch?v=mq1t7WbkJkk
22500191,mq1t7WbkJkk,mid-court-logo,472.6,11745.22,https://www.youtube.com/watch?v=mq1t7WbkJkk
22500191,mq1t7WbkJkk,side-court-led-logo,522.6,7921.71,https://www.youtube.com/watch?v=mq1t7WbkJkk
22500191,mq1t7WbkJkk,side-court-logo,521.0,8512.24,https://www.youtube.com/watch?v=mq1t7WbkJkk
22500191,up4YUCKgVUg,basket-logo,504.4,1912.47,https://www.youtube.com/watch?v=up4YUCKgVUg
22500191,up4YUCKgVUg,back-court-logo,497.4,8970.84,https://www.youtube.com/watch?v=up4YUCKgVUg
22500191,up4YUCKgVUg,side-court-led-logo,517.0,7543.14,https://www.youtube.com/watch?v=up4YUCKgVUg
22500191,up4YUCKgVUg,side-court-logo,521.2,9072.58,https://www.youtube.com/watch?v=up4YUCKgVUg
22500191,up4YUCKgVUg,mid-court-logo,412.4,11583.5,https://www.youtube.com/watch?v=up4YUCKgVUg
22500191,8YQu5qFkfps,basket-logo,173.6,1803.32,https://www.youtube.com/watch?v=8YQu5qFkfps
22500191,8YQu5qFkfps,side-court-led-logo,181.2,7618.78,https://www.youtube.com/watch?v=8YQu5qFkfps
22500191,8YQu5qFkfps,back-court-logo,171.6,8482.9,https://www.youtube.com/watch?v=8YQu5qFkfps
22500191,8YQu5qFkfps,side-court-logo,183.8,8609.06,https://www.youtube.com/watch?v=8YQu5qFkfps
22500191,8YQu5qFkfps,mid-court-logo,151.4,12692.95,https://www.youtube.com/watch?v=8YQu5qFkfps
22500190,qthoh-86TAA,mid-court-logo,527.0,19168.28,https://www.youtube.com/watch?v=qthoh-86TAA
22500190,qthoh-86TAA,side-court-led-logo,228.4,15712.78,https://www.youtube.com/watch?v=qthoh-86TAA
22500190,qthoh-86TAA,basket-logo,494.6,1542.02,https://www.youtube.com/watch?v=qthoh-86TAA
22500190,qthoh-86TAA,back-court-logo,489.0,11115.29,https://www.youtube.com/watch?v=qthoh-86TAA
22500190,qthoh-86TAA,side-court-logo,482.2,3020.63,https://www.youtube.com/watch?v=qthoh-86TAA
22500190,e0PZc9ovDoA,mid-court-logo,512.8,19752.91,https://www.youtube.com/watch?v=e0PZc9ovDoA
22500190,e0PZc9ovDoA,side-court-led-logo,258.2,9040.67,https://www.youtube.com/watch?v=e0PZc9ovDoA
22500190,e0PZc9ovDoA,side-court-logo,450.2,3450.9,https://www.youtube.com/watch?v=e0PZc9ovDoA
22500190,e0PZc9ovDoA,back-court-logo,461.2,10986.81,https://www.youtube.com/watch?v=e0PZc9ovDoA
22500190,e0PZc9ovDoA,basket-logo,473.4,1541.38,https://www.youtube.com/watch?v=e0PZc9ovDoA
22500190,yc3EV5m2eAg,basket-logo,518.4,1535.57,https://www.youtube.com/watch?v=yc3EV5m2eAg
22500190,yc3EV5m2eAg,mid-court-logo,549.2,19584.33,https://www.youtube.com/watch?v=yc3EV5m2eAg
22500190,yc3EV5m2eAg,back-court-logo,492.6,10772.1,https://www.youtube.com/watch?v=yc3EV5m2eAg
22500190,yc3EV5m2eAg,side-court-logo,496.6,3503.91,https://www.youtube.com/watch?v=yc3EV5m2eAg
22500190,yc3EV5m2eAg,side-court-led-logo,245.6,8570.88,https://www.youtube.com/watch?v=yc3EV5m2eAg
22500196,T2iLBAzwA_E,side-court-led-logo,142.0,17526.22,https://www.youtube.com/watch?v=T2iLBAzwA_E
22500196,T2iLBAzwA_E,mid-court-logo,362.4,15483.71,https://www.youtube.com/watch?v=T2iLBAzwA_E
22500196,T2iLBAzwA_E,side-court-logo,494.4,5698.14,https://www.youtube.com/watch?v=T2iLBAzwA_E
22500196,T2iLBAzwA_E,back-court-logo,367.0,21467.06,https://www.youtube.com/watch?v=T2iLBAzwA_E
22500196,T2iLBAzwA_E,basket-logo,457.8,2671.52,https://www.youtube.com/watch?v=T2iLBAzwA_E
22500196,1SfJaktDRF0,side-court-led-logo,163.6,14345.02,https://www.youtube.com/watch?v=1SfJaktDRF0
22500196,1SfJaktDRF0,mid-court-logo,396.4,14861.2,https://www.youtube.com/watch?v=1SfJaktDRF0
22500196,1SfJaktDRF0,side-court-logo,521.4,5521.96,https://www.youtube.com/watch?v=1SfJaktDRF0
22500196,1SfJaktDRF0,back-court-logo,373.6,20065.2,https://www.youtube.com/watch?v=1SfJaktDRF0
22500196,1SfJaktDRF0,basket-logo,495.4,2602.65,https://www.youtube.com/watch?v=1SfJaktDRF0
22500196,HASkliXXXmE,side-court-led-logo,146.6,15554.97,https://www.youtube.com/watch?v=HASkliXXXmE
22500196,HASkliXXXmE,side-court-logo,475.0,5523.0,https://www.youtube.com/watch?v=HASkliXXXmE
22500196,HASkliXXXmE,back-court-logo,354.8,20148.49,https://www.youtube.com/watch?v=HASkliXXXmE
22500196,HASkliXXXmE,mid-court-logo,362.2,15070.42,https://www.youtube.com/watch?v=HASkliXXXmE
22500196,HASkliXXXmE,basket-logo,455.0,2573.48,https://www.youtube.com/watch?v=HASkliXXXmE
22500196,Vyi_llupxfI,side-court-led-logo,142.0,17609.62,https://www.youtube.com/watch?v=Vyi_llupxfI
22500196,Vyi_llupxfI,mid-court-logo,362.0,15655.41,https://www.youtube.com/watch?v=Vyi_llupxfI
22500196,Vyi_llupxfI,side-court-logo,491.2,5693.51,https://www.youtube.com/watch?v=Vyi_llupxfI
22500196,Vyi_llupxfI,back-court-logo,376.2,21665.25,https://www.youtube.com/watch?v=Vyi_llupxfI
22500196,Vyi_llupxfI,basket-logo,456.6,2686.05,https://www.youtube.com/watch?v=Vyi_llupxfI
22500196,GqdV5Pn5W1M,side-court-led-logo,170.2,13474.7,https://www.youtube.com/watch?v=GqdV5Pn5W1M
22500196,GqdV5Pn5W1M,basket-logo,569.4,2618.63,https://www.youtube.com/watch?v=GqdV5Pn5W1M
22500196,GqdV5Pn5W1M,side-court-logo,586.0,5504.77,https://www.youtube.com/watch?v=GqdV5Pn5W1M
22500196,GqdV5Pn5W1M,mid-court-logo,395.4,11544.9,https://www.youtube.com/watch?v=GqdV5Pn5W1M
22500196,GqdV5Pn5W1M,back-court-logo,397.4,20282.58,https://www.youtube.com/watch?v=GqdV5Pn5W1M
22500226,VYvAb0hS6Ek,back-court-logo,475.4,15094.08,https://www.youtube.com/watch?v=VYvAb0hS6Ek
22500226,VYvAb0hS6Ek,basket-logo,461.4,2052.22,https://www.youtube.com/watch?v=VYvAb0hS6Ek
22500226,VYvAb0hS6Ek,mid-court-logo,454.8,22082.41,https://www.youtube.com/watch?v=VYvAb0hS6Ek
22500226,VYvAb0hS6Ek,side-court-led-logo,202.8,8798.16,https://www.youtube.com/watch?v=VYvAb0hS6Ek
22500226,swtmHmSXBZY,mid-court-logo,476.2,23113.96,https://www.youtube.com/watch?v=swtmHmSXBZY
22500226,swtmHmSXBZY,side-court-logo,0.6,4391.44,https://www.youtube.com/watch?v=swtmHmSXBZY
22500226,swtmHmSXBZY,side-court-led-logo,211.6,8444.96,https://www.youtube.com/watch?v=swtmHmSXBZY
22500226,swtmHmSXBZY,back-court-logo,481.4,13958.32,https://www.youtube.com/watch?v=swtmHmSXBZY
22500226,swtmHmSXBZY,basket-logo,476.0,2020.39,https://www.youtube.com/watch?v=swtmHmSXBZY
22500226,Cih4JBI_W18,back-court-logo,525.8,14425.57,https://www.youtube.com/watch?v=Cih4JBI_W18
22500226,Cih4JBI_W18,basket-logo,521.6,2032.69,https://www.youtube.com/watch?v=Cih4JBI_W18
22500226,Cih4JBI_W18,mid-court-logo,490.0,22166.37,https://www.youtube.com/watch?v=Cih4JBI_W18
22500226,Cih4JBI_W18,side-court-led-logo,195.0,7242.95,https://www.youtube.com/watch?v=Cih4JBI_W18
22500226,Cih4JBI_W18,side-court-logo,1.0,2556.63,https://www.youtube.com/watch?v=Cih4JBI_W18
22500226,XA0qRsa2iVo,back-court-logo,475.2,14968.06,https://www.youtube.com/watch?v=XA0qRsa2iVo
22500226,XA0qRsa2iVo,basket-logo,460.6,2050.54,https://www.youtube.com/watch?v=XA0qRsa2iVo
22500226,XA0qRsa2iVo,mid-court-logo,452.6,22088.19,https://www.youtube.com/watch?v=XA0qRsa2iVo
22500226,XA0qRsa2iVo,side-court-led-logo,203.2,8830.26,https://www.youtube.com/watch?v=XA0qRsa2iVo
22500226,gsAydLYQ6aE,mid-court-logo,454.6,19678.32,https://www.youtube.com/watch?v=gsAydLYQ6aE
22500226,gsAydLYQ6aE,side-court-led-logo,270.4,9636.39,https://www.youtube.com/watch?v=gsAydLYQ6aE
22500226,gsAydLYQ6aE,back-court-logo,425.6,13681.56,https://www.youtube.com/watch?v=gsAydLYQ6aE
22500226,gsAydLYQ6aE,basket-logo,415.2,1842.17,https://www.youtube.com/watch?v=gsAydLYQ6aE
22500226,biaEp5S6bMk,mid-court-logo,392.4,21371.72,https://www.youtube.com/watch?v=biaEp5S6bMk
22500226,biaEp5S6bMk,back-court-logo,373.4,13228.49,https://www.youtube.com/watch?v=biaEp5S6bMk
22500226,biaEp5S6bMk,basket-logo,377.6,1900.86,https://www.youtube.com/watch?v=biaEp5S6bMk
22500226,biaEp5S6bMk,side-court-led-logo,223.6,9872.33,https://www.youtube.com/watch?v=biaEp5S6bMk
22500226,biaEp5S6bMk,side-court-logo,0.8,2876.85,https://www.youtube.com/watch?v=biaEp5S6bMk
22500226,ff9cZXHP7l8,mid-court-logo,333.6,21185.29,https://www.youtube.com/watch?v=ff9cZXHP7l8
22500226,ff9cZXHP7l8,back-court-logo,267.2,12628.25,https://www.youtube.com/watch?v=ff9cZXHP7l8
22500226,ff9cZXHP7l8,side-court-led-logo,174.2,14180.43,https://www.youtube.com/watch?v=ff9cZXHP7l8
22500226,ff9cZXHP7l8,basket-logo,295.2,2097.04,https://www.youtube.com/watch?v=ff9cZXHP7l8
22500226,st6LSjwmifI,basket-logo,415.6,1899.44,https://www.youtube.com/watch?v=st6LSjwmifI
22500226,st6LSjwmifI,mid-court-logo,441.6,20105.98,https://www.youtube.com/watch?v=st6LSjwmifI
22500226,st6LSjwmifI,back-court-logo,429.0,13092.94,https://www.youtube.com/watch?v=st6LSjwmifI
22500226,st6LSjwmifI,side-court-led-logo,252.6,10056.25,https://www.youtube.com/watch?v=st6LSjwmifI
22500226,st6LSjwmifI,side-court-logo,0.6,1801.79,https://www.youtube.com/watch?v=st6LSjwmifI
22500226,ADVEMQBJEjg,back-court-logo,236.4,13289.31,https://www.youtube.com/watch?v=ADVEMQBJEjg
22500226,ADVEMQBJEjg,mid-court-logo,241.0,19121.34,https://www.youtube.com/watch?v=ADVEMQBJEjg
22500226,ADVEMQBJEjg,basket-logo,231.8,1892.66,https://www.youtube.com/watch?v=ADVEMQBJEjg
22500226,ADVEMQBJEjg,side-court-led-logo,146.2,9967.25,https://www.youtube.com/watch?v=ADVEMQBJEjg
22500226,ADVEMQBJEjg,side-court-logo,0.2,3857.73,https://www.youtube.com/watch?v=ADVEMQBJEjg
22500034,WJ7tttJP_yE,side-court-led-logo,411.8,24445.67,https://www.youtube.com/watch?v=WJ7tttJP_yE
22500034,WJ7tttJP_yE,mid-court-logo,224.4,12021.5,https://www.youtube.com/watch?v=WJ7tttJP_yE
22500034,WJ7tttJP_yE,side-court-logo,462.2,7834.59,https://www.youtube.com/watch?v=WJ7tttJP_yE
22500034,WJ7tttJP_yE,back-court-logo,451.8,14649.26,https://www.youtube.com/watch?v=WJ7tttJP_yE
22500034,WJ7tttJP_yE,basket-logo,454.4,2025.32,https://www.youtube.com/watch?v=WJ7tttJP_yE
22500034,3w0tunqsqmE,side-court-logo,474.4,7545.54,https://www.youtube.com/watch?v=3w0tunqsqmE
22500034,3w0tunqsqmE,side-court-led-logo,440.6,15437.97,https://www.youtube.com/watch?v=3w0tunqsqmE
22500034,3w0tunqsqmE,mid-court-logo,354.8,16767.38,https://www.youtube.com/watch?v=3w0tunqsqmE
22500034,3w0tunqsqmE,back-court-logo,470.2,13609.79,https://www.youtube.com/watch?v=3w0tunqsqmE
22500034,3w0tunqsqmE,basket-logo,470.0,1891.46,https://www.youtube.com/watch?v=3w0tunqsqmE
22500034,mBY92qe9sZA,basket-logo,458.8,1908.64,https://www.youtube.com/watch?v=mBY92qe9sZA
22500034,mBY92qe9sZA,side-court-led-logo,434.0,23217.83,https://www.youtube.com/watch?v=mBY92qe9sZA
22500034,mBY92qe9sZA,back-court-logo,457.0,13847.59,https://www.youtube.com/watch?v=mBY92qe9sZA
22500034,mBY92qe9sZA,side-court-logo,455.2,7800.58,https://www.youtube.com/watch?v=mBY92qe9sZA
22500034,mBY92qe9sZA,mid-court-logo,235.8,12853.02,https://www.youtube.com/watch?v=mBY92qe9sZA
22500188,TK9TWS1zSFM,basket-logo,444.6,2271.64,https://www.youtube.com/watch?v=TK9TWS1zSFM
22500188,TK9TWS1zSFM,back-court-logo,447.6,10540.26,https://www.youtube.com/watch?v=TK9TWS1zSFM
22500188,TK9TWS1zSFM,side-court-led-logo,503.8,27034.08,https://www.youtube.com/watch?v=TK9TWS1zSFM
22500188,TK9TWS1zSFM,side-court-logo,445.0,6267.32,https://www.youtube.com/watch?v=TK9TWS1zSFM
22500188,TK9TWS1zSFM,mid-court-logo,298.8,19969.37,https://www.youtube.com/watch?v=TK9TWS1zSFM
22500188,Evz5jUXN-G0,mid-court-logo,324.0,20412.97,https://www.youtube.com/watch?v=Evz5jUXN-G0
22500188,Evz5jUXN-G0,side-court-led-logo,514.4,25532.64,https://www.youtube.com/watch?v=Evz5jUXN-G0
22500188,Evz5jUXN-G0,side-court-logo,469.8,6094.24,https://www.youtube.com/watch?v=Evz5jUXN-G0
22500188,Evz5jUXN-G0,basket-logo,458.4,2199.55,https://www.youtube.com/watch?v=Evz5jUXN-G0
22500188,Evz5jUXN-G0,back-court-logo,459.8,10192.71,https://www.youtube.com/watch?v=Evz5jUXN-G0
22500188,RFIFoBOdtcY,basket-logo,519.6,2193.46,https://www.youtube.com/watch?v=RFIFoBOdtcY
22500188,RFIFoBOdtcY,back-court-logo,522.0,10112.63,https://www.youtube.com/watch?v=RFIFoBOdtcY
22500188,RFIFoBOdtcY,side-court-led-logo,543.6,22797.25,https://www.youtube.com/watch?v=RFIFoBOdtcY
22500188,RFIFoBOdtcY,side-court-logo,485.8,6220.98,https://www.youtube.com/watch?v=RFIFoBOdtcY
22500188,RFIFoBOdtcY,mid-court-logo,339.0,18215.83,https://www.youtube.com/watch?v=RFIFoBOdtcY
22500188,CJreu-63oro,mid-court-logo,291.6,20001.59,https://www.youtube.com/watch?v=CJreu-63oro
22500188,CJreu-63oro,side-court-logo,433.4,6100.48,https://www.youtube.com/watch?v=CJreu-63oro
22500188,CJreu-63oro,side-court-led-logo,482.8,24345.6,https://www.youtube.com/watch?v=CJreu-63oro
22500188,CJreu-63oro,back-court-logo,443.2,10307.76,https://www.youtube.com/watch?v=CJreu-63oro
22500188,CJreu-63oro,basket-logo,444.2,2252.32,https://www.youtube.com/watch?v=CJreu-63oro
22500188,Byxs3DcR024,basket-logo,468.0,2238.54,https://www.youtube.com/watch?v=Byxs3DcR024
22500188,Byxs3DcR024,side-court-led-logo,500.2,28262.2,https://www.youtube.com/watch?v=Byxs3DcR024
22500188,Byxs3DcR024,back-court-logo,465.2,10297.76,https://www.youtube.com/watch?v=Byxs3DcR024
22500188,Byxs3DcR024,side-court-logo,424.6,6271.59,https://www.youtube.com/watch?v=Byxs3DcR024
22500188,Byxs3DcR024,mid-court-logo,284.6,18767.0,https://www.youtube.com/watch?v=Byxs3DcR024
22500185,IJb3LCuKnic,side-court-led-logo,502.0,9024.89,https://www.youtube.com/watch?v=IJb3LCuKnic
22500185,IJb3LCuKnic,mid-court-logo,488.6,11343.76,https://www.youtube.com/watch?v=IJb3LCuKnic
22500185,IJb3LCuKnic,side-court-logo,459.4,6318.57,https://www.youtube.com/watch?v=IJb3LCuKnic
22500185,IJb3LCuKnic,back-court-logo,463.2,11521.91,https://www.youtube.com/watch?v=IJb3LCuKnic
22500185,IJb3LCuKnic,basket-logo,433.8,1834.43,https://www.youtube.com/watch?v=IJb3LCuKnic
22500185,4skHh4s6Rj0,basket-logo,476.8,1803.16,https://www.youtube.com/watch?v=4skHh4s6Rj0
22500185,4skHh4s6Rj0,back-court-logo,488.2,10739.23,https://www.youtube.com/watch?v=4skHh4s6Rj0
22500185,4skHh4s6Rj0,mid-court-logo,525.0,10326.48,https://www.youtube.com/watch?v=4skHh4s6Rj0
22500185,4skHh4s6Rj0,side-court-led-logo,533.2,9112.39,https://www.youtube.com/watch?v=4skHh4s6Rj0
22500185,4skHh4s6Rj0,side-court-logo,481.6,6122.62,https://www.youtube.com/watch?v=4skHh4s6Rj0
22500185,fUxORR0hKUc,basket-logo,458.4,1980.72,https://www.youtube.com/watch?v=fUxORR0hKUc
22500185,fUxORR0hKUc,back-court-logo,476.8,11358.13,https://www.youtube.com/watch?v=fUxORR0hKUc
22500185,fUxORR0hKUc,side-court-led-logo,525.8,8927.78,https://www.youtube.com/watch?v=fUxORR0hKUc
22500185,fUxORR0hKUc,mid-court-logo,514.2,10801.31,https://www.youtube.com/watch?v=fUxORR0hKUc
22500185,fUxORR0hKUc,side-court-logo,474.6,6144.11,https://www.youtube.com/watch?v=fUxORR0hKUc
22500185,xkBrwwlzcNc,basket-logo,438.0,1987.83,https://www.youtube.com/watch?v=xkBrwwlzcNc
22500185,xkBrwwlzcNc,mid-court-logo,429.0,11874.32,https://www.youtube.com/watch?v=xkBrwwlzcNc
22500185,xkBrwwlzcNc,side-court-logo,468.8,6679.72,https://www.youtube.com/watch?v=xkBrwwlzcNc
22500185,xkBrwwlzcNc,side-court-led-logo,519.0,10026.38,https://www.youtube.com/watch?v=xkBrwwlzcNc
22500185,xkBrwwlzcNc,back-court-logo,449.8,11464.05,https://www.youtube.com/watch?v=xkBrwwlzcNc
22500194,OCFg6M6NMRs,basket-logo,469.6,1819.1,https://www.youtube.com/watch?v=OCFg6M6NMRs
22500194,OCFg6M6NMRs,side-court-led-logo,463.6,16561.75,https://www.youtube.com/watch?v=OCFg6M6NMRs
22500194,OCFg6M6NMRs,side-court-logo,512.8,8276.08,https://www.youtube.com/watch?v=OCFg6M6NMRs
22500194,OCFg6M6NMRs,mid-court-logo,295.4,16923.77,https://www.youtube.com/watch?v=OCFg6M6NMRs
22500194,OCFg6M6NMRs,back-court-logo,345.4,13338.93,https://www.youtube.com/watch?v=OCFg6M6NMRs
22500194,_P1GPbEAM6M,side-court-led-logo,488.6,14833.28,https://www.youtube.com/watch?v=_P1GPbEAM6M
22500194,_P1GPbEAM6M,back-court-logo,332.8,12089.48,https://www.youtube.com/watch?v=_P1GPbEAM6M
22500194,_P1GPbEAM6M,side-court-logo,497.6,8005.05,https://www.youtube.com/watch?v=_P1GPbEAM6M
22500194,_P1GPbEAM6M,mid-court-logo,340.8,15968.69,https://www.youtube.com/watch?v=_P1GPbEAM6M
22500194,_P1GPbEAM6M,basket-logo,476.2,1780.03,https://www.youtube.com/watch?v=_P1GPbEAM6M
22500194,Lvl5EptI6Sg,basket-logo,469.2,1813.38,https://www.youtube.com/watch?v=Lvl5EptI6Sg
22500194,Lvl5EptI6Sg,side-court-led-logo,463.2,16641.87,https://www.youtube.com/watch?v=Lvl5EptI6Sg
22500194,Lvl5EptI6Sg,side-court-logo,509.8,8276.79,https://www.youtube.com/watch?v=Lvl5EptI6Sg
22500194,Lvl5EptI6Sg,mid-court-logo,299.4,17660.38,https://www.youtube.com/watch?v=Lvl5EptI6Sg
22500194,Lvl5EptI6Sg,back-court-logo,352.6,13436.83,https://www.youtube.com/watch?v=Lvl5EptI6Sg
22500194,d7HTbx_IpBg,basket-logo,502.8,1809.67,https://www.youtube.com/watch?v=d7HTbx_IpBg
22500194,d7HTbx_IpBg,side-court-led-logo,488.0,16506.34,https://www.youtube.com/watch?v=d7HTbx_IpBg
22500194,d7HTbx_IpBg,mid-court-logo,322.4,16248.5,https://www.youtube.com/watch?v=d7HTbx_IpBg
22500194,d7HTbx_IpBg,back-court-logo,311.8,13581.15,https://www.youtube.com/watch?v=d7HTbx_IpBg
22500194,d7HTbx_IpBg,side-court-logo,535.4,8444.15,https://www.youtube.com/watch?v=d7HTbx_IpBg
22500194,AqpJyobMRcY,side-court-led-logo,194.8,45787.69,https://www.youtube.com/watch?v=AqpJyobMRcY
22500194,AqpJyobMRcY,side-court-logo,322.6,21614.58,https://www.youtube.com/watch?v=AqpJyobMRcY
22500194,AqpJyobMRcY,mid-court-logo,141.4,55326.25,https://www.youtube.com/watch?v=AqpJyobMRcY
22500194,AqpJyobMRcY,back-court-logo,283.4,53774.89,https://www.youtube.com/watch?v=AqpJyobMRcY
22500194,AqpJyobMRcY,basket-logo,166.4,4846.73,https://www.youtube.com/watch?v=AqpJyobMRcY
22500198,6Mw307e8BmE,basket-logo,473.0,1900.09,https://www.youtube.com/watch?v=6Mw307e8BmE
22500198,6Mw307e8BmE,mid-court-logo,508.8,14396.49,https://www.youtube.com/watch?v=6Mw307e8BmE
22500198,6Mw307e8BmE,side-court-led-logo,516.6,6536.18,https://www.youtube.com/watch?v=6Mw307e8BmE
22500198,6Mw307e8BmE,back-court-logo,478.6,6477.82,https://www.youtube.com/watch?v=6Mw307e8BmE
22500198,6Mw307e8BmE,side-court-logo,502.8,5719.0,https://www.youtube.com/watch?v=6Mw307e8BmE
22500198,Z3kJaBvKFGE,basket-logo,508.6,1837.62,https://www.youtube.com/watch?v=Z3kJaBvKFGE
22500198,Z3kJaBvKFGE,side-court-led-logo,547.6,6415.42,https://www.youtube.com/watch?v=Z3kJaBvKFGE
22500198,Z3kJaBvKFGE,back-court-logo,513.6,6359.45,https://www.youtube.com/watch?v=Z3kJaBvKFGE
22500198,Z3kJaBvKFGE,mid-court-logo,543.6,14657.33,https://www.youtube.com/watch?v=Z3kJaBvKFGE
22500198,Z3kJaBvKFGE,side-court-logo,527.2,5650.11,https://www.youtube.com/watch?v=Z3kJaBvKFGE
22500198,4NlsgNSQfwc,side-court-led-logo,549.2,6476.77,https://www.youtube.com/watch?v=4NlsgNSQfwc
22500198,4NlsgNSQfwc,mid-court-logo,545.6,14587.68,https://www.youtube.com/watch?v=4NlsgNSQfwc
22500198,4NlsgNSQfwc,side-court-logo,528.2,5565.62,https://www.youtube.com/watch?v=4NlsgNSQfwc
22500198,4NlsgNSQfwc,back-court-logo,508.8,6291.66,https://www.youtube.com/watch?v=4NlsgNSQfwc
22500198,4NlsgNSQfwc,basket-logo,502.0,1809.0,https://www.youtube.com/watch?v=4NlsgNSQfwc
22500198,Y8iJFrtyZtE,basket-logo,472.2,1910.97,https://www.youtube.com/watch?v=Y8iJFrtyZtE
22500198,Y8iJFrtyZtE,mid-court-logo,507.4,14566.94,https://www.youtube.com/watch?v=Y8iJFrtyZtE
22500198,Y8iJFrtyZtE,side-court-led-logo,514.8,6583.47,https://www.youtube.com/watch?v=Y8iJFrtyZtE
22500198,Y8iJFrtyZtE,back-court-logo,478.6,6530.53,https://www.youtube.com/watch?v=Y8iJFrtyZtE
22500198,Y8iJFrtyZtE,side-court-logo,494.8,5747.34,https://www.youtube.com/watch?v=Y8iJFrtyZtE
22500198,ebGvipPBK2Y,side-court-led-logo,425.2,8252.4,https://www.youtube.com/watch?v=ebGvipPBK2Y
22500198,ebGvipPBK2Y,back-court-logo,346.6,6578.43,https://www.youtube.com/watch?v=ebGvipPBK2Y
22500198,ebGvipPBK2Y,basket-logo,339.4,1697.08,https://www.youtube.com/watch?v=ebGvipPBK2Y
22500198,ebGvipPBK2Y,mid-court-logo,380.6,13177.99,https://www.youtube.com/watch?v=ebGvipPBK2Y
22500198,ebGvipPBK2Y,side-court-logo,376.6,5342.44,https://www.youtube.com/watch?v=ebGvipPBK2Y
22500198,fwyXYz762VY,basket-logo,283.0,1784.51,https://www.youtube.com/watch?v=fwyXYz762VY
22500198,fwyXYz762VY,side-court-led-logo,319.2,7514.74,https://www.youtube.com/watch?v=fwyXYz762VY
22500198,fwyXYz762VY,back-court-logo,283.6,6442.27,https://www.youtube.com/watch?v=fwyXYz762VY
22500198,fwyXYz762VY,side-court-logo,278.8,5464.7,https://www.youtube.com/watch?v=fwyXYz762VY
22500198,fwyXYz762VY,mid-court-logo,312.0,13684.24,https://www.youtube.com/watch?v=fwyXYz762VY
22500198,F9oQm5PpyB0,side-court-led-logo,464.2,6735.94,https://www.youtube.com/watch?v=F9oQm5PpyB0
22500198,F9oQm5PpyB0,back-court-logo,424.8,6509.12,https://www.youtube.com/watch?v=F9oQm5PpyB0
22500198,F9oQm5PpyB0,mid-court-logo,443.0,14657.01,https://www.youtube.com/watch?v=F9oQm5PpyB0
22500198,F9oQm5PpyB0,basket-logo,429.0,1899.98,https://www.youtube.com/watch?v=F9oQm5PpyB0
22500198,F9oQm5PpyB0,side-court-logo,418.0,5788.15,https://www.youtube.com/watch?v=F9oQm5PpyB0
22500181,6F5uXH5G33k,side-court-led-logo,523.0,8522.16,https://www.youtube.com/watch?v=6F5uXH5G33k
22500181,6F5uXH5G33k,basket-logo,481.8,2268.27,https://www.youtube.com/watch?v=6F5uXH5G33k
22500181,6F5uXH5G33k,mid-court-logo,501.8,16386.71,https://www.youtube.com/watch?v=6F5uXH5G33k
22500181,6F5uXH5G33k,side-court-logo,499.6,8366.36,https://www.youtube.com/watch?v=6F5uXH5G33k
22500181,6F5uXH5G33k,back-court-logo,0.4,7219.58,https://www.youtube.com/watch?v=6F5uXH5G33k
22500181,fTcVxCNd4ps,side-court-led-logo,520.8,9591.46,https://www.youtube.com/watch?v=fTcVxCNd4ps
22500181,fTcVxCNd4ps,mid-court-logo,497.2,17047.07,https://www.youtube.com/watch?v=fTcVxCNd4ps
22500181,fTcVxCNd4ps,side-court-logo,486.4,8413.97,https://www.youtube.com/watch?v=fTcVxCNd4ps
22500181,fTcVxCNd4ps,basket-logo,479.4,2200.19,https://www.youtube.com/watch?v=fTcVxCNd4ps
22500186,fXnat16dCzo,basket-logo,477.8,1540.88,https://www.youtube.com/watch?v=fXnat16dCzo
22500186,fXnat16dCzo,side-court-led-logo,479.0,8152.78,https://www.youtube.com/watch?v=fXnat16dCzo
22500186,fXnat16dCzo,back-court-logo,469.2,10073.54,https://www.youtube.com/watch?v=fXnat16dCzo
22500186,fXnat16dCzo,mid-court-logo,293.2,13931.18,https://www.youtube.com/watch?v=fXnat16dCzo
22500186,fXnat16dCzo,side-court-logo,349.2,6494.47,https://www.youtube.com/watch?v=fXnat16dCzo
22500186,lXCmhzHyuQA,side-court-led-logo,472.8,6799.12,https://www.youtube.com/watch?v=lXCmhzHyuQA
22500186,lXCmhzHyuQA,mid-court-logo,325.6,14473.53,https://www.youtube.com/watch?v=lXCmhzHyuQA
22500186,lXCmhzHyuQA,side-court-logo,330.6,6209.46,https://www.youtube.com/watch?v=lXCmhzHyuQA
22500186,lXCmhzHyuQA,basket-logo,489.6,1528.09,https://www.youtube.com/watch?v=lXCmhzHyuQA
22500186,lXCmhzHyuQA,back-court-logo,479.4,9837.08,https://www.youtube.com/watch?v=lXCmhzHyuQA
22500186,d3_WGenk29w,basket-logo,487.0,1496.69,https://www.youtube.com/watch?v=d3_WGenk29w
22500186,d3_WGenk29w,mid-court-logo,331.0,13925.85,https://www.youtube.com/watch?v=d3_WGenk29w
22500186,d3_WGenk29w,back-court-logo,482.8,9587.52,https://www.youtube.com/watch?v=d3_WGenk29w
22500186,d3_WGenk29w,side-court-led-logo,488.8,8111.35,https://www.youtube.com/watch?v=d3_WGenk29w
22500186,d3_WGenk29w,side-court-logo,346.8,6269.6,https://www.youtube.com/watch?v=d3_WGenk29w
22500186,Cj0Cdvqizcg,side-court-led-logo,257.6,18413.03,https://www.youtube.com/watch?v=Cj0Cdvqizcg
22500186,Cj0Cdvqizcg,mid-court-logo,70.4,14665.67,https://www.youtube.com/watch?v=Cj0Cdvqizcg
22500186,Cj0Cdvqizcg,back-court-logo,307.8,19407.23,https://www.youtube.com/watch?v=Cj0Cdvqizcg
22500186,Cj0Cdvqizcg,basket-logo,520.8,2891.02,https://www.youtube.com/watch?v=Cj0Cdvqizcg
22500186,Cj0Cdvqizcg,side-court-logo,312.0,10170.22,https://www.youtube.com/watch?v=Cj0Cdvqizcg
22500210,a0VWCE-wH8M,side-court-led-logo,252.8,20836.01,https://www.youtube.com/watch?v=a0VWCE-wH8M
22500210,a0VWCE-wH8M,basket-logo,399.8,2111.2,https://www.youtube.com/watch?v=a0VWCE-wH8M
22500210,a0VWCE-wH8M,side-court-logo,453.8,9018.86,https://www.youtube.com/watch?v=a0VWCE-wH8M
22500210,a0VWCE-wH8M,mid-court-logo,300.2,22725.99,https://www.youtube.com/watch?v=a0VWCE-wH8M
22500210,a0VWCE-wH8M,back-court-logo,1.0,15264.67,https://www.youtube.com/watch?v=a0VWCE-wH8M
22500210,Mt8bEKgP6OQ,basket-logo,489.0,2110.62,https://www.youtube.com/watch?v=Mt8bEKgP6OQ
22500210,Mt8bEKgP6OQ,side-court-logo,521.0,9197.9,https://www.youtube.com/watch?v=Mt8bEKgP6OQ
22500210,Mt8bEKgP6OQ,side-court-led-logo,274.6,12587.4,https://www.youtube.com/watch?v=Mt8bEKgP6OQ
22500210,Mt8bEKgP6OQ,mid-court-logo,405.8,22560.85,https://www.youtube.com/watch?v=Mt8bEKgP6OQ
22500210,Mt8bEKgP6OQ,back-court-logo,2.0,8839.93,https://www.youtube.com/watch?v=Mt8bEKgP6OQ
22500210,xmzmQRQuKh8,basket-logo,461.4,2072.61,https://www.youtube.com/watch?v=xmzmQRQuKh8
22500210,xmzmQRQuKh8,mid-court-logo,406.0,21544.17,https://www.youtube.com/watch?v=xmzmQRQuKh8
22500210,xmzmQRQuKh8,side-court-led-logo,291.0,14061.32,https://www.youtube.com/watch?v=xmzmQRQuKh8
22500210,xmzmQRQuKh8,side-court-logo,505.2,8906.88,https://www.youtube.com/watch?v=xmzmQRQuKh8
22500210,xmzmQRQuKh8,back-court-logo,2.2,9388.66,https://www.youtube.com/watch?v=xmzmQRQuKh8
22500210,gXjLvncJZJ0,side-court-led-logo,251.0,20060.09,https://www.youtube.com/watch?v=gXjLvncJZJ0
22500210,gXjLvncJZJ0,basket-logo,400.2,2105.69,https://www.youtube.com/watch?v=gXjLvncJZJ0
22500210,gXjLvncJZJ0,side-court-logo,451.8,9016.17,https://www.youtube.com/watch?v=gXjLvncJZJ0
22500210,gXjLvncJZJ0,mid-court-logo,298.2,22434.81,https://www.youtube.com/watch?v=gXjLvncJZJ0
22500210,gXjLvncJZJ0,back-court-logo,0.8,8336.38,https://www.youtube.com/watch?v=gXjLvncJZJ0
22500210,QufwT6RAgqs,basket-logo,253.8,1991.47,https://www.youtube.com/watch?v=QufwT6RAgqs
22500210,QufwT6RAgqs,side-court-led-logo,219.6,18823.72,https://www.youtube.com/watch?v=QufwT6RAgqs
22500210,QufwT6RAgqs,mid-court-logo,203.6,25598.65,https://www.youtube.com/watch?v=QufwT6RAgqs
22500210,QufwT6RAgqs,side-court-logo,273.8,8528.39,https://www.youtube.com/watch?v=QufwT6RAgqs
22500210,QufwT6RAgqs,back-court-logo,1.0,22320.2,https://www.youtube.com/watch?v=QufwT6RAgqs
22500210,tejieytj-Dw,basket-logo,299.4,1951.62,https://www.youtube.com/watch?v=tejieytj-Dw
22500210,tejieytj-Dw,mid-court-logo,271.4,25186.21,https://www.youtube.com/watch?v=tejieytj-Dw
22500210,tejieytj-Dw,side-court-logo,362.8,7996.42,https://www.youtube.com/watch?v=tejieytj-Dw
22500210,tejieytj-Dw,side-court-led-logo,243.4,16909.46,https://www.youtube.com/watch?v=tejieytj-Dw
22500210,tejieytj-Dw,back-court-logo,0.6,6111.42,https://www.youtube.com/watch?v=tejieytj-Dw
22500210,Ur2PFX8qeeI,mid-court-logo,301.2,23089.28,https://www.youtube.com/watch?v=Ur2PFX8qeeI
22500210,Ur2PFX8qeeI,side-court-led-logo,275.8,20656.82,https://www.youtube.com/watch?v=Ur2PFX8qeeI
22500210,Ur2PFX8qeeI,side-court-logo,366.0,8026.92,https://www.youtube.com/watch?v=Ur2PFX8qeeI
22500210,Ur2PFX8qeeI,basket-logo,326.2,1938.49,https://www.youtube.com/watch?v=Ur2PFX8qeeI
22500210,Ur2PFX8qeeI,back-court-logo,0.6,6653.34,https://www.youtube.com/watch?v=Ur2PFX8qeeI
22500210,8dDcl6nqDC4,basket-logo,284.8,1926.37,https://www.youtube.com/watch?v=8dDcl6nqDC4
22500210,8dDcl6nqDC4,side-court-led-logo,240.8,26255.08,https://www.youtube.com/watch?v=8dDcl6nqDC4
22500210,8dDcl6nqDC4,side-court-logo,339.0,8017.16,https://www.youtube.com/watch?v=8dDcl6nqDC4
22500210,8dDcl6nqDC4,mid-court-logo,252.0,25428.81,https://www.youtube.com/watch?v=8dDcl6nqDC4
22500210,8dDcl6nqDC4,back-court-logo,1.0,6571.66,https://www.youtube.com/watch?v=8dDcl6nqDC4
22500038,X35X-cpbTN0,side-court-led-logo,465.2,9847.34,https://www.youtube.com/watch?v=X35X-cpbTN0
22500038,X35X-cpbTN0,mid-court-logo,427.6,13113.78,https://www.youtube.com/watch?v=X35X-cpbTN0
22500038,X35X-cpbTN0,side-court-logo,443.4,7531.59,https://www.youtube.com/watch?v=X35X-cpbTN0
22500038,X35X-cpbTN0,basket-logo,441.2,2329.58,https://www.youtube.com/watch?v=X35X-cpbTN0
22500038,X35X-cpbTN0,back-court-logo,1.2,9041.0,https://www.youtube.com/watch?v=X35X-cpbTN0
22500038,3ocrRJOfZNo,mid-court-logo,443.4,13797.9,https://www.youtube.com/watch?v=3ocrRJOfZNo
22500038,3ocrRJOfZNo,side-court-logo,459.8,7365.39,https://www.youtube.com/watch?v=3ocrRJOfZNo
22500038,3ocrRJOfZNo,side-court-led-logo,489.2,8824.32,https://www.youtube.com/watch?v=3ocrRJOfZNo
22500038,3ocrRJOfZNo,basket-logo,471.0,2238.99,https://www.youtube.com/watch?v=3ocrRJOfZNo
22500038,3ocrRJOfZNo,back-court-logo,0.4,8728.28,https://www.youtube.com/watch?v=3ocrRJOfZNo
22500038,Z_8d5uExuBE,basket-logo,462.8,2245.66,https://www.youtube.com/watch?v=Z_8d5uExuBE
22500038,Z_8d5uExuBE,side-court-led-logo,477.8,8241.84,https://www.youtube.com/watch?v=Z_8d5uExuBE
22500038,Z_8d5uExuBE,mid-court-logo,428.6,13382.77,https://www.youtube.com/watch?v=Z_8d5uExuBE
22500038,Z_8d5uExuBE,side-court-logo,448.6,7493.81,https://www.youtube.com/watch?v=Z_8d5uExuBE
22500038,Z_8d5uExuBE,back-court-logo,0.8,9752.72,https://www.youtube.com/watch?v=Z_8d5uExuBE
22500038,mB3bQVx7M6A,basket-logo,463.0,2266.35,https://www.youtube.com/watch?v=mB3bQVx7M6A
22500038,mB3bQVx7M6A,mid-court-logo,433.0,13526.24,https://www.youtube.com/watch?v=mB3bQVx7M6A
22500038,mB3bQVx7M6A,side-court-led-logo,476.0,8766.27,https://www.youtube.com/watch?v=mB3bQVx7M6A
22500038,mB3bQVx7M6A,side-court-logo,452.4,7350.77,https://www.youtube.com/watch?v=mB3bQVx7M6A
22500038,mB3bQVx7M6A,back-court-logo,1.0,6954.44,https://www.youtube.com/watch?v=mB3bQVx7M6A
22500203,M6vAjdr86ZI,basket-logo,428.8,1855.89,https://www.youtube.com/watch?v=M6vAjdr86ZI
22500203,M6vAjdr86ZI,back-court-logo,417.4,12627.32,https://www.youtube.com/watch?v=M6vAjdr86ZI
22500203,M6vAjdr86ZI,side-court-led-logo,428.4,23098.71,https://www.youtube.com/watch?v=M6vAjdr86ZI
22500203,M6vAjdr86ZI,side-court-logo,379.4,3544.92,https://www.youtube.com/watch?v=M6vAjdr86ZI
22500203,M6vAjdr86ZI,mid-court-logo,159.4,13879.06,https://www.youtube.com/watch?v=M6vAjdr86ZI
22500203,jcUVhqaBcNA,side-court-led-logo,490.8,18416.3,https://www.youtube.com/watch?v=jcUVhqaBcNA
22500203,jcUVhqaBcNA,basket-logo,468.2,1821.12,https://www.youtube.com/watch?v=jcUVhqaBcNA
22500203,jcUVhqaBcNA,back-court-logo,463.0,12059.37,https://www.youtube.com/watch?v=jcUVhqaBcNA
22500203,jcUVhqaBcNA,side-court-logo,410.0,3437.89,https://www.youtube.com/watch?v=jcUVhqaBcNA
22500203,jcUVhqaBcNA,mid-court-logo,216.8,13555.74,https://www.youtube.com/watch?v=jcUVhqaBcNA
22500203,N_LEYwZuMAc,basket-logo,436.2,1879.78,https://www.youtube.com/watch?v=N_LEYwZuMAc
22500203,N_LEYwZuMAc,side-court-led-logo,433.6,21754.6,https://www.youtube.com/watch?v=N_LEYwZuMAc
22500203,N_LEYwZuMAc,side-court-logo,360.2,3708.67,https://www.youtube.com/watch?v=N_LEYwZuMAc
22500203,N_LEYwZuMAc,back-court-logo,411.6,12569.13,https://www.youtube.com/watch?v=N_LEYwZuMAc
22500203,N_LEYwZuMAc,mid-court-logo,150.2,14703.53,https://www.youtube.com/watch?v=N_LEYwZuMAc
22500203,wRXRR2A1VyU,back-court-logo,338.2,12282.37,https://www.youtube.com/watch?v=wRXRR2A1VyU
22500203,wRXRR2A1VyU,side-court-led-logo,421.4,23129.11,https://www.youtube.com/watch?v=wRXRR2A1VyU
22500203,wRXRR2A1VyU,mid-court-logo,223.6,13028.85,https://www.youtube.com/watch?v=wRXRR2A1VyU
22500203,wRXRR2A1VyU,side-court-logo,340.6,3172.29,https://www.youtube.com/watch?v=wRXRR2A1VyU
22500203,wRXRR2A1VyU,basket-logo,340.6,1913.0,https://www.youtube.com/watch?v=wRXRR2A1VyU
22500203,gIxvHH18bkI,side-court-led-logo,345.0,19189.37,https://www.youtube.com/watch?v=gIxvHH18bkI
22500203,gIxvHH18bkI,mid-court-logo,88.6,12994.62,https://www.youtube.com/watch?v=gIxvHH18bkI
22500203,gIxvHH18bkI,back-court-logo,276.6,11521.35,https://www.youtube.com/watch?v=gIxvHH18bkI
22500203,gIxvHH18bkI,basket-logo,312.4,1651.81,https://www.youtube.com/watch?v=gIxvHH18bkI
22500203,gIxvHH18bkI,side-court-logo,145.6,3867.58,https://www.youtube.com/watch?v=gIxvHH18bkI
22500203,6_I1rVp6Ta8,basket-logo,392.0,1633.64,https://www.youtube.com/watch?v=6_I1rVp6Ta8
22500203,6_I1rVp6Ta8,back-court-logo,302.0,10726.68,https://www.youtube.com/watch?v=6_I1rVp6Ta8
22500203,6_I1rVp6Ta8,side-court-led-logo,431.4,21806.54,https://www.youtube.com/watch?v=6_I1rVp6Ta8
22500203,6_I1rVp6Ta8,mid-court-logo,143.4,13410.68,https://www.youtube.com/watch?v=6_I1rVp6Ta8
22500203,6_I1rVp6Ta8,side-court-logo,190.6,3445.53,https://www.youtube.com/watch?v=6_I1rVp6Ta8
22500203,K4ZNOLbVC6k,side-court-led-logo,268.2,22480.81,https://www.youtube.com/watch?v=K4ZNOLbVC6k
22500203,K4ZNOLbVC6k,basket-logo,217.4,1849.69,https://www.youtube.com/watch?v=K4ZNOLbVC6k
22500203,K4ZNOLbVC6k,back-court-logo,215.2,12092.76,https://www.youtube.com/watch?v=K4ZNOLbVC6k
22500203,K4ZNOLbVC6k,mid-court-logo,152.2,13173.85,https://www.youtube.com/watch?v=K4ZNOLbVC6k
22500203,K4ZNOLbVC6k,side-court-logo,220.6,3254.16,https://www.youtube.com/watch?v=K4ZNOLbVC6k
22500172,jlDDYyPbvMA,back-court-logo,440.2,11730.44,https://www.youtube.com/watch?v=jlDDYyPbvMA
22500172,jlDDYyPbvMA,basket-logo,425.8,2155.54,https://www.youtube.com/watch?v=jlDDYyPbvMA
22500172,jlDDYyPbvMA,mid-court-logo,257.2,13866.13,https://www.youtube.com/watch?v=jlDDYyPbvMA
22500172,jlDDYyPbvMA,side-court-led-logo,461.6,10060.16,https://www.youtube.com/watch?v=jlDDYyPbvMA
22500172,jlDDYyPbvMA,side-court-logo,462.2,10729.68,https://www.youtube.com/watch?v=jlDDYyPbvMA
22500172,QDShKYilCv4,side-court-led-logo,482.8,9734.34,https://www.youtube.com/watch?v=QDShKYilCv4
22500172,QDShKYilCv4,mid-court-logo,250.2,13778.69,https://www.youtube.com/watch?v=QDShKYilCv4
22500172,QDShKYilCv4,side-court-logo,481.6,10751.5,https://www.youtube.com/watch?v=QDShKYilCv4
22500172,QDShKYilCv4,back-court-logo,464.6,11641.84,https://www.youtube.com/watch?v=QDShKYilCv4
22500172,QDShKYilCv4,basket-logo,458.6,2182.93,https://www.youtube.com/watch?v=QDShKYilCv4
22500029,Nv99xewfAyw,side-court-led-logo,521.8,7879.67,https://www.youtube.com/watch?v=Nv99xewfAyw
22500029,Nv99xewfAyw,mid-court-logo,136.6,7259.17,https://www.youtube.com/watch?v=Nv99xewfAyw
22500029,Nv99xewfAyw,side-court-logo,410.6,7349.13,https://www.youtube.com/watch?v=Nv99xewfAyw
22500029,Nv99xewfAyw,back-court-logo,487.6,9021.98,https://www.youtube.com/watch?v=Nv99xewfAyw
22500029,Nv99xewfAyw,basket-logo,478.2,1485.03,https://www.youtube.com/watch?v=Nv99xewfAyw
22500029,5Hr22u3Cpxw,side-court-led-logo,540.0,7649.32,https://www.youtube.com/watch?v=5Hr22u3Cpxw
22500029,5Hr22u3Cpxw,mid-court-logo,129.2,7822.42,https://www.youtube.com/watch?v=5Hr22u3Cpxw
22500029,5Hr22u3Cpxw,side-court-logo,442.6,7243.54,https://www.youtube.com/watch?v=5Hr22u3Cpxw
22500029,5Hr22u3Cpxw,back-court-logo,508.0,8891.89,https://www.youtube.com/watch?v=5Hr22u3Cpxw
22500029,5Hr22u3Cpxw,basket-logo,498.4,1565.28,https://www.youtube.com/watch?v=5Hr22u3Cpxw
22500029,SZWOp_c60E0,side-court-led-logo,548.2,8100.73,https://www.youtube.com/watch?v=SZWOp_c60E0
22500029,SZWOp_c60E0,mid-court-logo,145.2,8265.49,https://www.youtube.com/watch?v=SZWOp_c60E0
22500029,SZWOp_c60E0,side-court-logo,416.8,7232.43,https://www.youtube.com/watch?v=SZWOp_c60E0
22500029,SZWOp_c60E0,back-court-logo,499.4,8988.67,https://www.youtube.com/watch?v=SZWOp_c60E0
22500029,SZWOp_c60E0,basket-logo,488.2,1477.83,https://www.youtube.com/watch?v=SZWOp_c60E0
22500029,Kq6gg4wr9zA,basket-logo,495.6,1444.81,https://www.youtube.com/watch?v=Kq6gg4wr9zA
22500029,Kq6gg4wr9zA,side-court-led-logo,539.6,7709.73,https://www.youtube.com/watch?v=Kq6gg4wr9zA
22500029,Kq6gg4wr9zA,back-court-logo,508.0,8751.64,https://www.youtube.com/watch?v=Kq6gg4wr9zA
22500029,Kq6gg4wr9zA,side-court-logo,412.8,7357.74,https://www.youtube.com/watch?v=Kq6gg4wr9zA
22500029,Kq6gg4wr9zA,mid-court-logo,135.8,7065.94,https://www.youtube.com/watch?v=Kq6gg4wr9zA
22500033,ENYU2fIOo6I,basket-logo,464.4,1718.37,https://www.youtube.com/watch?v=ENYU2fIOo6I
22500033,ENYU2fIOo6I,back-court-logo,269.0,9709.33,https://www.youtube.com/watch?v=ENYU2fIOo6I
22500033,ENYU2fIOo6I,side-court-logo,489.0,7487.48,https://www.youtube.com/watch?v=ENYU2fIOo6I
22500033,ENYU2fIOo6I,mid-court-logo,375.2,25847.98,https://www.youtube.com/watch?v=ENYU2fIOo6I
22500033,ENYU2fIOo6I,side-court-led-logo,169.2,9436.13,https://www.youtube.com/watch?v=ENYU2fIOo6I
22500033,YCNoW4Zn4OI,basket-logo,464.4,1675.64,https://www.youtube.com/watch?v=YCNoW4Zn4OI
22500033,YCNoW4Zn4OI,back-court-logo,263.2,9320.05,https://www.youtube.com/watch?v=YCNoW4Zn4OI
22500033,YCNoW4Zn4OI,side-court-led-logo,193.2,11962.85,https://www.youtube.com/watch?v=YCNoW4Zn4OI
22500033,YCNoW4Zn4OI,mid-court-logo,408.0,24199.38,https://www.youtube.com/watch?v=YCNoW4Zn4OI
22500033,YCNoW4Zn4OI,side-court-logo,503.0,7471.48,https://www.youtube.com/watch?v=YCNoW4Zn4OI
22500033,CV4z1pA0NZA,basket-logo,477.8,1671.67,https://www.youtube.com/watch?v=CV4z1pA0NZA
22500033,CV4z1pA0NZA,back-court-logo,276.4,9296.74,https://www.youtube.com/watch?v=CV4z1pA0NZA
22500033,CV4z1pA0NZA,side-court-logo,503.4,7238.15,https://www.youtube.com/watch?v=CV4z1pA0NZA
22500033,CV4z1pA0NZA,mid-court-logo,415.4,22472.32,https://www.youtube.com/watch?v=CV4z1pA0NZA
22500033,CV4z1pA0NZA,side-court-led-logo,183.0,12293.23,https://www.youtube.com/watch?v=CV4z1pA0NZA
22500033,aG9LrPtnsZU,basket-logo,114.6,1558.03,https://www.youtube.com/watch?v=aG9LrPtnsZU
22500033,aG9LrPtnsZU,back-court-logo,70.2,8254.89,https://www.youtube.com/watch?v=aG9LrPtnsZU
22500033,aG9LrPtnsZU,mid-court-logo,105.6,13583.05,https://www.youtube.com/watch?v=aG9LrPtnsZU
22500033,aG9LrPtnsZU,side-court-logo,110.6,6665.91,https://www.youtube.com/watch?v=aG9LrPtnsZU
22500033,aG9LrPtnsZU,side-court-led-logo,28.6,9176.83,https://www.youtube.com/watch?v=aG9LrPtnsZU
22500028,IsN8qnnFkSs,mid-court-logo,226.2,15157.23,https://www.youtube.com/watch?v=IsN8qnnFkSs
22500028,IsN8qnnFkSs,side-court-led-logo,288.0,14908.62,https://www.youtube.com/watch?v=IsN8qnnFkSs
22500028,IsN8qnnFkSs,side-court-logo,487.4,7620.38,https://www.youtube.com/watch?v=IsN8qnnFkSs
22500028,IsN8qnnFkSs,back-court-logo,453.8,11795.05,https://www.youtube.com/watch?v=IsN8qnnFkSs
22500028,IsN8qnnFkSs,basket-logo,436.2,1960.63,https://www.youtube.com/watch?v=IsN8qnnFkSs
22500028,lKE9yzQWpu4,mid-court-logo,238.8,15342.72,https://www.youtube.com/watch?v=lKE9yzQWpu4
22500028,lKE9yzQWpu4,side-court-led-logo,304.4,13173.72,https://www.youtube.com/watch?v=lKE9yzQWpu4
22500028,lKE9yzQWpu4,side-court-logo,517.4,7508.08,https://www.youtube.com/watch?v=lKE9yzQWpu4
22500028,lKE9yzQWpu4,back-court-logo,479.0,11483.3,https://www.youtube.com/watch?v=lKE9yzQWpu4
22500028,lKE9yzQWpu4,basket-logo,468.0,2015.29,https://www.youtube.com/watch?v=lKE9yzQWpu4
22500028,VCzs6uLWVPA,basket-logo,439.6,1994.32,https://www.youtube.com/watch?v=VCzs6uLWVPA
22500028,VCzs6uLWVPA,back-court-logo,445.4,11936.29,https://www.youtube.com/watch?v=VCzs6uLWVPA
22500028,VCzs6uLWVPA,side-court-led-logo,256.2,13732.61,https://www.youtube.com/watch?v=VCzs6uLWVPA
22500028,VCzs6uLWVPA,mid-court-logo,187.0,14638.8,https://www.youtube.com/watch?v=VCzs6uLWVPA
22500028,VCzs6uLWVPA,side-court-logo,467.0,7671.21,https://www.youtube.com/watch?v=VCzs6uLWVPA
22500028,jfa8qUBfTRk,basket-logo,287.0,3322.19,https://www.youtube.com/watch?v=jfa8qUBfTRk
22500028,jfa8qUBfTRk,side-court-logo,328.4,12560.44,https://www.youtube.com/watch?v=jfa8qUBfTRk
22500028,jfa8qUBfTRk,back-court-logo,303.6,24483.83,https://www.youtube.com/watch?v=jfa8qUBfTRk
22500028,jfa8qUBfTRk,side-court-led-logo,62.8,35478.64,https://www.youtube.com/watch?v=jfa8qUBfTRk
22500028,jfa8qUBfTRk,mid-court-logo,18.0,17227.81,https://www.youtube.com/watch?v=jfa8qUBfTRk
22500180,a4vNXt3OGKg,mid-court-logo,313.8,19385.71,https://www.youtube.com/watch?v=a4vNXt3OGKg
22500180,a4vNXt3OGKg,side-court-logo,476.0,7804.27,https://www.youtube.com/watch?v=a4vNXt3OGKg
22500180,a4vNXt3OGKg,back-court-logo,447.4,12597.68,https://www.youtube.com/watch?v=a4vNXt3OGKg
22500180,a4vNXt3OGKg,side-court-led-logo,414.8,21567.42,https://www.youtube.com/watch?v=a4vNXt3OGKg
22500180,a4vNXt3OGKg,basket-logo,421.0,2030.39,https://www.youtube.com/watch?v=a4vNXt3OGKg
22500180,cBOntofKQF4,basket-logo,459.4,1754.51,https://www.youtube.com/watch?v=cBOntofKQF4
22500180,cBOntofKQF4,mid-court-logo,371.6,15186.84,https://www.youtube.com/watch?v=cBOntofKQF4
22500180,cBOntofKQF4,back-court-logo,470.4,9371.53,https://www.youtube.com/watch?v=cBOntofKQF4
22500180,cBOntofKQF4,side-court-logo,507.6,6345.09,https://www.youtube.com/watch?v=cBOntofKQF4
22500180,cBOntofKQF4,side-court-led-logo,477.0,19973.56,https://www.youtube.com/watch?v=cBOntofKQF4
22500184,RA2Q6uaqCOA,basket-logo,443.8,2306.98,https://www.youtube.com/watch?v=RA2Q6uaqCOA
22500184,RA2Q6uaqCOA,back-court-logo,460.2,14556.21,https://www.youtube.com/watch?v=RA2Q6uaqCOA
22500184,RA2Q6uaqCOA,mid-court-logo,374.6,17603.34,https://www.youtube.com/watch?v=RA2Q6uaqCOA
22500184,RA2Q6uaqCOA,side-court-led-logo,336.8,17886.64,https://www.youtube.com/watch?v=RA2Q6uaqCOA
22500184,RA2Q6uaqCOA,side-court-logo,490.2,8343.07,https://www.youtube.com/watch?v=RA2Q6uaqCOA
22500184,qQ_MbIPw-Ic,basket-logo,381.6,2205.24,https://www.youtube.com/watch?v=qQ_MbIPw-Ic
22500184,qQ_MbIPw-Ic,back-court-logo,396.0,17474.18,https://www.youtube.com/watch?v=qQ_MbIPw-Ic
22500184,qQ_MbIPw-Ic,mid-court-logo,329.4,19092.62,https://www.youtube.com/watch?v=qQ_MbIPw-Ic
22500184,qQ_MbIPw-Ic,side-court-logo,469.8,8900.14,https://www.youtube.com/watch?v=qQ_MbIPw-Ic
22500184,qQ_MbIPw-Ic,side-court-led-logo,402.8,22376.43,https://www.youtube.com/watch?v=qQ_MbIPw-Ic
22500184,Dn2xvFnHG20,basket-logo,461.8,2309.42,https://www.youtube.com/watch?v=Dn2xvFnHG20
22500184,Dn2xvFnHG20,back-court-logo,473.2,14796.44,https://www.youtube.com/watch?v=Dn2xvFnHG20
22500184,Dn2xvFnHG20,mid-court-logo,381.4,16849.93,https://www.youtube.com/watch?v=Dn2xvFnHG20
22500184,Dn2xvFnHG20,side-court-logo,503.2,8357.74,https://www.youtube.com/watch?v=Dn2xvFnHG20
22500184,Dn2xvFnHG20,side-court-led-logo,348.2,19937.53,https://www.youtube.com/watch?v=Dn2xvFnHG20
22500184,BTmMFGT_XCc,side-court-led-logo,163.8,44924.73,https://www.youtube.com/watch?v=BTmMFGT_XCc
22500184,BTmMFGT_XCc,basket-logo,496.4,3258.92,https://www.youtube.com/watch?v=BTmMFGT_XCc
22500184,BTmMFGT_XCc,back-court-logo,492.6,33439.13,https://www.youtube.com/watch?v=BTmMFGT_XCc
22500184,BTmMFGT_XCc,mid-court-logo,122.2,21607.29,https://www.youtube.com/watch?v=BTmMFGT_XCc
22500184,BTmMFGT_XCc,side-court-logo,506.8,13531.62,https://www.youtube.com/watch?v=BTmMFGT_XCc
22500184,gMVVwgpt1A8,basket-logo,334.0,3380.21,https://www.youtube.com/watch?v=gMVVwgpt1A8
22500184,gMVVwgpt1A8,side-court-led-logo,98.6,32046.53,https://www.youtube.com/watch?v=gMVVwgpt1A8
22500184,gMVVwgpt1A8,back-court-logo,333.8,33005.74,https://www.youtube.com/watch?v=gMVVwgpt1A8
22500184,gMVVwgpt1A8,mid-court-logo,64.8,23257.52,https://www.youtube.com/watch?v=gMVVwgpt1A8
22500184,gMVVwgpt1A8,side-court-logo,309.6,13081.87,https://www.youtube.com/watch?v=gMVVwgpt1A8
22500183,UgArZasdgtk,basket-logo,469.2,1721.48,https://www.youtube.com/watch?v=UgArZasdgtk
22500183,UgArZasdgtk,mid-court-logo,374.0,15392.1,https://www.youtube.com/watch?v=UgArZasdgtk
22500183,UgArZasdgtk,side-court-led-logo,536.6,9994.31,https://www.youtube.com/watch?v=UgArZasdgtk
22500183,UgArZasdgtk,back-court-logo,481.8,11146.8,https://www.youtube.com/watch?v=UgArZasdgtk
22500183,UgArZasdgtk,side-court-logo,506.6,9280.51,https://www.youtube.com/watch?v=UgArZasdgtk
22500183,4kHLbB_cuyc,side-court-logo,526.6,8927.98,https://www.youtube.com/watch?v=4kHLbB_cuyc
22500183,4kHLbB_cuyc,mid-court-logo,421.6,15203.53,https://www.youtube.com/watch?v=4kHLbB_cuyc
22500183,4kHLbB_cuyc,side-court-led-logo,560.6,9068.32,https://www.youtube.com/watch?v=4kHLbB_cuyc
22500183,4kHLbB_cuyc,basket-logo,502.8,1725.87,https://www.youtube.com/watch?v=4kHLbB_cuyc
22500183,4kHLbB_cuyc,back-court-logo,511.2,10404.9,https://www.youtube.com/watch?v=4kHLbB_cuyc
22500183,hdKrTQdAi6M,side-court-led-logo,532.8,10116.8,https://www.youtube.com/watch?v=hdKrTQdAi6M
22500183,hdKrTQdAi6M,side-court-logo,496.0,9325.81,https://www.youtube.com/watch?v=hdKrTQdAi6M
22500183,hdKrTQdAi6M,mid-court-logo,385.4,14213.38,https://www.youtube.com/watch?v=hdKrTQdAi6M
22500183,hdKrTQdAi6M,back-court-logo,489.6,10900.24,https://www.youtube.com/watch?v=hdKrTQdAi6M
22500183,hdKrTQdAi6M,basket-logo,479.6,1651.47,https://www.youtube.com/watch?v=hdKrTQdAi6M
22500183,4GdjubnM4ig,side-court-led-logo,541.8,9246.55,https://www.youtube.com/watch?v=4GdjubnM4ig
22500183,4GdjubnM4ig,basket-logo,494.4,1615.92,https://www.youtube.com/watch?v=4GdjubnM4ig
22500183,4GdjubnM4ig,back-court-logo,502.0,10845.29,https://www.youtube.com/watch?v=4GdjubnM4ig
22500183,4GdjubnM4ig,mid-court-logo,395.4,14789.5,https://www.youtube.com/watch?v=4GdjubnM4ig
22500183,4GdjubnM4ig,side-court-logo,505.2,9277.75,https://www.youtube.com/watch?v=4GdjubnM4ig
22500183,RaomPK4MjT4,mid-court-logo,128.0,14812.87,https://www.youtube.com/watch?v=RaomPK4MjT4
22500183,RaomPK4MjT4,side-court-led-logo,404.8,17625.77,https://www.youtube.com/watch?v=RaomPK4MjT4
22500183,RaomPK4MjT4,basket-logo,348.4,2798.15,https://www.youtube.com/watch?v=RaomPK4MjT4
22500183,RaomPK4MjT4,back-court-logo,356.2,21840.59,https://www.youtube.com/watch?v=RaomPK4MjT4
22500183,RaomPK4MjT4,side-court-logo,370.6,14826.56,https://www.youtube.com/watch?v=RaomPK4MjT4
22500183,aYPmW5vlRgY,basket-logo,469.6,1585.33,https://www.youtube.com/watch?v=aYPmW5vlRgY
22500183,aYPmW5vlRgY,back-court-logo,462.4,10443.79,https://www.youtube.com/watch?v=aYPmW5vlRgY
22500183,aYPmW5vlRgY,side-court-led-logo,516.0,9224.31,https://www.youtube.com/watch?v=aYPmW5vlRgY
22500183,aYPmW5vlRgY,mid-court-logo,388.4,15417.38,https://www.youtube.com/watch?v=aYPmW5vlRgY
22500183,aYPmW5vlRgY,side-court-logo,470.8,8767.27,https://www.youtube.com/watch?v=aYPmW5vlRgY
22500173,mmQGWV2R-Ls,side-court-led-logo,528.8,8978.68,https://www.youtube.com/watch?v=mmQGWV2R-Ls
22500173,mmQGWV2R-Ls,back-court-logo,484.2,14503.91,https://www.youtube.com/watch?v=mmQGWV2R-Ls
22500173,mmQGWV2R-Ls,mid-court-logo,409.4,20098.66,https://www.youtube.com/watch?v=mmQGWV2R-Ls
22500173,mmQGWV2R-Ls,basket-logo,477.6,1849.52,https://www.youtube.com/watch?v=mmQGWV2R-Ls
22500173,mmQGWV2R-Ls,side-court-logo,1.0,2237.04,https://www.youtube.com/watch?v=mmQGWV2R-Ls
22500173,kZXu4jCJWwI,side-court-led-logo,554.0,8805.66,https://www.youtube.com/watch?v=kZXu4jCJWwI
22500173,kZXu4jCJWwI,mid-court-logo,432.6,19646.58,https://www.youtube.com/watch?v=kZXu4jCJWwI
22500173,kZXu4jCJWwI,back-court-logo,506.2,14563.6,https://www.youtube.com/watch?v=kZXu4jCJWwI
22500173,kZXu4jCJWwI,basket-logo,500.2,1912.09,https://www.youtube.com/watch?v=kZXu4jCJWwI
22500173,kZXu4jCJWwI,side-court-logo,1.8,3143.34,https://www.youtube.com/watch?v=kZXu4jCJWwI
22500173,LnuQU3HJ5tQ,basket-logo,499.8,1875.28,https://www.youtube.com/watch?v=LnuQU3HJ5tQ
22500173,LnuQU3HJ5tQ,side-court-led-logo,545.2,9654.86,https://www.youtube.com/watch?v=LnuQU3HJ5tQ
22500173,LnuQU3HJ5tQ,back-court-logo,501.0,14393.52,https://www.youtube.com/watch?v=LnuQU3HJ5tQ
22500173,LnuQU3HJ5tQ,mid-court-logo,418.6,19003.79,https://www.youtube.com/watch?v=LnuQU3HJ5tQ
22500173,LnuQU3HJ5tQ,side-court-logo,1.6,10120.84,https://www.youtube.com/watch?v=LnuQU3HJ5tQ
22500209,gT_kuv13FNw,back-court-logo,489.4,14206.66,https://www.youtube.com/watch?v=gT_kuv13FNw
22500209,gT_kuv13FNw,basket-logo,478.6,1774.82,https://www.youtube.com/watch?v=gT_kuv13FNw
22500209,gT_kuv13FNw,mid-court-logo,351.4,13971.76,https://www.youtube.com/watch?v=gT_kuv13FNw
22500209,gT_kuv13FNw,side-court-led-logo,357.8,15684.13,https://www.youtube.com/watch?v=gT_kuv13FNw
22500209,gT_kuv13FNw,side-court-logo,463.2,4002.75,https://www.youtube.com/watch?v=gT_kuv13FNw
22500209,3V6btVdCbKw,side-court-led-logo,394.6,16331.73,https://www.youtube.com/watch?v=3V6btVdCbKw
22500209,3V6btVdCbKw,mid-court-logo,384.6,13936.1,https://www.youtube.com/watch?v=3V6btVdCbKw
22500209,3V6btVdCbKw,back-court-logo,504.2,13228.29,https://www.youtube.com/watch?v=3V6btVdCbKw
22500209,3V6btVdCbKw,basket-logo,494.0,1641.65,https://www.youtube.com/watch?v=3V6btVdCbKw
22500209,3V6btVdCbKw,side-court-logo,485.6,3850.39,https://www.youtube.com/watch?v=3V6btVdCbKw
22500209,MH3Ku8X-yzY,back-court-logo,491.8,14096.09,https://www.youtube.com/watch?v=MH3Ku8X-yzY
22500209,MH3Ku8X-yzY,basket-logo,479.2,1759.77,https://www.youtube.com/watch?v=MH3Ku8X-yzY
22500209,MH3Ku8X-yzY,mid-court-logo,353.2,13986.0,https://www.youtube.com/watch?v=MH3Ku8X-yzY
22500209,MH3Ku8X-yzY,side-court-led-logo,357.0,15542.0,https://www.youtube.com/watch?v=MH3Ku8X-yzY
22500209,MH3Ku8X-yzY,side-court-logo,462.8,4015.26,https://www.youtube.com/watch?v=MH3Ku8X-yzY
22500209,FVcjbirXVFo,back-court-logo,498.2,13501.1,https://www.youtube.com/watch?v=FVcjbirXVFo
22500209,FVcjbirXVFo,basket-logo,489.0,1683.42,https://www.youtube.com/watch?v=FVcjbirXVFo
22500209,FVcjbirXVFo,mid-court-logo,371.2,13732.19,https://www.youtube.com/watch?v=FVcjbirXVFo
22500209,FVcjbirXVFo,side-court-led-logo,374.2,15861.32,https://www.youtube.com/watch?v=FVcjbirXVFo
22500209,FVcjbirXVFo,side-court-logo,483.6,3942.63,https://www.youtube.com/watch?v=FVcjbirXVFo
22500209,qQB6wt0Dkdk,side-court-logo,326.4,3528.05,https://www.youtube.com/watch?v=qQB6wt0Dkdk
22500209,qQB6wt0Dkdk,mid-court-logo,284.8,14299.4,https://www.youtube.com/watch?v=qQB6wt0Dkdk
22500209,qQB6wt0Dkdk,side-court-led-logo,295.6,21137.64,https://www.youtube.com/watch?v=qQB6wt0Dkdk
22500209,qQB6wt0Dkdk,back-court-logo,304.8,11276.92,https://www.youtube.com/watch?v=qQB6wt0Dkdk
22500209,qQB6wt0Dkdk,basket-logo,305.4,1428.32,https://www.youtube.com/watch?v=qQB6wt0Dkdk
22500209,xSOvBGbRmh4,side-court-led-logo,358.4,19849.69,https://www.youtube.com/watch?v=xSOvBGbRmh4
22500209,xSOvBGbRmh4,mid-court-logo,366.4,17901.42,https://www.youtube.com/watch?v=xSOvBGbRmh4
22500209,xSOvBGbRmh4,back-court-logo,407.6,14403.62,https://www.youtube.com/watch?v=xSOvBGbRmh4
22500209,xSOvBGbRmh4,side-court-logo,438.2,4147.43,https://www.youtube.com/watch?v=xSOvBGbRmh4
22500209,xSOvBGbRmh4,basket-logo,383.8,1704.66,https://www.youtube.com/watch?v=xSOvBGbRmh4
22500209,n4Gdd4IFyFI,back-court-logo,387.4,12547.42,https://www.youtube.com/watch?v=n4Gdd4IFyFI
22500209,n4Gdd4IFyFI,side-court-led-logo,359.2,17877.64,https://www.youtube.com/watch?v=n4Gdd4IFyFI
22500209,n4Gdd4IFyFI,mid-court-logo,373.0,16695.64,https://www.youtube.com/watch?v=n4Gdd4IFyFI
22500209,n4Gdd4IFyFI,side-court-logo,421.6,3763.44,https://www.youtube.com/watch?v=n4Gdd4IFyFI
22500209,n4Gdd4IFyFI,basket-logo,371.2,1582.93,https://www.youtube.com/watch?v=n4Gdd4IFyFI
22500209,Cl0pOhjsFws,basket-logo,295.0,1717.82,https://www.youtube.com/watch?v=Cl0pOhjsFws
22500209,Cl0pOhjsFws,back-court-logo,305.6,13225.83,https://www.youtube.com/watch?v=Cl0pOhjsFws
22500209,Cl0pOhjsFws,side-court-led-logo,258.2,18132.63,https://www.youtube.com/watch?v=Cl0pOhjsFws
22500209,Cl0pOhjsFws,mid-court-logo,255.8,15236.17,https://www.youtube.com/watch?v=Cl0pOhjsFws
22500209,Cl0pOhjsFws,side-court-logo,330.2,4194.41,https://www.youtube.com/watch?v=Cl0pOhjsFws
22500209,wTGgb-iYIAQ,back-court-logo,347.6,13631.23,https://www.youtube.com/watch?v=wTGgb-iYIAQ
22500209,wTGgb-iYIAQ,basket-logo,331.4,1623.25,https://www.youtube.com/watch?v=wTGgb-iYIAQ
22500209,wTGgb-iYIAQ,side-court-logo,377.2,3860.59,https://www.youtube.com/watch?v=wTGgb-iYIAQ
22500209,wTGgb-iYIAQ,mid-court-logo,303.2,14692.31,https://www.youtube.com/watch?v=wTGgb-iYIAQ
22500209,wTGgb-iYIAQ,side-court-led-logo,307.0,23978.11,https://www.youtube.com/watch?v=wTGgb-iYIAQ
22500174,0YdimZZ8q7E,side-court-led-logo,508.8,7828.48,https://www.youtube.com/watch?v=0YdimZZ8q7E
22500174,0YdimZZ8q7E,mid-court-logo,455.4,8842.66,https://www.youtube.com/watch?v=0YdimZZ8q7E
22500174,0YdimZZ8q7E,side-court-logo,494.0,8320.98,https://www.youtube.com/watch?v=0YdimZZ8q7E
22500174,0YdimZZ8q7E,back-court-logo,453.6,13374.97,https://www.youtube.com/watch?v=0YdimZZ8q7E
22500174,0YdimZZ8q7E,basket-logo,460.0,2234.2,https://www.youtube.com/watch?v=0YdimZZ8q7E
22500174,7ZHdgoJ-f9w,side-court-led-logo,526.8,8102.22,https://www.youtube.com/watch?v=7ZHdgoJ-f9w
22500174,7ZHdgoJ-f9w,mid-court-logo,461.2,8937.3,https://www.youtube.com/watch?v=7ZHdgoJ-f9w
22500174,7ZHdgoJ-f9w,side-court-logo,506.4,8850.78,https://www.youtube.com/watch?v=7ZHdgoJ-f9w
22500174,7ZHdgoJ-f9w,basket-logo,496.0,2318.83,https://www.youtube.com/watch?v=7ZHdgoJ-f9w
22500174,7ZHdgoJ-f9w,back-court-logo,487.6,14109.22,https://www.youtube.com/watch?v=7ZHdgoJ-f9w
22500174,qSt2gjq_mFY,back-court-logo,489.0,13828.89,https://www.youtube.com/watch?v=qSt2gjq_mFY
22500174,qSt2gjq_mFY,side-court-led-logo,527.4,8243.13,https://www.youtube.com/watch?v=qSt2gjq_mFY
22500174,qSt2gjq_mFY,basket-logo,494.2,2318.26,https://www.youtube.com/watch?v=qSt2gjq_mFY
22500174,qSt2gjq_mFY,mid-court-logo,464.4,8906.18,https://www.youtube.com/watch?v=qSt2gjq_mFY
22500174,qSt2gjq_mFY,side-court-logo,511.4,8889.71,https://www.youtube.com/watch?v=qSt2gjq_mFY
22500174,LaImmrIjXQY,mid-court-logo,140.8,13876.85,https://www.youtube.com/watch?v=LaImmrIjXQY
22500174,LaImmrIjXQY,side-court-logo,384.2,14000.15,https://www.youtube.com/watch?v=LaImmrIjXQY
22500174,LaImmrIjXQY,side-court-led-logo,463.2,18307.71,https://www.youtube.com/watch?v=LaImmrIjXQY
22500174,LaImmrIjXQY,back-court-logo,457.2,33818.67,https://www.youtube.com/watch?v=LaImmrIjXQY
22500174,LaImmrIjXQY,basket-logo,468.4,4198.98,https://www.youtube.com/watch?v=LaImmrIjXQY
22500178,wf9fi3gR3bo,basket-logo,458.6,1903.13,https://www.youtube.com/watch?v=wf9fi3gR3bo
22500178,wf9fi3gR3bo,back-court-logo,473.4,20629.15,https://www.youtube.com/watch?v=wf9fi3gR3bo
22500178,wf9fi3gR3bo,side-court-led-logo,498.4,9004.25,https://www.youtube.com/watch?v=wf9fi3gR3bo
22500178,wf9fi3gR3bo,mid-court-logo,449.0,9905.6,https://www.youtube.com/watch?v=wf9fi3gR3bo
22500178,wf9fi3gR3bo,side-court-logo,483.0,9552.06,https://www.youtube.com/watch?v=wf9fi3gR3bo
22500178,k8ui3wFOAKE,basket-logo,473.4,1913.24,https://www.youtube.com/watch?v=k8ui3wFOAKE
22500178,k8ui3wFOAKE,back-court-logo,488.6,21223.04,https://www.youtube.com/watch?v=k8ui3wFOAKE
22500178,k8ui3wFOAKE,side-court-led-logo,535.6,9562.13,https://www.youtube.com/watch?v=k8ui3wFOAKE
22500178,k8ui3wFOAKE,mid-court-logo,481.4,9478.24,https://www.youtube.com/watch?v=k8ui3wFOAKE
22500178,k8ui3wFOAKE,side-court-logo,514.6,9444.06,https://www.youtube.com/watch?v=k8ui3wFOAKE
22500178,I6rn87deXf4,side-court-led-logo,516.0,9645.79,https://www.youtube.com/watch?v=I6rn87deXf4
22500178,I6rn87deXf4,mid-court-logo,474.4,9753.76,https://www.youtube.com/watch?v=I6rn87deXf4
22500178,I6rn87deXf4,side-court-logo,501.2,9336.18,https://www.youtube.com/watch?v=I6rn87deXf4
22500178,I6rn87deXf4,back-court-logo,474.6,20977.2,https://www.youtube.com/watch?v=I6rn87deXf4
22500178,I6rn87deXf4,basket-logo,468.4,1946.65,https://www.youtube.com/watch?v=I6rn87deXf4
22500030,PQ3Bj7qZxgI,back-court-logo,417.6,10357.43,https://www.youtube.com/watch?v=PQ3Bj7qZxgI
22500030,PQ3Bj7qZxgI,basket-logo,419.2,1886.34,https://www.youtube.com/watch?v=PQ3Bj7qZxgI
22500030,PQ3Bj7qZxgI,side-court-led-logo,476.2,10592.58,https://www.youtube.com/watch?v=PQ3Bj7qZxgI
22500030,PQ3Bj7qZxgI,mid-court-logo,378.0,11007.89,https://www.youtube.com/watch?v=PQ3Bj7qZxgI
22500030,PQ3Bj7qZxgI,side-court-logo,210.2,8903.63,https://www.youtube.com/watch?v=PQ3Bj7qZxgI
22500030,0JmxBBzm3cc,mid-court-logo,497.2,10394.52,https://www.youtube.com/watch?v=0JmxBBzm3cc
22500030,0JmxBBzm3cc,side-court-led-logo,538.0,8278.6,https://www.youtube.com/watch?v=0JmxBBzm3cc
22500030,0JmxBBzm3cc,side-court-logo,229.0,8598.93,https://www.youtube.com/watch?v=0JmxBBzm3cc
22500030,0JmxBBzm3cc,back-court-logo,482.0,10134.24,https://www.youtube.com/watch?v=0JmxBBzm3cc
22500030,0JmxBBzm3cc,basket-logo,478.2,1789.98,https://www.youtube.com/watch?v=0JmxBBzm3cc
22500030,D1jRvWGqTas,side-court-led-logo,477.4,8998.7,https://www.youtube.com/watch?v=D1jRvWGqTas
22500030,D1jRvWGqTas,mid-court-logo,433.4,11638.24,https://www.youtube.com/watch?v=D1jRvWGqTas
22500030,D1jRvWGqTas,side-court-logo,222.2,8983.11,https://www.youtube.com/watch?v=D1jRvWGqTas
22500030,D1jRvWGqTas,back-court-logo,416.6,10145.04,https://www.youtube.com/watch?v=D1jRvWGqTas
22500030,D1jRvWGqTas,basket-logo,417.2,1805.12,https://www.youtube.com/watch?v=D1jRvWGqTas
22500030,Gw5zb2TYMxE,basket-logo,437.8,1855.02,https://www.youtube.com/watch?v=Gw5zb2TYMxE
22500030,Gw5zb2TYMxE,side-court-led-logo,500.6,10465.13,https://www.youtube.com/watch?v=Gw5zb2TYMxE
22500030,Gw5zb2TYMxE,back-court-logo,441.4,10192.15,https://www.youtube.com/watch?v=Gw5zb2TYMxE
22500030,Gw5zb2TYMxE,mid-court-logo,401.8,10743.31,https://www.youtube.com/watch?v=Gw5zb2TYMxE
22500030,Gw5zb2TYMxE,side-court-logo,231.2,8789.02,https://www.youtube.com/watch?v=Gw5zb2TYMxE
22500030,DNSZ69iQ6JM,side-court-led-logo,513.4,11103.14,https://www.youtube.com/watch?v=DNSZ69iQ6JM
22500030,DNSZ69iQ6JM,mid-court-logo,425.6,11059.07,https://www.youtube.com/watch?v=DNSZ69iQ6JM
22500030,DNSZ69iQ6JM,side-court-logo,239.4,8795.84,https://www.youtube.com/watch?v=DNSZ69iQ6JM
22500030,DNSZ69iQ6JM,back-court-logo,437.2,10010.44,https://www.youtube.com/watch?v=DNSZ69iQ6JM
22500030,DNSZ69iQ6JM,basket-logo,443.2,1825.95,https://www.youtube.com/watch?v=DNSZ69iQ6JM
22500030,eRwLWMZw3tY,side-court-led-logo,149.2,8798.42,https://www.youtube.com/watch?v=eRwLWMZw3tY
22500030,eRwLWMZw3tY,mid-court-logo,137.8,13131.89,https://www.youtube.com/watch?v=eRwLWMZw3tY
22500030,eRwLWMZw3tY,side-court-logo,89.2,8835.25,https://www.youtube.com/watch?v=eRwLWMZw3tY
22500030,eRwLWMZw3tY,back-court-logo,133.4,10330.4,https://www.youtube.com/watch?v=eRwLWMZw3tY
22500030,eRwLWMZw3tY,basket-logo,128.0,1767.59,https://www.youtube.com/watch?v=eRwLWMZw3tY
22500035,1IvPfP4ZKEo,side-court-led-logo,419.6,8565.72,https://www.youtube.com/watch?v=1IvPfP4ZKEo
22500035,1IvPfP4ZKEo,basket-logo,426.4,1954.71,https://www.youtube.com/watch?v=1IvPfP4ZKEo
22500035,1IvPfP4ZKEo,back-court-logo,429.8,9214.14,https://www.youtube.com/watch?v=1IvPfP4ZKEo
22500035,1IvPfP4ZKEo,side-court-logo,377.4,6897.41,https://www.youtube.com/watch?v=1IvPfP4ZKEo
22500035,1IvPfP4ZKEo,mid-court-logo,101.6,12255.83,https://www.youtube.com/watch?v=1IvPfP4ZKEo
22500035,5qbjLrqCggw,basket-logo,449.4,1910.32,https://www.youtube.com/watch?v=5qbjLrqCggw
22500035,5qbjLrqCggw,side-court-led-logo,466.2,8920.01,https://www.youtube.com/watch?v=5qbjLrqCggw
22500035,5qbjLrqCggw,mid-court-logo,89.0,12969.06,https://www.youtube.com/watch?v=5qbjLrqCggw
22500035,5qbjLrqCggw,back-court-logo,458.2,8872.35,https://www.youtube.com/watch?v=5qbjLrqCggw
22500035,5qbjLrqCggw,side-court-logo,400.2,6849.0,https://www.youtube.com/watch?v=5qbjLrqCggw
22500035,zjFSFNscWvw,side-court-led-logo,442.0,9971.72,https://www.youtube.com/watch?v=zjFSFNscWvw
22500035,zjFSFNscWvw,side-court-logo,386.2,7074.42,https://www.youtube.com/watch?v=zjFSFNscWvw
22500035,zjFSFNscWvw,back-court-logo,438.8,9181.08,https://www.youtube.com/watch?v=zjFSFNscWvw
22500035,zjFSFNscWvw,basket-logo,432.8,1914.32,https://www.youtube.com/watch?v=zjFSFNscWvw
22500035,zjFSFNscWvw,mid-court-logo,92.4,12761.58,https://www.youtube.com/watch?v=zjFSFNscWvw
22500035,kbHvvg-qABY,side-court-led-logo,456.8,9778.99,https://www.youtube.com/watch?v=kbHvvg-qABY
22500035,kbHvvg-qABY,basket-logo,457.6,1879.61,https://www.youtube.com/watch?v=kbHvvg-qABY
22500035,kbHvvg-qABY,back-court-logo,460.2,9277.11,https://www.youtube.com/watch?v=kbHvvg-qABY
22500035,kbHvvg-qABY,side-court-logo,397.4,7167.4,https://www.youtube.com/watch?v=kbHvvg-qABY
22500035,kbHvvg-qABY,mid-court-logo,83.2,12584.95,https://www.youtube.com/watch?v=kbHvvg-qABY
22500035,s-7Mrz1dVT4,side-court-led-logo,87.4,9526.11,https://www.youtube.com/watch?v=s-7Mrz1dVT4
22500035,s-7Mrz1dVT4,back-court-logo,86.6,8657.51,https://www.youtube.com/watch?v=s-7Mrz1dVT4
22500035,s-7Mrz1dVT4,side-court-logo,74.6,6708.91,https://www.youtube.com/watch?v=s-7Mrz1dVT4
22500035,s-7Mrz1dVT4,mid-court-logo,14.2,12843.79,https://www.youtube.com/watch?v=s-7Mrz1dVT4
22500035,s-7Mrz1dVT4,basket-logo,82.2,1829.44,https://www.youtube.com/watch?v=s-7Mrz1dVT4
22500168,qq_Q3y1qrFw,mid-court-logo,483.2,16461.39,https://www.youtube.com/watch?v=qq_Q3y1qrFw
22500168,qq_Q3y1qrFw,side-court-logo,477.4,9009.05,https://www.youtube.com/watch?v=qq_Q3y1qrFw
22500168,qq_Q3y1qrFw,side-court-led-logo,459.6,15336.65,https://www.youtube.com/watch?v=qq_Q3y1qrFw
22500168,qq_Q3y1qrFw,basket-logo,447.0,1152.81,https://www.youtube.com/watch?v=qq_Q3y1qrFw
22500168,qq_Q3y1qrFw,back-court-logo,3.4,14698.25,https://www.youtube.com/watch?v=qq_Q3y1qrFw
22500168,ax-RP6t2H-Q,mid-court-logo,471.4,17186.81,https://www.youtube.com/watch?v=ax-RP6t2H-Q
22500168,ax-RP6t2H-Q,side-court-logo,459.0,8798.55,https://www.youtube.com/watch?v=ax-RP6t2H-Q
22500168,ax-RP6t2H-Q,side-court-led-logo,450.4,14942.6,https://www.youtube.com/watch?v=ax-RP6t2H-Q
22500168,ax-RP6t2H-Q,basket-logo,446.2,1152.74,https://www.youtube.com/watch?v=ax-RP6t2H-Q
22500168,ax-RP6t2H-Q,back-court-logo,2.8,8695.21,https://www.youtube.com/watch?v=ax-RP6t2H-Q
22500168,MBUzk9wz4xU,basket-logo,498.0,1174.2,https://www.youtube.com/watch?v=MBUzk9wz4xU
22500168,MBUzk9wz4xU,mid-court-logo,499.6,16571.55,https://www.youtube.com/watch?v=MBUzk9wz4xU
22500168,MBUzk9wz4xU,side-court-logo,488.2,9115.05,https://www.youtube.com/watch?v=MBUzk9wz4xU
22500168,MBUzk9wz4xU,side-court-led-logo,477.6,12696.1,https://www.youtube.com/watch?v=MBUzk9wz4xU
22500168,MBUzk9wz4xU,back-court-logo,5.2,11129.34,https://www.youtube.com/watch?v=MBUzk9wz4xU
22500177,tpHCJxWMS_I,side-court-led-logo,430.0,19975.44,https://www.youtube.com/watch?v=tpHCJxWMS_I
22500177,tpHCJxWMS_I,basket-logo,436.4,1852.68,https://www.youtube.com/watch?v=tpHCJxWMS_I
22500177,tpHCJxWMS_I,back-court-logo,437.6,8983.79,https://www.youtube.com/watch?v=tpHCJxWMS_I
22500177,tpHCJxWMS_I,side-court-logo,430.6,4338.85,https://www.youtube.com/watch?v=tpHCJxWMS_I
22500177,tpHCJxWMS_I,mid-court-logo,223.8,12860.1,https://www.youtube.com/watch?v=tpHCJxWMS_I
22500177,vKHiMX9PL64,mid-court-logo,212.4,12419.65,https://www.youtube.com/watch?v=vKHiMX9PL64
22500177,vKHiMX9PL64,side-court-logo,410.2,4439.87,https://www.youtube.com/watch?v=vKHiMX9PL64
22500177,vKHiMX9PL64,side-court-led-logo,428.8,21271.13,https://www.youtube.com/watch?v=vKHiMX9PL64
22500177,vKHiMX9PL64,back-court-logo,432.6,8874.4,https://www.youtube.com/watch?v=vKHiMX9PL64
22500177,vKHiMX9PL64,basket-logo,442.4,2017.24,https://www.youtube.com/watch?v=vKHiMX9PL64
22500177,411FG_9AaDA,basket-logo,448.6,2023.42,https://www.youtube.com/watch?v=411FG_9AaDA
22500177,411FG_9AaDA,back-court-logo,433.2,8749.84,https://www.youtube.com/watch?v=411FG_9AaDA
22500177,411FG_9AaDA,side-court-led-logo,410.8,18633.71,https://www.youtube.com/watch?v=411FG_9AaDA
22500177,411FG_9AaDA,mid-court-logo,186.8,13617.73,https://www.youtube.com/watch?v=411FG_9AaDA
22500177,411FG_9AaDA,side-court-logo,410.0,4372.71,https://www.youtube.com/watch?v=411FG_9AaDA
22500170,N7OSycgh0Hk,basket-logo,464.6,1566.25,https://www.youtube.com/watch?v=N7OSycgh0Hk
22500170,N7OSycgh0Hk,back-court-logo,469.6,11321.9,https://www.youtube.com/watch?v=N7OSycgh0Hk
22500170,N7OSycgh0Hk,side-court-logo,480.2,2887.74,https://www.youtube.com/watch?v=N7OSycgh0Hk
22500170,N7OSycgh0Hk,mid-court-logo,440.6,17370.37,https://www.youtube.com/watch?v=N7OSycgh0Hk
22500170,N7OSycgh0Hk,side-court-led-logo,252.8,11371.62,https://www.youtube.com/watch?v=N7OSycgh0Hk
22500170,yiarKi3A5_0,side-court-led-logo,291.0,10207.05,https://www.youtube.com/watch?v=yiarKi3A5_0
22500170,yiarKi3A5_0,mid-court-logo,451.8,16708.32,https://www.youtube.com/watch?v=yiarKi3A5_0
22500170,yiarKi3A5_0,side-court-logo,488.0,2986.66,https://www.youtube.com/watch?v=yiarKi3A5_0
22500170,yiarKi3A5_0,back-court-logo,483.8,10649.18,https://www.youtube.com/watch?v=yiarKi3A5_0
22500170,yiarKi3A5_0,basket-logo,482.8,1512.68,https://www.youtube.com/watch?v=yiarKi3A5_0
22500170,I8xTPtUgC40,side-court-led-logo,269.2,9456.35,https://www.youtube.com/watch?v=I8xTPtUgC40
22500170,I8xTPtUgC40,basket-logo,488.8,1549.06,https://www.youtube.com/watch?v=I8xTPtUgC40
22500170,I8xTPtUgC40,mid-court-logo,450.4,16864.37,https://www.youtube.com/watch?v=I8xTPtUgC40
22500170,I8xTPtUgC40,side-court-logo,484.4,3035.36,https://www.youtube.com/watch?v=I8xTPtUgC40
22500170,I8xTPtUgC40,back-court-logo,485.8,10831.94,https://www.youtube.com/watch?v=I8xTPtUgC40
22500162,WewqMd8SGdA,side-court-led-logo,461.0,10362.87,https://www.youtube.com/watch?v=WewqMd8SGdA
22500162,WewqMd8SGdA,basket-logo,421.0,1850.02,https://www.youtube.com/watch?v=WewqMd8SGdA
22500162,WewqMd8SGdA,mid-court-logo,417.6,9568.21,https://www.youtube.com/watch?v=WewqMd8SGdA
22500162,WewqMd8SGdA,back-court-logo,425.4,20478.07,https://www.youtube.com/watch?v=WewqMd8SGdA
22500162,WewqMd8SGdA,side-court-logo,439.2,9181.29,https://www.youtube.com/watch?v=WewqMd8SGdA
22500162,uRHFLl50vs0,basket-logo,446.0,1836.58,https://www.youtube.com/watch?v=uRHFLl50vs0
22500162,uRHFLl50vs0,side-court-led-logo,480.8,9511.62,https://www.youtube.com/watch?v=uRHFLl50vs0
22500162,uRHFLl50vs0,back-court-logo,453.0,20005.09,https://www.youtube.com/watch?v=uRHFLl50vs0
22500162,uRHFLl50vs0,mid-court-logo,438.8,10085.52,https://www.youtube.com/watch?v=uRHFLl50vs0
22500162,uRHFLl50vs0,side-court-logo,465.2,9050.08,https://www.youtube.com/watch?v=uRHFLl50vs0
22500162,8GvR-7U73qk,back-court-logo,466.0,20112.89,https://www.youtube.com/watch?v=8GvR-7U73qk
22500162,8GvR-7U73qk,basket-logo,465.0,1852.2,https://www.youtube.com/watch?v=8GvR-7U73qk
22500162,8GvR-7U73qk,side-court-led-logo,488.0,9536.79,https://www.youtube.com/watch?v=8GvR-7U73qk
22500162,8GvR-7U73qk,mid-court-logo,432.6,9146.12,https://www.youtube.com/watch?v=8GvR-7U73qk
22500162,8GvR-7U73qk,side-court-logo,468.4,9105.54,https://www.youtube.com/watch?v=8GvR-7U73qk
22500166,nPtGKV__uio,side-court-led-logo,504.8,11659.92,https://www.youtube.com/watch?v=nPtGKV__uio
22500166,nPtGKV__uio,side-court-logo,259.0,3541.2,https://www.youtube.com/watch?v=nPtGKV__uio
22500166,nPtGKV__uio,mid-court-logo,430.2,10984.08,https://www.youtube.com/watch?v=nPtGKV__uio
22500166,nPtGKV__uio,back-court-logo,458.6,10578.36,https://www.youtube.com/watch?v=nPtGKV__uio
22500166,nPtGKV__uio,basket-logo,443.0,1613.1,https://www.youtube.com/watch?v=nPtGKV__uio
22500166,RSsIsq_6Nrs,side-court-led-logo,527.2,10244.26,https://www.youtube.com/watch?v=RSsIsq_6Nrs
22500166,RSsIsq_6Nrs,mid-court-logo,458.2,11044.55,https://www.youtube.com/watch?v=RSsIsq_6Nrs
22500166,RSsIsq_6Nrs,side-court-logo,267.8,3607.33,https://www.youtube.com/watch?v=RSsIsq_6Nrs
22500166,RSsIsq_6Nrs,back-court-logo,477.0,10171.35,https://www.youtube.com/watch?v=RSsIsq_6Nrs
22500166,RSsIsq_6Nrs,basket-logo,458.8,1613.4,https://www.youtube.com/watch?v=RSsIsq_6Nrs
22500166,Mqykz9kEdcg,basket-logo,455.4,1631.55,https://www.youtube.com/watch?v=Mqykz9kEdcg
22500166,Mqykz9kEdcg,back-court-logo,470.0,10472.65,https://www.youtube.com/watch?v=Mqykz9kEdcg
22500166,Mqykz9kEdcg,side-court-led-logo,509.8,10602.29,https://www.youtube.com/watch?v=Mqykz9kEdcg
22500166,Mqykz9kEdcg,mid-court-logo,431.6,10794.1,https://www.youtube.com/watch?v=Mqykz9kEdcg
22500166,Mqykz9kEdcg,side-court-logo,258.6,3668.7,https://www.youtube.com/watch?v=Mqykz9kEdcg
22500175,6WcOztOSK0k,side-court-led-logo,235.6,8251.91,https://www.youtube.com/watch?v=6WcOztOSK0k
22500175,6WcOztOSK0k,mid-court-logo,531.8,18518.34,https://www.youtube.com/watch?v=6WcOztOSK0k
22500175,6WcOztOSK0k,side-court-logo,465.6,2843.86,https://www.youtube.com/watch?v=6WcOztOSK0k
22500175,6WcOztOSK0k,basket-logo,490.6,1452.84,https://www.youtube.com/watch?v=6WcOztOSK0k
22500175,6WcOztOSK0k,back-court-logo,504.4,8666.97,https://www.youtube.com/watch?v=6WcOztOSK0k
22500175,-Hz12VZN1Zc,side-court-led-logo,226.0,7182.51,https://www.youtube.com/watch?v=-Hz12VZN1Zc
22500175,-Hz12VZN1Zc,mid-court-logo,552.8,17632.05,https://www.youtube.com/watch?v=-Hz12VZN1Zc
22500175,-Hz12VZN1Zc,basket-logo,545.0,1487.77,https://www.youtube.com/watch?v=-Hz12VZN1Zc
22500175,-Hz12VZN1Zc,back-court-logo,556.0,8803.38,https://www.youtube.com/watch?v=-Hz12VZN1Zc
22500175,-Hz12VZN1Zc,side-court-logo,495.4,2934.41,https://www.youtube.com/watch?v=-Hz12VZN1Zc
22500175,-X0bjJ9wuwA,side-court-logo,479.0,2909.21,https://www.youtube.com/watch?v=-X0bjJ9wuwA
22500175,-X0bjJ9wuwA,mid-court-logo,537.2,17951.11,https://www.youtube.com/watch?v=-X0bjJ9wuwA
22500175,-X0bjJ9wuwA,side-court-led-logo,221.4,9557.84,https://www.youtube.com/watch?v=-X0bjJ9wuwA
22500175,-X0bjJ9wuwA,back-court-logo,504.2,8691.49,https://www.youtube.com/watch?v=-X0bjJ9wuwA
22500175,-X0bjJ9wuwA,basket-logo,493.8,1477.63,https://www.youtube.com/watch?v=-X0bjJ9wuwA
22500175,aEgBh6eGeOA,basket-logo,534.6,1488.84,https://www.youtube.com/watch?v=aEgBh6eGeOA
22500175,aEgBh6eGeOA,back-court-logo,544.2,8773.33,https://www.youtube.com/watch?v=aEgBh6eGeOA
22500175,aEgBh6eGeOA,mid-court-logo,543.2,17822.97,https://www.youtube.com/watch?v=aEgBh6eGeOA
22500175,aEgBh6eGeOA,side-court-logo,496.8,2919.7,https://www.youtube.com/watch?v=aEgBh6eGeOA
22500175,aEgBh6eGeOA,side-court-led-logo,223.4,7067.8,https://www.youtube.com/watch?v=aEgBh6eGeOA
22500179,K8EXW5h-g-A,side-court-led-logo,364.0,11649.49,https://www.youtube.com/watch?v=K8EXW5h-g-A
22500179,K8EXW5h-g-A,mid-court-logo,511.2,13382.36,https://www.youtube.com/watch?v=K8EXW5h-g-A
22500179,K8EXW5h-g-A,side-court-logo,509.0,4643.41,https://www.youtube.com/watch?v=K8EXW5h-g-A
22500179,K8EXW5h-g-A,basket-logo,495.6,1536.79,https://www.youtube.com/watch?v=K8EXW5h-g-A
22500179,K8EXW5h-g-A,back-court-logo,497.2,13229.19,https://www.youtube.com/watch?v=K8EXW5h-g-A
22500179,How51vlzEjI,mid-court-logo,497.6,12637.87,https://www.youtube.com/watch?v=How51vlzEjI
22500179,How51vlzEjI,back-court-logo,494.8,13350.63,https://www.youtube.com/watch?v=How51vlzEjI
22500179,How51vlzEjI,side-court-led-logo,344.0,10999.94,https://www.youtube.com/watch?v=How51vlzEjI
22500179,How51vlzEjI,side-court-logo,511.0,4612.93,https://www.youtube.com/watch?v=How51vlzEjI
22500179,How51vlzEjI,basket-logo,495.4,1520.44,https://www.youtube.com/watch?v=How51vlzEjI
22500179,VIIKcMhutZc,basket-logo,567.6,1534.31,https://www.youtube.com/watch?v=VIIKcMhutZc
22500179,VIIKcMhutZc,mid-court-logo,547.6,12737.1,https://www.youtube.com/watch?v=VIIKcMhutZc
22500179,VIIKcMhutZc,side-court-led-logo,379.0,9292.71,https://www.youtube.com/watch?v=VIIKcMhutZc
22500179,VIIKcMhutZc,back-court-logo,560.2,13546.04,https://www.youtube.com/watch?v=VIIKcMhutZc
22500179,VIIKcMhutZc,side-court-logo,553.4,4790.37,https://www.youtube.com/watch?v=VIIKcMhutZc
22500179,Fd3qgZgSW8g,basket-logo,402.6,1350.09,https://www.youtube.com/watch?v=Fd3qgZgSW8g
22500179,Fd3qgZgSW8g,back-court-logo,404.0,10991.81,https://www.youtube.com/watch?v=Fd3qgZgSW8g
22500179,Fd3qgZgSW8g,side-court-led-logo,382.6,9405.39,https://www.youtube.com/watch?v=Fd3qgZgSW8g
22500179,Fd3qgZgSW8g,mid-court-logo,421.2,14202.66,https://www.youtube.com/watch?v=Fd3qgZgSW8g
22500179,Fd3qgZgSW8g,side-court-logo,395.6,4070.15,https://www.youtube.com/watch?v=Fd3qgZgSW8g
22500179,LhfA6R_uZWM,side-court-led-logo,405.6,8468.75,https://www.youtube.com/watch?v=LhfA6R_uZWM
22500179,LhfA6R_uZWM,basket-logo,467.4,1405.57,https://www.youtube.com/watch?v=LhfA6R_uZWM
22500179,LhfA6R_uZWM,mid-court-logo,474.0,14700.45,https://www.youtube.com/watch?v=LhfA6R_uZWM
22500179,LhfA6R_uZWM,back-court-logo,449.8,10987.1,https://www.youtube.com/watch?v=LhfA6R_uZWM
22500179,LhfA6R_uZWM,side-court-logo,446.8,4110.68,https://www.youtube.com/watch?v=LhfA6R_uZWM
22500182,TdWXcCRJOHI,basket-logo,458.2,1943.01,https://www.youtube.com/watch?v=TdWXcCRJOHI
22500182,TdWXcCRJOHI,back-court-logo,467.6,14444.83,https://www.youtube.com/watch?v=TdWXcCRJOHI
22500182,TdWXcCRJOHI,mid-court-logo,453.6,20161.64,https://www.youtube.com/watch?v=TdWXcCRJOHI
22500182,TdWXcCRJOHI,side-court-led-logo,184.0,8738.76,https://www.youtube.com/watch?v=TdWXcCRJOHI
22500182,TdWXcCRJOHI,side-court-logo,0.6,1037.08,https://www.youtube.com/watch?v=TdWXcCRJOHI
22500182,yeElfHaPoyE,basket-logo,475.6,1994.1,https://www.youtube.com/watch?v=yeElfHaPoyE
22500182,yeElfHaPoyE,back-court-logo,480.6,13785.59,https://www.youtube.com/watch?v=yeElfHaPoyE
22500182,yeElfHaPoyE,mid-court-logo,487.0,21306.44,https://www.youtube.com/watch?v=yeElfHaPoyE
22500182,yeElfHaPoyE,side-court-led-logo,251.2,9311.4,https://www.youtube.com/watch?v=yeElfHaPoyE
22500182,yeElfHaPoyE,side-court-logo,1.4,1010.83,https://www.youtube.com/watch?v=yeElfHaPoyE
22500182,XocS2VOxzFU,mid-court-logo,483.0,21167.47,https://www.youtube.com/watch?v=XocS2VOxzFU
22500182,XocS2VOxzFU,side-court-led-logo,222.2,7896.28,https://www.youtube.com/watch?v=XocS2VOxzFU
22500182,XocS2VOxzFU,back-court-logo,493.2,14481.12,https://www.youtube.com/watch?v=XocS2VOxzFU
22500182,XocS2VOxzFU,basket-logo,486.8,1949.51,https://www.youtube.com/watch?v=XocS2VOxzFU
22500182,XocS2VOxzFU,side-court-logo,1.8,1529.51,https://www.youtube.com/watch?v=XocS2VOxzFU
22500182,XfcL4dly9aw,back-court-logo,499.8,14587.93,https://www.youtube.com/watch?v=XfcL4dly9aw
22500182,XfcL4dly9aw,basket-logo,491.2,1935.48,https://www.youtube.com/watch?v=XfcL4dly9aw
22500182,XfcL4dly9aw,mid-court-logo,481.8,20659.2,https://www.youtube.com/watch?v=XfcL4dly9aw
22500182,XfcL4dly9aw,side-court-led-logo,227.2,7550.67,https://www.youtube.com/watch?v=XfcL4dly9aw
22500182,XfcL4dly9aw,side-court-logo,0.4,5181.94,https://www.youtube.com/watch?v=XfcL4dly9aw
22500182,ooAkmvoy2As,back-court-logo,585.0,31357.42,https://www.youtube.com/watch?v=ooAkmvoy2As
22500182,ooAkmvoy2As,basket-logo,581.6,3228.78,https://www.youtube.com/watch?v=ooAkmvoy2As
22500182,ooAkmvoy2As,mid-court-logo,177.0,19575.03,https://www.youtube.com/watch?v=ooAkmvoy2As
22500182,ooAkmvoy2As,side-court-led-logo,59.4,37576.01,https://www.youtube.com/watch?v=ooAkmvoy2As
22500182,ooAkmvoy2As,side-court-logo,3.8,7204.78,https://www.youtube.com/watch?v=ooAkmvoy2As
22500032,bsSC1CZDTqo,basket-logo,461.2,1680.61,https://www.youtube.com/watch?v=bsSC1CZDTqo
22500032,bsSC1CZDTqo,side-court-led-logo,446.0,24750.08,https://www.youtube.com/watch?v=bsSC1CZDTqo
22500032,bsSC1CZDTqo,back-court-logo,403.4,11231.91,https://www.youtube.com/watch?v=bsSC1CZDTqo
22500032,bsSC1CZDTqo,mid-court-logo,332.8,18558.43,https://www.youtube.com/watch?v=bsSC1CZDTqo
22500032,bsSC1CZDTqo,side-court-logo,79.8,3509.1,https://www.youtube.com/watch?v=bsSC1CZDTqo
22500032,HWOQqXdRSPc,basket-logo,530.4,1628.31,https://www.youtube.com/watch?v=HWOQqXdRSPc
22500032,HWOQqXdRSPc,back-court-logo,466.6,11547.94,https://www.youtube.com/watch?v=HWOQqXdRSPc
22500032,HWOQqXdRSPc,mid-court-logo,340.4,18892.82,https://www.youtube.com/watch?v=HWOQqXdRSPc
22500032,HWOQqXdRSPc,side-court-led-logo,496.8,23561.06,https://www.youtube.com/watch?v=HWOQqXdRSPc
22500032,HWOQqXdRSPc,side-court-logo,88.0,2814.29,https://www.youtube.com/watch?v=HWOQqXdRSPc
22500032,NbKC5qn5AHg,basket-logo,491.2,1700.29,https://www.youtube.com/watch?v=NbKC5qn5AHg
22500032,NbKC5qn5AHg,back-court-logo,444.4,11638.0,https://www.youtube.com/watch?v=NbKC5qn5AHg
22500032,NbKC5qn5AHg,side-court-led-logo,474.4,26723.83,https://www.youtube.com/watch?v=NbKC5qn5AHg
22500032,NbKC5qn5AHg,mid-court-logo,321.8,19427.53,https://www.youtube.com/watch?v=NbKC5qn5AHg
22500032,NbKC5qn5AHg,side-court-logo,103.4,2942.66,https://www.youtube.com/watch?v=NbKC5qn5AHg
22500032,151Adw2GSzE,side-court-led-logo,467.0,25332.94,https://www.youtube.com/watch?v=151Adw2GSzE
22500032,151Adw2GSzE,back-court-logo,450.6,10935.52,https://www.youtube.com/watch?v=151Adw2GSzE
22500032,151Adw2GSzE,mid-court-logo,355.2,17907.57,https://www.youtube.com/watch?v=151Adw2GSzE
22500032,151Adw2GSzE,basket-logo,498.2,1604.06,https://www.youtube.com/watch?v=151Adw2GSzE
22500032,151Adw2GSzE,side-court-logo,91.8,2965.36,https://www.youtube.com/watch?v=151Adw2GSzE
22500032,6frRQeHM2S8,side-court-led-logo,472.6,27087.67,https://www.youtube.com/watch?v=6frRQeHM2S8
22500032,6frRQeHM2S8,side-court-logo,103.8,2674.75,https://www.youtube.com/watch?v=6frRQeHM2S8
22500032,6frRQeHM2S8,mid-court-logo,330.2,19291.11,https://www.youtube.com/watch?v=6frRQeHM2S8
22500032,6frRQeHM2S8,back-court-logo,441.2,11414.49,https://www.youtube.com/watch?v=6frRQeHM2S8
22500032,6frRQeHM2S8,basket-logo,483.0,1677.11,https://www.youtube.com/watch?v=6frRQeHM2S8
22500032,gKmK-lYkwAE,basket-logo,607.8,1559.37,https://www.youtube.com/watch?v=gKmK-lYkwAE
22500032,gKmK-lYkwAE,back-court-logo,550.0,11285.66,https://www.youtube.com/watch?v=gKmK-lYkwAE
22500032,gKmK-lYkwAE,side-court-led-logo,577.4,23182.02,https://www.youtube.com/watch?v=gKmK-lYkwAE
22500032,gKmK-lYkwAE,mid-court-logo,253.0,11762.68,https://www.youtube.com/watch?v=gKmK-lYkwAE
22500032,gKmK-lYkwAE,side-court-logo,109.4,2889.69,https://www.youtube.com/watch?v=gKmK-lYkwAE
22500157,MFFneYpFyec,side-court-led-logo,527.8,8814.69,https://www.youtube.com/watch?v=MFFneYpFyec
22500157,MFFneYpFyec,mid-court-logo,393.0,17940.65,https://www.youtube.com/watch?v=MFFneYpFyec
22500157,MFFneYpFyec,back-court-logo,486.0,14704.06,https://www.youtube.com/watch?v=MFFneYpFyec
22500157,MFFneYpFyec,basket-logo,477.0,1903.37,https://www.youtube.com/watch?v=MFFneYpFyec
22500157,mgSLXAgy2mA,side-court-led-logo,538.2,9555.04,https://www.youtube.com/watch?v=mgSLXAgy2mA
22500157,mgSLXAgy2mA,mid-court-logo,390.2,19650.13,https://www.youtube.com/watch?v=mgSLXAgy2mA
22500157,mgSLXAgy2mA,back-court-logo,489.4,14823.72,https://www.youtube.com/watch?v=mgSLXAgy2mA
22500157,mgSLXAgy2mA,basket-logo,482.0,1965.99,https://www.youtube.com/watch?v=mgSLXAgy2mA
22500157,mgSLXAgy2mA,side-court-logo,2.2,16808.14,https://www.youtube.com/watch?v=mgSLXAgy2mA
22500157,WWWJSHkdia4,side-court-led-logo,507.6,9464.09,https://www.youtube.com/watch?v=WWWJSHkdia4
22500157,WWWJSHkdia4,basket-logo,467.8,1951.53,https://www.youtube.com/watch?v=WWWJSHkdia4
22500157,WWWJSHkdia4,back-court-logo,467.8,14879.87,https://www.youtube.com/watch?v=WWWJSHkdia4
22500157,WWWJSHkdia4,mid-court-logo,353.8,19504.82,https://www.youtube.com/watch?v=WWWJSHkdia4
22500157,WWWJSHkdia4,side-court-logo,1.4,14774.5,https://www.youtube.com/watch?v=WWWJSHkdia4
22500176,9zBnnobYXK8,side-court-logo,533.4,8649.66,https://www.youtube.com/watch?v=9zBnnobYXK8
22500176,9zBnnobYXK8,mid-court-logo,311.6,15684.38,https://www.youtube.com/watch?v=9zBnnobYXK8
22500176,9zBnnobYXK8,side-court-led-logo,437.2,17412.04,https://www.youtube.com/watch?v=9zBnnobYXK8
22500176,9zBnnobYXK8,back-court-logo,490.8,15211.12,https://www.youtube.com/watch?v=9zBnnobYXK8
22500176,9zBnnobYXK8,basket-logo,479.6,1869.63,https://www.youtube.com/watch?v=9zBnnobYXK8
22500176,zxHr5fQlBZI,side-court-led-logo,466.2,14237.96,https://www.youtube.com/watch?v=zxHr5fQlBZI
22500176,zxHr5fQlBZI,side-court-logo,561.8,8617.45,https://www.youtube.com/watch?v=zxHr5fQlBZI
22500176,zxHr5fQlBZI,mid-court-logo,425.4,14933.43,https://www.youtube.com/watch?v=zxHr5fQlBZI
22500176,zxHr5fQlBZI,basket-logo,517.6,1810.47,https://www.youtube.com/watch?v=zxHr5fQlBZI
22500176,zxHr5fQlBZI,back-court-logo,525.4,14913.71,https://www.youtube.com/watch?v=zxHr5fQlBZI
22500176,Okie-vmVhZo,side-court-logo,550.2,8743.28,https://www.youtube.com/watch?v=Okie-vmVhZo
22500176,Okie-vmVhZo,mid-court-logo,335.8,15614.9,https://www.youtube.com/watch?v=Okie-vmVhZo
22500176,Okie-vmVhZo,side-court-led-logo,449.2,16200.15,https://www.youtube.com/watch?v=Okie-vmVhZo
22500176,Okie-vmVhZo,back-court-logo,505.4,15421.81,https://www.youtube.com/watch?v=Okie-vmVhZo
22500176,Okie-vmVhZo,basket-logo,498.8,1875.69,https://www.youtube.com/watch?v=Okie-vmVhZo
22500176,lpZHK9biDR8,side-court-led-logo,399.8,18635.31,https://www.youtube.com/watch?v=lpZHK9biDR8
22500176,lpZHK9biDR8,back-court-logo,461.8,15654.95,https://www.youtube.com/watch?v=lpZHK9biDR8
22500176,lpZHK9biDR8,mid-court-logo,364.8,15483.04,https://www.youtube.com/watch?v=lpZHK9biDR8
22500176,lpZHK9biDR8,side-court-logo,505.6,8640.69,https://www.youtube.com/watch?v=lpZHK9biDR8
22500176,lpZHK9biDR8,basket-logo,451.6,1857.51,https://www.youtube.com/watch?v=lpZHK9biDR8
22500176,BSYih0sxEyc,basket-logo,516.4,1807.38,https://www.youtube.com/watch?v=BSYih0sxEyc
22500176,BSYih0sxEyc,side-court-led-logo,462.6,13841.51,https://www.youtube.com/watch?v=BSYih0sxEyc
22500176,BSYih0sxEyc,back-court-logo,523.2,15004.82,https://www.youtube.com/watch?v=BSYih0sxEyc
22500176,BSYih0sxEyc,mid-court-logo,419.4,14912.51,https://www.youtube.com/watch?v=BSYih0sxEyc
22500176,BSYih0sxEyc,side-court-logo,557.8,8658.0,https://www.youtube.com/watch?v=BSYih0sxEyc
22500161,pztT1h1gzQc,mid-court-logo,339.0,15475.67,https://www.youtube.com/watch?v=pztT1h1gzQc
22500161,pztT1h1gzQc,side-court-logo,518.8,8475.87,https://www.youtube.com/watch?v=pztT1h1gzQc
22500161,pztT1h1gzQc,side-court-led-logo,411.4,14842.82,https://www.youtube.com/watch?v=pztT1h1gzQc
22500161,pztT1h1gzQc,back-court-logo,498.6,15676.39,https://www.youtube.com/watch?v=pztT1h1gzQc
22500161,pztT1h1gzQc,basket-logo,483.6,1895.16,https://www.youtube.com/watch?v=pztT1h1gzQc
22500161,_Oq5eNVlp4g,mid-court-logo,312.4,15582.04,https://www.youtube.com/watch?v=_Oq5eNVlp4g
22500161,_Oq5eNVlp4g,side-court-logo,492.0,8565.1,https://www.youtube.com/watch?v=_Oq5eNVlp4g
22500161,_Oq5eNVlp4g,side-court-led-logo,382.2,15769.56,https://www.youtube.com/watch?v=_Oq5eNVlp4g
22500161,_Oq5eNVlp4g,basket-logo,453.8,1880.77,https://www.youtube.com/watch?v=_Oq5eNVlp4g
22500161,_Oq5eNVlp4g,back-court-logo,465.0,15620.83,https://www.youtube.com/watch?v=_Oq5eNVlp4g
22500161,NKl_0a_S3oI,basket-logo,500.6,508.17,https://www.youtube.com/watch?v=NKl_0a_S3oI
22500161,NKl_0a_S3oI,side-court-led-logo,419.6,3985.94,https://www.youtube.com/watch?v=NKl_0a_S3oI
22500161,NKl_0a_S3oI,back-court-logo,513.8,4029.32,https://www.youtube.com/watch?v=NKl_0a_S3oI
22500161,NKl_0a_S3oI,mid-court-logo,339.4,3837.45,https://www.youtube.com/watch?v=NKl_0a_S3oI
22500161,NKl_0a_S3oI,side-court-logo,540.2,2132.76,https://www.youtube.com/watch?v=NKl_0a_S3oI
22500164,iJh-Zonq660,basket-logo,492.0,483.83,https://www.youtube.com/watch?v=iJh-Zonq660
22500164,iJh-Zonq660,mid-court-logo,277.0,4260.46,https://www.youtube.com/watch?v=iJh-Zonq660
22500164,iJh-Zonq660,side-court-led-logo,147.8,4048.54,https://www.youtube.com/watch?v=iJh-Zonq660
22500164,iJh-Zonq660,side-court-logo,521.0,1566.59,https://www.youtube.com/watch?v=iJh-Zonq660
22500164,wjpVHf6uw80,mid-court-logo,306.0,4086.84,https://www.youtube.com/watch?v=wjpVHf6uw80
22500164,wjpVHf6uw80,side-court-led-logo,164.2,2829.36,https://www.youtube.com/watch?v=wjpVHf6uw80
22500164,wjpVHf6uw80,side-court-logo,532.8,1531.64,https://www.youtube.com/watch?v=wjpVHf6uw80
22500164,wjpVHf6uw80,basket-logo,485.2,480.75,https://www.youtube.com/watch?v=wjpVHf6uw80
22500164,ZcPgrew8BsE,basket-logo,486.2,476.9,https://www.youtube.com/watch?v=ZcPgrew8BsE
22500164,ZcPgrew8BsE,mid-court-logo,277.0,4142.18,https://www.youtube.com/watch?v=ZcPgrew8BsE
22500164,ZcPgrew8BsE,side-court-led-logo,146.8,3388.39,https://www.youtube.com/watch?v=ZcPgrew8BsE
22500164,ZcPgrew8BsE,side-court-logo,512.6,1538.34,https://www.youtube.com/watch?v=ZcPgrew8BsE
22500169,2WGTvsGPRxc,side-court-logo,475.0,1478.55,https://www.youtube.com/watch?v=2WGTvsGPRxc
22500169,2WGTvsGPRxc,mid-court-logo,374.4,3846.81,https://www.youtube.com/watch?v=2WGTvsGPRxc
22500169,2WGTvsGPRxc,side-court-led-logo,158.8,4028.69,https://www.youtube.com/watch?v=2WGTvsGPRxc
22500169,2WGTvsGPRxc,back-court-logo,385.0,5469.35,https://www.youtube.com/watch?v=2WGTvsGPRxc
22500169,2WGTvsGPRxc,basket-logo,448.8,671.1,https://www.youtube.com/watch?v=2WGTvsGPRxc
22500169,WFaEMKIMBFU,basket-logo,487.6,676.13,https://www.youtube.com/watch?v=WFaEMKIMBFU
22500169,WFaEMKIMBFU,side-court-led-logo,157.6,3877.56,https://www.youtube.com/watch?v=WFaEMKIMBFU
22500169,WFaEMKIMBFU,side-court-logo,485.8,1485.13,https://www.youtube.com/watch?v=WFaEMKIMBFU
22500169,WFaEMKIMBFU,back-court-logo,418.6,5396.83,https://www.youtube.com/watch?v=WFaEMKIMBFU
22500169,WFaEMKIMBFU,mid-court-logo,390.6,3723.25,https://www.youtube.com/watch?v=WFaEMKIMBFU
22500169,smQiOvGvRjM,side-court-logo,467.4,1475.41,https://www.youtube.com/watch?v=smQiOvGvRjM
22500169,smQiOvGvRjM,mid-court-logo,375.0,3977.25,https://www.youtube.com/watch?v=smQiOvGvRjM
22500169,smQiOvGvRjM,side-court-led-logo,170.2,4178.75,https://www.youtube.com/watch?v=smQiOvGvRjM
22500169,smQiOvGvRjM,back-court-logo,388.2,5366.21,https://www.youtube.com/watch?v=smQiOvGvRjM
22500169,smQiOvGvRjM,basket-logo,447.6,668.89,https://www.youtube.com/watch?v=smQiOvGvRjM
22500169,EQRWQ8K6fiw,side-court-led-logo,170.4,4465.8,https://www.youtube.com/watch?v=EQRWQ8K6fiw
22500169,EQRWQ8K6fiw,mid-court-logo,402.0,3945.13,https://www.youtube.com/watch?v=EQRWQ8K6fiw
22500169,EQRWQ8K6fiw,side-court-logo,500.2,1508.58,https://www.youtube.com/watch?v=EQRWQ8K6fiw
22500169,EQRWQ8K6fiw,back-court-logo,418.6,5451.66,https://www.youtube.com/watch?v=EQRWQ8K6fiw
22500169,EQRWQ8K6fiw,basket-logo,481.4,688.82,https://www.youtube.com/watch?v=EQRWQ8K6fiw
22500156,67ZcvJQgljk,side-court-led-logo,261.4,2834.26,https://www.youtube.com/watch?v=67ZcvJQgljk
22500156,67ZcvJQgljk,side-court-logo,427.0,1003.19,https://www.youtube.com/watch?v=67ZcvJQgljk
22500156,67ZcvJQgljk,mid-court-logo,452.2,4412.46,https://www.youtube.com/watch?v=67ZcvJQgljk
22500156,67ZcvJQgljk,back-court-logo,497.0,2970.1,https://www.youtube.com/watch?v=67ZcvJQgljk
22500156,67ZcvJQgljk,basket-logo,488.4,444.46,https://www.youtube.com/watch?v=67ZcvJQgljk
22500156,mI_YjJjSeYQ,side-court-led-logo,297.4,2995.58,https://www.youtube.com/watch?v=mI_YjJjSeYQ
22500156,mI_YjJjSeYQ,mid-court-logo,486.8,4338.38,https://www.youtube.com/watch?v=mI_YjJjSeYQ
22500156,mI_YjJjSeYQ,side-court-logo,427.4,1026.47,https://www.youtube.com/watch?v=mI_YjJjSeYQ
22500156,mI_YjJjSeYQ,back-court-logo,523.0,2969.8,https://www.youtube.com/watch?v=mI_YjJjSeYQ
22500156,mI_YjJjSeYQ,basket-logo,515.4,440.59,https://www.youtube.com/watch?v=mI_YjJjSeYQ
22500156,11dGhtaXkaY,side-court-led-logo,273.0,2935.99,https://www.youtube.com/watch?v=11dGhtaXkaY
22500156,11dGhtaXkaY,basket-logo,511.2,447.38,https://www.youtube.com/watch?v=11dGhtaXkaY
22500156,11dGhtaXkaY,back-court-logo,515.2,2980.97,https://www.youtube.com/watch?v=11dGhtaXkaY
22500156,11dGhtaXkaY,mid-court-logo,445.8,4465.65,https://www.youtube.com/watch?v=11dGhtaXkaY
22500156,11dGhtaXkaY,side-court-logo,444.0,1032.27,https://www.youtube.com/watch?v=11dGhtaXkaY
22500171,ztgaw1MRUKs,side-court-led-logo,485.8,2003.48,https://www.youtube.com/watch?v=ztgaw1MRUKs
22500171,ztgaw1MRUKs,mid-court-logo,352.8,3901.77,https://www.youtube.com/watch?v=ztgaw1MRUKs
22500171,ztgaw1MRUKs,side-court-logo,240.2,1753.03,https://www.youtube.com/watch?v=ztgaw1MRUKs
22500171,ztgaw1MRUKs,back-court-logo,474.4,2835.81,https://www.youtube.com/watch?v=ztgaw1MRUKs
22500171,ztgaw1MRUKs,basket-logo,477.8,467.22,https://www.youtube.com/watch?v=ztgaw1MRUKs
22500171,-Uk7DEtL678,side-court-led-logo,468.4,2194.97,https://www.youtube.com/watch?v=-Uk7DEtL678
22500171,-Uk7DEtL678,back-court-logo,454.2,2786.35,https://www.youtube.com/watch?v=-Uk7DEtL678
22500171,-Uk7DEtL678,mid-court-logo,358.8,4053.32,https://www.youtube.com/watch?v=-Uk7DEtL678
22500171,-Uk7DEtL678,basket-logo,461.2,463.24,https://www.youtube.com/watch?v=-Uk7DEtL678
22500171,-Uk7DEtL678,side-court-logo,233.6,1736.8,https://www.youtube.com/watch?v=-Uk7DEtL678
22500171,toGsFKpi_Y0,side-court-led-logo,498.4,2364.32,https://www.youtube.com/watch?v=toGsFKpi_Y0
22500171,toGsFKpi_Y0,mid-court-logo,377.2,3975.96,https://www.youtube.com/watch?v=toGsFKpi_Y0
22500171,toGsFKpi_Y0,back-court-logo,472.8,2836.98,https://www.youtube.com/watch?v=toGsFKpi_Y0
22500171,toGsFKpi_Y0,basket-logo,479.6,469.85,https://www.youtube.com/watch?v=toGsFKpi_Y0
22500171,toGsFKpi_Y0,side-court-logo,238.8,1790.02,https://www.youtube.com/watch?v=toGsFKpi_Y0
22500171,9bzLWf_uQbs,side-court-led-logo,475.4,2018.46,https://www.youtube.com/watch?v=9bzLWf_uQbs
22500171,9bzLWf_uQbs,mid-court-logo,350.6,3887.76,https://www.youtube.com/watch?v=9bzLWf_uQbs
22500171,9bzLWf_uQbs,back-court-logo,472.4,2942.05,https://www.youtube.com/watch?v=9bzLWf_uQbs
22500171,9bzLWf_uQbs,basket-logo,473.8,473.89,https://www.youtube.com/watch?v=9bzLWf_uQbs
22500171,9bzLWf_uQbs,side-court-logo,235.8,1757.88,https://www.youtube.com/watch?v=9bzLWf_uQbs
22500171,mM26l916GqM,side-court-led-logo,268.4,3743.83,https://www.youtube.com/watch?v=mM26l916GqM
22500171,mM26l916GqM,mid-court-logo,98.8,2584.1,https://www.youtube.com/watch?v=mM26l916GqM
22500171,mM26l916GqM,basket-logo,423.2,794.37,https://www.youtube.com/watch?v=mM26l916GqM
22500171,mM26l916GqM,side-court-logo,244.0,2743.85,https://www.youtube.com/watch?v=mM26l916GqM
22500171,mM26l916GqM,back-court-logo,273.8,5176.26,https://www.youtube.com/watch?v=mM26l916GqM
22500171,CNnlNc4EBrQ,side-court-led-logo,258.0,4210.61,https://www.youtube.com/watch?v=CNnlNc4EBrQ
22500171,CNnlNc4EBrQ,mid-court-logo,100.6,3294.22,https://www.youtube.com/watch?v=CNnlNc4EBrQ
22500171,CNnlNc4EBrQ,back-court-logo,269.6,4995.78,https://www.youtube.com/watch?v=CNnlNc4EBrQ
22500171,CNnlNc4EBrQ,side-court-logo,187.8,2666.72,https://www.youtube.com/watch?v=CNnlNc4EBrQ
22500171,CNnlNc4EBrQ,basket-logo,389.2,823.97,https://www.youtube.com/watch?v=CNnlNc4EBrQ
22500151,jIWtvvrrhTA,side-court-led-logo,498.0,1930.08,https://www.youtube.com/watch?v=jIWtvvrrhTA
22500151,jIWtvvrrhTA,mid-court-logo,294.4,4442.61,https://www.youtube.com/watch?v=jIWtvvrrhTA
22500151,jIWtvvrrhTA,side-court-logo,320.4,1592.53,https://www.youtube.com/watch?v=jIWtvvrrhTA
22500151,jIWtvvrrhTA,basket-logo,461.0,414.16,https://www.youtube.com/watch?v=jIWtvvrrhTA
22500151,jIWtvvrrhTA,back-court-logo,469.8,2492.79,https://www.youtube.com/watch?v=jIWtvvrrhTA
22500151,FvpY90jdb2c,mid-court-logo,302.2,4527.62,https://www.youtube.com/watch?v=FvpY90jdb2c
22500151,FvpY90jdb2c,side-court-led-logo,507.0,2080.61,https://www.youtube.com/watch?v=FvpY90jdb2c
22500151,FvpY90jdb2c,side-court-logo,327.6,1591.68,https://www.youtube.com/watch?v=FvpY90jdb2c
22500151,FvpY90jdb2c,back-court-logo,470.0,2484.11,https://www.youtube.com/watch?v=FvpY90jdb2c
22500151,FvpY90jdb2c,basket-logo,461.2,412.08,https://www.youtube.com/watch?v=FvpY90jdb2c
22500159,zOM96UJxtDU,back-court-logo,465.4,3741.11,https://www.youtube.com/watch?v=zOM96UJxtDU
22500159,zOM96UJxtDU,basket-logo,457.8,467.06,https://www.youtube.com/watch?v=zOM96UJxtDU
22500159,zOM96UJxtDU,mid-court-logo,450.0,5596.4,https://www.youtube.com/watch?v=zOM96UJxtDU
22500159,zOM96UJxtDU,side-court-logo,476.2,1887.81,https://www.youtube.com/watch?v=zOM96UJxtDU
22500159,zOM96UJxtDU,side-court-led-logo,512.0,1941.18,https://www.youtube.com/watch?v=zOM96UJxtDU
22500159,mUpxKDh7aKY,basket-logo,436.4,469.45,https://www.youtube.com/watch?v=mUpxKDh7aKY
22500159,mUpxKDh7aKY,side-court-led-logo,485.8,1856.04,https://www.youtube.com/watch?v=mUpxKDh7aKY
22500159,mUpxKDh7aKY,back-court-logo,444.8,3728.24,https://www.youtube.com/watch?v=mUpxKDh7aKY
22500159,mUpxKDh7aKY,mid-court-logo,419.2,5648.53,https://www.youtube.com/watch?v=mUpxKDh7aKY
22500159,mUpxKDh7aKY,side-court-logo,456.8,1935.29,https://www.youtube.com/watch?v=mUpxKDh7aKY
22500159,9X6oubACp6w,side-court-led-logo,513.6,2030.18,https://www.youtube.com/watch?v=9X6oubACp6w
22500159,9X6oubACp6w,mid-court-logo,441.0,5336.78,https://www.youtube.com/watch?v=9X6oubACp6w
22500159,9X6oubACp6w,side-court-logo,485.4,2016.56,https://www.youtube.com/watch?v=9X6oubACp6w
22500159,9X6oubACp6w,basket-logo,450.4,495.32,https://www.youtube.com/watch?v=9X6oubACp6w
22500159,9X6oubACp6w,back-court-logo,461.2,3978.87,https://www.youtube.com/watch?v=9X6oubACp6w
22500165,saK0ivOgwzU,side-court-led-logo,503.4,2271.89,https://www.youtube.com/watch?v=saK0ivOgwzU
22500165,saK0ivOgwzU,basket-logo,444.8,657.98,https://www.youtube.com/watch?v=saK0ivOgwzU
22500165,saK0ivOgwzU,mid-court-logo,363.0,3657.76,https://www.youtube.com/watch?v=saK0ivOgwzU
22500165,saK0ivOgwzU,side-court-logo,479.8,2216.39,https://www.youtube.com/watch?v=saK0ivOgwzU
22500165,saK0ivOgwzU,back-court-logo,446.2,3678.49,https://www.youtube.com/watch?v=saK0ivOgwzU
22500165,NxzJj7TVjqY,side-court-led-logo,522.0,2019.37,https://www.youtube.com/watch?v=NxzJj7TVjqY
22500165,NxzJj7TVjqY,basket-logo,470.0,653.36,https://www.youtube.com/watch?v=NxzJj7TVjqY
22500165,NxzJj7TVjqY,mid-court-logo,401.0,3662.81,https://www.youtube.com/watch?v=NxzJj7TVjqY
22500165,NxzJj7TVjqY,side-court-logo,502.0,2206.52,https://www.youtube.com/watch?v=NxzJj7TVjqY
22500165,NxzJj7TVjqY,back-court-logo,470.8,3666.68,https://www.youtube.com/watch?v=NxzJj7TVjqY
22500165,FESp3xvN76M,side-court-led-logo,521.0,2013.83,https://www.youtube.com/watch?v=FESp3xvN76M
22500165,FESp3xvN76M,basket-logo,465.0,654.53,https://www.youtube.com/watch?v=FESp3xvN76M
22500165,FESp3xvN76M,back-court-logo,461.2,3627.87,https://www.youtube.com/watch?v=FESp3xvN76M
22500165,FESp3xvN76M,mid-court-logo,373.2,3596.76,https://www.youtube.com/watch?v=FESp3xvN76M
22500165,FESp3xvN76M,side-court-logo,481.0,2188.24,https://www.youtube.com/watch?v=FESp3xvN76M
22500165,vjyeGeoqI5g,back-court-logo,368.6,3891.97,https://www.youtube.com/watch?v=vjyeGeoqI5g
22500165,vjyeGeoqI5g,side-court-led-logo,447.0,2832.52,https://www.youtube.com/watch?v=vjyeGeoqI5g
22500165,vjyeGeoqI5g,side-court-logo,419.4,2246.9,https://www.youtube.com/watch?v=vjyeGeoqI5g
22500165,vjyeGeoqI5g,mid-court-logo,329.8,3997.15,https://www.youtube.com/watch?v=vjyeGeoqI5g
22500165,vjyeGeoqI5g,basket-logo,360.4,676.13,https://www.youtube.com/watch?v=vjyeGeoqI5g
22500148,LHxdM9T2BN4,side-court-led-logo,310.2,3388.1,https://www.youtube.com/watch?v=LHxdM9T2BN4
22500148,LHxdM9T2BN4,mid-court-logo,312.2,5058.05,https://www.youtube.com/watch?v=LHxdM9T2BN4
22500148,LHxdM9T2BN4,side-court-logo,476.8,1853.69,https://www.youtube.com/watch?v=LHxdM9T2BN4
22500148,LHxdM9T2BN4,basket-logo,454.4,469.24,https://www.youtube.com/watch?v=LHxdM9T2BN4
22500148,LHxdM9T2BN4,back-court-logo,2.2,2126.1,https://www.youtube.com/watch?v=LHxdM9T2BN4
22500148,U-PPdtI8WkE,mid-court-logo,448.8,5362.16,https://www.youtube.com/watch?v=U-PPdtI8WkE
22500148,U-PPdtI8WkE,side-court-led-logo,351.4,2803.73,https://www.youtube.com/watch?v=U-PPdtI8WkE
22500148,U-PPdtI8WkE,side-court-logo,499.2,1841.29,https://www.youtube.com/watch?v=U-PPdtI8WkE
22500148,U-PPdtI8WkE,basket-logo,460.8,459.93,https://www.youtube.com/watch?v=U-PPdtI8WkE
22500148,U-PPdtI8WkE,back-court-logo,4.0,2826.05,https://www.youtube.com/watch?v=U-PPdtI8WkE
22500148,MWUqrTEnzJk,side-court-led-logo,332.4,3094.44,https://www.youtube.com/watch?v=MWUqrTEnzJk
22500148,MWUqrTEnzJk,mid-court-logo,346.6,5115.78,https://www.youtube.com/watch?v=MWUqrTEnzJk
22500148,MWUqrTEnzJk,side-court-logo,522.0,1876.87,https://www.youtube.com/watch?v=MWUqrTEnzJk
22500148,MWUqrTEnzJk,basket-logo,491.6,480.69,https://www.youtube.com/watch?v=MWUqrTEnzJk
22500148,MWUqrTEnzJk,back-court-logo,2.4,2508.36,https://www.youtube.com/watch?v=MWUqrTEnzJk
22500163,ZdOv5cQzjak,basket-logo,431.4,318.82,https://www.youtube.com/watch?v=ZdOv5cQzjak
22500163,ZdOv5cQzjak,back-court-logo,436.4,1639.78,https://www.youtube.com/watch?v=ZdOv5cQzjak
22500163,ZdOv5cQzjak,side-court-led-logo,473.2,6220.23,https://www.youtube.com/watch?v=ZdOv5cQzjak
22500163,ZdOv5cQzjak,side-court-logo,465.6,1057.95,https://www.youtube.com/watch?v=ZdOv5cQzjak
22500163,ZdOv5cQzjak,mid-court-logo,471.2,3466.29,https://www.youtube.com/watch?v=ZdOv5cQzjak
22500163,_BTHyp72UPs,basket-logo,497.0,342.09,https://www.youtube.com/watch?v=_BTHyp72UPs
22500163,_BTHyp72UPs,mid-court-logo,534.4,3608.17,https://www.youtube.com/watch?v=_BTHyp72UPs
22500163,_BTHyp72UPs,back-court-logo,506.4,1741.65,https://www.youtube.com/watch?v=_BTHyp72UPs
22500163,_BTHyp72UPs,side-court-led-logo,533.6,4985.62,https://www.youtube.com/watch?v=_BTHyp72UPs
22500163,_BTHyp72UPs,side-court-logo,521.2,1064.5,https://www.youtube.com/watch?v=_BTHyp72UPs
22500163,eumprr5L0SI,basket-logo,481.6,321.37,https://www.youtube.com/watch?v=eumprr5L0SI
22500163,eumprr5L0SI,back-court-logo,494.2,1592.41,https://www.youtube.com/watch?v=eumprr5L0SI
22500163,eumprr5L0SI,side-court-logo,517.2,1036.58,https://www.youtube.com/watch?v=eumprr5L0SI
22500163,eumprr5L0SI,mid-court-logo,525.8,3356.52,https://www.youtube.com/watch?v=eumprr5L0SI
22500163,eumprr5L0SI,side-court-led-logo,528.2,6096.41,https://www.youtube.com/watch?v=eumprr5L0SI
22500163,4FAosZHsw30,mid-court-logo,389.0,3433.06,https://www.youtube.com/watch?v=4FAosZHsw30
22500163,4FAosZHsw30,side-court-led-logo,395.2,6261.05,https://www.youtube.com/watch?v=4FAosZHsw30
22500163,4FAosZHsw30,basket-logo,374.6,324.3,https://www.youtube.com/watch?v=4FAosZHsw30
22500163,4FAosZHsw30,back-court-logo,381.6,1799.11,https://www.youtube.com/watch?v=4FAosZHsw30
22500163,4FAosZHsw30,side-court-logo,377.4,1052.4,https://www.youtube.com/watch?v=4FAosZHsw30
22500153,seoC5TpTSPA,side-court-led-logo,501.6,2170.21,https://www.youtube.com/watch?v=seoC5TpTSPA
22500153,seoC5TpTSPA,mid-court-logo,432.4,4912.76,https://www.youtube.com/watch?v=seoC5TpTSPA
22500153,seoC5TpTSPA,side-court-logo,497.0,1920.99,https://www.youtube.com/watch?v=seoC5TpTSPA
22500153,seoC5TpTSPA,back-court-logo,470.2,3940.47,https://www.youtube.com/watch?v=seoC5TpTSPA
22500153,seoC5TpTSPA,basket-logo,458.8,493.49,https://www.youtube.com/watch?v=seoC5TpTSPA
22500153,VM9Ru1JffP0,basket-logo,484.2,476.07,https://www.youtube.com/watch?v=VM9Ru1JffP0
22500153,VM9Ru1JffP0,side-court-led-logo,530.4,1892.06,https://www.youtube.com/watch?v=VM9Ru1JffP0
22500153,VM9Ru1JffP0,back-court-logo,494.2,3848.07,https://www.youtube.com/watch?v=VM9Ru1JffP0
22500153,VM9Ru1JffP0,mid-court-logo,480.0,4913.8,https://www.youtube.com/watch?v=VM9Ru1JffP0
22500153,VM9Ru1JffP0,side-court-logo,517.0,1907.73,https://www.youtube.com/watch?v=VM9Ru1JffP0
22500153,TsUXVxXF_po,mid-court-logo,428.2,4919.92,https://www.youtube.com/watch?v=TsUXVxXF_po
22500153,TsUXVxXF_po,side-court-led-logo,491.4,2067.26,https://www.youtube.com/watch?v=TsUXVxXF_po
22500153,TsUXVxXF_po,side-court-logo,483.4,1942.97,https://www.youtube.com/watch?v=TsUXVxXF_po
22500153,TsUXVxXF_po,back-court-logo,453.0,4008.68,https://www.youtube.com/watch?v=TsUXVxXF_po
22500153,TsUXVxXF_po,basket-logo,445.8,497.9,https://www.youtube.com/watch?v=TsUXVxXF_po
22500153,rIg_-puXKRU,basket-logo,459.6,492.31,https://www.youtube.com/watch?v=rIg_-puXKRU
22500153,rIg_-puXKRU,back-court-logo,468.4,3941.12,https://www.youtube.com/watch?v=rIg_-puXKRU
22500153,rIg_-puXKRU,side-court-led-logo,499.0,2210.44,https://www.youtube.com/watch?v=rIg_-puXKRU
22500153,rIg_-puXKRU,mid-court-logo,425.4,4955.04,https://www.youtube.com/watch?v=rIg_-puXKRU
22500153,rIg_-puXKRU,side-court-logo,484.2,1925.04,https://www.youtube.com/watch?v=rIg_-puXKRU
22500167,BLlrTZY5C0k,mid-court-logo,480.4,5122.91,https://www.youtube.com/watch?v=BLlrTZY5C0k
22500167,BLlrTZY5C0k,side-court-led-logo,450.2,3939.18,https://www.youtube.com/watch?v=BLlrTZY5C0k
22500167,BLlrTZY5C0k,basket-logo,451.6,520.51,https://www.youtube.com/watch?v=BLlrTZY5C0k
22500167,BLlrTZY5C0k,back-court-logo,468.0,2892.56,https://www.youtube.com/watch?v=BLlrTZY5C0k
22500167,BLlrTZY5C0k,side-court-logo,485.2,2107.89,https://www.youtube.com/watch?v=BLlrTZY5C0k
22500167,jFdJ_Ko_z0M,basket-logo,434.4,552.37,https://www.youtube.com/watch?v=jFdJ_Ko_z0M
22500167,jFdJ_Ko_z0M,side-court-led-logo,369.0,4772.56,https://www.youtube.com/watch?v=jFdJ_Ko_z0M
22500167,jFdJ_Ko_z0M,back-court-logo,446.6,3072.28,https://www.youtube.com/watch?v=jFdJ_Ko_z0M
22500167,jFdJ_Ko_z0M,mid-court-logo,409.8,5295.75,https://www.youtube.com/watch?v=jFdJ_Ko_z0M
22500167,jFdJ_Ko_z0M,side-court-logo,453.2,2135.93,https://www.youtube.com/watch?v=jFdJ_Ko_z0M
22500167,IwaR1SJh-LM,side-court-led-logo,415.8,4125.38,https://www.youtube.com/watch?v=IwaR1SJh-LM
22500167,IwaR1SJh-LM,basket-logo,471.0,546.47,https://www.youtube.com/watch?v=IwaR1SJh-LM
22500167,IwaR1SJh-LM,mid-court-logo,449.4,5496.08,https://www.youtube.com/watch?v=IwaR1SJh-LM
22500167,IwaR1SJh-LM,side-court-logo,476.2,2163.4,https://www.youtube.com/watch?v=IwaR1SJh-LM
22500167,IwaR1SJh-LM,back-court-logo,478.0,3044.82,https://www.youtube.com/watch?v=IwaR1SJh-LM
22500167,-oN5bseWHp8,basket-logo,474.8,545.0,https://www.youtube.com/watch?v=-oN5bseWHp8
22500167,-oN5bseWHp8,back-court-logo,489.0,2988.57,https://www.youtube.com/watch?v=-oN5bseWHp8
22500167,-oN5bseWHp8,side-court-led-logo,415.2,4036.14,https://www.youtube.com/watch?v=-oN5bseWHp8
22500167,-oN5bseWHp8,mid-court-logo,461.6,5390.5,https://www.youtube.com/watch?v=-oN5bseWHp8
22500167,-oN5bseWHp8,side-court-logo,494.2,2158.47,https://www.youtube.com/watch?v=-oN5bseWHp8
22500167,YgINJlZ4AHs,side-court-led-logo,202.6,7512.41,https://www.youtube.com/watch?v=YgINJlZ4AHs
22500167,YgINJlZ4AHs,basket-logo,502.4,827.94,https://www.youtube.com/watch?v=YgINJlZ4AHs
22500167,YgINJlZ4AHs,mid-court-logo,141.0,4248.77,https://www.youtube.com/watch?v=YgINJlZ4AHs
22500167,YgINJlZ4AHs,back-court-logo,482.4,6295.63,https://www.youtube.com/watch?v=YgINJlZ4AHs
22500167,YgINJlZ4AHs,side-court-logo,480.8,4006.19,https://www.youtube.com/watch?v=YgINJlZ4AHs
22500167,ejWE9QGMxE4,side-court-led-logo,132.4,5357.2,https://www.youtube.com/watch?v=ejWE9QGMxE4
22500167,ejWE9QGMxE4,basket-logo,343.6,785.59,https://www.youtube.com/watch?v=ejWE9QGMxE4
22500167,ejWE9QGMxE4,mid-court-logo,121.8,3259.35,https://www.youtube.com/watch?v=ejWE9QGMxE4
22500167,ejWE9QGMxE4,back-court-logo,333.2,6287.25,https://www.youtube.com/watch?v=ejWE9QGMxE4
22500167,ejWE9QGMxE4,side-court-logo,311.2,3890.14,https://www.youtube.com/watch?v=ejWE9QGMxE4
22500154,9OxBRAMih7E,back-court-logo,474.6,3840.71,https://www.youtube.com/watch?v=9OxBRAMih7E
22500154,9OxBRAMih7E,mid-court-logo,470.6,5379.9,https://www.youtube.com/watch?v=9OxBRAMih7E
22500154,9OxBRAMih7E,basket-logo,460.6,507.71,https://www.youtube.com/watch?v=9OxBRAMih7E
22500154,9OxBRAMih7E,side-court-led-logo,197.4,2334.73,https://www.youtube.com/watch?v=9OxBRAMih7E
22500154,9OxBRAMih7E,side-court-logo,1.0,371.06,https://www.youtube.com/watch?v=9OxBRAMih7E
22500154,Fx6WeqqDKiI,mid-court-logo,512.8,5580.72,https://www.youtube.com/watch?v=Fx6WeqqDKiI
22500154,Fx6WeqqDKiI,side-court-led-logo,239.0,2146.26,https://www.youtube.com/watch?v=Fx6WeqqDKiI
22500154,Fx6WeqqDKiI,back-court-logo,508.0,3590.87,https://www.youtube.com/watch?v=Fx6WeqqDKiI
22500154,Fx6WeqqDKiI,basket-logo,495.0,495.63,https://www.youtube.com/watch?v=Fx6WeqqDKiI
22500154,Fx6WeqqDKiI,side-court-logo,1.4,335.67,https://www.youtube.com/watch?v=Fx6WeqqDKiI
22500154,j661Vq2qFc0,back-court-logo,475.0,3709.74,https://www.youtube.com/watch?v=j661Vq2qFc0
22500154,j661Vq2qFc0,basket-logo,463.4,505.35,https://www.youtube.com/watch?v=j661Vq2qFc0
22500154,j661Vq2qFc0,mid-court-logo,485.8,5310.97,https://www.youtube.com/watch?v=j661Vq2qFc0
22500154,j661Vq2qFc0,side-court-led-logo,220.0,2334.56,https://www.youtube.com/watch?v=j661Vq2qFc0
22500154,j661Vq2qFc0,side-court-logo,1.4,479.83,https://www.youtube.com/watch?v=j661Vq2qFc0
22500154,m4pR4t5ecB0,back-court-logo,498.4,3637.78,https://www.youtube.com/watch?v=m4pR4t5ecB0
22500154,m4pR4t5ecB0,basket-logo,485.4,493.59,https://www.youtube.com/watch?v=m4pR4t5ecB0
22500154,m4pR4t5ecB0,mid-court-logo,509.2,5106.25,https://www.youtube.com/watch?v=m4pR4t5ecB0
22500154,m4pR4t5ecB0,side-court-led-logo,242.6,2653.25,https://www.youtube.com/watch?v=m4pR4t5ecB0
22500154,m4pR4t5ecB0,side-court-logo,0.8,304.78,https://www.youtube.com/watch?v=m4pR4t5ecB0
22500025,32HmduvbLXM,mid-court-logo,479.0,5180.62,https://www.youtube.com/watch?v=32HmduvbLXM
22500025,32HmduvbLXM,side-court-logo,1.0,1068.42,https://www.youtube.com/watch?v=32HmduvbLXM
22500025,32HmduvbLXM,side-court-led-logo,167.4,3103.49,https://www.youtube.com/watch?v=32HmduvbLXM
22500025,32HmduvbLXM,back-court-logo,501.2,4010.66,https://www.youtube.com/watch?v=32HmduvbLXM
22500025,32HmduvbLXM,basket-logo,475.0,528.67,https://www.youtube.com/watch?v=32HmduvbLXM
22500025,hWvu7fSJSTI,mid-court-logo,403.2,5246.98,https://www.youtube.com/watch?v=hWvu7fSJSTI
22500025,hWvu7fSJSTI,side-court-led-logo,175.4,2665.2,https://www.youtube.com/watch?v=hWvu7fSJSTI
22500025,hWvu7fSJSTI,back-court-logo,427.6,4018.28,https://www.youtube.com/watch?v=hWvu7fSJSTI
22500025,hWvu7fSJSTI,basket-logo,418.6,522.84,https://www.youtube.com/watch?v=hWvu7fSJSTI
22500025,hWvu7fSJSTI,side-court-logo,0.4,11666.79,https://www.youtube.com/watch?v=hWvu7fSJSTI
22500150,jQblWbF3pe0,side-court-led-logo,489.2,1792.15,https://www.youtube.com/watch?v=jQblWbF3pe0
22500150,jQblWbF3pe0,mid-court-logo,443.6,4003.85,https://www.youtube.com/watch?v=jQblWbF3pe0
22500150,jQblWbF3pe0,side-court-logo,470.4,1491.44,https://www.youtube.com/watch?v=jQblWbF3pe0
22500150,jQblWbF3pe0,back-court-logo,459.6,1792.83,https://www.youtube.com/watch?v=jQblWbF3pe0
22500150,jQblWbF3pe0,basket-logo,461.0,566.47,https://www.youtube.com/watch?v=jQblWbF3pe0
22500150,_LwDCIxOofE,side-court-led-logo,504.6,1881.05,https://www.youtube.com/watch?v=_LwDCIxOofE
22500150,_LwDCIxOofE,mid-court-logo,432.2,4141.46,https://www.youtube.com/watch?v=_LwDCIxOofE
22500150,_LwDCIxOofE,side-court-logo,498.0,1571.67,https://www.youtube.com/watch?v=_LwDCIxOofE
22500150,_LwDCIxOofE,back-court-logo,484.0,1859.18,https://www.youtube.com/watch?v=_LwDCIxOofE
22500150,_LwDCIxOofE,basket-logo,482.0,577.92,https://www.youtube.com/watch?v=_LwDCIxOofE
22500150,g-GnNMeOgEU,basket-logo,474.0,563.8,https://www.youtube.com/watch?v=g-GnNMeOgEU
22500150,g-GnNMeOgEU,back-court-logo,470.4,1791.45,https://www.youtube.com/watch?v=g-GnNMeOgEU
22500150,g-GnNMeOgEU,side-court-led-logo,497.0,1896.07,https://www.youtube.com/watch?v=g-GnNMeOgEU
22500150,g-GnNMeOgEU,mid-court-logo,429.2,3665.04,https://www.youtube.com/watch?v=g-GnNMeOgEU
22500150,g-GnNMeOgEU,side-court-logo,478.4,1500.91,https://www.youtube.com/watch?v=g-GnNMeOgEU
22500160,w3drMFW1Aoo,basket-logo,364.4,626.73,https://www.youtube.com/watch?v=w3drMFW1Aoo
22500160,w3drMFW1Aoo,mid-court-logo,268.4,4514.89,https://www.youtube.com/watch?v=w3drMFW1Aoo
22500160,w3drMFW1Aoo,side-court-led-logo,196.4,5186.93,https://www.youtube.com/watch?v=w3drMFW1Aoo
22500160,w3drMFW1Aoo,back-court-logo,0.2,1788.75,https://www.youtube.com/watch?v=w3drMFW1Aoo
22500160,w3drMFW1Aoo,side-court-logo,0.2,2736.84,https://www.youtube.com/watch?v=w3drMFW1Aoo
22500160,d5z5pEHlg20,mid-court-logo,388.4,4462.88,https://www.youtube.com/watch?v=d5z5pEHlg20
22500160,d5z5pEHlg20,side-court-led-logo,305.0,4024.9,https://www.youtube.com/watch?v=d5z5pEHlg20
22500160,d5z5pEHlg20,basket-logo,466.4,602.54,https://www.youtube.com/watch?v=d5z5pEHlg20
22500160,d5z5pEHlg20,back-court-logo,1.4,7939.17,https://www.youtube.com/watch?v=d5z5pEHlg20
22500160,d5z5pEHlg20,side-court-logo,0.6,1083.02,https://www.youtube.com/watch?v=d5z5pEHlg20
22500160,zLikDprw3ak,mid-court-logo,362.4,4754.36,https://www.youtube.com/watch?v=zLikDprw3ak
22500160,zLikDprw3ak,side-court-led-logo,281.0,4399.65,https://www.youtube.com/watch?v=zLikDprw3ak
22500160,zLikDprw3ak,basket-logo,413.6,599.76,https://www.youtube.com/watch?v=zLikDprw3ak
22500160,zLikDprw3ak,back-court-logo,0.6,8669.15,https://www.youtube.com/watch?v=zLikDprw3ak
22500160,zLikDprw3ak,side-court-logo,0.2,1107.29,https://www.youtube.com/watch?v=zLikDprw3ak
22500160,kYEoRX5JdbE,basket-logo,428.6,603.07,https://www.youtube.com/watch?v=kYEoRX5JdbE
22500160,kYEoRX5JdbE,side-court-led-logo,255.6,4073.25,https://www.youtube.com/watch?v=kYEoRX5JdbE
22500160,kYEoRX5JdbE,mid-court-logo,335.6,4663.63,https://www.youtube.com/watch?v=kYEoRX5JdbE
22500160,kYEoRX5JdbE,side-court-logo,0.2,546.46,https://www.youtube.com/watch?v=kYEoRX5JdbE
22500160,kYEoRX5JdbE,back-court-logo,0.4,4072.73,https://www.youtube.com/watch?v=kYEoRX5JdbE
22500149,Bh3hcT5G9bs,side-court-logo,450.6,1369.43,https://www.youtube.com/watch?v=Bh3hcT5G9bs
22500149,Bh3hcT5G9bs,mid-court-logo,457.8,4225.07,https://www.youtube.com/watch?v=Bh3hcT5G9bs
22500149,Bh3hcT5G9bs,side-court-led-logo,368.6,3024.69,https://www.youtube.com/watch?v=Bh3hcT5G9bs
22500149,Bh3hcT5G9bs,back-court-logo,410.6,1201.28,https://www.youtube.com/watch?v=Bh3hcT5G9bs
22500149,Bh3hcT5G9bs,basket-logo,429.4,382.43,https://www.youtube.com/watch?v=Bh3hcT5G9bs
22500149,KJ8QYwIn3Dk,mid-court-logo,469.4,4161.18,https://www.youtube.com/watch?v=KJ8QYwIn3Dk
22500149,KJ8QYwIn3Dk,side-court-led-logo,385.0,2751.87,https://www.youtube.com/watch?v=KJ8QYwIn3Dk
22500149,KJ8QYwIn3Dk,side-court-logo,460.8,1387.01,https://www.youtube.com/watch?v=KJ8QYwIn3Dk
22500149,KJ8QYwIn3Dk,back-court-logo,425.4,1189.32,https://www.youtube.com/watch?v=KJ8QYwIn3Dk
22500149,KJ8QYwIn3Dk,basket-logo,446.6,379.82,https://www.youtube.com/watch?v=KJ8QYwIn3Dk
22500149,k-epsKeSSxQ,basket-logo,459.2,367.79,https://www.youtube.com/watch?v=k-epsKeSSxQ
22500149,k-epsKeSSxQ,mid-court-logo,484.0,4173.24,https://www.youtube.com/watch?v=k-epsKeSSxQ
22500149,k-epsKeSSxQ,side-court-led-logo,391.8,2749.31,https://www.youtube.com/watch?v=k-epsKeSSxQ
22500149,k-epsKeSSxQ,back-court-logo,439.8,1166.93,https://www.youtube.com/watch?v=k-epsKeSSxQ
22500149,k-epsKeSSxQ,side-court-logo,475.4,1343.21,https://www.youtube.com/watch?v=k-epsKeSSxQ
22500158,79JgsZfOyMM,mid-court-logo,466.0,2298.15,https://www.youtube.com/watch?v=79JgsZfOyMM
22500158,79JgsZfOyMM,side-court-led-logo,522.6,2115.91,https://www.youtube.com/watch?v=79JgsZfOyMM
22500158,79JgsZfOyMM,side-court-logo,513.6,2205.48,https://www.youtube.com/watch?v=79JgsZfOyMM
22500158,79JgsZfOyMM,back-court-logo,477.2,3702.99,https://www.youtube.com/watch?v=79JgsZfOyMM
22500158,79JgsZfOyMM,basket-logo,467.0,586.42,https://www.youtube.com/watch?v=79JgsZfOyMM
22500158,V1UV9GRPNAk,side-court-led-logo,547.8,2187.47,https://www.youtube.com/watch?v=V1UV9GRPNAk
22500158,V1UV9GRPNAk,side-court-logo,535.2,2226.21,https://www.youtube.com/watch?v=V1UV9GRPNAk
22500158,V1UV9GRPNAk,mid-court-logo,472.4,2306.61,https://www.youtube.com/watch?v=V1UV9GRPNAk
22500158,V1UV9GRPNAk,back-court-logo,502.6,3746.61,https://www.youtube.com/watch?v=V1UV9GRPNAk
22500158,V1UV9GRPNAk,basket-logo,496.2,603.31,https://www.youtube.com/watch?v=V1UV9GRPNAk
22500158,1bMYAhczHDg,basket-logo,470.4,581.27,https://www.youtube.com/watch?v=1bMYAhczHDg
22500158,1bMYAhczHDg,back-court-logo,474.2,3617.7,https://www.youtube.com/watch?v=1bMYAhczHDg
22500158,1bMYAhczHDg,side-court-led-logo,526.0,2215.82,https://www.youtube.com/watch?v=1bMYAhczHDg
22500158,1bMYAhczHDg,side-court-logo,511.6,2149.62,https://www.youtube.com/watch?v=1bMYAhczHDg
22500158,1bMYAhczHDg,mid-court-logo,463.2,2260.46,https://www.youtube.com/watch?v=1bMYAhczHDg
22500158,mfCtvu5UJdQ,side-court-logo,420.8,3687.77,https://www.youtube.com/watch?v=mfCtvu5UJdQ
22500158,mfCtvu5UJdQ,side-court-led-logo,464.0,4935.87,https://www.youtube.com/watch?v=mfCtvu5UJdQ
22500158,mfCtvu5UJdQ,basket-logo,390.4,965.07,https://www.youtube.com/watch?v=mfCtvu5UJdQ
22500158,mfCtvu5UJdQ,back-court-logo,402.2,7528.57,https://www.youtube.com/watch?v=mfCtvu5UJdQ
22500158,mfCtvu5UJdQ,mid-court-logo,195.6,3937.3,https://www.youtube.com/watch?v=mfCtvu5UJdQ
22500158,EYzLOLGT9AQ,basket-logo,438.0,963.96,https://www.youtube.com/watch?v=EYzLOLGT9AQ
22500158,EYzLOLGT9AQ,back-court-logo,404.8,7885.32,https://www.youtube.com/watch?v=EYzLOLGT9AQ
22500158,EYzLOLGT9AQ,side-court-led-logo,447.4,4922.3,https://www.youtube.com/watch?v=EYzLOLGT9AQ
22500158,EYzLOLGT9AQ,side-court-logo,377.4,3520.1,https://www.youtube.com/watch?v=EYzLOLGT9AQ
22500158,EYzLOLGT9AQ,mid-court-logo,174.6,3624.82,https://www.youtube.com/watch?v=EYzLOLGT9AQ
22500145,6bF7gKJE5I4,side-court-led-logo,540.6,2172.19,https://www.youtube.com/watch?v=6bF7gKJE5I4
22500145,6bF7gKJE5I4,mid-court-logo,453.6,3574.11,https://www.youtube.com/watch?v=6bF7gKJE5I4
22500145,6bF7gKJE5I4,side-court-logo,502.6,2160.75,https://www.youtube.com/watch?v=6bF7gKJE5I4
22500145,6bF7gKJE5I4,back-court-logo,469.8,2447.29,https://www.youtube.com/watch?v=6bF7gKJE5I4
22500145,6bF7gKJE5I4,basket-logo,451.4,369.59,https://www.youtube.com/watch?v=6bF7gKJE5I4
22500145,04Ge0mN8FmU,side-court-led-logo,549.4,2159.63,https://www.youtube.com/watch?v=04Ge0mN8FmU
22500145,04Ge0mN8FmU,mid-court-logo,447.2,3649.36,https://www.youtube.com/watch?v=04Ge0mN8FmU
22500145,04Ge0mN8FmU,side-court-logo,511.6,2167.58,https://www.youtube.com/watch?v=04Ge0mN8FmU
22500145,04Ge0mN8FmU,basket-logo,469.2,380.86,https://www.youtube.com/watch?v=04Ge0mN8FmU
22500145,04Ge0mN8FmU,back-court-logo,480.4,2488.76,https://www.youtube.com/watch?v=04Ge0mN8FmU
22500145,z2AvvpUgZQI,side-court-led-logo,554.4,2200.56,https://www.youtube.com/watch?v=z2AvvpUgZQI
22500145,z2AvvpUgZQI,basket-logo,475.8,375.77,https://www.youtube.com/watch?v=z2AvvpUgZQI
22500145,z2AvvpUgZQI,mid-court-logo,443.0,3703.52,https://www.youtube.com/watch?v=z2AvvpUgZQI
22500145,z2AvvpUgZQI,back-court-logo,489.8,2469.54,https://www.youtube.com/watch?v=z2AvvpUgZQI
22500145,z2AvvpUgZQI,side-court-logo,517.2,2161.52,https://www.youtube.com/watch?v=z2AvvpUgZQI
22500143,bmv_3m97Zgg,basket-logo,510.8,551.47,https://www.youtube.com/watch?v=bmv_3m97Zgg
22500143,bmv_3m97Zgg,back-court-logo,519.0,1930.06,https://www.youtube.com/watch?v=bmv_3m97Zgg
22500143,bmv_3m97Zgg,side-court-led-logo,539.8,1746.8,https://www.youtube.com/watch?v=bmv_3m97Zgg
22500143,bmv_3m97Zgg,mid-court-logo,518.8,4596.69,https://www.youtube.com/watch?v=bmv_3m97Zgg
22500143,bmv_3m97Zgg,side-court-logo,524.6,1613.4,https://www.youtube.com/watch?v=bmv_3m97Zgg
22500143,hQGmV1_f2FA,mid-court-logo,505.6,4593.66,https://www.youtube.com/watch?v=hQGmV1_f2FA
22500143,hQGmV1_f2FA,side-court-led-logo,516.8,1820.64,https://www.youtube.com/watch?v=hQGmV1_f2FA
22500143,hQGmV1_f2FA,side-court-logo,512.6,1563.99,https://www.youtube.com/watch?v=hQGmV1_f2FA
22500143,hQGmV1_f2FA,basket-logo,457.2,548.87,https://www.youtube.com/watch?v=hQGmV1_f2FA
22500143,hQGmV1_f2FA,back-court-logo,467.4,1896.34,https://www.youtube.com/watch?v=hQGmV1_f2FA
22500143,eQ_1UulvtlY,basket-logo,456.2,560.77,https://www.youtube.com/watch?v=eQ_1UulvtlY
22500143,eQ_1UulvtlY,mid-court-logo,465.8,4292.98,https://www.youtube.com/watch?v=eQ_1UulvtlY
22500143,eQ_1UulvtlY,back-court-logo,454.0,1921.96,https://www.youtube.com/watch?v=eQ_1UulvtlY
22500143,eQ_1UulvtlY,side-court-logo,487.2,1607.77,https://www.youtube.com/watch?v=eQ_1UulvtlY
22500143,eQ_1UulvtlY,side-court-led-logo,488.4,2070.35,https://www.youtube.com/watch?v=eQ_1UulvtlY
22500143,yu3mllZG-Ok,mid-court-logo,473.4,4507.66,https://www.youtube.com/watch?v=yu3mllZG-Ok
22500143,yu3mllZG-Ok,side-court-led-logo,497.2,2156.35,https://www.youtube.com/watch?v=yu3mllZG-Ok
22500143,yu3mllZG-Ok,side-court-logo,493.4,1671.3,https://www.youtube.com/watch?v=yu3mllZG-Ok
22500143,yu3mllZG-Ok,basket-logo,456.2,578.83,https://www.youtube.com/watch?v=yu3mllZG-Ok
22500143,yu3mllZG-Ok,back-court-logo,461.6,1985.7,https://www.youtube.com/watch?v=yu3mllZG-Ok
22500129,e6o6KMgcTy0,back-court-logo,469.0,2952.68,https://www.youtube.com/watch?v=e6o6KMgcTy0
22500129,e6o6KMgcTy0,mid-court-logo,283.0,3891.48,https://www.youtube.com/watch?v=e6o6KMgcTy0
22500129,e6o6KMgcTy0,basket-logo,460.0,558.8,https://www.youtube.com/watch?v=e6o6KMgcTy0
22500129,e6o6KMgcTy0,side-court-logo,487.8,2723.81,https://www.youtube.com/watch?v=e6o6KMgcTy0
22500129,e6o6KMgcTy0,side-court-led-logo,481.6,2502.86,https://www.youtube.com/watch?v=e6o6KMgcTy0
22500129,81NfWP8SA5Y,side-court-logo,490.4,2774.36,https://www.youtube.com/watch?v=81NfWP8SA5Y
22500129,81NfWP8SA5Y,side-court-led-logo,491.2,2483.3,https://www.youtube.com/watch?v=81NfWP8SA5Y
22500129,81NfWP8SA5Y,back-court-logo,471.6,3010.82,https://www.youtube.com/watch?v=81NfWP8SA5Y
22500129,81NfWP8SA5Y,mid-court-logo,262.2,3924.14,https://www.youtube.com/watch?v=81NfWP8SA5Y
22500129,81NfWP8SA5Y,basket-logo,463.0,568.93,https://www.youtube.com/watch?v=81NfWP8SA5Y
22500152,B2jO1-j6IkM,side-court-led-logo,510.8,2218.61,https://www.youtube.com/watch?v=B2jO1-j6IkM
22500152,B2jO1-j6IkM,mid-court-logo,494.0,4109.32,https://www.youtube.com/watch?v=B2jO1-j6IkM
22500152,B2jO1-j6IkM,side-court-logo,489.6,2038.3,https://www.youtube.com/watch?v=B2jO1-j6IkM
22500152,B2jO1-j6IkM,back-court-logo,446.8,3436.85,https://www.youtube.com/watch?v=B2jO1-j6IkM
22500152,B2jO1-j6IkM,basket-logo,443.4,602.56,https://www.youtube.com/watch?v=B2jO1-j6IkM
22500152,EG-uMT6zZEo,side-court-led-logo,540.2,1981.26,https://www.youtube.com/watch?v=EG-uMT6zZEo
22500152,EG-uMT6zZEo,mid-court-logo,531.4,3907.47,https://www.youtube.com/watch?v=EG-uMT6zZEo
22500152,EG-uMT6zZEo,side-court-logo,521.0,1941.04,https://www.youtube.com/watch?v=EG-uMT6zZEo
22500152,EG-uMT6zZEo,back-court-logo,478.0,3318.03,https://www.youtube.com/watch?v=EG-uMT6zZEo
22500152,EG-uMT6zZEo,basket-logo,465.2,583.47,https://www.youtube.com/watch?v=EG-uMT6zZEo
22500152,YYacq1OS2Ew,mid-court-logo,401.0,4253.3,https://www.youtube.com/watch?v=YYacq1OS2Ew
22500152,YYacq1OS2Ew,basket-logo,309.6,614.9,https://www.youtube.com/watch?v=YYacq1OS2Ew
22500152,YYacq1OS2Ew,back-court-logo,323.8,3421.95,https://www.youtube.com/watch?v=YYacq1OS2Ew
22500152,YYacq1OS2Ew,side-court-led-logo,404.0,2614.11,https://www.youtube.com/watch?v=YYacq1OS2Ew
22500152,YYacq1OS2Ew,side-court-logo,383.6,2024.22,https://www.youtube.com/watch?v=YYacq1OS2Ew
22500152,ZUFVmSYOT_0,side-court-led-logo,529.8,2303.52,https://www.youtube.com/watch?v=ZUFVmSYOT_0
22500152,ZUFVmSYOT_0,side-court-logo,512.0,2048.88,https://www.youtube.com/watch?v=ZUFVmSYOT_0
22500152,ZUFVmSYOT_0,mid-court-logo,518.0,4251.02,https://www.youtube.com/watch?v=ZUFVmSYOT_0
22500152,ZUFVmSYOT_0,back-court-logo,463.0,3406.01,https://www.youtube.com/watch?v=ZUFVmSYOT_0
22500152,ZUFVmSYOT_0,basket-logo,450.0,597.44,https://www.youtube.com/watch?v=ZUFVmSYOT_0
22500152,FSETc0S-4Rs,side-court-led-logo,525.2,2101.45,https://www.youtube.com/watch?v=FSETc0S-4Rs
22500152,FSETc0S-4Rs,basket-logo,468.8,592.88,https://www.youtube.com/watch?v=FSETc0S-4Rs
22500152,FSETc0S-4Rs,side-court-logo,510.8,1986.67,https://www.youtube.com/watch?v=FSETc0S-4Rs
22500152,FSETc0S-4Rs,mid-court-logo,512.4,4195.22,https://www.youtube.com/watch?v=FSETc0S-4Rs
22500152,FSETc0S-4Rs,back-court-logo,477.0,3302.8,https://www.youtube.com/watch?v=FSETc0S-4Rs
22500020,EL8FEgLLP-U,back-court-logo,382.6,3631.37,https://www.youtube.com/watch?v=EL8FEgLLP-U
22500020,EL8FEgLLP-U,side-court-led-logo,535.0,2232.33,https://www.youtube.com/watch?v=EL8FEgLLP-U
22500020,EL8FEgLLP-U,mid-court-logo,77.2,5753.31,https://www.youtube.com/watch?v=EL8FEgLLP-U
22500020,EL8FEgLLP-U,basket-logo,457.8,474.0,https://www.youtube.com/watch?v=EL8FEgLLP-U
22500020,E_vgsiNXr2A,side-court-led-logo,546.4,2298.22,https://www.youtube.com/watch?v=E_vgsiNXr2A
22500020,E_vgsiNXr2A,back-court-logo,413.2,3662.99,https://www.youtube.com/watch?v=E_vgsiNXr2A
22500020,E_vgsiNXr2A,mid-court-logo,80.2,5422.69,https://www.youtube.com/watch?v=E_vgsiNXr2A
22500020,E_vgsiNXr2A,basket-logo,469.6,484.92,https://www.youtube.com/watch?v=E_vgsiNXr2A
22500020,E_vgsiNXr2A,side-court-logo,0.2,540.08,https://www.youtube.com/watch?v=E_vgsiNXr2A
22500020,uQnRIn7VsYo,side-court-led-logo,537.8,2237.59,https://www.youtube.com/watch?v=uQnRIn7VsYo
22500020,uQnRIn7VsYo,back-court-logo,423.4,3694.41,https://www.youtube.com/watch?v=uQnRIn7VsYo
22500020,uQnRIn7VsYo,mid-court-logo,59.2,5732.82,https://www.youtube.com/watch?v=uQnRIn7VsYo
22500020,uQnRIn7VsYo,basket-logo,469.2,483.01,https://www.youtube.com/watch?v=uQnRIn7VsYo
22500020,1fQgpfx0kFQ,side-court-led-logo,77.8,2660.84,https://www.youtube.com/watch?v=1fQgpfx0kFQ
22500020,1fQgpfx0kFQ,basket-logo,64.2,554.2,https://www.youtube.com/watch?v=1fQgpfx0kFQ
22500020,1fQgpfx0kFQ,back-court-logo,57.4,4568.16,https://www.youtube.com/watch?v=1fQgpfx0kFQ
22500020,1fQgpfx0kFQ,mid-court-logo,14.2,7425.19,https://www.youtube.com/watch?v=1fQgpfx0kFQ
22500140,kjEino0Ma30,side-court-led-logo,363.2,2656.03,https://www.youtube.com/watch?v=kjEino0Ma30
22500140,kjEino0Ma30,mid-court-logo,375.8,5392.83,https://www.youtube.com/watch?v=kjEino0Ma30
22500140,kjEino0Ma30,side-court-logo,508.2,1736.27,https://www.youtube.com/watch?v=kjEino0Ma30
22500140,kjEino0Ma30,basket-logo,477.8,443.85,https://www.youtube.com/watch?v=kjEino0Ma30
22500140,kjEino0Ma30,back-court-logo,4.0,1740.13,https://www.youtube.com/watch?v=kjEino0Ma30
22500140,JismB7HGbmk,mid-court-logo,348.6,5226.44,https://www.youtube.com/watch?v=JismB7HGbmk
22500140,JismB7HGbmk,side-court-logo,490.8,1781.81,https://www.youtube.com/watch?v=JismB7HGbmk
22500140,JismB7HGbmk,side-court-led-logo,336.8,2753.29,https://www.youtube.com/watch?v=JismB7HGbmk
22500140,JismB7HGbmk,basket-logo,460.6,467.41,https://www.youtube.com/watch?v=JismB7HGbmk
22500140,JismB7HGbmk,back-court-logo,3.6,1948.14,https://www.youtube.com/watch?v=JismB7HGbmk
22500140,PFHst5UbhTA,mid-court-logo,358.4,5470.93,https://www.youtube.com/watch?v=PFHst5UbhTA
22500140,PFHst5UbhTA,side-court-logo,490.8,1743.75,https://www.youtube.com/watch?v=PFHst5UbhTA
22500140,PFHst5UbhTA,side-court-led-logo,345.2,2781.29,https://www.youtube.com/watch?v=PFHst5UbhTA
22500140,PFHst5UbhTA,basket-logo,461.6,459.07,https://www.youtube.com/watch?v=PFHst5UbhTA
22500140,PFHst5UbhTA,back-court-logo,4.0,1686.69,https://www.youtube.com/watch?v=PFHst5UbhTA
22500142,DM8sLGMfh1w,side-court-led-logo,485.4,2212.21,https://www.youtube.com/watch?v=DM8sLGMfh1w
22500142,DM8sLGMfh1w,mid-court-logo,424.6,3266.36,https://www.youtube.com/watch?v=DM8sLGMfh1w
22500142,DM8sLGMfh1w,side-court-logo,499.4,2294.2,https://www.youtube.com/watch?v=DM8sLGMfh1w
22500142,DM8sLGMfh1w,back-court-logo,448.6,2382.29,https://www.youtube.com/watch?v=DM8sLGMfh1w
22500142,DM8sLGMfh1w,basket-logo,431.0,479.99,https://www.youtube.com/watch?v=DM8sLGMfh1w
22500142,dMLyf73vhU0,mid-court-logo,437.6,3048.2,https://www.youtube.com/watch?v=dMLyf73vhU0
22500142,dMLyf73vhU0,side-court-led-logo,494.6,2151.21,https://www.youtube.com/watch?v=dMLyf73vhU0
22500142,dMLyf73vhU0,side-court-logo,510.4,2239.69,https://www.youtube.com/watch?v=dMLyf73vhU0
22500142,dMLyf73vhU0,basket-logo,451.4,490.61,https://www.youtube.com/watch?v=dMLyf73vhU0
22500142,dMLyf73vhU0,back-court-logo,464.8,2416.96,https://www.youtube.com/watch?v=dMLyf73vhU0
22500142,rG18B6hzSTI,side-court-led-logo,480.2,2276.37,https://www.youtube.com/watch?v=rG18B6hzSTI
22500142,rG18B6hzSTI,mid-court-logo,418.0,3289.11,https://www.youtube.com/watch?v=rG18B6hzSTI
22500142,rG18B6hzSTI,side-court-logo,488.4,2285.32,https://www.youtube.com/watch?v=rG18B6hzSTI
22500142,rG18B6hzSTI,back-court-logo,434.2,2351.7,https://www.youtube.com/watch?v=rG18B6hzSTI
22500142,rG18B6hzSTI,basket-logo,423.8,489.52,https://www.youtube.com/watch?v=rG18B6hzSTI
22500142,kColRJwQd54,basket-logo,466.6,482.25,https://www.youtube.com/watch?v=kColRJwQd54
22500142,kColRJwQd54,back-court-logo,475.0,2387.16,https://www.youtube.com/watch?v=kColRJwQd54
22500142,kColRJwQd54,side-court-led-logo,505.4,2157.49,https://www.youtube.com/watch?v=kColRJwQd54
22500142,kColRJwQd54,mid-court-logo,434.2,3144.09,https://www.youtube.com/watch?v=kColRJwQd54
22500142,kColRJwQd54,side-court-logo,517.6,2310.38,https://www.youtube.com/watch?v=kColRJwQd54
22500027,6lhaRWt1jxw,basket-logo,450.0,369.61,https://www.youtube.com/watch?v=6lhaRWt1jxw
22500027,6lhaRWt1jxw,side-court-led-logo,197.0,2546.43,https://www.youtube.com/watch?v=6lhaRWt1jxw
22500027,6lhaRWt1jxw,side-court-logo,384.8,1296.84,https://www.youtube.com/watch?v=6lhaRWt1jxw
22500027,6lhaRWt1jxw,mid-court-logo,69.8,7021.46,https://www.youtube.com/watch?v=6lhaRWt1jxw
22500027,6lhaRWt1jxw,back-court-logo,30.6,12693.2,https://www.youtube.com/watch?v=6lhaRWt1jxw
22500027,q2ejUWeoncA,basket-logo,453.0,381.95,https://www.youtube.com/watch?v=q2ejUWeoncA
22500027,q2ejUWeoncA,side-court-logo,389.6,1296.09,https://www.youtube.com/watch?v=q2ejUWeoncA
22500027,q2ejUWeoncA,side-court-led-logo,211.8,3026.35,https://www.youtube.com/watch?v=q2ejUWeoncA
22500027,q2ejUWeoncA,mid-court-logo,88.8,6171.8,https://www.youtube.com/watch?v=q2ejUWeoncA
22500027,q2ejUWeoncA,back-court-logo,21.0,9140.54,https://www.youtube.com/watch?v=q2ejUWeoncA
22500027,hQyoBHprhhc,basket-logo,469.2,375.37,https://www.youtube.com/watch?v=hQyoBHprhhc
22500027,hQyoBHprhhc,side-court-logo,411.8,1312.68,https://www.youtube.com/watch?v=hQyoBHprhhc
22500027,hQyoBHprhhc,side-court-led-logo,231.0,2434.64,https://www.youtube.com/watch?v=hQyoBHprhhc
22500027,hQyoBHprhhc,mid-court-logo,88.0,6384.76,https://www.youtube.com/watch?v=hQyoBHprhhc
22500027,hQyoBHprhhc,back-court-logo,35.6,10868.56,https://www.youtube.com/watch?v=hQyoBHprhhc
22500144,Gefc_AGu140,side-court-led-logo,543.6,2168.41,https://www.youtube.com/watch?v=Gefc_AGu140
22500144,Gefc_AGu140,mid-court-logo,468.0,4499.13,https://www.youtube.com/watch?v=Gefc_AGu140
22500144,Gefc_AGu140,back-court-logo,490.6,3594.77,https://www.youtube.com/watch?v=Gefc_AGu140
22500144,Gefc_AGu140,basket-logo,472.0,470.02,https://www.youtube.com/watch?v=Gefc_AGu140
22500144,Gefc_AGu140,side-court-logo,0.8,1909.7,https://www.youtube.com/watch?v=Gefc_AGu140
22500144,e_YNJTVK88M,basket-logo,484.4,457.57,https://www.youtube.com/watch?v=e_YNJTVK88M
22500144,e_YNJTVK88M,side-court-led-logo,536.2,2034.45,https://www.youtube.com/watch?v=e_YNJTVK88M
22500144,e_YNJTVK88M,mid-court-logo,472.4,4773.11,https://www.youtube.com/watch?v=e_YNJTVK88M
22500144,e_YNJTVK88M,back-court-logo,495.6,3440.75,https://www.youtube.com/watch?v=e_YNJTVK88M
22500144,e_YNJTVK88M,side-court-logo,0.2,1333.72,https://www.youtube.com/watch?v=e_YNJTVK88M
22500144,XGbapbVlpWs,side-court-led-logo,509.4,2249.57,https://www.youtube.com/watch?v=XGbapbVlpWs
22500144,XGbapbVlpWs,mid-court-logo,396.6,4720.4,https://www.youtube.com/watch?v=XGbapbVlpWs
22500144,XGbapbVlpWs,back-court-logo,475.4,3429.79,https://www.youtube.com/watch?v=XGbapbVlpWs
22500144,XGbapbVlpWs,basket-logo,463.6,459.32,https://www.youtube.com/watch?v=XGbapbVlpWs
22500144,XGbapbVlpWs,side-court-logo,0.2,1259.66,https://www.youtube.com/watch?v=XGbapbVlpWs
22500144,VAxIH5fVaGA,basket-logo,489.6,452.7,https://www.youtube.com/watch?v=VAxIH5fVaGA
22500144,VAxIH5fVaGA,back-court-logo,502.8,3385.29,https://www.youtube.com/watch?v=VAxIH5fVaGA
22500144,VAxIH5fVaGA,side-court-led-logo,536.8,2188.91,https://www.youtube.com/watch?v=VAxIH5fVaGA
22500144,VAxIH5fVaGA,mid-court-logo,415.2,4596.78,https://www.youtube.com/watch?v=VAxIH5fVaGA
22500144,VAxIH5fVaGA,side-court-logo,0.2,15208.24,https://www.youtube.com/watch?v=VAxIH5fVaGA
22500138,GAXH6a2QDUA,side-court-led-logo,521.6,1904.32,https://www.youtube.com/watch?v=GAXH6a2QDUA
22500138,GAXH6a2QDUA,mid-court-logo,502.2,4259.54,https://www.youtube.com/watch?v=GAXH6a2QDUA
22500138,GAXH6a2QDUA,side-court-logo,503.2,1565.34,https://www.youtube.com/watch?v=GAXH6a2QDUA
22500138,GAXH6a2QDUA,back-court-logo,459.4,1898.2,https://www.youtube.com/watch?v=GAXH6a2QDUA
22500138,GAXH6a2QDUA,basket-logo,427.4,548.92,https://www.youtube.com/watch?v=GAXH6a2QDUA
22500138,Uuofw20rs50,side-court-led-logo,537.4,1878.94,https://www.youtube.com/watch?v=Uuofw20rs50
22500138,Uuofw20rs50,mid-court-logo,515.8,4283.61,https://www.youtube.com/watch?v=Uuofw20rs50
22500138,Uuofw20rs50,side-court-logo,513.8,1544.6,https://www.youtube.com/watch?v=Uuofw20rs50
22500138,Uuofw20rs50,back-court-logo,487.4,1898.9,https://www.youtube.com/watch?v=Uuofw20rs50
22500138,Uuofw20rs50,basket-logo,482.0,551.03,https://www.youtube.com/watch?v=Uuofw20rs50
22500138,M4LSv4UK9i0,side-court-led-logo,535.6,1873.87,https://www.youtube.com/watch?v=M4LSv4UK9i0
22500138,M4LSv4UK9i0,mid-court-logo,521.0,4115.06,https://www.youtube.com/watch?v=M4LSv4UK9i0
22500138,M4LSv4UK9i0,side-court-logo,514.2,1539.5,https://www.youtube.com/watch?v=M4LSv4UK9i0
22500138,M4LSv4UK9i0,back-court-logo,481.2,1853.98,https://www.youtube.com/watch?v=M4LSv4UK9i0
22500138,M4LSv4UK9i0,basket-logo,473.4,546.04,https://www.youtube.com/watch?v=M4LSv4UK9i0
22500155,PLjbrMVrYKY,mid-court-logo,485.8,4119.82,https://www.youtube.com/watch?v=PLjbrMVrYKY
22500155,PLjbrMVrYKY,side-court-led-logo,451.8,3318.55,https://www.youtube.com/watch?v=PLjbrMVrYKY
22500155,PLjbrMVrYKY,side-court-logo,420.4,1699.87,https://www.youtube.com/watch?v=PLjbrMVrYKY
22500155,PLjbrMVrYKY,basket-logo,412.8,400.47,https://www.youtube.com/watch?v=PLjbrMVrYKY
22500155,PLjbrMVrYKY,back-court-logo,424.2,3381.99,https://www.youtube.com/watch?v=PLjbrMVrYKY
22500155,jALwH0p6chU,mid-court-logo,505.6,3882.53,https://www.youtube.com/watch?v=jALwH0p6chU
22500155,jALwH0p6chU,side-court-led-logo,473.2,2966.92,https://www.youtube.com/watch?v=jALwH0p6chU
22500155,jALwH0p6chU,back-court-logo,447.0,3231.15,https://www.youtube.com/watch?v=jALwH0p6chU
22500155,jALwH0p6chU,side-court-logo,429.6,1678.26,https://www.youtube.com/watch?v=jALwH0p6chU
22500155,jALwH0p6chU,basket-logo,432.6,394.93,https://www.youtube.com/watch?v=jALwH0p6chU
22500155,7s40hLgA2IE,basket-logo,449.0,402.12,https://www.youtube.com/watch?v=7s40hLgA2IE
22500155,7s40hLgA2IE,back-court-logo,457.2,3277.33,https://www.youtube.com/watch?v=7s40hLgA2IE
22500155,7s40hLgA2IE,side-court-led-logo,467.8,2615.75,https://www.youtube.com/watch?v=7s40hLgA2IE
22500155,7s40hLgA2IE,mid-court-logo,499.0,3806.29,https://www.youtube.com/watch?v=7s40hLgA2IE
22500155,7s40hLgA2IE,side-court-logo,416.0,1680.85,https://www.youtube.com/watch?v=7s40hLgA2IE
22500155,BmMg5L3F9GI,mid-court-logo,537.2,3928.1,https://www.youtube.com/watch?v=BmMg5L3F9GI
22500155,BmMg5L3F9GI,side-court-led-logo,515.8,2916.11,https://www.youtube.com/watch?v=BmMg5L3F9GI
22500155,BmMg5L3F9GI,side-court-logo,442.8,1683.65,https://www.youtube.com/watch?v=BmMg5L3F9GI
22500155,BmMg5L3F9GI,back-court-logo,479.2,3243.52,https://www.youtube.com/watch?v=BmMg5L3F9GI
22500155,BmMg5L3F9GI,basket-logo,466.2,394.93,https://www.youtube.com/watch?v=BmMg5L3F9GI
22500155,psEfQLPww-o,back-court-logo,365.4,3348.87,https://www.youtube.com/watch?v=psEfQLPww-o
22500155,psEfQLPww-o,basket-logo,359.8,402.19,https://www.youtube.com/watch?v=psEfQLPww-o
22500155,psEfQLPww-o,side-court-led-logo,357.6,2391.16,https://www.youtube.com/watch?v=psEfQLPww-o
22500155,psEfQLPww-o,mid-court-logo,390.4,3814.53,https://www.youtube.com/watch?v=psEfQLPww-o
22500155,psEfQLPww-o,side-court-logo,315.0,1553.79,https://www.youtube.com/watch?v=psEfQLPww-o
22500026,2tQ8OVh0JY0,basket-logo,444.2,440.49,https://www.youtube.com/watch?v=2tQ8OVh0JY0
22500026,2tQ8OVh0JY0,back-court-logo,63.8,2542.92,https://www.youtube.com/watch?v=2tQ8OVh0JY0
22500026,2tQ8OVh0JY0,side-court-led-logo,413.8,4902.76,https://www.youtube.com/watch?v=2tQ8OVh0JY0
22500026,2tQ8OVh0JY0,side-court-logo,51.8,1472.74,https://www.youtube.com/watch?v=2tQ8OVh0JY0
22500026,2tQ8OVh0JY0,mid-court-logo,72.2,2476.47,https://www.youtube.com/watch?v=2tQ8OVh0JY0
22500026,I3JgTAkhyQU,basket-logo,477.8,419.29,https://www.youtube.com/watch?v=I3JgTAkhyQU
22500026,I3JgTAkhyQU,side-court-led-logo,439.4,5102.07,https://www.youtube.com/watch?v=I3JgTAkhyQU
22500026,I3JgTAkhyQU,back-court-logo,49.0,2469.63,https://www.youtube.com/watch?v=I3JgTAkhyQU
22500026,I3JgTAkhyQU,side-court-logo,32.6,1430.97,https://www.youtube.com/watch?v=I3JgTAkhyQU
22500026,I3JgTAkhyQU,mid-court-logo,70.6,2534.63,https://www.youtube.com/watch?v=I3JgTAkhyQU
22500026,1H1mkaT8g3o,back-court-logo,25.6,2484.61,https://www.youtube.com/watch?v=1H1mkaT8g3o
22500026,1H1mkaT8g3o,basket-logo,102.0,426.79,https://www.youtube.com/watch?v=1H1mkaT8g3o
22500026,1H1mkaT8g3o,side-court-led-logo,89.6,6602.33,https://www.youtube.com/watch?v=1H1mkaT8g3o
22500026,1H1mkaT8g3o,side-court-logo,21.2,1319.09,https://www.youtube.com/watch?v=1H1mkaT8g3o
22500026,1H1mkaT8g3o,mid-court-logo,24.0,2336.6,https://www.youtube.com/watch?v=1H1mkaT8g3o
22500026,1-a1ofH5ee0,basket-logo,464.8,605.71,https://www.youtube.com/watch?v=1-a1ofH5ee0
22500026,1-a1ofH5ee0,side-court-logo,4.4,7064.71,https://www.youtube.com/watch?v=1-a1ofH5ee0
22500026,1-a1ofH5ee0,side-court-led-logo,320.8,6828.27,https://www.youtube.com/watch?v=1-a1ofH5ee0
22500026,1-a1ofH5ee0,mid-court-logo,21.6,2723.77,https://www.youtube.com/watch?v=1-a1ofH5ee0
22500115,MGmJNfFuLmI,side-court-led-logo,378.4,3989.2,https://www.youtube.com/watch?v=MGmJNfFuLmI
22500115,MGmJNfFuLmI,mid-court-logo,445.8,4594.68,https://www.youtube.com/watch?v=MGmJNfFuLmI
22500115,MGmJNfFuLmI,back-court-logo,447.2,2593.96,https://www.youtube.com/watch?v=MGmJNfFuLmI
22500115,MGmJNfFuLmI,side-court-logo,425.6,1932.94,https://www.youtube.com/watch?v=MGmJNfFuLmI
22500115,MGmJNfFuLmI,basket-logo,439.6,450.36,https://www.youtube.com/watch?v=MGmJNfFuLmI
22500123,zu2g_9KfgO4,side-court-led-logo,540.4,2370.92,https://www.youtube.com/watch?v=zu2g_9KfgO4
22500123,zu2g_9KfgO4,mid-court-logo,458.4,4155.68,https://www.youtube.com/watch?v=zu2g_9KfgO4
22500123,zu2g_9KfgO4,side-court-logo,506.8,2462.04,https://www.youtube.com/watch?v=zu2g_9KfgO4
22500123,zu2g_9KfgO4,back-court-logo,483.4,2978.54,https://www.youtube.com/watch?v=zu2g_9KfgO4
22500123,zu2g_9KfgO4,basket-logo,445.2,426.71,https://www.youtube.com/watch?v=zu2g_9KfgO4
22500123,FEvV7T0WiuM,side-court-led-logo,527.8,2438.18,https://www.youtube.com/watch?v=FEvV7T0WiuM
22500123,FEvV7T0WiuM,mid-court-logo,428.0,4450.46,https://www.youtube.com/watch?v=FEvV7T0WiuM
22500123,FEvV7T0WiuM,side-court-logo,509.0,2525.06,https://www.youtube.com/watch?v=FEvV7T0WiuM
22500123,FEvV7T0WiuM,back-court-logo,484.8,3100.61,https://www.youtube.com/watch?v=FEvV7T0WiuM
22500123,FEvV7T0WiuM,basket-logo,471.2,447.59,https://www.youtube.com/watch?v=FEvV7T0WiuM
22500136,TequnYSbZrM,basket-logo,447.8,413.43,https://www.youtube.com/watch?v=TequnYSbZrM
22500136,TequnYSbZrM,side-court-led-logo,293.6,2942.95,https://www.youtube.com/watch?v=TequnYSbZrM
22500136,TequnYSbZrM,side-court-logo,501.0,783.95,https://www.youtube.com/watch?v=TequnYSbZrM
22500136,TequnYSbZrM,back-court-logo,468.2,3114.67,https://www.youtube.com/watch?v=TequnYSbZrM
22500136,TequnYSbZrM,mid-court-logo,333.0,3605.06,https://www.youtube.com/watch?v=TequnYSbZrM
22500136,XX7I9-ieTSA,side-court-led-logo,638.4,2004.86,https://www.youtube.com/watch?v=XX7I9-ieTSA
22500136,XX7I9-ieTSA,side-court-logo,616.4,562.68,https://www.youtube.com/watch?v=XX7I9-ieTSA
22500136,XX7I9-ieTSA,mid-court-logo,477.2,3583.84,https://www.youtube.com/watch?v=XX7I9-ieTSA
22500136,XX7I9-ieTSA,back-court-logo,641.6,2129.26,https://www.youtube.com/watch?v=XX7I9-ieTSA
22500136,XX7I9-ieTSA,basket-logo,637.0,291.14,https://www.youtube.com/watch?v=XX7I9-ieTSA
22500136,KeuIH6NTK4M,mid-court-logo,345.0,3655.95,https://www.youtube.com/watch?v=KeuIH6NTK4M
22500136,KeuIH6NTK4M,side-court-logo,491.8,781.84,https://www.youtube.com/watch?v=KeuIH6NTK4M
22500136,KeuIH6NTK4M,side-court-led-logo,311.2,2832.43,https://www.youtube.com/watch?v=KeuIH6NTK4M
22500136,KeuIH6NTK4M,back-court-logo,480.2,2952.58,https://www.youtube.com/watch?v=KeuIH6NTK4M
22500136,KeuIH6NTK4M,basket-logo,469.6,406.88,https://www.youtube.com/watch?v=KeuIH6NTK4M
22500136,tyWH2Ud1bOs,back-court-logo,345.8,2151.63,https://www.youtube.com/watch?v=tyWH2Ud1bOs
22500136,tyWH2Ud1bOs,side-court-led-logo,337.6,2127.76,https://www.youtube.com/watch?v=tyWH2Ud1bOs
22500136,tyWH2Ud1bOs,basket-logo,345.8,288.63,https://www.youtube.com/watch?v=tyWH2Ud1bOs
22500136,tyWH2Ud1bOs,side-court-logo,337.6,570.36,https://www.youtube.com/watch?v=tyWH2Ud1bOs
22500136,tyWH2Ud1bOs,mid-court-logo,281.6,3604.0,https://www.youtube.com/watch?v=tyWH2Ud1bOs
22500021,esHDI24YBCs,side-court-led-logo,369.4,4254.71,https://www.youtube.com/watch?v=esHDI24YBCs
22500021,esHDI24YBCs,mid-court-logo,222.0,4524.7,https://www.youtube.com/watch?v=esHDI24YBCs
22500021,esHDI24YBCs,side-court-logo,175.6,823.48,https://www.youtube.com/watch?v=esHDI24YBCs
22500021,esHDI24YBCs,basket-logo,470.4,462.53,https://www.youtube.com/watch?v=esHDI24YBCs
22500021,esHDI24YBCs,back-court-logo,462.8,4418.19,https://www.youtube.com/watch?v=esHDI24YBCs
22500021,dzzXdsnhIlk,side-court-led-logo,391.4,4223.42,https://www.youtube.com/watch?v=dzzXdsnhIlk
22500021,dzzXdsnhIlk,basket-logo,476.2,441.02,https://www.youtube.com/watch?v=dzzXdsnhIlk
22500021,dzzXdsnhIlk,back-court-logo,466.6,4000.85,https://www.youtube.com/watch?v=dzzXdsnhIlk
22500021,dzzXdsnhIlk,mid-court-logo,239.2,4324.04,https://www.youtube.com/watch?v=dzzXdsnhIlk
22500021,dzzXdsnhIlk,side-court-logo,226.4,779.5,https://www.youtube.com/watch?v=dzzXdsnhIlk
22500021,fg_LxSqTEwc,basket-logo,61.2,372.04,https://www.youtube.com/watch?v=fg_LxSqTEwc
22500021,fg_LxSqTEwc,back-court-logo,61.2,3036.45,https://www.youtube.com/watch?v=fg_LxSqTEwc
22500021,fg_LxSqTEwc,side-court-led-logo,67.6,4752.87,https://www.youtube.com/watch?v=fg_LxSqTEwc
22500021,fg_LxSqTEwc,mid-court-logo,47.0,3762.96,https://www.youtube.com/watch?v=fg_LxSqTEwc
22500021,fg_LxSqTEwc,side-court-logo,33.8,717.3,https://www.youtube.com/watch?v=fg_LxSqTEwc
22500021,OHWeWIsdytw,back-court-logo,257.4,4170.93,https://www.youtube.com/watch?v=OHWeWIsdytw
22500021,OHWeWIsdytw,basket-logo,264.0,441.9,https://www.youtube.com/watch?v=OHWeWIsdytw
22500021,OHWeWIsdytw,side-court-led-logo,244.6,4777.01,https://www.youtube.com/watch?v=OHWeWIsdytw
22500021,OHWeWIsdytw,mid-court-logo,168.8,4680.5,https://www.youtube.com/watch?v=OHWeWIsdytw
22500021,OHWeWIsdytw,side-court-logo,97.8,824.87,https://www.youtube.com/watch?v=OHWeWIsdytw
22500130,b1DtzpwI6hw,basket-logo,456.2,461.2,https://www.youtube.com/watch?v=b1DtzpwI6hw
22500130,b1DtzpwI6hw,side-court-logo,470.4,1779.59,https://www.youtube.com/watch?v=b1DtzpwI6hw
22500130,b1DtzpwI6hw,back-court-logo,419.6,1497.0,https://www.youtube.com/watch?v=b1DtzpwI6hw
22500130,b1DtzpwI6hw,mid-court-logo,454.8,4801.43,https://www.youtube.com/watch?v=b1DtzpwI6hw
22500130,b1DtzpwI6hw,side-court-led-logo,296.0,3277.03,https://www.youtube.com/watch?v=b1DtzpwI6hw
22500130,sizx1AvXLa8,mid-court-logo,486.2,4801.62,https://www.youtube.com/watch?v=sizx1AvXLa8
22500130,sizx1AvXLa8,side-court-logo,503.8,1729.98,https://www.youtube.com/watch?v=sizx1AvXLa8
22500130,sizx1AvXLa8,side-court-led-logo,333.8,3024.07,https://www.youtube.com/watch?v=sizx1AvXLa8
22500130,sizx1AvXLa8,back-court-logo,438.4,1458.35,https://www.youtube.com/watch?v=sizx1AvXLa8
22500130,sizx1AvXLa8,basket-logo,476.0,453.95,https://www.youtube.com/watch?v=sizx1AvXLa8
22500130,lJsz9IMv0EI,basket-logo,473.8,457.54,https://www.youtube.com/watch?v=lJsz9IMv0EI
22500130,lJsz9IMv0EI,side-court-logo,498.0,1737.69,https://www.youtube.com/watch?v=lJsz9IMv0EI
22500130,lJsz9IMv0EI,back-court-logo,436.4,1475.44,https://www.youtube.com/watch?v=lJsz9IMv0EI
22500130,lJsz9IMv0EI,side-court-led-logo,315.0,2811.37,https://www.youtube.com/watch?v=lJsz9IMv0EI
22500130,lJsz9IMv0EI,mid-court-logo,490.8,4906.14,https://www.youtube.com/watch?v=lJsz9IMv0EI
22500126,Wit9RYxLq-w,mid-court-logo,325.2,6022.19,https://www.youtube.com/watch?v=Wit9RYxLq-w
22500126,Wit9RYxLq-w,side-court-led-logo,302.0,4378.49,https://www.youtube.com/watch?v=Wit9RYxLq-w
22500126,Wit9RYxLq-w,basket-logo,383.6,549.36,https://www.youtube.com/watch?v=Wit9RYxLq-w
22500126,Wit9RYxLq-w,side-court-logo,485.2,2264.62,https://www.youtube.com/watch?v=Wit9RYxLq-w
22500126,Wit9RYxLq-w,back-court-logo,1.4,1953.79,https://www.youtube.com/watch?v=Wit9RYxLq-w
22500126,FRT8vbbWaso,side-court-led-logo,285.8,5239.44,https://www.youtube.com/watch?v=FRT8vbbWaso
22500126,FRT8vbbWaso,side-court-logo,471.2,2260.99,https://www.youtube.com/watch?v=FRT8vbbWaso
22500126,FRT8vbbWaso,basket-logo,411.6,571.83,https://www.youtube.com/watch?v=FRT8vbbWaso
22500126,FRT8vbbWaso,mid-court-logo,303.6,5692.34,https://www.youtube.com/watch?v=FRT8vbbWaso
22500126,FRT8vbbWaso,back-court-logo,2.6,4124.15,https://www.youtube.com/watch?v=FRT8vbbWaso
22500125,KXRWAIwJZQY,basket-logo,506.8,305.73,https://www.youtube.com/watch?v=KXRWAIwJZQY
22500125,KXRWAIwJZQY,side-court-led-logo,535.4,1334.09,https://www.youtube.com/watch?v=KXRWAIwJZQY
22500125,KXRWAIwJZQY,back-court-logo,517.8,2069.55,https://www.youtube.com/watch?v=KXRWAIwJZQY
22500125,KXRWAIwJZQY,mid-court-logo,517.4,2699.18,https://www.youtube.com/watch?v=KXRWAIwJZQY
22500125,KXRWAIwJZQY,side-court-logo,449.8,577.03,https://www.youtube.com/watch?v=KXRWAIwJZQY
22500125,ZG202vgStqo,side-court-led-logo,531.8,1464.63,https://www.youtube.com/watch?v=ZG202vgStqo
22500125,ZG202vgStqo,mid-court-logo,511.0,2635.08,https://www.youtube.com/watch?v=ZG202vgStqo
22500125,ZG202vgStqo,basket-logo,494.6,305.25,https://www.youtube.com/watch?v=ZG202vgStqo
22500125,ZG202vgStqo,back-court-logo,507.0,2059.73,https://www.youtube.com/watch?v=ZG202vgStqo
22500125,ZG202vgStqo,side-court-logo,421.0,577.29,https://www.youtube.com/watch?v=ZG202vgStqo
22500146,F1mZo1vCHiY,side-court-led-logo,482.8,2663.95,https://www.youtube.com/watch?v=F1mZo1vCHiY
22500146,F1mZo1vCHiY,mid-court-logo,408.6,2472.19,https://www.youtube.com/watch?v=F1mZo1vCHiY
22500146,F1mZo1vCHiY,side-court-logo,470.4,2299.36,https://www.youtube.com/watch?v=F1mZo1vCHiY
22500146,F1mZo1vCHiY,basket-logo,423.0,606.4,https://www.youtube.com/watch?v=F1mZo1vCHiY
22500146,F1mZo1vCHiY,back-court-logo,437.2,3833.48,https://www.youtube.com/watch?v=F1mZo1vCHiY
22500146,v_TyMJh7Mxk,side-court-led-logo,525.8,2278.33,https://www.youtube.com/watch?v=v_TyMJh7Mxk
22500146,v_TyMJh7Mxk,mid-court-logo,458.0,2398.31,https://www.youtube.com/watch?v=v_TyMJh7Mxk
22500146,v_TyMJh7Mxk,side-court-logo,515.2,2248.06,https://www.youtube.com/watch?v=v_TyMJh7Mxk
22500146,v_TyMJh7Mxk,back-court-logo,478.0,3679.53,https://www.youtube.com/watch?v=v_TyMJh7Mxk
22500146,v_TyMJh7Mxk,basket-logo,467.6,591.23,https://www.youtube.com/watch?v=v_TyMJh7Mxk
22500146,p_j_hxX5i6o,side-court-led-logo,520.2,2707.98,https://www.youtube.com/watch?v=p_j_hxX5i6o
22500146,p_j_hxX5i6o,mid-court-logo,440.4,2419.05,https://www.youtube.com/watch?v=p_j_hxX5i6o
22500146,p_j_hxX5i6o,side-court-logo,499.6,2339.97,https://www.youtube.com/watch?v=p_j_hxX5i6o
22500146,p_j_hxX5i6o,back-court-logo,476.6,3889.82,https://www.youtube.com/watch?v=p_j_hxX5i6o
22500146,p_j_hxX5i6o,basket-logo,465.8,607.33,https://www.youtube.com/watch?v=p_j_hxX5i6o
22500146,RMdeFU2IQHE,back-court-logo,463.8,3909.16,https://www.youtube.com/watch?v=RMdeFU2IQHE
22500146,RMdeFU2IQHE,side-court-led-logo,509.8,2627.91,https://www.youtube.com/watch?v=RMdeFU2IQHE
22500146,RMdeFU2IQHE,basket-logo,453.4,615.78,https://www.youtube.com/watch?v=RMdeFU2IQHE
22500146,RMdeFU2IQHE,mid-court-logo,419.6,2462.71,https://www.youtube.com/watch?v=RMdeFU2IQHE
22500146,RMdeFU2IQHE,side-court-logo,496.4,2325.5,https://www.youtube.com/watch?v=RMdeFU2IQHE
22500146,x8KMsydyH-I,side-court-led-logo,436.8,4542.12,https://www.youtube.com/watch?v=x8KMsydyH-I
22500146,x8KMsydyH-I,mid-court-logo,177.6,3788.18,https://www.youtube.com/watch?v=x8KMsydyH-I
22500146,x8KMsydyH-I,side-court-logo,374.4,3392.07,https://www.youtube.com/watch?v=x8KMsydyH-I
22500146,x8KMsydyH-I,back-court-logo,376.2,7435.89,https://www.youtube.com/watch?v=x8KMsydyH-I
22500146,x8KMsydyH-I,basket-logo,415.2,904.47,https://www.youtube.com/watch?v=x8KMsydyH-I
22500120,0XXGnNZSahg,mid-court-logo,356.4,4069.49,https://www.youtube.com/watch?v=0XXGnNZSahg
22500120,0XXGnNZSahg,side-court-logo,471.8,1443.86,https://www.youtube.com/watch?v=0XXGnNZSahg
22500120,0XXGnNZSahg,side-court-led-logo,311.8,4033.76,https://www.youtube.com/watch?v=0XXGnNZSahg
22500120,0XXGnNZSahg,back-court-logo,442.0,2049.12,https://www.youtube.com/watch?v=0XXGnNZSahg
22500120,0XXGnNZSahg,basket-logo,422.6,422.43,https://www.youtube.com/watch?v=0XXGnNZSahg
22500120,rt7psngIfKw,mid-court-logo,362.4,3934.48,https://www.youtube.com/watch?v=rt7psngIfKw
22500120,rt7psngIfKw,side-court-logo,481.2,1421.31,https://www.youtube.com/watch?v=rt7psngIfKw
22500120,rt7psngIfKw,side-court-led-logo,316.4,3701.22,https://www.youtube.com/watch?v=rt7psngIfKw
22500120,rt7psngIfKw,back-court-logo,448.2,2022.56,https://www.youtube.com/watch?v=rt7psngIfKw
22500120,rt7psngIfKw,basket-logo,427.8,409.88,https://www.youtube.com/watch?v=rt7psngIfKw
22500128,-FypeTa5p70,basket-logo,476.2,374.73,https://www.youtube.com/watch?v=-FypeTa5p70
22500128,-FypeTa5p70,side-court-led-logo,299.6,2733.24,https://www.youtube.com/watch?v=-FypeTa5p70
22500128,-FypeTa5p70,mid-court-logo,487.2,2240.11,https://www.youtube.com/watch?v=-FypeTa5p70
22500128,-FypeTa5p70,side-court-logo,508.6,841.32,https://www.youtube.com/watch?v=-FypeTa5p70
22500128,-FypeTa5p70,back-court-logo,489.4,2964.9,https://www.youtube.com/watch?v=-FypeTa5p70
22500128,5IjtWeZiYjM,mid-court-logo,493.8,2219.78,https://www.youtube.com/watch?v=5IjtWeZiYjM
22500128,5IjtWeZiYjM,side-court-logo,502.6,816.58,https://www.youtube.com/watch?v=5IjtWeZiYjM
22500128,5IjtWeZiYjM,side-court-led-logo,319.2,2082.3,https://www.youtube.com/watch?v=5IjtWeZiYjM
22500128,5IjtWeZiYjM,back-court-logo,489.4,2842.13,https://www.youtube.com/watch?v=5IjtWeZiYjM
22500128,5IjtWeZiYjM,basket-logo,479.2,358.08,https://www.youtube.com/watch?v=5IjtWeZiYjM
22500128,pAjYBIihlk0,side-court-led-logo,309.6,2686.14,https://www.youtube.com/watch?v=pAjYBIihlk0
22500128,pAjYBIihlk0,basket-logo,493.6,363.98,https://www.youtube.com/watch?v=pAjYBIihlk0
22500128,pAjYBIihlk0,back-court-logo,503.6,2887.22,https://www.youtube.com/watch?v=pAjYBIihlk0
22500128,pAjYBIihlk0,mid-court-logo,496.2,2183.39,https://www.youtube.com/watch?v=pAjYBIihlk0
22500128,pAjYBIihlk0,side-court-logo,518.8,829.94,https://www.youtube.com/watch?v=pAjYBIihlk0
22500128,3JrKABGDMDQ,back-court-logo,644.4,7338.45,https://www.youtube.com/watch?v=3JrKABGDMDQ
22500128,3JrKABGDMDQ,basket-logo,614.0,686.05,https://www.youtube.com/watch?v=3JrKABGDMDQ
22500128,3JrKABGDMDQ,side-court-logo,564.4,1485.11,https://www.youtube.com/watch?v=3JrKABGDMDQ
22500128,3JrKABGDMDQ,mid-court-logo,359.0,2884.99,https://www.youtube.com/watch?v=3JrKABGDMDQ
22500128,3JrKABGDMDQ,side-court-led-logo,98.8,4851.89,https://www.youtube.com/watch?v=3JrKABGDMDQ
22500135,UXaPBchknSY,back-court-logo,482.0,1972.81,https://www.youtube.com/watch?v=UXaPBchknSY
22500135,UXaPBchknSY,side-court-led-logo,307.2,1838.53,https://www.youtube.com/watch?v=UXaPBchknSY
22500135,UXaPBchknSY,side-court-logo,510.8,1424.69,https://www.youtube.com/watch?v=UXaPBchknSY
22500135,UXaPBchknSY,mid-court-logo,359.0,3653.21,https://www.youtube.com/watch?v=UXaPBchknSY
22500135,UXaPBchknSY,basket-logo,466.6,423.1,https://www.youtube.com/watch?v=UXaPBchknSY
22500135,VGwyAal0CXg,back-court-logo,495.4,1932.64,https://www.youtube.com/watch?v=VGwyAal0CXg
22500135,VGwyAal0CXg,basket-logo,472.6,429.48,https://www.youtube.com/watch?v=VGwyAal0CXg
22500135,VGwyAal0CXg,side-court-led-logo,319.0,2261.09,https://www.youtube.com/watch?v=VGwyAal0CXg
22500135,VGwyAal0CXg,mid-court-logo,367.0,3683.84,https://www.youtube.com/watch?v=VGwyAal0CXg
22500135,VGwyAal0CXg,side-court-logo,526.0,1431.13,https://www.youtube.com/watch?v=VGwyAal0CXg
22500135,lHziXjQadJM,back-court-logo,483.8,1943.86,https://www.youtube.com/watch?v=lHziXjQadJM
22500135,lHziXjQadJM,side-court-led-logo,293.8,2445.71,https://www.youtube.com/watch?v=lHziXjQadJM
22500135,lHziXjQadJM,side-court-logo,508.4,1427.07,https://www.youtube.com/watch?v=lHziXjQadJM
22500135,lHziXjQadJM,basket-logo,466.6,428.52,https://www.youtube.com/watch?v=lHziXjQadJM
22500135,lHziXjQadJM,mid-court-logo,335.0,3437.45,https://www.youtube.com/watch?v=lHziXjQadJM
22500135,iOxBkY2DfkM,back-court-logo,155.6,1910.31,https://www.youtube.com/watch?v=iOxBkY2DfkM
22500135,iOxBkY2DfkM,mid-court-logo,102.0,3623.87,https://www.youtube.com/watch?v=iOxBkY2DfkM
22500135,iOxBkY2DfkM,side-court-led-logo,96.4,2499.82,https://www.youtube.com/watch?v=iOxBkY2DfkM
22500135,iOxBkY2DfkM,side-court-logo,166.4,1443.35,https://www.youtube.com/watch?v=iOxBkY2DfkM
22500135,iOxBkY2DfkM,basket-logo,151.6,396.68,https://www.youtube.com/watch?v=iOxBkY2DfkM
22500131,C5PWSPadmVY,back-court-logo,498.6,3376.81,https://www.youtube.com/watch?v=C5PWSPadmVY
22500131,C5PWSPadmVY,mid-court-logo,535.8,4832.89,https://www.youtube.com/watch?v=C5PWSPadmVY
22500131,C5PWSPadmVY,basket-logo,493.2,550.54,https://www.youtube.com/watch?v=C5PWSPadmVY
22500131,C5PWSPadmVY,side-court-led-logo,547.0,1827.26,https://www.youtube.com/watch?v=C5PWSPadmVY
22500131,C5PWSPadmVY,side-court-logo,524.0,1991.26,https://www.youtube.com/watch?v=C5PWSPadmVY
22500131,3VfTLTx6G9c,side-court-led-logo,541.8,1912.26,https://www.youtube.com/watch?v=3VfTLTx6G9c
22500131,3VfTLTx6G9c,mid-court-logo,404.4,3797.58,https://www.youtube.com/watch?v=3VfTLTx6G9c
22500131,3VfTLTx6G9c,side-court-logo,509.4,1941.5,https://www.youtube.com/watch?v=3VfTLTx6G9c
22500131,3VfTLTx6G9c,back-court-logo,477.6,3270.87,https://www.youtube.com/watch?v=3VfTLTx6G9c
22500131,3VfTLTx6G9c,basket-logo,461.8,545.04,https://www.youtube.com/watch?v=3VfTLTx6G9c
22500131,sLj3m4gW15Y,side-court-led-logo,549.0,1910.93,https://www.youtube.com/watch?v=sLj3m4gW15Y
22500131,sLj3m4gW15Y,mid-court-logo,395.2,3791.17,https://www.youtube.com/watch?v=sLj3m4gW15Y
22500131,sLj3m4gW15Y,side-court-logo,523.0,2007.59,https://www.youtube.com/watch?v=sLj3m4gW15Y
22500131,sLj3m4gW15Y,back-court-logo,493.4,3379.11,https://www.youtube.com/watch?v=sLj3m4gW15Y
22500131,sLj3m4gW15Y,basket-logo,481.8,549.05,https://www.youtube.com/watch?v=sLj3m4gW15Y
22500131,SbikhJLgLTM,back-court-logo,486.0,3250.82,https://www.youtube.com/watch?v=SbikhJLgLTM
22500131,SbikhJLgLTM,side-court-led-logo,550.2,1908.62,https://www.youtube.com/watch?v=SbikhJLgLTM
22500131,SbikhJLgLTM,basket-logo,473.0,539.12,https://www.youtube.com/watch?v=SbikhJLgLTM
22500131,SbikhJLgLTM,side-court-logo,524.8,1937.75,https://www.youtube.com/watch?v=SbikhJLgLTM
22500131,SbikhJLgLTM,mid-court-logo,378.8,3772.78,https://www.youtube.com/watch?v=SbikhJLgLTM
22500131,sxoss77WdOc,side-court-led-logo,479.2,2352.15,https://www.youtube.com/watch?v=sxoss77WdOc
22500131,sxoss77WdOc,mid-court-logo,377.6,3572.03,https://www.youtube.com/watch?v=sxoss77WdOc
22500131,sxoss77WdOc,side-court-logo,445.6,1984.6,https://www.youtube.com/watch?v=sxoss77WdOc
22500131,sxoss77WdOc,back-court-logo,403.0,3408.65,https://www.youtube.com/watch?v=sxoss77WdOc
22500131,sxoss77WdOc,basket-logo,375.4,542.08,https://www.youtube.com/watch?v=sxoss77WdOc
22500114,rVNgdHGeRLc,side-court-logo,517.6,2286.94,https://www.youtube.com/watch?v=rVNgdHGeRLc
22500114,rVNgdHGeRLc,mid-court-logo,303.0,4523.09,https://www.youtube.com/watch?v=rVNgdHGeRLc
22500114,rVNgdHGeRLc,side-court-led-logo,345.4,4425.42,https://www.youtube.com/watch?v=rVNgdHGeRLc
22500114,rVNgdHGeRLc,back-court-logo,491.2,4506.88,https://www.youtube.com/watch?v=rVNgdHGeRLc
22500114,rVNgdHGeRLc,basket-logo,478.4,656.94,https://www.youtube.com/watch?v=rVNgdHGeRLc
22500114,uJuRcI4E-b4,basket-logo,552.8,652.51,https://www.youtube.com/watch?v=uJuRcI4E-b4
22500114,uJuRcI4E-b4,mid-court-logo,342.8,4434.44,https://www.youtube.com/watch?v=uJuRcI4E-b4
22500114,uJuRcI4E-b4,side-court-led-logo,392.0,4398.79,https://www.youtube.com/watch?v=uJuRcI4E-b4
22500114,uJuRcI4E-b4,side-court-logo,583.8,2284.07,https://www.youtube.com/watch?v=uJuRcI4E-b4
22500114,uJuRcI4E-b4,back-court-logo,561.6,4490.91,https://www.youtube.com/watch?v=uJuRcI4E-b4
22500022,O4sfumPz6oE,basket-logo,444.8,443.94,https://www.youtube.com/watch?v=O4sfumPz6oE
22500022,O4sfumPz6oE,side-court-led-logo,403.4,2862.77,https://www.youtube.com/watch?v=O4sfumPz6oE
22500022,O4sfumPz6oE,mid-court-logo,200.4,2472.21,https://www.youtube.com/watch?v=O4sfumPz6oE
22500022,O4sfumPz6oE,side-court-logo,168.4,1716.21,https://www.youtube.com/watch?v=O4sfumPz6oE
22500022,O4sfumPz6oE,back-court-logo,351.4,2353.59,https://www.youtube.com/watch?v=O4sfumPz6oE
22500022,CWrkwxbQulw,side-court-led-logo,524.6,1225.71,https://www.youtube.com/watch?v=CWrkwxbQulw
22500022,CWrkwxbQulw,side-court-logo,21.2,950.18,https://www.youtube.com/watch?v=CWrkwxbQulw
22500022,CWrkwxbQulw,mid-court-logo,186.8,2028.11,https://www.youtube.com/watch?v=CWrkwxbQulw
22500022,CWrkwxbQulw,basket-logo,517.8,270.2,https://www.youtube.com/watch?v=CWrkwxbQulw
22500022,CWrkwxbQulw,back-court-logo,331.2,1489.46,https://www.youtube.com/watch?v=CWrkwxbQulw
22500022,hmFJjTamL7g,basket-logo,474.0,426.06,https://www.youtube.com/watch?v=hmFJjTamL7g
22500022,hmFJjTamL7g,side-court-led-logo,443.2,2645.68,https://www.youtube.com/watch?v=hmFJjTamL7g
22500022,hmFJjTamL7g,back-court-logo,384.0,2217.69,https://www.youtube.com/watch?v=hmFJjTamL7g
22500022,hmFJjTamL7g,side-court-logo,197.2,1667.8,https://www.youtube.com/watch?v=hmFJjTamL7g
22500022,hmFJjTamL7g,mid-court-logo,232.4,2620.29,https://www.youtube.com/watch?v=hmFJjTamL7g
22500022,EHk2THKqhvE,basket-logo,434.6,289.91,https://www.youtube.com/watch?v=EHk2THKqhvE
22500022,EHk2THKqhvE,side-court-led-logo,430.2,1443.35,https://www.youtube.com/watch?v=EHk2THKqhvE
22500022,EHk2THKqhvE,back-court-logo,303.4,1704.0,https://www.youtube.com/watch?v=EHk2THKqhvE
22500022,EHk2THKqhvE,mid-court-logo,173.2,2371.17,https://www.youtube.com/watch?v=EHk2THKqhvE
22500022,EHk2THKqhvE,side-court-logo,45.8,1040.02,https://www.youtube.com/watch?v=EHk2THKqhvE
22500022,KDQFhqQEoi4,basket-logo,201.8,306.49,https://www.youtube.com/watch?v=KDQFhqQEoi4
22500022,KDQFhqQEoi4,back-court-logo,148.0,1688.35,https://www.youtube.com/watch?v=KDQFhqQEoi4
22500022,KDQFhqQEoi4,side-court-led-logo,190.6,1387.95,https://www.youtube.com/watch?v=KDQFhqQEoi4
22500022,KDQFhqQEoi4,mid-court-logo,119.6,2137.82,https://www.youtube.com/watch?v=KDQFhqQEoi4
22500022,KDQFhqQEoi4,side-court-logo,39.2,1044.48,https://www.youtube.com/watch?v=KDQFhqQEoi4
22500109,l6j0G1r6l74,basket-logo,502.4,334.73,https://www.youtube.com/watch?v=l6j0G1r6l74
22500109,l6j0G1r6l74,side-court-led-logo,535.2,1823.59,https://www.youtube.com/watch?v=l6j0G1r6l74
22500109,l6j0G1r6l74,back-court-logo,517.6,2264.61,https://www.youtube.com/watch?v=l6j0G1r6l74
22500109,l6j0G1r6l74,side-court-logo,502.6,1874.12,https://www.youtube.com/watch?v=l6j0G1r6l74
22500109,l6j0G1r6l74,mid-court-logo,441.0,3304.75,https://www.youtube.com/watch?v=l6j0G1r6l74
22500124,CcCdHVfeTfQ,back-court-logo,511.2,2587.52,https://www.youtube.com/watch?v=CcCdHVfeTfQ
22500124,CcCdHVfeTfQ,side-court-led-logo,149.0,1882.28,https://www.youtube.com/watch?v=CcCdHVfeTfQ
22500124,CcCdHVfeTfQ,basket-logo,500.4,528.1,https://www.youtube.com/watch?v=CcCdHVfeTfQ
22500124,CcCdHVfeTfQ,side-court-logo,519.8,2107.5,https://www.youtube.com/watch?v=CcCdHVfeTfQ
22500124,CcCdHVfeTfQ,mid-court-logo,400.2,5233.76,https://www.youtube.com/watch?v=CcCdHVfeTfQ
22500124,vHVU1k_wAJ0,back-court-logo,506.4,2934.11,https://www.youtube.com/watch?v=vHVU1k_wAJ0
22500124,vHVU1k_wAJ0,basket-logo,578.8,631.27,https://www.youtube.com/watch?v=vHVU1k_wAJ0
22500124,vHVU1k_wAJ0,mid-court-logo,397.4,5760.91,https://www.youtube.com/watch?v=vHVU1k_wAJ0
22500124,vHVU1k_wAJ0,side-court-led-logo,153.2,3301.23,https://www.youtube.com/watch?v=vHVU1k_wAJ0
22500124,vHVU1k_wAJ0,side-court-logo,515.4,2197.19,https://www.youtube.com/watch?v=vHVU1k_wAJ0
22500124,wLfPaEwG68Y,basket-logo,536.2,824.06,https://www.youtube.com/watch?v=wLfPaEwG68Y
22500124,wLfPaEwG68Y,back-court-logo,523.4,4645.46,https://www.youtube.com/watch?v=wLfPaEwG68Y
22500124,wLfPaEwG68Y,side-court-logo,485.4,3120.74,https://www.youtube.com/watch?v=wLfPaEwG68Y
22500124,wLfPaEwG68Y,mid-court-logo,165.2,4751.17,https://www.youtube.com/watch?v=wLfPaEwG68Y
22500124,wLfPaEwG68Y,side-court-led-logo,39.6,9322.58,https://www.youtube.com/watch?v=wLfPaEwG68Y
22500117,E-IrOyv0eqw,mid-court-logo,453.4,4353.85,https://www.youtube.com/watch?v=E-IrOyv0eqw
22500117,E-IrOyv0eqw,side-court-led-logo,396.0,3294.84,https://www.youtube.com/watch?v=E-IrOyv0eqw
22500117,E-IrOyv0eqw,side-court-logo,466.6,2338.38,https://www.youtube.com/watch?v=E-IrOyv0eqw
22500117,E-IrOyv0eqw,basket-logo,463.6,328.01,https://www.youtube.com/watch?v=E-IrOyv0eqw
22500117,E-IrOyv0eqw,back-court-logo,5.2,2230.83,https://www.youtube.com/watch?v=E-IrOyv0eqw
22500117,hejJ53BHxps,mid-court-logo,433.0,4357.81,https://www.youtube.com/watch?v=hejJ53BHxps
22500117,hejJ53BHxps,side-court-led-logo,381.2,3404.87,https://www.youtube.com/watch?v=hejJ53BHxps
22500117,hejJ53BHxps,side-court-logo,446.8,2348.28,https://www.youtube.com/watch?v=hejJ53BHxps
22500117,hejJ53BHxps,basket-logo,443.2,325.43,https://www.youtube.com/watch?v=hejJ53BHxps
22500117,hejJ53BHxps,back-court-logo,7.6,3090.9,https://www.youtube.com/watch?v=hejJ53BHxps
22500134,qY-an-xBb1s,basket-logo,497.8,499.49,https://www.youtube.com/watch?v=qY-an-xBb1s
22500134,qY-an-xBb1s,back-court-logo,502.8,5147.61,https://www.youtube.com/watch?v=qY-an-xBb1s
22500134,qY-an-xBb1s,side-court-led-logo,523.4,2135.05,https://www.youtube.com/watch?v=qY-an-xBb1s
22500134,qY-an-xBb1s,mid-court-logo,473.8,2598.85,https://www.youtube.com/watch?v=qY-an-xBb1s
22500134,qY-an-xBb1s,side-court-logo,494.8,2374.17,https://www.youtube.com/watch?v=qY-an-xBb1s
22500134,sJkav1-Kg70,side-court-led-logo,515.2,2217.72,https://www.youtube.com/watch?v=sJkav1-Kg70
22500134,sJkav1-Kg70,mid-court-logo,465.4,2338.3,https://www.youtube.com/watch?v=sJkav1-Kg70
22500134,sJkav1-Kg70,side-court-logo,480.4,2316.15,https://www.youtube.com/watch?v=sJkav1-Kg70
22500134,sJkav1-Kg70,back-court-logo,483.4,5106.21,https://www.youtube.com/watch?v=sJkav1-Kg70
22500134,sJkav1-Kg70,basket-logo,479.2,497.54,https://www.youtube.com/watch?v=sJkav1-Kg70
22500134,GcxIJJFGReQ,side-court-led-logo,393.0,2309.67,https://www.youtube.com/watch?v=GcxIJJFGReQ
22500134,GcxIJJFGReQ,mid-court-logo,338.2,2622.59,https://www.youtube.com/watch?v=GcxIJJFGReQ
22500134,GcxIJJFGReQ,side-court-logo,375.0,2322.29,https://www.youtube.com/watch?v=GcxIJJFGReQ
22500134,GcxIJJFGReQ,back-court-logo,369.8,5405.84,https://www.youtube.com/watch?v=GcxIJJFGReQ
22500134,GcxIJJFGReQ,basket-logo,361.0,507.65,https://www.youtube.com/watch?v=GcxIJJFGReQ
22500134,HBsn6xh5Bmw,basket-logo,400.2,512.36,https://www.youtube.com/watch?v=HBsn6xh5Bmw
22500134,HBsn6xh5Bmw,back-court-logo,409.6,5281.81,https://www.youtube.com/watch?v=HBsn6xh5Bmw
22500134,HBsn6xh5Bmw,side-court-led-logo,433.0,2488.69,https://www.youtube.com/watch?v=HBsn6xh5Bmw
22500134,HBsn6xh5Bmw,mid-court-logo,378.4,2312.36,https://www.youtube.com/watch?v=HBsn6xh5Bmw
22500134,HBsn6xh5Bmw,side-court-logo,413.4,2320.7,https://www.youtube.com/watch?v=HBsn6xh5Bmw
22500023,5OZCFLzs2wE,basket-logo,475.8,462.64,https://www.youtube.com/watch?v=5OZCFLzs2wE
22500023,5OZCFLzs2wE,back-court-logo,470.2,2872.52,https://www.youtube.com/watch?v=5OZCFLzs2wE
22500023,5OZCFLzs2wE,mid-court-logo,437.0,4315.35,https://www.youtube.com/watch?v=5OZCFLzs2wE
22500023,5OZCFLzs2wE,side-court-led-logo,431.8,4442.39,https://www.youtube.com/watch?v=5OZCFLzs2wE
22500023,5OZCFLzs2wE,side-court-logo,184.8,1636.4,https://www.youtube.com/watch?v=5OZCFLzs2wE
22500023,I6VdcBKAU9M,side-court-led-logo,472.8,3850.39,https://www.youtube.com/watch?v=I6VdcBKAU9M
22500023,I6VdcBKAU9M,basket-logo,472.8,446.37,https://www.youtube.com/watch?v=I6VdcBKAU9M
22500023,I6VdcBKAU9M,mid-court-logo,452.6,4707.67,https://www.youtube.com/watch?v=I6VdcBKAU9M
22500023,I6VdcBKAU9M,back-court-logo,468.0,2771.15,https://www.youtube.com/watch?v=I6VdcBKAU9M
22500023,I6VdcBKAU9M,side-court-logo,190.0,1580.71,https://www.youtube.com/watch?v=I6VdcBKAU9M
22500023,EmrNl4QIBuM,side-court-led-logo,461.4,4895.52,https://www.youtube.com/watch?v=EmrNl4QIBuM
22500023,EmrNl4QIBuM,mid-court-logo,459.8,4546.09,https://www.youtube.com/watch?v=EmrNl4QIBuM
22500023,EmrNl4QIBuM,back-court-logo,472.0,2799.03,https://www.youtube.com/watch?v=EmrNl4QIBuM
22500023,EmrNl4QIBuM,side-court-logo,196.6,1641.58,https://www.youtube.com/watch?v=EmrNl4QIBuM
22500023,EmrNl4QIBuM,basket-logo,473.8,455.91,https://www.youtube.com/watch?v=EmrNl4QIBuM
22500023,4kbJ3O9po2U,basket-logo,83.2,440.44,https://www.youtube.com/watch?v=4kbJ3O9po2U
22500023,4kbJ3O9po2U,back-court-logo,81.4,2661.94,https://www.youtube.com/watch?v=4kbJ3O9po2U
22500023,4kbJ3O9po2U,mid-court-logo,86.0,4459.58,https://www.youtube.com/watch?v=4kbJ3O9po2U
22500023,4kbJ3O9po2U,side-court-led-logo,84.4,4950.92,https://www.youtube.com/watch?v=4kbJ3O9po2U
22500023,4kbJ3O9po2U,side-court-logo,27.4,1507.16,https://www.youtube.com/watch?v=4kbJ3O9po2U
22500023,rzD5ihoU_tM,side-court-led-logo,452.4,4934.81,https://www.youtube.com/watch?v=rzD5ihoU_tM
22500023,rzD5ihoU_tM,basket-logo,481.4,457.18,https://www.youtube.com/watch?v=rzD5ihoU_tM
22500023,rzD5ihoU_tM,back-court-logo,482.6,2813.14,https://www.youtube.com/watch?v=rzD5ihoU_tM
22500023,rzD5ihoU_tM,mid-court-logo,448.0,4514.28,https://www.youtube.com/watch?v=rzD5ihoU_tM
22500023,rzD5ihoU_tM,side-court-logo,194.4,1563.57,https://www.youtube.com/watch?v=rzD5ihoU_tM
22500023,jichjBoQWQA,side-court-led-logo,224.0,8234.6,https://www.youtube.com/watch?v=jichjBoQWQA
22500023,jichjBoQWQA,mid-court-logo,83.2,3903.77,https://www.youtube.com/watch?v=jichjBoQWQA
22500023,jichjBoQWQA,side-court-logo,232.8,3275.82,https://www.youtube.com/watch?v=jichjBoQWQA
22500023,jichjBoQWQA,back-court-logo,498.0,6194.5,https://www.youtube.com/watch?v=jichjBoQWQA
22500023,jichjBoQWQA,basket-logo,561.0,749.25,https://www.youtube.com/watch?v=jichjBoQWQA
22500023,fV0i-QRuX2c,back-court-logo,359.4,5823.89,https://www.youtube.com/watch?v=fV0i-QRuX2c
22500023,fV0i-QRuX2c,basket-logo,372.6,694.24,https://www.youtube.com/watch?v=fV0i-QRuX2c
22500023,fV0i-QRuX2c,side-court-logo,166.0,3127.06,https://www.youtube.com/watch?v=fV0i-QRuX2c
22500023,fV0i-QRuX2c,side-court-led-logo,149.2,6543.69,https://www.youtube.com/watch?v=fV0i-QRuX2c
22500023,fV0i-QRuX2c,mid-court-logo,83.2,3516.61,https://www.youtube.com/watch?v=fV0i-QRuX2c
22500112,w_ZHMWGeZhY,basket-logo,477.0,435.34,https://www.youtube.com/watch?v=w_ZHMWGeZhY
22500112,w_ZHMWGeZhY,mid-court-logo,315.0,4045.63,https://www.youtube.com/watch?v=w_ZHMWGeZhY
22500112,w_ZHMWGeZhY,side-court-logo,509.6,1493.99,https://www.youtube.com/watch?v=w_ZHMWGeZhY
22500112,w_ZHMWGeZhY,side-court-led-logo,184.0,2798.2,https://www.youtube.com/watch?v=w_ZHMWGeZhY
22500007,gMV4Z2i4u1w,side-court-led-logo,468.6,2545.17,https://www.youtube.com/watch?v=gMV4Z2i4u1w
22500007,gMV4Z2i4u1w,back-court-logo,441.8,3929.91,https://www.youtube.com/watch?v=gMV4Z2i4u1w
22500007,gMV4Z2i4u1w,mid-court-logo,393.8,3617.3,https://www.youtube.com/watch?v=gMV4Z2i4u1w
22500007,gMV4Z2i4u1w,basket-logo,422.4,436.35,https://www.youtube.com/watch?v=gMV4Z2i4u1w
22500007,gMV4Z2i4u1w,side-court-logo,343.6,1531.66,https://www.youtube.com/watch?v=gMV4Z2i4u1w
22500007,0P4B4VN-HjM,basket-logo,459.8,432.25,https://www.youtube.com/watch?v=0P4B4VN-HjM
22500007,0P4B4VN-HjM,mid-court-logo,421.4,3652.75,https://www.youtube.com/watch?v=0P4B4VN-HjM
22500007,0P4B4VN-HjM,side-court-led-logo,496.4,2726.43,https://www.youtube.com/watch?v=0P4B4VN-HjM
22500007,0P4B4VN-HjM,back-court-logo,474.2,3882.09,https://www.youtube.com/watch?v=0P4B4VN-HjM
22500007,0P4B4VN-HjM,side-court-logo,374.0,1562.22,https://www.youtube.com/watch?v=0P4B4VN-HjM
22500007,fAnZ9hs2vp8,side-court-led-logo,455.6,2570.07,https://www.youtube.com/watch?v=fAnZ9hs2vp8
22500007,fAnZ9hs2vp8,basket-logo,406.0,429.99,https://www.youtube.com/watch?v=fAnZ9hs2vp8
22500007,fAnZ9hs2vp8,back-court-logo,420.4,3836.84,https://www.youtube.com/watch?v=fAnZ9hs2vp8
22500007,fAnZ9hs2vp8,mid-court-logo,377.0,3538.96,https://www.youtube.com/watch?v=fAnZ9hs2vp8
22500007,fAnZ9hs2vp8,side-court-logo,330.4,1471.12,https://www.youtube.com/watch?v=fAnZ9hs2vp8
22500024,culBGNz4J3U,side-court-logo,357.6,1464.51,https://www.youtube.com/watch?v=culBGNz4J3U
22500024,culBGNz4J3U,mid-court-logo,459.8,4650.8,https://www.youtube.com/watch?v=culBGNz4J3U
22500024,culBGNz4J3U,side-court-led-logo,495.2,5381.44,https://www.youtube.com/watch?v=culBGNz4J3U
22500024,culBGNz4J3U,basket-logo,442.8,397.35,https://www.youtube.com/watch?v=culBGNz4J3U
22500024,culBGNz4J3U,back-court-logo,401.6,2434.27,https://www.youtube.com/watch?v=culBGNz4J3U
22500024,imp7xwEz9Tg,side-court-led-logo,501.8,4575.78,https://www.youtube.com/watch?v=imp7xwEz9Tg
22500024,imp7xwEz9Tg,mid-court-logo,382.6,3897.12,https://www.youtube.com/watch?v=imp7xwEz9Tg
22500024,imp7xwEz9Tg,side-court-logo,299.2,1532.37,https://www.youtube.com/watch?v=imp7xwEz9Tg
22500024,imp7xwEz9Tg,basket-logo,480.0,413.37,https://www.youtube.com/watch?v=imp7xwEz9Tg
22500024,imp7xwEz9Tg,back-court-logo,459.0,2285.07,https://www.youtube.com/watch?v=imp7xwEz9Tg
22500024,qBpYJVKah6w,side-court-led-logo,508.2,3996.19,https://www.youtube.com/watch?v=qBpYJVKah6w
22500024,qBpYJVKah6w,side-court-logo,315.2,1617.39,https://www.youtube.com/watch?v=qBpYJVKah6w
22500024,qBpYJVKah6w,mid-court-logo,381.4,3955.15,https://www.youtube.com/watch?v=qBpYJVKah6w
22500024,qBpYJVKah6w,back-court-logo,483.6,2394.72,https://www.youtube.com/watch?v=qBpYJVKah6w
22500024,qBpYJVKah6w,basket-logo,500.4,423.34,https://www.youtube.com/watch?v=qBpYJVKah6w
22500024,cMvlI-j6q0E,basket-logo,345.4,398.06,https://www.youtube.com/watch?v=cMvlI-j6q0E
22500024,cMvlI-j6q0E,side-court-led-logo,371.6,3777.68,https://www.youtube.com/watch?v=cMvlI-j6q0E
22500024,cMvlI-j6q0E,mid-court-logo,347.8,4150.89,https://www.youtube.com/watch?v=cMvlI-j6q0E
22500024,cMvlI-j6q0E,back-court-logo,294.2,2365.4,https://www.youtube.com/watch?v=cMvlI-j6q0E
22500024,cMvlI-j6q0E,side-court-logo,251.0,1442.19,https://www.youtube.com/watch?v=cMvlI-j6q0E
22500024,5M0jDaZaxdw,side-court-led-logo,507.0,3665.74,https://www.youtube.com/watch?v=5M0jDaZaxdw
22500024,5M0jDaZaxdw,basket-logo,511.2,418.23,https://www.youtube.com/watch?v=5M0jDaZaxdw
22500024,5M0jDaZaxdw,back-court-logo,486.6,2369.56,https://www.youtube.com/watch?v=5M0jDaZaxdw
22500024,5M0jDaZaxdw,mid-court-logo,361.2,4040.57,https://www.youtube.com/watch?v=5M0jDaZaxdw
22500024,5M0jDaZaxdw,side-court-logo,349.6,1586.86,https://www.youtube.com/watch?v=5M0jDaZaxdw
22500119,iqZ5YfZqJes,side-court-led-logo,452.0,4770.79,https://www.youtube.com/watch?v=iqZ5YfZqJes
22500119,iqZ5YfZqJes,side-court-logo,407.0,823.5,https://www.youtube.com/watch?v=iqZ5YfZqJes
22500119,iqZ5YfZqJes,mid-court-logo,252.0,3597.04,https://www.youtube.com/watch?v=iqZ5YfZqJes
22500119,iqZ5YfZqJes,basket-logo,443.2,554.49,https://www.youtube.com/watch?v=iqZ5YfZqJes
22500119,iqZ5YfZqJes,back-court-logo,452.8,3106.45,https://www.youtube.com/watch?v=iqZ5YfZqJes
22500119,tdS5eGhXe10,side-court-led-logo,445.8,4633.09,https://www.youtube.com/watch?v=tdS5eGhXe10
22500119,tdS5eGhXe10,side-court-logo,422.6,828.4,https://www.youtube.com/watch?v=tdS5eGhXe10
22500119,tdS5eGhXe10,mid-court-logo,220.2,3517.31,https://www.youtube.com/watch?v=tdS5eGhXe10
22500119,tdS5eGhXe10,back-court-logo,455.6,3175.21,https://www.youtube.com/watch?v=tdS5eGhXe10
22500119,tdS5eGhXe10,basket-logo,454.0,572.08,https://www.youtube.com/watch?v=tdS5eGhXe10
22500119,BjKS_X6TmQ0,side-court-led-logo,403.4,4547.79,https://www.youtube.com/watch?v=BjKS_X6TmQ0
22500119,BjKS_X6TmQ0,side-court-logo,364.4,855.02,https://www.youtube.com/watch?v=BjKS_X6TmQ0
22500119,BjKS_X6TmQ0,mid-court-logo,207.8,3605.14,https://www.youtube.com/watch?v=BjKS_X6TmQ0
22500119,BjKS_X6TmQ0,back-court-logo,420.0,3193.62,https://www.youtube.com/watch?v=BjKS_X6TmQ0
22500119,BjKS_X6TmQ0,basket-logo,422.4,588.87,https://www.youtube.com/watch?v=BjKS_X6TmQ0
22500119,OkcS8nVtR1Q,side-court-led-logo,488.2,4056.32,https://www.youtube.com/watch?v=OkcS8nVtR1Q
22500119,OkcS8nVtR1Q,basket-logo,503.2,568.06,https://www.youtube.com/watch?v=OkcS8nVtR1Q
22500119,OkcS8nVtR1Q,back-court-logo,492.8,3071.12,https://www.youtube.com/watch?v=OkcS8nVtR1Q
22500119,OkcS8nVtR1Q,mid-court-logo,233.2,3560.99,https://www.youtube.com/watch?v=OkcS8nVtR1Q
22500119,OkcS8nVtR1Q,side-court-logo,437.8,876.7,https://www.youtube.com/watch?v=OkcS8nVtR1Q
22500139,RgdLfQFXnJ0,side-court-led-logo,526.6,3120.08,https://www.youtube.com/watch?v=RgdLfQFXnJ0
22500139,RgdLfQFXnJ0,mid-court-logo,447.2,2994.63,https://www.youtube.com/watch?v=RgdLfQFXnJ0
22500139,RgdLfQFXnJ0,side-court-logo,520.6,2256.31,https://www.youtube.com/watch?v=RgdLfQFXnJ0
22500139,RgdLfQFXnJ0,back-court-logo,477.6,2211.35,https://www.youtube.com/watch?v=RgdLfQFXnJ0
22500139,RgdLfQFXnJ0,basket-logo,456.0,470.62,https://www.youtube.com/watch?v=RgdLfQFXnJ0
22500139,-cwsZO-HwbU,basket-logo,527.8,455.1,https://www.youtube.com/watch?v=-cwsZO-HwbU
22500139,-cwsZO-HwbU,mid-court-logo,509.8,2906.92,https://www.youtube.com/watch?v=-cwsZO-HwbU
22500139,-cwsZO-HwbU,back-court-logo,539.6,2117.06,https://www.youtube.com/watch?v=-cwsZO-HwbU
22500139,-cwsZO-HwbU,side-court-led-logo,570.4,2060.9,https://www.youtube.com/watch?v=-cwsZO-HwbU
22500139,-cwsZO-HwbU,side-court-logo,567.2,2187.41,https://www.youtube.com/watch?v=-cwsZO-HwbU
22500139,cDAy7yBxDBU,side-court-led-logo,513.4,2424.76,https://www.youtube.com/watch?v=cDAy7yBxDBU
22500139,cDAy7yBxDBU,side-court-logo,514.0,2128.43,https://www.youtube.com/watch?v=cDAy7yBxDBU
22500139,cDAy7yBxDBU,mid-court-logo,458.6,3150.8,https://www.youtube.com/watch?v=cDAy7yBxDBU
22500139,cDAy7yBxDBU,back-court-logo,456.4,2119.48,https://www.youtube.com/watch?v=cDAy7yBxDBU
22500139,cDAy7yBxDBU,basket-logo,439.0,463.83,https://www.youtube.com/watch?v=cDAy7yBxDBU
22500139,d_FwzuDM2YI,mid-court-logo,496.2,3123.74,https://www.youtube.com/watch?v=d_FwzuDM2YI
22500139,d_FwzuDM2YI,side-court-led-logo,538.0,2086.8,https://www.youtube.com/watch?v=d_FwzuDM2YI
22500139,d_FwzuDM2YI,side-court-logo,537.2,2139.87,https://www.youtube.com/watch?v=d_FwzuDM2YI
22500139,d_FwzuDM2YI,basket-logo,469.6,449.13,https://www.youtube.com/watch?v=d_FwzuDM2YI
22500139,d_FwzuDM2YI,back-court-logo,486.4,2091.7,https://www.youtube.com/watch?v=d_FwzuDM2YI
22500139,UNcG8hRsvQM,side-court-led-logo,487.6,2192.31,https://www.youtube.com/watch?v=UNcG8hRsvQM
22500139,UNcG8hRsvQM,side-court-logo,492.4,2135.93,https://www.youtube.com/watch?v=UNcG8hRsvQM
22500139,UNcG8hRsvQM,mid-court-logo,444.6,3033.69,https://www.youtube.com/watch?v=UNcG8hRsvQM
22500139,UNcG8hRsvQM,back-court-logo,453.4,2124.49,https://www.youtube.com/watch?v=UNcG8hRsvQM
22500139,UNcG8hRsvQM,basket-logo,441.0,462.01,https://www.youtube.com/watch?v=UNcG8hRsvQM
22500139,UMpCWqP4TDM,basket-logo,555.6,452.5,https://www.youtube.com/watch?v=UMpCWqP4TDM
22500139,UMpCWqP4TDM,back-court-logo,569.0,2063.15,https://www.youtube.com/watch?v=UMpCWqP4TDM
22500139,UMpCWqP4TDM,mid-court-logo,543.4,2803.06,https://www.youtube.com/watch?v=UMpCWqP4TDM
22500139,UMpCWqP4TDM,side-court-led-logo,609.2,1971.98,https://www.youtube.com/watch?v=UMpCWqP4TDM
22500139,UMpCWqP4TDM,side-court-logo,608.8,2155.54,https://www.youtube.com/watch?v=UMpCWqP4TDM
22500008,BUCt5bk119Y,side-court-led-logo,344.6,2579.46,https://www.youtube.com/watch?v=BUCt5bk119Y
22500008,BUCt5bk119Y,back-court-logo,504.2,2475.29,https://www.youtube.com/watch?v=BUCt5bk119Y
22500008,BUCt5bk119Y,side-court-logo,505.8,756.84,https://www.youtube.com/watch?v=BUCt5bk119Y
22500008,BUCt5bk119Y,basket-logo,494.8,339.78,https://www.youtube.com/watch?v=BUCt5bk119Y
22500008,BUCt5bk119Y,mid-court-logo,412.2,4220.65,https://www.youtube.com/watch?v=BUCt5bk119Y
22500008,r58iJK5qlnc,side-court-led-logo,348.8,2818.15,https://www.youtube.com/watch?v=r58iJK5qlnc
22500008,r58iJK5qlnc,back-court-logo,508.8,2507.61,https://www.youtube.com/watch?v=r58iJK5qlnc
22500008,r58iJK5qlnc,side-court-logo,512.0,772.13,https://www.youtube.com/watch?v=r58iJK5qlnc
22500008,r58iJK5qlnc,mid-court-logo,407.8,3901.13,https://www.youtube.com/watch?v=r58iJK5qlnc
22500008,r58iJK5qlnc,basket-logo,498.8,346.7,https://www.youtube.com/watch?v=r58iJK5qlnc
22500008,ZwRy_xFvQTs,basket-logo,500.4,338.96,https://www.youtube.com/watch?v=ZwRy_xFvQTs
22500008,ZwRy_xFvQTs,side-court-led-logo,351.2,2759.17,https://www.youtube.com/watch?v=ZwRy_xFvQTs
22500008,ZwRy_xFvQTs,back-court-logo,504.6,2460.39,https://www.youtube.com/watch?v=ZwRy_xFvQTs
22500008,ZwRy_xFvQTs,mid-court-logo,417.6,4206.24,https://www.youtube.com/watch?v=ZwRy_xFvQTs
22500008,ZwRy_xFvQTs,side-court-logo,506.8,761.21,https://www.youtube.com/watch?v=ZwRy_xFvQTs
22500133,0SnXE0Uuug4,back-court-logo,444.2,2490.17,https://www.youtube.com/watch?v=0SnXE0Uuug4
22500133,0SnXE0Uuug4,side-court-led-logo,452.6,4931.78,https://www.youtube.com/watch?v=0SnXE0Uuug4
22500133,0SnXE0Uuug4,side-court-logo,349.6,1066.73,https://www.youtube.com/watch?v=0SnXE0Uuug4
22500133,0SnXE0Uuug4,mid-court-logo,236.2,3832.87,https://www.youtube.com/watch?v=0SnXE0Uuug4
22500133,0SnXE0Uuug4,basket-logo,460.6,498.54,https://www.youtube.com/watch?v=0SnXE0Uuug4
22500133,IDDGvMHI7jw,side-court-led-logo,449.0,4973.67,https://www.youtube.com/watch?v=IDDGvMHI7jw
22500133,IDDGvMHI7jw,mid-court-logo,262.6,3657.32,https://www.youtube.com/watch?v=IDDGvMHI7jw
22500133,IDDGvMHI7jw,side-court-logo,330.4,1025.41,https://www.youtube.com/watch?v=IDDGvMHI7jw
22500133,IDDGvMHI7jw,basket-logo,428.8,492.56,https://www.youtube.com/watch?v=IDDGvMHI7jw
22500133,IDDGvMHI7jw,back-court-logo,425.4,2412.33,https://www.youtube.com/watch?v=IDDGvMHI7jw
22500133,q6u9VHMOXSE,side-court-led-logo,496.8,5515.15,https://www.youtube.com/watch?v=q6u9VHMOXSE
22500133,q6u9VHMOXSE,mid-court-logo,259.0,3744.47,https://www.youtube.com/watch?v=q6u9VHMOXSE
22500133,q6u9VHMOXSE,side-court-logo,376.4,1054.99,https://www.youtube.com/watch?v=q6u9VHMOXSE
22500133,q6u9VHMOXSE,back-court-logo,481.4,2390.76,https://www.youtube.com/watch?v=q6u9VHMOXSE
22500133,q6u9VHMOXSE,basket-logo,511.8,502.53,https://www.youtube.com/watch?v=q6u9VHMOXSE
22500133,xNUtzs-TBlQ,side-court-led-logo,411.8,4986.58,https://www.youtube.com/watch?v=xNUtzs-TBlQ
22500133,xNUtzs-TBlQ,side-court-logo,341.2,1003.82,https://www.youtube.com/watch?v=xNUtzs-TBlQ
22500133,xNUtzs-TBlQ,mid-court-logo,226.0,3631.04,https://www.youtube.com/watch?v=xNUtzs-TBlQ
22500133,xNUtzs-TBlQ,back-court-logo,409.0,2450.71,https://www.youtube.com/watch?v=xNUtzs-TBlQ
22500133,xNUtzs-TBlQ,basket-logo,421.6,498.69,https://www.youtube.com/watch?v=xNUtzs-TBlQ
22500133,Tpu0ZlQ1y90,back-court-logo,451.2,2422.13,https://www.youtube.com/watch?v=Tpu0ZlQ1y90
22500133,Tpu0ZlQ1y90,side-court-logo,371.0,1005.86,https://www.youtube.com/watch?v=Tpu0ZlQ1y90
22500133,Tpu0ZlQ1y90,side-court-led-logo,438.4,4870.73,https://www.youtube.com/watch?v=Tpu0ZlQ1y90
22500133,Tpu0ZlQ1y90,basket-logo,464.0,498.42,https://www.youtube.com/watch?v=Tpu0ZlQ1y90
22500133,Tpu0ZlQ1y90,mid-court-logo,231.6,3599.88,https://www.youtube.com/watch?v=Tpu0ZlQ1y90
22500141,Zd0eJJJPcEQ,side-court-led-logo,503.2,7088.18,https://www.youtube.com/watch?v=Zd0eJJJPcEQ
22500141,Zd0eJJJPcEQ,side-court-logo,469.6,1175.68,https://www.youtube.com/watch?v=Zd0eJJJPcEQ
22500141,Zd0eJJJPcEQ,mid-court-logo,415.0,4436.48,https://www.youtube.com/watch?v=Zd0eJJJPcEQ
22500141,Zd0eJJJPcEQ,back-court-logo,469.8,2077.84,https://www.youtube.com/watch?v=Zd0eJJJPcEQ
22500141,Zd0eJJJPcEQ,basket-logo,467.4,486.55,https://www.youtube.com/watch?v=Zd0eJJJPcEQ
22500141,-AvNBaGi2CY,basket-logo,481.0,481.01,https://www.youtube.com/watch?v=-AvNBaGi2CY
22500141,-AvNBaGi2CY,side-court-led-logo,511.8,5747.45,https://www.youtube.com/watch?v=-AvNBaGi2CY
22500141,-AvNBaGi2CY,side-court-logo,467.8,1195.72,https://www.youtube.com/watch?v=-AvNBaGi2CY
22500141,-AvNBaGi2CY,mid-court-logo,399.0,4458.33,https://www.youtube.com/watch?v=-AvNBaGi2CY
22500141,-AvNBaGi2CY,back-court-logo,479.2,2052.74,https://www.youtube.com/watch?v=-AvNBaGi2CY
22500141,a2-PF_aRIbU,basket-logo,530.4,495.96,https://www.youtube.com/watch?v=a2-PF_aRIbU
22500141,a2-PF_aRIbU,mid-court-logo,423.0,4263.89,https://www.youtube.com/watch?v=a2-PF_aRIbU
22500141,a2-PF_aRIbU,back-court-logo,527.4,2149.86,https://www.youtube.com/watch?v=a2-PF_aRIbU
22500141,a2-PF_aRIbU,side-court-led-logo,537.4,5230.63,https://www.youtube.com/watch?v=a2-PF_aRIbU
22500141,a2-PF_aRIbU,side-court-logo,502.0,1198.21,https://www.youtube.com/watch?v=a2-PF_aRIbU
22500141,T5TvtFdM0OU,side-court-led-logo,532.4,6195.64,https://www.youtube.com/watch?v=T5TvtFdM0OU
22500141,T5TvtFdM0OU,side-court-logo,486.0,1212.37,https://www.youtube.com/watch?v=T5TvtFdM0OU
22500141,T5TvtFdM0OU,mid-court-logo,408.6,4292.23,https://www.youtube.com/watch?v=T5TvtFdM0OU
22500141,T5TvtFdM0OU,basket-logo,510.4,484.2,https://www.youtube.com/watch?v=T5TvtFdM0OU
22500141,T5TvtFdM0OU,back-court-logo,511.0,2104.5,https://www.youtube.com/watch?v=T5TvtFdM0OU
22500141,sdMspCUzaks,mid-court-logo,394.2,4478.43,https://www.youtube.com/watch?v=sdMspCUzaks
22500141,sdMspCUzaks,basket-logo,500.0,490.28,https://www.youtube.com/watch?v=sdMspCUzaks
22500141,sdMspCUzaks,back-court-logo,497.8,2089.05,https://www.youtube.com/watch?v=sdMspCUzaks
22500141,sdMspCUzaks,side-court-led-logo,520.6,5741.96,https://www.youtube.com/watch?v=sdMspCUzaks
22500141,sdMspCUzaks,side-court-logo,473.8,1209.67,https://www.youtube.com/watch?v=sdMspCUzaks
22500132,7L95UDdXmGk,basket-logo,476.4,474.93,https://www.youtube.com/watch?v=7L95UDdXmGk
22500132,7L95UDdXmGk,side-court-led-logo,363.8,3030.92,https://www.youtube.com/watch?v=7L95UDdXmGk
22500132,7L95UDdXmGk,back-court-logo,489.2,2792.7,https://www.youtube.com/watch?v=7L95UDdXmGk
22500132,7L95UDdXmGk,mid-court-logo,458.2,4290.86,https://www.youtube.com/watch?v=7L95UDdXmGk
22500132,7L95UDdXmGk,side-court-logo,499.2,2055.46,https://www.youtube.com/watch?v=7L95UDdXmGk
22500132,jO4fdXdVFs0,side-court-led-logo,382.2,3071.19,https://www.youtube.com/watch?v=jO4fdXdVFs0
22500132,jO4fdXdVFs0,mid-court-logo,445.6,4358.83,https://www.youtube.com/watch?v=jO4fdXdVFs0
22500132,jO4fdXdVFs0,side-court-logo,477.2,2017.88,https://www.youtube.com/watch?v=jO4fdXdVFs0
22500132,jO4fdXdVFs0,back-court-logo,465.6,2778.13,https://www.youtube.com/watch?v=jO4fdXdVFs0
22500132,jO4fdXdVFs0,basket-logo,452.2,477.32,https://www.youtube.com/watch?v=jO4fdXdVFs0
22500132,V0aqZ6ejVIc,side-court-led-logo,365.6,2946.27,https://www.youtube.com/watch?v=V0aqZ6ejVIc
22500132,V0aqZ6ejVIc,mid-court-logo,459.8,3997.1,https://www.youtube.com/watch?v=V0aqZ6ejVIc
22500132,V0aqZ6ejVIc,side-court-logo,500.0,2087.23,https://www.youtube.com/watch?v=V0aqZ6ejVIc
22500132,V0aqZ6ejVIc,back-court-logo,493.8,2813.02,https://www.youtube.com/watch?v=V0aqZ6ejVIc
22500132,V0aqZ6ejVIc,basket-logo,482.8,479.75,https://www.youtube.com/watch?v=V0aqZ6ejVIc
22500132,EelY4fJih7g,side-court-led-logo,350.6,3158.81,https://www.youtube.com/watch?v=EelY4fJih7g
22500132,EelY4fJih7g,mid-court-logo,437.4,4104.58,https://www.youtube.com/watch?v=EelY4fJih7g
22500132,EelY4fJih7g,side-court-logo,483.0,2043.5,https://www.youtube.com/watch?v=EelY4fJih7g
22500132,EelY4fJih7g,back-court-logo,479.6,2798.32,https://www.youtube.com/watch?v=EelY4fJih7g
22500132,EelY4fJih7g,basket-logo,469.4,476.32,https://www.youtube.com/watch?v=EelY4fJih7g
22500132,IGeqIR-ycHE,side-court-led-logo,73.0,4127.64,https://www.youtube.com/watch?v=IGeqIR-ycHE
22500132,IGeqIR-ycHE,mid-court-logo,78.2,4631.29,https://www.youtube.com/watch?v=IGeqIR-ycHE
22500132,IGeqIR-ycHE,side-court-logo,80.8,2048.15,https://www.youtube.com/watch?v=IGeqIR-ycHE
22500132,IGeqIR-ycHE,back-court-logo,79.0,2692.97,https://www.youtube.com/watch?v=IGeqIR-ycHE
22500132,IGeqIR-ycHE,basket-logo,80.0,495.55,https://www.youtube.com/watch?v=IGeqIR-ycHE
22500107,ipt9Qv34yD4,basket-logo,486.4,405.63,https://www.youtube.com/watch?v=ipt9Qv34yD4
22500107,ipt9Qv34yD4,side-court-led-logo,493.6,1822.69,https://www.youtube.com/watch?v=ipt9Qv34yD4
22500107,ipt9Qv34yD4,back-court-logo,487.8,2456.55,https://www.youtube.com/watch?v=ipt9Qv34yD4
22500107,ipt9Qv34yD4,mid-court-logo,329.6,4316.59,https://www.youtube.com/watch?v=ipt9Qv34yD4
22500107,ipt9Qv34yD4,side-court-logo,288.6,1534.51,https://www.youtube.com/watch?v=ipt9Qv34yD4
22500107,4qb4Kblynj0,mid-court-logo,268.4,4111.98,https://www.youtube.com/watch?v=4qb4Kblynj0
22500107,4qb4Kblynj0,side-court-led-logo,423.0,2524.94,https://www.youtube.com/watch?v=4qb4Kblynj0
22500107,4qb4Kblynj0,side-court-logo,250.2,1614.06,https://www.youtube.com/watch?v=4qb4Kblynj0
22500107,4qb4Kblynj0,back-court-logo,410.2,2488.53,https://www.youtube.com/watch?v=4qb4Kblynj0
22500107,4qb4Kblynj0,basket-logo,407.8,413.11,https://www.youtube.com/watch?v=4qb4Kblynj0
22500107,V0wDtuxJBVo,mid-court-logo,288.8,4090.69,https://www.youtube.com/watch?v=V0wDtuxJBVo
22500107,V0wDtuxJBVo,side-court-led-logo,453.2,2651.12,https://www.youtube.com/watch?v=V0wDtuxJBVo
22500107,V0wDtuxJBVo,side-court-logo,266.4,1609.5,https://www.youtube.com/watch?v=V0wDtuxJBVo
22500107,V0wDtuxJBVo,back-court-logo,442.0,2476.78,https://www.youtube.com/watch?v=V0wDtuxJBVo
22500107,V0wDtuxJBVo,basket-logo,443.6,411.16,https://www.youtube.com/watch?v=V0wDtuxJBVo
22500127,oKgDNEmRCqo,side-court-led-logo,162.2,5053.22,https://www.youtube.com/watch?v=oKgDNEmRCqo
22500127,oKgDNEmRCqo,basket-logo,389.4,529.93,https://www.youtube.com/watch?v=oKgDNEmRCqo
22500127,oKgDNEmRCqo,back-court-logo,405.2,3973.06,https://www.youtube.com/watch?v=oKgDNEmRCqo
22500127,oKgDNEmRCqo,side-court-logo,394.6,1338.71,https://www.youtube.com/watch?v=oKgDNEmRCqo
22500127,oKgDNEmRCqo,mid-court-logo,306.0,3980.6,https://www.youtube.com/watch?v=oKgDNEmRCqo
22500127,-xcG7kCsB3E,side-court-led-logo,208.4,4748.39,https://www.youtube.com/watch?v=-xcG7kCsB3E
22500127,-xcG7kCsB3E,basket-logo,418.6,522.54,https://www.youtube.com/watch?v=-xcG7kCsB3E
22500127,-xcG7kCsB3E,back-court-logo,439.4,3783.89,https://www.youtube.com/watch?v=-xcG7kCsB3E
22500127,-xcG7kCsB3E,mid-court-logo,370.6,3886.39,https://www.youtube.com/watch?v=-xcG7kCsB3E
22500127,-xcG7kCsB3E,side-court-logo,451.0,1327.72,https://www.youtube.com/watch?v=-xcG7kCsB3E
22500127,ZOJsN1_qDw4,side-court-led-logo,190.2,4455.93,https://www.youtube.com/watch?v=ZOJsN1_qDw4
22500127,ZOJsN1_qDw4,basket-logo,468.4,524.72,https://www.youtube.com/watch?v=ZOJsN1_qDw4
22500127,ZOJsN1_qDw4,back-court-logo,473.2,3729.32,https://www.youtube.com/watch?v=ZOJsN1_qDw4
22500127,ZOJsN1_qDw4,mid-court-logo,385.2,3715.53,https://www.youtube.com/watch?v=ZOJsN1_qDw4
22500127,ZOJsN1_qDw4,side-court-logo,475.4,1312.37,https://www.youtube.com/watch?v=ZOJsN1_qDw4
22500116,j2JiF7CCkkQ,basket-logo,428.8,549.75,https://www.youtube.com/watch?v=j2JiF7CCkkQ
22500116,j2JiF7CCkkQ,mid-court-logo,353.6,4263.17,https://www.youtube.com/watch?v=j2JiF7CCkkQ
22500116,j2JiF7CCkkQ,side-court-led-logo,261.4,4183.8,https://www.youtube.com/watch?v=j2JiF7CCkkQ
22500116,j2JiF7CCkkQ,back-court-logo,0.8,3630.85,https://www.youtube.com/watch?v=j2JiF7CCkkQ
22500116,j2JiF7CCkkQ,side-court-logo,0.4,892.8,https://www.youtube.com/watch?v=j2JiF7CCkkQ
22500084,nTDX2OAo10A,side-court-led-logo,349.0,3881.75,https://www.youtube.com/watch?v=nTDX2OAo10A
22500084,nTDX2OAo10A,mid-court-logo,400.2,4846.37,https://www.youtube.com/watch?v=nTDX2OAo10A
22500084,nTDX2OAo10A,side-court-logo,433.0,2035.32,https://www.youtube.com/watch?v=nTDX2OAo10A
22500084,nTDX2OAo10A,basket-logo,441.8,483.77,https://www.youtube.com/watch?v=nTDX2OAo10A
22500084,nTDX2OAo10A,back-court-logo,446.0,2844.32,https://www.youtube.com/watch?v=nTDX2OAo10A
22500084,Y9S38Ag6xds,basket-logo,76.6,504.06,https://www.youtube.com/watch?v=Y9S38Ag6xds
22500084,Y9S38Ag6xds,side-court-led-logo,66.2,3733.26,https://www.youtube.com/watch?v=Y9S38Ag6xds
22500084,Y9S38Ag6xds,mid-court-logo,70.4,5028.81,https://www.youtube.com/watch?v=Y9S38Ag6xds
22500084,Y9S38Ag6xds,side-court-logo,80.0,2159.57,https://www.youtube.com/watch?v=Y9S38Ag6xds
22500084,Y9S38Ag6xds,back-court-logo,78.0,2998.5,https://www.youtube.com/watch?v=Y9S38Ag6xds
22500003,usVhfLfJsfk,basket-logo,462.8,374.3,https://www.youtube.com/watch?v=usVhfLfJsfk
22500003,usVhfLfJsfk,back-court-logo,478.2,2237.87,https://www.youtube.com/watch?v=usVhfLfJsfk
22500003,usVhfLfJsfk,mid-court-logo,492.4,4913.32,https://www.youtube.com/watch?v=usVhfLfJsfk
22500003,usVhfLfJsfk,side-court-led-logo,310.4,1963.5,https://www.youtube.com/watch?v=usVhfLfJsfk
22500003,usVhfLfJsfk,side-court-logo,462.6,711.57,https://www.youtube.com/watch?v=usVhfLfJsfk
22500081,o8UhWHi-4lg,side-court-logo,478.4,1946.39,https://www.youtube.com/watch?v=o8UhWHi-4lg
22500081,o8UhWHi-4lg,mid-court-logo,362.2,4732.04,https://www.youtube.com/watch?v=o8UhWHi-4lg
22500081,o8UhWHi-4lg,side-court-led-logo,287.2,3771.76,https://www.youtube.com/watch?v=o8UhWHi-4lg
22500081,o8UhWHi-4lg,back-court-logo,443.6,3007.6,https://www.youtube.com/watch?v=o8UhWHi-4lg
22500081,o8UhWHi-4lg,basket-logo,415.0,613.67,https://www.youtube.com/watch?v=o8UhWHi-4lg
22500127,xoZG3Kfrabs,side-court-led-logo,150.4,4230.14,https://www.youtube.com/watch?v=xoZG3Kfrabs
22500127,xoZG3Kfrabs,mid-court-logo,346.2,3817.78,https://www.youtube.com/watch?v=xoZG3Kfrabs
22500127,xoZG3Kfrabs,side-court-logo,432.6,1336.07,https://www.youtube.com/watch?v=xoZG3Kfrabs
22500127,xoZG3Kfrabs,back-court-logo,447.6,3928.55,https://www.youtube.com/watch?v=xoZG3Kfrabs
22500127,xoZG3Kfrabs,basket-logo,437.2,539.99,https://www.youtube.com/watch?v=xoZG3Kfrabs
22500127,mOaGhrb50qE,basket-logo,437.2,2021.41,https://www.youtube.com/watch?v=mOaGhrb50qE
22500127,mOaGhrb50qE,side-court-led-logo,153.2,15555.66,https://www.youtube.com/watch?v=mOaGhrb50qE
22500127,mOaGhrb50qE,back-court-logo,449.0,16363.96,https://www.youtube.com/watch?v=mOaGhrb50qE
22500127,mOaGhrb50qE,mid-court-logo,338.6,14525.2,https://www.youtube.com/watch?v=mOaGhrb50qE
22500127,mOaGhrb50qE,side-court-logo,425.8,5102.38,https://www.youtube.com/watch?v=mOaGhrb50qE
22500106,L81XHoPHW88,basket-logo,434.8,2225.0,https://www.youtube.com/watch?v=L81XHoPHW88
22500106,L81XHoPHW88,side-court-led-logo,467.8,11657.85,https://www.youtube.com/watch?v=L81XHoPHW88
22500106,L81XHoPHW88,back-court-logo,444.2,11839.58,https://www.youtube.com/watch?v=L81XHoPHW88
22500106,L81XHoPHW88,side-court-logo,464.6,10956.71,https://www.youtube.com/watch?v=L81XHoPHW88
22500106,L81XHoPHW88,mid-court-logo,256.6,14452.53,https://www.youtube.com/watch?v=L81XHoPHW88
22500106,qOCf2QRf_Hg,basket-logo,465.2,2161.3,https://www.youtube.com/watch?v=qOCf2QRf_Hg
22500106,qOCf2QRf_Hg,back-court-logo,470.4,11234.54,https://www.youtube.com/watch?v=qOCf2QRf_Hg
22500106,qOCf2QRf_Hg,side-court-led-logo,507.6,9534.24,https://www.youtube.com/watch?v=qOCf2QRf_Hg
22500106,qOCf2QRf_Hg,mid-court-logo,279.4,12958.5,https://www.youtube.com/watch?v=qOCf2QRf_Hg
22500106,qOCf2QRf_Hg,side-court-logo,500.4,10361.13,https://www.youtube.com/watch?v=qOCf2QRf_Hg
22500106,PgQgdhBTiYg,side-court-led-logo,420.8,12017.46,https://www.youtube.com/watch?v=PgQgdhBTiYg
22500106,PgQgdhBTiYg,mid-court-logo,216.8,15918.0,https://www.youtube.com/watch?v=PgQgdhBTiYg
22500106,PgQgdhBTiYg,side-court-logo,411.6,10889.89,https://www.youtube.com/watch?v=PgQgdhBTiYg
22500106,PgQgdhBTiYg,back-court-logo,396.0,11604.24,https://www.youtube.com/watch?v=PgQgdhBTiYg
22500106,PgQgdhBTiYg,basket-logo,390.2,2251.44,https://www.youtube.com/watch?v=PgQgdhBTiYg
22500116,zMKifSxis-0,mid-court-logo,260.8,16476.84,https://www.youtube.com/watch?v=zMKifSxis-0
22500116,zMKifSxis-0,side-court-led-logo,191.6,22931.2,https://www.youtube.com/watch?v=zMKifSxis-0
22500116,zMKifSxis-0,basket-logo,368.6,2133.17,https://www.youtube.com/watch?v=zMKifSxis-0
22500116,zMKifSxis-0,side-court-logo,0.6,3072.52,https://www.youtube.com/watch?v=zMKifSxis-0
22500116,zMKifSxis-0,back-court-logo,1.8,20878.29,https://www.youtube.com/watch?v=zMKifSxis-0
22500116,NzQCRKXst_0,mid-court-logo,283.4,16939.37,https://www.youtube.com/watch?v=NzQCRKXst_0
22500116,NzQCRKXst_0,basket-logo,393.8,2147.63,https://www.youtube.com/watch?v=NzQCRKXst_0
22500116,NzQCRKXst_0,side-court-led-logo,212.0,21961.3,https://www.youtube.com/watch?v=NzQCRKXst_0
22500116,NzQCRKXst_0,side-court-logo,0.2,4164.04,https://www.youtube.com/watch?v=NzQCRKXst_0
22500116,NzQCRKXst_0,back-court-logo,2.2,19361.08,https://www.youtube.com/watch?v=NzQCRKXst_0
22500116,gWHhIMT8_t0,side-court-led-logo,271.2,16920.64,https://www.youtube.com/watch?v=gWHhIMT8_t0
22500116,gWHhIMT8_t0,basket-logo,444.0,2052.9,https://www.youtube.com/watch?v=gWHhIMT8_t0
22500116,gWHhIMT8_t0,side-court-logo,0.6,4119.93,https://www.youtube.com/watch?v=gWHhIMT8_t0
22500116,gWHhIMT8_t0,mid-court-logo,365.4,16837.91,https://www.youtube.com/watch?v=gWHhIMT8_t0
22500116,gWHhIMT8_t0,back-court-logo,1.6,19734.0,https://www.youtube.com/watch?v=gWHhIMT8_t0
22500105,pCr5lFfzyEI,basket-logo,468.6,2184.64,https://www.youtube.com/watch?v=pCr5lFfzyEI
22500105,pCr5lFfzyEI,mid-court-logo,388.8,17669.45,https://www.youtube.com/watch?v=pCr5lFfzyEI
22500105,pCr5lFfzyEI,back-court-logo,471.6,11110.39,https://www.youtube.com/watch?v=pCr5lFfzyEI
22500105,pCr5lFfzyEI,side-court-logo,440.0,6337.26,https://www.youtube.com/watch?v=pCr5lFfzyEI
22500105,pCr5lFfzyEI,side-court-led-logo,528.0,25843.52,https://www.youtube.com/watch?v=pCr5lFfzyEI
22500105,gcF2ZEPOAH4,side-court-led-logo,514.6,25898.95,https://www.youtube.com/watch?v=gcF2ZEPOAH4
22500105,gcF2ZEPOAH4,mid-court-logo,457.8,17546.3,https://www.youtube.com/watch?v=gcF2ZEPOAH4
22500105,gcF2ZEPOAH4,side-court-logo,443.2,6173.58,https://www.youtube.com/watch?v=gcF2ZEPOAH4
22500105,gcF2ZEPOAH4,basket-logo,446.0,2085.83,https://www.youtube.com/watch?v=gcF2ZEPOAH4
22500105,gcF2ZEPOAH4,back-court-logo,445.4,9970.4,https://www.youtube.com/watch?v=gcF2ZEPOAH4
22500105,xS3iXqfKXSc,mid-court-logo,399.8,18298.65,https://www.youtube.com/watch?v=xS3iXqfKXSc
22500105,xS3iXqfKXSc,side-court-logo,456.2,6209.97,https://www.youtube.com/watch?v=xS3iXqfKXSc
22500105,xS3iXqfKXSc,side-court-led-logo,523.2,26975.7,https://www.youtube.com/watch?v=xS3iXqfKXSc
22500105,xS3iXqfKXSc,basket-logo,447.0,2174.81,https://www.youtube.com/watch?v=xS3iXqfKXSc
22500105,xS3iXqfKXSc,back-court-logo,445.6,10167.99,https://www.youtube.com/watch?v=xS3iXqfKXSc
22500108,Ls9MTw-UMuQ,basket-logo,431.0,1849.6,https://www.youtube.com/watch?v=Ls9MTw-UMuQ
22500108,Ls9MTw-UMuQ,back-court-logo,441.2,9296.12,https://www.youtube.com/watch?v=Ls9MTw-UMuQ
22500108,Ls9MTw-UMuQ,mid-court-logo,379.0,20806.57,https://www.youtube.com/watch?v=Ls9MTw-UMuQ
22500108,Ls9MTw-UMuQ,side-court-logo,461.0,7587.52,https://www.youtube.com/watch?v=Ls9MTw-UMuQ
22500108,Ls9MTw-UMuQ,side-court-led-logo,158.2,9198.98,https://www.youtube.com/watch?v=Ls9MTw-UMuQ
22500108,vO1gSVAuo3s,mid-court-logo,368.6,22099.19,https://www.youtube.com/watch?v=vO1gSVAuo3s
22500108,vO1gSVAuo3s,side-court-led-logo,153.0,9504.34,https://www.youtube.com/watch?v=vO1gSVAuo3s
22500108,vO1gSVAuo3s,side-court-logo,473.6,7692.97,https://www.youtube.com/watch?v=vO1gSVAuo3s
22500108,vO1gSVAuo3s,back-court-logo,449.4,9179.89,https://www.youtube.com/watch?v=vO1gSVAuo3s
22500108,vO1gSVAuo3s,basket-logo,449.8,1831.03,https://www.youtube.com/watch?v=vO1gSVAuo3s
22500108,PTh-9lePG4o,back-court-logo,365.8,10171.96,https://www.youtube.com/watch?v=PTh-9lePG4o
22500108,PTh-9lePG4o,basket-logo,400.8,1975.84,https://www.youtube.com/watch?v=PTh-9lePG4o
22500108,PTh-9lePG4o,side-court-logo,391.0,7964.85,https://www.youtube.com/watch?v=PTh-9lePG4o
22500108,PTh-9lePG4o,mid-court-logo,317.0,22064.12,https://www.youtube.com/watch?v=PTh-9lePG4o
22500108,PTh-9lePG4o,side-court-led-logo,130.2,10268.69,https://www.youtube.com/watch?v=PTh-9lePG4o
22500137,R5TYbm_tyZY,back-court-logo,504.2,14802.07,https://www.youtube.com/watch?v=R5TYbm_tyZY
22500137,R5TYbm_tyZY,basket-logo,483.8,1934.59,https://www.youtube.com/watch?v=R5TYbm_tyZY
22500137,R5TYbm_tyZY,mid-court-logo,498.2,20990.42,https://www.youtube.com/watch?v=R5TYbm_tyZY
22500137,R5TYbm_tyZY,side-court-led-logo,219.0,11248.86,https://www.youtube.com/watch?v=R5TYbm_tyZY
22500137,R5TYbm_tyZY,side-court-logo,0.2,3336.08,https://www.youtube.com/watch?v=R5TYbm_tyZY
22500137,WhtW_E-8sj8,basket-logo,503.6,1912.99,https://www.youtube.com/watch?v=WhtW_E-8sj8
22500137,WhtW_E-8sj8,mid-court-logo,517.4,20850.03,https://www.youtube.com/watch?v=WhtW_E-8sj8
22500137,WhtW_E-8sj8,side-court-led-logo,249.8,8977.49,https://www.youtube.com/watch?v=WhtW_E-8sj8
22500137,WhtW_E-8sj8,back-court-logo,512.6,14207.24,https://www.youtube.com/watch?v=WhtW_E-8sj8
22500137,WhtW_E-8sj8,side-court-logo,0.6,2020.1,https://www.youtube.com/watch?v=WhtW_E-8sj8
22500137,hwN7CeHNJdo,mid-court-logo,528.2,19629.05,https://www.youtube.com/watch?v=hwN7CeHNJdo
22500137,hwN7CeHNJdo,side-court-led-logo,282.2,9494.65,https://www.youtube.com/watch?v=hwN7CeHNJdo
22500137,hwN7CeHNJdo,back-court-logo,519.6,14167.06,https://www.youtube.com/watch?v=hwN7CeHNJdo
22500137,hwN7CeHNJdo,basket-logo,507.8,1875.35,https://www.youtube.com/watch?v=hwN7CeHNJdo
22500137,hwN7CeHNJdo,side-court-logo,1.2,5137.5,https://www.youtube.com/watch?v=hwN7CeHNJdo
22500137,JCtZc57pLw4,mid-court-logo,523.8,20665.52,https://www.youtube.com/watch?v=JCtZc57pLw4
22500137,JCtZc57pLw4,side-court-led-logo,271.4,8277.99,https://www.youtube.com/watch?v=JCtZc57pLw4
22500137,JCtZc57pLw4,back-court-logo,520.4,14134.26,https://www.youtube.com/watch?v=JCtZc57pLw4
22500137,JCtZc57pLw4,basket-logo,511.8,1865.19,https://www.youtube.com/watch?v=JCtZc57pLw4
22500137,JCtZc57pLw4,side-court-logo,0.8,1363.93,https://www.youtube.com/watch?v=JCtZc57pLw4
22500137,x9TBpuxKS3c,basket-logo,75.6,1659.21,https://www.youtube.com/watch?v=x9TBpuxKS3c
22500137,x9TBpuxKS3c,back-court-logo,78.4,13235.38,https://www.youtube.com/watch?v=x9TBpuxKS3c
22500137,x9TBpuxKS3c,mid-court-logo,73.4,17648.41,https://www.youtube.com/watch?v=x9TBpuxKS3c
22500137,x9TBpuxKS3c,side-court-led-logo,53.2,10270.26,https://www.youtube.com/watch?v=x9TBpuxKS3c
22500137,x9TBpuxKS3c,side-court-logo,0.2,1662.67,https://www.youtube.com/watch?v=x9TBpuxKS3c
22500100,ysEYxNBUWIQ,basket-logo,390.8,2104.32,https://www.youtube.com/watch?v=ysEYxNBUWIQ
22500100,ysEYxNBUWIQ,mid-court-logo,267.0,16696.79,https://www.youtube.com/watch?v=ysEYxNBUWIQ
22500100,ysEYxNBUWIQ,side-court-led-logo,275.4,16595.83,https://www.youtube.com/watch?v=ysEYxNBUWIQ
22500100,ysEYxNBUWIQ,side-court-logo,454.2,9412.33,https://www.youtube.com/watch?v=ysEYxNBUWIQ
22500100,ysEYxNBUWIQ,back-court-logo,394.8,12905.17,https://www.youtube.com/watch?v=ysEYxNBUWIQ
22500100,igoKb-IuPEU,basket-logo,85.4,1977.16,https://www.youtube.com/watch?v=igoKb-IuPEU
22500100,igoKb-IuPEU,mid-court-logo,84.4,19356.56,https://www.youtube.com/watch?v=igoKb-IuPEU
22500100,igoKb-IuPEU,side-court-led-logo,67.0,12597.58,https://www.youtube.com/watch?v=igoKb-IuPEU
22500100,igoKb-IuPEU,side-court-logo,108.0,9427.7,https://www.youtube.com/watch?v=igoKb-IuPEU
22500100,igoKb-IuPEU,back-court-logo,91.2,12757.28,https://www.youtube.com/watch?v=igoKb-IuPEU
22500100,s1t9e02FkwQ,side-court-logo,460.4,9339.92,https://www.youtube.com/watch?v=s1t9e02FkwQ
22500100,s1t9e02FkwQ,side-court-led-logo,281.8,17298.54,https://www.youtube.com/watch?v=s1t9e02FkwQ
22500100,s1t9e02FkwQ,mid-court-logo,271.6,16372.39,https://www.youtube.com/watch?v=s1t9e02FkwQ
22500100,s1t9e02FkwQ,basket-logo,402.6,2113.18,https://www.youtube.com/watch?v=s1t9e02FkwQ
22500100,s1t9e02FkwQ,back-court-logo,408.4,12781.16,https://www.youtube.com/watch?v=s1t9e02FkwQ
22500118,UID18K9hIBk,side-court-led-logo,447.4,28440.67,https://www.youtube.com/watch?v=UID18K9hIBk
22500118,UID18K9hIBk,mid-court-logo,325.6,19677.32,https://www.youtube.com/watch?v=UID18K9hIBk
22500118,UID18K9hIBk,side-court-logo,394.2,6368.28,https://www.youtube.com/watch?v=UID18K9hIBk
22500118,UID18K9hIBk,basket-logo,421.8,2195.16,https://www.youtube.com/watch?v=UID18K9hIBk
22500118,UID18K9hIBk,back-court-logo,424.4,10948.99,https://www.youtube.com/watch?v=UID18K9hIBk
22500118,-N11zd6arx8,basket-logo,479.4,2139.86,https://www.youtube.com/watch?v=-N11zd6arx8
22500118,-N11zd6arx8,side-court-led-logo,507.2,27351.69,https://www.youtube.com/watch?v=-N11zd6arx8
22500118,-N11zd6arx8,mid-court-logo,359.6,21491.37,https://www.youtube.com/watch?v=-N11zd6arx8
22500118,-N11zd6arx8,side-court-logo,447.2,6337.84,https://www.youtube.com/watch?v=-N11zd6arx8
22500118,-N11zd6arx8,back-court-logo,470.8,10746.94,https://www.youtube.com/watch?v=-N11zd6arx8
22500118,nzfrR7bWo1M,basket-logo,482.6,2227.25,https://www.youtube.com/watch?v=nzfrR7bWo1M
22500118,nzfrR7bWo1M,back-court-logo,481.0,11475.81,https://www.youtube.com/watch?v=nzfrR7bWo1M
22500118,nzfrR7bWo1M,mid-court-logo,333.6,19298.25,https://www.youtube.com/watch?v=nzfrR7bWo1M
22500118,nzfrR7bWo1M,side-court-logo,423.2,6635.09,https://www.youtube.com/watch?v=nzfrR7bWo1M
22500118,nzfrR7bWo1M,side-court-led-logo,490.8,26047.55,https://www.youtube.com/watch?v=nzfrR7bWo1M
22500118,4x2ruvCD26s,side-court-led-logo,501.2,25492.65,https://www.youtube.com/watch?v=4x2ruvCD26s
22500118,4x2ruvCD26s,mid-court-logo,332.4,20080.5,https://www.youtube.com/watch?v=4x2ruvCD26s
22500118,4x2ruvCD26s,side-court-logo,444.0,6462.76,https://www.youtube.com/watch?v=4x2ruvCD26s
22500118,4x2ruvCD26s,back-court-logo,484.8,10973.69,https://www.youtube.com/watch?v=4x2ruvCD26s
22500118,4x2ruvCD26s,basket-logo,485.2,2178.1,https://www.youtube.com/watch?v=4x2ruvCD26s
22500118,KZxM6sbtQhc,basket-logo,397.4,2045.02,https://www.youtube.com/watch?v=KZxM6sbtQhc
22500118,KZxM6sbtQhc,back-court-logo,388.8,10255.51,https://www.youtube.com/watch?v=KZxM6sbtQhc
22500118,KZxM6sbtQhc,mid-court-logo,380.4,17576.79,https://www.youtube.com/watch?v=KZxM6sbtQhc
22500118,KZxM6sbtQhc,side-court-led-logo,409.2,25636.77,https://www.youtube.com/watch?v=KZxM6sbtQhc
22500118,KZxM6sbtQhc,side-court-logo,338.8,5481.29,https://www.youtube.com/watch?v=KZxM6sbtQhc
22500096,wQTUiQ-qfvE,side-court-led-logo,443.8,21358.46,https://www.youtube.com/watch?v=wQTUiQ-qfvE
22500096,wQTUiQ-qfvE,basket-logo,419.8,1994.88,https://www.youtube.com/watch?v=wQTUiQ-qfvE
22500096,wQTUiQ-qfvE,mid-court-logo,263.8,12664.58,https://www.youtube.com/watch?v=wQTUiQ-qfvE
22500096,wQTUiQ-qfvE,back-court-logo,436.4,8353.28,https://www.youtube.com/watch?v=wQTUiQ-qfvE
22500096,wQTUiQ-qfvE,side-court-logo,398.0,4010.15,https://www.youtube.com/watch?v=wQTUiQ-qfvE
22500096,H1fwKMCC6hY,back-court-logo,468.4,8387.71,https://www.youtube.com/watch?v=H1fwKMCC6hY
22500096,H1fwKMCC6hY,side-court-logo,407.4,4043.01,https://www.youtube.com/watch?v=H1fwKMCC6hY
22500096,H1fwKMCC6hY,mid-court-logo,246.0,12295.28,https://www.youtube.com/watch?v=H1fwKMCC6hY
22500096,H1fwKMCC6hY,side-court-led-logo,429.2,20792.26,https://www.youtube.com/watch?v=H1fwKMCC6hY
22500096,H1fwKMCC6hY,basket-logo,464.2,2105.33,https://www.youtube.com/watch?v=H1fwKMCC6hY
22500091,ItHMsVQ3v88,side-court-led-logo,255.0,13686.96,https://www.youtube.com/watch?v=ItHMsVQ3v88
22500091,ItHMsVQ3v88,mid-court-logo,361.8,18313.57,https://www.youtube.com/watch?v=ItHMsVQ3v88
22500091,ItHMsVQ3v88,side-court-logo,473.8,6672.08,https://www.youtube.com/watch?v=ItHMsVQ3v88
22500091,ItHMsVQ3v88,basket-logo,429.0,1898.88,https://www.youtube.com/watch?v=ItHMsVQ3v88
22500091,ItHMsVQ3v88,back-court-logo,380.4,5835.19,https://www.youtube.com/watch?v=ItHMsVQ3v88
22500091,vk3LZWorahk,mid-court-logo,336.2,18460.28,https://www.youtube.com/watch?v=vk3LZWorahk
22500091,vk3LZWorahk,side-court-logo,438.6,6635.88,https://www.youtube.com/watch?v=vk3LZWorahk
22500091,vk3LZWorahk,side-court-led-logo,236.8,14506.12,https://www.youtube.com/watch?v=vk3LZWorahk
22500091,vk3LZWorahk,basket-logo,397.0,1892.62,https://www.youtube.com/watch?v=vk3LZWorahk
22500091,vk3LZWorahk,back-court-logo,344.6,5826.39,https://www.youtube.com/watch?v=vk3LZWorahk
22500018,D6hZ_ecD9dc,basket-logo,457.4,1612.08,https://www.youtube.com/watch?v=D6hZ_ecD9dc
22500018,D6hZ_ecD9dc,side-court-led-logo,257.2,8678.48,https://www.youtube.com/watch?v=D6hZ_ecD9dc
22500018,D6hZ_ecD9dc,back-court-logo,471.0,9612.03,https://www.youtube.com/watch?v=D6hZ_ecD9dc
22500018,D6hZ_ecD9dc,mid-court-logo,428.4,18512.73,https://www.youtube.com/watch?v=D6hZ_ecD9dc
22500018,D6hZ_ecD9dc,side-court-logo,463.2,3110.06,https://www.youtube.com/watch?v=D6hZ_ecD9dc
22500018,N7BhgT0-BUU,side-court-led-logo,216.4,7178.91,https://www.youtube.com/watch?v=N7BhgT0-BUU
22500018,N7BhgT0-BUU,mid-court-logo,375.8,18181.66,https://www.youtube.com/watch?v=N7BhgT0-BUU
22500018,N7BhgT0-BUU,side-court-logo,414.2,3156.96,https://www.youtube.com/watch?v=N7BhgT0-BUU
22500018,N7BhgT0-BUU,back-court-logo,434.8,9894.63,https://www.youtube.com/watch?v=N7BhgT0-BUU
22500018,N7BhgT0-BUU,basket-logo,435.6,1632.61,https://www.youtube.com/watch?v=N7BhgT0-BUU
22500080,twl8oBHOdiA,basket-logo,380.6,2066.85,https://www.youtube.com/watch?v=twl8oBHOdiA
22500080,twl8oBHOdiA,back-court-logo,389.8,7073.9,https://www.youtube.com/watch?v=twl8oBHOdiA
22500080,twl8oBHOdiA,mid-court-logo,421.4,17802.99,https://www.youtube.com/watch?v=twl8oBHOdiA
22500080,twl8oBHOdiA,side-court-logo,426.6,6395.51,https://www.youtube.com/watch?v=twl8oBHOdiA
22500080,twl8oBHOdiA,side-court-led-logo,437.8,7526.61,https://www.youtube.com/watch?v=twl8oBHOdiA
22500080,nqRkRyc2TX0,side-court-led-logo,461.6,7277.46,https://www.youtube.com/watch?v=nqRkRyc2TX0
22500080,nqRkRyc2TX0,mid-court-logo,445.0,17568.96,https://www.youtube.com/watch?v=nqRkRyc2TX0
22500080,nqRkRyc2TX0,side-court-logo,448.4,6191.36,https://www.youtube.com/watch?v=nqRkRyc2TX0
22500080,nqRkRyc2TX0,back-court-logo,410.4,6944.72,https://www.youtube.com/watch?v=nqRkRyc2TX0
22500080,nqRkRyc2TX0,basket-logo,408.4,2018.92,https://www.youtube.com/watch?v=nqRkRyc2TX0
22500121,pui7d3fGcpA,side-court-led-logo,241.0,16865.89,https://www.youtube.com/watch?v=pui7d3fGcpA
22500121,pui7d3fGcpA,side-court-logo,492.6,5453.96,https://www.youtube.com/watch?v=pui7d3fGcpA
22500121,pui7d3fGcpA,mid-court-logo,396.0,16921.42,https://www.youtube.com/watch?v=pui7d3fGcpA
22500121,pui7d3fGcpA,back-court-logo,454.6,11625.36,https://www.youtube.com/watch?v=pui7d3fGcpA
22500121,pui7d3fGcpA,basket-logo,442.2,2373.03,https://www.youtube.com/watch?v=pui7d3fGcpA
22500121,PARNF78oSso,basket-logo,423.2,2348.78,https://www.youtube.com/watch?v=PARNF78oSso
22500121,PARNF78oSso,side-court-logo,473.4,5523.59,https://www.youtube.com/watch?v=PARNF78oSso
22500121,PARNF78oSso,mid-court-logo,389.2,16176.72,https://www.youtube.com/watch?v=PARNF78oSso
22500121,PARNF78oSso,side-court-led-logo,236.4,15464.62,https://www.youtube.com/watch?v=PARNF78oSso
22500121,PARNF78oSso,back-court-logo,439.0,11494.78,https://www.youtube.com/watch?v=PARNF78oSso
22500121,rDvcGM6lXco,back-court-logo,559.2,11762.49,https://www.youtube.com/watch?v=rDvcGM6lXco
22500121,rDvcGM6lXco,basket-logo,544.6,2421.77,https://www.youtube.com/watch?v=rDvcGM6lXco
22500121,rDvcGM6lXco,side-court-led-logo,262.2,14019.29,https://www.youtube.com/watch?v=rDvcGM6lXco
22500121,rDvcGM6lXco,mid-court-logo,452.6,16384.44,https://www.youtube.com/watch?v=rDvcGM6lXco
22500121,rDvcGM6lXco,side-court-logo,578.6,5602.37,https://www.youtube.com/watch?v=rDvcGM6lXco
22500121,_gnQvTrv8GE,mid-court-logo,393.4,16212.21,https://www.youtube.com/watch?v=_gnQvTrv8GE
22500121,_gnQvTrv8GE,side-court-logo,501.2,5568.59,https://www.youtube.com/watch?v=_gnQvTrv8GE
22500121,_gnQvTrv8GE,side-court-led-logo,246.6,19868.18,https://www.youtube.com/watch?v=_gnQvTrv8GE
22500121,_gnQvTrv8GE,basket-logo,448.0,2475.3,https://www.youtube.com/watch?v=_gnQvTrv8GE
22500121,_gnQvTrv8GE,back-court-logo,465.8,11873.42,https://www.youtube.com/watch?v=_gnQvTrv8GE
22500111,g7XGC3KVjdc,basket-logo,438.2,2053.83,https://www.youtube.com/watch?v=g7XGC3KVjdc
22500111,g7XGC3KVjdc,side-court-led-logo,439.0,19079.54,https://www.youtube.com/watch?v=g7XGC3KVjdc
22500111,g7XGC3KVjdc,back-court-logo,441.4,12021.16,https://www.youtube.com/watch?v=g7XGC3KVjdc
22500111,g7XGC3KVjdc,side-court-logo,419.8,3383.47,https://www.youtube.com/watch?v=g7XGC3KVjdc
22500111,g7XGC3KVjdc,mid-court-logo,221.6,14559.73,https://www.youtube.com/watch?v=g7XGC3KVjdc
22500111,VvJVYF4ax1M,basket-logo,569.4,2041.93,https://www.youtube.com/watch?v=VvJVYF4ax1M
22500111,VvJVYF4ax1M,side-court-led-logo,571.2,17615.95,https://www.youtube.com/watch?v=VvJVYF4ax1M
22500111,VvJVYF4ax1M,mid-court-logo,227.8,14415.76,https://www.youtube.com/watch?v=VvJVYF4ax1M
22500111,VvJVYF4ax1M,back-court-logo,554.8,11892.46,https://www.youtube.com/watch?v=VvJVYF4ax1M
22500111,VvJVYF4ax1M,side-court-logo,521.8,3621.05,https://www.youtube.com/watch?v=VvJVYF4ax1M
22500111,wCkRdiMC37o,mid-court-logo,159.0,13569.52,https://www.youtube.com/watch?v=wCkRdiMC37o
22500111,wCkRdiMC37o,side-court-logo,339.6,3560.45,https://www.youtube.com/watch?v=wCkRdiMC37o
22500111,wCkRdiMC37o,side-court-led-logo,358.0,20998.24,https://www.youtube.com/watch?v=wCkRdiMC37o
22500111,wCkRdiMC37o,back-court-logo,376.8,12394.08,https://www.youtube.com/watch?v=wCkRdiMC37o
22500111,wCkRdiMC37o,basket-logo,395.0,2196.38,https://www.youtube.com/watch?v=wCkRdiMC37o
22500111,n5Rg3K_evJY,side-court-led-logo,500.8,19994.98,https://www.youtube.com/watch?v=n5Rg3K_evJY
22500111,n5Rg3K_evJY,mid-court-logo,427.2,12091.48,https://www.youtube.com/watch?v=n5Rg3K_evJY
22500111,n5Rg3K_evJY,side-court-logo,444.6,2757.43,https://www.youtube.com/watch?v=n5Rg3K_evJY
22500111,n5Rg3K_evJY,back-court-logo,441.4,9897.9,https://www.youtube.com/watch?v=n5Rg3K_evJY
22500111,n5Rg3K_evJY,basket-logo,429.0,1736.12,https://www.youtube.com/watch?v=n5Rg3K_evJY
22500104,b_MILvT5c0g,basket-logo,489.8,1845.06,https://www.youtube.com/watch?v=b_MILvT5c0g
22500104,b_MILvT5c0g,back-court-logo,483.8,20165.42,https://www.youtube.com/watch?v=b_MILvT5c0g
22500104,b_MILvT5c0g,side-court-led-logo,501.2,8497.4,https://www.youtube.com/watch?v=b_MILvT5c0g
22500104,b_MILvT5c0g,mid-court-logo,436.8,8979.71,https://www.youtube.com/watch?v=b_MILvT5c0g
22500104,b_MILvT5c0g,side-court-logo,483.0,9052.03,https://www.youtube.com/watch?v=b_MILvT5c0g
22500104,JHsBpueTX6U,side-court-led-logo,499.2,9101.63,https://www.youtube.com/watch?v=JHsBpueTX6U
22500104,JHsBpueTX6U,mid-court-logo,442.0,8767.19,https://www.youtube.com/watch?v=JHsBpueTX6U
22500104,JHsBpueTX6U,side-court-logo,476.2,8710.12,https://www.youtube.com/watch?v=JHsBpueTX6U
22500104,JHsBpueTX6U,back-court-logo,465.6,20067.67,https://www.youtube.com/watch?v=JHsBpueTX6U
22500104,JHsBpueTX6U,basket-logo,462.2,1859.66,https://www.youtube.com/watch?v=JHsBpueTX6U
22500104,-xXAj7EoNZ4,side-court-led-logo,450.8,9876.69,https://www.youtube.com/watch?v=-xXAj7EoNZ4
22500104,-xXAj7EoNZ4,mid-court-logo,399.4,9086.1,https://www.youtube.com/watch?v=-xXAj7EoNZ4
22500104,-xXAj7EoNZ4,side-court-logo,430.2,8869.76,https://www.youtube.com/watch?v=-xXAj7EoNZ4
22500104,-xXAj7EoNZ4,back-court-logo,421.0,19759.6,https://www.youtube.com/watch?v=-xXAj7EoNZ4
22500104,-xXAj7EoNZ4,basket-logo,425.6,1850.79,https://www.youtube.com/watch?v=-xXAj7EoNZ4
22500086,d_Ts0uHQdx4,side-court-led-logo,456.8,8913.49,https://www.youtube.com/watch?v=d_Ts0uHQdx4
22500086,d_Ts0uHQdx4,basket-logo,425.4,1806.55,https://www.youtube.com/watch?v=d_Ts0uHQdx4
22500086,d_Ts0uHQdx4,mid-court-logo,401.4,12772.17,https://www.youtube.com/watch?v=d_Ts0uHQdx4
22500086,d_Ts0uHQdx4,back-court-logo,432.0,9485.12,https://www.youtube.com/watch?v=d_Ts0uHQdx4
22500086,d_Ts0uHQdx4,side-court-logo,475.4,9075.71,https://www.youtube.com/watch?v=d_Ts0uHQdx4
22500098,bT069M9pM3Q,side-court-led-logo,523.6,8260.99,https://www.youtube.com/watch?v=bT069M9pM3Q
22500098,bT069M9pM3Q,mid-court-logo,485.4,15523.14,https://www.youtube.com/watch?v=bT069M9pM3Q
22500098,bT069M9pM3Q,side-court-logo,467.0,7798.32,https://www.youtube.com/watch?v=bT069M9pM3Q
22500098,bT069M9pM3Q,basket-logo,484.4,2150.69,https://www.youtube.com/watch?v=bT069M9pM3Q
22500098,bT069M9pM3Q,back-court-logo,0.4,9471.95,https://www.youtube.com/watch?v=bT069M9pM3Q
22500098,BRVNxfbyPOw,side-court-led-logo,514.6,8134.95,https://www.youtube.com/watch?v=BRVNxfbyPOw
22500098,BRVNxfbyPOw,side-court-logo,463.6,7780.47,https://www.youtube.com/watch?v=BRVNxfbyPOw
22500098,BRVNxfbyPOw,mid-court-logo,471.2,15353.67,https://www.youtube.com/watch?v=BRVNxfbyPOw
22500098,BRVNxfbyPOw,basket-logo,480.0,2099.41,https://www.youtube.com/watch?v=BRVNxfbyPOw
22500098,BRVNxfbyPOw,back-court-logo,0.4,10571.72,https://www.youtube.com/watch?v=BRVNxfbyPOw
22500098,wW3xq-NlRtA,mid-court-logo,468.4,15451.68,https://www.youtube.com/watch?v=wW3xq-NlRtA
22500098,wW3xq-NlRtA,side-court-led-logo,500.2,8203.54,https://www.youtube.com/watch?v=wW3xq-NlRtA
22500098,wW3xq-NlRtA,side-court-logo,450.2,7739.19,https://www.youtube.com/watch?v=wW3xq-NlRtA
22500098,wW3xq-NlRtA,basket-logo,463.0,2166.66,https://www.youtube.com/watch?v=wW3xq-NlRtA
22500098,wW3xq-NlRtA,back-court-logo,0.6,9182.95,https://www.youtube.com/watch?v=wW3xq-NlRtA
22500097,xmLW9oMNQp0,basket-logo,500.8,1669.82,https://www.youtube.com/watch?v=xmLW9oMNQp0
22500097,xmLW9oMNQp0,side-court-led-logo,523.0,15786.99,https://www.youtube.com/watch?v=xmLW9oMNQp0
22500097,xmLW9oMNQp0,mid-court-logo,520.8,16050.51,https://www.youtube.com/watch?v=xmLW9oMNQp0
22500097,xmLW9oMNQp0,back-court-logo,505.6,9043.63,https://www.youtube.com/watch?v=xmLW9oMNQp0
22500097,xmLW9oMNQp0,side-court-logo,524.6,6162.88,https://www.youtube.com/watch?v=xmLW9oMNQp0
22500097,j0kLA6DkPDs,back-court-logo,445.0,8767.49,https://www.youtube.com/watch?v=j0kLA6DkPDs
22500097,j0kLA6DkPDs,mid-court-logo,403.0,13021.96,https://www.youtube.com/watch?v=j0kLA6DkPDs
22500097,j0kLA6DkPDs,side-court-logo,482.4,5889.71,https://www.youtube.com/watch?v=j0kLA6DkPDs
22500097,j0kLA6DkPDs,side-court-led-logo,474.4,19289.09,https://www.youtube.com/watch?v=j0kLA6DkPDs
22500097,j0kLA6DkPDs,basket-logo,428.8,1696.36,https://www.youtube.com/watch?v=j0kLA6DkPDs
22500097,lvB2e--M_kI,side-court-logo,514.6,5778.16,https://www.youtube.com/watch?v=lvB2e--M_kI
22500097,lvB2e--M_kI,back-court-logo,492.2,8360.62,https://www.youtube.com/watch?v=lvB2e--M_kI
22500097,lvB2e--M_kI,mid-court-logo,515.6,16687.53,https://www.youtube.com/watch?v=lvB2e--M_kI
22500097,lvB2e--M_kI,side-court-led-logo,506.8,16764.65,https://www.youtube.com/watch?v=lvB2e--M_kI
22500097,lvB2e--M_kI,basket-logo,485.8,1641.54,https://www.youtube.com/watch?v=lvB2e--M_kI
22500101,KQiBor0Zr-4,side-court-led-logo,447.2,11487.79,https://www.youtube.com/watch?v=KQiBor0Zr-4
22500101,KQiBor0Zr-4,mid-court-logo,355.6,12879.29,https://www.youtube.com/watch?v=KQiBor0Zr-4
22500101,KQiBor0Zr-4,back-court-logo,412.2,13568.02,https://www.youtube.com/watch?v=KQiBor0Zr-4
22500101,KQiBor0Zr-4,side-court-logo,205.8,9841.75,https://www.youtube.com/watch?v=KQiBor0Zr-4
22500101,KQiBor0Zr-4,basket-logo,401.8,2099.94,https://www.youtube.com/watch?v=KQiBor0Zr-4
22500101,zFrQIlKqBdw,mid-court-logo,320.0,13529.99,https://www.youtube.com/watch?v=zFrQIlKqBdw
22500101,zFrQIlKqBdw,side-court-led-logo,390.8,13086.77,https://www.youtube.com/watch?v=zFrQIlKqBdw
22500101,zFrQIlKqBdw,side-court-logo,184.8,9809.1,https://www.youtube.com/watch?v=zFrQIlKqBdw
22500101,zFrQIlKqBdw,back-court-logo,355.4,14002.5,https://www.youtube.com/watch?v=zFrQIlKqBdw
22500101,zFrQIlKqBdw,basket-logo,361.0,2076.64,https://www.youtube.com/watch?v=zFrQIlKqBdw
22500101,GRDeB7CUq90,mid-court-logo,329.8,12903.54,https://www.youtube.com/watch?v=GRDeB7CUq90
22500101,GRDeB7CUq90,side-court-led-logo,409.2,12530.81,https://www.youtube.com/watch?v=GRDeB7CUq90
22500101,GRDeB7CUq90,side-court-logo,191.4,9793.26,https://www.youtube.com/watch?v=GRDeB7CUq90
22500101,GRDeB7CUq90,back-court-logo,372.8,13889.34,https://www.youtube.com/watch?v=GRDeB7CUq90
22500101,GRDeB7CUq90,basket-logo,388.0,2143.72,https://www.youtube.com/watch?v=GRDeB7CUq90
22500110,MzXTMj6yI5s,side-court-led-logo,268.4,10765.17,https://www.youtube.com/watch?v=MzXTMj6yI5s
22500110,MzXTMj6yI5s,basket-logo,498.6,2112.17,https://www.youtube.com/watch?v=MzXTMj6yI5s
22500110,MzXTMj6yI5s,back-court-logo,514.4,11680.43,https://www.youtube.com/watch?v=MzXTMj6yI5s
22500110,MzXTMj6yI5s,side-court-logo,540.8,9397.72,https://www.youtube.com/watch?v=MzXTMj6yI5s
22500110,MzXTMj6yI5s,mid-court-logo,228.8,10226.57,https://www.youtube.com/watch?v=MzXTMj6yI5s
22500110,Q5yGHHm6kOw,back-court-logo,479.6,11770.31,https://www.youtube.com/watch?v=Q5yGHHm6kOw
22500110,Q5yGHHm6kOw,side-court-led-logo,289.4,11393.1,https://www.youtube.com/watch?v=Q5yGHHm6kOw
22500110,Q5yGHHm6kOw,side-court-logo,512.6,9071.45,https://www.youtube.com/watch?v=Q5yGHHm6kOw
22500110,Q5yGHHm6kOw,mid-court-logo,276.2,10283.36,https://www.youtube.com/watch?v=Q5yGHHm6kOw
22500110,Q5yGHHm6kOw,basket-logo,462.4,2043.9,https://www.youtube.com/watch?v=Q5yGHHm6kOw
22500110,AhJ9gQSYt30,side-court-led-logo,267.0,11617.09,https://www.youtube.com/watch?v=AhJ9gQSYt30
22500110,AhJ9gQSYt30,side-court-logo,494.0,9179.17,https://www.youtube.com/watch?v=AhJ9gQSYt30
22500110,AhJ9gQSYt30,mid-court-logo,241.4,10474.98,https://www.youtube.com/watch?v=AhJ9gQSYt30
22500110,AhJ9gQSYt30,back-court-logo,457.2,11590.45,https://www.youtube.com/watch?v=AhJ9gQSYt30
22500110,AhJ9gQSYt30,basket-logo,449.4,2049.34,https://www.youtube.com/watch?v=AhJ9gQSYt30
22500110,-y9_aO9b4EU,side-court-led-logo,275.8,11577.44,https://www.youtube.com/watch?v=-y9_aO9b4EU
22500110,-y9_aO9b4EU,side-court-logo,529.0,9241.69,https://www.youtube.com/watch?v=-y9_aO9b4EU
22500110,-y9_aO9b4EU,mid-court-logo,250.6,10259.93,https://www.youtube.com/watch?v=-y9_aO9b4EU
22500110,-y9_aO9b4EU,back-court-logo,493.4,11503.09,https://www.youtube.com/watch?v=-y9_aO9b4EU
22500110,-y9_aO9b4EU,basket-logo,485.4,2054.26,https://www.youtube.com/watch?v=-y9_aO9b4EU
22500090,um_f5ZXulYw,basket-logo,421.0,2499.11,https://www.youtube.com/watch?v=um_f5ZXulYw
22500090,um_f5ZXulYw,mid-court-logo,214.0,17488.15,https://www.youtube.com/watch?v=um_f5ZXulYw
22500090,um_f5ZXulYw,back-court-logo,420.4,13197.41,https://www.youtube.com/watch?v=um_f5ZXulYw
22500090,um_f5ZXulYw,side-court-logo,455.8,8036.19,https://www.youtube.com/watch?v=um_f5ZXulYw
22500090,um_f5ZXulYw,side-court-led-logo,220.6,15582.12,https://www.youtube.com/watch?v=um_f5ZXulYw
22500090,_DcsuHk2WjI,basket-logo,78.0,2103.54,https://www.youtube.com/watch?v=_DcsuHk2WjI
22500090,_DcsuHk2WjI,mid-court-logo,48.4,13050.48,https://www.youtube.com/watch?v=_DcsuHk2WjI
22500090,_DcsuHk2WjI,side-court-logo,77.2,6671.8,https://www.youtube.com/watch?v=_DcsuHk2WjI
22500090,_DcsuHk2WjI,back-court-logo,75.6,9449.57,https://www.youtube.com/watch?v=_DcsuHk2WjI
22500090,_DcsuHk2WjI,side-court-led-logo,51.8,10813.89,https://www.youtube.com/watch?v=_DcsuHk2WjI
22500095,j4tPaT2K9h8,side-court-led-logo,497.4,12409.13,https://www.youtube.com/watch?v=j4tPaT2K9h8
22500095,j4tPaT2K9h8,basket-logo,488.4,996.69,https://www.youtube.com/watch?v=j4tPaT2K9h8
22500095,j4tPaT2K9h8,mid-court-logo,494.4,16184.21,https://www.youtube.com/watch?v=j4tPaT2K9h8
22500095,j4tPaT2K9h8,side-court-logo,488.4,7474.07,https://www.youtube.com/watch?v=j4tPaT2K9h8
22500095,j4tPaT2K9h8,back-court-logo,4.8,5864.21,https://www.youtube.com/watch?v=j4tPaT2K9h8
22500095,lckAQAC-Wtg,mid-court-logo,498.0,15958.7,https://www.youtube.com/watch?v=lckAQAC-Wtg
22500095,lckAQAC-Wtg,side-court-led-logo,472.0,13321.21,https://www.youtube.com/watch?v=lckAQAC-Wtg
22500095,lckAQAC-Wtg,side-court-logo,467.4,7529.86,https://www.youtube.com/watch?v=lckAQAC-Wtg
22500095,lckAQAC-Wtg,basket-logo,461.2,956.37,https://www.youtube.com/watch?v=lckAQAC-Wtg
22500095,lckAQAC-Wtg,back-court-logo,2.8,6360.54,https://www.youtube.com/watch?v=lckAQAC-Wtg
22500088,JO-8HVv3njk,back-court-logo,492.0,13269.47,https://www.youtube.com/watch?v=JO-8HVv3njk
22500088,JO-8HVv3njk,basket-logo,479.0,1869.75,https://www.youtube.com/watch?v=JO-8HVv3njk
22500088,JO-8HVv3njk,mid-court-logo,493.0,22140.26,https://www.youtube.com/watch?v=JO-8HVv3njk
22500088,JO-8HVv3njk,side-court-led-logo,239.2,7427.25,https://www.youtube.com/watch?v=JO-8HVv3njk
22500088,JO-8HVv3njk,side-court-logo,0.2,2362.41,https://www.youtube.com/watch?v=JO-8HVv3njk
22500113,bNhwTOkK8J4,side-court-led-logo,488.8,9961.23,https://www.youtube.com/watch?v=bNhwTOkK8J4
22500113,bNhwTOkK8J4,mid-court-logo,485.4,18687.7,https://www.youtube.com/watch?v=bNhwTOkK8J4
22500113,bNhwTOkK8J4,side-court-logo,398.0,7472.34,https://www.youtube.com/watch?v=bNhwTOkK8J4
22500113,bNhwTOkK8J4,basket-logo,398.6,2057.84,https://www.youtube.com/watch?v=bNhwTOkK8J4
22500113,bNhwTOkK8J4,back-court-logo,0.4,96603.52,https://www.youtube.com/watch?v=bNhwTOkK8J4
22500113,eLsdZnxiZw0,side-court-led-logo,625.0,8488.36,https://www.youtube.com/watch?v=eLsdZnxiZw0
22500113,eLsdZnxiZw0,mid-court-logo,619.8,18254.7,https://www.youtube.com/watch?v=eLsdZnxiZw0
22500113,eLsdZnxiZw0,side-court-logo,465.8,7590.16,https://www.youtube.com/watch?v=eLsdZnxiZw0
22500113,eLsdZnxiZw0,basket-logo,521.6,1968.99,https://www.youtube.com/watch?v=eLsdZnxiZw0
22500113,OKfi8yaQl6o,side-court-led-logo,519.8,9095.32,https://www.youtube.com/watch?v=OKfi8yaQl6o
22500113,OKfi8yaQl6o,mid-court-logo,519.8,18772.72,https://www.youtube.com/watch?v=OKfi8yaQl6o
22500113,OKfi8yaQl6o,side-court-logo,384.2,7761.33,https://www.youtube.com/watch?v=OKfi8yaQl6o
22500113,OKfi8yaQl6o,basket-logo,409.2,1974.58,https://www.youtube.com/watch?v=OKfi8yaQl6o
22500113,OKfi8yaQl6o,back-court-logo,0.2,7730.46,https://www.youtube.com/watch?v=OKfi8yaQl6o
22500113,f7ZZ7B0A7cY,basket-logo,342.0,2011.06,https://www.youtube.com/watch?v=f7ZZ7B0A7cY
22500113,f7ZZ7B0A7cY,side-court-led-logo,396.2,10344.23,https://www.youtube.com/watch?v=f7ZZ7B0A7cY
22500113,f7ZZ7B0A7cY,mid-court-logo,391.4,18308.09,https://www.youtube.com/watch?v=f7ZZ7B0A7cY
22500113,f7ZZ7B0A7cY,side-court-logo,288.4,7676.32,https://www.youtube.com/watch?v=f7ZZ7B0A7cY
22500113,f7ZZ7B0A7cY,back-court-logo,0.8,34019.57,https://www.youtube.com/watch?v=f7ZZ7B0A7cY
22500005,a6576oNJoiQ,basket-logo,457.4,1524.14,https://www.youtube.com/watch?v=a6576oNJoiQ
22500005,a6576oNJoiQ,side-court-led-logo,514.4,9321.97,https://www.youtube.com/watch?v=a6576oNJoiQ
22500005,a6576oNJoiQ,mid-court-logo,426.4,18237.23,https://www.youtube.com/watch?v=a6576oNJoiQ
22500005,a6576oNJoiQ,back-court-logo,471.0,11350.3,https://www.youtube.com/watch?v=a6576oNJoiQ
22500005,a6576oNJoiQ,side-court-logo,301.6,3374.26,https://www.youtube.com/watch?v=a6576oNJoiQ
22500005,y6Y1lpV7UiQ,side-court-led-logo,536.2,8778.41,https://www.youtube.com/watch?v=y6Y1lpV7UiQ
22500005,y6Y1lpV7UiQ,mid-court-logo,425.4,16758.43,https://www.youtube.com/watch?v=y6Y1lpV7UiQ
22500005,y6Y1lpV7UiQ,side-court-logo,337.8,3762.65,https://www.youtube.com/watch?v=y6Y1lpV7UiQ
22500005,y6Y1lpV7UiQ,back-court-logo,492.8,11531.84,https://www.youtube.com/watch?v=y6Y1lpV7UiQ
22500005,y6Y1lpV7UiQ,basket-logo,471.8,1535.03,https://www.youtube.com/watch?v=y6Y1lpV7UiQ
22500005,Yw_18igB-Bg,side-court-led-logo,547.0,8319.06,https://www.youtube.com/watch?v=Yw_18igB-Bg
22500005,Yw_18igB-Bg,mid-court-logo,455.0,16435.25,https://www.youtube.com/watch?v=Yw_18igB-Bg
22500005,Yw_18igB-Bg,side-court-logo,339.6,3530.75,https://www.youtube.com/watch?v=Yw_18igB-Bg
22500005,Yw_18igB-Bg,back-court-logo,501.6,10899.34,https://www.youtube.com/watch?v=Yw_18igB-Bg
22500005,Yw_18igB-Bg,basket-logo,492.2,1494.13,https://www.youtube.com/watch?v=Yw_18igB-Bg
22500122,ZxHdfUGX018,mid-court-logo,527.6,14704.76,https://www.youtube.com/watch?v=ZxHdfUGX018
22500122,ZxHdfUGX018,side-court-led-logo,458.4,10509.42,https://www.youtube.com/watch?v=ZxHdfUGX018
22500122,ZxHdfUGX018,side-court-logo,465.2,6828.79,https://www.youtube.com/watch?v=ZxHdfUGX018
22500122,ZxHdfUGX018,back-court-logo,473.2,13529.26,https://www.youtube.com/watch?v=ZxHdfUGX018
22500122,ZxHdfUGX018,basket-logo,463.4,1625.37,https://www.youtube.com/watch?v=ZxHdfUGX018
22500122,eoteBq9nrMc,side-court-led-logo,575.2,10009.55,https://www.youtube.com/watch?v=eoteBq9nrMc
22500122,eoteBq9nrMc,basket-logo,600.2,1594.16,https://www.youtube.com/watch?v=eoteBq9nrMc
22500122,eoteBq9nrMc,back-court-logo,612.4,13308.05,https://www.youtube.com/watch?v=eoteBq9nrMc
22500122,eoteBq9nrMc,mid-court-logo,665.0,14320.59,https://www.youtube.com/watch?v=eoteBq9nrMc
22500122,eoteBq9nrMc,side-court-logo,588.8,6461.99,https://www.youtube.com/watch?v=eoteBq9nrMc
22500122,CJdZ8uwyGuI,mid-court-logo,541.0,14809.38,https://www.youtube.com/watch?v=CJdZ8uwyGuI
22500122,CJdZ8uwyGuI,side-court-led-logo,486.2,10488.18,https://www.youtube.com/watch?v=CJdZ8uwyGuI
22500122,CJdZ8uwyGuI,side-court-logo,471.2,6740.87,https://www.youtube.com/watch?v=CJdZ8uwyGuI
22500122,CJdZ8uwyGuI,back-court-logo,481.6,13419.61,https://www.youtube.com/watch?v=CJdZ8uwyGuI
22500122,CJdZ8uwyGuI,basket-logo,471.8,1612.95,https://www.youtube.com/watch?v=CJdZ8uwyGuI
22500122,n9GpUHf2dsI,side-court-logo,463.0,6587.21,https://www.youtube.com/watch?v=n9GpUHf2dsI
22500122,n9GpUHf2dsI,mid-court-logo,533.0,14499.74,https://www.youtube.com/watch?v=n9GpUHf2dsI
22500122,n9GpUHf2dsI,side-court-led-logo,467.6,10482.5,https://www.youtube.com/watch?v=n9GpUHf2dsI
22500122,n9GpUHf2dsI,back-court-logo,473.4,13261.88,https://www.youtube.com/watch?v=n9GpUHf2dsI
22500122,n9GpUHf2dsI,basket-logo,464.8,1614.85,https://www.youtube.com/watch?v=n9GpUHf2dsI
22500122,Nkkk1B_HgjQ,basket-logo,348.6,1665.47,https://www.youtube.com/watch?v=Nkkk1B_HgjQ
22500122,Nkkk1B_HgjQ,side-court-led-logo,316.6,9802.9,https://www.youtube.com/watch?v=Nkkk1B_HgjQ
22500122,Nkkk1B_HgjQ,mid-court-logo,377.8,15281.4,https://www.youtube.com/watch?v=Nkkk1B_HgjQ
22500122,Nkkk1B_HgjQ,back-court-logo,347.8,13654.68,https://www.youtube.com/watch?v=Nkkk1B_HgjQ
22500122,Nkkk1B_HgjQ,side-court-logo,345.0,6626.14,https://www.youtube.com/watch?v=Nkkk1B_HgjQ
22500103,Ny_Ub-MUbQQ,basket-logo,456.4,1716.34,https://www.youtube.com/watch?v=Ny_Ub-MUbQQ
22500103,Ny_Ub-MUbQQ,side-court-led-logo,430.4,15322.9,https://www.youtube.com/watch?v=Ny_Ub-MUbQQ
22500103,Ny_Ub-MUbQQ,back-court-logo,445.8,13884.0,https://www.youtube.com/watch?v=Ny_Ub-MUbQQ
22500103,Ny_Ub-MUbQQ,side-court-logo,489.0,8472.84,https://www.youtube.com/watch?v=Ny_Ub-MUbQQ
22500103,Ny_Ub-MUbQQ,mid-court-logo,334.8,14664.73,https://www.youtube.com/watch?v=Ny_Ub-MUbQQ
22500103,V9CezZkDFxw,side-court-logo,488.4,8385.6,https://www.youtube.com/watch?v=V9CezZkDFxw
22500103,V9CezZkDFxw,mid-court-logo,331.6,13469.52,https://www.youtube.com/watch?v=V9CezZkDFxw
22500103,V9CezZkDFxw,side-court-led-logo,423.6,16126.62,https://www.youtube.com/watch?v=V9CezZkDFxw
22500103,V9CezZkDFxw,basket-logo,455.0,1795.89,https://www.youtube.com/watch?v=V9CezZkDFxw
22500103,V9CezZkDFxw,back-court-logo,434.2,13912.83,https://www.youtube.com/watch?v=V9CezZkDFxw
22500103,Tr768Zlrlas,side-court-logo,454.2,8486.81,https://www.youtube.com/watch?v=Tr768Zlrlas
22500103,Tr768Zlrlas,mid-court-logo,304.4,13531.66,https://www.youtube.com/watch?v=Tr768Zlrlas
22500103,Tr768Zlrlas,side-court-led-logo,392.2,16227.92,https://www.youtube.com/watch?v=Tr768Zlrlas
22500103,Tr768Zlrlas,basket-logo,427.2,1806.38,https://www.youtube.com/watch?v=Tr768Zlrlas
22500103,Tr768Zlrlas,back-court-logo,407.0,14107.62,https://www.youtube.com/watch?v=Tr768Zlrlas
22500103,MrPj4y1RYNk,side-court-logo,387.0,14053.05,https://www.youtube.com/watch?v=MrPj4y1RYNk
22500103,MrPj4y1RYNk,side-court-led-logo,208.4,19297.97,https://www.youtube.com/watch?v=MrPj4y1RYNk
22500103,MrPj4y1RYNk,back-court-logo,346.6,29822.1,https://www.youtube.com/watch?v=MrPj4y1RYNk
22500103,MrPj4y1RYNk,basket-logo,423.6,2902.75,https://www.youtube.com/watch?v=MrPj4y1RYNk
22500103,MrPj4y1RYNk,mid-court-logo,138.0,21710.85,https://www.youtube.com/watch?v=MrPj4y1RYNk
22500085,e9DQ8yBo6DM,side-court-logo,492.0,8237.14,https://www.youtube.com/watch?v=e9DQ8yBo6DM
22500085,e9DQ8yBo6DM,side-court-led-logo,424.6,16772.08,https://www.youtube.com/watch?v=e9DQ8yBo6DM
22500085,e9DQ8yBo6DM,mid-court-logo,308.2,16808.6,https://www.youtube.com/watch?v=e9DQ8yBo6DM
22500085,e9DQ8yBo6DM,back-court-logo,272.0,13814.1,https://www.youtube.com/watch?v=e9DQ8yBo6DM
22500085,e9DQ8yBo6DM,basket-logo,445.0,1831.97,https://www.youtube.com/watch?v=e9DQ8yBo6DM
22500085,p-tddIzCZuM,side-court-led-logo,440.0,15461.58,https://www.youtube.com/watch?v=p-tddIzCZuM
22500085,p-tddIzCZuM,side-court-logo,523.4,8550.58,https://www.youtube.com/watch?v=p-tddIzCZuM
22500085,p-tddIzCZuM,mid-court-logo,310.6,17034.55,https://www.youtube.com/watch?v=p-tddIzCZuM
22500085,p-tddIzCZuM,back-court-logo,222.0,14102.28,https://www.youtube.com/watch?v=p-tddIzCZuM
22500085,p-tddIzCZuM,basket-logo,500.8,1861.73,https://www.youtube.com/watch?v=p-tddIzCZuM
22500089,R69b9EcM3IU,basket-logo,510.2,1794.96,https://www.youtube.com/watch?v=R69b9EcM3IU
22500089,R69b9EcM3IU,back-court-logo,516.8,9246.98,https://www.youtube.com/watch?v=R69b9EcM3IU
22500089,R69b9EcM3IU,side-court-led-logo,509.6,20273.67,https://www.youtube.com/watch?v=R69b9EcM3IU
22500089,R69b9EcM3IU,side-court-logo,518.2,6281.52,https://www.youtube.com/watch?v=R69b9EcM3IU
22500089,R69b9EcM3IU,mid-court-logo,437.0,16358.41,https://www.youtube.com/watch?v=R69b9EcM3IU
22500089,WlRG-IoVYH0,back-court-logo,475.0,9248.87,https://www.youtube.com/watch?v=WlRG-IoVYH0
22500089,WlRG-IoVYH0,mid-court-logo,361.2,14478.19,https://www.youtube.com/watch?v=WlRG-IoVYH0
22500089,WlRG-IoVYH0,side-court-logo,497.6,5946.88,https://www.youtube.com/watch?v=WlRG-IoVYH0
22500089,WlRG-IoVYH0,side-court-led-logo,487.2,23173.92,https://www.youtube.com/watch?v=WlRG-IoVYH0
22500089,WlRG-IoVYH0,basket-logo,468.4,1740.52,https://www.youtube.com/watch?v=WlRG-IoVYH0
22500089,G5ppouWlaZM,side-court-led-logo,519.0,19875.76,https://www.youtube.com/watch?v=G5ppouWlaZM
22500089,G5ppouWlaZM,mid-court-logo,443.2,16374.46,https://www.youtube.com/watch?v=G5ppouWlaZM
22500089,G5ppouWlaZM,side-court-logo,528.4,6190.48,https://www.youtube.com/watch?v=G5ppouWlaZM
22500089,G5ppouWlaZM,back-court-logo,527.4,9167.08,https://www.youtube.com/watch?v=G5ppouWlaZM
22500089,G5ppouWlaZM,basket-logo,523.4,1760.38,https://www.youtube.com/watch?v=G5ppouWlaZM
22500087,rN5lAmWQau0,back-court-logo,406.8,8032.91,https://www.youtube.com/watch?v=rN5lAmWQau0
22500087,rN5lAmWQau0,mid-court-logo,280.8,15460.76,https://www.youtube.com/watch?v=rN5lAmWQau0
22500087,rN5lAmWQau0,side-court-led-logo,248.4,8471.78,https://www.youtube.com/watch?v=rN5lAmWQau0
22500087,rN5lAmWQau0,side-court-logo,415.4,6105.52,https://www.youtube.com/watch?v=rN5lAmWQau0
22500087,rN5lAmWQau0,basket-logo,382.6,1673.39,https://www.youtube.com/watch?v=rN5lAmWQau0
22500087,ZCWWFAWLlmM,side-court-logo,400.0,5914.44,https://www.youtube.com/watch?v=ZCWWFAWLlmM
22500087,ZCWWFAWLlmM,back-court-logo,391.8,7966.31,https://www.youtube.com/watch?v=ZCWWFAWLlmM
22500087,ZCWWFAWLlmM,mid-court-logo,274.8,14785.87,https://www.youtube.com/watch?v=ZCWWFAWLlmM
22500087,ZCWWFAWLlmM,side-court-led-logo,243.0,8284.49,https://www.youtube.com/watch?v=ZCWWFAWLlmM
22500087,ZCWWFAWLlmM,basket-logo,366.8,1670.11,https://www.youtube.com/watch?v=ZCWWFAWLlmM
22500093,58WzON0rUXc,basket-logo,432.8,1902.67,https://www.youtube.com/watch?v=58WzON0rUXc
22500093,58WzON0rUXc,side-court-led-logo,285.8,16149.79,https://www.youtube.com/watch?v=58WzON0rUXc
22500093,58WzON0rUXc,mid-court-logo,337.0,15007.78,https://www.youtube.com/watch?v=58WzON0rUXc
22500093,58WzON0rUXc,back-court-logo,4.2,22483.84,https://www.youtube.com/watch?v=58WzON0rUXc
22500093,58WzON0rUXc,side-court-logo,0.6,3702.37,https://www.youtube.com/watch?v=58WzON0rUXc
22500093,8mLjCo1Uj_o,mid-court-logo,319.4,15286.47,https://www.youtube.com/watch?v=8mLjCo1Uj_o
22500093,8mLjCo1Uj_o,side-court-led-logo,273.2,16126.31,https://www.youtube.com/watch?v=8mLjCo1Uj_o
22500093,8mLjCo1Uj_o,basket-logo,407.6,1877.73,https://www.youtube.com/watch?v=8mLjCo1Uj_o
22500093,8mLjCo1Uj_o,back-court-logo,5.6,23293.8,https://www.youtube.com/watch?v=8mLjCo1Uj_o
22500093,N3G00LojSQU,mid-court-logo,342.2,15088.11,https://www.youtube.com/watch?v=N3G00LojSQU
22500093,N3G00LojSQU,side-court-led-logo,291.8,16748.36,https://www.youtube.com/watch?v=N3G00LojSQU
22500093,N3G00LojSQU,basket-logo,433.8,1908.69,https://www.youtube.com/watch?v=N3G00LojSQU
22500093,N3G00LojSQU,back-court-logo,4.8,22296.62,https://www.youtube.com/watch?v=N3G00LojSQU
22500093,N3G00LojSQU,side-court-logo,0.4,13065.58,https://www.youtube.com/watch?v=N3G00LojSQU
22500093,j5xPQhm6NOc,side-court-led-logo,254.4,16522.04,https://www.youtube.com/watch?v=j5xPQhm6NOc
22500093,j5xPQhm6NOc,mid-court-logo,238.6,12919.01,https://www.youtube.com/watch?v=j5xPQhm6NOc
22500093,j5xPQhm6NOc,basket-logo,415.0,1989.82,https://www.youtube.com/watch?v=j5xPQhm6NOc
22500093,j5xPQhm6NOc,back-court-logo,3.8,24414.44,https://www.youtube.com/watch?v=j5xPQhm6NOc
22500093,j5xPQhm6NOc,side-court-logo,15.4,2905.26,https://www.youtube.com/watch?v=j5xPQhm6NOc
22500094,i0BrUAza78Q,basket-logo,471.8,1642.63,https://www.youtube.com/watch?v=i0BrUAza78Q
22500094,i0BrUAza78Q,side-court-logo,499.2,7710.67,https://www.youtube.com/watch?v=i0BrUAza78Q
22500094,i0BrUAza78Q,back-court-logo,468.4,12681.81,https://www.youtube.com/watch?v=i0BrUAza78Q
22500094,i0BrUAza78Q,side-court-led-logo,478.2,16231.55,https://www.youtube.com/watch?v=i0BrUAza78Q
22500094,i0BrUAza78Q,mid-court-logo,429.2,14053.79,https://www.youtube.com/watch?v=i0BrUAza78Q
22500094,aJoK-trkxR8,basket-logo,537.8,1712.42,https://www.youtube.com/watch?v=aJoK-trkxR8
22500094,aJoK-trkxR8,side-court-led-logo,547.6,19792.61,https://www.youtube.com/watch?v=aJoK-trkxR8
22500094,aJoK-trkxR8,back-court-logo,490.6,12441.55,https://www.youtube.com/watch?v=aJoK-trkxR8
22500094,aJoK-trkxR8,side-court-logo,540.6,7600.81,https://www.youtube.com/watch?v=aJoK-trkxR8
22500094,aJoK-trkxR8,mid-court-logo,497.8,15143.32,https://www.youtube.com/watch?v=aJoK-trkxR8
22500094,HlZzHBuF0kU,side-court-logo,512.8,7608.28,https://www.youtube.com/watch?v=HlZzHBuF0kU
22500094,HlZzHBuF0kU,mid-court-logo,442.2,13510.57,https://www.youtube.com/watch?v=HlZzHBuF0kU
22500094,HlZzHBuF0kU,side-court-led-logo,488.0,16333.11,https://www.youtube.com/watch?v=HlZzHBuF0kU
22500094,HlZzHBuF0kU,back-court-logo,476.8,12612.08,https://www.youtube.com/watch?v=HlZzHBuF0kU
22500094,HlZzHBuF0kU,basket-logo,482.8,1621.43,https://www.youtube.com/watch?v=HlZzHBuF0kU
22500094,Ua8VcACqh1c,side-court-logo,479.4,7641.86,https://www.youtube.com/watch?v=Ua8VcACqh1c
22500094,Ua8VcACqh1c,mid-court-logo,419.4,13736.34,https://www.youtube.com/watch?v=Ua8VcACqh1c
22500094,Ua8VcACqh1c,side-court-led-logo,460.6,16633.26,https://www.youtube.com/watch?v=Ua8VcACqh1c
22500094,Ua8VcACqh1c,back-court-logo,451.0,12519.15,https://www.youtube.com/watch?v=Ua8VcACqh1c
22500094,Ua8VcACqh1c,basket-logo,457.8,1620.66,https://www.youtube.com/watch?v=Ua8VcACqh1c
22500083,loTnBDJeTXg,basket-logo,468.6,2218.78,https://www.youtube.com/watch?v=loTnBDJeTXg
22500083,loTnBDJeTXg,side-court-led-logo,530.6,8798.92,https://www.youtube.com/watch?v=loTnBDJeTXg
22500083,loTnBDJeTXg,side-court-logo,510.8,8747.74,https://www.youtube.com/watch?v=loTnBDJeTXg
22500083,loTnBDJeTXg,back-court-logo,484.8,13905.44,https://www.youtube.com/watch?v=loTnBDJeTXg
22500083,loTnBDJeTXg,mid-court-logo,459.2,8621.02,https://www.youtube.com/watch?v=loTnBDJeTXg
22500083,8iPnGmSwNZU,side-court-led-logo,627.8,8612.93,https://www.youtube.com/watch?v=8iPnGmSwNZU
22500083,8iPnGmSwNZU,mid-court-logo,513.0,8337.79,https://www.youtube.com/watch?v=8iPnGmSwNZU
22500083,8iPnGmSwNZU,side-court-logo,600.4,8705.24,https://www.youtube.com/watch?v=8iPnGmSwNZU
22500083,8iPnGmSwNZU,basket-logo,566.4,2288.22,https://www.youtube.com/watch?v=8iPnGmSwNZU
22500083,8iPnGmSwNZU,back-court-logo,572.4,14561.86,https://www.youtube.com/watch?v=8iPnGmSwNZU
22500083,NFCLlfAd1Ro,side-court-led-logo,491.6,8720.64,https://www.youtube.com/watch?v=NFCLlfAd1Ro
22500083,NFCLlfAd1Ro,mid-court-logo,407.4,8537.23,https://www.youtube.com/watch?v=NFCLlfAd1Ro
22500083,NFCLlfAd1Ro,side-court-logo,457.8,8657.86,https://www.youtube.com/watch?v=NFCLlfAd1Ro
22500083,NFCLlfAd1Ro,back-court-logo,442.8,14075.46,https://www.youtube.com/watch?v=NFCLlfAd1Ro
22500083,NFCLlfAd1Ro,basket-logo,443.2,2263.55,https://www.youtube.com/watch?v=NFCLlfAd1Ro
22500019,H0iHi7iFkiQ,basket-logo,414.8,1821.06,https://www.youtube.com/watch?v=H0iHi7iFkiQ
22500019,H0iHi7iFkiQ,back-court-logo,425.4,16517.05,https://www.youtube.com/watch?v=H0iHi7iFkiQ
22500019,H0iHi7iFkiQ,mid-court-logo,357.2,14349.22,https://www.youtube.com/watch?v=H0iHi7iFkiQ
22500019,H0iHi7iFkiQ,side-court-logo,396.4,5095.22,https://www.youtube.com/watch?v=H0iHi7iFkiQ
22500019,H0iHi7iFkiQ,side-court-led-logo,219.4,17527.89,https://www.youtube.com/watch?v=H0iHi7iFkiQ
22500019,5NTlOQO7J7k,mid-court-logo,454.0,13399.97,https://www.youtube.com/watch?v=5NTlOQO7J7k
22500019,5NTlOQO7J7k,side-court-logo,483.0,4771.01,https://www.youtube.com/watch?v=5NTlOQO7J7k
22500019,5NTlOQO7J7k,side-court-led-logo,255.4,12040.53,https://www.youtube.com/watch?v=5NTlOQO7J7k
22500019,5NTlOQO7J7k,basket-logo,511.2,1764.42,https://www.youtube.com/watch?v=5NTlOQO7J7k
22500019,5NTlOQO7J7k,back-court-logo,519.0,15518.17,https://www.youtube.com/watch?v=5NTlOQO7J7k
22500019,TzYF3CNgcA8,side-court-logo,459.8,4690.27,https://www.youtube.com/watch?v=TzYF3CNgcA8
22500019,TzYF3CNgcA8,mid-court-logo,452.0,13785.4,https://www.youtube.com/watch?v=TzYF3CNgcA8
22500019,TzYF3CNgcA8,side-court-led-logo,293.8,12590.71,https://www.youtube.com/watch?v=TzYF3CNgcA8
22500019,TzYF3CNgcA8,back-court-logo,490.8,15051.27,https://www.youtube.com/watch?v=TzYF3CNgcA8
22500019,TzYF3CNgcA8,basket-logo,482.4,1718.58,https://www.youtube.com/watch?v=TzYF3CNgcA8
22500019,2Th4BoR0ymI,side-court-led-logo,274.4,14400.96,https://www.youtube.com/watch?v=2Th4BoR0ymI
22500019,2Th4BoR0ymI,mid-court-logo,419.8,14477.58,https://www.youtube.com/watch?v=2Th4BoR0ymI
22500019,2Th4BoR0ymI,side-court-logo,430.2,4918.24,https://www.youtube.com/watch?v=2Th4BoR0ymI
22500019,2Th4BoR0ymI,back-court-logo,466.6,16011.65,https://www.youtube.com/watch?v=2Th4BoR0ymI
22500019,2Th4BoR0ymI,basket-logo,456.6,1790.37,https://www.youtube.com/watch?v=2Th4BoR0ymI
22500019,gxlThZ6ZH1Y,mid-court-logo,321.6,13496.65,https://www.youtube.com/watch?v=gxlThZ6ZH1Y
22500019,gxlThZ6ZH1Y,side-court-logo,313.8,4967.25,https://www.youtube.com/watch?v=gxlThZ6ZH1Y
22500019,gxlThZ6ZH1Y,basket-logo,393.4,1806.49,https://www.youtube.com/watch?v=gxlThZ6ZH1Y
22500019,gxlThZ6ZH1Y,back-court-logo,388.2,15798.32,https://www.youtube.com/watch?v=gxlThZ6ZH1Y
22500019,gxlThZ6ZH1Y,side-court-led-logo,174.4,15662.24,https://www.youtube.com/watch?v=gxlThZ6ZH1Y
22500006,J61fiVUOoi4,mid-court-logo,552.2,14857.11,https://www.youtube.com/watch?v=J61fiVUOoi4
22500006,J61fiVUOoi4,side-court-led-logo,338.2,12129.71,https://www.youtube.com/watch?v=J61fiVUOoi4
22500006,J61fiVUOoi4,back-court-logo,646.0,13326.0,https://www.youtube.com/watch?v=J61fiVUOoi4
22500006,J61fiVUOoi4,side-court-logo,652.4,5294.72,https://www.youtube.com/watch?v=J61fiVUOoi4
22500006,J61fiVUOoi4,basket-logo,638.0,1764.97,https://www.youtube.com/watch?v=J61fiVUOoi4
22500006,KjGEGxPnk1Y,back-court-logo,502.6,12129.44,https://www.youtube.com/watch?v=KjGEGxPnk1Y
22500006,KjGEGxPnk1Y,mid-court-logo,408.6,15709.27,https://www.youtube.com/watch?v=KjGEGxPnk1Y
22500006,KjGEGxPnk1Y,side-court-led-logo,235.2,11080.31,https://www.youtube.com/watch?v=KjGEGxPnk1Y
22500006,KjGEGxPnk1Y,side-court-logo,467.4,4557.84,https://www.youtube.com/watch?v=KjGEGxPnk1Y
22500006,KjGEGxPnk1Y,basket-logo,503.8,1647.08,https://www.youtube.com/watch?v=KjGEGxPnk1Y
22500006,25vg3m3S3NQ,mid-court-logo,421.0,15587.13,https://www.youtube.com/watch?v=25vg3m3S3NQ
22500006,25vg3m3S3NQ,side-court-logo,462.0,4498.46,https://www.youtube.com/watch?v=25vg3m3S3NQ
22500006,25vg3m3S3NQ,side-court-led-logo,256.0,10403.24,https://www.youtube.com/watch?v=25vg3m3S3NQ
22500006,25vg3m3S3NQ,basket-logo,484.2,1580.41,https://www.youtube.com/watch?v=25vg3m3S3NQ
22500006,25vg3m3S3NQ,back-court-logo,486.0,11746.35,https://www.youtube.com/watch?v=25vg3m3S3NQ
22500006,5jWZ4hqPHPU,side-court-led-logo,232.6,10488.22,https://www.youtube.com/watch?v=5jWZ4hqPHPU
22500006,5jWZ4hqPHPU,mid-court-logo,386.8,15552.12,https://www.youtube.com/watch?v=5jWZ4hqPHPU
22500006,5jWZ4hqPHPU,side-court-logo,427.0,4493.85,https://www.youtube.com/watch?v=5jWZ4hqPHPU
22500006,5jWZ4hqPHPU,basket-logo,461.8,1611.85,https://www.youtube.com/watch?v=5jWZ4hqPHPU
22500006,5jWZ4hqPHPU,back-court-logo,463.6,12104.23,https://www.youtube.com/watch?v=5jWZ4hqPHPU
22500084,kEJnYGrxO1I,mid-court-logo,403.4,18733.23,https://www.youtube.com/watch?v=kEJnYGrxO1I
22500084,kEJnYGrxO1I,basket-logo,452.2,1837.57,https://www.youtube.com/watch?v=kEJnYGrxO1I
22500084,kEJnYGrxO1I,back-court-logo,459.0,10697.07,https://www.youtube.com/watch?v=kEJnYGrxO1I
22500084,kEJnYGrxO1I,side-court-led-logo,352.0,15351.35,https://www.youtube.com/watch?v=kEJnYGrxO1I
22500084,kEJnYGrxO1I,side-court-logo,421.2,7769.48,https://www.youtube.com/watch?v=kEJnYGrxO1I
22500003,rXt8k-wjGew,mid-court-logo,523.2,18672.59,https://www.youtube.com/watch?v=rXt8k-wjGew
22500003,rXt8k-wjGew,side-court-led-logo,281.8,6944.36,https://www.youtube.com/watch?v=rXt8k-wjGew
22500003,rXt8k-wjGew,side-court-logo,528.0,2853.7,https://www.youtube.com/watch?v=rXt8k-wjGew
22500003,rXt8k-wjGew,back-court-logo,528.2,8589.26,https://www.youtube.com/watch?v=rXt8k-wjGew
22500003,rXt8k-wjGew,basket-logo,516.8,1387.56,https://www.youtube.com/watch?v=rXt8k-wjGew
22500003,87EflCp7JlI,side-court-led-logo,283.6,7695.32,https://www.youtube.com/watch?v=87EflCp7JlI
22500003,87EflCp7JlI,basket-logo,479.0,1400.19,https://www.youtube.com/watch?v=87EflCp7JlI
22500003,87EflCp7JlI,back-court-logo,491.8,8575.94,https://www.youtube.com/watch?v=87EflCp7JlI
22500003,87EflCp7JlI,mid-court-logo,502.8,18149.74,https://www.youtube.com/watch?v=87EflCp7JlI
22500003,87EflCp7JlI,side-court-logo,493.4,2804.41,https://www.youtube.com/watch?v=87EflCp7JlI
22500003,3vMs8AVriUU,basket-logo,470.2,1412.82,https://www.youtube.com/watch?v=3vMs8AVriUU
22500003,3vMs8AVriUU,side-court-led-logo,295.8,7675.36,https://www.youtube.com/watch?v=3vMs8AVriUU
22500003,3vMs8AVriUU,back-court-logo,489.0,8670.48,https://www.youtube.com/watch?v=3vMs8AVriUU
22500003,3vMs8AVriUU,mid-court-logo,428.4,18824.22,https://www.youtube.com/watch?v=3vMs8AVriUU
22500003,3vMs8AVriUU,side-court-logo,499.8,2810.75,https://www.youtube.com/watch?v=3vMs8AVriUU
22500082,CfF7p0S2G2U,back-court-logo,405.4,19498.79,https://www.youtube.com/watch?v=CfF7p0S2G2U
22500082,CfF7p0S2G2U,side-court-led-logo,495.8,13014.97,https://www.youtube.com/watch?v=CfF7p0S2G2U
22500082,CfF7p0S2G2U,mid-court-logo,336.6,15960.65,https://www.youtube.com/watch?v=CfF7p0S2G2U
22500082,CfF7p0S2G2U,basket-logo,367.0,2616.16,https://www.youtube.com/watch?v=CfF7p0S2G2U
22500082,CfF7p0S2G2U,side-court-logo,267.6,11458.57,https://www.youtube.com/watch?v=CfF7p0S2G2U
22500082,ZXUPb2tCfYA,basket-logo,381.0,2619.45,https://www.youtube.com/watch?v=ZXUPb2tCfYA
22500082,ZXUPb2tCfYA,mid-court-logo,329.2,15661.92,https://www.youtube.com/watch?v=ZXUPb2tCfYA
22500082,ZXUPb2tCfYA,side-court-logo,279.2,11172.17,https://www.youtube.com/watch?v=ZXUPb2tCfYA
22500082,ZXUPb2tCfYA,side-court-led-logo,481.0,13154.01,https://www.youtube.com/watch?v=ZXUPb2tCfYA
22500082,ZXUPb2tCfYA,back-court-logo,378.8,19220.07,https://www.youtube.com/watch?v=ZXUPb2tCfYA
22500082,2oFvpXxpC44,back-court-logo,432.2,12260.24,https://www.youtube.com/watch?v=2oFvpXxpC44
22500082,2oFvpXxpC44,side-court-led-logo,474.6,9372.37,https://www.youtube.com/watch?v=2oFvpXxpC44
22500082,2oFvpXxpC44,basket-logo,437.8,1934.43,https://www.youtube.com/watch?v=2oFvpXxpC44
22500082,2oFvpXxpC44,mid-court-logo,422.6,12403.4,https://www.youtube.com/watch?v=2oFvpXxpC44
22500082,2oFvpXxpC44,side-court-logo,187.2,8129.24,https://www.youtube.com/watch?v=2oFvpXxpC44
22500082,KaS3oGCFOIs,back-court-logo,205.0,11815.69,https://www.youtube.com/watch?v=KaS3oGCFOIs
22500082,KaS3oGCFOIs,side-court-led-logo,221.2,9530.75,https://www.youtube.com/watch?v=KaS3oGCFOIs
22500082,KaS3oGCFOIs,mid-court-logo,189.2,12589.92,https://www.youtube.com/watch?v=KaS3oGCFOIs
22500082,KaS3oGCFOIs,basket-logo,204.8,1892.67,https://www.youtube.com/watch?v=KaS3oGCFOIs
22500082,KaS3oGCFOIs,side-court-logo,118.2,8051.63,https://www.youtube.com/watch?v=KaS3oGCFOIs
22500081,jTA434KdzW8,basket-logo,411.6,2327.47,https://www.youtube.com/watch?v=jTA434KdzW8
22500081,jTA434KdzW8,side-court-led-logo,275.8,13807.19,https://www.youtube.com/watch?v=jTA434KdzW8
22500081,jTA434KdzW8,back-court-logo,432.6,11212.15,https://www.youtube.com/watch?v=jTA434KdzW8
22500081,jTA434KdzW8,mid-court-logo,328.8,17943.35,https://www.youtube.com/watch?v=jTA434KdzW8
22500081,jTA434KdzW8,side-court-logo,463.8,7536.26,https://www.youtube.com/watch?v=jTA434KdzW8
22500081,rfsUQ4KxG0c,side-court-led-logo,278.4,14339.99,https://www.youtube.com/watch?v=rfsUQ4KxG0c
22500081,rfsUQ4KxG0c,side-court-logo,457.2,7442.34,https://www.youtube.com/watch?v=rfsUQ4KxG0c
22500081,rfsUQ4KxG0c,mid-court-logo,322.2,17751.73,https://www.youtube.com/watch?v=rfsUQ4KxG0c
22500081,rfsUQ4KxG0c,back-court-logo,423.8,10921.24,https://www.youtube.com/watch?v=rfsUQ4KxG0c
22500081,rfsUQ4KxG0c,basket-logo,405.6,2297.59,https://www.youtube.com/watch?v=rfsUQ4KxG0c
22500081,WkSm-VU40Fw,side-court-led-logo,333.0,15332.45,https://www.youtube.com/watch?v=WkSm-VU40Fw
22500081,WkSm-VU40Fw,back-court-logo,441.0,11206.73,https://www.youtube.com/watch?v=WkSm-VU40Fw
22500081,WkSm-VU40Fw,mid-court-logo,352.0,18537.73,https://www.youtube.com/watch?v=WkSm-VU40Fw
22500081,WkSm-VU40Fw,side-court-logo,475.4,7362.12,https://www.youtube.com/watch?v=WkSm-VU40Fw
22500081,WkSm-VU40Fw,basket-logo,434.0,2303.84,https://www.youtube.com/watch?v=WkSm-VU40Fw
22500092,fBFd_8W44lY,side-court-led-logo,542.2,7600.9,https://www.youtube.com/watch?v=fBFd_8W44lY
22500092,fBFd_8W44lY,side-court-logo,505.6,7120.71,https://www.youtube.com/watch?v=fBFd_8W44lY
22500092,fBFd_8W44lY,mid-court-logo,455.6,16962.38,https://www.youtube.com/watch?v=fBFd_8W44lY
22500092,fBFd_8W44lY,back-court-logo,470.4,12477.17,https://www.youtube.com/watch?v=fBFd_8W44lY
22500092,fBFd_8W44lY,basket-logo,448.6,2080.28,https://www.youtube.com/watch?v=fBFd_8W44lY
22500092,KfLqvaFcFsA,back-court-logo,407.6,12004.82,https://www.youtube.com/watch?v=KfLqvaFcFsA
22500092,KfLqvaFcFsA,basket-logo,386.4,1996.28,https://www.youtube.com/watch?v=KfLqvaFcFsA
22500092,KfLqvaFcFsA,side-court-led-logo,487.2,8541.32,https://www.youtube.com/watch?v=KfLqvaFcFsA
22500092,KfLqvaFcFsA,mid-court-logo,394.4,16395.6,https://www.youtube.com/watch?v=KfLqvaFcFsA
22500092,KfLqvaFcFsA,side-court-logo,426.8,6940.96,https://www.youtube.com/watch?v=KfLqvaFcFsA
22500092,oCjwpIGWmHE,side-court-led-logo,512.6,7473.08,https://www.youtube.com/watch?v=oCjwpIGWmHE
22500092,oCjwpIGWmHE,mid-court-logo,412.0,16095.8,https://www.youtube.com/watch?v=oCjwpIGWmHE
22500092,oCjwpIGWmHE,back-court-logo,456.6,12356.65,https://www.youtube.com/watch?v=oCjwpIGWmHE
22500092,oCjwpIGWmHE,side-court-logo,473.6,7037.7,https://www.youtube.com/watch?v=oCjwpIGWmHE
22500092,oCjwpIGWmHE,basket-logo,435.2,2080.38,https://www.youtube.com/watch?v=oCjwpIGWmHE
22500092,UYyCLYwkBvk,back-court-logo,204.4,12563.61,https://www.youtube.com/watch?v=UYyCLYwkBvk
22500092,UYyCLYwkBvk,basket-logo,202.2,1981.84,https://www.youtube.com/watch?v=UYyCLYwkBvk
22500092,UYyCLYwkBvk,mid-court-logo,223.6,16105.53,https://www.youtube.com/watch?v=UYyCLYwkBvk
22500092,UYyCLYwkBvk,side-court-led-logo,243.4,8033.81,https://www.youtube.com/watch?v=UYyCLYwkBvk
22500092,UYyCLYwkBvk,side-court-logo,220.4,7044.42,https://www.youtube.com/watch?v=UYyCLYwkBvk
22500102,KGhYdLlCM0I,basket-logo,505.8,2101.34,https://www.youtube.com/watch?v=KGhYdLlCM0I
22500102,KGhYdLlCM0I,side-court-led-logo,453.8,15464.8,https://www.youtube.com/watch?v=KGhYdLlCM0I
22500102,KGhYdLlCM0I,back-court-logo,516.4,16169.4,https://www.youtube.com/watch?v=KGhYdLlCM0I
22500102,KGhYdLlCM0I,mid-court-logo,296.8,16650.41,https://www.youtube.com/watch?v=KGhYdLlCM0I
22500102,KGhYdLlCM0I,side-court-logo,546.8,9085.17,https://www.youtube.com/watch?v=KGhYdLlCM0I
22500102,LH_KlS8TU2E,back-court-logo,497.8,16260.45,https://www.youtube.com/watch?v=LH_KlS8TU2E
22500102,LH_KlS8TU2E,basket-logo,485.0,2106.58,https://www.youtube.com/watch?v=LH_KlS8TU2E
22500102,LH_KlS8TU2E,side-court-led-logo,445.8,18391.62,https://www.youtube.com/watch?v=LH_KlS8TU2E
22500102,LH_KlS8TU2E,mid-court-logo,317.2,15321.87,https://www.youtube.com/watch?v=LH_KlS8TU2E
22500102,LH_KlS8TU2E,side-court-logo,538.8,9166.72,https://www.youtube.com/watch?v=LH_KlS8TU2E
22500102,Ru9FwTc_Dmg,side-court-led-logo,422.0,16940.49,https://www.youtube.com/watch?v=Ru9FwTc_Dmg
22500102,Ru9FwTc_Dmg,back-court-logo,489.4,16375.26,https://www.youtube.com/watch?v=Ru9FwTc_Dmg
22500102,Ru9FwTc_Dmg,side-court-logo,526.2,9142.6,https://www.youtube.com/watch?v=Ru9FwTc_Dmg
22500102,Ru9FwTc_Dmg,mid-court-logo,393.2,16911.87,https://www.youtube.com/watch?v=Ru9FwTc_Dmg
22500102,Ru9FwTc_Dmg,basket-logo,477.4,2101.63,https://www.youtube.com/watch?v=Ru9FwTc_Dmg
22500102,7vTTeuYzvqk,back-court-logo,457.8,16454.49,https://www.youtube.com/watch?v=7vTTeuYzvqk
22500102,7vTTeuYzvqk,side-court-led-logo,394.2,16598.21,https://www.youtube.com/watch?v=7vTTeuYzvqk
22500102,7vTTeuYzvqk,mid-court-logo,367.2,16554.03,https://www.youtube.com/watch?v=7vTTeuYzvqk
22500102,7vTTeuYzvqk,basket-logo,445.6,2073.77,https://www.youtube.com/watch?v=7vTTeuYzvqk
22500102,7vTTeuYzvqk,side-court-logo,493.6,9146.92,https://www.youtube.com/watch?v=7vTTeuYzvqk
22500102,JAu61GU5-xg,back-court-logo,561.2,16215.38,https://www.youtube.com/watch?v=JAu61GU5-xg
22500102,JAu61GU5-xg,mid-court-logo,326.8,16097.95,https://www.youtube.com/watch?v=JAu61GU5-xg
22500102,JAu61GU5-xg,side-court-logo,595.6,9048.27,https://www.youtube.com/watch?v=JAu61GU5-xg
22500102,JAu61GU5-xg,side-court-led-logo,496.0,15689.32,https://www.youtube.com/watch?v=JAu61GU5-xg
22500102,JAu61GU5-xg,basket-logo,550.0,2094.36,https://www.youtube.com/watch?v=JAu61GU5-xg
22500102,SJOsPDFzPGQ,side-court-logo,90.4,8731.45,https://www.youtube.com/watch?v=SJOsPDFzPGQ
22500102,SJOsPDFzPGQ,side-court-led-logo,80.4,18808.72,https://www.youtube.com/watch?v=SJOsPDFzPGQ
22500102,SJOsPDFzPGQ,mid-court-logo,51.0,18348.29,https://www.youtube.com/watch?v=SJOsPDFzPGQ
22500102,SJOsPDFzPGQ,back-court-logo,81.8,14208.48,https://www.youtube.com/watch?v=SJOsPDFzPGQ
22500102,SJOsPDFzPGQ,basket-logo,78.8,1905.81,https://www.youtube.com/watch?v=SJOsPDFzPGQ
22500002,clKNdb7gNG4,back-court-logo,474.8,15057.34,https://www.youtube.com/watch?v=clKNdb7gNG4
22500002,clKNdb7gNG4,basket-logo,464.4,1632.13,https://www.youtube.com/watch?v=clKNdb7gNG4
22500002,clKNdb7gNG4,mid-court-logo,466.4,15605.27,https://www.youtube.com/watch?v=clKNdb7gNG4
22500002,clKNdb7gNG4,side-court-led-logo,330.6,15991.74,https://www.youtube.com/watch?v=clKNdb7gNG4
22500002,clKNdb7gNG4,side-court-logo,491.4,4971.46,https://www.youtube.com/watch?v=clKNdb7gNG4
22500002,gpssIL2D3wY,basket-logo,559.4,1608.41,https://www.youtube.com/watch?v=gpssIL2D3wY
22500002,gpssIL2D3wY,back-court-logo,555.4,14908.77,https://www.youtube.com/watch?v=gpssIL2D3wY
22500002,gpssIL2D3wY,mid-court-logo,523.6,15194.0,https://www.youtube.com/watch?v=gpssIL2D3wY
22500002,gpssIL2D3wY,side-court-led-logo,357.2,11841.04,https://www.youtube.com/watch?v=gpssIL2D3wY
22500002,gpssIL2D3wY,side-court-logo,551.4,4927.96,https://www.youtube.com/watch?v=gpssIL2D3wY
22500002,v1bHw8GTl-U,side-court-led-logo,346.8,12707.63,https://www.youtube.com/watch?v=v1bHw8GTl-U
22500002,v1bHw8GTl-U,basket-logo,486.2,1575.71,https://www.youtube.com/watch?v=v1bHw8GTl-U
22500002,v1bHw8GTl-U,back-court-logo,491.0,14442.88,https://www.youtube.com/watch?v=v1bHw8GTl-U
22500002,v1bHw8GTl-U,mid-court-logo,482.0,14733.29,https://www.youtube.com/watch?v=v1bHw8GTl-U
22500002,v1bHw8GTl-U,side-court-logo,497.8,4745.82,https://www.youtube.com/watch?v=v1bHw8GTl-U
22500002,OFKxBK7Ku1U,side-court-led-logo,320.6,14235.9,https://www.youtube.com/watch?v=OFKxBK7Ku1U
22500002,OFKxBK7Ku1U,back-court-logo,447.0,14551.17,https://www.youtube.com/watch?v=OFKxBK7Ku1U
22500002,OFKxBK7Ku1U,basket-logo,437.2,1585.69,https://www.youtube.com/watch?v=OFKxBK7Ku1U
22500002,OFKxBK7Ku1U,mid-court-logo,444.8,14876.55,https://www.youtube.com/watch?v=OFKxBK7Ku1U
22500002,OFKxBK7Ku1U,side-court-logo,451.6,4783.98,https://www.youtube.com/watch?v=OFKxBK7Ku1U
22500001,ISI6GOnNWp0,basket-logo,481.6,1383.24,https://www.youtube.com/watch?v=ISI6GOnNWp0
22500001,ISI6GOnNWp0,back-court-logo,484.6,10168.96,https://www.youtube.com/watch?v=ISI6GOnNWp0
22500001,ISI6GOnNWp0,mid-court-logo,403.6,22412.61,https://www.youtube.com/watch?v=ISI6GOnNWp0
22500001,ISI6GOnNWp0,side-court-logo,463.0,3705.64,https://www.youtube.com/watch?v=ISI6GOnNWp0
22500001,ISI6GOnNWp0,side-court-led-logo,361.8,9993.46,https://www.youtube.com/watch?v=ISI6GOnNWp0
22500001,PazHxasZyKA,side-court-logo,513.8,3471.74,https://www.youtube.com/watch?v=PazHxasZyKA
22500001,PazHxasZyKA,mid-court-logo,469.4,20084.12,https://www.youtube.com/watch?v=PazHxasZyKA
22500001,PazHxasZyKA,side-court-led-logo,444.0,12492.88,https://www.youtube.com/watch?v=PazHxasZyKA
22500001,PazHxasZyKA,back-court-logo,506.0,9324.86,https://www.youtube.com/watch?v=PazHxasZyKA
22500001,PazHxasZyKA,basket-logo,498.6,1288.22,https://www.youtube.com/watch?v=PazHxasZyKA
22500001,-UC7LzCMZd8,side-court-logo,691.4,3714.25,https://www.youtube.com/watch?v=-UC7LzCMZd8
22500001,-UC7LzCMZd8,side-court-led-logo,529.6,10400.26,https://www.youtube.com/watch?v=-UC7LzCMZd8
22500001,-UC7LzCMZd8,mid-court-logo,577.8,20960.07,https://www.youtube.com/watch?v=-UC7LzCMZd8
22500001,-UC7LzCMZd8,back-court-logo,702.8,10170.83,https://www.youtube.com/watch?v=-UC7LzCMZd8
22500001,-UC7LzCMZd8,basket-logo,713.2,1400.11,https://www.youtube.com/watch?v=-UC7LzCMZd8
22500001,EzG9w_DOdEw,side-court-logo,457.8,3622.87,https://www.youtube.com/watch?v=EzG9w_DOdEw
22500001,EzG9w_DOdEw,mid-court-logo,403.8,21268.58,https://www.youtube.com/watch?v=EzG9w_DOdEw
22500001,EzG9w_DOdEw,side-court-led-logo,374.8,11699.7,https://www.youtube.com/watch?v=EzG9w_DOdEw
22500001,EzG9w_DOdEw,back-court-logo,464.2,9935.28,https://www.youtube.com/watch?v=EzG9w_DOdEw
22500001,EzG9w_DOdEw,basket-logo,460.2,1332.69,https://www.youtube.com/watch?v=EzG9w_DOdEw
22500001,AEID9EXGUTI,side-court-led-logo,403.6,10259.39,https://www.youtube.com/watch?v=AEID9EXGUTI
22500001,AEID9EXGUTI,mid-court-logo,428.6,21211.64,https://www.youtube.com/watch?v=AEID9EXGUTI
22500001,AEID9EXGUTI,back-court-logo,533.4,10126.02,https://www.youtube.com/watch?v=AEID9EXGUTI
22500001,AEID9EXGUTI,side-court-logo,522.2,3717.7,https://www.youtube.com/watch?v=AEID9EXGUTI
22500001,AEID9EXGUTI,basket-logo,541.0,1376.98,https://www.youtube.com/watch?v=AEID9EXGUTI
22500004,WoExMGywFw4,basket-logo,429.4,1811.06,https://www.youtube.com/watch?v=WoExMGywFw4
22500004,WoExMGywFw4,back-court-logo,432.6,8367.11,https://www.youtube.com/watch?v=WoExMGywFw4
22500004,WoExMGywFw4,mid-court-logo,289.4,12385.38,https://www.youtube.com/watch?v=WoExMGywFw4
22500004,WoExMGywFw4,side-court-led-logo,418.2,19665.12,https://www.youtube.com/watch?v=WoExMGywFw4
22500004,WoExMGywFw4,side-court-logo,383.0,3400.74,https://www.youtube.com/watch?v=WoExMGywFw4
22500004,PeyfbQ1ugbs,side-court-led-logo,461.4,19820.17,https://www.youtube.com/watch?v=PeyfbQ1ugbs
22500004,PeyfbQ1ugbs,basket-logo,475.6,1864.23,https://www.youtube.com/watch?v=PeyfbQ1ugbs
22500004,PeyfbQ1ugbs,back-court-logo,460.6,8154.09,https://www.youtube.com/watch?v=PeyfbQ1ugbs
22500004,PeyfbQ1ugbs,side-court-logo,413.2,3913.51,https://www.youtube.com/watch?v=PeyfbQ1ugbs
22500004,PeyfbQ1ugbs,mid-court-logo,295.6,11410.5,https://www.youtube.com/watch?v=PeyfbQ1ugbs
22500004,TgZgj1EMPLE,side-court-led-logo,414.0,19606.67,https://www.youtube.com/watch?v=TgZgj1EMPLE
22500004,TgZgj1EMPLE,mid-court-logo,291.8,11931.04,https://www.youtube.com/watch?v=TgZgj1EMPLE
22500004,TgZgj1EMPLE,basket-logo,429.0,1838.1,https://www.youtube.com/watch?v=TgZgj1EMPLE
22500004,TgZgj1EMPLE,back-court-logo,428.0,8122.6,https://www.youtube.com/watch?v=TgZgj1EMPLE
22500004,TgZgj1EMPLE,side-court-logo,366.4,3698.43,https://www.youtube.com/watch?v=TgZgj1EMPLE
22500004,EC6iDnDt1oY,side-court-led-logo,438.4,19868.2,https://www.youtube.com/watch?v=EC6iDnDt1oY
22500004,EC6iDnDt1oY,back-court-logo,451.4,8083.9,https://www.youtube.com/watch?v=EC6iDnDt1oY
22500004,EC6iDnDt1oY,basket-logo,446.2,1827.14,https://www.youtube.com/watch?v=EC6iDnDt1oY
22500004,EC6iDnDt1oY,mid-court-logo,315.0,11678.73,https://www.youtube.com/watch?v=EC6iDnDt1oY
22500004,EC6iDnDt1oY,side-court-logo,391.6,3584.39,https://www.youtube.com/watch?v=EC6iDnDt1oY
22500004,DkDjNGL-YZA,side-court-led-logo,448.6,18528.55,https://www.youtube.com/watch?v=DkDjNGL-YZA
22500004,DkDjNGL-YZA,basket-logo,465.6,1854.99,https://www.youtube.com/watch?v=DkDjNGL-YZA
22500004,DkDjNGL-YZA,back-court-logo,468.6,8257.64,https://www.youtube.com/watch?v=DkDjNGL-YZA
22500004,DkDjNGL-YZA,mid-court-logo,312.2,11587.57,https://www.youtube.com/watch?v=DkDjNGL-YZA
22500004,DkDjNGL-YZA,side-court-logo,413.0,3793.2,https://www.youtube.com/watch?v=DkDjNGL-YZA
