HOME_TEAM_ID,HOME_TEAM_ABBREVIATION,HOME_TEAM_NAME,GAME_ID,GAME_DATE,MIN,HOME_PTS,HOME_FGM,HOME_FGA,HOME_FG_PCT,HOME_FG3M,HOME_FG3A,HOME_FG3_PCT,HOME_FTM,HOME_FTA,HOME_FT_PCT,HOME_OREB,HOME_DREB,HOME_REB,HOME_AST,HOME_STL,HOME_BLK,HOME_TOV,HOME_PF,HOME_PLUS_MINUS,AWAY_TEAM_ID,AWAY_TEAM_ABBREVIATION,AWAY_TEAM_NAME,AWAY_PTS,AWAY_FGM,AWAY_FGA,AWAY_FG_PCT,AWAY_FG3M,AWAY_FG3A,AWAY_FG3_PCT,AWAY_FTM,AWAY_FTA,AWAY_FT_PCT,AWAY_OREB,AWAY_DREB,AWAY_REB,AWAY_AST,AWAY_STL,AWAY_BLK,AWAY_TOV,AWAY_PF,AWAY_PLUS_MINUS
1610612739,CLE,Cleveland Cavaliers,0022401189,2025-04-13,292,118,44,115,0.383,18,60,0.3,12,22,0.545,18,47,65,21,6,9,21,23,-8.0,1610612754,IND,Indiana Pacers,126,48,119,0.403,10,42,0.238,20,22,0.909,14,47,61,27,15,10,13,20,8.0
1610612745,HOU,Houston Rockets,0022401193,2025-04-13,239,111,45,100,0.45,12,34,0.353,9,14,0.643,16,29,45,32,5,4,10,24,-15.0,1610612743,DEN,Denver Nuggets,126,45,88,0.511,10,29,0.345,26,31,0.839,11,36,47,28,7,6,9,13,15.0
1610612744,GSW,Golden State Warriors,0022401198,2025-04-13,265,119,43,79,0.544,15,33,0.455,18,23,0.783,3,22,25,31,11,6,15,20,-5.0,1610612746,LAC,LA Clippers,124,48,86,0.558,14,30,0.467,14,18,0.778,9,33,42,28,11,3,16,21,5.0
1610612763,MEM,Memphis Grizzlies,0022401194,2025-04-13,239,132,52,104,0.5,15,40,0.375,13,15,0.867,19,34,53,31,13,7,11,15,35.0,1610612742,DAL,Dallas Mavericks,97,38,87,0.437,5,28,0.179,16,22,0.727,10,28,38,20,6,3,18,13,-35.0
1610612740,NOP,New Orleans Pelicans,0022401196,2025-04-13,240,100,35,91,0.385,7,38,0.184,23,30,0.767,11,36,47,22,6,4,12,19,-15.0,1610612760,OKC,Oklahoma City Thunder,115,41,98,0.418,9,47,0.191,24,27,0.889,17,37,54,16,8,4,10,25,15.0
1610612751,BKN,Brooklyn Nets,0022401188,2025-04-13,239,105,38,74,0.514,12,35,0.343,17,25,0.68,6,36,42,21,4,2,18,24,-8.0,1610612752,NYK,New York Knicks,113,37,86,0.43,16,42,0.381,23,26,0.885,10,30,40,27,10,3,11,25,8.0
1610612737,ATL,Atlanta Hawks,0022401186,2025-04-13,241,117,47,88,0.534,17,40,0.425,6,10,0.6,9,35,44,32,8,2,15,15,12.0,1610612753,ORL,Orlando Magic,105,40,88,0.455,15,35,0.429,10,15,0.667,12,31,43,25,11,5,14,8,-12.0
1610612755,PHI,Philadelphia 76ers,0022401191,2025-04-13,240,102,36,94,0.383,12,44,0.273,18,21,0.857,10,38,48,20,7,6,14,15,-20.0,1610612741,CHI,Chicago Bulls,122,47,103,0.456,13,40,0.325,15,20,0.75,15,44,59,29,10,4,12,17,20.0
1610612749,MIL,Milwaukee Bucks,0022401192,2025-04-13,265,140,50,86,0.581,23,44,0.523,17,22,0.773,6,32,38,30,5,7,20,17,7.0,1610612765,DET,Detroit Pistons,133,51,107,0.477,22,59,0.373,9,14,0.643,14,28,42,35,9,3,13,19,-7.0
1610612759,SAS,San Antonio Spurs,0022401197,2025-04-13,240,125,43,84,0.512,11,32,0.344,28,32,0.875,9,41,50,22,11,2,12,13,7.0,1610612761,TOR,Toronto Raptors,118,46,97,0.474,14,39,0.359,12,16,0.75,12,30,42,32,8,1,13,23,-7.0
1610612738,BOS,Boston Celtics,0022401187,2025-04-13,241,93,35,90,0.389,14,45,0.311,9,13,0.692,15,34,49,22,12,6,13,14,7.0,1610612766,CHA,Charlotte Hornets,86,32,85,0.376,11,39,0.282,11,18,0.611,18,33,51,23,10,4,17,16,-7.0
1610612758,SAC,Sacramento Kings,0022401200,2025-04-13,243,109,46,88,0.523,14,34,0.412,3,3,1.0,10,33,43,31,6,4,11,7,11.0,1610612756,PHX,Phoenix Suns,98,40,84,0.476,15,44,0.341,3,6,0.5,9,28,37,28,6,1,11,9,-11.0
1610612748,MIA,Miami Heat,0022401190,2025-04-13,241,118,49,98,0.5,10,32,0.313,10,12,0.833,9,37,46,28,8,6,8,12,-1.0,1610612764,WAS,Washington Wizards,119,46,90,0.511,16,37,0.432,11,17,0.647,6,37,43,33,4,3,10,14,1.0
1610612750,MIN,Minnesota Timberwolves,0022401195,2025-04-13,240,116,46,98,0.469,13,43,0.302,11,16,0.688,17,37,54,23,9,9,13,16,11.0,1610612762,UTA,Utah Jazz,105,40,89,0.449,16,42,0.381,9,11,0.818,9,31,40,24,6,5,13,15,-11.0
1610612757,POR,Portland Trail Blazers,0022401199,2025-04-13,240,109,42,96,0.438,15,42,0.357,10,21,0.476,27,29,56,27,7,6,14,16,28.0,1610612747,LAL,Los Angeles Lakers,81,31,80,0.388,9,28,0.321,10,14,0.714,13,29,42,21,9,11,20,21,-28.0
1610612757,POR,Portland Trail Blazers,0022401183,2025-04-11,240,86,32,85,0.376,6,30,0.2,16,22,0.727,13,39,52,21,9,5,22,20,-17.0,1610612744,GSW,Golden State Warriors,103,33,83,0.398,14,44,0.318,23,28,0.821,7,38,45,26,15,7,14,19,17.0
1610612754,IND,Indiana Pacers,0022401172,2025-04-11,241,115,40,89,0.449,12,29,0.414,23,35,0.657,17,27,44,24,8,7,17,19,-14.0,1610612753,ORL,Orlando Magic,129,49,85,0.576,13,32,0.406,18,21,0.857,8,27,35,32,14,11,19,28,14.0
1610612758,SAC,Sacramento Kings,0022401184,2025-04-11,240,100,37,85,0.435,10,31,0.323,16,17,0.941,11,32,43,23,5,1,11,18,-1.0,1610612746,LAC,LA Clippers,101,40,78,0.513,7,21,0.333,14,18,0.778,7,30,37,19,6,2,12,19,1.0
1610612743,DEN,Denver Nuggets,0022401180,2025-04-11,242,117,44,91,0.484,5,24,0.208,24,31,0.774,11,41,52,32,9,2,12,17,8.0,1610612763,MEM,Memphis Grizzlies,109,41,91,0.451,14,43,0.326,13,19,0.684,7,34,41,26,8,5,12,24,-8.0
1610612765,DET,Detroit Pistons,0022401171,2025-04-11,240,119,46,93,0.495,18,39,0.462,9,18,0.5,8,34,42,30,1,9,10,19,-6.0,1610612749,MIL,Milwaukee Bucks,125,43,94,0.457,17,39,0.436,22,27,0.815,8,36,44,30,7,8,7,17,6.0
1610612755,PHI,Philadelphia 76ers,0022401173,2025-04-11,240,110,43,97,0.443,12,35,0.343,12,15,0.8,14,31,45,29,6,6,14,17,-14.0,1610612737,ATL,Atlanta Hawks,124,45,94,0.479,16,42,0.381,18,24,0.75,18,35,53,28,9,5,14,15,14.0
1610612738,BOS,Boston Celtics,0022401174,2025-04-11,240,130,49,95,0.516,23,51,0.451,9,12,0.75,10,42,52,35,9,8,10,11,36.0,1610612766,CHA,Charlotte Hornets,94,36,93,0.387,15,40,0.375,7,10,0.7,12,36,48,25,7,4,17,14,-36.0
1610612742,DAL,Dallas Mavericks,0022401178,2025-04-11,241,124,49,89,0.551,15,34,0.441,11,17,0.647,12,44,56,34,8,10,17,12,22.0,1610612761,TOR,Toronto Raptors,102,40,100,0.4,11,39,0.282,11,18,0.611,16,27,43,22,11,4,10,15,-22.0
1610612747,LAL,Los Angeles Lakers,0022401185,2025-04-11,239,140,53,87,0.609,19,37,0.514,15,25,0.6,4,38,42,28,11,1,12,15,31.0,1610612745,HOU,Houston Rockets,109,41,90,0.456,18,51,0.353,9,12,0.75,7,30,37,22,8,5,18,17,-31.0
1610612752,NYK,New York Knicks,0022401175,2025-04-11,240,102,36,88,0.409,16,41,0.39,14,20,0.7,10,25,35,22,11,2,8,18,-6.0,1610612739,CLE,Cleveland Cavaliers,108,38,77,0.494,11,31,0.355,21,30,0.7,13,36,49,23,7,2,15,17,6.0
1610612756,PHX,Phoenix Suns,0022401182,2025-04-11,240,117,44,95,0.463,19,47,0.404,10,11,0.909,13,39,52,27,9,10,11,9,19.0,1610612759,SAS,San Antonio Spurs,98,39,90,0.433,13,34,0.382,7,10,0.7,5,35,40,28,7,2,14,7,-19.0
1610612741,CHI,Chicago Bulls,0022401176,2025-04-11,240,119,43,93,0.462,13,41,0.317,20,22,0.909,13,41,54,32,8,7,12,13,30.0,1610612764,WAS,Washington Wizards,89,35,91,0.385,10,41,0.244,9,12,0.75,8,33,41,26,7,5,16,16,-30.0
1610612750,MIN,Minnesota Timberwolves,0022401179,2025-04-11,239,117,42,77,0.545,11,31,0.355,22,29,0.759,7,41,48,27,5,5,12,15,26.0,1610612751,BKN,Brooklyn Nets,91,33,90,0.367,12,41,0.293,13,17,0.765,15,26,41,24,7,1,9,24,-26.0
1610612762,UTA,Utah Jazz,0022401181,2025-04-11,239,111,39,103,0.379,17,63,0.27,16,20,0.8,19,38,57,23,7,3,16,14,-34.0,1610612760,OKC,Oklahoma City Thunder,145,56,100,0.56,24,53,0.453,9,13,0.692,5,42,47,41,12,4,10,17,34.0
1610612740,NOP,New Orleans Pelicans,0022401177,2025-04-11,240,104,38,95,0.4,14,37,0.378,14,20,0.7,12,30,42,27,6,2,13,16,-49.0,1610612748,MIA,Miami Heat,153,58,104,0.558,20,45,0.444,17,22,0.773,16,44,60,36,12,5,9,13,49.0
1610612765,DET,Detroit Pistons,0022401167,2025-04-10,241,115,47,82,0.573,8,22,0.364,13,18,0.722,9,26,35,20,5,6,15,23,9.0,1610612752,NYK,New York Knicks,106,42,90,0.467,11,34,0.324,11,14,0.786,11,23,34,32,11,6,14,19,-9.0
1610612751,BKN,Brooklyn Nets,0022401169,2025-04-10,239,109,36,90,0.4,22,52,0.423,15,22,0.682,10,31,41,31,8,2,17,26,-24.0,1610612737,ATL,Atlanta Hawks,133,48,84,0.571,15,36,0.417,22,33,0.667,7,44,51,36,11,1,15,19,24.0
1610612763,MEM,Memphis Grizzlies,0022401170,2025-04-10,238,125,46,89,0.517,18,36,0.5,15,21,0.714,8,25,33,26,5,2,15,22,-16.0,1610612750,MIN,Minnesota Timberwolves,141,48,87,0.552,20,44,0.455,25,28,0.893,8,33,41,29,6,3,16,25,16.0
1610612754,IND,Indiana Pacers,0022401168,2025-04-10,240,114,43,93,0.462,14,41,0.341,14,20,0.7,10,36,46,28,3,11,9,16,2.0,1610612739,CLE,Cleveland Cavaliers,112,43,98,0.439,17,37,0.459,9,13,0.692,11,39,50,24,6,3,11,16,-2.0
1610612749,MIL,Milwaukee Bucks,0022401161,2025-04-10,239,136,49,90,0.544,18,45,0.4,20,30,0.667,7,36,43,27,13,4,11,17,25.0,1610612740,NOP,New Orleans Pelicans,111,41,96,0.427,15,47,0.319,14,19,0.737,15,38,53,28,8,0,16,21,-25.0
1610612764,WAS,Washington Wizards,0022401157,2025-04-09,240,103,34,87,0.391,10,33,0.303,25,30,0.833,13,34,47,22,9,2,16,25,-19.0,1610612755,PHI,Philadelphia 76ers,122,39,91,0.429,16,50,0.32,28,38,0.737,18,37,55,20,10,8,16,20,19.0
1610612753,ORL,Orlando Magic,0022401156,2025-04-09,242,96,37,91,0.407,16,45,0.356,6,8,0.75,12,37,49,23,5,3,10,9,20.0,1610612738,BOS,Boston Celtics,76,32,82,0.39,7,40,0.175,5,6,0.833,9,34,43,20,5,5,15,11,-20.0
1610612758,SAC,Sacramento Kings,0022401165,2025-04-09,241,116,43,92,0.467,16,36,0.444,14,17,0.824,11,29,40,25,2,5,8,22,-8.0,1610612743,DEN,Denver Nuggets,124,43,86,0.5,13,34,0.382,25,31,0.806,12,33,45,30,7,5,7,16,8.0
1610612762,UTA,Utah Jazz,0022401162,2025-04-09,265,133,50,98,0.51,15,36,0.417,18,22,0.818,16,40,56,27,14,4,24,26,7.0,1610612757,POR,Portland Trail Blazers,126,48,104,0.462,11,45,0.244,19,28,0.679,14,29,43,27,13,5,16,23,-7.0
1610612744,GSW,Golden State Warriors,0022401163,2025-04-09,239,111,36,86,0.419,16,48,0.333,23,28,0.821,16,29,45,29,8,2,10,19,-3.0,1610612759,SAS,San Antonio Spurs,114,39,81,0.481,18,46,0.391,18,21,0.857,10,33,43,23,6,5,13,23,3.0
1610612761,TOR,Toronto Raptors,0022401158,2025-04-09,240,126,49,104,0.471,19,52,0.365,9,12,0.75,16,39,55,37,8,2,8,16,30.0,1610612766,CHA,Charlotte Hornets,96,36,82,0.439,11,35,0.314,13,16,0.813,5,36,41,23,5,3,19,13,-30.0
1610612742,DAL,Dallas Mavericks,0022401159,2025-04-09,240,97,36,72,0.5,9,26,0.346,16,23,0.696,9,29,38,30,6,6,19,14,-15.0,1610612747,LAL,Los Angeles Lakers,112,42,90,0.467,12,36,0.333,16,21,0.762,15,24,39,22,14,0,9,16,15.0
1610612746,LAC,LA Clippers,0022401166,2025-04-09,240,134,48,90,0.533,19,37,0.514,19,19,1.0,11,32,43,33,10,3,11,11,17.0,1610612745,HOU,Houston Rockets,117,45,88,0.511,20,40,0.5,7,10,0.7,7,29,36,24,7,4,13,14,-17.0
1610612741,CHI,Chicago Bulls,0022401160,2025-04-09,240,119,46,89,0.517,14,37,0.378,13,13,1.0,10,36,46,33,8,7,16,14,8.0,1610612748,MIA,Miami Heat,111,44,92,0.478,12,33,0.364,11,17,0.647,11,28,39,28,11,3,13,10,-8.0
1610612756,PHX,Phoenix Suns,0022401164,2025-04-09,240,112,42,87,0.483,15,42,0.357,13,19,0.684,9,29,38,31,10,3,13,17,-13.0,1610612760,OKC,Oklahoma City Thunder,125,45,86,0.523,12,30,0.4,23,27,0.852,8,36,44,24,11,2,10,18,13.0
1610612746,LAC,LA Clippers,0022401155,2025-04-08,241,122,48,93,0.516,14,30,0.467,12,16,0.75,14,36,50,30,6,0,15,14,5.0,1610612759,SAS,San Antonio Spurs,117,45,85,0.529,17,42,0.405,10,16,0.625,8,26,34,29,8,4,16,16,-5.0
1610612766,CHA,Charlotte Hornets,0022401146,2025-04-08,239,100,37,81,0.457,11,38,0.289,15,23,0.652,6,32,38,22,3,4,15,18,-24.0,1610612763,MEM,Memphis Grizzlies,124,42,93,0.452,18,55,0.327,22,26,0.846,14,38,52,23,12,3,13,18,24.0
1610612753,ORL,Orlando Magic,0022401149,2025-04-08,240,119,42,84,0.5,14,34,0.412,21,31,0.677,13,30,43,23,13,6,13,20,7.0,1610612737,ATL,Atlanta Hawks,112,40,88,0.455,14,41,0.341,18,22,0.818,14,27,41,25,7,6,18,26,-7.0
1610612751,BKN,Brooklyn Nets,0022401150,2025-04-08,241,119,41,83,0.494,17,40,0.425,20,24,0.833,7,33,40,30,11,4,16,22,5.0,1610612740,NOP,New Orleans Pelicans,114,39,82,0.476,12,33,0.364,24,31,0.774,9,33,42,26,10,6,17,18,-5.0
1610612754,IND,Indiana Pacers,0022401148,2025-04-08,240,104,33,87,0.379,9,35,0.257,29,37,0.784,13,36,49,21,7,5,7,16,6.0,1610612764,WAS,Washington Wizards,98,38,91,0.418,11,39,0.282,11,15,0.733,13,37,50,18,2,8,11,27,-6.0
1610612739,CLE,Cleveland Cavaliers,0022401147,2025-04-08,238,135,51,100,0.51,25,50,0.5,8,13,0.615,16,29,45,35,13,3,12,15,22.0,1610612741,CHI,Chicago Bulls,113,41,86,0.477,15,43,0.349,16,19,0.842,12,33,45,26,9,3,20,15,-22.0
1610612756,PHX,Phoenix Suns,0022401154,2025-04-08,241,95,35,88,0.398,12,43,0.279,13,15,0.867,13,28,41,22,12,4,19,19,-38.0,1610612744,GSW,Golden State Warriors,133,45,93,0.484,15,40,0.375,28,34,0.824,19,38,57,31,14,3,15,10,38.0
1610612760,OKC,Oklahoma City Thunder,0022401153,2025-04-08,243,136,52,104,0.5,18,37,0.486,14,20,0.7,15,29,44,26,9,5,6,26,16.0,1610612747,LAL,Los Angeles Lakers,120,37,80,0.463,18,40,0.45,28,37,0.757,12,33,45,21,2,6,18,15,-16.0
1610612749,MIL,Milwaukee Bucks,0022401152,2025-04-08,241,110,40,84,0.476,12,36,0.333,18,25,0.72,11,32,43,27,8,2,11,15,7.0,1610612750,MIN,Minnesota Timberwolves,103,41,89,0.461,13,40,0.325,8,9,0.889,10,32,42,25,4,3,13,20,-7.0
1610612752,NYK,New York Knicks,0022401151,2025-04-08,266,117,48,101,0.475,11,38,0.289,10,16,0.625,17,35,52,28,8,6,11,21,-2.0,1610612738,BOS,Boston Celtics,119,40,87,0.46,19,49,0.388,20,25,0.8,9,29,38,26,8,4,15,17,2.0
1610612765,DET,Detroit Pistons,0022401144,2025-04-07,240,117,42,89,0.472,13,39,0.333,20,28,0.714,13,24,37,30,8,4,9,23,-10.0,1610612758,SAC,Sacramento Kings,127,47,91,0.516,11,27,0.407,22,27,0.815,18,32,50,20,5,4,10,21,10.0
1610612748,MIA,Miami Heat,0022401145,2025-04-07,241,117,45,89,0.506,16,36,0.444,11,15,0.733,10,37,47,26,7,6,13,17,12.0,1610612755,PHI,Philadelphia 76ers,105,38,88,0.432,12,38,0.316,17,25,0.68,14,31,45,20,7,4,13,14,-12.0
1610612744,GSW,Golden State Warriors,0022401143,2025-04-06,241,96,37,89,0.416,16,43,0.372,6,11,0.545,15,31,46,28,12,2,20,14,-10.0,1610612745,HOU,Houston Rockets,106,45,93,0.484,10,30,0.333,6,16,0.375,16,33,49,26,11,7,15,15,10.0
1610612757,POR,Portland Trail Blazers,0022401139,2025-04-06,240,120,42,89,0.472,15,41,0.366,21,27,0.778,8,36,44,25,10,5,15,20,11.0,1610612759,SAS,San Antonio Spurs,109,41,95,0.432,11,34,0.324,16,21,0.762,13,32,45,26,9,4,18,21,-11.0
1610612737,ATL,Atlanta Hawks,0022401136,2025-04-06,239,147,54,95,0.568,22,41,0.537,17,20,0.85,11,31,42,43,7,3,11,19,13.0,1610612762,UTA,Utah Jazz,134,45,87,0.517,20,47,0.426,24,28,0.857,7,25,32,29,10,4,10,18,-13.0
1610612752,NYK,New York Knicks,0022401140,2025-04-06,240,112,40,74,0.541,12,28,0.429,20,24,0.833,6,35,41,28,6,3,14,18,14.0,1610612756,PHX,Phoenix Suns,98,39,92,0.424,4,34,0.118,16,19,0.842,15,20,35,20,11,3,12,22,-14.0
1610612760,OKC,Oklahoma City Thunder,0022401135,2025-04-06,239,99,39,90,0.433,12,37,0.324,9,12,0.75,9,25,34,20,9,3,7,17,-27.0,1610612747,LAL,Los Angeles Lakers,126,46,84,0.548,22,40,0.55,12,17,0.706,8,35,43,25,6,2,15,15,27.0
1610612766,CHA,Charlotte Hornets,0022401133,2025-04-06,240,117,41,85,0.482,8,30,0.267,27,34,0.794,9,31,40,25,7,2,12,22,-14.0,1610612741,CHI,Chicago Bulls,131,46,86,0.535,16,36,0.444,23,29,0.793,9,32,41,26,8,1,12,23,14.0
1610612743,DEN,Denver Nuggets,0022401142,2025-04-06,241,120,50,93,0.538,8,31,0.258,12,18,0.667,9,38,47,33,2,7,13,17,-5.0,1610612754,IND,Indiana Pacers,125,46,96,0.479,15,44,0.341,18,21,0.857,7,34,41,34,10,7,6,17,5.0
1610612751,BKN,Brooklyn Nets,0022401134,2025-04-06,240,109,39,82,0.476,10,35,0.286,21,27,0.778,8,38,46,25,8,7,23,18,-11.0,1610612761,TOR,Toronto Raptors,120,47,94,0.5,12,36,0.333,14,22,0.636,13,34,47,30,16,4,18,21,11.0
1610612739,CLE,Cleveland Cavaliers,0022401138,2025-04-06,240,113,46,88,0.523,10,38,0.263,11,19,0.579,13,26,39,31,11,5,16,17,-7.0,1610612758,SAC,Sacramento Kings,120,44,82,0.537,14,33,0.424,18,22,0.818,8,31,39,25,10,3,14,14,7.0
1610612740,NOP,New Orleans Pelicans,0022400617,2025-04-06,241,107,43,95,0.453,12,33,0.364,9,14,0.643,9,39,48,31,4,6,11,14,-4.0,1610612749,MIL,Milwaukee Bucks,111,43,92,0.467,11,32,0.344,14,22,0.636,10,41,51,29,10,4,7,14,4.0
1610612738,BOS,Boston Celtics,0022401137,2025-04-06,242,124,48,98,0.49,24,52,0.462,4,6,0.667,25,37,62,33,6,5,13,9,34.0,1610612764,WAS,Washington Wizards,90,35,86,0.407,12,45,0.267,8,10,0.8,11,21,32,21,5,3,10,10,-34.0
1610612765,DET,Detroit Pistons,0022401129,2025-04-05,240,103,37,96,0.385,11,42,0.262,18,23,0.783,8,36,44,24,9,6,6,19,-6.0,1610612763,MEM,Memphis Grizzlies,109,39,94,0.415,9,32,0.281,22,29,0.759,17,47,64,19,4,3,14,18,6.0
1610612748,MIA,Miami Heat,0022401131,2025-04-05,265,115,43,102,0.422,15,46,0.326,14,16,0.875,12,40,52,24,4,1,10,21,-6.0,1610612749,MIL,Milwaukee Bucks,121,45,87,0.517,8,24,0.333,23,29,0.793,3,44,47,29,6,3,9,17,6.0
1610612737,ATL,Atlanta Hawks,0022401128,2025-04-05,240,105,41,88,0.466,14,45,0.311,9,12,0.75,9,29,38,24,11,7,15,18,-16.0,1610612752,NYK,New York Knicks,121,45,84,0.536,15,29,0.517,16,19,0.842,6,32,38,32,8,5,13,13,16.0
1610612746,LAC,LA Clippers,0022401132,2025-04-05,237,135,54,96,0.563,11,28,0.393,16,20,0.8,10,35,45,31,11,3,6,22,31.0,1610612742,DAL,Dallas Mavericks,104,34,78,0.436,7,27,0.259,29,38,0.763,10,31,41,18,5,8,15,18,-31.0
1610612755,PHI,Philadelphia 76ers,0022401130,2025-04-05,239,109,44,91,0.484,12,35,0.343,9,15,0.6,11,23,34,26,9,4,8,23,-5.0,1610612750,MIN,Minnesota Timberwolves,114,41,81,0.506,11,34,0.324,21,29,0.724,14,33,47,22,5,7,15,15,5.0
1610612747,LAL,Los Angeles Lakers,0022401126,2025-04-04,240,124,41,79,0.519,16,41,0.39,26,28,0.929,8,28,36,26,7,2,12,18,16.0,1610612740,NOP,New Orleans Pelicans,108,40,82,0.488,14,34,0.412,14,22,0.636,15,23,38,27,10,2,16,22,-16.0
1610612761,TOR,Toronto Raptors,0022401121,2025-04-04,241,105,38,91,0.418,13,37,0.351,16,20,0.8,16,33,49,24,9,6,15,24,-12.0,1610612765,DET,Detroit Pistons,117,41,89,0.461,12,34,0.353,23,27,0.852,12,35,47,27,11,7,13,14,12.0
1610612746,LAC,LA Clippers,0022401127,2025-04-04,239,114,44,89,0.494,14,30,0.467,12,16,0.75,11,37,48,23,11,4,13,23,23.0,1610612742,DAL,Dallas Mavericks,91,35,77,0.455,4,20,0.2,17,26,0.654,6,33,39,19,7,0,17,14,-23.0
1610612741,CHI,Chicago Bulls,0022401122,2025-04-04,240,118,41,87,0.471,10,27,0.37,26,31,0.839,11,50,61,25,2,8,17,16,5.0,1610612757,POR,Portland Trail Blazers,113,44,115,0.383,11,42,0.262,14,18,0.778,19,35,54,23,7,5,5,21,-5.0
1610612754,IND,Indiana Pacers,0022401119,2025-04-04,240,140,51,89,0.573,12,32,0.375,26,38,0.684,11,40,51,38,8,17,7,17,28.0,1610612762,UTA,Utah Jazz,112,39,104,0.375,16,52,0.308,18,21,0.857,19,33,52,21,5,1,11,24,-28.0
1610612738,BOS,Boston Celtics,0022401120,2025-04-04,240,123,45,87,0.517,14,39,0.359,19,22,0.864,10,39,49,28,1,4,7,13,20.0,1610612756,PHX,Phoenix Suns,103,41,93,0.441,12,37,0.324,9,11,0.818,11,29,40,24,7,2,6,15,-20.0
1610612745,HOU,Houston Rockets,0022401123,2025-04-04,241,125,45,92,0.489,13,29,0.448,22,26,0.846,14,34,48,24,10,5,13,16,14.0,1610612760,OKC,Oklahoma City Thunder,111,43,89,0.483,13,35,0.371,12,15,0.8,7,26,33,24,7,6,15,20,-14.0
1610612766,CHA,Charlotte Hornets,0022401118,2025-04-04,241,102,33,83,0.398,8,35,0.229,28,34,0.824,11,34,45,17,2,2,12,19,-23.0,1610612758,SAC,Sacramento Kings,125,45,91,0.495,16,36,0.444,19,23,0.826,10,34,44,26,4,3,6,28,23.0
1610612744,GSW,Golden State Warriors,0022401125,2025-04-04,240,118,43,88,0.489,16,38,0.421,16,18,0.889,11,25,36,25,14,2,13,15,14.0,1610612743,DEN,Denver Nuggets,104,40,74,0.541,12,31,0.387,12,13,0.923,7,31,38,28,8,4,25,18,-14.0
1610612759,SAS,San Antonio Spurs,0022401124,2025-04-04,241,113,41,94,0.436,16,48,0.333,15,19,0.789,9,35,44,27,9,4,11,15,-1.0,1610612739,CLE,Cleveland Cavaliers,114,41,87,0.471,22,51,0.431,10,14,0.714,7,37,44,31,6,4,15,13,1.0
1610612748,MIA,Miami Heat,0022401114,2025-04-03,239,108,39,95,0.411,14,33,0.424,16,19,0.842,15,32,47,24,11,8,11,21,-2.0,1610612763,MEM,Memphis Grizzlies,110,40,85,0.471,16,38,0.421,14,17,0.824,12,37,49,24,8,4,18,18,2.0
1610612755,PHI,Philadelphia 76ers,0022401115,2025-04-03,240,113,43,89,0.483,12,39,0.308,15,19,0.789,11,29,40,30,8,4,13,18,-13.0,1610612749,MIL,Milwaukee Bucks,126,46,82,0.561,16,31,0.516,18,27,0.667,8,32,40,32,7,7,11,14,13.0
1610612764,WAS,Washington Wizards,0022401112,2025-04-03,241,97,38,85,0.447,12,30,0.4,9,11,0.818,8,30,38,16,4,3,13,20,-12.0,1610612753,ORL,Orlando Magic,109,38,82,0.463,11,30,0.367,22,25,0.88,13,34,47,27,7,8,8,12,12.0
1610612761,TOR,Toronto Raptors,0022401116,2025-04-03,240,103,44,96,0.458,12,34,0.353,3,5,0.6,13,22,35,29,14,1,17,19,-9.0,1610612757,POR,Portland Trail Blazers,112,42,86,0.488,10,34,0.294,18,20,0.9,17,37,54,20,10,6,20,13,9.0
1610612747,LAL,Los Angeles Lakers,0022401117,2025-04-03,240,116,39,86,0.453,18,47,0.383,20,23,0.87,14,25,39,23,5,3,8,23,-7.0,1610612744,GSW,Golden State Warriors,123,39,82,0.476,19,42,0.452,26,31,0.839,14,32,46,30,5,2,13,21,7.0
1610612751,BKN,Brooklyn Nets,0022401113,2025-04-03,240,90,38,89,0.427,11,36,0.306,3,4,0.75,8,26,34,30,11,0,10,17,-15.0,1610612750,MIN,Minnesota Timberwolves,105,39,78,0.5,13,42,0.31,14,21,0.667,10,35,45,27,6,10,17,13,15.0
1610612739,CLE,Cleveland Cavaliers,0022401103,2025-04-02,238,124,50,94,0.532,12,37,0.324,12,14,0.857,15,29,44,23,8,5,13,18,19.0,1610612752,NYK,New York Knicks,105,40,90,0.444,11,36,0.306,14,17,0.824,15,24,39,24,7,2,14,19,-19.0
1610612742,DAL,Dallas Mavericks,0022401109,2025-04-02,240,120,44,83,0.53,15,33,0.455,17,21,0.81,4,38,42,27,7,8,13,16,2.0,1610612737,ATL,Atlanta Hawks,118,42,97,0.433,15,39,0.385,19,22,0.864,12,31,43,29,7,3,11,19,-2.0
1610612764,WAS,Washington Wizards,0022401105,2025-04-02,239,116,43,84,0.512,17,43,0.395,13,18,0.722,7,34,41,24,6,3,14,21,5.0,1610612758,SAC,Sacramento Kings,111,40,95,0.421,10,39,0.256,21,28,0.75,17,31,48,25,10,3,11,16,-5.0
1610612745,HOU,Houston Rockets,0022401107,2025-04-02,241,143,56,104,0.538,19,45,0.422,12,19,0.632,18,45,63,30,4,6,10,18,38.0,1610612762,UTA,Utah Jazz,105,40,94,0.426,10,40,0.25,15,23,0.652,10,29,39,25,7,6,9,14,-38.0
1610612738,BOS,Boston Celtics,0022401106,2025-04-02,240,103,39,87,0.448,12,43,0.279,13,16,0.813,19,24,43,24,3,6,13,17,-21.0,1610612748,MIA,Miami Heat,124,43,83,0.518,14,30,0.467,24,27,0.889,11,23,34,28,9,2,4,13,21.0
1610612754,IND,Indiana Pacers,0022401104,2025-04-02,239,119,47,95,0.495,18,44,0.409,7,10,0.7,11,27,38,29,10,6,6,16,14.0,1610612766,CHA,Charlotte Hornets,105,41,78,0.526,10,24,0.417,13,18,0.722,9,35,44,20,3,2,18,15,-14.0
1610612743,DEN,Denver Nuggets,0022401110,2025-04-02,240,106,38,96,0.396,13,44,0.295,17,25,0.68,14,44,58,24,7,4,12,12,-7.0,1610612759,SAS,San Antonio Spurs,113,43,97,0.443,17,46,0.37,10,13,0.769,8,44,52,27,6,5,10,17,7.0
1610612746,LAC,LA Clippers,0022401111,2025-04-02,241,114,40,76,0.526,13,32,0.406,21,26,0.808,2,28,30,27,9,4,10,9,16.0,1610612740,NOP,New Orleans Pelicans,98,43,85,0.506,4,22,0.182,8,11,0.727,7,32,39,29,9,4,15,21,-16.0
1610612760,OKC,Oklahoma City Thunder,0022401108,2025-04-02,238,119,42,96,0.438,10,38,0.263,25,31,0.806,13,33,46,25,12,11,10,19,16.0,1610612765,DET,Detroit Pistons,103,36,89,0.404,10,33,0.303,21,25,0.84,11,32,43,20,5,7,18,25,-16.0
1610612763,MEM,Memphis Grizzlies,0022401100,2025-04-01,239,125,44,92,0.478,18,44,0.409,19,22,0.864,8,35,43,22,7,6,16,23,-9.0,1610612744,GSW,Golden State Warriors,134,42,99,0.424,22,56,0.393,28,28,1.0,15,34,49,29,11,3,11,22,9.0
1610612743,DEN,Denver Nuggets,0022401102,2025-04-01,289,139,47,86,0.547,12,34,0.353,33,44,0.75,8,37,45,33,7,7,16,22,-1.0,1610612750,MIN,Minnesota Timberwolves,140,52,111,0.468,19,50,0.38,17,25,0.68,21,31,52,35,5,2,14,34,1.0
1610612749,MIL,Milwaukee Bucks,0022401101,2025-04-01,240,133,51,74,0.689,17,29,0.586,14,15,0.933,3,26,29,32,6,5,18,22,10.0,1610612756,PHX,Phoenix Suns,123,44,92,0.478,18,45,0.4,17,21,0.81,15,18,33,26,6,0,13,19,-10.0
1610612737,ATL,Atlanta Hawks,0022401097,2025-04-01,241,113,41,92,0.446,7,32,0.219,24,28,0.857,12,33,45,26,12,8,19,22,-14.0,1610612757,POR,Portland Trail Blazers,127,47,103,0.456,13,41,0.317,20,27,0.741,19,35,54,30,13,5,17,18,14.0
1610612752,NYK,New York Knicks,0022401098,2025-04-01,239,105,36,85,0.424,12,31,0.387,21,26,0.808,14,30,44,23,10,4,18,18,14.0,1610612755,PHI,Philadelphia 76ers,91,34,81,0.42,6,31,0.194,17,22,0.773,13,29,42,23,11,5,19,21,-14.0
1610612741,CHI,Chicago Bulls,0022401099,2025-04-01,239,137,50,88,0.568,14,34,0.412,23,27,0.852,10,39,49,36,10,2,12,9,19.0,1610612761,TOR,Toronto Raptors,118,44,97,0.454,20,45,0.444,10,11,0.909,9,26,35,35,7,3,12,20,-19.0
1610612759,SAS,San Antonio Spurs,0022400988,2025-04-01,240,105,40,81,0.494,13,32,0.406,12,17,0.706,9,29,38,24,7,4,17,14,-11.0,1610612753,ORL,Orlando Magic,116,43,90,0.478,18,47,0.383,12,12,1.0,10,31,41,28,12,7,10,15,11.0
1610612764,WAS,Washington Wizards,0022401092,2025-03-31,239,94,34,86,0.395,13,43,0.302,13,18,0.722,5,34,39,22,14,4,18,20,-26.0,1610612748,MIA,Miami Heat,120,47,93,0.505,9,32,0.281,17,24,0.708,15,47,62,29,12,2,17,16,26.0
1610612747,LAL,Los Angeles Lakers,0022401096,2025-03-31,242,104,35,89,0.393,16,46,0.348,18,20,0.9,10,35,45,22,11,6,11,15,6.0,1610612745,HOU,Houston Rockets,98,37,89,0.416,10,32,0.313,14,17,0.824,10,41,51,26,7,5,15,20,-6.0
1610612760,OKC,Oklahoma City Thunder,0022401094,2025-03-31,240,145,52,98,0.531,23,43,0.535,18,23,0.783,9,35,44,39,11,6,14,16,28.0,1610612741,CHI,Chicago Bulls,117,44,98,0.449,16,51,0.314,13,16,0.813,10,33,43,29,7,7,19,16,-28.0
1610612763,MEM,Memphis Grizzlies,0022401093,2025-03-31,240,103,41,92,0.446,11,44,0.25,10,16,0.625,5,40,45,21,9,3,10,16,-14.0,1610612738,BOS,Boston Celtics,117,39,96,0.406,21,62,0.339,18,19,0.947,12,42,54,30,4,3,12,11,14.0
1610612766,CHA,Charlotte Hornets,0022401089,2025-03-31,241,110,43,80,0.538,15,38,0.395,9,14,0.643,10,37,47,33,3,5,18,14,4.0,1610612762,UTA,Utah Jazz,106,39,96,0.406,14,52,0.269,14,15,0.933,14,27,41,25,13,2,10,15,-4.0
1610612742,DAL,Dallas Mavericks,0022401095,2025-03-31,240,109,41,86,0.477,10,30,0.333,17,29,0.586,12,37,49,29,4,3,8,19,-4.0,1610612751,BKN,Brooklyn Nets,113,39,90,0.433,20,51,0.392,15,20,0.75,7,33,40,32,6,3,8,23,4.0
1610612753,ORL,Orlando Magic,0022401091,2025-03-31,241,87,30,76,0.395,7,26,0.269,20,22,0.909,6,26,32,18,10,4,14,17,-9.0,1610612746,LAC,LA Clippers,96,36,82,0.439,8,31,0.258,16,19,0.842,11,36,47,18,12,5,16,19,9.0
1610612754,IND,Indiana Pacers,0022401090,2025-03-31,240,111,42,90,0.467,14,41,0.341,13,13,1.0,6,34,40,28,6,5,12,14,2.0,1610612758,SAC,Sacramento Kings,109,43,92,0.467,12,27,0.444,11,17,0.647,6,39,45,22,7,2,11,18,-2.0
1610612749,MIL,Milwaukee Bucks,0022401083,2025-03-30,241,124,39,82,0.476,12,35,0.343,34,43,0.791,6,30,36,21,5,2,14,24,-21.0,1610612737,ATL,Atlanta Hawks,145,50,94,0.532,17,48,0.354,28,35,0.8,15,31,46,36,10,2,8,29,21.0
1610612755,PHI,Philadelphia 76ers,0022401087,2025-03-30,241,109,42,89,0.472,8,29,0.276,17,19,0.895,8,38,46,25,6,10,16,12,-18.0,1610612761,TOR,Toronto Raptors,127,49,103,0.476,17,38,0.447,12,18,0.667,13,33,46,32,10,4,10,13,18.0
1610612752,NYK,New York Knicks,0022401082,2025-03-30,241,110,45,84,0.536,10,25,0.4,10,13,0.769,9,35,44,27,10,10,13,17,17.0,1610612757,POR,Portland Trail Blazers,93,38,87,0.437,9,36,0.25,8,14,0.571,13,26,39,19,9,4,14,12,-17.0
1610612739,CLE,Cleveland Cavaliers,0022401081,2025-03-30,240,127,47,93,0.505,15,45,0.333,18,23,0.783,10,35,45,33,11,3,10,17,5.0,1610612746,LAC,LA Clippers,122,45,93,0.484,16,41,0.39,16,22,0.727,10,34,44,25,6,4,12,17,-5.0
1610612740,NOP,New Orleans Pelicans,0022401085,2025-03-30,239,98,38,92,0.413,9,31,0.29,13,17,0.765,14,43,57,24,9,8,17,17,4.0,1610612766,CHA,Charlotte Hornets,94,32,91,0.352,8,33,0.242,22,25,0.88,12,38,50,20,15,6,14,17,-4.0
1610612750,MIN,Minnesota Timberwolves,0022401084,2025-03-30,239,123,44,93,0.473,12,31,0.387,23,31,0.742,15,44,59,24,3,9,9,24,19.0,1610612765,DET,Detroit Pistons,104,34,95,0.358,12,38,0.316,24,32,0.75,16,28,44,22,3,3,7,24,-19.0
1610612756,PHX,Phoenix Suns,0022401088,2025-03-30,241,109,42,87,0.483,10,32,0.313,15,17,0.882,10,29,39,25,8,5,19,21,-39.0,1610612745,HOU,Houston Rockets,148,56,98,0.571,18,31,0.581,18,25,0.72,13,32,45,37,14,4,9,15,39.0
1610612759,SAS,San Antonio Spurs,0022401086,2025-03-30,240,106,40,84,0.476,16,42,0.381,10,16,0.625,7,27,34,30,4,3,21,20,-42.0,1610612744,GSW,Golden State Warriors,148,56,97,0.577,21,44,0.477,15,19,0.789,10,34,44,42,17,3,12,15,42.0
1612709921,LIN,Long Island Nets,2022400519,2025-03-29,240,93,37,95,0.389,5,28,0.179,8,16,0.5,16,36,52,17,5,7,13,17,-35.0,1612709893,CLC,Cleveland Charge,128,50,110,0.455,13,38,0.342,9,14,0.643,26,37,63,30,11,8,8,20,35.0
1612709925,OSC,Osceola Magic,2022400521,2025-03-29,240,124,45,84,0.536,16,35,0.457,11,16,0.688,20,34,54,26,5,2,16,14,5.0,1612709913,BHM,Birmingham Squadron,119,43,85,0.506,24,51,0.471,5,5,1.0,4,19,23,29,10,2,8,17,-5.0
1612709926,MHU,Memphis Hustle,2022400514,2025-03-29,239,119,43,89,0.483,17,42,0.405,12,17,0.706,13,39,52,24,6,2,16,14,7.0,1612709931,MXC,Mexico City Capitanes,112,48,105,0.457,10,40,0.25,4,7,0.571,15,32,47,29,8,8,11,17,-7.0
1612709929,CPS,College Park Skyhawks,2022400516,2025-03-29,239,119,39,90,0.433,17,40,0.425,17,20,0.85,15,31,46,24,6,4,9,17,7.0,1612709922,GBO,Greensboro Swarm,112,43,83,0.518,12,24,0.5,10,15,0.667,8,30,38,34,5,5,10,17,-7.0
1612709928,CCG,Capital City Go-Go,2022400517,2025-03-29,239,97,35,88,0.398,12,37,0.324,9,13,0.692,13,27,40,23,7,2,13,27,-11.0,1612709919,WES,Westchester Knicks,108,35,81,0.432,12,41,0.293,14,23,0.609,16,35,51,19,4,10,11,17,11.0
1610612763,MEM,Memphis Grizzlies,0022401078,2025-03-29,240,127,50,95,0.526,14,32,0.438,13,18,0.722,9,32,41,33,7,4,12,27,-7.0,1610612747,LAL,Los Angeles Lakers,134,45,89,0.506,19,43,0.442,25,27,0.926,8,34,42,30,7,3,13,21,7.0
1612709908,RGV,Rio Grande Valley Vipers,2022400523,2025-03-29,241,107,41,88,0.466,12,41,0.293,7,7,1.0,10,29,39,23,5,6,17,20,-4.0,1612709914,STO,Stockton Kings,111,42,86,0.488,9,30,0.3,11,16,0.688,10,30,40,17,12,3,11,15,4.0
1610612764,WAS,Washington Wizards,0022401075,2025-03-29,240,112,37,85,0.435,9,34,0.265,29,33,0.879,7,33,40,21,5,7,6,15,-3.0,1610612751,BKN,Brooklyn Nets,115,39,88,0.443,18,46,0.391,19,20,0.95,12,37,49,25,2,4,12,23,3.0
1612709927,WIS,Wisconsin Herd,2022400525,2025-03-29,241,124,44,78,0.564,17,37,0.459,12,15,0.8,3,28,31,35,5,4,10,11,5.0,1612709924,SDC,San Diego Clippers,119,46,96,0.479,15,41,0.366,7,10,0.7,18,30,48,30,6,1,11,20,-5.0
1612709902,SCW,Santa Cruz Warriors,2022400527,2025-03-29,240,119,45,106,0.425,16,47,0.34,8,11,0.727,19,41,60,31,12,2,17,15,16.0,1612709933,RCR,Rip City Remix,103,37,88,0.42,14,43,0.326,9,11,0.818,7,37,44,19,8,4,19,15,-16.0
1610612759,SAS,San Antonio Spurs,0022401080,2025-03-29,241,111,38,87,0.437,14,40,0.35,21,27,0.778,10,25,35,25,6,1,4,16,-10.0,1610612738,BOS,Boston Celtics,121,45,94,0.479,17,51,0.333,14,18,0.778,15,39,54,32,2,4,9,18,10.0
1612709917,GRG,Grand Rapids Gold,2022400518,2025-03-29,240,118,44,93,0.473,14,42,0.333,9,11,0.818,12,28,40,20,6,4,7,26,-10.0,1612709910,IMA,Indiana Mad Ants,128,41,86,0.477,11,31,0.355,19,22,0.864,13,32,45,24,3,5,7,16,10.0
1610612741,CHI,Chicago Bulls,0022401077,2025-03-29,240,119,43,91,0.473,14,33,0.424,19,24,0.792,12,44,56,31,4,3,19,17,-1.0,1610612742,DAL,Dallas Mavericks,120,47,101,0.465,9,30,0.3,17,21,0.81,8,33,41,28,9,8,6,18,1.0
1610612760,OKC,Oklahoma City Thunder,0022401079,2025-03-29,241,132,48,94,0.511,17,36,0.472,19,23,0.826,8,39,47,26,9,4,9,17,21.0,1610612754,IND,Indiana Pacers,111,39,87,0.448,14,42,0.333,19,26,0.731,8,35,43,27,6,6,11,16,-21.0
1610612753,ORL,Orlando Magic,0022401074,2025-03-29,239,121,44,89,0.494,18,39,0.462,15,24,0.625,13,36,49,31,10,2,12,18,30.0,1610612758,SAC,Sacramento Kings,91,34,81,0.42,7,28,0.25,16,20,0.8,9,32,41,17,6,6,16,21,-30.0
1612709911,IWA,Iowa Wolves,2022400522,2025-03-29,241,139,53,97,0.546,18,38,0.474,9,13,0.692,13,32,45,24,5,4,11,18,11.0,1612709905,SBL,South Bay Lakers,128,48,89,0.539,13,33,0.394,12,14,0.857,8,28,36,32,6,5,11,15,-11.0
1612709932,MCC,Motor City Cruise,2022400520,2025-03-29,240,120,40,89,0.449,10,35,0.286,18,21,0.857,16,38,54,16,10,8,17,11,7.0,1612709923,WCB,Windy City Bulls,113,47,100,0.47,8,29,0.276,7,7,1.0,9,31,40,21,9,3,14,21,-7.0
1610612755,PHI,Philadelphia 76ers,0022401076,2025-03-29,240,95,38,76,0.5,13,32,0.406,6,14,0.429,6,31,37,28,7,7,18,15,-23.0,1610612748,MIA,Miami Heat,118,44,93,0.473,20,43,0.465,10,13,0.769,16,31,47,33,12,4,9,13,23.0
1612709909,DEL,Delaware Blue Coats,2022400515,2025-03-29,239,122,48,80,0.6,14,32,0.438,7,15,0.467,8,29,37,26,13,8,16,15,11.0,1612709920,RAP,Raptors 905,111,43,86,0.5,12,30,0.4,8,11,0.727,9,30,39,26,11,3,18,21,-11.0
1612709918,TEX,Texas Legends,2022400526,2025-03-29,241,107,40,86,0.465,9,32,0.281,11,14,0.786,10,33,43,22,6,9,15,15,-22.0,1612709890,AUS,Austin Spurs,129,48,100,0.48,19,44,0.432,8,10,0.8,18,36,54,25,11,2,12,20,22.0
1612709904,SXF,Sioux Falls Skyforce,2022400524,2025-03-29,240,112,37,94,0.394,16,42,0.381,12,16,0.75,12,38,50,24,6,6,10,16,-7.0,1612709889,OKL,Oklahoma City Blue,119,47,90,0.522,16,38,0.421,6,14,0.429,9,39,48,23,4,8,9,17,7.0
1612709921,LIN,Long Island Nets,2022400507,2025-03-28,240,114,48,107,0.449,11,36,0.306,4,7,0.571,22,30,52,25,10,4,17,25,-7.0,1612709893,CLC,Cleveland Charge,121,43,92,0.467,7,30,0.233,19,25,0.76,20,35,55,25,12,9,18,13,7.0
1610612740,NOP,New Orleans Pelicans,0022401072,2025-03-28,239,95,33,81,0.407,7,23,0.304,22,28,0.786,14,32,46,24,6,5,15,23,-16.0,1610612744,GSW,Golden State Warriors,111,38,92,0.413,13,55,0.236,22,29,0.759,18,32,50,29,10,1,10,22,16.0
1610612749,MIL,Milwaukee Bucks,0022401070,2025-03-28,242,107,41,75,0.547,13,33,0.394,12,19,0.632,3,29,32,24,2,3,16,14,-9.0,1610612752,NYK,New York Knicks,116,45,93,0.484,12,33,0.364,14,16,0.875,14,30,44,28,12,1,8,14,9.0
1612709925,OSC,Osceola Magic,2022400508,2025-03-28,253,124,43,83,0.518,14,33,0.424,15,16,0.938,11,33,44,23,7,2,19,14,2.0,1612709913,BHM,Birmingham Squadron,122,43,89,0.483,21,52,0.404,8,9,0.889,9,25,34,36,11,3,16,20,-2.0
1612709902,SCW,Santa Cruz Warriors,2022400513,2025-03-28,239,150,56,105,0.533,20,46,0.435,10,11,0.909,17,45,62,37,10,8,15,19,45.0,1612709933,RCR,Rip City Remix,105,39,92,0.424,7,35,0.2,12,18,0.667,9,27,36,25,11,8,16,17,-45.0
1610612751,BKN,Brooklyn Nets,0022401068,2025-03-28,242,100,33,89,0.371,14,47,0.298,20,26,0.769,10,33,43,27,10,3,14,21,-32.0,1610612746,LAC,LA Clippers,132,44,80,0.55,19,37,0.514,25,28,0.893,2,46,48,29,11,4,12,22,32.0
1612709904,SXF,Sioux Falls Skyforce,2022400511,2025-03-28,240,111,40,87,0.46,11,32,0.344,13,16,0.813,7,34,41,25,8,6,13,16,4.0,1612709889,OKL,Oklahoma City Blue,107,38,90,0.422,10,35,0.286,10,11,0.909,14,33,47,20,11,6,15,18,-4.0
1612709911,IWA,Iowa Wolves,2022400509,2025-03-28,239,123,47,102,0.461,14,39,0.359,10,12,0.833,20,25,45,31,8,4,14,20,-4.0,1612709905,SBL,South Bay Lakers,127,49,91,0.538,12,33,0.364,13,16,0.813,13,31,44,33,7,9,14,18,4.0
1610612765,DET,Detroit Pistons,0022401067,2025-03-28,240,133,44,92,0.478,15,34,0.441,30,35,0.857,16,27,43,25,8,5,13,29,11.0,1610612739,CLE,Cleveland Cavaliers,122,39,84,0.464,15,40,0.375,29,38,0.763,11,30,41,16,9,3,14,27,-11.0
1612709929,CPS,College Park Skyhawks,2022400506,2025-03-28,240,101,37,92,0.402,15,42,0.357,9,13,0.692,7,32,39,29,8,4,9,18,-11.0,1612709922,GBO,Greensboro Swarm,112,38,84,0.452,10,33,0.303,17,20,0.85,10,45,55,21,8,2,11,16,11.0
1612709927,WIS,Wisconsin Herd,2022400512,2025-03-28,241,107,42,86,0.488,9,34,0.265,9,10,0.9,10,37,47,25,8,4,12,17,12.0,1612709924,SDC,San Diego Clippers,95,38,82,0.463,9,33,0.273,6,14,0.429,9,31,40,20,7,2,14,16,-12.0
1612709928,CCG,Capital City Go-Go,2022400505,2025-03-28,240,101,39,84,0.464,7,31,0.226,11,16,0.688,8,27,35,24,10,5,18,22,-7.0,1612709919,WES,Westchester Knicks,108,39,89,0.438,13,40,0.325,13,14,0.929,11,35,46,25,10,6,17,20,7.0
1610612761,TOR,Toronto Raptors,0022401069,2025-03-28,239,108,42,95,0.442,14,44,0.318,10,15,0.667,11,34,45,28,9,5,6,15,11.0,1610612766,CHA,Charlotte Hornets,97,39,96,0.406,9,31,0.29,10,15,0.667,13,43,56,29,5,5,17,12,-11.0
1612709908,RGV,Rio Grande Valley Vipers,2022400510,2025-03-28,239,113,45,96,0.469,14,44,0.318,7,13,0.538,12,35,47,30,11,3,12,14,11.0,1612709914,STO,Stockton Kings,102,39,85,0.459,12,39,0.308,7,8,0.875,6,32,38,24,6,3,15,17,-11.0
1610612743,DEN,Denver Nuggets,0022401073,2025-03-28,241,129,48,83,0.578,11,29,0.379,22,28,0.786,9,36,45,38,12,13,18,16,36.0,1610612762,UTA,Utah Jazz,93,33,93,0.355,7,40,0.175,20,24,0.833,14,28,42,21,10,0,17,19,-36.0
1610612750,MIN,Minnesota Timberwolves,0022401071,2025-03-28,241,124,47,89,0.528,19,39,0.487,11,13,0.846,12,31,43,31,12,4,11,18,15.0,1610612756,PHX,Phoenix Suns,109,41,79,0.519,18,37,0.486,9,13,0.692,8,26,34,28,6,4,16,16,-15.0
1612709934,VAL,Valley Suns,2022400504,2025-03-27,240,134,48,86,0.558,18,40,0.45,10,12,0.833,10,37,47,27,9,4,16,13,27.0,1612709918,TEX,Texas Legends,107,43,93,0.462,6,29,0.207,9,12,0.75,12,26,38,20,13,4,14,18,-27.0
1610612739,CLE,Cleveland Cavaliers,0022401059,2025-03-27,240,124,46,99,0.465,17,48,0.354,15,18,0.833,14,42,56,33,7,5,13,14,8.0,1610612759,SAS,San Antonio Spurs,116,43,106,0.406,14,43,0.326,16,21,0.762,19,31,50,27,10,3,10,20,-8.0
1610612764,WAS,Washington Wizards,0022401061,2025-03-27,242,109,38,85,0.447,11,30,0.367,22,26,0.846,12,19,31,19,9,2,15,15,-53.0,1610612754,IND,Indiana Pacers,162,59,92,0.641,27,47,0.574,17,19,0.895,13,37,50,48,8,2,12,19,53.0
1610612760,OKC,Oklahoma City Thunder,0022401064,2025-03-27,239,125,44,90,0.489,13,31,0.419,24,28,0.857,7,38,45,28,9,4,12,17,21.0,1610612763,MEM,Memphis Grizzlies,104,33,79,0.418,16,42,0.381,22,23,0.957,5,31,36,28,9,4,18,20,-21.0
1610612741,CHI,Chicago Bulls,0022401063,2025-03-27,240,119,43,92,0.467,19,44,0.432,14,22,0.636,11,37,48,33,4,2,15,15,2.0,1610612747,LAL,Los Angeles Lakers,117,45,91,0.495,12,41,0.293,15,18,0.833,6,34,40,30,8,7,11,19,-2.0
1612709917,GRG,Grand Rapids Gold,2022400501,2025-03-27,241,110,37,80,0.463,19,42,0.452,9,14,0.643,7,39,46,26,5,6,14,26,-2.0,1612709910,IMA,Indiana Mad Ants,112,39,94,0.415,11,37,0.297,14,22,0.636,16,31,47,22,6,1,8,20,2.0
1612709903,SLC,Salt Lake City Stars,2022400503,2025-03-27,241,117,40,98,0.408,18,48,0.375,11,15,0.733,19,39,58,28,6,2,13,18,-2.0,1612709931,MXC,Mexico City Capitanes,119,44,88,0.5,17,38,0.447,8,14,0.571,8,34,42,31,8,6,9,19,2.0
1610612748,MIA,Miami Heat,0022401062,2025-03-27,241,122,44,82,0.537,18,33,0.545,16,20,0.8,7,30,37,26,10,1,13,10,10.0,1610612737,ATL,Atlanta Hawks,112,43,83,0.518,18,41,0.439,8,11,0.727,6,30,36,27,10,2,15,11,-10.0
1610612762,UTA,Utah Jazz,0022401065,2025-03-27,239,110,43,79,0.544,11,23,0.478,13,17,0.765,3,30,33,29,5,5,16,20,-11.0,1610612745,HOU,Houston Rockets,121,47,102,0.461,12,37,0.324,15,19,0.789,18,33,51,26,7,5,9,14,11.0
1610612753,ORL,Orlando Magic,0022401060,2025-03-27,240,92,34,80,0.425,5,30,0.167,19,24,0.792,10,34,44,14,5,5,16,20,-9.0,1610612742,DAL,Dallas Mavericks,101,37,78,0.474,11,22,0.5,16,22,0.727,5,35,40,21,10,1,14,17,9.0
1610612758,SAC,Sacramento Kings,0022401066,2025-03-27,239,128,48,74,0.649,10,27,0.37,22,27,0.815,9,37,46,24,8,3,20,23,21.0,1610612757,POR,Portland Trail Blazers,107,35,88,0.398,16,50,0.32,21,26,0.808,15,17,32,23,11,3,10,20,-21.0
1612709926,MHU,Memphis Hustle,2022400502,2025-03-27,239,113,41,80,0.513,13,23,0.565,12,17,0.706,5,39,44,23,7,4,16,22,11.0,1612709890,AUS,Austin Spurs,102,35,85,0.412,12,38,0.316,10,15,0.667,12,30,42,14,8,5,14,23,-11.0
1612709920,RAP,Raptors 905,2022400495,2025-03-26,241,122,47,97,0.485,11,29,0.379,12,16,0.75,16,32,48,37,8,7,19,25,-5.0,1612709921,LIN,Long Island Nets,127,45,87,0.517,16,38,0.421,14,19,0.737,7,29,36,31,10,9,16,25,5.0
1610612751,BKN,Brooklyn Nets,0022401054,2025-03-26,239,86,31,87,0.356,8,41,0.195,16,19,0.842,10,33,43,16,6,9,19,21,-30.0,1610612761,TOR,Toronto Raptors,116,43,102,0.422,10,33,0.303,20,23,0.87,17,46,63,34,5,3,11,22,30.0
1610612743,DEN,Denver Nuggets,0022401057,2025-03-26,241,127,49,90,0.544,16,37,0.432,13,22,0.591,8,38,46,36,6,4,9,12,10.0,1610612749,MIL,Milwaukee Bucks,117,46,89,0.517,16,37,0.432,9,13,0.692,8,31,39,30,4,6,11,14,-10.0
1610612755,PHI,Philadelphia 76ers,0022401053,2025-03-26,241,114,42,98,0.429,14,46,0.304,16,20,0.8,13,34,47,22,7,5,4,15,-5.0,1610612764,WAS,Washington Wizards,119,48,95,0.505,18,44,0.409,5,12,0.417,13,36,49,30,3,6,10,12,5.0
1610612752,NYK,New York Knicks,0022401056,2025-03-26,241,113,42,84,0.5,13,34,0.382,16,22,0.727,7,31,38,35,4,1,9,14,-13.0,1610612746,LAC,LA Clippers,126,45,88,0.511,16,30,0.533,20,24,0.833,13,32,45,27,4,8,5,21,13.0
1610612754,IND,Indiana Pacers,0022401055,2025-03-26,241,119,44,87,0.506,15,36,0.417,16,19,0.842,7,29,36,31,9,4,9,16,-1.0,1610612747,LAL,Los Angeles Lakers,120,41,79,0.519,17,38,0.447,21,24,0.875,8,35,43,26,5,3,14,22,1.0
1612709919,WES,Westchester Knicks,2022400498,2025-03-26,239,122,41,99,0.414,22,47,0.468,12,18,0.667,15,38,53,26,7,6,18,15,9.0,1612709915,MNE,Maine Celtics,113,40,104,0.385,17,46,0.37,9,10,0.9,21,36,57,21,11,12,14,20,-9.0
1612709914,STO,Stockton Kings,2022400500,2025-03-26,241,122,47,83,0.566,9,29,0.31,12,17,0.706,14,38,52,28,3,10,15,22,16.0,1612709904,SXF,Sioux Falls Skyforce,106,37,93,0.398,9,36,0.25,16,21,0.762,13,24,37,21,11,1,9,18,-16.0
1612709889,OKL,Oklahoma City Blue,2022400499,2025-03-26,240,114,43,100,0.43,17,44,0.386,7,11,0.636,13,29,42,25,10,3,11,22,-5.0,1612709933,RCR,Rip City Remix,119,36,79,0.456,15,40,0.375,20,23,0.87,9,45,54,22,7,7,19,13,5.0
1612709925,OSC,Osceola Magic,2022400497,2025-03-26,240,109,35,89,0.393,15,40,0.375,17,18,0.944,16,39,55,22,7,8,18,16,4.0,1612709932,MCC,Motor City Cruise,105,40,92,0.435,15,40,0.375,6,13,0.462,15,31,46,28,14,7,12,21,-4.0
1612709929,CPS,College Park Skyhawks,2022400496,2025-03-26,240,101,34,88,0.386,16,42,0.381,10,14,0.714,14,24,38,21,8,5,16,14,-13.0,1612709928,CCG,Capital City Go-Go,114,41,77,0.532,18,38,0.474,7,8,0.875,5,38,43,30,11,5,19,18,13.0
1610612756,PHX,Phoenix Suns,0022401058,2025-03-26,239,102,36,87,0.414,13,41,0.317,17,21,0.81,11,27,38,22,7,3,13,18,-30.0,1610612738,BOS,Boston Celtics,132,45,89,0.506,22,52,0.423,20,22,0.909,11,37,48,33,8,7,10,18,30.0
1610612745,HOU,Houston Rockets,0022401049,2025-03-25,240,121,42,93,0.452,11,39,0.282,26,29,0.897,14,37,51,17,8,2,13,12,7.0,1610612737,ATL,Atlanta Hawks,114,43,103,0.417,15,49,0.306,13,15,0.867,18,24,42,32,8,1,14,26,-7.0
1610612758,SAC,Sacramento Kings,0022401052,2025-03-25,240,105,37,91,0.407,23,47,0.489,8,12,0.667,5,31,36,32,10,7,11,15,-16.0,1610612760,OKC,Oklahoma City Thunder,121,43,82,0.524,19,32,0.594,16,20,0.8,6,46,52,30,7,6,15,18,16.0
1612709908,RGV,Rio Grande Valley Vipers,2022400492,2025-03-25,242,119,44,92,0.478,10,33,0.303,15,22,0.682,14,35,49,21,8,7,15,18,5.0,1612709913,BHM,Birmingham Squadron,114,45,97,0.464,20,49,0.408,2,4,0.5,16,29,45,29,7,8,12,24,-5.0
1610612752,NYK,New York Knicks,0022401048,2025-03-25,240,128,53,89,0.596,10,26,0.385,12,18,0.667,5,31,36,40,9,4,14,18,15.0,1610612742,DAL,Dallas Mavericks,113,43,80,0.538,6,19,0.316,21,25,0.84,5,28,33,19,9,3,16,16,-15.0
1612709926,MHU,Memphis Hustle,2022400491,2025-03-25,240,93,34,81,0.42,7,34,0.206,11,15,0.733,3,27,30,16,9,6,15,16,-37.0,1612709890,AUS,Austin Spurs,130,51,101,0.505,19,42,0.452,6,6,1.0,19,43,62,28,11,6,17,22,37.0
1610612762,UTA,Utah Jazz,0022401050,2025-03-25,240,103,34,78,0.436,17,42,0.405,18,22,0.818,4,24,28,24,6,3,13,16,-37.0,1610612763,MEM,Memphis Grizzlies,140,52,98,0.531,20,45,0.444,16,18,0.889,17,35,52,38,7,4,8,21,37.0
1610612757,POR,Portland Trail Blazers,0022401051,2025-03-25,241,111,40,100,0.4,17,52,0.327,14,22,0.636,19,26,45,28,9,3,9,15,-11.0,1610612739,CLE,Cleveland Cavaliers,122,48,88,0.545,12,27,0.444,14,17,0.824,9,32,41,28,4,6,11,18,11.0
1610612766,CHA,Charlotte Hornets,0022401045,2025-03-25,241,104,37,88,0.42,14,34,0.412,16,21,0.762,8,30,38,26,4,3,11,22,-7.0,1610612753,ORL,Orlando Magic,111,41,90,0.456,13,42,0.31,16,19,0.842,13,37,50,22,5,4,8,21,7.0
1612709931,MXC,Mexico City Capitanes,2022400493,2025-03-25,240,105,34,86,0.395,13,36,0.361,14,21,0.667,6,49,55,22,5,4,10,19,5.0,1612709934,VAL,Valley Suns,100,38,99,0.384,11,47,0.234,9,11,0.818,11,44,55,32,5,12,9,24,-5.0
1610612748,MIA,Miami Heat,0022401047,2025-03-25,240,112,43,77,0.558,17,25,0.68,9,12,0.75,8,34,42,26,8,5,15,15,26.0,1610612744,GSW,Golden State Warriors,86,33,83,0.398,9,38,0.237,11,16,0.688,14,24,38,20,8,1,12,14,-26.0
1610612765,DET,Detroit Pistons,0022401046,2025-03-25,241,122,44,78,0.564,15,31,0.484,19,25,0.76,6,38,44,33,6,5,10,19,26.0,1610612759,SAS,San Antonio Spurs,96,33,91,0.363,14,44,0.318,16,20,0.8,16,25,41,21,7,2,10,19,-26.0
1612709905,SBL,South Bay Lakers,2022400494,2025-03-25,240,134,49,93,0.527,21,44,0.477,10,12,0.833,12,33,45,37,9,3,14,18,4.0,1612709902,SCW,Santa Cruz Warriors,130,48,88,0.545,20,41,0.488,7,9,0.778,8,29,37,35,6,7,14,18,-4.0
1612709911,IWA,Iowa Wolves,2022400490,2025-03-25,240,136,53,92,0.576,17,35,0.486,8,14,0.571,9,38,47,35,15,8,20,18,28.0,1612709918,TEX,Texas Legends,108,43,89,0.483,7,25,0.28,10,14,0.714,7,28,35,32,9,6,19,20,-28.0
1610612753,ORL,Orlando Magic,0022401038,2025-03-24,240,118,42,85,0.494,15,40,0.375,19,23,0.826,12,31,43,25,6,4,8,18,12.0,1610612747,LAL,Los Angeles Lakers,106,37,80,0.463,10,32,0.313,22,28,0.786,11,28,39,19,7,1,10,20,-12.0
1610612751,BKN,Brooklyn Nets,0022401040,2025-03-24,240,101,40,78,0.513,11,33,0.333,10,14,0.714,9,28,37,30,7,2,18,15,-19.0,1610612742,DAL,Dallas Mavericks,120,49,87,0.563,10,31,0.323,12,16,0.75,11,30,41,34,10,1,10,15,19.0
1612709910,IMA,Indiana Mad Ants,2022400484,2025-03-24,240,113,37,94,0.394,13,37,0.351,14,19,0.737,14,30,44,23,9,4,13,23,-3.0,1612709923,WCB,Windy City Bulls,116,42,79,0.532,9,22,0.409,12,17,0.706,8,38,46,20,6,10,21,25,3.0
1610612756,PHX,Phoenix Suns,0022401043,2025-03-24,241,108,39,82,0.476,14,36,0.389,16,18,0.889,14,38,52,25,2,4,16,21,2.0,1610612749,MIL,Milwaukee Bucks,106,37,83,0.446,12,39,0.308,20,29,0.69,9,27,36,24,12,0,7,16,-2.0
1610612740,NOP,New Orleans Pelicans,0022401041,2025-03-24,241,112,43,87,0.494,15,35,0.429,11,13,0.846,13,38,51,36,11,5,16,17,13.0,1610612755,PHI,Philadelphia 76ers,99,34,87,0.391,14,42,0.333,17,19,0.895,12,25,37,19,11,6,11,16,-13.0
1612709933,RCR,Rip City Remix,2022400488,2025-03-24,240,113,38,95,0.4,13,40,0.325,14,21,0.667,10,33,43,19,15,6,12,23,-11.0,1612709904,SXF,Sioux Falls Skyforce,124,44,86,0.512,12,31,0.387,14,17,0.824,10,45,55,33,9,3,22,22,11.0
1610612743,DEN,Denver Nuggets,0022401042,2025-03-24,240,119,46,97,0.474,11,36,0.306,16,24,0.667,17,35,52,34,5,9,12,16,-10.0,1610612741,CHI,Chicago Bulls,129,45,91,0.495,17,39,0.436,22,26,0.846,12,31,43,31,8,5,10,17,10.0
1610612758,SAC,Sacramento Kings,0022401044,2025-03-24,242,95,39,86,0.453,8,24,0.333,9,11,0.818,8,37,45,23,7,1,14,18,-18.0,1610612738,BOS,Boston Celtics,113,41,90,0.456,19,50,0.38,12,20,0.6,10,35,45,28,9,4,10,14,18.0
1612709911,IWA,Iowa Wolves,2022400487,2025-03-24,240,123,44,102,0.431,12,32,0.375,14,17,0.824,23,35,58,24,10,9,13,19,10.0,1612709918,TEX,Texas Legends,113,39,89,0.438,12,36,0.333,14,15,0.933,13,32,45,23,8,12,16,18,-10.0
1612709925,OSC,Osceola Magic,2022400486,2025-03-24,240,115,41,96,0.427,13,43,0.302,10,14,0.714,17,30,47,20,8,8,15,22,-4.0,1612709932,MCC,Motor City Cruise,119,45,89,0.506,7,26,0.269,15,21,0.714,13,38,51,26,14,7,19,20,4.0
1612709905,SBL,South Bay Lakers,2022400489,2025-03-24,239,122,46,104,0.442,6,29,0.207,15,19,0.789,20,32,52,24,11,4,16,19,4.0,1612709902,SCW,Santa Cruz Warriors,118,46,95,0.484,10,34,0.294,10,15,0.667,9,35,44,31,12,7,18,21,-4.0
1610612764,WAS,Washington Wizards,0022401039,2025-03-24,241,104,35,87,0.402,11,37,0.297,23,34,0.676,9,39,48,24,8,9,17,19,-8.0,1610612761,TOR,Toronto Raptors,112,41,101,0.406,10,36,0.278,20,27,0.741,17,43,60,28,11,6,12,23,8.0
1610612754,IND,Indiana Pacers,0022401037,2025-03-24,240,119,46,94,0.489,13,35,0.371,14,14,1.0,9,37,46,30,9,5,11,12,16.0,1610612750,MIN,Minnesota Timberwolves,103,44,91,0.484,9,35,0.257,6,10,0.6,9,36,45,26,5,3,17,13,-16.0
1612709917,GRG,Grand Rapids Gold,2022400485,2025-03-24,240,107,39,83,0.47,13,36,0.361,9,10,0.9,10,27,37,14,2,3,10,13,-33.0,1612709927,WIS,Wisconsin Herd,140,56,89,0.629,23,40,0.575,3,5,0.6,7,29,36,34,6,4,5,16,33.0
1610612746,LAC,LA Clippers,0022401036,2025-03-23,239,101,35,82,0.427,8,26,0.308,23,28,0.821,11,37,48,20,6,8,14,19,-2.0,1610612760,OKC,Oklahoma City Thunder,103,37,92,0.402,12,35,0.343,17,20,0.85,10,32,42,28,9,8,9,22,2.0
1612709890,AUS,Austin Spurs,2022400482,2025-03-23,241,110,39,90,0.433,14,37,0.378,9,13,0.692,20,31,51,18,7,9,10,19,2.0,1612709903,SLC,Salt Lake City Stars,108,42,86,0.488,12,29,0.414,6,12,0.5,11,34,45,23,6,4,12,19,-2.0
1610612765,DET,Detroit Pistons,0022401029,2025-03-23,241,136,47,86,0.547,13,27,0.481,29,40,0.725,11,21,32,26,6,2,6,20,6.0,1610612740,NOP,New Orleans Pelicans,130,49,85,0.576,20,40,0.5,12,16,0.75,10,27,37,35,3,5,17,30,-6.0
1612709931,MXC,Mexico City Capitanes,2022400483,2025-03-23,268,112,42,86,0.488,13,35,0.371,10,13,0.769,9,47,56,14,3,6,18,24,-2.0,1612709934,VAL,Valley Suns,114,42,103,0.408,14,50,0.28,12,18,0.667,16,33,49,20,8,7,9,19,2.0
1610612761,TOR,Toronto Raptors,0022401033,2025-03-23,241,89,35,92,0.38,10,39,0.256,9,13,0.692,16,30,46,27,8,3,21,21,-34.0,1610612759,SAS,San Antonio Spurs,123,41,86,0.477,14,43,0.326,27,32,0.844,13,33,46,27,15,6,14,14,34.0
1612709915,MNE,Maine Celtics,2022400478,2025-03-23,239,117,48,97,0.495,14,44,0.318,4,8,0.5,15,40,55,26,7,7,12,14,18.0,1612709909,DEL,Delaware Blue Coats,99,37,92,0.402,11,42,0.262,8,11,0.727,13,32,45,25,7,7,16,14,-18.0
1610612748,MIA,Miami Heat,0022401032,2025-03-23,240,122,47,82,0.573,12,29,0.414,16,20,0.8,7,25,32,27,10,4,10,13,17.0,1610612766,CHA,Charlotte Hornets,105,41,87,0.471,11,33,0.333,12,13,0.923,12,28,40,24,5,4,19,15,-17.0
1610612762,UTA,Utah Jazz,0022401030,2025-03-23,240,91,32,89,0.36,16,50,0.32,11,18,0.611,13,39,52,25,4,5,18,24,-29.0,1610612739,CLE,Cleveland Cavaliers,120,44,96,0.458,11,48,0.229,21,31,0.677,14,37,51,28,9,7,6,16,29.0
1610612745,HOU,Houston Rockets,0022401035,2025-03-23,241,111,39,89,0.438,11,34,0.324,22,34,0.647,16,29,45,25,4,7,6,20,-5.0,1610612743,DEN,Denver Nuggets,116,44,87,0.506,10,21,0.476,18,26,0.692,10,33,43,28,5,4,9,23,5.0
1612709893,CLC,Cleveland Charge,2022400481,2025-03-23,241,95,38,94,0.404,6,36,0.167,8,16,0.5,13,31,44,25,9,4,11,16,-25.0,1612709929,CPS,College Park Skyhawks,120,45,96,0.469,15,46,0.326,8,11,0.727,18,43,61,27,8,5,12,18,25.0
1612709920,RAP,Raptors 905,2022400479,2025-03-23,239,101,34,84,0.405,10,30,0.333,14,17,0.824,7,27,34,19,12,6,16,16,-21.0,1612709928,CCG,Capital City Go-Go,122,47,90,0.522,22,40,0.55,4,8,0.5,18,36,54,36,8,9,19,21,21.0
1610612757,POR,Portland Trail Blazers,0022401034,2025-03-23,241,116,43,88,0.489,19,47,0.404,11,16,0.688,11,27,38,24,6,3,12,11,-13.0,1610612738,BOS,Boston Celtics,129,48,88,0.545,23,50,0.46,10,14,0.714,11,27,38,31,6,6,9,14,13.0
1610612737,ATL,Atlanta Hawks,0022401031,2025-03-23,240,132,48,87,0.552,17,37,0.459,19,22,0.864,10,29,39,35,11,4,16,26,13.0,1610612755,PHI,Philadelphia 76ers,119,40,91,0.44,11,34,0.324,28,37,0.757,13,24,37,24,8,4,13,18,-13.0
1612709889,OKL,Oklahoma City Blue,2022400480,2025-03-23,259,126,47,109,0.431,13,49,0.265,13,17,0.765,22,38,60,21,12,5,13,15,3.0,1612709926,MHU,Memphis Hustle,123,44,91,0.484,20,47,0.426,10,13,0.769,9,37,46,24,7,3,17,19,-3.0
1612709908,RGV,Rio Grande Valley Vipers,2022400475,2025-03-22,240,133,48,100,0.48,24,59,0.407,7,8,0.875,12,35,47,34,11,6,19,17,18.0,1612709911,IWA,Iowa Wolves,115,49,95,0.516,5,25,0.2,6,13,0.462,16,26,42,31,8,6,16,12,-18.0
1610612737,ATL,Atlanta Hawks,0022401025,2025-03-22,240,124,49,86,0.57,15,36,0.417,11,18,0.611,10,36,46,37,5,3,14,23,9.0,1610612744,GSW,Golden State Warriors,115,39,84,0.464,16,38,0.421,21,26,0.808,6,32,38,28,8,4,9,16,-9.0
1610612752,NYK,New York Knicks,0022401026,2025-03-22,242,122,44,91,0.484,13,35,0.371,21,27,0.778,14,35,49,29,13,3,14,17,19.0,1610612764,WAS,Washington Wizards,103,39,88,0.443,11,36,0.306,14,19,0.737,10,31,41,21,9,5,20,23,-19.0
1612709893,CLC,Cleveland Charge,2022400471,2025-03-22,239,97,34,82,0.415,7,36,0.194,15,25,0.6,14,41,55,17,11,8,25,23,6.0,1612709925,OSC,Osceola Magic,91,34,109,0.312,7,46,0.152,9,18,0.5,29,29,58,19,22,8,17,24,-6.0
1612709890,AUS,Austin Spurs,2022400474,2025-03-22,240,107,40,89,0.449,8,35,0.229,12,16,0.75,14,36,50,17,4,7,13,25,-6.0,1612709903,SLC,Salt Lake City Stars,113,40,100,0.4,10,31,0.323,12,18,0.667,18,33,51,23,6,5,8,18,6.0
1610612758,SAC,Sacramento Kings,0022401027,2025-03-22,240,108,41,91,0.451,9,38,0.237,17,22,0.773,14,30,44,21,4,2,8,17,-6.0,1610612749,MIL,Milwaukee Bucks,114,44,84,0.524,13,31,0.419,13,20,0.65,11,31,42,22,6,3,9,17,6.0
1612709918,TEX,Texas Legends,2022400477,2025-03-22,239,79,30,77,0.39,6,30,0.2,8,15,0.533,10,31,41,19,4,7,15,17,-34.0,1612709913,BHM,Birmingham Squadron,113,39,86,0.453,19,46,0.413,10,14,0.714,10,38,48,29,13,3,9,21,34.0
1612709923,WCB,Windy City Bulls,2022400476,2025-03-22,239,100,42,104,0.404,8,35,0.229,4,8,0.5,22,25,47,19,15,6,7,19,-3.0,1612709910,IMA,Indiana Mad Ants,103,37,75,0.493,9,25,0.36,11,14,0.786,10,38,48,24,5,3,19,16,3.0
1612709917,GRG,Grand Rapids Gold,2022400470,2025-03-22,239,87,36,80,0.45,8,32,0.25,5,9,0.556,9,32,41,16,7,3,14,17,-5.0,1612709927,WIS,Wisconsin Herd,92,38,83,0.458,6,31,0.194,7,11,0.636,11,31,42,18,8,7,14,16,5.0
1612709932,MCC,Motor City Cruise,2022400473,2025-03-22,247,145,58,106,0.547,5,24,0.208,20,25,0.8,19,43,62,32,3,5,18,24,-7.0,1612709921,LIN,Long Island Nets,152,56,104,0.538,17,38,0.447,17,25,0.68,10,25,35,34,11,4,11,22,7.0
1610612754,IND,Indiana Pacers,0022401024,2025-03-22,242,108,40,84,0.476,11,35,0.314,17,21,0.81,6,38,44,32,5,6,13,24,5.0,1610612751,BKN,Brooklyn Nets,103,39,90,0.433,15,43,0.349,10,17,0.588,11,37,48,20,6,1,14,20,-5.0
1610612747,LAL,Los Angeles Lakers,0022401028,2025-03-22,241,115,41,85,0.482,17,41,0.415,16,22,0.727,9,26,35,23,8,1,21,16,-31.0,1610612741,CHI,Chicago Bulls,146,56,96,0.583,19,41,0.463,15,20,0.75,10,32,42,41,17,5,10,16,31.0
1612709933,RCR,Rip City Remix,2022400472,2025-03-22,239,117,46,88,0.523,8,25,0.32,10,16,0.625,11,31,42,24,14,3,18,17,7.0,1612709924,SDC,San Diego Clippers,110,44,88,0.5,15,38,0.395,4,10,0.4,12,28,40,33,13,7,23,21,-7.0
1612709929,CPS,College Park Skyhawks,2022400465,2025-03-21,258,125,45,112,0.402,22,54,0.407,8,12,0.667,24,30,54,23,6,10,12,23,-5.0,1612709919,WES,Westchester Knicks,130,48,103,0.466,10,36,0.278,17,26,0.654,19,46,65,30,7,4,9,19,5.0
1610612760,OKC,Oklahoma City Thunder,0022401017,2025-03-21,241,141,54,94,0.574,21,39,0.538,12,17,0.706,10,33,43,29,10,7,7,13,35.0,1610612766,CHA,Charlotte Hornets,106,37,80,0.463,19,41,0.463,13,13,1.0,6,23,29,29,6,4,16,13,-35.0
1612709932,MCC,Motor City Cruise,2022400466,2025-03-21,240,137,50,85,0.588,18,31,0.581,13,21,0.619,17,33,50,31,9,7,19,26,16.0,1612709920,RAP,Raptors 905,121,43,89,0.483,11,31,0.355,13,17,0.765,11,20,31,23,10,7,15,26,-16.0
1610612764,WAS,Washington Wizards,0022401014,2025-03-21,240,105,37,87,0.425,17,39,0.436,14,19,0.737,8,33,41,23,11,4,14,10,-15.0,1610612753,ORL,Orlando Magic,120,46,96,0.479,17,42,0.405,11,13,0.846,13,42,55,25,9,8,12,17,15.0
1610612757,POR,Portland Trail Blazers,0022401022,2025-03-21,238,128,47,87,0.54,14,35,0.4,20,25,0.8,15,23,38,30,12,6,17,18,19.0,1610612743,DEN,Denver Nuggets,109,38,76,0.5,9,26,0.346,24,28,0.857,11,20,31,24,10,2,20,25,-19.0
1610612746,LAC,LA Clippers,0022401023,2025-03-21,241,128,45,78,0.577,17,34,0.5,21,26,0.808,2,41,43,29,7,9,13,14,20.0,1610612763,MEM,Memphis Grizzlies,108,40,95,0.421,19,49,0.388,9,13,0.692,10,30,40,28,8,3,10,20,-20.0
1610612742,DAL,Dallas Mavericks,0022401019,2025-03-21,239,123,42,80,0.525,12,34,0.353,27,36,0.75,10,34,44,25,10,7,20,16,6.0,1610612765,DET,Detroit Pistons,117,46,98,0.469,11,31,0.355,14,19,0.737,15,26,41,24,14,5,14,22,-6.0
1610612750,MIN,Minnesota Timberwolves,0022401016,2025-03-21,241,134,48,89,0.539,19,44,0.432,19,20,0.95,10,26,36,40,14,1,13,17,41.0,1610612740,NOP,New Orleans Pelicans,93,34,68,0.5,11,31,0.355,14,22,0.636,7,26,33,20,11,4,25,20,-41.0
1610612756,PHX,Phoenix Suns,0022401021,2025-03-21,240,123,48,92,0.522,19,42,0.452,8,8,1.0,12,34,46,33,6,3,13,16,11.0,1610612739,CLE,Cleveland Cavaliers,112,42,94,0.447,17,45,0.378,11,14,0.786,16,28,44,24,11,5,11,12,-11.0
1610612759,SAS,San Antonio Spurs,0022401018,2025-03-21,239,128,47,89,0.528,19,39,0.487,15,18,0.833,9,25,34,36,11,5,14,14,8.0,1610612755,PHI,Philadelphia 76ers,120,46,81,0.568,14,37,0.378,14,20,0.7,5,27,32,30,10,4,16,15,-8.0
1612709923,WCB,Windy City Bulls,2022400468,2025-03-21,239,101,44,108,0.407,9,40,0.225,3,4,0.75,19,28,47,31,8,4,7,12,-13.0,1612709931,MXC,Mexico City Capitanes,114,44,85,0.518,12,33,0.364,9,10,0.9,9,39,48,28,4,2,10,12,13.0
1610612748,MIA,Miami Heat,0022401015,2025-03-21,243,98,38,73,0.521,10,24,0.417,12,14,0.857,5,29,34,25,8,5,20,16,-4.0,1610612745,HOU,Houston Rockets,102,39,84,0.464,14,28,0.5,10,21,0.476,15,31,46,14,17,4,15,14,4.0
1612709889,OKL,Oklahoma City Blue,2022400464,2025-03-21,256,104,34,89,0.382,9,29,0.31,14,17,0.824,12,42,54,16,6,6,12,25,-1.0,1612709914,STO,Stockton Kings,105,34,87,0.391,14,38,0.368,15,19,0.789,10,35,45,22,7,9,14,20,1.0
1610612762,UTA,Utah Jazz,0022401020,2025-03-21,240,99,38,84,0.452,14,35,0.4,9,12,0.75,9,29,38,24,7,2,17,17,-22.0,1610612738,BOS,Boston Celtics,121,45,97,0.464,17,51,0.333,14,16,0.875,16,32,48,27,13,4,10,15,22.0
1612709934,VAL,Valley Suns,2022400469,2025-03-21,240,139,54,90,0.6,15,38,0.395,8,12,0.667,8,29,37,31,10,7,16,17,14.0,1612709926,MHU,Memphis Hustle,125,48,95,0.505,11,31,0.355,11,12,0.917,16,28,44,28,9,3,19,18,-14.0
1612709904,SXF,Sioux Falls Skyforce,2022400467,2025-03-21,240,117,43,85,0.506,11,32,0.344,10,12,0.833,7,34,41,27,15,6,16,21,4.0,1612709905,SBL,South Bay Lakers,113,35,82,0.427,17,43,0.395,16,18,0.889,12,29,41,24,10,6,21,16,-4.0
1610612744,GSW,Golden State Warriors,0022401005,2025-03-20,239,117,38,90,0.422,19,47,0.404,22,28,0.786,11,27,38,30,13,5,14,15,3.0,1610612761,TOR,Toronto Raptors,114,44,78,0.564,11,26,0.423,15,19,0.789,7,37,44,32,7,4,23,24,-3.0
1610612754,IND,Indiana Pacers,0022401011,2025-03-20,265,105,35,81,0.432,8,31,0.258,27,31,0.871,10,47,57,18,10,8,22,21,6.0,1610612751,BKN,Brooklyn Nets,99,36,101,0.356,14,50,0.28,13,18,0.722,14,33,47,20,11,4,16,24,-6.0
1612709924,SDC,San Diego Clippers,2022400463,2025-03-20,240,95,39,89,0.438,9,31,0.29,6,12,0.5,13,23,36,16,7,2,16,21,-14.0,1612709908,RGV,Rio Grande Valley Vipers,109,41,88,0.466,9,41,0.22,10,12,0.833,16,34,50,28,8,6,16,16,14.0
1612709909,DEL,Delaware Blue Coats,2022400458,2025-03-20,240,113,42,82,0.512,14,35,0.4,8,11,0.727,10,31,41,23,7,6,18,13,10.0,1612709910,IMA,Indiana Mad Ants,103,41,89,0.461,14,40,0.35,5,6,0.833,11,30,41,24,9,2,12,20,-10.0
1610612766,CHA,Charlotte Hornets,0022401010,2025-03-20,239,115,43,88,0.489,15,32,0.469,14,17,0.824,11,41,52,25,1,3,11,20,17.0,1610612752,NYK,New York Knicks,98,36,90,0.4,10,39,0.256,16,20,0.8,9,29,38,26,9,2,7,18,-17.0
1610612758,SAC,Sacramento Kings,0022401013,2025-03-20,240,116,41,86,0.477,15,39,0.385,19,23,0.826,9,27,36,27,4,5,11,22,-12.0,1610612741,CHI,Chicago Bulls,128,45,86,0.523,15,35,0.429,23,26,0.885,12,28,40,32,9,2,12,19,12.0
1612709918,TEX,Texas Legends,2022400462,2025-03-20,241,116,46,87,0.529,9,25,0.36,8,11,0.727,12,31,43,28,10,9,23,16,-15.0,1612709902,SCW,Santa Cruz Warriors,131,50,98,0.51,17,32,0.531,7,9,0.778,14,29,43,33,11,4,13,14,15.0
1610612747,LAL,Los Angeles Lakers,0022400996,2025-03-20,239,89,34,82,0.415,11,32,0.344,10,16,0.625,14,36,50,26,5,4,19,25,-29.0,1610612749,MIL,Milwaukee Bucks,118,40,84,0.476,11,35,0.314,27,34,0.794,10,31,41,24,12,4,9,14,29.0
1612709915,MNE,Maine Celtics,2022400459,2025-03-20,240,133,49,92,0.533,14,39,0.359,12,16,0.75,13,30,43,24,10,7,14,20,-7.0,1612709925,OSC,Osceola Magic,140,53,92,0.576,18,39,0.462,10,13,0.769,9,31,40,34,9,4,11,20,7.0
1612709890,AUS,Austin Spurs,2022400461,2025-03-20,241,136,54,96,0.563,16,38,0.421,7,12,0.583,16,32,48,27,15,4,16,15,21.0,1612709911,IWA,Iowa Wolves,115,49,100,0.49,10,29,0.345,6,10,0.6,16,26,42,27,10,5,19,18,-21.0
1612709927,WIS,Wisconsin Herd,2022400460,2025-03-20,240,113,41,87,0.471,11,29,0.379,11,15,0.733,10,34,44,29,5,5,9,20,12.0,1612709921,LIN,Long Island Nets,101,36,81,0.444,11,31,0.355,9,13,0.692,10,36,46,21,7,3,15,20,-12.0
1610612758,SAC,Sacramento Kings,0022401009,2025-03-19,239,123,46,91,0.505,16,35,0.457,15,16,0.938,14,27,41,28,9,1,11,20,4.0,1610612739,CLE,Cleveland Cavaliers,119,46,84,0.548,13,34,0.382,14,18,0.778,8,29,37,24,7,1,12,14,-4.0
1612709904,SXF,Sioux Falls Skyforce,2022400457,2025-03-19,239,110,38,82,0.463,12,33,0.364,12,16,0.75,6,33,39,19,7,4,14,20,-9.0,1612709905,SBL,South Bay Lakers,119,41,92,0.446,14,41,0.341,18,24,0.75,15,40,55,24,11,1,15,22,9.0
1610612747,LAL,Los Angeles Lakers,0022401006,2025-03-19,239,120,42,83,0.506,16,38,0.421,20,28,0.714,8,30,38,25,13,3,13,17,12.0,1610612743,DEN,Denver Nuggets,108,41,87,0.471,13,39,0.333,13,21,0.619,12,33,45,25,8,4,18,17,-12.0
1612709903,SLC,Salt Lake City Stars,2022400450,2025-03-19,240,125,45,80,0.563,18,38,0.474,9,14,0.643,10,34,44,37,7,3,18,10,30.0,1612709931,MXC,Mexico City Capitanes,95,41,99,0.414,8,41,0.195,3,6,0.5,18,24,42,24,12,6,13,19,-30.0
1612709917,GRG,Grand Rapids Gold,2022400455,2025-03-19,241,123,38,76,0.5,17,35,0.486,19,23,0.826,11,25,36,26,8,4,19,26,8.0,1612709920,RAP,Raptors 905,115,39,82,0.476,14,37,0.378,13,13,1.0,8,24,32,24,9,2,17,27,-8.0
1610612757,POR,Portland Trail Blazers,0022401008,2025-03-19,240,115,40,96,0.417,18,46,0.391,17,21,0.81,22,43,65,25,3,6,17,17,16.0,1610612763,MEM,Memphis Grizzlies,99,37,92,0.402,8,30,0.267,17,21,0.81,10,30,40,23,11,4,10,20,-16.0
1612709889,OKL,Oklahoma City Blue,2022400452,2025-03-19,240,101,38,84,0.452,14,36,0.389,6,13,0.462,10,26,36,24,9,2,14,13,-20.0,1612709914,STO,Stockton Kings,121,43,86,0.5,20,50,0.4,8,10,0.8,11,38,49,36,7,6,15,14,20.0
1612709929,CPS,College Park Skyhawks,2022400454,2025-03-19,239,123,48,105,0.457,13,49,0.265,8,12,0.667,16,33,49,30,10,8,10,25,-15.0,1612709919,WES,Westchester Knicks,138,43,100,0.43,23,52,0.442,16,23,0.696,22,35,57,27,8,5,13,18,15.0
1612709934,VAL,Valley Suns,2022400453,2025-03-19,240,111,41,98,0.418,13,41,0.317,8,12,0.667,11,39,50,27,6,3,9,13,-1.0,1612709926,MHU,Memphis Hustle,112,44,96,0.458,16,38,0.421,4,7,0.571,7,41,48,27,4,1,11,17,1.0
1612709928,CCG,Capital City Go-Go,2022400451,2025-03-19,239,98,37,78,0.474,12,30,0.4,8,12,0.667,9,29,38,26,7,3,21,18,-9.0,1612709910,IMA,Indiana Mad Ants,107,40,92,0.435,9,38,0.237,14,16,0.875,16,34,50,26,16,5,15,19,9.0
1610612762,UTA,Utah Jazz,0022400627,2025-03-19,238,128,50,89,0.562,17,42,0.405,11,18,0.611,9,33,42,30,7,1,16,16,16.0,1610612764,WAS,Washington Wizards,112,43,93,0.462,12,45,0.267,14,18,0.778,13,24,37,30,12,4,13,13,-16.0
1610612760,OKC,Oklahoma City Thunder,0022401002,2025-03-19,239,133,47,90,0.522,24,52,0.462,15,20,0.75,11,44,55,36,10,5,12,12,33.0,1610612755,PHI,Philadelphia 76ers,100,35,95,0.368,18,57,0.316,12,16,0.75,12,29,41,24,8,3,12,15,-33.0
1612709922,GBO,Greensboro Swarm,2022400456,2025-03-19,238,109,39,76,0.513,10,24,0.417,11,13,0.846,8,35,43,21,10,4,18,16,15.0,1612709932,MCC,Motor City Cruise,94,34,88,0.386,7,28,0.25,10,11,0.909,18,27,45,16,13,2,18,21,-15.0
1610612754,IND,Indiana Pacers,0022400998,2025-03-19,241,135,45,82,0.549,16,35,0.457,29,37,0.784,6,32,38,29,4,5,11,26,4.0,1610612742,DAL,Dallas Mavericks,131,48,88,0.545,11,27,0.407,24,32,0.75,7,34,41,23,6,0,12,26,-4.0
1610612756,PHX,Phoenix Suns,0022401007,2025-03-19,239,127,47,96,0.49,15,40,0.375,18,20,0.9,13,33,46,34,9,6,11,13,6.0,1610612741,CHI,Chicago Bulls,121,49,90,0.544,15,38,0.395,8,12,0.667,8,32,40,29,7,8,13,19,-6.0
1610612759,SAS,San Antonio Spurs,0022401003,2025-03-19,240,120,45,90,0.5,16,35,0.457,14,20,0.7,15,37,52,28,7,7,13,22,15.0,1610612752,NYK,New York Knicks,105,39,92,0.424,11,37,0.297,16,21,0.762,17,27,44,28,7,7,10,18,-15.0
1610612748,MIA,Miami Heat,0022401000,2025-03-19,241,113,44,90,0.489,10,32,0.313,15,18,0.833,11,26,37,24,7,5,13,15,-3.0,1610612765,DET,Detroit Pistons,116,46,91,0.505,9,23,0.391,15,18,0.833,13,34,47,25,4,10,12,20,3.0
1610612750,MIN,Minnesota Timberwolves,0022401001,2025-03-19,241,115,35,77,0.455,16,39,0.41,29,36,0.806,9,31,40,21,7,6,14,19,-4.0,1610612740,NOP,New Orleans Pelicans,119,47,89,0.528,13,29,0.448,12,22,0.545,11,35,46,28,5,6,13,25,4.0
1610612753,ORL,Orlando Magic,0022400999,2025-03-19,239,108,41,92,0.446,9,35,0.257,17,20,0.85,14,27,41,23,7,4,12,20,-8.0,1610612745,HOU,Houston Rockets,116,38,81,0.469,11,35,0.314,29,32,0.906,12,34,46,18,10,5,15,18,8.0
1612709924,SDC,San Diego Clippers,2022400449,2025-03-18,240,108,38,83,0.458,14,37,0.378,10,13,0.769,4,21,25,21,11,4,10,23,-13.0,1612709908,RGV,Rio Grande Valley Vipers,121,44,76,0.579,13,32,0.406,13,18,0.722,12,35,47,32,6,4,18,16,13.0
1612709928,CCG,Capital City Go-Go,2022400445,2025-03-18,240,120,43,86,0.5,17,34,0.5,12,14,0.857,10,25,35,30,6,4,19,25,-3.0,1612709909,DEL,Delaware Blue Coats,123,41,82,0.5,17,38,0.447,16,20,0.8,10,29,39,26,10,8,12,21,3.0
1612709927,WIS,Wisconsin Herd,2022400447,2025-03-18,239,97,41,98,0.418,7,26,0.269,4,5,0.8,15,41,56,19,6,11,11,16,-4.0,1612709921,LIN,Long Island Nets,101,35,91,0.385,10,34,0.294,13,16,0.813,10,39,49,22,10,5,8,10,4.0
1612709918,TEX,Texas Legends,2022400448,2025-03-18,240,116,41,85,0.482,18,39,0.462,9,11,0.818,8,36,44,27,5,10,21,18,-11.0,1612709902,SCW,Santa Cruz Warriors,127,52,109,0.477,10,35,0.286,8,12,0.667,16,35,51,35,14,5,12,19,11.0
1610612766,CHA,Charlotte Hornets,0022400993,2025-03-18,240,102,38,84,0.452,10,30,0.333,16,21,0.762,10,29,39,25,7,8,17,16,-32.0,1610612737,ATL,Atlanta Hawks,134,50,93,0.538,22,45,0.489,12,15,0.8,11,35,46,27,12,8,10,17,32.0
1610612744,GSW,Golden State Warriors,0022401012,2025-03-18,239,104,32,77,0.416,17,44,0.386,23,26,0.885,9,43,52,25,7,6,18,24,11.0,1610612749,MIL,Milwaukee Bucks,93,31,79,0.392,12,38,0.316,19,27,0.704,4,30,34,19,9,4,9,15,-11.0
1612709889,OKL,Oklahoma City Blue,2022400446,2025-03-18,239,124,44,84,0.524,17,36,0.472,13,19,0.684,6,40,46,22,4,5,19,18,6.0,1612709933,RCR,Rip City Remix,118,42,97,0.433,18,39,0.462,9,15,0.6,14,36,50,28,14,3,15,23,-6.0
1610612738,BOS,Boston Celtics,0022400994,2025-03-18,240,104,35,79,0.443,16,48,0.333,18,22,0.818,6,42,48,24,6,5,13,14,8.0,1610612751,BKN,Brooklyn Nets,96,36,88,0.409,13,45,0.289,11,17,0.647,8,31,39,21,9,2,8,19,-8.0
1610612746,LAC,LA Clippers,0022400997,2025-03-18,239,132,46,84,0.548,16,35,0.457,24,28,0.857,14,35,49,28,7,5,12,26,13.0,1610612739,CLE,Cleveland Cavaliers,119,44,90,0.489,14,41,0.341,17,26,0.654,10,19,29,29,6,0,8,21,-13.0
1610612740,NOP,New Orleans Pelicans,0022400987,2025-03-17,240,81,28,86,0.326,5,32,0.156,20,30,0.667,13,26,39,18,7,6,16,15,-46.0,1610612765,DET,Detroit Pistons,127,46,84,0.548,13,35,0.371,22,29,0.759,11,39,50,33,10,7,13,19,46.0
1610612752,NYK,New York Knicks,0022400984,2025-03-17,240,116,47,95,0.495,16,34,0.471,6,6,1.0,13,28,41,30,12,6,13,14,21.0,1610612748,MIA,Miami Heat,95,39,82,0.476,6,23,0.261,11,12,0.917,9,30,39,23,9,6,20,11,-21.0
1610612747,LAL,Los Angeles Lakers,0022400537,2025-03-17,241,125,44,90,0.489,19,48,0.396,18,24,0.75,8,34,42,34,13,4,9,10,16.0,1610612759,SAS,San Antonio Spurs,109,41,88,0.466,15,38,0.395,12,14,0.857,9,35,44,30,6,5,17,18,-16.0
1612709920,RAP,Raptors 905,2022400444,2025-03-17,240,115,27,70,0.386,9,34,0.265,32,35,0.914,12,30,42,19,15,3,21,30,1.0,1612709923,WCB,Windy City Bulls,114,34,79,0.43,11,27,0.407,20,24,0.833,11,31,42,22,12,5,19,38,-1.0
1610612762,UTA,Utah Jazz,0022400989,2025-03-17,240,97,35,86,0.407,9,42,0.214,18,22,0.818,4,44,48,20,4,4,17,19,-14.0,1610612741,CHI,Chicago Bulls,111,42,97,0.433,14,45,0.311,13,16,0.813,9,40,49,29,12,3,9,14,14.0
1610612744,GSW,Golden State Warriors,0022400990,2025-03-17,239,105,41,84,0.488,8,33,0.242,15,27,0.556,11,27,38,24,16,10,20,21,-9.0,1610612743,DEN,Denver Nuggets,114,43,92,0.467,14,39,0.359,14,18,0.778,19,34,53,32,12,7,20,24,9.0
1610612745,HOU,Houston Rockets,0022400985,2025-03-17,265,144,51,107,0.477,22,53,0.415,20,24,0.833,23,35,58,35,8,5,15,27,7.0,1610612755,PHI,Philadelphia 76ers,137,48,95,0.505,24,49,0.49,17,25,0.68,8,27,35,21,8,4,16,20,-7.0
1610612756,PHX,Phoenix Suns,0022400991,2025-03-17,240,129,47,92,0.511,20,39,0.513,15,15,1.0,12,42,54,34,7,4,10,21,40.0,1610612761,TOR,Toronto Raptors,89,31,87,0.356,10,35,0.286,17,23,0.739,12,28,40,20,4,2,11,15,-40.0
1610612750,MIN,Minnesota Timberwolves,0022400986,2025-03-17,267,130,44,97,0.454,13,42,0.31,29,36,0.806,9,35,44,25,11,7,14,22,-2.0,1610612754,IND,Indiana Pacers,132,48,97,0.495,17,37,0.459,19,23,0.826,14,34,48,28,7,6,20,25,2.0
1610612758,SAC,Sacramento Kings,0022400992,2025-03-17,240,132,46,88,0.523,20,41,0.488,20,30,0.667,10,28,38,35,11,7,12,21,10.0,1610612763,MEM,Memphis Grizzlies,122,44,90,0.489,13,30,0.433,21,21,1.0,15,33,48,24,8,7,17,22,-10.0
1610612757,POR,Portland Trail Blazers,0022400995,2025-03-17,239,112,42,99,0.424,15,46,0.326,13,19,0.684,14,36,50,25,15,3,8,10,15.0,1610612764,WAS,Washington Wizards,97,38,92,0.413,12,40,0.3,9,12,0.75,11,38,49,27,6,7,16,16,-15.0
1612709924,SDC,San Diego Clippers,2022400443,2025-03-16,239,106,38,87,0.437,11,38,0.289,10,12,0.833,10,20,30,22,9,6,11,22,-7.0,1612709931,MXC,Mexico City Capitanes,113,36,70,0.514,8,20,0.4,21,24,0.875,12,35,47,19,6,7,23,21,7.0
1610612742,DAL,Dallas Mavericks,0022400976,2025-03-16,241,125,46,87,0.529,10,34,0.294,23,30,0.767,10,35,45,26,4,3,15,19,-5.0,1610612755,PHI,Philadelphia 76ers,130,48,92,0.522,14,36,0.389,20,24,0.833,9,30,39,21,13,3,11,21,5.0
1612709890,AUS,Austin Spurs,2022400440,2025-03-16,248,111,41,87,0.471,10,27,0.37,9,11,0.818,13,25,38,18,7,5,17,22,-2.0,1612709934,VAL,Valley Suns,113,38,78,0.487,14,30,0.467,15,18,0.833,9,27,36,20,4,2,17,18,2.0
1610612747,LAL,Los Angeles Lakers,0022400977,2025-03-16,240,107,35,81,0.432,14,39,0.359,23,32,0.719,7,33,40,22,7,5,8,20,11.0,1610612756,PHX,Phoenix Suns,96,35,89,0.393,9,41,0.22,17,21,0.81,14,37,51,25,4,4,14,27,-11.0
1610612739,CLE,Cleveland Cavaliers,0022400979,2025-03-16,240,103,40,96,0.417,10,40,0.25,13,20,0.65,16,32,48,21,7,1,13,22,-5.0,1610612753,ORL,Orlando Magic,108,34,81,0.42,13,31,0.419,27,34,0.794,13,34,47,21,11,3,15,20,5.0
1612709913,BHM,Birmingham Squadron,2022400441,2025-03-16,239,98,38,89,0.427,15,45,0.333,5,6,0.833,10,29,39,27,11,4,18,20,-9.0,1612709902,SCW,Santa Cruz Warriors,107,40,82,0.488,10,30,0.333,11,16,0.688,11,36,47,27,13,1,18,12,9.0
1610612749,MIL,Milwaukee Bucks,0022400982,2025-03-16,242,105,33,83,0.398,13,34,0.382,26,33,0.788,9,25,34,21,7,8,9,23,-16.0,1610612760,OKC,Oklahoma City Thunder,121,46,89,0.517,10,29,0.345,19,25,0.76,8,42,50,30,3,3,9,20,16.0
1612709928,CCG,Capital City Go-Go,2022400436,2025-03-16,241,112,41,82,0.5,15,38,0.395,8,10,0.8,9,42,51,31,11,8,15,13,23.0,1612709929,CPS,College Park Skyhawks,89,36,108,0.333,6,48,0.125,7,9,0.778,23,30,53,17,7,2,13,14,-23.0
1612709932,MCC,Motor City Cruise,2022400435,2025-03-16,239,135,52,100,0.52,15,36,0.417,11,16,0.688,22,31,53,33,8,3,16,18,14.0,1612709893,CLC,Cleveland Charge,121,42,85,0.494,13,43,0.302,15,20,0.75,9,28,37,25,9,10,18,20,-14.0
1610612757,POR,Portland Trail Blazers,0022400980,2025-03-16,240,105,36,88,0.409,18,50,0.36,15,18,0.833,19,32,51,21,10,7,20,20,3.0,1610612761,TOR,Toronto Raptors,102,38,94,0.404,10,31,0.323,16,20,0.8,19,28,47,29,12,0,18,22,-3.0
1612709917,GRG,Grand Rapids Gold,2022400437,2025-03-16,239,110,45,91,0.495,12,37,0.324,6,9,0.667,12,24,36,22,11,3,13,17,7.0,1612709933,RCR,Rip City Remix,103,40,82,0.488,10,32,0.313,7,10,0.7,15,30,45,24,7,2,23,16,-7.0
1610612750,MIN,Minnesota Timberwolves,0022400981,2025-03-16,239,128,48,97,0.495,14,43,0.326,18,26,0.692,16,33,49,30,14,6,9,16,26.0,1610612762,UTA,Utah Jazz,102,39,90,0.433,12,38,0.316,12,15,0.8,10,34,44,23,4,0,22,20,-26.0
1612709922,GBO,Greensboro Swarm,2022400439,2025-03-16,240,110,42,93,0.452,14,33,0.424,8,10,0.8,10,28,38,27,12,2,13,24,-5.0,1612709915,MNE,Maine Celtics,115,42,85,0.494,12,36,0.333,12,18,0.667,13,35,48,20,2,6,17,16,5.0
1612709904,SXF,Sioux Falls Skyforce,2022400442,2025-03-16,240,121,46,86,0.535,14,36,0.389,8,11,0.727,10,35,45,35,12,7,12,16,20.0,1612709911,IWA,Iowa Wolves,101,40,102,0.392,6,31,0.194,9,11,0.818,19,30,49,29,6,4,15,16,-20.0
1610612746,LAC,LA Clippers,0022400538,2025-03-16,239,123,45,93,0.484,13,26,0.5,20,23,0.87,17,41,58,30,10,5,10,12,35.0,1610612766,CHA,Charlotte Hornets,88,37,94,0.394,6,33,0.182,8,9,0.889,11,33,44,27,5,5,11,18,-35.0
1612709925,OSC,Osceola Magic,2022400438,2025-03-16,239,135,54,88,0.614,14,35,0.4,7,11,0.636,9,33,42,28,10,10,13,13,20.0,1612709914,STO,Stockton Kings,115,43,101,0.426,19,49,0.388,7,8,0.875,17,25,42,28,8,6,14,13,-20.0
1610612751,BKN,Brooklyn Nets,0022400978,2025-03-16,240,122,43,90,0.478,17,35,0.486,19,23,0.826,12,28,40,33,7,5,15,18,8.0,1610612737,ATL,Atlanta Hawks,114,42,90,0.467,11,37,0.297,19,24,0.792,10,28,38,27,12,11,14,17,-8.0
1612709920,RAP,Raptors 905,2022400431,2025-03-15,240,126,47,103,0.456,7,32,0.219,14,18,0.778,14,22,36,26,17,5,14,25,-2.0,1612709923,WCB,Windy City Bulls,128,48,98,0.49,10,32,0.313,13,19,0.684,15,33,48,27,8,13,21,25,2.0
1612709905,SBL,South Bay Lakers,2022400432,2025-03-15,240,109,37,84,0.44,16,50,0.32,11,13,0.846,10,33,43,25,8,3,17,24,1.0,1612709908,RGV,Rio Grande Valley Vipers,108,38,87,0.437,10,42,0.238,14,20,0.7,12,35,47,18,12,4,11,19,-1.0
1610612751,BKN,Brooklyn Nets,0022400968,2025-03-15,242,113,42,90,0.467,20,46,0.435,9,13,0.692,18,27,45,34,4,3,9,21,-2.0,1610612738,BOS,Boston Celtics,115,44,84,0.524,13,38,0.342,14,19,0.737,13,25,38,29,5,7,7,14,2.0
1610612743,DEN,Denver Nuggets,0022400975,2025-03-15,241,123,48,95,0.505,12,34,0.353,15,17,0.882,10,32,42,40,12,8,17,20,-3.0,1610612764,WAS,Washington Wizards,126,46,95,0.484,19,45,0.422,15,17,0.882,13,31,44,34,11,4,17,17,3.0
1612709918,TEX,Texas Legends,2022400434,2025-03-15,239,101,40,97,0.412,9,37,0.243,7,9,0.778,9,34,43,28,7,10,16,12,-20.0,1612709903,SLC,Salt Lake City Stars,121,51,106,0.481,14,39,0.359,3,7,0.429,18,42,60,30,11,5,11,13,20.0
1612709917,GRG,Grand Rapids Gold,2022400433,2025-03-15,240,117,41,88,0.466,19,48,0.396,9,10,0.9,14,30,44,23,10,6,16,15,17.0,1612709933,RCR,Rip City Remix,100,38,84,0.452,11,35,0.314,8,12,0.667,11,29,40,23,13,3,21,19,-17.0
1610612744,GSW,Golden State Warriors,0022400974,2025-03-15,239,97,33,83,0.398,13,41,0.317,18,22,0.818,10,35,45,25,7,5,9,13,3.0,1610612752,NYK,New York Knicks,94,37,86,0.43,9,24,0.375,11,13,0.846,13,36,49,20,6,6,13,16,-3.0
1610612765,DET,Detroit Pistons,0022400969,2025-03-15,241,107,42,88,0.477,14,33,0.424,9,13,0.692,6,33,39,29,8,3,17,21,-6.0,1610612760,OKC,Oklahoma City Thunder,113,43,89,0.483,10,34,0.294,17,22,0.773,10,34,44,17,11,8,17,20,6.0
1610612745,HOU,Houston Rockets,0022400970,2025-03-15,239,117,44,98,0.449,14,44,0.318,15,26,0.577,16,38,54,24,4,6,11,18,3.0,1610612741,CHI,Chicago Bulls,114,43,93,0.462,14,38,0.368,14,16,0.875,5,31,36,24,6,5,10,23,-3.0
1610612763,MEM,Memphis Grizzlies,0022400971,2025-03-15,239,125,51,92,0.554,12,31,0.387,11,12,0.917,11,40,51,31,7,6,10,16,34.0,1610612748,MIA,Miami Heat,91,35,88,0.398,9,37,0.243,12,15,0.8,10,27,37,24,6,4,14,16,-34.0
1610612759,SAS,San Antonio Spurs,0022400973,2025-03-15,241,119,39,84,0.464,16,39,0.41,25,33,0.758,8,29,37,26,10,2,10,15,4.0,1610612740,NOP,New Orleans Pelicans,115,46,92,0.5,12,35,0.343,11,11,1.0,12,40,52,34,2,3,15,20,-4.0
1610612749,MIL,Milwaukee Bucks,0022400972,2025-03-15,240,126,43,79,0.544,15,37,0.405,25,26,0.962,7,38,45,28,9,4,15,16,7.0,1610612754,IND,Indiana Pacers,119,46,96,0.479,17,43,0.395,10,13,0.769,10,22,32,29,9,4,11,15,-7.0
1612709927,WIS,Wisconsin Herd,2022400428,2025-03-14,240,106,41,92,0.446,14,45,0.311,6,9,0.667,10,28,38,29,11,6,5,16,-2.0,1612709893,CLC,Cleveland Charge,108,38,88,0.432,16,40,0.4,8,10,0.8,18,38,56,24,3,1,17,16,2.0
1610612750,MIN,Minnesota Timberwolves,0022400963,2025-03-14,239,118,42,80,0.525,14,33,0.424,20,28,0.714,6,39,45,26,8,6,15,21,7.0,1610612753,ORL,Orlando Magic,111,40,89,0.449,12,28,0.429,19,22,0.864,6,25,31,18,9,5,11,22,-7.0
1612709913,BHM,Birmingham Squadron,2022400427,2025-03-14,240,100,40,84,0.476,15,46,0.326,4,5,0.8,8,29,37,29,10,3,18,19,-13.0,1612709902,SCW,Santa Cruz Warriors,113,45,82,0.549,11,29,0.379,7,12,0.583,13,34,47,33,13,2,17,12,13.0
1610612756,PHX,Phoenix Suns,0022400967,2025-03-14,238,122,41,79,0.519,24,43,0.558,16,19,0.842,7,27,34,33,12,3,11,15,16.0,1610612758,SAC,Sacramento Kings,106,40,81,0.494,8,32,0.25,18,20,0.9,12,28,40,25,7,1,19,18,-16.0
1610612743,DEN,Denver Nuggets,0022400965,2025-03-14,239,131,44,85,0.518,13,31,0.419,30,38,0.789,9,30,39,30,7,5,12,15,5.0,1610612747,LAL,Los Angeles Lakers,126,49,105,0.467,15,40,0.375,13,16,0.813,19,28,47,32,10,2,8,25,-5.0
1610612755,PHI,Philadelphia 76ers,0022400959,2025-03-14,242,100,37,82,0.451,11,38,0.289,15,22,0.682,11,32,43,13,7,9,14,19,-12.0,1610612754,IND,Indiana Pacers,112,44,89,0.494,10,35,0.286,14,18,0.778,12,33,45,31,6,4,10,17,12.0
1612709918,TEX,Texas Legends,2022400429,2025-03-14,241,130,49,88,0.557,13,32,0.406,11,12,0.917,7,37,44,29,6,10,26,22,-8.0,1612709903,SLC,Salt Lake City Stars,138,49,104,0.471,16,38,0.421,14,18,0.778,14,28,42,32,19,3,11,19,8.0
1610612745,HOU,Houston Rockets,0022400961,2025-03-14,240,133,54,105,0.514,15,31,0.484,10,12,0.833,17,50,67,27,5,6,10,13,37.0,1610612742,DAL,Dallas Mavericks,96,39,94,0.415,8,22,0.364,10,12,0.833,6,28,34,14,4,6,7,11,-37.0
1612709925,OSC,Osceola Magic,2022400426,2025-03-14,240,137,48,89,0.539,17,35,0.486,12,15,0.8,11,35,46,25,8,5,12,16,18.0,1612709914,STO,Stockton Kings,119,44,93,0.473,14,44,0.318,10,11,0.909,10,30,40,31,8,4,11,19,-18.0
1610612737,ATL,Atlanta Hawks,0022400960,2025-03-14,238,98,37,88,0.42,9,33,0.273,15,17,0.882,13,31,44,25,8,6,18,18,-23.0,1610612746,LAC,LA Clippers,121,47,86,0.547,12,27,0.444,15,20,0.75,7,33,40,27,14,5,13,15,23.0
1612709921,LIN,Long Island Nets,2022400424,2025-03-14,240,130,49,88,0.557,16,40,0.4,8,11,0.727,4,32,36,33,16,2,9,15,14.0,1612709926,MHU,Memphis Hustle,116,42,84,0.5,11,33,0.333,12,16,0.75,9,36,45,20,5,0,20,23,-14.0
1610612762,UTA,Utah Jazz,0022400966,2025-03-14,240,118,39,89,0.438,16,38,0.421,24,31,0.774,6,29,35,23,12,2,16,25,-8.0,1610612761,TOR,Toronto Raptors,126,44,91,0.484,12,32,0.375,26,35,0.743,10,41,51,28,9,6,15,26,8.0
1610612748,MIA,Miami Heat,0022400958,2025-03-14,240,91,34,75,0.453,13,34,0.382,10,17,0.588,7,31,38,18,10,4,17,12,-12.0,1610612738,BOS,Boston Celtics,103,36,83,0.434,19,50,0.38,12,13,0.923,9,32,41,18,8,4,14,17,12.0
1610612763,MEM,Memphis Grizzlies,0022400962,2025-03-14,239,124,48,97,0.495,11,36,0.306,17,21,0.81,10,35,45,25,11,3,14,25,-9.0,1610612739,CLE,Cleveland Cavaliers,133,44,88,0.5,19,51,0.373,26,33,0.788,8,35,43,32,9,4,15,17,9.0
1612709924,SDC,San Diego Clippers,2022400430,2025-03-14,241,104,40,82,0.488,9,32,0.281,9,12,0.75,10,25,35,22,14,3,14,18,-6.0,1612709931,MXC,Mexico City Capitanes,110,38,73,0.521,12,26,0.462,14,14,1.0,5,30,35,22,5,3,20,18,6.0
1612709922,GBO,Greensboro Swarm,2022400423,2025-03-14,240,104,38,97,0.392,11,31,0.355,9,10,0.9,14,30,44,18,12,1,12,18,-11.0,1612709915,MNE,Maine Celtics,115,41,89,0.461,15,39,0.385,12,15,0.8,14,41,55,21,7,4,16,13,11.0
1610612759,SAS,San Antonio Spurs,0022400964,2025-03-14,240,134,48,95,0.505,21,46,0.457,17,22,0.773,17,19,36,27,14,5,13,17,-11.0,1610612766,CHA,Charlotte Hornets,145,51,85,0.6,26,46,0.565,17,19,0.895,8,26,34,42,7,2,18,17,11.0
1612709932,MCC,Motor City Cruise,2022400425,2025-03-14,240,118,49,87,0.563,10,31,0.323,6,13,0.462,16,28,44,29,13,7,21,21,9.0,1612709928,CCG,Capital City Go-Go,109,39,77,0.506,11,27,0.407,11,13,0.846,9,25,34,24,11,3,20,15,-9.0
1610612740,NOP,New Orleans Pelicans,0022401141,2025-03-13,240,93,35,79,0.443,7,25,0.28,16,21,0.762,11,29,40,23,3,4,13,16,-20.0,1610612753,ORL,Orlando Magic,113,43,83,0.518,13,33,0.394,14,18,0.778,8,31,39,25,7,7,8,20,20.0
1610612749,MIL,Milwaukee Bucks,0022400955,2025-03-13,239,126,41,86,0.477,17,40,0.425,27,33,0.818,7,41,48,30,9,8,11,21,20.0,1610612747,LAL,Los Angeles Lakers,106,38,87,0.437,15,40,0.375,15,18,0.833,5,33,38,18,3,4,13,23,-20.0
1610612744,GSW,Golden State Warriors,0022400957,2025-03-13,240,130,45,78,0.577,22,39,0.564,18,24,0.75,7,36,43,35,8,5,14,21,26.0,1610612758,SAC,Sacramento Kings,104,37,79,0.468,14,37,0.378,16,22,0.727,5,25,30,25,7,4,14,15,-26.0
1612709905,SBL,South Bay Lakers,2022400422,2025-03-13,241,107,41,71,0.577,14,34,0.412,5,10,0.5,4,35,39,30,10,4,19,19,7.0,1612709908,RGV,Rio Grande Valley Vipers,100,42,98,0.429,10,44,0.227,4,8,0.5,18,30,48,31,11,2,13,16,-7.0
1612709923,WCB,Windy City Bulls,2022400421,2025-03-13,240,97,29,84,0.345,14,36,0.389,13,14,0.929,14,30,44,25,8,7,18,17,-17.0,1612709910,IMA,Indiana Mad Ants,114,44,94,0.468,13,35,0.371,9,10,0.9,10,35,45,26,14,7,17,18,17.0
1612709921,LIN,Long Island Nets,2022400420,2025-03-13,241,132,48,98,0.49,20,48,0.417,10,15,0.667,12,26,38,35,16,4,13,23,14.0,1612709926,MHU,Memphis Hustle,118,45,82,0.549,9,27,0.333,13,17,0.765,10,32,42,28,7,6,21,26,-14.0
1610612741,CHI,Chicago Bulls,0022400956,2025-03-13,240,116,41,90,0.456,11,37,0.297,23,26,0.885,13,34,47,24,8,4,8,16,6.0,1610612751,BKN,Brooklyn Nets,110,43,96,0.448,11,34,0.324,13,18,0.722,15,35,50,32,6,7,9,26,-6.0
1612709922,GBO,Greensboro Swarm,2022400419,2025-03-13,240,115,42,87,0.483,13,27,0.481,11,14,0.786,11,35,46,23,5,4,13,18,7.0,1612709890,AUS,Austin Spurs,108,43,101,0.426,13,41,0.317,5,10,0.5,18,32,50,17,8,5,11,20,-7.0
1610612765,DET,Detroit Pistons,0022400954,2025-03-13,239,125,39,85,0.459,10,30,0.333,37,43,0.86,9,32,41,23,8,6,12,23,-4.0,1610612764,WAS,Washington Wizards,129,43,90,0.478,20,45,0.444,23,27,0.852,10,37,47,30,10,5,15,29,4.0
1612709909,DEL,Delaware Blue Coats,2022400418,2025-03-13,239,126,45,86,0.523,18,42,0.429,13,18,0.722,10,36,46,33,8,5,15,16,4.0,1612709929,CPS,College Park Skyhawks,122,46,100,0.46,12,35,0.343,10,14,0.714,15,32,47,25,12,2,12,19,-4.0
1610612763,MEM,Memphis Grizzlies,0022400950,2025-03-12,239,122,43,94,0.457,20,44,0.455,16,21,0.762,5,34,39,30,15,6,9,21,7.0,1610612762,UTA,Utah Jazz,115,42,90,0.467,12,34,0.353,19,28,0.679,17,43,60,24,6,8,23,17,-7.0
1612709925,OSC,Osceola Magic,2022400414,2025-03-12,240,111,37,94,0.394,12,46,0.261,14,17,0.824,18,27,45,18,11,5,15,22,-34.0,1612709902,SCW,Santa Cruz Warriors,145,53,90,0.589,19,37,0.514,11,17,0.647,12,39,51,34,10,4,14,20,34.0
1612709889,OKL,Oklahoma City Blue,2022400416,2025-03-12,243,130,48,95,0.505,19,45,0.422,10,14,0.714,12,42,54,31,8,8,20,12,28.0,1612709911,IWA,Iowa Wolves,102,42,98,0.429,11,39,0.282,4,7,0.571,9,30,39,27,10,4,16,20,-28.0
1612709893,CLC,Cleveland Charge,2022400413,2025-03-12,240,120,41,88,0.466,10,37,0.27,17,22,0.773,15,38,53,24,7,5,23,30,5.0,1612709933,RCR,Rip City Remix,113,43,91,0.473,6,36,0.167,14,25,0.56,11,30,41,17,14,2,14,29,-5.0
1610612743,DEN,Denver Nuggets,0022400952,2025-03-12,239,95,36,89,0.404,7,30,0.233,16,22,0.727,12,30,42,20,9,4,10,16,-20.0,1610612750,MIN,Minnesota Timberwolves,115,43,90,0.478,17,40,0.425,12,16,0.75,12,36,48,31,7,5,15,16,20.0
1610612748,MIA,Miami Heat,0022400948,2025-03-12,239,104,40,84,0.476,14,37,0.378,10,14,0.714,9,20,29,27,14,3,10,17,-15.0,1610612746,LAC,LA Clippers,119,45,76,0.592,13,27,0.481,16,24,0.667,11,34,45,24,7,0,16,10,15.0
1610612759,SAS,San Antonio Spurs,0022400951,2025-03-12,239,126,50,94,0.532,11,35,0.314,15,16,0.938,13,34,47,32,11,2,16,19,10.0,1610612742,DAL,Dallas Mavericks,116,45,81,0.556,13,32,0.406,13,17,0.765,3,28,31,30,8,0,17,12,-10.0
1610612737,ATL,Atlanta Hawks,0022400945,2025-03-12,241,123,37,88,0.42,14,36,0.389,35,39,0.897,13,30,43,26,13,6,13,16,13.0,1610612766,CHA,Charlotte Hornets,110,40,88,0.455,14,35,0.4,16,18,0.889,10,37,47,29,9,9,21,26,-13.0
1610612745,HOU,Houston Rockets,0022400949,2025-03-12,242,111,40,88,0.455,12,38,0.316,19,25,0.76,11,27,38,25,11,3,9,19,7.0,1610612756,PHX,Phoenix Suns,104,39,73,0.534,10,28,0.357,16,20,0.8,5,32,37,22,7,8,16,18,-7.0
1610612738,BOS,Boston Celtics,0022400946,2025-03-12,240,112,41,94,0.436,20,63,0.317,10,12,0.833,15,26,41,25,9,6,13,25,-6.0,1610612760,OKC,Oklahoma City Thunder,118,40,82,0.488,13,37,0.351,25,35,0.714,11,33,44,19,7,2,12,17,6.0
1610612757,POR,Portland Trail Blazers,0022400953,2025-03-12,264,113,40,90,0.444,17,42,0.405,16,25,0.64,21,31,52,20,6,6,23,18,-1.0,1610612752,NYK,New York Knicks,114,44,94,0.468,12,31,0.387,14,20,0.7,11,27,38,27,12,7,15,21,1.0
1610612761,TOR,Toronto Raptors,0022400947,2025-03-12,240,118,44,100,0.44,16,40,0.4,14,18,0.778,17,42,59,33,7,5,20,17,13.0,1610612755,PHI,Philadelphia 76ers,105,41,96,0.427,7,35,0.2,16,22,0.727,10,30,40,19,13,11,9,20,-13.0
1612709913,BHM,Birmingham Squadron,2022400415,2025-03-12,251,119,45,94,0.479,17,40,0.425,6,9,0.667,10,36,46,27,9,2,5,17,5.0,1612709914,STO,Stockton Kings,114,43,92,0.467,16,41,0.39,7,10,0.7,12,37,49,30,4,4,13,18,-5.0
1612709923,WCB,Windy City Bulls,2022400417,2025-03-12,241,100,38,96,0.396,5,28,0.179,10,20,0.5,19,29,48,22,9,7,15,17,-29.0,1612709915,MNE,Maine Celtics,129,49,106,0.462,13,37,0.351,10,10,1.0,24,37,61,19,9,10,15,24,29.0
1612709932,MCC,Motor City Cruise,2022400412,2025-03-12,240,103,41,93,0.441,8,30,0.267,8,15,0.533,23,24,47,19,5,4,13,17,-15.0,1612709928,CCG,Capital City Go-Go,118,47,77,0.61,12,33,0.364,7,10,0.7,6,30,36,34,6,9,11,24,15.0
1612709926,MHU,Memphis Hustle,2022400409,2025-03-11,240,119,45,93,0.484,19,41,0.463,7,8,0.875,15,30,45,34,8,5,13,17,-2.0,1612709903,SLC,Salt Lake City Stars,121,42,94,0.447,20,45,0.444,10,12,0.833,17,26,43,28,4,2,10,15,2.0
1612709925,OSC,Osceola Magic,2022400407,2025-03-11,241,118,39,80,0.488,14,39,0.359,14,20,0.7,5,37,42,33,8,5,9,20,14.0,1612709922,GBO,Greensboro Swarm,104,37,88,0.42,6,29,0.207,13,19,0.684,14,38,52,25,8,3,13,23,-14.0
1610612740,NOP,New Orleans Pelicans,0022400943,2025-03-11,240,127,47,85,0.553,17,31,0.548,16,18,0.889,12,34,46,34,7,7,19,16,7.0,1610612746,LAC,LA Clippers,120,46,92,0.5,14,42,0.333,14,18,0.778,11,23,34,34,10,8,11,16,-7.0
1610612739,CLE,Cleveland Cavaliers,0022400940,2025-03-11,239,109,39,89,0.438,10,42,0.238,21,25,0.84,12,36,48,23,7,4,14,10,5.0,1610612751,BKN,Brooklyn Nets,104,39,84,0.464,16,44,0.364,10,14,0.714,8,30,38,31,9,3,12,21,-5.0
1612709904,SXF,Sioux Falls Skyforce,2022400408,2025-03-11,240,121,48,91,0.527,12,31,0.387,9,13,0.692,15,28,43,31,13,8,15,15,3.0,1612709924,SDC,San Diego Clippers,118,44,94,0.468,18,44,0.409,7,10,0.7,13,29,42,29,10,3,18,17,-3.0
1610612754,IND,Indiana Pacers,0022400942,2025-03-11,240,115,44,87,0.506,13,39,0.333,14,18,0.778,5,33,38,30,11,3,9,20,1.0,1610612749,MIL,Milwaukee Bucks,114,43,84,0.512,14,36,0.389,14,19,0.737,6,38,44,32,4,2,15,19,-1.0
1612709919,WES,Westchester Knicks,2022400405,2025-03-11,241,110,42,82,0.512,12,37,0.324,8,13,0.615,12,47,59,31,8,7,22,10,17.0,1612709921,LIN,Long Island Nets,93,36,94,0.383,10,38,0.263,6,10,0.6,12,30,42,23,13,2,15,18,-17.0
1612709934,VAL,Valley Suns,2022400411,2025-03-11,240,123,40,83,0.482,19,43,0.442,17,20,0.85,6,27,33,25,6,8,14,19,5.0,1612709908,RGV,Rio Grande Valley Vipers,118,46,97,0.474,13,36,0.361,7,10,0.7,16,31,47,30,9,6,15,29,-5.0
1610612765,DET,Detroit Pistons,0022400941,2025-03-11,239,123,48,104,0.462,16,38,0.421,11,15,0.733,18,43,61,29,7,5,12,18,20.0,1610612764,WAS,Washington Wizards,103,37,92,0.402,13,39,0.333,16,20,0.8,12,35,47,20,7,4,13,18,-20.0
1612709931,MXC,Mexico City Capitanes,2022400410,2025-03-11,240,96,35,86,0.407,13,38,0.342,9,12,0.75,8,26,34,22,8,1,10,24,-13.0,1612709890,AUS,Austin Spurs,109,38,80,0.475,13,38,0.342,14,20,0.7,15,41,56,18,6,4,17,22,13.0
1612709909,DEL,Delaware Blue Coats,2022400406,2025-03-11,240,120,49,103,0.476,17,40,0.425,4,7,0.571,11,38,49,27,7,9,10,11,-4.0,1612709929,CPS,College Park Skyhawks,124,48,97,0.495,14,40,0.35,11,14,0.786,9,41,50,37,4,8,11,13,4.0
1610612760,OKC,Oklahoma City Thunder,0022400936,2025-03-10,240,127,47,100,0.47,19,47,0.404,14,16,0.875,13,24,37,29,9,6,10,16,-13.0,1610612743,DEN,Denver Nuggets,140,52,86,0.605,18,32,0.563,18,20,0.9,9,34,43,32,6,5,12,18,13.0
1610612741,CHI,Chicago Bulls,0022400933,2025-03-10,241,121,49,98,0.5,12,33,0.364,11,14,0.786,10,46,56,30,4,6,18,19,18.0,1610612754,IND,Indiana Pacers,103,40,101,0.396,10,40,0.25,13,19,0.684,8,31,39,30,14,4,9,13,-18.0
1610612759,SAS,San Antonio Spurs,0022400937,2025-03-10,240,129,49,94,0.521,17,41,0.415,14,24,0.583,12,26,38,29,6,2,9,24,-4.0,1610612742,DAL,Dallas Mavericks,133,47,88,0.534,12,38,0.316,27,30,0.9,10,30,40,25,5,2,10,18,4.0
1610612745,HOU,Houston Rockets,0022400934,2025-03-10,238,97,35,89,0.393,16,43,0.372,11,18,0.611,20,43,63,20,4,4,19,18,13.0,1610612753,ORL,Orlando Magic,84,28,86,0.326,8,32,0.25,20,24,0.833,13,29,42,15,10,5,8,19,-13.0
1610612763,MEM,Memphis Grizzlies,0022400935,2025-03-10,239,120,40,86,0.465,17,46,0.37,23,27,0.852,11,28,39,26,9,7,13,22,2.0,1610612756,PHX,Phoenix Suns,118,41,90,0.456,20,38,0.526,16,22,0.727,15,31,46,31,6,2,16,22,-2.0
1612709889,OKL,Oklahoma City Blue,2022400403,2025-03-10,241,123,45,96,0.469,18,44,0.409,9,10,0.9,17,43,60,30,9,10,21,20,30.0,1612709911,IWA,Iowa Wolves,93,32,84,0.381,11,34,0.324,9,15,0.6,11,28,39,22,14,5,19,18,-30.0
1610612737,ATL,Atlanta Hawks,0022400928,2025-03-10,240,132,53,98,0.541,15,37,0.405,11,14,0.786,14,34,48,34,4,6,15,18,9.0,1610612755,PHI,Philadelphia 76ers,123,46,91,0.505,16,42,0.381,15,20,0.75,6,25,31,29,8,3,10,15,-9.0
1610612761,TOR,Toronto Raptors,0022400932,2025-03-10,241,119,43,109,0.394,16,49,0.327,17,29,0.586,28,45,73,26,3,2,8,18,15.0,1610612764,WAS,Washington Wizards,104,38,105,0.362,16,55,0.291,12,15,0.8,16,38,54,25,5,12,8,20,-15.0
1610612744,GSW,Golden State Warriors,0022400938,2025-03-10,240,130,45,85,0.529,21,41,0.512,19,21,0.905,12,28,40,35,16,5,17,16,10.0,1610612757,POR,Portland Trail Blazers,120,44,91,0.484,18,42,0.429,14,17,0.824,15,28,43,31,9,5,19,13,-10.0
1610612751,BKN,Brooklyn Nets,0022400930,2025-03-10,240,111,37,90,0.411,18,45,0.4,19,30,0.633,16,31,47,22,10,6,7,16,3.0,1610612747,LAL,Los Angeles Lakers,108,37,85,0.435,19,40,0.475,15,19,0.789,8,35,43,31,4,4,15,20,-3.0
1610612748,MIA,Miami Heat,0022400931,2025-03-10,240,102,39,85,0.459,10,31,0.323,14,20,0.7,11,35,46,24,7,3,16,15,-3.0,1610612766,CHA,Charlotte Hornets,105,36,86,0.419,11,44,0.25,22,23,0.957,9,27,36,26,10,6,10,16,3.0
1610612738,BOS,Boston Celtics,0022400929,2025-03-10,238,114,40,93,0.43,18,53,0.34,16,18,0.889,12,35,47,28,11,8,9,12,6.0,1610612762,UTA,Utah Jazz,108,43,95,0.453,13,38,0.342,9,12,0.75,14,34,48,29,3,4,12,13,-6.0
1610612758,SAC,Sacramento Kings,0022400939,2025-03-10,240,104,36,86,0.419,10,34,0.294,22,26,0.846,14,23,37,18,7,4,16,20,-29.0,1610612752,NYK,New York Knicks,133,45,84,0.536,22,40,0.55,21,26,0.808,6,34,40,34,13,1,15,24,29.0
1612709905,SBL,South Bay Lakers,2022400404,2025-03-10,239,97,32,76,0.421,14,35,0.4,11,15,0.733,11,26,37,24,11,4,23,14,-13.0,1612709932,MCC,Motor City Cruise,110,47,92,0.511,9,31,0.29,4,10,0.4,14,30,44,28,16,8,17,21,13.0
1610612749,MIL,Milwaukee Bucks,0022400922,2025-03-09,241,100,39,91,0.429,9,31,0.29,13,18,0.722,15,35,50,17,9,2,18,15,-12.0,1610612739,CLE,Cleveland Cavaliers,112,39,88,0.443,19,47,0.404,15,19,0.789,13,31,44,25,11,2,15,15,12.0
1610612755,PHI,Philadelphia 76ers,0022400924,2025-03-09,241,126,43,96,0.448,16,47,0.34,24,25,0.96,14,36,50,27,11,9,17,23,4.0,1610612762,UTA,Utah Jazz,122,39,93,0.419,18,46,0.391,26,31,0.839,10,34,44,25,12,4,17,21,-4.0
1612709926,MHU,Memphis Hustle,2022400397,2025-03-09,240,121,50,96,0.521,9,28,0.321,7,13,0.538,15,38,53,28,6,2,12,20,-8.0,1612709903,SLC,Salt Lake City Stars,129,46,99,0.465,20,47,0.426,10,12,0.833,13,32,45,26,7,5,9,17,8.0
1610612746,LAC,LA Clippers,0022400927,2025-03-09,265,111,43,81,0.531,10,31,0.323,15,25,0.6,3,35,38,23,4,5,9,20,1.0,1610612758,SAC,Sacramento Kings,110,40,87,0.46,9,34,0.265,21,25,0.84,8,40,48,27,6,1,8,19,-1.0
1610612750,MIN,Minnesota Timberwolves,0022400925,2025-03-09,240,141,53,95,0.558,21,42,0.5,14,15,0.933,14,28,42,38,7,4,12,17,17.0,1610612759,SAS,San Antonio Spurs,124,47,85,0.553,11,30,0.367,19,24,0.792,11,25,36,26,8,3,12,14,-17.0
1610612742,DAL,Dallas Mavericks,0022400921,2025-03-09,240,116,43,88,0.489,17,42,0.405,13,16,0.813,5,27,32,29,8,2,6,13,-9.0,1610612756,PHX,Phoenix Suns,125,49,84,0.583,10,28,0.357,17,18,0.944,6,40,46,33,4,4,11,10,9.0
1612709925,OSC,Osceola Magic,2022400398,2025-03-09,240,124,46,93,0.495,17,43,0.395,8,14,0.571,17,33,50,28,12,5,17,25,14.0,1612709922,GBO,Greensboro Swarm,110,40,93,0.43,10,35,0.286,11,13,0.846,12,32,44,24,9,5,16,19,-14.0
1612709914,STO,Stockton Kings,2022400400,2025-03-09,239,113,39,87,0.448,10,40,0.25,15,17,0.882,11,35,46,25,3,5,11,15,-13.0,1612709924,SDC,San Diego Clippers,126,49,104,0.471,14,40,0.35,8,15,0.533,23,35,58,33,10,4,8,19,13.0
1612709913,BHM,Birmingham Squadron,2022400401,2025-03-09,239,100,34,84,0.405,15,43,0.349,8,9,0.889,9,23,32,20,8,5,14,22,-4.0,1612709919,WES,Westchester Knicks,104,38,80,0.475,12,40,0.3,11,16,0.688,14,28,42,25,11,8,17,16,4.0
1610612760,OKC,Oklahoma City Thunder,0022400920,2025-03-09,240,127,46,94,0.489,13,38,0.342,22,25,0.88,10,46,56,25,5,14,5,20,24.0,1610612743,DEN,Denver Nuggets,103,40,97,0.412,12,40,0.3,11,20,0.55,14,34,48,22,3,6,7,18,-24.0
1610612757,POR,Portland Trail Blazers,0022400926,2025-03-09,241,112,36,93,0.387,15,50,0.3,25,32,0.781,10,31,41,17,7,4,12,27,-7.0,1610612765,DET,Detroit Pistons,119,43,87,0.494,9,28,0.321,24,32,0.75,12,42,54,22,7,8,13,24,7.0
1612709933,RCR,Rip City Remix,2022400402,2025-03-09,238,112,40,92,0.435,17,40,0.425,8,12,0.667,18,27,45,25,9,6,14,13,-4.0,1612709927,WIS,Wisconsin Herd,116,46,88,0.523,15,37,0.405,7,9,0.778,12,31,43,30,12,9,14,18,4.0
1612709902,SCW,Santa Cruz Warriors,2022400399,2025-03-09,241,118,45,84,0.536,13,30,0.433,11,16,0.688,6,35,41,29,9,6,20,18,11.0,1612709931,MXC,Mexico City Capitanes,107,41,91,0.451,7,27,0.259,11,12,0.917,12,31,43,22,13,5,18,22,-11.0
1612709920,RAP,Raptors 905,2022400396,2025-03-09,241,94,33,96,0.344,13,43,0.302,9,14,0.643,17,29,46,22,10,4,15,19,-20.0,1612709928,CCG,Capital City Go-Go,114,46,90,0.511,8,29,0.276,9,12,0.75,11,47,58,33,11,15,17,21,20.0
1612709909,DEL,Delaware Blue Coats,2022400395,2025-03-09,241,108,38,82,0.463,16,42,0.381,10,12,0.833,8,33,41,23,9,6,17,23,2.0,1612709910,IMA,Indiana Mad Ants,106,37,82,0.451,14,36,0.389,12,13,0.923,7,31,38,19,8,4,16,16,-2.0
1610612740,NOP,New Orleans Pelicans,0022400923,2025-03-09,240,104,35,85,0.412,13,34,0.382,21,27,0.778,10,29,39,24,5,6,14,15,-3.0,1610612763,MEM,Memphis Grizzlies,107,41,99,0.414,13,49,0.265,12,19,0.632,23,34,57,24,11,6,12,22,3.0
1612709908,RGV,Rio Grande Valley Vipers,2022400392,2025-03-08,241,115,45,96,0.469,17,43,0.395,5,8,0.625,14,38,52,22,18,5,18,18,11.0,1612709918,TEX,Texas Legends,104,35,88,0.398,14,46,0.304,11,12,0.917,15,35,50,21,15,6,24,14,-11.0
1610612749,MIL,Milwaukee Bucks,0022400917,2025-03-08,241,109,41,75,0.547,11,23,0.478,16,23,0.696,4,34,38,17,8,4,12,18,-2.0,1610612753,ORL,Orlando Magic,111,42,82,0.512,12,32,0.375,15,19,0.789,5,29,34,19,5,5,10,24,2.0
1612709914,STO,Stockton Kings,2022400394,2025-03-08,242,123,47,92,0.511,16,41,0.39,7,7,1.0,10,35,45,29,4,6,7,16,18.0,1612709924,SDC,San Diego Clippers,105,34,85,0.4,13,42,0.31,12,13,0.923,11,29,40,21,5,3,11,17,-18.0
1610612761,TOR,Toronto Raptors,0022400915,2025-03-08,240,117,40,95,0.421,10,26,0.385,27,30,0.9,22,27,49,24,11,6,15,17,-1.0,1610612764,WAS,Washington Wizards,118,44,100,0.44,13,38,0.342,17,23,0.739,22,28,50,29,12,7,15,18,1.0
1612709893,CLC,Cleveland Charge,2022400390,2025-03-08,253,127,47,93,0.505,13,36,0.361,11,17,0.647,13,35,48,26,7,3,12,23,4.0,1612709915,MNE,Maine Celtics,123,43,96,0.448,16,43,0.372,13,19,0.684,17,33,50,22,5,4,15,24,-4.0
1610612766,CHA,Charlotte Hornets,0022400912,2025-03-08,239,105,40,98,0.408,11,34,0.324,14,16,0.875,22,28,50,25,4,2,10,13,3.0,1610612751,BKN,Brooklyn Nets,102,38,82,0.463,14,50,0.28,12,15,0.8,8,29,37,20,6,10,11,19,-3.0
1610612737,ATL,Atlanta Hawks,0022400914,2025-03-08,239,120,45,97,0.464,10,34,0.294,20,21,0.952,16,32,48,23,10,10,16,22,2.0,1610612754,IND,Indiana Pacers,118,41,94,0.436,10,33,0.303,26,30,0.867,15,26,41,29,12,6,15,21,-2.0
1610612748,MIA,Miami Heat,0022400916,2025-03-08,241,109,41,97,0.423,13,43,0.302,14,19,0.737,7,37,44,25,7,5,9,17,-5.0,1610612741,CHI,Chicago Bulls,114,40,88,0.455,11,42,0.262,23,26,0.885,5,46,51,27,6,4,10,14,5.0
1610612745,HOU,Houston Rockets,0022400913,2025-03-08,241,146,55,99,0.556,17,40,0.425,19,21,0.905,15,33,48,32,9,7,10,13,29.0,1610612740,NOP,New Orleans Pelicans,117,48,99,0.485,12,34,0.353,9,16,0.563,18,26,44,29,7,3,13,17,-29.0
1610612744,GSW,Golden State Warriors,0022400919,2025-03-08,238,115,35,84,0.417,12,41,0.293,33,41,0.805,11,35,46,26,12,4,17,27,5.0,1610612765,DET,Detroit Pistons,110,39,85,0.459,5,23,0.217,27,36,0.75,13,31,44,17,12,4,20,29,-5.0
1612709913,BHM,Birmingham Squadron,2022400391,2025-03-08,239,128,43,83,0.518,17,26,0.654,13,16,0.813,11,34,45,30,11,5,16,22,21.0,1612709917,GRG,Grand Rapids Gold,107,39,94,0.415,12,42,0.286,10,15,0.667,17,29,46,23,11,4,18,22,-21.0
1612709905,SBL,South Bay Lakers,2022400393,2025-03-08,242,121,43,82,0.524,19,40,0.475,8,8,1.0,4,33,37,30,12,6,16,17,18.0,1612709932,MCC,Motor City Cruise,103,41,88,0.466,7,30,0.233,7,11,0.636,9,32,41,22,7,4,19,17,-18.0
1610612738,BOS,Boston Celtics,0022400918,2025-03-08,241,111,40,84,0.476,13,38,0.342,18,25,0.72,11,32,43,24,9,5,9,11,10.0,1610612747,LAL,Los Angeles Lakers,101,39,87,0.448,14,40,0.35,9,14,0.643,9,36,45,18,6,1,12,17,-10.0
1612709893,CLC,Cleveland Charge,2022400384,2025-03-07,240,110,42,105,0.4,13,52,0.25,9,14,0.643,21,36,57,27,11,5,17,22,-4.0,1612709915,MNE,Maine Celtics,114,44,91,0.484,15,44,0.341,7,16,0.438,13,39,52,28,7,6,19,21,4.0
1610612743,DEN,Denver Nuggets,0022400909,2025-03-07,266,149,57,97,0.588,21,40,0.525,14,18,0.778,8,30,38,45,8,3,9,22,8.0,1610612756,PHX,Phoenix Suns,141,51,91,0.56,16,38,0.421,23,29,0.793,7,32,39,36,6,2,11,18,-8.0
1612709902,SCW,Santa Cruz Warriors,2022400389,2025-03-07,239,110,38,85,0.447,15,40,0.375,10,13,0.769,13,32,45,29,18,7,21,17,-2.0,1612709927,WIS,Wisconsin Herd,112,40,90,0.444,16,37,0.432,11,13,0.846,14,31,45,20,11,12,21,21,2.0
1612709909,DEL,Delaware Blue Coats,2022400385,2025-03-07,239,107,37,88,0.42,13,42,0.31,12,17,0.706,9,30,39,12,10,3,12,22,-11.0,1612709922,GBO,Greensboro Swarm,118,45,78,0.577,10,25,0.4,12,16,0.75,1,41,42,21,4,4,16,20,11.0
1610612742,DAL,Dallas Mavericks,0022400906,2025-03-07,240,111,37,96,0.385,15,41,0.366,22,24,0.917,11,34,45,24,7,7,12,13,-11.0,1610612763,MEM,Memphis Grizzlies,122,50,106,0.472,8,21,0.381,14,16,0.875,17,42,59,28,9,12,11,20,11.0
1610612758,SAC,Sacramento Kings,0022400910,2025-03-07,241,127,49,96,0.51,17,38,0.447,12,19,0.632,16,35,51,31,6,4,8,16,18.0,1610612759,SAS,San Antonio Spurs,109,40,87,0.46,16,42,0.381,13,23,0.565,9,27,36,27,7,4,7,17,-18.0
1610612746,LAC,LA Clippers,0022400911,2025-03-07,239,105,37,88,0.42,15,38,0.395,16,19,0.842,9,38,47,23,7,8,12,17,10.0,1610612752,NYK,New York Knicks,95,35,91,0.385,9,34,0.265,16,18,0.889,14,39,53,25,6,4,15,15,-10.0
1610612761,TOR,Toronto Raptors,0022400905,2025-03-07,240,118,40,104,0.385,14,46,0.304,24,28,0.857,22,26,48,27,13,5,8,29,9.0,1610612762,UTA,Utah Jazz,109,39,84,0.464,8,31,0.258,23,39,0.59,19,37,56,21,5,10,24,18,-9.0
1612709889,OKL,Oklahoma City Blue,2022400383,2025-03-07,254,133,48,83,0.578,21,39,0.538,10,14,0.714,7,31,38,31,11,6,18,23,2.0,1612709903,SLC,Salt Lake City Stars,131,45,102,0.441,17,43,0.395,17,18,0.944,20,25,45,26,10,1,12,22,-2.0
1612709920,RAP,Raptors 905,2022400386,2025-03-07,240,127,44,85,0.518,15,37,0.405,14,18,0.778,8,23,31,35,12,3,16,31,-7.0,1612709929,CPS,College Park Skyhawks,134,44,81,0.543,10,27,0.37,23,28,0.821,13,30,43,20,5,0,20,23,7.0
1610612748,MIA,Miami Heat,0022400907,2025-03-07,238,104,41,89,0.461,14,34,0.412,8,11,0.727,7,34,41,29,7,2,9,16,-2.0,1610612750,MIN,Minnesota Timberwolves,106,40,81,0.494,18,45,0.4,8,14,0.571,7,36,43,28,6,6,13,12,2.0
1610612766,CHA,Charlotte Hornets,0022400904,2025-03-07,241,117,44,92,0.478,13,37,0.351,16,21,0.762,10,33,43,29,7,3,12,33,-1.0,1610612739,CLE,Cleveland Cavaliers,118,32,76,0.421,11,34,0.324,43,51,0.843,9,36,45,16,7,4,13,19,1.0
1612709934,VAL,Valley Suns,2022400388,2025-03-07,240,112,40,85,0.471,17,42,0.405,10,17,0.588,9,40,49,28,6,4,15,25,-1.0,1612709928,CCG,Capital City Go-Go,113,42,91,0.462,11,36,0.306,11,18,0.611,13,37,50,24,9,2,11,22,1.0
1610612760,OKC,Oklahoma City Thunder,0022400908,2025-03-07,241,107,39,84,0.464,14,38,0.368,15,17,0.882,4,39,43,25,12,8,11,13,18.0,1610612757,POR,Portland Trail Blazers,89,33,95,0.347,8,43,0.186,15,18,0.833,14,39,53,15,6,4,17,16,-18.0
1612709890,AUS,Austin Spurs,2022400387,2025-03-07,247,101,41,86,0.477,11,26,0.423,6,11,0.545,9,33,42,21,7,11,15,17,-7.0,1612709904,SXF,Sioux Falls Skyforce,108,39,93,0.419,13,36,0.361,8,9,0.889,14,33,47,20,8,8,13,15,7.0
1610612737,ATL,Atlanta Hawks,0022400899,2025-03-06,241,124,50,94,0.532,10,30,0.333,14,18,0.778,11,32,43,32,5,4,8,16,6.0,1610612754,IND,Indiana Pacers,118,44,91,0.484,14,39,0.359,16,17,0.941,10,32,42,27,5,5,11,18,-6.0
1612709924,SDC,San Diego Clippers,2022400376,2025-03-06,240,114,39,89,0.438,11,34,0.324,15,15,1.0,14,20,34,20,9,6,14,20,-4.0,1612709932,MCC,Motor City Cruise,118,45,87,0.517,12,32,0.375,12,15,0.8,15,30,45,25,8,4,21,25,4.0
1612709913,BHM,Birmingham Squadron,2022400379,2025-03-06,239,115,46,91,0.505,14,29,0.483,5,8,0.625,11,27,38,25,8,5,13,20,-21.0,1612709917,GRG,Grand Rapids Gold,136,47,82,0.573,25,39,0.641,9,14,0.643,10,32,42,32,7,11,12,15,21.0
1610612747,LAL,Los Angeles Lakers,0022400903,2025-03-06,265,113,38,89,0.427,14,42,0.333,23,28,0.821,12,37,49,25,7,4,16,28,4.0,1610612752,NYK,New York Knicks,109,37,94,0.394,10,43,0.233,25,32,0.781,14,32,46,20,10,2,13,21,-4.0
1612709908,RGV,Rio Grande Valley Vipers,2022400381,2025-03-06,239,140,49,89,0.551,19,41,0.463,14,16,0.875,11,32,43,35,12,3,18,21,22.0,1612709918,TEX,Texas Legends,118,42,82,0.512,10,35,0.286,17,22,0.773,8,24,32,26,15,9,13,17,-22.0
1612709890,AUS,Austin Spurs,2022400378,2025-03-06,240,121,48,104,0.462,15,41,0.366,5,8,0.625,17,38,55,24,9,10,9,19,14.0,1612709919,WES,Westchester Knicks,107,42,103,0.408,8,39,0.205,10,14,0.714,19,38,57,21,3,2,16,13,-14.0
1612709920,RAP,Raptors 905,2022400377,2025-03-06,239,117,46,97,0.474,11,38,0.289,10,13,0.769,15,26,41,29,9,6,18,18,-3.0,1612709929,CPS,College Park Skyhawks,120,43,83,0.518,16,39,0.41,10,13,0.769,10,33,43,33,11,4,25,19,3.0
1610612740,NOP,New Orleans Pelicans,0022400902,2025-03-06,240,97,31,83,0.373,9,27,0.333,26,33,0.788,15,26,41,17,9,7,15,19,-12.0,1610612745,HOU,Houston Rockets,109,46,81,0.568,9,29,0.31,8,18,0.444,9,32,41,33,10,6,19,24,12.0
1612709926,MHU,Memphis Hustle,2022400380,2025-03-06,239,124,44,98,0.449,20,44,0.455,9,12,0.75,18,21,39,27,9,2,8,19,-4.0,1612709905,SBL,South Bay Lakers,128,48,81,0.593,18,40,0.45,10,12,0.833,6,35,41,31,3,2,14,16,4.0
1610612751,BKN,Brooklyn Nets,0022400901,2025-03-06,241,119,44,87,0.506,15,33,0.455,16,18,0.889,8,24,32,30,7,5,11,24,-2.0,1610612744,GSW,Golden State Warriors,121,40,82,0.488,12,32,0.375,29,32,0.906,15,30,45,31,3,4,16,19,2.0
1612709934,VAL,Valley Suns,2022400382,2025-03-06,241,114,41,82,0.5,15,36,0.417,10,11,0.909,8,37,45,30,7,9,17,14,8.0,1612709928,CCG,Capital City Go-Go,106,36,89,0.404,16,39,0.41,10,14,0.714,11,31,42,28,8,4,14,20,-8.0
1610612753,ORL,Orlando Magic,0022400944,2025-03-06,242,123,40,87,0.46,9,33,0.273,34,40,0.85,9,24,33,26,10,5,12,21,-2.0,1610612741,CHI,Chicago Bulls,125,43,86,0.5,15,40,0.375,24,30,0.8,13,35,48,25,5,7,18,31,2.0
1610612738,BOS,Boston Celtics,0022400900,2025-03-06,240,123,46,91,0.505,19,48,0.396,12,13,0.923,16,30,46,32,8,6,10,16,18.0,1610612755,PHI,Philadelphia 76ers,105,40,95,0.421,15,39,0.385,10,12,0.833,18,27,45,29,6,5,15,15,-18.0
1610612763,MEM,Memphis Grizzlies,0022400895,2025-03-05,243,103,37,91,0.407,9,34,0.265,20,22,0.909,11,38,49,21,9,1,15,18,-17.0,1610612760,OKC,Oklahoma City Thunder,120,44,87,0.506,15,36,0.417,17,19,0.895,3,36,39,27,10,4,11,22,17.0
1612709893,CLC,Cleveland Charge,2022400372,2025-03-05,240,144,51,98,0.52,16,41,0.39,13,15,0.867,17,37,54,33,9,12,26,25,-5.0,1612709925,OSC,Osceola Magic,149,49,100,0.49,23,43,0.535,20,26,0.769,14,26,40,28,15,2,15,17,5.0
1612709933,RCR,Rip City Remix,2022400374,2025-03-05,242,124,48,97,0.495,11,41,0.268,12,13,0.923,14,34,48,32,10,4,12,16,14.0,1612709931,MXC,Mexico City Capitanes,110,39,93,0.419,12,48,0.25,11,15,0.733,17,32,49,21,5,8,15,17,-14.0
1610612739,CLE,Cleveland Cavaliers,0022400893,2025-03-05,240,112,41,87,0.471,14,40,0.35,16,22,0.727,10,37,47,26,7,4,13,19,5.0,1610612748,MIA,Miami Heat,107,36,83,0.434,13,36,0.361,22,25,0.88,9,33,42,29,7,2,13,19,-5.0
1610612746,LAC,LA Clippers,0022400898,2025-03-05,239,123,44,80,0.55,13,24,0.542,22,26,0.846,6,27,33,18,8,6,9,16,8.0,1610612765,DET,Detroit Pistons,115,45,86,0.523,11,35,0.314,14,19,0.737,5,29,34,27,5,2,12,20,-8.0
1610612743,DEN,Denver Nuggets,0022400896,2025-03-05,239,116,40,87,0.46,12,35,0.343,24,30,0.8,11,35,46,28,5,8,13,14,6.0,1610612758,SAC,Sacramento Kings,110,44,96,0.458,11,27,0.407,11,14,0.786,14,31,45,22,8,6,12,20,-6.0
1610612764,WAS,Washington Wizards,0022400894,2025-03-05,239,125,42,95,0.442,17,47,0.362,24,29,0.828,10,35,45,32,9,12,9,18,3.0,1610612762,UTA,Utah Jazz,122,47,101,0.465,14,40,0.35,14,20,0.7,17,41,58,21,5,3,14,19,-3.0
1612709902,SCW,Santa Cruz Warriors,2022400375,2025-03-05,239,98,33,87,0.379,13,44,0.295,11,18,0.611,11,33,44,24,11,2,19,20,-18.0,1612709927,WIS,Wisconsin Herd,116,42,87,0.483,14,35,0.4,12,16,0.75,12,38,50,22,10,5,20,19,18.0
1612709889,OKL,Oklahoma City Blue,2022400373,2025-03-05,240,117,43,91,0.473,12,35,0.343,11,14,0.786,14,41,55,24,8,8,12,21,15.0,1612709903,SLC,Salt Lake City Stars,102,34,91,0.374,14,43,0.326,13,16,0.813,11,32,43,27,7,5,14,24,-15.0
1610612766,CHA,Charlotte Hornets,0022400892,2025-03-05,240,110,42,95,0.442,12,42,0.286,14,18,0.778,20,37,57,26,3,2,13,18,-15.0,1610612750,MIN,Minnesota Timberwolves,125,44,90,0.489,21,49,0.429,16,22,0.727,10,33,43,27,9,3,5,17,15.0
1610612749,MIL,Milwaukee Bucks,0022400897,2025-03-05,241,137,52,89,0.584,16,35,0.457,17,19,0.895,8,47,55,29,6,4,17,9,30.0,1610612742,DAL,Dallas Mavericks,107,45,98,0.459,13,39,0.333,4,10,0.4,5,25,30,30,13,3,10,13,-30.0
1610612738,BOS,Boston Celtics,0022400891,2025-03-05,240,128,45,97,0.464,23,54,0.426,15,17,0.882,18,34,52,24,5,6,9,14,10.0,1610612757,POR,Portland Trail Blazers,118,45,90,0.5,16,40,0.4,12,17,0.706,8,31,39,19,4,3,8,16,-10.0
1612709908,RGV,Rio Grande Valley Vipers,2022400370,2025-03-04,240,124,47,89,0.528,16,38,0.421,11,15,0.733,14,28,42,33,13,6,19,18,5.0,1612709904,SXF,Sioux Falls Skyforce,119,48,89,0.539,13,36,0.361,6,10,0.6,11,27,38,25,11,1,20,16,-5.0
1612709910,IMA,Indiana Mad Ants,2022400368,2025-03-04,241,109,43,95,0.453,11,34,0.324,7,8,0.875,15,30,45,18,7,6,13,15,-5.0,1612709921,LIN,Long Island Nets,114,44,94,0.468,15,33,0.455,9,12,0.75,13,34,47,25,7,5,13,13,5.0
1610612737,ATL,Atlanta Hawks,0022400884,2025-03-04,240,121,46,101,0.455,16,41,0.39,13,17,0.765,11,36,47,33,10,6,11,21,-6.0,1610612749,MIL,Milwaukee Bucks,127,49,96,0.51,11,37,0.297,18,23,0.783,9,42,51,27,8,1,14,13,6.0
1610612759,SAS,San Antonio Spurs,0022400888,2025-03-04,240,127,52,95,0.547,18,39,0.462,5,10,0.5,13,33,46,37,9,4,13,15,14.0,1610612751,BKN,Brooklyn Nets,113,39,86,0.453,17,50,0.34,18,21,0.857,11,29,40,29,8,2,13,16,-14.0
1610612756,PHX,Phoenix Suns,0022400889,2025-03-04,241,119,41,80,0.513,14,34,0.412,23,27,0.852,7,30,37,31,5,3,11,20,2.0,1610612746,LAC,LA Clippers,117,43,83,0.518,8,30,0.267,23,27,0.852,7,30,37,29,8,3,6,22,-2.0
1612709890,AUS,Austin Spurs,2022400366,2025-03-04,240,103,40,94,0.426,13,46,0.283,6,9,0.667,13,31,44,20,9,12,14,27,-8.0,1612709919,WES,Westchester Knicks,111,35,83,0.422,11,35,0.314,20,26,0.769,13,38,51,18,8,7,16,18,8.0
1612709926,MHU,Memphis Hustle,2022400369,2025-03-04,239,108,40,99,0.404,12,45,0.267,9,11,0.818,15,33,48,26,9,5,10,19,-10.0,1612709905,SBL,South Bay Lakers,118,38,89,0.427,19,44,0.432,14,14,1.0,10,41,51,32,7,3,17,18,10.0
1610612747,LAL,Los Angeles Lakers,0022400890,2025-03-04,241,136,48,90,0.533,19,52,0.365,21,27,0.778,17,34,51,32,7,5,14,12,21.0,1610612740,NOP,New Orleans Pelicans,115,46,93,0.495,9,34,0.265,14,21,0.667,10,25,35,29,11,3,9,17,-21.0
1610612754,IND,Indiana Pacers,0022400882,2025-03-04,240,115,44,86,0.512,17,42,0.405,10,10,1.0,5,30,35,34,9,6,11,19,13.0,1610612745,HOU,Houston Rockets,102,40,98,0.408,9,30,0.3,13,26,0.5,24,34,58,22,6,0,14,14,-13.0
1610612753,ORL,Orlando Magic,0022400883,2025-03-04,240,113,40,83,0.482,15,36,0.417,18,23,0.783,7,28,35,28,12,5,14,27,-1.0,1610612761,TOR,Toronto Raptors,114,38,80,0.475,12,30,0.4,26,35,0.743,13,35,48,28,7,8,20,25,1.0
1612709914,STO,Stockton Kings,2022400371,2025-03-04,240,136,48,85,0.565,23,40,0.575,11,13,0.846,9,32,41,29,4,5,17,26,9.0,1612709934,VAL,Valley Suns,127,45,93,0.484,11,38,0.289,14,18,0.778,12,28,40,28,5,8,14,20,-9.0
1612709913,BHM,Birmingham Squadron,2022400367,2025-03-04,240,112,41,84,0.488,18,42,0.429,6,9,0.667,13,32,45,31,6,7,17,18,1.0,1612709909,DEL,Delaware Blue Coats,111,40,79,0.506,16,39,0.41,9,15,0.6,8,31,39,29,12,1,13,15,-1.0
1610612741,CHI,Chicago Bulls,0022400886,2025-03-04,239,117,47,106,0.443,11,44,0.25,12,17,0.706,10,40,50,32,6,6,7,21,-22.0,1610612739,CLE,Cleveland Cavaliers,139,46,98,0.469,17,48,0.354,30,33,0.909,11,42,53,27,4,4,8,14,22.0
1612709917,GRG,Grand Rapids Gold,2022400364,2025-03-04,240,111,34,93,0.366,10,40,0.25,18,19,0.947,19,34,53,24,6,2,14,17,-11.0,1612709915,MNE,Maine Celtics,122,47,90,0.522,11,35,0.314,11,14,0.786,8,38,46,18,8,8,12,20,11.0
1612709928,CCG,Capital City Go-Go,2022400365,2025-03-04,239,102,39,87,0.448,7,29,0.241,10,14,0.714,13,29,42,25,10,4,10,18,-9.0,1612709922,GBO,Greensboro Swarm,111,36,78,0.462,17,38,0.447,16,19,0.842,12,35,47,20,8,3,14,20,9.0
1610612752,NYK,New York Knicks,0022400885,2025-03-04,240,102,41,92,0.446,8,33,0.242,12,15,0.8,14,28,42,26,4,2,13,17,-12.0,1610612744,GSW,Golden State Warriors,114,43,88,0.489,13,37,0.351,15,19,0.789,9,35,44,30,7,7,11,14,12.0
1610612750,MIN,Minnesota Timberwolves,0022400887,2025-03-04,239,126,46,81,0.568,18,40,0.45,16,17,0.941,7,30,37,29,7,5,17,21,14.0,1610612755,PHI,Philadelphia 76ers,112,42,86,0.488,9,32,0.281,19,27,0.704,12,24,36,22,10,2,13,16,-14.0
1612709910,IMA,Indiana Mad Ants,2022400361,2025-03-03,240,122,49,91,0.538,9,27,0.333,11,15,0.733,13,42,55,36,14,8,22,21,10.0,1612709920,RAP,Raptors 905,112,38,97,0.392,13,43,0.302,15,19,0.789,12,30,42,22,14,5,18,22,-10.0
1610612766,CHA,Charlotte Hornets,0022400875,2025-03-03,240,101,34,86,0.395,11,40,0.275,22,33,0.667,8,39,47,20,3,6,17,19,-18.0,1610612744,GSW,Golden State Warriors,119,40,95,0.421,18,50,0.36,21,24,0.875,12,42,54,33,10,4,8,23,18.0
1610612762,UTA,Utah Jazz,0022400881,2025-03-03,241,106,35,82,0.427,10,33,0.303,26,32,0.813,9,32,41,19,7,1,27,23,-28.0,1610612765,DET,Detroit Pistons,134,51,92,0.554,11,41,0.268,21,28,0.75,8,31,39,32,16,8,13,23,28.0
1612709925,OSC,Osceola Magic,2022400363,2025-03-03,254,125,44,82,0.537,18,38,0.474,12,18,0.667,9,29,38,24,9,6,19,20,2.0,1612709923,WCB,Windy City Bulls,123,49,98,0.5,11,37,0.297,9,14,0.643,16,30,46,28,9,4,12,24,-2.0
1610612755,PHI,Philadelphia 76ers,0022400876,2025-03-03,239,102,41,95,0.432,11,35,0.314,9,13,0.692,14,29,43,27,6,3,8,15,-17.0,1610612757,POR,Portland Trail Blazers,119,48,99,0.485,11,35,0.314,12,19,0.632,22,39,61,26,6,6,10,13,17.0
1612709903,SLC,Salt Lake City Stars,2022400362,2025-03-03,240,130,45,95,0.474,18,50,0.36,15,19,0.789,20,32,52,30,7,6,17,21,3.0,1612709911,IWA,Iowa Wolves,127,43,93,0.462,15,34,0.441,15,17,0.882,11,27,38,22,13,5,13,23,-3.0
1610612748,MIA,Miami Heat,0022400877,2025-03-03,239,106,39,82,0.476,13,37,0.351,15,18,0.833,5,43,48,31,10,4,11,19,16.0,1610612764,WAS,Washington Wizards,90,31,84,0.369,10,35,0.286,18,22,0.818,7,36,43,22,8,0,13,17,-16.0
1610612763,MEM,Memphis Grizzlies,0022400878,2025-03-03,241,130,47,93,0.505,13,33,0.394,23,25,0.92,17,26,43,36,7,3,19,16,-2.0,1610612737,ATL,Atlanta Hawks,132,55,96,0.573,13,28,0.464,9,17,0.529,14,18,32,35,12,7,12,24,2.0
1610612760,OKC,Oklahoma City Thunder,0022400879,2025-03-03,240,137,48,97,0.495,17,37,0.459,24,27,0.889,14,35,49,31,11,6,13,18,9.0,1610612745,HOU,Houston Rockets,128,49,101,0.485,16,35,0.457,14,17,0.824,15,34,49,20,8,7,16,21,-9.0
1610612742,DAL,Dallas Mavericks,0022400880,2025-03-03,241,98,35,77,0.455,7,26,0.269,21,24,0.875,7,30,37,28,5,1,13,13,-24.0,1610612758,SAC,Sacramento Kings,122,47,90,0.522,16,34,0.471,12,12,1.0,9,28,37,34,4,4,7,16,24.0
1612709929,CPS,College Park Skyhawks,2022400355,2025-03-02,240,108,38,96,0.396,13,45,0.289,10,14,0.714,13,37,50,23,7,2,11,23,-18.0,1612709908,RGV,Rio Grande Valley Vipers,126,46,92,0.5,16,41,0.39,9,16,0.563,10,37,47,32,11,4,11,18,18.0
1610612754,IND,Indiana Pacers,0022400868,2025-03-02,240,127,48,87,0.552,19,44,0.432,12,18,0.667,5,31,36,34,7,4,10,16,15.0,1610612741,CHI,Chicago Bulls,112,44,88,0.5,10,33,0.303,14,18,0.778,12,30,42,24,6,4,12,17,-15.0
1610612748,MIA,Miami Heat,0022400869,2025-03-02,265,112,45,84,0.536,11,35,0.314,11,16,0.688,3,31,34,29,5,6,12,16,-4.0,1610612752,NYK,New York Knicks,116,46,95,0.484,14,44,0.318,10,15,0.667,11,35,46,27,5,6,10,16,4.0
1612709925,OSC,Osceola Magic,2022400356,2025-03-02,240,132,50,92,0.543,11,25,0.44,14,18,0.778,18,41,59,28,7,5,12,13,31.0,1612709923,WCB,Windy City Bulls,101,39,94,0.415,9,39,0.231,9,10,0.9,12,24,36,27,8,5,13,21,-31.0
1610612756,PHX,Phoenix Suns,0022400873,2025-03-02,242,98,35,80,0.438,13,42,0.31,15,19,0.789,10,47,57,24,2,7,20,16,-18.0,1610612750,MIN,Minnesota Timberwolves,116,39,92,0.424,21,52,0.404,17,21,0.81,5,30,35,28,18,2,8,17,18.0
1610612762,UTA,Utah Jazz,0022400872,2025-03-02,240,121,46,96,0.479,16,44,0.364,13,17,0.765,9,32,41,35,4,4,11,14,-7.0,1610612740,NOP,New Orleans Pelicans,128,53,102,0.52,15,44,0.341,7,13,0.538,13,35,48,35,8,5,11,15,7.0
1610612759,SAS,San Antonio Spurs,0022400871,2025-03-02,239,132,51,91,0.56,18,43,0.419,12,16,0.75,6,29,35,36,2,3,12,17,-14.0,1610612760,OKC,Oklahoma City Thunder,146,55,101,0.545,19,44,0.432,17,20,0.85,12,33,45,34,7,6,7,16,14.0
1612709924,SDC,San Diego Clippers,2022400360,2025-03-02,241,105,39,94,0.415,11,38,0.289,9,10,0.9,12,30,42,22,9,4,12,15,-15.0,1612709905,SBL,South Bay Lakers,120,43,86,0.5,16,44,0.364,10,12,0.833,13,35,48,31,9,7,13,18,15.0
1612709918,TEX,Texas Legends,2022400358,2025-03-02,241,122,47,81,0.58,4,20,0.2,15,20,0.75,9,29,38,25,8,10,20,28,4.0,1612709921,LIN,Long Island Nets,118,38,85,0.447,10,29,0.345,18,21,0.857,10,24,34,23,12,2,18,24,-4.0
1612709933,RCR,Rip City Remix,2022400359,2025-03-02,240,133,44,92,0.478,16,42,0.381,18,20,0.9,15,42,57,30,6,1,17,23,23.0,1612709931,MXC,Mexico City Capitanes,110,40,89,0.449,10,32,0.313,13,19,0.684,8,29,37,22,9,3,10,21,-23.0
1610612738,BOS,Boston Celtics,0022400866,2025-03-02,240,110,37,78,0.474,14,34,0.412,22,27,0.815,10,35,45,26,7,4,14,18,7.0,1610612743,DEN,Denver Nuggets,103,41,86,0.477,12,35,0.343,9,13,0.692,8,30,38,27,11,2,11,18,-7.0
1610612753,ORL,Orlando Magic,0022400870,2025-03-02,239,102,30,67,0.448,7,21,0.333,35,42,0.833,7,28,35,17,3,5,14,26,-2.0,1610612761,TOR,Toronto Raptors,104,37,80,0.463,7,22,0.318,23,30,0.767,12,28,40,22,8,4,14,33,2.0
1612709913,BHM,Birmingham Squadron,2022400357,2025-03-02,240,111,41,95,0.432,14,46,0.304,8,11,0.727,14,42,56,32,12,3,17,21,20.0,1612709909,DEL,Delaware Blue Coats,91,28,86,0.326,13,52,0.25,12,16,0.75,15,37,52,19,9,7,18,19,-20.0
1610612747,LAL,Los Angeles Lakers,0022400874,2025-03-02,240,108,38,77,0.494,18,42,0.429,14,20,0.7,11,30,41,21,8,6,16,16,6.0,1610612746,LAC,LA Clippers,102,38,88,0.432,12,39,0.308,14,17,0.824,10,30,40,24,9,1,12,22,-6.0
1610612739,CLE,Cleveland Cavaliers,0022400867,2025-03-02,265,133,42,97,0.433,19,46,0.413,30,35,0.857,13,34,47,27,12,5,13,27,4.0,1610612757,POR,Portland Trail Blazers,129,42,96,0.438,14,40,0.35,31,35,0.886,13,33,46,25,8,1,19,26,-4.0
1610612755,PHI,Philadelphia 76ers,0022400864,2025-03-01,242,126,45,85,0.529,19,33,0.576,17,28,0.607,10,30,40,27,8,3,14,19,7.0,1610612744,GSW,Golden State Warriors,119,46,100,0.46,12,42,0.286,15,19,0.789,18,31,49,33,7,4,15,19,-7.0
1612709922,GBO,Greensboro Swarm,2022400348,2025-03-01,240,114,39,88,0.443,9,30,0.3,16,19,0.842,7,39,46,22,9,7,14,16,17.0,1612709919,WES,Westchester Knicks,97,35,95,0.368,13,44,0.295,8,9,0.889,15,40,55,20,10,8,21,25,-17.0
1612709890,AUS,Austin Spurs,2022400349,2025-03-01,239,116,41,92,0.446,14,47,0.298,12,12,1.0,13,32,45,25,11,9,7,20,18.0,1612709889,OKL,Oklahoma City Blue,98,36,83,0.434,10,33,0.303,9,12,0.75,7,35,42,22,3,3,14,13,-18.0
1612709927,WIS,Wisconsin Herd,2022400350,2025-03-01,241,104,38,87,0.437,10,29,0.345,10,12,0.833,10,31,41,20,7,10,8,18,2.0,1612709920,RAP,Raptors 905,102,39,82,0.476,8,21,0.381,11,17,0.647,11,32,43,28,5,5,13,21,-2.0
1610612765,DET,Detroit Pistons,0022400861,2025-03-01,240,115,39,72,0.542,12,28,0.429,25,29,0.862,6,41,47,31,5,15,23,29,21.0,1610612751,BKN,Brooklyn Nets,94,29,95,0.305,6,39,0.154,30,35,0.857,14,24,38,19,12,8,12,24,-21.0
1610612766,CHA,Charlotte Hornets,0022400860,2025-03-01,239,100,41,93,0.441,14,42,0.333,4,6,0.667,11,33,44,28,9,5,17,14,-13.0,1610612764,WAS,Washington Wizards,113,40,88,0.455,17,50,0.34,16,17,0.941,12,36,48,33,13,7,15,10,13.0
1612709918,TEX,Texas Legends,2022400352,2025-03-01,241,103,40,86,0.465,10,32,0.313,7,9,0.778,9,34,43,25,3,14,17,19,-7.0,1612709921,LIN,Long Island Nets,110,39,107,0.364,11,49,0.224,12,16,0.75,28,33,61,25,10,5,10,14,7.0
1610612742,DAL,Dallas Mavericks,0022400865,2025-03-01,240,117,43,91,0.473,11,40,0.275,20,25,0.8,8,25,33,25,7,1,11,23,-15.0,1610612749,MIL,Milwaukee Bucks,132,44,87,0.506,13,39,0.333,31,35,0.886,14,38,52,33,6,6,13,19,15.0
1610612745,HOU,Houston Rockets,0022400862,2025-03-01,240,103,37,86,0.43,13,35,0.371,16,23,0.696,13,30,43,18,7,2,15,16,-10.0,1610612758,SAC,Sacramento Kings,113,44,87,0.506,9,28,0.321,16,21,0.762,13,33,46,21,13,5,13,17,10.0
1612709902,SCW,Santa Cruz Warriors,2022400354,2025-03-01,241,117,44,96,0.458,18,48,0.375,8,10,0.8,14,28,42,29,12,3,19,17,-8.0,1612709926,MHU,Memphis Hustle,125,47,94,0.5,15,37,0.405,11,15,0.733,17,30,47,29,7,7,16,12,8.0
1610612763,MEM,Memphis Grizzlies,0022400863,2025-03-01,240,128,50,95,0.526,11,38,0.289,17,20,0.85,12,29,41,31,7,8,12,16,-2.0,1610612759,SAS,San Antonio Spurs,130,50,96,0.521,14,36,0.389,16,22,0.727,13,29,42,33,8,4,11,18,2.0
1612709924,SDC,San Diego Clippers,2022400353,2025-03-01,241,118,40,93,0.43,15,45,0.333,13,16,0.813,15,28,43,25,14,3,13,31,15.0,1612709910,IMA,Indiana Mad Ants,103,29,65,0.446,7,27,0.259,23,29,0.793,7,35,42,12,8,3,25,23,-15.0
1612709914,STO,Stockton Kings,2022400351,2025-03-01,238,117,44,82,0.537,14,38,0.368,9,15,0.6,11,38,49,32,11,7,18,20,19.0,1612709904,SXF,Sioux Falls Skyforce,98,35,92,0.38,6,30,0.2,15,18,0.833,16,28,44,20,10,2,13,19,-19.0
1610612738,BOS,Boston Celtics,0022400852,2025-02-28,240,116,43,89,0.483,17,39,0.436,13,17,0.765,14,26,40,20,5,5,11,19,-7.0,1610612739,CLE,Cleveland Cavaliers,123,45,94,0.479,17,39,0.436,16,19,0.842,14,30,44,23,4,3,7,14,7.0
1610612737,ATL,Atlanta Hawks,0022400851,2025-02-28,240,119,43,88,0.489,15,36,0.417,18,23,0.783,10,36,46,27,8,5,19,14,-16.0,1610612760,OKC,Oklahoma City Thunder,135,51,101,0.505,23,50,0.46,10,12,0.833,9,34,43,37,10,1,11,18,16.0
1612709902,SCW,Santa Cruz Warriors,2022400347,2025-02-28,240,109,39,92,0.424,17,40,0.425,9,14,0.643,12,38,50,29,7,4,15,20,-6.0,1612709926,MHU,Memphis Hustle,115,45,101,0.446,12,41,0.293,8,14,0.571,20,40,60,28,6,2,9,16,6.0
1612709927,WIS,Wisconsin Herd,2022400344,2025-02-28,240,118,44,85,0.518,15,31,0.484,9,12,0.75,9,32,41,33,3,7,13,18,14.0,1612709920,RAP,Raptors 905,104,40,79,0.506,8,30,0.267,8,13,0.615,6,30,36,26,5,2,11,22,-14.0
1612709934,VAL,Valley Suns,2022400346,2025-02-28,241,114,40,88,0.455,18,48,0.375,9,19,0.474,4,38,42,25,7,8,13,22,4.0,1612709933,RCR,Rip City Remix,110,42,88,0.477,11,35,0.314,8,15,0.533,10,43,53,21,5,6,15,27,-4.0
1610612756,PHX,Phoenix Suns,0022400857,2025-02-28,241,125,47,79,0.595,21,40,0.525,10,13,0.769,5,30,35,35,6,3,15,18,17.0,1610612740,NOP,New Orleans Pelicans,108,44,87,0.506,11,28,0.393,9,15,0.6,13,22,35,28,10,3,14,13,-17.0
1612709911,IWA,Iowa Wolves,2022400343,2025-02-28,239,101,38,101,0.376,13,50,0.26,7,13,0.538,18,22,40,21,12,6,12,18,-24.0,1612709925,OSC,Osceola Magic,125,49,101,0.485,14,39,0.359,8,9,0.889,28,41,69,29,7,9,20,16,24.0
1610612747,LAL,Los Angeles Lakers,0022400859,2025-02-28,240,106,39,80,0.488,11,33,0.333,17,22,0.773,10,29,39,19,14,5,15,14,4.0,1610612746,LAC,LA Clippers,102,39,87,0.448,9,37,0.243,15,21,0.714,15,29,44,25,11,1,17,19,-4.0
1612709903,SLC,Salt Lake City Stars,2022400345,2025-02-28,239,123,41,83,0.494,13,38,0.342,17,23,0.739,10,35,45,32,12,4,10,18,9.0,1612709905,SBL,South Bay Lakers,114,43,100,0.43,18,52,0.346,6,10,0.6,16,32,48,29,7,6,14,25,-9.0
1612709929,CPS,College Park Skyhawks,2022400340,2025-02-28,240,87,31,86,0.36,9,42,0.214,11,13,0.846,10,36,46,20,8,1,17,30,-13.0,1612709908,RGV,Rio Grande Valley Vipers,100,31,75,0.413,8,32,0.25,16,24,0.667,14,43,57,20,8,5,18,19,13.0
1610612751,BKN,Brooklyn Nets,0022400853,2025-02-28,238,102,36,87,0.414,7,29,0.241,23,27,0.852,21,24,45,20,13,2,21,23,-19.0,1610612757,POR,Portland Trail Blazers,121,45,78,0.577,15,36,0.417,16,27,0.593,9,27,36,31,11,4,20,20,19.0
1610612762,UTA,Utah Jazz,0022400858,2025-02-28,241,117,47,92,0.511,14,35,0.4,9,14,0.643,15,45,60,35,3,4,20,13,1.0,1610612750,MIN,Minnesota Timberwolves,116,44,101,0.436,20,52,0.385,8,14,0.571,11,29,40,35,17,4,7,13,-1.0
1612709922,GBO,Greensboro Swarm,2022400342,2025-02-28,240,132,47,90,0.522,16,32,0.5,13,14,0.929,15,41,56,31,6,4,13,19,29.0,1612709919,WES,Westchester Knicks,103,37,91,0.407,15,45,0.333,7,11,0.636,10,25,35,21,10,8,13,15,-29.0
1610612741,CHI,Chicago Bulls,0022400855,2025-02-28,264,125,45,101,0.446,13,49,0.265,22,25,0.88,10,35,45,32,11,4,11,16,10.0,1610612761,TOR,Toronto Raptors,115,43,103,0.417,13,37,0.351,16,20,0.8,16,35,51,30,4,3,14,21,-10.0
1610612748,MIA,Miami Heat,0022400854,2025-02-28,240,125,48,84,0.571,17,32,0.531,12,13,0.923,12,27,39,34,7,4,14,11,5.0,1610612754,IND,Indiana Pacers,120,47,88,0.534,21,39,0.538,5,8,0.625,9,21,30,35,10,3,10,11,-5.0
1610612765,DET,Detroit Pistons,0022400850,2025-02-28,240,119,45,99,0.455,12,37,0.324,17,23,0.739,14,28,42,32,15,3,10,22,-15.0,1610612743,DEN,Denver Nuggets,134,47,84,0.56,17,31,0.548,23,31,0.742,10,40,50,28,5,8,19,18,15.0
1610612763,MEM,Memphis Grizzlies,0022400856,2025-02-28,240,113,44,94,0.468,4,31,0.129,21,22,0.955,19,39,58,26,2,4,18,17,-1.0,1610612752,NYK,New York Knicks,114,44,95,0.463,13,38,0.342,13,16,0.813,8,27,35,29,10,7,8,16,1.0
1612709917,GRG,Grand Rapids Gold,2022400341,2025-02-28,257,123,48,99,0.485,16,42,0.381,7,12,0.583,18,33,51,29,12,6,11,19,8.0,1612709893,CLC,Cleveland Charge,115,42,93,0.452,14,39,0.359,10,12,0.833,15,34,49,21,4,3,13,15,-8.0
1610612753,ORL,Orlando Magic,0022400845,2025-02-27,240,115,45,89,0.506,11,28,0.393,14,18,0.778,15,31,46,23,9,4,18,25,-6.0,1610612744,GSW,Golden State Warriors,121,36,79,0.456,19,45,0.422,30,34,0.882,11,27,38,26,8,7,12,18,6.0
1610612749,MIL,Milwaukee Bucks,0022400846,2025-02-27,240,121,42,90,0.467,14,34,0.412,23,28,0.821,7,41,48,25,8,4,11,11,9.0,1610612743,DEN,Denver Nuggets,112,47,105,0.448,9,34,0.265,9,11,0.818,14,41,55,28,8,2,13,17,-9.0
1610612756,PHX,Phoenix Suns,0022400848,2025-02-27,242,116,44,94,0.468,20,53,0.377,8,10,0.8,14,38,52,29,4,6,10,15,-8.0,1610612740,NOP,New Orleans Pelicans,124,50,104,0.481,17,47,0.362,7,12,0.583,16,34,50,25,3,6,6,12,8.0
1612709890,AUS,Austin Spurs,2022400336,2025-02-27,241,124,51,93,0.548,14,43,0.326,5,11,0.455,10,30,40,23,9,7,12,18,3.0,1612709921,LIN,Long Island Nets,121,46,87,0.529,14,29,0.483,8,13,0.615,6,26,32,26,10,2,12,15,-3.0
1612709923,WCB,Windy City Bulls,2022400338,2025-02-27,240,102,42,101,0.416,12,37,0.324,4,6,0.667,17,35,52,29,10,11,15,18,2.0,1612709913,BHM,Birmingham Squadron,100,35,82,0.427,10,28,0.357,13,16,0.813,10,34,44,25,8,14,20,12,-2.0
1610612742,DAL,Dallas Mavericks,0022400847,2025-02-27,240,103,40,97,0.412,11,36,0.306,12,16,0.75,10,38,48,23,12,7,7,11,7.0,1610612766,CHA,Charlotte Hornets,96,40,98,0.408,7,27,0.259,9,13,0.692,14,42,56,25,3,2,15,16,-7.0
1610612747,LAL,Los Angeles Lakers,0022400849,2025-02-27,240,111,34,82,0.415,11,41,0.268,32,46,0.696,16,36,52,21,7,2,12,18,9.0,1610612750,MIN,Minnesota Timberwolves,102,35,84,0.417,12,41,0.293,20,26,0.769,10,31,41,25,9,3,10,29,-9.0
1612709924,SDC,San Diego Clippers,2022400339,2025-02-27,240,110,38,87,0.437,8,31,0.258,16,19,0.842,14,42,56,16,8,9,10,15,10.0,1612709910,IMA,Indiana Mad Ants,100,37,88,0.42,15,35,0.429,5,7,0.714,8,33,41,26,2,5,11,19,-10.0
1612709904,SXF,Sioux Falls Skyforce,2022400337,2025-02-27,239,125,47,89,0.528,11,26,0.423,12,16,0.75,21,34,55,25,4,8,12,12,18.0,1612709918,TEX,Texas Legends,107,44,93,0.473,12,32,0.375,5,6,0.833,9,19,28,31,10,10,7,17,-18.0
1610612745,HOU,Houston Rockets,0022400844,2025-02-26,241,118,48,102,0.471,11,38,0.289,11,14,0.786,20,40,60,22,4,5,14,14,12.0,1610612759,SAS,San Antonio Spurs,106,42,100,0.42,7,39,0.179,15,21,0.714,12,29,41,28,10,5,8,14,-12.0
1610612751,BKN,Brooklyn Nets,0022400840,2025-02-26,240,121,38,93,0.409,23,61,0.377,22,25,0.88,18,28,46,31,7,5,14,25,-8.0,1610612760,OKC,Oklahoma City Thunder,129,48,90,0.533,9,30,0.3,24,29,0.828,11,34,45,27,10,4,11,21,8.0
1610612764,WAS,Washington Wizards,0022400839,2025-02-26,239,121,43,83,0.518,12,36,0.333,23,33,0.697,7,34,41,25,9,8,19,26,-8.0,1610612757,POR,Portland Trail Blazers,129,45,101,0.446,12,37,0.324,27,35,0.771,17,29,46,27,11,4,15,28,8.0
1610612741,CHI,Chicago Bulls,0022400842,2025-02-26,240,117,46,94,0.489,19,42,0.452,6,11,0.545,15,26,41,35,9,1,16,12,-5.0,1610612746,LAC,LA Clippers,122,44,85,0.518,19,37,0.514,15,17,0.882,11,33,44,33,9,10,15,16,5.0
1610612754,IND,Indiana Pacers,0022400837,2025-02-26,242,111,43,81,0.531,15,37,0.405,10,16,0.625,4,37,41,28,10,7,19,18,20.0,1610612761,TOR,Toronto Raptors,91,37,87,0.425,6,27,0.222,11,16,0.688,11,29,40,23,8,2,18,15,-20.0
1612709889,OKL,Oklahoma City Blue,2022400331,2025-02-26,254,123,40,94,0.426,14,40,0.35,18,23,0.783,14,43,57,23,7,8,20,28,4.0,1612709920,RAP,Raptors 905,119,44,110,0.4,11,37,0.297,11,16,0.688,19,36,55,31,10,6,14,24,-4.0
1612709914,STO,Stockton Kings,2022400333,2025-02-26,241,120,40,84,0.476,11,39,0.282,17,20,0.85,13,46,59,22,9,5,21,17,12.0,1612709926,MHU,Memphis Hustle,108,41,100,0.41,16,44,0.364,5,10,0.5,15,29,44,31,12,2,11,25,-12.0
1610612765,DET,Detroit Pistons,0022400836,2025-02-26,243,117,47,89,0.528,13,33,0.394,10,17,0.588,14,37,51,29,13,5,12,16,20.0,1610612738,BOS,Boston Celtics,97,33,80,0.413,21,49,0.429,10,15,0.667,7,25,32,21,9,1,17,15,-20.0
1612709909,DEL,Delaware Blue Coats,2022400334,2025-02-26,253,124,44,85,0.518,15,38,0.395,12,17,0.706,10,38,48,27,13,7,18,16,3.0,1612709908,RGV,Rio Grande Valley Vipers,121,48,101,0.475,14,51,0.275,9,12,0.75,10,33,43,31,10,5,16,21,-3.0
1610612762,UTA,Utah Jazz,0022400843,2025-02-26,240,101,38,84,0.452,16,44,0.364,9,17,0.529,7,27,34,32,9,2,9,13,-17.0,1610612758,SAC,Sacramento Kings,118,46,87,0.529,15,36,0.417,11,12,0.917,7,40,47,28,6,7,12,13,17.0
1612709928,CCG,Capital City Go-Go,2022400332,2025-02-26,240,101,39,93,0.419,12,38,0.316,7,13,0.538,13,32,45,23,5,8,13,27,-7.0,1612709922,GBO,Greensboro Swarm,108,36,81,0.444,4,26,0.154,21,25,0.84,10,41,51,21,9,6,12,21,7.0
1612709903,SLC,Salt Lake City Stars,2022400335,2025-02-26,240,130,47,95,0.495,16,41,0.39,11,14,0.786,11,38,49,27,6,2,10,17,13.0,1612709929,CPS,College Park Skyhawks,117,39,85,0.459,22,47,0.468,9,12,0.75,7,30,37,26,5,8,13,24,-13.0
1610612748,MIA,Miami Heat,0022400841,2025-02-26,240,131,45,76,0.592,23,42,0.548,18,22,0.818,8,27,35,39,10,2,14,13,22.0,1610612737,ATL,Atlanta Hawks,109,41,81,0.506,12,32,0.375,15,19,0.789,9,24,33,29,6,3,15,15,-22.0
1610612752,NYK,New York Knicks,0022400838,2025-02-26,239,110,40,77,0.519,7,19,0.368,23,29,0.793,7,36,43,22,6,8,16,15,5.0,1610612755,PHI,Philadelphia 76ers,105,39,88,0.443,11,34,0.324,16,20,0.8,9,26,35,21,13,6,13,19,-5.0
1610612747,LAL,Los Angeles Lakers,0022400835,2025-02-25,239,107,39,87,0.448,11,40,0.275,18,24,0.75,13,44,57,24,7,8,14,13,8.0,1610612742,DAL,Dallas Mavericks,99,35,98,0.357,17,44,0.386,12,13,0.923,14,31,45,23,7,11,12,14,-8.0
1610612745,HOU,Houston Rockets,0022400831,2025-02-25,240,100,37,91,0.407,12,35,0.343,14,18,0.778,16,37,53,18,6,9,15,17,3.0,1610612749,MIL,Milwaukee Bucks,97,34,85,0.4,12,37,0.324,17,23,0.739,4,33,37,19,11,5,13,13,-3.0
1612709919,WES,Westchester Knicks,2022400327,2025-02-25,241,117,45,102,0.441,12,47,0.255,10,12,0.833,14,40,54,30,13,10,15,13,-2.0,1612709921,LIN,Long Island Nets,119,50,105,0.476,11,32,0.344,6,7,0.857,14,38,52,27,9,2,16,13,2.0
1610612740,NOP,New Orleans Pelicans,0022400833,2025-02-25,240,109,41,94,0.436,7,31,0.226,20,25,0.8,20,34,54,25,11,6,19,17,6.0,1610612759,SAS,San Antonio Spurs,103,38,93,0.409,13,44,0.295,14,18,0.778,13,32,45,29,14,4,20,19,-6.0
1612709934,VAL,Valley Suns,2022400011,2025-02-25,240,135,46,87,0.529,14,34,0.412,16,22,0.727,10,35,45,31,12,4,14,25,26.0,1612709933,RCR,Rip City Remix,109,40,93,0.43,11,42,0.262,11,18,0.611,17,30,47,24,8,3,19,25,-26.0
1612709927,WIS,Wisconsin Herd,2022400328,2025-02-25,241,104,43,90,0.478,14,35,0.4,3,6,0.5,11,28,39,25,7,7,13,17,-2.0,1612709923,WCB,Windy City Bulls,106,39,83,0.47,9,26,0.346,13,15,0.867,9,35,44,26,11,6,16,17,2.0
1610612763,MEM,Memphis Grizzlies,0022400832,2025-02-25,265,151,52,99,0.525,20,48,0.417,27,30,0.9,7,31,38,36,10,4,12,22,3.0,1610612756,PHX,Phoenix Suns,148,53,99,0.535,21,37,0.568,21,26,0.808,8,38,46,39,6,6,16,25,-3.0
1612709931,MXC,Mexico City Capitanes,2022400330,2025-02-25,241,88,31,80,0.388,11,33,0.333,8,19,0.421,7,24,31,17,10,4,10,22,-27.0,1612709890,AUS,Austin Spurs,115,39,79,0.494,20,37,0.541,10,15,0.667,10,48,58,23,3,6,19,23,27.0
1612709904,SXF,Sioux Falls Skyforce,2022400329,2025-02-25,241,114,40,89,0.449,13,34,0.382,14,17,0.824,13,34,47,25,17,5,19,15,7.0,1612709918,TEX,Texas Legends,107,38,81,0.469,12,33,0.364,11,14,0.786,7,34,41,23,11,14,22,17,-7.0
1610612744,GSW,Golden State Warriors,0022400834,2025-02-25,241,128,49,100,0.49,15,42,0.357,15,18,0.833,16,35,51,40,16,5,11,20,36.0,1610612766,CHA,Charlotte Hornets,92,33,89,0.371,11,40,0.275,15,18,0.833,18,32,50,18,7,8,24,15,-36.0
1610612761,TOR,Toronto Raptors,0022400829,2025-02-25,240,101,42,83,0.506,5,33,0.152,12,16,0.75,10,30,40,27,10,1,16,14,-10.0,1610612738,BOS,Boston Celtics,111,44,93,0.473,15,51,0.294,8,8,1.0,12,27,39,24,9,4,14,16,10.0
1612709917,GRG,Grand Rapids Gold,2022400325,2025-02-25,240,103,39,89,0.438,17,45,0.378,5,6,0.833,19,31,50,27,7,5,18,14,-14.0,1612709893,CLC,Cleveland Charge,117,47,91,0.516,16,39,0.41,4,7,0.571,9,27,36,23,10,4,11,10,14.0
1610612753,ORL,Orlando Magic,0022400830,2025-02-25,240,82,33,90,0.367,5,28,0.179,11,14,0.786,12,23,35,21,7,8,10,14,-40.0,1610612739,CLE,Cleveland Cavaliers,122,45,80,0.563,19,32,0.594,13,16,0.813,9,38,47,25,5,5,11,13,40.0
1612709932,MCC,Motor City Cruise,2022400326,2025-02-25,240,104,38,84,0.452,14,35,0.4,7,14,0.5,12,24,36,26,17,4,19,18,-3.0,1612709915,MNE,Maine Celtics,107,43,81,0.531,9,33,0.273,7,8,0.875,10,33,43,19,11,3,27,22,3.0
1610612758,SAC,Sacramento Kings,0022400828,2025-02-24,240,130,47,87,0.54,20,38,0.526,16,18,0.889,11,38,49,30,12,4,18,18,42.0,1610612766,CHA,Charlotte Hornets,88,30,85,0.353,10,40,0.25,18,24,0.75,15,22,37,24,14,4,19,16,-42.0
1610612762,UTA,Utah Jazz,0022400827,2025-02-24,240,112,39,98,0.398,18,44,0.409,16,19,0.842,11,34,45,24,7,2,15,18,-2.0,1610612757,POR,Portland Trail Blazers,114,41,98,0.418,14,44,0.318,18,24,0.75,16,35,51,26,7,6,13,16,2.0
1612709911,IWA,Iowa Wolves,2022400323,2025-02-24,241,116,47,91,0.516,12,31,0.387,6,10,0.6,11,32,43,28,3,4,18,20,-7.0,1612709924,SDC,San Diego Clippers,123,45,90,0.5,9,37,0.243,16,19,0.842,11,30,41,29,9,8,10,18,7.0
1612709903,SLC,Salt Lake City Stars,2022400324,2025-02-24,241,119,41,93,0.441,18,41,0.439,11,14,0.786,14,39,53,28,8,3,15,21,23.0,1612709929,CPS,College Park Skyhawks,96,39,95,0.411,4,32,0.125,9,12,0.75,13,33,46,20,6,5,15,22,-23.0
1612709917,GRG,Grand Rapids Gold,2022400322,2025-02-24,240,121,44,95,0.463,15,41,0.366,11,12,0.917,13,40,53,32,3,8,14,14,4.0,1612709909,DEL,Delaware Blue Coats,117,43,96,0.448,13,39,0.333,11,13,0.846,10,31,41,26,9,7,5,17,-4.0
1610612764,WAS,Washington Wizards,0022400824,2025-02-24,239,107,35,70,0.5,13,31,0.419,24,25,0.96,7,30,37,26,7,8,24,26,8.0,1610612751,BKN,Brooklyn Nets,99,33,84,0.393,14,36,0.389,19,24,0.792,16,23,39,25,16,4,15,28,-8.0
1610612760,OKC,Oklahoma City Thunder,0022400826,2025-02-24,264,128,45,106,0.425,15,49,0.306,23,29,0.793,16,37,53,27,10,8,11,30,-3.0,1610612750,MIN,Minnesota Timberwolves,131,44,97,0.454,9,32,0.281,34,39,0.872,11,43,54,29,6,5,13,23,3.0
1610612765,DET,Detroit Pistons,0022400821,2025-02-24,241,106,36,79,0.456,9,29,0.31,25,36,0.694,8,38,46,22,11,7,15,18,9.0,1610612746,LAC,LA Clippers,97,37,92,0.402,11,41,0.268,12,19,0.632,15,33,48,24,12,3,17,24,-9.0
1610612755,PHI,Philadelphia 76ers,0022400823,2025-02-24,241,110,37,95,0.389,10,40,0.25,26,29,0.897,15,32,47,19,11,5,16,23,-32.0,1610612741,CHI,Chicago Bulls,142,45,89,0.506,18,40,0.45,34,36,0.944,10,34,44,32,11,6,13,19,32.0
1610612754,IND,Indiana Pacers,0022400822,2025-02-24,239,116,40,85,0.471,14,43,0.326,22,27,0.815,8,24,32,29,11,3,17,14,-9.0,1610612743,DEN,Denver Nuggets,125,53,94,0.564,8,21,0.381,11,14,0.786,14,32,46,39,8,4,19,21,9.0
1610612737,ATL,Atlanta Hawks,0022400825,2025-02-24,240,98,40,88,0.455,9,35,0.257,9,12,0.75,13,37,50,29,13,2,16,22,12.0,1610612748,MIA,Miami Heat,86,27,84,0.321,7,40,0.175,25,27,0.926,14,31,45,15,8,4,17,9,-12.0
1612709910,IMA,Indiana Mad Ants,2022400321,2025-02-24,241,121,50,91,0.549,9,31,0.29,7,10,0.7,13,42,55,35,6,4,16,14,28.0,1612709922,GBO,Greensboro Swarm,93,37,94,0.394,9,30,0.3,6,9,0.667,12,26,38,19,7,3,9,14,-28.0
1612709921,LIN,Long Island Nets,2022400316,2025-02-23,241,121,42,94,0.447,17,44,0.386,12,17,0.706,9,35,44,26,6,4,13,27,2.0,1612709925,OSC,Osceola Magic,119,41,92,0.446,9,35,0.257,16,18,0.889,10,40,50,23,6,13,12,22,-2.0
1610612754,IND,Indiana Pacers,0022400813,2025-02-23,241,129,46,84,0.548,12,36,0.333,25,27,0.926,8,38,46,31,7,5,12,24,18.0,1610612746,LAC,LA Clippers,111,38,85,0.447,10,40,0.25,25,33,0.758,6,26,32,23,9,3,10,18,-18.0
1612709911,IWA,Iowa Wolves,2022400318,2025-02-23,240,108,38,82,0.463,12,35,0.343,13,17,0.765,14,32,46,22,8,5,22,17,-9.0,1612709924,SDC,San Diego Clippers,117,44,88,0.5,12,41,0.293,12,15,0.8,12,29,41,27,16,4,17,20,9.0
1610612753,ORL,Orlando Magic,0022400815,2025-02-23,241,110,40,90,0.444,11,32,0.344,19,22,0.864,14,33,47,25,9,5,13,23,20.0,1610612764,WAS,Washington Wizards,90,32,78,0.41,10,38,0.263,16,22,0.727,4,32,36,22,5,4,20,23,-20.0
1610612739,CLE,Cleveland Cavaliers,0022400819,2025-02-23,240,129,46,99,0.465,13,47,0.277,24,35,0.686,22,35,57,25,5,5,14,25,6.0,1610612763,MEM,Memphis Grizzlies,123,42,92,0.457,15,39,0.385,24,31,0.774,12,25,37,28,8,5,13,26,-6.0
1610612761,TOR,Toronto Raptors,0022400816,2025-02-23,240,127,43,88,0.489,20,35,0.571,21,30,0.7,14,35,49,30,6,1,14,23,18.0,1610612756,PHX,Phoenix Suns,109,43,85,0.506,7,28,0.25,16,22,0.727,4,33,37,22,9,7,11,19,-18.0
1612709923,WCB,Windy City Bulls,2022400317,2025-02-23,241,121,42,79,0.532,11,27,0.407,17,18,0.944,13,32,45,28,7,6,19,20,17.0,1612709928,CCG,Capital City Go-Go,104,39,84,0.464,11,30,0.367,7,11,0.636,8,22,30,29,12,6,13,22,-17.0
1610612740,NOP,New Orleans Pelicans,0022400818,2025-02-23,242,114,42,94,0.447,11,33,0.333,19,26,0.731,17,52,69,27,3,3,16,19,18.0,1610612759,SAS,San Antonio Spurs,96,32,97,0.33,15,51,0.294,17,25,0.68,13,33,46,29,11,7,10,19,-18.0
1612709926,MHU,Memphis Hustle,2022400319,2025-02-23,240,115,38,88,0.432,18,46,0.391,13,17,0.765,15,27,42,28,14,5,15,20,8.0,1612709915,MNE,Maine Celtics,107,40,91,0.44,6,36,0.167,12,17,0.706,19,35,54,20,9,8,20,19,-8.0
1612709918,TEX,Texas Legends,2022400320,2025-02-23,240,98,39,90,0.433,13,34,0.382,5,10,0.5,15,30,45,22,16,8,14,13,11.0,1612709933,RCR,Rip City Remix,87,38,89,0.427,8,35,0.229,2,8,0.25,19,33,52,29,6,8,21,14,-11.0
1610612738,BOS,Boston Celtics,0022400811,2025-02-23,242,118,45,91,0.495,17,44,0.386,11,11,1.0,12,37,49,27,8,5,10,14,13.0,1610612752,NYK,New York Knicks,105,40,92,0.435,14,36,0.389,11,11,1.0,7,33,40,21,4,1,11,15,-13.0
1610612737,ATL,Atlanta Hawks,0022400814,2025-02-23,240,143,48,96,0.5,21,45,0.467,26,36,0.722,10,30,40,30,8,6,13,21,-5.0,1610612765,DET,Detroit Pistons,148,55,93,0.591,20,40,0.5,18,25,0.72,5,32,37,39,9,5,17,23,5.0
1610612744,GSW,Golden State Warriors,0022400812,2025-02-23,240,126,47,98,0.48,12,40,0.3,20,23,0.87,17,37,54,30,10,6,10,17,24.0,1610612742,DAL,Dallas Mavericks,102,38,82,0.463,13,32,0.406,13,19,0.684,7,34,41,24,7,4,18,22,-24.0
1610612750,MIN,Minnesota Timberwolves,0022400820,2025-02-23,241,123,39,89,0.438,18,45,0.4,27,28,0.964,15,29,44,23,6,5,13,22,-7.0,1610612760,OKC,Oklahoma City Thunder,130,48,86,0.558,19,35,0.543,15,20,0.75,7,30,37,32,9,8,13,22,7.0
1610612749,MIL,Milwaukee Bucks,0022400817,2025-02-23,241,120,44,86,0.512,14,39,0.359,18,22,0.818,8,32,40,25,4,3,9,23,7.0,1610612748,MIA,Miami Heat,113,41,88,0.466,9,31,0.29,22,26,0.846,10,36,46,25,3,3,9,22,-7.0
1612709893,CLC,Cleveland Charge,2022400315,2025-02-23,240,95,33,75,0.44,13,37,0.351,10,15,0.667,9,34,43,26,9,6,21,20,-11.0,1612709913,BHM,Birmingham Squadron,106,40,90,0.444,13,40,0.325,7,12,0.583,14,30,44,20,17,2,12,18,11.0
1610612762,UTA,Utah Jazz,0022400809,2025-02-22,240,124,49,98,0.5,13,40,0.325,13,27,0.481,16,42,58,28,4,3,8,18,9.0,1610612745,HOU,Houston Rockets,115,44,100,0.44,17,43,0.395,10,18,0.556,8,33,41,33,3,2,7,17,-9.0
1612709926,MHU,Memphis Hustle,2022400310,2025-02-22,240,136,48,88,0.545,17,39,0.436,14,17,0.824,8,29,37,34,13,4,17,23,16.0,1612709908,RGV,Rio Grande Valley Vipers,120,42,86,0.488,16,50,0.32,11,18,0.611,12,22,34,24,14,6,20,25,-16.0
1610612741,CHI,Chicago Bulls,0022400806,2025-02-22,239,117,41,98,0.418,18,53,0.34,17,17,1.0,11,34,45,29,9,4,9,21,-4.0,1610612756,PHX,Phoenix Suns,121,43,89,0.483,10,30,0.333,25,28,0.893,8,41,49,29,7,3,11,11,4.0
1612709927,WIS,Wisconsin Herd,2022400311,2025-02-22,240,91,30,83,0.361,8,31,0.258,12,16,0.75,10,22,32,15,11,7,14,18,-36.0,1612709932,MCC,Motor City Cruise,127,42,77,0.545,17,33,0.515,17,19,0.895,10,37,47,25,8,12,21,25,36.0
1612709923,WCB,Windy City Bulls,2022400307,2025-02-22,240,107,39,94,0.415,11,33,0.333,10,18,0.556,24,32,56,27,7,11,17,16,-21.0,1612709928,CCG,Capital City Go-Go,128,47,84,0.56,18,33,0.545,10,13,0.769,6,33,39,30,10,10,14,21,21.0
1610612743,DEN,Denver Nuggets,0022400808,2025-02-22,238,100,34,85,0.4,16,41,0.39,16,21,0.762,12,33,45,28,6,1,20,18,-23.0,1610612747,LAL,Los Angeles Lakers,123,43,86,0.5,16,41,0.39,21,25,0.84,9,30,39,27,15,9,8,20,23.0
1612709918,TEX,Texas Legends,2022400313,2025-02-22,240,96,36,89,0.404,8,30,0.267,8,8,1.0,15,32,47,23,8,7,22,24,-24.0,1612709933,RCR,Rip City Remix,120,44,92,0.478,11,36,0.306,12,18,0.667,11,35,46,25,12,8,11,15,24.0
1612709902,SCW,Santa Cruz Warriors,2022400314,2025-02-22,240,125,44,91,0.484,17,44,0.386,12,17,0.706,9,33,42,22,7,3,15,22,-9.0,1612709889,OKL,Oklahoma City Blue,134,50,90,0.556,12,31,0.387,15,21,0.714,6,38,44,34,7,2,10,23,9.0
1612709917,GRG,Grand Rapids Gold,2022400308,2025-02-22,240,99,33,88,0.375,12,39,0.308,12,18,0.667,15,39,54,18,6,1,14,24,-20.0,1612709909,DEL,Delaware Blue Coats,119,38,89,0.427,19,46,0.413,15,21,0.714,11,41,52,28,6,4,10,22,20.0
1612709922,GBO,Greensboro Swarm,2022400309,2025-02-22,241,89,35,83,0.422,5,25,0.2,11,19,0.579,18,31,49,15,12,4,14,20,18.0,1612709931,MXC,Mexico City Capitanes,71,26,69,0.377,8,27,0.296,6,13,0.462,10,30,40,14,8,8,21,27,-18.0
1612709905,SBL,South Bay Lakers,2022400312,2025-02-22,240,118,42,86,0.488,13,36,0.361,14,17,0.824,10,42,52,28,4,2,11,20,20.0,1612709934,VAL,Valley Suns,98,36,93,0.387,9,44,0.205,10,14,0.714,11,35,46,19,3,3,11,21,-20.0
1610612757,POR,Portland Trail Blazers,0022400810,2025-02-22,240,141,51,87,0.586,20,43,0.465,19,27,0.704,11,46,57,37,11,7,18,22,53.0,1610612766,CHA,Charlotte Hornets,88,34,98,0.347,5,32,0.156,15,21,0.714,12,25,37,19,12,7,15,21,-53.0
1612709893,CLC,Cleveland Charge,2022400306,2025-02-22,241,100,35,89,0.393,12,41,0.293,10,18,0.556,18,32,50,20,7,5,12,19,-4.0,1612709913,BHM,Birmingham Squadron,104,37,88,0.42,18,46,0.391,9,14,0.643,10,33,43,25,6,8,13,23,4.0
1610612755,PHI,Philadelphia 76ers,0022400807,2025-02-22,241,103,36,85,0.424,10,39,0.256,21,24,0.875,15,28,43,21,8,5,13,15,-2.0,1610612751,BKN,Brooklyn Nets,105,41,81,0.506,7,28,0.25,16,19,0.842,9,30,39,27,10,8,16,19,2.0
1610612758,SAC,Sacramento Kings,0022400805,2025-02-21,242,108,40,79,0.506,11,32,0.344,17,18,0.944,11,28,39,26,8,3,21,16,-24.0,1610612744,GSW,Golden State Warriors,132,50,93,0.538,20,43,0.465,12,12,1.0,11,24,35,40,13,3,12,19,24.0
1610612761,TOR,Toronto Raptors,0022400800,2025-02-21,265,111,38,91,0.418,17,43,0.395,18,23,0.783,14,32,46,25,8,2,13,19,-9.0,1610612748,MIA,Miami Heat,120,46,90,0.511,13,36,0.361,15,18,0.833,8,36,44,20,8,3,12,22,9.0
1612709919,WES,Westchester Knicks,2022400303,2025-02-21,240,109,35,79,0.443,14,42,0.333,15,19,0.789,11,37,48,23,8,13,23,18,3.0,1612709920,RAP,Raptors 905,106,42,93,0.452,11,32,0.344,6,8,0.75,6,26,32,28,11,3,14,25,-3.0
1610612739,CLE,Cleveland Cavaliers,0022400797,2025-02-21,238,142,56,92,0.609,19,37,0.514,11,15,0.733,11,36,47,38,12,2,15,15,37.0,1610612752,NYK,New York Knicks,105,42,89,0.472,10,28,0.357,11,18,0.611,9,23,32,25,8,3,16,12,-37.0
1612709922,GBO,Greensboro Swarm,2022400301,2025-02-21,239,129,51,97,0.526,16,36,0.444,7,10,0.7,19,44,63,30,8,10,12,20,44.0,1612709931,MXC,Mexico City Capitanes,85,28,83,0.337,10,28,0.357,11,15,0.733,9,25,34,18,6,7,13,15,-44.0
1610612745,HOU,Houston Rockets,0022400801,2025-02-21,240,121,42,84,0.5,13,26,0.5,24,32,0.75,9,39,48,18,5,6,20,25,6.0,1610612750,MIN,Minnesota Timberwolves,115,41,92,0.446,11,38,0.289,22,26,0.846,7,28,35,22,10,6,9,22,-6.0
1612709921,LIN,Long Island Nets,2022400302,2025-02-21,240,137,50,98,0.51,22,49,0.449,9,13,0.692,15,30,45,39,14,4,11,21,23.0,1612709925,OSC,Osceola Magic,114,41,90,0.456,11,34,0.324,13,15,0.867,16,32,48,18,9,9,22,16,-23.0
1610612762,UTA,Utah Jazz,0022400804,2025-02-21,241,107,41,90,0.456,15,41,0.366,10,18,0.556,14,29,43,27,7,2,19,15,-23.0,1610612760,OKC,Oklahoma City Thunder,130,46,97,0.474,19,43,0.442,19,20,0.95,17,34,51,38,10,10,12,20,23.0
1610612753,ORL,Orlando Magic,0022400798,2025-02-21,240,104,36,88,0.409,9,31,0.29,23,33,0.697,13,37,50,23,7,9,12,21,-1.0,1610612763,MEM,Memphis Grizzlies,105,38,92,0.413,7,33,0.212,22,29,0.759,15,38,53,22,7,7,14,26,1.0
1612709924,SDC,San Diego Clippers,2022400304,2025-02-21,240,127,50,98,0.51,15,41,0.366,8,12,0.667,6,17,23,31,14,5,10,34,-9.0,1612709903,SLC,Salt Lake City Stars,136,44,80,0.55,14,34,0.412,21,33,0.636,22,41,63,21,8,6,25,18,9.0
1610612742,DAL,Dallas Mavericks,0022400803,2025-02-21,240,111,37,86,0.43,16,44,0.364,21,27,0.778,8,39,47,28,8,4,13,18,8.0,1610612740,NOP,New Orleans Pelicans,103,38,92,0.413,8,27,0.296,19,25,0.76,14,39,53,25,8,6,14,23,-8.0
1612709902,SCW,Santa Cruz Warriors,2022400305,2025-02-21,241,113,43,97,0.443,13,43,0.302,7,9,0.778,12,38,50,26,11,6,9,22,10.0,1612709889,OKL,Oklahoma City Blue,103,35,92,0.38,14,46,0.304,11,15,0.733,13,39,52,26,4,6,15,18,-10.0
1610612764,WAS,Washington Wizards,0022400799,2025-02-21,240,101,35,87,0.402,12,39,0.308,19,27,0.704,8,34,42,25,9,4,14,21,-3.0,1610612749,MIL,Milwaukee Bucks,104,39,82,0.476,9,32,0.281,17,26,0.654,8,36,44,24,11,6,16,24,3.0
1610612759,SAS,San Antonio Spurs,0022400802,2025-02-21,238,110,43,84,0.512,10,29,0.345,14,22,0.636,8,24,32,27,12,5,15,20,-15.0,1610612765,DET,Detroit Pistons,125,47,94,0.5,12,35,0.343,19,22,0.864,20,33,53,31,8,5,16,17,15.0
1610612751,BKN,Brooklyn Nets,0022400791,2025-02-20,240,97,38,95,0.4,10,38,0.263,11,19,0.579,14,31,45,25,7,10,15,23,-13.0,1610612739,CLE,Cleveland Cavaliers,110,40,94,0.426,11,39,0.282,19,27,0.704,17,35,52,19,8,5,16,20,13.0
1612709932,MCC,Motor City Cruise,2022400295,2025-02-20,240,109,37,91,0.407,14,40,0.35,13,16,0.813,15,42,57,21,5,6,13,25,26.0,1612709913,BHM,Birmingham Squadron,83,26,78,0.333,8,26,0.308,12,22,0.545,14,38,52,13,6,8,11,21,-26.0
1610612759,SAS,San Antonio Spurs,0022400795,2025-02-20,240,120,44,93,0.473,15,41,0.366,17,22,0.773,6,38,44,30,13,3,9,20,11.0,1610612756,PHX,Phoenix Suns,109,38,81,0.469,16,44,0.364,17,20,0.85,5,34,39,28,6,4,18,21,-11.0
1610612755,PHI,Philadelphia 76ers,0022400789,2025-02-20,240,104,40,93,0.43,8,39,0.205,16,17,0.941,10,34,44,23,7,0,10,17,-20.0,1610612738,BOS,Boston Celtics,124,43,89,0.483,24,54,0.444,14,15,0.933,11,38,49,33,3,6,10,16,20.0
1612709905,SBL,South Bay Lakers,2022400300,2025-02-20,240,112,36,94,0.383,17,52,0.327,14,21,0.667,17,36,53,26,6,5,19,23,-11.0,1612709933,RCR,Rip City Remix,123,42,87,0.483,19,48,0.396,13,16,0.813,4,37,41,26,14,8,18,28,11.0
1610612743,DEN,Denver Nuggets,0022400794,2025-02-20,241,129,49,98,0.5,19,43,0.442,12,16,0.75,16,39,55,29,3,3,13,14,14.0,1610612766,CHA,Charlotte Hornets,115,43,99,0.434,15,37,0.405,14,17,0.824,14,31,45,28,10,2,10,21,-14.0
1612709904,SXF,Sioux Falls Skyforce,2022400298,2025-02-20,241,108,41,85,0.482,6,31,0.194,12,17,0.706,12,30,42,20,8,5,12,17,4.0,1612709911,IWA,Iowa Wolves,104,42,85,0.494,4,24,0.167,10,13,0.769,11,33,44,25,8,1,14,18,-4.0
1610612749,MIL,Milwaukee Bucks,0022400793,2025-02-20,240,116,38,80,0.475,17,43,0.395,23,27,0.852,8,33,41,22,5,5,17,18,6.0,1610612746,LAC,LA Clippers,110,41,88,0.466,12,30,0.4,16,19,0.842,11,32,43,28,14,7,11,27,-6.0
1612709919,WES,Westchester Knicks,2022400296,2025-02-20,239,123,45,97,0.464,22,50,0.44,6,8,0.75,20,36,56,34,4,6,13,20,12.0,1612709909,DEL,Delaware Blue Coats,111,45,96,0.469,6,30,0.2,10,14,0.714,13,29,42,29,10,3,9,14,-12.0
1610612757,POR,Portland Trail Blazers,0022400796,2025-02-20,239,102,38,86,0.442,12,37,0.324,14,21,0.667,6,27,33,27,16,7,17,24,-8.0,1610612747,LAL,Los Angeles Lakers,110,39,82,0.476,9,32,0.281,23,25,0.92,11,37,48,20,7,6,22,17,8.0
1610612754,IND,Indiana Pacers,0022400788,2025-02-20,240,127,46,91,0.505,17,45,0.378,18,22,0.818,9,37,46,29,6,12,10,20,14.0,1610612763,MEM,Memphis Grizzlies,113,41,99,0.414,12,39,0.308,19,22,0.864,12,34,46,28,6,7,13,19,-14.0
1610612737,ATL,Atlanta Hawks,0022400790,2025-02-20,241,108,39,100,0.39,11,35,0.314,19,28,0.679,16,35,51,20,7,4,9,25,-6.0,1610612753,ORL,Orlando Magic,114,41,85,0.482,6,25,0.24,26,38,0.684,11,42,53,15,6,7,7,22,6.0
1612709927,WIS,Wisconsin Herd,2022400297,2025-02-20,240,106,42,96,0.438,11,32,0.344,6,9,0.667,16,31,47,26,8,8,16,21,-7.0,1612709928,CCG,Capital City Go-Go,113,37,87,0.425,13,33,0.394,16,20,0.8,14,36,50,21,10,8,15,15,7.0
1612709910,IMA,Indiana Mad Ants,2022400294,2025-02-20,240,97,32,83,0.386,14,33,0.424,11,17,0.647,12,29,41,20,10,4,17,22,-7.0,1612709915,MNE,Maine Celtics,104,38,79,0.481,8,26,0.308,12,14,0.857,10,40,50,17,7,10,19,22,7.0
1610612752,NYK,New York Knicks,0022400792,2025-02-20,265,113,46,107,0.43,14,46,0.304,7,10,0.7,10,44,54,28,10,7,11,12,2.0,1610612741,CHI,Chicago Bulls,111,41,103,0.398,19,48,0.396,10,12,0.833,11,42,53,24,6,6,15,12,-2.0
1612709926,MHU,Memphis Hustle,2022400299,2025-02-20,241,110,36,93,0.387,9,33,0.273,17,18,0.944,13,25,38,26,17,5,23,19,-24.0,1612709908,RGV,Rio Grande Valley Vipers,134,50,87,0.575,12,26,0.462,13,13,1.0,11,35,46,30,14,6,30,23,24.0
1610612747,LAL,Los Angeles Lakers,0022400524,2025-02-19,239,97,37,90,0.411,15,51,0.294,8,12,0.667,12,38,50,29,7,4,18,17,-3.0,1610612766,CHA,Charlotte Hornets,100,33,91,0.363,18,53,0.34,16,17,0.941,9,38,47,20,12,4,17,16,3.0
1610612762,UTA,Utah Jazz,0022401004,2025-02-13,266,116,38,78,0.487,18,45,0.4,22,26,0.846,9,38,47,23,7,1,26,25,-4.0,1610612746,LAC,LA Clippers,120,39,94,0.415,14,38,0.368,28,36,0.778,13,30,43,22,16,5,10,22,4.0
1610612742,DAL,Dallas Mavericks,0022400786,2025-02-13,242,118,46,90,0.511,13,36,0.361,13,16,0.813,11,29,40,28,7,2,13,17,5.0,1610612748,MIA,Miami Heat,113,43,91,0.473,10,36,0.278,17,26,0.654,16,26,42,23,9,4,13,14,-5.0
1612709913,BHM,Birmingham Squadron,2022400289,2025-02-13,239,105,41,91,0.451,10,35,0.286,10,12,0.833,11,23,34,29,6,3,18,21,-22.0,1612709910,IMA,Indiana Mad Ants,127,46,77,0.597,13,29,0.448,12,16,0.75,7,32,39,29,11,6,16,22,22.0
1612709915,MNE,Maine Celtics,2022400285,2025-02-13,241,107,44,104,0.423,15,43,0.349,3,10,0.3,25,36,61,27,7,7,15,16,1.0,1612709921,LIN,Long Island Nets,106,45,94,0.479,8,32,0.25,5,13,0.385,10,32,42,19,8,3,9,16,-1.0
1612709903,SLC,Salt Lake City Stars,2022400290,2025-02-13,241,120,41,92,0.446,16,50,0.32,12,14,0.857,16,28,44,28,11,4,13,11,2.0,1612709904,SXF,Sioux Falls Skyforce,118,49,95,0.516,16,40,0.4,3,4,0.75,16,31,47,36,10,6,19,22,-2.0
1612709905,SBL,South Bay Lakers,2022400293,2025-02-13,241,88,33,86,0.384,8,33,0.242,8,11,0.727,11,35,46,20,7,9,16,18,-20.0,1612709890,AUS,Austin Spurs,108,37,83,0.446,14,37,0.378,10,11,0.909,7,40,47,19,11,8,12,16,20.0
1610612745,HOU,Houston Rockets,0022400784,2025-02-13,240,98,38,93,0.409,12,36,0.333,10,18,0.556,15,37,52,24,7,5,20,20,-7.0,1610612744,GSW,Golden State Warriors,105,35,89,0.393,11,41,0.268,24,27,0.889,9,33,42,26,13,6,10,18,7.0
1612709911,IWA,Iowa Wolves,2022400288,2025-02-13,240,116,46,95,0.484,10,28,0.357,9,15,0.6,10,44,54,26,7,5,13,14,-5.0,1612709933,RCR,Rip City Remix,121,45,106,0.425,20,55,0.364,8,10,0.8,17,42,59,31,7,4,13,19,5.0
1612709902,SCW,Santa Cruz Warriors,2022400292,2025-02-13,240,152,54,99,0.545,19,45,0.422,18,22,0.818,16,29,45,27,4,3,8,17,8.0,1612709914,STO,Stockton Kings,144,51,102,0.5,24,57,0.421,11,12,0.917,13,26,39,24,5,4,7,19,-8.0
1612709920,RAP,Raptors 905,2022400287,2025-02-13,239,116,43,99,0.434,7,31,0.226,13,17,0.765,13,32,45,26,5,5,11,22,-14.0,1612709893,CLC,Cleveland Charge,130,46,99,0.465,12,36,0.333,18,21,0.857,18,37,55,31,8,5,13,21,14.0
1610612740,NOP,New Orleans Pelicans,0022400785,2025-02-13,265,140,46,92,0.5,21,50,0.42,27,34,0.794,7,38,45,32,11,7,10,17,7.0,1610612758,SAC,Sacramento Kings,133,49,112,0.438,17,47,0.362,18,21,0.857,21,37,58,38,8,1,14,19,-7.0
1610612750,MIN,Minnesota Timberwolves,0022400787,2025-02-13,240,116,42,99,0.424,12,46,0.261,20,22,0.909,20,34,54,28,5,2,8,17,15.0,1610612760,OKC,Oklahoma City Thunder,101,37,88,0.42,7,29,0.241,20,24,0.833,12,37,49,25,4,7,9,17,-15.0
1612709934,VAL,Valley Suns,2022400291,2025-02-13,239,137,47,96,0.49,12,48,0.25,19,21,0.905,14,32,46,27,11,6,15,17,14.0,1612709908,RGV,Rio Grande Valley Vipers,123,45,92,0.489,15,44,0.341,11,13,0.846,10,33,43,27,10,4,21,28,-14.0
1612709932,MCC,Motor City Cruise,2022400286,2025-02-13,239,110,45,101,0.446,9,32,0.281,7,14,0.5,26,41,67,21,13,4,21,20,24.0,1612709923,WCB,Windy City Bulls,86,30,83,0.361,4,29,0.138,12,19,0.632,12,24,36,20,9,5,18,21,-24.0
1612709929,CPS,College Park Skyhawks,2022400284,2025-02-13,241,118,40,84,0.476,12,29,0.414,20,22,0.909,6,38,44,21,4,2,16,20,3.0,1612709889,OKL,Oklahoma City Blue,115,44,98,0.449,16,40,0.4,6,9,0.667,10,34,44,27,9,3,12,20,-3.0
1612709905,SBL,South Bay Lakers,2022400283,2025-02-12,240,102,40,102,0.392,8,31,0.258,9,13,0.692,17,30,47,24,8,1,9,18,-7.0,1612709890,AUS,Austin Spurs,109,44,90,0.489,10,38,0.263,7,12,0.583,14,35,49,25,8,4,15,19,7.0
1610612764,WAS,Washington Wizards,0022400771,2025-02-12,266,130,47,97,0.485,23,45,0.511,13,16,0.813,7,39,46,29,5,7,16,20,-4.0,1610612754,IND,Indiana Pacers,134,50,107,0.467,16,35,0.457,18,20,0.9,10,32,42,38,7,5,7,17,4.0
1610612753,ORL,Orlando Magic,0022400770,2025-02-12,241,102,37,90,0.411,14,43,0.326,14,19,0.737,13,39,52,22,4,9,8,12,16.0,1610612766,CHA,Charlotte Hornets,86,32,81,0.395,8,26,0.308,14,15,0.933,6,37,43,21,4,4,12,15,-16.0
1610612751,BKN,Brooklyn Nets,0022400772,2025-02-12,239,100,40,85,0.471,8,30,0.267,12,15,0.8,16,34,50,23,13,7,16,18,4.0,1610612755,PHI,Philadelphia 76ers,96,35,81,0.432,8,33,0.242,18,22,0.818,9,29,38,25,10,9,14,15,-4.0
1612709928,CCG,Capital City Go-Go,2022400278,2025-02-12,238,116,43,83,0.518,14,37,0.378,9,13,0.692,7,35,42,28,7,3,18,17,10.0,1612709917,GRG,Grand Rapids Gold,106,44,97,0.454,7,39,0.179,6,10,0.6,15,32,47,20,12,3,14,23,-10.0
1612709913,BHM,Birmingham Squadron,2022400282,2025-02-12,239,126,49,97,0.505,21,41,0.512,5,7,0.714,12,33,45,36,9,7,9,9,7.0,1612709919,WES,Westchester Knicks,119,43,97,0.443,22,52,0.423,5,5,1.0,14,36,50,29,6,5,15,8,-7.0
1610612743,DEN,Denver Nuggets,0022400780,2025-02-12,240,132,49,96,0.51,15,38,0.395,19,24,0.792,12,37,49,26,9,7,12,20,11.0,1610612757,POR,Portland Trail Blazers,121,43,94,0.457,14,38,0.368,21,29,0.724,14,31,45,27,7,6,11,19,-11.0
1612709929,CPS,College Park Skyhawks,2022400281,2025-02-12,241,113,43,93,0.462,12,38,0.316,10,12,0.833,10,37,47,26,11,9,19,23,-6.0,1612709910,IMA,Indiana Mad Ants,119,43,93,0.462,13,39,0.333,14,19,0.737,13,34,47,24,9,4,15,21,6.0
1610612745,HOU,Houston Rockets,0022400779,2025-02-12,239,119,46,97,0.474,13,42,0.31,14,24,0.583,17,30,47,32,10,4,11,15,8.0,1610612756,PHX,Phoenix Suns,111,46,89,0.517,10,26,0.385,9,11,0.818,11,32,43,25,7,5,17,19,-8.0
1610612761,TOR,Toronto Raptors,0022400774,2025-02-12,239,108,42,91,0.462,10,29,0.345,14,21,0.667,9,30,39,26,7,5,15,14,-23.0,1610612739,CLE,Cleveland Cavaliers,131,48,99,0.485,18,53,0.34,17,20,0.85,13,40,53,34,11,4,13,19,23.0
1610612752,NYK,New York Knicks,0022400773,2025-02-12,264,149,54,94,0.574,11,26,0.423,30,37,0.811,8,31,39,28,6,5,17,23,1.0,1610612737,ATL,Atlanta Hawks,148,55,110,0.5,14,38,0.368,24,35,0.686,19,28,47,43,12,10,12,29,-1.0
1610612738,BOS,Boston Celtics,0022400769,2025-02-12,238,116,42,91,0.462,18,55,0.327,14,21,0.667,15,41,56,25,3,5,15,12,13.0,1610612759,SAS,San Antonio Spurs,103,42,96,0.438,9,39,0.231,10,12,0.833,9,29,38,30,9,2,8,16,-13.0
1610612741,CHI,Chicago Bulls,0022400775,2025-02-12,240,110,37,86,0.43,9,41,0.22,27,30,0.9,10,27,37,23,9,7,16,27,-18.0,1610612765,DET,Detroit Pistons,128,45,88,0.511,10,25,0.4,28,35,0.8,12,35,47,30,8,6,16,22,18.0
1612709926,MHU,Memphis Hustle,2022400279,2025-02-12,238,129,49,100,0.49,10,37,0.27,12,16,0.75,22,36,58,32,8,2,13,21,17.0,1612709931,MXC,Mexico City Capitanes,112,39,82,0.476,18,44,0.409,9,14,0.643,4,26,30,29,6,6,17,20,-17.0
1610612762,UTA,Utah Jazz,0022400781,2025-02-12,240,131,45,86,0.523,15,41,0.366,26,33,0.788,11,37,48,30,10,8,12,21,12.0,1610612747,LAL,Los Angeles Lakers,119,41,92,0.446,20,50,0.4,17,30,0.567,14,31,45,31,5,3,14,20,-12.0
1610612750,MIN,Minnesota Timberwolves,0022400776,2025-02-12,241,101,39,103,0.379,10,44,0.227,13,15,0.867,15,44,59,27,4,6,13,13,-2.0,1610612749,MIL,Milwaukee Bucks,103,39,88,0.443,12,30,0.4,13,16,0.813,6,42,48,24,7,1,12,15,2.0
1612709903,SLC,Salt Lake City Stars,2022400280,2025-02-12,242,123,42,94,0.447,15,41,0.366,12,18,0.667,18,37,55,27,12,6,13,18,19.0,1612709904,SXF,Sioux Falls Skyforce,104,38,83,0.458,15,40,0.375,7,12,0.583,10,31,41,32,11,4,18,23,-19.0
1612709932,MCC,Motor City Cruise,2022400276,2025-02-12,241,118,46,92,0.5,14,37,0.378,8,12,0.667,16,40,56,31,10,6,19,18,9.0,1612709909,DEL,Delaware Blue Coats,109,37,81,0.457,19,39,0.487,9,11,0.818,2,29,31,19,9,6,13,13,-9.0
1610612746,LAC,LA Clippers,0022400783,2025-02-12,240,128,47,93,0.505,13,35,0.371,21,22,0.955,13,33,46,29,17,2,15,15,14.0,1610612763,MEM,Memphis Grizzlies,114,44,89,0.494,18,36,0.5,8,15,0.533,9,31,40,24,5,4,21,21,-14.0
1610612742,DAL,Dallas Mavericks,0022400782,2025-02-12,240,111,42,87,0.483,15,36,0.417,12,15,0.8,9,30,39,20,9,7,14,16,4.0,1610612744,GSW,Golden State Warriors,107,41,96,0.427,10,35,0.286,15,18,0.833,18,32,50,29,9,6,15,16,-4.0
1610612740,NOP,New Orleans Pelicans,0022400777,2025-02-12,240,111,44,94,0.468,8,32,0.25,15,18,0.833,12,28,40,28,7,5,8,23,-8.0,1610612758,SAC,Sacramento Kings,119,41,87,0.471,16,45,0.356,21,29,0.724,12,36,48,28,4,7,11,16,8.0
1610612760,OKC,Oklahoma City Thunder,0022400778,2025-02-12,240,115,43,88,0.489,15,39,0.385,14,20,0.7,11,30,41,22,10,3,13,19,14.0,1610612748,MIA,Miami Heat,101,36,79,0.456,11,34,0.324,18,25,0.72,10,35,45,24,7,5,16,17,-14.0
1612709920,RAP,Raptors 905,2022400277,2025-02-12,240,102,35,89,0.393,14,40,0.35,11,16,0.688,19,30,49,24,11,6,12,19,6.0,1612709893,CLC,Cleveland Charge,96,34,77,0.442,12,39,0.308,10,13,0.769,11,28,39,22,10,12,22,25,-6.0
1610612756,PHX,Phoenix Suns,0022400767,2025-02-11,240,112,41,92,0.446,12,44,0.273,18,22,0.818,7,35,42,35,8,9,11,17,-7.0,1610612763,MEM,Memphis Grizzlies,119,43,100,0.43,12,39,0.308,21,27,0.778,20,40,60,22,8,3,13,22,7.0
1612709921,LIN,Long Island Nets,2022400274,2025-02-11,240,111,40,92,0.435,14,25,0.56,9,10,0.9,10,38,48,31,9,7,15,15,26.0,1612709923,WCB,Windy City Bulls,85,33,87,0.379,6,34,0.176,7,11,0.636,12,33,45,18,7,16,18,16,-26.0
1610612741,CHI,Chicago Bulls,0022400766,2025-02-11,241,92,35,100,0.35,10,47,0.213,12,19,0.632,14,30,44,22,9,2,14,10,-40.0,1610612765,DET,Detroit Pistons,132,51,96,0.531,18,41,0.439,12,13,0.923,8,47,55,30,10,8,14,19,40.0
1610612755,PHI,Philadelphia 76ers,0022400764,2025-02-11,241,103,37,91,0.407,9,38,0.237,20,24,0.833,14,32,46,22,10,2,14,18,-3.0,1610612761,TOR,Toronto Raptors,106,38,82,0.463,11,33,0.333,19,23,0.826,10,39,49,23,8,4,17,20,3.0
1610612754,IND,Indiana Pacers,0022400765,2025-02-11,240,115,43,89,0.483,9,31,0.29,20,26,0.769,9,27,36,32,8,3,10,17,-13.0,1610612752,NYK,New York Knicks,128,49,91,0.538,10,27,0.37,20,23,0.87,13,35,48,37,6,2,14,22,13.0
1612709911,IWA,Iowa Wolves,2022400275,2025-02-11,240,104,39,95,0.411,3,23,0.13,13,17,0.765,18,31,49,17,7,6,14,22,-10.0,1612709922,GBO,Greensboro Swarm,114,40,78,0.513,12,26,0.462,14,16,0.875,4,31,35,24,12,3,11,19,10.0
1612709926,MHU,Memphis Hustle,2022400270,2025-02-10,240,115,42,95,0.442,16,47,0.34,10,12,0.833,13,33,46,30,9,5,17,22,-12.0,1612709915,MNE,Maine Celtics,127,43,91,0.473,18,45,0.4,13,19,0.684,11,36,47,32,7,4,10,15,12.0
1612709908,RGV,Rio Grande Valley Vipers,2022400271,2025-02-10,240,115,41,85,0.482,13,40,0.325,12,16,0.75,13,34,47,26,9,2,17,18,5.0,1612709931,MXC,Mexico City Capitanes,110,43,88,0.489,13,40,0.325,6,8,0.75,8,30,38,31,12,5,16,23,-5.0
1610612747,LAL,Los Angeles Lakers,0022400768,2025-02-10,241,132,50,92,0.543,15,42,0.357,17,18,0.944,10,34,44,28,11,2,11,22,19.0,1610612762,UTA,Utah Jazz,113,39,84,0.464,12,40,0.3,23,27,0.852,11,28,39,29,6,3,19,17,-19.0
1610612748,MIA,Miami Heat,0022400759,2025-02-10,240,85,31,92,0.337,11,45,0.244,12,13,0.923,12,39,51,21,2,2,4,10,-18.0,1610612738,BOS,Boston Celtics,103,39,85,0.459,17,53,0.321,8,8,1.0,3,49,52,24,4,5,6,11,18.0
1612709933,RCR,Rip City Remix,2022400273,2025-02-10,240,139,49,90,0.544,27,50,0.54,11,15,0.733,9,35,44,36,13,12,18,21,20.0,1612709904,SXF,Sioux Falls Skyforce,119,42,89,0.472,12,33,0.364,14,18,0.778,12,31,43,24,13,6,18,17,-20.0
1610612760,OKC,Oklahoma City Thunder,0022400761,2025-02-10,241,137,49,95,0.516,27,55,0.491,12,16,0.75,10,35,45,29,15,8,10,20,36.0,1610612740,NOP,New Orleans Pelicans,101,36,82,0.439,10,27,0.37,19,28,0.679,12,30,42,19,4,4,22,14,-36.0
1610612743,DEN,Denver Nuggets,0022400763,2025-02-10,239,146,60,91,0.659,8,25,0.32,18,20,0.9,6,32,38,44,12,2,8,23,29.0,1610612757,POR,Portland Trail Blazers,117,40,88,0.455,15,37,0.405,22,26,0.846,10,23,33,25,4,4,16,20,-29.0
1610612764,WAS,Washington Wizards,0022400757,2025-02-10,240,121,45,93,0.484,14,47,0.298,17,19,0.895,10,32,42,26,5,3,14,23,-10.0,1610612759,SAS,San Antonio Spurs,131,45,88,0.511,17,38,0.447,24,29,0.828,11,32,43,28,11,4,11,17,10.0
1610612739,CLE,Cleveland Cavaliers,0022400755,2025-02-10,241,128,48,94,0.511,17,43,0.395,15,20,0.75,14,35,49,27,10,5,16,24,21.0,1610612750,MIN,Minnesota Timberwolves,107,36,90,0.4,12,39,0.308,23,30,0.767,15,26,41,17,10,6,16,19,-21.0
1612709925,OSC,Osceola Magic,2022400268,2025-02-10,241,121,39,84,0.464,17,41,0.415,14,19,0.737,11,30,41,25,5,9,14,28,-6.0,1612709917,GRG,Grand Rapids Gold,127,44,89,0.494,16,41,0.39,17,22,0.773,9,34,43,25,7,4,13,25,6.0
1610612742,DAL,Dallas Mavericks,0022400762,2025-02-10,265,128,49,95,0.516,15,37,0.405,15,24,0.625,5,28,33,31,11,4,11,19,-1.0,1610612758,SAC,Sacramento Kings,129,53,96,0.552,9,26,0.346,14,19,0.737,13,37,50,28,3,3,20,22,1.0
1610612751,BKN,Brooklyn Nets,0022400758,2025-02-10,240,97,37,93,0.398,10,42,0.238,13,14,0.929,19,28,47,24,10,6,16,24,8.0,1610612766,CHA,Charlotte Hornets,89,32,78,0.41,6,31,0.194,19,28,0.679,11,29,40,18,7,7,17,10,-8.0
1610612753,ORL,Orlando Magic,0022400756,2025-02-10,241,106,37,78,0.474,12,30,0.4,20,24,0.833,7,29,36,22,10,8,17,21,-6.0,1610612737,ATL,Atlanta Hawks,112,38,77,0.494,12,32,0.375,24,28,0.857,6,33,39,29,10,3,16,17,6.0
1612709919,WES,Westchester Knicks,2022400269,2025-02-10,239,111,39,95,0.411,15,43,0.349,11,11,1.0,13,30,43,21,10,6,19,17,-4.0,1612709932,MCC,Motor City Cruise,115,44,94,0.468,16,38,0.421,7,11,0.636,14,35,49,30,8,5,21,17,4.0
1610612749,MIL,Milwaukee Bucks,0022400760,2025-02-10,240,111,38,76,0.5,10,33,0.303,25,34,0.735,5,32,37,18,5,4,20,25,-14.0,1610612744,GSW,Golden State Warriors,125,41,93,0.441,13,45,0.289,30,38,0.789,15,33,48,27,16,2,9,23,14.0
1612709934,VAL,Valley Suns,2022400272,2025-02-10,239,119,40,80,0.5,19,51,0.373,12,16,0.75,7,39,46,30,8,1,17,20,12.0,1612709924,SDC,San Diego Clippers,107,34,93,0.366,11,45,0.244,15,17,0.882,16,35,51,24,13,3,12,19,-12.0
1612709929,CPS,College Park Skyhawks,2022400267,2025-02-10,241,121,44,95,0.463,17,48,0.354,11,11,1.0,15,35,50,20,9,4,15,17,8.0,1612709910,IMA,Indiana Mad Ants,113,44,87,0.506,13,29,0.448,7,10,0.7,8,33,41,26,11,3,17,15,-8.0
1612709928,CCG,Capital City Go-Go,2022400266,2025-02-10,240,114,37,94,0.394,12,41,0.293,17,22,0.773,17,30,47,26,8,6,13,25,-5.0,1612709889,OKL,Oklahoma City Blue,119,40,81,0.494,13,32,0.406,17,22,0.773,11,37,48,21,9,11,19,25,5.0
1610612749,MIL,Milwaukee Bucks,0022400754,2025-02-09,240,135,46,105,0.438,24,55,0.436,19,20,0.95,19,34,53,29,7,3,12,18,8.0,1610612755,PHI,Philadelphia 76ers,127,47,89,0.528,18,45,0.4,15,19,0.789,8,34,42,28,9,5,14,21,-8.0
1610612765,DET,Detroit Pistons,0022400752,2025-02-09,241,112,44,90,0.489,11,37,0.297,13,16,0.813,14,32,46,31,11,1,11,21,10.0,1610612766,CHA,Charlotte Hornets,102,34,78,0.436,15,32,0.469,19,23,0.826,9,28,37,25,8,1,14,18,-10.0
1612709925,OSC,Osceola Magic,2022400265,2025-02-09,241,119,45,92,0.489,10,36,0.278,14,21,0.667,16,30,46,22,10,5,11,13,4.0,1612709917,GRG,Grand Rapids Gold,115,46,103,0.447,17,47,0.362,4,9,0.444,23,31,54,25,6,5,14,26,-4.0
1610612745,HOU,Houston Rockets,0022400753,2025-02-09,240,94,31,86,0.36,10,38,0.263,22,28,0.786,10,48,58,17,8,3,15,19,7.0,1610612761,TOR,Toronto Raptors,87,33,90,0.367,8,42,0.19,13,17,0.765,7,41,48,19,5,6,10,21,-7.0
1610612752,NYK,New York Knicks,0022400748,2025-02-08,239,104,35,83,0.422,9,24,0.375,25,29,0.862,7,23,30,16,9,1,9,15,-27.0,1610612738,BOS,Boston Celtics,131,46,85,0.541,19,39,0.487,20,24,0.833,11,37,48,21,6,7,10,21,27.0
1612709921,LIN,Long Island Nets,2022400255,2025-02-08,240,127,46,84,0.548,15,29,0.517,11,14,0.786,5,25,30,27,10,3,16,24,-6.0,1612709909,DEL,Delaware Blue Coats,133,45,83,0.542,12,28,0.429,19,22,0.864,10,32,42,24,11,5,16,17,6.0
1610612753,ORL,Orlando Magic,0022400743,2025-02-08,240,112,45,88,0.511,10,30,0.333,12,20,0.6,13,32,45,19,10,1,14,18,1.0,1610612759,SAS,San Antonio Spurs,111,41,77,0.532,13,30,0.433,16,20,0.8,4,30,34,27,10,7,14,14,-1.0
1610612746,LAC,LA Clippers,0022400751,2025-02-08,240,130,51,88,0.58,11,26,0.423,17,21,0.81,8,29,37,36,8,2,14,20,20.0,1610612762,UTA,Utah Jazz,110,39,83,0.47,17,43,0.395,15,18,0.833,12,26,38,26,7,4,19,21,-20.0
1612709904,SXF,Sioux Falls Skyforce,2022400260,2025-02-08,240,115,45,89,0.506,13,31,0.419,8,11,0.727,9,33,42,24,8,5,10,13,10.0,1612709922,GBO,Greensboro Swarm,105,37,83,0.446,13,30,0.433,10,10,1.0,7,32,39,25,9,9,16,16,-10.0
1612709923,WCB,Windy City Bulls,2022400261,2025-02-08,266,98,37,90,0.411,11,40,0.275,8,10,0.8,16,32,48,25,5,4,16,20,-4.0,1612709915,MNE,Maine Celtics,102,37,93,0.398,7,35,0.2,12,16,0.75,17,32,49,13,9,4,13,15,4.0
1612709910,IMA,Indiana Mad Ants,2022400256,2025-02-08,241,114,41,97,0.423,15,37,0.405,10,11,0.909,16,31,47,24,4,2,10,18,-7.0,1612709932,MCC,Motor City Cruise,121,46,94,0.489,11,34,0.324,13,19,0.684,16,36,52,27,6,4,13,21,7.0
1610612742,DAL,Dallas Mavericks,0022400741,2025-02-08,242,116,39,83,0.47,12,23,0.522,26,34,0.765,12,31,43,22,4,18,5,18,11.0,1610612745,HOU,Houston Rockets,105,40,100,0.4,8,28,0.286,17,22,0.773,19,29,48,21,2,5,8,22,-11.0
1612709929,CPS,College Park Skyhawks,2022400254,2025-02-08,240,107,40,93,0.43,17,50,0.34,7,11,0.636,13,35,48,26,10,0,12,20,6.0,1612709927,WIS,Wisconsin Herd,101,34,85,0.4,12,39,0.308,13,14,0.929,12,38,50,22,6,8,17,18,-6.0
1610612763,MEM,Memphis Grizzlies,0022400746,2025-02-08,241,112,36,81,0.444,12,28,0.429,28,39,0.718,10,30,40,21,7,9,13,21,-13.0,1610612760,OKC,Oklahoma City Thunder,125,45,105,0.429,18,42,0.429,17,21,0.81,21,34,55,29,5,5,8,27,13.0
1612709902,SCW,Santa Cruz Warriors,2022400264,2025-02-08,240,92,36,89,0.404,4,22,0.182,8,12,0.667,16,36,52,19,3,9,24,26,-45.0,1612709890,AUS,Austin Spurs,137,51,102,0.5,16,38,0.421,12,15,0.8,12,31,43,22,14,11,7,18,45.0
1612709911,IWA,Iowa Wolves,2022400259,2025-02-08,239,125,47,87,0.54,11,23,0.478,15,18,0.833,7,32,39,33,14,3,9,21,5.0,1612709914,STO,Stockton Kings,120,42,91,0.462,19,46,0.413,10,14,0.714,16,32,48,31,3,5,17,16,-5.0
1610612764,WAS,Washington Wizards,0022400744,2025-02-08,240,111,41,93,0.441,9,36,0.25,20,21,0.952,14,39,53,26,6,2,17,18,-14.0,1610612737,ATL,Atlanta Hawks,125,47,97,0.485,18,44,0.409,13,17,0.765,8,33,41,36,6,7,11,19,14.0
1610612741,CHI,Chicago Bulls,0022400745,2025-02-08,241,111,35,79,0.443,17,39,0.436,24,31,0.774,6,25,31,24,8,4,17,19,-21.0,1610612744,GSW,Golden State Warriors,132,45,90,0.5,19,48,0.396,23,27,0.852,16,28,44,34,8,7,14,23,21.0
1610612758,SAC,Sacramento Kings,0022400750,2025-02-08,239,123,43,91,0.473,11,41,0.268,26,33,0.788,11,40,51,24,10,7,18,22,5.0,1610612740,NOP,New Orleans Pelicans,118,43,90,0.478,14,36,0.389,18,25,0.72,5,34,39,27,12,8,16,24,-5.0
1610612756,PHX,Phoenix Suns,0022400749,2025-02-08,238,105,38,98,0.388,17,50,0.34,12,15,0.8,17,26,43,25,5,6,6,15,-17.0,1610612743,DEN,Denver Nuggets,122,45,92,0.489,16,35,0.457,16,17,0.941,15,41,56,28,5,4,9,13,17.0
1612709918,TEX,Texas Legends,2022400262,2025-02-08,241,101,39,80,0.488,12,28,0.429,7,12,0.583,7,32,39,19,6,9,18,21,-8.0,1612709931,MXC,Mexico City Capitanes,109,36,83,0.434,10,33,0.303,18,20,0.9,10,31,41,18,11,4,16,18,8.0
1612709928,CCG,Capital City Go-Go,2022400253,2025-02-08,240,112,38,79,0.481,12,37,0.324,13,16,0.813,6,34,40,19,9,6,16,17,2.0,1612709889,OKL,Oklahoma City Blue,110,41,88,0.466,11,37,0.297,10,14,0.714,11,34,45,23,10,2,17,26,-2.0
1612709924,SDC,San Diego Clippers,2022400263,2025-02-08,240,125,47,85,0.553,9,28,0.321,13,14,0.929,12,40,52,26,6,2,16,30,12.0,1612709905,SBL,South Bay Lakers,113,35,75,0.467,16,46,0.348,14,20,0.7,2,20,22,26,9,4,10,17,-12.0
1610612747,LAL,Los Angeles Lakers,0022400742,2025-02-08,241,124,46,88,0.523,11,33,0.333,21,23,0.913,9,37,46,29,6,3,14,22,7.0,1610612754,IND,Indiana Pacers,117,37,87,0.425,12,38,0.316,31,32,0.969,11,27,38,27,10,2,10,20,-7.0
1610612750,MIN,Minnesota Timberwolves,0022400747,2025-02-08,240,114,43,82,0.524,10,28,0.357,18,28,0.643,8,35,43,23,8,2,14,18,16.0,1610612757,POR,Portland Trail Blazers,98,37,92,0.402,7,35,0.2,17,22,0.773,16,29,45,18,11,6,17,24,-16.0
1612709893,CLC,Cleveland Charge,2022400258,2025-02-08,240,107,38,91,0.418,15,45,0.333,9,10,0.9,18,28,46,28,7,4,18,20,-13.0,1612709919,WES,Westchester Knicks,120,45,89,0.506,14,38,0.368,9,12,0.75,15,34,49,29,9,7,14,19,13.0
1612709933,RCR,Rip City Remix,2022400257,2025-02-08,241,98,38,89,0.427,14,50,0.28,4,7,0.571,7,36,43,23,5,6,16,18,-27.0,1612709908,RGV,Rio Grande Valley Vipers,125,47,101,0.465,16,37,0.432,9,13,0.692,14,42,56,29,12,6,10,17,27.0
1610612737,ATL,Atlanta Hawks,0022400736,2025-02-07,240,115,45,92,0.489,13,36,0.361,12,18,0.667,11,41,52,29,6,6,11,14,5.0,1610612749,MIL,Milwaukee Bucks,110,41,96,0.427,19,50,0.38,9,10,0.9,7,36,43,28,5,3,10,17,-5.0
1612709933,RCR,Rip City Remix,2022400250,2025-02-07,240,103,39,90,0.433,18,46,0.391,4,8,0.5,14,33,47,32,10,7,18,21,-7.0,1612709908,RGV,Rio Grande Valley Vipers,110,39,87,0.448,14,39,0.359,11,18,0.611,13,33,46,26,13,6,14,16,7.0
1610612751,BKN,Brooklyn Nets,0022400737,2025-02-07,239,102,39,93,0.419,10,37,0.27,14,18,0.778,18,39,57,17,8,13,14,15,16.0,1610612748,MIA,Miami Heat,86,32,90,0.356,12,40,0.3,10,12,0.833,11,28,39,23,9,5,14,19,-16.0
1610612760,OKC,Oklahoma City Thunder,0022400739,2025-02-07,239,121,43,84,0.512,9,31,0.29,26,31,0.839,11,33,44,26,10,7,12,14,12.0,1610612761,TOR,Toronto Raptors,109,39,91,0.429,19,41,0.463,12,19,0.632,14,28,42,31,9,6,12,24,-12.0
1612709920,RAP,Raptors 905,2022400247,2025-02-07,240,104,39,91,0.429,13,39,0.333,8,16,0.5,14,29,43,23,4,8,15,24,-6.0,1612709925,OSC,Osceola Magic,110,40,97,0.412,12,37,0.324,12,20,0.6,21,41,62,23,9,6,19,25,6.0
1612709893,CLC,Cleveland Charge,2022400246,2025-02-07,260,133,52,112,0.464,15,47,0.319,8,13,0.615,20,32,52,32,12,9,13,26,-3.0,1612709919,WES,Westchester Knicks,136,45,90,0.5,20,47,0.426,18,23,0.783,14,32,46,23,5,10,20,23,3.0
1612709911,IWA,Iowa Wolves,2022400248,2025-02-07,241,121,45,90,0.5,14,36,0.389,12,12,1.0,10,38,48,28,6,5,14,20,5.0,1612709914,STO,Stockton Kings,116,41,92,0.446,13,42,0.31,11,17,0.647,10,31,41,33,6,5,8,17,-5.0
1610612766,CHA,Charlotte Hornets,0022400734,2025-02-07,239,117,47,101,0.465,17,38,0.447,6,6,1.0,16,37,53,33,4,4,11,22,1.0,1610612759,SAS,San Antonio Spurs,116,42,92,0.457,12,39,0.308,20,24,0.833,13,25,38,25,8,5,8,13,-1.0
1610612765,DET,Detroit Pistons,0022400738,2025-02-07,241,125,44,97,0.454,17,44,0.386,20,26,0.769,21,35,56,32,7,4,14,24,13.0,1610612755,PHI,Philadelphia 76ers,112,41,83,0.494,13,31,0.419,17,20,0.85,7,31,38,26,7,7,13,20,-13.0
1612709905,SBL,South Bay Lakers,2022400252,2025-02-07,240,122,46,88,0.523,13,35,0.371,11,15,0.733,8,48,56,26,3,8,10,19,18.0,1612709934,VAL,Valley Suns,104,37,101,0.366,16,51,0.314,9,14,0.643,13,30,43,26,8,4,7,21,-18.0
1612709918,TEX,Texas Legends,2022400249,2025-02-07,241,93,36,78,0.462,13,35,0.371,4,9,0.444,4,31,35,23,6,9,20,16,-30.0,1612709931,MXC,Mexico City Capitanes,123,47,93,0.505,13,34,0.382,8,12,0.667,12,39,51,29,13,7,14,13,30.0
1610612764,WAS,Washington Wizards,0022400735,2025-02-07,240,124,46,94,0.489,16,44,0.364,16,25,0.64,16,24,40,25,8,2,13,17,-10.0,1610612739,CLE,Cleveland Cavaliers,134,48,94,0.511,16,38,0.421,22,24,0.917,15,31,46,32,9,3,14,20,10.0
1612709902,SCW,Santa Cruz Warriors,2022400251,2025-02-07,240,119,46,93,0.495,16,29,0.552,6,9,0.667,13,40,53,25,3,4,14,20,16.0,1612709890,AUS,Austin Spurs,103,37,93,0.398,12,44,0.273,9,13,0.692,14,29,43,22,8,9,13,17,-16.0
1610612756,PHX,Phoenix Suns,0022400740,2025-02-07,265,135,47,104,0.452,22,56,0.393,19,21,0.905,12,37,49,31,6,15,7,17,8.0,1610612762,UTA,Utah Jazz,127,48,117,0.41,13,48,0.271,18,20,0.9,25,38,63,29,5,7,10,16,-8.0
1610612738,BOS,Boston Celtics,0022400728,2025-02-06,243,120,46,89,0.517,16,37,0.432,12,15,0.8,11,29,40,30,2,6,14,17,-7.0,1610612742,DAL,Dallas Mavericks,127,49,88,0.557,15,33,0.455,14,18,0.778,8,27,35,32,9,4,8,15,7.0
1612709913,BHM,Birmingham Squadron,2022400245,2025-02-06,242,97,36,75,0.48,16,39,0.41,6,8,0.75,7,34,41,22,4,4,16,20,-13.0,1612709929,CPS,College Park Skyhawks,110,41,89,0.461,9,32,0.281,12,16,0.75,15,30,45,27,11,4,9,12,13.0
1610612757,POR,Portland Trail Blazers,0022400732,2025-02-06,241,108,39,90,0.433,16,40,0.4,14,18,0.778,10,37,47,25,5,7,13,18,6.0,1610612758,SAC,Sacramento Kings,102,37,88,0.42,10,30,0.333,18,22,0.818,11,36,47,21,8,6,10,20,-6.0
1610612746,LAC,LA Clippers,0022400733,2025-02-06,239,112,41,88,0.466,17,40,0.425,13,18,0.722,11,37,48,25,5,4,19,16,-7.0,1610612754,IND,Indiana Pacers,119,43,95,0.453,13,39,0.333,20,24,0.833,12,34,46,31,13,3,7,14,7.0
1610612750,MIN,Minnesota Timberwolves,0022400729,2025-02-06,241,127,45,94,0.479,16,39,0.41,21,24,0.875,18,29,47,23,5,6,13,21,13.0,1610612745,HOU,Houston Rockets,114,41,84,0.488,12,31,0.387,20,28,0.714,12,27,39,26,12,7,10,18,-13.0
1610612747,LAL,Los Angeles Lakers,0022400731,2025-02-06,241,120,39,78,0.5,13,35,0.371,29,36,0.806,7,40,47,26,9,5,13,21,8.0,1610612744,GSW,Golden State Warriors,112,41,101,0.406,16,53,0.302,14,20,0.7,10,30,40,29,8,2,12,25,-8.0
1612709923,WCB,Windy City Bulls,2022400243,2025-02-06,241,87,36,85,0.424,9,33,0.273,3,3,1.0,12,29,41,21,9,12,20,11,-13.0,1612709917,GRG,Grand Rapids Gold,100,40,94,0.426,9,29,0.31,7,8,0.875,21,33,54,22,16,6,20,11,13.0
1610612743,DEN,Denver Nuggets,0022400730,2025-02-06,241,112,44,83,0.53,12,30,0.4,12,21,0.571,12,40,52,33,7,4,18,22,22.0,1610612753,ORL,Orlando Magic,90,31,84,0.369,5,31,0.161,23,30,0.767,13,27,40,21,10,8,13,15,-22.0
1612709915,MNE,Maine Celtics,2022400244,2025-02-06,241,126,49,100,0.49,14,35,0.4,9,10,0.9,17,43,60,26,6,14,11,23,26.0,1612709909,DEL,Delaware Blue Coats,100,36,90,0.4,11,36,0.306,10,17,0.588,12,26,38,23,7,8,11,12,-26.0
1610612762,UTA,Utah Jazz,0022400725,2025-02-05,240,131,48,92,0.522,13,37,0.351,22,27,0.815,12,36,48,30,5,5,12,23,3.0,1610612744,GSW,Golden State Warriors,128,46,100,0.46,17,48,0.354,19,27,0.704,12,29,41,33,6,4,9,24,-3.0
1610612737,ATL,Atlanta Hawks,0022400719,2025-02-05,240,125,48,91,0.527,16,42,0.381,13,18,0.722,8,37,45,33,5,5,20,14,-1.0,1610612759,SAS,San Antonio Spurs,126,51,101,0.505,12,37,0.324,12,16,0.75,11,30,41,36,16,3,10,20,1.0
1610612766,CHA,Charlotte Hornets,0022400717,2025-02-05,240,102,38,88,0.432,11,34,0.324,15,20,0.75,9,32,41,21,4,1,8,14,-10.0,1610612749,MIL,Milwaukee Bucks,112,41,81,0.506,18,42,0.429,12,13,0.923,6,38,44,26,6,4,9,16,10.0
1610612751,BKN,Brooklyn Nets,0022400720,2025-02-05,239,102,36,83,0.434,13,38,0.342,17,23,0.739,12,25,37,26,7,3,10,20,-17.0,1610612764,WAS,Washington Wizards,119,44,81,0.543,20,43,0.465,11,14,0.786,7,33,40,40,6,3,14,21,17.0
1610612760,OKC,Oklahoma City Thunder,0022400724,2025-02-05,241,140,52,102,0.51,12,42,0.286,24,27,0.889,17,29,46,24,15,4,5,23,31.0,1610612756,PHX,Phoenix Suns,109,33,70,0.471,14,36,0.389,29,33,0.879,3,32,35,24,3,2,18,17,-31.0
1610612765,DET,Detroit Pistons,0022400718,2025-02-05,239,115,39,98,0.398,12,37,0.324,25,28,0.893,17,28,45,22,13,5,11,21,-3.0,1610612739,CLE,Cleveland Cavaliers,118,41,85,0.482,16,38,0.421,20,24,0.833,11,35,46,28,6,7,23,22,3.0
1610612750,MIN,Minnesota Timberwolves,0022400723,2025-02-05,241,127,42,98,0.429,20,47,0.426,23,28,0.821,23,36,59,27,6,8,11,15,19.0,1610612741,CHI,Chicago Bulls,108,40,83,0.482,12,36,0.333,16,22,0.727,6,28,34,25,9,5,9,22,-19.0
1610612758,SAC,Sacramento Kings,0022400727,2025-02-05,240,111,40,80,0.5,10,27,0.37,21,28,0.75,14,23,37,23,6,4,17,14,-19.0,1610612753,ORL,Orlando Magic,130,50,88,0.568,16,31,0.516,14,15,0.933,9,26,35,30,8,3,8,24,19.0
1612709926,MHU,Memphis Hustle,2022400241,2025-02-05,241,142,54,94,0.574,18,40,0.45,9,11,0.818,13,32,45,39,9,8,13,21,22.0,1612709911,IWA,Iowa Wolves,120,43,92,0.467,18,52,0.346,10,12,0.833,11,24,35,22,3,5,16,15,-22.0
1612709921,LIN,Long Island Nets,2022400240,2025-02-05,255,116,41,95,0.432,10,24,0.417,15,18,0.833,20,25,45,22,13,3,15,28,-1.0,1612709922,GBO,Greensboro Swarm,117,40,74,0.541,9,22,0.409,19,25,0.76,6,34,40,26,6,5,20,23,1.0
1612709903,SLC,Salt Lake City Stars,2022400242,2025-02-05,240,99,34,87,0.391,13,39,0.333,12,16,0.75,8,37,45,21,5,5,18,16,-25.0,1612709905,SBL,South Bay Lakers,124,46,90,0.511,20,40,0.5,8,13,0.615,9,39,48,31,10,8,12,20,25.0
1610612761,TOR,Toronto Raptors,0022400722,2025-02-05,241,107,39,98,0.398,12,42,0.286,17,19,0.895,14,20,34,28,11,3,9,29,-31.0,1610612763,MEM,Memphis Grizzlies,138,47,89,0.528,16,38,0.421,28,38,0.737,24,37,61,22,7,5,16,19,31.0
1610612743,DEN,Denver Nuggets,0022400726,2025-02-05,240,144,57,100,0.57,16,43,0.372,14,15,0.933,13,38,51,40,9,4,7,21,25.0,1610612740,NOP,New Orleans Pelicans,119,43,93,0.462,10,29,0.345,23,26,0.885,10,28,38,26,5,3,11,10,-25.0
1610612755,PHI,Philadelphia 76ers,0022400721,2025-02-05,239,101,37,96,0.385,12,40,0.3,15,20,0.75,11,28,39,22,14,4,4,15,-7.0,1610612748,MIA,Miami Heat,108,39,83,0.47,14,34,0.412,16,20,0.8,13,41,54,25,3,4,22,13,7.0
1610612757,POR,Portland Trail Blazers,0022400716,2025-02-04,239,112,41,92,0.446,14,37,0.378,16,17,0.941,16,35,51,23,8,4,18,17,23.0,1610612754,IND,Indiana Pacers,89,34,81,0.42,5,24,0.208,16,21,0.762,14,25,39,25,11,6,19,19,-23.0
1610612751,BKN,Brooklyn Nets,0022400711,2025-02-04,240,99,38,82,0.463,10,27,0.37,13,17,0.765,10,29,39,26,10,9,13,25,2.0,1610612745,HOU,Houston Rockets,97,34,83,0.41,11,32,0.344,18,27,0.667,16,29,45,23,6,6,16,18,-2.0
1610612761,TOR,Toronto Raptors,0022400713,2025-02-04,241,115,43,82,0.524,11,29,0.379,18,19,0.947,10,24,34,27,7,4,14,22,-6.0,1610612752,NYK,New York Knicks,121,47,94,0.5,8,25,0.32,19,23,0.826,17,26,43,26,10,4,11,15,6.0
1610612741,CHI,Chicago Bulls,0022400714,2025-02-04,242,133,48,91,0.527,19,41,0.463,18,22,0.818,7,36,43,35,4,3,10,18,9.0,1610612748,MIA,Miami Heat,124,43,90,0.478,17,44,0.386,21,26,0.808,11,33,44,29,4,3,13,17,-9.0
1610612746,LAC,LA Clippers,0022400715,2025-02-04,240,97,34,89,0.382,12,41,0.293,17,19,0.895,10,26,36,30,9,5,9,17,-25.0,1610612747,LAL,Los Angeles Lakers,122,45,81,0.556,18,37,0.486,14,23,0.609,10,40,50,33,7,3,14,15,25.0
1610612739,CLE,Cleveland Cavaliers,0022400710,2025-02-04,241,105,36,91,0.396,11,39,0.282,22,26,0.846,14,37,51,18,6,1,13,23,-7.0,1610612738,BOS,Boston Celtics,112,40,98,0.408,17,48,0.354,15,18,0.833,15,38,53,26,10,6,12,21,7.0
1612709909,DEL,Delaware Blue Coats,2022400234,2025-02-04,240,98,34,95,0.358,13,50,0.26,9,11,0.818,11,29,40,21,13,1,14,21,-17.0,1612709925,OSC,Osceola Magic,115,42,84,0.5,9,32,0.281,11,14,0.786,13,49,62,26,11,5,24,20,17.0
1610612755,PHI,Philadelphia 76ers,0022400712,2025-02-04,241,118,47,86,0.547,11,33,0.333,13,19,0.684,9,25,34,37,5,4,12,21,2.0,1610612742,DAL,Dallas Mavericks,116,40,85,0.471,11,33,0.333,25,31,0.806,15,29,44,24,8,4,12,19,-2.0
1612709910,IMA,Indiana Mad Ants,2022400235,2025-02-04,239,116,43,82,0.524,7,20,0.35,15,19,0.789,9,36,45,26,6,2,17,22,4.0,1612709920,RAP,Raptors 905,112,40,88,0.455,16,36,0.444,10,12,0.833,8,25,33,25,7,5,16,27,-4.0
1612709903,SLC,Salt Lake City Stars,2022400238,2025-02-04,241,136,50,102,0.49,11,37,0.297,17,24,0.708,17,35,52,29,5,4,9,25,-3.0,1612709928,CCG,Capital City Go-Go,139,42,89,0.472,15,38,0.395,24,30,0.8,15,35,50,24,4,5,10,27,3.0
1612709904,SXF,Sioux Falls Skyforce,2022400236,2025-02-04,239,121,42,86,0.488,13,37,0.351,14,19,0.737,12,38,50,27,7,8,15,19,12.0,1612709902,SCW,Santa Cruz Warriors,109,35,87,0.402,12,33,0.364,14,14,1.0,7,30,37,18,10,4,11,22,-12.0
1612709934,VAL,Valley Suns,2022400239,2025-02-04,241,120,44,91,0.484,18,45,0.4,9,10,0.9,8,34,42,27,8,3,21,23,-1.0,1612709918,TEX,Texas Legends,121,46,87,0.529,9,19,0.474,12,18,0.667,8,33,41,22,10,5,15,20,1.0
1612709931,MXC,Mexico City Capitanes,2022400237,2025-02-04,241,99,33,83,0.398,10,31,0.323,13,15,0.867,6,44,50,21,7,3,14,17,-5.0,1612709914,STO,Stockton Kings,104,39,89,0.438,16,44,0.364,5,12,0.417,12,38,50,25,6,10,11,19,5.0
1610612763,MEM,Memphis Grizzlies,0022400703,2025-02-03,240,128,48,99,0.485,14,36,0.389,18,20,0.9,10,37,47,33,17,5,15,18,19.0,1610612759,SAS,San Antonio Spurs,109,41,91,0.451,12,36,0.333,15,20,0.75,9,39,48,31,8,2,23,18,-19.0
1610612762,UTA,Utah Jazz,0022400707,2025-02-03,240,111,39,91,0.429,13,37,0.351,20,30,0.667,17,43,60,31,5,4,18,17,-1.0,1610612754,IND,Indiana Pacers,112,43,91,0.473,10,42,0.238,16,20,0.8,6,31,37,32,13,10,9,20,1.0
1610612757,POR,Portland Trail Blazers,0022400709,2025-02-03,264,121,40,89,0.449,16,40,0.4,25,30,0.833,14,34,48,30,6,2,12,21,2.0,1610612756,PHX,Phoenix Suns,119,40,85,0.471,15,42,0.357,24,28,0.857,10,33,43,28,12,5,14,21,-2.0
1610612744,GSW,Golden State Warriors,0022400708,2025-02-03,239,104,34,78,0.436,12,39,0.308,24,34,0.706,9,35,44,25,9,0,13,16,5.0,1610612753,ORL,Orlando Magic,99,43,99,0.434,8,32,0.25,5,10,0.5,18,34,52,23,8,2,11,26,-5.0
1610612750,MIN,Minnesota Timberwolves,0022400704,2025-02-03,241,114,43,94,0.457,12,40,0.3,16,16,1.0,11,25,36,28,5,8,8,16,-2.0,1610612758,SAC,Sacramento Kings,116,45,92,0.489,10,24,0.417,16,20,0.8,11,36,47,23,7,6,10,16,2.0
1610612760,OKC,Oklahoma City Thunder,0022400705,2025-02-03,240,125,51,99,0.515,16,41,0.39,7,8,0.875,14,41,55,28,9,5,17,18,29.0,1610612749,MIL,Milwaukee Bucks,96,35,93,0.376,13,39,0.333,13,21,0.619,9,28,37,24,12,3,14,12,-29.0
1612709926,MHU,Memphis Hustle,2022400228,2025-02-03,240,147,55,93,0.591,21,49,0.429,9,13,0.692,14,41,55,34,5,5,16,23,29.0,1612709911,IWA,Iowa Wolves,118,41,93,0.441,15,43,0.349,12,18,0.667,13,23,36,31,10,2,14,21,-29.0
1612709933,RCR,Rip City Remix,2022400232,2025-02-03,240,113,44,96,0.458,15,47,0.319,8,10,0.8,15,33,48,21,4,5,20,18,-16.0,1612709923,WCB,Windy City Bulls,129,47,91,0.516,20,45,0.444,11,11,1.0,5,32,37,28,10,8,8,14,16.0
1612709921,LIN,Long Island Nets,2022400230,2025-02-03,240,113,42,100,0.42,6,29,0.207,14,16,0.875,20,24,44,22,13,5,9,19,-4.0,1612709913,BHM,Birmingham Squadron,117,44,88,0.5,12,38,0.316,12,15,0.8,13,33,46,29,6,8,17,18,4.0
1612709905,SBL,South Bay Lakers,2022400233,2025-02-03,241,101,38,90,0.422,13,39,0.333,7,13,0.538,14,35,49,26,10,8,15,24,-4.0,1612709889,OKL,Oklahoma City Blue,105,35,91,0.385,12,43,0.279,15,18,0.833,19,31,50,23,9,4,14,19,4.0
1610612743,DEN,Denver Nuggets,0022400706,2025-02-03,241,125,46,92,0.5,12,33,0.364,21,26,0.808,14,32,46,28,7,6,5,16,12.0,1610612740,NOP,New Orleans Pelicans,113,38,88,0.432,18,38,0.474,19,22,0.864,14,27,41,27,5,4,10,21,-12.0
1612709910,IMA,Indiana Mad Ants,2022400229,2025-02-03,239,130,51,90,0.567,14,34,0.412,8,12,0.667,11,35,46,35,5,4,10,17,20.0,1612709927,WIS,Wisconsin Herd,110,39,90,0.433,15,36,0.417,10,13,0.769,15,29,44,17,2,5,12,23,-20.0
1612709908,RGV,Rio Grande Valley Vipers,2022400231,2025-02-03,241,124,48,93,0.516,16,38,0.421,8,13,0.615,15,26,41,32,17,3,13,18,10.0,1612709893,CLC,Cleveland Charge,114,42,80,0.525,16,38,0.421,7,9,0.778,11,30,41,27,5,7,22,19,-10.0
1610612766,CHA,Charlotte Hornets,0022400700,2025-02-03,240,114,39,89,0.438,11,29,0.379,25,28,0.893,9,37,46,26,4,1,10,17,-10.0,1610612764,WAS,Washington Wizards,124,44,99,0.444,17,51,0.333,19,23,0.826,18,36,54,29,6,5,10,21,10.0
1610612765,DET,Detroit Pistons,0022400701,2025-02-03,239,130,43,83,0.518,9,27,0.333,35,38,0.921,10,31,41,31,7,2,14,25,-2.0,1610612737,ATL,Atlanta Hawks,132,42,81,0.519,16,37,0.432,32,39,0.821,5,32,37,27,8,7,12,27,2.0
1610612752,NYK,New York Knicks,0022400702,2025-02-03,239,124,47,93,0.505,6,26,0.231,24,30,0.8,12,28,40,24,9,5,11,15,6.0,1610612745,HOU,Houston Rockets,118,48,104,0.462,8,28,0.286,14,15,0.933,20,30,50,27,8,6,15,26,-6.0
1612709933,RCR,Rip City Remix,2022400225,2025-02-02,241,127,47,99,0.475,13,33,0.394,13,16,0.813,15,32,47,31,12,8,19,18,2.0,1612709923,WCB,Windy City Bulls,125,47,92,0.511,17,35,0.486,9,13,0.692,10,31,41,32,11,11,22,23,-2.0
1610612761,TOR,Toronto Raptors,0022400697,2025-02-02,239,115,44,85,0.518,13,25,0.52,14,16,0.875,10,33,43,31,6,6,12,17,7.0,1610612746,LAC,LA Clippers,108,41,88,0.466,9,28,0.321,17,21,0.81,13,28,41,21,6,7,10,15,-7.0
1612709890,AUS,Austin Spurs,2022400226,2025-02-02,241,118,45,87,0.517,10,29,0.345,10,15,0.667,15,26,41,17,8,2,13,23,5.0,1612709904,SXF,Sioux Falls Skyforce,113,38,78,0.487,11,32,0.344,15,18,0.833,11,29,40,25,10,6,19,19,-5.0
1610612765,DET,Detroit Pistons,0022400695,2025-02-02,240,127,54,99,0.545,10,30,0.333,9,13,0.692,8,34,42,38,14,5,11,18,8.0,1610612741,CHI,Chicago Bulls,119,41,89,0.461,19,52,0.365,18,20,0.9,11,33,44,28,7,4,19,11,-8.0
1612709931,MXC,Mexico City Capitanes,2022400227,2025-02-02,241,106,36,79,0.456,15,37,0.405,10,11,0.909,9,35,44,22,6,7,10,14,10.0,1612709914,STO,Stockton Kings,96,36,91,0.396,19,49,0.388,4,5,0.8,11,30,41,25,7,4,13,16,-10.0
1610612749,MIL,Milwaukee Bucks,0022400699,2025-02-02,240,119,44,91,0.484,20,45,0.444,11,19,0.579,8,28,36,32,7,5,13,21,-13.0,1610612763,MEM,Memphis Grizzlies,132,52,107,0.486,14,39,0.359,14,22,0.636,22,39,61,37,9,5,11,15,13.0
1610612755,PHI,Philadelphia 76ers,0022400698,2025-02-02,240,110,37,82,0.451,15,32,0.469,21,28,0.75,8,38,46,20,7,2,10,19,-8.0,1610612738,BOS,Boston Celtics,118,42,84,0.5,21,49,0.429,13,16,0.813,5,33,38,34,3,8,9,21,8.0
1612709909,DEL,Delaware Blue Coats,2022400224,2025-02-02,240,104,35,97,0.361,10,42,0.238,14,14,1.0,13,25,38,20,10,3,8,14,-9.0,1612709925,OSC,Osceola Magic,113,44,91,0.484,13,41,0.317,6,9,0.667,18,41,59,26,8,8,17,21,9.0
1610612739,CLE,Cleveland Cavaliers,0022400696,2025-02-02,240,144,53,93,0.57,26,45,0.578,12,16,0.75,3,48,51,39,7,8,8,17,43.0,1610612742,DAL,Dallas Mavericks,101,40,103,0.388,9,43,0.209,12,15,0.8,10,35,45,22,6,3,9,11,-43.0
1612709932,MCC,Motor City Cruise,2022400223,2025-02-02,240,101,32,78,0.41,12,32,0.375,13,16,0.813,7,33,40,20,7,3,16,20,-23.0,1612709920,RAP,Raptors 905,124,45,81,0.556,11,30,0.367,13,18,0.722,6,37,43,30,6,7,13,18,23.0
1612709932,MCC,Motor City Cruise,2022400216,2025-02-01,241,145,53,88,0.602,21,45,0.467,10,14,0.714,9,31,40,34,5,7,13,24,13.0,1612709921,LIN,Long Island Nets,132,44,93,0.473,9,25,0.36,19,23,0.826,18,25,43,18,7,2,9,17,-13.0
1610612762,UTA,Utah Jazz,0022400687,2025-02-01,239,113,39,84,0.464,14,35,0.4,21,24,0.875,8,43,51,26,5,7,16,27,14.0,1610612753,ORL,Orlando Magic,99,30,91,0.33,9,41,0.22,30,35,0.857,11,32,43,19,9,7,8,23,-14.0
1610612750,MIN,Minnesota Timberwolves,0022400690,2025-02-01,240,103,38,93,0.409,12,40,0.3,15,18,0.833,11,36,47,29,10,3,14,16,-2.0,1610612764,WAS,Washington Wizards,105,38,83,0.458,15,33,0.455,14,17,0.824,7,37,44,26,7,6,16,21,2.0
1610612745,HOU,Houston Rockets,0022400689,2025-02-01,240,98,38,95,0.4,12,39,0.308,10,15,0.667,14,30,44,18,6,6,10,20,-12.0,1610612751,BKN,Brooklyn Nets,110,43,87,0.494,10,27,0.37,14,21,0.667,13,33,46,24,5,8,10,16,12.0
1612709908,RGV,Rio Grande Valley Vipers,2022400219,2025-02-01,239,104,38,93,0.409,14,49,0.286,8,12,0.667,15,28,43,20,13,7,16,27,-6.0,1612709893,CLC,Cleveland Charge,110,37,74,0.5,8,30,0.267,17,20,0.85,7,36,43,21,8,5,16,20,6.0
1612709922,GBO,Greensboro Swarm,2022400217,2025-02-01,240,122,42,81,0.519,12,31,0.387,16,17,0.941,4,27,31,19,11,9,13,17,-9.0,1612709928,CCG,Capital City Go-Go,131,50,89,0.562,12,30,0.4,10,13,0.769,12,27,39,26,7,3,16,19,9.0
1612709915,MNE,Maine Celtics,2022400218,2025-02-01,240,100,34,83,0.41,13,34,0.382,11,13,0.846,11,35,46,26,7,6,11,12,5.0,1612709913,BHM,Birmingham Squadron,95,37,76,0.487,10,28,0.357,6,9,0.667,4,34,38,21,4,6,16,17,-5.0
1612709905,SBL,South Bay Lakers,2022400221,2025-02-01,240,92,28,79,0.354,10,42,0.238,17,23,0.739,5,25,30,20,13,6,12,21,-34.0,1612709889,OKL,Oklahoma City Blue,126,46,85,0.541,15,35,0.429,11,12,0.917,9,45,54,30,7,6,17,24,34.0
1612709902,SCW,Santa Cruz Warriors,2022400222,2025-02-01,240,146,52,100,0.52,14,38,0.368,19,23,0.826,14,37,51,32,5,8,9,17,10.0,1612709917,GRG,Grand Rapids Gold,136,51,109,0.468,12,36,0.333,12,15,0.8,18,30,48,28,9,3,8,22,-10.0
1610612766,CHA,Charlotte Hornets,0022400688,2025-02-01,240,104,41,95,0.432,9,26,0.346,13,17,0.765,13,38,51,31,5,6,12,13,-3.0,1610612743,DEN,Denver Nuggets,107,41,88,0.466,7,37,0.189,18,20,0.9,8,35,43,29,9,9,11,16,3.0
1610612757,POR,Portland Trail Blazers,0022400694,2025-02-01,238,127,46,89,0.517,9,31,0.29,26,31,0.839,10,33,43,24,11,5,9,20,19.0,1610612756,PHX,Phoenix Suns,108,38,84,0.452,10,33,0.303,22,26,0.846,11,26,37,21,5,2,18,21,-19.0
1610612759,SAS,San Antonio Spurs,0022400693,2025-02-01,239,103,38,91,0.418,12,36,0.333,15,21,0.714,13,35,48,27,8,3,10,18,-2.0,1610612748,MIA,Miami Heat,105,41,89,0.461,13,42,0.31,10,17,0.588,12,40,52,30,7,5,13,15,2.0
1610612752,NYK,New York Knicks,0022400692,2025-02-01,240,112,44,95,0.463,10,28,0.357,14,19,0.737,16,28,44,33,7,3,14,16,-16.0,1610612747,LAL,Los Angeles Lakers,128,47,81,0.58,19,40,0.475,15,18,0.833,3,34,37,26,9,4,15,22,16.0
1612709927,WIS,Wisconsin Herd,2022400220,2025-02-01,242,105,38,82,0.463,14,34,0.412,9,12,0.75,8,35,43,26,7,11,12,22,-13.0,1612709903,SLC,Salt Lake City Stars,118,40,98,0.408,24,50,0.48,7,11,0.636,18,31,49,24,3,7,9,15,13.0
1610612754,IND,Indiana Pacers,0022400686,2025-02-01,240,132,49,90,0.544,12,33,0.364,22,25,0.88,7,34,41,35,6,5,11,26,5.0,1610612737,ATL,Atlanta Hawks,127,45,90,0.5,14,37,0.378,23,32,0.719,11,33,44,31,6,4,12,23,-5.0
1610612760,OKC,Oklahoma City Thunder,0022400691,2025-02-01,241,144,57,107,0.533,19,46,0.413,11,16,0.688,20,50,70,37,5,6,11,18,34.0,1610612758,SAC,Sacramento Kings,110,40,100,0.4,11,44,0.25,19,26,0.731,9,28,37,25,8,5,7,10,-34.0
1612709915,MNE,Maine Celtics,2022400209,2025-01-31,240,103,37,74,0.5,13,34,0.382,10,13,0.769,6,31,37,26,4,10,13,16,9.0,1612709911,IWA,Iowa Wolves,94,38,86,0.442,8,30,0.267,7,9,0.778,9,28,37,21,8,1,12,22,-9.0
1612709934,VAL,Valley Suns,2022400213,2025-01-31,240,124,41,85,0.482,20,46,0.435,12,13,0.923,8,35,43,31,9,3,15,20,19.0,1612709924,SDC,San Diego Clippers,105,38,85,0.447,7,26,0.269,12,16,0.75,11,31,42,21,12,5,16,17,-19.0
1610612766,CHA,Charlotte Hornets,0022400679,2025-01-31,240,104,42,96,0.438,7,30,0.233,13,15,0.867,13,29,42,18,11,3,9,16,-8.0,1610612746,LAC,LA Clippers,112,44,81,0.543,11,28,0.393,13,20,0.65,9,36,45,26,7,4,16,18,8.0
1610612761,TOR,Toronto Raptors,0022400682,2025-01-31,239,106,39,92,0.424,10,30,0.333,18,27,0.667,7,37,44,27,6,8,7,13,-16.0,1610612741,CHI,Chicago Bulls,122,45,89,0.506,18,40,0.45,14,17,0.824,9,43,52,34,4,9,10,18,16.0
1610612755,PHI,Philadelphia 76ers,0022400681,2025-01-31,240,134,50,90,0.556,21,40,0.525,13,16,0.813,11,16,27,29,12,3,11,16,-3.0,1610612743,DEN,Denver Nuggets,137,54,82,0.659,12,23,0.522,17,18,0.944,9,26,35,39,7,2,19,17,3.0
1612709908,RGV,Rio Grande Valley Vipers,2022400211,2025-01-31,240,114,46,97,0.474,12,37,0.324,8,11,0.727,19,28,47,26,15,6,17,18,18.0,1612709904,SXF,Sioux Falls Skyforce,96,34,78,0.436,11,38,0.289,9,10,0.9,10,26,36,21,6,9,22,16,-18.0
1612709927,WIS,Wisconsin Herd,2022400212,2025-01-31,241,115,42,95,0.442,13,31,0.419,11,11,1.0,15,47,62,23,6,3,18,21,9.0,1612709909,DEL,Delaware Blue Coats,106,35,90,0.389,14,43,0.326,11,15,0.733,9,32,41,24,11,6,11,16,-9.0
1612709922,GBO,Greensboro Swarm,2022400208,2025-01-31,239,105,41,89,0.461,10,26,0.385,9,13,0.692,9,35,44,25,14,9,9,17,7.0,1612709928,CCG,Capital City Go-Go,98,36,81,0.444,14,29,0.483,8,11,0.727,8,32,40,23,6,7,18,20,-7.0
1612709914,STO,Stockton Kings,2022400215,2025-01-31,241,117,42,90,0.467,20,40,0.5,9,12,0.75,9,34,43,25,10,8,11,16,10.0,1612709923,WCB,Windy City Bulls,107,43,100,0.43,12,39,0.308,7,9,0.778,18,31,49,32,9,7,15,15,-10.0
1610612759,SAS,San Antonio Spurs,0022400684,2025-01-31,241,144,50,102,0.49,24,50,0.48,20,25,0.8,13,40,53,37,7,11,4,20,26.0,1610612749,MIL,Milwaukee Bucks,118,43,100,0.43,12,37,0.324,20,26,0.769,17,30,47,24,3,8,10,19,-26.0
1610612740,NOP,New Orleans Pelicans,0022400683,2025-01-31,240,116,44,90,0.489,15,37,0.405,13,19,0.684,10,38,48,16,7,2,18,21,-2.0,1610612738,BOS,Boston Celtics,118,42,84,0.5,16,41,0.39,18,26,0.692,5,30,35,32,12,7,13,16,2.0
1610612744,GSW,Golden State Warriors,0022400685,2025-01-31,240,105,36,96,0.375,16,44,0.364,17,25,0.68,14,35,49,26,11,6,12,19,-25.0,1610612756,PHX,Phoenix Suns,130,50,89,0.562,19,39,0.487,11,16,0.688,4,44,48,41,7,7,14,20,25.0
1612709905,SBL,South Bay Lakers,2022400214,2025-01-31,255,125,42,95,0.442,19,49,0.388,13,16,0.813,18,24,42,30,10,3,14,29,-2.0,1612709918,TEX,Texas Legends,127,46,84,0.548,10,26,0.385,16,19,0.842,11,33,44,32,8,4,16,23,2.0
1610612765,DET,Detroit Pistons,0022400680,2025-01-31,241,117,47,106,0.443,9,35,0.257,14,16,0.875,18,29,47,18,13,6,6,15,15.0,1610612742,DAL,Dallas Mavericks,102,37,87,0.425,11,33,0.333,17,21,0.81,16,30,46,20,4,13,16,14,-15.0
1612709926,MHU,Memphis Hustle,2022400210,2025-01-31,240,113,41,97,0.423,10,41,0.244,13,15,0.867,12,36,48,26,9,7,12,22,-12.0,1612709920,RAP,Raptors 905,125,45,85,0.529,17,32,0.531,14,19,0.737,6,40,46,31,6,7,17,20,12.0
1610612762,UTA,Utah Jazz,0022400677,2025-01-30,240,113,39,77,0.506,14,34,0.412,21,25,0.84,3,20,23,21,6,4,15,20,-25.0,1610612750,MIN,Minnesota Timberwolves,138,49,82,0.598,21,38,0.553,19,24,0.792,9,30,39,38,5,9,12,18,25.0
1610612763,MEM,Memphis Grizzlies,0022400676,2025-01-30,239,120,48,93,0.516,9,28,0.321,15,20,0.75,9,28,37,23,7,6,11,25,1.0,1610612745,HOU,Houston Rockets,119,42,97,0.433,13,32,0.406,22,28,0.786,19,26,45,22,6,5,12,20,-1.0
1612709914,STO,Stockton Kings,2022400207,2025-01-30,240,111,43,82,0.524,12,36,0.333,10,16,0.625,13,33,46,23,12,8,20,16,5.0,1612709917,GRG,Grand Rapids Gold,106,43,90,0.478,11,31,0.355,6,8,0.75,9,26,35,21,13,2,18,22,-5.0
1612709889,OKL,Oklahoma City Blue,2022400205,2025-01-30,240,114,44,90,0.489,12,44,0.273,10,14,0.714,15,40,55,24,12,4,11,16,31.0,1612709893,CLC,Cleveland Charge,83,30,90,0.333,13,50,0.26,6,11,0.545,15,32,47,23,6,7,14,14,-31.0
1610612739,CLE,Cleveland Cavaliers,0022400675,2025-01-30,242,137,53,91,0.582,13,39,0.333,18,20,0.9,10,39,49,34,9,3,11,19,22.0,1610612737,ATL,Atlanta Hawks,115,41,90,0.456,13,39,0.333,20,27,0.741,10,26,36,28,10,1,11,18,-22.0
1610612764,WAS,Washington Wizards,0022400674,2025-01-30,240,96,29,91,0.319,10,44,0.227,28,34,0.824,12,26,38,18,4,6,13,18,-38.0,1610612747,LAL,Los Angeles Lakers,134,49,90,0.544,15,32,0.469,21,22,0.955,9,39,48,31,9,6,11,24,38.0
1612709925,OSC,Osceola Magic,2022400204,2025-01-30,241,119,45,102,0.441,11,42,0.262,9,11,0.818,16,39,55,23,9,5,11,18,8.0,1612709919,WES,Westchester Knicks,111,44,106,0.415,11,50,0.22,9,14,0.643,21,38,59,28,8,5,16,14,-8.0
1612709931,MXC,Mexico City Capitanes,2022400206,2025-01-30,240,94,35,74,0.473,11,34,0.324,9,16,0.563,4,45,49,17,10,7,17,22,8.0,1612709929,CPS,College Park Skyhawks,86,35,97,0.361,7,36,0.194,6,12,0.5,17,38,55,19,4,4,13,20,-8.0
1610612757,POR,Portland Trail Blazers,0022400678,2025-01-30,240,119,41,78,0.526,12,25,0.48,25,31,0.806,9,29,38,23,7,5,12,18,29.0,1610612753,ORL,Orlando Magic,90,34,81,0.42,5,26,0.192,17,20,0.85,13,20,33,14,8,6,13,23,-29.0
1610612752,NYK,New York Knicks,0022400668,2025-01-29,241,122,48,93,0.516,14,34,0.412,12,18,0.667,6,29,35,33,7,2,5,16,10.0,1610612743,DEN,Denver Nuggets,112,41,84,0.488,10,28,0.357,20,23,0.87,11,36,47,21,3,5,14,19,-10.0
1610612744,GSW,Golden State Warriors,0022400673,2025-01-29,239,116,40,81,0.494,13,38,0.342,23,28,0.821,7,35,42,30,6,7,15,24,7.0,1610612760,OKC,Oklahoma City Thunder,109,40,99,0.404,9,39,0.231,20,25,0.8,17,33,50,21,8,3,11,21,-7.0
1612709924,SDC,San Diego Clippers,2022400202,2025-01-29,241,102,41,79,0.519,9,28,0.321,7,14,0.5,11,38,49,19,9,4,23,27,4.0,1612709902,SCW,Santa Cruz Warriors,98,34,92,0.37,11,52,0.212,11,17,0.647,17,30,47,18,10,2,18,16,-4.0
1610612738,BOS,Boston Celtics,0022400666,2025-01-29,242,122,41,87,0.471,18,44,0.409,22,27,0.815,6,39,45,32,9,3,8,13,22.0,1610612741,CHI,Chicago Bulls,100,37,92,0.402,15,49,0.306,11,12,0.917,10,37,47,28,3,7,14,19,-22.0
1612709915,MNE,Maine Celtics,2022400196,2025-01-29,241,125,47,79,0.595,19,35,0.543,7,15,0.467,10,38,48,32,12,8,17,15,30.0,1612709911,IWA,Iowa Wolves,95,31,79,0.392,12,36,0.333,12,14,0.857,7,27,34,20,13,3,17,18,-30.0
1610612755,PHI,Philadelphia 76ers,0022400669,2025-01-29,240,117,43,82,0.524,12,29,0.414,19,22,0.864,5,30,35,30,8,1,9,20,13.0,1610612758,SAC,Sacramento Kings,104,40,90,0.444,10,41,0.244,14,17,0.824,14,32,46,34,5,1,12,16,-13.0
1612709931,MXC,Mexico City Capitanes,2022400199,2025-01-29,259,102,38,99,0.384,17,46,0.37,6,6,1.0,16,39,55,27,9,5,19,19,-3.0,1612709904,SXF,Sioux Falls Skyforce,105,40,96,0.417,11,41,0.268,12,17,0.706,17,35,52,24,7,9,14,12,3.0
1612709927,WIS,Wisconsin Herd,2022400197,2025-01-29,238,128,50,89,0.562,17,33,0.515,7,9,0.778,10,41,51,33,8,7,20,23,14.0,1612709909,DEL,Delaware Blue Coats,114,38,89,0.427,12,33,0.364,15,19,0.789,11,23,34,22,12,2,12,17,-14.0
1612709933,RCR,Rip City Remix,2022400201,2025-01-29,240,115,38,86,0.442,10,36,0.278,17,19,0.895,14,38,52,22,2,10,18,19,9.0,1612709890,AUS,Austin Spurs,106,40,96,0.417,14,43,0.326,7,11,0.636,14,28,42,25,12,7,12,29,-9.0
1612709921,LIN,Long Island Nets,2022400195,2025-01-29,239,98,37,88,0.42,6,18,0.333,10,14,0.714,17,33,50,18,7,4,16,24,-6.0,1612709922,GBO,Greensboro Swarm,104,38,88,0.432,10,35,0.286,12,16,0.75,15,33,48,23,6,4,13,20,6.0
1612709903,SLC,Salt Lake City Stars,2022400200,2025-01-29,241,132,51,93,0.548,13,42,0.31,11,17,0.647,11,46,57,26,3,9,16,19,19.0,1612709934,VAL,Valley Suns,113,42,102,0.412,14,45,0.311,8,10,0.8,11,30,41,24,7,1,12,22,-19.0
1612709889,OKL,Oklahoma City Blue,2022400194,2025-01-29,240,102,37,93,0.398,12,42,0.286,10,14,0.714,16,34,50,22,11,2,16,15,-6.0,1612709926,MHU,Memphis Hustle,108,41,88,0.466,16,50,0.32,6,7,0.857,9,37,46,21,10,2,19,20,6.0
1612709920,RAP,Raptors 905,2022400198,2025-01-29,241,122,47,86,0.547,18,32,0.563,6,10,0.6,8,29,37,40,9,8,12,9,10.0,1612709913,BHM,Birmingham Squadron,112,48,95,0.505,10,30,0.333,4,6,0.667,16,25,41,33,9,10,12,17,-10.0
1610612754,IND,Indiana Pacers,0022400664,2025-01-29,241,133,46,81,0.568,19,38,0.5,22,31,0.71,5,31,36,28,7,5,13,18,14.0,1610612765,DET,Detroit Pistons,119,44,89,0.494,12,34,0.353,19,26,0.731,9,32,41,26,7,3,12,21,-14.0
1610612766,CHA,Charlotte Hornets,0022400663,2025-01-29,241,83,28,83,0.337,10,35,0.286,17,25,0.68,18,34,52,18,6,7,17,19,-21.0,1610612751,BKN,Brooklyn Nets,104,39,80,0.488,10,32,0.313,16,20,0.8,7,33,40,27,11,8,8,18,21.0
1610612764,WAS,Washington Wizards,0022400665,2025-01-29,239,82,28,72,0.389,5,30,0.167,21,29,0.724,10,33,43,17,6,5,25,21,-24.0,1610612761,TOR,Toronto Raptors,106,42,88,0.477,11,31,0.355,11,15,0.733,7,29,36,31,12,3,14,27,24.0
1610612740,NOP,New Orleans Pelicans,0022400670,2025-01-29,239,136,51,96,0.531,15,31,0.484,19,22,0.864,10,26,36,31,13,6,8,15,-1.0,1610612742,DAL,Dallas Mavericks,137,52,96,0.542,20,43,0.465,13,17,0.765,16,35,51,30,6,6,18,17,1.0
1610612748,MIA,Miami Heat,0022400667,2025-01-29,241,106,39,83,0.47,15,43,0.349,13,15,0.867,6,29,35,27,4,4,12,5,-20.0,1610612739,CLE,Cleveland Cavaliers,126,54,100,0.54,13,42,0.31,5,6,0.833,13,34,47,29,10,2,7,17,20.0
1612709905,SBL,South Bay Lakers,2022400203,2025-01-29,240,100,39,91,0.429,9,36,0.25,7,11,0.636,14,32,46,28,12,4,11,13,7.0,1612709918,TEX,Texas Legends,93,40,77,0.519,5,24,0.208,4,8,0.5,6,33,39,23,7,3,18,16,-7.0
1610612756,PHX,Phoenix Suns,0022400672,2025-01-29,240,113,43,85,0.506,12,32,0.375,15,20,0.75,10,26,36,30,7,6,15,25,-8.0,1610612750,MIN,Minnesota Timberwolves,121,42,75,0.56,13,29,0.448,24,27,0.889,4,30,34,26,8,6,14,19,8.0
1610612759,SAS,San Antonio Spurs,0022400671,2025-01-29,238,116,42,87,0.483,14,42,0.333,18,25,0.72,7,23,30,27,11,5,9,22,-12.0,1610612746,LAC,LA Clippers,128,48,91,0.527,12,24,0.5,20,23,0.87,17,40,57,26,7,3,15,17,12.0
1610612757,POR,Portland Trail Blazers,0022400662,2025-01-28,240,125,45,88,0.511,12,28,0.429,23,28,0.821,17,35,52,26,6,2,13,18,13.0,1610612749,MIL,Milwaukee Bucks,112,44,87,0.506,11,35,0.314,13,18,0.722,9,27,36,26,8,2,11,22,-13.0
1612709925,OSC,Osceola Magic,2022400191,2025-01-28,239,115,40,87,0.46,12,35,0.343,16,24,0.667,10,33,43,25,11,4,15,15,5.0,1612709929,CPS,College Park Skyhawks,110,44,93,0.473,9,36,0.25,8,9,0.889,11,38,49,27,11,3,18,26,-5.0
1612709903,SLC,Salt Lake City Stars,2022400192,2025-01-28,240,115,43,94,0.457,15,44,0.341,7,10,0.7,11,42,53,26,9,5,17,16,-7.0,1612709934,VAL,Valley Suns,122,48,106,0.453,12,48,0.25,11,15,0.733,16,39,55,28,8,6,12,10,7.0
1612709914,STO,Stockton Kings,2022400193,2025-01-28,242,98,37,101,0.366,8,42,0.19,10,14,0.714,16,31,47,18,12,4,12,24,-17.0,1612709917,GRG,Grand Rapids Gold,115,44,89,0.494,10,29,0.345,10,17,0.588,12,43,55,22,4,8,15,22,17.0
1610612744,GSW,Golden State Warriors,0022400661,2025-01-28,238,114,36,92,0.391,17,49,0.347,25,31,0.806,16,31,47,29,8,4,9,24,11.0,1610612762,UTA,Utah Jazz,103,39,76,0.513,8,26,0.308,17,24,0.708,5,34,39,30,4,6,15,24,-11.0
1610612737,ATL,Atlanta Hawks,0022400532,2025-01-28,240,96,36,89,0.404,11,47,0.234,13,16,0.813,9,31,40,19,11,5,16,18,-4.0,1610612745,HOU,Houston Rockets,100,37,79,0.468,7,30,0.233,19,20,0.95,6,38,44,19,12,4,21,20,4.0
1610612755,PHI,Philadelphia 76ers,0022400660,2025-01-28,241,118,43,91,0.473,11,34,0.324,21,25,0.84,12,31,43,20,14,4,9,20,14.0,1610612747,LAL,Los Angeles Lakers,104,37,72,0.514,10,33,0.303,20,23,0.87,4,35,39,25,5,3,22,19,-14.0
1612709910,IMA,Indiana Mad Ants,2022400190,2025-01-28,240,107,42,83,0.506,12,30,0.4,8,11,0.727,3,32,35,24,8,6,11,14,8.0,1612709932,MCC,Motor City Cruise,99,36,82,0.439,12,27,0.444,8,11,0.727,10,31,41,17,8,6,14,18,-8.0
1610612752,NYK,New York Knicks,0022400653,2025-01-27,241,143,56,108,0.519,17,44,0.386,14,18,0.778,17,29,46,32,20,7,10,16,37.0,1610612763,MEM,Memphis Grizzlies,106,41,91,0.451,9,24,0.375,15,17,0.882,18,29,47,21,5,9,26,16,-37.0
1610612739,CLE,Cleveland Cavaliers,0022400649,2025-01-27,239,110,40,91,0.44,12,44,0.273,18,23,0.783,12,41,53,28,5,4,9,13,19.0,1610612765,DET,Detroit Pistons,91,37,96,0.385,10,36,0.278,7,11,0.636,12,33,45,24,6,4,10,17,-19.0
1610612756,PHX,Phoenix Suns,0022400659,2025-01-27,239,111,40,85,0.471,22,47,0.468,9,11,0.818,11,28,39,23,10,5,17,17,2.0,1610612746,LAC,LA Clippers,109,41,83,0.494,10,32,0.313,17,20,0.85,10,32,42,22,12,5,15,15,-2.0
1610612748,MIA,Miami Heat,0022400652,2025-01-27,290,125,48,92,0.522,15,41,0.366,14,21,0.667,5,38,43,34,9,2,16,21,6.0,1610612753,ORL,Orlando Magic,119,45,98,0.459,14,39,0.359,15,25,0.6,12,35,47,32,9,4,14,19,-6.0
1610612750,MIN,Minnesota Timberwolves,0022400656,2025-01-27,239,100,34,86,0.395,12,40,0.3,20,29,0.69,14,37,51,18,13,4,16,18,8.0,1610612737,ATL,Atlanta Hawks,92,34,86,0.395,12,43,0.279,12,18,0.667,14,37,51,24,10,3,21,20,-8.0
1612709931,MXC,Mexico City Capitanes,2022400188,2025-01-27,238,117,38,83,0.458,13,32,0.406,19,20,0.95,13,31,44,19,8,6,17,15,7.0,1612709904,SXF,Sioux Falls Skyforce,110,40,94,0.426,18,43,0.419,8,14,0.571,22,28,50,30,10,6,18,20,-7.0
1610612766,CHA,Charlotte Hornets,0022400648,2025-01-27,241,107,39,87,0.448,14,36,0.389,15,18,0.833,10,24,34,26,11,3,14,19,-5.0,1610612747,LAL,Los Angeles Lakers,112,44,86,0.512,6,28,0.214,18,24,0.75,12,36,48,22,9,5,16,18,5.0
1610612762,UTA,Utah Jazz,0022400658,2025-01-27,240,110,41,100,0.41,18,54,0.333,10,13,0.769,15,31,46,28,8,1,10,19,-15.0,1610612749,MIL,Milwaukee Bucks,125,52,86,0.605,12,34,0.353,9,17,0.529,5,41,46,33,6,5,12,18,15.0
1610612751,BKN,Brooklyn Nets,0022400651,2025-01-27,239,96,30,82,0.366,10,36,0.278,26,30,0.867,16,23,39,19,9,3,14,20,-14.0,1610612758,SAC,Sacramento Kings,110,45,82,0.549,9,28,0.321,11,17,0.647,11,33,44,31,7,4,17,24,14.0
1610612742,DAL,Dallas Mavericks,0022400657,2025-01-27,241,130,49,92,0.533,20,45,0.444,12,17,0.706,13,38,51,39,5,7,11,20,22.0,1610612764,WAS,Washington Wizards,108,42,101,0.416,11,37,0.297,13,17,0.765,14,31,45,23,5,3,11,15,-22.0
1612709933,RCR,Rip City Remix,2022400189,2025-01-27,241,99,40,92,0.435,11,38,0.289,5,10,0.5,10,34,44,22,8,6,16,14,-25.0,1612709890,AUS,Austin Spurs,124,47,95,0.495,17,41,0.415,8,11,0.727,15,39,54,29,10,8,13,20,25.0
1612709889,OKL,Oklahoma City Blue,2022400187,2025-01-27,240,103,34,83,0.41,13,37,0.351,13,20,0.65,17,29,46,21,12,2,13,19,7.0,1612709924,SDC,San Diego Clippers,96,31,74,0.419,8,29,0.276,14,15,0.933,12,36,48,18,11,7,19,21,-7.0
1610612738,BOS,Boston Celtics,0022400650,2025-01-27,239,112,39,80,0.488,15,39,0.385,19,20,0.95,7,34,41,21,4,4,14,20,-2.0,1610612745,HOU,Houston Rockets,114,41,92,0.446,17,41,0.415,15,21,0.714,12,27,39,29,7,1,7,22,2.0
1612709919,WES,Westchester Knicks,2022400186,2025-01-27,240,126,46,100,0.46,13,47,0.277,12,17,0.706,17,41,58,28,8,4,7,11,21.0,1612709911,IWA,Iowa Wolves,105,40,90,0.444,11,32,0.344,8,8,1.0,9,34,43,30,5,6,11,19,-21.0
1610612761,TOR,Toronto Raptors,0022400654,2025-01-27,240,113,43,100,0.43,9,33,0.273,18,23,0.783,13,41,54,31,8,5,13,24,9.0,1610612740,NOP,New Orleans Pelicans,104,39,89,0.438,6,28,0.214,20,30,0.667,6,40,46,21,9,11,12,16,-9.0
1610612741,CHI,Chicago Bulls,0022400655,2025-01-27,240,129,49,98,0.5,24,53,0.453,7,8,0.875,13,34,47,35,11,5,17,14,8.0,1610612743,DEN,Denver Nuggets,121,52,100,0.52,6,27,0.222,11,11,1.0,12,30,42,36,13,5,14,11,-8.0
1612709909,DEL,Delaware Blue Coats,2022400180,2025-01-26,240,111,40,84,0.476,9,29,0.31,12,17,0.706,12,28,40,20,12,8,13,21,9.0,1612709922,GBO,Greensboro Swarm,102,37,86,0.43,10,29,0.345,11,12,0.917,11,30,41,23,8,8,19,23,-9.0
1612709915,MNE,Maine Celtics,2022400181,2025-01-26,255,105,38,93,0.409,23,54,0.426,3,7,0.429,15,37,52,24,8,7,18,19,-3.0,1612709925,OSC,Osceola Magic,108,41,103,0.398,14,44,0.318,6,11,0.545,22,38,60,24,11,4,13,10,3.0
1612709927,WIS,Wisconsin Herd,2022400185,2025-01-26,240,91,35,87,0.402,13,31,0.419,4,7,0.571,11,34,45,18,7,13,11,14,10.0,1612709923,WCB,Windy City Bulls,81,32,98,0.327,5,26,0.192,7,9,0.778,22,36,58,21,8,6,12,12,-10.0
1612709914,STO,Stockton Kings,2022400183,2025-01-26,241,108,39,87,0.448,12,31,0.387,12,18,0.667,22,31,53,23,5,8,18,12,4.0,1612709918,TEX,Texas Legends,104,43,88,0.489,15,36,0.417,2,3,0.667,9,23,32,21,12,8,14,25,-4.0
1612709921,LIN,Long Island Nets,2022400182,2025-01-26,240,118,46,94,0.489,13,30,0.433,10,16,0.625,13,30,43,30,11,4,15,27,-4.0,1612709920,RAP,Raptors 905,122,46,84,0.548,10,30,0.333,12,24,0.5,13,37,50,28,8,3,19,20,4.0
1612709913,BHM,Birmingham Squadron,2022400184,2025-01-26,242,87,32,84,0.381,9,35,0.257,9,11,0.818,14,35,49,21,8,6,15,16,-4.0,1612709929,CPS,College Park Skyhawks,91,34,88,0.386,9,40,0.225,8,11,0.727,16,29,45,23,11,2,9,16,4.0
1610612757,POR,Portland Trail Blazers,0022400647,2025-01-26,240,108,33,81,0.407,18,40,0.45,24,28,0.857,13,31,44,21,2,6,15,27,-10.0,1610612760,OKC,Oklahoma City Thunder,118,42,89,0.472,10,30,0.333,24,29,0.828,14,29,43,24,7,3,7,19,10.0
1612709890,AUS,Austin Spurs,2022400175,2025-01-25,241,107,35,76,0.461,13,34,0.382,13,20,0.65,15,32,47,22,9,10,19,19,17.0,1612709924,SDC,San Diego Clippers,90,32,82,0.39,11,30,0.367,8,11,0.727,10,30,40,23,11,7,20,27,-17.0
1610612737,ATL,Atlanta Hawks,0022400639,2025-01-25,238,94,33,84,0.393,11,37,0.297,17,25,0.68,8,35,43,28,14,5,22,20,-23.0,1610612761,TOR,Toronto Raptors,117,42,90,0.467,11,30,0.367,22,25,0.88,9,42,51,31,11,7,21,20,23.0
1610612752,NYK,New York Knicks,0022400641,2025-01-25,241,143,52,105,0.495,17,36,0.472,22,23,0.957,17,36,53,40,9,4,11,13,23.0,1610612758,SAC,Sacramento Kings,120,46,95,0.484,14,36,0.389,14,16,0.875,9,29,38,33,5,5,12,19,-23.0
1612709902,SCW,Santa Cruz Warriors,2022400179,2025-01-25,241,128,49,91,0.538,16,31,0.516,10,12,0.833,11,28,39,32,13,5,12,13,10.0,1612709903,SLC,Salt Lake City Stars,118,43,86,0.5,16,40,0.4,10,11,0.909,12,30,42,28,9,4,18,14,-10.0
1610612739,CLE,Cleveland Cavaliers,0022400640,2025-01-25,240,131,47,91,0.516,17,39,0.436,20,26,0.769,10,30,40,28,4,5,11,30,-4.0,1610612745,HOU,Houston Rockets,135,45,82,0.549,13,28,0.464,32,45,0.711,14,31,45,26,5,4,11,23,4.0
1610612763,MEM,Memphis Grizzlies,0022400643,2025-01-25,243,125,43,84,0.512,14,38,0.368,25,34,0.735,13,32,45,28,10,9,16,19,22.0,1610612762,UTA,Utah Jazz,103,39,92,0.424,12,47,0.255,13,16,0.813,14,26,40,27,8,5,17,22,-22.0
1610612753,ORL,Orlando Magic,0022400638,2025-01-25,240,121,40,83,0.482,15,33,0.455,26,38,0.684,8,32,40,22,8,4,14,23,8.0,1610612765,DET,Detroit Pistons,113,40,86,0.465,10,25,0.4,23,28,0.821,11,30,41,22,11,5,16,25,-8.0
1610612766,CHA,Charlotte Hornets,0022400637,2025-01-25,239,123,42,84,0.5,21,50,0.42,18,25,0.72,9,39,48,28,11,5,14,18,31.0,1610612740,NOP,New Orleans Pelicans,92,32,84,0.381,8,31,0.258,20,26,0.769,9,30,39,21,8,5,13,17,-31.0
1612709909,DEL,Delaware Blue Coats,2022400173,2025-01-25,240,110,39,87,0.448,8,28,0.286,13,17,0.765,14,27,41,21,12,7,16,20,-12.0,1612709893,CLC,Cleveland Charge,122,43,86,0.5,17,45,0.378,9,11,0.818,9,29,38,30,6,9,20,23,12.0
1610612744,GSW,Golden State Warriors,0022400644,2025-01-25,239,108,41,89,0.461,16,46,0.348,10,16,0.625,11,27,38,30,10,0,11,15,-10.0,1610612747,LAL,Los Angeles Lakers,118,47,86,0.547,10,29,0.345,14,17,0.824,10,32,42,29,8,2,12,13,10.0
1610612741,CHI,Chicago Bulls,0022400642,2025-01-25,240,97,36,85,0.424,12,38,0.316,13,20,0.65,13,41,54,24,6,3,19,16,-12.0,1610612755,PHI,Philadelphia 76ers,109,42,92,0.457,13,45,0.289,12,17,0.706,6,34,40,23,10,4,8,15,12.0
1610612751,BKN,Brooklyn Nets,0022400636,2025-01-25,241,97,30,80,0.375,14,40,0.35,23,26,0.885,8,27,35,23,11,5,14,21,-9.0,1610612748,MIA,Miami Heat,106,35,79,0.443,13,28,0.464,23,24,0.958,12,39,51,22,9,6,22,23,9.0
1610612750,MIN,Minnesota Timberwolves,0022400634,2025-01-25,238,133,53,95,0.558,14,30,0.467,13,15,0.867,18,27,45,38,14,4,16,14,29.0,1610612743,DEN,Denver Nuggets,104,43,88,0.489,11,32,0.344,7,13,0.538,14,22,36,32,7,3,19,13,-29.0
1610612742,DAL,Dallas Mavericks,0022400635,2025-01-25,239,107,39,88,0.443,8,22,0.364,21,28,0.75,13,36,49,18,2,8,12,20,-15.0,1610612738,BOS,Boston Celtics,122,44,103,0.427,20,52,0.385,14,19,0.737,17,34,51,33,4,5,5,24,15.0
1612709913,BHM,Birmingham Squadron,2022400174,2025-01-25,240,88,38,89,0.427,7,28,0.25,3,5,0.6,11,37,48,15,4,5,18,20,-8.0,1612709910,IMA,Indiana Mad Ants,96,33,81,0.407,11,34,0.324,13,15,0.867,12,32,44,20,8,6,15,14,8.0
1610612746,LAC,LA Clippers,0022400646,2025-01-25,238,127,44,97,0.454,11,34,0.324,28,28,1.0,12,35,47,19,8,3,6,23,10.0,1610612749,MIL,Milwaukee Bucks,117,37,79,0.468,13,35,0.371,30,34,0.882,5,37,42,24,2,5,13,21,-10.0
1610612756,PHX,Phoenix Suns,0022400645,2025-01-25,241,119,40,90,0.444,13,40,0.325,26,28,0.929,12,41,53,23,4,4,10,11,10.0,1610612764,WAS,Washington Wizards,109,42,90,0.467,18,41,0.439,7,9,0.778,5,32,37,28,8,5,8,17,-10.0
1612709927,WIS,Wisconsin Herd,2022400178,2025-01-25,241,98,35,84,0.417,11,36,0.306,10,16,0.625,12,29,41,22,4,5,18,20,-46.0,1612709928,CCG,Capital City Go-Go,144,49,90,0.544,19,39,0.487,16,17,0.941,11,34,45,35,13,9,6,20,46.0
1612709904,SXF,Sioux Falls Skyforce,2022400177,2025-01-25,241,124,44,83,0.53,16,38,0.421,13,17,0.765,9,38,47,31,7,9,20,17,13.0,1612709926,MHU,Memphis Hustle,111,39,97,0.402,15,49,0.306,10,12,0.833,16,24,40,28,14,5,11,24,-13.0
1612709908,RGV,Rio Grande Valley Vipers,2022400176,2025-01-25,240,113,44,94,0.468,13,40,0.325,9,11,0.818,12,32,44,26,7,3,12,19,4.0,1612709931,MXC,Mexico City Capitanes,109,38,82,0.463,12,28,0.429,12,16,0.75,10,33,43,18,8,8,15,13,-4.0
1610612755,PHI,Philadelphia 76ers,0022400631,2025-01-24,241,132,44,87,0.506,21,39,0.538,23,27,0.852,16,27,43,23,9,6,18,16,3.0,1610612739,CLE,Cleveland Cavaliers,129,45,90,0.5,25,52,0.481,14,19,0.737,10,27,37,30,10,5,16,20,-3.0
1612709921,LIN,Long Island Nets,2022400166,2025-01-24,238,131,48,90,0.533,11,25,0.44,14,16,0.875,11,29,40,31,12,5,13,20,9.0,1612709920,RAP,Raptors 905,122,44,79,0.557,14,30,0.467,11,12,0.917,5,26,31,30,6,5,22,20,-9.0
1612709919,WES,Westchester Knicks,2022400167,2025-01-24,240,123,50,97,0.515,12,39,0.308,7,9,0.778,12,36,48,31,9,5,10,14,14.0,1612709915,MNE,Maine Celtics,109,41,90,0.456,16,43,0.372,8,11,0.727,8,28,36,18,7,4,13,18,-14.0
1612709905,SBL,South Bay Lakers,2022400172,2025-01-24,240,122,44,96,0.458,13,34,0.382,16,18,0.889,18,31,49,20,15,9,11,18,12.0,1612709933,RCR,Rip City Remix,110,40,87,0.46,21,46,0.457,5,9,0.556,14,28,42,32,6,3,22,22,-12.0
1612709902,SCW,Santa Cruz Warriors,2022400171,2025-01-24,240,127,49,101,0.485,17,49,0.347,8,11,0.727,12,27,39,36,2,4,14,19,-5.0,1612709903,SLC,Salt Lake City Stars,132,46,95,0.484,13,37,0.351,16,19,0.842,19,35,54,27,9,2,11,16,5.0
1612709890,AUS,Austin Spurs,2022400169,2025-01-24,241,117,42,88,0.477,14,38,0.368,12,15,0.8,6,38,44,23,13,1,12,17,29.0,1612709924,SDC,San Diego Clippers,88,34,85,0.4,5,30,0.167,9,14,0.643,11,40,51,21,7,4,20,17,-29.0
1612709904,SXF,Sioux Falls Skyforce,2022400170,2025-01-24,239,114,44,96,0.458,9,34,0.265,10,11,0.909,17,35,52,25,10,7,16,13,-10.0,1612709926,MHU,Memphis Hustle,124,45,96,0.469,25,52,0.481,6,8,0.75,10,33,43,37,8,8,12,14,10.0
1610612766,CHA,Charlotte Hornets,0022400630,2025-01-24,241,97,32,85,0.376,9,31,0.29,24,28,0.857,16,30,46,20,9,6,16,28,-5.0,1610612757,POR,Portland Trail Blazers,102,32,79,0.405,11,38,0.289,27,39,0.692,15,32,47,17,12,6,16,21,5.0
1612709911,IWA,Iowa Wolves,2022400168,2025-01-24,240,83,36,87,0.414,9,36,0.25,2,4,0.5,7,30,37,21,8,6,20,18,-24.0,1612709934,VAL,Valley Suns,107,37,84,0.44,16,49,0.327,9,11,0.818,7,37,44,28,11,6,15,12,24.0
1610612763,MEM,Memphis Grizzlies,0022400632,2025-01-24,240,139,56,101,0.554,19,42,0.452,8,8,1.0,16,27,43,38,8,4,12,19,13.0,1610612740,NOP,New Orleans Pelicans,126,45,83,0.542,14,34,0.412,22,32,0.688,8,27,35,30,6,3,12,10,-13.0
1612709929,CPS,College Park Skyhawks,2022400161,2025-01-23,240,127,44,97,0.454,25,49,0.51,8,13,0.615,16,42,58,29,9,2,7,14,23.0,1612709917,GRG,Grand Rapids Gold,104,40,92,0.435,14,45,0.311,6,8,0.75,10,41,51,22,4,2,11,14,-23.0
1612709914,STO,Stockton Kings,2022400165,2025-01-23,242,109,44,92,0.478,10,31,0.323,7,8,0.875,11,41,52,26,7,7,9,14,14.0,1612709918,TEX,Texas Legends,95,37,82,0.451,9,24,0.375,6,11,0.545,6,31,37,25,6,5,10,13,-14.0
1610612743,DEN,Denver Nuggets,0022400626,2025-01-23,240,132,49,101,0.485,13,37,0.351,21,31,0.677,15,41,56,30,10,8,10,14,9.0,1610612758,SAC,Sacramento Kings,123,47,107,0.439,15,41,0.366,14,19,0.737,17,36,53,31,5,3,13,20,-9.0
1610612760,OKC,Oklahoma City Thunder,0022400625,2025-01-23,240,115,42,88,0.477,15,37,0.405,16,22,0.727,8,25,33,26,9,4,12,27,-6.0,1610612742,DAL,Dallas Mavericks,121,39,74,0.527,14,31,0.452,29,36,0.806,8,35,43,25,9,3,20,25,6.0
1612709909,DEL,Delaware Blue Coats,2022400162,2025-01-23,240,107,40,93,0.43,13,40,0.325,8,12,0.667,17,25,42,25,6,5,6,16,-5.0,1612709893,CLC,Cleveland Charge,112,41,85,0.482,16,41,0.39,9,10,0.9,14,31,45,30,4,10,12,19,5.0
1612709922,GBO,Greensboro Swarm,2022400163,2025-01-23,241,98,37,83,0.446,12,34,0.353,6,11,0.545,10,28,38,17,8,3,18,17,-20.0,1612709913,BHM,Birmingham Squadron,118,44,82,0.537,15,33,0.455,10,10,1.0,5,35,40,28,10,3,12,18,20.0
1612709911,IWA,Iowa Wolves,2022400164,2025-01-23,239,110,42,95,0.442,6,33,0.182,11,14,0.786,13,36,49,24,11,9,9,17,-9.0,1612709934,VAL,Valley Suns,119,45,94,0.479,22,50,0.44,4,10,0.4,10,37,47,28,6,10,13,20,9.0
1610612753,ORL,Orlando Magic,0022400622,2025-01-23,240,79,26,76,0.342,6,25,0.24,21,31,0.677,14,30,44,17,9,6,19,18,-22.0,1610612757,POR,Portland Trail Blazers,101,40,82,0.488,9,28,0.321,12,19,0.632,8,34,42,23,14,12,13,21,22.0
1610612744,GSW,Golden State Warriors,0022400628,2025-01-23,241,131,46,102,0.451,25,57,0.439,14,14,1.0,15,37,52,37,3,6,10,21,25.0,1610612741,CHI,Chicago Bulls,106,34,87,0.391,16,40,0.4,22,27,0.815,10,32,42,22,7,2,11,16,-25.0
1612709927,WIS,Wisconsin Herd,2022400160,2025-01-23,240,94,36,74,0.486,6,24,0.25,11,17,0.647,9,34,43,16,5,9,14,19,6.0,1612709932,MCC,Motor City Cruise,88,33,91,0.363,10,41,0.244,7,10,0.7,19,28,47,20,7,2,14,24,-6.0
1610612737,ATL,Atlanta Hawks,0022400623,2025-01-23,240,119,42,87,0.483,13,37,0.351,22,30,0.733,9,27,36,30,11,2,14,21,-3.0,1610612761,TOR,Toronto Raptors,122,47,81,0.58,9,21,0.429,19,24,0.792,6,33,39,32,10,2,19,26,3.0
1610612749,MIL,Milwaukee Bucks,0022400624,2025-01-23,241,125,46,98,0.469,18,40,0.45,15,20,0.75,11,44,55,32,5,6,6,14,29.0,1610612748,MIA,Miami Heat,96,34,92,0.37,12,51,0.235,16,21,0.762,13,37,50,26,3,3,10,18,-29.0
1610612747,LAL,Los Angeles Lakers,0022400629,2025-01-23,240,117,42,89,0.472,15,35,0.429,18,20,0.9,10,43,53,27,4,3,6,14,21.0,1610612738,BOS,Boston Celtics,96,35,91,0.385,14,41,0.341,12,18,0.667,11,31,42,23,5,6,7,17,-21.0
1610612746,LAC,LA Clippers,0022400983,2025-01-23,237,110,40,88,0.455,13,38,0.342,17,18,0.944,11,44,55,29,10,7,18,19,17.0,1610612764,WAS,Washington Wizards,93,32,94,0.34,11,46,0.239,18,21,0.857,14,35,49,24,14,1,15,21,-17.0
1612709929,CPS,College Park Skyhawks,2022400154,2025-01-22,240,106,39,82,0.476,17,46,0.37,7,11,0.636,8,33,41,24,10,7,20,20,-7.0,1612709917,GRG,Grand Rapids Gold,113,41,88,0.466,16,38,0.421,10,14,0.714,12,33,45,17,15,3,15,17,7.0
1610612742,DAL,Dallas Mavericks,0022400614,2025-01-22,240,114,45,90,0.5,8,29,0.276,16,19,0.842,7,31,38,24,5,4,13,21,-1.0,1610612750,MIN,Minnesota Timberwolves,115,37,81,0.457,11,29,0.379,30,34,0.882,9,30,39,26,10,8,11,18,1.0
1610612763,MEM,Memphis Grizzlies,0022400616,2025-01-22,241,132,49,98,0.5,21,47,0.447,13,14,0.929,13,27,40,36,9,6,16,30,12.0,1610612766,CHA,Charlotte Hornets,120,41,86,0.477,11,31,0.355,27,32,0.844,11,22,33,27,9,4,16,19,-12.0
1612709921,LIN,Long Island Nets,2022400155,2025-01-22,240,110,40,81,0.494,7,20,0.35,12,18,0.667,11,28,39,19,13,4,18,17,18.0,1612709923,WCB,Windy City Bulls,92,38,84,0.452,5,16,0.313,6,10,0.6,16,30,46,22,11,7,20,24,-18.0
1610612758,SAC,Sacramento Kings,0022400619,2025-01-22,240,123,41,81,0.506,11,30,0.367,30,32,0.938,5,33,38,24,9,7,8,14,6.0,1610612744,GSW,Golden State Warriors,117,43,92,0.467,22,48,0.458,9,13,0.692,12,32,44,31,5,2,19,27,-6.0
1612709933,RCR,Rip City Remix,2022400157,2025-01-22,240,117,49,103,0.476,14,43,0.326,4,8,0.5,15,46,61,34,7,7,15,22,22.0,1612709903,SLC,Salt Lake City Stars,95,27,92,0.293,13,58,0.224,15,18,0.833,13,36,49,17,10,9,15,18,-22.0
1610612746,LAC,LA Clippers,0022400620,2025-01-22,266,113,47,90,0.522,9,28,0.321,10,13,0.769,9,31,40,24,11,6,22,25,-4.0,1610612738,BOS,Boston Celtics,117,41,90,0.456,19,50,0.38,16,20,0.8,8,24,32,24,11,4,19,14,4.0
1610612745,HOU,Houston Rockets,0022400615,2025-01-22,240,109,40,91,0.44,15,34,0.441,14,20,0.7,20,33,53,25,8,5,22,20,1.0,1610612739,CLE,Cleveland Cavaliers,108,41,97,0.423,13,41,0.317,13,19,0.684,20,25,45,25,12,5,13,18,-1.0
1610612737,ATL,Atlanta Hawks,0022400612,2025-01-22,241,104,39,103,0.379,6,38,0.158,20,26,0.769,15,32,47,25,14,3,13,14,-10.0,1610612765,DET,Detroit Pistons,114,42,84,0.5,12,34,0.353,18,19,0.947,7,44,51,27,7,10,20,19,10.0
1612709914,STO,Stockton Kings,2022400159,2025-01-22,239,112,45,88,0.511,11,28,0.393,6,11,0.545,17,35,52,23,12,5,15,20,13.0,1612709905,SBL,South Bay Lakers,99,38,87,0.437,13,37,0.351,6,9,0.667,10,28,38,25,6,5,15,21,-13.0
1612709920,RAP,Raptors 905,2022400153,2025-01-22,240,117,47,90,0.522,14,36,0.389,6,10,0.6,6,40,46,28,8,11,16,14,3.0,1612709919,WES,Westchester Knicks,114,43,100,0.43,21,55,0.382,4,8,0.5,14,37,51,27,7,1,17,19,-3.0
1610612760,OKC,Oklahoma City Thunder,0022400618,2025-01-22,239,123,44,95,0.463,12,39,0.308,23,25,0.92,13,26,39,20,15,4,10,23,9.0,1610612762,UTA,Utah Jazz,114,42,90,0.467,14,37,0.378,16,24,0.667,23,29,52,25,3,6,27,20,-9.0
1612709925,OSC,Osceola Magic,2022400156,2025-01-22,242,95,34,87,0.391,7,31,0.226,14,16,0.875,10,36,46,18,12,8,16,19,-11.0,1612709928,CCG,Capital City Go-Go,106,37,99,0.374,12,42,0.286,13,15,0.867,24,39,63,24,9,7,15,18,11.0
1612709924,SDC,San Diego Clippers,2022400158,2025-01-22,239,87,33,101,0.327,11,40,0.275,5,9,0.556,22,34,56,19,10,5,16,28,-5.0,1612709902,SCW,Santa Cruz Warriors,92,32,75,0.427,5,28,0.179,16,23,0.696,8,43,51,21,7,7,19,18,5.0
1610612751,BKN,Brooklyn Nets,0022400613,2025-01-22,239,84,34,91,0.374,7,36,0.194,9,14,0.643,20,32,52,16,8,1,16,11,-24.0,1610612756,PHX,Phoenix Suns,108,42,88,0.477,14,41,0.341,10,13,0.769,11,37,48,28,9,1,11,12,24.0
1610612743,DEN,Denver Nuggets,0022400609,2025-01-21,238,144,52,85,0.612,16,31,0.516,24,25,0.96,14,37,51,39,7,4,13,10,35.0,1610612755,PHI,Philadelphia 76ers,109,44,96,0.458,15,38,0.395,6,8,0.75,8,17,25,34,7,4,10,20,-35.0
1612709893,CLC,Cleveland Charge,2022400149,2025-01-21,240,92,30,72,0.417,9,29,0.31,13,17,0.765,12,27,39,19,11,8,23,20,-10.0,1612709932,MCC,Motor City Cruise,102,34,79,0.43,13,37,0.351,11,16,0.688,20,24,44,27,16,10,18,20,10.0
1610612747,LAL,Los Angeles Lakers,0022400610,2025-01-21,239,111,43,90,0.478,11,34,0.324,14,18,0.778,7,43,50,30,6,10,10,11,23.0,1610612764,WAS,Washington Wizards,88,34,95,0.358,11,43,0.256,9,13,0.692,9,37,46,25,8,8,11,18,-23.0
1612709913,BHM,Birmingham Squadron,2022400150,2025-01-21,241,104,35,83,0.422,10,32,0.313,13,16,0.813,16,34,50,20,3,3,18,21,-8.0,1612709927,WIS,Wisconsin Herd,112,40,87,0.46,13,34,0.382,13,17,0.765,14,30,44,26,8,7,12,22,8.0
1612709934,VAL,Valley Suns,2022400152,2025-01-21,240,117,44,80,0.55,23,38,0.605,5,11,0.455,10,30,40,26,11,3,20,21,3.0,1612709910,IMA,Indiana Mad Ants,114,40,83,0.482,11,28,0.393,12,16,0.75,12,30,42,21,8,3,14,16,-3.0
1610612751,BKN,Brooklyn Nets,0022400606,2025-01-21,239,95,32,86,0.372,12,40,0.3,19,25,0.76,14,33,47,21,4,9,16,18,-4.0,1610612752,NYK,New York Knicks,99,40,87,0.46,8,28,0.286,11,14,0.786,9,33,42,29,11,3,10,20,4.0
1612709931,MXC,Mexico City Capitanes,2022400151,2025-01-21,241,107,40,93,0.43,13,47,0.277,8,15,0.533,11,30,41,24,7,4,9,22,-5.0,1612709889,OKL,Oklahoma City Blue,112,37,86,0.43,11,41,0.268,16,21,0.762,14,44,58,15,4,4,15,23,5.0
1610612748,MIA,Miami Heat,0022400607,2025-01-21,241,107,41,93,0.441,14,42,0.333,11,12,0.917,12,33,45,26,2,3,8,14,-9.0,1610612757,POR,Portland Trail Blazers,116,43,87,0.494,15,43,0.349,15,23,0.652,11,36,47,25,3,5,6,13,9.0
1610612761,TOR,Toronto Raptors,0022400608,2025-01-21,238,109,39,73,0.534,13,24,0.542,18,28,0.643,5,37,42,29,7,6,12,22,16.0,1610612753,ORL,Orlando Magic,93,35,85,0.412,9,31,0.29,14,19,0.737,14,34,48,16,5,2,14,24,-16.0
1612709933,RCR,Rip City Remix,2022400147,2025-01-20,239,107,39,91,0.429,13,43,0.302,9,11,0.818,18,30,48,26,6,2,21,19,-23.0,1612709903,SLC,Salt Lake City Stars,130,45,92,0.489,23,51,0.451,9,11,0.818,13,30,43,31,16,1,13,16,23.0
1610612744,GSW,Golden State Warriors,0022400604,2025-01-20,240,85,32,92,0.348,14,53,0.264,7,11,0.636,10,28,38,28,8,3,12,12,-40.0,1610612738,BOS,Boston Celtics,125,49,92,0.533,20,48,0.417,7,8,0.875,8,42,50,33,8,9,9,8,40.0
1612709902,SCW,Santa Cruz Warriors,2022400146,2025-01-20,241,121,46,99,0.465,12,38,0.316,10,12,0.833,16,33,49,26,7,4,12,23,-4.0,1612709914,STO,Stockton Kings,125,47,91,0.516,11,32,0.344,15,17,0.882,11,29,40,24,7,8,11,17,4.0
1612709918,TEX,Texas Legends,2022400145,2025-01-20,240,113,41,85,0.482,14,32,0.438,11,18,0.611,15,37,52,26,7,5,14,19,9.0,1612709926,MHU,Memphis Hustle,104,33,84,0.393,11,45,0.244,18,22,0.818,13,31,44,22,8,5,11,21,-9.0
1612709923,WCB,Windy City Bulls,2022400143,2025-01-20,260,105,39,89,0.438,7,28,0.25,13,17,0.765,16,36,52,15,8,14,20,21,-5.0,1612709919,WES,Westchester Knicks,110,41,94,0.436,19,47,0.404,5,15,0.333,15,27,42,29,12,4,11,21,5.0
1610612739,CLE,Cleveland Cavaliers,0022400603,2025-01-20,241,118,41,95,0.432,19,46,0.413,17,23,0.739,15,35,50,27,10,1,8,18,26.0,1610612756,PHX,Phoenix Suns,92,36,77,0.468,10,26,0.385,10,13,0.769,1,33,34,22,3,5,17,20,-26.0
1610612740,NOP,New Orleans Pelicans,0022400605,2025-01-20,265,123,41,92,0.446,15,41,0.366,26,29,0.897,6,39,45,28,12,8,13,24,4.0,1610612762,UTA,Utah Jazz,119,42,106,0.396,11,46,0.239,24,30,0.8,19,44,63,25,6,4,13,19,-4.0
1610612766,CHA,Charlotte Hornets,0022400599,2025-01-20,240,110,40,98,0.408,17,39,0.436,13,18,0.722,17,32,49,28,10,7,13,16,5.0,1610612742,DAL,Dallas Mavericks,105,38,88,0.432,6,32,0.188,23,26,0.885,16,35,51,19,10,8,14,15,-5.0
1612709922,GBO,Greensboro Swarm,2022400144,2025-01-20,239,112,42,87,0.483,11,39,0.282,10,13,0.769,14,24,38,20,9,3,12,21,1.0,1612709917,GRG,Grand Rapids Gold,111,38,76,0.5,16,37,0.432,12,15,0.8,8,25,33,19,10,2,18,25,-1.0
1610612746,LAC,LA Clippers,0022400611,2025-01-20,239,99,37,94,0.394,9,42,0.214,16,17,0.941,10,30,40,24,4,7,9,20,-13.0,1610612741,CHI,Chicago Bulls,112,38,94,0.404,15,46,0.326,21,26,0.808,17,37,54,25,7,6,10,17,13.0
1610612763,MEM,Memphis Grizzlies,0022400601,2025-01-20,241,108,37,86,0.43,7,33,0.212,27,34,0.794,13,34,47,19,9,4,13,22,2.0,1610612750,MIN,Minnesota Timberwolves,106,36,93,0.387,14,43,0.326,20,27,0.741,17,35,52,25,5,6,16,26,-2.0
1612709890,AUS,Austin Spurs,2022400148,2025-01-20,241,136,46,98,0.469,21,49,0.429,12,15,0.8,16,44,60,34,14,9,7,21,55.0,1612709908,RGV,Rio Grande Valley Vipers,81,29,88,0.33,4,39,0.103,10,15,0.667,15,31,46,17,4,4,19,19,-55.0
1610612752,NYK,New York Knicks,0022400602,2025-01-20,240,119,47,90,0.522,9,26,0.346,16,21,0.762,12,27,39,31,8,1,15,21,9.0,1610612737,ATL,Atlanta Hawks,110,40,85,0.471,13,30,0.433,17,22,0.773,16,25,41,23,10,6,23,21,-9.0
1610612745,HOU,Houston Rockets,0022400600,2025-01-20,239,96,37,94,0.394,11,39,0.282,11,16,0.688,15,24,39,19,18,1,16,17,-11.0,1610612765,DET,Detroit Pistons,107,42,88,0.477,10,27,0.37,13,15,0.867,13,39,52,21,12,5,22,11,11.0
1612709931,MXC,Mexico City Capitanes,2022400142,2025-01-19,239,92,31,87,0.356,13,40,0.325,11,13,0.846,16,33,49,17,9,4,12,18,2.0,1612709889,OKL,Oklahoma City Blue,90,31,86,0.36,10,41,0.244,9,10,0.9,15,36,51,18,6,2,15,18,-2.0
1612709920,RAP,Raptors 905,2022400140,2025-01-19,241,120,46,81,0.568,15,30,0.5,9,14,0.643,9,36,45,25,7,11,19,20,8.0,1612709934,VAL,Valley Suns,112,43,92,0.467,20,42,0.476,3,8,0.375,13,29,42,29,8,3,17,14,-8.0
1612709915,MNE,Maine Celtics,2022400138,2025-01-19,239,91,36,87,0.414,11,41,0.268,5,8,0.625,11,36,47,23,8,5,20,15,-18.0,1612709921,LIN,Long Island Nets,109,43,88,0.489,11,30,0.367,8,13,0.615,12,32,44,29,13,6,14,17,18.0
1610612746,LAC,LA Clippers,0022400596,2025-01-19,239,116,47,89,0.528,11,30,0.367,11,14,0.786,11,27,38,27,12,4,12,12,14.0,1610612747,LAL,Los Angeles Lakers,102,38,76,0.5,9,27,0.333,17,19,0.895,5,28,33,26,6,6,15,14,-14.0
1612709913,BHM,Birmingham Squadron,2022400141,2025-01-19,240,98,34,92,0.37,15,45,0.333,9,12,0.75,13,33,46,21,9,4,11,26,-20.0,1612709927,WIS,Wisconsin Herd,118,36,79,0.456,13,30,0.433,19,22,0.864,11,41,52,25,9,10,13,18,20.0
1610612760,OKC,Oklahoma City Thunder,0022400595,2025-01-19,240,127,48,87,0.552,19,43,0.442,12,13,0.923,8,35,43,37,8,5,11,19,26.0,1610612751,BKN,Brooklyn Nets,101,37,87,0.425,12,43,0.279,15,19,0.789,12,29,41,25,5,3,13,13,-26.0
1610612758,SAC,Sacramento Kings,0022400598,2025-01-19,239,123,46,95,0.484,12,39,0.308,19,24,0.792,10,41,51,28,12,4,11,20,23.0,1610612764,WAS,Washington Wizards,100,32,89,0.36,10,42,0.238,26,32,0.813,10,36,46,19,6,1,16,16,-23.0
1610612748,MIA,Miami Heat,0022400592,2025-01-19,239,128,50,95,0.526,18,33,0.545,10,10,1.0,12,37,49,35,8,6,11,12,21.0,1610612759,SAS,San Antonio Spurs,107,41,91,0.451,15,40,0.375,10,16,0.625,13,31,44,28,4,5,14,9,-21.0
1610612757,POR,Portland Trail Blazers,0022400597,2025-01-19,240,113,42,89,0.472,9,31,0.29,20,25,0.8,14,36,50,21,7,6,17,19,11.0,1610612741,CHI,Chicago Bulls,102,36,81,0.444,8,29,0.276,22,26,0.846,8,28,36,21,10,7,14,19,-11.0
1610612749,MIL,Milwaukee Bucks,0022400594,2025-01-19,242,123,43,87,0.494,14,37,0.378,23,30,0.767,7,41,48,31,2,3,6,16,14.0,1610612755,PHI,Philadelphia 76ers,109,39,86,0.453,16,45,0.356,15,22,0.682,5,33,38,26,4,4,7,25,-14.0
1612709893,CLC,Cleveland Charge,2022400139,2025-01-19,240,100,36,83,0.434,11,34,0.324,10,14,0.714,13,24,37,25,14,8,12,18,4.0,1612709932,MCC,Motor City Cruise,96,35,84,0.417,10,36,0.278,8,9,0.889,16,33,49,17,7,2,20,20,-4.0
1610612753,ORL,Orlando Magic,0022400593,2025-01-19,241,100,38,102,0.373,12,41,0.293,12,16,0.75,16,23,39,30,15,6,7,19,-13.0,1610612743,DEN,Denver Nuggets,113,40,77,0.519,7,25,0.28,26,31,0.839,13,44,57,24,6,8,20,16,13.0
1612709918,TEX,Texas Legends,2022400137,2025-01-18,252,123,48,87,0.552,15,41,0.366,9,18,0.5,6,36,42,33,5,5,19,20,-6.0,1612709926,MHU,Memphis Hustle,129,51,100,0.51,15,41,0.366,9,15,0.6,9,38,47,28,11,3,11,24,6.0
1610612765,DET,Detroit Pistons,0022400586,2025-01-18,241,121,44,94,0.468,9,33,0.273,24,36,0.667,15,28,43,22,5,3,9,27,-4.0,1610612756,PHX,Phoenix Suns,125,43,86,0.5,7,25,0.28,32,40,0.8,13,37,50,25,6,3,9,24,4.0
1610612754,IND,Indiana Pacers,0022400588,2025-01-18,239,115,44,83,0.53,11,34,0.324,16,23,0.696,14,36,50,30,4,4,17,21,13.0,1610612755,PHI,Philadelphia 76ers,102,38,89,0.427,10,34,0.294,16,22,0.727,10,22,32,21,8,1,9,19,-13.0
1610612738,BOS,Boston Celtics,0022400587,2025-01-18,265,115,40,104,0.385,15,52,0.288,20,23,0.87,17,36,53,23,13,6,14,18,-4.0,1610612737,ATL,Atlanta Hawks,119,44,93,0.473,9,37,0.243,22,28,0.786,13,42,55,27,9,10,17,17,4.0
1612709923,WCB,Windy City Bulls,2022400135,2025-01-18,240,110,43,97,0.443,11,32,0.344,8,9,0.889,9,27,36,26,6,6,12,11,-33.0,1612709919,WES,Westchester Knicks,143,58,103,0.563,17,39,0.436,6,9,0.667,15,41,56,35,7,8,12,11,33.0
1612709915,MNE,Maine Celtics,2022400133,2025-01-18,253,109,42,87,0.483,18,46,0.391,4,9,0.444,7,40,47,28,11,4,15,15,-3.0,1612709929,CPS,College Park Skyhawks,112,43,98,0.439,14,40,0.35,6,10,0.6,16,38,54,28,9,3,14,17,3.0
1610612744,GSW,Golden State Warriors,0022400589,2025-01-18,240,122,45,96,0.469,14,41,0.341,18,24,0.75,17,38,55,24,6,7,9,18,8.0,1610612764,WAS,Washington Wizards,114,38,86,0.442,22,45,0.489,16,23,0.696,11,33,44,24,5,2,13,21,-8.0
1612709922,GBO,Greensboro Swarm,2022400134,2025-01-18,254,116,47,98,0.48,8,28,0.286,11,15,0.733,14,30,44,19,10,2,10,21,-8.0,1612709917,GRG,Grand Rapids Gold,124,44,94,0.468,15,34,0.441,16,17,0.941,15,33,48,21,8,8,17,29,8.0
1610612757,POR,Portland Trail Blazers,0022400591,2025-01-18,240,103,39,86,0.453,12,36,0.333,13,18,0.722,8,32,40,28,6,10,19,24,-22.0,1610612745,HOU,Houston Rockets,125,48,108,0.444,14,31,0.452,15,22,0.682,23,38,61,25,13,4,12,18,22.0
1612709904,SXF,Sioux Falls Skyforce,2022400136,2025-01-18,239,113,40,93,0.43,15,38,0.395,11,13,0.846,13,32,45,24,13,4,13,26,11.0,1612709925,OSC,Osceola Magic,102,34,77,0.442,9,28,0.321,13,16,0.813,8,39,47,18,10,6,21,20,-11.0
1610612750,MIN,Minnesota Timberwolves,0022400590,2025-01-18,240,117,43,90,0.478,15,38,0.395,16,19,0.842,9,33,42,27,4,4,7,19,-7.0,1610612739,CLE,Cleveland Cavaliers,124,42,92,0.457,17,48,0.354,23,25,0.92,13,34,47,27,4,1,7,18,7.0
1610612740,NOP,New Orleans Pelicans,0022400581,2025-01-17,240,136,47,100,0.47,22,50,0.44,20,31,0.645,21,35,56,34,9,8,13,24,13.0,1610612762,UTA,Utah Jazz,123,43,86,0.5,13,38,0.342,24,30,0.8,7,33,40,30,7,8,15,20,-13.0
1612709932,MCC,Motor City Cruise,2022400128,2025-01-17,253,117,48,94,0.511,10,31,0.323,8,14,0.571,13,38,51,24,7,11,17,23,2.0,1612709934,VAL,Valley Suns,115,39,91,0.429,15,42,0.357,14,14,1.0,8,32,40,26,6,5,14,16,-2.0
1610612741,CHI,Chicago Bulls,0022400584,2025-01-17,240,123,48,95,0.505,14,40,0.35,13,14,0.929,12,33,45,34,9,3,13,18,-2.0,1610612766,CHA,Charlotte Hornets,125,48,96,0.5,13,34,0.382,16,20,0.8,13,31,44,26,9,2,12,13,2.0
1612709902,SCW,Santa Cruz Warriors,2022400132,2025-01-17,241,113,42,93,0.452,13,47,0.277,12,15,0.8,13,35,48,33,3,5,18,21,-8.0,1612709931,MXC,Mexico City Capitanes,121,40,82,0.488,17,41,0.415,16,22,0.727,5,33,38,24,10,1,10,20,8.0
1610612759,SAS,San Antonio Spurs,0022400582,2025-01-17,241,112,40,84,0.476,13,36,0.361,19,23,0.826,10,30,40,29,4,8,17,15,-28.0,1610612763,MEM,Memphis Grizzlies,140,55,97,0.567,19,44,0.432,11,15,0.733,10,31,41,39,9,0,7,19,28.0
1610612748,MIA,Miami Heat,0022400579,2025-01-17,238,113,45,91,0.495,9,33,0.273,14,14,1.0,6,35,41,30,2,0,8,15,-20.0,1610612743,DEN,Denver Nuggets,133,50,92,0.543,16,33,0.485,17,19,0.895,7,34,41,35,5,1,5,10,20.0
1612709918,TEX,Texas Legends,2022400131,2025-01-17,240,94,34,78,0.436,13,34,0.382,10,16,0.625,6,44,50,19,4,6,15,15,8.0,1612709889,OKL,Oklahoma City Blue,86,33,90,0.367,11,42,0.262,7,14,0.5,9,37,46,21,8,5,12,15,-8.0
1612709904,SXF,Sioux Falls Skyforce,2022400130,2025-01-17,241,105,38,86,0.442,6,32,0.188,14,23,0.609,11,26,37,21,11,3,10,18,-18.0,1612709925,OSC,Osceola Magic,123,46,84,0.548,15,34,0.441,9,13,0.692,11,41,52,32,8,1,16,28,18.0
1610612747,LAL,Los Angeles Lakers,0022400585,2025-01-17,239,102,38,82,0.463,12,34,0.353,14,18,0.778,6,28,34,24,6,7,10,12,1.0,1610612751,BKN,Brooklyn Nets,101,37,82,0.451,17,38,0.447,10,13,0.769,12,33,45,28,5,6,17,14,-1.0
1610612742,DAL,Dallas Mavericks,0022400583,2025-01-17,240,106,37,75,0.493,16,41,0.39,16,22,0.727,6,37,43,25,11,7,17,18,8.0,1610612760,OKC,Oklahoma City Thunder,98,35,91,0.385,20,46,0.435,8,12,0.667,14,32,46,24,7,2,15,20,-8.0
1610612749,MIL,Milwaukee Bucks,0022400580,2025-01-17,239,130,42,81,0.519,13,31,0.419,33,41,0.805,11,33,44,25,7,5,13,23,18.0,1610612761,TOR,Toronto Raptors,112,43,91,0.473,8,34,0.235,18,24,0.75,13,30,43,31,6,4,12,28,-18.0
1610612738,BOS,Boston Celtics,0022400577,2025-01-17,240,121,42,80,0.525,17,37,0.459,20,22,0.909,11,30,41,25,6,3,10,23,27.0,1610612753,ORL,Orlando Magic,94,34,82,0.415,5,32,0.156,21,31,0.677,12,25,37,15,3,3,8,19,-27.0
1612709910,IMA,Indiana Mad Ants,2022400126,2025-01-17,239,107,38,86,0.442,9,34,0.265,11,14,0.786,15,35,50,25,7,2,16,19,-12.0,1612709927,WIS,Wisconsin Herd,119,41,83,0.494,16,30,0.533,12,15,0.8,5,30,35,24,8,4,10,18,12.0
1612709928,CCG,Capital City Go-Go,2022400127,2025-01-17,240,125,48,87,0.552,12,27,0.444,10,12,0.833,10,33,43,31,6,9,13,20,15.0,1612709909,DEL,Delaware Blue Coats,110,45,98,0.459,7,29,0.241,8,11,0.727,13,25,38,25,6,5,12,19,-15.0
1610612752,NYK,New York Knicks,0022400578,2025-01-17,241,99,35,90,0.389,14,34,0.412,15,17,0.882,15,26,41,19,10,4,9,13,-17.0,1610612750,MIN,Minnesota Timberwolves,116,42,79,0.532,22,40,0.55,10,14,0.714,11,35,46,23,5,2,15,16,17.0
1612709890,AUS,Austin Spurs,2022400129,2025-01-17,240,133,48,83,0.578,17,36,0.472,14,17,0.824,8,34,42,32,14,7,22,25,23.0,1612709908,RGV,Rio Grande Valley Vipers,110,39,85,0.459,12,32,0.375,12,19,0.632,11,26,37,19,14,5,21,22,-23.0
1610612764,WAS,Washington Wizards,0022400573,2025-01-16,239,123,46,92,0.5,13,41,0.317,18,27,0.667,12,33,45,28,13,4,13,22,-7.0,1610612756,PHX,Phoenix Suns,130,44,85,0.518,16,33,0.485,26,31,0.839,10,37,47,33,10,4,16,23,7.0
1612709928,CCG,Capital City Go-Go,2022400121,2025-01-16,240,110,38,74,0.514,12,35,0.343,13,15,0.867,10,33,43,25,5,11,24,21,1.0,1612709924,SDC,San Diego Clippers,109,42,102,0.412,7,21,0.333,11,15,0.733,20,23,43,19,14,6,10,21,-1.0
1612709915,MNE,Maine Celtics,2022400123,2025-01-16,255,123,46,94,0.489,19,41,0.463,8,16,0.5,12,29,41,26,7,2,12,19,1.0,1612709929,CPS,College Park Skyhawks,122,46,92,0.5,10,30,0.333,14,18,0.778,14,35,49,21,7,4,14,19,-1.0
1612709926,MHU,Memphis Hustle,2022400124,2025-01-16,239,135,46,100,0.46,17,47,0.362,16,23,0.696,18,39,57,29,11,6,13,24,14.0,1612709933,RCR,Rip City Remix,121,44,96,0.458,16,53,0.302,11,15,0.733,10,33,43,31,7,3,16,26,-14.0
1612709903,SLC,Salt Lake City Stars,2022400125,2025-01-16,240,111,43,87,0.494,17,41,0.415,5,8,0.625,7,27,34,31,11,7,14,20,-9.0,1612709914,STO,Stockton Kings,120,41,90,0.456,22,51,0.431,11,13,0.846,12,34,46,32,6,8,15,14,9.0
1610612760,OKC,Oklahoma City Thunder,0022400574,2025-01-16,240,134,53,105,0.505,18,53,0.34,10,11,0.909,8,31,39,25,12,5,6,20,20.0,1610612739,CLE,Cleveland Cavaliers,114,42,90,0.467,13,42,0.31,17,21,0.81,11,38,49,32,2,5,21,11,-20.0
1610612757,POR,Portland Trail Blazers,0022400575,2025-01-16,241,89,34,91,0.374,9,34,0.265,12,13,0.923,14,23,37,24,9,1,16,17,-29.0,1610612746,LAC,LA Clippers,118,44,78,0.564,10,23,0.435,20,27,0.741,8,42,50,23,9,4,15,13,29.0
1612709917,GRG,Grand Rapids Gold,2022400122,2025-01-16,240,127,49,105,0.467,14,43,0.326,10,13,0.769,20,39,59,29,7,11,10,20,18.0,1612709920,RAP,Raptors 905,109,39,98,0.398,10,32,0.313,13,18,0.722,19,33,52,23,6,12,9,15,-18.0
1610612765,DET,Detroit Pistons,0022400572,2025-01-16,241,100,36,91,0.396,9,36,0.25,19,22,0.864,14,41,55,22,3,7,19,20,-11.0,1610612754,IND,Indiana Pacers,111,41,89,0.461,13,30,0.433,16,22,0.727,3,37,40,28,13,8,9,17,11.0
1610612758,SAC,Sacramento Kings,0022400576,2025-01-16,239,132,49,98,0.5,14,33,0.424,20,22,0.909,12,32,44,32,5,3,12,15,5.0,1610612745,HOU,Houston Rockets,127,49,93,0.527,12,33,0.364,17,24,0.708,12,34,46,24,10,6,14,18,-5.0
1612709926,MHU,Memphis Hustle,2022400119,2025-01-15,254,128,43,111,0.387,22,53,0.415,13,16,0.813,15,38,53,28,15,3,13,21,-4.0,1612709933,RCR,Rip City Remix,132,48,98,0.49,18,52,0.346,13,16,0.813,10,44,54,30,8,16,18,18,4.0
1610612749,MIL,Milwaukee Bucks,0022400564,2025-01-15,239,122,45,72,0.625,7,12,0.583,25,35,0.714,3,46,49,24,10,10,21,20,29.0,1610612753,ORL,Orlando Magic,93,33,95,0.347,12,46,0.261,15,21,0.714,9,23,32,24,13,1,13,24,-29.0
1612709911,IWA,Iowa Wolves,2022400118,2025-01-15,239,100,39,80,0.488,7,26,0.269,11,15,0.733,8,33,41,18,9,7,17,19,5.0,1612709922,GBO,Greensboro Swarm,95,35,83,0.422,7,32,0.219,10,12,0.833,9,34,43,19,6,5,16,20,-5.0
1610612762,UTA,Utah Jazz,0022400569,2025-01-15,241,112,43,93,0.462,16,43,0.372,10,17,0.588,9,27,36,30,5,4,10,18,-5.0,1610612766,CHA,Charlotte Hornets,117,45,85,0.529,12,39,0.308,15,21,0.714,11,34,45,27,6,6,18,16,5.0
1610612740,NOP,New Orleans Pelicans,0022400566,2025-01-15,240,119,43,97,0.443,13,39,0.333,20,24,0.833,15,34,49,24,11,8,10,20,3.0,1610612742,DAL,Dallas Mavericks,116,43,90,0.478,12,35,0.343,18,25,0.72,8,37,45,27,9,3,15,17,-3.0
1610612755,PHI,Philadelphia 76ers,0022400561,2025-01-15,264,119,46,92,0.5,13,35,0.371,14,14,1.0,11,24,35,27,8,2,12,19,-6.0,1610612752,NYK,New York Knicks,125,46,86,0.535,16,37,0.432,17,24,0.708,15,30,45,28,10,3,13,14,6.0
1612709932,MCC,Motor City Cruise,2022400116,2025-01-15,241,124,47,92,0.511,9,33,0.273,12,13,0.923,17,40,57,25,8,4,24,14,-13.0,1612709934,VAL,Valley Suns,137,50,100,0.5,25,58,0.431,6,8,0.75,8,26,34,33,18,5,12,14,13.0
1610612747,LAL,Los Angeles Lakers,0022400570,2025-01-15,240,117,47,90,0.522,13,34,0.382,10,14,0.714,6,28,34,33,12,4,6,12,9.0,1610612748,MIA,Miami Heat,108,39,73,0.534,16,36,0.444,14,15,0.933,3,34,37,25,3,6,19,13,-9.0
1610612750,MIN,Minnesota Timberwolves,0022400565,2025-01-15,240,115,38,86,0.442,17,37,0.459,22,29,0.759,16,25,41,21,4,7,9,17,-1.0,1610612744,GSW,Golden State Warriors,116,40,82,0.488,18,36,0.5,18,21,0.857,14,31,45,26,8,5,12,26,1.0
1612709923,WCB,Windy City Bulls,2022400120,2025-01-15,241,129,51,85,0.6,14,32,0.438,6,9,0.667,8,38,46,37,9,9,16,15,20.0,1612709913,BHM,Birmingham Squadron,109,41,96,0.427,16,35,0.457,6,10,0.6,17,25,42,22,10,5,13,11,-20.0
1610612759,SAS,San Antonio Spurs,0022400567,2025-01-15,241,115,40,89,0.449,16,43,0.372,19,27,0.704,7,37,44,22,5,11,11,17,-14.0,1610612763,MEM,Memphis Grizzlies,129,51,103,0.495,16,38,0.421,11,17,0.647,14,38,52,28,7,5,8,19,14.0
1610612761,TOR,Toronto Raptors,0022400562,2025-01-15,240,110,45,89,0.506,11,34,0.324,9,15,0.6,13,43,56,35,4,4,10,19,13.0,1610612738,BOS,Boston Celtics,97,36,91,0.396,16,46,0.348,9,18,0.5,13,32,45,24,6,8,9,16,-13.0
1612709919,WES,Westchester Knicks,2022400117,2025-01-15,240,114,42,97,0.433,13,47,0.277,10,16,0.625,18,38,56,26,9,6,17,18,4.0,1612709927,WIS,Wisconsin Herd,110,43,95,0.453,14,45,0.311,5,9,0.556,7,36,43,28,8,10,13,24,-4.0
1610612741,CHI,Chicago Bulls,0022400563,2025-01-15,240,94,39,88,0.443,6,27,0.222,10,10,1.0,8,45,53,23,5,5,20,15,-16.0,1610612737,ATL,Atlanta Hawks,110,41,100,0.41,13,43,0.302,15,22,0.682,14,37,51,28,11,5,9,15,16.0
1610612746,LAC,LA Clippers,0022400571,2025-01-15,239,126,43,79,0.544,12,32,0.375,28,30,0.933,6,40,46,26,13,3,14,17,59.0,1610612751,BKN,Brooklyn Nets,67,25,83,0.301,5,28,0.179,12,22,0.545,15,24,39,15,9,2,20,16,-59.0
1610612743,DEN,Denver Nuggets,0022400568,2025-01-15,242,108,40,75,0.533,14,29,0.483,14,21,0.667,9,27,36,22,4,7,18,16,-20.0,1610612745,HOU,Houston Rockets,128,49,94,0.521,17,38,0.447,13,17,0.765,14,26,40,28,14,6,8,19,20.0
1610612757,POR,Portland Trail Blazers,0022400560,2025-01-14,240,114,39,86,0.453,17,38,0.447,19,24,0.792,13,25,38,20,8,3,17,16,-18.0,1610612751,BKN,Brooklyn Nets,132,49,90,0.544,19,41,0.463,15,18,0.833,10,34,44,36,11,2,11,21,18.0
1610612742,DAL,Dallas Mavericks,0022400559,2025-01-14,239,99,38,90,0.422,9,32,0.281,14,22,0.636,8,22,30,27,14,6,12,17,-19.0,1610612743,DEN,Denver Nuggets,118,43,83,0.518,13,29,0.448,19,22,0.864,11,40,51,28,9,7,18,20,19.0
1612709889,OKL,Oklahoma City Blue,2022400114,2025-01-14,248,113,40,78,0.513,12,30,0.4,13,15,0.867,11,29,40,22,9,8,23,22,-3.0,1612709924,SDC,San Diego Clippers,116,41,88,0.466,14,36,0.389,11,13,0.846,12,23,35,24,12,8,17,20,3.0
1610612754,IND,Indiana Pacers,0022400554,2025-01-14,239,117,44,91,0.484,12,28,0.429,17,22,0.773,9,28,37,30,10,3,11,18,-10.0,1610612739,CLE,Cleveland Cavaliers,127,43,89,0.483,15,44,0.341,26,31,0.839,14,35,49,25,8,6,14,18,10.0
1610612755,PHI,Philadelphia 76ers,0022400555,2025-01-14,240,102,37,84,0.44,13,44,0.295,15,20,0.75,11,24,35,23,10,1,21,18,-16.0,1610612760,OKC,Oklahoma City Thunder,118,45,81,0.556,12,36,0.333,16,18,0.889,10,28,38,32,10,4,17,22,16.0
1612709903,SLC,Salt Lake City Stars,2022400115,2025-01-14,239,121,39,88,0.443,10,33,0.303,18,24,0.75,17,30,47,26,9,2,8,18,4.0,1612709914,STO,Stockton Kings,117,38,84,0.452,18,44,0.409,14,16,0.875,13,32,45,24,3,6,13,25,-4.0
1612709893,CLC,Cleveland Charge,2022400111,2025-01-14,262,108,38,100,0.38,17,53,0.321,9,14,0.643,23,36,59,27,11,7,18,18,-4.0,1612709929,CPS,College Park Skyhawks,112,42,99,0.424,19,49,0.388,8,12,0.667,15,34,49,30,15,3,15,16,4.0
1610612741,CHI,Chicago Bulls,0022400557,2025-01-14,240,113,45,102,0.441,14,43,0.326,9,12,0.75,18,39,57,31,8,6,15,19,-6.0,1610612740,NOP,New Orleans Pelicans,119,42,96,0.438,14,50,0.28,21,26,0.808,13,33,46,32,11,5,10,13,6.0
1612709917,GRG,Grand Rapids Gold,2022400112,2025-01-14,239,94,36,91,0.396,13,36,0.361,5,8,0.625,14,35,49,24,9,2,16,23,-14.0,1612709921,LIN,Long Island Nets,108,41,78,0.526,8,22,0.364,12,19,0.632,3,41,44,28,13,5,14,13,14.0
1612709919,WES,Westchester Knicks,2022400113,2025-01-14,240,124,39,96,0.406,12,35,0.343,19,21,0.905,19,35,54,22,8,10,12,21,7.0,1612709927,WIS,Wisconsin Herd,117,41,81,0.506,17,35,0.486,9,13,0.692,5,26,31,24,8,10,15,25,-7.0
1612709910,IMA,Indiana Mad Ants,2022400110,2025-01-14,239,111,43,90,0.478,12,28,0.429,7,10,0.7,10,30,40,26,12,9,15,11,9.0,1612709905,SBL,South Bay Lakers,102,39,78,0.5,12,31,0.387,6,6,1.0,6,30,36,27,10,8,19,13,-9.0
1610612737,ATL,Atlanta Hawks,0022400556,2025-01-14,241,122,43,98,0.439,17,41,0.415,19,26,0.731,20,34,54,22,10,3,12,21,5.0,1610612756,PHX,Phoenix Suns,117,43,84,0.512,13,35,0.371,18,27,0.667,6,31,37,28,10,4,13,17,-5.0
1610612749,MIL,Milwaukee Bucks,0022400558,2025-01-14,242,130,49,99,0.495,17,45,0.378,15,18,0.833,11,41,52,32,2,4,7,21,15.0,1610612758,SAC,Sacramento Kings,115,42,95,0.442,17,42,0.405,14,18,0.778,9,36,45,25,4,5,9,16,-15.0
1610612764,WAS,Washington Wizards,0022400548,2025-01-13,240,106,40,91,0.44,17,40,0.425,9,15,0.6,8,26,34,27,13,3,11,18,-14.0,1610612750,MIN,Minnesota Timberwolves,120,41,83,0.494,14,37,0.378,24,31,0.774,14,39,53,20,8,6,18,15,14.0
1612709928,CCG,Capital City Go-Go,2022400106,2025-01-13,240,118,44,86,0.512,11,33,0.333,13,16,0.813,9,35,44,29,6,3,18,25,-4.0,1612709915,MNE,Maine Celtics,122,45,95,0.474,15,38,0.395,13,20,0.65,11,31,42,29,10,4,10,22,4.0
1610612747,LAL,Los Angeles Lakers,0022400552,2025-01-13,239,102,39,87,0.448,14,44,0.318,10,16,0.625,15,25,40,24,9,4,19,17,-24.0,1610612759,SAS,San Antonio Spurs,126,48,90,0.533,13,35,0.371,17,20,0.85,12,29,41,30,16,5,10,15,24.0
1610612746,LAC,LA Clippers,0022400553,2025-01-13,241,109,45,93,0.484,13,36,0.361,6,10,0.6,7,41,48,28,11,6,11,15,11.0,1610612748,MIA,Miami Heat,98,33,85,0.388,17,52,0.327,15,18,0.833,9,40,49,22,7,3,15,9,-11.0
1612709934,VAL,Valley Suns,2022400109,2025-01-13,240,113,41,94,0.436,11,43,0.256,12,14,0.857,9,38,47,23,4,6,5,22,-2.0,1612709902,SCW,Santa Cruz Warriors,115,41,93,0.441,15,38,0.395,11,16,0.688,12,40,52,23,4,3,8,19,2.0
1612709889,OKL,Oklahoma City Blue,2022400108,2025-01-13,239,117,41,87,0.471,18,44,0.409,11,17,0.647,9,34,43,33,9,9,17,24,-4.0,1612709920,RAP,Raptors 905,121,43,87,0.494,15,33,0.455,12,17,0.706,8,35,43,29,8,6,15,21,4.0
1610612752,NYK,New York Knicks,0022400549,2025-01-13,241,119,40,80,0.5,15,37,0.405,24,29,0.828,10,32,42,26,5,2,17,21,-5.0,1610612765,DET,Detroit Pistons,124,46,92,0.5,15,34,0.441,17,18,0.944,11,28,39,20,8,2,11,21,5.0
1610612745,HOU,Houston Rockets,0022400551,2025-01-13,239,120,41,81,0.506,16,31,0.516,22,31,0.71,15,25,40,28,13,8,22,16,2.0,1610612763,MEM,Memphis Grizzlies,118,45,84,0.536,14,32,0.438,14,21,0.667,8,23,31,15,17,2,17,25,-2.0
1610612761,TOR,Toronto Raptors,0022400550,2025-01-13,241,104,41,86,0.477,12,29,0.414,10,15,0.667,14,30,44,28,3,9,14,18,3.0,1610612744,GSW,Golden State Warriors,101,35,88,0.398,16,46,0.348,15,22,0.682,14,32,46,23,11,4,14,14,-3.0
1612709911,IWA,Iowa Wolves,2022400107,2025-01-13,240,114,41,100,0.41,14,43,0.326,11,15,0.733,22,30,52,19,10,6,24,26,-14.0,1612709933,RCR,Rip City Remix,128,45,90,0.5,12,35,0.343,16,22,0.727,12,30,42,25,17,6,19,20,14.0
1610612753,ORL,Orlando Magic,0022400544,2025-01-12,240,104,39,80,0.488,7,30,0.233,19,28,0.679,12,29,41,23,10,9,16,23,5.0,1610612755,PHI,Philadelphia 76ers,99,33,72,0.458,12,29,0.414,21,22,0.955,3,26,29,17,10,4,16,24,-5.0
1610612752,NYK,New York Knicks,0022400539,2025-01-12,239,140,51,88,0.58,18,41,0.439,20,24,0.833,10,39,49,29,6,4,11,18,34.0,1610612749,MIL,Milwaukee Bucks,106,43,94,0.457,10,34,0.294,10,17,0.588,15,24,39,22,6,3,14,20,-34.0
1610612739,CLE,Cleveland Cavaliers,0022400543,2025-01-12,241,93,33,83,0.398,11,41,0.268,16,18,0.889,6,38,44,24,4,5,13,18,-15.0,1610612754,IND,Indiana Pacers,108,43,92,0.467,11,35,0.314,11,18,0.611,9,41,50,30,11,7,10,22,15.0
1610612764,WAS,Washington Wizards,0022400545,2025-01-12,239,95,28,83,0.337,9,46,0.196,30,33,0.909,8,31,39,20,6,6,16,23,-41.0,1610612760,OKC,Oklahoma City Thunder,136,45,95,0.474,13,35,0.371,33,35,0.943,15,41,56,26,11,4,13,22,41.0
1612709929,CPS,College Park Skyhawks,2022400101,2025-01-12,238,98,33,90,0.367,10,39,0.256,12,14,0.857,14,29,43,22,13,2,14,19,-7.0,1612709932,MCC,Motor City Cruise,105,41,83,0.494,12,33,0.364,7,13,0.538,9,36,45,27,9,6,18,22,7.0
1612709910,IMA,Indiana Mad Ants,2022400105,2025-01-12,241,124,42,80,0.525,10,35,0.286,16,17,0.941,6,35,41,28,11,12,14,20,16.0,1612709921,LIN,Long Island Nets,108,42,91,0.462,9,27,0.333,10,13,0.769,9,29,38,28,9,4,17,24,-16.0
1612709927,WIS,Wisconsin Herd,2022400100,2025-01-12,242,139,47,93,0.505,19,45,0.422,15,19,0.789,9,35,44,37,15,5,14,21,21.0,1612709925,OSC,Osceola Magic,118,43,85,0.506,13,39,0.333,11,15,0.733,9,34,43,26,6,6,20,21,-21.0
1610612738,BOS,Boston Celtics,0022400542,2025-01-12,241,120,44,101,0.436,13,44,0.295,19,23,0.826,18,37,55,23,5,7,11,18,1.0,1610612740,NOP,New Orleans Pelicans,119,40,86,0.465,17,37,0.459,22,26,0.846,6,36,42,24,8,3,9,19,-1.0
1610612762,UTA,Utah Jazz,0022400546,2025-01-12,265,112,40,90,0.444,17,44,0.386,15,20,0.75,6,35,41,25,7,6,9,30,1.0,1610612751,BKN,Brooklyn Nets,111,39,92,0.424,10,40,0.25,23,35,0.657,15,39,54,26,5,5,8,17,-1.0
1612709909,DEL,Delaware Blue Coats,2022400103,2025-01-12,240,116,43,96,0.448,7,26,0.269,12,21,0.571,12,24,36,25,9,5,13,15,-22.0,1612709926,MHU,Memphis Hustle,138,54,93,0.581,14,34,0.412,10,12,0.833,9,42,51,31,11,5,19,33,22.0
1612709934,VAL,Valley Suns,2022400104,2025-01-12,239,130,48,94,0.511,18,40,0.45,10,16,0.625,11,37,48,28,9,3,10,17,17.0,1612709902,SCW,Santa Cruz Warriors,113,39,93,0.419,17,52,0.327,11,15,0.733,13,36,49,28,8,2,14,20,-17.0
1612709923,WCB,Windy City Bulls,2022400102,2025-01-12,239,99,40,88,0.455,7,21,0.333,7,8,0.875,11,38,49,21,8,11,13,19,12.0,1612709922,GBO,Greensboro Swarm,87,33,91,0.363,4,24,0.167,9,13,0.692,11,37,48,14,7,7,13,17,-12.0
1610612741,CHI,Chicago Bulls,0022400541,2025-01-12,241,119,43,93,0.462,18,37,0.486,15,20,0.75,8,37,45,26,4,4,7,18,-5.0,1610612758,SAC,Sacramento Kings,124,47,95,0.495,13,39,0.333,17,21,0.81,11,42,53,33,4,3,8,14,5.0
1610612756,PHX,Phoenix Suns,0022400547,2025-01-12,239,120,42,87,0.483,17,41,0.415,19,22,0.864,8,31,39,31,9,6,12,17,7.0,1610612766,CHA,Charlotte Hornets,113,41,92,0.446,15,40,0.375,16,20,0.8,15,37,52,30,10,2,16,20,-7.0
1610612742,DAL,Dallas Mavericks,0022400540,2025-01-12,242,101,35,85,0.412,12,34,0.353,19,25,0.76,8,29,37,27,7,5,12,20,-11.0,1610612743,DEN,Denver Nuggets,112,46,94,0.489,7,32,0.219,13,20,0.65,15,40,55,23,6,5,13,19,11.0
1610612757,POR,Portland Trail Blazers,0022400536,2025-01-11,239,98,36,95,0.379,13,45,0.289,13,19,0.684,16,35,51,24,6,6,16,15,-21.0,1610612748,MIA,Miami Heat,119,44,92,0.478,19,44,0.432,12,16,0.75,8,35,43,31,13,5,10,16,21.0
1610612756,PHX,Phoenix Suns,0022400533,2025-01-11,240,114,44,86,0.512,13,37,0.351,13,19,0.684,12,26,38,26,9,4,11,17,8.0,1610612762,UTA,Utah Jazz,106,42,96,0.438,9,42,0.214,13,18,0.722,21,29,50,26,6,2,13,18,-8.0
1610612750,MIN,Minnesota Timberwolves,0022400535,2025-01-11,240,125,47,83,0.566,17,42,0.405,14,19,0.737,7,34,41,37,7,5,18,16,-2.0,1610612763,MEM,Memphis Grizzlies,127,48,108,0.444,16,41,0.39,15,19,0.789,21,25,46,25,13,3,13,20,2.0
1612709908,RGV,Rio Grande Valley Vipers,2022400098,2025-01-11,240,132,50,102,0.49,20,47,0.426,8,13,0.615,19,26,45,30,12,9,16,27,19.0,1612709911,IWA,Iowa Wolves,113,40,83,0.482,5,25,0.2,16,19,0.842,10,32,42,18,9,9,21,16,-19.0
1612709915,MNE,Maine Celtics,2022400095,2025-01-11,242,99,38,85,0.447,14,40,0.35,5,12,0.417,10,33,43,22,3,6,16,20,-17.0,1612709920,RAP,Raptors 905,116,40,80,0.5,17,35,0.486,10,16,0.625,10,37,47,31,8,5,10,23,17.0
1612709890,AUS,Austin Spurs,2022400097,2025-01-11,240,92,30,83,0.361,11,48,0.229,12,17,0.706,12,34,46,18,10,6,23,23,-10.0,1612709889,OKL,Oklahoma City Blue,102,33,91,0.363,5,30,0.167,19,20,0.95,17,39,56,14,11,4,16,23,10.0
1612709914,STO,Stockton Kings,2022400099,2025-01-11,240,113,39,85,0.459,17,40,0.425,12,14,0.857,13,27,40,29,14,8,13,20,6.0,1612709905,SBL,South Bay Lakers,107,39,81,0.481,14,36,0.389,8,12,0.667,15,27,42,26,7,7,18,16,-6.0
1612709913,BHM,Birmingham Squadron,2022400096,2025-01-11,240,113,40,80,0.5,11,23,0.478,13,15,0.867,9,41,50,21,4,7,17,21,5.0,1612709928,CCG,Capital City Go-Go,108,37,83,0.446,17,41,0.415,11,15,0.733,6,26,32,24,9,6,12,23,-5.0
1612709893,CLC,Cleveland Charge,2022400094,2025-01-11,240,113,40,85,0.471,14,38,0.368,11,18,0.611,23,32,55,27,9,3,21,15,10.0,1612709917,GRG,Grand Rapids Gold,103,39,87,0.448,12,34,0.353,10,13,0.769,15,23,38,23,13,4,17,22,-10.0
1610612765,DET,Detroit Pistons,0022400534,2025-01-11,240,123,44,84,0.524,19,33,0.576,16,21,0.762,7,39,46,35,8,5,15,22,9.0,1610612761,TOR,Toronto Raptors,114,40,92,0.435,16,38,0.421,18,27,0.667,15,30,45,27,12,3,12,21,-9.0
1612709923,WCB,Windy City Bulls,2022400093,2025-01-11,240,90,38,74,0.514,8,25,0.32,4,11,0.364,8,23,31,18,10,8,18,24,-9.0,1612709922,GBO,Greensboro Swarm,99,35,82,0.427,6,18,0.333,13,16,0.813,16,27,43,18,10,5,18,19,9.0
1610612741,CHI,Chicago Bulls,0022400530,2025-01-10,240,138,53,95,0.558,23,49,0.469,9,14,0.643,11,44,55,39,11,7,13,12,33.0,1610612764,WAS,Washington Wizards,105,39,98,0.398,18,46,0.391,9,13,0.692,13,32,45,26,6,4,15,15,-33.0
1612709924,SDC,San Diego Clippers,2022400092,2025-01-10,241,105,40,87,0.46,12,30,0.4,8,11,0.727,12,41,53,24,10,4,16,19,16.0,1612709918,TEX,Texas Legends,89,31,94,0.33,10,40,0.25,9,12,0.75,20,28,48,18,7,10,13,16,-16.0
1610612754,IND,Indiana Pacers,0022400525,2025-01-10,240,108,43,82,0.524,9,27,0.333,13,19,0.684,8,40,48,27,8,8,15,13,12.0,1610612744,GSW,Golden State Warriors,96,38,91,0.418,10,38,0.263,10,13,0.769,11,31,42,25,11,2,13,19,-12.0
1610612738,BOS,Boston Celtics,0022400528,2025-01-10,238,97,34,84,0.405,11,41,0.268,18,22,0.818,8,35,43,22,5,7,15,14,-17.0,1610612758,SAC,Sacramento Kings,114,44,102,0.431,18,47,0.383,8,9,0.889,16,40,56,26,11,8,9,18,17.0
1612709919,WES,Westchester Knicks,2022400088,2025-01-10,241,102,34,92,0.37,14,50,0.28,11,18,0.611,16,27,43,16,3,4,18,18,-50.0,1612709904,SXF,Sioux Falls Skyforce,152,58,99,0.586,12,31,0.387,15,17,0.882,12,38,50,32,13,7,7,25,50.0
1612709893,CLC,Cleveland Charge,2022400086,2025-01-10,240,105,44,89,0.494,6,32,0.188,9,15,0.6,8,29,37,27,10,6,17,14,-19.0,1612709917,GRG,Grand Rapids Gold,124,47,93,0.505,20,44,0.455,5,10,0.5,12,39,51,33,14,6,19,17,19.0
1612709890,AUS,Austin Spurs,2022400089,2025-01-10,239,145,53,93,0.57,17,41,0.415,12,17,0.706,16,50,66,24,10,8,14,23,59.0,1612709934,VAL,Valley Suns,86,28,88,0.318,12,42,0.286,10,14,0.714,10,25,35,19,4,2,17,23,-59.0
1612709913,BHM,Birmingham Squadron,2022400090,2025-01-10,241,99,39,89,0.438,8,27,0.296,7,10,0.7,14,22,36,21,14,6,21,14,-35.0,1612709928,CCG,Capital City Go-Go,134,49,90,0.544,16,37,0.432,11,12,0.917,12,37,49,33,14,7,19,13,35.0
1610612755,PHI,Philadelphia 76ers,0022400527,2025-01-10,240,115,42,91,0.462,14,38,0.368,17,19,0.895,11,31,42,23,7,3,9,25,-8.0,1610612740,NOP,New Orleans Pelicans,123,44,91,0.484,18,40,0.45,17,26,0.654,12,32,44,31,7,8,12,16,8.0
1610612743,DEN,Denver Nuggets,0022400531,2025-01-10,240,124,45,87,0.517,9,24,0.375,25,33,0.758,12,37,49,34,12,5,14,18,19.0,1610612751,BKN,Brooklyn Nets,105,38,90,0.422,14,45,0.311,15,19,0.789,10,29,39,26,9,5,17,24,-19.0
1610612753,ORL,Orlando Magic,0022400526,2025-01-10,239,106,37,86,0.43,14,40,0.35,18,26,0.692,12,32,44,20,8,5,10,19,-3.0,1610612749,MIL,Milwaukee Bucks,109,43,83,0.518,9,25,0.36,14,23,0.609,7,36,43,18,10,5,11,18,3.0
1610612752,NYK,New York Knicks,0022400529,2025-01-10,239,101,37,96,0.385,4,31,0.129,23,23,1.0,16,27,43,18,7,3,10,15,-25.0,1610612760,OKC,Oklahoma City Thunder,126,48,89,0.539,14,27,0.519,16,18,0.889,8,38,46,20,9,9,15,23,25.0
1612709915,MNE,Maine Celtics,2022400087,2025-01-10,261,119,39,88,0.443,11,37,0.297,19,27,0.704,12,36,48,23,11,6,18,25,-2.0,1612709920,RAP,Raptors 905,121,41,89,0.461,11,28,0.393,18,24,0.75,13,34,47,29,9,5,18,30,2.0
1612709910,IMA,Indiana Mad Ants,2022400085,2025-01-10,240,119,47,93,0.505,17,38,0.447,5,8,0.625,11,32,43,31,11,7,8,15,11.0,1612709925,OSC,Osceola Magic,108,42,86,0.488,16,45,0.356,4,8,0.5,11,33,44,26,8,4,14,12,-11.0
1612709931,MXC,Mexico City Capitanes,2022400091,2025-01-10,239,123,49,90,0.544,11,31,0.355,9,12,0.75,12,42,54,28,8,3,17,22,26.0,1612709909,DEL,Delaware Blue Coats,97,32,87,0.368,7,38,0.184,16,23,0.696,16,30,46,16,12,3,15,19,-26.0
1612709931,MXC,Mexico City Capitanes,2022400082,2025-01-09,240,105,41,86,0.477,12,36,0.333,9,10,0.9,12,37,49,25,6,4,19,25,12.0,1612709909,DEL,Delaware Blue Coats,93,30,92,0.326,8,40,0.2,14,20,0.7,21,33,54,13,11,4,12,17,-12.0
1612709908,RGV,Rio Grande Valley Vipers,2022400081,2025-01-09,240,130,44,90,0.489,20,49,0.408,13,16,0.813,12,35,47,29,11,10,14,19,12.0,1612709889,OKL,Oklahoma City Blue,118,47,93,0.505,16,33,0.485,5,10,0.5,10,33,43,29,9,5,17,18,-12.2
1612709921,LIN,Long Island Nets,2022400080,2025-01-09,239,94,32,79,0.405,9,22,0.409,12,18,0.667,18,38,56,16,4,3,15,22,-1.0,1612709929,CPS,College Park Skyhawks,95,29,82,0.354,14,43,0.326,13,14,0.929,7,30,37,17,9,8,12,20,1.0
1610612742,DAL,Dallas Mavericks,0022400521,2025-01-09,240,117,40,88,0.455,10,30,0.333,27,30,0.9,16,37,53,26,8,7,14,18,6.0,1610612757,POR,Portland Trail Blazers,111,39,93,0.419,16,36,0.444,17,20,0.85,14,29,43,24,6,7,12,22,-6.0
1610612753,ORL,Orlando Magic,0022400519,2025-01-09,240,89,33,87,0.379,10,40,0.25,13,19,0.684,13,34,47,21,4,10,14,22,-15.0,1610612750,MIN,Minnesota Timberwolves,104,34,85,0.4,12,34,0.353,24,31,0.774,14,36,50,21,9,4,8,19,15.0
1612709924,SDC,San Diego Clippers,2022400084,2025-01-09,240,86,32,73,0.438,11,37,0.297,7,14,0.5,5,37,42,24,7,7,21,10,-13.0,1612709918,TEX,Texas Legends,99,39,91,0.429,17,43,0.395,3,3,1.0,8,35,43,24,12,5,12,18,13.0
1610612762,UTA,Utah Jazz,0022400523,2025-01-09,241,92,33,83,0.398,11,36,0.306,15,17,0.882,11,38,49,20,9,7,16,15,-5.0,1610612748,MIA,Miami Heat,97,36,91,0.396,14,50,0.28,11,15,0.733,13,36,49,26,10,7,14,12,5.0
1610612765,DET,Detroit Pistons,0022400518,2025-01-09,240,104,39,86,0.453,14,39,0.359,12,16,0.75,7,33,40,25,7,7,14,19,-3.0,1610612744,GSW,Golden State Warriors,107,41,89,0.461,15,46,0.326,10,16,0.625,15,34,49,32,9,7,15,18,3.0
1610612739,CLE,Cleveland Cavaliers,0022400517,2025-01-09,241,132,47,89,0.528,18,45,0.4,20,25,0.8,16,26,42,31,8,3,11,11,6.0,1610612761,TOR,Toronto Raptors,126,53,89,0.596,14,31,0.452,6,13,0.462,9,28,37,34,9,2,12,17,-6.0
1610612763,MEM,Memphis Grizzlies,0022400520,2025-01-09,239,115,42,84,0.5,10,32,0.313,21,30,0.7,10,33,43,20,9,8,19,28,-4.0,1610612745,HOU,Houston Rockets,119,41,96,0.427,13,34,0.382,24,41,0.585,16,28,44,21,13,3,12,23,4.0
1612709903,SLC,Salt Lake City Stars,2022400083,2025-01-09,241,133,46,79,0.582,14,33,0.424,16,21,0.762,12,25,37,26,12,3,16,18,9.0,1612709911,IWA,Iowa Wolves,124,46,85,0.541,15,38,0.395,10,12,0.833,9,22,31,23,7,2,20,26,-9.0
1610612756,PHX,Phoenix Suns,0022400522,2025-01-09,239,123,49,85,0.576,13,33,0.394,12,15,0.8,12,30,42,33,7,6,16,15,8.0,1610612737,ATL,Atlanta Hawks,115,42,86,0.488,15,32,0.469,16,17,0.941,8,24,32,32,11,3,11,19,-8.0
1612709910,IMA,Indiana Mad Ants,2022400077,2025-01-08,240,98,37,86,0.43,10,38,0.263,8,9,0.889,9,28,37,27,7,3,14,23,-20.0,1612709925,OSC,Osceola Magic,118,38,76,0.5,15,33,0.455,13,16,0.813,8,33,41,22,7,10,10,14,20.0
1610612739,CLE,Cleveland Cavaliers,0022400509,2025-01-08,240,129,47,90,0.522,15,36,0.417,20,27,0.741,12,28,40,36,7,2,15,20,7.0,1610612760,OKC,Oklahoma City Thunder,122,48,90,0.533,11,31,0.355,15,17,0.882,9,29,38,35,9,5,13,24,-7.0
1610612755,PHI,Philadelphia 76ers,0022400512,2025-01-08,239,109,40,88,0.455,15,44,0.341,14,19,0.737,10,26,36,21,8,11,7,14,6.0,1610612764,WAS,Washington Wizards,103,42,94,0.447,13,30,0.433,6,9,0.667,18,33,51,26,3,6,17,18,-6.0
1610612740,NOP,New Orleans Pelicans,0022400514,2025-01-08,240,100,40,90,0.444,12,37,0.324,8,11,0.727,18,23,41,19,11,3,17,15,-19.0,1610612757,POR,Portland Trail Blazers,119,48,88,0.545,13,36,0.361,10,13,0.769,15,29,44,24,11,7,13,14,19.0
1610612751,BKN,Brooklyn Nets,0022400513,2025-01-08,241,98,33,86,0.384,13,39,0.333,19,21,0.905,9,29,38,24,10,4,15,15,-15.0,1610612765,DET,Detroit Pistons,113,45,86,0.523,15,37,0.405,8,12,0.667,7,35,42,30,9,9,13,20,15.0
1610612754,IND,Indiana Pacers,0022400510,2025-01-08,239,129,52,100,0.52,10,29,0.345,15,24,0.625,15,31,46,37,11,1,8,19,16.0,1610612741,CHI,Chicago Bulls,113,44,86,0.512,12,35,0.343,13,19,0.684,9,30,39,23,6,6,18,24,-16.0
1610612743,DEN,Denver Nuggets,0022400515,2025-01-08,238,126,49,89,0.551,17,35,0.486,11,17,0.647,7,38,45,29,7,3,11,24,23.0,1610612746,LAC,LA Clippers,103,30,80,0.375,11,38,0.289,32,40,0.8,9,31,40,14,8,6,11,15,-23.0
1610612749,MIL,Milwaukee Bucks,0022400516,2025-01-08,240,121,44,92,0.478,19,42,0.452,14,20,0.7,10,47,57,26,7,4,10,16,16.0,1610612759,SAS,San Antonio Spurs,105,35,95,0.368,18,52,0.346,17,20,0.85,12,34,46,24,8,5,9,14,-16.0
1612709914,STO,Stockton Kings,2022400079,2025-01-08,240,102,39,94,0.415,9,38,0.237,10,16,0.625,11,38,49,25,10,13,16,18,-9.0,1612709934,VAL,Valley Suns,111,40,96,0.417,12,45,0.267,13,14,0.929,14,46,60,23,8,5,17,20,9.0
1610612752,NYK,New York Knicks,0022400511,2025-01-08,238,112,42,88,0.477,12,33,0.364,16,20,0.8,15,28,43,24,9,4,12,15,14.0,1610612761,TOR,Toronto Raptors,98,38,77,0.494,10,26,0.385,12,15,0.8,8,25,33,25,9,6,16,15,-14.0
1612709919,WES,Westchester Knicks,2022400078,2025-01-08,241,118,41,93,0.441,14,34,0.412,11,15,0.733,17,46,63,27,4,5,18,15,21.0,1612709904,SXF,Sioux Falls Skyforce,97,39,95,0.411,7,37,0.189,7,9,0.778,8,25,33,24,12,7,8,22,-21.0
1612709910,IMA,Indiana Mad Ants,2022400069,2025-01-07,240,118,46,80,0.575,9,26,0.346,10,15,0.667,11,31,42,29,8,3,14,16,3.0,1612709915,MNE,Maine Celtics,115,39,84,0.464,14,43,0.326,13,16,0.813,13,26,39,27,9,2,11,20,-3.0
1612709928,CCG,Capital City Go-Go,2022400070,2025-01-07,241,133,45,85,0.529,22,45,0.489,13,15,0.867,10,27,37,32,11,7,19,22,25.0,1612709893,CLC,Cleveland Charge,108,40,85,0.471,9,35,0.257,10,15,0.667,16,26,42,23,14,3,21,24,-25.0
1610612744,GSW,Golden State Warriors,0022400508,2025-01-07,240,98,40,98,0.408,14,50,0.28,4,5,0.8,11,41,52,28,9,6,10,15,-16.0,1610612748,MIA,Miami Heat,114,43,91,0.473,16,40,0.4,12,17,0.706,9,39,48,32,6,3,9,9,16.0
1612709921,LIN,Long Island Nets,2022400071,2025-01-07,240,112,39,86,0.453,8,24,0.333,16,18,0.889,11,32,43,22,12,3,11,7,8.0,1612709913,BHM,Birmingham Squadron,104,42,91,0.462,14,39,0.359,3,3,1.0,10,32,42,34,6,5,18,19,-8.0
1610612740,NOP,New Orleans Pelicans,0022400505,2025-01-07,241,97,35,94,0.372,12,41,0.293,15,24,0.625,13,33,46,23,12,5,14,18,-7.0,1610612750,MIN,Minnesota Timberwolves,104,38,89,0.427,15,44,0.341,13,19,0.684,11,42,53,26,9,8,16,17,7.0
1612709924,SDC,San Diego Clippers,2022400075,2025-01-07,241,85,30,90,0.333,10,32,0.313,8,10,0.8,20,28,48,20,11,9,20,23,-6.0,1612709903,SLC,Salt Lake City Stars,91,33,95,0.347,8,40,0.2,11,16,0.688,25,35,60,23,13,8,19,18,6.0
1610612742,DAL,Dallas Mavericks,0022400504,2025-01-07,238,118,45,86,0.523,18,38,0.474,10,14,0.714,11,33,44,29,7,0,10,16,21.0,1610612747,LAL,Los Angeles Lakers,97,34,75,0.453,11,35,0.314,18,24,0.75,5,28,33,20,7,6,10,13,-21.0
1612709932,MCC,Motor City Cruise,2022400072,2025-01-07,240,75,26,79,0.329,7,29,0.241,10,13,0.769,11,24,35,13,11,7,19,20,-17.6,1612709922,GBO,Greensboro Swarm,92,32,82,0.39,6,26,0.231,13,15,0.867,20,32,52,21,8,9,19,17,17.0
1610612743,DEN,Denver Nuggets,0022400507,2025-01-07,240,106,40,87,0.46,14,36,0.389,12,15,0.8,13,26,39,22,6,6,16,17,-12.0,1610612738,BOS,Boston Celtics,118,44,88,0.5,12,35,0.343,18,20,0.9,11,30,41,30,11,7,11,13,12.0
1612709905,SBL,South Bay Lakers,2022400076,2025-01-07,239,99,39,88,0.443,13,43,0.302,6,8,0.75,14,32,46,29,10,5,22,25,-4.0,1612709909,DEL,Delaware Blue Coats,103,38,85,0.447,11,34,0.324,11,19,0.579,10,31,41,21,16,3,17,15,4.0
1612709911,IWA,Iowa Wolves,2022400073,2025-01-07,240,101,40,98,0.408,13,34,0.382,4,10,0.4,18,22,40,22,17,2,14,17,-11.0,1612709902,SCW,Santa Cruz Warriors,112,43,75,0.573,16,38,0.421,6,10,0.6,7,38,45,32,9,8,23,17,11.0
1612709908,RGV,Rio Grande Valley Vipers,2022400074,2025-01-07,240,125,47,100,0.47,18,50,0.36,7,10,0.7,16,33,49,28,9,5,13,30,-5.0,1612709889,OKL,Oklahoma City Blue,130,45,84,0.536,15,41,0.366,15,24,0.625,10,34,44,24,6,5,15,18,5.0
1610612764,WAS,Washington Wizards,0022400503,2025-01-07,240,112,41,89,0.461,15,40,0.375,15,20,0.75,16,27,43,21,6,4,18,19,-23.0,1610612745,HOU,Houston Rockets,135,50,97,0.515,15,38,0.395,20,23,0.87,19,30,49,31,15,2,10,17,23.0
1610612766,CHA,Charlotte Hornets,0022400502,2025-01-07,241,115,38,98,0.388,13,47,0.277,26,29,0.897,20,39,59,23,9,5,11,19,11.0,1610612756,PHX,Phoenix Suns,104,39,92,0.424,8,33,0.242,18,19,0.947,8,34,42,27,3,4,11,23,-11.0
1610612762,UTA,Utah Jazz,0022400506,2025-01-07,240,121,40,96,0.417,19,48,0.396,22,25,0.88,13,34,47,25,8,4,15,17,-3.0,1610612737,ATL,Atlanta Hawks,124,47,98,0.48,18,44,0.409,12,15,0.8,12,32,44,35,6,11,10,22,3.0
1610612763,MEM,Memphis Grizzlies,0022400499,2025-01-06,239,119,40,88,0.455,12,35,0.343,27,35,0.771,13,42,55,24,11,5,13,17,15.0,1610612742,DAL,Dallas Mavericks,104,40,98,0.408,13,36,0.361,11,15,0.733,13,37,50,25,7,8,15,22,-15.0
1610612751,BKN,Brooklyn Nets,0022400495,2025-01-06,241,99,41,98,0.418,10,33,0.303,7,11,0.636,20,31,51,23,8,3,14,19,-14.0,1610612754,IND,Indiana Pacers,113,40,79,0.506,12,31,0.387,21,23,0.913,5,30,35,22,8,5,10,17,14.0
1612709933,RCR,Rip City Remix,2022400068,2025-01-06,241,105,39,95,0.411,9,42,0.214,10,14,0.714,12,35,47,25,9,2,18,18,-24.0,1612709914,STO,Stockton Kings,129,49,88,0.557,16,32,0.5,8,13,0.615,6,37,43,31,10,10,14,23,24.0
1610612755,PHI,Philadelphia 76ers,0022400494,2025-01-06,240,99,34,87,0.391,15,40,0.375,16,26,0.615,12,34,46,20,6,4,10,19,-10.0,1610612756,PHX,Phoenix Suns,109,41,81,0.506,14,31,0.452,13,19,0.684,4,40,44,32,7,4,12,18,10.0
1612709918,TEX,Texas Legends,2022400065,2025-01-06,239,79,32,86,0.372,9,34,0.265,4,10,0.4,11,30,41,11,12,3,17,20,-24.0,1612709890,AUS,Austin Spurs,103,37,84,0.44,10,33,0.303,11,12,0.917,10,40,50,22,9,4,18,18,24.0
1610612752,NYK,New York Knicks,0022400496,2025-01-06,239,94,36,81,0.444,4,22,0.182,18,22,0.818,11,27,38,16,4,3,12,18,-9.0,1610612753,ORL,Orlando Magic,103,39,78,0.5,11,31,0.355,14,18,0.778,9,30,39,23,7,5,9,19,9.0
1610612761,TOR,Toronto Raptors,0022400497,2025-01-06,239,104,41,91,0.451,9,35,0.257,13,21,0.619,10,25,35,27,11,4,15,15,-24.0,1610612749,MIL,Milwaukee Bucks,128,47,82,0.573,22,44,0.5,12,15,0.8,7,39,46,37,7,8,21,19,24.0
1612709921,LIN,Long Island Nets,2022400066,2025-01-06,240,96,39,88,0.443,4,20,0.2,8,11,0.727,12,36,48,18,7,4,17,17,-2.0,1612709904,SXF,Sioux Falls Skyforce,98,40,82,0.488,11,31,0.355,5,8,0.625,5,31,36,24,8,6,12,19,2.0
1610612750,MIN,Minnesota Timberwolves,0022400500,2025-01-06,239,108,41,92,0.446,16,39,0.41,10,17,0.588,17,38,55,24,6,5,14,20,2.0,1610612746,LAC,LA Clippers,106,37,89,0.416,12,35,0.343,20,25,0.8,14,35,49,23,9,10,13,19,-2.0
1610612758,SAC,Sacramento Kings,0022400501,2025-01-06,289,123,45,108,0.417,13,38,0.342,20,26,0.769,18,42,60,30,7,8,15,20,5.0,1610612748,MIA,Miami Heat,118,43,102,0.422,11,42,0.262,21,27,0.778,12,41,53,25,14,6,13,19,-5.0
1612709923,WCB,Windy City Bulls,2022400064,2025-01-06,240,124,48,86,0.558,13,33,0.394,10,13,0.769,14,35,49,31,8,9,16,19,30.0,1612709917,GRG,Grand Rapids Gold,94,35,83,0.422,9,30,0.3,11,18,0.611,11,20,31,23,7,4,15,20,-30.0
1610612765,DET,Detroit Pistons,0022400493,2025-01-06,239,118,42,94,0.447,15,43,0.349,19,22,0.864,17,28,45,23,9,4,14,15,3.0,1610612757,POR,Portland Trail Blazers,115,48,90,0.533,16,35,0.457,3,5,0.6,7,31,38,32,6,4,16,18,-3.0
1612709919,WES,Westchester Knicks,2022400067,2025-01-06,251,149,50,106,0.472,21,48,0.438,16,21,0.762,17,30,47,34,12,5,13,18,4.0,1612709925,OSC,Osceola Magic,145,55,104,0.529,16,40,0.4,12,12,1.0,13,32,45,31,9,8,16,22,-4.0
1610612741,CHI,Chicago Bulls,0022400498,2025-01-06,239,114,44,102,0.431,13,39,0.333,13,15,0.867,14,33,47,25,12,4,13,9,4.0,1610612759,SAS,San Antonio Spurs,110,44,95,0.463,15,46,0.326,7,12,0.583,13,36,49,31,8,12,17,18,-4.0
1612709915,MNE,Maine Celtics,2022400060,2025-01-05,240,103,36,83,0.434,19,48,0.396,7,7,1.0,8,35,43,22,9,3,16,13,10.6,1612709913,BHM,Birmingham Squadron,90,35,80,0.438,7,29,0.241,7,9,0.778,8,34,42,20,9,6,15,17,-10.6
1612709929,CPS,College Park Skyhawks,2022400062,2025-01-05,240,123,44,90,0.489,14,39,0.359,11,14,0.786,8,33,41,29,10,8,8,15,12.0,1612709927,WIS,Wisconsin Herd,111,40,85,0.471,20,44,0.455,7,9,0.778,9,37,46,26,4,8,20,18,-12.0
1610612745,HOU,Houston Rockets,0022400491,2025-01-05,240,119,47,99,0.475,14,40,0.35,11,19,0.579,18,31,49,19,3,4,6,22,4.0,1610612747,LAL,Los Angeles Lakers,115,38,78,0.487,16,36,0.444,23,28,0.821,10,29,39,26,4,5,10,21,-4.0
1610612744,GSW,Golden State Warriors,0022400492,2025-01-05,240,99,37,81,0.457,12,35,0.343,13,18,0.722,9,26,35,22,10,3,22,21,-30.0,1610612758,SAC,Sacramento Kings,129,45,87,0.517,19,43,0.442,20,22,0.909,10,33,43,31,15,3,15,19,30.0
1610612760,OKC,Oklahoma City Thunder,0022400487,2025-01-05,241,105,39,87,0.448,16,38,0.421,11,13,0.846,9,37,46,22,11,6,15,18,13.0,1610612738,BOS,Boston Celtics,92,31,85,0.365,9,46,0.196,21,24,0.875,12,36,48,17,6,5,16,18,-13.0
1610612753,ORL,Orlando Magic,0022400490,2025-01-05,239,92,35,98,0.357,14,47,0.298,8,13,0.615,14,29,43,25,8,4,11,21,-13.0,1610612762,UTA,Utah Jazz,105,39,81,0.481,11,32,0.344,16,18,0.889,11,39,50,21,6,5,22,19,13.0
1610612764,WAS,Washington Wizards,0022400489,2025-01-05,240,98,38,89,0.427,11,41,0.268,11,14,0.786,9,37,46,25,6,4,15,18,-12.0,1610612740,NOP,New Orleans Pelicans,110,37,90,0.411,18,49,0.367,18,20,0.9,11,38,49,26,7,8,11,13,12.0
1610612739,CLE,Cleveland Cavaliers,0022400488,2025-01-05,239,115,44,92,0.478,15,43,0.349,12,16,0.75,9,32,41,29,5,5,12,17,10.0,1610612766,CHA,Charlotte Hornets,105,38,91,0.418,15,42,0.357,14,19,0.737,13,35,48,19,9,4,15,18,-10.0
1612709933,RCR,Rip City Remix,2022400063,2025-01-05,241,111,41,92,0.446,13,40,0.325,9,16,0.563,14,33,47,19,4,4,11,20,-7.0,1612709914,STO,Stockton Kings,118,45,92,0.489,9,33,0.273,11,17,0.647,10,34,44,22,7,6,9,21,7.0
1612709928,CCG,Capital City Go-Go,2022400061,2025-01-05,240,108,39,77,0.506,14,34,0.412,11,19,0.579,12,31,43,26,6,7,14,19,8.0,1612709893,CLC,Cleveland Charge,100,33,85,0.388,18,43,0.419,8,11,0.727,20,27,47,24,9,4,15,24,-8.0
1610612744,GSW,Golden State Warriors,0022400485,2025-01-04,241,121,44,84,0.524,23,43,0.535,10,16,0.625,9,20,29,32,13,5,18,18,8.0,1610612763,MEM,Memphis Grizzlies,113,46,88,0.523,9,27,0.333,12,16,0.75,12,31,43,29,9,7,22,18,-8.0
1612709889,OKL,Oklahoma City Blue,2022400058,2025-01-04,240,110,41,95,0.432,14,44,0.318,8,12,0.667,12,44,56,22,10,5,24,19,-21.0,1612709934,VAL,Valley Suns,131,47,102,0.461,22,52,0.423,9,13,0.692,11,38,49,26,19,6,16,18,21.0
1610612749,MIL,Milwaukee Bucks,0022400483,2025-01-04,240,102,41,95,0.432,13,41,0.317,7,9,0.778,7,36,43,25,14,3,11,13,-3.0,1610612757,POR,Portland Trail Blazers,105,41,85,0.482,13,36,0.361,10,13,0.769,8,47,55,21,7,3,17,9,3.0
1610612754,IND,Indiana Pacers,0022400480,2025-01-04,239,126,46,96,0.479,15,40,0.375,19,21,0.905,13,34,47,35,7,4,6,16,18.0,1610612756,PHX,Phoenix Suns,108,38,78,0.487,12,30,0.4,20,21,0.952,5,31,36,30,3,7,11,14,-18.0
1610612765,DET,Detroit Pistons,0022400479,2025-01-04,240,119,45,93,0.484,13,38,0.342,16,20,0.8,13,34,47,26,12,2,12,22,14.0,1610612750,MIN,Minnesota Timberwolves,105,34,80,0.425,16,40,0.4,21,26,0.808,7,26,33,20,7,4,17,21,-14.0
1612709909,DEL,Delaware Blue Coats,2022400052,2025-01-04,241,114,43,87,0.494,15,37,0.405,9,10,0.9,5,29,34,21,11,4,13,16,15.0,1612709932,MCC,Motor City Cruise,99,41,85,0.482,11,33,0.333,4,8,0.5,12,33,45,22,4,7,22,18,-15.0
1610612741,CHI,Chicago Bulls,0022400482,2025-01-04,241,139,51,94,0.543,20,37,0.541,17,18,0.944,9,34,43,36,6,4,12,21,13.0,1610612752,NYK,New York Knicks,126,48,97,0.495,8,30,0.267,22,28,0.786,18,31,49,27,7,3,13,13,-13.0
1612709904,SXF,Sioux Falls Skyforce,2022400059,2025-01-04,241,100,35,84,0.417,15,48,0.313,10,16,0.625,11,29,40,24,4,11,14,18,-13.0,1612709924,SDC,San Diego Clippers,113,39,91,0.429,13,32,0.406,12,14,0.857,19,38,57,25,8,6,14,22,13.0
1612709931,MXC,Mexico City Capitanes,2022400054,2025-01-04,242,98,34,76,0.447,9,27,0.333,14,17,0.824,7,27,34,17,7,2,20,27,-8.0,1612709905,SBL,South Bay Lakers,106,35,75,0.467,16,45,0.356,13,19,0.684,9,33,42,25,13,3,21,29,8.0
1610612748,MIA,Miami Heat,0022400481,2025-01-04,240,100,35,80,0.438,9,35,0.257,21,30,0.7,5,27,32,25,9,7,15,14,-36.0,1610612762,UTA,Utah Jazz,136,52,100,0.52,19,46,0.413,13,16,0.813,16,41,57,31,11,4,14,21,36.0
1612709920,RAP,Raptors 905,2022400056,2025-01-04,240,84,31,72,0.431,6,23,0.261,9,15,0.6,9,36,45,17,7,6,26,32,-31.0,1612709890,AUS,Austin Spurs,115,36,90,0.4,11,38,0.289,18,28,0.643,22,33,55,17,17,5,11,16,31.0
1612709928,CCG,Capital City Go-Go,2022400051,2025-01-04,240,123,42,84,0.5,15,37,0.405,14,18,0.778,8,36,44,28,8,11,13,19,9.0,1612709910,IMA,Indiana Mad Ants,114,41,94,0.436,16,38,0.421,9,11,0.818,13,33,46,26,7,8,15,22,-9.6
1610612759,SAS,San Antonio Spurs,0022400484,2025-01-04,266,111,41,104,0.394,13,48,0.271,16,18,0.889,13,45,58,28,3,7,12,20,-11.0,1610612743,DEN,Denver Nuggets,122,47,108,0.435,10,33,0.303,18,23,0.783,14,44,58,32,11,7,7,17,11.0
1610612751,BKN,Brooklyn Nets,0022400478,2025-01-04,240,94,34,82,0.415,14,41,0.341,12,19,0.632,6,33,39,22,6,4,22,21,-29.0,1610612755,PHI,Philadelphia 76ers,123,42,82,0.512,15,40,0.375,24,30,0.8,8,42,50,31,11,2,17,17,29.0
1612709911,IWA,Iowa Wolves,2022400057,2025-01-04,240,130,48,94,0.511,15,36,0.417,12,18,0.667,6,21,27,25,11,2,7,19,-6.0,1612709902,SCW,Santa Cruz Warriors,136,50,81,0.617,16,34,0.471,14,15,0.933,5,37,42,34,2,4,20,23,6.0
1610612746,LAC,LA Clippers,0022400486,2025-01-04,239,131,53,96,0.552,13,36,0.361,12,17,0.706,7,41,48,36,15,3,17,17,26.0,1610612737,ATL,Atlanta Hawks,105,38,88,0.432,16,46,0.348,13,17,0.765,8,35,43,30,11,4,22,12,-26.0
1612709923,WCB,Windy City Bulls,2022400055,2025-01-04,240,89,37,81,0.457,7,17,0.412,5,6,0.833,11,30,41,20,5,4,12,13,1.0,1612709918,TEX,Texas Legends,88,34,88,0.386,12,33,0.364,4,6,0.667,18,26,44,20,6,9,10,13,-1.0
1612709917,GRG,Grand Rapids Gold,2022400053,2025-01-04,241,113,43,88,0.489,16,41,0.39,7,10,0.7,5,25,30,30,10,3,11,23,-14.0,1612709919,WES,Westchester Knicks,127,50,97,0.515,15,44,0.341,7,12,0.583,16,38,54,34,7,4,14,15,14.0
1612709903,SLC,Salt Lake City Stars,2022400050,2025-01-03,239,116,42,91,0.462,13,35,0.371,11,16,0.688,16,29,45,19,9,5,24,22,-16.0,1612709908,RGV,Rio Grande Valley Vipers,132,52,90,0.578,13,28,0.464,9,12,0.75,6,31,37,34,11,8,15,22,16.0
1610612740,NOP,New Orleans Pelicans,0022400472,2025-01-03,240,132,48,96,0.5,18,41,0.439,18,22,0.818,13,24,37,36,10,6,7,22,12.0,1610612764,WAS,Washington Wizards,120,45,84,0.536,9,28,0.321,21,27,0.778,14,34,48,28,6,0,21,23,-12.0
1612709917,GRG,Grand Rapids Gold,2022400043,2025-01-03,240,108,39,85,0.459,14,34,0.412,8,14,0.571,13,28,41,24,3,3,17,19,-21.0,1612709921,LIN,Long Island Nets,129,49,82,0.598,10,25,0.4,13,15,0.867,4,33,37,30,9,4,9,17,21.0
1612709923,WCB,Windy City Bulls,2022400046,2025-01-03,239,95,34,93,0.366,7,26,0.269,12,15,0.8,20,35,55,18,7,14,12,20,-3.0,1612709918,TEX,Texas Legends,98,35,89,0.393,13,37,0.351,10,14,0.714,16,30,46,24,8,9,14,19,3.0
1610612765,DET,Detroit Pistons,0022400469,2025-01-03,240,98,39,93,0.419,12,37,0.324,8,13,0.615,14,37,51,21,13,7,13,27,4.0,1610612766,CHA,Charlotte Hornets,94,33,80,0.413,9,30,0.3,19,30,0.633,9,36,45,25,8,6,17,10,-4.0
1612709904,SXF,Sioux Falls Skyforce,2022400048,2025-01-03,240,96,32,90,0.356,17,43,0.395,9,17,0.529,7,37,44,22,10,9,6,16,-14.0,1612709902,SCW,Santa Cruz Warriors,110,38,95,0.4,19,42,0.452,8,10,0.8,19,48,67,29,3,10,14,20,14.0
1610612758,SAC,Sacramento Kings,0022400476,2025-01-03,240,138,49,99,0.495,21,47,0.447,19,23,0.826,10,27,37,32,10,8,9,23,5.0,1610612763,MEM,Memphis Grizzlies,133,43,89,0.483,17,37,0.459,30,36,0.833,14,37,51,31,5,4,17,20,-5.0
1610612761,TOR,Toronto Raptors,0022400470,2025-01-03,240,97,38,80,0.475,10,29,0.345,11,13,0.846,7,30,37,28,6,1,11,11,-9.0,1610612753,ORL,Orlando Magic,106,37,79,0.468,19,44,0.432,13,17,0.765,12,30,42,32,10,8,11,15,9.0
1612709920,RAP,Raptors 905,2022400047,2025-01-03,239,122,42,76,0.553,18,32,0.563,10,13,0.769,6,45,51,30,8,8,22,24,37.0,1612709890,AUS,Austin Spurs,85,30,93,0.323,11,48,0.229,7,16,0.438,22,25,47,22,14,7,14,23,-37.0
1610612747,LAL,Los Angeles Lakers,0022400477,2025-01-03,240,119,43,88,0.489,13,30,0.433,20,25,0.8,17,39,56,28,4,6,18,21,17.0,1610612737,ATL,Atlanta Hawks,102,41,100,0.41,6,34,0.176,14,18,0.778,13,26,39,22,10,3,8,22,-17.0
1612709915,MNE,Maine Celtics,2022400045,2025-01-03,239,105,42,86,0.488,12,40,0.3,6,9,0.667,10,42,52,18,8,2,12,16,15.0,1612709927,WIS,Wisconsin Herd,90,29,83,0.349,13,44,0.295,11,13,0.846,8,33,41,18,5,7,13,16,-15.0
1612709931,MXC,Mexico City Capitanes,2022400049,2025-01-03,240,114,40,78,0.513,19,42,0.452,8,11,0.727,3,34,37,24,17,6,16,27,18.0,1612709905,SBL,South Bay Lakers,96,30,74,0.405,12,39,0.308,15,22,0.682,10,33,43,28,11,1,20,18,-18.0
1610612760,OKC,Oklahoma City Thunder,0022400473,2025-01-03,242,117,43,84,0.512,14,27,0.519,17,21,0.81,7,34,41,27,9,7,13,17,10.0,1610612752,NYK,New York Knicks,107,43,90,0.478,9,32,0.281,12,17,0.706,11,31,42,22,7,2,12,17,-10.0
1612709922,GBO,Greensboro Swarm,2022400044,2025-01-03,240,119,43,77,0.558,13,28,0.464,11,13,0.846,10,31,41,27,9,2,16,16,10.0,1612709893,CLC,Cleveland Charge,109,41,84,0.488,15,35,0.429,6,7,0.857,10,24,34,28,9,5,14,17,-10.0
1610612742,DAL,Dallas Mavericks,0022400474,2025-01-03,240,122,43,100,0.43,12,44,0.273,24,30,0.8,21,32,53,29,3,4,12,17,-12.0,1610612739,CLE,Cleveland Cavaliers,134,52,98,0.531,15,40,0.375,15,20,0.75,10,36,46,38,5,7,7,20,12.0
1610612743,DEN,Denver Nuggets,0022400475,2025-01-03,241,110,42,97,0.433,15,39,0.385,11,16,0.688,10,36,46,33,7,7,8,13,-3.0,1610612759,SAS,San Antonio Spurs,113,46,99,0.465,13,36,0.361,8,13,0.615,14,42,56,31,4,3,13,15,3.0
1610612745,HOU,Houston Rockets,0022400471,2025-01-03,241,86,32,88,0.364,10,36,0.278,12,12,1.0,14,23,37,9,6,4,11,21,-23.0,1610612738,BOS,Boston Celtics,109,39,77,0.506,19,39,0.487,12,18,0.667,12,29,41,20,6,8,14,13,23.0
1612709929,CPS,College Park Skyhawks,2022400039,2025-01-02,240,124,43,85,0.506,10,30,0.333,16,17,0.941,12,40,52,19,6,1,12,23,17.0,1612709932,MCC,Motor City Cruise,107,36,84,0.429,15,41,0.366,10,16,0.625,9,25,34,24,5,2,11,24,-17.0
1610612750,MIN,Minnesota Timberwolves,0022400464,2025-01-02,240,115,37,74,0.5,21,39,0.538,20,22,0.909,11,30,41,24,1,2,15,11,-3.0,1610612738,BOS,Boston Celtics,118,46,92,0.5,22,57,0.386,4,6,0.667,10,21,31,30,9,4,3,16,3.0
1612709919,WES,Westchester Knicks,2022400041,2025-01-02,238,104,34,86,0.395,14,37,0.378,13,15,0.867,15,36,51,20,3,4,17,20,-3.0,1612709909,DEL,Delaware Blue Coats,107,37,87,0.425,13,35,0.371,14,17,0.824,11,32,43,26,6,7,12,17,3.0
1610612744,GSW,Golden State Warriors,0022400467,2025-01-02,242,139,53,87,0.609,22,39,0.564,11,15,0.733,5,38,43,41,5,8,11,22,34.0,1610612755,PHI,Philadelphia 76ers,105,34,81,0.42,9,31,0.29,28,34,0.824,6,27,33,17,11,6,11,16,-34.0
1610612749,MIL,Milwaukee Bucks,0022400465,2025-01-02,241,110,40,90,0.444,11,37,0.297,19,28,0.679,13,33,46,21,6,6,14,21,-3.0,1610612751,BKN,Brooklyn Nets,113,38,88,0.432,12,39,0.308,25,28,0.893,14,37,51,26,8,3,14,21,3.0
1610612747,LAL,Los Angeles Lakers,0022400468,2025-01-02,240,114,43,94,0.457,15,43,0.349,13,14,0.929,15,28,43,30,8,3,12,17,8.0,1610612757,POR,Portland Trail Blazers,106,40,80,0.5,9,26,0.346,17,21,0.81,8,34,42,24,6,4,18,15,-8.0
1612709915,MNE,Maine Celtics,2022400040,2025-01-02,262,115,41,92,0.446,10,38,0.263,16,22,0.727,13,26,39,22,12,4,14,16,-2.0,1612709927,WIS,Wisconsin Herd,117,42,89,0.472,10,35,0.286,14,16,0.875,16,34,50,27,13,7,22,27,2.0
1612709914,STO,Stockton Kings,2022400042,2025-01-02,239,118,42,82,0.512,21,50,0.42,7,10,0.7,14,39,53,32,6,6,16,13,24.0,1612709926,MHU,Memphis Hustle,94,35,95,0.368,14,44,0.318,5,8,0.625,16,26,42,24,8,5,11,13,-24.0
1610612748,MIA,Miami Heat,0022400463,2025-01-02,240,115,43,75,0.573,11,26,0.423,18,21,0.857,5,34,39,34,6,6,14,13,-13.0,1610612754,IND,Indiana Pacers,128,51,96,0.531,17,40,0.425,9,16,0.563,13,26,39,35,9,4,6,16,13.0
1610612760,OKC,Oklahoma City Thunder,0022400466,2025-01-02,240,116,43,86,0.5,14,38,0.368,16,20,0.8,4,31,35,29,11,3,9,14,18.0,1610612746,LAC,LA Clippers,98,38,81,0.469,11,32,0.344,11,17,0.647,10,35,45,25,6,1,19,18,-18.0
1612709889,OKL,Oklahoma City Blue,2022400038,2025-01-02,239,120,40,88,0.455,18,50,0.36,12,15,0.8,7,34,41,23,8,4,14,18,-5.0,1612709934,VAL,Valley Suns,125,45,85,0.529,23,50,0.46,10,14,0.714,8,34,42,30,7,2,16,18,5.0
1610612758,SAC,Sacramento Kings,0022400462,2025-01-01,241,113,41,84,0.488,9,31,0.29,22,24,0.917,14,31,45,24,11,4,17,14,6.0,1610612755,PHI,Philadelphia 76ers,107,40,84,0.476,15,40,0.375,12,14,0.857,8,26,34,24,10,5,18,22,-6.0
1610612765,DET,Detroit Pistons,0022400455,2025-01-01,240,105,41,79,0.519,12,29,0.414,11,17,0.647,9,40,49,25,7,3,23,18,9.0,1610612753,ORL,Orlando Magic,96,37,91,0.407,8,35,0.229,14,20,0.7,9,24,33,18,18,5,12,21,-9.0
1612709933,RCR,Rip City Remix,2022400037,2025-01-01,241,119,43,92,0.467,12,37,0.324,14,21,0.667,12,32,44,25,15,12,18,21,4.0,1612709924,SDC,San Diego Clippers,115,45,95,0.474,10,27,0.37,8,14,0.571,16,36,52,27,13,6,22,24,-4.0
1610612743,DEN,Denver Nuggets,0022400461,2025-01-01,240,139,53,94,0.564,12,30,0.4,21,21,1.0,4,39,43,44,8,5,12,16,19.0,1610612737,ATL,Atlanta Hawks,120,45,100,0.45,16,46,0.348,14,21,0.667,12,32,44,34,10,5,13,16,-19.0
1610612764,WAS,Washington Wizards,0022400456,2025-01-01,243,125,49,99,0.495,17,36,0.472,10,12,0.833,8,34,42,36,11,3,15,13,18.0,1610612741,CHI,Chicago Bulls,107,41,92,0.446,14,47,0.298,11,14,0.786,8,36,44,28,11,6,20,13,-18.0
1610612748,MIA,Miami Heat,0022400457,2025-01-01,240,119,44,83,0.53,14,34,0.412,17,21,0.81,5,33,38,34,6,1,10,16,11.0,1610612740,NOP,New Orleans Pelicans,108,40,80,0.5,9,34,0.265,19,22,0.864,5,26,31,25,4,7,10,15,-11.0
1610612752,NYK,New York Knicks,0022400458,2025-01-01,239,119,47,85,0.553,9,23,0.391,16,23,0.696,6,41,47,31,10,6,13,16,16.0,1610612762,UTA,Utah Jazz,103,39,96,0.406,13,43,0.302,12,15,0.8,14,31,45,23,7,6,16,19,-16.0
1612709890,AUS,Austin Spurs,2022400036,2025-01-01,240,121,48,93,0.516,14,35,0.4,7,14,0.5,18,33,51,33,9,17,11,20,19.0,1612709911,IWA,Iowa Wolves,102,38,91,0.418,9,29,0.31,9,14,0.643,17,31,48,23,6,5,15,17,-19.0
1612709919,WES,Westchester Knicks,2022400034,2025-01-01,253,117,43,98,0.439,16,39,0.41,9,12,0.75,11,26,37,24,9,5,9,13,3.0,1612709910,IMA,Indiana Mad Ants,114,46,93,0.495,12,32,0.375,6,8,0.75,13,40,53,27,6,3,17,18,-3.0
1612709903,SLC,Salt Lake City Stars,2022400035,2025-01-01,238,121,40,79,0.506,19,37,0.514,14,19,0.737,11,27,38,26,12,3,26,25,4.0,1612709908,RGV,Rio Grande Valley Vipers,117,45,93,0.484,11,41,0.268,10,18,0.556,22,28,50,25,16,4,19,25,-4.0
1610612745,HOU,Houston Rockets,0022400460,2025-01-01,241,110,42,89,0.472,8,25,0.32,18,23,0.783,4,31,35,16,17,1,12,18,11.0,1610612742,DAL,Dallas Mavericks,99,40,75,0.533,11,28,0.393,8,16,0.5,6,32,38,19,9,12,20,20,-11.0
1610612761,TOR,Toronto Raptors,0022400459,2025-01-01,242,130,52,88,0.591,16,32,0.5,10,13,0.769,8,31,39,36,8,6,10,20,17.0,1610612751,BKN,Brooklyn Nets,113,42,87,0.483,11,37,0.297,18,20,0.9,4,28,32,28,8,2,11,17,-17.0
1612709934,VAL,Valley Suns,2022400033,2024-12-31,240,101,34,93,0.366,18,53,0.34,8,8,1.0,9,31,40,26,14,5,15,18,-13.0,1612709904,SXF,Sioux Falls Skyforce,114,38,81,0.469,14,35,0.4,14,16,0.875,8,46,54,24,8,6,21,13,13.0
1610612738,BOS,Boston Celtics,0022400449,2024-12-31,239,125,47,87,0.54,22,43,0.512,9,15,0.6,11,38,49,29,14,7,13,10,54.0,1610612761,TOR,Toronto Raptors,71,27,86,0.314,10,40,0.25,7,11,0.636,14,30,44,18,8,4,21,16,-54.0
1612709922,GBO,Greensboro Swarm,2022400032,2024-12-31,240,100,35,86,0.407,11,40,0.275,10,10,1.0,12,34,46,26,7,4,14,20,-3.6,1612709893,CLC,Cleveland Charge,103,39,88,0.443,10,40,0.25,11,19,0.579,9,32,41,22,6,2,13,14,2.6
1610612747,LAL,Los Angeles Lakers,0022400454,2024-12-31,238,110,42,95,0.442,9,35,0.257,17,19,0.895,8,35,43,26,7,3,8,12,-12.0,1610612739,CLE,Cleveland Cavaliers,122,45,93,0.484,18,46,0.391,14,17,0.824,10,38,48,32,5,8,11,15,12.0
1610612756,PHX,Phoenix Suns,0022400453,2024-12-31,240,112,42,92,0.457,9,30,0.3,19,25,0.76,10,33,43,28,9,10,17,25,-5.0,1610612763,MEM,Memphis Grizzlies,117,40,94,0.426,15,44,0.341,22,33,0.667,16,35,51,27,10,6,17,29,5.0
1610612760,OKC,Oklahoma City Thunder,0022400452,2024-12-31,241,113,42,89,0.472,12,36,0.333,17,23,0.739,9,28,37,25,16,2,9,13,8.0,1610612750,MIN,Minnesota Timberwolves,105,39,79,0.494,15,38,0.395,12,12,1.0,10,33,43,21,3,7,23,18,-8.0
1610612759,SAS,San Antonio Spurs,0022400451,2024-12-31,241,122,48,98,0.49,9,40,0.225,17,19,0.895,15,43,58,37,10,7,9,15,36.0,1610612746,LAC,LA Clippers,86,30,87,0.345,11,41,0.268,15,18,0.833,10,31,41,17,7,3,13,15,-36.0
1612709915,MNE,Maine Celtics,2022400031,2024-12-31,241,102,36,92,0.391,15,53,0.283,11,18,0.611,17,29,46,21,14,3,13,13,7.0,1612709918,TEX,Texas Legends,95,38,80,0.475,11,33,0.333,5,8,0.625,13,40,53,18,7,7,24,18,-7.0
1610612754,IND,Indiana Pacers,0022400450,2024-12-31,240,112,40,90,0.444,13,37,0.351,19,30,0.633,9,41,50,26,8,7,16,20,-8.0,1610612749,MIL,Milwaukee Bucks,120,45,97,0.464,12,33,0.364,18,24,0.75,13,38,51,27,10,0,12,22,8.0
1610612740,NOP,New Orleans Pelicans,0022400444,2024-12-30,240,113,42,82,0.512,18,37,0.486,11,14,0.786,6,29,35,30,13,5,16,22,-3.0,1610612746,LAC,LA Clippers,116,41,86,0.477,13,37,0.351,21,27,0.778,14,26,40,24,11,2,16,14,3.0
1610612758,SAC,Sacramento Kings,0022400448,2024-12-30,239,110,42,100,0.42,10,32,0.313,16,19,0.842,18,40,58,25,8,1,15,23,10.0,1610612742,DAL,Dallas Mavericks,100,32,76,0.421,12,31,0.387,24,29,0.828,2,34,36,17,8,13,17,20,-10.0
1610612762,UTA,Utah Jazz,0022400445,2024-12-30,240,121,44,86,0.512,13,38,0.342,20,22,0.909,7,30,37,28,6,2,16,17,-11.0,1610612743,DEN,Denver Nuggets,132,53,105,0.505,9,30,0.3,17,19,0.895,17,34,51,38,13,3,7,17,11.0
1612709929,CPS,College Park Skyhawks,2022400026,2024-12-30,239,117,44,87,0.506,17,41,0.415,7,8,0.875,8,34,42,29,10,7,9,21,20.0,1612709923,WCB,Windy City Bulls,97,38,88,0.432,5,31,0.161,12,17,0.706,13,29,42,22,3,6,13,13,-20.0
1612709919,WES,Westchester Knicks,2022400029,2024-12-30,240,124,50,106,0.472,16,46,0.348,4,6,0.667,13,26,39,28,8,5,12,18,-3.0,1612709910,IMA,Indiana Mad Ants,127,50,88,0.568,14,33,0.424,6,6,1.0,5,33,38,27,5,1,20,15,3.0
1610612766,CHA,Charlotte Hornets,0022400442,2024-12-30,265,108,42,101,0.416,10,43,0.233,14,20,0.7,9,47,56,23,8,6,14,20,-7.0,1610612741,CHI,Chicago Bulls,115,39,104,0.375,18,60,0.3,19,27,0.704,14,49,63,31,11,4,13,17,7.0
1612709932,MCC,Motor City Cruise,2022400028,2024-12-30,240,122,49,96,0.51,15,39,0.385,6,8,0.75,15,39,54,31,9,4,13,14,21.0,1612709913,BHM,Birmingham Squadron,101,39,89,0.438,10,36,0.278,8,11,0.727,11,33,44,24,8,4,14,13,-21.0
1612709934,VAL,Valley Suns,2022400030,2024-12-30,240,104,36,87,0.414,14,45,0.311,10,14,0.714,7,30,37,18,3,5,8,18,-17.0,1612709904,SXF,Sioux Falls Skyforce,121,46,92,0.5,13,32,0.406,9,15,0.6,18,44,62,26,5,5,11,21,17.0
1610612757,POR,Portland Trail Blazers,0022400447,2024-12-30,240,103,37,77,0.481,8,36,0.222,21,30,0.7,12,21,33,23,8,4,24,26,-22.0,1610612755,PHI,Philadelphia 76ers,125,43,75,0.573,11,24,0.458,28,31,0.903,8,24,32,20,12,3,19,27,22.0
1610612764,WAS,Washington Wizards,0022400443,2024-12-30,241,106,39,92,0.424,12,43,0.279,16,22,0.727,12,34,46,25,6,8,13,23,-20.0,1610612752,NYK,New York Knicks,126,45,98,0.459,15,44,0.341,21,25,0.84,15,39,54,34,9,2,7,19,20.0
1610612744,GSW,Golden State Warriors,0022400446,2024-12-30,241,95,33,99,0.333,9,38,0.237,20,26,0.769,14,41,55,20,5,8,14,14,-18.0,1610612739,CLE,Cleveland Cavaliers,113,44,96,0.458,18,47,0.383,7,10,0.7,11,43,54,25,10,6,16,25,18.0
1612709909,DEL,Delaware Blue Coats,2022400027,2024-12-30,241,122,44,91,0.484,10,32,0.313,15,19,0.789,11,30,41,23,8,3,7,18,8.0,1612709921,LIN,Long Island Nets,114,42,84,0.5,9,23,0.391,13,17,0.765,9,32,41,26,5,6,14,21,-8.0
1612709928,CCG,Capital City Go-Go,2022400022,2024-12-29,241,94,37,86,0.43,14,43,0.326,3,6,0.5,10,33,43,25,8,10,17,15,-12.0,1612709917,GRG,Grand Rapids Gold,106,42,102,0.412,10,29,0.345,10,12,0.833,22,34,56,20,12,5,11,13,12.0
1610612760,OKC,Oklahoma City Thunder,0022400440,2024-12-29,242,130,52,103,0.505,14,44,0.318,12,12,1.0,9,36,45,35,10,9,10,24,24.0,1610612763,MEM,Memphis Grizzlies,106,37,97,0.381,14,51,0.275,18,21,0.857,16,35,51,30,6,4,21,15,-24.0
1610612745,HOU,Houston Rockets,0022400439,2024-12-29,240,100,38,97,0.392,13,40,0.325,11,13,0.846,19,33,52,24,5,4,12,21,-4.0,1610612748,MIA,Miami Heat,104,37,84,0.44,10,33,0.303,20,28,0.714,15,37,52,21,6,3,14,14,4.0
1610612750,MIN,Minnesota Timberwolves,0022400441,2024-12-29,241,112,43,100,0.43,11,44,0.25,15,19,0.789,18,38,56,23,4,5,10,23,2.0,1610612759,SAS,San Antonio Spurs,110,38,87,0.437,11,39,0.282,23,28,0.821,8,33,41,25,6,4,9,18,-2.0
1610612761,TOR,Toronto Raptors,0022400438,2024-12-29,240,107,38,85,0.447,7,24,0.292,24,27,0.889,15,37,52,26,10,4,31,26,-29.0,1610612737,ATL,Atlanta Hawks,136,46,95,0.484,18,45,0.4,26,35,0.743,14,26,40,30,22,8,14,19,29.0
1610612738,BOS,Boston Celtics,0022400437,2024-12-29,239,114,43,93,0.462,16,54,0.296,12,19,0.632,8,33,41,26,6,6,8,22,-9.0,1610612754,IND,Indiana Pacers,123,46,87,0.529,9,23,0.391,22,27,0.815,11,39,50,27,6,2,9,17,9.0
1612709914,STO,Stockton Kings,2022400024,2024-12-29,239,126,48,100,0.48,15,35,0.429,10,19,0.526,22,41,63,20,8,6,13,25,8.0,1612709890,AUS,Austin Spurs,118,42,101,0.416,14,39,0.359,12,18,0.667,13,36,49,25,12,3,12,18,-8.0
1610612753,ORL,Orlando Magic,0022400436,2024-12-29,241,102,37,83,0.446,12,36,0.333,16,25,0.64,16,26,42,30,7,3,13,23,1.0,1610612751,BKN,Brooklyn Nets,101,32,73,0.438,13,30,0.433,24,28,0.857,9,29,38,22,7,3,14,19,-1.0
1612709924,SDC,San Diego Clippers,2022400025,2024-12-29,240,134,52,104,0.5,12,45,0.267,9,15,0.6,15,38,53,26,10,7,5,22,23.0,1612709926,MHU,Memphis Hustle,111,37,89,0.416,15,41,0.366,13,17,0.765,10,34,44,19,4,5,16,16,-23.0
1612709932,MCC,Motor City Cruise,2022400020,2024-12-29,240,111,43,89,0.483,11,29,0.379,10,13,0.769,9,45,54,29,6,6,18,21,-1.0,1612709915,MNE,Maine Celtics,112,40,99,0.404,16,43,0.372,10,16,0.625,14,33,47,26,9,10,10,16,1.0
1612709920,RAP,Raptors 905,2022400021,2024-12-29,239,131,47,98,0.48,18,34,0.529,10,15,0.667,20,30,50,34,10,6,19,21,9.0,1612709925,OSC,Osceola Magic,122,40,87,0.46,10,41,0.244,19,21,0.905,10,30,40,22,11,11,17,21,-9.0
1612709931,MXC,Mexico City Capitanes,2022400023,2024-12-29,260,122,42,86,0.488,16,36,0.444,16,21,0.762,5,35,40,29,13,14,17,30,-4.0,1612709911,IWA,Iowa Wolves,126,45,98,0.459,13,35,0.371,16,24,0.667,11,38,49,33,6,5,18,23,4.0
1612709914,STO,Stockton Kings,2022400018,2024-12-28,241,109,41,84,0.488,14,33,0.424,8,11,0.727,15,35,50,20,6,7,23,19,4.0,1612709890,AUS,Austin Spurs,107,40,83,0.482,12,33,0.364,10,16,0.625,10,25,35,26,13,3,13,20,-2.0
1610612741,CHI,Chicago Bulls,0022400430,2024-12-28,239,116,45,95,0.474,14,36,0.389,12,17,0.706,11,41,52,33,4,6,11,16,5.0,1610612749,MIL,Milwaukee Bucks,111,41,102,0.402,15,45,0.333,14,14,1.0,6,37,43,27,6,7,7,16,-5.0
1610612744,GSW,Golden State Warriors,0022400431,2024-12-28,240,109,41,98,0.418,12,45,0.267,15,19,0.789,18,31,49,26,8,7,11,17,4.0,1610612756,PHX,Phoenix Suns,105,39,92,0.424,9,35,0.257,18,22,0.818,14,32,46,21,7,12,13,13,-4.0
1612709918,TEX,Texas Legends,2022400019,2024-12-28,240,84,31,95,0.326,10,38,0.263,7,8,0.875,14,39,53,15,7,15,21,18,-16.0,1612709889,OKL,Oklahoma City Blue,100,37,91,0.407,15,39,0.385,6,9,0.667,8,38,46,27,9,5,14,15,16.0
1610612743,DEN,Denver Nuggets,0022400432,2024-12-28,242,134,46,82,0.561,13,27,0.481,29,36,0.806,8,32,40,29,9,6,13,18,13.0,1610612765,DET,Detroit Pistons,121,46,95,0.484,12,39,0.308,17,23,0.739,15,26,41,29,8,1,12,25,-13.0
1610612747,LAL,Los Angeles Lakers,0022400435,2024-12-28,240,132,46,77,0.597,14,26,0.538,26,33,0.788,4,29,33,33,4,3,11,13,10.0,1610612758,SAC,Sacramento Kings,122,50,98,0.51,11,40,0.275,11,15,0.733,13,26,39,38,7,2,9,26,-10.0
1610612737,ATL,Atlanta Hawks,0022400427,2024-12-28,240,120,44,86,0.512,15,37,0.405,17,22,0.773,9,38,47,34,7,2,11,16,10.0,1610612748,MIA,Miami Heat,110,40,90,0.444,13,41,0.317,17,18,0.944,8,34,42,23,9,4,8,19,-10.0
1610612766,CHA,Charlotte Hornets,0022400428,2024-12-28,239,94,29,80,0.363,11,34,0.324,25,28,0.893,8,36,44,17,9,5,18,16,-12.0,1610612760,OKC,Oklahoma City Thunder,106,42,88,0.477,10,38,0.263,12,14,0.857,9,40,49,29,9,1,15,19,12.0
1612709893,CLC,Cleveland Charge,2022400016,2024-12-28,241,93,36,90,0.4,8,36,0.222,8,10,0.8,17,37,54,23,11,9,21,19,3.0,1612709905,SBL,South Bay Lakers,90,31,83,0.373,12,35,0.343,8,13,0.615,13,37,50,23,15,5,20,16,-3.0
1610612757,POR,Portland Trail Blazers,0022400434,2024-12-28,240,126,46,92,0.5,11,26,0.423,23,29,0.793,14,36,50,27,8,7,14,19,4.0,1610612742,DAL,Dallas Mavericks,122,43,89,0.483,15,38,0.395,21,26,0.808,10,30,40,20,6,10,13,21,-4.0
1612709910,IMA,Indiana Mad Ants,2022400014,2024-12-28,239,132,45,83,0.542,16,34,0.471,14,18,0.778,8,30,38,30,7,5,12,14,29.0,1612709903,SLC,Salt Lake City Stars,103,39,97,0.402,10,37,0.27,9,11,0.818,19,28,47,23,11,4,18,20,-29.0
1612709922,GBO,Greensboro Swarm,2022400015,2024-12-28,240,111,39,82,0.476,11,26,0.423,14,16,0.875,11,34,45,21,6,2,14,16,6.0,1612709927,WIS,Wisconsin Herd,105,40,86,0.465,15,42,0.357,6,7,0.857,10,30,40,24,10,3,14,18,-6.0
1610612764,WAS,Washington Wizards,0022400429,2024-12-28,265,132,51,99,0.515,17,38,0.447,13,15,0.867,11,33,44,32,7,4,15,22,-4.0,1610612752,NYK,New York Knicks,136,51,97,0.526,10,40,0.25,24,26,0.923,10,33,43,26,7,3,15,14,4.0
1610612762,UTA,Utah Jazz,0022400433,2024-12-28,240,111,43,89,0.483,12,36,0.333,13,15,0.867,14,34,48,27,3,3,21,25,-3.0,1610612755,PHI,Philadelphia 76ers,114,36,83,0.434,13,36,0.361,29,37,0.784,10,22,32,22,15,8,8,22,3.0
1612709908,RGV,Rio Grande Valley Vipers,2022400017,2024-12-28,241,103,39,92,0.424,9,34,0.265,10,12,0.833,16,35,51,22,11,11,20,16,-3.0,1612709902,SCW,Santa Cruz Warriors,106,39,97,0.402,15,37,0.405,8,11,0.727,19,30,49,32,5,10,17,17,3.0
1612709909,DEL,Delaware Blue Coats,2022400013,2024-12-28,240,105,37,92,0.402,11,40,0.275,11,15,0.733,9,23,32,16,9,3,3,15,-10.0,1612709923,WCB,Windy City Bulls,115,44,81,0.543,13,28,0.464,9,13,0.692,11,43,54,31,3,7,17,24,10.0
1612709931,MXC,Mexico City Capitanes,2022400010,2024-12-27,240,105,38,89,0.427,13,45,0.289,9,11,0.818,11,40,51,25,7,5,13,18,11.0,1612709911,IWA,Iowa Wolves,94,38,86,0.442,10,28,0.357,4,11,0.364,8,35,43,19,7,4,13,20,-11.0
1610612738,BOS,Boston Celtics,0022400420,2024-12-27,241,142,47,92,0.511,23,56,0.411,25,29,0.862,18,34,52,31,9,6,10,19,37.0,1610612754,IND,Indiana Pacers,105,38,91,0.418,11,39,0.282,18,25,0.72,13,26,39,27,5,3,12,20,-37.0
1612709910,IMA,Indiana Mad Ants,2022400002,2024-12-27,241,127,46,90,0.511,15,34,0.441,14,19,0.737,13,38,51,32,7,5,15,14,11.0,1612709903,SLC,Salt Lake City Stars,116,42,97,0.433,16,43,0.372,9,12,0.75,14,30,44,23,10,5,12,21,-11.0
1610612753,ORL,Orlando Magic,0022400419,2024-12-27,240,85,32,87,0.368,10,33,0.303,11,12,0.917,11,22,33,20,7,3,17,23,-23.0,1610612752,NYK,New York Knicks,108,40,75,0.533,4,15,0.267,24,34,0.706,12,32,44,18,10,3,18,20,23.0
1612709917,GRG,Grand Rapids Gold,2022400005,2024-12-27,240,120,47,91,0.516,16,34,0.471,7,7,1.0,9,32,41,27,10,4,19,25,17.0,1612709915,MNE,Maine Celtics,103,34,83,0.41,15,33,0.455,12,18,0.667,14,29,43,17,8,5,19,13,-17.0
1610612756,PHX,Phoenix Suns,0022400425,2024-12-27,241,89,32,83,0.386,13,35,0.371,12,18,0.667,12,30,42,23,11,7,13,17,-9.0,1610612742,DAL,Dallas Mavericks,98,35,80,0.438,12,34,0.353,16,17,0.941,7,34,41,24,6,5,15,15,9.0
1612709920,RAP,Raptors 905,2022400001,2024-12-27,250,108,41,101,0.406,7,37,0.189,11,17,0.647,12,31,43,26,13,2,12,20,-3.0,1612709913,BHM,Birmingham Squadron,111,41,84,0.488,15,43,0.349,7,13,0.538,10,43,53,29,8,6,23,25,3.0
1612709922,GBO,Greensboro Swarm,2022400006,2024-12-27,240,122,45,95,0.474,17,37,0.459,9,12,0.75,11,42,53,27,10,4,9,13,36.0,1612709927,WIS,Wisconsin Herd,86,31,81,0.383,14,32,0.438,6,11,0.545,8,40,48,18,5,7,22,17,-36.0
1612709925,OSC,Osceola Magic,2022400007,2024-12-27,239,115,43,94,0.457,18,44,0.409,9,10,0.9,12,38,50,31,7,5,16,10,8.0,1612709929,CPS,College Park Skyhawks,107,40,95,0.421,16,45,0.356,6,7,0.857,11,33,44,23,9,8,11,14,-8.0
1612709909,DEL,Delaware Blue Coats,2022400004,2024-12-27,240,116,46,90,0.511,13,34,0.382,7,10,0.7,16,27,43,23,10,8,14,13,19.0,1612709923,WCB,Windy City Bulls,97,40,90,0.444,9,31,0.29,4,6,0.667,17,23,40,23,7,9,14,18,-19.0
1612709919,WES,Westchester Knicks,2022400008,2024-12-27,241,117,45,110,0.409,17,47,0.362,5,11,0.455,22,30,52,28,11,6,17,13,-21.0,1612709932,MCC,Motor City Cruise,138,55,104,0.529,14,37,0.378,10,10,1.0,13,40,53,33,9,6,19,17,21.0
1610612746,LAC,LA Clippers,0022400426,2024-12-27,241,102,40,75,0.533,10,32,0.313,12,15,0.8,6,33,39,19,6,10,21,19,10.0,1610612744,GSW,Golden State Warriors,92,35,95,0.368,7,38,0.184,15,20,0.75,19,28,47,24,14,2,14,16,-10.0
1612709893,CLC,Cleveland Charge,2022400003,2024-12-27,239,125,50,85,0.588,15,31,0.484,6,8,0.75,5,39,44,33,11,6,20,15,12.0,1612709905,SBL,South Bay Lakers,113,40,95,0.421,20,51,0.392,7,7,1.0,10,26,36,29,12,3,14,14,-12.0
1610612743,DEN,Denver Nuggets,0022400424,2024-12-27,242,135,53,94,0.564,15,31,0.484,14,18,0.778,8,30,38,39,8,3,13,20,-14.0,1610612739,CLE,Cleveland Cavaliers,149,54,96,0.563,23,48,0.479,18,22,0.818,9,29,38,40,10,7,10,17,14.0
1610612745,HOU,Houston Rockets,0022400422,2024-12-27,241,112,45,92,0.489,10,30,0.333,12,19,0.632,16,31,47,19,7,3,13,16,-1.0,1610612750,MIN,Minnesota Timberwolves,113,42,83,0.506,21,43,0.488,8,16,0.5,10,30,40,25,8,6,14,22,1.0
1612709908,RGV,Rio Grande Valley Vipers,2022400009,2024-12-27,238,109,47,95,0.495,11,31,0.355,2,7,0.286,15,36,51,28,9,8,21,17,-6.0,1612709902,SCW,Santa Cruz Warriors,115,44,98,0.449,14,40,0.35,8,13,0.615,19,34,53,31,17,6,17,14,6.0
1612709924,SDC,San Diego Clippers,2022400012,2024-12-27,240,124,46,95,0.484,8,36,0.222,15,21,0.714,8,33,41,25,13,8,9,25,7.0,1612709926,MHU,Memphis Hustle,117,41,100,0.41,14,49,0.286,13,18,0.722,22,43,65,22,8,4,27,25,-7.0
1610612751,BKN,Brooklyn Nets,0022400421,2024-12-27,240,87,35,90,0.389,12,41,0.293,5,8,0.625,12,33,45,22,8,4,16,22,-9.0,1610612759,SAS,San Antonio Spurs,96,32,78,0.41,12,28,0.429,20,27,0.741,11,32,43,26,10,8,13,11,9.0
1610612740,NOP,New Orleans Pelicans,0022400423,2024-12-27,241,124,43,96,0.448,11,38,0.289,27,29,0.931,12,33,45,30,13,10,17,25,-8.0,1610612763,MEM,Memphis Grizzlies,132,42,89,0.472,17,41,0.415,31,35,0.886,9,33,42,30,12,7,16,19,8.0
1610612757,POR,Portland Trail Blazers,0022400417,2024-12-26,240,122,45,89,0.506,15,38,0.395,17,22,0.773,9,34,43,26,10,8,11,20,2.0,1610612762,UTA,Utah Jazz,120,41,86,0.477,21,42,0.5,17,25,0.68,11,35,46,26,9,5,13,16,-2.0
1610612754,IND,Indiana Pacers,0022400410,2024-12-26,240,114,42,89,0.472,14,36,0.389,16,22,0.727,11,40,51,28,1,8,11,21,-6.0,1610612760,OKC,Oklahoma City Thunder,120,44,95,0.463,13,37,0.351,19,24,0.792,9,36,45,20,4,4,3,18,6.0
1610612758,SAC,Sacramento Kings,0022400418,2024-12-26,240,113,39,82,0.476,14,39,0.359,21,26,0.808,8,36,44,20,3,6,14,20,-1.0,1610612765,DET,Detroit Pistons,114,38,91,0.418,17,44,0.386,21,25,0.84,10,34,44,25,6,4,10,22,1.0
1610612764,WAS,Washington Wizards,0022400412,2024-12-26,239,113,39,91,0.429,14,44,0.318,21,28,0.75,8,35,43,25,9,7,11,19,3.0,1610612766,CHA,Charlotte Hornets,110,41,94,0.436,17,42,0.405,11,14,0.786,11,39,50,31,6,4,18,23,-3.0
1610612749,MIL,Milwaukee Bucks,0022400415,2024-12-26,239,105,41,83,0.494,15,38,0.395,8,12,0.667,8,31,39,23,12,3,22,18,-6.0,1610612751,BKN,Brooklyn Nets,111,39,82,0.476,16,38,0.421,17,22,0.773,9,29,38,25,8,1,21,11,6.0
1610612737,ATL,Atlanta Hawks,0022400413,2024-12-26,240,141,46,89,0.517,17,45,0.378,32,34,0.941,12,32,44,32,9,5,12,13,8.0,1610612741,CHI,Chicago Bulls,133,53,98,0.541,22,43,0.512,5,6,0.833,9,27,36,36,8,1,14,26,-8.0
1610612763,MEM,Memphis Grizzlies,0022400414,2024-12-26,239,155,58,109,0.532,18,45,0.4,21,29,0.724,24,39,63,36,8,8,17,18,29.0,1610612761,TOR,Toronto Raptors,126,49,108,0.454,14,43,0.326,14,18,0.778,13,27,40,39,8,3,15,23,-29.0
1610612753,ORL,Orlando Magic,0022400411,2024-12-26,240,88,34,77,0.442,5,29,0.172,15,18,0.833,9,33,42,14,12,6,21,15,-1.0,1610612748,MIA,Miami Heat,89,31,76,0.408,15,30,0.5,12,14,0.857,7,28,35,21,14,6,20,20,1.0
1610612740,NOP,New Orleans Pelicans,0022400416,2024-12-26,241,111,43,99,0.434,12,37,0.324,13,18,0.722,17,27,44,29,12,2,13,16,-17.0,1610612745,HOU,Houston Rockets,128,46,97,0.474,18,47,0.383,18,23,0.783,18,36,54,19,7,9,15,14,17.0
1610612756,PHX,Phoenix Suns,0022400409,2024-12-25,241,110,41,88,0.466,11,36,0.306,17,20,0.85,12,30,42,31,12,4,7,17,10.0,1610612743,DEN,Denver Nuggets,100,36,78,0.462,8,29,0.276,20,28,0.714,14,32,46,20,3,2,16,16,-10.0
1610612744,GSW,Golden State Warriors,0022400408,2024-12-25,240,113,41,89,0.461,18,45,0.4,13,17,0.765,12,32,44,26,2,8,12,18,-2.0,1610612747,LAL,Los Angeles Lakers,115,41,91,0.451,15,42,0.357,18,18,1.0,11,30,41,30,6,4,9,14,2.0
1610612742,DAL,Dallas Mavericks,0022400406,2024-12-25,240,99,36,87,0.414,16,43,0.372,11,11,1.0,11,32,43,15,6,8,12,13,-6.0,1610612750,MIN,Minnesota Timberwolves,105,40,86,0.465,14,32,0.438,11,13,0.846,8,38,46,23,8,5,10,14,6.0
1610612738,BOS,Boston Celtics,0022400407,2024-12-25,239,114,43,95,0.453,20,49,0.408,8,13,0.615,13,38,51,24,3,4,13,18,-4.0,1610612755,PHI,Philadelphia 76ers,118,41,88,0.466,17,40,0.425,19,19,1.0,5,34,39,28,10,5,6,17,4.0
1610612752,NYK,New York Knicks,0022400405,2024-12-25,240,117,45,100,0.45,13,39,0.333,14,16,0.875,17,30,47,26,7,3,5,17,3.0,1610612759,SAS,San Antonio Spurs,114,42,83,0.506,16,38,0.421,14,17,0.824,8,37,45,33,3,6,15,15,-3.0
1610612744,GSW,Golden State Warriors,0022400403,2024-12-23,239,105,39,90,0.433,12,38,0.316,15,21,0.714,11,33,44,29,7,7,11,13,-6.0,1610612754,IND,Indiana Pacers,111,45,92,0.489,11,35,0.314,10,11,0.909,8,35,43,26,7,4,11,16,6.0
1610612760,OKC,Oklahoma City Thunder,0022400400,2024-12-23,241,123,47,106,0.443,10,38,0.263,19,22,0.864,19,40,59,25,15,9,12,18,18.0,1610612764,WAS,Washington Wizards,105,36,91,0.396,16,43,0.372,17,20,0.85,13,38,51,25,7,8,19,16,-18.0
1610612737,ATL,Atlanta Hawks,0022400395,2024-12-23,239,117,39,73,0.534,18,36,0.5,21,26,0.808,6,32,38,27,15,6,21,14,13.0,1610612750,MIN,Minnesota Timberwolves,104,39,91,0.429,14,43,0.326,12,13,0.923,16,27,43,31,12,3,21,17,-13.0
1610612748,MIA,Miami Heat,0022400396,2024-12-23,240,110,36,73,0.493,17,41,0.415,21,24,0.875,5,39,44,27,6,3,15,17,15.0,1610612751,BKN,Brooklyn Nets,95,33,84,0.393,13,34,0.382,16,20,0.8,11,31,42,23,9,2,14,18,-15.0
1610612763,MEM,Memphis Grizzlies,0022400399,2024-12-23,241,110,38,99,0.384,16,42,0.381,18,26,0.692,19,37,56,26,8,6,20,18,-4.0,1610612746,LAC,LA Clippers,114,42,96,0.438,9,27,0.333,21,26,0.808,15,38,53,22,15,6,17,28,4.0
1610612747,LAL,Los Angeles Lakers,0022400404,2024-12-23,240,114,40,74,0.541,14,30,0.467,20,25,0.8,6,32,38,28,8,3,18,10,-3.0,1610612765,DET,Detroit Pistons,117,47,92,0.511,11,30,0.367,12,12,1.0,10,27,37,24,12,5,12,20,3.0
1610612752,NYK,New York Knicks,0022400397,2024-12-23,238,139,51,86,0.593,17,37,0.459,20,29,0.69,8,27,35,34,9,1,14,27,14.0,1610612761,TOR,Toronto Raptors,125,42,77,0.545,11,28,0.393,30,37,0.811,4,26,30,28,6,3,15,25,-14.0
1610612753,ORL,Orlando Magic,0022400393,2024-12-23,240,108,37,83,0.446,13,33,0.394,21,21,1.0,7,35,42,26,11,9,20,24,4.0,1610612738,BOS,Boston Celtics,104,37,84,0.44,8,33,0.242,22,27,0.815,8,33,41,13,13,5,18,16,-4.0
1610612739,CLE,Cleveland Cavaliers,0022400392,2024-12-23,241,124,43,91,0.473,20,46,0.435,18,23,0.783,10,30,40,33,10,3,9,23,11.0,1610612762,UTA,Utah Jazz,113,38,92,0.413,19,44,0.432,18,26,0.692,18,33,51,27,6,5,16,20,-11.0
1610612741,CHI,Chicago Bulls,0022400398,2024-12-23,239,91,36,90,0.4,10,48,0.208,9,12,0.75,9,37,46,27,9,1,15,15,-21.0,1610612749,MIL,Milwaukee Bucks,112,40,87,0.46,18,43,0.419,14,17,0.824,7,42,49,24,7,1,13,16,21.0
1610612755,PHI,Philadelphia 76ers,0022400394,2024-12-23,241,111,39,93,0.419,16,44,0.364,17,23,0.739,9,38,47,22,11,2,9,18,5.0,1610612759,SAS,San Antonio Spurs,106,37,81,0.457,15,45,0.333,17,18,0.944,3,39,42,24,4,12,18,21,-5.0
1610612743,DEN,Denver Nuggets,0022400402,2024-12-23,241,117,46,90,0.511,16,41,0.39,9,11,0.818,11,35,46,35,6,4,12,15,27.0,1610612756,PHX,Phoenix Suns,90,33,83,0.398,13,33,0.394,11,15,0.733,9,30,39,23,6,5,13,13,-27.0
1610612742,DAL,Dallas Mavericks,0022400401,2024-12-23,241,132,48,90,0.533,12,36,0.333,24,34,0.706,13,28,41,27,10,4,10,21,24.0,1610612757,POR,Portland Trail Blazers,108,43,93,0.462,8,29,0.276,14,19,0.737,16,32,48,23,6,1,18,25,-24.0
1610612766,CHA,Charlotte Hornets,0022400391,2024-12-23,239,101,37,89,0.416,10,36,0.278,17,24,0.708,11,33,44,25,8,6,11,15,-13.0,1610612745,HOU,Houston Rockets,114,43,99,0.434,13,42,0.31,15,19,0.789,21,39,60,23,4,8,11,16,13.0
1610612758,SAC,Sacramento Kings,0022400389,2024-12-22,239,95,35,96,0.365,12,38,0.316,13,17,0.765,15,32,47,21,3,3,10,11,-27.0,1610612754,IND,Indiana Pacers,122,50,86,0.581,17,39,0.436,5,8,0.625,6,44,50,36,7,5,10,15,27.0
1610612740,NOP,New Orleans Pelicans,0022400390,2024-12-22,265,129,50,108,0.463,12,40,0.3,17,23,0.739,9,34,43,37,16,9,13,23,-3.0,1610612743,DEN,Denver Nuggets,132,49,97,0.505,10,33,0.303,24,32,0.75,14,40,54,34,10,8,22,19,3.0
1610612761,TOR,Toronto Raptors,0022400388,2024-12-22,240,110,42,92,0.457,17,43,0.395,9,13,0.692,11,31,42,33,10,3,21,25,-4.0,1610612745,HOU,Houston Rockets,114,40,89,0.449,7,28,0.25,27,33,0.818,18,35,53,18,12,6,21,14,4.0
1610612756,PHX,Phoenix Suns,0022400387,2024-12-21,240,125,45,78,0.577,14,29,0.483,21,23,0.913,6,29,35,30,9,1,19,21,-8.0,1610612765,DET,Detroit Pistons,133,49,89,0.551,19,39,0.487,16,22,0.727,10,25,35,31,13,4,13,19,8.0
1610612751,BKN,Brooklyn Nets,0022400379,2024-12-21,241,94,38,94,0.404,7,40,0.175,11,12,0.917,16,34,50,24,9,3,17,17,-11.0,1610612762,UTA,Utah Jazz,105,41,86,0.477,14,41,0.341,9,17,0.529,10,35,45,25,11,8,18,16,11.0
1610612750,MIN,Minnesota Timberwolves,0022400383,2024-12-21,240,103,36,86,0.419,14,38,0.368,17,25,0.68,11,34,45,27,5,2,15,18,-10.0,1610612744,GSW,Golden State Warriors,113,40,87,0.46,16,42,0.381,17,23,0.739,11,34,45,30,9,6,10,23,10.0
1610612758,SAC,Sacramento Kings,0022400376,2024-12-21,240,99,39,90,0.433,10,37,0.27,11,14,0.786,11,35,46,25,10,1,13,20,-4.0,1610612747,LAL,Los Angeles Lakers,103,40,83,0.482,9,35,0.257,14,21,0.667,9,39,48,23,10,6,13,14,4.0
1610612739,CLE,Cleveland Cavaliers,0022400380,2024-12-21,239,126,48,90,0.533,22,43,0.512,8,15,0.533,13,36,49,31,8,1,13,18,27.0,1610612755,PHI,Philadelphia 76ers,99,34,85,0.4,11,34,0.324,20,27,0.741,11,30,41,13,7,3,13,16,-27.0
1610612753,ORL,Orlando Magic,0022400377,2024-12-21,240,121,43,87,0.494,11,37,0.297,24,27,0.889,10,31,41,24,5,9,13,23,7.0,1610612748,MIA,Miami Heat,114,36,75,0.48,9,32,0.281,33,42,0.786,7,31,38,16,7,2,14,25,-7.0
1610612749,MIL,Milwaukee Bucks,0022400382,2024-12-21,241,112,44,98,0.449,20,48,0.417,4,5,0.8,10,34,44,35,12,2,11,14,11.0,1610612764,WAS,Washington Wizards,101,36,81,0.444,18,42,0.429,11,16,0.688,8,39,47,20,7,4,19,10,-11.0
1610612759,SAS,San Antonio Spurs,0022400386,2024-12-21,238,114,44,93,0.473,10,36,0.278,16,18,0.889,12,37,49,33,7,13,12,12,20.0,1610612757,POR,Portland Trail Blazers,94,38,96,0.396,12,43,0.279,6,9,0.667,11,33,44,21,8,3,13,15,-20.0
1610612742,DAL,Dallas Mavericks,0022400385,2024-12-21,242,113,40,88,0.455,14,35,0.4,19,22,0.864,11,32,43,25,12,5,11,18,16.0,1610612746,LAC,LA Clippers,97,34,81,0.42,10,37,0.27,19,22,0.864,8,32,40,18,8,7,17,14,-16.0
1610612740,NOP,New Orleans Pelicans,0022400384,2024-12-21,240,93,34,83,0.41,12,34,0.353,13,19,0.684,16,29,45,23,8,5,19,20,-11.0,1610612752,NYK,New York Knicks,104,38,87,0.437,15,37,0.405,13,15,0.867,15,27,42,24,11,3,16,18,11.0
1610612737,ATL,Atlanta Hawks,0022400378,2024-12-21,239,112,39,80,0.488,14,38,0.368,20,24,0.833,6,35,41,29,11,6,25,14,-16.0,1610612763,MEM,Memphis Grizzlies,128,50,97,0.515,18,41,0.439,10,13,0.769,8,32,40,35,13,1,18,22,16.0
1610612741,CHI,Chicago Bulls,0022400381,2024-12-21,240,98,37,98,0.378,14,41,0.341,10,11,0.909,10,33,43,28,8,4,12,14,-25.0,1610612738,BOS,Boston Celtics,123,48,100,0.48,15,45,0.333,12,14,0.857,17,42,59,27,8,4,12,12,25.0
1610612748,MIA,Miami Heat,0022400375,2024-12-20,239,97,36,83,0.434,12,40,0.3,13,20,0.65,7,34,41,20,9,3,18,16,-7.0,1610612760,OKC,Oklahoma City Thunder,104,39,86,0.453,14,34,0.412,12,17,0.706,12,36,48,24,8,5,14,17,7.0
1610612755,PHI,Philadelphia 76ers,0022400373,2024-12-20,241,108,41,83,0.494,12,33,0.364,14,18,0.778,11,28,39,30,14,6,14,21,10.0,1610612766,CHA,Charlotte Hornets,98,36,78,0.462,10,31,0.323,16,21,0.762,13,31,44,22,7,4,17,19,-10.0
1610612739,CLE,Cleveland Cavaliers,0022400374,2024-12-20,240,124,46,91,0.505,20,47,0.426,12,14,0.857,9,39,48,30,11,0,15,10,23.0,1610612749,MIL,Milwaukee Bucks,101,40,85,0.471,10,27,0.37,11,18,0.611,10,35,45,23,14,4,20,17,-23.0
1610612745,HOU,Houston Rockets,0022400365,2024-12-19,239,133,50,87,0.575,17,39,0.436,16,19,0.842,6,36,42,34,7,6,11,20,20.0,1610612740,NOP,New Orleans Pelicans,113,41,92,0.446,13,28,0.464,18,25,0.72,11,26,37,25,6,2,12,22,-20.0
1610612756,PHX,Phoenix Suns,0022400369,2024-12-19,240,111,40,82,0.488,9,30,0.3,22,28,0.786,7,37,44,28,6,4,16,20,-9.0,1610612754,IND,Indiana Pacers,120,39,89,0.438,16,41,0.39,26,31,0.839,9,38,47,30,9,7,9,21,9.0
1610612765,DET,Detroit Pistons,0022400360,2024-12-19,241,119,46,105,0.438,13,47,0.277,14,18,0.778,13,26,39,26,10,8,10,25,-7.0,1610612762,UTA,Utah Jazz,126,39,83,0.47,20,40,0.5,28,31,0.903,15,47,62,23,5,8,27,19,7.0
1610612753,ORL,Orlando Magic,0022400361,2024-12-19,240,99,35,78,0.449,11,35,0.314,18,25,0.72,10,30,40,25,6,6,18,16,-6.0,1610612760,OKC,Oklahoma City Thunder,105,40,83,0.482,10,31,0.323,15,16,0.938,4,28,32,23,15,6,13,20,6.0
1610612757,POR,Portland Trail Blazers,0022400371,2024-12-19,241,126,45,97,0.464,16,46,0.348,20,24,0.833,15,30,45,29,7,7,10,18,2.0,1610612743,DEN,Denver Nuggets,124,47,87,0.54,15,34,0.441,15,21,0.714,8,32,40,35,7,3,11,20,-2.0
1610612758,SAC,Sacramento Kings,0022400372,2024-12-19,240,100,37,82,0.451,11,29,0.379,15,22,0.682,4,39,43,27,7,6,15,20,-13.0,1610612747,LAL,Los Angeles Lakers,113,38,94,0.404,12,33,0.364,25,30,0.833,14,39,53,22,8,10,10,16,13.0
1610612759,SAS,San Antonio Spurs,0022400370,2024-12-19,265,133,49,101,0.485,19,42,0.452,16,23,0.696,8,34,42,32,15,8,17,15,7.0,1610612737,ATL,Atlanta Hawks,126,46,97,0.474,16,38,0.421,18,21,0.857,12,41,53,32,14,6,22,22,-7.0
1610612750,MIN,Minnesota Timberwolves,0022400367,2024-12-19,241,107,41,89,0.461,17,42,0.405,8,13,0.615,6,31,37,29,10,5,13,15,-26.0,1610612752,NYK,New York Knicks,133,50,97,0.515,20,45,0.444,13,16,0.813,16,41,57,39,10,2,15,12,26.0
1610612764,WAS,Washington Wizards,0022400362,2024-12-19,241,123,41,83,0.494,17,42,0.405,24,31,0.774,12,40,52,33,5,8,18,18,9.0,1610612766,CHA,Charlotte Hornets,114,43,106,0.406,8,43,0.186,20,27,0.741,22,30,52,30,12,2,8,21,-9.0
1610612761,TOR,Toronto Raptors,0022400364,2024-12-19,240,94,34,86,0.395,15,44,0.341,11,14,0.786,10,24,34,26,6,4,12,29,-7.0,1610612751,BKN,Brooklyn Nets,101,33,82,0.402,9,39,0.231,26,31,0.839,15,38,53,18,3,6,15,21,7.0
1610612738,BOS,Boston Celtics,0022400363,2024-12-19,239,108,38,97,0.392,14,56,0.25,18,21,0.857,11,34,45,21,6,8,4,13,-9.0,1610612741,CHI,Chicago Bulls,117,42,94,0.447,19,52,0.365,14,16,0.875,11,45,56,23,2,2,10,19,9.0
1610612742,DAL,Dallas Mavericks,0022400368,2024-12-19,240,95,34,86,0.395,7,30,0.233,20,28,0.714,8,32,40,21,9,5,13,13,-23.0,1610612746,LAC,LA Clippers,118,44,85,0.518,14,33,0.424,16,17,0.941,8,39,47,30,9,3,13,20,23.0
1610612763,MEM,Memphis Grizzlies,0022400366,2024-12-19,240,144,53,98,0.541,27,48,0.563,11,15,0.733,15,45,60,38,11,8,16,19,51.0,1610612744,GSW,Golden State Warriors,93,32,90,0.356,12,36,0.333,17,24,0.708,10,26,36,20,11,5,17,16,-51.0
1610612761,TOR,Toronto Raptors,0022401223,2024-12-16,240,121,45,92,0.489,9,26,0.346,22,30,0.733,10,34,44,28,7,6,18,21,-1.0,1610612741,CHI,Chicago Bulls,122,43,93,0.462,14,40,0.35,22,28,0.786,8,33,41,33,12,8,12,23,1.0
1610612765,DET,Detroit Pistons,0022401221,2024-12-16,265,125,44,90,0.489,20,40,0.5,17,23,0.739,7,45,52,32,8,4,21,24,1.0,1610612748,MIA,Miami Heat,124,45,99,0.455,12,43,0.279,22,24,0.917,9,35,44,30,16,2,13,19,-1.0
1610612751,BKN,Brooklyn Nets,0022401224,2024-12-16,241,101,34,81,0.42,14,34,0.412,19,24,0.792,9,26,35,25,11,2,20,28,-29.0,1610612739,CLE,Cleveland Cavaliers,130,43,81,0.531,19,47,0.404,25,29,0.862,12,30,42,33,14,6,17,19,29.0
1610612766,CHA,Charlotte Hornets,0022401222,2024-12-16,240,108,42,83,0.506,12,38,0.316,12,21,0.571,9,29,38,30,12,8,20,27,-13.0,1610612755,PHI,Philadelphia 76ers,121,41,80,0.513,16,38,0.421,23,30,0.767,9,33,42,21,14,4,20,20,13.0
1610612758,SAC,Sacramento Kings,0022401225,2024-12-16,239,129,49,102,0.48,12,35,0.343,19,20,0.95,11,31,42,28,10,9,11,23,-1.0,1610612743,DEN,Denver Nuggets,130,51,102,0.5,10,28,0.357,18,24,0.75,15,40,55,38,9,4,15,18,1.0
1610612746,LAC,LA Clippers,0022401226,2024-12-16,240,144,49,82,0.598,21,39,0.538,25,32,0.781,7,34,41,28,13,6,14,20,37.0,1610612762,UTA,Utah Jazz,107,36,80,0.45,13,39,0.333,22,30,0.733,10,25,35,22,8,3,22,20,-37.0
1610612759,SAS,San Antonio Spurs,0022401218,2024-12-15,238,92,37,91,0.407,11,45,0.244,7,9,0.778,12,38,50,34,6,8,18,18,-14.0,1610612750,MIN,Minnesota Timberwolves,106,40,100,0.4,12,35,0.343,14,16,0.875,14,37,51,26,11,4,12,13,14.0
1610612747,LAL,Los Angeles Lakers,0022401220,2024-12-15,240,116,39,82,0.476,10,34,0.294,28,39,0.718,10,34,44,23,10,7,21,27,6.0,1610612763,MEM,Memphis Grizzlies,110,38,97,0.392,9,28,0.321,25,30,0.833,17,33,50,25,10,3,20,31,-6.0
1610612754,IND,Indiana Pacers,0022401216,2024-12-15,240,119,41,81,0.506,16,38,0.421,21,24,0.875,7,36,43,33,10,9,17,21,15.0,1610612740,NOP,New Orleans Pelicans,104,38,97,0.392,10,33,0.303,18,23,0.783,19,30,49,18,11,4,18,19,-15.0
1610612744,GSW,Golden State Warriors,0022401228,2024-12-15,239,133,49,103,0.476,27,54,0.5,8,11,0.727,15,22,37,39,8,2,10,17,-10.0,1610612742,DAL,Dallas Mavericks,143,52,87,0.598,21,41,0.512,18,25,0.72,10,37,47,36,8,5,15,12,10.0
1610612764,WAS,Washington Wizards,0022401217,2024-12-15,239,98,40,99,0.404,13,40,0.325,5,8,0.625,17,34,51,22,10,7,16,25,-14.0,1610612738,BOS,Boston Celtics,112,40,93,0.43,18,46,0.391,14,24,0.583,16,40,56,26,11,5,18,15,14.0
1610612756,PHX,Phoenix Suns,0022401219,2024-12-15,239,116,43,89,0.483,15,39,0.385,15,19,0.789,12,34,46,23,7,2,11,13,7.0,1610612757,POR,Portland Trail Blazers,109,42,94,0.447,15,49,0.306,10,13,0.769,12,36,48,30,6,4,13,22,-7.0
1610612753,ORL,Orlando Magic,0022401227,2024-12-15,241,91,36,86,0.419,9,30,0.3,10,13,0.769,10,29,39,24,8,10,15,26,-9.0,1610612752,NYK,New York Knicks,100,33,71,0.465,10,24,0.417,24,30,0.8,7,38,45,20,8,3,17,16,9.0
1610612762,UTA,Utah Jazz,0022401214,2024-12-13,241,126,43,77,0.558,22,39,0.564,18,22,0.818,6,28,34,30,5,6,15,17,-8.0,1610612756,PHX,Phoenix Suns,134,47,89,0.528,22,45,0.489,18,20,0.9,9,28,37,36,10,7,7,18,8.0
1610612743,DEN,Denver Nuggets,0022401213,2024-12-13,241,120,42,77,0.545,10,29,0.345,26,32,0.813,5,41,46,23,15,2,21,16,22.0,1610612746,LAC,LA Clippers,98,37,83,0.446,14,41,0.341,10,18,0.556,5,26,31,24,18,2,19,22,-22.0
1610612741,CHI,Chicago Bulls,0022401212,2024-12-13,239,109,37,93,0.398,14,51,0.275,21,25,0.84,14,38,52,27,12,11,16,19,14.0,1610612766,CHA,Charlotte Hornets,95,35,98,0.357,8,46,0.174,17,21,0.81,17,37,54,22,7,5,16,20,-14.0
1610612755,PHI,Philadelphia 76ers,0022401209,2024-12-13,240,107,37,85,0.435,10,25,0.4,23,32,0.719,15,32,47,18,5,4,15,16,-14.0,1610612754,IND,Indiana Pacers,121,47,91,0.516,14,38,0.368,13,17,0.765,8,33,41,35,9,4,10,21,14.0
1610612763,MEM,Memphis Grizzlies,0022401211,2024-12-13,239,135,52,99,0.525,17,36,0.472,14,21,0.667,12,37,49,33,9,4,13,19,16.0,1610612751,BKN,Brooklyn Nets,119,42,92,0.457,20,53,0.377,15,19,0.789,8,33,41,30,9,7,16,20,-16.0
1610612750,MIN,Minnesota Timberwolves,0022401210,2024-12-13,243,97,35,87,0.402,9,32,0.281,18,24,0.75,11,37,48,18,12,5,13,14,10.0,1610612747,LAL,Los Angeles Lakers,87,33,86,0.384,10,35,0.286,11,17,0.647,15,38,53,17,7,6,21,21,-10.0
1610612739,CLE,Cleveland Cavaliers,0022401208,2024-12-13,239,115,36,91,0.396,15,50,0.3,28,40,0.7,16,34,50,27,10,5,11,14,10.0,1610612764,WAS,Washington Wizards,105,41,86,0.477,14,40,0.35,9,11,0.818,6,38,44,24,7,7,17,28,-10.0
1610612757,POR,Portland Trail Blazers,0022401215,2024-12-13,239,116,42,82,0.512,16,41,0.39,16,17,0.941,8,28,36,25,9,5,13,22,-2.0,1610612759,SAS,San Antonio Spurs,118,44,85,0.518,14,30,0.467,16,21,0.762,13,28,41,32,5,6,14,13,2.0
1610612738,BOS,Boston Celtics,0022401205,2024-12-12,241,123,46,90,0.511,20,48,0.417,11,13,0.846,8,43,51,34,6,4,14,9,24.0,1610612765,DET,Detroit Pistons,99,42,98,0.429,7,37,0.189,8,10,0.8,9,34,43,27,8,4,8,12,-24.0
1610612748,MIA,Miami Heat,0022401206,2024-12-12,241,114,40,83,0.482,13,32,0.406,21,32,0.656,11,41,52,21,4,3,15,11,10.0,1610612761,TOR,Toronto Raptors,104,41,92,0.446,11,32,0.344,11,15,0.733,9,33,42,29,8,5,11,24,-10.0
1610612740,NOP,New Orleans Pelicans,0022401207,2024-12-12,240,109,39,83,0.47,14,37,0.378,17,20,0.85,10,33,43,22,6,4,17,22,-2.0,1610612758,SAC,Sacramento Kings,111,37,92,0.402,10,33,0.303,27,29,0.931,17,33,50,24,12,2,11,19,2.0
1610612745,HOU,Houston Rockets,0022401204,2024-12-11,240,91,38,83,0.458,6,27,0.222,9,10,0.9,7,29,36,23,10,5,16,14,1.0,1610612744,GSW,Golden State Warriors,90,37,84,0.44,12,38,0.316,4,9,0.444,11,28,39,22,13,8,15,11,-1.0
1610612752,NYK,New York Knicks,0022401202,2024-12-11,241,100,40,93,0.43,11,42,0.262,9,15,0.6,12,37,49,27,8,11,12,14,-8.0,1610612737,ATL,Atlanta Hawks,108,43,104,0.413,9,31,0.29,13,20,0.65,22,36,58,27,5,7,10,13,8.0
1610612749,MIL,Milwaukee Bucks,0022401201,2024-12-10,240,114,42,77,0.545,11,30,0.367,19,25,0.76,5,32,37,27,9,6,16,17,5.0,1610612753,ORL,Orlando Magic,109,41,93,0.441,6,27,0.222,21,27,0.778,15,31,46,19,11,4,13,21,-5.0
1610612760,OKC,Oklahoma City Thunder,0022401203,2024-12-10,240,118,46,101,0.455,20,50,0.4,6,7,0.857,17,35,52,29,14,5,13,17,14.0,1610612742,DAL,Dallas Mavericks,104,38,80,0.475,15,36,0.417,13,19,0.684,7,37,44,25,10,2,18,12,-14.0
1610612761,TOR,Toronto Raptors,0022400359,2024-12-09,240,108,43,96,0.448,13,35,0.371,9,11,0.818,17,34,51,23,4,4,12,16,-5.0,1610612752,NYK,New York Knicks,113,42,82,0.512,17,40,0.425,12,19,0.632,6,34,40,32,7,7,10,13,5.0
1610612751,BKN,Brooklyn Nets,0022400348,2024-12-08,241,113,41,81,0.506,16,35,0.457,15,16,0.938,7,23,30,24,9,3,9,25,-5.0,1610612749,MIL,Milwaukee Bucks,118,39,68,0.574,15,31,0.484,25,32,0.781,3,28,31,26,6,7,16,18,5.0
1610612746,LAC,LA Clippers,0022400356,2024-12-08,240,106,41,92,0.446,11,34,0.324,13,16,0.813,7,26,33,21,11,3,7,24,-11.0,1610612745,HOU,Houston Rockets,117,40,82,0.488,15,41,0.366,22,26,0.846,12,38,50,23,4,4,15,16,11.0
1610612764,WAS,Washington Wizards,0022400353,2024-12-08,240,112,43,100,0.43,6,32,0.188,20,22,0.909,20,32,52,20,10,5,21,25,-28.0,1610612763,MEM,Memphis Grizzlies,140,50,96,0.521,17,43,0.395,23,29,0.793,12,34,46,34,12,8,16,20,28.0
1610612744,GSW,Golden State Warriors,0022400355,2024-12-08,240,114,42,90,0.467,16,41,0.39,14,20,0.7,14,31,45,28,8,6,11,20,8.0,1610612750,MIN,Minnesota Timberwolves,106,36,79,0.456,19,42,0.452,15,20,0.75,7,32,39,22,6,8,14,18,-8.0
1610612758,SAC,Sacramento Kings,0022400357,2024-12-08,239,141,57,100,0.57,22,44,0.5,5,8,0.625,9,34,43,39,10,7,8,17,44.0,1610612762,UTA,Utah Jazz,97,31,80,0.388,15,42,0.357,20,21,0.952,9,29,38,21,6,6,20,17,-44.0
1610612753,ORL,Orlando Magic,0022400352,2024-12-08,240,115,42,88,0.477,12,36,0.333,19,30,0.633,14,30,44,17,11,6,13,19,5.0,1610612756,PHX,Phoenix Suns,110,39,83,0.47,13,28,0.464,19,22,0.864,9,30,39,24,7,6,19,24,-5.0
1610612759,SAS,San Antonio Spurs,0022400354,2024-12-08,241,121,42,93,0.452,12,39,0.308,25,31,0.806,16,39,55,27,7,11,13,18,5.0,1610612740,NOP,New Orleans Pelicans,116,43,99,0.434,13,38,0.342,17,21,0.81,13,30,43,26,9,8,8,21,-5.0
1610612747,LAL,Los Angeles Lakers,0022400358,2024-12-08,241,107,38,83,0.458,13,34,0.382,18,21,0.857,8,32,40,25,14,7,11,20,9.0,1610612757,POR,Portland Trail Blazers,98,35,84,0.417,9,36,0.25,19,21,0.905,12,37,49,17,4,3,17,19,-9.0
1610612748,MIA,Miami Heat,0022400351,2024-12-08,241,122,41,86,0.477,16,37,0.432,24,26,0.923,10,37,47,27,4,4,11,15,9.0,1610612739,CLE,Cleveland Cavaliers,113,41,86,0.477,14,33,0.424,17,18,0.944,5,31,36,25,5,1,9,18,-9.0
1610612754,IND,Indiana Pacers,0022400349,2024-12-08,240,109,42,82,0.512,12,36,0.333,13,15,0.867,3,26,29,23,9,7,17,19,-4.0,1610612766,CHA,Charlotte Hornets,113,40,78,0.513,14,29,0.483,19,26,0.731,10,35,45,24,11,3,24,18,4.0
1610612741,CHI,Chicago Bulls,0022400347,2024-12-08,241,100,35,86,0.407,19,54,0.352,11,12,0.917,2,33,35,29,9,3,15,18,-8.0,1610612755,PHI,Philadelphia 76ers,108,43,92,0.467,9,36,0.25,13,14,0.929,10,46,56,25,8,5,15,15,8.0
1610612737,ATL,Atlanta Hawks,0022400350,2024-12-08,239,111,41,101,0.406,9,40,0.225,20,27,0.741,19,26,45,26,12,2,12,22,-30.0,1610612743,DEN,Denver Nuggets,141,56,89,0.629,12,27,0.444,17,24,0.708,7,36,43,43,9,5,18,22,30.0
1610612764,WAS,Washington Wizards,0022400341,2024-12-07,240,122,45,93,0.484,16,41,0.39,16,22,0.727,15,31,46,31,9,12,17,21,9.0,1610612743,DEN,Denver Nuggets,113,46,95,0.484,5,25,0.2,16,27,0.593,16,32,48,34,11,6,15,23,-9.0
1610612738,BOS,Boston Celtics,0022400345,2024-12-07,239,121,42,105,0.4,18,60,0.3,19,28,0.679,15,36,51,26,6,7,13,16,-6.0,1610612763,MEM,Memphis Grizzlies,127,47,94,0.5,15,33,0.455,18,23,0.783,11,41,52,25,13,7,13,25,6.0
1610612740,NOP,New Orleans Pelicans,0022400342,2024-12-07,241,109,38,79,0.481,11,37,0.297,22,27,0.815,8,27,35,25,15,6,18,20,-10.0,1610612760,OKC,Oklahoma City Thunder,119,45,85,0.529,12,32,0.375,17,21,0.81,10,35,45,27,13,3,18,24,10.0
1610612748,MIA,Miami Heat,0022400346,2024-12-07,238,121,45,86,0.523,13,32,0.406,18,23,0.783,11,30,41,30,9,4,11,20,10.0,1610612756,PHX,Phoenix Suns,111,36,82,0.439,16,41,0.39,23,25,0.92,13,28,41,29,8,3,14,20,-10.0
1610612761,TOR,Toronto Raptors,0022400344,2024-12-07,239,118,43,93,0.462,15,39,0.385,17,18,0.944,8,31,39,37,13,3,13,22,-7.0,1610612742,DAL,Dallas Mavericks,125,38,81,0.469,17,45,0.378,32,37,0.865,14,38,52,21,10,8,18,16,7.0
1610612766,CHA,Charlotte Hornets,0022400340,2024-12-07,240,102,37,86,0.43,11,39,0.282,17,19,0.895,10,27,37,21,6,5,10,27,-14.0,1610612739,CLE,Cleveland Cavaliers,116,42,84,0.5,14,38,0.368,18,24,0.75,14,33,47,28,6,6,11,20,14.0
1610612752,NYK,New York Knicks,0022400343,2024-12-07,240,111,42,79,0.532,11,34,0.324,16,27,0.593,4,27,31,27,11,5,15,12,-9.0,1610612765,DET,Detroit Pistons,120,43,83,0.518,18,36,0.5,16,19,0.842,9,34,43,28,7,0,18,20,9.0
1610612741,CHI,Chicago Bulls,0022400336,2024-12-06,240,123,46,97,0.474,21,50,0.42,10,12,0.833,8,30,38,33,8,6,12,13,-9.0,1610612754,IND,Indiana Pacers,132,52,92,0.565,18,30,0.6,10,12,0.833,7,39,46,33,9,4,12,10,9.0
1610612737,ATL,Atlanta Hawks,0022400334,2024-12-06,265,134,50,100,0.5,17,40,0.425,17,22,0.773,11,37,48,40,10,5,17,24,2.0,1610612747,LAL,Los Angeles Lakers,132,51,99,0.515,16,35,0.457,14,16,0.875,6,34,40,33,11,10,13,24,-2.0
1610612759,SAS,San Antonio Spurs,0022400337,2024-12-06,239,113,39,91,0.429,14,41,0.341,21,30,0.7,12,30,42,28,8,5,14,20,-27.0,1610612758,SAC,Sacramento Kings,140,51,90,0.567,16,34,0.471,22,24,0.917,7,37,44,33,7,6,11,20,27.0
1610612755,PHI,Philadelphia 76ers,0022400333,2024-12-06,239,102,38,79,0.481,7,26,0.269,19,29,0.655,10,27,37,23,11,0,15,19,8.0,1610612753,ORL,Orlando Magic,94,33,78,0.423,13,46,0.283,15,17,0.882,8,30,38,21,8,6,19,23,-8.0
1610612744,GSW,Golden State Warriors,0022400338,2024-12-06,240,90,32,82,0.39,11,39,0.282,15,17,0.882,10,31,41,21,9,4,22,11,-17.0,1610612750,MIN,Minnesota Timberwolves,107,40,88,0.455,14,42,0.333,13,14,0.929,9,39,48,32,12,6,17,14,17.0
1610612757,POR,Portland Trail Blazers,0022400339,2024-12-06,242,99,37,95,0.389,14,47,0.298,11,17,0.647,6,28,34,23,4,7,10,22,-42.0,1610612762,UTA,Utah Jazz,141,53,96,0.552,14,32,0.438,21,23,0.913,11,50,61,34,6,11,12,17,42.0
1610612738,BOS,Boston Celtics,0022400335,2024-12-06,238,111,40,87,0.46,17,53,0.321,14,16,0.875,7,34,41,27,5,6,6,18,6.0,1610612749,MIL,Milwaukee Bucks,105,40,94,0.426,11,29,0.379,14,17,0.824,12,39,51,16,4,2,9,16,-6.0
1610612764,WAS,Washington Wizards,0022400326,2024-12-05,239,101,39,99,0.394,13,40,0.325,10,15,0.667,12,27,39,25,10,3,12,19,-36.0,1610612742,DAL,Dallas Mavericks,137,48,89,0.539,20,38,0.526,21,27,0.778,13,45,58,27,8,12,15,16,36.0
1610612761,TOR,Toronto Raptors,0022400328,2024-12-05,241,92,32,90,0.356,11,45,0.244,17,20,0.85,12,39,51,24,5,7,20,16,-37.0,1610612760,OKC,Oklahoma City Thunder,129,49,102,0.48,17,47,0.362,14,17,0.824,13,42,55,28,15,11,6,16,37.0
1610612744,GSW,Golden State Warriors,0022400332,2024-12-05,240,99,36,86,0.419,9,28,0.321,18,27,0.667,11,43,54,19,5,3,10,16,6.0,1610612745,HOU,Houston Rockets,93,35,93,0.376,10,38,0.263,13,17,0.765,11,34,45,20,9,9,8,20,-6.0
1610612740,NOP,New Orleans Pelicans,0022400330,2024-12-05,241,126,47,95,0.495,14,36,0.389,18,25,0.72,12,32,44,23,13,4,13,24,2.0,1610612756,PHX,Phoenix Suns,124,43,85,0.506,17,45,0.378,21,26,0.808,10,36,46,32,10,3,17,15,-2.0
1610612739,CLE,Cleveland Cavaliers,0022400325,2024-12-05,240,126,47,94,0.5,22,48,0.458,10,16,0.625,9,38,47,32,9,3,15,17,12.0,1610612743,DEN,Denver Nuggets,114,46,96,0.479,6,24,0.25,16,22,0.727,9,40,49,25,12,5,15,13,-12.0
1610612763,MEM,Memphis Grizzlies,0022400329,2024-12-05,240,115,38,80,0.475,13,38,0.342,26,32,0.813,9,40,49,27,9,5,22,21,5.0,1610612758,SAC,Sacramento Kings,110,39,98,0.398,8,35,0.229,24,28,0.857,14,32,46,19,11,1,13,23,-5.0
1610612752,NYK,New York Knicks,0022400327,2024-12-05,241,125,41,76,0.539,18,33,0.545,25,32,0.781,6,37,43,29,7,4,9,13,24.0,1610612766,CHA,Charlotte Hornets,101,40,89,0.449,15,39,0.385,6,10,0.6,10,30,40,27,3,4,10,22,-24.0
1610612759,SAS,San Antonio Spurs,0022400331,2024-12-05,239,124,44,95,0.463,8,28,0.286,28,39,0.718,15,26,41,26,11,4,11,17,-15.0,1610612741,CHI,Chicago Bulls,139,52,90,0.578,17,37,0.459,18,23,0.783,11,39,50,36,6,5,17,26,15.0
1610612746,LAC,LA Clippers,0022400324,2024-12-04,240,80,29,83,0.349,11,40,0.275,11,13,0.846,10,36,46,13,7,2,21,16,-28.0,1610612750,MIN,Minnesota Timberwolves,108,41,85,0.482,16,44,0.364,10,18,0.556,7,43,50,31,15,5,14,16,28.0
1610612738,BOS,Boston Celtics,0022400319,2024-12-04,240,130,45,94,0.479,21,53,0.396,19,25,0.76,14,29,43,30,11,7,16,14,10.0,1610612765,DET,Detroit Pistons,120,43,84,0.512,20,39,0.513,14,18,0.778,8,26,34,27,10,5,18,21,-10.0
1610612748,MIA,Miami Heat,0022400321,2024-12-04,241,134,52,90,0.578,24,47,0.511,6,9,0.667,13,39,52,42,11,5,15,16,41.0,1610612747,LAL,Los Angeles Lakers,93,37,88,0.42,5,22,0.227,14,19,0.737,12,24,36,29,9,4,13,8,-41.0
1610612755,PHI,Philadelphia 76ers,0022400322,2024-12-04,239,102,40,82,0.488,11,30,0.367,11,19,0.579,10,25,35,23,9,1,14,19,-4.0,1610612753,ORL,Orlando Magic,106,41,84,0.488,8,29,0.276,16,21,0.762,16,26,42,21,13,7,13,18,4.0
1610612749,MIL,Milwaukee Bucks,0022400323,2024-12-04,240,104,33,78,0.423,15,45,0.333,23,35,0.657,8,32,40,23,7,4,18,22,-15.0,1610612737,ATL,Atlanta Hawks,119,45,102,0.441,9,32,0.281,20,22,0.909,15,39,54,29,16,3,11,25,15.0
1610612751,BKN,Brooklyn Nets,0022400320,2024-12-04,239,99,35,81,0.432,12,36,0.333,17,23,0.739,7,36,43,24,12,6,12,18,9.0,1610612754,IND,Indiana Pacers,90,32,75,0.427,8,33,0.242,18,22,0.818,5,34,39,20,6,10,16,19,-9.0
1610612761,TOR,Toronto Raptors,0022400054,2024-12-03,241,122,44,81,0.543,13,33,0.394,21,29,0.724,6,36,42,28,9,4,21,26,11.0,1610612754,IND,Indiana Pacers,111,38,84,0.452,12,30,0.4,23,28,0.821,9,25,34,21,8,6,20,23,-11.0
1610612765,DET,Detroit Pistons,0022400052,2024-12-03,239,107,40,87,0.46,11,33,0.333,16,22,0.727,13,28,41,22,11,7,18,21,-21.0,1610612749,MIL,Milwaukee Bucks,128,45,80,0.563,23,41,0.561,15,21,0.714,4,32,36,26,10,6,16,17,21.0
1610612760,OKC,Oklahoma City Thunder,0022400055,2024-12-03,241,133,53,102,0.52,17,47,0.362,10,11,0.909,15,19,34,32,18,3,8,23,27.0,1610612762,UTA,Utah Jazz,106,38,70,0.543,13,35,0.371,17,22,0.773,11,25,36,21,3,6,29,14,-27.0
1610612739,CLE,Cleveland Cavaliers,0022400051,2024-12-03,241,118,43,89,0.483,16,46,0.348,16,25,0.64,7,38,45,31,11,4,11,20,31.0,1610612764,WAS,Washington Wizards,87,32,83,0.386,4,26,0.154,19,25,0.76,13,39,52,18,4,8,20,21,-31.0
1610612758,SAC,Sacramento Kings,0022400059,2024-12-03,241,120,47,91,0.516,14,30,0.467,12,20,0.6,10,24,34,33,7,8,10,20,9.0,1610612745,HOU,Houston Rockets,111,41,93,0.441,14,39,0.359,15,21,0.714,18,35,53,14,6,1,15,23,-9.0
1610612743,DEN,Denver Nuggets,0022400058,2024-12-03,240,119,40,79,0.506,11,24,0.458,28,35,0.8,4,34,38,32,9,5,15,15,4.0,1610612744,GSW,Golden State Warriors,115,44,95,0.463,12,38,0.316,15,21,0.714,11,37,48,36,12,3,14,25,-4.0
1610612746,LAC,LA Clippers,0022400060,2024-12-03,240,127,47,85,0.553,19,37,0.514,14,17,0.824,11,24,35,29,8,8,13,14,22.0,1610612757,POR,Portland Trail Blazers,105,41,80,0.513,10,29,0.345,13,16,0.813,11,18,29,25,6,4,15,15,-22.0
1610612756,PHX,Phoenix Suns,0022400057,2024-12-03,240,104,38,78,0.487,11,32,0.344,17,21,0.81,2,42,44,26,10,5,12,16,11.0,1610612759,SAS,San Antonio Spurs,93,35,100,0.35,8,44,0.182,15,20,0.75,18,35,53,26,9,2,14,17,-11.0
1610612766,CHA,Charlotte Hornets,0022400050,2024-12-03,242,104,34,77,0.442,13,34,0.382,23,28,0.821,15,32,47,22,5,3,15,17,-6.0,1610612755,PHI,Philadelphia 76ers,110,38,82,0.463,16,40,0.4,18,20,0.9,8,23,31,26,9,3,12,22,6.0
1610612742,DAL,Dallas Mavericks,0022400056,2024-12-03,239,121,39,81,0.481,13,32,0.406,30,44,0.682,14,35,49,24,8,8,25,23,5.0,1610612763,MEM,Memphis Grizzlies,116,45,97,0.464,13,40,0.325,13,14,0.929,13,26,39,27,15,3,19,29,-5.0
1610612752,NYK,New York Knicks,0022400053,2024-12-03,242,121,43,85,0.506,15,35,0.429,20,20,1.0,5,34,39,30,6,4,17,25,15.0,1610612753,ORL,Orlando Magic,106,38,87,0.437,9,39,0.231,21,25,0.84,9,29,38,20,9,4,15,19,-15.0
1610612737,ATL,Atlanta Hawks,0022400315,2024-12-02,241,124,49,96,0.51,10,38,0.263,16,20,0.8,11,40,51,30,12,4,18,15,12.0,1610612740,NOP,New Orleans Pelicans,112,44,100,0.44,13,42,0.31,11,17,0.647,15,26,41,21,15,5,16,18,-12.0
1610612750,MIN,Minnesota Timberwolves,0022400318,2024-12-02,241,109,41,81,0.506,15,35,0.429,12,15,0.8,7,36,43,31,11,2,15,17,29.0,1610612747,LAL,Los Angeles Lakers,80,32,79,0.405,6,31,0.194,10,14,0.714,9,30,39,19,8,2,20,16,-29.0
1610612741,CHI,Chicago Bulls,0022400317,2024-12-02,239,128,48,92,0.522,16,47,0.34,16,19,0.842,11,43,54,33,8,5,16,16,26.0,1610612751,BKN,Brooklyn Nets,102,38,95,0.4,14,42,0.333,12,15,0.8,10,31,41,24,9,5,10,19,-26.0
1610612738,BOS,Boston Celtics,0022400316,2024-12-02,240,108,39,89,0.438,19,55,0.345,11,13,0.846,14,40,54,25,5,9,14,20,19.0,1610612748,MIA,Miami Heat,89,31,87,0.356,8,35,0.229,19,23,0.826,11,33,44,24,6,1,10,11,-19.0
1610612746,LAC,LA Clippers,0022400314,2024-12-01,240,126,43,90,0.478,18,39,0.462,22,27,0.815,13,29,42,28,8,4,14,16,4.0,1610612743,DEN,Denver Nuggets,122,51,88,0.58,10,24,0.417,10,19,0.526,8,31,39,37,7,3,14,17,-4.0
1610612745,HOU,Houston Rockets,0022400310,2024-12-01,240,119,38,92,0.413,13,37,0.351,30,39,0.769,15,36,51,20,3,6,10,21,3.0,1610612760,OKC,Oklahoma City Thunder,116,42,94,0.447,13,39,0.333,19,25,0.76,11,35,46,30,5,4,7,26,-3.0
1610612739,CLE,Cleveland Cavaliers,0022400307,2024-12-01,239,115,39,80,0.488,17,36,0.472,20,25,0.8,6,38,44,22,5,7,17,20,4.0,1610612738,BOS,Boston Celtics,111,38,95,0.4,17,49,0.347,18,19,0.947,10,36,46,17,11,6,8,19,-4.0
1610612751,BKN,Brooklyn Nets,0022400305,2024-12-01,242,92,30,79,0.38,8,31,0.258,24,31,0.774,8,25,33,19,10,3,16,31,-8.0,1610612753,ORL,Orlando Magic,100,34,74,0.459,7,28,0.25,25,32,0.781,14,38,52,23,10,11,22,29,8.0
1610612762,UTA,Utah Jazz,0022400311,2024-12-01,241,104,40,79,0.506,14,40,0.35,10,16,0.625,8,36,44,27,4,4,15,19,-1.0,1610612747,LAL,Los Angeles Lakers,105,39,88,0.443,7,33,0.212,20,25,0.8,10,32,42,23,7,4,5,18,1.0
1610612758,SAC,Sacramento Kings,0022400313,2024-12-01,240,125,47,101,0.465,12,32,0.375,19,24,0.792,21,30,51,32,8,5,10,23,-2.0,1610612759,SAS,San Antonio Spurs,127,42,82,0.512,23,46,0.5,20,24,0.833,8,30,38,32,6,9,15,17,2.0
1610612761,TOR,Toronto Raptors,0022400309,2024-12-01,241,119,47,88,0.534,10,29,0.345,15,20,0.75,10,37,47,30,4,5,14,23,3.0,1610612748,MIA,Miami Heat,116,39,88,0.443,15,40,0.375,23,28,0.821,12,33,45,25,11,4,14,17,-3.0
1610612763,MEM,Memphis Grizzlies,0022400306,2024-12-01,240,136,49,93,0.527,16,46,0.348,22,27,0.815,8,32,40,36,9,6,10,22,15.0,1610612754,IND,Indiana Pacers,121,43,90,0.478,14,42,0.333,21,26,0.808,6,35,41,28,8,3,15,22,-15.0
1610612752,NYK,New York Knicks,0022400308,2024-12-01,239,118,42,92,0.457,20,45,0.444,14,16,0.875,14,46,60,30,10,9,17,14,33.0,1610612740,NOP,New Orleans Pelicans,85,35,94,0.372,4,27,0.148,11,17,0.647,13,29,42,20,14,9,14,19,-33.0
1610612757,POR,Portland Trail Blazers,0022400312,2024-12-01,239,131,49,84,0.583,18,31,0.581,15,18,0.833,10,29,39,29,7,0,21,25,-6.0,1610612742,DAL,Dallas Mavericks,137,48,87,0.552,18,36,0.5,23,29,0.793,8,25,33,33,13,0,13,15,6.0
1610612762,UTA,Utah Jazz,0022400304,2024-11-30,241,94,34,95,0.358,9,39,0.231,17,21,0.81,19,34,53,20,10,7,15,14,-12.0,1610612742,DAL,Dallas Mavericks,106,41,90,0.456,15,39,0.385,9,15,0.6,12,36,48,30,12,6,15,21,12.0
1610612749,MIL,Milwaukee Bucks,0022400302,2024-11-30,239,124,44,86,0.512,16,35,0.457,20,25,0.8,7,31,38,31,5,6,11,18,10.0,1610612764,WAS,Washington Wizards,114,41,87,0.471,9,32,0.281,23,24,0.958,8,33,41,24,7,3,12,26,-10.0
1610612765,DET,Detroit Pistons,0022400301,2024-11-30,242,96,35,91,0.385,11,40,0.275,15,18,0.833,10,32,42,22,6,5,16,19,-15.0,1610612755,PHI,Philadelphia 76ers,111,42,85,0.494,11,31,0.355,16,22,0.727,12,38,50,19,9,8,14,21,15.0
1610612766,CHA,Charlotte Hornets,0022400300,2024-11-30,240,104,35,94,0.372,18,48,0.375,16,19,0.842,18,27,45,23,13,6,14,23,-3.0,1610612737,ATL,Atlanta Hawks,107,38,78,0.487,10,33,0.303,21,27,0.778,14,35,49,27,8,7,20,15,3.0
1610612756,PHX,Phoenix Suns,0022400303,2024-11-30,239,113,38,79,0.481,18,35,0.514,19,22,0.864,6,39,45,31,4,9,12,13,8.0,1610612744,GSW,Golden State Warriors,105,38,92,0.413,14,40,0.35,15,18,0.833,9,34,43,28,8,5,9,17,-8.0
1610612737,ATL,Atlanta Hawks,0022400041,2024-11-29,241,117,44,85,0.518,14,34,0.412,15,18,0.833,10,43,53,33,9,5,18,20,16.0,1610612739,CLE,Cleveland Cavaliers,101,38,93,0.409,11,38,0.289,14,17,0.824,11,29,40,21,9,0,13,22,-16.0
1610612751,BKN,Brooklyn Nets,0022400043,2024-11-29,240,100,38,77,0.494,14,29,0.483,10,14,0.714,5,30,35,22,5,5,20,21,-23.0,1610612753,ORL,Orlando Magic,123,44,83,0.53,18,35,0.514,17,22,0.773,11,29,40,29,13,13,17,21,23.0
1610612750,MIN,Minnesota Timberwolves,0022400044,2024-11-29,240,93,31,75,0.413,15,39,0.385,16,20,0.8,11,38,49,25,8,5,21,14,1.0,1610612746,LAC,LA Clippers,92,36,84,0.429,10,31,0.323,10,13,0.769,8,31,39,20,17,3,15,16,-1.0
1610612748,MIA,Miami Heat,0022400046,2024-11-29,242,121,43,94,0.457,21,54,0.389,14,17,0.824,9,24,33,32,10,0,8,19,10.0,1610612761,TOR,Toronto Raptors,111,43,80,0.538,11,29,0.379,14,17,0.824,10,36,46,34,4,3,18,17,-10.0
1610612757,POR,Portland Trail Blazers,0022400049,2024-11-29,241,115,46,90,0.511,11,37,0.297,12,15,0.8,8,32,40,27,10,3,11,17,9.0,1610612758,SAC,Sacramento Kings,106,35,78,0.449,15,42,0.357,21,28,0.75,11,30,41,29,7,4,20,19,-9.0
1610612766,CHA,Charlotte Hornets,0022400040,2024-11-29,239,98,36,89,0.404,15,47,0.319,11,15,0.733,14,25,39,25,8,6,13,19,-1.0,1610612752,NYK,New York Knicks,99,36,81,0.444,12,32,0.375,15,19,0.789,12,32,44,20,7,5,19,19,1.0
1610612763,MEM,Memphis Grizzlies,0022400042,2024-11-29,241,120,47,96,0.49,12,41,0.293,14,17,0.824,14,37,51,36,9,5,15,22,11.0,1610612740,NOP,New Orleans Pelicans,109,38,91,0.418,9,29,0.31,24,30,0.8,14,32,46,16,9,7,14,17,-11.0
1610612741,CHI,Chicago Bulls,0022400047,2024-11-29,241,129,48,93,0.516,20,51,0.392,13,16,0.813,5,38,43,28,7,2,8,17,-9.0,1610612738,BOS,Boston Celtics,138,49,98,0.5,23,54,0.426,17,23,0.739,11,40,51,24,6,2,9,13,9.0
1610612754,IND,Indiana Pacers,0022400045,2024-11-29,242,106,41,85,0.482,12,33,0.364,12,13,0.923,7,25,32,23,9,4,16,18,-24.0,1610612765,DET,Detroit Pistons,130,48,83,0.578,18,38,0.474,16,20,0.8,7,37,44,35,9,5,18,16,24.0
1610612747,LAL,Los Angeles Lakers,0022400048,2024-11-29,241,93,33,73,0.452,11,38,0.289,16,21,0.762,8,39,47,25,4,6,17,18,-8.0,1610612760,OKC,Oklahoma City Thunder,101,38,93,0.409,13,40,0.325,12,16,0.75,15,32,47,20,12,3,9,17,8.0
1610612740,NOP,New Orleans Pelicans,0022400295,2024-11-27,240,93,36,93,0.387,11,35,0.314,10,16,0.625,10,37,47,24,12,4,15,16,-26.0,1610612761,TOR,Toronto Raptors,119,47,95,0.495,21,52,0.404,4,12,0.333,12,40,52,38,11,4,15,16,26.0
1610612739,CLE,Cleveland Cavaliers,0022400287,2024-11-27,241,124,44,95,0.463,15,48,0.313,21,28,0.75,12,32,44,31,11,5,12,21,-11.0,1610612737,ATL,Atlanta Hawks,135,46,97,0.474,20,42,0.476,23,25,0.92,14,37,51,39,6,6,13,21,11.0
1610612742,DAL,Dallas Mavericks,0022400292,2024-11-27,241,129,48,85,0.565,17,33,0.515,16,21,0.762,10,33,43,27,6,4,13,25,15.0,1610612752,NYK,New York Knicks,114,40,86,0.465,7,29,0.241,27,30,0.9,7,26,33,20,9,3,8,19,-15.0
1610612759,SAS,San Antonio Spurs,0022400296,2024-11-27,242,101,36,85,0.424,14,40,0.35,15,16,0.938,11,27,38,26,7,4,15,13,-18.0,1610612747,LAL,Los Angeles Lakers,119,48,90,0.533,13,34,0.382,10,10,1.0,11,35,46,31,8,3,13,15,18.0
1610612753,ORL,Orlando Magic,0022400289,2024-11-27,237,133,46,90,0.511,15,39,0.385,26,28,0.929,7,32,39,30,10,8,11,14,14.0,1610612741,CHI,Chicago Bulls,119,46,87,0.529,16,42,0.381,11,16,0.688,7,30,37,30,9,6,18,26,-14.0
1610612744,GSW,Golden State Warriors,0022400299,2024-11-27,240,101,35,98,0.357,16,50,0.32,15,21,0.714,18,39,57,25,7,6,14,21,-4.0,1610612760,OKC,Oklahoma City Thunder,105,39,85,0.459,11,37,0.297,16,26,0.615,8,40,48,26,10,9,14,21,4.0
1610612762,UTA,Utah Jazz,0022400298,2024-11-27,241,103,38,90,0.422,16,43,0.372,11,18,0.611,21,26,47,25,7,5,18,17,-19.0,1610612743,DEN,Denver Nuggets,122,46,84,0.548,11,33,0.333,19,23,0.826,10,29,39,30,10,8,10,14,19.0
1610612754,IND,Indiana Pacers,0022400288,2024-11-27,242,121,46,94,0.489,13,32,0.406,16,20,0.8,19,28,47,27,10,10,12,21,7.0,1610612757,POR,Portland Trail Blazers,114,44,87,0.506,16,35,0.457,10,17,0.588,13,25,38,31,6,5,14,18,-7.0
1610612763,MEM,Memphis Grizzlies,0022400293,2024-11-27,239,131,51,93,0.548,17,46,0.37,12,16,0.75,10,32,42,31,13,4,16,21,20.0,1610612765,DET,Detroit Pistons,111,40,85,0.471,13,38,0.342,18,25,0.72,9,33,42,24,6,4,18,17,-20.0
1610612755,PHI,Philadelphia 76ers,0022400290,2024-11-27,264,115,43,96,0.448,12,33,0.364,17,23,0.739,10,32,42,19,12,7,14,26,-7.0,1610612745,HOU,Houston Rockets,122,40,88,0.455,10,31,0.323,32,38,0.842,14,37,51,23,10,14,20,19,7.0
1610612766,CHA,Charlotte Hornets,0022400286,2024-11-27,241,94,37,98,0.378,17,51,0.333,3,8,0.375,16,27,43,22,10,5,13,19,-4.0,1610612748,MIA,Miami Heat,98,33,73,0.452,14,37,0.378,18,22,0.818,4,40,44,21,6,5,18,9,4.0
1610612750,MIN,Minnesota Timberwolves,0022400294,2024-11-27,241,104,33,74,0.446,14,39,0.359,24,27,0.889,4,29,33,25,11,9,15,19,-11.0,1610612758,SAC,Sacramento Kings,115,46,94,0.489,12,37,0.324,11,15,0.733,12,35,47,28,8,3,16,21,11.0
1610612756,PHX,Phoenix Suns,0022400297,2024-11-27,241,117,41,77,0.532,12,31,0.387,23,28,0.821,3,34,37,25,7,5,17,26,-10.0,1610612751,BKN,Brooklyn Nets,127,44,87,0.506,18,42,0.429,21,22,0.955,7,29,36,32,8,1,12,24,10.0
1610612764,WAS,Washington Wizards,0022400291,2024-11-27,242,96,35,85,0.412,8,33,0.242,18,22,0.818,11,29,40,21,9,4,20,18,-25.0,1610612746,LAC,LA Clippers,121,45,89,0.506,12,33,0.364,19,25,0.76,13,34,47,27,18,4,13,19,25.0
1610612756,PHX,Phoenix Suns,0022400039,2024-11-26,239,127,51,99,0.515,17,42,0.405,8,10,0.8,8,38,46,31,9,3,9,18,27.0,1610612747,LAL,Los Angeles Lakers,100,37,85,0.435,8,34,0.235,18,25,0.72,7,35,42,25,7,6,12,11,-27.0
1610612764,WAS,Washington Wizards,0022400035,2024-11-26,241,108,39,91,0.429,10,37,0.27,20,31,0.645,5,38,43,27,7,3,12,18,-19.0,1610612741,CHI,Chicago Bulls,127,47,94,0.5,14,40,0.35,19,22,0.864,8,42,50,29,6,4,10,22,19.0
1610612762,UTA,Utah Jazz,0022400038,2024-11-26,240,115,43,84,0.512,13,35,0.371,16,20,0.8,10,31,41,24,6,4,21,20,-13.0,1610612759,SAS,San Antonio Spurs,128,45,93,0.484,18,48,0.375,20,26,0.769,13,26,39,30,12,5,10,17,13.0
1610612750,MIN,Minnesota Timberwolves,0022400037,2024-11-26,264,111,42,98,0.429,9,38,0.237,18,20,0.9,14,38,52,21,6,4,17,18,-6.0,1610612745,HOU,Houston Rockets,117,45,99,0.455,15,37,0.405,12,13,0.923,7,37,44,31,12,9,10,20,6.0
1610612748,MIA,Miami Heat,0022400036,2024-11-26,239,103,35,77,0.455,10,29,0.345,23,30,0.767,9,29,38,26,6,2,8,14,-3.0,1610612749,MIL,Milwaukee Bucks,106,36,77,0.468,20,42,0.476,14,17,0.824,9,32,41,23,5,7,10,19,3.0
1610612765,DET,Detroit Pistons,0022400278,2024-11-25,239,102,34,76,0.447,12,37,0.324,22,31,0.71,6,32,38,27,4,7,14,19,2.0,1610612761,TOR,Toronto Raptors,100,41,104,0.394,10,35,0.286,8,10,0.8,23,27,50,26,7,5,9,27,-2.0
1610612743,DEN,Denver Nuggets,0022400283,2024-11-25,240,118,41,92,0.446,11,33,0.333,25,27,0.926,10,23,33,23,5,3,11,18,-27.0,1610612752,NYK,New York Knicks,145,56,92,0.609,19,36,0.528,14,16,0.875,8,35,43,45,5,4,9,23,27.0
1610612766,CHA,Charlotte Hornets,0022400277,2024-11-25,240,84,31,75,0.413,7,32,0.219,15,19,0.789,13,39,52,14,6,5,26,20,-11.0,1610612753,ORL,Orlando Magic,95,37,94,0.394,12,46,0.261,9,17,0.529,13,26,39,21,12,6,8,21,11.0
1610612737,ATL,Atlanta Hawks,0022400280,2024-11-25,240,119,48,101,0.475,9,31,0.29,14,16,0.875,9,30,39,32,10,6,14,15,-10.0,1610612742,DAL,Dallas Mavericks,129,47,94,0.5,16,35,0.457,19,22,0.864,10,41,51,24,6,8,17,13,10.0
1610612754,IND,Indiana Pacers,0022400279,2024-11-25,240,114,43,91,0.473,17,47,0.362,11,16,0.688,7,34,41,30,10,2,13,16,4.0,1610612740,NOP,New Orleans Pelicans,110,45,87,0.517,9,33,0.273,11,19,0.579,8,36,44,35,9,3,15,16,-4.0
1610612738,BOS,Boston Celtics,0022400281,2024-11-25,240,126,45,88,0.511,22,51,0.431,14,20,0.7,8,39,47,33,10,11,11,12,32.0,1610612746,LAC,LA Clippers,94,39,90,0.433,7,26,0.269,9,13,0.692,10,34,44,18,8,3,13,12,-32.0
1610612763,MEM,Memphis Grizzlies,0022400282,2024-11-25,241,123,43,87,0.494,12,28,0.429,25,34,0.735,16,44,60,35,7,13,18,20,25.0,1610612757,POR,Portland Trail Blazers,98,34,102,0.333,8,46,0.174,22,28,0.786,19,25,44,22,10,7,11,21,-25.0
1610612744,GSW,Golden State Warriors,0022400284,2024-11-25,241,120,45,93,0.484,19,46,0.413,11,17,0.647,11,32,43,32,8,5,12,21,-8.0,1610612751,BKN,Brooklyn Nets,128,41,83,0.494,20,45,0.444,26,30,0.867,7,35,42,23,6,3,11,18,8.0
1610612758,SAC,Sacramento Kings,0022400285,2024-11-25,240,109,42,87,0.483,8,32,0.25,17,23,0.739,9,22,31,24,10,4,12,22,-21.0,1610612760,OKC,Oklahoma City Thunder,130,48,86,0.558,14,31,0.452,20,25,0.8,11,33,44,28,6,3,15,18,21.0
1610612738,BOS,Boston Celtics,0022400271,2024-11-24,239,107,37,87,0.425,21,56,0.375,12,15,0.8,8,32,40,25,5,7,6,23,2.0,1610612750,MIN,Minnesota Timberwolves,105,37,88,0.42,15,41,0.366,16,21,0.762,11,38,49,19,2,1,8,18,-2.0
1610612739,CLE,Cleveland Cavaliers,0022400275,2024-11-24,241,122,48,97,0.495,16,41,0.39,10,14,0.714,14,35,49,27,11,4,13,21,14.0,1610612761,TOR,Toronto Raptors,108,37,92,0.402,12,39,0.308,22,34,0.647,19,36,55,22,9,5,14,18,-14.0
1610612754,IND,Indiana Pacers,0022400272,2024-11-24,240,115,41,86,0.477,12,27,0.444,21,27,0.778,12,33,45,31,8,3,11,18,12.0,1610612764,WAS,Washington Wizards,103,36,79,0.456,11,35,0.314,20,25,0.8,8,33,41,24,8,5,16,19,-12.0
1610612758,SAC,Sacramento Kings,0022400276,2024-11-24,240,103,37,77,0.481,9,25,0.36,20,31,0.645,11,33,44,21,6,6,16,22,-5.0,1610612751,BKN,Brooklyn Nets,108,36,75,0.48,19,39,0.487,17,25,0.68,6,25,31,24,7,5,12,23,5.0
1610612748,MIA,Miami Heat,0022400273,2024-11-24,266,123,46,107,0.43,14,41,0.341,17,27,0.63,12,45,57,27,6,6,9,22,5.0,1610612742,DAL,Dallas Mavericks,118,44,105,0.419,10,40,0.25,20,25,0.8,15,44,59,29,6,9,13,24,-5.0
1610612755,PHI,Philadelphia 76ers,0022400274,2024-11-24,241,99,34,86,0.395,9,39,0.231,22,26,0.846,13,20,33,22,8,5,13,17,-26.0,1610612746,LAC,LA Clippers,125,47,81,0.58,12,30,0.4,19,25,0.76,10,34,44,31,9,5,17,22,26.0
1610612745,HOU,Houston Rockets,0022400267,2024-11-23,240,98,32,90,0.356,8,32,0.25,26,33,0.788,14,29,43,17,8,5,9,19,-6.0,1610612757,POR,Portland Trail Blazers,104,34,90,0.378,18,44,0.409,18,23,0.783,16,37,53,16,5,12,16,26,6.0
1610612747,LAL,Los Angeles Lakers,0022400270,2024-11-23,239,102,39,88,0.443,13,36,0.361,11,14,0.786,6,26,32,27,11,3,15,16,-25.0,1610612743,DEN,Denver Nuggets,127,50,82,0.61,16,32,0.5,11,19,0.579,8,40,48,37,7,2,17,18,25.0
1610612749,MIL,Milwaukee Bucks,0022400268,2024-11-23,241,125,43,89,0.483,18,37,0.486,21,26,0.808,10,41,51,20,3,9,14,22,6.0,1610612766,CHA,Charlotte Hornets,119,41,100,0.41,19,47,0.404,18,21,0.857,14,34,48,22,6,5,10,21,-6.0
1610612753,ORL,Orlando Magic,0022400265,2024-11-23,241,111,40,87,0.46,12,39,0.308,19,22,0.864,17,27,44,25,13,9,13,20,11.0,1610612765,DET,Detroit Pistons,100,35,75,0.467,13,33,0.394,17,22,0.773,10,24,34,16,7,8,17,21,-11.0
1610612741,CHI,Chicago Bulls,0022400266,2024-11-23,240,131,49,97,0.505,19,42,0.452,14,19,0.737,10,25,35,29,4,8,11,14,-11.0,1610612763,MEM,Memphis Grizzlies,142,55,96,0.573,19,42,0.452,13,20,0.65,13,36,49,38,5,4,11,18,11.0
1610612759,SAS,San Antonio Spurs,0022400269,2024-11-23,241,104,38,85,0.447,13,47,0.277,15,19,0.789,9,39,48,29,5,9,8,16,10.0,1610612744,GSW,Golden State Warriors,94,36,95,0.379,14,44,0.318,8,13,0.615,17,32,49,29,4,3,10,21,-10.0
1610612762,UTA,Utah Jazz,0022400264,2024-11-23,241,121,44,87,0.506,19,34,0.559,14,19,0.737,9,43,52,30,4,4,18,19,15.0,1610612752,NYK,New York Knicks,106,39,100,0.39,17,51,0.333,11,12,0.917,11,29,40,25,10,10,9,19,-15.0
1610612755,PHI,Philadelphia 76ers,0022400027,2024-11-22,242,113,41,92,0.446,16,43,0.372,15,20,0.75,15,25,40,25,13,9,11,16,15.0,1610612751,BKN,Brooklyn Nets,98,39,79,0.494,13,37,0.351,7,7,1.0,7,27,34,28,1,4,19,17,-15.0
1610612743,DEN,Denver Nuggets,0022400033,2024-11-22,240,120,43,90,0.478,15,29,0.517,19,29,0.655,15,27,42,33,4,7,13,19,-3.0,1610612742,DAL,Dallas Mavericks,123,46,91,0.505,10,27,0.37,21,27,0.778,12,32,44,24,11,5,13,22,3.0
1610612740,NOP,New Orleans Pelicans,0022400032,2024-11-22,241,108,41,92,0.446,12,39,0.308,14,22,0.636,13,30,43,28,10,9,9,25,-4.0,1610612744,GSW,Golden State Warriors,112,39,87,0.448,12,37,0.324,22,29,0.759,14,38,52,27,5,5,16,19,4.0
1610612749,MIL,Milwaukee Bucks,0022400029,2024-11-22,242,129,48,90,0.533,17,36,0.472,16,20,0.8,10,34,44,33,10,4,17,19,12.0,1610612754,IND,Indiana Pacers,117,43,91,0.473,11,34,0.324,20,27,0.741,14,32,46,30,11,6,15,17,-12.0
1610612746,LAC,LA Clippers,0022400034,2024-11-22,239,104,39,94,0.415,10,42,0.238,16,16,1.0,11,43,54,27,13,3,12,24,16.0,1610612758,SAC,Sacramento Kings,88,32,83,0.386,7,35,0.2,17,24,0.708,8,40,48,19,5,8,15,13,-16.0
1610612741,CHI,Chicago Bulls,0022400030,2024-11-22,239,136,49,86,0.57,19,43,0.442,19,21,0.905,5,36,41,36,8,10,19,17,14.0,1610612737,ATL,Atlanta Hawks,122,49,107,0.458,10,34,0.294,14,19,0.737,14,28,42,32,11,4,11,16,-14.0
1610612745,HOU,Houston Rockets,0022400031,2024-11-22,241,116,42,93,0.452,15,39,0.385,17,25,0.68,13,38,51,27,14,5,17,20,28.0,1610612757,POR,Portland Trail Blazers,88,30,91,0.33,11,43,0.256,17,22,0.773,13,32,45,17,9,8,20,20,-28.0
1610612764,WAS,Washington Wizards,0022400028,2024-11-22,239,96,39,90,0.433,7,28,0.25,11,16,0.688,10,38,48,19,6,4,19,29,-12.0,1610612738,BOS,Boston Celtics,108,36,85,0.424,11,46,0.239,25,32,0.781,10,33,43,22,11,7,12,19,12.0
1610612747,LAL,Los Angeles Lakers,0022400263,2024-11-21,240,118,44,87,0.506,13,31,0.419,17,26,0.654,9,27,36,21,4,6,10,15,-1.0,1610612753,ORL,Orlando Magic,119,43,91,0.473,15,40,0.375,18,21,0.857,15,33,48,31,8,5,16,25,1.0
1610612761,TOR,Toronto Raptors,0022400261,2024-11-21,239,110,37,72,0.514,7,23,0.304,29,39,0.744,10,33,43,22,11,1,17,24,5.0,1610612750,MIN,Minnesota Timberwolves,105,33,80,0.413,12,35,0.343,27,33,0.818,10,30,40,16,12,5,17,24,-5.0
1610612766,CHA,Charlotte Hornets,0022400260,2024-11-21,266,123,44,93,0.473,20,44,0.455,15,21,0.714,11,32,43,23,12,5,15,22,2.0,1610612765,DET,Detroit Pistons,121,42,99,0.424,17,48,0.354,20,25,0.8,21,35,56,30,8,3,19,23,-2.0
1610612759,SAS,San Antonio Spurs,0022400262,2024-11-21,239,126,41,88,0.466,9,32,0.281,35,46,0.761,11,40,51,32,8,9,11,20,8.0,1610612762,UTA,Utah Jazz,118,41,98,0.418,13,45,0.289,23,26,0.885,12,37,49,22,4,7,14,29,-8.0
1610612744,GSW,Golden State Warriors,0022400258,2024-11-20,239,120,47,101,0.465,14,40,0.35,12,18,0.667,9,45,54,36,10,7,15,17,23.0,1610612737,ATL,Atlanta Hawks,97,35,105,0.333,12,45,0.267,15,24,0.625,21,44,65,27,9,5,17,17,-23.0
1610612749,MIL,Milwaukee Bucks,0022400253,2024-11-20,241,122,44,80,0.55,13,36,0.361,21,31,0.677,10,35,45,30,7,2,11,13,16.0,1610612741,CHI,Chicago Bulls,106,41,88,0.466,17,45,0.378,7,7,1.0,5,28,33,25,7,2,14,23,-16.0
1610612745,HOU,Houston Rockets,0022400254,2024-11-20,238,130,47,102,0.461,12,36,0.333,24,33,0.727,13,34,47,25,16,2,13,21,17.0,1610612754,IND,Indiana Pacers,113,44,83,0.53,5,22,0.227,20,25,0.8,3,33,36,19,7,9,23,24,-17.0
1610612756,PHX,Phoenix Suns,0022400257,2024-11-20,242,122,45,92,0.489,19,50,0.38,13,17,0.765,11,23,34,30,9,2,14,16,-16.0,1610612752,NYK,New York Knicks,138,50,86,0.581,19,39,0.487,19,21,0.905,10,31,41,30,10,0,13,15,16.0
1610612739,CLE,Cleveland Cavaliers,0022400252,2024-11-20,240,128,49,93,0.527,18,42,0.429,12,14,0.857,16,36,52,29,10,9,11,16,28.0,1610612740,NOP,New Orleans Pelicans,100,39,92,0.424,8,31,0.258,14,22,0.636,16,24,40,23,9,3,11,11,-28.0
1610612763,MEM,Memphis Grizzlies,0022400255,2024-11-20,239,117,41,85,0.482,19,43,0.442,16,16,1.0,9,32,41,29,5,6,19,17,6.0,1610612755,PHI,Philadelphia 76ers,111,39,87,0.448,11,33,0.333,22,24,0.917,14,27,41,21,12,6,14,19,-6.0
1610612746,LAC,LA Clippers,0022400259,2024-11-20,241,104,38,77,0.494,11,22,0.5,17,21,0.81,15,34,49,22,10,1,22,22,11.0,1610612753,ORL,Orlando Magic,93,33,75,0.44,8,35,0.229,19,24,0.792,2,22,24,21,11,7,14,17,-11.0
1610612760,OKC,Oklahoma City Thunder,0022400256,2024-11-20,240,109,40,91,0.44,9,31,0.29,20,23,0.87,15,31,46,24,14,8,13,20,10.0,1610612757,POR,Portland Trail Blazers,99,32,79,0.405,15,38,0.395,20,28,0.714,16,33,49,18,6,7,22,20,-10.0
1610612738,BOS,Boston Celtics,0022400021,2024-11-19,240,120,44,86,0.512,22,41,0.537,10,14,0.714,9,33,42,32,4,4,13,19,3.0,1610612739,CLE,Cleveland Cavaliers,117,46,93,0.495,10,29,0.345,15,17,0.882,12,29,41,30,4,3,7,15,-3.0
1610612759,SAS,San Antonio Spurs,0022400025,2024-11-19,239,110,39,83,0.47,19,46,0.413,13,19,0.684,8,38,46,32,5,5,21,13,6.0,1610612760,OKC,Oklahoma City Thunder,104,41,100,0.41,16,53,0.302,6,7,0.857,13,34,47,24,16,4,13,18,-6.0
1610612742,DAL,Dallas Mavericks,0022400024,2024-11-19,239,132,49,94,0.521,14,31,0.452,20,25,0.8,14,34,48,26,12,7,11,15,41.0,1610612740,NOP,New Orleans Pelicans,91,31,78,0.397,11,32,0.344,18,21,0.857,7,30,37,19,9,4,21,22,-41.0
1610612763,MEM,Memphis Grizzlies,0022400023,2024-11-19,239,110,41,103,0.398,9,38,0.237,19,31,0.613,19,36,55,24,9,10,22,24,-12.0,1610612743,DEN,Denver Nuggets,122,48,100,0.48,12,36,0.333,14,22,0.636,13,40,53,29,15,6,18,29,12.0
1610612747,LAL,Los Angeles Lakers,0022400026,2024-11-19,240,124,42,76,0.553,14,31,0.452,26,36,0.722,6,28,34,30,9,5,14,16,6.0,1610612762,UTA,Utah Jazz,118,45,90,0.5,12,36,0.333,16,19,0.842,11,31,42,28,9,0,14,24,-6.0
1610612751,BKN,Brooklyn Nets,0022400022,2024-11-19,239,116,42,85,0.494,18,41,0.439,14,19,0.737,10,26,36,31,8,8,13,19,1.0,1610612766,CHA,Charlotte Hornets,115,38,82,0.463,20,37,0.541,19,22,0.864,13,31,44,25,6,8,21,20,-1.0
1610612752,NYK,New York Knicks,0022400246,2024-11-18,241,134,51,91,0.56,20,40,0.5,12,13,0.923,7,34,41,37,4,1,8,12,28.0,1610612764,WAS,Washington Wizards,106,43,91,0.473,11,33,0.333,9,16,0.563,12,29,41,23,5,3,10,19,-28.0
1610612765,DET,Detroit Pistons,0022400244,2024-11-18,239,112,42,98,0.429,15,44,0.341,13,19,0.684,16,32,48,27,3,3,9,19,-10.0,1610612741,CHI,Chicago Bulls,122,44,91,0.484,23,46,0.5,11,14,0.786,10,36,46,28,3,5,10,16,10.0
1610612748,MIA,Miami Heat,0022400245,2024-11-18,242,106,36,87,0.414,13,44,0.295,21,23,0.913,9,44,53,26,10,2,13,13,17.0,1610612755,PHI,Philadelphia 76ers,89,35,84,0.417,10,41,0.244,9,12,0.75,2,40,42,25,10,3,14,17,-17.0
1610612761,TOR,Toronto Raptors,0022400247,2024-11-18,242,130,48,82,0.585,14,29,0.483,20,28,0.714,10,36,46,27,5,9,23,26,11.0,1610612754,IND,Indiana Pacers,119,44,99,0.444,15,40,0.375,16,20,0.8,12,20,32,29,17,5,10,19,-11.0
1610612746,LAC,LA Clippers,0022400251,2024-11-18,240,102,35,82,0.427,16,34,0.471,16,18,0.889,5,39,44,29,10,6,17,13,3.0,1610612744,GSW,Golden State Warriors,99,37,84,0.44,16,44,0.364,9,19,0.474,9,36,45,27,12,4,19,14,-3.0
1610612756,PHX,Phoenix Suns,0022400249,2024-11-18,239,99,35,83,0.422,12,41,0.293,17,25,0.68,16,29,45,25,5,2,13,21,-10.0,1610612753,ORL,Orlando Magic,109,39,76,0.513,11,29,0.379,20,25,0.8,8,30,38,28,5,7,10,19,10.0
1610612749,MIL,Milwaukee Bucks,0022400248,2024-11-18,241,101,38,83,0.458,13,33,0.394,12,19,0.632,4,39,43,21,8,8,15,18,1.0,1610612745,HOU,Houston Rockets,100,40,100,0.4,9,32,0.281,11,13,0.846,16,37,53,19,9,6,12,15,-1.0
1610612758,SAC,Sacramento Kings,0022400250,2024-11-18,239,108,37,85,0.435,20,46,0.435,14,19,0.737,9,36,45,24,9,4,17,20,-1.0,1610612737,ATL,Atlanta Hawks,109,39,83,0.47,16,38,0.421,15,18,0.833,6,31,37,34,7,7,14,19,1.0
1610612754,IND,Indiana Pacers,0022400235,2024-11-17,240,119,44,85,0.518,13,29,0.448,18,20,0.9,10,35,45,30,6,6,10,16,9.0,1610612748,MIA,Miami Heat,110,36,90,0.4,19,43,0.442,19,20,0.95,15,23,38,21,4,1,10,13,-9.0
1610612764,WAS,Washington Wizards,0022400237,2024-11-17,241,104,39,83,0.47,12,27,0.444,14,20,0.7,5,34,39,21,6,3,17,16,-20.0,1610612765,DET,Detroit Pistons,124,46,97,0.474,17,38,0.447,15,19,0.789,13,38,51,27,11,4,8,19,20.0
1610612746,LAC,LA Clippers,0022400243,2024-11-17,240,116,46,94,0.489,11,40,0.275,13,17,0.765,14,27,41,30,11,5,9,11,11.0,1610612762,UTA,Utah Jazz,105,39,79,0.494,12,40,0.3,15,18,0.833,9,32,41,24,7,1,18,14,-11.0
1610612757,POR,Portland Trail Blazers,0022400239,2024-11-17,241,114,44,95,0.463,14,38,0.368,12,19,0.632,18,22,40,31,16,10,20,21,4.0,1610612737,ATL,Atlanta Hawks,110,39,85,0.459,11,32,0.344,21,25,0.84,16,31,47,30,10,7,25,19,-4.0
1610612741,CHI,Chicago Bulls,0022400241,2024-11-17,239,107,36,107,0.336,14,56,0.25,21,22,0.955,13,34,47,26,8,7,13,21,-36.0,1610612745,HOU,Houston Rockets,143,55,105,0.524,10,34,0.294,23,32,0.719,14,52,66,34,8,9,10,18,36.0
1610612739,CLE,Cleveland Cavaliers,0022400236,2024-11-17,241,128,44,77,0.571,13,30,0.433,27,28,0.964,9,39,48,26,3,4,20,15,14.0,1610612766,CHA,Charlotte Hornets,114,42,103,0.408,20,52,0.385,10,12,0.833,17,23,40,34,12,6,9,23,-14.0
1610612763,MEM,Memphis Grizzlies,0022400238,2024-11-17,240,105,41,91,0.451,13,39,0.333,10,12,0.833,10,35,45,31,10,10,12,15,15.0,1610612743,DEN,Denver Nuggets,90,35,84,0.417,10,31,0.323,10,14,0.714,6,33,39,23,9,5,14,12,-15.0
1610612752,NYK,New York Knicks,0022400240,2024-11-17,240,114,43,88,0.489,13,40,0.325,15,19,0.789,10,37,47,33,4,5,6,23,10.0,1610612751,BKN,Brooklyn Nets,104,32,76,0.421,17,41,0.415,23,30,0.767,7,28,35,31,1,3,9,19,-10.0
1610612760,OKC,Oklahoma City Thunder,0022400242,2024-11-17,240,119,43,87,0.494,14,42,0.333,19,25,0.76,7,22,29,29,11,5,6,25,-2.0,1610612742,DAL,Dallas Mavericks,121,40,84,0.476,11,27,0.407,30,36,0.833,18,35,53,18,4,5,16,20,2.0
1610612750,MIN,Minnesota Timberwolves,0022400234,2024-11-17,240,120,42,80,0.525,17,39,0.436,19,26,0.731,9,23,32,27,8,6,14,13,3.0,1610612756,PHX,Phoenix Suns,117,46,85,0.541,14,31,0.452,11,15,0.733,12,29,41,29,9,2,19,26,-3.0
1610612740,NOP,New Orleans Pelicans,0022400231,2024-11-16,242,99,35,83,0.422,11,29,0.379,18,23,0.783,18,32,50,24,7,4,17,19,-5.0,1610612747,LAL,Los Angeles Lakers,104,39,89,0.438,12,40,0.3,14,18,0.778,17,26,43,24,10,3,11,14,5.0
1610612738,BOS,Boston Celtics,0022400230,2024-11-16,265,126,44,99,0.444,21,61,0.344,17,19,0.895,14,28,42,30,2,6,9,20,3.0,1610612761,TOR,Toronto Raptors,123,50,98,0.51,9,23,0.391,14,21,0.667,15,31,46,35,3,2,9,19,-3.0
1610612758,SAC,Sacramento Kings,0022400233,2024-11-16,240,121,42,83,0.506,19,41,0.463,18,25,0.72,9,26,35,24,6,3,14,29,4.0,1610612762,UTA,Utah Jazz,117,37,75,0.493,12,26,0.462,31,42,0.738,11,22,33,16,11,3,13,20,-4.0
1610612766,CHA,Charlotte Hornets,0022400229,2024-11-16,240,115,41,93,0.441,15,42,0.357,18,21,0.857,16,37,53,25,7,4,10,16,1.0,1610612749,MIL,Milwaukee Bucks,114,47,92,0.511,15,36,0.417,5,11,0.455,8,32,40,31,6,6,9,18,-1.0
1610612742,DAL,Dallas Mavericks,0022400232,2024-11-16,240,110,44,94,0.468,8,31,0.258,14,18,0.778,13,40,53,26,9,7,14,18,17.0,1610612759,SAS,San Antonio Spurs,93,28,88,0.318,11,40,0.275,26,30,0.867,13,32,45,21,10,9,11,17,-17.0
1610612737,ATL,Atlanta Hawks,0022400012,2024-11-15,240,129,46,98,0.469,12,37,0.324,25,30,0.833,15,40,55,28,10,10,16,17,12.0,1610612764,WAS,Washington Wizards,117,43,106,0.406,15,43,0.349,16,21,0.762,13,39,52,28,11,5,15,23,-12.0
1610612753,ORL,Orlando Magic,0022400010,2024-11-15,239,98,34,78,0.436,11,37,0.297,19,22,0.864,11,32,43,15,11,6,17,21,12.0,1610612755,PHI,Philadelphia 76ers,86,29,72,0.403,10,31,0.323,18,21,0.857,6,28,34,19,10,3,16,23,-12.0
1610612761,TOR,Toronto Raptors,0022400011,2024-11-15,240,95,35,97,0.361,8,31,0.258,17,22,0.773,17,36,53,21,7,6,14,13,-4.0,1610612765,DET,Detroit Pistons,99,39,95,0.411,8,38,0.211,13,20,0.65,14,42,56,24,8,8,13,16,4.0
1610612745,HOU,Houston Rockets,0022400016,2024-11-15,240,125,46,95,0.484,19,44,0.432,14,18,0.778,9,39,48,31,11,3,12,25,21.0,1610612746,LAC,LA Clippers,104,34,90,0.378,10,40,0.25,26,33,0.788,13,38,51,12,6,6,14,15,-21.0
1610612759,SAS,San Antonio Spurs,0022400015,2024-11-15,237,115,43,88,0.489,17,45,0.378,12,16,0.75,11,29,40,32,6,5,13,19,-5.0,1610612747,LAL,Los Angeles Lakers,120,44,88,0.5,14,31,0.452,18,23,0.783,10,31,41,27,10,3,10,11,5.0
1610612754,IND,Indiana Pacers,0022400009,2024-11-15,240,111,44,86,0.512,14,35,0.4,9,11,0.818,8,31,39,28,8,4,20,15,-13.0,1610612748,MIA,Miami Heat,124,45,87,0.517,15,42,0.357,19,23,0.826,4,32,36,27,16,1,10,12,13.0
1610612739,CLE,Cleveland Cavaliers,0022400013,2024-11-15,241,144,51,93,0.548,21,43,0.488,21,24,0.875,4,36,40,33,11,6,13,16,18.0,1610612741,CHI,Chicago Bulls,126,45,88,0.511,20,42,0.476,16,20,0.8,3,33,36,32,7,4,17,20,-18.0
1610612740,NOP,New Orleans Pelicans,0022400017,2024-11-15,241,101,37,87,0.425,11,35,0.314,16,18,0.889,17,39,56,21,4,5,14,13,7.0,1610612743,DEN,Denver Nuggets,94,37,87,0.425,10,37,0.27,10,11,0.909,5,33,38,26,10,1,7,16,-7.0
1610612752,NYK,New York Knicks,0022400014,2024-11-15,240,124,44,83,0.53,13,38,0.342,23,28,0.821,8,37,45,25,7,6,13,21,2.0,1610612751,BKN,Brooklyn Nets,122,39,89,0.438,19,46,0.413,25,28,0.893,10,27,37,27,8,2,9,22,-2.0
1610612758,SAC,Sacramento Kings,0022400020,2024-11-15,266,126,48,96,0.5,12,37,0.324,18,20,0.9,11,40,51,21,6,7,13,17,-4.0,1610612750,MIN,Minnesota Timberwolves,130,48,101,0.475,20,49,0.408,14,16,0.875,10,31,41,26,9,4,11,19,4.0
1610612744,GSW,Golden State Warriors,0022400019,2024-11-15,241,123,43,98,0.439,19,46,0.413,18,25,0.72,14,42,56,33,9,5,19,28,5.0,1610612763,MEM,Memphis Grizzlies,118,42,103,0.408,7,42,0.167,27,33,0.818,18,36,54,22,8,11,15,21,-5.0
1610612760,OKC,Oklahoma City Thunder,0022400018,2024-11-15,240,99,36,91,0.396,10,40,0.25,17,18,0.944,13,40,53,21,6,11,10,26,16.0,1610612756,PHX,Phoenix Suns,83,22,75,0.293,9,37,0.243,30,40,0.75,11,39,50,17,6,4,14,20,-16.0
1610612762,UTA,Utah Jazz,0022400228,2024-11-14,239,115,43,85,0.506,13,34,0.382,16,21,0.762,16,24,40,25,11,2,18,20,2.0,1610612742,DAL,Dallas Mavericks,113,43,85,0.506,12,39,0.308,15,20,0.75,11,19,30,25,11,10,17,18,-2.0
1610612753,ORL,Orlando Magic,0022400217,2024-11-13,242,94,34,84,0.405,13,38,0.342,13,15,0.867,13,37,50,26,8,10,17,19,4.0,1610612754,IND,Indiana Pacers,90,32,84,0.381,10,30,0.333,16,18,0.889,7,34,41,22,10,6,16,19,-4.0
1610612745,HOU,Houston Rockets,0022400222,2024-11-13,239,111,42,97,0.433,15,40,0.375,12,17,0.706,18,41,59,28,8,11,13,17,8.0,1610612746,LAC,LA Clippers,103,38,96,0.396,14,38,0.368,13,16,0.813,10,32,42,27,10,3,9,16,-8.0
1610612755,PHI,Philadelphia 76ers,0022400220,2024-11-13,240,106,41,92,0.446,14,43,0.326,10,11,0.909,12,33,45,24,8,2,11,13,-8.0,1610612739,CLE,Cleveland Cavaliers,114,42,85,0.494,16,40,0.4,14,17,0.824,9,37,46,25,8,1,11,14,8.0
1610612749,MIL,Milwaukee Bucks,0022400223,2024-11-13,266,127,45,95,0.474,15,35,0.429,22,25,0.88,9,38,47,26,10,9,11,12,7.0,1610612765,DET,Detroit Pistons,120,46,100,0.46,18,38,0.474,10,13,0.769,11,34,45,29,6,7,14,21,-7.0
1610612759,SAS,San Antonio Spurs,0022400224,2024-11-13,241,139,48,92,0.522,18,44,0.409,25,32,0.781,8,31,39,38,7,7,9,15,9.0,1610612764,WAS,Washington Wizards,130,49,95,0.516,18,44,0.409,14,16,0.875,11,30,41,27,5,5,18,23,-9.0
1610612760,OKC,Oklahoma City Thunder,0022400221,2024-11-13,240,106,39,88,0.443,15,39,0.385,13,16,0.813,5,26,31,20,16,7,5,17,18.0,1610612740,NOP,New Orleans Pelicans,88,34,86,0.395,9,37,0.243,11,17,0.647,21,37,58,21,3,4,23,15,-18.0
1610612758,SAC,Sacramento Kings,0022400227,2024-11-13,241,127,50,78,0.641,15,28,0.536,12,17,0.706,6,39,45,38,7,8,17,20,23.0,1610612756,PHX,Phoenix Suns,104,36,97,0.371,13,43,0.302,19,26,0.731,19,21,40,23,12,2,10,12,-23.0
1610612751,BKN,Brooklyn Nets,0022400218,2024-11-13,239,114,40,79,0.506,19,43,0.442,15,18,0.833,3,31,34,26,4,3,12,20,-25.0,1610612738,BOS,Boston Celtics,139,50,93,0.538,22,46,0.478,17,24,0.708,12,33,45,35,7,6,7,17,25.0
1610612757,POR,Portland Trail Blazers,0022400226,2024-11-13,239,106,38,83,0.458,9,25,0.36,21,23,0.913,11,36,47,17,10,10,19,18,8.0,1610612750,MIN,Minnesota Timberwolves,98,37,94,0.394,7,39,0.179,17,22,0.773,13,28,41,16,12,3,13,19,-8.0
1610612747,LAL,Los Angeles Lakers,0022400225,2024-11-13,241,128,43,85,0.506,20,41,0.488,22,32,0.688,7,35,42,31,7,5,18,22,5.0,1610612763,MEM,Memphis Grizzlies,123,42,89,0.472,12,33,0.364,27,33,0.818,12,29,41,28,11,6,13,25,-5.0
1610612752,NYK,New York Knicks,0022400219,2024-11-13,240,123,48,94,0.511,15,37,0.405,12,18,0.667,10,30,40,31,7,3,15,17,-1.0,1610612741,CHI,Chicago Bulls,124,44,82,0.537,14,36,0.389,22,27,0.815,7,33,40,31,10,6,18,17,1.0
1610612755,PHI,Philadelphia 76ers,0022400004,2024-11-12,240,99,31,83,0.373,14,42,0.333,23,24,0.958,9,31,40,19,10,6,13,20,-12.0,1610612752,NYK,New York Knicks,111,44,89,0.494,9,31,0.29,14,15,0.933,8,39,47,31,8,5,15,15,12.0
1610612753,ORL,Orlando Magic,0022400003,2024-11-12,241,114,43,93,0.462,13,44,0.295,15,19,0.789,8,35,43,25,12,7,11,21,25.0,1610612766,CHA,Charlotte Hornets,89,34,84,0.405,13,38,0.342,8,14,0.571,8,40,48,22,7,3,22,18,-25.0
1610612749,MIL,Milwaukee Bucks,0022400005,2024-11-12,240,99,38,94,0.404,16,56,0.286,7,12,0.583,12,35,47,25,16,9,16,18,14.0,1610612761,TOR,Toronto Raptors,85,30,86,0.349,9,25,0.36,16,20,0.8,17,37,54,20,11,6,21,11,-14.0
1610612757,POR,Portland Trail Blazers,0022400008,2024-11-12,240,122,43,84,0.512,18,32,0.563,18,20,0.9,11,28,39,30,14,7,19,23,14.0,1610612750,MIN,Minnesota Timberwolves,108,37,73,0.507,13,35,0.371,21,23,0.913,4,28,32,22,13,4,21,22,-14.0
1610612762,UTA,Utah Jazz,0022400006,2024-11-12,238,112,45,92,0.489,15,38,0.395,7,9,0.778,12,27,39,32,7,3,10,17,-8.0,1610612756,PHX,Phoenix Suns,120,43,86,0.5,18,39,0.462,16,22,0.727,10,32,42,21,6,11,8,11,8.0
1610612738,BOS,Boston Celtics,0022400001,2024-11-12,239,116,38,75,0.507,18,45,0.4,22,27,0.815,6,28,34,28,7,5,20,12,-1.0,1610612737,ATL,Atlanta Hawks,117,50,99,0.505,10,32,0.313,7,13,0.538,19,25,44,35,16,2,16,17,1.0
1610612765,DET,Detroit Pistons,0022400002,2024-11-12,265,123,43,92,0.467,13,36,0.361,24,28,0.857,15,41,56,32,4,4,19,19,2.0,1610612748,MIA,Miami Heat,121,47,101,0.465,17,45,0.378,10,13,0.769,12,31,43,25,14,3,10,22,-2.0
1610612744,GSW,Golden State Warriors,0022400007,2024-11-12,241,120,45,94,0.479,14,41,0.341,16,27,0.593,18,32,50,29,13,7,12,18,3.0,1610612742,DAL,Dallas Mavericks,117,44,84,0.524,11,34,0.324,18,24,0.75,8,32,40,26,6,1,17,23,-3.0
1610612740,NOP,New Orleans Pelicans,0022400214,2024-11-11,239,105,42,94,0.447,10,30,0.333,11,12,0.917,14,31,45,31,13,4,10,15,-2.0,1610612751,BKN,Brooklyn Nets,107,36,84,0.429,19,42,0.452,16,19,0.842,14,32,46,24,4,5,16,14,2.0
1610612759,SAS,San Antonio Spurs,0022400216,2024-11-11,240,116,43,85,0.506,22,46,0.478,8,8,1.0,8,36,44,31,5,5,16,10,20.0,1610612758,SAC,Sacramento Kings,96,39,91,0.429,10,38,0.263,8,9,0.889,9,28,37,18,11,4,11,14,-20.0
1610612760,OKC,Oklahoma City Thunder,0022400215,2024-11-11,241,134,47,91,0.516,18,46,0.391,22,23,0.957,9,20,29,31,16,5,11,23,6.0,1610612746,LAC,LA Clippers,128,44,80,0.55,20,37,0.541,20,29,0.69,15,32,47,31,5,5,23,22,-6.0
1610612741,CHI,Chicago Bulls,0022400212,2024-11-11,241,113,43,87,0.494,14,38,0.368,13,16,0.813,8,43,51,26,7,5,20,17,-6.0,1610612739,CLE,Cleveland Cavaliers,119,43,97,0.443,15,45,0.333,18,24,0.75,12,31,43,26,14,3,8,13,6.0
1610612745,HOU,Houston Rockets,0022400213,2024-11-11,240,107,40,87,0.46,5,23,0.217,22,25,0.88,17,41,58,13,12,10,19,17,15.0,1610612764,WAS,Washington Wizards,92,36,88,0.409,11,31,0.355,9,13,0.692,8,26,34,21,14,5,18,17,-15.0
1610612755,PHI,Philadelphia 76ers,0022400205,2024-11-10,265,107,39,84,0.464,9,33,0.273,20,26,0.769,8,32,40,24,8,1,17,23,2.0,1610612766,CHA,Charlotte Hornets,105,36,95,0.379,14,54,0.259,19,22,0.864,12,38,50,22,10,5,19,22,-2.0
1610612765,DET,Detroit Pistons,0022400201,2024-11-10,240,99,36,84,0.429,11,34,0.324,16,23,0.696,11,35,46,21,6,6,18,21,-2.0,1610612745,HOU,Houston Rockets,101,38,93,0.409,7,34,0.206,18,24,0.75,17,36,53,19,10,5,11,21,2.0
1610612754,IND,Indiana Pacers,0022400203,2024-11-10,239,132,45,88,0.511,21,46,0.457,21,25,0.84,5,27,32,27,6,4,6,22,11.0,1610612752,NYK,New York Knicks,121,46,83,0.554,7,25,0.28,22,27,0.815,8,31,39,23,5,3,13,20,-11.0
1610612749,MIL,Milwaukee Bucks,0022400202,2024-11-10,240,107,39,81,0.481,13,32,0.406,16,21,0.762,5,36,41,21,9,8,12,18,-6.0,1610612738,BOS,Boston Celtics,113,35,86,0.407,19,50,0.38,24,27,0.889,8,34,42,27,5,2,12,16,6.0
1610612750,MIN,Minnesota Timberwolves,0022400206,2024-11-10,241,94,35,88,0.398,13,45,0.289,11,13,0.846,16,31,47,22,13,5,19,20,-1.0,1610612748,MIA,Miami Heat,95,34,77,0.442,11,31,0.355,16,22,0.727,6,37,43,18,14,9,22,20,1.0
1610612756,PHX,Phoenix Suns,0022400209,2024-11-10,264,118,44,105,0.419,18,57,0.316,12,15,0.8,8,40,48,30,11,3,11,19,-9.0,1610612758,SAC,Sacramento Kings,127,50,102,0.49,11,37,0.297,16,19,0.842,8,49,57,23,7,3,14,20,9.0
1610612753,ORL,Orlando Magic,0022400204,2024-11-10,241,121,41,91,0.451,17,48,0.354,22,25,0.88,15,29,44,25,6,5,11,21,27.0,1610612764,WAS,Washington Wizards,94,33,72,0.458,10,33,0.303,18,25,0.72,7,30,37,20,4,7,16,25,-27.0
1610612743,DEN,Denver Nuggets,0022400208,2024-11-10,240,122,45,89,0.506,14,29,0.483,18,26,0.692,13,32,45,35,6,5,10,16,2.0,1610612742,DAL,Dallas Mavericks,120,48,90,0.533,10,33,0.303,14,19,0.737,10,32,42,29,7,5,10,17,-2.0
1610612757,POR,Portland Trail Blazers,0022400210,2024-11-10,239,89,34,100,0.34,4,42,0.095,17,21,0.81,16,27,43,18,9,3,23,21,-45.0,1610612763,MEM,Memphis Grizzlies,134,47,85,0.553,16,43,0.372,24,28,0.857,10,41,51,32,15,13,20,17,45.0
1610612747,LAL,Los Angeles Lakers,0022400211,2024-11-10,242,123,44,86,0.512,12,37,0.324,23,28,0.821,10,23,33,30,9,4,5,15,20.0,1610612761,TOR,Toronto Raptors,103,37,82,0.451,10,29,0.345,19,22,0.864,12,28,40,26,2,2,16,23,-20.0
1610612760,OKC,Oklahoma City Thunder,0022400207,2024-11-10,240,116,42,94,0.447,11,33,0.333,21,26,0.808,14,27,41,25,4,6,11,18,-11.0,1610612744,GSW,Golden State Warriors,127,45,89,0.506,21,43,0.488,16,23,0.696,13,33,46,35,8,3,14,26,11.0
1610612737,ATL,Atlanta Hawks,0022400198,2024-11-09,240,113,41,89,0.461,9,29,0.31,22,30,0.733,10,29,39,31,8,5,13,19,-12.0,1610612741,CHI,Chicago Bulls,125,46,92,0.5,13,39,0.333,20,23,0.87,13,34,47,30,12,6,17,18,12.0
1610612746,LAC,LA Clippers,0022400200,2024-11-09,241,105,35,76,0.461,10,26,0.385,25,32,0.781,7,40,47,18,6,8,12,20,2.0,1610612761,TOR,Toronto Raptors,103,40,95,0.421,11,37,0.297,12,21,0.571,12,32,44,26,8,5,10,23,-2.0
1610612739,CLE,Cleveland Cavaliers,0022400199,2024-11-09,240,105,40,74,0.541,10,28,0.357,15,19,0.789,4,29,33,24,12,5,14,18,5.0,1610612751,BKN,Brooklyn Nets,100,34,76,0.447,15,43,0.349,17,18,0.944,10,26,36,21,4,2,17,14,-5.0
1610612759,SAS,San Antonio Spurs,0022400197,2024-11-09,241,110,38,85,0.447,17,47,0.362,17,19,0.895,6,31,37,29,8,10,20,26,-1.0,1610612762,UTA,Utah Jazz,111,38,82,0.463,10,33,0.303,25,35,0.714,9,36,45,23,13,4,17,20,1.0
1610612758,SAC,Sacramento Kings,0022400196,2024-11-08,241,98,37,78,0.474,3,26,0.115,21,24,0.875,5,30,35,19,6,3,13,19,-9.0,1610612746,LAC,LA Clippers,107,36,81,0.444,14,30,0.467,21,23,0.913,12,36,48,20,7,2,18,21,9.0
1610612747,LAL,Los Angeles Lakers,0022400195,2024-11-08,239,116,44,85,0.518,16,35,0.457,12,14,0.857,5,40,45,28,1,13,11,17,10.0,1610612755,PHI,Philadelphia 76ers,106,39,96,0.406,13,39,0.333,15,23,0.652,13,31,44,28,6,4,5,14,-10.0
1610612739,CLE,Cleveland Cavaliers,0022400188,2024-11-08,237,136,46,85,0.541,20,42,0.476,24,28,0.857,9,34,43,33,7,7,19,12,19.0,1610612744,GSW,Golden State Warriors,117,47,98,0.48,13,42,0.31,10,14,0.714,11,29,40,32,14,4,17,24,-19.0
1610612765,DET,Detroit Pistons,0022400185,2024-11-08,241,122,44,86,0.512,13,33,0.394,21,31,0.677,11,34,45,27,7,8,20,18,1.0,1610612737,ATL,Atlanta Hawks,121,44,97,0.454,15,36,0.417,18,23,0.783,15,29,44,30,12,7,17,21,-1.0
1610612743,DEN,Denver Nuggets,0022400194,2024-11-08,239,135,50,81,0.617,18,35,0.514,17,19,0.895,6,33,39,37,5,5,17,13,13.0,1610612748,MIA,Miami Heat,122,46,94,0.489,20,43,0.465,10,13,0.769,9,24,33,33,11,1,11,19,-13.0
1610612750,MIN,Minnesota Timberwolves,0022400193,2024-11-08,240,127,47,97,0.485,22,50,0.44,11,14,0.786,10,39,49,32,9,7,17,21,25.0,1610612757,POR,Portland Trail Blazers,102,39,91,0.429,6,25,0.24,18,24,0.75,12,25,37,13,11,7,16,17,-25.0
1610612753,ORL,Orlando Magic,0022400186,2024-11-08,239,115,45,86,0.523,8,32,0.25,17,21,0.81,11,32,43,28,9,8,13,14,27.0,1610612740,NOP,New Orleans Pelicans,88,32,84,0.381,10,31,0.323,14,17,0.824,6,25,31,18,10,1,15,19,-27.0
1610612738,BOS,Boston Celtics,0022400187,2024-11-08,266,108,39,90,0.433,14,53,0.264,16,19,0.842,4,35,39,23,7,9,13,15,4.0,1610612751,BKN,Brooklyn Nets,104,41,100,0.41,10,38,0.263,12,15,0.8,12,39,51,24,6,3,12,22,-4.0
1610612752,NYK,New York Knicks,0022400189,2024-11-08,240,116,43,91,0.473,14,46,0.304,16,19,0.842,14,34,48,35,7,3,7,20,22.0,1610612749,MIL,Milwaukee Bucks,94,36,83,0.434,7,30,0.233,15,23,0.652,11,30,41,20,1,5,12,16,-22.0
1610612763,MEM,Memphis Grizzlies,0022400191,2024-11-08,240,128,46,97,0.474,14,43,0.326,22,25,0.88,13,37,50,30,10,10,17,19,24.0,1610612764,WAS,Washington Wizards,104,38,93,0.409,9,35,0.257,19,23,0.826,11,30,41,27,14,8,18,27,-24.0
1610612766,CHA,Charlotte Hornets,0022400184,2024-11-08,239,103,38,90,0.422,17,50,0.34,10,12,0.833,13,43,56,23,6,7,14,16,20.0,1610612754,IND,Indiana Pacers,83,33,83,0.398,9,29,0.31,8,14,0.571,7,30,37,24,10,4,12,16,-20.0
1610612742,DAL,Dallas Mavericks,0022400190,2024-11-08,239,113,41,80,0.513,11,33,0.333,20,22,0.909,8,31,39,18,5,1,11,22,-1.0,1610612756,PHX,Phoenix Suns,114,43,86,0.5,15,39,0.385,13,18,0.722,11,26,37,26,6,2,8,18,1.0
1610612760,OKC,Oklahoma City Thunder,0022400192,2024-11-08,242,126,46,90,0.511,14,37,0.378,20,23,0.87,7,34,41,24,9,8,10,23,19.0,1610612745,HOU,Houston Rockets,107,39,90,0.433,11,30,0.367,18,26,0.692,14,34,48,19,7,3,17,18,-19.0
1610612741,CHI,Chicago Bulls,0022400181,2024-11-07,240,119,47,88,0.534,15,36,0.417,10,15,0.667,10,22,32,30,9,4,13,20,-16.0,1610612750,MIN,Minnesota Timberwolves,135,51,93,0.548,16,38,0.421,17,17,1.0,10,30,40,29,7,4,13,17,16.0
1610612759,SAS,San Antonio Spurs,0022400183,2024-11-07,238,118,44,82,0.537,16,39,0.41,14,18,0.778,12,33,45,35,9,4,15,15,13.0,1610612757,POR,Portland Trail Blazers,105,41,86,0.477,9,32,0.281,14,22,0.636,14,27,41,23,7,3,14,14,-13.0
1610612749,MIL,Milwaukee Bucks,0022400182,2024-11-07,238,123,43,84,0.512,15,35,0.429,22,30,0.733,11,30,41,20,13,3,10,21,23.0,1610612762,UTA,Utah Jazz,100,33,77,0.429,17,41,0.415,17,18,0.944,8,31,39,24,5,5,21,19,-23.0
1610612737,ATL,Atlanta Hawks,0022400171,2024-11-06,240,121,45,100,0.45,15,38,0.395,16,22,0.727,16,32,48,31,12,4,8,14,5.0,1610612752,NYK,New York Knicks,116,41,84,0.488,22,47,0.468,12,15,0.8,7,34,41,29,5,5,15,18,-5.0
1610612766,CHA,Charlotte Hornets,0022400169,2024-11-06,241,108,39,90,0.433,14,44,0.318,16,16,1.0,8,39,47,22,5,4,12,16,1.0,1610612765,DET,Detroit Pistons,107,46,94,0.489,10,32,0.313,5,9,0.556,6,40,46,34,5,4,10,20,-1.0
1610612740,NOP,New Orleans Pelicans,0022400175,2024-11-06,240,122,42,88,0.477,13,27,0.481,25,28,0.893,8,25,33,21,8,8,9,14,-9.0,1610612739,CLE,Cleveland Cavaliers,131,52,96,0.542,17,35,0.486,10,13,0.769,12,34,46,33,6,10,11,21,9.0
1610612746,LAC,LA Clippers,0022400179,2024-11-06,240,110,41,72,0.569,12,28,0.429,16,19,0.842,8,21,29,27,12,1,17,16,12.0,1610612755,PHI,Philadelphia 76ers,98,40,73,0.548,7,25,0.28,11,19,0.579,10,22,32,19,10,2,20,22,-12.0
1610612756,PHX,Phoenix Suns,0022400178,2024-11-06,240,115,42,84,0.5,18,43,0.419,13,18,0.722,10,36,46,29,5,6,16,14,3.0,1610612748,MIA,Miami Heat,112,40,92,0.435,13,34,0.382,19,20,0.95,13,30,43,27,12,3,10,16,-3.0
1610612743,DEN,Denver Nuggets,0022400177,2024-11-06,239,124,42,89,0.472,16,38,0.421,24,33,0.727,13,42,55,34,8,6,18,22,2.0,1610612760,OKC,Oklahoma City Thunder,122,44,100,0.44,16,40,0.4,18,23,0.783,13,34,47,29,15,6,14,28,-2.0
1610612745,HOU,Houston Rockets,0022400173,2024-11-06,239,127,54,96,0.563,10,27,0.37,9,15,0.6,11,34,45,28,10,5,11,13,27.0,1610612759,SAS,San Antonio Spurs,100,37,83,0.446,14,36,0.389,12,16,0.75,8,33,41,20,6,6,19,13,-27.0
1610612758,SAC,Sacramento Kings,0022400180,2024-11-06,241,122,42,90,0.467,10,35,0.286,28,32,0.875,15,32,47,26,7,5,9,13,15.0,1610612761,TOR,Toronto Raptors,107,43,88,0.489,10,34,0.294,11,15,0.733,8,26,34,25,7,1,11,23,-15.0
1610612754,IND,Indiana Pacers,0022400170,2024-11-06,239,118,41,76,0.539,12,26,0.462,24,26,0.923,4,32,36,21,7,3,11,24,7.0,1610612753,ORL,Orlando Magic,111,42,82,0.512,7,25,0.28,20,26,0.769,10,28,38,26,6,5,16,22,-7.0
1610612763,MEM,Memphis Grizzlies,0022400174,2024-11-06,240,131,48,93,0.516,17,34,0.5,18,23,0.783,12,38,50,28,5,6,18,17,17.0,1610612747,LAL,Los Angeles Lakers,114,41,93,0.441,15,48,0.313,17,21,0.81,9,28,37,23,10,1,11,18,-17.0
1610612742,DAL,Dallas Mavericks,0022400176,2024-11-06,241,119,45,93,0.484,12,38,0.316,17,21,0.81,9,38,47,33,11,4,15,19,20.0,1610612741,CHI,Chicago Bulls,99,36,86,0.419,12,42,0.286,15,23,0.652,14,37,51,25,8,2,22,17,-20.0
1610612738,BOS,Boston Celtics,0022400172,2024-11-06,240,112,38,90,0.422,19,54,0.352,17,21,0.81,13,34,47,22,5,3,12,18,-6.0,1610612744,GSW,Golden State Warriors,118,42,91,0.462,14,34,0.412,20,24,0.833,15,38,53,22,6,5,11,19,6.0
1610612765,DET,Detroit Pistons,0022400156,2024-11-04,240,115,45,96,0.469,8,34,0.235,17,22,0.773,17,38,55,22,6,5,12,25,12.0,1610612747,LAL,Los Angeles Lakers,103,37,85,0.435,9,25,0.36,20,27,0.741,7,30,37,28,8,1,13,16,-12.0
1610612756,PHX,Phoenix Suns,0022400167,2024-11-04,240,118,42,82,0.512,11,32,0.344,23,26,0.885,9,34,43,24,6,4,14,16,2.0,1610612755,PHI,Philadelphia 76ers,116,40,87,0.46,20,51,0.392,16,18,0.889,9,29,38,27,10,4,14,22,-2.0
1610612745,HOU,Houston Rockets,0022400161,2024-11-04,240,109,43,88,0.489,8,33,0.242,15,18,0.833,11,39,50,21,4,6,10,20,12.0,1610612752,NYK,New York Knicks,97,34,88,0.386,11,28,0.393,18,21,0.857,13,26,39,20,6,4,10,18,-12.0
1610612746,LAC,LA Clippers,0022400168,2024-11-04,239,113,41,90,0.456,19,37,0.514,12,17,0.706,16,28,44,25,6,7,10,21,9.0,1610612759,SAS,San Antonio Spurs,104,38,86,0.442,11,41,0.268,17,19,0.895,12,33,45,22,9,10,10,16,-9.0
1610612751,BKN,Brooklyn Nets,0022400158,2024-11-04,241,106,40,84,0.476,13,36,0.361,13,18,0.722,12,25,37,28,7,1,13,22,2.0,1610612763,MEM,Memphis Grizzlies,104,43,91,0.473,8,30,0.267,10,13,0.769,13,31,44,29,5,8,14,16,-2.0
1610612740,NOP,New Orleans Pelicans,0022400164,2024-11-04,241,100,38,84,0.452,10,35,0.286,14,16,0.875,10,24,34,24,5,3,12,20,-18.0,1610612757,POR,Portland Trail Blazers,118,46,84,0.548,10,29,0.345,16,24,0.667,11,27,38,21,10,5,11,15,18.0
1610612750,MIN,Minnesota Timberwolves,0022400162,2024-11-04,239,114,39,79,0.494,18,38,0.474,18,26,0.692,9,36,45,23,7,8,15,19,21.0,1610612766,CHA,Charlotte Hornets,93,35,88,0.398,10,42,0.238,13,16,0.813,9,29,38,19,10,1,14,22,-21.0
1610612764,WAS,Washington Wizards,0022400155,2024-11-04,240,112,42,96,0.438,10,43,0.233,18,21,0.857,8,39,47,29,4,8,9,23,-13.0,1610612744,GSW,Golden State Warriors,125,44,97,0.454,12,37,0.324,25,34,0.735,16,40,56,29,5,7,6,20,13.0
1610612760,OKC,Oklahoma City Thunder,0022400163,2024-11-04,240,102,39,85,0.459,12,31,0.387,12,16,0.75,5,37,42,23,12,4,15,21,16.0,1610612753,ORL,Orlando Magic,86,29,82,0.354,5,34,0.147,23,27,0.852,7,34,41,20,12,5,18,16,-16.0
1610612742,DAL,Dallas Mavericks,0022400165,2024-11-04,240,127,46,89,0.517,15,36,0.417,20,25,0.8,5,33,38,29,4,3,8,18,-7.0,1610612754,IND,Indiana Pacers,134,54,95,0.568,13,32,0.406,13,20,0.65,7,39,46,30,5,3,9,16,7.0
1610612737,ATL,Atlanta Hawks,0022400157,2024-11-04,240,93,37,89,0.416,6,31,0.194,13,16,0.813,8,35,43,23,9,3,19,13,-30.0,1610612738,BOS,Boston Celtics,123,48,99,0.485,18,55,0.327,9,13,0.692,11,39,50,27,15,7,12,14,30.0
1610612741,CHI,Chicago Bulls,0022400160,2024-11-04,240,126,45,95,0.474,14,37,0.378,22,25,0.88,10,26,36,36,7,7,9,23,-9.0,1610612762,UTA,Utah Jazz,135,48,89,0.539,16,36,0.444,23,30,0.767,12,37,49,35,3,6,12,18,9.0
1610612739,CLE,Cleveland Cavaliers,0022400154,2024-11-04,239,116,46,91,0.505,17,37,0.459,7,13,0.538,5,34,39,28,10,4,10,15,2.0,1610612749,MIL,Milwaukee Bucks,114,42,86,0.488,17,35,0.486,13,15,0.867,7,42,49,21,6,6,14,15,-2.0
1610612748,MIA,Miami Heat,0022400159,2024-11-04,241,110,37,85,0.435,15,36,0.417,21,30,0.7,8,28,36,24,9,6,10,15,-1.0,1610612758,SAC,Sacramento Kings,111,44,86,0.512,10,27,0.37,13,15,0.867,11,28,39,23,5,4,12,28,1.0
1610612743,DEN,Denver Nuggets,0022400166,2024-11-04,240,121,41,83,0.494,10,31,0.323,29,38,0.763,14,30,44,29,9,10,17,21,2.0,1610612761,TOR,Toronto Raptors,119,47,103,0.456,13,39,0.333,12,18,0.667,14,27,41,38,12,3,13,27,-2.0
1610612740,NOP,New Orleans Pelicans,0022400152,2024-11-03,243,111,39,90,0.433,16,38,0.421,17,20,0.85,18,25,43,22,6,3,18,16,-15.0,1610612737,ATL,Atlanta Hawks,126,50,88,0.568,15,36,0.417,11,12,0.917,10,31,41,29,10,3,16,17,15.0
1610612751,BKN,Brooklyn Nets,0022400151,2024-11-03,240,92,32,71,0.451,9,31,0.29,19,31,0.613,4,23,27,23,9,3,13,24,-14.0,1610612765,DET,Detroit Pistons,106,37,77,0.481,11,36,0.306,21,26,0.808,9,38,47,25,4,6,17,25,14.0
1610612742,DAL,Dallas Mavericks,0022400153,2024-11-03,240,108,42,85,0.494,10,32,0.313,14,23,0.609,12,41,53,25,8,5,18,22,23.0,1610612753,ORL,Orlando Magic,85,31,93,0.333,8,41,0.195,15,19,0.789,13,30,43,19,8,4,14,22,-23.0
1610612759,SAS,San Antonio Spurs,0022400146,2024-11-02,239,113,43,83,0.518,13,42,0.31,14,17,0.824,7,37,44,32,6,5,11,16,10.0,1610612750,MIN,Minnesota Timberwolves,103,39,82,0.476,11,37,0.297,14,20,0.7,6,26,32,21,7,2,12,16,-10.0
1610612766,CHA,Charlotte Hornets,0022400141,2024-11-02,239,103,40,91,0.44,17,42,0.405,6,9,0.667,7,27,34,24,10,1,13,25,-10.0,1610612738,BOS,Boston Celtics,113,36,82,0.439,16,52,0.308,25,28,0.893,8,36,44,23,4,4,15,17,10.0
1610612755,PHI,Philadelphia 76ers,0022400142,2024-11-02,239,107,36,89,0.404,19,46,0.413,16,20,0.8,8,25,33,22,11,5,14,19,-17.0,1610612763,MEM,Memphis Grizzlies,124,48,87,0.552,12,27,0.444,16,21,0.762,11,41,52,35,9,6,16,22,17.0
1610612743,DEN,Denver Nuggets,0022400148,2024-11-02,239,129,48,99,0.485,16,32,0.5,17,23,0.739,19,33,52,33,14,1,17,25,26.0,1610612762,UTA,Utah Jazz,103,32,77,0.416,13,42,0.31,26,31,0.839,8,31,39,24,7,8,22,22,-26.0
1610612746,LAC,LA Clippers,0022400150,2024-11-02,240,92,32,79,0.405,11,35,0.314,17,26,0.654,10,40,50,23,10,7,20,17,-13.0,1610612760,OKC,Oklahoma City Thunder,105,36,84,0.429,16,39,0.41,17,19,0.895,3,38,41,25,11,3,12,22,13.0
1610612761,TOR,Toronto Raptors,0022400143,2024-11-02,265,131,46,95,0.484,17,37,0.459,22,31,0.71,12,34,46,31,13,3,19,25,3.0,1610612758,SAC,Sacramento Kings,128,46,100,0.46,10,40,0.25,26,32,0.813,15,34,49,21,16,3,18,22,-3.0
1610612745,HOU,Houston Rockets,0022400144,2024-11-02,264,121,44,107,0.411,15,45,0.333,18,24,0.75,18,31,49,27,10,6,11,32,-6.0,1610612744,GSW,Golden State Warriors,127,40,78,0.513,15,32,0.469,32,50,0.64,9,38,47,26,5,4,14,22,6.0
1610612749,MIL,Milwaukee Bucks,0022400145,2024-11-02,241,113,43,89,0.483,18,39,0.462,9,15,0.6,10,35,45,24,3,3,13,23,-1.0,1610612739,CLE,Cleveland Cavaliers,114,44,91,0.484,15,38,0.395,11,15,0.733,10,35,45,31,3,2,7,20,1.0
1610612756,PHX,Phoenix Suns,0022400149,2024-11-02,242,103,35,93,0.376,17,52,0.327,16,22,0.727,13,50,63,29,4,8,12,10,6.0,1610612757,POR,Portland Trail Blazers,97,37,111,0.333,14,43,0.326,9,11,0.818,14,42,56,17,10,5,6,18,-6.0
1610612750,MIN,Minnesota Timberwolves,0022400139,2024-11-01,240,119,43,83,0.518,18,42,0.429,15,18,0.833,8,30,38,34,8,9,16,22,3.0,1610612743,DEN,Denver Nuggets,116,41,92,0.446,11,32,0.344,23,29,0.793,17,29,46,30,11,2,13,18,-3.0
1610612751,BKN,Brooklyn Nets,0022400136,2024-11-01,241,120,49,94,0.521,11,36,0.306,11,13,0.846,9,37,46,34,11,6,10,20,8.0,1610612741,CHI,Chicago Bulls,112,38,88,0.432,17,44,0.386,19,24,0.792,10,34,44,24,5,3,16,15,-8.0
1610612737,ATL,Atlanta Hawks,0022400135,2024-11-01,240,115,41,92,0.446,19,50,0.38,14,18,0.778,8,32,40,30,8,4,13,22,-8.0,1610612758,SAC,Sacramento Kings,123,43,89,0.483,11,33,0.333,26,30,0.867,10,41,51,28,9,4,14,21,8.0
1610612740,NOP,New Orleans Pelicans,0022400138,2024-11-01,240,125,49,101,0.485,12,31,0.387,15,19,0.789,15,31,46,28,8,4,6,15,7.0,1610612754,IND,Indiana Pacers,118,46,89,0.517,16,38,0.421,10,13,0.769,6,33,39,35,3,3,14,21,-7.0
1610612739,CLE,Cleveland Cavaliers,0022400133,2024-11-01,239,120,44,87,0.506,15,38,0.395,17,20,0.85,7,42,49,25,6,4,12,21,11.0,1610612753,ORL,Orlando Magic,109,41,90,0.456,11,33,0.333,16,24,0.667,7,32,39,26,10,4,14,17,-11.0
1610612761,TOR,Toronto Raptors,0022400137,2024-11-01,241,125,52,107,0.486,10,35,0.286,11,13,0.846,15,29,44,35,4,6,11,29,-6.0,1610612747,LAL,Los Angeles Lakers,131,42,88,0.477,11,32,0.344,36,41,0.878,9,34,43,29,6,5,10,17,6.0
1610612766,CHA,Charlotte Hornets,0022400132,2024-11-01,241,109,42,91,0.462,19,48,0.396,6,12,0.5,12,30,42,20,5,5,14,26,-15.0,1610612738,BOS,Boston Celtics,124,41,86,0.477,13,42,0.31,29,35,0.829,11,30,41,21,12,5,10,13,15.0
1610612757,POR,Portland Trail Blazers,0022400140,2024-11-01,239,114,39,83,0.47,15,35,0.429,21,31,0.677,11,25,36,27,8,5,19,17,-23.0,1610612760,OKC,Oklahoma City Thunder,137,51,95,0.537,19,49,0.388,16,19,0.842,14,31,45,31,14,9,13,29,23.0
1610612765,DET,Detroit Pistons,0022400134,2024-11-01,240,98,41,81,0.506,11,34,0.324,5,7,0.714,6,32,38,23,6,9,22,12,-30.0,1610612752,NYK,New York Knicks,128,52,101,0.515,18,38,0.474,6,10,0.6,12,33,45,31,16,3,9,14,30.0
1610612763,MEM,Memphis Grizzlies,0022400128,2024-10-31,242,122,43,82,0.524,8,28,0.286,28,31,0.903,7,49,56,26,6,3,16,21,23.0,1610612749,MIL,Milwaukee Bucks,99,41,96,0.427,9,42,0.214,8,19,0.421,9,29,38,20,10,4,10,27,-23.0
1610612762,UTA,Utah Jazz,0022400130,2024-10-31,240,88,32,82,0.39,7,32,0.219,17,19,0.895,15,38,53,19,6,6,26,19,-18.0,1610612759,SAS,San Antonio Spurs,106,38,92,0.413,12,43,0.279,18,23,0.783,11,31,42,25,17,7,11,17,18.0
1610612742,DAL,Dallas Mavericks,0022400129,2024-10-31,239,102,39,85,0.459,10,30,0.333,14,20,0.7,10,27,37,21,6,7,10,27,-6.0,1610612745,HOU,Houston Rockets,108,40,97,0.412,8,34,0.235,20,27,0.741,18,32,50,21,4,4,8,20,6.0
1610612746,LAC,LA Clippers,0022400131,2024-10-31,241,119,45,93,0.484,12,35,0.343,17,21,0.81,15,33,48,27,8,8,14,22,-6.0,1610612756,PHX,Phoenix Suns,125,42,82,0.512,18,39,0.462,23,28,0.821,8,31,39,29,12,4,12,20,6.0
1610612764,WAS,Washington Wizards,0022400121,2024-10-30,242,133,47,89,0.528,16,38,0.421,23,25,0.92,6,31,37,32,10,5,14,21,13.0,1610612737,ATL,Atlanta Hawks,120,45,95,0.474,12,39,0.308,18,21,0.857,12,29,41,28,10,3,15,19,-13.0
1610612766,CHA,Charlotte Hornets,0022400117,2024-10-30,239,138,49,94,0.521,20,45,0.444,20,25,0.8,14,24,38,31,9,8,15,24,5.0,1610612761,TOR,Toronto Raptors,133,52,91,0.571,9,28,0.321,20,30,0.667,13,28,41,37,9,5,14,25,-5.0
1610612763,MEM,Memphis Grizzlies,0022400124,2024-10-30,239,106,38,81,0.469,8,27,0.296,22,29,0.759,12,26,38,27,9,3,22,21,-13.0,1610612751,BKN,Brooklyn Nets,119,41,80,0.513,15,41,0.366,22,25,0.88,8,26,34,27,10,2,15,25,13.0
1610612739,CLE,Cleveland Cavaliers,0022400118,2024-10-30,239,134,56,97,0.577,17,41,0.415,5,8,0.625,6,30,36,37,14,2,12,26,24.0,1610612747,LAL,Los Angeles Lakers,110,38,77,0.494,6,28,0.214,28,33,0.848,5,32,37,21,6,0,20,7,-24.0
1610612748,MIA,Miami Heat,0022400122,2024-10-30,239,107,37,81,0.457,17,40,0.425,16,24,0.667,7,32,39,27,6,3,10,17,-9.0,1610612752,NYK,New York Knicks,116,40,82,0.488,18,40,0.45,18,20,0.9,7,35,42,30,8,4,9,16,9.0
1610612744,GSW,Golden State Warriors,0022400126,2024-10-30,238,104,41,87,0.471,13,38,0.342,9,13,0.692,13,29,42,32,5,9,13,22,15.0,1610612740,NOP,New Orleans Pelicans,89,33,90,0.367,11,36,0.306,12,20,0.6,18,31,49,24,7,6,14,17,-15.0
1610612755,PHI,Philadelphia 76ers,0022400120,2024-10-30,241,95,33,79,0.418,8,28,0.286,21,28,0.75,8,29,37,17,7,4,9,21,-10.0,1610612765,DET,Detroit Pistons,105,36,78,0.462,15,36,0.417,18,22,0.818,12,37,49,23,4,5,16,25,10.0
1610612760,OKC,Oklahoma City Thunder,0022400125,2024-10-30,242,105,41,89,0.461,17,41,0.415,6,8,0.75,5,34,39,28,18,6,10,15,12.0,1610612759,SAS,San Antonio Spurs,93,35,85,0.412,12,36,0.333,11,13,0.846,13,39,52,22,6,6,22,8,-12.0
1610612741,CHI,Chicago Bulls,0022400123,2024-10-30,239,102,36,84,0.429,13,34,0.382,17,25,0.68,9,45,54,23,6,2,14,16,3.0,1610612753,ORL,Orlando Magic,99,35,86,0.407,11,46,0.239,18,20,0.9,6,36,42,25,9,8,12,19,-3.0
1610612746,LAC,LA Clippers,0022400127,2024-10-30,240,105,41,90,0.456,13,36,0.361,10,18,0.556,13,36,49,26,10,5,13,19,-1.0,1610612757,POR,Portland Trail Blazers,106,41,92,0.446,14,33,0.424,10,12,0.833,12,35,47,19,9,6,12,18,1.0
1610612754,IND,Indiana Pacers,0022400119,2024-10-30,265,135,50,104,0.481,15,38,0.395,20,24,0.833,16,41,57,33,10,5,18,26,3.0,1610612738,BOS,Boston Celtics,132,44,109,0.404,19,57,0.333,25,31,0.806,18,33,51,23,11,5,14,19,-3.0
1610612762,UTA,Utah Jazz,0022400115,2024-10-29,241,96,35,89,0.393,14,48,0.292,12,14,0.857,12,30,42,24,7,4,17,16,-17.0,1610612758,SAC,Sacramento Kings,113,48,92,0.522,8,31,0.258,9,14,0.643,9,40,49,26,9,9,11,19,17.0
1610612751,BKN,Brooklyn Nets,0022400113,2024-10-29,266,139,49,96,0.51,20,52,0.385,21,27,0.778,7,34,41,37,4,6,8,32,-5.0,1610612743,DEN,Denver Nuggets,144,46,89,0.517,13,27,0.481,39,47,0.83,9,34,43,31,3,4,5,22,5.0
1610612744,GSW,Golden State Warriors,0022400116,2024-10-29,243,124,46,97,0.474,21,46,0.457,11,13,0.846,11,23,34,34,15,9,7,20,18.0,1610612740,NOP,New Orleans Pelicans,106,40,74,0.541,9,22,0.409,17,24,0.708,9,35,44,23,4,6,23,13,-18.0
1610612750,MIN,Minnesota Timberwolves,0022400114,2024-10-29,240,114,39,77,0.506,19,39,0.487,17,26,0.654,11,31,42,33,5,2,20,20,-6.0,1610612742,DAL,Dallas Mavericks,120,45,93,0.484,16,39,0.41,14,18,0.778,12,28,40,25,12,2,9,21,6.0
1610612759,SAS,San Antonio Spurs,0022400109,2024-10-28,241,101,37,87,0.425,10,33,0.303,17,21,0.81,17,32,49,22,6,6,17,21,-5.0,1610612745,HOU,Houston Rockets,106,35,85,0.412,15,37,0.405,21,24,0.875,13,30,43,20,6,2,12,23,5.0
1610612737,ATL,Atlanta Hawks,0022400103,2024-10-28,240,119,39,81,0.481,15,40,0.375,26,36,0.722,6,33,39,32,12,7,16,22,-2.0,1610612764,WAS,Washington Wizards,121,41,91,0.451,21,44,0.477,18,22,0.818,9,34,43,24,7,3,18,25,2.0
1610612763,MEM,Memphis Grizzlies,0022400108,2024-10-28,239,123,51,111,0.459,14,43,0.326,7,13,0.538,18,42,60,37,5,9,10,21,-3.0,1610612741,CHI,Chicago Bulls,126,45,100,0.45,25,53,0.472,11,17,0.647,11,39,50,36,5,6,9,15,3.0
1610612756,PHX,Phoenix Suns,0022400111,2024-10-28,239,109,40,87,0.46,11,36,0.306,18,20,0.9,9,37,46,21,7,11,10,22,4.0,1610612747,LAL,Los Angeles Lakers,105,39,94,0.415,14,32,0.438,13,18,0.722,11,35,46,25,5,6,11,19,-4.0
1610612752,NYK,New York Knicks,0022400106,2024-10-28,240,104,40,90,0.444,9,28,0.321,15,18,0.833,13,30,43,22,8,3,16,21,-6.0,1610612739,CLE,Cleveland Cavaliers,110,39,82,0.476,12,36,0.333,20,24,0.833,9,32,41,21,10,5,13,20,6.0
1610612761,TOR,Toronto Raptors,0022400107,2024-10-28,266,125,49,109,0.45,10,35,0.286,17,21,0.81,18,36,54,30,7,7,15,27,-2.0,1610612743,DEN,Denver Nuggets,127,47,96,0.49,9,20,0.45,24,30,0.8,15,37,52,29,6,6,16,20,2.0
1610612758,SAC,Sacramento Kings,0022400112,2024-10-28,240,111,37,81,0.457,14,35,0.4,23,25,0.92,9,31,40,25,8,6,14,27,13.0,1610612757,POR,Portland Trail Blazers,98,35,83,0.422,4,22,0.182,24,30,0.8,12,34,46,17,5,4,17,22,-13.0
1610612742,DAL,Dallas Mavericks,0022400110,2024-10-28,239,110,43,95,0.453,11,39,0.282,13,17,0.765,13,37,50,27,9,12,13,23,8.0,1610612762,UTA,Utah Jazz,102,34,92,0.37,10,35,0.286,24,29,0.828,15,35,50,24,7,5,13,17,-8.0
1610612753,ORL,Orlando Magic,0022400102,2024-10-28,241,119,39,83,0.47,13,41,0.317,28,38,0.737,11,35,46,26,7,6,15,25,4.0,1610612754,IND,Indiana Pacers,115,41,88,0.466,13,29,0.448,20,30,0.667,15,29,44,25,7,4,12,28,-4.0
1610612738,BOS,Boston Celtics,0022400104,2024-10-28,242,119,43,87,0.494,18,47,0.383,15,19,0.789,4,34,38,24,5,5,12,18,11.0,1610612749,MIL,Milwaukee Bucks,108,37,82,0.451,8,31,0.258,26,31,0.839,8,35,43,18,7,6,16,24,-11.0
1610612748,MIA,Miami Heat,0022400105,2024-10-28,241,106,38,88,0.432,15,47,0.319,15,20,0.75,10,34,44,24,14,3,9,14,8.0,1610612765,DET,Detroit Pistons,98,35,91,0.385,14,38,0.368,14,17,0.824,19,35,54,14,6,6,16,19,-8.0
1610612754,IND,Indiana Pacers,0022400097,2024-10-27,263,114,39,84,0.464,13,32,0.406,23,34,0.676,7,30,37,28,8,4,19,26,-4.0,1610612755,PHI,Philadelphia 76ers,118,42,98,0.429,11,42,0.262,23,31,0.742,20,34,54,15,9,4,19,26,4.0
1610612751,BKN,Brooklyn Nets,0022400098,2024-10-27,241,115,39,91,0.429,16,45,0.356,21,23,0.913,12,35,47,23,9,3,12,26,13.0,1610612749,MIL,Milwaukee Bucks,102,33,74,0.446,10,33,0.303,26,31,0.839,7,36,43,20,7,3,18,17,-13.0
1610612757,POR,Portland Trail Blazers,0022400099,2024-10-27,241,125,43,93,0.462,14,35,0.4,25,32,0.781,22,29,51,25,9,8,16,21,22.0,1610612740,NOP,New Orleans Pelicans,103,38,88,0.432,8,29,0.276,19,24,0.792,15,24,39,24,9,8,15,22,-22.0
1610612744,GSW,Golden State Warriors,0022400101,2024-10-27,242,104,38,88,0.432,14,43,0.326,14,22,0.636,14,33,47,19,10,5,21,22,-8.0,1610612746,LAC,LA Clippers,112,42,90,0.467,10,32,0.313,18,23,0.783,14,34,48,27,11,2,18,21,8.0
1610612760,OKC,Oklahoma City Thunder,0022400100,2024-10-27,239,128,44,89,0.494,16,40,0.4,24,32,0.75,11,34,45,26,13,12,10,23,24.0,1610612737,ATL,Atlanta Hawks,104,36,91,0.396,10,31,0.323,22,29,0.759,17,32,49,24,7,4,19,23,-24.0
1610612765,DET,Detroit Pistons,0022400089,2024-10-26,240,118,43,88,0.489,14,39,0.359,18,22,0.818,9,35,44,27,4,7,14,22,-6.0,1610612738,BOS,Boston Celtics,124,38,90,0.422,22,48,0.458,26,30,0.867,13,24,37,19,10,6,10,16,6.0
1610612766,CHA,Charlotte Hornets,0022400088,2024-10-26,241,106,39,89,0.438,13,41,0.317,15,21,0.714,15,31,46,20,6,5,17,24,-8.0,1610612748,MIA,Miami Heat,114,40,86,0.465,14,34,0.412,20,28,0.714,13,30,43,33,8,6,13,19,8.0
1610612741,CHI,Chicago Bulls,0022400091,2024-10-26,238,95,32,92,0.348,15,53,0.283,16,22,0.727,11,50,61,23,6,2,26,19,-19.0,1610612760,OKC,Oklahoma City Thunder,114,45,107,0.421,8,40,0.2,16,20,0.8,9,45,54,21,15,5,10,18,19.0
1610612763,MEM,Memphis Grizzlies,0022400092,2024-10-26,241,124,46,86,0.535,13,34,0.382,19,24,0.792,6,36,42,38,10,5,18,24,13.0,1610612753,ORL,Orlando Magic,111,37,87,0.425,17,48,0.354,20,28,0.714,12,29,41,21,10,6,19,20,-13.0
1610612750,MIN,Minnesota Timberwolves,0022400093,2024-10-26,239,112,39,83,0.47,14,37,0.378,20,26,0.769,9,32,41,29,9,8,13,16,11.0,1610612761,TOR,Toronto Raptors,101,41,90,0.456,10,29,0.345,9,13,0.692,12,34,46,29,9,4,20,22,-11.0
1610612764,WAS,Washington Wizards,0022400090,2024-10-26,239,116,37,96,0.385,15,43,0.349,27,32,0.844,18,28,46,25,6,9,15,25,-19.0,1610612739,CLE,Cleveland Cavaliers,135,47,88,0.534,18,39,0.462,23,34,0.676,11,37,48,27,13,10,16,27,19.0
1610612743,DEN,Denver Nuggets,0022400087,2024-10-26,240,104,35,87,0.402,14,35,0.4,20,24,0.833,10,27,37,20,13,4,10,22,-5.0,1610612746,LAC,LA Clippers,109,40,82,0.488,12,33,0.364,17,21,0.81,11,33,44,30,4,5,16,24,5.0
1610612759,SAS,San Antonio Spurs,0022400094,2024-10-26,241,109,39,79,0.494,8,20,0.4,23,28,0.821,10,39,49,23,6,7,17,18,3.0,1610612745,HOU,Houston Rockets,106,38,92,0.413,13,41,0.317,17,21,0.81,8,26,34,21,10,3,10,24,-3.0
1610612747,LAL,Los Angeles Lakers,0022400096,2024-10-26,240,131,48,92,0.522,14,34,0.412,21,24,0.875,13,32,45,32,8,3,19,19,4.0,1610612758,SAC,Sacramento Kings,127,45,88,0.511,15,44,0.341,22,25,0.88,5,27,32,32,12,5,14,19,-4.0
1610612756,PHX,Phoenix Suns,0022400095,2024-10-26,239,114,36,80,0.45,14,39,0.359,28,37,0.757,7,40,47,26,3,4,11,17,12.0,1610612742,DAL,Dallas Mavericks,102,37,93,0.398,13,41,0.317,15,18,0.833,12,34,46,22,6,2,8,28,-12.0
1610612757,POR,Portland Trail Blazers,0022400086,2024-10-25,240,103,37,90,0.411,13,37,0.351,16,20,0.8,10,38,48,26,7,11,19,22,-2.0,1610612740,NOP,New Orleans Pelicans,105,36,86,0.419,12,32,0.375,21,31,0.677,11,33,44,25,12,8,14,22,2.0
1610612752,NYK,New York Knicks,0022400081,2024-10-25,240,123,44,84,0.524,12,27,0.444,23,29,0.793,11,32,43,19,5,4,11,18,25.0,1610612754,IND,Indiana Pacers,98,41,83,0.494,3,30,0.1,13,20,0.65,9,24,33,28,8,6,15,24,-25.0
1610612745,HOU,Houston Rockets,0022400082,2024-10-25,240,128,43,98,0.439,17,43,0.395,25,36,0.694,23,41,64,20,10,4,17,32,20.0,1610612763,MEM,Memphis Grizzlies,108,38,91,0.418,10,28,0.357,22,36,0.611,14,29,43,24,8,8,17,25,-20.0
1610612761,TOR,Toronto Raptors,0022400078,2024-10-25,239,115,35,76,0.461,6,23,0.261,39,46,0.848,18,36,54,25,11,13,26,34,8.0,1610612755,PHI,Philadelphia 76ers,107,29,76,0.382,9,29,0.31,40,53,0.755,10,18,28,19,11,5,16,32,-8.0
1610612749,MIL,Milwaukee Bucks,0022400083,2024-10-25,241,122,46,93,0.495,13,40,0.325,17,25,0.68,8,39,47,24,5,3,14,14,-11.0,1610612741,CHI,Chicago Bulls,133,46,96,0.479,21,47,0.447,20,23,0.87,9,37,46,30,10,4,9,17,11.0
1610612753,ORL,Orlando Magic,0022400077,2024-10-25,240,116,39,75,0.52,15,30,0.5,23,33,0.697,5,34,39,28,10,7,12,19,15.0,1610612751,BKN,Brooklyn Nets,101,35,83,0.422,14,37,0.378,17,21,0.81,8,29,37,22,7,3,17,31,-15.0
1610612737,ATL,Atlanta Hawks,0022400079,2024-10-25,240,125,39,81,0.481,14,38,0.368,33,38,0.868,7,32,39,25,11,9,13,28,5.0,1610612766,CHA,Charlotte Hornets,120,37,96,0.385,21,51,0.412,25,31,0.806,22,31,53,22,7,4,17,28,-5.0
1610612762,UTA,Utah Jazz,0022400084,2024-10-25,242,86,29,92,0.315,9,42,0.214,19,26,0.731,14,31,45,18,8,5,22,11,-41.0,1610612744,GSW,Golden State Warriors,127,51,106,0.481,20,50,0.4,5,6,0.833,19,41,60,35,15,6,13,25,41.0
1610612747,LAL,Los Angeles Lakers,0022400085,2024-10-25,240,123,40,75,0.533,14,27,0.519,29,39,0.744,6,31,37,33,10,5,12,18,7.0,1610612756,PHX,Phoenix Suns,116,42,82,0.512,17,37,0.459,15,17,0.882,5,29,34,35,8,4,16,26,-7.0
1610612739,CLE,Cleveland Cavaliers,0022400080,2024-10-25,240,113,42,82,0.512,13,34,0.382,16,23,0.696,5,34,39,28,13,4,12,15,12.0,1610612765,DET,Detroit Pistons,101,38,81,0.469,13,32,0.406,12,17,0.706,8,34,42,25,3,5,22,22,-12.0
1610612743,DEN,Denver Nuggets,0022400075,2024-10-24,241,87,35,98,0.357,7,38,0.184,10,14,0.714,17,40,57,29,11,7,15,12,-15.0,1610612760,OKC,Oklahoma City Thunder,102,43,101,0.426,8,36,0.222,8,12,0.667,13,36,49,23,9,13,12,15,15.0
1610612764,WAS,Washington Wizards,0022400073,2024-10-24,240,102,41,95,0.432,7,36,0.194,13,18,0.722,10,30,40,27,9,6,13,19,-20.0,1610612738,BOS,Boston Celtics,122,42,90,0.467,17,45,0.378,21,27,0.778,12,37,49,21,7,3,14,19,20.0
1610612758,SAC,Sacramento Kings,0022400076,2024-10-24,241,115,38,82,0.463,11,29,0.379,28,35,0.8,4,34,38,21,7,2,9,18,-2.0,1610612750,MIN,Minnesota Timberwolves,117,41,86,0.477,20,50,0.4,15,17,0.882,6,36,42,24,3,2,16,24,2.0
1610612742,DAL,Dallas Mavericks,0022400074,2024-10-24,240,120,42,102,0.412,19,44,0.432,17,23,0.739,17,33,50,27,9,5,9,21,11.0,1610612759,SAS,San Antonio Spurs,109,39,86,0.453,12,36,0.333,19,24,0.792,12,40,52,30,6,5,19,18,-11.0
1610612757,POR,Portland Trail Blazers,0022400072,2024-10-23,240,104,36,92,0.391,8,34,0.235,24,30,0.8,13,29,42,21,10,4,17,22,-36.0,1610612744,GSW,Golden State Warriors,140,48,93,0.516,20,48,0.417,24,30,0.8,15,42,57,38,13,5,17,27,36.0
1610612745,HOU,Houston Rockets,0022400068,2024-10-23,239,105,38,103,0.369,13,43,0.302,16,20,0.8,16,27,43,19,8,4,8,18,-5.0,1610612766,CHA,Charlotte Hornets,110,38,85,0.447,15,39,0.385,19,24,0.792,15,41,56,20,6,10,16,21,5.0
1610612748,MIA,Miami Heat,0022400065,2024-10-23,240,97,32,82,0.39,11,34,0.324,22,29,0.759,9,32,41,24,5,8,11,19,-19.0,1610612753,ORL,Orlando Magic,116,41,96,0.427,18,49,0.367,16,22,0.727,18,39,57,28,8,8,11,21,19.0
1610612740,NOP,New Orleans Pelicans,0022400069,2024-10-23,241,123,45,97,0.464,14,37,0.378,19,21,0.905,7,35,42,29,15,10,11,17,12.0,1610612741,CHI,Chicago Bulls,111,42,86,0.488,10,34,0.294,17,25,0.68,9,38,47,26,4,2,21,16,-12.0
1610612762,UTA,Utah Jazz,0022400070,2024-10-23,240,124,40,85,0.471,10,26,0.385,34,45,0.756,14,35,49,21,7,9,14,24,-2.0,1610612763,MEM,Memphis Grizzlies,126,43,91,0.473,17,45,0.378,23,32,0.719,13,28,41,28,7,5,12,35,2.0
1610612755,PHI,Philadelphia 76ers,0022400066,2024-10-23,240,109,41,98,0.418,8,31,0.258,19,27,0.704,17,32,49,18,4,2,10,28,-15.0,1610612749,MIL,Milwaukee Bucks,124,43,80,0.538,16,37,0.432,22,31,0.71,8,38,46,27,4,9,14,23,15.0
1610612737,ATL,Atlanta Hawks,0022400064,2024-10-23,241,120,39,80,0.488,9,28,0.321,33,46,0.717,12,33,45,25,12,9,16,20,4.0,1610612751,BKN,Brooklyn Nets,116,40,91,0.44,17,43,0.395,19,25,0.76,12,31,43,21,8,6,17,32,-4.0
1610612765,DET,Detroit Pistons,0022400063,2024-10-23,241,109,38,88,0.432,9,33,0.273,24,28,0.857,12,26,38,22,6,2,12,21,-6.0,1610612754,IND,Indiana Pacers,115,42,83,0.506,9,31,0.29,22,25,0.88,7,32,39,32,10,8,15,23,6.0
1610612746,LAC,LA Clippers,0022400071,2024-10-23,266,113,42,92,0.457,8,29,0.276,21,30,0.7,13,38,51,27,9,1,21,29,-3.0,1610612756,PHX,Phoenix Suns,116,38,78,0.487,15,38,0.395,25,34,0.735,4,38,42,25,12,9,22,23,3.0
1610612761,TOR,Toronto Raptors,0022400067,2024-10-23,240,106,36,86,0.419,12,31,0.387,22,29,0.759,14,24,38,25,8,6,18,24,-30.0,1610612739,CLE,Cleveland Cavaliers,136,51,87,0.586,14,30,0.467,20,26,0.769,8,28,36,29,10,9,12,22,30.0
1610612747,LAL,Los Angeles Lakers,0022400062,2024-10-22,240,110,42,95,0.442,5,30,0.167,21,25,0.84,15,31,46,22,7,8,7,22,7.0,1610612750,MIN,Minnesota Timberwolves,103,35,85,0.412,13,41,0.317,20,27,0.741,12,35,47,17,4,1,15,22,-7.0
1610612738,BOS,Boston Celtics,0022400061,2024-10-22,240,132,48,95,0.505,29,61,0.475,7,8,0.875,11,29,40,33,6,3,3,15,23.0,1610612752,NYK,New York Knicks,109,43,78,0.551,11,30,0.367,12,16,0.75,5,29,34,20,2,3,11,12,-23.0
