GAME_ID,TEAM_ID,TEAM_ABBREVIATION,TEAM_CITY,PLAYER_ID,PLAYER_NAME,NICKNAME,START_POSITION,COMMENT,MIN,FGM,FGA,FG_PCT,FG3M,FG3A,FG3_PCT,FTM,FTA,FT_PCT,OREB,DREB,REB,AST,STL,BLK,TO,PF,PTS,PLUS_MINUS
2022500025,1612709932,MCC,Motor City,1631111,Wendell Moore Jr.,Wendell,F,,33:49,4.0,11.0,0.364,2.0,5.0,0.4,0.0,0.0,0.0,1.0,6.0,7.0,5.0,0.0,1.0,3.0,4.0,10.0,-3.0
2022500025,1612709932,MCC,Motor City,1642578,John Ukomadu,John,F,,29:23,4.0,8.0,0.5,1.0,3.0,0.333,0.0,0.0,0.0,3.0,1.0,4.0,0.0,1.0,2.0,1.0,0.0,9.0,-4.0
2022500025,1612709932,MCC,Motor City,1642449,Tolu Smith,Tolu,C,,32:24,7.0,16.0,0.438,0.0,0.0,0.0,3.0,4.0,0.75,10.0,3.0,13.0,6.0,0.0,0.0,2.0,1.0,20.0,-1.0
2022500025,1612709932,MCC,Motor City,1642404,Chaz Lanier,Chaz,G,,36:18,5.0,13.0,0.385,1.0,6.0,0.167,0.0,1.0,0.0,0.0,5.0,5.0,4.0,0.0,0.0,0.0,2.0,11.0,-8.0
2022500025,1612709932,MCC,Motor City,1643022,Jaden Akins,Jaden,G,,30:19,4.0,13.0,0.308,0.0,5.0,0.0,1.0,2.0,0.5,0.0,0.0,0.0,5.0,1.0,2.0,2.0,4.0,10.0,-8.0
2022500025,1612709932,MCC,Motor City,1642439,Quincy Olivari,Quincy,,,21:39,3.0,6.0,0.5,1.0,4.0,0.25,0.0,1.0,0.0,0.0,5.0,5.0,4.0,1.0,0.0,5.0,3.0,7.0,10.0
2022500025,1612709932,MCC,Motor City,1642924,Brice Williams,Brice,,,14:45,2.0,7.0,0.286,1.0,4.0,0.25,1.0,1.0,1.0,1.0,2.0,3.0,1.0,1.0,0.0,0.0,2.0,7.0,12.0
2022500025,1612709932,MCC,Motor City,1641752,Bobi Klintman,Bobi,,,25:47,10.0,16.0,0.625,6.0,10.0,0.6,0.0,0.0,0.0,4.0,5.0,9.0,1.0,4.0,0.0,1.0,4.0,26.0,5.0
2022500025,1612709932,MCC,Motor City,1630615,Dawson Garcia,Dawson,,,11:51,5.0,6.0,0.833,0.0,0.0,0.0,1.0,2.0,0.5,3.0,0.0,3.0,0.0,0.0,0.0,0.0,2.0,11.0,4.0
2022500025,1612709932,MCC,Motor City,1643188,Matthew Moncrieffe,Matthew,,,3:45,0.0,2.0,0.0,0.0,0.0,0.0,1.0,1.0,1.0,3.0,0.0,3.0,0.0,0.0,0.0,0.0,0.0,2.0,-2.0
2022500025,1612709932,MCC,Motor City,1641777,Charles Bediako,Charles,,DNP - Coach's Decision,,,,,,,,,,,,,,,,,,,,
2022500025,1612709932,MCC,Motor City,1642403,Isaac Jones,Isaac,,DNP - Injury/Illness,,,,,,,,,,,,,,,,,,,,
2022500025,1612709932,MCC,Motor City,1643333,O'Mar Stanley,O'Mar,,DNP - Coach's Decision,,,,,,,,,,,,,,,,,,,,
2022500025,1612709932,MCC,Motor City,1643190,Brian Taylor,Brian,,DNP - Coach's Decision,,,,,,,,,,,,,,,,,,,,
2022500025,1612709932,MCC,Motor City,1643189,Symir Torrence,Symir,,DNP - Coach's Decision,,,,,,,,,,,,,,,,,,,,
2022500025,1612709929,CPS,College Park,1641881,Javan Johnson,Javan,F,,35:26,6.0,10.0,0.6,5.0,8.0,0.625,2.0,2.0,1.0,2.0,1.0,3.0,4.0,0.0,0.0,2.0,1.0,19.0,1.0
2022500025,1612709929,CPS,College Park,1631216,Caleb Houstan,Caleb,F,,37:21,5.0,13.0,0.385,2.0,8.0,0.25,4.0,4.0,1.0,0.0,3.0,3.0,2.0,0.0,0.0,1.0,1.0,19.0,-1.0
2022500025,1612709929,CPS,College Park,1642013,Malik Williams,Malik,C,,31:26,6.0,15.0,0.4,3.0,7.0,0.429,3.0,3.0,1.0,4.0,8.0,12.0,1.0,1.0,2.0,2.0,4.0,18.0,5.0
2022500025,1612709929,CPS,College Park,1630640,MJ Walker,MJ,G,,28:19,3.0,6.0,0.5,1.0,4.0,0.25,3.0,3.0,1.0,2.0,0.0,2.0,4.0,1.0,1.0,2.0,4.0,12.0,11.0
2022500025,1612709929,CPS,College Park,1643090,Deivon Smith,Deivon,G,,23:24,7.0,14.0,0.5,1.0,3.0,0.333,1.0,1.0,1.0,2.0,3.0,5.0,5.0,1.0,0.0,0.0,2.0,17.0,8.0
2022500025,1612709929,CPS,College Park,1642605,"Dwight Murray, Jr.",Dwight,,,24:34,4.0,9.0,0.444,1.0,1.0,1.0,0.0,0.0,0.0,1.0,2.0,3.0,7.0,1.0,1.0,1.0,0.0,9.0,-7.0
2022500025,1612709929,CPS,College Park,1643218,Basheer Jihad,Basheer,,,16:34,2.0,4.0,0.5,0.0,0.0,0.0,0.0,0.0,0.0,0.0,3.0,3.0,0.0,1.0,2.0,1.0,5.0,4.0,-6.0
2022500025,1612709929,CPS,College Park,1642365,Nikola Đurišić,Nikola,,,24:34,1.0,7.0,0.143,0.0,1.0,0.0,3.0,4.0,0.75,0.0,5.0,5.0,1.0,1.0,1.0,5.0,4.0,8.0,-11.0
2022500025,1612709929,CPS,College Park,1642937,Kobe Johnson,Kobe,,,14:15,2.0,4.0,0.5,2.0,4.0,0.5,0.0,0.0,0.0,0.0,2.0,2.0,1.0,0.0,0.0,1.0,0.0,6.0,-5.0
2022500025,1612709929,CPS,College Park,1642552,Tyler Polley,Tyler,,,4:07,0.0,0.0,0.0,0.0,0.0,0.0,0.0,0.0,0.0,0.0,0.0,0.0,0.0,0.0,0.0,0.0,1.0,0.0,0.0
2022500025,1612709929,CPS,College Park,1642679,Seth Maxwell,Seth,,DNP - Coach's Decision,,,,,,,,,,,,,,,,,,,,
2022500025,1612709929,CPS,College Park,1643115,Erik Reynolds II,Erik,,DNP - Coach's Decision,,,,,,,,,,,,,,,,,,,,
2022500028,1612709923,WCB,Windy City,1641801,Emanuel Miller,Emanuel,F,,33:07,4.0,10.0,0.4,0.0,2.0,0.0,1.0,2.0,0.5,3.0,6.0,9.0,3.0,1.0,0.0,1.0,1.0,10.0,0.0
2022500028,1612709923,WCB,Windy City,1628995,Kevin Knox II,Kevin,F,,30:33,11.0,20.0,0.55,5.0,11.0,0.455,2.0,2.0,1.0,1.0,3.0,4.0,3.0,3.0,1.0,3.0,1.0,31.0,6.0
2022500028,1612709923,WCB,Windy City,1642950,Lachlan Olbrich,Lachlan,C,,31:32,8.0,12.0,0.667,0.0,1.0,0.0,0.0,0.0,0.0,0.0,7.0,7.0,5.0,0.0,0.0,2.0,3.0,16.0,-12.0
2022500028,1612709923,WCB,Windy City,1642280,Trentyn Flowers,Trentyn,G,,28:37,2.0,4.0,0.5,1.0,1.0,1.0,0.0,0.0,0.0,1.0,4.0,5.0,3.0,1.0,0.0,0.0,3.0,5.0,2.0
2022500028,1612709923,WCB,Windy City,1630644,Mac McClung,Mac,G,,37:08,13.0,22.0,0.591,2.0,8.0,0.25,6.0,6.0,1.0,0.0,2.0,2.0,6.0,1.0,0.0,3.0,1.0,36.0,8.0
2022500028,1612709923,WCB,Windy City,1630793,Giorgi Bezhanishvili,Giorgi,,,16:28,2.0,6.0,0.333,1.0,2.0,0.5,0.0,0.0,0.0,1.0,1.0,2.0,1.0,1.0,1.0,1.0,2.0,5.0,10.0
2022500028,1612709923,WCB,Windy City,1630324,Ryan Woolridge,Ryan,,,20:12,1.0,5.0,0.2,1.0,2.0,0.5,0.0,0.0,0.0,1.0,8.0,9.0,4.0,0.0,0.0,2.0,1.0,3.0,-6.0
2022500028,1612709923,WCB,Windy City,1631338,Mouhamadou Gueye,Mouhamadou,,,16:10,2.0,3.0,0.667,0.0,0.0,0.0,0.0,0.0,0.0,1.0,2.0,3.0,1.0,0.0,0.0,3.0,2.0,4.0,-3.0
2022500028,1612709923,WCB,Windy City,1642390,Wooga Poplar,Wooga,,,5:28,2.0,3.0,0.667,0.0,0.0,0.0,0.0,0.0,0.0,0.0,1.0,1.0,0.0,0.0,0.0,0.0,1.0,4.0,3.0
2022500028,1612709923,WCB,Windy City,1642934,Caleb Grill,Caleb,,,16:10,2.0,5.0,0.4,1.0,3.0,0.333,0.0,0.0,0.0,1.0,3.0,4.0,4.0,1.0,1.0,1.0,1.0,5.0,-7.0
2022500028,1612709923,WCB,Windy City,1642999,Jean-Jacques Boissy,Jean-Jacques,,,4:35,0.0,2.0,0.0,0.0,1.0,0.0,0.0,0.0,0.0,0.0,0.0,0.0,1.0,0.0,0.0,1.0,1.0,0.0,-11.0
2022500028,1612709923,WCB,Windy City,1643308,Lahat Thioune,Lahat,,DNP - Coach's Decision,,,,,,,,,,,,,,,,,,,,
2022500028,1612709933,RCR,Rip City,1641794,Dillon Jones,Dillon,F,,36:40,5.0,13.0,0.385,3.0,8.0,0.375,1.0,1.0,1.0,2.0,7.0,9.0,4.0,3.0,2.0,2.0,4.0,14.0,13.0
2022500028,1612709933,RCR,Rip City,1642024,Alex Reese,Alex,F,,23:08,5.0,12.0,0.417,1.0,7.0,0.143,0.0,0.0,0.0,1.0,4.0,5.0,0.0,1.0,1.0,1.0,1.0,11.0,-8.0
2022500028,1612709933,RCR,Rip City,1630651,Romeo Weems,Romeo,C,,34:00,3.0,11.0,0.273,1.0,6.0,0.167,1.0,1.0,1.0,3.0,3.0,6.0,3.0,1.0,1.0,2.0,4.0,9.0,-7.0
2022500028,1612709933,RCR,Rip City,1642951,Sean Pedulla,Sean,G,,24:29,7.0,12.0,0.583,2.0,4.0,0.5,0.0,1.0,0.0,2.0,3.0,5.0,4.0,1.0,0.0,3.0,2.0,16.0,-10.0
2022500028,1612709933,RCR,Rip City,1631451,Javonte Cooke,Javonte,G,,35:33,12.0,25.0,0.48,7.0,11.0,0.636,1.0,1.0,1.0,1.0,9.0,10.0,3.0,0.0,2.0,2.0,3.0,33.0,-9.0
2022500028,1612709933,RCR,Rip City,1642972,Andrew Carr,Andrew,,,24:04,7.0,11.0,0.636,3.0,6.0,0.5,1.0,1.0,1.0,4.0,2.0,6.0,1.0,0.0,0.0,0.0,1.0,18.0,9.0
2022500028,1612709933,RCR,Rip City,1643257,Jayson Kent,Jayson,,,22:46,4.0,10.0,0.4,1.0,5.0,0.2,1.0,1.0,1.0,2.0,1.0,3.0,4.0,1.0,0.0,0.0,1.0,11.0,6.0
2022500028,1612709933,RCR,Rip City,1642651,Cameron Parker,Cameron,,,23:28,2.0,6.0,0.333,0.0,2.0,0.0,2.0,2.0,1.0,2.0,1.0,3.0,9.0,0.0,0.0,2.0,1.0,7.0,12.0
2022500028,1612709933,RCR,Rip City,1642501,Jaykwon Walton,Jaykwon,,,15:52,1.0,7.0,0.143,0.0,3.0,0.0,0.0,1.0,0.0,0.0,1.0,1.0,1.0,0.0,0.0,2.0,1.0,2.0,4.0
2022500028,1612709933,RCR,Rip City,1631321,Sidy Cissoko,Sidy,,DNP - Coach's Decision,,,,,,,,,,,,,,,,,,,,
2022500028,1612709933,RCR,Rip City,1642396,Blake Hinson,Blake,,DNP - Coach's Decision,,,,,,,,,,,,,,,,,,,,
2022500028,1612709933,RCR,Rip City,1631126,Caleb Love,Caleb,,DNP - Coach's Decision,,,,,,,,,,,,,,,,,,,,
2022500028,1612709933,RCR,Rip City,1641857,Liam Robbins,Liam,,DNP - Coach's Decision,,,,,,,,,,,,,,,,,,,,
2022500031,1612709908,RGV,Rio Grande Valley,1642592,Teddy Allen,Teddy,F,,39:24,10.0,25.0,0.4,2.0,11.0,0.182,2.0,3.0,0.667,1.0,6.0,7.0,1.0,0.0,3.0,3.0,2.0,26.0,11.0
2022500031,1612709908,RGV,Rio Grande Valley,1643069,Cameron Matthews,Cameron,F,,29:19,4.0,9.0,0.444,0.0,5.0,0.0,1.0,1.0,1.0,1.0,3.0,4.0,2.0,1.0,0.0,2.0,1.0,10.0,2.0
2022500031,1612709908,RGV,Rio Grande Valley,1631285,Efe Abogidi,Efe,C,,34:33,8.0,14.0,0.571,1.0,3.0,0.333,3.0,3.0,1.0,8.0,9.0,17.0,2.0,0.0,0.0,2.0,2.0,22.0,16.0
2022500031,1612709908,RGV,Rio Grande Valley,1630227,Daishen Nix,Daishen,G,,31:22,7.0,12.0,0.583,5.0,10.0,0.5,2.0,4.0,0.5,0.0,7.0,7.0,7.0,1.0,0.0,4.0,4.0,24.0,6.0
2022500031,1612709908,RGV,Rio Grande Valley,1641999,John Knight III,John,G,,34:00,2.0,6.0,0.333,0.0,0.0,0.0,1.0,1.0,1.0,1.0,2.0,3.0,1.0,2.0,0.0,1.0,1.0,5.0,13.0
2022500031,1612709908,RGV,Rio Grande Valley,1641741,Ricky Council IV,Ricky,,,28:41,3.0,8.0,0.375,2.0,6.0,0.333,0.0,1.0,0.0,1.0,4.0,5.0,7.0,1.0,0.0,0.0,1.0,8.0,21.0
2022500031,1612709908,RGV,Rio Grande Valley,1630176,Vernon Carey Jr.,Vernon,,,17:30,6.0,10.0,0.6,1.0,3.0,0.333,0.0,0.0,0.0,1.0,3.0,4.0,0.0,0.0,0.0,0.0,0.0,13.0,-5.0
2022500031,1612709908,RGV,Rio Grande Valley,1643266,Stevie Mitchell,Stevie,,,25:11,4.0,6.0,0.667,1.0,3.0,0.333,1.0,1.0,1.0,1.0,1.0,2.0,4.0,1.0,0.0,0.0,4.0,10.0,11.0
2022500031,1612709908,RGV,Rio Grande Valley,1643214,Tyrese Hunter,Tyrese,,DNP - Coach's Decision,,,,,,,,,,,,,,,,,,,,
2022500031,1612709927,WIS,Wisconsin,1642504,Cormac Ryan,Cormac,F,,28:05,7.0,11.0,0.636,3.0,5.0,0.6,0.0,0.0,0.0,0.0,3.0,3.0,4.0,1.0,0.0,2.0,3.0,17.0,-6.0
2022500031,1612709927,WIS,Wisconsin,1643237,Kaden Anderson,Kaden,F,,30:35,3.0,7.0,0.429,0.0,1.0,0.0,3.0,3.0,1.0,2.0,4.0,6.0,2.0,0.0,0.0,0.0,1.0,11.0,-11.0
2022500031,1612709927,WIS,Wisconsin,1631219,John Butler Jr.,John,C,,40:30,6.0,8.0,0.75,4.0,5.0,0.8,2.0,2.0,1.0,1.0,4.0,5.0,3.0,2.0,2.0,2.0,3.0,20.0,-5.0
2022500031,1612709927,WIS,Wisconsin,1630310,Craig Randall II,Craig,G,,34:31,6.0,17.0,0.353,2.0,12.0,0.167,0.0,0.0,0.0,0.0,3.0,3.0,5.0,1.0,0.0,6.0,2.0,14.0,-8.0
2022500031,1612709927,WIS,Wisconsin,1628372,Dennis Smith Jr.,Dennis,G,,34:51,6.0,14.0,0.429,0.0,2.0,0.0,1.0,1.0,1.0,2.0,5.0,7.0,6.0,0.0,1.0,2.0,2.0,14.0,-4.0
2022500031,1612709927,WIS,Wisconsin,1630828,Alex Antetokounmpo,Alex,,,23:02,1.0,6.0,0.167,1.0,5.0,0.2,0.0,0.0,0.0,1.0,5.0,6.0,2.0,0.0,0.0,0.0,4.0,3.0,-11.0
2022500031,1612709927,WIS,Wisconsin,1629808,Stephen Thompson,Stephen,,,18:27,4.0,6.0,0.667,0.0,1.0,0.0,1.0,1.0,1.0,0.0,2.0,2.0,1.0,0.0,0.0,0.0,4.0,9.0,-12.0
2022500031,1612709927,WIS,Wisconsin,1630184,Kira Lewis Jr.,Kira,,,29:59,6.0,15.0,0.4,3.0,6.0,0.5,0.0,0.0,0.0,0.0,1.0,1.0,4.0,1.0,0.0,0.0,1.0,15.0,-18.0
2022500031,1612709927,WIS,Wisconsin,1631098,Johnny Davis,Johnny,,DND - Injury/Illness,,,,,,,,,,,,,,,,,,,,
2022500031,1612709927,WIS,Wisconsin,203506,Victor Oladipo,Victor,,DND - Rest,,,,,,,,,,,,,,,,,,,,
2022500031,1612709927,WIS,Wisconsin,1630777,Jeremiah Tilmon,Jeremiah,,DND - Injury/Illness,,,,,,,,,,,,,,,,,,,,
2022500027,1612709889,OKL,Oklahoma City,1641727,Dariq Whitehead,Dariq,F,,43:59,9.0,25.0,0.36,4.0,18.0,0.222,2.0,3.0,0.667,1.0,3.0,4.0,7.0,3.0,1.0,5.0,4.0,26.0,-20.0
2022500027,1612709889,OKL,Oklahoma City,1643206,Kendall Munson,Kendall,F,,43:56,4.0,6.0,0.667,0.0,0.0,0.0,0.0,0.0,0.0,3.0,6.0,9.0,3.0,0.0,1.0,6.0,4.0,8.0,-24.0
2022500027,1612709889,OKL,Oklahoma City,1642940,Viktor Lakhin,Viktor,C,,8:45,0.0,2.0,0.0,0.0,1.0,0.0,0.0,0.0,0.0,1.0,2.0,3.0,1.0,0.0,0.0,0.0,0.0,0.0,6.0
2022500027,1612709889,OKL,Oklahoma City,1643113,Zack Austin,Zack,G,,47:20,11.0,19.0,0.579,5.0,11.0,0.455,2.0,2.0,1.0,1.0,7.0,8.0,6.0,1.0,5.0,4.0,3.0,30.0,-16.0
2022500027,1612709889,OKL,Oklahoma City,1641789,Jazian Gortman,Jazian,G,,9:23,3.0,6.0,0.5,0.0,0.0,0.0,0.0,0.0,0.0,2.0,1.0,3.0,0.0,0.0,1.0,6.0,2.0,6.0,-10.0
2022500027,1612709889,OKL,Oklahoma City,1643324,Jahlil White,Jahlil,,,43:42,3.0,3.0,1.0,2.0,2.0,1.0,1.0,1.0,1.0,0.0,11.0,11.0,4.0,1.0,0.0,4.0,5.0,9.0,-18.0
2022500027,1612709889,OKL,Oklahoma City,1643207,Manny Obaseki,Manny,,,42:55,6.0,15.0,0.4,2.0,5.0,0.4,3.0,3.0,1.0,2.0,5.0,7.0,5.0,2.0,1.0,8.0,5.0,18.0,-13.0
2022500027,1612709889,OKL,Oklahoma City,1631205,Buddy Boeheim,Buddy,,DNP - Coach's Decision,,,,,,,,,,,,,,,,,,,,
2022500027,1612709889,OKL,Oklahoma City,1643208,Anthony Pritchard,Anthony,,DNP - Coach's Decision,,,,,,,,,,,,,,,,,,,,
2022500027,1612709889,OKL,Oklahoma City,1642362,Payton Sandfort,Payton,,DNP - Coach's Decision,,,,,,,,,,,,,,,,,,,,
2022500027,1612709921,LIN,Long Island,1631466,Nate Williams,Nate,F,,30:10,8.0,11.0,0.727,2.0,5.0,0.4,2.0,2.0,1.0,3.0,1.0,4.0,3.0,2.0,0.0,1.0,2.0,20.0,17.0
2022500027,1612709921,LIN,Long Island,1630286,Trevon Scott,Trevon,F,,30:51,3.0,10.0,0.3,1.0,5.0,0.2,2.0,2.0,1.0,1.0,6.0,7.0,4.0,3.0,0.0,1.0,1.0,11.0,32.0
2022500027,1612709921,LIN,Long Island,1630604,E.J. Liddell,E.J.,C,,39:55,9.0,15.0,0.6,1.0,2.0,0.5,3.0,3.0,1.0,7.0,7.0,14.0,1.0,3.0,0.0,4.0,4.0,25.0,14.0
2022500027,1612709921,LIN,Long Island,1642879,Ben Saraf,Ben,G,,37:06,14.0,26.0,0.538,6.0,10.0,0.6,3.0,3.0,1.0,0.0,6.0,6.0,4.0,1.0,0.0,3.0,3.0,40.0,18.0
2022500027,1612709921,LIN,Long Island,1641879,Yuri Collins,Yuri,G,,25:12,0.0,9.0,0.0,0.0,5.0,0.0,0.0,0.0,0.0,1.0,3.0,4.0,6.0,2.0,1.0,2.0,1.0,0.0,0.0
2022500027,1612709921,LIN,Long Island,1630623,Tyson Etienne,Tyson,,,26:33,4.0,14.0,0.286,4.0,12.0,0.333,1.0,1.0,1.0,0.0,2.0,2.0,1.0,1.0,0.0,1.0,1.0,13.0,8.0
2022500027,1612709921,LIN,Long Island,1641987,David Muoka,David,,,6:55,0.0,2.0,0.0,0.0,0.0,0.0,0.0,1.0,0.0,0.0,2.0,2.0,0.0,1.0,0.0,0.0,0.0,0.0,-6.0
2022500027,1612709921,LIN,Long Island,1641869,Malachi Smith,Malachi,,,15:44,1.0,2.0,0.5,1.0,1.0,1.0,0.0,0.0,0.0,0.0,0.0,0.0,5.0,2.0,0.0,2.0,1.0,3.0,5.0
2022500027,1612709921,LIN,Long Island,1643105,D'Andre Davis,D'Andre,,,12:28,1.0,4.0,0.25,0.0,2.0,0.0,1.0,1.0,1.0,1.0,0.0,1.0,0.0,1.0,0.0,1.0,1.0,4.0,-3.0
2022500027,1612709921,LIN,Long Island,1642470,Hunter Cattoor,Hunter,,,11:55,0.0,2.0,0.0,0.0,2.0,0.0,0.0,0.0,0.0,0.0,0.0,0.0,0.0,2.0,0.0,0.0,1.0,0.0,5.0
2022500027,1612709921,LIN,Long Island,1630206,Jay Scrubb,Jay,,,3:11,0.0,0.0,0.0,0.0,0.0,0.0,0.0,1.0,0.0,0.0,0.0,0.0,0.0,0.0,0.0,0.0,1.0,0.0,5.0
2022500027,1612709921,LIN,Long Island,1641761,Grant Nelson,Grant,,DND - Injury/Illness,,,,,,,,,,,,,,,,,,,,
2022500027,1612709921,LIN,Long Island,1642011,Terry Roberts,Terry,,DNP - Coach's Decision,,,,,,,,,,,,,,,,,,,,
2022500029,1612709911,IWA,Iowa,1628993,Alize Johnson,Alize,F,,28:06,4.0,9.0,0.444,0.0,1.0,0.0,0.0,0.0,0.0,0.0,13.0,13.0,8.0,1.0,0.0,2.0,1.0,8.0,21.0
2022500029,1612709911,IWA,Iowa,1642402,Enrique Freeman,Enrique,F,,27:20,10.0,13.0,0.769,2.0,2.0,1.0,2.0,2.0,1.0,2.0,2.0,4.0,0.0,0.0,1.0,1.0,0.0,26.0,33.0
2022500029,1612709911,IWA,Iowa,1642866,Joan Beringer,Joan,C,,24:40,5.0,12.0,0.417,0.0,0.0,0.0,1.0,1.0,1.0,3.0,1.0,4.0,1.0,0.0,4.0,1.0,0.0,12.0,23.0
2022500029,1612709911,IWA,Iowa,1631262,Jules Bernard,Jules,G,,37:24,11.0,21.0,0.524,2.0,7.0,0.286,3.0,3.0,1.0,0.0,10.0,10.0,7.0,4.0,0.0,5.0,1.0,27.0,33.0
2022500029,1612709911,IWA,Iowa,1641803,Tristen Newton,Tristen,G,,34:31,8.0,15.0,0.533,4.0,8.0,0.5,2.0,2.0,1.0,1.0,1.0,2.0,5.0,2.0,0.0,3.0,2.0,22.0,22.0
2022500029,1612709911,IWA,Iowa,1642911,Rocco Zikarsky,Rocco,,,19:22,2.0,5.0,0.4,1.0,1.0,1.0,3.0,3.0,1.0,4.0,7.0,11.0,1.0,0.0,2.0,2.0,1.0,11.0,6.0
2022500029,1612709911,IWA,Iowa,1629354,Donte Ingram,Donte,,,17:27,3.0,4.0,0.75,0.0,0.0,0.0,0.0,0.0,0.0,0.0,1.0,1.0,2.0,1.0,0.0,1.0,3.0,6.0,1.0
2022500029,1612709911,IWA,Iowa,1642957,Nate Santos,Nate,,,16:21,1.0,6.0,0.167,0.0,5.0,0.0,1.0,1.0,1.0,1.0,3.0,4.0,1.0,0.0,0.0,4.0,4.0,4.0,-4.0
2022500029,1612709911,IWA,Iowa,1643123,CJ Fulton,CJ,,,8:53,0.0,0.0,0.0,0.0,0.0,0.0,0.0,0.0,0.0,0.0,1.0,1.0,2.0,0.0,0.0,1.0,2.0,0.0,-4.0
2022500029,1612709911,IWA,Iowa,1643230,Caleb Stone-Carrawell,Caleb,,,11:23,2.0,2.0,1.0,1.0,1.0,1.0,0.0,0.0,0.0,0.0,1.0,1.0,0.0,0.0,0.0,0.0,2.0,5.0,8.0
2022500029,1612709911,IWA,Iowa,1642558,Martez Brown,Martez,,,10:05,3.0,3.0,1.0,0.0,0.0,0.0,0.0,0.0,0.0,0.0,1.0,1.0,0.0,0.0,0.0,0.0,0.0,6.0,-4.0
2022500029,1612709911,IWA,Iowa,1630705,Nojel Eastern,Nojel,,,4:28,2.0,2.0,1.0,1.0,1.0,1.0,0.0,0.0,0.0,0.0,2.0,2.0,0.0,0.0,0.0,1.0,2.0,5.0,5.0
2022500029,1612709911,IWA,Iowa,1630548,Johnny Juzang,Johnny,,DNP - Coach's Decision,,,,,,,,,,,,,,,,,,,,
2022500029,1612709911,IWA,Iowa,1642389,Zyon Pullin,Zyon,,DNP - Coach's Decision,,,,,,,,,,,,,,,,,,,,
2022500029,1612709919,WES,Westchester,1642359,Pacôme Dadiet,Pacôme,F,,30:05,3.0,13.0,0.231,0.0,6.0,0.0,3.0,3.0,1.0,1.0,5.0,6.0,2.0,2.0,1.0,2.0,1.0,12.0,-32.0
2022500029,1612709919,WES,Westchester,1631495,Donovan Williams,Donovan,F,,26:29,9.0,15.0,0.6,3.0,6.0,0.5,1.0,2.0,0.5,1.0,3.0,4.0,3.0,3.0,1.0,3.0,3.0,24.0,-27.0
2022500029,1612709919,WES,Westchester,1642496,Ibrahima Diallo,Ibrahima,C,,2:38,0.0,0.0,0.0,0.0,0.0,0.0,0.0,0.0,0.0,0.0,0.0,0.0,0.0,0.0,2.0,1.0,0.0,0.0,-9.0
2022500029,1612709919,WES,Westchester,1641825,Dink Pate,Dink,G,,34:52,8.0,18.0,0.444,3.0,9.0,0.333,3.0,4.0,0.75,3.0,4.0,7.0,3.0,3.0,1.0,1.0,1.0,25.0,-28.0
2022500029,1612709919,WES,Westchester,1641755,Kevin McCullar Jr.,Kevin,G,,34:44,4.0,16.0,0.25,2.0,10.0,0.2,0.0,1.0,0.0,3.0,4.0,7.0,2.0,1.0,0.0,2.0,5.0,10.0,-28.0
2022500029,1612709919,WES,Westchester,1629676,Isaiah Roby,Isaiah,,,16:40,1.0,9.0,0.111,0.0,4.0,0.0,0.0,0.0,0.0,1.0,0.0,1.0,0.0,3.0,0.0,2.0,4.0,2.0,-10.0
2022500029,1612709919,WES,Westchester,1641985,Bryson Warren,Bryson,,,20:59,5.0,10.0,0.5,3.0,8.0,0.375,1.0,1.0,1.0,1.0,1.0,2.0,1.0,1.0,0.0,0.0,1.0,14.0,-1.0
2022500029,1612709919,WES,Westchester,1643253,Toby Okani,Toby,,,18:42,2.0,6.0,0.333,0.0,2.0,0.0,0.0,0.0,0.0,2.0,1.0,3.0,0.0,0.0,1.0,1.0,3.0,4.0,8.0
2022500029,1612709919,WES,Westchester,1643100,Nick Jourdain,Nick,,,16:57,2.0,7.0,0.286,0.0,4.0,0.0,1.0,2.0,0.5,1.0,1.0,2.0,4.0,0.0,2.0,0.0,1.0,5.0,-2.0
2022500029,1612709919,WES,Westchester,1630750,Obadiah Noel,Obadiah,,,18:02,2.0,5.0,0.4,0.0,1.0,0.0,1.0,2.0,0.5,1.0,2.0,3.0,2.0,1.0,1.0,1.0,1.0,6.0,-1.0
2022500029,1612709919,WES,Westchester,1630839,Vinicius Da Silva,Vinicius,,,19:52,1.0,2.0,0.5,0.0,0.0,0.0,0.0,0.0,0.0,2.0,5.0,7.0,1.0,1.0,1.0,1.0,0.0,2.0,-10.0
2022500026,1612709904,SXF,Sioux Falls,1630528,Josh Christopher,Josh,F,,36:48,10.0,18.0,0.556,4.0,8.0,0.5,2.0,2.0,1.0,0.0,9.0,9.0,3.0,3.0,1.0,4.0,3.0,28.0,3.0
2022500026,1612709904,SXF,Sioux Falls,1643019,Gabe Madsen,Gabe,F,,35:33,2.0,6.0,0.333,2.0,5.0,0.4,1.0,1.0,1.0,2.0,5.0,7.0,2.0,0.0,1.0,0.0,3.0,8.0,-2.0
2022500026,1612709904,SXF,Sioux Falls,1643120,Dain Dainja,Dain,C,,27:23,11.0,15.0,0.733,0.0,0.0,0.0,1.0,1.0,1.0,0.0,8.0,8.0,0.0,0.0,1.0,1.0,0.0,24.0,11.0
2022500026,1612709904,SXF,Sioux Falls,1631211,Trevor Keels,Trevor,G,,34:10,5.0,14.0,0.357,1.0,5.0,0.2,1.0,1.0,1.0,1.0,10.0,11.0,2.0,0.0,0.0,2.0,3.0,13.0,9.0
2022500026,1612709904,SXF,Sioux Falls,1642443,Jahmir Young,Jahmir,G,,40:14,7.0,16.0,0.438,2.0,4.0,0.5,1.0,1.0,1.0,2.0,5.0,7.0,13.0,1.0,0.0,3.0,0.0,17.0,4.0
2022500026,1612709904,SXF,Sioux Falls,1643121,Steve Settle III,Steve,,,24:45,1.0,5.0,0.2,1.0,1.0,1.0,2.0,2.0,1.0,1.0,2.0,3.0,2.0,1.0,1.0,3.0,1.0,7.0,22.0
2022500026,1612709904,SXF,Sioux Falls,1643016,Bez Mbeng,Bez,,,15:11,2.0,2.0,1.0,1.0,1.0,1.0,0.0,0.0,0.0,0.0,1.0,1.0,1.0,1.0,1.0,0.0,0.0,5.0,14.0
2022500026,1612709904,SXF,Sioux Falls,1641788,Alex Fudge,Alex,,,20:37,6.0,10.0,0.6,0.0,1.0,0.0,0.0,0.0,0.0,2.0,1.0,3.0,1.0,1.0,0.0,0.0,0.0,12.0,2.0
2022500026,1612709904,SXF,Sioux Falls,1643064,Cam Carter,Cam,,,5:19,1.0,2.0,0.5,0.0,0.0,0.0,0.0,0.0,0.0,0.0,1.0,1.0,3.0,0.0,0.0,0.0,0.0,2.0,2.0
2022500026,1612709904,SXF,Sioux Falls,1643170,Josh Cohen,Josh,,DNP - Coach's Decision,,,,,,,,,,,,,,,,,,,,
2022500026,1612709904,SXF,Sioux Falls,1643045,Micah Parrish,Micah,,DNP - Coach's Decision,,,,,,,,,,,,,,,,,,,,
2022500026,1612709928,CCG,Capital City,1642955,Kadary Richmond,Kadary,F,,24:04,6.0,8.0,0.75,2.0,2.0,1.0,0.0,0.0,0.0,1.0,0.0,1.0,1.0,2.0,2.0,0.0,0.0,14.0,-7.0
2022500026,1612709928,CCG,Capital City,1641778,Leaky Black,Leaky,F,,32:17,3.0,8.0,0.375,3.0,6.0,0.5,1.0,1.0,1.0,3.0,4.0,7.0,4.0,0.0,0.0,2.0,3.0,11.0,-10.0
2022500026,1612709928,CCG,Capital City,1627746,Skal Labissiere,Skal,C,,29:34,6.0,15.0,0.4,2.0,7.0,0.286,1.0,1.0,1.0,5.0,8.0,13.0,0.0,0.0,5.0,0.0,1.0,15.0,-14.0
2022500026,1612709928,CCG,Capital City,1642358,AJ Johnson,AJ,G,,30:46,3.0,14.0,0.214,1.0,8.0,0.125,1.0,1.0,1.0,1.0,3.0,4.0,4.0,1.0,0.0,3.0,3.0,9.0,-2.0
2022500026,1612709928,CCG,Capital City,1630536,Sharife Cooper,Sharife,G,,35:44,9.0,16.0,0.563,2.0,4.0,0.5,3.0,4.0,0.75,1.0,5.0,6.0,4.0,0.0,0.0,4.0,3.0,23.0,-4.0
2022500026,1612709928,CCG,Capital City,1631305,Akoldah Gak,Akoldah,,,13:04,2.0,4.0,0.5,0.0,1.0,0.0,0.0,0.0,0.0,1.0,0.0,1.0,1.0,0.0,1.0,0.0,0.0,4.0,-9.0
2022500026,1612709928,CCG,Capital City,1643246,Chris Mantis,Chris,,,17:05,5.0,10.0,0.5,5.0,10.0,0.5,0.0,0.0,0.0,0.0,2.0,2.0,1.0,1.0,0.0,0.0,1.0,15.0,-6.0
2022500026,1612709928,CCG,Capital City,1642933,Keshon Gilbert,Keshon,,,25:37,2.0,10.0,0.2,0.0,5.0,0.0,0.0,0.0,0.0,1.0,1.0,2.0,5.0,1.0,1.0,1.0,1.0,4.0,-11.0
2022500026,1612709928,CCG,Capital City,1643368,Damari Monsanto,Damari,,,11:32,1.0,5.0,0.2,1.0,5.0,0.2,0.0,0.0,0.0,0.0,1.0,1.0,0.0,0.0,1.0,0.0,1.0,3.0,-4.0
2022500026,1612709928,CCG,Capital City,1643126,Nolan Hickman,Nolan,,,15:02,2.0,8.0,0.25,1.0,6.0,0.167,0.0,0.0,0.0,2.0,2.0,4.0,0.0,1.0,1.0,0.0,0.0,5.0,-8.0
2022500026,1612709928,CCG,Capital City,1642952,Jonathan Pierre,Jonathan,,,5:15,0.0,0.0,0.0,0.0,0.0,0.0,0.0,0.0,0.0,0.0,3.0,3.0,2.0,0.0,0.0,0.0,0.0,0.0,10.0
2022500026,1612709928,CCG,Capital City,1631214,Alondes Williams,Alondes,,DNP - Coach's Decision,,,,,,,,,,,,,,,,,,,,
2022500030,1612709931,MXC,Mexico City,1630547,James Bouknight,James,F,,37:53,9.0,19.0,0.474,4.0,11.0,0.364,0.0,1.0,0.0,1.0,4.0,5.0,9.0,2.0,0.0,4.0,2.0,22.0,-1.0
2022500030,1612709931,MXC,Mexico City,1643153,RJ Melendez,RJ,F,,21:52,7.0,14.0,0.5,2.0,4.0,0.5,0.0,0.0,0.0,3.0,2.0,5.0,1.0,1.0,2.0,1.0,4.0,16.0,13.0
2022500030,1612709931,MXC,Mexico City,1643009,Tomas Chapero,Tomas,C,,16:06,3.0,4.0,0.75,0.0,0.0,0.0,0.0,0.0,0.0,3.0,1.0,4.0,0.0,1.0,1.0,1.0,4.0,6.0,4.0
2022500030,1612709931,MXC,Mexico City,1642486,Boo Buie III,Boo,G,,29:18,4.0,13.0,0.308,2.0,7.0,0.286,2.0,2.0,1.0,1.0,1.0,2.0,2.0,3.0,0.0,1.0,1.0,12.0,-4.0
2022500030,1612709931,MXC,Mexico City,1629958,Ahmad Caver,Ahmad,G,,32:06,2.0,7.0,0.286,0.0,3.0,0.0,0.0,0.0,0.0,0.0,2.0,2.0,5.0,2.0,1.0,1.0,1.0,4.0,-14.0
2022500030,1612709931,MXC,Mexico City,1643158,Andersson Garcia,Andersson,,,20:35,4.0,6.0,0.667,0.0,0.0,0.0,1.0,1.0,1.0,1.0,3.0,4.0,0.0,2.0,0.0,2.0,1.0,10.0,-16.0
2022500030,1612709931,MXC,Mexico City,1642965,Wade Taylor IV,Wade,,,28:08,4.0,8.0,0.5,1.0,4.0,0.25,0.0,0.0,0.0,1.0,1.0,2.0,6.0,0.0,1.0,1.0,3.0,9.0,-6.0
2022500030,1612709931,MXC,Mexico City,1642527,Felipe Haase,Felipe,,,14:40,3.0,6.0,0.5,1.0,3.0,0.333,2.0,2.0,1.0,1.0,2.0,3.0,1.0,0.0,0.0,3.0,0.0,12.0,-11.0
2022500030,1612709931,MXC,Mexico City,1630835,LJ Figueroa,LJ,,,15:38,4.0,11.0,0.364,2.0,5.0,0.4,2.0,2.0,1.0,1.0,0.0,1.0,2.0,2.0,0.0,0.0,0.0,13.0,4.0
2022500030,1612709931,MXC,Mexico City,1642072,Isaih Moore,Isaih,,,23:44,4.0,5.0,0.8,0.0,0.0,0.0,0.0,0.0,0.0,3.0,6.0,9.0,2.0,0.0,1.0,1.0,2.0,8.0,-4.0
2022500030,1612709931,MXC,Mexico City,1643079,Reynan dos Santos,Reynan,,DNP - Coach's Decision,,,,,,,,,,,,,,,,,,,,
2022500030,1612709931,MXC,Mexico City,1643336,Esteban Ezequiel Roacho Amador,Esteban Ezequiel,,DNP - Coach's Decision,,,,,,,,,,,,,,,,,,,,
2022500030,1612709925,OSC,Osceola,1631311,Lester Quinones,Lester,F,,29:23,11.0,14.0,0.786,5.0,8.0,0.625,0.0,2.0,0.0,0.0,4.0,4.0,3.0,1.0,0.0,4.0,6.0,27.0,7.0
2022500030,1612709925,OSC,Osceola,1631457,Alex Morales,Alex,F,,39:29,4.0,6.0,0.667,2.0,3.0,0.667,2.0,2.0,1.0,2.0,9.0,11.0,5.0,2.0,1.0,2.0,3.0,14.0,2.0
2022500030,1612709925,OSC,Osceola,1642475,William Baker,William,C,,26:11,3.0,5.0,0.6,0.0,1.0,0.0,2.0,2.0,1.0,2.0,6.0,8.0,5.0,0.0,1.0,3.0,2.0,9.0,-14.0
2022500030,1612709925,OSC,Osceola,1641736,Reece Beekman,Reece,G,,30:55,4.0,9.0,0.444,2.0,3.0,0.667,0.0,0.0,0.0,3.0,4.0,7.0,10.0,3.0,0.0,2.0,1.0,10.0,7.0
2022500030,1612709925,OSC,Osceola,1630622,Jalen Crutcher,Jalen,G,,30:41,7.0,12.0,0.583,6.0,11.0,0.545,0.0,0.0,0.0,0.0,1.0,1.0,2.0,1.0,0.0,4.0,0.0,20.0,-1.0
2022500030,1612709925,OSC,Osceola,1641785,Johnell Davis,Johnell,,,19:51,1.0,7.0,0.143,0.0,2.0,0.0,1.0,1.0,1.0,4.0,1.0,5.0,0.0,0.0,0.0,1.0,1.0,4.0,2.0
2022500030,1612709925,OSC,Osceola,1630762,Phillip Wheeler,Phillip,,,30:49,10.0,15.0,0.667,4.0,6.0,0.667,2.0,3.0,0.667,1.0,3.0,4.0,1.0,1.0,1.0,5.0,2.0,27.0,18.0
2022500030,1612709925,OSC,Osceola,1630606,Javonte Smart,Javonte,,,24:05,2.0,11.0,0.182,1.0,4.0,0.25,1.0,1.0,1.0,1.0,1.0,2.0,5.0,0.0,0.0,1.0,0.0,6.0,13.0
2022500030,1612709925,OSC,Osceola,1643131,Ace Baldwin,Ace,,,8:36,0.0,0.0,0.0,0.0,0.0,0.0,2.0,3.0,0.667,0.0,1.0,1.0,3.0,0.0,2.0,2.0,0.0,2.0,1.0
2022500030,1612709925,OSC,Osceola,1630658,Colin Castleton,Colin,,DND - Injury/Illness,,,,,,,,,,,,,,,,,,,,
2022500030,1612709925,OSC,Osceola,1631303,Justin Minaya,Justin,,DNP - Coach's Decision,,,,,,,,,,,,,,,,,,,,
2022500021,1612709910,NOB,Noblesville,1631421,Au'Diese Toney,Au'Diese,F,,39:18,4.0,13.0,0.308,2.0,6.0,0.333,3.0,3.0,1.0,2.0,1.0,3.0,2.0,3.0,0.0,0.0,2.0,16.0,-4.0
2022500021,1612709910,NOB,Noblesville,1641771,Jalen Slawson,Jalen,F,,30:09,5.0,15.0,0.333,3.0,8.0,0.375,0.0,0.0,0.0,1.0,4.0,5.0,4.0,2.0,1.0,2.0,3.0,13.0,-17.0
2022500021,1612709910,NOB,Noblesville,1643093,Samson Johnson,Samson,C,,19:50,2.0,5.0,0.4,0.0,0.0,0.0,0.0,0.0,0.0,2.0,1.0,3.0,1.0,1.0,1.0,0.0,2.0,4.0,-2.0
2022500021,1612709910,NOB,Noblesville,1629657,Kyle Guy,Kyle,G,,42:40,7.0,22.0,0.318,2.0,13.0,0.154,0.0,0.0,0.0,0.0,4.0,4.0,4.0,3.0,0.0,3.0,1.0,16.0,-7.0
2022500021,1612709910,NOB,Noblesville,1643094,Steven Ashworth,Steven,G,,34:41,4.0,10.0,0.4,1.0,5.0,0.2,1.0,1.0,1.0,0.0,6.0,6.0,6.0,1.0,0.0,3.0,2.0,11.0,-2.0
2022500021,1612709910,NOB,Noblesville,1642440,Gabe McGlothan,Gabe,,,35:50,10.0,18.0,0.556,2.0,7.0,0.286,2.0,2.0,1.0,4.0,5.0,9.0,4.0,3.0,0.0,3.0,2.0,25.0,1.0
2022500021,1612709910,NOB,Noblesville,1643160,Cameron Hildreth,Cameron,,,26:48,5.0,8.0,0.625,1.0,1.0,1.0,0.0,0.0,0.0,0.0,2.0,2.0,2.0,3.0,0.0,2.0,1.0,11.0,-5.0
2022500021,1612709910,NOB,Noblesville,1643161,M.J. Iraldi,M.J.,,,10:45,2.0,4.0,0.5,0.0,2.0,0.0,0.0,0.0,0.0,1.0,3.0,4.0,1.0,0.0,0.0,0.0,0.0,4.0,-4.0
2022500021,1612709910,NOB,Noblesville,1643048,Ethan Taylor,Ethan,,DNP - Coach's Decision,,,,,,,,,,,,,,,,,,,,
2022500021,1612709902,SCW,Santa Cruz,1642502,Malevy Leons,Malevy,F,,34:22,7.0,11.0,0.636,2.0,3.0,0.667,3.0,4.0,0.75,2.0,4.0,6.0,3.0,2.0,1.0,1.0,2.0,20.0,11.0
2022500021,1612709902,SCW,Santa Cruz,1643147,Jack Clark,Jack,F,,30:49,2.0,8.0,0.25,2.0,7.0,0.286,1.0,1.0,1.0,0.0,5.0,5.0,2.0,1.0,1.0,4.0,2.0,8.0,6.0
2022500021,1612709902,SCW,Santa Cruz,1629716,Marques Bolden,Marques,C,,28:26,5.0,12.0,0.417,1.0,3.0,0.333,0.0,0.0,0.0,3.0,9.0,12.0,2.0,1.0,3.0,2.0,1.0,11.0,7.0
2022500021,1612709902,SCW,Santa Cruz,1641795,Taevion Kinsey,Taevion,G,,30:17,4.0,9.0,0.444,2.0,3.0,0.667,2.0,3.0,0.667,1.0,3.0,4.0,6.0,0.0,1.0,4.0,2.0,13.0,5.0
2022500021,1612709902,SCW,Santa Cruz,1643018,LJ Cryer,LJ,G,,8:41,3.0,6.0,0.5,3.0,4.0,0.75,0.0,0.0,0.0,0.0,1.0,1.0,2.0,0.0,0.0,1.0,0.0,9.0,10.0
2022500021,1612709902,SCW,Santa Cruz,1642943,Chance McMillian,Chance,,,32:48,5.0,11.0,0.455,2.0,7.0,0.286,1.0,1.0,1.0,2.0,7.0,9.0,4.0,1.0,0.0,5.0,1.0,13.0,1.0
2022500021,1612709902,SCW,Santa Cruz,1643187,Trey Galloway,Trey,,,16:33,5.0,8.0,0.625,2.0,3.0,0.667,1.0,1.0,1.0,1.0,2.0,3.0,2.0,2.0,0.0,2.0,1.0,14.0,8.0
2022500021,1612709902,SCW,Santa Cruz,1643025,Ja'Vier Francis,Ja'Vier,,,15:18,5.0,8.0,0.625,0.0,0.0,0.0,0.0,0.0,0.0,5.0,3.0,8.0,0.0,0.0,1.0,2.0,1.0,10.0,1.0
2022500021,1612709902,SCW,Santa Cruz,1642946,Jacksen Moni,Jacksen,,,15:27,0.0,3.0,0.0,0.0,2.0,0.0,0.0,0.0,0.0,0.0,3.0,3.0,0.0,0.0,0.0,0.0,1.0,0.0,-6.0
2022500021,1612709902,SCW,Santa Cruz,1641892,Desmond Cambridge,Desmond,,,20:53,3.0,8.0,0.375,2.0,6.0,0.333,0.0,0.0,0.0,1.0,2.0,3.0,1.0,0.0,0.0,5.0,2.0,8.0,-5.0
2022500021,1612709902,SCW,Santa Cruz,1643175,Riley Grigsby,Riley,,,6:28,1.0,1.0,1.0,0.0,0.0,0.0,0.0,0.0,0.0,0.0,0.0,0.0,1.0,0.0,0.0,0.0,1.0,2.0,2.0
2022500021,1612709902,SCW,Santa Cruz,1643182,"Franco Miller, Jr.",Franco,,DNP - Coach's Decision,,,,,,,,,,,,,,,,,,,,
2022500021,1612709902,SCW,Santa Cruz,1630311,Pat Spencer,Pat,,DNP - Coach's Decision,,,,,,,,,,,,,,,,,,,,
2022500020,1612709914,STO,Stockton,1631342,Daeqwon Plowden,Daeqwon,F,,43:13,8.0,20.0,0.4,3.0,12.0,0.25,2.0,3.0,0.667,0.0,8.0,8.0,3.0,0.0,1.0,2.0,1.0,22.0,-2.0
2022500020,1612709914,STO,Stockton,1629610,DaQuan Jeffries,DaQuan,F,,8:42,5.0,6.0,0.833,3.0,4.0,0.75,0.0,0.0,0.0,1.0,1.0,2.0,0.0,1.0,1.0,0.0,3.0,13.0,4.0
2022500020,1612709914,STO,Stockton,1642444,Jaylin Williams,Jaylin,C,,33:12,3.0,9.0,0.333,0.0,3.0,0.0,1.0,1.0,1.0,3.0,4.0,7.0,4.0,1.0,2.0,0.0,5.0,8.0,-6.0
2022500020,1612709914,STO,Stockton,1641926,Dexter Dennis,Dexter,G,,42:41,10.0,20.0,0.5,5.0,12.0,0.417,1.0,1.0,1.0,2.0,1.0,3.0,2.0,3.0,0.0,3.0,2.0,26.0,-5.0
2022500020,1612709914,STO,Stockton,1641815,Isaiah Stevens,Isaiah,G,,33:53,4.0,13.0,0.308,0.0,4.0,0.0,3.0,3.0,1.0,2.0,3.0,5.0,7.0,0.0,1.0,3.0,2.0,12.0,-2.0
2022500020,1612709914,STO,Stockton,1642269,Devin Carter,Devin,,,31:08,7.0,16.0,0.438,3.0,8.0,0.375,3.0,4.0,0.75,4.0,4.0,8.0,3.0,2.0,2.0,0.0,3.0,22.0,-7.0
2022500020,1612709914,STO,Stockton,1629792,Gabe Levin,Gabe,,,22:16,2.0,2.0,1.0,0.0,0.0,0.0,2.0,2.0,1.0,3.0,4.0,7.0,5.0,1.0,1.0,2.0,2.0,8.0,-3.0
2022500020,1612709914,STO,Stockton,1631399,Jon Elmore,Jon,,,15:24,5.0,7.0,0.714,2.0,2.0,1.0,0.0,0.0,0.0,0.0,5.0,5.0,2.0,0.0,1.0,1.0,1.0,12.0,2.0
2022500020,1612709914,STO,Stockton,1643112,Mitchell Mascari,Mitchell,,,9:31,0.0,3.0,0.0,0.0,2.0,0.0,0.0,0.0,0.0,0.0,0.0,0.0,0.0,0.0,0.0,0.0,1.0,0.0,-1.0
2022500020,1612709914,STO,Stockton,1643138,Daniel Batcho,Daniel,,DNP - Coach's Decision,,,,,,,,,,,,,,,,,,,,
2022500020,1612709914,STO,Stockton,1642928,Dylan Cardwell,Dylan,,DNP - Coach's Decision,,,,,,,,,,,,,,,,,,,,
2022500020,1612709914,STO,Stockton,1641784,Antoine Davis,Antoine,,DNP - Coach's Decision,,,,,,,,,,,,,,,,,,,,
2022500020,1612709914,STO,Stockton,1642428,KJ Jones II,KJ,,DNP - Coach's Decision,,,,,,,,,,,,,,,,,,,,
2022500020,1612709914,STO,Stockton,1642392,Jameer Nelson Jr.,Jameer,,DNP - Coach's Decision,,,,,,,,,,,,,,,,,,,,
2022500020,1612709903,SLC,Salt Lake City,1642910,John Tonje,John,F,,27:33,4.0,13.0,0.308,3.0,10.0,0.3,1.0,1.0,1.0,0.0,4.0,4.0,0.0,0.0,0.0,2.0,0.0,13.0,3.0
2022500020,1612709903,SLC,Salt Lake City,1628964,Mo Bamba,Mo,F,,32:23,7.0,11.0,0.636,0.0,0.0,0.0,3.0,3.0,1.0,6.0,12.0,18.0,1.0,0.0,1.0,1.0,3.0,17.0,-3.0
2022500020,1612709903,SLC,Salt Lake City,1631131,Oscar Tshiebwe,Oscar,C,,25:01,5.0,9.0,0.556,0.0,0.0,0.0,0.0,0.0,0.0,7.0,8.0,15.0,2.0,1.0,0.0,2.0,1.0,10.0,-4.0
2022500020,1612709903,SLC,Salt Lake City,1630546,Max Abmas,Max,G,,19:19,5.0,9.0,0.556,1.0,4.0,0.25,0.0,0.0,0.0,0.0,1.0,1.0,3.0,0.0,0.0,1.0,2.0,11.0,-14.0
2022500020,1612709903,SLC,Salt Lake City,1641989,Elijah Harkless,Elijah,G,,32:18,7.0,21.0,0.333,0.0,8.0,0.0,7.0,7.0,1.0,2.0,3.0,5.0,4.0,1.0,0.0,0.0,3.0,27.0,4.0
2022500020,1612709903,SLC,Salt Lake City,1641802,Matthew Murrell,Matthew,,,29:42,3.0,8.0,0.375,1.0,5.0,0.2,1.0,1.0,1.0,0.0,1.0,1.0,0.0,0.0,1.0,2.0,1.0,8.0,10.0
2022500020,1612709903,SLC,Salt Lake City,1630787,Cameron McGriff,Cameron,,,27:59,6.0,9.0,0.667,5.0,8.0,0.625,1.0,1.0,1.0,0.0,3.0,3.0,1.0,1.0,0.0,0.0,4.0,18.0,14.0
2022500020,1612709903,SLC,Salt Lake City,1642640,Justin Harmon,Justin,,,13:45,1.0,2.0,0.5,0.0,0.0,0.0,0.0,0.0,0.0,1.0,1.0,2.0,1.0,0.0,0.0,0.0,2.0,2.0,2.0
2022500020,1612709903,SLC,Salt Lake City,1642398,Sean East II,Sean,,,28:36,10.0,20.0,0.5,0.0,4.0,0.0,1.0,1.0,1.0,3.0,0.0,3.0,9.0,3.0,0.0,4.0,3.0,21.0,6.0
2022500020,1612709903,SLC,Salt Lake City,1643264,Hank Morgan,Hank,,,3:24,0.0,0.0,0.0,0.0,0.0,0.0,0.0,0.0,0.0,0.0,1.0,1.0,0.0,0.0,0.0,0.0,1.0,0.0,2.0
2022500020,1612709903,SLC,Salt Lake City,1630817,Pedro Bradshaw,Pedro,,DNP - Coach's Decision,,,,,,,,,,,,,,,,,,,,
2022500020,1612709903,SLC,Salt Lake City,1643080,Steven Crowl,Steven,,DNP - Coach's Decision,,,,,,,,,,,,,,,,,,,,
2022500020,1612709903,SLC,Salt Lake City,1643321,Max Klesmit,Max,,DNP - Coach's Decision,,,,,,,,,,,,,,,,,,,,
2022500023,1612709934,VAL,Valley,1630721,Marcus Burk,Marcus,F,,30:37,4.0,5.0,0.8,3.0,4.0,0.75,2.0,2.0,1.0,1.0,3.0,4.0,1.0,0.0,0.0,2.0,6.0,16.0,-7.0
2022500023,1612709934,VAL,Valley,1641878,Damion Baugh,Damion,F,,36:42,7.0,20.0,0.35,2.0,4.0,0.5,3.0,4.0,0.75,3.0,7.0,10.0,9.0,2.0,0.0,5.0,3.0,19.0,4.0
2022500023,1612709934,VAL,Valley,1643047,CJ Huntley,CJ,C,,30:01,3.0,7.0,0.429,2.0,2.0,1.0,0.0,1.0,0.0,2.0,2.0,4.0,2.0,2.0,1.0,1.0,3.0,8.0,-18.0
2022500023,1612709934,VAL,Valley,1630605,JaQuori McLaughlin,JaQuori,G,,33:29,9.0,16.0,0.563,6.0,11.0,0.545,3.0,3.0,1.0,0.0,1.0,1.0,4.0,1.0,1.0,2.0,4.0,27.0,0.0
2022500023,1612709934,VAL,Valley,1631455,Jaden Shackelford,Jaden,G,,36:52,7.0,19.0,0.368,5.0,10.0,0.5,2.0,3.0,0.667,0.0,3.0,3.0,1.0,1.0,0.0,2.0,1.0,22.0,-4.0
2022500023,1612709934,VAL,Valley,1642487,Tyrese Samuel,Tyrese,,,17:59,2.0,3.0,0.667,0.0,0.0,0.0,0.0,0.0,0.0,3.0,2.0,5.0,1.0,0.0,0.0,0.0,0.0,4.0,14.0
2022500023,1612709934,VAL,Valley,1642607,Alex Schumacher,Alex,,,27:46,6.0,11.0,0.545,1.0,5.0,0.2,2.0,2.0,1.0,0.0,3.0,3.0,7.0,1.0,0.0,2.0,4.0,16.0,1.0
2022500023,1612709934,VAL,Valley,1630253,Sean McDermott,Sean,,,24:05,3.0,4.0,0.75,3.0,4.0,0.75,0.0,0.0,0.0,0.0,1.0,1.0,0.0,1.0,0.0,1.0,2.0,9.0,-12.0
2022500023,1612709934,VAL,Valley,1629993,Kaleb Johnson,Kaleb,,,2:29,0.0,0.0,0.0,0.0,0.0,0.0,0.0,0.0,0.0,0.0,2.0,2.0,1.0,0.0,0.0,0.0,0.0,0.0,2.0
2022500023,1612709934,VAL,Valley,1643169,Nathan Mariano,Nathan,,DNP - Coach's Decision,,,,,,,,,,,,,,,,,,,,
2022500023,1612709913,BHM,Birmingham,1641725,Trey Alexander,Trey,F,,37:33,6.0,16.0,0.375,2.0,5.0,0.4,3.0,6.0,0.5,0.0,6.0,6.0,6.0,2.0,1.0,4.0,1.0,19.0,-5.0
2022500023,1612709913,BHM,Birmingham,1642490,Josh Oduro,Josh,F,,29:40,9.0,11.0,0.818,1.0,1.0,1.0,1.0,1.0,1.0,3.0,7.0,10.0,3.0,2.0,1.0,2.0,2.0,20.0,-8.0
2022500023,1612709913,BHM,Birmingham,1630621,Hunter Dickinson,Hunter,C,,24:10,4.0,12.0,0.333,1.0,3.0,0.333,0.0,0.0,0.0,6.0,5.0,11.0,6.0,0.0,1.0,3.0,2.0,9.0,-11.0
2022500023,1612709913,BHM,Birmingham,1643104,Christian Shumate,Christian,G,,15:20,3.0,5.0,0.6,0.0,1.0,0.0,0.0,1.0,0.0,1.0,2.0,3.0,2.0,0.0,0.0,1.0,2.0,6.0,-18.0
2022500023,1612709913,BHM,Birmingham,1630531,Jaden Springer,Jaden,G,,22:58,5.0,10.0,0.5,1.0,5.0,0.2,5.0,5.0,1.0,1.0,1.0,2.0,4.0,0.0,0.0,1.0,5.0,17.0,-9.0
2022500023,1612709913,BHM,Birmingham,1631232,Keion Brooks Jr.,Keion,,,27:45,9.0,15.0,0.6,2.0,4.0,0.5,1.0,1.0,1.0,2.0,7.0,9.0,4.0,0.0,0.0,1.0,1.0,22.0,23.0
2022500023,1612709913,BHM,Birmingham,1643159,Johnny O'Neil,Johnny,,,19:17,4.0,6.0,0.667,4.0,6.0,0.667,0.0,0.0,0.0,0.0,4.0,4.0,1.0,0.0,2.0,1.0,3.0,12.0,15.0
2022500023,1612709913,BHM,Birmingham,1631365,Garrison Brooks,Garrison,,,15:47,1.0,2.0,0.5,0.0,0.0,0.0,0.0,0.0,0.0,2.0,0.0,2.0,5.0,1.0,0.0,1.0,1.0,2.0,9.0
2022500023,1612709913,BHM,Birmingham,1630342,Trhae Mitchell,Trhae,,,19:58,2.0,2.0,1.0,2.0,2.0,1.0,0.0,0.0,0.0,0.0,1.0,1.0,1.0,1.0,0.0,1.0,2.0,6.0,6.0
2022500023,1612709913,BHM,Birmingham,1630618,D.J. Carton,D.J.,,,27:32,4.0,7.0,0.571,1.0,4.0,0.25,3.0,6.0,0.5,0.0,3.0,3.0,4.0,1.0,0.0,2.0,4.0,12.0,18.0
2022500023,1612709913,BHM,Birmingham,1642936,Chase Hunter,Chase,,DNP - Coach's Decision,,,,,,,,,,,,,,,,,,,,
2022500019,1612709922,GBO,Greensboro,1641809,Drew Peterson,Drew,F,,32:18,3.0,12.0,0.25,0.0,5.0,0.0,4.0,4.0,1.0,1.0,6.0,7.0,3.0,1.0,0.0,2.0,2.0,11.0,-17.0
2022500019,1612709922,GBO,Greensboro,1642862,Liam McNeeley,Liam,F,,32:27,6.0,10.0,0.6,2.0,4.0,0.5,5.0,7.0,0.714,2.0,3.0,5.0,2.0,0.0,2.0,2.0,2.0,22.0,4.0
2022500019,1612709922,GBO,Greensboro,1641790,PJ Hall,PJ,C,,32:02,5.0,6.0,0.833,0.0,1.0,0.0,1.0,1.0,1.0,7.0,9.0,16.0,5.0,0.0,1.0,2.0,4.0,12.0,12.0
2022500019,1612709922,GBO,Greensboro,1641810,Antonio Reeves,Antonio,G,,29:25,8.0,18.0,0.444,3.0,9.0,0.333,1.0,2.0,0.5,3.0,2.0,5.0,1.0,0.0,0.0,0.0,3.0,20.0,6.0
2022500019,1612709922,GBO,Greensboro,1631474,Terrell Brown Jr.,Terrell,G,,35:44,7.0,12.0,0.583,3.0,4.0,0.75,4.0,5.0,0.8,1.0,2.0,3.0,11.0,3.0,2.0,1.0,1.0,22.0,28.0
2022500019,1612709922,GBO,Greensboro,1631301,Jaylen Sims,Jaylen,,,20:06,4.0,9.0,0.444,1.0,3.0,0.333,2.0,2.0,1.0,0.0,4.0,4.0,2.0,0.0,0.0,1.0,0.0,13.0,8.0
2022500019,1612709922,GBO,Greensboro,1641749,Keyontae Johnson,Keyontae,,,17:52,5.0,10.0,0.5,1.0,2.0,0.5,0.0,1.0,0.0,1.0,0.0,1.0,3.0,1.0,0.0,1.0,1.0,11.0,-1.0
2022500019,1612709922,GBO,Greensboro,1630641,Ibou Badji,Ibou,,,11:58,1.0,1.0,1.0,0.0,0.0,0.0,1.0,1.0,1.0,1.0,1.0,2.0,0.0,0.0,0.0,1.0,1.0,4.0,6.0
2022500019,1612709922,GBO,Greensboro,1642485,DJ Rodman,DJ,,,16:49,3.0,4.0,0.75,2.0,3.0,0.667,1.0,1.0,1.0,0.0,1.0,1.0,0.0,0.0,0.0,0.0,0.0,9.0,5.0
2022500019,1612709922,GBO,Greensboro,1642915,Eric Dixon,Eric,,,11:19,1.0,4.0,0.25,1.0,2.0,0.5,0.0,0.0,0.0,0.0,3.0,3.0,0.0,0.0,0.0,0.0,2.0,3.0,-1.0
2022500019,1612709922,GBO,Greensboro,1643251,Josiah Allick,Josiah,,DNP - Coach's Decision,,,,,,,,,,,,,,,,,,,,
2022500019,1612709922,GBO,Greensboro,1630585,Marcus Garrett,Marcus,,DND - Injury/Illness,,,,,,,,,,,,,,,,,,,,
2022500019,1612709922,GBO,Greensboro,1641994,Brandon Slater,Brandon,,DNP - Coach's Decision,,,,,,,,,,,,,,,,,,,,
2022500019,1612709924,SDC,San Diego,1641917,Taylor Funk,Taylor,F,,21:46,1.0,9.0,0.111,0.0,5.0,0.0,0.0,0.0,0.0,0.0,2.0,2.0,3.0,0.0,0.0,0.0,3.0,2.0,-9.0
2022500019,1612709924,SDC,San Diego,1631116,Patrick Baldwin Jr.,Patrick,F,,40:06,11.0,17.0,0.647,3.0,6.0,0.5,2.0,4.0,0.5,4.0,5.0,9.0,4.0,0.0,0.0,2.0,3.0,28.0,-8.0
2022500019,1612709924,SDC,San Diego,1643221,Derek Ogbeide,Derek,C,,25:07,7.0,11.0,0.636,0.0,0.0,0.0,0.0,2.0,0.0,2.0,5.0,7.0,0.0,1.0,0.0,0.0,3.0,14.0,-26.0
2022500019,1612709924,SDC,San Diego,1643222,Matt Allocco,Matt,G,,24:31,0.0,1.0,0.0,0.0,1.0,0.0,0.0,0.0,0.0,0.0,1.0,1.0,2.0,1.0,0.0,1.0,2.0,0.0,-15.0
2022500019,1612709924,SDC,San Diego,1631102,TyTy Washington Jr.,TyTy,G,,40:20,14.0,18.0,0.778,5.0,8.0,0.625,2.0,2.0,1.0,3.0,7.0,10.0,7.0,2.0,0.0,1.0,3.0,36.0,9.0
2022500019,1612709924,SDC,San Diego,1643021,Zach Freemantle,Zach,,,22:53,2.0,6.0,0.333,0.0,2.0,0.0,0.0,0.0,0.0,0.0,2.0,2.0,1.0,0.0,1.0,0.0,4.0,4.0,16.0
2022500019,1612709924,SDC,San Diego,1642409,Jaelen House,Jaelen,,,14:11,2.0,9.0,0.222,0.0,2.0,0.0,1.0,1.0,1.0,0.0,1.0,1.0,3.0,1.0,0.0,2.0,2.0,6.0,-26.0
2022500019,1612709924,SDC,San Diego,1642967,John Poulakidas,John,,,25:15,5.0,9.0,0.556,3.0,6.0,0.5,0.0,0.0,0.0,0.0,1.0,1.0,2.0,0.0,0.0,0.0,3.0,13.0,-2.0
2022500019,1612709924,SDC,San Diego,1643141,Jahmyl Telfort,Jahmyl,,,25:51,6.0,11.0,0.545,2.0,7.0,0.286,0.0,0.0,0.0,1.0,6.0,7.0,5.0,1.0,0.0,4.0,2.0,14.0,11.0
2022500019,1612709924,SDC,San Diego,1642484,RayJ Dennis,RayJ,,DNP - Coach's Decision,,,,,,,,,,,,,,,,,,,,
2022500019,1612709924,SDC,San Diego,1641757,Jordan Miller,Jordan,,DNP - Coach's Decision,,,,,,,,,,,,,,,,,,,,
2022500019,1612709924,SDC,San Diego,1630554,Jason Preston,Jason,,DNP - Coach's Decision,,,,,,,,,,,,,,,,,,,,
2022500019,1612709924,SDC,San Diego,1642920,Kobe Sanders,Kobe,,DNP - Coach's Decision,,,,,,,,,,,,,,,,,,,,
2022500024,1612709909,DEL,Delaware,1630699,MarJon Beauchamp,MarJon,F,,42:49,8.0,18.0,0.444,1.0,7.0,0.143,4.0,4.0,1.0,2.0,5.0,7.0,3.0,0.0,0.0,1.0,3.0,23.0,12.0
2022500024,1612709909,DEL,Delaware,1643327,DeAndre Williams,DeAndre,F,,21:56,9.0,11.0,0.818,0.0,0.0,0.0,0.0,1.0,0.0,2.0,4.0,6.0,0.0,1.0,1.0,0.0,2.0,18.0,3.0
2022500024,1612709909,DEL,Delaware,1641780,Johni Broome,Johni,C,,41:18,12.0,27.0,0.444,1.0,8.0,0.125,4.0,5.0,0.8,3.0,11.0,14.0,4.0,1.0,3.0,0.0,2.0,32.0,15.0
2022500024,1612709909,DEL,Delaware,1630792,Malcolm Hill,Malcolm,G,,30:32,4.0,11.0,0.364,3.0,8.0,0.375,2.0,2.0,1.0,1.0,1.0,2.0,3.0,1.0,0.0,1.0,6.0,15.0,9.0
2022500024,1612709909,DEL,Delaware,1631113,Kennedy Chandler,Kennedy,G,,37:11,6.0,12.0,0.5,0.0,3.0,0.0,4.0,5.0,0.8,1.0,4.0,5.0,12.0,5.0,2.0,3.0,2.0,17.0,10.0
2022500024,1612709909,DEL,Delaware,1642282,Hunter Sallis,Hunter,,,21:19,4.0,8.0,0.5,1.0,3.0,0.333,0.0,0.0,0.0,0.0,1.0,1.0,1.0,1.0,1.0,2.0,1.0,9.0,-9.0
2022500024,1612709909,DEL,Delaware,1631198,Aminu Mohammed,Aminu,,,3:52,0.0,0.0,0.0,0.0,0.0,0.0,0.0,0.0,0.0,0.0,0.0,0.0,2.0,0.0,0.0,1.0,0.0,0.0,-1.0
2022500024,1612709909,DEL,Delaware,1642945,"Igor Miličić, Jr.",Igor,,,10:57,2.0,6.0,0.333,0.0,3.0,0.0,0.0,0.0,0.0,1.0,3.0,4.0,0.0,0.0,0.0,0.0,0.0,4.0,-1.0
2022500024,1612709909,DEL,Delaware,1643148,Saint Thomas,Saint,,,15:08,0.0,1.0,0.0,0.0,0.0,0.0,0.0,0.0,0.0,0.0,2.0,2.0,2.0,0.0,1.0,1.0,0.0,0.0,-9.0
2022500024,1612709909,DEL,Delaware,1642583,Drew Cisse,Drew,,,14:58,1.0,3.0,0.333,0.0,0.0,0.0,0.0,0.0,0.0,2.0,4.0,6.0,0.0,0.0,2.0,0.0,2.0,2.0,11.0
2022500024,1612709909,DEL,Delaware,1630542,Marcus Bagley,Marcus,,DND - Injury/Illness,,,,,,,,,,,,,,,,,,,,
2022500024,1612709909,DEL,Delaware,1629646,Charles Bassey,Charles,,DNP - Coach's Decision,,,,,,,,,,,,,,,,,,,,
2022500024,1612709909,DEL,Delaware,1641798,Jaylen Martin,Jaylen,,DNP - Coach's Decision,,,,,,,,,,,,,,,,,,,,
2022500024,1612709918,TEX,Texas,1629015,Zhaire Smith,Zhaire,F,,26:29,7.0,10.0,0.7,2.0,2.0,1.0,2.0,2.0,1.0,2.0,1.0,3.0,0.0,1.0,0.0,1.0,1.0,20.0,-14.0
2022500024,1612709918,TEX,Texas,1630526,Jeremiah Robinson-Earl,Jeremiah,F,,33:08,7.0,14.0,0.5,3.0,5.0,0.6,1.0,1.0,1.0,5.0,16.0,21.0,3.0,0.0,0.0,1.0,1.0,19.0,-15.0
2022500024,1612709918,TEX,Texas,1642481,Jamarion Sharp,Jamarion,C,,33:38,2.0,6.0,0.333,0.0,0.0,0.0,0.0,2.0,0.0,2.0,3.0,5.0,1.0,0.0,8.0,0.0,3.0,4.0,12.0
2022500024,1612709918,TEX,Texas,1642939,Miles Kelly,Miles,G,,37:21,7.0,16.0,0.438,5.0,11.0,0.455,3.0,4.0,0.75,0.0,3.0,3.0,2.0,2.0,0.0,6.0,4.0,25.0,-2.0
2022500024,1612709918,TEX,Texas,1630625,Dalano Banton,Dalano,G,,27:42,5.0,12.0,0.417,2.0,3.0,0.667,2.0,3.0,0.667,0.0,4.0,4.0,3.0,0.0,1.0,4.0,2.0,15.0,-11.0
2022500024,1612709918,TEX,Texas,1643128,Matt Cross,Matt,,,10:04,0.0,2.0,0.0,0.0,1.0,0.0,0.0,0.0,0.0,1.0,0.0,1.0,1.0,0.0,1.0,0.0,5.0,0.0,-12.0
2022500024,1612709918,TEX,Texas,1641793,D'Moi Hodge,D'Moi,,,16:38,2.0,6.0,0.333,1.0,4.0,0.25,0.0,0.0,0.0,1.0,3.0,4.0,1.0,0.0,0.0,0.0,0.0,5.0,-4.0
2022500024,1612709918,TEX,Texas,1643234,Sheldon Edwards,Sheldon,,,27:29,4.0,15.0,0.267,2.0,12.0,0.167,0.0,0.0,0.0,0.0,4.0,4.0,2.0,0.0,0.0,2.0,0.0,10.0,7.0
2022500024,1612709918,TEX,Texas,1642888,Matthew Cleveland,Matthew,,,7:13,1.0,2.0,0.5,0.0,0.0,0.0,0.0,0.0,0.0,0.0,0.0,0.0,1.0,1.0,0.0,0.0,0.0,2.0,-4.0
2022500024,1612709918,TEX,Texas,1642378,Mark Armstrong,Mark,,,20:18,6.0,10.0,0.6,0.0,1.0,0.0,0.0,0.0,0.0,0.0,2.0,2.0,5.0,1.0,0.0,2.0,4.0,12.0,3.0
2022500024,1612709918,TEX,Texas,1641734,Emoni Bates,Emoni,,DNP - Coach's Decision,,,,,,,,,,,,,,,,,,,,
2022500024,1612709918,TEX,Texas,1630619,Moussa Cisse,Moussa,,DNP - Coach's Decision,,,,,,,,,,,,,,,,,,,,
2022500024,1612709918,TEX,Texas,1642948,Ryan Nembhard,Ryan,,DNP - Coach's Decision,,,,,,,,,,,,,,,,,,,,
2022500011,1612709919,WES,Westchester,1641825,Dink Pate,Dink,F,,28:56,2.0,7.0,0.286,2.0,6.0,0.333,0.0,0.0,0.0,0.0,4.0,4.0,4.0,2.0,0.0,5.0,1.0,6.0,-23.0
2022500011,1612709919,WES,Westchester,1642359,Pacôme Dadiet,Pacôme,F,,36:48,9.0,15.0,0.6,5.0,10.0,0.5,3.0,3.0,1.0,0.0,1.0,1.0,0.0,0.0,0.0,5.0,3.0,28.0,-34.0
2022500011,1612709919,WES,Westchester,1642496,Ibrahima Diallo,Ibrahima,C,,21:52,3.0,5.0,0.6,0.0,0.0,0.0,1.0,1.0,1.0,3.0,1.0,4.0,1.0,1.0,5.0,1.0,1.0,8.0,-2.0
2022500011,1612709919,WES,Westchester,1631495,Donovan Williams,Donovan,G,,25:54,9.0,18.0,0.5,0.0,4.0,0.0,0.0,0.0,0.0,2.0,3.0,5.0,1.0,0.0,0.0,2.0,6.0,18.0,-19.0
2022500011,1612709919,WES,Westchester,1641755,Kevin McCullar Jr.,Kevin,G,,31:15,3.0,8.0,0.375,1.0,5.0,0.2,0.0,0.0,0.0,0.0,5.0,5.0,9.0,4.0,0.0,4.0,2.0,7.0,-16.0
2022500011,1612709919,WES,Westchester,1629676,Isaiah Roby,Isaiah,,,26:08,5.0,8.0,0.625,1.0,4.0,0.25,3.0,4.0,0.75,3.0,4.0,7.0,1.0,3.0,0.0,5.0,3.0,15.0,-24.0
2022500011,1612709919,WES,Westchester,1641985,Bryson Warren,Bryson,,,20:19,2.0,7.0,0.286,0.0,3.0,0.0,0.0,0.0,0.0,0.0,0.0,0.0,5.0,1.0,0.0,0.0,1.0,4.0,-2.0
2022500011,1612709919,WES,Westchester,1643100,Nick Jourdain,Nick,,,23:24,3.0,3.0,1.0,0.0,0.0,0.0,1.0,1.0,1.0,1.0,5.0,6.0,0.0,3.0,2.0,1.0,1.0,8.0,-1.0
2022500011,1612709919,WES,Westchester,1643253,Toby Okani,Toby,,,10:13,1.0,2.0,0.5,1.0,1.0,1.0,1.0,2.0,0.5,0.0,0.0,0.0,1.0,0.0,0.0,1.0,2.0,5.0,6.0
2022500011,1612709919,WES,Westchester,1630750,Obadiah Noel,Obadiah,,,15:11,1.0,4.0,0.25,0.0,1.0,0.0,0.0,2.0,0.0,1.0,1.0,2.0,2.0,0.0,0.0,3.0,3.0,2.0,-15.0
2022500011,1612709919,WES,Westchester,1630839,Vinicius Da Silva,Vinicius,,DNP - Coach's Decision,,,,,,,,,,,,,,,,,,,,
2022500011,1612709919,WES,Westchester,1641787,Tosan Evbuomwan,Tosan,,DNP - Coach's Decision,,,,,,,,,,,,,,,,,,,,
2022500011,1612709919,WES,Westchester,1641998,Trey Jemison III,Trey,,DNP - Coach's Decision,,,,,,,,,,,,,,,,,,,,
2022500011,1612709908,RGV,Rio Grande Valley,1642592,Teddy Allen,Teddy,F,,34:22,11.0,18.0,0.611,8.0,12.0,0.667,2.0,2.0,1.0,0.0,2.0,2.0,3.0,4.0,0.0,4.0,3.0,34.0,35.0
2022500011,1612709908,RGV,Rio Grande Valley,1643069,Cameron Matthews,Cameron,F,,32:46,4.0,7.0,0.571,1.0,2.0,0.5,1.0,2.0,0.5,1.0,2.0,3.0,5.0,3.0,2.0,3.0,2.0,11.0,10.0
2022500011,1612709908,RGV,Rio Grande Valley,1631285,Efe Abogidi,Efe,C,,31:22,7.0,15.0,0.467,1.0,7.0,0.143,0.0,0.0,0.0,1.0,3.0,4.0,1.0,0.0,1.0,7.0,3.0,15.0,23.0
2022500011,1612709908,RGV,Rio Grande Valley,1630227,Daishen Nix,Daishen,G,,38:47,3.0,8.0,0.375,1.0,3.0,0.333,5.0,7.0,0.714,3.0,5.0,8.0,12.0,4.0,1.0,4.0,2.0,17.0,41.0
2022500011,1612709908,RGV,Rio Grande Valley,1641999,John Knight III,John,G,,30:23,2.0,5.0,0.4,0.0,0.0,0.0,0.0,0.0,0.0,1.0,3.0,4.0,2.0,4.0,1.0,3.0,2.0,4.0,9.0
2022500011,1612709908,RGV,Rio Grande Valley,1641741,Ricky Council IV,Ricky,,,33:10,9.0,15.0,0.6,5.0,9.0,0.556,1.0,1.0,1.0,1.0,3.0,4.0,3.0,0.0,0.0,2.0,1.0,24.0,29.0
2022500011,1612709908,RGV,Rio Grande Valley,1630176,Vernon Carey Jr.,Vernon,,,17:03,6.0,11.0,0.545,2.0,3.0,0.667,3.0,4.0,0.75,2.0,4.0,6.0,2.0,1.0,0.0,0.0,5.0,20.0,4.0
2022500011,1612709908,RGV,Rio Grande Valley,1643214,Tyrese Hunter,Tyrese,,,4:10,0.0,3.0,0.0,0.0,2.0,0.0,0.0,0.0,0.0,1.0,1.0,2.0,0.0,1.0,0.0,0.0,0.0,0.0,-14.0
2022500011,1612709908,RGV,Rio Grande Valley,1643266,Stevie Mitchell,Stevie,,,17:57,1.0,3.0,0.333,0.0,1.0,0.0,0.0,0.0,0.0,2.0,2.0,4.0,3.0,2.0,0.0,1.0,3.0,2.0,-7.0
2022500018,1612709917,GRG,Grand Rapids,1641747,DaRon Holmes II,DaRon,F,,34:51,6.0,10.0,0.6,4.0,6.0,0.667,3.0,3.0,1.0,1.0,3.0,4.0,8.0,1.0,0.0,3.0,0.0,19.0,4.0
2022500018,1612709917,GRG,Grand Rapids,1630556,Kessler Edwards,Kessler,F,,33:28,6.0,10.0,0.6,2.0,4.0,0.5,1.0,1.0,1.0,1.0,12.0,13.0,0.0,0.0,0.0,1.0,1.0,16.0,1.0
2022500018,1612709917,GRG,Grand Rapids,1629650,Moses Brown,Moses,C,,21:14,7.0,10.0,0.7,0.0,0.0,0.0,0.0,0.0,0.0,4.0,4.0,8.0,0.0,1.0,2.0,2.0,2.0,14.0,1.0
2022500018,1612709917,GRG,Grand Rapids,1642938,Curtis Jones,Curtis,G,,41:13,6.0,21.0,0.286,4.0,14.0,0.286,2.0,3.0,0.667,1.0,3.0,4.0,4.0,1.0,0.0,3.0,3.0,20.0,-8.0
2022500018,1612709917,GRG,Grand Rapids,1631231,James Akinjo,James,G,,39:17,6.0,20.0,0.3,3.0,7.0,0.429,0.0,1.0,0.0,0.0,2.0,2.0,7.0,2.0,0.0,1.0,2.0,15.0,16.0
2022500018,1612709917,GRG,Grand Rapids,1631322,Javante McCoy,Javante,,,21:39,2.0,6.0,0.333,0.0,1.0,0.0,0.0,0.0,0.0,1.0,3.0,4.0,3.0,1.0,0.0,1.0,0.0,4.0,-5.0
2022500018,1612709917,GRG,Grand Rapids,1641863,Dane Goodwin,Dane,,,27:16,5.0,8.0,0.625,1.0,1.0,1.0,0.0,0.0,0.0,0.0,7.0,7.0,2.0,1.0,0.0,1.0,2.0,11.0,-1.0
2022500018,1612709917,GRG,Grand Rapids,1641746,Coleman Hawkins,Coleman,,,13:59,1.0,8.0,0.125,0.0,3.0,0.0,0.0,2.0,0.0,5.0,3.0,8.0,1.0,2.0,0.0,0.0,1.0,2.0,-8.0
2022500018,1612709917,GRG,Grand Rapids,1641939,Justyn Hamilton,Justyn,,,7:03,0.0,1.0,0.0,0.0,0.0,0.0,0.0,0.0,0.0,1.0,0.0,1.0,0.0,0.0,0.0,2.0,3.0,0.0,-10.0
2022500018,1612709917,GRG,Grand Rapids,1642926,Tamar Bates,Tamar,,DNP - Coach's Decision,,,,,,,,,,,,,,,,,,,,
2022500018,1612709917,GRG,Grand Rapids,1643014,Michael Caicedo,Michael,,DNP - Coach's Decision,,,,,,,,,,,,,,,,,,,,
2022500018,1612709917,GRG,Grand Rapids,1643075,Terrence Hargrove Jr.,Terrence,,DNP - Coach's Decision,,,,,,,,,,,,,,,,,,,,
2022500018,1612709917,GRG,Grand Rapids,1642461,Spencer Jones,Spencer,,DNP - Coach's Decision,,,,,,,,,,,,,,,,,,,,
2022500018,1612709917,GRG,Grand Rapids,1643144,Blaise Threatt,Blaise,,DNP - Coach's Decision,,,,,,,,,,,,,,,,,,,,
2022500018,1612709920,RAP,Raptors,1630639,A.J. Lawson,A.J.,F,,32:04,3.0,12.0,0.25,3.0,8.0,0.375,3.0,4.0,0.75,1.0,3.0,4.0,0.0,0.0,1.0,1.0,1.0,14.0,5.0
2022500018,1612709920,RAP,Raptors,1642367,Jonathan Mogbo,Jonathan,F,,29:19,9.0,16.0,0.563,1.0,3.0,0.333,1.0,3.0,0.333,4.0,7.0,11.0,3.0,2.0,0.0,3.0,3.0,21.0,-1.0
2022500018,1612709920,RAP,Raptors,1630846,Olivier Sarr,Olivier,C,,4:46,1.0,2.0,0.5,1.0,1.0,1.0,0.0,0.0,0.0,2.0,1.0,3.0,0.0,0.0,0.0,0.0,4.0,3.0,-5.0
2022500018,1612709920,RAP,Raptors,1642918,Alijah Martin,Alijah,G,,31:45,7.0,15.0,0.467,4.0,8.0,0.5,0.0,1.0,0.0,2.0,4.0,6.0,1.0,1.0,3.0,3.0,0.0,18.0,11.0
2022500018,1612709920,RAP,Raptors,1642935,Chucky Hepburn,Chucky,G,,34:49,5.0,13.0,0.385,2.0,4.0,0.5,1.0,1.0,1.0,1.0,1.0,2.0,10.0,1.0,0.0,2.0,0.0,14.0,-2.0
2022500018,1612709920,RAP,Raptors,1630663,Quincy Guerrier,Quincy,,,6:50,0.0,1.0,0.0,0.0,0.0,0.0,0.0,0.0,0.0,0.0,0.0,0.0,1.0,0.0,0.0,2.0,0.0,0.0,-7.0
2022500018,1612709920,RAP,Raptors,1642882,Julian Reese,Julian,,,21:16,4.0,7.0,0.571,0.0,0.0,0.0,0.0,0.0,0.0,1.0,12.0,13.0,0.0,0.0,0.0,2.0,3.0,8.0,-2.0
2022500018,1612709920,RAP,Raptors,1642615,Tyreke Key,Tyreke,,,16:53,3.0,5.0,0.6,2.0,2.0,1.0,0.0,0.0,0.0,0.0,3.0,3.0,1.0,0.0,0.0,1.0,1.0,8.0,-4.0
2022500018,1612709920,RAP,Raptors,1641935,Jarkel Joiner,Jarkel,,,16:34,2.0,8.0,0.25,1.0,3.0,0.333,0.0,0.0,0.0,0.0,1.0,1.0,4.0,1.0,0.0,1.0,1.0,5.0,0.0
2022500018,1612709920,RAP,Raptors,1631223,David Roddy,David,,,27:02,2.0,3.0,0.667,1.0,2.0,0.5,0.0,0.0,0.0,0.0,2.0,2.0,5.0,0.0,0.0,2.0,4.0,5.0,6.0
2022500018,1612709920,RAP,Raptors,1643091,Tyson Degenhart,Tyson,,,18:42,3.0,8.0,0.375,1.0,3.0,0.333,0.0,0.0,0.0,3.0,2.0,5.0,0.0,0.0,0.0,1.0,2.0,7.0,9.0
2022500018,1612709920,RAP,Raptors,1643173,Jaden Bediako,Jaden,,DNP - Coach's Decision,,,,,,,,,,,,,,,,,,,,
2022500018,1612709920,RAP,Raptors,1643101,AJ Hoggard,AJ,,DNP - Coach's Decision,,,,,,,,,,,,,,,,,,,,
2022500018,1612709920,RAP,Raptors,1627775,Patrick McCaw,Patrick,,DNP - Coach's Decision,,,,,,,,,,,,,,,,,,,,
2022500017,1612709890,AUS,Austin,1630649,Stanley Umude,Stanley,F,,34:48,6.0,14.0,0.429,1.0,4.0,0.25,1.0,3.0,0.333,0.0,2.0,2.0,1.0,1.0,1.0,1.0,4.0,14.0,-11.0
2022500017,1612709890,AUS,Austin,1631127,Harrison Ingram,Harrison,F,,29:39,5.0,9.0,0.556,1.0,3.0,0.333,4.0,6.0,0.667,0.0,6.0,6.0,4.0,1.0,0.0,1.0,1.0,18.0,-12.0
2022500017,1612709890,AUS,Austin,1642563,Osayi Osifo,Osayi,C,,18:13,2.0,4.0,0.5,0.0,0.0,0.0,0.0,0.0,0.0,1.0,5.0,6.0,0.0,0.0,1.0,3.0,4.0,4.0,-14.0
2022500017,1612709890,AUS,Austin,1643070,Jayden Nunn,Jayden,G,,17:02,0.0,7.0,0.0,0.0,4.0,0.0,0.0,0.0,0.0,0.0,0.0,0.0,1.0,0.0,0.0,1.0,2.0,0.0,-15.0
2022500017,1612709890,AUS,Austin,1630667,Kyle Mangas,Kyle,G,,26:27,8.0,10.0,0.8,4.0,6.0,0.667,0.0,0.0,0.0,0.0,3.0,3.0,2.0,1.0,0.0,3.0,4.0,20.0,2.0
2022500017,1612709890,AUS,Austin,1631413,Trey McGowens,Trey,,,21:37,3.0,4.0,0.75,0.0,0.0,0.0,4.0,5.0,0.8,0.0,2.0,2.0,4.0,4.0,0.0,2.0,4.0,12.0,0.0
2022500017,1612709890,AUS,Austin,1642357,David Jones Garcia,David,,,36:52,13.0,23.0,0.565,4.0,9.0,0.444,6.0,6.0,1.0,1.0,7.0,8.0,2.0,2.0,1.0,5.0,2.0,38.0,6.0
2022500017,1612709890,AUS,Austin,1631132,Christian Koloko,Christian,,,22:31,3.0,7.0,0.429,0.0,2.0,0.0,1.0,1.0,1.0,4.0,2.0,6.0,0.0,1.0,3.0,3.0,5.0,8.0,1.0
2022500017,1612709890,AUS,Austin,203901,Elfrid Payton,Elfrid,,,25:20,0.0,3.0,0.0,0.0,0.0,0.0,0.0,0.0,0.0,3.0,3.0,6.0,9.0,4.0,0.0,3.0,2.0,0.0,-5.0
2022500017,1612709890,AUS,Austin,1630791,James Banks III,James,,,7:32,0.0,1.0,0.0,0.0,0.0,0.0,0.0,1.0,0.0,1.0,5.0,6.0,1.0,0.0,1.0,0.0,1.0,0.0,3.0
2022500017,1612709890,AUS,Austin,1641745,Adam Flagler,Adam,,DNP - Coach's Decision,,,,,,,,,,,,,,,,,,,,
2022500017,1612709890,AUS,Austin,1630627,Isaiah Miller,Isaiah,,DNP - Coach's Decision,,,,,,,,,,,,,,,,,,,,
2022500017,1612709890,AUS,Austin,1630695,Micah Potter,Micah,,DNP - Coach's Decision,,,,,,,,,,,,,,,,,,,,
2022500017,1612709915,MNE,Maine,1631112,Kendall Brown,Kendall,F,,31:52,5.0,13.0,0.385,1.0,6.0,0.167,1.0,1.0,1.0,1.0,3.0,4.0,4.0,1.0,0.0,1.0,3.0,13.0,1.0
2022500017,1612709915,MNE,Maine,1641779,Jalen Bridges,Jalen,F,,36:37,5.0,12.0,0.417,3.0,7.0,0.429,1.0,1.0,1.0,1.0,1.0,2.0,0.0,2.0,1.0,2.0,3.0,14.0,5.0
2022500017,1612709915,MNE,Maine,1642873,Amari Williams,Amari,C,,29:12,6.0,14.0,0.429,0.0,0.0,0.0,4.0,4.0,1.0,4.0,5.0,9.0,6.0,0.0,3.0,5.0,1.0,18.0,7.0
2022500017,1612709915,MNE,Maine,1631199,Ron Harper Jr.,Ron,G,,33:11,9.0,19.0,0.474,4.0,11.0,0.364,5.0,7.0,0.714,1.0,4.0,5.0,4.0,1.0,2.0,1.0,3.0,29.0,-2.0
2022500017,1612709915,MNE,Maine,1642917,Max Shulga,Max,G,,34:38,7.0,15.0,0.467,3.0,7.0,0.429,5.0,5.0,1.0,2.0,3.0,5.0,7.0,0.0,1.0,4.0,5.0,27.0,18.0
2022500017,1612709915,MNE,Maine,1643149,Stefan Todorovic,Stefan,,,20:28,3.0,8.0,0.375,0.0,2.0,0.0,2.0,2.0,1.0,2.0,8.0,10.0,2.0,1.0,0.0,0.0,2.0,9.0,11.0
2022500017,1612709915,MNE,Maine,1643060,Hayden Gray,Hayden,,,20:19,1.0,8.0,0.125,1.0,4.0,0.25,0.0,0.0,0.0,2.0,3.0,5.0,2.0,0.0,0.0,2.0,0.0,3.0,-3.0
2022500017,1612709915,MNE,Maine,1642508,Hason Ward,Hason,,,18:23,3.0,5.0,0.6,0.0,0.0,0.0,1.0,1.0,1.0,1.0,2.0,3.0,1.0,1.0,1.0,4.0,3.0,8.0,0.0
2022500017,1612709915,MNE,Maine,1643058,Aaron Scott,Aaron,,,15:19,1.0,5.0,0.2,0.0,3.0,0.0,0.0,0.0,0.0,1.0,0.0,1.0,0.0,4.0,0.0,0.0,0.0,2.0,8.0
2022500017,1612709915,MNE,Maine,1643323,Rahsool Diggins,Rahsool,,DNP - Coach's Decision,,,,,,,,,,,,,,,,,,,,
2022500017,1612709915,MNE,Maine,1630553,Keon Johnson,Keon,,DNP - Coach's Decision,,,,,,,,,,,,,,,,,,,,
2022500017,1612709915,MNE,Maine,1642560,Makhi Mitchell,Makhi,,DNP - Coach's Decision,,,,,,,,,,,,,,,,,,,,
2022500017,1612709915,MNE,Maine,1642696,Kameron Warrens,Kameron,,DNP - Coach's Decision,,,,,,,,,,,,,,,,,,,,
2022500017,1612709915,MNE,Maine,1630218,Robert Woodard II,Robert,,DNP - Coach's Decision,,,,,,,,,,,,,,,,,,,,
2022500014,1612709926,MHU,Memphis,1629718,Charlie Brown Jr.,Charlie,F,,37:18,4.0,19.0,0.211,0.0,9.0,0.0,5.0,5.0,1.0,3.0,6.0,9.0,4.0,0.0,1.0,2.0,5.0,16.0,-12.0
2022500014,1612709926,MHU,Memphis,1641713,GG Jackson,GG,F,,34:17,12.0,22.0,0.545,4.0,9.0,0.444,1.0,1.0,1.0,3.0,4.0,7.0,1.0,1.0,0.0,1.0,2.0,30.0,2.0
2022500014,1612709926,MHU,Memphis,1643223,Abou Ousmane,Abou,C,,24:06,2.0,6.0,0.333,0.0,0.0,0.0,2.0,2.0,1.0,5.0,1.0,6.0,1.0,2.0,1.0,0.0,3.0,8.0,1.0
2022500014,1612709926,MHU,Memphis,1631174,Tyler Burton,Tyler,G,,25:26,3.0,11.0,0.273,1.0,6.0,0.167,0.0,1.0,0.0,0.0,5.0,5.0,3.0,1.0,0.0,1.0,1.0,7.0,0.0
2022500014,1612709926,MHU,Memphis,1642942,Jahmai Mashack,Jahmai,G,,28:06,4.0,12.0,0.333,0.0,2.0,0.0,1.0,4.0,0.25,7.0,3.0,10.0,4.0,4.0,1.0,4.0,1.0,9.0,0.0
2022500014,1612709926,MHU,Memphis,1630610,DeJon Jarreau,DeJon,,,8:58,3.0,4.0,0.75,0.0,0.0,0.0,1.0,3.0,0.333,0.0,0.0,0.0,0.0,1.0,0.0,1.0,1.0,7.0,-7.0
2022500014,1612709926,MHU,Memphis,1642573,Jordan Minor,Jordan,,,21:18,1.0,5.0,0.2,0.0,0.0,0.0,1.0,1.0,1.0,3.0,0.0,3.0,2.0,3.0,0.0,0.0,1.0,4.0,-12.0
2022500014,1612709926,MHU,Memphis,1630207,Nate Hinton,Nate,,,27:30,5.0,14.0,0.357,1.0,5.0,0.2,0.0,0.0,0.0,6.0,3.0,9.0,1.0,0.0,2.0,0.0,0.0,11.0,-15.0
2022500014,1612709926,MHU,Memphis,1631351,Lucas Williamson,Lucas,,,14:02,1.0,3.0,0.333,1.0,3.0,0.333,0.0,0.0,0.0,1.0,0.0,1.0,1.0,1.0,0.0,1.0,5.0,3.0,0.0
2022500014,1612709926,MHU,Memphis,1631407,Evan Gilyard,Evan,,,18:59,2.0,7.0,0.286,1.0,4.0,0.25,1.0,1.0,1.0,0.0,1.0,1.0,2.0,0.0,0.0,2.0,4.0,7.0,3.0
2022500014,1612709926,MHU,Memphis,1643133,Lawson Lovering,Lawson,,DNP - Coach's Decision,,,,,,,,,,,,,,,,,,,,
2022500014,1612709926,MHU,Memphis,1641765,Olivier-Maxence Prosper,Olivier-Maxence,,DNP - Coach's Decision,,,,,,,,,,,,,,,,,,,,
2022500014,1612709926,MHU,Memphis,1642914,Javon Small,Javon,,DNP - Coach's Decision,,,,,,,,,,,,,,,,,,,,
2022500014,1612709926,MHU,Memphis,1643224,Paul Zilinskas,Paul,,DNP - Coach's Decision,,,,,,,,,,,,,,,,,,,,
2022500014,1612709923,WCB,Windy City,1641801,Emanuel Miller,Emanuel,F,,31:14,4.0,11.0,0.364,0.0,3.0,0.0,0.0,0.0,0.0,1.0,5.0,6.0,0.0,0.0,0.0,1.0,2.0,8.0,5.0
2022500014,1612709923,WCB,Windy City,1628995,Kevin Knox II,Kevin,F,,32:56,7.0,16.0,0.438,3.0,4.0,0.75,1.0,1.0,1.0,2.0,5.0,7.0,3.0,2.0,0.0,2.0,2.0,19.0,8.0
2022500014,1612709923,WCB,Windy City,1642950,Lachlan Olbrich,Lachlan,C,,31:38,4.0,8.0,0.5,1.0,4.0,0.25,1.0,2.0,0.5,2.0,8.0,10.0,6.0,1.0,0.0,3.0,2.0,10.0,3.0
2022500014,1612709923,WCB,Windy City,1642280,Trentyn Flowers,Trentyn,G,,30:35,6.0,9.0,0.667,2.0,3.0,0.667,3.0,5.0,0.6,3.0,5.0,8.0,5.0,2.0,1.0,1.0,1.0,19.0,5.0
2022500014,1612709923,WCB,Windy City,1630644,Mac McClung,Mac,G,,31:49,9.0,17.0,0.529,3.0,8.0,0.375,1.0,3.0,0.333,1.0,4.0,5.0,7.0,1.0,0.0,3.0,4.0,22.0,17.0
2022500014,1612709923,WCB,Windy City,1630324,Ryan Woolridge,Ryan,,,24:48,1.0,4.0,0.25,0.0,1.0,0.0,0.0,1.0,0.0,0.0,3.0,3.0,7.0,1.0,0.0,5.0,3.0,2.0,-5.0
2022500014,1612709923,WCB,Windy City,1630793,Giorgi Bezhanishvili,Giorgi,,,16:54,3.0,4.0,0.75,0.0,0.0,0.0,1.0,1.0,1.0,3.0,2.0,5.0,0.0,0.0,0.0,2.0,3.0,8.0,7.0
2022500014,1612709923,WCB,Windy City,1642934,Caleb Grill,Caleb,,,14:11,3.0,6.0,0.5,2.0,5.0,0.4,0.0,0.0,0.0,0.0,1.0,1.0,0.0,0.0,1.0,1.0,1.0,8.0,4.0
2022500014,1612709923,WCB,Windy City,1631338,Mouhamadou Gueye,Mouhamadou,,,15:04,0.0,1.0,0.0,0.0,0.0,0.0,2.0,2.0,1.0,2.0,2.0,4.0,0.0,1.0,1.0,1.0,1.0,4.0,0.0
2022500014,1612709923,WCB,Windy City,1642390,Wooga Poplar,Wooga,,,10:51,3.0,7.0,0.429,2.0,4.0,0.5,1.0,1.0,1.0,0.0,1.0,1.0,2.0,1.0,1.0,0.0,3.0,10.0,-4.0
2022500014,1612709923,WCB,Windy City,1642999,Jean-Jacques Boissy,Jean-Jacques,,DNP - Coach's Decision,,,,,,,,,,,,,,,,,,,,
2022500014,1612709923,WCB,Windy City,1630612,Ruben Nembhard Jr.,Ruben,,DNP - Coach's Decision,,,,,,,,,,,,,,,,,,,,
2022500014,1612709923,WCB,Windy City,1643308,Lahat Thioune,Lahat,,DNP - Coach's Decision,,,,,,,,,,,,,,,,,,,,
2022500012,1612709928,CCG,Capital City,1642358,AJ Johnson,AJ,F,,29:38,6.0,19.0,0.316,4.0,11.0,0.364,0.0,0.0,0.0,0.0,3.0,3.0,3.0,0.0,0.0,2.0,3.0,16.0,25.0
2022500012,1612709928,CCG,Capital City,1641778,Leaky Black,Leaky,F,,28:27,3.0,6.0,0.5,2.0,3.0,0.667,0.0,0.0,0.0,1.0,9.0,10.0,4.0,0.0,0.0,1.0,1.0,8.0,31.0
2022500012,1612709928,CCG,Capital City,1627746,Skal Labissiere,Skal,C,,29:10,7.0,13.0,0.538,3.0,7.0,0.429,0.0,0.0,0.0,2.0,4.0,6.0,1.0,1.0,5.0,2.0,1.0,17.0,27.0
2022500012,1612709928,CCG,Capital City,1642955,Kadary Richmond,Kadary,G,,24:32,4.0,10.0,0.4,0.0,2.0,0.0,1.0,1.0,1.0,5.0,5.0,10.0,2.0,0.0,1.0,0.0,2.0,9.0,20.0
2022500012,1612709928,CCG,Capital City,1630536,Sharife Cooper,Sharife,G,,28:15,2.0,8.0,0.25,0.0,3.0,0.0,5.0,5.0,1.0,2.0,2.0,4.0,8.0,3.0,0.0,1.0,2.0,13.0,10.0
2022500012,1612709928,CCG,Capital City,1631305,Akoldah Gak,Akoldah,,,15:58,1.0,3.0,0.333,0.0,0.0,0.0,2.0,3.0,0.667,1.0,3.0,4.0,1.0,1.0,1.0,0.0,4.0,5.0,8.0
2022500012,1612709928,CCG,Capital City,1643246,Chris Mantis,Chris,,,22:39,3.0,10.0,0.3,2.0,8.0,0.25,0.0,1.0,0.0,0.0,6.0,6.0,1.0,1.0,0.0,0.0,2.0,8.0,13.0
2022500012,1612709928,CCG,Capital City,1642933,Keshon Gilbert,Keshon,,,24:18,2.0,3.0,0.667,1.0,1.0,1.0,6.0,6.0,1.0,1.0,5.0,6.0,8.0,2.0,0.0,4.0,4.0,15.0,22.0
2022500012,1612709928,CCG,Capital City,1643368,Damari Monsanto,Damari,,,18:56,6.0,7.0,0.857,5.0,6.0,0.833,0.0,0.0,0.0,0.0,1.0,1.0,0.0,2.0,0.0,0.0,0.0,17.0,21.0
2022500012,1612709928,CCG,Capital City,1643126,Nolan Hickman,Nolan,,,12:26,1.0,6.0,0.167,1.0,4.0,0.25,1.0,1.0,1.0,0.0,2.0,2.0,1.0,0.0,0.0,0.0,1.0,5.0,8.0
2022500012,1612709928,CCG,Capital City,1642952,Jonathan Pierre,Jonathan,,,5:41,4.0,4.0,1.0,4.0,4.0,1.0,0.0,0.0,0.0,0.0,1.0,1.0,0.0,0.0,0.0,0.0,0.0,12.0,10.0
2022500012,1612709928,CCG,Capital City,1641774,Tristan Vukcevic,Tristan,,DNP - Coach's Decision,,,,,,,,,,,,,,,,,,,,
2022500012,1612709928,CCG,Capital City,1642364,Jamir Watkins,Jamir,,DNP - Coach's Decision,,,,,,,,,,,,,,,,,,,,
2022500012,1612709928,CCG,Capital City,1631214,Alondes Williams,Alondes,,DNP - Coach's Decision,,,,,,,,,,,,,,,,,,,,
2022500012,1612709889,OKL,Oklahoma City,1643113,Zack Austin,Zack,F,,34:29,7.0,12.0,0.583,1.0,3.0,0.333,1.0,1.0,1.0,1.0,4.0,5.0,1.0,1.0,3.0,1.0,5.0,16.0,-20.0
2022500012,1612709889,OKL,Oklahoma City,1641727,Dariq Whitehead,Dariq,F,,39:13,8.0,21.0,0.381,4.0,12.0,0.333,2.0,3.0,0.667,2.0,3.0,5.0,2.0,1.0,2.0,1.0,1.0,22.0,-32.0
2022500012,1612709889,OKL,Oklahoma City,1642940,Viktor Lakhin,Viktor,C,,32:44,3.0,10.0,0.3,0.0,3.0,0.0,1.0,3.0,0.333,4.0,10.0,14.0,4.0,1.0,1.0,5.0,5.0,8.0,-34.0
2022500012,1612709889,OKL,Oklahoma City,1642959,Chris Youngblood,Chris,G,,38:19,5.0,17.0,0.294,2.0,11.0,0.182,1.0,2.0,0.5,0.0,1.0,1.0,3.0,2.0,0.0,1.0,2.0,14.0,-30.0
2022500012,1612709889,OKL,Oklahoma City,1641789,Jazian Gortman,Jazian,G,,30:48,8.0,18.0,0.444,0.0,1.0,0.0,0.0,2.0,0.0,1.0,4.0,5.0,4.0,1.0,0.0,2.0,3.0,16.0,-30.0
2022500012,1612709889,OKL,Oklahoma City,1643207,Manny Obaseki,Manny,,,16:58,1.0,4.0,0.25,0.0,1.0,0.0,0.0,0.0,0.0,1.0,2.0,3.0,1.0,0.0,0.0,1.0,4.0,2.0,-16.0
2022500012,1612709889,OKL,Oklahoma City,1643206,Kendall Munson,Kendall,,,20:35,1.0,4.0,0.25,0.0,0.0,0.0,0.0,0.0,0.0,3.0,3.0,6.0,2.0,1.0,0.0,1.0,4.0,2.0,-10.0
2022500012,1612709889,OKL,Oklahoma City,1642637,Cameron Brown,Cameron,,,11:19,1.0,2.0,0.5,0.0,1.0,0.0,1.0,2.0,0.5,0.0,1.0,1.0,2.0,0.0,1.0,0.0,0.0,3.0,-14.0
2022500012,1612709889,OKL,Oklahoma City,1643324,Jahlil White,Jahlil,,,15:35,1.0,2.0,0.5,0.0,0.0,0.0,1.0,2.0,0.5,3.0,4.0,7.0,3.0,0.0,1.0,2.0,1.0,3.0,-9.0
2022500012,1612709889,OKL,Oklahoma City,1642964,Brooks Barnhizer,Brooks,,DNP - Coach's Decision,,,,,,,,,,,,,,,,,,,,
2022500012,1612709889,OKL,Oklahoma City,1631205,Buddy Boeheim,Buddy,,DNP - Coach's Decision,,,,,,,,,,,,,,,,,,,,
2022500012,1612709889,OKL,Oklahoma City,1642382,Branden Carlson,Branden,,DNP - Coach's Decision,,,,,,,,,,,,,,,,,,,,
2022500012,1612709889,OKL,Oklahoma City,1643208,Anthony Pritchard,Anthony,,DNP - Injury/Illness,,,,,,,,,,,,,,,,,,,,
2022500012,1612709889,OKL,Oklahoma City,1642362,Payton Sandfort,Payton,,DNP - Coach's Decision,,,,,,,,,,,,,,,,,,,,
2022500022,1612709927,WIS,Wisconsin,1642504,Cormac Ryan,Cormac,F,,32:22,8.0,15.0,0.533,2.0,8.0,0.25,2.0,2.0,1.0,0.0,3.0,3.0,6.0,6.0,1.0,2.0,2.0,22.0,8.0
2022500022,1612709927,WIS,Wisconsin,1643237,Kaden Anderson,Kaden,F,,26:39,7.0,10.0,0.7,2.0,4.0,0.5,3.0,3.0,1.0,4.0,3.0,7.0,3.0,0.0,0.0,3.0,1.0,22.0,-1.0
2022500022,1612709927,WIS,Wisconsin,1631219,John Butler Jr.,John,C,,27:02,6.0,10.0,0.6,4.0,6.0,0.667,1.0,1.0,1.0,1.0,7.0,8.0,0.0,0.0,0.0,1.0,0.0,17.0,6.0
2022500022,1612709927,WIS,Wisconsin,203506,Victor Oladipo,Victor,G,,35:46,8.0,18.0,0.444,3.0,9.0,0.333,0.0,0.0,0.0,0.0,4.0,4.0,3.0,3.0,0.0,2.0,1.0,19.0,-5.0
2022500022,1612709927,WIS,Wisconsin,1628372,Dennis Smith Jr.,Dennis,G,,26:19,1.0,8.0,0.125,0.0,1.0,0.0,0.0,0.0,0.0,3.0,6.0,9.0,6.0,1.0,0.0,2.0,5.0,2.0,1.0
2022500022,1612709927,WIS,Wisconsin,1630184,Kira Lewis Jr.,Kira,,,32:39,7.0,9.0,0.778,3.0,3.0,1.0,0.0,0.0,0.0,0.0,4.0,4.0,3.0,1.0,0.0,4.0,1.0,17.0,-14.0
2022500022,1612709927,WIS,Wisconsin,1630777,Jeremiah Tilmon,Jeremiah,,,5:13,0.0,0.0,0.0,0.0,0.0,0.0,0.0,0.0,0.0,0.0,0.0,0.0,1.0,0.0,0.0,1.0,2.0,0.0,-9.0
2022500022,1612709927,WIS,Wisconsin,1629808,Stephen Thompson,Stephen,,,28:50,3.0,7.0,0.429,2.0,4.0,0.5,1.0,1.0,1.0,0.0,1.0,1.0,4.0,2.0,1.0,0.0,0.0,10.0,-22.0
2022500022,1612709927,WIS,Wisconsin,1630310,Craig Randall II,Craig,,,14:35,3.0,7.0,0.429,2.0,5.0,0.4,0.0,0.0,0.0,0.0,0.0,0.0,1.0,0.0,0.0,3.0,0.0,8.0,-11.0
2022500022,1612709927,WIS,Wisconsin,1630828,Alex Antetokounmpo,Alex,,,10:35,1.0,3.0,0.333,0.0,1.0,0.0,0.0,0.0,0.0,1.0,0.0,1.0,1.0,0.0,0.0,1.0,1.0,2.0,-13.0
2022500022,1612709927,WIS,Wisconsin,1631098,Johnny Davis,Johnny,,DND - Injury/Illness,,,,,,,,,,,,,,,,,,,,
2022500022,1612709905,SBL,South Bay,1643024,Chris Mañon,Chris,F,,29:58,2.0,7.0,0.286,0.0,2.0,0.0,0.0,0.0,0.0,2.0,1.0,3.0,0.0,5.0,1.0,1.0,1.0,4.0,-3.0
2022500022,1612709905,SBL,South Bay,1631166,Drew Timme,Drew,F,,18:15,4.0,7.0,0.571,0.0,1.0,0.0,2.0,2.0,1.0,1.0,5.0,6.0,6.0,1.0,1.0,2.0,0.0,12.0,-1.0
2022500022,1612709905,SBL,South Bay,1630283,Kylor Kelley,Kylor,C,,15:01,1.0,2.0,0.5,0.0,0.0,0.0,0.0,0.0,0.0,0.0,1.0,1.0,1.0,0.0,0.0,2.0,1.0,2.0,-3.0
2022500022,1612709905,SBL,South Bay,1642355,Bronny James,Bronny,G,,33:37,6.0,13.0,0.462,3.0,7.0,0.429,0.0,0.0,0.0,0.0,3.0,3.0,5.0,0.0,0.0,3.0,2.0,15.0,6.0
2022500022,1612709905,SBL,South Bay,1641723,Kobe Bufkin,Kobe,G,,29:26,9.0,16.0,0.563,3.0,8.0,0.375,1.0,1.0,1.0,1.0,1.0,2.0,4.0,0.0,0.0,2.0,0.0,23.0,4.0
2022500022,1612709905,SBL,South Bay,1641817,Anton Watson,Anton,,,20:27,5.0,6.0,0.833,2.0,2.0,1.0,0.0,0.0,0.0,4.0,2.0,6.0,2.0,0.0,2.0,0.0,2.0,12.0,14.0
2022500022,1612709905,SBL,South Bay,1642930,R.J. Davis,R.J.,,,30:49,9.0,15.0,0.6,3.0,6.0,0.5,2.0,2.0,1.0,1.0,3.0,4.0,9.0,2.0,0.0,1.0,0.0,25.0,21.0
2022500022,1612709905,SBL,South Bay,1641856,Tevian Jones,Tevian,,,23:46,4.0,7.0,0.571,2.0,5.0,0.4,0.0,0.0,0.0,0.0,4.0,4.0,1.0,2.0,0.0,3.0,3.0,10.0,10.0
2022500022,1612709905,SBL,South Bay,1643051,Augustas Marčiulionis,Augustas,,,21:20,4.0,8.0,0.5,2.0,4.0,0.5,1.0,2.0,0.5,0.0,5.0,5.0,3.0,2.0,0.0,2.0,2.0,12.0,12.0
2022500022,1612709905,SBL,South Bay,1641751,Arthur Kaluma,Arthur,,,17:21,6.0,8.0,0.75,4.0,6.0,0.667,0.0,1.0,0.0,1.0,4.0,5.0,0.0,1.0,1.0,1.0,3.0,16.0,0.0
2022500022,1612709905,SBL,South Bay,1629600,Jarron Cumberland,Jarron,,DNP - Coach's Decision,,,,,,,,,,,,,,,,,,,,
2022500022,1612709905,SBL,South Bay,1642631,Cheikh Mbacke Diong,Cheikh Mbacke,,DNP - Coach's Decision,,,,,,,,,,,,,,,,,,,,
2022500022,1612709905,SBL,South Bay,1643210,Luke Goode,Luke,,DNP - Coach's Decision,,,,,,,,,,,,,,,,,,,,
2022500022,1612709905,SBL,South Bay,1641733,Nick Smith Jr.,Nick,,DNP - Coach's Decision,,,,,,,,,,,,,,,,,,,,
2022500015,1612709913,BHM,Birmingham,1643104,Christian Shumate,Christian,F,,23:29,2.0,3.0,0.667,1.0,1.0,1.0,1.0,1.0,1.0,0.0,3.0,3.0,0.0,0.0,0.0,0.0,3.0,7.0,-1.0
2022500015,1612709913,BHM,Birmingham,1642490,Josh Oduro,Josh,F,,22:41,3.0,8.0,0.375,1.0,1.0,1.0,0.0,0.0,0.0,2.0,1.0,3.0,1.0,0.0,1.0,1.0,4.0,7.0,-1.0
2022500015,1612709913,BHM,Birmingham,1630621,Hunter Dickinson,Hunter,C,,31:52,6.0,13.0,0.462,0.0,3.0,0.0,0.0,0.0,0.0,1.0,8.0,9.0,2.0,1.0,1.0,5.0,4.0,12.0,-2.0
2022500015,1612709913,BHM,Birmingham,1630531,Jaden Springer,Jaden,G,,35:03,6.0,13.0,0.462,1.0,2.0,0.5,1.0,1.0,1.0,1.0,4.0,5.0,10.0,4.0,0.0,2.0,2.0,14.0,4.0
2022500015,1612709913,BHM,Birmingham,1641725,Trey Alexander,Trey,G,,35:23,12.0,21.0,0.571,5.0,8.0,0.625,1.0,1.0,1.0,0.0,4.0,4.0,5.0,1.0,0.0,3.0,2.0,31.0,-3.0
2022500015,1612709913,BHM,Birmingham,1643159,Johnny O'Neil,Johnny,,,16:52,2.0,6.0,0.333,1.0,3.0,0.333,1.0,1.0,1.0,2.0,3.0,5.0,1.0,0.0,2.0,1.0,3.0,7.0,-16.0
2022500015,1612709913,BHM,Birmingham,1631365,Garrison Brooks,Garrison,,,10:48,0.0,2.0,0.0,0.0,2.0,0.0,0.0,0.0,0.0,3.0,3.0,6.0,2.0,1.0,0.0,2.0,2.0,0.0,-10.0
2022500015,1612709913,BHM,Birmingham,1630342,Trhae Mitchell,Trhae,,,20:33,2.0,6.0,0.333,0.0,4.0,0.0,0.0,0.0,0.0,1.0,1.0,2.0,2.0,0.0,2.0,0.0,1.0,4.0,-19.0
2022500015,1612709913,BHM,Birmingham,1631232,Keion Brooks Jr.,Keion,,,25:54,6.0,12.0,0.5,1.0,6.0,0.167,1.0,2.0,0.5,3.0,1.0,4.0,2.0,0.0,1.0,1.0,3.0,15.0,-19.0
2022500015,1612709913,BHM,Birmingham,1630618,D.J. Carton,D.J.,,,17:25,2.0,8.0,0.25,0.0,3.0,0.0,0.0,0.0,0.0,0.0,1.0,1.0,0.0,1.0,0.0,3.0,2.0,4.0,-13.0
2022500015,1612709913,BHM,Birmingham,1642936,Chase Hunter,Chase,,DNP - Coach's Decision,,,,,,,,,,,,,,,,,,,,
2022500015,1612709911,IWA,Iowa,1628993,Alize Johnson,Alize,F,,36:00,5.0,13.0,0.385,2.0,6.0,0.333,2.0,2.0,1.0,7.0,6.0,13.0,4.0,0.0,0.0,2.0,2.0,16.0,2.0
2022500015,1612709911,IWA,Iowa,1642402,Enrique Freeman,Enrique,F,,32:54,5.0,10.0,0.5,2.0,6.0,0.333,0.0,0.0,0.0,2.0,6.0,8.0,3.0,1.0,1.0,2.0,1.0,12.0,4.0
2022500015,1612709911,IWA,Iowa,1642866,Joan Beringer,Joan,C,,27:39,2.0,5.0,0.4,0.0,0.0,0.0,0.0,3.0,0.0,3.0,1.0,4.0,0.0,0.0,1.0,1.0,1.0,4.0,-1.0
2022500015,1612709911,IWA,Iowa,1641803,Tristen Newton,Tristen,G,,40:58,15.0,27.0,0.556,8.0,16.0,0.5,2.0,2.0,1.0,2.0,4.0,6.0,9.0,4.0,0.0,3.0,3.0,41.0,22.0
2022500015,1612709911,IWA,Iowa,1631262,Jules Bernard,Jules,G,,37:21,6.0,21.0,0.286,2.0,8.0,0.25,2.0,3.0,0.667,1.0,5.0,6.0,6.0,1.0,0.0,1.0,2.0,18.0,-1.0
2022500015,1612709911,IWA,Iowa,1642911,Rocco Zikarsky,Rocco,,,21:34,5.0,7.0,0.714,1.0,2.0,0.5,2.0,2.0,1.0,1.0,1.0,2.0,1.0,0.0,2.0,2.0,1.0,13.0,16.0
2022500015,1612709911,IWA,Iowa,1643123,CJ Fulton,CJ,,,8:25,0.0,2.0,0.0,0.0,1.0,0.0,0.0,0.0,0.0,0.0,1.0,1.0,1.0,1.0,0.0,1.0,1.0,0.0,-5.0
2022500015,1612709911,IWA,Iowa,1629354,Donte Ingram,Donte,,,13:08,0.0,2.0,0.0,0.0,2.0,0.0,0.0,0.0,0.0,0.0,3.0,3.0,0.0,0.0,0.0,0.0,0.0,0.0,15.0
2022500015,1612709911,IWA,Iowa,1642957,Nate Santos,Nate,,,22:01,4.0,6.0,0.667,2.0,3.0,0.667,1.0,2.0,0.5,1.0,4.0,5.0,2.0,0.0,0.0,1.0,3.0,13.0,28.0
2022500015,1612709911,IWA,Iowa,1642558,Martez Brown,Martez,,DNP - Coach's Decision,,,,,,,,,,,,,,,,,,,,
2022500015,1612709911,IWA,Iowa,1630705,Nojel Eastern,Nojel,,DNP - Coach's Decision,,,,,,,,,,,,,,,,,,,,
2022500015,1612709911,IWA,Iowa,1643230,Caleb Stone-Carrawell,Caleb,,DNP - Coach's Decision,,,,,,,,,,,,,,,,,,,,
2022500010,1612709921,LIN,Long Island,1631466,Nate Williams,Nate,F,,24:38,4.0,8.0,0.5,1.0,2.0,0.5,0.0,1.0,0.0,2.0,6.0,8.0,3.0,1.0,1.0,4.0,5.0,9.0,-12.0
2022500010,1612709921,LIN,Long Island,1630286,Trevon Scott,Trevon,F,,32:15,6.0,15.0,0.4,3.0,8.0,0.375,0.0,0.0,0.0,1.0,3.0,4.0,2.0,0.0,0.0,0.0,5.0,15.0,-10.0
2022500010,1612709921,LIN,Long Island,1630604,E.J. Liddell,E.J.,C,,33:27,6.0,12.0,0.5,1.0,5.0,0.2,3.0,3.0,1.0,2.0,7.0,9.0,3.0,3.0,2.0,4.0,5.0,17.0,2.0
2022500010,1612709921,LIN,Long Island,1642849,Nolan Traore,Nolan,G,,31:02,4.0,6.0,0.667,1.0,2.0,0.5,3.0,3.0,1.0,1.0,6.0,7.0,6.0,1.0,1.0,5.0,2.0,13.0,1.0
2022500010,1612709921,LIN,Long Island,1641879,Yuri Collins,Yuri,G,,27:14,5.0,8.0,0.625,3.0,5.0,0.6,0.0,0.0,0.0,0.0,2.0,2.0,5.0,1.0,0.0,6.0,3.0,13.0,-5.0
2022500010,1612709921,LIN,Long Island,1642879,Ben Saraf,Ben,,,18:29,3.0,8.0,0.375,1.0,1.0,1.0,0.0,1.0,0.0,0.0,2.0,2.0,2.0,3.0,0.0,3.0,1.0,7.0,-14.0
2022500010,1612709921,LIN,Long Island,1641987,David Muoka,David,,,15:01,3.0,6.0,0.5,0.0,0.0,0.0,0.0,1.0,0.0,1.0,3.0,4.0,0.0,0.0,1.0,0.0,1.0,6.0,-11.0
2022500010,1612709921,LIN,Long Island,1630623,Tyson Etienne,Tyson,,,26:11,4.0,12.0,0.333,3.0,11.0,0.273,0.0,0.0,0.0,1.0,1.0,2.0,6.0,1.0,1.0,1.0,3.0,11.0,2.0
2022500010,1612709921,LIN,Long Island,1643105,D'Andre Davis,D'Andre,,,12:28,2.0,4.0,0.5,2.0,4.0,0.5,0.0,0.0,0.0,2.0,2.0,4.0,0.0,2.0,0.0,1.0,1.0,6.0,2.0
2022500010,1612709921,LIN,Long Island,1641869,Malachi Smith,Malachi,,,19:15,2.0,5.0,0.4,1.0,3.0,0.333,0.0,0.0,0.0,1.0,4.0,5.0,6.0,0.0,0.0,1.0,1.0,5.0,0.0
2022500010,1612709921,LIN,Long Island,1642470,Hunter Cattoor,Hunter,,DNP - Coach's Decision,,,,,,,,,,,,,,,,,,,,
2022500010,1612709921,LIN,Long Island,1641761,Grant Nelson,Grant,,DNP - Injury/Illness,,,,,,,,,,,,,,,,,,,,
2022500010,1612709921,LIN,Long Island,1642011,Terry Roberts,Terry,,DNP - Coach's Decision,,,,,,,,,,,,,,,,,,,,
2022500010,1612709921,LIN,Long Island,1630206,Jay Scrubb,Jay,,DNP - Coach's Decision,,,,,,,,,,,,,,,,,,,,
2022500010,1612709931,MXC,Mexico City,1630547,James Bouknight,James,F,,29:33,4.0,12.0,0.333,4.0,11.0,0.364,2.0,2.0,1.0,1.0,2.0,3.0,1.0,2.0,1.0,1.0,1.0,17.0,-14.0
2022500010,1612709931,MXC,Mexico City,1643153,RJ Melendez,RJ,F,,24:19,3.0,9.0,0.333,0.0,3.0,0.0,1.0,2.0,0.5,1.0,3.0,4.0,0.0,0.0,0.0,6.0,2.0,8.0,-17.0
2022500010,1612709931,MXC,Mexico City,1643009,Tomas Chapero,Tomas,C,,20:06,1.0,2.0,0.5,0.0,0.0,0.0,0.0,0.0,0.0,0.0,6.0,6.0,0.0,1.0,2.0,1.0,2.0,2.0,-15.0
2022500010,1612709931,MXC,Mexico City,1629958,Ahmad Caver,Ahmad,G,,29:57,4.0,11.0,0.364,2.0,4.0,0.5,2.0,3.0,0.667,0.0,2.0,2.0,3.0,1.0,1.0,1.0,1.0,12.0,8.0
2022500010,1612709931,MXC,Mexico City,1642486,Boo Buie III,Boo,G,,30:58,2.0,7.0,0.286,1.0,5.0,0.2,6.0,7.0,0.857,0.0,3.0,3.0,5.0,2.0,0.0,2.0,1.0,13.0,-1.0
2022500010,1612709931,MXC,Mexico City,1630835,LJ Figueroa,LJ,,,24:25,5.0,11.0,0.455,1.0,4.0,0.25,0.0,0.0,0.0,1.0,6.0,7.0,4.0,5.0,1.0,2.0,5.0,11.0,28.0
2022500010,1612709931,MXC,Mexico City,1642527,Felipe Haase,Felipe,,,16:54,4.0,9.0,0.444,2.0,4.0,0.5,0.0,0.0,0.0,1.0,1.0,2.0,3.0,1.0,1.0,1.0,1.0,10.0,-9.0
2022500010,1612709931,MXC,Mexico City,1642965,Wade Taylor IV,Wade,,,22:20,2.0,6.0,0.333,2.0,4.0,0.5,0.0,0.0,0.0,0.0,0.0,0.0,8.0,0.0,0.0,2.0,1.0,6.0,16.0
2022500010,1612709931,MXC,Mexico City,1642072,Isaih Moore,Isaih,,,24:00,8.0,12.0,0.667,1.0,2.0,0.5,1.0,2.0,0.5,2.0,4.0,6.0,3.0,3.0,1.0,1.0,0.0,18.0,21.0
2022500010,1612709931,MXC,Mexico City,1643158,Andersson Garcia,Andersson,,,17:28,5.0,7.0,0.714,0.0,0.0,0.0,3.0,3.0,1.0,4.0,5.0,9.0,1.0,2.0,0.0,1.0,3.0,14.0,28.0
2022500010,1612709931,MXC,Mexico City,1643079,Reynan dos Santos,Reynan,,DNP - Coach's Decision,,,,,,,,,,,,,,,,,,,,
2022500010,1612709931,MXC,Mexico City,1643336,Esteban Ezequiel Roacho Amador,Esteban Ezequiel,,DNP - Coach's Decision,,,,,,,,,,,,,,,,,,,,
2022500016,1612709932,MCC,Motor City,1631111,Wendell Moore Jr.,Wendell,F,,30:02,5.0,10.0,0.5,1.0,3.0,0.333,2.0,3.0,0.667,3.0,3.0,6.0,1.0,1.0,0.0,2.0,3.0,15.0,-3.0
2022500016,1612709932,MCC,Motor City,1630615,Dawson Garcia,Dawson,F,,10:14,2.0,4.0,0.5,0.0,1.0,0.0,0.0,0.0,0.0,0.0,1.0,1.0,0.0,0.0,1.0,0.0,0.0,4.0,-1.0
2022500016,1612709932,MCC,Motor City,1642449,Tolu Smith,Tolu,C,,19:32,5.0,8.0,0.625,0.0,0.0,0.0,1.0,1.0,1.0,5.0,8.0,13.0,5.0,1.0,1.0,5.0,4.0,12.0,3.0
2022500016,1612709932,MCC,Motor City,1642404,Chaz Lanier,Chaz,G,,32:14,5.0,13.0,0.385,2.0,6.0,0.333,1.0,1.0,1.0,1.0,2.0,3.0,2.0,0.0,0.0,1.0,1.0,13.0,-11.0
2022500016,1612709932,MCC,Motor City,1643022,Jaden Akins,Jaden,G,,32:21,4.0,11.0,0.364,2.0,6.0,0.333,0.0,0.0,0.0,0.0,2.0,2.0,10.0,2.0,0.0,3.0,4.0,10.0,-8.0
2022500016,1612709932,MCC,Motor City,1642439,Quincy Olivari,Quincy,,,23:23,3.0,11.0,0.273,2.0,8.0,0.25,1.0,1.0,1.0,0.0,1.0,1.0,5.0,0.0,0.0,3.0,4.0,10.0,-13.0
2022500016,1612709932,MCC,Motor City,1642403,Isaac Jones,Isaac,,,14:24,1.0,2.0,0.5,0.0,0.0,0.0,0.0,0.0,0.0,1.0,2.0,3.0,1.0,1.0,0.0,1.0,0.0,2.0,-18.0
2022500016,1612709932,MCC,Motor City,1642578,John Ukomadu,John,,,21:45,2.0,5.0,0.4,0.0,2.0,0.0,0.0,1.0,0.0,2.0,1.0,3.0,1.0,1.0,0.0,1.0,4.0,4.0,-11.0
2022500016,1612709932,MCC,Motor City,1642924,Brice Williams,Brice,,,26:57,10.0,14.0,0.714,6.0,9.0,0.667,0.0,0.0,0.0,1.0,0.0,1.0,1.0,1.0,0.0,0.0,4.0,26.0,1.0
2022500016,1612709932,MCC,Motor City,1641752,Bobi Klintman,Bobi,,,29:08,7.0,15.0,0.467,5.0,9.0,0.556,3.0,3.0,1.0,0.0,5.0,5.0,3.0,6.0,0.0,2.0,3.0,25.0,16.0
2022500016,1612709932,MCC,Motor City,1641777,Charles Bediako,Charles,,DNP - Coach's Decision,,,,,,,,,,,,,,,,,,,,
2022500016,1612709932,MCC,Motor City,1642450,Daniss Jenkins,Daniss,,DNP - Coach's Decision,,,,,,,,,,,,,,,,,,,,
2022500016,1612709932,MCC,Motor City,1643188,Matthew Moncrieffe,Matthew,,DNP - Coach's Decision,,,,,,,,,,,,,,,,,,,,
2022500016,1612709932,MCC,Motor City,1643333,O'Mar Stanley,O'Mar,,DNP - Coach's Decision,,,,,,,,,,,,,,,,,,,,
2022500016,1612709932,MCC,Motor City,1643190,Brian Taylor,Brian,,DNP - Coach's Decision,,,,,,,,,,,,,,,,,,,,
2022500016,1612709932,MCC,Motor City,1643189,Symir Torrence,Symir,,DNP - Coach's Decision,,,,,,,,,,,,,,,,,,,,
2022500016,1612709934,VAL,Valley,1631455,Jaden Shackelford,Jaden,F,,31:26,8.0,16.0,0.5,3.0,8.0,0.375,4.0,4.0,1.0,2.0,2.0,4.0,4.0,0.0,0.0,1.0,3.0,26.0,6.0
2022500016,1612709934,VAL,Valley,1630721,Marcus Burk,Marcus,F,,27:35,0.0,3.0,0.0,0.0,2.0,0.0,0.0,0.0,0.0,1.0,4.0,5.0,0.0,0.0,0.0,0.0,0.0,0.0,18.0
2022500016,1612709934,VAL,Valley,1643047,CJ Huntley,CJ,C,,27:57,8.0,11.0,0.727,1.0,2.0,0.5,2.0,3.0,0.667,4.0,6.0,10.0,0.0,0.0,1.0,0.0,3.0,20.0,6.0
2022500016,1612709934,VAL,Valley,1630605,JaQuori McLaughlin,JaQuori,G,,32:02,4.0,7.0,0.571,2.0,3.0,0.667,0.0,0.0,0.0,0.0,0.0,0.0,7.0,1.0,0.0,4.0,0.0,10.0,15.0
2022500016,1612709934,VAL,Valley,1641878,Damion Baugh,Damion,G,,37:54,9.0,21.0,0.429,1.0,7.0,0.143,4.0,6.0,0.667,0.0,4.0,4.0,8.0,4.0,0.0,7.0,0.0,25.0,9.0
2022500016,1612709934,VAL,Valley,1642487,Tyrese Samuel,Tyrese,,,20:03,6.0,10.0,0.6,0.0,0.0,0.0,1.0,1.0,1.0,5.0,4.0,9.0,1.0,3.0,2.0,2.0,3.0,14.0,3.0
2022500016,1612709934,VAL,Valley,1642607,Alex Schumacher,Alex,,,28:54,6.0,10.0,0.6,0.0,3.0,0.0,4.0,4.0,1.0,0.0,5.0,5.0,4.0,1.0,1.0,3.0,2.0,18.0,1.0
2022500016,1612709934,VAL,Valley,1630253,Sean McDermott,Sean,,,26:16,5.0,9.0,0.556,3.0,6.0,0.5,1.0,1.0,1.0,2.0,5.0,7.0,2.0,1.0,0.0,1.0,1.0,14.0,-12.0
2022500016,1612709934,VAL,Valley,1629993,Kaleb Johnson,Kaleb,,,7:53,1.0,1.0,1.0,0.0,0.0,0.0,1.0,1.0,1.0,1.0,2.0,3.0,0.0,0.0,0.0,0.0,0.0,3.0,-1.0
2022500016,1612709934,VAL,Valley,1631123,Jamaree Bouyea,Jamaree,,DNP - Coach's Decision,,,,,,,,,,,,,,,,,,,,
2022500016,1612709934,VAL,Valley,1642886,Koby Brea,Koby,,DNP - Coach's Decision,,,,,,,,,,,,,,,,,,,,
2022500016,1612709934,VAL,Valley,1630587,Isaiah Livers,Isaiah,,DNP - Coach's Decision,,,,,,,,,,,,,,,,,,,,
2022500016,1612709934,VAL,Valley,1643169,Nathan Mariano,Nathan,,DNP - Coach's Decision,,,,,,,,,,,,,,,,,,,,
2022500002,1612709917,GRG,Grand Rapids,1630556,Kessler Edwards,Kessler,F,,32:25,6.0,11.0,0.545,2.0,4.0,0.5,0.0,0.0,0.0,1.0,13.0,14.0,2.0,2.0,1.0,0.0,4.0,14.0,21.0
2022500002,1612709917,GRG,Grand Rapids,1641747,DaRon Holmes II,DaRon,F,,36:32,4.0,11.0,0.364,1.0,4.0,0.25,6.0,7.0,0.857,0.0,5.0,5.0,7.0,0.0,1.0,1.0,3.0,19.0,17.0
2022500002,1612709917,GRG,Grand Rapids,1629650,Moses Brown,Moses,C,,23:50,11.0,16.0,0.688,0.0,0.0,0.0,3.0,4.0,0.75,5.0,6.0,11.0,1.0,0.0,1.0,0.0,0.0,27.0,14.0
2022500002,1612709917,GRG,Grand Rapids,1642938,Curtis Jones,Curtis,G,,34:29,5.0,16.0,0.313,2.0,9.0,0.222,2.0,2.0,1.0,1.0,4.0,5.0,3.0,1.0,0.0,1.0,4.0,16.0,20.0
2022500002,1612709917,GRG,Grand Rapids,1642926,Tamar Bates,Tamar,G,,33:05,7.0,13.0,0.538,3.0,7.0,0.429,1.0,1.0,1.0,1.0,2.0,3.0,0.0,2.0,0.0,0.0,2.0,18.0,21.0
2022500002,1612709917,GRG,Grand Rapids,1631231,James Akinjo,James,,,24:59,2.0,9.0,0.222,1.0,4.0,0.25,0.0,0.0,0.0,0.0,3.0,3.0,4.0,3.0,0.0,3.0,1.0,5.0,-11.0
2022500002,1612709917,GRG,Grand Rapids,1641746,Coleman Hawkins,Coleman,,,16:25,3.0,7.0,0.429,0.0,1.0,0.0,0.0,0.0,0.0,5.0,2.0,7.0,2.0,1.0,0.0,2.0,1.0,6.0,-5.0
2022500002,1612709917,GRG,Grand Rapids,1641863,Dane Goodwin,Dane,,,19:43,3.0,9.0,0.333,0.0,5.0,0.0,1.0,1.0,1.0,1.0,4.0,5.0,1.0,0.0,2.0,0.0,1.0,8.0,6.0
2022500002,1612709917,GRG,Grand Rapids,1631322,Javante McCoy,Javante,,,13:55,2.0,7.0,0.286,2.0,3.0,0.667,0.0,0.0,0.0,0.0,1.0,1.0,1.0,0.0,0.0,2.0,2.0,6.0,0.0
2022500002,1612709917,GRG,Grand Rapids,1643144,Blaise Threatt,Blaise,,,1:53,0.0,2.0,0.0,0.0,0.0,0.0,0.0,0.0,0.0,0.0,0.0,0.0,0.0,0.0,0.0,0.0,0.0,0.0,-6.0
2022500002,1612709917,GRG,Grand Rapids,1643075,Terrence Hargrove Jr.,Terrence,,,1:22,0.0,0.0,0.0,0.0,0.0,0.0,0.0,0.0,0.0,0.0,0.0,0.0,0.0,0.0,0.0,0.0,2.0,0.0,-6.0
2022500002,1612709917,GRG,Grand Rapids,1643014,Michael Caicedo,Michael,,,1:22,0.0,0.0,0.0,0.0,0.0,0.0,0.0,0.0,0.0,0.0,0.0,0.0,0.0,0.0,0.0,0.0,0.0,0.0,-6.0
2022500002,1612709917,GRG,Grand Rapids,1641939,Justyn Hamilton,Justyn,,DNP - Coach's Decision,,,,,,,,,,,,,,,,,,,,
2022500002,1612709917,GRG,Grand Rapids,1642461,Spencer Jones,Spencer,,DNP - Coach's Decision,,,,,,,,,,,,,,,,,,,,
2022500002,1612709922,GBO,Greensboro,1641809,Drew Peterson,Drew,F,,36:30,5.0,16.0,0.313,1.0,8.0,0.125,0.0,0.0,0.0,0.0,8.0,8.0,2.0,2.0,0.0,4.0,3.0,11.0,5.0
2022500002,1612709922,GBO,Greensboro,1642862,Liam McNeeley,Liam,F,,36:02,4.0,13.0,0.308,0.0,7.0,0.0,5.0,5.0,1.0,0.0,8.0,8.0,8.0,1.0,1.0,1.0,2.0,15.0,-22.0
2022500002,1612709922,GBO,Greensboro,1641790,PJ Hall,PJ,C,,23:37,4.0,9.0,0.444,1.0,5.0,0.2,0.0,0.0,0.0,3.0,4.0,7.0,0.0,1.0,0.0,4.0,6.0,9.0,1.0
2022500002,1612709922,GBO,Greensboro,1641810,Antonio Reeves,Antonio,G,,36:20,6.0,16.0,0.375,4.0,9.0,0.444,1.0,1.0,1.0,1.0,5.0,6.0,2.0,0.0,0.0,3.0,0.0,17.0,-13.0
2022500002,1612709922,GBO,Greensboro,1631474,Terrell Brown Jr.,Terrell,G,,23:49,6.0,10.0,0.6,2.0,5.0,0.4,1.0,1.0,1.0,1.0,3.0,4.0,2.0,1.0,0.0,0.0,5.0,15.0,-17.0
2022500002,1612709922,GBO,Greensboro,1630641,Ibou Badji,Ibou,,,10:59,1.0,3.0,0.333,0.0,0.0,0.0,0.0,0.0,0.0,2.0,1.0,3.0,1.0,0.0,5.0,0.0,2.0,2.0,-8.0
2022500002,1612709922,GBO,Greensboro,1631301,Jaylen Sims,Jaylen,,,21:51,2.0,7.0,0.286,1.0,6.0,0.167,1.0,2.0,0.5,0.0,1.0,1.0,1.0,1.0,0.0,0.0,0.0,7.0,-11.0
2022500002,1612709922,GBO,Greensboro,1641749,Keyontae Johnson,Keyontae,,,27:06,4.0,10.0,0.4,0.0,3.0,0.0,4.0,5.0,0.8,2.0,6.0,8.0,2.0,0.0,0.0,3.0,0.0,15.0,6.0
2022500002,1612709922,GBO,Greensboro,1643251,Josiah Allick,Josiah,,,13:24,2.0,4.0,0.5,0.0,1.0,0.0,1.0,1.0,1.0,3.0,1.0,4.0,3.0,0.0,1.0,0.0,1.0,6.0,-6.0
2022500002,1612709922,GBO,Greensboro,1641994,Brandon Slater,Brandon,,,10:22,3.0,4.0,0.75,3.0,3.0,1.0,0.0,0.0,0.0,0.0,0.0,0.0,1.0,0.0,0.0,1.0,1.0,9.0,0.0
2022500002,1612709922,GBO,Greensboro,1642915,Eric Dixon,Eric,,DNP - Coach's Decision,,,,,,,,,,,,,,,,,,,,
2022500002,1612709922,GBO,Greensboro,1630585,Marcus Garrett,Marcus,,DNP - Coach's Decision,,,,,,,,,,,,,,,,,,,,
2022500002,1612709922,GBO,Greensboro,1642485,DJ Rodman,DJ,,DNP - Coach's Decision,,,,,,,,,,,,,,,,,,,,
2022500002,1612709922,GBO,Greensboro,1642354,KJ Simpson,KJ,,DNP - Coach's Decision,,,,,,,,,,,,,,,,,,,,
2022500001,1612709914,STO,Stockton,1631342,Daeqwon Plowden,Daeqwon,F,,35:52,7.0,12.0,0.583,1.0,4.0,0.25,4.0,4.0,1.0,4.0,5.0,9.0,2.0,0.0,1.0,1.0,1.0,22.0,-4.0
2022500001,1612709914,STO,Stockton,1641815,Isaiah Stevens,Isaiah,F,,34:05,6.0,10.0,0.6,1.0,4.0,0.25,0.0,1.0,0.0,0.0,1.0,1.0,9.0,1.0,1.0,1.0,0.0,13.0,-1.0
2022500001,1612709914,STO,Stockton,1642444,Jaylin Williams,Jaylin,C,,20:36,2.0,7.0,0.286,0.0,1.0,0.0,1.0,1.0,1.0,0.0,2.0,2.0,2.0,0.0,1.0,1.0,5.0,6.0,7.0
2022500001,1612709914,STO,Stockton,1629610,DaQuan Jeffries,DaQuan,G,,41:55,7.0,13.0,0.538,5.0,9.0,0.556,2.0,2.0,1.0,0.0,8.0,8.0,0.0,1.0,1.0,3.0,3.0,22.0,-7.0
2022500001,1612709914,STO,Stockton,1642269,Devin Carter,Devin,G,,38:19,10.0,24.0,0.417,2.0,10.0,0.2,2.0,4.0,0.5,1.0,5.0,6.0,6.0,5.0,1.0,6.0,3.0,25.0,14.0
2022500001,1612709914,STO,Stockton,1641926,Dexter Dennis,Dexter,,,34:40,6.0,13.0,0.462,2.0,5.0,0.4,1.0,2.0,0.5,2.0,4.0,6.0,1.0,0.0,0.0,1.0,4.0,15.0,-1.0
2022500001,1612709914,STO,Stockton,1629792,Gabe Levin,Gabe,,,18:56,3.0,4.0,0.75,0.0,0.0,0.0,2.0,2.0,1.0,2.0,2.0,4.0,2.0,1.0,0.0,0.0,3.0,9.0,-2.0
2022500001,1612709914,STO,Stockton,1631399,Jon Elmore,Jon,,,21:36,2.0,3.0,0.667,1.0,1.0,1.0,1.0,1.0,1.0,1.0,4.0,5.0,6.0,4.0,1.0,0.0,3.0,7.0,9.0
2022500001,1612709914,STO,Stockton,1643112,Mitchell Mascari,Mitchell,,,4:02,0.0,3.0,0.0,0.0,2.0,0.0,0.0,0.0,0.0,0.0,0.0,0.0,0.0,1.0,0.0,1.0,0.0,0.0,-5.0
2022500001,1612709914,STO,Stockton,1643138,Daniel Batcho,Daniel,,DNP - Coach's Decision,,,,,,,,,,,,,,,,,,,,
2022500001,1612709914,STO,Stockton,1642928,Dylan Cardwell,Dylan,,DNP - Coach's Decision,,,,,,,,,,,,,,,,,,,,
2022500001,1612709914,STO,Stockton,1641784,Antoine Davis,Antoine,,DNP - Coach's Decision,,,,,,,,,,,,,,,,,,,,
2022500001,1612709914,STO,Stockton,1642428,KJ Jones II,KJ,,DNP - Coach's Decision,,,,,,,,,,,,,,,,,,,,
2022500001,1612709914,STO,Stockton,1642392,Jameer Nelson Jr.,Jameer,,DNP - Coach's Decision,,,,,,,,,,,,,,,,,,,,
2022500001,1612709890,AUS,Austin,1642563,Osayi Osifo,Osayi,F,,10:21,2.0,3.0,0.667,0.0,0.0,0.0,0.0,0.0,0.0,3.0,2.0,5.0,0.0,0.0,0.0,1.0,3.0,4.0,-14.0
2022500001,1612709890,AUS,Austin,1630695,Micah Potter,Micah,F,,127:04,6.0,8.0,0.75,1.0,2.0,0.5,1.0,2.0,0.5,3.0,8.0,11.0,0.0,2.0,0.0,2.0,3.0,15.0,6.0
2022500001,1612709890,AUS,Austin,1630649,Stanley Umude,Stanley,C,,38:34,13.0,24.0,0.542,1.0,8.0,0.125,5.0,6.0,0.833,2.0,3.0,5.0,1.0,3.0,1.0,0.0,4.0,34.0,1.0
2022500001,1612709890,AUS,Austin,1643070,Jayden Nunn,Jayden,G,,29:36,3.0,9.0,0.333,1.0,4.0,0.25,2.0,2.0,1.0,1.0,0.0,1.0,4.0,0.0,0.0,1.0,4.0,10.0,-3.0
2022500001,1612709890,AUS,Austin,1630667,Kyle Mangas,Kyle,G,,18:28,0.0,6.0,0.0,0.0,1.0,0.0,0.0,0.0,0.0,1.0,1.0,2.0,3.0,0.0,0.0,2.0,1.0,0.0,6.0
2022500001,1612709890,AUS,Austin,1631127,Harrison Ingram,Harrison,,,34:47,5.0,11.0,0.455,1.0,3.0,0.333,0.0,1.0,0.0,1.0,9.0,10.0,2.0,0.0,0.0,0.0,2.0,11.0,-11.0
2022500001,1612709890,AUS,Austin,1642357,David Jones Garcia,David,,,30:39,11.0,25.0,0.44,4.0,7.0,0.571,4.0,6.0,0.667,1.0,3.0,4.0,4.0,3.0,0.0,3.0,3.0,31.0,4.0
2022500001,1612709890,AUS,Austin,1631132,Christian Koloko,Christian,,,-76:0-55,2.0,2.0,1.0,0.0,0.0,0.0,1.0,1.0,1.0,2.0,5.0,7.0,1.0,0.0,3.0,3.0,2.0,6.0,12.0
2022500001,1612709890,AUS,Austin,203901,Elfrid Payton,Elfrid,,,26:22,2.0,5.0,0.4,0.0,0.0,0.0,0.0,0.0,0.0,2.0,4.0,6.0,6.0,1.0,0.0,4.0,1.0,4.0,-4.0
2022500001,1612709890,AUS,Austin,1630791,James Banks III,James,,,1:21,0.0,0.0,0.0,0.0,0.0,0.0,0.0,0.0,0.0,0.0,0.0,0.0,0.0,0.0,0.0,0.0,0.0,0.0,-1.0
2022500001,1612709890,AUS,Austin,1631413,Trey McGowens,Trey,,,9:44,1.0,3.0,0.333,0.0,0.0,0.0,0.0,0.0,0.0,0.0,0.0,0.0,0.0,0.0,0.0,2.0,3.0,2.0,-6.0
2022500001,1612709890,AUS,Austin,1641745,Adam Flagler,Adam,,NWT - Injury/Illness,,,,,,,,,,,,,,,,,,,,
2022500001,1612709890,AUS,Austin,1630627,Isaiah Miller,Isaiah,,NWT - Injury/Illness,,,,,,,,,,,,,,,,,,,,
2022500013,1612709933,RCR,Rip City,1630651,Romeo Weems,Romeo,F,,26:28,0.0,4.0,0.0,0.0,2.0,0.0,0.0,0.0,0.0,0.0,1.0,1.0,0.0,0.0,1.0,0.0,0.0,0.0,-14.0
2022500013,1612709933,RCR,Rip City,1642024,Alex Reese,Alex,F,,29:41,4.0,9.0,0.444,3.0,8.0,0.375,0.0,0.0,0.0,1.0,5.0,6.0,3.0,0.0,1.0,0.0,4.0,11.0,17.0
2022500013,1612709933,RCR,Rip City,1641857,Liam Robbins,Liam,C,,24:45,6.0,9.0,0.667,1.0,3.0,0.333,2.0,3.0,0.667,3.0,4.0,7.0,3.0,1.0,1.0,2.0,1.0,18.0,7.0
2022500013,1612709933,RCR,Rip City,1641794,Dillon Jones,Dillon,G,,40:53,5.0,11.0,0.455,2.0,6.0,0.333,3.0,3.0,1.0,0.0,7.0,7.0,10.0,1.0,1.0,5.0,1.0,18.0,2.0
2022500013,1612709933,RCR,Rip City,1631451,Javonte Cooke,Javonte,G,,34:09,9.0,22.0,0.409,6.0,12.0,0.5,2.0,4.0,0.5,1.0,2.0,3.0,3.0,2.0,0.0,2.0,1.0,27.0,-7.0
2022500013,1612709933,RCR,Rip City,1642972,Andrew Carr,Andrew,,,24:44,4.0,10.0,0.4,1.0,4.0,0.25,3.0,4.0,0.75,5.0,3.0,8.0,4.0,1.0,0.0,2.0,5.0,14.0,-15.0
2022500013,1612709933,RCR,Rip City,1643257,Jayson Kent,Jayson,,,29:49,6.0,15.0,0.4,4.0,10.0,0.4,2.0,2.0,1.0,5.0,2.0,7.0,0.0,1.0,1.0,1.0,3.0,19.0,-8.0
2022500013,1612709933,RCR,Rip City,1642951,Sean Pedulla,Sean,,,17:49,3.0,6.0,0.5,1.0,3.0,0.333,2.0,2.0,1.0,0.0,1.0,1.0,2.0,1.0,0.0,2.0,2.0,11.0,-11.0
2022500013,1612709933,RCR,Rip City,1642501,Jaykwon Walton,Jaykwon,,,11:42,2.0,4.0,0.5,0.0,2.0,0.0,0.0,0.0,0.0,0.0,0.0,0.0,2.0,0.0,0.0,0.0,0.0,4.0,4.0
2022500013,1612709933,RCR,Rip City,1631321,Sidy Cissoko,Sidy,,DNP - Coach's Decision,,,,,,,,,,,,,,,,,,,,
2022500013,1612709933,RCR,Rip City,1642396,Blake Hinson,Blake,,DNP - Coach's Decision,,,,,,,,,,,,,,,,,,,,
2022500013,1612709933,RCR,Rip City,1631126,Caleb Love,Caleb,,DNP - Coach's Decision,,,,,,,,,,,,,,,,,,,,
2022500013,1612709933,RCR,Rip City,1642651,Cameron Parker,Cameron,,DNP - Coach's Decision,,,,,,,,,,,,,,,,,,,,
2022500013,1612709893,CLC,Cleveland,1642400,Tristan Enaruna,Tristan,F,,28:21,6.0,14.0,0.429,2.0,5.0,0.4,6.0,7.0,0.857,0.0,1.0,1.0,0.0,2.0,0.0,0.0,0.0,26.0,3.0
2022500013,1612709893,CLC,Cleveland,1641807,Norchad Omier,Norchad,F,,33:12,8.0,9.0,0.889,0.0,1.0,0.0,2.0,3.0,0.667,2.0,11.0,13.0,4.0,2.0,0.0,1.0,4.0,18.0,15.0
2022500013,1612709893,CLC,Cleveland,1642046,Miller Kopp,Miller,C,,27:35,6.0,9.0,0.667,4.0,7.0,0.571,0.0,0.0,0.0,0.0,2.0,2.0,3.0,1.0,1.0,0.0,2.0,16.0,10.0
2022500013,1612709893,CLC,Cleveland,1643052,Chaney Johnson,Chaney,G,,25:04,4.0,5.0,0.8,1.0,1.0,1.0,1.0,1.0,1.0,2.0,2.0,4.0,1.0,1.0,0.0,1.0,3.0,10.0,10.0
2022500013,1612709893,CLC,Cleveland,1630165,Killian Hayes,Killian,G,,26:39,8.0,17.0,0.471,1.0,5.0,0.2,0.0,0.0,0.0,1.0,4.0,5.0,9.0,2.0,1.0,1.0,1.0,17.0,7.0
2022500013,1612709893,CLC,Cleveland,1641753,Chris Livingston,Chris,,,29:58,5.0,15.0,0.333,0.0,2.0,0.0,0.0,0.0,0.0,0.0,3.0,3.0,0.0,0.0,0.0,2.0,3.0,10.0,-4.0
2022500013,1612709893,CLC,Cleveland,1631449,Warith Alatishe,Warith,,,14:50,2.0,4.0,0.5,0.0,0.0,0.0,1.0,1.0,1.0,1.0,6.0,7.0,2.0,0.0,1.0,0.0,3.0,6.0,-11.0
2022500013,1612709893,CLC,Cleveland,1642468,Darius Brown,Darius,,,30:20,5.0,10.0,0.5,4.0,7.0,0.571,1.0,1.0,1.0,0.0,3.0,3.0,12.0,1.0,0.0,4.0,0.0,15.0,7.0
2022500013,1612709893,CLC,Cleveland,1642283,Jaxson Robinson,Jaxson,,,8:50,1.0,1.0,1.0,1.0,1.0,1.0,0.0,0.0,0.0,0.0,0.0,0.0,0.0,0.0,0.0,0.0,1.0,3.0,-2.0
2022500013,1612709893,CLC,Cleveland,1643083,Zeke Mayo,Zeke,,,11:08,2.0,2.0,1.0,2.0,2.0,1.0,0.0,0.0,0.0,0.0,0.0,0.0,1.0,1.0,0.0,2.0,2.0,6.0,-14.0
2022500013,1612709893,CLC,Cleveland,1642619,Sean McNeil,Sean,,,4:03,0.0,1.0,0.0,0.0,0.0,0.0,0.0,0.0,0.0,0.0,0.0,0.0,1.0,0.0,0.0,0.0,0.0,0.0,4.0
2022500013,1612709893,CLC,Cleveland,1641772,Nae'Qwan Tomlin,Nae'Qwan,,DNP - Coach's Decision,,,,,,,,,,,,,,,,,,,,
2022500013,1612709893,CLC,Cleveland,1631247,Luke Travers,Luke,,DNP - Coach's Decision,,,,,,,,,,,,,,,,,,,,
2022500003,1612709915,MNE,Maine,1631112,Kendall Brown,Kendall,F,,30:15,7.0,14.0,0.5,2.0,5.0,0.4,1.0,2.0,0.5,0.0,6.0,6.0,2.0,0.0,0.0,0.0,0.0,17.0,-8.0
2022500003,1612709915,MNE,Maine,1641779,Jalen Bridges,Jalen,F,,37:39,8.0,16.0,0.5,8.0,14.0,0.571,2.0,2.0,1.0,2.0,5.0,7.0,1.0,2.0,0.0,2.0,3.0,28.0,-8.0
2022500003,1612709915,MNE,Maine,1642873,Amari Williams,Amari,C,,30:48,2.0,6.0,0.333,0.0,0.0,0.0,0.0,0.0,0.0,4.0,8.0,12.0,3.0,1.0,2.0,4.0,3.0,4.0,-6.0
2022500003,1612709915,MNE,Maine,1631199,Ron Harper Jr.,Ron,G,,34:33,9.0,23.0,0.391,5.0,16.0,0.313,3.0,3.0,1.0,1.0,2.0,3.0,5.0,2.0,0.0,4.0,3.0,29.0,-4.0
2022500003,1612709915,MNE,Maine,1642917,Max Shulga,Max,G,,31:56,5.0,12.0,0.417,1.0,7.0,0.143,0.0,1.0,0.0,1.0,2.0,3.0,8.0,2.0,0.0,4.0,2.0,11.0,-22.0
2022500003,1612709915,MNE,Maine,1643058,Aaron Scott,Aaron,,,9:37,0.0,3.0,0.0,0.0,3.0,0.0,1.0,1.0,1.0,0.0,1.0,1.0,0.0,0.0,0.0,1.0,4.0,2.0,-13.0
2022500003,1612709915,MNE,Maine,1642508,Hason Ward,Hason,,,14:35,2.0,5.0,0.4,0.0,0.0,0.0,0.0,0.0,0.0,0.0,2.0,2.0,1.0,2.0,0.0,0.0,3.0,4.0,-8.0
2022500003,1612709915,MNE,Maine,1642560,Makhi Mitchell,Makhi,,,9:57,0.0,0.0,0.0,0.0,0.0,0.0,0.0,0.0,0.0,0.0,0.0,0.0,0.0,0.0,0.0,0.0,1.0,0.0,-6.0
2022500003,1612709915,MNE,Maine,1643060,Hayden Gray,Hayden,,,27:32,4.0,11.0,0.364,2.0,6.0,0.333,1.0,1.0,1.0,0.0,2.0,2.0,5.0,3.0,0.0,1.0,3.0,12.0,-1.0
2022500003,1612709915,MNE,Maine,1643149,Stefan Todorovic,Stefan,,,6:35,0.0,1.0,0.0,0.0,1.0,0.0,0.0,0.0,0.0,0.0,0.0,0.0,0.0,0.0,0.0,1.0,0.0,0.0,-2.0
2022500003,1612709915,MNE,Maine,1630218,Robert Woodard II,Robert,,,6:33,0.0,2.0,0.0,0.0,1.0,0.0,0.0,0.0,0.0,0.0,0.0,0.0,0.0,1.0,1.0,0.0,0.0,0.0,-2.0
2022500003,1612709915,MNE,Maine,1643323,Rahsool Diggins,Rahsool,,DNP - Coach's Decision,,,,,,,,,,,,,,,,,,,,
2022500003,1612709915,MNE,Maine,1630553,Keon Johnson,Keon,,DNP - Coach's Decision,,,,,,,,,,,,,,,,,,,,
2022500003,1612709915,MNE,Maine,1642696,Kameron Warrens,Kameron,,DNP - Coach's Decision,,,,,,,,,,,,,,,,,,,,
2022500003,1612709903,SLC,Salt Lake City,1641989,Elijah Harkless,Elijah,F,,27:09,10.0,19.0,0.526,1.0,6.0,0.167,6.0,6.0,1.0,2.0,3.0,5.0,1.0,2.0,0.0,6.0,3.0,32.0,4.0
2022500003,1612709903,SLC,Salt Lake City,1631131,Oscar Tshiebwe,Oscar,F,,29:52,6.0,7.0,0.857,0.0,0.0,0.0,1.0,2.0,0.5,4.0,13.0,17.0,0.0,0.0,0.0,2.0,3.0,14.0,7.0
2022500003,1612709903,SLC,Salt Lake City,1628964,Mo Bamba,Mo,C,,25:46,1.0,10.0,0.1,1.0,5.0,0.2,0.0,0.0,0.0,5.0,9.0,14.0,1.0,0.0,3.0,1.0,0.0,3.0,5.0
2022500003,1612709903,SLC,Salt Lake City,1642910,John Tonje,John,G,,31:05,4.0,7.0,0.571,2.0,4.0,0.5,2.0,2.0,1.0,1.0,2.0,3.0,0.0,0.0,0.0,1.0,1.0,14.0,-1.0
2022500003,1612709903,SLC,Salt Lake City,1630546,Max Abmas,Max,G,,19:12,3.0,11.0,0.273,1.0,6.0,0.167,1.0,1.0,1.0,0.0,0.0,0.0,3.0,0.0,0.0,1.0,0.0,9.0,12.0
2022500003,1612709903,SLC,Salt Lake City,1630787,Cameron McGriff,Cameron,,,24:39,5.0,8.0,0.625,2.0,4.0,0.5,1.0,1.0,1.0,2.0,5.0,7.0,3.0,2.0,0.0,1.0,1.0,14.0,13.0
2022500003,1612709903,SLC,Salt Lake City,1641802,Matthew Murrell,Matthew,,,30:19,3.0,8.0,0.375,2.0,7.0,0.286,0.0,0.0,0.0,0.0,2.0,2.0,4.0,1.0,0.0,1.0,3.0,8.0,14.0
2022500003,1612709903,SLC,Salt Lake City,1642398,Sean East II,Sean,,,29:34,9.0,19.0,0.474,1.0,6.0,0.167,1.0,1.0,1.0,0.0,3.0,3.0,7.0,1.0,0.0,5.0,2.0,22.0,9.0
2022500003,1612709903,SLC,Salt Lake City,1642640,Justin Harmon,Justin,,,15:24,3.0,7.0,0.429,1.0,1.0,1.0,0.0,0.0,0.0,3.0,4.0,7.0,0.0,2.0,0.0,1.0,1.0,7.0,7.0
2022500003,1612709903,SLC,Salt Lake City,1643264,Hank Morgan,Hank,,,7:00,0.0,1.0,0.0,0.0,1.0,0.0,0.0,0.0,0.0,0.0,0.0,0.0,1.0,1.0,0.0,0.0,2.0,0.0,10.0
2022500003,1612709903,SLC,Salt Lake City,1630817,Pedro Bradshaw,Pedro,,DNP - Coach's Decision,,,,,,,,,,,,,,,,,,,,
2022500003,1612709903,SLC,Salt Lake City,1643080,Steven Crowl,Steven,,DNP - Coach's Decision,,,,,,,,,,,,,,,,,,,,
2022500003,1612709903,SLC,Salt Lake City,1643321,Max Klesmit,Max,,DNP - Coach's Decision,,,,,,,,,,,,,,,,,,,,
2022500006,1612709925,OSC,Osceola,1631311,Lester Quinones,Lester,F,,33:54,5.0,13.0,0.385,3.0,8.0,0.375,1.0,1.0,1.0,1.0,11.0,12.0,6.0,0.0,0.0,1.0,4.0,15.0,-13.0
2022500006,1612709925,OSC,Osceola,1631457,Alex Morales,Alex,F,,38:42,4.0,12.0,0.333,1.0,6.0,0.167,1.0,2.0,0.5,3.0,2.0,5.0,4.0,3.0,0.0,3.0,5.0,11.0,-16.0
2022500006,1612709925,OSC,Osceola,1630762,Phillip Wheeler,Phillip,C,,14:51,3.0,7.0,0.429,0.0,3.0,0.0,0.0,0.0,0.0,0.0,2.0,2.0,0.0,1.0,1.0,3.0,2.0,6.0,-17.0
2022500006,1612709925,OSC,Osceola,1641736,Reece Beekman,Reece,G,,39:52,5.0,13.0,0.385,0.0,2.0,0.0,3.0,4.0,0.75,1.0,3.0,4.0,6.0,4.0,1.0,4.0,5.0,16.0,-13.0
2022500006,1612709925,OSC,Osceola,1630622,Jalen Crutcher,Jalen,G,,21:44,2.0,7.0,0.286,1.0,4.0,0.25,0.0,1.0,0.0,1.0,1.0,2.0,2.0,0.0,0.0,1.0,2.0,5.0,-21.0
2022500006,1612709925,OSC,Osceola,1641785,Johnell Davis,Johnell,,,18:19,4.0,11.0,0.364,1.0,5.0,0.2,2.0,3.0,0.667,1.0,3.0,4.0,4.0,3.0,0.0,1.0,3.0,13.0,20.0
2022500006,1612709925,OSC,Osceola,1631303,Justin Minaya,Justin,,,30:33,5.0,9.0,0.556,3.0,6.0,0.5,0.0,0.0,0.0,0.0,5.0,5.0,1.0,2.0,4.0,2.0,2.0,13.0,14.0
2022500006,1612709925,OSC,Osceola,1630606,Javonte Smart,Javonte,,,22:27,3.0,12.0,0.25,1.0,8.0,0.125,3.0,4.0,0.75,0.0,2.0,2.0,1.0,1.0,0.0,0.0,0.0,10.0,-12.0
2022500006,1612709925,OSC,Osceola,1642475,William Baker,William,,,15:44,5.0,8.0,0.625,0.0,0.0,0.0,0.0,0.0,0.0,4.0,7.0,11.0,0.0,0.0,0.0,0.0,2.0,10.0,4.0
2022500006,1612709925,OSC,Osceola,1643131,Ace Baldwin,Ace,,,3:54,0.0,0.0,0.0,0.0,0.0,0.0,0.0,0.0,0.0,0.0,0.0,0.0,0.0,0.0,0.0,2.0,0.0,0.0,-11.0
2022500006,1612709910,NOB,Noblesville,1643007,Taelon Peter,Taelon,F,,38:57,10.0,17.0,0.588,7.0,13.0,0.538,4.0,4.0,1.0,1.0,7.0,8.0,1.0,0.0,1.0,3.0,1.0,32.0,19.0
2022500006,1612709910,NOB,Noblesville,1641771,Jalen Slawson,Jalen,F,,32:05,7.0,13.0,0.538,2.0,6.0,0.333,3.0,4.0,0.75,2.0,14.0,16.0,5.0,4.0,3.0,4.0,5.0,21.0,27.0
2022500006,1612709910,NOB,Noblesville,1643093,Samson Johnson,Samson,C,,20:09,5.0,7.0,0.714,0.0,0.0,0.0,0.0,2.0,0.0,3.0,3.0,6.0,1.0,0.0,0.0,1.0,1.0,10.0,6.0
2022500006,1612709910,NOB,Noblesville,1642880,Kam Jones,Kam,G,,24:56,7.0,15.0,0.467,0.0,2.0,0.0,0.0,0.0,0.0,3.0,2.0,5.0,6.0,1.0,0.0,1.0,0.0,14.0,19.0
2022500006,1612709910,NOB,Noblesville,1629657,Kyle Guy,Kyle,G,,41:46,2.0,10.0,0.2,1.0,6.0,0.167,1.0,2.0,0.5,1.0,7.0,8.0,8.0,1.0,1.0,2.0,4.0,8.0,20.0
2022500006,1612709910,NOB,Noblesville,1631421,Au'Diese Toney,Au'Diese,,,35:34,5.0,10.0,0.5,1.0,5.0,0.2,4.0,4.0,1.0,2.0,4.0,6.0,2.0,1.0,1.0,4.0,3.0,17.0,-2.0
2022500006,1612709910,NOB,Noblesville,1643094,Steven Ashworth,Steven,,,23:57,4.0,9.0,0.444,0.0,5.0,0.0,1.0,1.0,1.0,0.0,1.0,1.0,1.0,0.0,0.0,5.0,3.0,10.0,-8.0
2022500006,1612709910,NOB,Noblesville,1643160,Cameron Hildreth,Cameron,,,19:34,0.0,0.0,0.0,0.0,0.0,0.0,0.0,1.0,0.0,0.0,5.0,5.0,4.0,0.0,1.0,1.0,5.0,0.0,-6.0
2022500006,1612709910,NOB,Noblesville,1643217,Omar El-Sheikh,Omar,,,1:52,0.0,2.0,0.0,0.0,2.0,0.0,0.0,1.0,0.0,0.0,0.0,0.0,0.0,0.0,0.0,0.0,0.0,0.0,-8.0
2022500006,1612709910,NOB,Noblesville,1643161,M.J. Iraldi,M.J.,,,1:10,0.0,1.0,0.0,0.0,1.0,0.0,0.0,0.0,0.0,0.0,0.0,0.0,0.0,0.0,0.0,0.0,0.0,0.0,-2.0
2022500006,1612709910,NOB,Noblesville,1643048,Ethan Taylor,Ethan,,DNP - Coach's Decision,,,,,,,,,,,,,,,,,,,,
2022500005,1612709893,CLC,Cleveland,1642046,Miller Kopp,Miller,F,,20:20,3.0,8.0,0.375,3.0,8.0,0.375,1.0,1.0,1.0,0.0,2.0,2.0,1.0,1.0,0.0,3.0,4.0,10.0,8.0
2022500005,1612709893,CLC,Cleveland,1642400,Tristan Enaruna,Tristan,F,,28:27,11.0,15.0,0.733,3.0,6.0,0.5,0.0,0.0,0.0,0.0,3.0,3.0,0.0,0.0,2.0,4.0,1.0,25.0,2.0
2022500005,1612709893,CLC,Cleveland,1641807,Norchad Omier,Norchad,C,,23:42,3.0,5.0,0.6,0.0,0.0,0.0,2.0,3.0,0.667,5.0,5.0,10.0,2.0,2.0,0.0,5.0,3.0,10.0,-2.0
2022500005,1612709893,CLC,Cleveland,1642468,Darius Brown,Darius,G,,38:40,2.0,11.0,0.182,1.0,5.0,0.2,0.0,0.0,0.0,0.0,6.0,6.0,11.0,4.0,2.0,4.0,2.0,5.0,-3.0
2022500005,1612709893,CLC,Cleveland,1630165,Killian Hayes,Killian,G,,34:56,10.0,16.0,0.625,3.0,7.0,0.429,2.0,3.0,0.667,0.0,3.0,3.0,9.0,0.0,2.0,3.0,2.0,26.0,7.0
2022500005,1612709893,CLC,Cleveland,1643052,Chaney Johnson,Chaney,,,21:34,5.0,5.0,1.0,1.0,1.0,1.0,0.0,0.0,0.0,1.0,3.0,4.0,0.0,0.0,0.0,1.0,1.0,11.0,3.0
2022500005,1612709893,CLC,Cleveland,1641753,Chris Livingston,Chris,,,25:05,4.0,11.0,0.364,0.0,4.0,0.0,4.0,4.0,1.0,0.0,3.0,3.0,2.0,0.0,1.0,1.0,1.0,13.0,8.0
2022500005,1612709893,CLC,Cleveland,1631449,Warith Alatishe,Warith,,,14:58,2.0,2.0,1.0,0.0,0.0,0.0,0.0,0.0,0.0,3.0,3.0,6.0,1.0,1.0,3.0,0.0,1.0,4.0,8.0
2022500005,1612709893,CLC,Cleveland,1642619,Sean McNeil,Sean,,,16:18,1.0,5.0,0.2,1.0,4.0,0.25,0.0,0.0,0.0,0.0,1.0,1.0,0.0,1.0,0.0,0.0,1.0,3.0,5.0
2022500005,1612709893,CLC,Cleveland,1643083,Zeke Mayo,Zeke,,,16:00,4.0,4.0,1.0,3.0,3.0,1.0,0.0,0.0,0.0,0.0,0.0,0.0,4.0,0.0,0.0,3.0,2.0,11.0,19.0
2022500005,1612709893,CLC,Cleveland,1642283,Jaxson Robinson,Jaxson,,DNP - Coach's Decision,,,,,,,,,,,,,,,,,,,,
2022500005,1612709926,MHU,Memphis,1629718,Charlie Brown Jr.,Charlie,F,,33:00,6.0,16.0,0.375,3.0,10.0,0.3,2.0,2.0,1.0,0.0,1.0,1.0,7.0,3.0,0.0,2.0,0.0,18.0,-6.0
2022500005,1612709926,MHU,Memphis,1641713,GG Jackson,GG,F,,32:13,6.0,13.0,0.462,2.0,9.0,0.222,0.0,2.0,0.0,0.0,4.0,4.0,6.0,0.0,3.0,4.0,1.0,14.0,-11.0
2022500005,1612709926,MHU,Memphis,1643223,Abou Ousmane,Abou,C,,23:40,7.0,10.0,0.7,0.0,0.0,0.0,0.0,0.0,0.0,4.0,5.0,9.0,0.0,3.0,1.0,1.0,1.0,14.0,-16.0
2022500005,1612709926,MHU,Memphis,1631174,Tyler Burton,Tyler,G,,30:05,5.0,11.0,0.455,3.0,7.0,0.429,0.0,0.0,0.0,2.0,7.0,9.0,2.0,4.0,0.0,4.0,1.0,13.0,-13.0
2022500005,1612709926,MHU,Memphis,1642942,Jahmai Mashack,Jahmai,G,,32:22,4.0,9.0,0.444,0.0,2.0,0.0,0.0,2.0,0.0,4.0,0.0,4.0,5.0,1.0,0.0,2.0,4.0,8.0,-14.0
2022500005,1612709926,MHU,Memphis,1630207,Nate Hinton,Nate,,,27:53,4.0,11.0,0.364,0.0,2.0,0.0,1.0,1.0,1.0,2.0,2.0,4.0,4.0,1.0,0.0,0.0,2.0,10.0,2.0
2022500005,1612709926,MHU,Memphis,1642573,Jordan Minor,Jordan,,,20:23,7.0,11.0,0.636,0.0,0.0,0.0,1.0,2.0,0.5,3.0,1.0,4.0,1.0,1.0,0.0,0.0,3.0,16.0,3.0
2022500005,1612709926,MHU,Memphis,1630610,DeJon Jarreau,DeJon,,,21:03,4.0,8.0,0.5,1.0,3.0,0.333,0.0,0.0,0.0,0.0,1.0,1.0,5.0,1.0,1.0,3.0,2.0,9.0,6.0
2022500005,1612709926,MHU,Memphis,1631351,Lucas Williamson,Lucas,,,12:15,1.0,1.0,1.0,1.0,1.0,1.0,1.0,1.0,1.0,0.0,1.0,1.0,0.0,1.0,0.0,1.0,0.0,5.0,0.0
2022500005,1612709926,MHU,Memphis,1631407,Evan Gilyard,Evan,,,7:06,0.0,2.0,0.0,0.0,1.0,0.0,0.0,0.0,0.0,0.0,0.0,0.0,1.0,0.0,0.0,0.0,0.0,0.0,-6.0
2022500005,1612709926,MHU,Memphis,1643133,Lawson Lovering,Lawson,,DND - Injury/Illness,,,,,,,,,,,,,,,,,,,,
2022500005,1612709926,MHU,Memphis,1641765,Olivier-Maxence Prosper,Olivier-Maxence,,NWT - Not With Team,,,,,,,,,,,,,,,,,,,,
2022500005,1612709926,MHU,Memphis,1642914,Javon Small,Javon,,NWT - Not With Team,,,,,,,,,,,,,,,,,,,,
2022500005,1612709926,MHU,Memphis,1643224,Paul Zilinskas,Paul,,DNP - Coach's Decision,,,,,,,,,,,,,,,,,,,,
2022500007,1612709918,TEX,Texas,1629015,Zhaire Smith,Zhaire,F,,27:47,4.0,9.0,0.444,1.0,4.0,0.25,0.0,0.0,0.0,2.0,3.0,5.0,3.0,3.0,1.0,3.0,3.0,9.0,-13.0
2022500007,1612709918,TEX,Texas,1630526,Jeremiah Robinson-Earl,Jeremiah,F,,33:17,5.0,14.0,0.357,1.0,6.0,0.167,0.0,0.0,0.0,3.0,7.0,10.0,2.0,1.0,0.0,2.0,2.0,11.0,1.0
2022500007,1612709918,TEX,Texas,1642481,Jamarion Sharp,Jamarion,C,,29:14,5.0,6.0,0.833,0.0,0.0,0.0,1.0,2.0,0.5,4.0,4.0,8.0,1.0,1.0,6.0,0.0,1.0,11.0,-8.0
2022500007,1612709918,TEX,Texas,1642939,Miles Kelly,Miles,G,,33:29,3.0,11.0,0.273,1.0,6.0,0.167,1.0,2.0,0.5,2.0,7.0,9.0,2.0,1.0,0.0,1.0,0.0,9.0,-9.0
2022500007,1612709918,TEX,Texas,1630625,Dalano Banton,Dalano,G,,35:56,14.0,22.0,0.636,2.0,2.0,1.0,3.0,4.0,0.75,0.0,1.0,1.0,12.0,4.0,0.0,9.0,2.0,35.0,-4.0
2022500007,1612709918,TEX,Texas,1643128,Matt Cross,Matt,,,7:59,0.0,1.0,0.0,0.0,1.0,0.0,0.0,0.0,0.0,0.0,2.0,2.0,1.0,1.0,0.0,0.0,3.0,0.0,-12.0
2022500007,1612709918,TEX,Texas,1642888,Matthew Cleveland,Matthew,,,32:45,5.0,11.0,0.455,0.0,1.0,0.0,0.0,0.0,0.0,0.0,4.0,4.0,0.0,2.0,0.0,1.0,2.0,10.0,-10.0
2022500007,1612709918,TEX,Texas,1642378,Mark Armstrong,Mark,,,13:54,2.0,8.0,0.25,0.0,3.0,0.0,0.0,0.0,0.0,0.0,0.0,0.0,2.0,1.0,0.0,3.0,3.0,4.0,-8.0
2022500007,1612709918,TEX,Texas,1643234,Sheldon Edwards,Sheldon,,,25:39,10.0,16.0,0.625,7.0,12.0,0.583,0.0,1.0,0.0,0.0,5.0,5.0,2.0,1.0,0.0,0.0,0.0,27.0,-2.0
2022500007,1612709918,TEX,Texas,1641734,Emoni Bates,Emoni,,DNP - Coach's Decision,,,,,,,,,,,,,,,,,,,,
2022500007,1612709918,TEX,Texas,1630619,Moussa Cisse,Moussa,,DNP - Coach's Decision,,,,,,,,,,,,,,,,,,,,
2022500007,1612709918,TEX,Texas,1641793,D'Moi Hodge,D'Moi,,DNP - Coach's Decision,,,,,,,,,,,,,,,,,,,,
2022500007,1612709918,TEX,Texas,1642948,Ryan Nembhard,Ryan,,DNP - Coach's Decision,,,,,,,,,,,,,,,,,,,,
2022500007,1612709929,CPS,College Park,1641881,Javan Johnson,Javan,F,,27:37,3.0,11.0,0.273,1.0,6.0,0.167,0.0,0.0,0.0,1.0,4.0,5.0,4.0,2.0,1.0,1.0,2.0,7.0,7.0
2022500007,1612709929,CPS,College Park,1631216,Caleb Houstan,Caleb,F,,35:54,8.0,15.0,0.533,8.0,13.0,0.615,1.0,1.0,1.0,1.0,6.0,7.0,2.0,2.0,1.0,4.0,1.0,25.0,16.0
2022500007,1612709929,CPS,College Park,1642013,Malik Williams,Malik,C,,27:07,5.0,13.0,0.385,4.0,9.0,0.444,1.0,2.0,0.5,2.0,3.0,5.0,2.0,1.0,0.0,1.0,3.0,16.0,-6.0
2022500007,1612709929,CPS,College Park,1630640,MJ Walker,MJ,G,,35:31,8.0,13.0,0.615,7.0,11.0,0.636,0.0,2.0,0.0,0.0,5.0,5.0,4.0,2.0,0.0,1.0,0.0,23.0,9.0
2022500007,1612709929,CPS,College Park,1643090,Deivon Smith,Deivon,G,,28:18,10.0,16.0,0.625,0.0,2.0,0.0,1.0,1.0,1.0,5.0,2.0,7.0,9.0,2.0,1.0,2.0,3.0,21.0,-3.0
2022500007,1612709929,CPS,College Park,1642368,N'Faly Dante,N'Faly,,,5:16,0.0,0.0,0.0,0.0,0.0,0.0,0.0,0.0,0.0,0.0,1.0,1.0,0.0,0.0,1.0,2.0,0.0,0.0,2.0
2022500007,1612709929,CPS,College Park,1642605,"Dwight Murray, Jr.",Dwight,,,19:42,1.0,4.0,0.25,0.0,1.0,0.0,0.0,0.0,0.0,0.0,2.0,2.0,8.0,0.0,0.0,3.0,1.0,2.0,16.0
2022500007,1612709929,CPS,College Park,1642365,Nikola Đurišić,Nikola,,,24:47,5.0,10.0,0.5,0.0,2.0,0.0,3.0,4.0,0.75,1.0,3.0,4.0,8.0,2.0,1.0,2.0,1.0,16.0,19.0
2022500007,1612709929,CPS,College Park,1642937,Kobe Johnson,Kobe,,,12:29,3.0,6.0,0.5,1.0,2.0,0.5,0.0,0.0,0.0,1.0,2.0,3.0,0.0,1.0,0.0,2.0,0.0,7.0,4.0
2022500007,1612709929,CPS,College Park,1642552,Tyler Polley,Tyler,,,7:42,0.0,1.0,0.0,0.0,1.0,0.0,0.0,0.0,0.0,0.0,1.0,1.0,0.0,0.0,0.0,0.0,1.0,0.0,-16.0
2022500007,1612709929,CPS,College Park,1643218,Basheer Jihad,Basheer,,,15:37,5.0,5.0,1.0,0.0,0.0,0.0,1.0,2.0,0.5,2.0,5.0,7.0,0.0,2.0,2.0,1.0,1.0,12.0,17.0
2022500007,1612709929,CPS,College Park,1642679,Seth Maxwell,Seth,,DNP - Coach's Decision,,,,,,,,,,,,,,,,,,,,
2022500007,1612709929,CPS,College Park,1642947,Eli John Ndiaye,Eli John,,DNP - Coach's Decision,,,,,,,,,,,,,,,,,,,,
2022500007,1612709929,CPS,College Park,1643115,Erik Reynolds II,Erik,,DNP - Coach's Decision,,,,,,,,,,,,,,,,,,,,
2022500004,1612709924,SDC,San Diego,1641917,Taylor Funk,Taylor,F,,25:04,0.0,1.0,0.0,0.0,1.0,0.0,0.0,0.0,0.0,2.0,3.0,5.0,3.0,0.0,1.0,1.0,1.0,0.0,9.0
2022500004,1612709924,SDC,San Diego,1631116,Patrick Baldwin Jr.,Patrick,F,,36:25,6.0,14.0,0.429,0.0,5.0,0.0,1.0,1.0,1.0,0.0,8.0,8.0,3.0,2.0,0.0,3.0,5.0,13.0,-14.0
2022500004,1612709924,SDC,San Diego,1643221,Derek Ogbeide,Derek,C,,20:18,5.0,6.0,0.833,0.0,0.0,0.0,0.0,0.0,0.0,1.0,5.0,6.0,1.0,0.0,2.0,0.0,1.0,10.0,-3.0
2022500004,1612709924,SDC,San Diego,1631102,TyTy Washington Jr.,TyTy,G,,41:00,10.0,19.0,0.526,4.0,8.0,0.5,5.0,5.0,1.0,0.0,6.0,6.0,3.0,4.0,0.0,4.0,3.0,32.0,-13.0
2022500004,1612709924,SDC,San Diego,1643222,Matt Allocco,Matt,G,,27:27,1.0,6.0,0.167,1.0,4.0,0.25,0.0,0.0,0.0,0.0,3.0,3.0,0.0,1.0,0.0,1.0,3.0,3.0,-7.0
2022500004,1612709924,SDC,San Diego,1643021,Zach Freemantle,Zach,,,21:45,2.0,8.0,0.25,0.0,1.0,0.0,1.0,1.0,1.0,0.0,2.0,2.0,1.0,0.0,1.0,2.0,4.0,6.0,-14.0
2022500004,1612709924,SDC,San Diego,1642409,Jaelen House,Jaelen,,,21:11,1.0,11.0,0.091,0.0,3.0,0.0,2.0,3.0,0.667,0.0,1.0,1.0,6.0,1.0,0.0,3.0,5.0,6.0,-16.0
2022500004,1612709924,SDC,San Diego,1643141,Jahmyl Telfort,Jahmyl,,,27:26,4.0,6.0,0.667,0.0,1.0,0.0,1.0,1.0,1.0,0.0,1.0,1.0,0.0,0.0,0.0,0.0,2.0,10.0,-28.0
2022500004,1612709924,SDC,San Diego,1642967,John Poulakidas,John,,,19:25,3.0,5.0,0.6,3.0,5.0,0.6,0.0,0.0,0.0,0.0,0.0,0.0,0.0,0.0,0.0,0.0,1.0,9.0,-19.0
2022500004,1612709920,RAP,Raptors,1630639,A.J. Lawson,A.J.,F,,25:18,9.0,17.0,0.529,5.0,8.0,0.625,3.0,3.0,1.0,0.0,4.0,4.0,0.0,2.0,0.0,3.0,4.0,26.0,22.0
2022500004,1612709920,RAP,Raptors,1642367,Jonathan Mogbo,Jonathan,F,,31:19,4.0,7.0,0.571,0.0,0.0,0.0,1.0,1.0,1.0,5.0,9.0,14.0,5.0,2.0,2.0,2.0,1.0,10.0,17.0
2022500004,1612709920,RAP,Raptors,1630846,Olivier Sarr,Olivier,C,,15:54,0.0,3.0,0.0,0.0,3.0,0.0,1.0,1.0,1.0,0.0,4.0,4.0,0.0,0.0,2.0,0.0,1.0,2.0,-6.0
2022500004,1612709920,RAP,Raptors,1642918,Alijah Martin,Alijah,G,,33:27,8.0,15.0,0.533,1.0,5.0,0.2,2.0,3.0,0.667,1.0,4.0,5.0,5.0,0.0,0.0,3.0,3.0,20.0,8.0
2022500004,1612709920,RAP,Raptors,1642935,Chucky Hepburn,Chucky,G,,40:06,3.0,10.0,0.3,1.0,6.0,0.167,2.0,3.0,0.667,0.0,4.0,4.0,10.0,0.0,0.0,4.0,2.0,11.0,22.0
2022500004,1612709920,RAP,Raptors,1642882,Julian Reese,Julian,,,11:44,1.0,2.0,0.5,0.0,0.0,0.0,0.0,0.0,0.0,2.0,5.0,7.0,0.0,0.0,1.0,0.0,2.0,2.0,4.0
2022500004,1612709920,RAP,Raptors,1642615,Tyreke Key,Tyreke,,,15:07,2.0,3.0,0.667,0.0,1.0,0.0,1.0,1.0,1.0,0.0,0.0,0.0,1.0,0.0,0.0,0.0,1.0,5.0,-2.0
2022500004,1612709920,RAP,Raptors,1631223,David Roddy,David,,,26:32,8.0,14.0,0.571,4.0,6.0,0.667,0.0,0.0,0.0,1.0,6.0,7.0,0.0,1.0,0.0,0.0,0.0,20.0,22.0
2022500004,1612709920,RAP,Raptors,1641935,Jarkel Joiner,Jarkel,,,18:29,5.0,10.0,0.5,0.0,2.0,0.0,0.0,0.0,0.0,0.0,3.0,3.0,3.0,1.0,0.0,3.0,2.0,10.0,9.0
2022500004,1612709920,RAP,Raptors,1643091,Tyson Degenhart,Tyson,,,4:16,0.0,0.0,0.0,0.0,0.0,0.0,0.0,0.0,0.0,0.0,0.0,0.0,0.0,0.0,0.0,0.0,0.0,0.0,-2.0
2022500004,1612709920,RAP,Raptors,1630663,Quincy Guerrier,Quincy,,,17:47,2.0,5.0,0.4,0.0,1.0,0.0,0.0,0.0,0.0,0.0,0.0,0.0,0.0,0.0,0.0,0.0,3.0,4.0,11.0
2022500004,1612709920,RAP,Raptors,1643173,Jaden Bediako,Jaden,,DNP - Coach's Decision,,,,,,,,,,,,,,,,,,,,
2022500004,1612709920,RAP,Raptors,1643101,AJ Hoggard,AJ,,DNP - Coach's Decision,,,,,,,,,,,,,,,,,,,,
2022500004,1612709920,RAP,Raptors,1627775,Patrick McCaw,Patrick,,DNP - Coach's Decision,,,,,,,,,,,,,,,,,,,,
2022500008,1612709902,SCW,Santa Cruz,1642502,Malevy Leons,Malevy,F,,27:06,5.0,15.0,0.333,0.0,3.0,0.0,1.0,2.0,0.5,1.0,6.0,7.0,2.0,1.0,1.0,2.0,4.0,11.0,19.0
2022500008,1612709902,SCW,Santa Cruz,1643147,Jack Clark,Jack,F,,27:43,8.0,11.0,0.727,3.0,6.0,0.5,2.0,2.0,1.0,1.0,5.0,6.0,2.0,2.0,2.0,1.0,1.0,23.0,15.0
2022500008,1612709902,SCW,Santa Cruz,1629716,Marques Bolden,Marques,C,,24:39,9.0,12.0,0.75,3.0,5.0,0.6,0.0,0.0,0.0,2.0,12.0,14.0,0.0,0.0,1.0,2.0,5.0,21.0,5.0
2022500008,1612709902,SCW,Santa Cruz,1641795,Taevion Kinsey,Taevion,G,,30:04,6.0,9.0,0.667,1.0,3.0,0.333,0.0,1.0,0.0,1.0,1.0,2.0,7.0,1.0,1.0,3.0,0.0,13.0,9.0
2022500008,1612709902,SCW,Santa Cruz,1643018,LJ Cryer,LJ,G,,31:05,7.0,11.0,0.636,3.0,5.0,0.6,2.0,2.0,1.0,0.0,5.0,5.0,12.0,0.0,0.0,1.0,2.0,22.0,30.0
2022500008,1612709902,SCW,Santa Cruz,1643025,Ja'Vier Francis,Ja'Vier,,,17:41,5.0,7.0,0.714,0.0,0.0,0.0,0.0,0.0,0.0,4.0,3.0,7.0,0.0,0.0,2.0,0.0,2.0,10.0,17.0
2022500008,1612709902,SCW,Santa Cruz,1642943,Chance McMillian,Chance,,,22:50,3.0,11.0,0.273,0.0,7.0,0.0,0.0,0.0,0.0,1.0,1.0,2.0,1.0,3.0,0.0,3.0,2.0,6.0,-1.0
2022500008,1612709902,SCW,Santa Cruz,1641892,Desmond Cambridge,Desmond,,,21:60,6.0,12.0,0.5,3.0,8.0,0.375,0.0,0.0,0.0,0.0,2.0,2.0,3.0,4.0,0.0,0.0,1.0,15.0,13.0
2022500008,1612709902,SCW,Santa Cruz,1643187,Trey Galloway,Trey,,,15:00,3.0,3.0,1.0,2.0,2.0,1.0,0.0,1.0,0.0,1.0,3.0,4.0,4.0,0.0,0.0,2.0,3.0,8.0,0.0
2022500008,1612709902,SCW,Santa Cruz,1642946,Jacksen Moni,Jacksen,,,18:45,4.0,8.0,0.5,2.0,5.0,0.4,2.0,2.0,1.0,1.0,2.0,3.0,1.0,0.0,2.0,0.0,1.0,14.0,16.0
2022500008,1612709902,SCW,Santa Cruz,1643175,Riley Grigsby,Riley,,,3:07,0.0,0.0,0.0,0.0,0.0,0.0,0.0,0.0,0.0,0.0,0.0,0.0,0.0,0.0,0.0,0.0,1.0,0.0,-3.0
2022500008,1612709909,DEL,Delaware,1630792,Malcolm Hill,Malcolm,F,,35:31,4.0,12.0,0.333,2.0,6.0,0.333,2.0,3.0,0.667,2.0,5.0,7.0,4.0,0.0,0.0,2.0,0.0,13.0,-19.0
2022500008,1612709909,DEL,Delaware,1643327,DeAndre Williams,DeAndre,F,,25:27,8.0,9.0,0.889,0.0,1.0,0.0,2.0,3.0,0.667,3.0,3.0,6.0,6.0,2.0,0.0,2.0,2.0,20.0,11.0
2022500008,1612709909,DEL,Delaware,1641780,Johni Broome,Johni,C,,29:57,6.0,15.0,0.4,5.0,11.0,0.455,4.0,6.0,0.667,2.0,5.0,7.0,5.0,1.0,0.0,1.0,3.0,25.0,-40.0
2022500008,1612709909,DEL,Delaware,1630699,MarJon Beauchamp,MarJon,G,,38:21,12.0,22.0,0.545,5.0,9.0,0.556,1.0,1.0,1.0,4.0,3.0,7.0,3.0,3.0,0.0,2.0,2.0,30.0,-25.0
2022500008,1612709909,DEL,Delaware,1631113,Kennedy Chandler,Kennedy,G,,37:12,3.0,15.0,0.2,1.0,7.0,0.143,3.0,3.0,1.0,1.0,2.0,3.0,12.0,0.0,1.0,1.0,0.0,13.0,-24.0
2022500008,1612709909,DEL,Delaware,1642282,Hunter Sallis,Hunter,,,28:11,2.0,8.0,0.25,0.0,3.0,0.0,0.0,0.0,0.0,0.0,2.0,2.0,2.0,1.0,0.0,2.0,1.0,4.0,-10.0
2022500008,1612709909,DEL,Delaware,1642945,"Igor Miličić, Jr.",Igor,,,24:40,3.0,6.0,0.5,0.0,3.0,0.0,0.0,0.0,0.0,1.0,7.0,8.0,0.0,0.0,0.0,3.0,4.0,6.0,-10.0
2022500008,1612709909,DEL,Delaware,1641798,Jaylen Martin,Jaylen,,,10:48,1.0,3.0,0.333,0.0,1.0,0.0,2.0,3.0,0.667,0.0,3.0,3.0,0.0,1.0,0.0,1.0,0.0,4.0,0.0
2022500008,1612709909,DEL,Delaware,1643148,Saint Thomas,Saint,,,7:58,1.0,1.0,1.0,0.0,0.0,0.0,0.0,0.0,0.0,0.0,0.0,0.0,0.0,0.0,0.0,0.0,0.0,2.0,-9.0
2022500008,1612709909,DEL,Delaware,1642583,Drew Cisse,Drew,,,1:55,1.0,2.0,0.5,0.0,0.0,0.0,0.0,0.0,0.0,0.0,0.0,0.0,0.0,0.0,2.0,0.0,0.0,2.0,6.0
2022500008,1612709909,DEL,Delaware,1629646,Charles Bassey,Charles,,DNP - Coach's Decision,,,,,,,,,,,,,,,,,,,,
2022500008,1612709909,DEL,Delaware,1631198,Aminu Mohammed,Aminu,,DNP - Coach's Decision,,,,,,,,,,,,,,,,,,,,
0022501225,1610612745,HOU,Houston,201142,Kevin Durant,Kevin,F,,44:04,8.0,14.0,0.571,2.0,3.0,0.667,7.0,8.0,0.875,0.0,5.0,5.0,7.0,1.0,5.0,5.0,3.0,25.0,2.0
0022501225,1610612745,HOU,Houston,1631095,Jabari Smith Jr.,Jabari,F,,43:25,6.0,11.0,0.545,4.0,6.0,0.667,0.0,0.0,0.0,2.0,8.0,10.0,4.0,0.0,1.0,2.0,4.0,16.0,-1.0
0022501225,1610612745,HOU,Houston,1630578,Alperen Sengun,Alperen,C,,42:29,14.0,27.0,0.519,0.0,2.0,0.0,5.0,6.0,0.833,4.0,6.0,10.0,10.0,2.0,1.0,4.0,5.0,33.0,-6.0
0022501225,1610612745,HOU,Houston,1629006,Josh Okogie,Josh,G,,27:40,7.0,9.0,0.778,2.0,3.0,0.667,0.0,1.0,0.0,2.0,2.0,4.0,0.0,2.0,0.0,3.0,3.0,16.0,9.0
0022501225,1610612745,HOU,Houston,1641708,Amen Thompson,Amen,G,,43:31,5.0,13.0,0.385,0.0,1.0,0.0,4.0,5.0,0.8,4.0,8.0,12.0,6.0,0.0,0.0,1.0,3.0,14.0,-3.0
0022501225,1610612745,HOU,Houston,203500,Steven Adams,Steven,,,15:30,1.0,1.0,1.0,0.0,0.0,0.0,1.0,2.0,0.5,0.0,0.0,0.0,0.0,0.0,0.0,1.0,3.0,3.0,-8.0
0022501225,1610612745,HOU,Houston,1642263,Reed Sheppard,Reed,,,31:35,5.0,17.0,0.294,3.0,9.0,0.333,1.0,2.0,0.5,0.0,3.0,3.0,1.0,2.0,1.0,0.0,2.0,14.0,5.0
0022501225,1610612745,HOU,Houston,203991,Clint Capela,Clint,,,6:32,0.0,0.0,0.0,0.0,0.0,0.0,1.0,2.0,0.5,0.0,2.0,2.0,0.0,0.0,0.0,0.0,0.0,1.0,-6.0
0022501225,1610612745,HOU,Houston,1628988,Aaron Holiday,Aaron,,,10:14,1.0,1.0,1.0,1.0,1.0,1.0,0.0,0.0,0.0,0.0,0.0,0.0,1.0,0.0,0.0,0.0,2.0,3.0,-7.0
0022501225,1610612745,HOU,Houston,1631120,JD Davison,JD,,DNP - Coach's Decision,,,,,,,,,,,,,,,,,,,,
0022501225,1610612745,HOU,Houston,201145,Jeff Green,Jeff,,DNP - Coach's Decision,,,,,,,,,,,,,,,,,,,,
0022501225,1610612745,HOU,Houston,1630256,Jae'Sean Tate,Jae'Sean,,DNP - Coach's Decision,,,,,,,,,,,,,,,,,,,,
0022501225,1610612743,DEN,Denver,1642461,Spencer Jones,Spencer,F,,40:54,4.0,8.0,0.5,2.0,4.0,0.5,1.0,2.0,0.5,0.0,3.0,3.0,0.0,2.0,3.0,0.0,5.0,11.0,1.0
0022501225,1610612743,DEN,Denver,1631212,Peyton Watson,Peyton,F,,5:51,2.0,4.0,0.5,1.0,2.0,0.5,0.0,0.0,0.0,0.0,0.0,0.0,0.0,1.0,0.0,0.0,1.0,5.0,-3.0
0022501225,1610612743,DEN,Denver,203999,Nikola Jokić,Nikola,C,,42:24,13.0,27.0,0.481,5.0,9.0,0.556,8.0,11.0,0.727,4.0,11.0,15.0,10.0,2.0,1.0,4.0,6.0,39.0,1.0
0022501225,1610612743,DEN,Denver,1629661,Cameron Johnson,Cameron,G,,43:03,5.0,9.0,0.556,2.0,5.0,0.4,1.0,2.0,0.5,1.0,2.0,3.0,2.0,0.0,0.0,0.0,3.0,13.0,8.0
0022501225,1610612743,DEN,Denver,1627750,Jamal Murray,Jamal,G,,43:09,9.0,17.0,0.529,3.0,5.0,0.6,14.0,15.0,0.933,0.0,3.0,3.0,5.0,0.0,0.0,3.0,3.0,35.0,-4.0
0022501225,1610612743,DEN,Denver,203501,Tim Hardaway Jr.,Tim,,,39:58,4.0,10.0,0.4,2.0,8.0,0.25,3.0,3.0,1.0,0.0,1.0,1.0,2.0,2.0,0.0,0.0,2.0,13.0,4.0
0022501225,1610612743,DEN,Denver,1628971,Bruce Brown,Bruce,,,27:02,1.0,3.0,0.333,0.0,0.0,0.0,0.0,0.0,0.0,2.0,7.0,9.0,4.0,3.0,0.0,1.0,2.0,2.0,-3.0
0022501225,1610612743,DEN,Denver,202685,Jonas Valančiūnas,Jonas,,,13:43,4.0,5.0,0.8,0.0,0.0,0.0,0.0,0.0,0.0,0.0,3.0,3.0,1.0,0.0,0.0,2.0,6.0,8.0,6.0
0022501225,1610612743,DEN,Denver,1630192,Zeke Nnaji,Zeke,,,8:56,1.0,2.0,0.5,0.0,1.0,0.0,0.0,0.0,0.0,0.0,1.0,1.0,0.0,0.0,0.0,0.0,0.0,2.0,5.0
0022501225,1610612743,DEN,Denver,1629618,Jalen Pickett,Jalen,,DNP - Coach's Decision,,,,,,,,,,,,,,,,,,,,
0022501225,1610612743,DEN,Denver,1631124,Julian Strawther,Julian,,DNP - Coach's Decision,,,,,,,,,,,,,,,,,,,,
0022501225,1610612743,DEN,Denver,1641816,Hunter Tyson,Hunter,,DNP - Coach's Decision,,,,,,,,,,,,,,,,,,,,
0022501224,1610612742,DAL,Dallas,1642843,Cooper Flagg,Cooper,F,,41:46,13.0,27.0,0.481,1.0,4.0,0.25,15.0,20.0,0.75,1.0,6.0,7.0,6.0,1.0,2.0,4.0,3.0,42.0,-9.0
0022501224,1610612742,DAL,Dallas,1629023,P.J. Washington,P.J.,F,,39:12,10.0,20.0,0.5,1.0,2.0,0.5,4.0,7.0,0.571,4.0,10.0,14.0,0.0,0.0,1.0,2.0,5.0,25.0,-13.0
0022501224,1610612742,DAL,Dallas,1629655,Daniel Gafford,Daniel,C,,12:53,1.0,1.0,1.0,0.0,0.0,0.0,0.0,0.0,0.0,0.0,2.0,2.0,2.0,1.0,1.0,1.0,3.0,2.0,-8.0
0022501224,1610612742,DAL,Dallas,1630230,Naji Marshall,Naji,G,,36:17,7.0,12.0,0.583,1.0,3.0,0.333,0.0,0.0,0.0,0.0,3.0,3.0,1.0,1.0,0.0,0.0,1.0,15.0,-5.0
0022501224,1610612742,DAL,Dallas,1642948,Ryan Nembhard,Ryan,G,,38:04,6.0,12.0,0.5,2.0,6.0,0.333,0.0,0.0,0.0,0.0,3.0,3.0,11.0,1.0,0.0,4.0,2.0,14.0,-15.0
0022501224,1610612742,DAL,Dallas,203939,Dwight Powell,Dwight,,,23:37,2.0,4.0,0.5,0.0,0.0,0.0,3.0,6.0,0.5,2.0,7.0,9.0,0.0,0.0,0.0,0.0,3.0,7.0,5.0
0022501224,1610612742,DAL,Dallas,1631108,Max Christie,Max,,,28:17,2.0,5.0,0.4,0.0,2.0,0.0,4.0,4.0,1.0,2.0,3.0,5.0,3.0,0.0,1.0,0.0,2.0,8.0,7.0
0022501224,1610612742,DAL,Dallas,1630702,Jaden Hardy,Jaden,,,10:32,1.0,3.0,0.333,0.0,1.0,0.0,0.0,0.0,0.0,0.0,2.0,2.0,1.0,0.0,0.0,2.0,4.0,2.0,7.0
0022501224,1610612742,DAL,Dallas,202691,Klay Thompson,Klay,,,20:56,4.0,10.0,0.4,4.0,9.0,0.444,0.0,0.0,0.0,0.0,2.0,2.0,0.0,1.0,0.0,0.0,1.0,12.0,-3.0
0022501224,1610612742,DAL,Dallas,1630619,Moussa Cisse,Moussa,,,13:28,2.0,4.0,0.5,0.0,0.0,0.0,2.0,4.0,0.5,5.0,2.0,7.0,0.0,1.0,1.0,1.0,2.0,6.0,-1.0
0022501224,1610612742,DAL,Dallas,1628997,Caleb Martin,Caleb,,DNP - Coach's Decision,,,,,,,,,,,,,,,,,,,,
0022501224,1610612742,DAL,Dallas,1630314,Brandon Williams,Brandon,,DND - Injury/Illness,,,,,,,,,,,,,,,,,,,,
0022501224,1610612762,UTA,Utah,1641729,Brice Sensabaugh,Brice,F,,21:39,2.0,3.0,0.667,0.0,1.0,0.0,0.0,0.0,0.0,0.0,2.0,2.0,3.0,0.0,1.0,1.0,2.0,4.0,-14.0
0022501224,1610612762,UTA,Utah,1628374,Lauri Markkanen,Lauri,F,,39:47,11.0,23.0,0.478,1.0,6.0,0.167,10.0,12.0,0.833,2.0,14.0,16.0,5.0,4.0,1.0,1.0,3.0,33.0,27.0
0022501224,1610612762,UTA,Utah,1642271,Kyle Filipowski,Kyle,C,,37:33,9.0,13.0,0.692,2.0,4.0,0.5,5.0,6.0,0.833,1.0,8.0,9.0,1.0,0.0,1.0,2.0,3.0,25.0,27.0
0022501224,1610612762,UTA,Utah,1642846,Ace Bailey,Ace,G,,24:17,3.0,9.0,0.333,1.0,4.0,0.25,0.0,0.0,0.0,1.0,1.0,2.0,3.0,0.0,0.0,1.0,6.0,7.0,-2.0
0022501224,1610612762,UTA,Utah,1641718,Keyonte George,Keyonte,G,,40:51,11.0,20.0,0.55,5.0,10.0,0.5,10.0,12.0,0.833,0.0,5.0,5.0,6.0,0.0,0.0,2.0,4.0,37.0,-5.0
0022501224,1610612762,UTA,Utah,1642268,Isaiah Collier,Isaiah,,,31:15,4.0,8.0,0.5,0.0,2.0,0.0,2.0,2.0,1.0,0.0,3.0,3.0,8.0,2.0,1.0,0.0,3.0,10.0,1.0
0022501224,1610612762,UTA,Utah,203937,Kyle Anderson,Kyle,,,15:27,0.0,4.0,0.0,0.0,0.0,0.0,0.0,0.0,0.0,0.0,1.0,1.0,2.0,1.0,0.0,2.0,4.0,0.0,-20.0
0022501224,1610612762,UTA,Utah,1641707,Taylor Hendricks,Taylor,,,18:24,4.0,5.0,0.8,3.0,4.0,0.75,0.0,0.0,0.0,2.0,2.0,4.0,1.0,0.0,0.0,1.0,3.0,11.0,2.0
0022501224,1610612762,UTA,Utah,1642262,Cody Williams,Cody,,,22:18,5.0,9.0,0.556,1.0,3.0,0.333,0.0,1.0,0.0,1.0,0.0,1.0,2.0,0.0,0.0,0.0,3.0,11.0,15.0
0022501224,1610612762,UTA,Utah,1642383,Walter Clayton Jr.,Walter,,,13:29,1.0,3.0,0.333,0.0,2.0,0.0,0.0,0.0,0.0,1.0,3.0,4.0,2.0,1.0,0.0,3.0,1.0,2.0,4.0
0022501224,1610612762,UTA,Utah,201567,Kevin Love,Kevin,,DNP - Coach's Decision,,,,,,,,,,,,,,,,,,,,
0022501224,1610612762,UTA,Utah,1629004,Svi Mykhailiuk,Svi,,DNP - Coach's Decision,,,,,,,,,,,,,,,,,,,,
0022501224,1610612762,UTA,Utah,1631131,Oscar Tshiebwe,Oscar,,DNP - Coach's Decision,,,,,,,,,,,,,,,,,,,,
0022501218,1610612766,CHA,Charlotte,1642851,Kon Knueppel,Kon,F,,43:50,11.0,19.0,0.579,3.0,7.0,0.429,4.0,4.0,1.0,0.0,4.0,4.0,3.0,1.0,1.0,2.0,5.0,29.0,10.0
0022501218,1610612766,CHA,Charlotte,1628970,Miles Bridges,Miles,F,,39:26,7.0,19.0,0.368,3.0,8.0,0.375,3.0,4.0,0.75,2.0,8.0,10.0,6.0,1.0,0.0,2.0,1.0,20.0,10.0
0022501218,1610612766,CHA,Charlotte,1641750,Ryan Kalkbrenner,Ryan,C,,20:30,3.0,4.0,0.75,0.0,0.0,0.0,1.0,2.0,0.5,1.0,2.0,3.0,0.0,1.0,3.0,2.0,1.0,7.0,1.0
0022501218,1610612766,CHA,Charlotte,1641706,Brandon Miller,Brandon,G,,38:56,8.0,23.0,0.348,5.0,10.0,0.5,4.0,4.0,1.0,5.0,8.0,13.0,6.0,1.0,0.0,4.0,5.0,25.0,1.0
0022501218,1610612766,CHA,Charlotte,1642883,Sion James,Sion,G,,37:09,3.0,9.0,0.333,3.0,6.0,0.5,0.0,0.0,0.0,0.0,7.0,7.0,3.0,0.0,1.0,1.0,4.0,9.0,12.0
0022501218,1610612766,CHA,Charlotte,1630182,Josh Green,Josh,,,14:57,3.0,6.0,0.5,2.0,5.0,0.4,0.0,0.0,0.0,0.0,2.0,2.0,0.0,1.0,0.0,0.0,1.0,8.0,8.0
0022501218,1610612766,CHA,Charlotte,1631217,Moussa Diabaté,Moussa,,,21:51,2.0,3.0,0.667,0.0,0.0,0.0,1.0,1.0,1.0,2.0,4.0,6.0,0.0,1.0,1.0,1.0,5.0,5.0,-6.0
0022501218,1610612766,CHA,Charlotte,1642354,KJ Simpson,KJ,,,19:04,2.0,9.0,0.222,1.0,6.0,0.167,1.0,2.0,0.5,0.0,0.0,0.0,4.0,2.0,0.0,3.0,1.0,6.0,-9.0
0022501218,1610612766,CHA,Charlotte,1641809,Drew Peterson,Drew,,,4:53,0.0,1.0,0.0,0.0,1.0,0.0,0.0,0.0,0.0,1.0,1.0,2.0,0.0,0.0,0.0,0.0,0.0,0.0,2.0
0022501218,1610612766,CHA,Charlotte,1642275,Tidjane Salaün,Tidjane,,,13:57,2.0,3.0,0.667,0.0,1.0,0.0,2.0,4.0,0.5,1.0,1.0,2.0,2.0,0.0,1.0,1.0,1.0,6.0,2.0
0022501218,1610612766,CHA,Charlotte,203486,Mason Plumlee,Mason,,,10:27,2.0,2.0,1.0,0.0,0.0,0.0,0.0,0.0,0.0,0.0,4.0,4.0,4.0,1.0,0.0,0.0,2.0,4.0,9.0
0022501218,1610612766,CHA,Charlotte,1629684,Grant Williams,Grant,,DND - Injury/Illness,,,,,,,,,,,,,,,,,,,,
0022501218,1610612739,CLE,Cleveland,1629631,De'Andre Hunter,De'Andre,F,,26:32,1.0,7.0,0.143,0.0,3.0,0.0,2.0,2.0,1.0,2.0,2.0,4.0,0.0,0.0,0.0,1.0,3.0,4.0,-4.0
0022501218,1610612739,CLE,Cleveland,1629731,Dean Wade,Dean,F,,31:33,5.0,9.0,0.556,3.0,6.0,0.5,1.0,2.0,0.5,1.0,7.0,8.0,2.0,1.0,0.0,0.0,2.0,14.0,-11.0
0022501218,1610612739,CLE,Cleveland,1628386,Jarrett Allen,Jarrett,C,,22:54,3.0,8.0,0.375,0.0,0.0,0.0,3.0,5.0,0.6,1.0,2.0,3.0,1.0,0.0,0.0,1.0,2.0,9.0,-5.0
0022501218,1610612739,CLE,Cleveland,1628378,Donovan Mitchell,Donovan,G,,37:55,6.0,24.0,0.25,1.0,11.0,0.091,4.0,5.0,0.8,1.0,1.0,2.0,7.0,2.0,1.0,2.0,4.0,17.0,-12.0
0022501218,1610612739,CLE,Cleveland,1629636,Darius Garland,Darius,G,,39:25,8.0,19.0,0.421,3.0,7.0,0.429,7.0,8.0,0.875,0.0,2.0,2.0,9.0,1.0,1.0,4.0,2.0,26.0,-8.0
0022501218,1610612739,CLE,Cleveland,1642281,Jaylon Tyson,Jaylon,,,35:29,6.0,13.0,0.462,2.0,4.0,0.5,2.0,2.0,1.0,3.0,10.0,13.0,1.0,1.0,0.0,1.0,5.0,16.0,-4.0
0022501218,1610612739,CLE,Cleveland,1641772,Nae'Qwan Tomlin,Nae'Qwan,,,14:10,3.0,3.0,1.0,1.0,1.0,1.0,0.0,0.0,0.0,1.0,2.0,3.0,0.0,0.0,0.0,0.0,2.0,7.0,0.0
0022501218,1610612739,CLE,Cleveland,1628366,Lonzo Ball,Lonzo,,,31:54,3.0,8.0,0.375,1.0,5.0,0.2,1.0,2.0,0.5,2.0,3.0,5.0,4.0,5.0,0.0,2.0,0.0,8.0,-1.0
0022501218,1610612739,CLE,Cleveland,1628418,Thomas Bryant,Thomas,,,14:13,3.0,4.0,0.75,1.0,1.0,1.0,3.0,3.0,1.0,2.0,4.0,6.0,1.0,0.0,1.0,1.0,3.0,10.0,6.0
0022501218,1610612739,CLE,Cleveland,1641854,Craig Porter Jr.,Craig,,,4:23,0.0,0.0,0.0,0.0,0.0,0.0,0.0,0.0,0.0,0.0,0.0,0.0,0.0,0.0,0.0,2.0,0.0,0.0,-7.0
0022501218,1610612739,CLE,Cleveland,1642878,Tyrese Proctor,Tyrese,,,6:32,0.0,0.0,0.0,0.0,0.0,0.0,0.0,0.0,0.0,0.0,0.0,0.0,2.0,0.0,0.0,0.0,1.0,0.0,6.0
0022501222,1610612765,DET,Detroit,1641709,Ausar Thompson,Ausar,F,,22:46,3.0,6.0,0.5,0.0,0.0,0.0,1.0,7.0,0.143,3.0,3.0,6.0,0.0,0.0,0.0,2.0,0.0,7.0,1.0
0022501222,1610612765,DET,Detroit,202699,Tobias Harris,Tobias,F,,31:49,4.0,11.0,0.364,0.0,5.0,0.0,5.0,6.0,0.833,2.0,5.0,7.0,3.0,0.0,0.0,0.0,2.0,13.0,7.0
0022501222,1610612765,DET,Detroit,1631105,Jalen Duren,Jalen,C,,29:05,3.0,6.0,0.5,0.0,0.0,0.0,0.0,0.0,0.0,0.0,3.0,3.0,0.0,2.0,2.0,1.0,4.0,6.0,-1.0
0022501222,1610612765,DET,Detroit,1629130,Duncan Robinson,Duncan,G,,25:52,2.0,4.0,0.5,1.0,3.0,0.333,2.0,2.0,1.0,0.0,1.0,1.0,2.0,0.0,0.0,1.0,2.0,7.0,8.0
0022501222,1610612765,DET,Detroit,1630595,Cade Cunningham,Cade,G,,36:19,11.0,21.0,0.524,6.0,10.0,0.6,4.0,4.0,1.0,0.0,4.0,4.0,10.0,1.0,0.0,3.0,5.0,32.0,2.0
0022501222,1610612765,DET,Detroit,1631093,Jaden Ivey,Jaden,,,20:59,4.0,11.0,0.364,1.0,7.0,0.143,1.0,1.0,1.0,1.0,2.0,3.0,3.0,2.0,0.0,2.0,1.0,10.0,1.0
0022501222,1610612765,DET,Detroit,1630191,Isaiah Stewart,Isaiah,,,22:18,3.0,6.0,0.5,0.0,1.0,0.0,1.0,2.0,0.5,5.0,2.0,7.0,0.0,0.0,1.0,0.0,0.0,7.0,1.0
0022501222,1610612765,DET,Detroit,1627747,Caris LeVert,Caris,,,19:04,5.0,10.0,0.5,2.0,5.0,0.4,1.0,1.0,1.0,0.0,1.0,1.0,2.0,1.0,0.0,1.0,2.0,13.0,-2.0
0022501222,1610612765,DET,Detroit,1641842,Ronald Holland II,Ronald,,,14:29,3.0,8.0,0.375,1.0,2.0,0.5,2.0,2.0,1.0,0.0,5.0,5.0,0.0,0.0,0.0,0.0,4.0,9.0,7.0
0022501222,1610612765,DET,Detroit,1642450,Daniss Jenkins,Daniss,,,3:11,0.0,2.0,0.0,0.0,0.0,0.0,0.0,0.0,0.0,1.0,0.0,1.0,0.0,0.0,0.0,0.0,0.0,0.0,-2.0
0022501222,1610612765,DET,Detroit,1629750,Javonte Green,Javonte,,,14:10,3.0,4.0,0.75,2.0,3.0,0.667,0.0,0.0,0.0,0.0,1.0,1.0,1.0,3.0,0.0,0.0,0.0,8.0,13.0
0022501222,1610612765,DET,Detroit,1642404,Chaz Lanier,Chaz,,DNP - Coach's Decision,,,,,,,,,,,,,,,,,,,,
0022501222,1610612765,DET,Detroit,1630194,Paul Reed,Paul,,DNP - Coach's Decision,,,,,,,,,,,,,,,,,,,,
0022501222,1610612765,DET,Detroit,1631204,Marcus Sasser,Marcus,,DNP - Coach's Decision,,,,,,,,,,,,,,,,,,,,
0022501222,1610612738,BOS,Boston,1627759,Jaylen Brown,Jaylen,F,,40:29,13.0,25.0,0.52,1.0,5.0,0.2,7.0,14.0,0.5,4.0,4.0,8.0,7.0,1.0,3.0,4.0,2.0,34.0,-6.0
0022501222,1610612738,BOS,Boston,1641775,Jordan Walsh,Jordan,F,,17:41,2.0,3.0,0.667,1.0,2.0,0.5,3.0,3.0,1.0,0.0,6.0,6.0,0.0,2.0,0.0,2.0,4.0,8.0,-10.0
0022501222,1610612738,BOS,Boston,1629674,Neemias Queta,Neemias,C,,34:27,3.0,5.0,0.6,0.0,0.0,0.0,0.0,0.0,0.0,1.0,6.0,7.0,1.0,2.0,1.0,0.0,1.0,6.0,5.0
0022501222,1610612738,BOS,Boston,1630202,Payton Pritchard,Payton,G,,35:19,5.0,14.0,0.357,2.0,8.0,0.25,0.0,0.0,0.0,0.0,4.0,4.0,5.0,0.0,0.0,1.0,0.0,12.0,-1.0
0022501222,1610612738,BOS,Boston,1628401,Derrick White,Derrick,G,,37:52,10.0,18.0,0.556,5.0,12.0,0.417,6.0,7.0,0.857,1.0,5.0,6.0,1.0,1.0,1.0,4.0,2.0,31.0,-16.0
0022501222,1610612738,BOS,Boston,1642864,Hugo González,Hugo,,,16:28,2.0,3.0,0.667,1.0,2.0,0.5,0.0,0.0,0.0,1.0,4.0,5.0,0.0,0.0,0.0,1.0,4.0,5.0,9.0
0022501222,1610612738,BOS,Boston,1629014,Anfernee Simons,Anfernee,,,25:19,3.0,9.0,0.333,0.0,5.0,0.0,3.0,3.0,1.0,0.0,0.0,0.0,1.0,0.0,0.0,0.0,2.0,9.0,8.0
0022501222,1610612738,BOS,Boston,1631169,Josh Minott,Josh,,,13:12,0.0,2.0,0.0,0.0,2.0,0.0,0.0,0.0,0.0,0.0,1.0,1.0,0.0,1.0,0.0,0.0,3.0,0.0,-11.0
0022501222,1610612738,BOS,Boston,1630573,Sam Hauser,Sam,,,4:20,0.0,1.0,0.0,0.0,1.0,0.0,0.0,0.0,0.0,0.0,0.0,0.0,0.0,0.0,0.0,0.0,0.0,0.0,-1.0
0022501222,1610612738,BOS,Boston,1631248,Baylor Scheierman,Baylor,,,14:54,0.0,2.0,0.0,0.0,2.0,0.0,0.0,0.0,0.0,0.0,0.0,0.0,1.0,0.0,0.0,0.0,2.0,0.0,-12.0
0022501222,1610612738,BOS,Boston,1628449,Chris Boucher,Chris,,DNP - Coach's Decision,,,,,,,,,,,,,,,,,,,,
0022501222,1610612738,BOS,Boston,1630568,Luka Garza,Luka,,DNP - Coach's Decision,,,,,,,,,,,,,,,,,,,,
0022501222,1610612738,BOS,Boston,1630214,Xavier Tillman,Xavier,,DNP - Coach's Decision,,,,,,,,,,,,,,,,,,,,
0022501222,1610612738,BOS,Boston,1642873,Amari Williams,Amari,,DNP - Coach's Decision,,,,,,,,,,,,,,,,,,,,
0022501216,1610612764,WAS,Washington,1630551,Justin Champagnie,Justin,F,,33:01,6.0,13.0,0.462,1.0,3.0,0.333,0.0,0.0,0.0,3.0,11.0,14.0,0.0,2.0,1.0,0.0,2.0,13.0,23.0
0022501216,1610612764,WAS,Washington,1642273,Kyshawn George,Kyshawn,F,,35:53,3.0,11.0,0.273,2.0,6.0,0.333,1.0,3.0,0.333,2.0,6.0,8.0,9.0,1.0,1.0,3.0,4.0,9.0,13.0
0022501216,1610612764,WAS,Washington,1628963,Marvin Bagley III,Marvin,C,,31:58,9.0,14.0,0.643,0.0,0.0,0.0,5.0,10.0,0.5,9.0,5.0,14.0,1.0,1.0,1.0,2.0,4.0,23.0,11.0
0022501216,1610612764,WAS,Washington,203468,CJ McCollum,CJ,G,,34:08,8.0,18.0,0.444,2.0,3.0,0.667,0.0,0.0,0.0,1.0,5.0,6.0,2.0,0.0,0.0,1.0,2.0,18.0,10.0
0022501216,1610612764,WAS,Washington,1642267,Bub Carrington,Bub,G,,36:19,4.0,11.0,0.364,2.0,7.0,0.286,1.0,2.0,0.5,0.0,3.0,3.0,5.0,1.0,0.0,1.0,0.0,11.0,12.0
0022501216,1610612764,WAS,Washington,1641774,Tristan Vukcevic,Tristan,,,16:02,2.0,7.0,0.286,0.0,4.0,0.0,2.0,3.0,0.667,0.0,3.0,3.0,0.0,0.0,0.0,2.0,2.0,6.0,8.0
0022501216,1610612764,WAS,Washington,1642848,Tre Johnson,Tre,,,15:39,4.0,7.0,0.571,3.0,4.0,0.75,3.0,3.0,1.0,0.0,2.0,2.0,2.0,0.0,0.0,0.0,1.0,14.0,9.0
0022501216,1610612764,WAS,Washington,1642364,Jamir Watkins,Jamir,,,14:30,1.0,1.0,1.0,0.0,0.0,0.0,0.0,0.0,0.0,1.0,4.0,5.0,0.0,0.0,0.0,1.0,5.0,2.0,-5.0
0022501216,1610612764,WAS,Washington,1642860,Will Riley,Will,,,22:31,4.0,7.0,0.571,0.0,1.0,0.0,4.0,5.0,0.8,1.0,0.0,1.0,0.0,0.0,0.0,1.0,1.0,12.0,14.0
0022501216,1610612764,WAS,Washington,1630264,Anthony Gill,Anthony,,DNP - Coach's Decision,,,,,,,,,,,,,,,,,,,,
0022501216,1610612764,WAS,Washington,203114,Khris Middleton,Khris,,DND - Injury/Illness,,,,,,,,,,,,,,,,,,,,
0022501216,1610612764,WAS,Washington,1641715,Cam Whitmore,Cam,,DNP - Coach's Decision,,,,,,,,,,,,,,,,,,,,
0022501216,1610612754,IND,Indiana,1631097,Bennedict Mathurin,Bennedict,F,,31:39,3.0,9.0,0.333,1.0,5.0,0.2,8.0,8.0,1.0,1.0,3.0,4.0,2.0,0.0,0.0,1.0,5.0,15.0,-21.0
0022501216,1610612754,IND,Indiana,1627783,Pascal Siakam,Pascal,F,,28:40,4.0,12.0,0.333,0.0,2.0,0.0,3.0,3.0,1.0,1.0,3.0,4.0,4.0,1.0,0.0,1.0,2.0,11.0,-12.0
0022501216,1610612754,IND,Indiana,1630643,Jay Huff,Jay,C,,24:51,5.0,9.0,0.556,3.0,7.0,0.429,0.0,0.0,0.0,0.0,4.0,4.0,0.0,0.0,4.0,0.0,0.0,13.0,-21.0
0022501216,1610612754,IND,Indiana,1630679,Ethan Thompson,Ethan,G,,23:54,0.0,4.0,0.0,0.0,3.0,0.0,2.0,2.0,1.0,0.0,0.0,0.0,2.0,0.0,0.0,0.0,1.0,2.0,-15.0
0022501216,1610612754,IND,Indiana,1629614,Andrew Nembhard,Andrew,G,,29:60,3.0,14.0,0.214,1.0,7.0,0.143,0.0,0.0,0.0,2.0,0.0,2.0,6.0,0.0,0.0,0.0,2.0,7.0,-26.0
0022501216,1610612754,IND,Indiana,1641716,Jarace Walker,Jarace,,,22:12,5.0,13.0,0.385,2.0,6.0,0.333,0.0,0.0,0.0,1.0,2.0,3.0,0.0,0.0,1.0,1.0,1.0,12.0,0.0
0022501216,1610612754,IND,Indiana,1630543,Isaiah Jackson,Isaiah,,,23:09,5.0,8.0,0.625,0.0,0.0,0.0,1.0,2.0,0.5,4.0,8.0,12.0,0.0,0.0,2.0,1.0,2.0,11.0,2.0
0022501216,1610612754,IND,Indiana,1629726,Garrison Mathews,Garrison,,,18:37,2.0,5.0,0.4,2.0,5.0,0.4,2.0,2.0,1.0,0.0,1.0,1.0,2.0,1.0,0.0,0.0,3.0,8.0,7.0
0022501216,1610612754,IND,Indiana,204456,T.J. McConnell,T.J.,,,15:28,2.0,4.0,0.5,0.0,1.0,0.0,0.0,0.0,0.0,1.0,3.0,4.0,4.0,0.0,0.0,4.0,0.0,4.0,-1.0
0022501216,1610612754,IND,Indiana,1642277,Johnny Furphy,Johnny,,,13:29,2.0,3.0,0.667,1.0,1.0,1.0,0.0,2.0,0.0,1.0,3.0,4.0,0.0,0.0,0.0,0.0,1.0,5.0,-5.0
0022501216,1610612754,IND,Indiana,1631245,Quenton Jackson,Quenton,,,8:01,0.0,3.0,0.0,0.0,2.0,0.0,1.0,2.0,0.5,0.0,3.0,3.0,0.0,0.0,0.0,0.0,1.0,1.0,-3.0
0022501216,1610612754,IND,Indiana,1628396,Tony Bradley,Tony,,DNP - Coach's Decision,,,,,,,,,,,,,,,,,,,,
0022501227,1610612761,TOR,Toronto,1627742,Brandon Ingram,Brandon,F,,37:48,9.0,19.0,0.474,5.0,7.0,0.714,5.0,5.0,1.0,0.0,5.0,5.0,5.0,0.0,1.0,4.0,1.0,28.0,-1.0
0022501227,1610612761,TOR,Toronto,1630567,Scottie Barnes,Scottie,F,,32:26,8.0,16.0,0.5,1.0,4.0,0.25,0.0,1.0,0.0,4.0,6.0,10.0,6.0,2.0,3.0,4.0,5.0,17.0,14.0
0022501227,1610612761,TOR,Toronto,1627751,Jakob Poeltl,Jakob,C,,29:21,4.0,6.0,0.667,0.0,0.0,0.0,0.0,0.0,0.0,2.0,6.0,8.0,2.0,0.0,1.0,4.0,2.0,8.0,-9.0
0022501227,1610612761,TOR,Toronto,1630534,Ochai Agbaji,Ochai,G,,21:42,2.0,4.0,0.5,1.0,2.0,0.5,0.0,0.0,0.0,1.0,3.0,4.0,2.0,1.0,0.0,0.0,2.0,5.0,-7.0
0022501227,1610612761,TOR,Toronto,1630193,Immanuel Quickley,Immanuel,G,,34:26,6.0,12.0,0.5,3.0,9.0,0.333,0.0,1.0,0.0,1.0,3.0,4.0,4.0,1.0,0.0,3.0,2.0,15.0,6.0
0022501227,1610612761,TOR,Toronto,1642867,Collin Murray-Boyles,Collin,,,14:34,2.0,2.0,1.0,0.0,0.0,0.0,0.0,0.0,0.0,0.0,2.0,2.0,2.0,1.0,1.0,1.0,3.0,4.0,-2.0
0022501227,1610612761,TOR,Toronto,1642347,Jamal Shead,Jamal,,,23:19,3.0,9.0,0.333,2.0,6.0,0.333,0.0,0.0,0.0,0.0,3.0,3.0,10.0,0.0,1.0,1.0,0.0,8.0,27.0
0022501227,1610612761,TOR,Toronto,1630572,Sandro Mamukelashvili,Sandro,,,18:33,4.0,9.0,0.444,2.0,5.0,0.4,1.0,1.0,1.0,2.0,5.0,7.0,0.0,2.0,0.0,1.0,1.0,11.0,19.0
0022501227,1610612761,TOR,Toronto,1641711,Gradey Dick,Gradey,,,15:09,4.0,9.0,0.444,2.0,5.0,0.4,0.0,1.0,0.0,1.0,1.0,2.0,0.0,2.0,0.0,1.0,2.0,10.0,-5.0
0022501227,1610612761,TOR,Toronto,1642266,Ja'Kobe Walter,Ja'Kobe,,,12:42,0.0,2.0,0.0,0.0,2.0,0.0,0.0,0.0,0.0,0.0,0.0,0.0,2.0,0.0,0.0,0.0,2.0,0.0,8.0
0022501227,1610612761,TOR,Toronto,1642419,Jamison Battle,Jamison,,DNP - Coach's Decision,,,,,,,,,,,,,,,,,,,,
0022501227,1610612761,TOR,Toronto,1642367,Jonathan Mogbo,Jonathan,,DNP - Coach's Decision,,,,,,,,,,,,,,,,,,,,
0022501227,1610612761,TOR,Toronto,202066,Garrett Temple,Garrett,,DNP - Coach's Decision,,,,,,,,,,,,,,,,,,,,
0022501227,1610612748,MIA,Miami,1631323,Simone Fontecchio,Simone,F,,26:02,1.0,5.0,0.2,1.0,4.0,0.25,0.0,0.0,0.0,0.0,4.0,4.0,2.0,0.0,1.0,2.0,2.0,3.0,-7.0
0022501227,1610612748,MIA,Miami,203952,Andrew Wiggins,Andrew,F,,32:22,4.0,12.0,0.333,2.0,5.0,0.4,0.0,0.0,0.0,2.0,0.0,2.0,2.0,2.0,3.0,1.0,3.0,10.0,-1.0
0022501227,1610612748,MIA,Miami,1628389,Bam Adebayo,Bam,C,,33:01,7.0,13.0,0.538,1.0,3.0,0.333,5.0,8.0,0.625,0.0,10.0,10.0,2.0,1.0,0.0,2.0,2.0,20.0,-5.0
0022501227,1610612748,MIA,Miami,1626181,Norman Powell,Norman,G,,34:03,5.0,15.0,0.333,2.0,7.0,0.286,8.0,10.0,0.8,1.0,2.0,3.0,4.0,0.0,0.0,3.0,0.0,20.0,-9.0
0022501227,1610612748,MIA,Miami,1630558,Davion Mitchell,Davion,G,,31:57,5.0,11.0,0.455,2.0,6.0,0.333,0.0,0.0,0.0,0.0,4.0,4.0,4.0,2.0,1.0,2.0,2.0,12.0,-4.0
0022501227,1610612748,MIA,Miami,1631170,Jaime Jaquez Jr.,Jaime,,,29:45,5.0,9.0,0.556,0.0,1.0,0.0,0.0,0.0,0.0,1.0,3.0,4.0,4.0,3.0,0.0,5.0,2.0,10.0,-6.0
0022501227,1610612748,MIA,Miami,1630696,Dru Smith,Dru,,,20:06,4.0,8.0,0.5,1.0,2.0,0.5,2.0,3.0,0.667,2.0,1.0,3.0,2.0,2.0,0.0,0.0,2.0,11.0,-10.0
0022501227,1610612748,MIA,Miami,1642276,Kel'el Ware,Kel'el,,,19:20,3.0,7.0,0.429,0.0,2.0,0.0,0.0,0.0,0.0,3.0,10.0,13.0,0.0,0.0,2.0,3.0,1.0,6.0,-7.0
0022501227,1610612748,MIA,Miami,1631107,Nikola Jović,Nikola,,,0:12,0.0,0.0,0.0,0.0,0.0,0.0,0.0,0.0,0.0,0.0,0.0,0.0,0.0,0.0,0.0,0.0,0.0,0.0,0.0
0022501227,1610612748,MIA,Miami,1642352,Keshad Johnson,Keshad,,,13:13,1.0,3.0,0.333,0.0,1.0,0.0,2.0,2.0,1.0,2.0,0.0,2.0,0.0,2.0,0.0,0.0,0.0,4.0,-1.0
0022501227,1610612748,MIA,Miami,1629639,Tyler Herro,Tyler,,DND - Injury/Illness,,,,,,,,,,,,,,,,,,,,
0022501227,1610612748,MIA,Miami,1642857,Kasparas Jakučionis,Kasparas,,DNP - Coach's Decision,,,,,,,,,,,,,,,,,,,,
0022501227,1610612748,MIA,Miami,1641796,Pelle Larsson,Pelle,,DND - Injury/Illness,,,,,,,,,,,,,,,,,,,,
0022501223,1610612740,NOP,New Orleans,1630530,Trey Murphy III,Trey,F,,33:44,8.0,14.0,0.571,2.0,6.0,0.333,2.0,3.0,0.667,3.0,7.0,10.0,2.0,0.0,0.0,1.0,2.0,20.0,6.0
0022501223,1610612740,NOP,New Orleans,1630180,Saddiq Bey,Saddiq,F,,24:40,4.0,12.0,0.333,0.0,2.0,0.0,2.0,2.0,1.0,2.0,4.0,6.0,1.0,2.0,0.0,0.0,1.0,10.0,14.0
0022501223,1610612740,NOP,New Orleans,1642852,Derik Queen,Derik,C,,24:46,2.0,4.0,0.5,0.0,0.0,0.0,0.0,0.0,0.0,0.0,8.0,8.0,5.0,0.0,1.0,5.0,3.0,4.0,2.0
0022501223,1610612740,NOP,New Orleans,1630529,Herbert Jones,Herbert,G,,19:47,3.0,8.0,0.375,2.0,7.0,0.286,2.0,2.0,1.0,1.0,1.0,2.0,1.0,0.0,0.0,1.0,2.0,10.0,3.0
0022501223,1610612740,NOP,New Orleans,1642847,Jeremiah Fears,Jeremiah,G,,28:05,7.0,13.0,0.538,1.0,3.0,0.333,5.0,6.0,0.833,0.0,2.0,2.0,3.0,2.0,0.0,3.0,4.0,20.0,12.0
0022501223,1610612740,NOP,New Orleans,1629627,Zion Williamson,Zion,,,26:37,7.0,14.0,0.5,0.0,0.0,0.0,4.0,5.0,0.8,2.0,4.0,6.0,3.0,0.0,0.0,1.0,0.0,18.0,6.0
0022501223,1610612740,NOP,New Orleans,1629673,Jordan Poole,Jordan,,,27:16,6.0,15.0,0.4,2.0,9.0,0.222,2.0,2.0,1.0,0.0,2.0,2.0,4.0,2.0,0.0,1.0,0.0,16.0,1.0
0022501223,1610612740,NOP,New Orleans,1630631,Jose Alvarado,Jose,,,17:39,1.0,3.0,0.333,1.0,3.0,0.333,0.0,0.0,0.0,0.0,2.0,2.0,2.0,1.0,1.0,0.0,0.0,3.0,-6.0
0022501223,1610612740,NOP,New Orleans,1631121,Bryce McGowens,Bryce,,,14:16,1.0,2.0,0.5,0.0,1.0,0.0,3.0,3.0,1.0,1.0,2.0,3.0,0.0,0.0,0.0,0.0,2.0,5.0,4.0
0022501223,1610612740,NOP,New Orleans,1642274,Yves Missi,Yves,,,11:10,2.0,3.0,0.667,0.0,0.0,0.0,0.0,2.0,0.0,4.0,4.0,8.0,0.0,0.0,2.0,2.0,3.0,4.0,-1.0
0022501223,1610612740,NOP,New Orleans,1631255,Karlo Matković,Karlo,,,12:00,2.0,5.0,0.4,0.0,2.0,0.0,0.0,0.0,0.0,1.0,3.0,4.0,0.0,0.0,1.0,0.0,0.0,4.0,9.0
0022501223,1610612740,NOP,New Orleans,1641722,Jordan Hawkins,Jordan,,DNP - Coach's Decision,,,,,,,,,,,,,,,,,,,,
0022501223,1610612740,NOP,New Orleans,201599,DeAndre Jordan,DeAndre,,DNP - Coach's Decision,,,,,,,,,,,,,,,,,,,,
0022501223,1610612740,NOP,New Orleans,1626172,Kevon Looney,Kevon,,DNP - Coach's Decision,,,,,,,,,,,,,,,,,,,,
0022501223,1610612740,NOP,New Orleans,1642877,Micah Peavy,Micah,,DNP - Coach's Decision,,,,,,,,,,,,,,,,,,,,
0022501223,1610612741,CHI,Chicago,1630171,Isaac Okoro,Isaac,F,,23:31,2.0,10.0,0.2,1.0,8.0,0.125,0.0,0.0,0.0,2.0,1.0,3.0,1.0,0.0,0.0,0.0,1.0,5.0,-1.0
0022501223,1610612741,CHI,Chicago,1641824,Matas Buzelis,Matas,F,,23:35,3.0,5.0,0.6,1.0,3.0,0.333,2.0,2.0,1.0,1.0,5.0,6.0,3.0,1.0,0.0,0.0,2.0,9.0,-7.0
0022501223,1610612741,CHI,Chicago,202696,Nikola Vučević,Nikola,C,,30:47,5.0,16.0,0.313,2.0,6.0,0.333,0.0,0.0,0.0,3.0,5.0,8.0,4.0,0.0,0.0,0.0,4.0,12.0,-11.0
0022501223,1610612741,CHI,Chicago,1629632,Coby White,Coby,G,,28:28,8.0,18.0,0.444,1.0,10.0,0.1,3.0,3.0,1.0,0.0,5.0,5.0,5.0,2.0,0.0,2.0,3.0,20.0,-10.0
0022501223,1610612741,CHI,Chicago,1630581,Josh Giddey,Josh,G,,24:04,4.0,10.0,0.4,1.0,3.0,0.333,2.0,2.0,1.0,3.0,4.0,7.0,5.0,0.0,0.0,4.0,3.0,11.0,-6.0
0022501223,1610612741,CHI,Chicago,1628989,Kevin Huerter,Kevin,,,24:16,6.0,12.0,0.5,4.0,8.0,0.5,0.0,0.0,0.0,1.0,2.0,3.0,0.0,4.0,0.0,3.0,1.0,16.0,3.0
0022501223,1610612741,CHI,Chicago,1630172,Patrick Williams,Patrick,,,23:38,2.0,5.0,0.4,2.0,4.0,0.5,2.0,4.0,0.5,1.0,3.0,4.0,2.0,0.0,0.0,0.0,2.0,8.0,-13.0
0022501223,1610612741,CHI,Chicago,1630200,Tre Jones,Tre,,,24:16,2.0,7.0,0.286,0.0,4.0,0.0,2.0,2.0,1.0,0.0,2.0,2.0,5.0,2.0,2.0,0.0,1.0,6.0,-5.0
0022501223,1610612741,CHI,Chicago,1631207,Dalen Terry,Dalen,,,13:27,4.0,5.0,0.8,1.0,1.0,1.0,0.0,0.0,0.0,2.0,1.0,3.0,0.0,0.0,0.0,1.0,1.0,9.0,8.0
0022501223,1610612741,CHI,Chicago,1630188,Jalen Smith,Jalen,,,12:20,2.0,3.0,0.667,0.0,1.0,0.0,2.0,2.0,1.0,0.0,0.0,0.0,1.0,1.0,2.0,2.0,4.0,6.0,-10.0
0022501223,1610612741,CHI,Chicago,1628380,Zach Collins,Zach,,,11:38,0.0,1.0,0.0,0.0,1.0,0.0,2.0,2.0,1.0,0.0,2.0,2.0,0.0,0.0,0.0,1.0,2.0,2.0,2.0
0022501223,1610612741,CHI,Chicago,1628975,Jevon Carter,Jevon,,DNP - Coach's Decision,,,,,,,,,,,,,,,,,,,,
0022501223,1610612741,CHI,Chicago,1641763,Julian Phillips,Julian,,DNP - Coach's Decision,,,,,,,,,,,,,,,,,,,,
0022501217,1610612755,PHI,Philadelphia,202331,Paul George,Paul,F,,33:22,11.0,21.0,0.524,7.0,10.0,0.7,6.0,6.0,1.0,0.0,4.0,4.0,3.0,0.0,1.0,2.0,1.0,35.0,2.0
0022501217,1610612755,PHI,Philadelphia,1631230,Dominick Barlow,Dominick,F,,27:11,4.0,6.0,0.667,1.0,1.0,1.0,2.0,3.0,0.667,3.0,4.0,7.0,1.0,2.0,1.0,1.0,1.0,11.0,-16.0
0022501217,1610612755,PHI,Philadelphia,203954,Joel Embiid,Joel,C,,30:12,8.0,20.0,0.4,1.0,3.0,0.333,5.0,6.0,0.833,6.0,8.0,14.0,1.0,1.0,2.0,3.0,2.0,22.0,-8.0
0022501217,1610612755,PHI,Philadelphia,1629656,Quentin Grimes,Quentin,G,,38:38,4.0,14.0,0.286,4.0,10.0,0.4,2.0,2.0,1.0,0.0,2.0,2.0,7.0,2.0,0.0,2.0,0.0,14.0,-5.0
0022501217,1610612755,PHI,Philadelphia,1642845,VJ Edgecombe,VJ,G,,38:36,9.0,21.0,0.429,4.0,10.0,0.4,4.0,4.0,1.0,1.0,5.0,6.0,2.0,0.0,1.0,2.0,5.0,26.0,0.0
0022501217,1610612755,PHI,Philadelphia,1642272,Jared McCain,Jared,,,17:45,0.0,5.0,0.0,0.0,2.0,0.0,0.0,0.0,0.0,0.0,3.0,3.0,5.0,2.0,0.0,0.0,1.0,0.0,0.0
0022501217,1610612755,PHI,Philadelphia,1642348,Justin Edwards,Justin,,,8:51,0.0,5.0,0.0,0.0,3.0,0.0,0.0,0.0,0.0,2.0,0.0,2.0,1.0,1.0,1.0,0.0,1.0,0.0,-4.0
0022501217,1610612755,PHI,Philadelphia,203083,Andre Drummond,Andre,,,19:49,2.0,6.0,0.333,0.0,1.0,0.0,1.0,2.0,0.5,5.0,5.0,10.0,3.0,1.0,3.0,0.0,1.0,5.0,6.0
0022501217,1610612755,PHI,Philadelphia,1631133,Jabari Walker,Jabari,,,17:23,0.0,2.0,0.0,0.0,0.0,0.0,4.0,6.0,0.667,4.0,1.0,5.0,1.0,1.0,1.0,0.0,1.0,4.0,13.0
0022501217,1610612755,PHI,Philadelphia,200768,Kyle Lowry,Kyle,,,8:15,0.0,1.0,0.0,0.0,1.0,0.0,0.0,0.0,0.0,0.0,1.0,1.0,1.0,0.0,0.0,1.0,2.0,0.0,-3.0
0022501217,1610612755,PHI,Philadelphia,1641737,Adem Bona,Adem,,DNP - Coach's Decision,,,,,,,,,,,,,,,,,,,,
0022501217,1610612755,PHI,Philadelphia,201569,Eric Gordon,Eric,,DNP - Coach's Decision,,,,,,,,,,,,,,,,,,,,
0022501217,1610612737,ATL,Atlanta,1642258,Zaccharie Risacher,Zaccharie,F,,21:22,5.0,9.0,0.556,3.0,5.0,0.6,2.0,2.0,1.0,1.0,0.0,1.0,1.0,2.0,0.0,0.0,2.0,15.0,-5.0
0022501217,1610612737,ATL,Atlanta,1630552,Jalen Johnson,Jalen,F,,35:04,5.0,17.0,0.294,0.0,1.0,0.0,2.0,2.0,1.0,4.0,6.0,10.0,12.0,1.0,1.0,2.0,3.0,12.0,4.0
0022501217,1610612737,ATL,Atlanta,1630168,Onyeka Okongwu,Onyeka,C,,36:26,6.0,17.0,0.353,5.0,9.0,0.556,3.0,4.0,0.75,3.0,12.0,15.0,4.0,1.0,2.0,4.0,4.0,20.0,10.0
0022501217,1610612737,ATL,Atlanta,1630700,Dyson Daniels,Dyson,G,,38:42,13.0,19.0,0.684,1.0,2.0,0.5,0.0,2.0,0.0,5.0,5.0,10.0,4.0,1.0,2.0,3.0,2.0,27.0,5.0
0022501217,1610612737,ATL,Atlanta,1629638,Nickeil Alexander-Walker,Nickeil,G,,34:05,3.0,18.0,0.167,2.0,5.0,0.4,4.0,4.0,1.0,2.0,5.0,7.0,6.0,1.0,0.0,2.0,3.0,12.0,9.0
0022501217,1610612737,ATL,Atlanta,1630249,Vít Krejčí,Vít,,,25:52,6.0,9.0,0.667,4.0,6.0,0.667,3.0,3.0,1.0,0.0,4.0,4.0,1.0,1.0,0.0,1.0,4.0,19.0,10.0
0022501217,1610612737,ATL,Atlanta,1631243,Mouhamed Gueye,Mouhamed,,,10:38,0.0,1.0,0.0,0.0,1.0,0.0,1.0,2.0,0.5,0.0,1.0,1.0,0.0,1.0,1.0,2.0,1.0,1.0,-1.0
0022501217,1610612737,ATL,Atlanta,1628379,Luke Kennard,Luke,,,20:57,1.0,2.0,0.5,1.0,2.0,0.5,2.0,2.0,1.0,1.0,3.0,4.0,2.0,0.0,0.0,0.0,1.0,5.0,-3.0
0022501217,1610612737,ATL,Atlanta,1642854,Asa Newell,Asa,,,13:52,4.0,6.0,0.667,1.0,1.0,1.0,0.0,0.0,0.0,2.0,2.0,4.0,2.0,0.0,0.0,1.0,2.0,9.0,-7.0
0022501217,1610612737,ATL,Atlanta,1630811,Keaton Wallace,Keaton,,,3:02,0.0,1.0,0.0,0.0,1.0,0.0,0.0,0.0,0.0,0.0,1.0,1.0,1.0,0.0,0.0,1.0,1.0,0.0,-7.0
0022501217,1610612737,ATL,Atlanta,204001,Kristaps Porziņģis,Kristaps,,DND - Injury/Illness,,,,,,,,,,,,,,,,,,,,
0022501217,1610612737,ATL,Atlanta,1629027,Trae Young,Trae,,DND - Injury/Illness,,,,,,,,,,,,,,,,,,,,
0022501228,1610612747,LAL,Los Angeles,2544,LeBron James,LeBron,F,,36:14,8.0,17.0,0.471,1.0,5.0,0.2,9.0,14.0,0.643,1.0,2.0,3.0,4.0,2.0,2.0,8.0,3.0,26.0,8.0
0022501228,1610612747,LAL,Los Angeles,1629060,Rui Hachimura,Rui,F,,30:58,1.0,5.0,0.2,1.0,4.0,0.25,0.0,0.0,0.0,2.0,5.0,7.0,1.0,2.0,0.0,0.0,3.0,3.0,-12.0
0022501228,1610612747,LAL,Los Angeles,1629028,Deandre Ayton,Deandre,C,,30:09,10.0,11.0,0.909,0.0,0.0,0.0,0.0,2.0,0.0,6.0,7.0,13.0,0.0,2.0,1.0,3.0,4.0,20.0,-12.0
0022501228,1610612747,LAL,Los Angeles,203935,Marcus Smart,Marcus,G,,31:36,2.0,7.0,0.286,1.0,5.0,0.2,3.0,4.0,0.75,1.0,3.0,4.0,6.0,1.0,2.0,2.0,3.0,8.0,-10.0
0022501228,1610612747,LAL,Los Angeles,1629029,Luka Dončić,Luka,G,,38:12,7.0,25.0,0.28,2.0,14.0,0.143,13.0,14.0,0.929,2.0,1.0,3.0,6.0,1.0,0.0,6.0,3.0,29.0,-5.0
0022501228,1610612747,LAL,Los Angeles,1631222,Jake LaRavia,Jake,,,21:12,2.0,9.0,0.222,0.0,4.0,0.0,2.0,2.0,1.0,3.0,5.0,8.0,1.0,2.0,2.0,0.0,4.0,6.0,13.0
0022501228,1610612747,LAL,Los Angeles,1629637,Jaxson Hayes,Jaxson,,,17:39,4.0,4.0,1.0,0.0,0.0,0.0,4.0,5.0,0.8,3.0,6.0,9.0,2.0,0.0,0.0,2.0,1.0,12.0,11.0
0022501228,1610612747,LAL,Los Angeles,1629216,Gabe Vincent,Gabe,,,18:59,2.0,5.0,0.4,1.0,3.0,0.333,0.0,0.0,0.0,0.0,0.0,0.0,0.0,1.0,0.0,0.0,1.0,5.0,10.0
0022501228,1610612747,LAL,Los Angeles,1629020,Jarred Vanderbilt,Jarred,,,15:01,2.0,5.0,0.4,1.0,2.0,0.5,2.0,2.0,1.0,6.0,1.0,7.0,0.0,2.0,1.0,0.0,1.0,7.0,7.0
0022501228,1610612747,LAL,Los Angeles,1642261,Dalton Knecht,Dalton,,DNP - Coach's Decision,,,,,,,,,,,,,,,,,,,,
0022501228,1610612747,LAL,Los Angeles,1641733,Nick Smith Jr.,Nick,,DNP - Coach's Decision,,,,,,,,,,,,,,,,,,,,
0022501228,1610612747,LAL,Los Angeles,1642876,Adou Thiero,Adou,,DNP - Coach's Decision,,,,,,,,,,,,,,,,,,,,
0022501228,1610612756,PHX,Phoenix,1628960,Grayson Allen,Grayson,F,,35:03,4.0,11.0,0.364,1.0,5.0,0.2,4.0,4.0,1.0,0.0,2.0,2.0,7.0,3.0,0.0,2.0,1.0,13.0,-4.0
0022501228,1610612756,PHX,Phoenix,1628415,Dillon Brooks,Dillon,F,,24:32,6.0,9.0,0.667,4.0,7.0,0.571,2.0,2.0,1.0,0.0,1.0,1.0,0.0,1.0,0.0,3.0,5.0,18.0,12.0
0022501228,1610612756,PHX,Phoenix,1631109,Mark Williams,Mark,C,,28:53,9.0,10.0,0.9,0.0,0.0,0.0,2.0,3.0,0.667,3.0,3.0,6.0,1.0,0.0,3.0,1.0,2.0,20.0,14.0
0022501228,1610612756,PHX,Phoenix,1626164,Devin Booker,Devin,G,,31:22,7.0,17.0,0.412,0.0,5.0,0.0,13.0,16.0,0.813,1.0,5.0,6.0,7.0,1.0,1.0,1.0,3.0,27.0,4.0
0022501228,1610612756,PHX,Phoenix,1631221,Collin Gillespie,Collin,G,,36:40,4.0,9.0,0.444,2.0,5.0,0.4,0.0,0.0,0.0,1.0,2.0,3.0,6.0,1.0,0.0,1.0,4.0,10.0,-2.0
0022501228,1610612756,PHX,Phoenix,1642346,Ryan Dunn,Ryan,,,16:57,2.0,6.0,0.333,1.0,4.0,0.25,0.0,0.0,0.0,2.0,2.0,4.0,2.0,1.0,1.0,2.0,3.0,5.0,6.0
0022501228,1610612756,PHX,Phoenix,1626220,Royce O'Neale,Royce,,,23:57,4.0,7.0,0.571,4.0,7.0,0.571,0.0,0.0,0.0,0.0,5.0,5.0,1.0,1.0,0.0,2.0,3.0,12.0,-23.0
0022501228,1610612756,PHX,Phoenix,1630692,Jordan Goodwin,Jordan,,,18:10,2.0,7.0,0.286,1.0,3.0,0.333,0.0,0.0,0.0,2.0,1.0,3.0,2.0,2.0,0.0,2.0,1.0,5.0,0.0
0022501228,1610612756,PHX,Phoenix,1642345,Oso Ighodaro,Oso,,,15:53,1.0,4.0,0.25,0.0,0.0,0.0,0.0,0.0,0.0,1.0,4.0,5.0,3.0,1.0,0.0,4.0,4.0,2.0,-6.0
0022501228,1610612756,PHX,Phoenix,1631123,Jamaree Bouyea,Jamaree,,,6:01,1.0,2.0,0.5,0.0,1.0,0.0,0.0,0.0,0.0,0.0,1.0,1.0,0.0,0.0,0.0,0.0,0.0,2.0,-2.0
0022501228,1610612756,PHX,Phoenix,1630208,Nick Richards,Nick,,,2:32,0.0,0.0,0.0,0.0,0.0,0.0,0.0,0.0,0.0,0.0,1.0,1.0,0.0,0.0,0.0,1.0,2.0,0.0,-9.0
0022501228,1610612756,PHX,Phoenix,1642853,Rasheer Fleming,Rasheer,,DNP - Coach's Decision,,,,,,,,,,,,,,,,,,,,
0022501228,1610612756,PHX,Phoenix,1628502,Nigel Hayes-Davis,Nigel,,DNP - Coach's Decision,,,,,,,,,,,,,,,,,,,,
0022501228,1610612756,PHX,Phoenix,1642863,Khaman Maluach,Khaman,,DNP - Coach's Decision,,,,,,,,,,,,,,,,,,,,
0022501220,1610612758,SAC,Sacramento,201942,DeMar DeRozan,DeMar,F,,39:07,8.0,15.0,0.533,1.0,1.0,1.0,0.0,0.0,0.0,0.0,4.0,4.0,3.0,1.0,1.0,0.0,2.0,17.0,-10.0
0022501220,1610612758,SAC,Sacramento,1631099,Keegan Murray,Keegan,F,,38:58,3.0,11.0,0.273,1.0,3.0,0.333,3.0,4.0,0.75,2.0,6.0,8.0,1.0,0.0,5.0,4.0,2.0,10.0,-8.0
0022501220,1610612758,SAC,Sacramento,1642875,Maxime Raynaud,Maxime,C,,26:26,3.0,6.0,0.5,0.0,0.0,0.0,2.0,4.0,0.5,1.0,5.0,6.0,0.0,0.0,1.0,2.0,4.0,8.0,-19.0
0022501220,1610612758,SAC,Sacramento,203897,Zach LaVine,Zach,G,,15:40,4.0,8.0,0.5,1.0,4.0,0.25,1.0,1.0,1.0,0.0,1.0,1.0,1.0,0.0,0.0,2.0,1.0,10.0,6.0
0022501220,1610612758,SAC,Sacramento,201566,Russell Westbrook,Russell,G,,28:09,4.0,13.0,0.308,0.0,3.0,0.0,0.0,0.0,0.0,0.0,7.0,7.0,10.0,3.0,0.0,4.0,3.0,8.0,-13.0
0022501220,1610612758,SAC,Sacramento,1628370,Malik Monk,Malik,,,26:45,3.0,9.0,0.333,3.0,5.0,0.6,7.0,7.0,1.0,0.0,3.0,3.0,3.0,0.0,1.0,0.0,3.0,16.0,-4.0
0022501220,1610612758,SAC,Sacramento,1642363,Nique Clifford,Nique,,,13:19,0.0,1.0,0.0,0.0,1.0,0.0,0.0,0.0,0.0,0.0,0.0,0.0,0.0,1.0,0.0,1.0,1.0,0.0,-14.0
0022501220,1610612758,SAC,Sacramento,203471,Dennis Schröder,Dennis,,,25:04,5.0,11.0,0.455,3.0,5.0,0.6,4.0,5.0,0.8,0.0,1.0,1.0,3.0,0.0,0.0,2.0,3.0,17.0,-5.0
0022501220,1610612758,SAC,Sacramento,1630173,Precious Achiuwa,Precious,,,26:32,7.0,7.0,1.0,1.0,1.0,1.0,2.0,4.0,0.5,1.0,5.0,6.0,0.0,0.0,1.0,0.0,2.0,17.0,-3.0
0022501220,1610612758,SAC,Sacramento,1642928,Dylan Cardwell,Dylan,,DNP - Coach's Decision,,,,,,,,,,,,,,,,,,,,
0022501220,1610612758,SAC,Sacramento,1642269,Devin Carter,Devin,,DNP - Coach's Decision,,,,,,,,,,,,,,,,,,,,
0022501220,1610612758,SAC,Sacramento,1631165,Keon Ellis,Keon,,DNP - Coach's Decision,,,,,,,,,,,,,,,,,,,,
0022501220,1610612758,SAC,Sacramento,203926,Doug McDermott,Doug,,DNP - Coach's Decision,,,,,,,,,,,,,,,,,,,,
0022501220,1610612758,SAC,Sacramento,203967,Dario Šarić,Dario,,DNP - Coach's Decision,,,,,,,,,,,,,,,,,,,,
0022501220,1610612750,MIN,Minnesota,1630183,Jaden McDaniels,Jaden,F,,37:57,7.0,19.0,0.368,1.0,7.0,0.143,6.0,6.0,1.0,1.0,3.0,4.0,2.0,2.0,0.0,2.0,4.0,21.0,18.0
0022501220,1610612750,MIN,Minnesota,203944,Julius Randle,Julius,F,,36:25,9.0,21.0,0.429,2.0,6.0,0.333,4.0,6.0,0.667,4.0,6.0,10.0,3.0,3.0,0.0,1.0,4.0,24.0,13.0
0022501220,1610612750,MIN,Minnesota,203497,Rudy Gobert,Rudy,C,,20:04,3.0,4.0,0.75,0.0,0.0,0.0,1.0,6.0,0.167,5.0,7.0,12.0,3.0,0.0,1.0,1.0,1.0,7.0,9.0
0022501220,1610612750,MIN,Minnesota,1628978,Donte DiVincenzo,Donte,G,,33:40,7.0,18.0,0.389,3.0,9.0,0.333,1.0,2.0,0.5,3.0,3.0,6.0,6.0,4.0,2.0,1.0,3.0,18.0,15.0
0022501220,1610612750,MIN,Minnesota,1630538,Bones Hyland,Bones,G,,35:41,6.0,10.0,0.6,1.0,4.0,0.25,5.0,5.0,1.0,0.0,3.0,3.0,5.0,0.0,1.0,2.0,5.0,18.0,10.0
0022501220,1610612750,MIN,Minnesota,1629675,Naz Reid,Naz,,,34:35,7.0,12.0,0.583,4.0,7.0,0.571,2.0,2.0,1.0,1.0,10.0,11.0,3.0,2.0,1.0,2.0,4.0,20.0,5.0
0022501220,1610612750,MIN,Minnesota,1630545,Terrence Shannon Jr.,Terrence,,,13:14,1.0,3.0,0.333,0.0,2.0,0.0,0.0,0.0,0.0,0.0,0.0,0.0,0.0,0.0,0.0,0.0,1.0,2.0,-11.0
0022501220,1610612750,MIN,Minnesota,1642265,Rob Dillingham,Rob,,,11:54,2.0,4.0,0.5,1.0,1.0,1.0,0.0,0.0,0.0,0.0,1.0,1.0,3.0,1.0,0.0,0.0,3.0,5.0,6.0
0022501220,1610612750,MIN,Minnesota,1641740,Jaylen Clark,Jaylen,,,16:30,1.0,3.0,0.333,0.0,1.0,0.0,0.0,0.0,0.0,1.0,0.0,1.0,0.0,0.0,0.0,2.0,1.0,2.0,5.0
0022501220,1610612750,MIN,Minnesota,204060,Joe Ingles,Joe,,DNP - Coach's Decision,,,,,,,,,,,,,,,,,,,,
0022501220,1610612750,MIN,Minnesota,1630548,Johnny Juzang,Johnny,,DNP - Coach's Decision,,,,,,,,,,,,,,,,,,,,
0022501220,1610612750,MIN,Minnesota,1631159,Leonard Miller,Leonard,,DNP - Coach's Decision,,,,,,,,,,,,,,,,,,,,
0022501221,1610612744,GSW,Golden State,1630541,Moses Moody,Moses,F,,23:26,5.0,9.0,0.556,2.0,6.0,0.333,0.0,0.0,0.0,1.0,1.0,2.0,2.0,1.0,1.0,0.0,3.0,12.0,-4.0
0022501221,1610612744,GSW,Golden State,203110,Draymond Green,Draymond,F,,29:54,5.0,8.0,0.625,2.0,4.0,0.5,2.0,2.0,1.0,1.0,7.0,8.0,7.0,3.0,1.0,8.0,5.0,14.0,-12.0
0022501221,1610612744,GSW,Golden State,1642366,Quinten Post,Quinten,C,,19:27,4.0,9.0,0.444,3.0,6.0,0.5,0.0,0.0,0.0,1.0,0.0,1.0,4.0,1.0,0.0,0.0,4.0,11.0,3.0
0022501221,1610612744,GSW,Golden State,202710,Jimmy Butler III,Jimmy,G,,34:57,3.0,11.0,0.273,0.0,0.0,0.0,10.0,11.0,0.909,3.0,4.0,7.0,4.0,3.0,0.0,3.0,4.0,16.0,-4.0
0022501221,1610612744,GSW,Golden State,201939,Stephen Curry,Stephen,G,,35:26,16.0,26.0,0.615,12.0,19.0,0.632,4.0,4.0,1.0,0.0,3.0,3.0,2.0,3.0,1.0,3.0,0.0,48.0,-8.0
0022501221,1610612744,GSW,Golden State,1629001,De'Anthony Melton,De'Anthony,,,18:54,0.0,5.0,0.0,0.0,3.0,0.0,0.0,0.0,0.0,0.0,1.0,1.0,1.0,2.0,1.0,1.0,2.0,0.0,0.0
0022501221,1610612744,GSW,Golden State,1631218,Trayce Jackson-Davis,Trayce,,,15:59,2.0,2.0,1.0,0.0,0.0,0.0,1.0,2.0,0.5,0.0,4.0,4.0,3.0,0.0,1.0,1.0,2.0,5.0,-2.0
0022501221,1610612744,GSW,Golden State,1641764,Brandin Podziemski,Brandin,,,32:34,4.0,7.0,0.571,3.0,3.0,1.0,1.0,2.0,0.5,1.0,6.0,7.0,6.0,1.0,0.0,1.0,2.0,12.0,-2.0
0022501221,1610612744,GSW,Golden State,1630311,Pat Spencer,Pat,,,6:45,1.0,3.0,0.333,0.0,1.0,0.0,0.0,0.0,0.0,0.0,0.0,0.0,2.0,0.0,0.0,0.0,1.0,2.0,0.0
0022501221,1610612744,GSW,Golden State,1627741,Buddy Hield,Buddy,,,16:24,4.0,7.0,0.571,2.0,5.0,0.4,0.0,0.0,0.0,1.0,0.0,1.0,1.0,0.0,0.0,1.0,0.0,10.0,1.0
0022501221,1610612744,GSW,Golden State,1630611,Gui Santos,Gui,,,6:16,0.0,0.0,0.0,0.0,0.0,0.0,1.0,2.0,0.5,0.0,2.0,2.0,2.0,0.0,0.0,0.0,1.0,1.0,3.0
0022501221,1610612744,GSW,Golden State,203552,Seth Curry,Seth,,DNP - Coach's Decision,,,,,,,,,,,,,,,,,,,,
0022501221,1610612744,GSW,Golden State,1630228,Jonathan Kuminga,Jonathan,,DNP - Coach's Decision,,,,,,,,,,,,,,,,,,,,
0022501221,1610612744,GSW,Golden State,1642954,Will Richard,Will,,DNP - Coach's Decision,,,,,,,,,,,,,,,,,,,,
0022501221,1610612757,POR,Portland,1641739,Toumani Camara,Toumani,F,,25:27,3.0,8.0,0.375,1.0,5.0,0.2,0.0,0.0,0.0,0.0,3.0,3.0,3.0,2.0,0.0,1.0,5.0,7.0,6.0
0022501221,1610612757,POR,Portland,203924,Jerami Grant,Jerami,F,,34:25,12.0,22.0,0.545,7.0,13.0,0.538,4.0,4.0,1.0,0.0,3.0,3.0,2.0,0.0,1.0,4.0,4.0,35.0,4.0
0022501221,1610612757,POR,Portland,1642270,Donovan Clingan,Donovan,C,,21:57,1.0,3.0,0.333,0.0,1.0,0.0,1.0,2.0,0.5,3.0,7.0,10.0,3.0,1.0,3.0,1.0,2.0,3.0,-9.0
0022501221,1610612757,POR,Portland,1630166,Deni Avdija,Deni,G,,32:32,6.0,16.0,0.375,2.0,4.0,0.5,12.0,13.0,0.923,0.0,7.0,7.0,8.0,1.0,0.0,4.0,2.0,26.0,-3.0
0022501221,1610612757,POR,Portland,1631101,Shaedon Sharpe,Shaedon,G,,32:43,12.0,18.0,0.667,5.0,7.0,0.714,6.0,6.0,1.0,2.0,1.0,3.0,4.0,4.0,0.0,3.0,2.0,35.0,15.0
0022501221,1610612757,POR,Portland,1631321,Sidy Cissoko,Sidy,,,28:20,2.0,6.0,0.333,2.0,5.0,0.4,0.0,0.0,0.0,2.0,1.0,3.0,1.0,1.0,0.0,0.0,3.0,6.0,16.0
0022501221,1610612757,POR,Portland,1629057,Robert Williams III,Robert,,,19:09,4.0,4.0,1.0,0.0,0.0,0.0,3.0,4.0,0.75,2.0,9.0,11.0,3.0,1.0,0.0,3.0,0.0,11.0,7.0
0022501221,1610612757,POR,Portland,1631200,Kris Murray,Kris,,,27:11,2.0,5.0,0.4,1.0,2.0,0.5,0.0,0.0,0.0,1.0,2.0,3.0,2.0,0.0,0.0,0.0,1.0,5.0,3.0
0022501221,1610612757,POR,Portland,1631126,Caleb Love,Caleb,,,12:00,3.0,6.0,0.5,2.0,2.0,1.0,0.0,0.0,0.0,0.0,0.0,0.0,4.0,1.0,0.0,1.0,1.0,8.0,-9.0
0022501221,1610612757,POR,Portland,1641712,Rayan Rupert,Rayan,,,6:16,0.0,1.0,0.0,0.0,0.0,0.0,0.0,0.0,0.0,0.0,0.0,0.0,0.0,0.0,0.0,0.0,1.0,0.0,-5.0
0022501221,1610612757,POR,Portland,201950,Jrue Holiday,Jrue,,DND - Injury/Illness,,,,,,,,,,,,,,,,,,,,
0022501221,1610612757,POR,Portland,203081,Damian Lillard,Damian,,DND - Injury/Illness,,,,,,,,,,,,,,,,,,,,
0022501221,1610612757,POR,Portland,1641871,Duop Reath,Duop,,DNP - Coach's Decision,,,,,,,,,,,,,,,,,,,,
0022501221,1610612757,POR,Portland,1629680,Matisse Thybulle,Matisse,,DND - Injury/Illness,,,,,,,,,,,,,,,,,,,,
0022501221,1610612757,POR,Portland,1642905,Yang Hansen,ang Hansen,,DNP - Coach's Decision,,,,,,,,,,,,,,,,,,,,
0022501209,1610612741,CHI,Chicago,1630171,Isaac Okoro,Isaac,F,,26:10,7.0,11.0,0.636,0.0,2.0,0.0,1.0,1.0,1.0,1.0,2.0,3.0,1.0,0.0,0.0,0.0,3.0,15.0,-4.0
0022501209,1610612741,CHI,Chicago,1641824,Matas Buzelis,Matas,F,,23:42,5.0,8.0,0.625,0.0,2.0,0.0,0.0,0.0,0.0,0.0,0.0,0.0,1.0,0.0,2.0,0.0,3.0,10.0,0.0
0022501209,1610612741,CHI,Chicago,202696,Nikola Vučević,Nikola,C,,21:38,6.0,8.0,0.75,1.0,2.0,0.5,0.0,1.0,0.0,0.0,3.0,3.0,4.0,0.0,1.0,1.0,0.0,13.0,-15.0
0022501209,1610612741,CHI,Chicago,1629632,Coby White,Coby,G,,29:39,6.0,15.0,0.4,1.0,4.0,0.25,7.0,9.0,0.778,0.0,5.0,5.0,2.0,0.0,0.0,2.0,1.0,20.0,7.0
0022501209,1610612741,CHI,Chicago,1630581,Josh Giddey,Josh,G,,34:13,10.0,17.0,0.588,2.0,4.0,0.5,4.0,4.0,1.0,1.0,6.0,7.0,11.0,1.0,0.0,3.0,2.0,26.0,8.0
0022501209,1610612741,CHI,Chicago,1631207,Dalen Terry,Dalen,,,13:33,1.0,2.0,0.5,0.0,1.0,0.0,0.0,0.0,0.0,0.0,1.0,1.0,1.0,0.0,0.0,1.0,1.0,2.0,-3.0
0022501209,1610612741,CHI,Chicago,1630172,Patrick Williams,Patrick,,,26:10,6.0,8.0,0.75,3.0,5.0,0.6,1.0,2.0,0.5,2.0,3.0,5.0,1.0,1.0,1.0,2.0,0.0,16.0,0.0
0022501209,1610612741,CHI,Chicago,1630200,Tre Jones,Tre,,,24:58,3.0,9.0,0.333,0.0,2.0,0.0,0.0,0.0,0.0,0.0,2.0,2.0,5.0,0.0,0.0,1.0,0.0,6.0,-1.0
0022501209,1610612741,CHI,Chicago,1628380,Zach Collins,Zach,,,19:55,6.0,7.0,0.857,2.0,3.0,0.667,2.0,2.0,1.0,2.0,6.0,8.0,2.0,0.0,1.0,1.0,1.0,16.0,17.0
0022501209,1610612741,CHI,Chicago,1641763,Julian Phillips,Julian,,,3:14,0.0,0.0,0.0,0.0,0.0,0.0,0.0,0.0,0.0,0.0,0.0,0.0,0.0,0.0,0.0,0.0,0.0,0.0,-4.0
0022501209,1610612741,CHI,Chicago,1630188,Jalen Smith,Jalen,,,16:48,2.0,9.0,0.222,1.0,3.0,0.333,0.0,0.0,0.0,5.0,5.0,10.0,1.0,1.0,1.0,0.0,0.0,5.0,10.0
0022501209,1610612741,CHI,Chicago,1628975,Jevon Carter,Jevon,,DNP - Coach's Decision,,,,,,,,,,,,,,,,,,,,
0022501209,1610612766,CHA,Charlotte,1642851,Kon Knueppel,Kon,F,,36:03,12.0,21.0,0.571,5.0,12.0,0.417,4.0,4.0,1.0,2.0,3.0,5.0,9.0,0.0,0.0,2.0,3.0,33.0,8.0
0022501209,1610612766,CHA,Charlotte,1628970,Miles Bridges,Miles,F,,33:56,13.0,20.0,0.65,4.0,7.0,0.571,2.0,3.0,0.667,0.0,2.0,2.0,7.0,0.0,0.0,0.0,1.0,32.0,8.0
0022501209,1610612766,CHA,Charlotte,1641750,Ryan Kalkbrenner,Ryan,C,,31:07,5.0,6.0,0.833,0.0,0.0,0.0,0.0,0.0,0.0,1.0,5.0,6.0,2.0,0.0,0.0,1.0,2.0,10.0,15.0
0022501209,1610612766,CHA,Charlotte,1641706,Brandon Miller,Brandon,G,,34:12,8.0,22.0,0.364,2.0,8.0,0.25,0.0,0.0,0.0,1.0,4.0,5.0,4.0,1.0,2.0,3.0,5.0,18.0,-13.0
0022501209,1610612766,CHA,Charlotte,1642354,KJ Simpson,KJ,G,,25:18,4.0,9.0,0.444,2.0,3.0,0.667,0.0,0.0,0.0,1.0,4.0,5.0,3.0,1.0,0.0,1.0,2.0,10.0,11.0
0022501209,1610612766,CHA,Charlotte,1630182,Josh Green,Josh,,,17:23,1.0,2.0,0.5,0.0,1.0,0.0,0.0,0.0,0.0,0.0,0.0,0.0,1.0,1.0,0.0,0.0,2.0,2.0,-3.0
0022501209,1610612766,CHA,Charlotte,1642883,Sion James,Sion,,,25:52,5.0,9.0,0.556,2.0,4.0,0.5,2.0,3.0,0.667,0.0,4.0,4.0,1.0,0.0,0.0,1.0,0.0,14.0,-12.0
0022501209,1610612766,CHA,Charlotte,1631217,Moussa Diabaté,Moussa,,,12:40,1.0,2.0,0.5,0.0,0.0,0.0,0.0,0.0,0.0,2.0,1.0,3.0,0.0,0.0,1.0,0.0,3.0,2.0,-17.0
0022501209,1610612766,CHA,Charlotte,1642275,Tidjane Salaün,Tidjane,,,17:19,2.0,5.0,0.4,1.0,2.0,0.5,0.0,0.0,0.0,1.0,1.0,2.0,3.0,2.0,0.0,0.0,1.0,5.0,-12.0
0022501209,1610612766,CHA,Charlotte,1641809,Drew Peterson,Drew,,,6:10,0.0,1.0,0.0,0.0,0.0,0.0,0.0,0.0,0.0,0.0,0.0,0.0,0.0,0.0,0.0,0.0,0.0,0.0,0.0
0022501209,1610612766,CHA,Charlotte,203486,Mason Plumlee,Mason,,DNP - Coach's Decision,,,,,,,,,,,,,,,,,,,,
0022501209,1610612766,CHA,Charlotte,1629684,Grant Williams,Grant,,DND - Injury/Illness,,,,,,,,,,,,,,,,,,,,
0022501219,1610612749,MIL,Milwaukee,1628398,Kyle Kuzma,Kyle,F,,27:40,6.0,11.0,0.545,0.0,2.0,0.0,1.0,2.0,0.5,3.0,4.0,7.0,3.0,0.0,0.0,2.0,1.0,13.0,-18.0
0022501219,1610612749,MIL,Milwaukee,1629018,Gary Trent Jr.,Gary,F,,28:55,7.0,14.0,0.5,4.0,8.0,0.5,2.0,2.0,1.0,0.0,2.0,2.0,0.0,2.0,0.0,2.0,3.0,20.0,-17.0
0022501219,1610612749,MIL,Milwaukee,1626167,Myles Turner,Myles,C,,23:57,2.0,4.0,0.5,0.0,2.0,0.0,5.0,6.0,0.833,0.0,3.0,3.0,1.0,0.0,0.0,1.0,3.0,9.0,-21.0
0022501219,1610612749,MIL,Milwaukee,1629645,Kevin Porter Jr.,Kevin,G,,29:43,2.0,13.0,0.154,0.0,5.0,0.0,1.0,2.0,0.5,0.0,3.0,3.0,7.0,4.0,0.0,6.0,3.0,5.0,-19.0
0022501219,1610612749,MIL,Milwaukee,1631157,Ryan Rollins,Ryan,G,,22:28,5.0,11.0,0.455,1.0,5.0,0.2,0.0,0.0,0.0,0.0,2.0,2.0,5.0,0.0,1.0,2.0,2.0,11.0,-28.0
0022501219,1610612749,MIL,Milwaukee,1630579,Jericho Sims,Jericho,,,30:25,3.0,4.0,0.75,0.0,0.0,0.0,1.0,2.0,0.5,3.0,4.0,7.0,1.0,0.0,0.0,1.0,0.0,7.0,-29.0
0022501219,1610612749,MIL,Milwaukee,1630175,Cole Anthony,Cole,,,20:11,0.0,4.0,0.0,0.0,2.0,0.0,2.0,2.0,1.0,0.0,4.0,4.0,1.0,1.0,0.0,4.0,4.0,2.0,-27.0
0022501219,1610612749,MIL,Milwaukee,203914,Gary Harris,Gary,,,6:24,1.0,1.0,1.0,1.0,1.0,1.0,0.0,0.0,0.0,0.0,1.0,1.0,0.0,0.0,0.0,0.0,0.0,3.0,-8.0
0022501219,1610612749,MIL,Milwaukee,1626171,Bobby Portis,Bobby,,,16:28,4.0,7.0,0.571,2.0,3.0,0.667,0.0,0.0,0.0,0.0,3.0,3.0,1.0,1.0,0.0,0.0,1.0,10.0,-16.0
0022501219,1610612749,MIL,Milwaukee,1641748,Andre Jackson Jr.,Andre,,,15:01,1.0,6.0,0.167,0.0,5.0,0.0,0.0,0.0,0.0,0.0,2.0,2.0,1.0,0.0,0.0,0.0,1.0,2.0,-16.0
0022501219,1610612749,MIL,Milwaukee,1631250,Pete Nance,Pete,,,9:24,0.0,3.0,0.0,0.0,1.0,0.0,0.0,0.0,0.0,1.0,2.0,3.0,0.0,0.0,0.0,1.0,0.0,0.0,-13.0
0022501219,1610612749,MIL,Milwaukee,1629599,Amir Coffey,Amir,,,9:24,0.0,1.0,0.0,0.0,1.0,0.0,0.0,0.0,0.0,0.0,0.0,0.0,0.0,0.0,0.0,1.0,0.0,0.0,-13.0
0022501219,1610612749,MIL,Milwaukee,203648,Thanasis Antetokounmpo,Thanasis,,DNP - Coach's Decision,,,,,,,,,,,,,,,,,,,,
0022501219,1610612751,BKN,Brooklyn,1629008,Michael Porter Jr.,Michael,F,,26:24,4.0,11.0,0.364,2.0,7.0,0.286,2.0,3.0,0.667,0.0,6.0,6.0,5.0,0.0,0.0,3.0,1.0,12.0,13.0
0022501219,1610612751,BKN,Brooklyn,1641730,Noah Clowney,Noah,F,,21:50,4.0,9.0,0.444,4.0,8.0,0.5,4.0,4.0,1.0,0.0,3.0,3.0,2.0,0.0,2.0,2.0,3.0,16.0,14.0
0022501219,1610612751,BKN,Brooklyn,1629651,Nic Claxton,Nic,C,,25:34,5.0,8.0,0.625,0.0,0.0,0.0,0.0,0.0,0.0,2.0,1.0,3.0,3.0,0.0,0.0,2.0,2.0,10.0,23.0
0022501219,1610612751,BKN,Brooklyn,1629611,Terance Mann,Terance,G,,20:33,4.0,6.0,0.667,2.0,3.0,0.667,2.0,2.0,1.0,1.0,4.0,5.0,3.0,2.0,0.0,0.0,2.0,12.0,7.0
0022501219,1610612751,BKN,Brooklyn,1642856,Egor Dëmin,Egor,G,,25:34,6.0,8.0,0.75,2.0,4.0,0.5,3.0,3.0,1.0,0.0,3.0,3.0,3.0,2.0,1.0,2.0,2.0,17.0,20.0
0022501219,1610612751,BKN,Brooklyn,1630533,Ziaire Williams,Ziaire,,,21:33,4.0,6.0,0.667,2.0,4.0,0.5,0.0,0.0,0.0,0.0,3.0,3.0,2.0,1.0,1.0,1.0,0.0,10.0,28.0
0022501219,1610612751,BKN,Brooklyn,1631213,Tyrese Martin,Tyrese,,,18:03,5.0,8.0,0.625,4.0,5.0,0.8,0.0,0.0,0.0,1.0,0.0,1.0,2.0,2.0,0.0,0.0,0.0,14.0,25.0
0022501219,1610612751,BKN,Brooklyn,1630549,Day'Ron Sharpe,Day'Ron,,,16:52,4.0,6.0,0.667,0.0,0.0,0.0,2.0,2.0,1.0,2.0,6.0,8.0,5.0,4.0,0.0,0.0,2.0,10.0,14.0
0022501219,1610612751,BKN,Brooklyn,1642874,Danny Wolf,Danny,,,23:37,3.0,12.0,0.25,0.0,7.0,0.0,2.0,2.0,1.0,0.0,4.0,4.0,2.0,1.0,0.0,0.0,0.0,8.0,26.0
0022501219,1610612751,BKN,Brooklyn,1642962,Drake Powell,Drake,,,23:20,4.0,7.0,0.571,2.0,4.0,0.5,3.0,3.0,1.0,0.0,4.0,4.0,3.0,1.0,0.0,3.0,2.0,13.0,31.0
0022501219,1610612751,BKN,Brooklyn,1642849,Nolan Traore,Nolan,,,9:24,0.0,1.0,0.0,0.0,0.0,0.0,0.0,0.0,0.0,0.0,2.0,2.0,3.0,0.0,0.0,0.0,0.0,0.0,13.0
0022501219,1610612751,BKN,Brooklyn,1630592,Jalen Wilson,Jalen,,,7:16,2.0,3.0,0.667,1.0,1.0,1.0,0.0,0.0,0.0,0.0,1.0,1.0,0.0,1.0,0.0,0.0,1.0,5.0,11.0
0022501210,1610612737,ATL,Atlanta,1642258,Zaccharie Risacher,Zaccharie,F,,27:24,5.0,8.0,0.625,0.0,2.0,0.0,0.0,0.0,0.0,1.0,2.0,3.0,2.0,2.0,0.0,2.0,3.0,10.0,-23.0
0022501210,1610612737,ATL,Atlanta,1630552,Jalen Johnson,Jalen,F,,33:34,7.0,19.0,0.368,1.0,6.0,0.167,4.0,4.0,1.0,4.0,7.0,11.0,12.0,2.0,0.0,6.0,3.0,19.0,-25.0
0022501210,1610612737,ATL,Atlanta,1630168,Onyeka Okongwu,Onyeka,C,,27:57,4.0,10.0,0.4,0.0,3.0,0.0,6.0,8.0,0.75,0.0,3.0,3.0,3.0,2.0,4.0,5.0,4.0,14.0,-20.0
0022501210,1610612737,ATL,Atlanta,1630700,Dyson Daniels,Dyson,G,,33:34,6.0,10.0,0.6,0.0,1.0,0.0,6.0,8.0,0.75,3.0,7.0,10.0,5.0,1.0,1.0,3.0,1.0,18.0,-24.0
0022501210,1610612737,ATL,Atlanta,1629638,Nickeil Alexander-Walker,Nickeil,G,,30:32,6.0,14.0,0.429,4.0,10.0,0.4,6.0,6.0,1.0,0.0,2.0,2.0,0.0,0.0,0.0,2.0,3.0,22.0,-21.0
0022501210,1610612737,ATL,Atlanta,1630249,Vít Krejčí,Vít,,,28:33,3.0,7.0,0.429,2.0,5.0,0.4,0.0,0.0,0.0,1.0,1.0,2.0,2.0,2.0,0.0,2.0,1.0,8.0,1.0
0022501210,1610612737,ATL,Atlanta,1631243,Mouhamed Gueye,Mouhamed,,,17:07,2.0,5.0,0.4,1.0,2.0,0.5,3.0,3.0,1.0,2.0,0.0,2.0,0.0,0.0,1.0,0.0,1.0,8.0,1.0
0022501210,1610612737,ATL,Atlanta,1628379,Luke Kennard,Luke,,,15:17,0.0,2.0,0.0,0.0,2.0,0.0,0.0,0.0,0.0,0.0,0.0,0.0,3.0,0.0,0.0,0.0,0.0,0.0,-6.0
0022501210,1610612737,ATL,Atlanta,1630811,Keaton Wallace,Keaton,,,9:28,2.0,5.0,0.4,2.0,3.0,0.667,0.0,0.0,0.0,0.0,1.0,1.0,0.0,0.0,1.0,0.0,0.0,6.0,-6.0
0022501210,1610612737,ATL,Atlanta,1642854,Asa Newell,Asa,,,16:35,4.0,5.0,0.8,1.0,2.0,0.5,1.0,2.0,0.5,2.0,1.0,3.0,1.0,0.0,1.0,0.0,2.0,10.0,-12.0
0022501210,1610612737,ATL,Atlanta,204001,Kristaps Porziņģis,Kristaps,,NWT - Injury/Illness,,,,,,,,,,,,,,,,,,,,
0022501210,1610612737,ATL,Atlanta,1629027,Trae Young,Trae,,NWT - Injury/Illness,,,,,,,,,,,,,,,,,,,,
0022501210,1610612765,DET,Detroit,1641709,Ausar Thompson,Ausar,F,,21:07,5.0,9.0,0.556,0.0,0.0,0.0,2.0,2.0,1.0,2.0,4.0,6.0,1.0,2.0,2.0,3.0,1.0,12.0,8.0
0022501210,1610612765,DET,Detroit,202699,Tobias Harris,Tobias,F,,21:05,4.0,9.0,0.444,1.0,2.0,0.5,0.0,0.0,0.0,0.0,3.0,3.0,1.0,3.0,0.0,1.0,3.0,9.0,8.0
0022501210,1610612765,DET,Detroit,1631105,Jalen Duren,Jalen,C,,24:16,6.0,10.0,0.6,0.0,0.0,0.0,2.0,4.0,0.5,2.0,5.0,7.0,2.0,1.0,1.0,0.0,2.0,14.0,8.0
0022501210,1610612765,DET,Detroit,1629130,Duncan Robinson,Duncan,G,,21:10,5.0,10.0,0.5,4.0,9.0,0.444,1.0,1.0,1.0,0.0,4.0,4.0,2.0,0.0,1.0,1.0,0.0,15.0,13.0
0022501210,1610612765,DET,Detroit,1630595,Cade Cunningham,Cade,G,,22:30,5.0,10.0,0.5,2.0,3.0,0.667,3.0,6.0,0.5,0.0,1.0,1.0,6.0,2.0,2.0,1.0,1.0,15.0,8.0
0022501210,1610612765,DET,Detroit,1627747,Caris LeVert,Caris,,,23:03,3.0,6.0,0.5,1.0,2.0,0.5,3.0,3.0,1.0,0.0,1.0,1.0,8.0,2.0,0.0,1.0,2.0,10.0,22.0
0022501210,1610612765,DET,Detroit,1631093,Jaden Ivey,Jaden,,,18:42,5.0,8.0,0.625,0.0,2.0,0.0,0.0,0.0,0.0,1.0,1.0,2.0,4.0,2.0,0.0,1.0,4.0,10.0,8.0
0022501210,1610612765,DET,Detroit,1630191,Isaiah Stewart,Isaiah,,,21:09,7.0,9.0,0.778,1.0,3.0,0.333,2.0,2.0,1.0,0.0,5.0,5.0,5.0,0.0,0.0,0.0,4.0,17.0,23.0
0022501210,1610612765,DET,Detroit,1641842,Ronald Holland II,Ronald,,,24:33,3.0,3.0,1.0,0.0,0.0,0.0,6.0,6.0,1.0,2.0,3.0,5.0,3.0,1.0,0.0,2.0,0.0,12.0,20.0
0022501210,1610612765,DET,Detroit,1642450,Daniss Jenkins,Daniss,,,13:12,2.0,4.0,0.5,1.0,2.0,0.5,3.0,3.0,1.0,1.0,1.0,2.0,1.0,0.0,0.0,1.0,2.0,8.0,7.0
0022501210,1610612765,DET,Detroit,1629750,Javonte Green,Javonte,,,20:06,3.0,7.0,0.429,1.0,5.0,0.2,2.0,2.0,1.0,0.0,1.0,1.0,0.0,3.0,0.0,0.0,2.0,9.0,18.0
0022501210,1610612765,DET,Detroit,1630194,Paul Reed,Paul,,,4:57,2.0,3.0,0.667,0.0,0.0,0.0,0.0,0.0,0.0,2.0,1.0,3.0,0.0,0.0,0.0,1.0,1.0,4.0,-5.0
0022501210,1610612765,DET,Detroit,1631204,Marcus Sasser,Marcus,,,4:10,3.0,3.0,1.0,1.0,1.0,1.0,0.0,0.0,0.0,0.0,0.0,0.0,1.0,0.0,0.0,0.0,0.0,7.0,-3.0
0022501211,1610612754,IND,Indiana,1631097,Bennedict Mathurin,Bennedict,F,,29:47,2.0,8.0,0.25,1.0,4.0,0.25,2.0,2.0,1.0,1.0,4.0,5.0,2.0,0.0,1.0,1.0,3.0,7.0,-16.0
0022501211,1610612754,IND,Indiana,1627783,Pascal Siakam,Pascal,F,,33:48,8.0,18.0,0.444,1.0,3.0,0.333,3.0,4.0,0.75,1.0,4.0,5.0,2.0,1.0,0.0,1.0,3.0,20.0,-7.0
0022501211,1610612754,IND,Indiana,1630643,Jay Huff,Jay,C,,27:32,4.0,12.0,0.333,4.0,11.0,0.364,1.0,1.0,1.0,0.0,4.0,4.0,2.0,0.0,3.0,0.0,4.0,13.0,-16.0
0022501211,1610612754,IND,Indiana,1630679,Ethan Thompson,Ethan,G,,32:46,4.0,10.0,0.4,2.0,7.0,0.286,2.0,3.0,0.667,1.0,1.0,2.0,3.0,0.0,0.0,0.0,6.0,12.0,-8.0
0022501211,1610612754,IND,Indiana,1629614,Andrew Nembhard,Andrew,G,,35:12,6.0,15.0,0.4,1.0,2.0,0.5,5.0,5.0,1.0,0.0,5.0,5.0,7.0,1.0,0.0,2.0,0.0,18.0,-25.0
0022501211,1610612754,IND,Indiana,1641716,Jarace Walker,Jarace,,,18:12,1.0,4.0,0.25,1.0,3.0,0.333,0.0,0.0,0.0,0.0,7.0,7.0,1.0,1.0,0.0,2.0,2.0,3.0,-4.0
0022501211,1610612754,IND,Indiana,1630543,Isaiah Jackson,Isaiah,,,11:47,3.0,8.0,0.375,0.0,0.0,0.0,1.0,2.0,0.5,6.0,3.0,9.0,1.0,0.0,0.0,1.0,3.0,7.0,5.0
0022501211,1610612754,IND,Indiana,1642277,Johnny Furphy,Johnny,,,1:41,0.0,2.0,0.0,0.0,1.0,0.0,0.0,0.0,0.0,0.0,1.0,1.0,0.0,0.0,0.0,0.0,0.0,0.0,-2.0
0022501211,1610612754,IND,Indiana,204456,T.J. McConnell,T.J.,,,17:12,7.0,11.0,0.636,1.0,1.0,1.0,0.0,0.0,0.0,1.0,1.0,2.0,5.0,2.0,0.0,0.0,1.0,15.0,9.0
0022501211,1610612754,IND,Indiana,1629726,Garrison Mathews,Garrison,,,23:22,2.0,6.0,0.333,2.0,6.0,0.333,2.0,2.0,1.0,1.0,3.0,4.0,2.0,0.0,0.0,0.0,4.0,8.0,13.0
0022501211,1610612754,IND,Indiana,1628396,Tony Bradley,Tony,,,8:41,1.0,2.0,0.5,0.0,0.0,0.0,0.0,0.0,0.0,1.0,1.0,2.0,1.0,1.0,0.0,0.0,1.0,2.0,1.0
0022501211,1610612754,IND,Indiana,1631245,Quenton Jackson,Quenton,,DNP - Coach's Decision,,,,,,,,,,,,,,,,,,,,
0022501211,1610612754,IND,Indiana,1642880,Kam Jones,Kam,,DNP - Coach's Decision,,,,,,,,,,,,,,,,,,,,
0022501211,1610612754,IND,Indiana,1643007,Taelon Peter,Taelon,,DNP - Coach's Decision,,,,,,,,,,,,,,,,,,,,
0022501211,1610612755,PHI,Philadelphia,202331,Paul George,Paul,F,,33:07,8.0,17.0,0.471,4.0,7.0,0.571,3.0,3.0,1.0,1.0,5.0,6.0,5.0,1.0,0.0,4.0,2.0,23.0,19.0
0022501211,1610612755,PHI,Philadelphia,1631230,Dominick Barlow,Dominick,F,,34:18,4.0,8.0,0.5,0.0,2.0,0.0,2.0,2.0,1.0,0.0,8.0,8.0,1.0,0.0,1.0,0.0,3.0,10.0,25.0
0022501211,1610612755,PHI,Philadelphia,203954,Joel Embiid,Joel,C,,31:56,12.0,23.0,0.522,2.0,8.0,0.25,13.0,18.0,0.722,2.0,7.0,9.0,3.0,1.0,0.0,3.0,3.0,39.0,16.0
0022501211,1610612755,PHI,Philadelphia,1629656,Quentin Grimes,Quentin,G,,38:56,3.0,9.0,0.333,2.0,7.0,0.286,2.0,2.0,1.0,1.0,8.0,9.0,4.0,1.0,1.0,1.0,0.0,10.0,13.0
0022501211,1610612755,PHI,Philadelphia,1642845,VJ Edgecombe,VJ,G,,39:28,6.0,10.0,0.6,3.0,5.0,0.6,7.0,10.0,0.7,1.0,3.0,4.0,5.0,2.0,0.0,0.0,3.0,22.0,17.0
0022501211,1610612755,PHI,Philadelphia,1642272,Jared McCain,Jared,,,13:52,2.0,6.0,0.333,1.0,4.0,0.25,0.0,0.0,0.0,0.0,1.0,1.0,0.0,1.0,0.0,1.0,2.0,5.0,-13.0
0022501211,1610612755,PHI,Philadelphia,1631133,Jabari Walker,Jabari,,,13:42,0.0,0.0,0.0,0.0,0.0,0.0,6.0,8.0,0.75,2.0,0.0,2.0,0.0,0.0,0.0,2.0,3.0,6.0,-15.0
0022501211,1610612755,PHI,Philadelphia,203083,Andre Drummond,Andre,,,16:04,0.0,1.0,0.0,0.0,0.0,0.0,0.0,0.0,0.0,4.0,5.0,9.0,1.0,0.0,2.0,1.0,1.0,0.0,-6.0
0022501211,1610612755,PHI,Philadelphia,1642348,Justin Edwards,Justin,,,18:37,0.0,5.0,0.0,0.0,4.0,0.0,0.0,0.0,0.0,0.0,2.0,2.0,3.0,0.0,0.0,0.0,2.0,0.0,-6.0
0022501211,1610612755,PHI,Philadelphia,1641737,Adem Bona,Adem,,DNP - Coach's Decision,,,,,,,,,,,,,,,,,,,,
0022501211,1610612755,PHI,Philadelphia,1641780,Johni Broome,Johni,,DNP - Coach's Decision,,,,,,,,,,,,,,,,,,,,
0022501211,1610612755,PHI,Philadelphia,201569,Eric Gordon,Eric,,DNP - Coach's Decision,,,,,,,,,,,,,,,,,,,,
0022501211,1610612755,PHI,Philadelphia,200768,Kyle Lowry,Kyle,,DNP - Coach's Decision,,,,,,,,,,,,,,,,,,,,
0022501215,1610612750,MIN,Minnesota,1630183,Jaden McDaniels,Jaden,F,,34:46,8.0,15.0,0.533,1.0,5.0,0.2,0.0,1.0,0.0,2.0,3.0,5.0,5.0,1.0,0.0,3.0,3.0,17.0,0.0
0022501215,1610612750,MIN,Minnesota,203944,Julius Randle,Julius,F,,34:05,7.0,14.0,0.5,2.0,6.0,0.333,11.0,12.0,0.917,1.0,8.0,9.0,6.0,0.0,0.0,3.0,2.0,27.0,0.0
0022501215,1610612750,MIN,Minnesota,203497,Rudy Gobert,Rudy,C,,35:11,11.0,13.0,0.846,0.0,0.0,0.0,2.0,3.0,0.667,4.0,10.0,14.0,1.0,2.0,1.0,0.0,4.0,24.0,8.0
0022501215,1610612750,MIN,Minnesota,1630538,Bones Hyland,Bones,G,,4:39,1.0,1.0,1.0,1.0,1.0,1.0,0.0,0.0,0.0,0.0,0.0,0.0,2.0,0.0,0.0,0.0,1.0,3.0,2.0
0022501215,1610612750,MIN,Minnesota,1628978,Donte DiVincenzo,Donte,G,,35:14,7.0,15.0,0.467,4.0,10.0,0.4,3.0,4.0,0.75,2.0,4.0,6.0,4.0,0.0,1.0,0.0,4.0,21.0,16.0
0022501215,1610612750,MIN,Minnesota,1641740,Jaylen Clark,Jaylen,,,18:41,1.0,3.0,0.333,0.0,1.0,0.0,0.0,2.0,0.0,1.0,0.0,1.0,2.0,2.0,0.0,0.0,3.0,2.0,-10.0
0022501215,1610612750,MIN,Minnesota,1629675,Naz Reid,Naz,,,30:21,7.0,14.0,0.5,3.0,7.0,0.429,1.0,2.0,0.5,0.0,4.0,4.0,7.0,1.0,0.0,0.0,1.0,18.0,7.0
0022501215,1610612750,MIN,Minnesota,1642265,Rob Dillingham,Rob,,,16:34,3.0,7.0,0.429,0.0,1.0,0.0,0.0,0.0,0.0,0.0,1.0,1.0,0.0,0.0,0.0,2.0,1.0,6.0,0.0
0022501215,1610612750,MIN,Minnesota,1630545,Terrence Shannon Jr.,Terrence,,,30:29,3.0,7.0,0.429,0.0,0.0,0.0,3.0,4.0,0.75,1.0,3.0,4.0,3.0,2.0,1.0,2.0,3.0,9.0,12.0
0022501215,1610612750,MIN,Minnesota,204060,Joe Ingles,Joe,,DNP - Coach's Decision,,,,,,,,,,,,,,,,,,,,
0022501215,1610612750,MIN,Minnesota,1630548,Johnny Juzang,Johnny,,DNP - Coach's Decision,,,,,,,,,,,,,,,,,,,,
0022501215,1610612750,MIN,Minnesota,1631159,Leonard Miller,Leonard,,DNP - Coach's Decision,,,,,,,,,,,,,,,,,,,,
0022501215,1610612744,GSW,Golden State,1627741,Buddy Hield,Buddy,F,,18:57,2.0,4.0,0.5,2.0,4.0,0.5,0.0,0.0,0.0,0.0,2.0,2.0,2.0,0.0,0.0,2.0,1.0,6.0,3.0
0022501215,1610612744,GSW,Golden State,202710,Jimmy Butler III,Jimmy,F,,36:52,6.0,11.0,0.545,0.0,2.0,0.0,3.0,4.0,0.75,2.0,6.0,8.0,5.0,1.0,0.0,1.0,2.0,15.0,-5.0
0022501215,1610612744,GSW,Golden State,1642366,Quinten Post,Quinten,C,,33:11,5.0,15.0,0.333,4.0,11.0,0.364,2.0,2.0,1.0,1.0,5.0,6.0,3.0,0.0,0.0,1.0,3.0,16.0,-5.0
0022501215,1610612744,GSW,Golden State,1630311,Pat Spencer,Pat,G,,28:16,5.0,13.0,0.385,2.0,6.0,0.333,0.0,0.0,0.0,0.0,5.0,5.0,4.0,2.0,0.0,2.0,2.0,12.0,-15.0
0022501215,1610612744,GSW,Golden State,201939,Stephen Curry,Stephen,G,,32:13,14.0,28.0,0.5,6.0,15.0,0.4,5.0,7.0,0.714,2.0,3.0,5.0,5.0,0.0,0.0,2.0,3.0,39.0,-3.0
0022501215,1610612744,GSW,Golden State,1629001,De'Anthony Melton,De'Anthony,,,20:12,2.0,6.0,0.333,0.0,2.0,0.0,5.0,6.0,0.833,1.0,1.0,2.0,1.0,1.0,0.0,1.0,3.0,9.0,4.0
0022501215,1610612744,GSW,Golden State,1630541,Moses Moody,Moses,,,22:37,5.0,10.0,0.5,1.0,4.0,0.25,0.0,1.0,0.0,2.0,2.0,4.0,2.0,3.0,0.0,0.0,5.0,11.0,1.0
0022501215,1610612744,GSW,Golden State,1631218,Trayce Jackson-Davis,Trayce,,,14:41,3.0,4.0,0.75,0.0,0.0,0.0,2.0,2.0,1.0,3.0,4.0,7.0,1.0,0.0,2.0,0.0,1.0,8.0,0.0
0022501215,1610612744,GSW,Golden State,1641764,Brandin Podziemski,Brandin,,,22:51,1.0,4.0,0.25,0.0,2.0,0.0,0.0,0.0,0.0,0.0,2.0,2.0,4.0,0.0,0.0,2.0,2.0,2.0,-11.0
0022501215,1610612744,GSW,Golden State,1627780,Gary Payton II,Gary,,,3:42,0.0,0.0,0.0,0.0,0.0,0.0,0.0,0.0,0.0,0.0,0.0,0.0,0.0,0.0,0.0,1.0,0.0,0.0,-2.0
0022501215,1610612744,GSW,Golden State,1630611,Gui Santos,Gui,,,6:28,1.0,1.0,1.0,0.0,0.0,0.0,0.0,0.0,0.0,1.0,0.0,1.0,0.0,0.0,0.0,1.0,1.0,2.0,-2.0
0022501215,1610612744,GSW,Golden State,203552,Seth Curry,Seth,,DNP - Coach's Decision,,,,,,,,,,,,,,,,,,,,
0022501215,1610612744,GSW,Golden State,1630228,Jonathan Kuminga,Jonathan,,DNP - Coach's Decision,,,,,,,,,,,,,,,,,,,,
0022501215,1610612744,GSW,Golden State,1642954,Will Richard,Will,,DNP - Coach's Decision,,,,,,,,,,,,,,,,,,,,
0022501214,1610612751,BKN,Brooklyn,1629008,Michael Porter Jr.,Michael,F,,34:29,12.0,20.0,0.6,6.0,10.0,0.6,4.0,5.0,0.8,1.0,3.0,4.0,3.0,0.0,0.0,4.0,3.0,34.0,-7.0
0022501214,1610612751,BKN,Brooklyn,1641730,Noah Clowney,Noah,F,,32:56,5.0,13.0,0.385,1.0,6.0,0.167,0.0,0.0,0.0,0.0,4.0,4.0,4.0,2.0,1.0,4.0,5.0,11.0,-1.0
0022501214,1610612751,BKN,Brooklyn,1629651,Nic Claxton,Nic,C,,34:34,5.0,12.0,0.417,0.0,0.0,0.0,4.0,4.0,1.0,1.0,9.0,10.0,4.0,1.0,1.0,0.0,1.0,14.0,-3.0
0022501214,1610612751,BKN,Brooklyn,1629611,Terance Mann,Terance,G,,27:14,4.0,8.0,0.5,2.0,5.0,0.4,2.0,2.0,1.0,0.0,4.0,4.0,7.0,2.0,0.0,2.0,3.0,12.0,-7.0
0022501214,1610612751,BKN,Brooklyn,1642856,Egor Dëmin,Egor,G,,18:10,1.0,7.0,0.143,1.0,4.0,0.25,0.0,0.0,0.0,0.0,1.0,1.0,1.0,2.0,0.0,2.0,1.0,3.0,0.0
0022501214,1610612751,BKN,Brooklyn,1630533,Ziaire Williams,Ziaire,,,25:20,1.0,4.0,0.25,1.0,4.0,0.25,0.0,0.0,0.0,0.0,3.0,3.0,1.0,0.0,0.0,0.0,2.0,3.0,-1.0
0022501214,1610612751,BKN,Brooklyn,1631213,Tyrese Martin,Tyrese,,,15:30,4.0,7.0,0.571,3.0,6.0,0.5,0.0,0.0,0.0,1.0,2.0,3.0,1.0,0.0,0.0,1.0,0.0,11.0,0.0
0022501214,1610612751,BKN,Brooklyn,1630549,Day'Ron Sharpe,Day'Ron,,,13:26,1.0,3.0,0.333,0.0,0.0,0.0,4.0,4.0,1.0,2.0,4.0,6.0,3.0,0.0,1.0,1.0,2.0,6.0,-5.0
0022501214,1610612751,BKN,Brooklyn,1642874,Danny Wolf,Danny,,,26:52,6.0,10.0,0.6,3.0,3.0,1.0,2.0,4.0,0.5,3.0,4.0,7.0,1.0,1.0,1.0,2.0,1.0,17.0,-13.0
0022501214,1610612751,BKN,Brooklyn,1642962,Drake Powell,Drake,,,2:41,0.0,0.0,0.0,0.0,0.0,0.0,0.0,0.0,0.0,0.0,0.0,0.0,1.0,0.0,1.0,1.0,2.0,0.0,2.0
0022501214,1610612751,BKN,Brooklyn,1642849,Nolan Traore,Nolan,,,8:48,0.0,2.0,0.0,0.0,1.0,0.0,0.0,0.0,0.0,1.0,0.0,1.0,0.0,0.0,0.0,0.0,2.0,0.0,-5.0
0022501214,1610612751,BKN,Brooklyn,1630592,Jalen Wilson,Jalen,,DNP - Coach's Decision,,,,,,,,,,,,,,,,,,,,
0022501214,1610612742,DAL,Dallas,1642843,Cooper Flagg,Cooper,F,,34:27,10.0,16.0,0.625,0.0,1.0,0.0,2.0,3.0,0.667,1.0,4.0,5.0,8.0,1.0,1.0,0.0,3.0,22.0,10.0
0022501214,1610612742,DAL,Dallas,1629023,P.J. Washington,P.J.,F,,24:32,4.0,10.0,0.4,1.0,5.0,0.2,4.0,6.0,0.667,0.0,4.0,4.0,2.0,1.0,2.0,3.0,4.0,13.0,11.0
0022501214,1610612742,DAL,Dallas,203076,Anthony Davis,Anthony,C,,32:41,10.0,21.0,0.476,0.0,1.0,0.0,4.0,5.0,0.8,5.0,9.0,14.0,3.0,3.0,2.0,3.0,3.0,24.0,6.0
0022501214,1610612742,DAL,Dallas,1630230,Naji Marshall,Naji,G,,32:10,6.0,9.0,0.667,1.0,3.0,0.333,4.0,5.0,0.8,1.0,0.0,1.0,4.0,1.0,0.0,1.0,3.0,17.0,-4.0
0022501214,1610612742,DAL,Dallas,1642948,Ryan Nembhard,Ryan,G,,20:48,0.0,4.0,0.0,0.0,3.0,0.0,0.0,0.0,0.0,0.0,2.0,2.0,5.0,0.0,0.0,3.0,1.0,0.0,-8.0
0022501214,1610612742,DAL,Dallas,1631108,Max Christie,Max,,,33:07,5.0,13.0,0.385,4.0,9.0,0.444,1.0,1.0,1.0,0.0,6.0,6.0,3.0,2.0,2.0,1.0,2.0,15.0,4.0
0022501214,1610612742,DAL,Dallas,1630314,Brandon Williams,Brandon,,,26:28,4.0,7.0,0.571,1.0,1.0,1.0,0.0,0.0,0.0,0.0,3.0,3.0,5.0,1.0,0.0,2.0,1.0,9.0,14.0
0022501214,1610612742,DAL,Dallas,203939,Dwight Powell,Dwight,,,15:19,3.0,5.0,0.6,0.0,0.0,0.0,1.0,1.0,1.0,2.0,1.0,3.0,1.0,1.0,1.0,0.0,3.0,7.0,2.0
0022501214,1610612742,DAL,Dallas,202691,Klay Thompson,Klay,,,20:29,4.0,9.0,0.444,3.0,7.0,0.429,1.0,1.0,1.0,0.0,2.0,2.0,2.0,0.0,0.0,1.0,0.0,12.0,5.0
0022501214,1610612742,DAL,Dallas,1630619,Moussa Cisse,Moussa,,DNP - Coach's Decision,,,,,,,,,,,,,,,,,,,,
0022501214,1610612742,DAL,Dallas,1630702,Jaden Hardy,Jaden,,DNP - Coach's Decision,,,,,,,,,,,,,,,,,,,,
0022501214,1610612742,DAL,Dallas,1628997,Caleb Martin,Caleb,,DNP - Coach's Decision,,,,,,,,,,,,,,,,,,,,
0022501212,1610612739,CLE,Cleveland,1642281,Jaylon Tyson,Jaylon,F,,30:54,3.0,5.0,0.6,1.0,3.0,0.333,6.0,6.0,1.0,1.0,5.0,6.0,3.0,0.0,0.0,0.0,2.0,13.0,-10.0
0022501212,1610612739,CLE,Cleveland,1629631,De'Andre Hunter,De'Andre,F,,27:07,4.0,14.0,0.286,3.0,10.0,0.3,4.0,4.0,1.0,1.0,3.0,4.0,0.0,0.0,0.0,0.0,1.0,15.0,-17.0
0022501212,1610612739,CLE,Cleveland,1630596,Evan Mobley,Evan,C,,36:14,7.0,17.0,0.412,2.0,6.0,0.333,7.0,9.0,0.778,5.0,8.0,13.0,6.0,0.0,0.0,0.0,4.0,23.0,0.0
0022501212,1610612739,CLE,Cleveland,1628378,Donovan Mitchell,Donovan,G,,35:13,17.0,31.0,0.548,8.0,15.0,0.533,6.0,6.0,1.0,0.0,4.0,4.0,4.0,2.0,0.0,3.0,1.0,48.0,9.0
0022501212,1610612739,CLE,Cleveland,1629636,Darius Garland,Darius,G,,35:19,6.0,17.0,0.353,0.0,11.0,0.0,6.0,7.0,0.857,0.0,3.0,3.0,6.0,2.0,0.0,2.0,2.0,18.0,-5.0
0022501212,1610612739,CLE,Cleveland,1629731,Dean Wade,Dean,,,22:41,0.0,2.0,0.0,0.0,2.0,0.0,2.0,2.0,1.0,1.0,4.0,5.0,2.0,2.0,0.0,0.0,3.0,2.0,11.0
0022501212,1610612739,CLE,Cleveland,1628418,Thomas Bryant,Thomas,,,7:35,1.0,1.0,1.0,0.0,0.0,0.0,0.0,0.0,0.0,1.0,1.0,2.0,0.0,0.0,0.0,1.0,1.0,2.0,3.0
0022501212,1610612739,CLE,Cleveland,1628366,Lonzo Ball,Lonzo,,,24:04,1.0,6.0,0.167,1.0,5.0,0.2,2.0,2.0,1.0,1.0,2.0,3.0,2.0,3.0,1.0,0.0,0.0,5.0,26.0
0022501212,1610612739,CLE,Cleveland,1641772,Nae'Qwan Tomlin,Nae'Qwan,,,10:05,0.0,2.0,0.0,0.0,1.0,0.0,0.0,0.0,0.0,1.0,2.0,3.0,1.0,0.0,0.0,0.0,6.0,0.0,-3.0
0022501212,1610612739,CLE,Cleveland,1641854,Craig Porter Jr.,Craig,,,10:48,2.0,2.0,1.0,0.0,0.0,0.0,0.0,0.0,0.0,4.0,1.0,5.0,4.0,2.0,0.0,1.0,0.0,4.0,6.0
0022501212,1610612739,CLE,Cleveland,1641753,Chris Livingston,Chris,,DNP - Coach's Decision,,,,,,,,,,,,,,,,,,,,
0022501212,1610612739,CLE,Cleveland,1642878,Tyrese Proctor,Tyrese,,DNP - Coach's Decision,,,,,,,,,,,,,,,,,,,,
0022501212,1610612764,WAS,Washington,1630551,Justin Champagnie,Justin,F,,17:54,1.0,4.0,0.25,1.0,3.0,0.333,0.0,0.0,0.0,1.0,6.0,7.0,1.0,1.0,0.0,0.0,4.0,3.0,0.0
0022501212,1610612764,WAS,Washington,1642273,Kyshawn George,Kyshawn,F,,26:21,5.0,10.0,0.5,3.0,8.0,0.375,2.0,2.0,1.0,1.0,1.0,2.0,3.0,1.0,1.0,2.0,5.0,15.0,-2.0
0022501212,1610612764,WAS,Washington,1628963,Marvin Bagley III,Marvin,C,,33:16,6.0,10.0,0.6,1.0,1.0,1.0,2.0,2.0,1.0,4.0,9.0,13.0,4.0,0.0,0.0,2.0,1.0,15.0,12.0
0022501212,1610612764,WAS,Washington,1642267,Bub Carrington,Bub,G,,41:28,10.0,20.0,0.5,5.0,13.0,0.385,2.0,4.0,0.5,0.0,6.0,6.0,8.0,1.0,0.0,3.0,2.0,27.0,7.0
0022501212,1610612764,WAS,Washington,203468,CJ McCollum,CJ,G,,36:40,9.0,20.0,0.45,3.0,9.0,0.333,6.0,9.0,0.667,0.0,4.0,4.0,6.0,1.0,0.0,1.0,3.0,27.0,-1.0
0022501212,1610612764,WAS,Washington,1641774,Tristan Vukcevic,Tristan,,,14:44,3.0,7.0,0.429,0.0,2.0,0.0,8.0,8.0,1.0,2.0,3.0,5.0,1.0,0.0,1.0,3.0,3.0,14.0,-16.0
0022501212,1610612764,WAS,Washington,1642848,Tre Johnson,Tre,,,16:44,1.0,6.0,0.167,0.0,3.0,0.0,1.0,2.0,0.5,1.0,0.0,1.0,1.0,1.0,0.0,1.0,2.0,3.0,-11.0
0022501212,1610612764,WAS,Washington,1642860,Will Riley,Will,,,23:25,1.0,2.0,0.5,0.0,1.0,0.0,5.0,5.0,1.0,1.0,2.0,3.0,4.0,1.0,2.0,2.0,3.0,7.0,-3.0
0022501212,1610612764,WAS,Washington,1642364,Jamir Watkins,Jamir,,,29:28,6.0,7.0,0.857,3.0,4.0,0.75,0.0,0.0,0.0,2.0,6.0,8.0,1.0,0.0,2.0,2.0,4.0,15.0,-6.0
0022501212,1610612764,WAS,Washington,1630536,Sharife Cooper,Sharife,,DNP - Coach's Decision,,,,,,,,,,,,,,,,,,,,
0022501212,1610612764,WAS,Washington,1630264,Anthony Gill,Anthony,,DNP - Coach's Decision,,,,,,,,,,,,,,,,,,,,
0022501212,1610612764,WAS,Washington,1642358,AJ Johnson,AJ,,DNP - Coach's Decision,,,,,,,,,,,,,,,,,,,,
0022501212,1610612764,WAS,Washington,1641715,Cam Whitmore,Cam,,DNP - Coach's Decision,,,,,,,,,,,,,,,,,,,,
0022501205,1610612746,LAC,LA,202695,Kawhi Leonard,Kawhi,F,,40:48,9.0,22.0,0.409,3.0,10.0,0.3,3.0,3.0,1.0,2.0,7.0,9.0,4.0,5.0,1.0,1.0,3.0,24.0,-1.0
0022501205,1610612746,LAC,LA,1628381,John Collins,John,F,,23:31,3.0,7.0,0.429,0.0,3.0,0.0,3.0,3.0,1.0,0.0,0.0,0.0,2.0,2.0,0.0,2.0,3.0,9.0,4.0
0022501205,1610612746,LAC,LA,1627826,Ivica Zubac,Ivica,C,,34:32,13.0,14.0,0.929,0.0,0.0,0.0,7.0,11.0,0.636,4.0,3.0,7.0,1.0,1.0,2.0,1.0,2.0,33.0,9.0
0022501205,1610612746,LAC,LA,1627739,Kris Dunn,Kris,G,,25:50,3.0,7.0,0.429,3.0,7.0,0.429,0.0,0.0,0.0,0.0,1.0,1.0,6.0,2.0,0.0,3.0,3.0,9.0,7.0
0022501205,1610612746,LAC,LA,201935,James Harden,James,G,,40:22,7.0,18.0,0.389,4.0,10.0,0.4,4.0,5.0,0.8,1.0,2.0,3.0,7.0,3.0,0.0,4.0,3.0,22.0,4.0
0022501205,1610612746,LAC,LA,201587,Nicolas Batum,Nicolas,,,27:50,2.0,5.0,0.4,2.0,5.0,0.4,0.0,0.0,0.0,1.0,2.0,3.0,2.0,0.0,1.0,2.0,3.0,6.0,-8.0
0022501205,1610612746,LAC,LA,203992,Bogdan Bogdanović,Bogdan,,,24:23,2.0,4.0,0.5,2.0,3.0,0.667,4.0,4.0,1.0,0.0,5.0,5.0,2.0,1.0,0.0,0.0,2.0,10.0,-2.0
0022501205,1610612746,LAC,LA,1642920,Kobe Sanders,Kobe,,,9:16,0.0,0.0,0.0,0.0,0.0,0.0,0.0,0.0,0.0,0.0,0.0,0.0,1.0,0.0,0.0,2.0,0.0,0.0,-12.0
0022501205,1610612746,LAC,LA,201572,Brook Lopez,Brook,,,13:28,0.0,1.0,0.0,0.0,0.0,0.0,0.0,0.0,0.0,0.0,0.0,0.0,0.0,1.0,1.0,0.0,1.0,0.0,-11.0
0022501205,1610612746,LAC,LA,1641738,Kobe Brown,Kobe,,DNP - Coach's Decision,,,,,,,,,,,,,,,,,,,,
0022501205,1610612746,LAC,LA,1642353,Cam Christie,Cam,,DNP - Coach's Decision,,,,,,,,,,,,,,,,,,,,
0022501205,1610612746,LAC,LA,1641757,Jordan Miller,Jordan,,DNP - Coach's Decision,,,,,,,,,,,,,,,,,,,,
0022501205,1610612746,LAC,LA,1642949,Yanic Konan Niederhäuser,Yanic Konan,,DNP - Coach's Decision,,,,,,,,,,,,,,,,,,,,
0022501205,1610612745,HOU,Houston,201142,Kevin Durant,Kevin,F,,36:43,5.0,14.0,0.357,3.0,5.0,0.6,3.0,3.0,1.0,0.0,1.0,1.0,3.0,0.0,0.0,5.0,1.0,16.0,-6.0
0022501205,1610612745,HOU,Houston,1631095,Jabari Smith Jr.,Jabari,F,,36:55,6.0,14.0,0.429,2.0,8.0,0.25,4.0,4.0,1.0,3.0,7.0,10.0,4.0,1.0,0.0,4.0,6.0,18.0,-3.0
0022501205,1610612745,HOU,Houston,1630578,Alperen Sengun,Alperen,C,,36:01,9.0,22.0,0.409,0.0,3.0,0.0,4.0,6.0,0.667,5.0,10.0,15.0,5.0,4.0,0.0,5.0,5.0,22.0,-2.0
0022501205,1610612745,HOU,Houston,1629006,Josh Okogie,Josh,G,,21:03,3.0,6.0,0.5,1.0,3.0,0.333,1.0,2.0,0.5,3.0,0.0,3.0,2.0,1.0,0.0,0.0,3.0,8.0,-4.0
0022501205,1610612745,HOU,Houston,1641708,Amen Thompson,Amen,G,,41:28,8.0,12.0,0.667,0.0,3.0,0.0,4.0,4.0,1.0,5.0,4.0,9.0,8.0,1.0,0.0,1.0,2.0,20.0,8.0
0022501205,1610612745,HOU,Houston,1642263,Reed Sheppard,Reed,,,26:00,4.0,9.0,0.444,2.0,5.0,0.4,0.0,0.0,0.0,1.0,3.0,4.0,2.0,0.0,1.0,1.0,3.0,10.0,6.0
0022501205,1610612745,HOU,Houston,203500,Steven Adams,Steven,,,17:55,2.0,4.0,0.5,0.0,0.0,0.0,0.0,0.0,0.0,3.0,3.0,6.0,2.0,2.0,0.0,1.0,0.0,4.0,10.0
0022501205,1610612745,HOU,Houston,1628988,Aaron Holiday,Aaron,,,17:25,4.0,9.0,0.444,4.0,7.0,0.571,1.0,2.0,0.5,0.0,1.0,1.0,0.0,0.0,0.0,1.0,2.0,13.0,0.0
0022501205,1610612745,HOU,Houston,203991,Clint Capela,Clint,,,6:30,2.0,3.0,0.667,0.0,0.0,0.0,0.0,0.0,0.0,2.0,0.0,2.0,0.0,0.0,0.0,0.0,0.0,4.0,1.0
0022501205,1610612745,HOU,Houston,1631120,JD Davison,JD,,DNP - Coach's Decision,,,,,,,,,,,,,,,,,,,,
0022501205,1610612745,HOU,Houston,201145,Jeff Green,Jeff,,DNP - Coach's Decision,,,,,,,,,,,,,,,,,,,,
0022501205,1610612745,HOU,Houston,1630256,Jae'Sean Tate,Jae'Sean,,DNP - Coach's Decision,,,,,,,,,,,,,,,,,,,,
0022501207,1610612757,POR,Portland,203924,Jerami Grant,Jerami,F,,30:49,6.0,19.0,0.316,1.0,7.0,0.143,3.0,3.0,1.0,3.0,2.0,5.0,1.0,0.0,0.0,3.0,2.0,16.0,-32.0
0022501207,1610612757,POR,Portland,1641739,Toumani Camara,Toumani,F,,27:49,5.0,10.0,0.5,3.0,8.0,0.375,2.0,2.0,1.0,0.0,4.0,4.0,5.0,1.0,0.0,1.0,5.0,15.0,-11.0
0022501207,1610612757,POR,Portland,1631200,Kris Murray,Kris,C,,28:33,2.0,6.0,0.333,0.0,4.0,0.0,3.0,4.0,0.75,4.0,5.0,9.0,1.0,2.0,2.0,2.0,2.0,7.0,-11.0
0022501207,1610612757,POR,Portland,1630166,Deni Avdija,Deni,G,,31:57,5.0,15.0,0.333,1.0,5.0,0.2,5.0,7.0,0.714,0.0,6.0,6.0,6.0,1.0,2.0,2.0,1.0,16.0,-12.0
0022501207,1610612757,POR,Portland,1631101,Shaedon Sharpe,Shaedon,G,,27:15,8.0,14.0,0.571,4.0,6.0,0.667,1.0,4.0,0.25,0.0,3.0,3.0,3.0,0.0,1.0,2.0,4.0,21.0,-17.0
0022501207,1610612757,POR,Portland,1631321,Sidy Cissoko,Sidy,,,31:59,8.0,12.0,0.667,3.0,6.0,0.5,1.0,1.0,1.0,2.0,2.0,4.0,2.0,0.0,1.0,0.0,2.0,20.0,-7.0
0022501207,1610612757,POR,Portland,1631126,Caleb Love,Caleb,,,21:44,4.0,9.0,0.444,0.0,5.0,0.0,1.0,1.0,1.0,1.0,0.0,1.0,4.0,0.0,0.0,2.0,0.0,9.0,-9.0
0022501207,1610612757,POR,Portland,1641871,Duop Reath,Duop,,,12:30,1.0,5.0,0.2,0.0,3.0,0.0,0.0,0.0,0.0,1.0,1.0,2.0,1.0,0.0,1.0,1.0,1.0,2.0,-6.0
0022501207,1610612757,POR,Portland,1641712,Rayan Rupert,Rayan,,,23:40,6.0,11.0,0.545,2.0,4.0,0.5,0.0,0.0,0.0,2.0,4.0,6.0,3.0,1.0,0.0,1.0,2.0,14.0,-10.0
0022501207,1610612757,POR,Portland,1631451,Javonte Cooke,Javonte,,,3:44,0.0,1.0,0.0,0.0,0.0,0.0,0.0,0.0,0.0,0.0,1.0,1.0,1.0,0.0,0.0,1.0,0.0,0.0,0.0
0022501207,1610612757,POR,Portland,1642270,Donovan Clingan,Donovan,,DND - Injury/Illness,,,,,,,,,,,,,,,,,,,,
0022501207,1610612757,POR,Portland,1629680,Matisse Thybulle,Matisse,,DND - Injury/Illness,,,,,,,,,,,,,,,,,,,,
0022501207,1610612757,POR,Portland,1631104,Blake Wesley,Blake,,DND - Injury/Illness,,,,,,,,,,,,,,,,,,,,
0022501207,1610612757,POR,Portland,1629057,Robert Williams III,Robert,,DND - Injury/Illness,,,,,,,,,,,,,,,,,,,,
0022501207,1610612757,POR,Portland,1642905,Yang Hansen,ang Hansen,,DND - Injury/Illness,,,,,,,,,,,,,,,,,,,,
0022501207,1610612740,NOP,New Orleans,1630530,Trey Murphy III,Trey,F,,31:04,10.0,14.0,0.714,1.0,3.0,0.333,3.0,4.0,0.75,1.0,5.0,6.0,4.0,3.0,0.0,1.0,1.0,24.0,8.0
0022501207,1610612740,NOP,New Orleans,1630180,Saddiq Bey,Saddiq,F,,29:26,5.0,14.0,0.357,1.0,4.0,0.25,4.0,4.0,1.0,5.0,3.0,8.0,5.0,0.0,0.0,1.0,0.0,15.0,0.0
0022501207,1610612740,NOP,New Orleans,1642852,Derik Queen,Derik,C,,34:40,8.0,12.0,0.667,0.0,0.0,0.0,1.0,1.0,1.0,2.0,3.0,5.0,7.0,2.0,0.0,0.0,4.0,17.0,12.0
0022501207,1610612740,NOP,New Orleans,1630529,Herbert Jones,Herbert,G,,14:27,2.0,8.0,0.25,0.0,1.0,0.0,0.0,0.0,0.0,3.0,2.0,5.0,0.0,0.0,1.0,0.0,3.0,4.0,5.0
0022501207,1610612740,NOP,New Orleans,1642847,Jeremiah Fears,Jeremiah,G,,25:07,9.0,14.0,0.643,0.0,1.0,0.0,1.0,1.0,1.0,0.0,7.0,7.0,4.0,1.0,0.0,3.0,3.0,19.0,11.0
0022501207,1610612740,NOP,New Orleans,1629673,Jordan Poole,Jordan,,,25:48,8.0,19.0,0.421,3.0,11.0,0.273,3.0,3.0,1.0,0.0,1.0,1.0,3.0,1.0,1.0,1.0,2.0,22.0,18.0
0022501207,1610612740,NOP,New Orleans,1630631,Jose Alvarado,Jose,,,22:52,2.0,8.0,0.25,0.0,3.0,0.0,0.0,0.0,0.0,1.0,4.0,5.0,9.0,0.0,1.0,2.0,0.0,4.0,12.0
0022501207,1610612740,NOP,New Orleans,1642274,Yves Missi,Yves,,,13:21,2.0,4.0,0.5,0.0,0.0,0.0,1.0,2.0,0.5,5.0,3.0,8.0,0.0,1.0,3.0,0.0,1.0,5.0,11.0
0022501207,1610612740,NOP,New Orleans,1631121,Bryce McGowens,Bryce,,,29:52,8.0,11.0,0.727,5.0,5.0,1.0,2.0,2.0,1.0,0.0,7.0,7.0,2.0,2.0,0.0,0.0,1.0,23.0,19.0
0022501207,1610612740,NOP,New Orleans,1642877,Micah Peavy,Micah,,,10:30,2.0,3.0,0.667,1.0,1.0,1.0,0.0,0.0,0.0,1.0,2.0,3.0,1.0,0.0,0.0,0.0,1.0,5.0,15.0
0022501207,1610612740,NOP,New Orleans,1641722,Jordan Hawkins,Jordan,,,1:27,1.0,3.0,0.333,1.0,3.0,0.333,0.0,0.0,0.0,0.0,0.0,0.0,0.0,0.0,0.0,0.0,0.0,3.0,2.0
0022501207,1610612740,NOP,New Orleans,1631255,Karlo Matković,Karlo,,,1:27,1.0,2.0,0.5,0.0,0.0,0.0,0.0,0.0,0.0,1.0,1.0,2.0,1.0,0.0,2.0,0.0,0.0,2.0,2.0
0022501207,1610612740,NOP,New Orleans,201599,DeAndre Jordan,DeAndre,,DNP - Coach's Decision,,,,,,,,,,,,,,,,,,,,
0022501207,1610612740,NOP,New Orleans,1626172,Kevon Looney,Kevon,,DNP - Coach's Decision,,,,,,,,,,,,,,,,,,,,
0022501226,1610612763,MEM,Memphis,1642377,Jaylen Wells,Jaylen,F,,29:40,5.0,10.0,0.5,1.0,5.0,0.2,5.0,5.0,1.0,0.0,5.0,5.0,3.0,1.0,0.0,1.0,2.0,16.0,-6.0
0022501226,1610612763,MEM,Memphis,1628991,Jaren Jackson Jr.,Jaren,F,,32:45,13.0,18.0,0.722,4.0,5.0,0.8,1.0,2.0,0.5,0.0,4.0,4.0,4.0,2.0,5.0,2.0,3.0,31.0,7.0
0022501226,1610612763,MEM,Memphis,1630583,Santi Aldama,Santi,C,,30:48,1.0,5.0,0.2,0.0,4.0,0.0,1.0,2.0,0.5,1.0,1.0,2.0,2.0,1.0,0.0,1.0,1.0,3.0,6.0
0022501226,1610612763,MEM,Memphis,1642907,Cedric Coward,Cedric,G,,23:13,5.0,9.0,0.556,1.0,4.0,0.25,1.0,1.0,1.0,1.0,1.0,2.0,2.0,0.0,0.0,4.0,4.0,12.0,-16.0
0022501226,1610612763,MEM,Memphis,1629630,Ja Morant,Ja,G,,20:58,4.0,12.0,0.333,1.0,2.0,0.5,3.0,3.0,1.0,1.0,2.0,3.0,4.0,1.0,1.0,1.0,1.0,12.0,-8.0
0022501226,1610612763,MEM,Memphis,1629111,Jock Landale,Jock,,,27:29,3.0,5.0,0.6,0.0,1.0,0.0,2.0,2.0,1.0,2.0,2.0,4.0,3.0,1.0,1.0,0.0,1.0,8.0,29.0
0022501226,1610612763,MEM,Memphis,1642285,Cam Spencer,Cam,,,30:01,9.0,13.0,0.692,7.0,10.0,0.7,2.0,2.0,1.0,1.0,2.0,3.0,6.0,1.0,0.0,1.0,4.0,27.0,29.0
0022501226,1610612763,MEM,Memphis,203484,Kentavious Caldwell-Pope,Kentavious,,,23:22,2.0,5.0,0.4,0.0,1.0,0.0,0.0,0.0,0.0,1.0,6.0,7.0,6.0,2.0,0.0,0.0,1.0,4.0,30.0
0022501226,1610612763,MEM,Memphis,1631246,Vince Williams Jr.,Vince,,,18:20,3.0,7.0,0.429,2.0,6.0,0.333,0.0,0.0,0.0,1.0,0.0,1.0,3.0,1.0,0.0,0.0,3.0,8.0,25.0
0022501226,1610612763,MEM,Memphis,1641765,Olivier-Maxence Prosper,Olivier-Maxence,,,1:42,0.0,1.0,0.0,0.0,1.0,0.0,0.0,0.0,0.0,1.0,0.0,1.0,0.0,0.0,0.0,0.0,1.0,0.0,-3.0
0022501226,1610612763,MEM,Memphis,1642942,Jahmai Mashack,Jahmai,,,1:42,0.0,1.0,0.0,0.0,0.0,0.0,0.0,0.0,0.0,0.0,0.0,0.0,0.0,0.0,0.0,1.0,0.0,0.0,-3.0
0022501226,1610612763,MEM,Memphis,1629634,Brandon Clarke,Brandon,,DNP - Injury/Illness,,,,,,,,,,,,,,,,,,,,
0022501226,1610612746,LAC,LA,202695,Kawhi Leonard,Kawhi,F,,36:39,9.0,18.0,0.5,1.0,5.0,0.2,2.0,2.0,1.0,1.0,3.0,4.0,3.0,1.0,0.0,2.0,2.0,21.0,-11.0
0022501226,1610612746,LAC,LA,1628381,John Collins,John,F,,26:08,5.0,10.0,0.5,0.0,2.0,0.0,0.0,0.0,0.0,0.0,2.0,2.0,1.0,0.0,1.0,2.0,3.0,10.0,-3.0
0022501226,1610612746,LAC,LA,1627826,Ivica Zubac,Ivica,C,,33:08,3.0,6.0,0.5,0.0,0.0,0.0,0.0,0.0,0.0,3.0,10.0,13.0,2.0,0.0,1.0,4.0,3.0,6.0,-12.0
0022501226,1610612746,LAC,LA,1627739,Kris Dunn,Kris,G,,26:42,6.0,10.0,0.6,3.0,6.0,0.5,2.0,2.0,1.0,0.0,1.0,1.0,5.0,0.0,0.0,1.0,2.0,17.0,3.0
0022501226,1610612746,LAC,LA,201935,James Harden,James,G,,31:17,4.0,10.0,0.4,4.0,6.0,0.667,1.0,4.0,0.25,2.0,1.0,3.0,6.0,3.0,0.0,3.0,2.0,13.0,-5.0
0022501226,1610612746,LAC,LA,1642920,Kobe Sanders,Kobe,,,12:38,2.0,3.0,0.667,1.0,2.0,0.5,0.0,0.0,0.0,0.0,2.0,2.0,0.0,0.0,0.0,2.0,0.0,5.0,-7.0
0022501226,1610612746,LAC,LA,203992,Bogdan Bogdanović,Bogdan,,,18:54,2.0,6.0,0.333,2.0,4.0,0.5,1.0,2.0,0.5,2.0,1.0,3.0,3.0,0.0,0.0,1.0,1.0,7.0,-23.0
0022501226,1610612746,LAC,LA,1641738,Kobe Brown,Kobe,,,25:22,2.0,10.0,0.2,1.0,8.0,0.125,4.0,4.0,1.0,1.0,3.0,4.0,1.0,0.0,0.0,0.0,1.0,9.0,-27.0
0022501226,1610612746,LAC,LA,1641757,Jordan Miller,Jordan,,,21:52,3.0,6.0,0.5,1.0,3.0,0.333,3.0,4.0,0.75,4.0,2.0,6.0,3.0,0.0,0.0,2.0,1.0,10.0,-15.0
0022501226,1610612746,LAC,LA,1642353,Cam Christie,Cam,,,3:40,1.0,1.0,1.0,0.0,0.0,0.0,1.0,2.0,0.5,0.0,0.0,0.0,2.0,0.0,0.0,0.0,0.0,3.0,5.0
0022501226,1610612746,LAC,LA,1642949,Yanic Konan Niederhäuser,Yanic Konan,,,3:40,0.0,0.0,0.0,0.0,0.0,0.0,2.0,2.0,1.0,0.0,1.0,1.0,0.0,0.0,0.0,1.0,0.0,2.0,5.0
0022501226,1610612746,LAC,LA,201572,Brook Lopez,Brook,,DNP - Coach's Decision,,,,,,,,,,,,,,,,,,,,
0022501206,1610612738,BOS,Boston,1627759,Jaylen Brown,Jaylen,F,,28:47,10.0,17.0,0.588,2.0,4.0,0.5,8.0,9.0,0.889,1.0,2.0,3.0,3.0,0.0,0.0,4.0,3.0,30.0,-15.0
0022501206,1610612738,BOS,Boston,1641775,Jordan Walsh,Jordan,F,,32:02,8.0,10.0,0.8,3.0,4.0,0.75,1.0,1.0,1.0,4.0,4.0,8.0,0.0,3.0,0.0,1.0,3.0,20.0,-5.0
0022501206,1610612738,BOS,Boston,1629674,Neemias Queta,Neemias,C,,25:24,3.0,6.0,0.5,0.0,0.0,0.0,3.0,6.0,0.5,5.0,5.0,10.0,0.0,0.0,0.0,1.0,2.0,9.0,-13.0
0022501206,1610612738,BOS,Boston,1630202,Payton Pritchard,Payton,G,,30:41,4.0,14.0,0.286,3.0,11.0,0.273,0.0,0.0,0.0,1.0,4.0,5.0,7.0,0.0,0.0,0.0,1.0,11.0,-21.0
0022501206,1610612738,BOS,Boston,1628401,Derrick White,Derrick,G,,29:18,3.0,12.0,0.25,2.0,9.0,0.222,3.0,3.0,1.0,1.0,1.0,2.0,3.0,0.0,0.0,4.0,1.0,11.0,7.0
0022501206,1610612738,BOS,Boston,1631169,Josh Minott,Josh,,,22:09,2.0,4.0,0.5,2.0,3.0,0.667,1.0,2.0,0.5,0.0,1.0,1.0,1.0,2.0,0.0,1.0,3.0,7.0,-3.0
0022501206,1610612738,BOS,Boston,1630573,Sam Hauser,Sam,,,21:49,0.0,10.0,0.0,0.0,9.0,0.0,0.0,0.0,0.0,0.0,7.0,7.0,1.0,0.0,1.0,2.0,1.0,0.0,-15.0
0022501206,1610612738,BOS,Boston,1631248,Baylor Scheierman,Baylor,,,8:16,0.0,1.0,0.0,0.0,1.0,0.0,0.0,0.0,0.0,0.0,0.0,0.0,0.0,0.0,0.0,0.0,0.0,0.0,-5.0
0022501206,1610612738,BOS,Boston,1629014,Anfernee Simons,Anfernee,,,26:06,2.0,9.0,0.222,1.0,6.0,0.167,2.0,2.0,1.0,0.0,0.0,0.0,2.0,1.0,0.0,0.0,1.0,7.0,-5.0
0022501206,1610612738,BOS,Boston,1642864,Hugo González,Hugo,,,15:28,2.0,5.0,0.4,1.0,2.0,0.5,1.0,2.0,0.5,1.0,2.0,3.0,1.0,1.0,0.0,0.0,0.0,6.0,0.0
0022501206,1610612738,BOS,Boston,1628449,Chris Boucher,Chris,,NWT - Injury/Illness,,,,,,,,,,,,,,,,,,,,
0022501206,1610612738,BOS,Boston,1630568,Luka Garza,Luka,,DNP - Coach's Decision,,,,,,,,,,,,,,,,,,,,
0022501206,1610612738,BOS,Boston,1630214,Xavier Tillman,Xavier,,DNP - Coach's Decision,,,,,,,,,,,,,,,,,,,,
0022501206,1610612749,MIL,Milwaukee,1629018,Gary Trent Jr.,Gary,F,,27:47,5.0,9.0,0.556,3.0,6.0,0.5,0.0,0.0,0.0,1.0,1.0,2.0,1.0,0.0,0.0,0.0,0.0,13.0,12.0
0022501206,1610612749,MIL,Milwaukee,1628398,Kyle Kuzma,Kyle,F,,30:48,13.0,17.0,0.765,1.0,2.0,0.5,4.0,5.0,0.8,0.0,6.0,6.0,0.0,0.0,1.0,3.0,3.0,31.0,12.0
0022501206,1610612749,MIL,Milwaukee,1626167,Myles Turner,Myles,C,,28:22,1.0,6.0,0.167,0.0,4.0,0.0,2.0,4.0,0.5,1.0,2.0,3.0,0.0,0.0,2.0,1.0,3.0,4.0,15.0
0022501206,1610612749,MIL,Milwaukee,1631157,Ryan Rollins,Ryan,G,,25:42,4.0,10.0,0.4,2.0,4.0,0.5,0.0,0.0,0.0,0.0,2.0,2.0,7.0,2.0,0.0,3.0,5.0,10.0,10.0
0022501206,1610612749,MIL,Milwaukee,1629645,Kevin Porter Jr.,Kevin,G,,31:56,6.0,10.0,0.6,1.0,3.0,0.333,5.0,5.0,1.0,2.0,8.0,10.0,13.0,1.0,0.0,3.0,4.0,18.0,-6.0
0022501206,1610612749,MIL,Milwaukee,203914,Gary Harris,Gary,,,32:34,0.0,3.0,0.0,0.0,2.0,0.0,0.0,0.0,0.0,0.0,2.0,2.0,2.0,0.0,1.0,1.0,2.0,0.0,26.0
0022501206,1610612749,MIL,Milwaukee,1626171,Bobby Portis,Bobby,,,26:20,11.0,13.0,0.846,5.0,6.0,0.833,0.0,0.0,0.0,1.0,9.0,10.0,0.0,1.0,0.0,0.0,1.0,27.0,12.0
0022501206,1610612749,MIL,Milwaukee,1630579,Jericho Sims,Jericho,,,10:05,1.0,2.0,0.5,0.0,0.0,0.0,0.0,0.0,0.0,0.0,1.0,1.0,0.0,0.0,0.0,2.0,1.0,2.0,-3.0
0022501206,1610612749,MIL,Milwaukee,1630175,Cole Anthony,Cole,,,18:54,4.0,6.0,0.667,1.0,1.0,1.0,0.0,0.0,0.0,0.0,3.0,3.0,5.0,1.0,1.0,2.0,5.0,9.0,9.0
0022501206,1610612749,MIL,Milwaukee,1641748,Andre Jackson Jr.,Andre,,,1:53,0.0,0.0,0.0,0.0,0.0,0.0,0.0,0.0,0.0,0.0,0.0,0.0,0.0,0.0,0.0,0.0,0.0,0.0,-3.0
0022501206,1610612749,MIL,Milwaukee,1629599,Amir Coffey,Amir,,,1:53,0.0,0.0,0.0,0.0,0.0,0.0,0.0,0.0,0.0,0.0,0.0,0.0,0.0,0.0,0.0,0.0,0.0,0.0,-3.0
0022501206,1610612749,MIL,Milwaukee,203648,Thanasis Antetokounmpo,Thanasis,,,1:53,0.0,1.0,0.0,0.0,0.0,0.0,0.0,0.0,0.0,0.0,0.0,0.0,0.0,0.0,0.0,0.0,0.0,0.0,-3.0
0022501206,1610612749,MIL,Milwaukee,1631250,Pete Nance,Pete,,,1:53,1.0,2.0,0.5,0.0,1.0,0.0,0.0,0.0,0.0,0.0,1.0,1.0,0.0,0.0,0.0,0.0,0.0,2.0,-3.0
0022501203,1610612756,PHX,Phoenix,1628415,Dillon Brooks,Dillon,F,,26:17,4.0,16.0,0.25,2.0,5.0,0.4,6.0,7.0,0.857,0.0,2.0,2.0,1.0,0.0,0.0,0.0,3.0,16.0,-47.0
0022501203,1610612756,PHX,Phoenix,1626220,Royce O'Neale,Royce,F,,26:27,2.0,7.0,0.286,0.0,3.0,0.0,0.0,0.0,0.0,0.0,4.0,4.0,1.0,2.0,0.0,5.0,2.0,4.0,-34.0
0022501203,1610612756,PHX,Phoenix,1631109,Mark Williams,Mark,C,,19:02,2.0,5.0,0.4,0.0,0.0,0.0,5.0,7.0,0.714,1.0,4.0,5.0,1.0,1.0,0.0,0.0,0.0,9.0,-30.0
0022501203,1610612756,PHX,Phoenix,1631221,Collin Gillespie,Collin,G,,25:34,1.0,5.0,0.2,0.0,1.0,0.0,0.0,0.0,0.0,1.0,3.0,4.0,3.0,3.0,0.0,4.0,0.0,2.0,-20.0
0022501203,1610612756,PHX,Phoenix,1628960,Grayson Allen,Grayson,G,,21:53,3.0,9.0,0.333,2.0,7.0,0.286,2.0,2.0,1.0,1.0,0.0,1.0,4.0,1.0,0.0,1.0,2.0,10.0,-41.0
0022501203,1610612756,PHX,Phoenix,1642346,Ryan Dunn,Ryan,,,16:15,2.0,4.0,0.5,0.0,2.0,0.0,0.0,0.0,0.0,1.0,1.0,2.0,2.0,1.0,1.0,3.0,1.0,4.0,-20.0
0022501203,1610612756,PHX,Phoenix,1642345,Oso Ighodaro,Oso,,,19:04,3.0,7.0,0.429,0.0,0.0,0.0,0.0,0.0,0.0,2.0,3.0,5.0,3.0,0.0,0.0,1.0,1.0,6.0,-3.0
0022501203,1610612756,PHX,Phoenix,1630692,Jordan Goodwin,Jordan,,,18:53,6.0,12.0,0.5,3.0,5.0,0.6,0.0,0.0,0.0,1.0,2.0,3.0,1.0,2.0,0.0,2.0,2.0,15.0,-14.0
0022501203,1610612756,PHX,Phoenix,1631123,Jamaree Bouyea,Jamaree,,,28:12,6.0,9.0,0.667,2.0,3.0,0.667,0.0,0.0,0.0,0.0,2.0,2.0,6.0,1.0,1.0,2.0,0.0,14.0,-8.0
0022501203,1610612756,PHX,Phoenix,1630208,Nick Richards,Nick,,,7:13,0.0,0.0,0.0,0.0,0.0,0.0,0.0,0.0,0.0,0.0,5.0,5.0,1.0,0.0,0.0,2.0,2.0,0.0,-11.0
0022501203,1610612756,PHX,Phoenix,1628502,Nigel Hayes-Davis,Nigel,,,12:00,0.0,2.0,0.0,0.0,2.0,0.0,0.0,0.0,0.0,0.0,1.0,1.0,0.0,0.0,0.0,0.0,0.0,0.0,-11.0
0022501203,1610612756,PHX,Phoenix,1642863,Khaman Maluach,Khaman,,,9:35,1.0,3.0,0.333,0.0,1.0,0.0,0.0,0.0,0.0,0.0,3.0,3.0,1.0,0.0,0.0,0.0,0.0,2.0,-3.0
0022501203,1610612756,PHX,Phoenix,1642853,Rasheer Fleming,Rasheer,,,9:35,3.0,5.0,0.6,1.0,2.0,0.5,0.0,0.0,0.0,0.0,0.0,0.0,0.0,1.0,0.0,0.0,0.0,7.0,-3.0
0022501203,1610612760,OKC,Oklahoma City,1629652,Luguentz Dort,Luguentz,F,,21:40,4.0,8.0,0.5,3.0,6.0,0.5,1.0,1.0,1.0,1.0,3.0,4.0,1.0,0.0,0.0,0.0,3.0,12.0,38.0
0022501203,1610612760,OKC,Oklahoma City,1631114,Jalen Williams,Jalen,F,,22:49,5.0,8.0,0.625,1.0,3.0,0.333,4.0,4.0,1.0,0.0,5.0,5.0,5.0,1.0,0.0,3.0,1.0,15.0,32.0
0022501203,1610612760,OKC,Oklahoma City,1631096,Chet Holmgren,Chet,C,,24:38,9.0,13.0,0.692,4.0,4.0,1.0,2.0,3.0,0.667,2.0,6.0,8.0,2.0,0.0,3.0,0.0,0.0,24.0,33.0
0022501203,1610612760,OKC,Oklahoma City,1641717,Cason Wallace,Cason,G,,18:38,4.0,5.0,0.8,1.0,2.0,0.5,0.0,0.0,0.0,0.0,4.0,4.0,2.0,4.0,0.0,0.0,2.0,9.0,36.0
0022501203,1610612760,OKC,Oklahoma City,1628983,Shai Gilgeous-Alexander,Shai,G,,26:50,11.0,15.0,0.733,3.0,4.0,0.75,3.0,3.0,1.0,0.0,2.0,2.0,8.0,2.0,1.0,4.0,0.0,28.0,43.0
0022501203,1610612760,OKC,Oklahoma City,1631119,Jaylin Williams,Jaylin,,,21:24,1.0,3.0,0.333,0.0,1.0,0.0,0.0,0.0,0.0,2.0,4.0,6.0,6.0,1.0,0.0,0.0,2.0,2.0,15.0
0022501203,1610612760,OKC,Oklahoma City,1642349,Ajay Mitchell,Ajay,,,18:43,3.0,5.0,0.6,1.0,2.0,0.5,2.0,2.0,1.0,0.0,2.0,2.0,4.0,1.0,2.0,1.0,0.0,9.0,9.0
0022501203,1610612760,OKC,Oklahoma City,1630598,Aaron Wiggins,Aaron,,,21:47,2.0,7.0,0.286,2.0,4.0,0.5,0.0,0.0,0.0,0.0,3.0,3.0,1.0,2.0,0.0,2.0,4.0,6.0,18.0
0022501203,1610612760,OKC,Oklahoma City,1627936,Alex Caruso,Alex,,,12:46,1.0,3.0,0.333,1.0,2.0,0.5,0.0,0.0,0.0,1.0,0.0,1.0,1.0,3.0,0.0,2.0,0.0,3.0,-3.0
0022501203,1610612760,OKC,Oklahoma City,1629026,Kenrich Williams,Kenrich,,,17:10,2.0,7.0,0.286,1.0,4.0,0.25,0.0,0.0,0.0,0.0,2.0,2.0,1.0,0.0,0.0,2.0,0.0,5.0,-1.0
0022501203,1610612760,OKC,Oklahoma City,1642382,Branden Carlson,Branden,,,12:00,5.0,5.0,1.0,1.0,1.0,1.0,0.0,0.0,0.0,0.0,2.0,2.0,0.0,0.0,1.0,0.0,0.0,11.0,11.0
0022501203,1610612760,OKC,Oklahoma City,1631172,Ousmane Dieng,Ousmane,,,12:00,4.0,6.0,0.667,3.0,4.0,0.75,0.0,0.0,0.0,0.0,3.0,3.0,0.0,0.0,0.0,0.0,1.0,11.0,11.0
0022501203,1610612760,OKC,Oklahoma City,1642959,Chris Youngblood,Chris,,,9:35,1.0,3.0,0.333,1.0,3.0,0.333,0.0,0.0,0.0,0.0,1.0,1.0,1.0,0.0,0.0,0.0,1.0,3.0,3.0
0022501201,1610612748,MIA,Miami,1626181,Norman Powell,Norman,F,,34:00,8.0,19.0,0.421,4.0,12.0,0.333,1.0,2.0,0.5,0.0,7.0,7.0,2.0,3.0,0.0,1.0,3.0,21.0,-4.0
0022501201,1610612748,MIA,Miami,203952,Andrew Wiggins,Andrew,F,,35:25,8.0,14.0,0.571,3.0,6.0,0.5,0.0,0.0,0.0,0.0,2.0,2.0,2.0,1.0,1.0,1.0,2.0,19.0,7.0
0022501201,1610612748,MIA,Miami,1628389,Bam Adebayo,Bam,C,,35:33,7.0,14.0,0.5,0.0,3.0,0.0,5.0,6.0,0.833,1.0,7.0,8.0,2.0,1.0,3.0,0.0,1.0,19.0,6.0
0022501201,1610612748,MIA,Miami,1629639,Tyler Herro,Tyler,G,,34:27,7.0,17.0,0.412,0.0,6.0,0.0,6.0,7.0,0.857,0.0,7.0,7.0,3.0,0.0,0.0,1.0,2.0,20.0,5.0
0022501201,1610612748,MIA,Miami,1630558,Davion Mitchell,Davion,G,,37:12,4.0,8.0,0.5,1.0,2.0,0.5,2.0,2.0,1.0,0.0,2.0,2.0,9.0,1.0,0.0,2.0,2.0,11.0,-3.0
0022501201,1610612748,MIA,Miami,1631170,Jaime Jaquez Jr.,Jaime,,,24:26,5.0,12.0,0.417,0.0,1.0,0.0,0.0,0.0,0.0,2.0,1.0,3.0,3.0,0.0,0.0,1.0,3.0,10.0,-16.0
0022501201,1610612748,MIA,Miami,1641796,Pelle Larsson,Pelle,,,10:31,1.0,2.0,0.5,0.0,0.0,0.0,0.0,0.0,0.0,1.0,1.0,2.0,1.0,0.0,0.0,1.0,0.0,2.0,-9.0
0022501201,1610612748,MIA,Miami,1642276,Kel'el Ware,Kel'el,,,12:27,1.0,1.0,1.0,0.0,0.0,0.0,2.0,2.0,1.0,3.0,3.0,6.0,0.0,0.0,1.0,0.0,2.0,4.0,-15.0
0022501201,1610612748,MIA,Miami,1631323,Simone Fontecchio,Simone,,,7:53,0.0,5.0,0.0,0.0,3.0,0.0,0.0,0.0,0.0,0.0,0.0,0.0,2.0,0.0,0.0,1.0,0.0,0.0,-7.0
0022501201,1610612748,MIA,Miami,1630696,Dru Smith,Dru,,,8:06,1.0,1.0,1.0,0.0,0.0,0.0,0.0,0.0,0.0,0.0,2.0,2.0,1.0,2.0,1.0,0.0,1.0,2.0,-9.0
0022501201,1610612748,MIA,Miami,1642066,Myron Gardner,Myron,,DNP - Coach's Decision,,,,,,,,,,,,,,,,,,,,
0022501201,1610612748,MIA,Miami,1642857,Kasparas Jakučionis,Kasparas,,DNP - Coach's Decision,,,,,,,,,,,,,,,,,,,,
0022501201,1610612748,MIA,Miami,1642352,Keshad Johnson,Keshad,,DNP - Coach's Decision,,,,,,,,,,,,,,,,,,,,
0022501201,1610612748,MIA,Miami,1631107,Nikola Jović,Nikola,,DNP - Coach's Decision,,,,,,,,,,,,,,,,,,,,
0022501201,1610612748,MIA,Miami,1642443,Jahmir Young,Jahmir,,DNP - Coach's Decision,,,,,,,,,,,,,,,,,,,,
0022501201,1610612753,ORL,Orlando,1630217,Desmond Bane,Desmond,F,,38:02,14.0,24.0,0.583,6.0,9.0,0.667,3.0,3.0,1.0,1.0,5.0,6.0,5.0,1.0,0.0,1.0,4.0,37.0,11.0
0022501201,1610612753,ORL,Orlando,1631094,Paolo Banchero,Paolo,F,,31:60,5.0,13.0,0.385,2.0,5.0,0.4,6.0,7.0,0.857,1.0,6.0,7.0,4.0,0.0,1.0,3.0,3.0,18.0,-1.0
0022501201,1610612753,ORL,Orlando,1628976,Wendell Carter Jr.,Wendell,C,,30:54,6.0,8.0,0.75,2.0,3.0,0.667,0.0,0.0,0.0,2.0,8.0,10.0,3.0,1.0,1.0,0.0,2.0,14.0,-2.0
0022501201,1610612753,ORL,Orlando,1641710,Anthony Black,Anthony,G,,34:03,5.0,15.0,0.333,0.0,2.0,0.0,0.0,0.0,0.0,1.0,2.0,3.0,7.0,1.0,1.0,2.0,3.0,10.0,-4.0
0022501201,1610612753,ORL,Orlando,1630591,Jalen Suggs,Jalen,G,,31:00,7.0,13.0,0.538,3.0,8.0,0.375,3.0,4.0,0.75,0.0,3.0,3.0,4.0,2.0,0.0,4.0,2.0,20.0,4.0
0022501201,1610612753,ORL,Orlando,1628371,Jonathan Isaac,Jonathan,,,12:13,0.0,0.0,0.0,0.0,0.0,0.0,0.0,0.0,0.0,0.0,3.0,3.0,0.0,0.0,1.0,0.0,1.0,0.0,13.0
0022501201,1610612753,ORL,Orlando,1626145,Tyus Jones,Tyus,,,16:60,0.0,1.0,0.0,0.0,1.0,0.0,0.0,0.0,0.0,1.0,1.0,2.0,4.0,0.0,0.0,1.0,0.0,0.0,5.0
0022501201,1610612753,ORL,Orlando,1641783,Tristan da Silva,Tristan,,,27:42,4.0,9.0,0.444,2.0,4.0,0.5,1.0,1.0,1.0,0.0,7.0,7.0,2.0,0.0,0.0,3.0,2.0,11.0,8.0
0022501201,1610612753,ORL,Orlando,1629048,Goga Bitadze,Goga,,,17:06,3.0,4.0,0.75,0.0,0.0,0.0,1.0,1.0,1.0,1.0,5.0,6.0,1.0,0.0,2.0,2.0,2.0,7.0,11.0
0022501201,1610612753,ORL,Orlando,1631288,Jamal Cain,Jamal,,DNP - Coach's Decision,,,,,,,,,,,,,,,,,,,,
0022501201,1610612753,ORL,Orlando,1641724,Jett Howard,Jett,,DNP - Coach's Decision,,,,,,,,,,,,,,,,,,,,
0022501201,1610612753,ORL,Orlando,1642869,Noah Penda,Noah,,DNP - Coach's Decision,,,,,,,,,,,,,,,,,,,,
0022501201,1610612753,ORL,Orlando,1642859,Jase Richardson,Jase,,DNP - Coach's Decision,,,,,,,,,,,,,,,,,,,,
0022501202,1610612752,NYK,New York,1628404,Josh Hart,Josh,F,,36:14,8.0,11.0,0.727,4.0,7.0,0.571,1.0,1.0,1.0,1.0,5.0,6.0,4.0,2.0,0.0,3.0,0.0,21.0,13.0
0022501202,1610612752,NYK,New York,1628384,OG Anunoby,OG,F,,35:59,4.0,11.0,0.364,1.0,6.0,0.167,4.0,4.0,1.0,1.0,5.0,6.0,1.0,2.0,2.0,3.0,3.0,13.0,6.0
0022501202,1610612752,NYK,New York,1626157,Karl-Anthony Towns,Karl-Anthony,C,,30:48,4.0,11.0,0.364,1.0,2.0,0.5,5.0,6.0,0.833,5.0,11.0,16.0,1.0,1.0,2.0,1.0,4.0,14.0,21.0
0022501202,1610612752,NYK,New York,1628969,Mikal Bridges,Mikal,G,,36:05,6.0,14.0,0.429,3.0,8.0,0.375,0.0,0.0,0.0,1.0,4.0,5.0,4.0,2.0,1.0,0.0,4.0,15.0,19.0
0022501202,1610612752,NYK,New York,1628973,Jalen Brunson,Jalen,G,,39:12,13.0,19.0,0.684,6.0,9.0,0.667,3.0,5.0,0.6,0.0,3.0,3.0,4.0,0.0,1.0,3.0,1.0,35.0,4.0
0022501202,1610612752,NYK,New York,1629011,Mitchell Robinson,Mitchell,,,15:59,0.0,0.0,0.0,0.0,0.0,0.0,2.0,8.0,0.25,4.0,1.0,5.0,4.0,1.0,1.0,2.0,5.0,2.0,-6.0
0022501202,1610612752,NYK,New York,203903,Jordan Clarkson,Jordan,,,26:22,5.0,10.0,0.5,0.0,1.0,0.0,2.0,4.0,0.5,2.0,1.0,3.0,0.0,0.0,0.0,1.0,1.0,12.0,10.0
0022501202,1610612752,NYK,New York,1627824,Guerschon Yabusele,Guerschon,,,6:58,0.0,1.0,0.0,0.0,1.0,0.0,0.0,0.0,0.0,0.0,2.0,2.0,0.0,0.0,0.0,0.0,0.0,0.0,-4.0
0022501202,1610612752,NYK,New York,1642278,Tyler Kolek,Tyler,,,7:31,1.0,1.0,1.0,0.0,0.0,0.0,0.0,0.0,0.0,0.0,1.0,1.0,1.0,1.0,0.0,0.0,0.0,2.0,13.0
0022501202,1610612752,NYK,New York,1630574,Ariel Hukporti,Ariel,,,1:13,0.0,0.0,0.0,0.0,0.0,0.0,0.0,0.0,0.0,0.0,0.0,0.0,0.0,0.0,0.0,0.0,0.0,0.0,1.0
0022501202,1610612752,NYK,New York,1642885,Mohamed Diawara,Mohamed,,,1:13,0.0,1.0,0.0,0.0,0.0,0.0,0.0,0.0,0.0,0.0,0.0,0.0,0.0,0.0,0.0,0.0,0.0,0.0,1.0
0022501202,1610612752,NYK,New York,1641787,Tosan Evbuomwan,Tosan,,,1:13,0.0,0.0,0.0,0.0,0.0,0.0,0.0,0.0,0.0,0.0,0.0,0.0,0.0,0.0,0.0,0.0,1.0,0.0,1.0
0022501202,1610612752,NYK,New York,1641755,Kevin McCullar Jr.,Kevin,,,1:13,1.0,1.0,1.0,1.0,1.0,1.0,0.0,0.0,0.0,0.0,1.0,1.0,0.0,0.0,0.0,0.0,0.0,3.0,1.0
0022501202,1610612761,TOR,Toronto,1627742,Brandon Ingram,Brandon,F,,38:37,11.0,18.0,0.611,3.0,5.0,0.6,6.0,8.0,0.75,0.0,6.0,6.0,6.0,2.0,0.0,3.0,1.0,31.0,-4.0
0022501202,1610612761,TOR,Toronto,1630567,Scottie Barnes,Scottie,F,,37:27,6.0,18.0,0.333,1.0,6.0,0.167,0.0,0.0,0.0,0.0,5.0,5.0,4.0,2.0,0.0,2.0,3.0,13.0,-20.0
0022501202,1610612761,TOR,Toronto,1627751,Jakob Poeltl,Jakob,C,,24:49,5.0,7.0,0.714,0.0,0.0,0.0,0.0,0.0,0.0,4.0,5.0,9.0,3.0,2.0,0.0,2.0,3.0,10.0,-18.0
0022501202,1610612761,TOR,Toronto,1630534,Ochai Agbaji,Ochai,G,,25:38,1.0,4.0,0.25,0.0,1.0,0.0,1.0,1.0,1.0,1.0,3.0,4.0,1.0,1.0,1.0,0.0,4.0,3.0,-7.0
0022501202,1610612761,TOR,Toronto,1642347,Jamal Shead,Jamal,G,,33:33,6.0,15.0,0.4,4.0,11.0,0.364,2.0,4.0,0.5,1.0,2.0,3.0,8.0,1.0,0.0,1.0,3.0,18.0,-4.0
0022501202,1610612761,TOR,Toronto,1630572,Sandro Mamukelashvili,Sandro,,,15:00,1.0,4.0,0.25,0.0,3.0,0.0,0.0,0.0,0.0,1.0,1.0,2.0,1.0,1.0,0.0,1.0,1.0,2.0,-11.0
0022501202,1610612761,TOR,Toronto,1642935,Chucky Hepburn,Chucky,,,8:23,0.0,3.0,0.0,0.0,3.0,0.0,0.0,0.0,0.0,0.0,0.0,0.0,2.0,0.0,0.0,1.0,1.0,0.0,-12.0
0022501202,1610612761,TOR,Toronto,1642266,Ja'Kobe Walter,Ja'Kobe,,,18:20,5.0,8.0,0.625,3.0,6.0,0.5,0.0,0.0,0.0,0.0,1.0,1.0,0.0,0.0,0.0,0.0,2.0,13.0,-4.0
0022501202,1610612761,TOR,Toronto,1642867,Collin Murray-Boyles,Collin,,,21:31,3.0,6.0,0.5,0.0,0.0,0.0,0.0,2.0,0.0,4.0,1.0,5.0,3.0,0.0,1.0,1.0,3.0,6.0,13.0
0022501202,1610612761,TOR,Toronto,1641711,Gradey Dick,Gradey,,,7:35,0.0,3.0,0.0,0.0,1.0,0.0,0.0,0.0,0.0,0.0,1.0,1.0,0.0,0.0,0.0,2.0,1.0,0.0,-11.0
0022501202,1610612761,TOR,Toronto,1630639,A.J. Lawson,A.J.,,,2:53,0.0,2.0,0.0,0.0,1.0,0.0,2.0,2.0,1.0,0.0,0.0,0.0,0.0,0.0,2.0,0.0,0.0,2.0,-2.0
0022501202,1610612761,TOR,Toronto,1642918,Alijah Martin,Alijah,,,2:05,0.0,0.0,0.0,0.0,0.0,0.0,0.0,0.0,0.0,0.0,0.0,0.0,0.0,0.0,0.0,0.0,0.0,0.0,0.0
0022501202,1610612761,TOR,Toronto,202066,Garrett Temple,Garrett,,,2:05,0.0,1.0,0.0,0.0,1.0,0.0,0.0,0.0,0.0,0.0,0.0,0.0,0.0,0.0,0.0,0.0,0.0,0.0,0.0
0022501202,1610612761,TOR,Toronto,1642367,Jonathan Mogbo,Jonathan,,,2:05,1.0,1.0,1.0,0.0,0.0,0.0,1.0,1.0,1.0,1.0,0.0,1.0,0.0,0.0,0.0,0.0,0.0,3.0,0.0
0022501204,1610612759,SAS,San Antonio,1630170,Devin Vassell,Devin,F,,30:45,2.0,10.0,0.2,1.0,4.0,0.25,3.0,3.0,1.0,0.0,4.0,4.0,5.0,3.0,1.0,1.0,0.0,8.0,5.0
0022501204,1610612759,SAS,San Antonio,203084,Harrison Barnes,Harrison,F,,32:33,5.0,12.0,0.417,4.0,9.0,0.444,2.0,2.0,1.0,2.0,1.0,3.0,1.0,1.0,0.0,1.0,1.0,16.0,8.0
0022501204,1610612759,SAS,San Antonio,1628436,Luke Kornet,Luke,C,,33:01,1.0,3.0,0.333,0.0,0.0,0.0,8.0,9.0,0.889,1.0,7.0,8.0,1.0,0.0,1.0,0.0,1.0,10.0,10.0
0022501204,1610612759,SAS,San Antonio,1642264,Stephon Castle,Stephon,G,,26:34,10.0,14.0,0.714,3.0,6.0,0.5,7.0,9.0,0.778,1.0,9.0,10.0,6.0,0.0,0.0,4.0,4.0,30.0,16.0
0022501204,1610612759,SAS,San Antonio,1628368,De'Aaron Fox,De'Aaron,G,,31:29,8.0,17.0,0.471,4.0,8.0,0.5,0.0,0.0,0.0,0.0,4.0,4.0,3.0,2.0,0.0,1.0,1.0,20.0,21.0
0022501204,1610612759,SAS,San Antonio,1642844,Dylan Harper,Dylan,,,20:13,6.0,12.0,0.5,0.0,1.0,0.0,1.0,2.0,0.5,1.0,2.0,3.0,3.0,1.0,0.0,2.0,5.0,13.0,-2.0
0022501204,1610612759,SAS,San Antonio,1629640,Keldon Johnson,Keldon,,,22:11,5.0,9.0,0.556,3.0,5.0,0.6,4.0,7.0,0.571,2.0,6.0,8.0,0.0,1.0,0.0,0.0,2.0,17.0,-6.0
0022501204,1610612759,SAS,San Antonio,1630577,Julian Champagnie,Julian,,,28:44,6.0,8.0,0.75,2.0,4.0,0.5,2.0,2.0,1.0,2.0,5.0,7.0,2.0,1.0,1.0,1.0,4.0,16.0,6.0
0022501204,1610612759,SAS,San Antonio,203482,Kelly Olynyk,Kelly,,,12:12,0.0,1.0,0.0,0.0,1.0,0.0,2.0,2.0,1.0,0.0,2.0,2.0,4.0,0.0,0.0,0.0,1.0,2.0,9.0
0022501204,1610612759,SAS,San Antonio,1630322,Lindy Waters III,Lindy,,,1:09,0.0,0.0,0.0,0.0,0.0,0.0,0.0,0.0,0.0,0.0,1.0,1.0,0.0,0.0,0.0,0.0,0.0,0.0,-1.0
0022501204,1610612759,SAS,San Antonio,1629162,Jordan McLaughlin,Jordan,,,1:09,0.0,0.0,0.0,0.0,0.0,0.0,0.0,0.0,0.0,0.0,0.0,0.0,0.0,0.0,0.0,0.0,0.0,0.0,-1.0
0022501204,1610612759,SAS,San Antonio,202687,Bismack Biyombo,Bismack,,DNP - Coach's Decision,,,,,,,,,,,,,,,,,,,,
0022501204,1610612759,SAS,San Antonio,1642868,Carter Bryant,Carter,,DNP - Coach's Decision,,,,,,,,,,,,,,,,,,,,
0022501204,1610612759,SAS,San Antonio,1631110,Jeremy Sochan,Jeremy,,DNP - Coach's Decision,,,,,,,,,,,,,,,,,,,,
0022501204,1610612747,LAL,Los Angeles,2544,LeBron James,LeBron,F,,36:26,7.0,14.0,0.5,0.0,3.0,0.0,5.0,6.0,0.833,1.0,14.0,15.0,8.0,0.0,3.0,3.0,2.0,19.0,-16.0
0022501204,1610612747,LAL,Los Angeles,1629060,Rui Hachimura,Rui,F,,30:50,3.0,4.0,0.75,2.0,3.0,0.667,0.0,0.0,0.0,0.0,1.0,1.0,1.0,0.0,1.0,0.0,1.0,8.0,5.0
0022501204,1610612747,LAL,Los Angeles,1629028,Deandre Ayton,Deandre,C,,25:39,5.0,9.0,0.556,0.0,0.0,0.0,1.0,2.0,0.5,3.0,5.0,8.0,1.0,1.0,0.0,0.0,3.0,11.0,-10.0
0022501204,1610612747,LAL,Los Angeles,1630559,Austin Reaves,Austin,G,,39:49,6.0,16.0,0.375,2.0,6.0,0.333,1.0,1.0,1.0,1.0,7.0,8.0,7.0,0.0,1.0,3.0,5.0,15.0,-5.0
0022501204,1610612747,LAL,Los Angeles,1629029,Luka Dončić,Luka,G,,40:56,11.0,24.0,0.458,3.0,8.0,0.375,10.0,14.0,0.714,0.0,5.0,5.0,8.0,1.0,0.0,3.0,5.0,35.0,-2.0
0022501204,1610612747,LAL,Los Angeles,1629216,Gabe Vincent,Gabe,,,14:19,0.0,1.0,0.0,0.0,1.0,0.0,0.0,0.0,0.0,0.0,0.0,0.0,0.0,0.0,0.0,0.0,3.0,0.0,-7.0
0022501204,1610612747,LAL,Los Angeles,203935,Marcus Smart,Marcus,,,28:13,9.0,16.0,0.563,8.0,14.0,0.571,0.0,0.0,0.0,0.0,3.0,3.0,1.0,0.0,1.0,1.0,3.0,26.0,2.0
0022501204,1610612747,LAL,Los Angeles,1629637,Jaxson Hayes,Jaxson,,,11:36,1.0,1.0,1.0,0.0,0.0,0.0,0.0,0.0,0.0,1.0,2.0,3.0,0.0,0.0,1.0,0.0,1.0,2.0,-10.0
0022501204,1610612747,LAL,Los Angeles,1631222,Jake LaRavia,Jake,,,8:45,0.0,1.0,0.0,0.0,1.0,0.0,0.0,0.0,0.0,0.0,0.0,0.0,1.0,1.0,0.0,1.0,0.0,0.0,-25.0
0022501204,1610612747,LAL,Los Angeles,1642355,Bronny James,Bronny,,,1:09,0.0,0.0,0.0,0.0,0.0,0.0,0.0,0.0,0.0,0.0,0.0,0.0,0.0,0.0,0.0,0.0,0.0,0.0,1.0
0022501204,1610612747,LAL,Los Angeles,1642261,Dalton Knecht,Dalton,,,1:09,1.0,1.0,1.0,1.0,1.0,1.0,0.0,0.0,0.0,0.0,0.0,0.0,0.0,0.0,0.0,0.0,0.0,3.0,1.0
0022501204,1610612747,LAL,Los Angeles,1642876,Adou Thiero,Adou,,,1:09,0.0,0.0,0.0,0.0,0.0,0.0,0.0,0.0,0.0,0.0,0.0,0.0,0.0,1.0,0.0,0.0,0.0,0.0,1.0
0022501204,1610612747,LAL,Los Angeles,1629020,Jarred Vanderbilt,Jarred,,DNP - Coach's Decision,,,,,,,,,,,,,,,,,,,,
0022501208,1610612743,DEN,Denver,1629661,Cameron Johnson,Cameron,F,,32:34,6.0,13.0,0.462,1.0,5.0,0.2,3.0,4.0,0.75,1.0,2.0,3.0,1.0,1.0,0.0,1.0,1.0,16.0,17.0
0022501208,1610612743,DEN,Denver,1642461,Spencer Jones,Spencer,F,,21:46,1.0,1.0,1.0,0.0,0.0,0.0,0.0,0.0,0.0,1.0,2.0,3.0,1.0,0.0,0.0,0.0,2.0,2.0,25.0
0022501208,1610612743,DEN,Denver,203999,Nikola Jokić,Nikola,C,,29:03,14.0,16.0,0.875,2.0,2.0,1.0,6.0,8.0,0.75,2.0,10.0,12.0,8.0,2.0,0.0,1.0,3.0,36.0,26.0
0022501208,1610612743,DEN,Denver,1631212,Peyton Watson,Peyton,G,,22:49,7.0,10.0,0.7,2.0,3.0,0.667,5.0,8.0,0.625,2.0,0.0,2.0,1.0,0.0,0.0,2.0,3.0,21.0,17.0
0022501208,1610612743,DEN,Denver,1627750,Jamal Murray,Jamal,G,,25:42,4.0,13.0,0.308,1.0,4.0,0.25,2.0,3.0,0.667,0.0,3.0,3.0,9.0,2.0,0.0,1.0,1.0,11.0,24.0
0022501208,1610612743,DEN,Denver,203501,Tim Hardaway Jr.,Tim,,,24:42,5.0,11.0,0.455,1.0,6.0,0.167,0.0,0.0,0.0,1.0,4.0,5.0,2.0,0.0,0.0,0.0,2.0,11.0,25.0
0022501208,1610612743,DEN,Denver,1628971,Bruce Brown,Bruce,,,26:14,2.0,5.0,0.4,0.0,1.0,0.0,4.0,4.0,1.0,2.0,3.0,5.0,7.0,1.0,0.0,3.0,2.0,8.0,6.0
0022501208,1610612743,DEN,Denver,1629618,Jalen Pickett,Jalen,,,24:58,2.0,6.0,0.333,2.0,5.0,0.4,0.0,0.0,0.0,0.0,5.0,5.0,4.0,2.0,0.0,2.0,0.0,6.0,11.0
0022501208,1610612743,DEN,Denver,202685,Jonas Valančiūnas,Jonas,,,18:57,7.0,7.0,1.0,1.0,1.0,1.0,0.0,2.0,0.0,1.0,5.0,6.0,2.0,0.0,0.0,2.0,3.0,15.0,5.0
0022501208,1610612743,DEN,Denver,1641816,Hunter Tyson,Hunter,,,7:04,3.0,4.0,0.75,2.0,2.0,1.0,0.0,0.0,0.0,0.0,0.0,0.0,0.0,0.0,0.0,0.0,0.0,8.0,2.0
0022501208,1610612743,DEN,Denver,1630192,Zeke Nnaji,Zeke,,,6:11,1.0,2.0,0.5,0.0,0.0,0.0,0.0,0.0,0.0,0.0,2.0,2.0,0.0,1.0,0.0,0.0,1.0,2.0,-3.0
0022501208,1610612758,SAC,Sacramento,201942,DeMar DeRozan,DeMar,F,,21:11,4.0,7.0,0.571,1.0,1.0,1.0,2.0,2.0,1.0,0.0,3.0,3.0,1.0,1.0,1.0,0.0,1.0,11.0,-27.0
0022501208,1610612758,SAC,Sacramento,1631099,Keegan Murray,Keegan,F,,27:31,7.0,13.0,0.538,1.0,5.0,0.2,0.0,2.0,0.0,2.0,4.0,6.0,1.0,2.0,2.0,1.0,3.0,15.0,-12.0
0022501208,1610612758,SAC,Sacramento,1642875,Maxime Raynaud,Maxime,C,,36:36,7.0,13.0,0.538,1.0,1.0,1.0,0.0,2.0,0.0,3.0,6.0,9.0,1.0,1.0,0.0,1.0,3.0,15.0,-26.0
0022501208,1610612758,SAC,Sacramento,1642363,Nique Clifford,Nique,G,,28:24,1.0,8.0,0.125,0.0,6.0,0.0,0.0,0.0,0.0,1.0,3.0,4.0,0.0,0.0,0.0,4.0,2.0,2.0,-29.0
0022501208,1610612758,SAC,Sacramento,201566,Russell Westbrook,Russell,G,,26:40,5.0,11.0,0.455,1.0,5.0,0.2,6.0,6.0,1.0,0.0,3.0,3.0,5.0,0.0,0.0,2.0,2.0,17.0,-19.0
0022501208,1610612758,SAC,Sacramento,1629234,Drew Eubanks,Drew,,,3:51,0.0,0.0,0.0,0.0,0.0,0.0,0.0,0.0,0.0,0.0,0.0,0.0,0.0,0.0,0.0,0.0,1.0,0.0,-12.0
0022501208,1610612758,SAC,Sacramento,1631165,Keon Ellis,Keon,,,31:22,3.0,9.0,0.333,1.0,7.0,0.143,1.0,3.0,0.333,1.0,1.0,2.0,4.0,4.0,1.0,1.0,2.0,8.0,-14.0
0022501208,1610612758,SAC,Sacramento,1628370,Malik Monk,Malik,,,30:07,5.0,11.0,0.455,3.0,6.0,0.5,5.0,6.0,0.833,1.0,3.0,4.0,5.0,1.0,0.0,5.0,0.0,18.0,-19.0
0022501208,1610612758,SAC,Sacramento,1630173,Precious Achiuwa,Precious,,,9:55,2.0,4.0,0.5,0.0,0.0,0.0,0.0,0.0,0.0,1.0,5.0,6.0,0.0,0.0,0.0,0.0,4.0,4.0,2.0
0022501208,1610612758,SAC,Sacramento,203926,Doug McDermott,Doug,,,3:17,0.0,1.0,0.0,0.0,1.0,0.0,0.0,0.0,0.0,0.0,0.0,0.0,0.0,0.0,0.0,0.0,1.0,0.0,-1.0
0022501208,1610612758,SAC,Sacramento,1642269,Devin Carter,Devin,,,21:06,5.0,10.0,0.5,3.0,6.0,0.5,2.0,2.0,1.0,1.0,0.0,1.0,4.0,0.0,0.0,2.0,1.0,15.0,2.0
0022501208,1610612758,SAC,Sacramento,203967,Dario Šarić,Dario,,DNP - Coach's Decision,,,,,,,,,,,,,,,,,,,,
0022501213,1610612762,UTA,Utah,1629004,Svi Mykhailiuk,Svi,F,,23:42,2.0,5.0,0.4,2.0,5.0,0.4,0.0,0.0,0.0,1.0,2.0,3.0,3.0,0.0,0.0,1.0,2.0,6.0,5.0
0022501213,1610612762,UTA,Utah,1628374,Lauri Markkanen,Lauri,F,,35:36,9.0,22.0,0.409,3.0,10.0,0.3,5.0,7.0,0.714,1.0,8.0,9.0,2.0,1.0,1.0,5.0,3.0,26.0,2.0
0022501213,1610612762,UTA,Utah,203994,Jusuf Nurkić,Jusuf,C,,27:30,6.0,9.0,0.667,0.0,2.0,0.0,1.0,3.0,0.333,5.0,12.0,17.0,7.0,1.0,1.0,1.0,2.0,13.0,-2.0
0022501213,1610612762,UTA,Utah,1642846,Ace Bailey,Ace,G,,31:27,4.0,12.0,0.333,0.0,3.0,0.0,0.0,0.0,0.0,1.0,3.0,4.0,0.0,0.0,2.0,1.0,2.0,8.0,-1.0
0022501213,1610612762,UTA,Utah,1641718,Keyonte George,Keyonte,G,,33:48,12.0,20.0,0.6,5.0,9.0,0.556,10.0,10.0,1.0,1.0,5.0,6.0,8.0,2.0,0.0,3.0,5.0,39.0,0.0
0022501213,1610612762,UTA,Utah,1642268,Isaiah Collier,Isaiah,,,23:58,2.0,6.0,0.333,0.0,1.0,0.0,1.0,5.0,0.2,0.0,2.0,2.0,8.0,0.0,0.0,2.0,1.0,5.0,7.0
0022501213,1610612762,UTA,Utah,1642271,Kyle Filipowski,Kyle,,,18:38,1.0,5.0,0.2,0.0,1.0,0.0,0.0,0.0,0.0,0.0,4.0,4.0,1.0,0.0,0.0,0.0,1.0,2.0,6.0
0022501213,1610612762,UTA,Utah,1641729,Brice Sensabaugh,Brice,,,17:28,4.0,8.0,0.5,3.0,5.0,0.6,0.0,0.0,0.0,1.0,2.0,3.0,2.0,1.0,0.0,0.0,1.0,11.0,2.0
0022501213,1610612762,UTA,Utah,201567,Kevin Love,Kevin,,,20:23,8.0,15.0,0.533,4.0,10.0,0.4,0.0,0.0,0.0,3.0,5.0,8.0,1.0,1.0,0.0,0.0,3.0,20.0,6.0
0022501213,1610612762,UTA,Utah,1642383,Walter Clayton Jr.,Walter,,,7:30,0.0,2.0,0.0,0.0,1.0,0.0,0.0,0.0,0.0,1.0,1.0,2.0,1.0,0.0,0.0,0.0,3.0,0.0,-5.0
0022501213,1610612762,UTA,Utah,203937,Kyle Anderson,Kyle,,DNP - Coach's Decision,,,,,,,,,,,,,,,,,,,,
0022501213,1610612762,UTA,Utah,1627777,Georges Niang,Georges,,DND - Injury/Illness,,,,,,,,,,,,,,,,,,,,
0022501213,1610612763,MEM,Memphis,1642377,Jaylen Wells,Jaylen,F,,32:32,6.0,13.0,0.462,2.0,4.0,0.5,5.0,5.0,1.0,1.0,4.0,5.0,1.0,1.0,0.0,2.0,2.0,19.0,-2.0
0022501213,1610612763,MEM,Memphis,1628991,Jaren Jackson Jr.,Jaren,F,,26:35,6.0,13.0,0.462,0.0,3.0,0.0,0.0,2.0,0.0,2.0,3.0,5.0,3.0,0.0,1.0,1.0,4.0,12.0,-2.0
0022501213,1610612763,MEM,Memphis,1630583,Santi Aldama,Santi,C,,35:46,8.0,15.0,0.533,4.0,8.0,0.5,2.0,4.0,0.5,1.0,6.0,7.0,2.0,1.0,1.0,0.0,3.0,22.0,-2.0
0022501213,1610612763,MEM,Memphis,1642907,Cedric Coward,Cedric,G,,29:23,7.0,11.0,0.636,2.0,4.0,0.5,1.0,1.0,1.0,3.0,9.0,12.0,6.0,0.0,0.0,1.0,4.0,17.0,4.0
0022501213,1610612763,MEM,Memphis,1629630,Ja Morant,Ja,G,,25:14,7.0,20.0,0.35,2.0,5.0,0.4,5.0,7.0,0.714,0.0,4.0,4.0,10.0,0.0,1.0,4.0,1.0,21.0,1.0
0022501213,1610612763,MEM,Memphis,1629111,Jock Landale,Jock,,,27:19,3.0,7.0,0.429,2.0,4.0,0.5,0.0,0.0,0.0,2.0,7.0,9.0,1.0,0.0,1.0,0.0,2.0,8.0,0.0
0022501213,1610612763,MEM,Memphis,1642285,Cam Spencer,Cam,,,25:18,6.0,6.0,1.0,6.0,6.0,1.0,2.0,2.0,1.0,0.0,2.0,2.0,4.0,0.0,0.0,0.0,4.0,20.0,-7.0
0022501213,1610612763,MEM,Memphis,203484,Kentavious Caldwell-Pope,Kentavious,,,22:29,3.0,10.0,0.3,1.0,5.0,0.2,0.0,0.0,0.0,0.0,2.0,2.0,5.0,2.0,0.0,1.0,0.0,7.0,-10.0
0022501213,1610612763,MEM,Memphis,1631246,Vince Williams Jr.,Vince,,,15:25,0.0,4.0,0.0,0.0,2.0,0.0,0.0,0.0,0.0,0.0,3.0,3.0,0.0,0.0,1.0,1.0,1.0,0.0,-2.0
0022501213,1610612763,MEM,Memphis,1629634,Brandon Clarke,Brandon,,DND - Injury/Illness,,,,,,,,,,,,,,,,,,,,
0022501213,1610612763,MEM,Memphis,1642942,Jahmai Mashack,Jahmai,,DNP - Coach's Decision,,,,,,,,,,,,,,,,,,,,
0022501213,1610612763,MEM,Memphis,1641765,Olivier-Maxence Prosper,Olivier-Maxence,,DNP - Coach's Decision,,,,,,,,,,,,,,,,,,,,
