HOME_TEAM_ID,HOME_TEAM_ABBREVIATION,HOME_TEAM_NAME,GAME_ID,GAME_DATE,MIN,HOME_PTS,HOME_FGM,HOME_FGA,HOME_FG_PCT,HOME_FG3M,HOME_FG3A,HOME_FG3_PCT,HOME_FTM,HOME_FTA,HOME_FT_PCT,HOME_OREB,HOME_DREB,HOME_REB,HOME_AST,HOME_STL,HOME_BLK,HOME_TOV,HOME_PF,HOME_PLUS_MINUS,AWAY_TEAM_ID,AWAY_TEAM_ABBREVIATION,AWAY_TEAM_NAME,AWAY_PTS,AWAY_FGM,AWAY_FGA,AWAY_FG_PCT,AWAY_FG3M,AWAY_FG3A,AWAY_FG3_PCT,AWAY_FTM,AWAY_FTA,AWAY_FT_PCT,AWAY_OREB,AWAY_DREB,AWAY_REB,AWAY_AST,AWAY_STL,AWAY_BLK,AWAY_TOV,AWAY_PF,AWAY_PLUS_MINUS
1610612753,ORL,Orlando Magic,0022500424,2025-12-26,239,105,37,93,0.398,11,35,0.314,20,23,0.87,16,26,42,22,7,7,9,25,-15.0,1610612766,CHA,Charlotte Hornets,120,41,87,0.471,19,39,0.487,19,28,0.679,16,37,53,23,3,6,14,19,15.0
1610612764,WAS,Washington Wizards,0022500425,2025-12-26,242,138,54,91,0.593,15,33,0.455,15,18,0.833,6,40,46,26,8,7,13,23,21.0,1610612761,TOR,Toronto Raptors,117,40,91,0.44,12,36,0.333,25,27,0.926,8,25,33,26,10,5,11,16,-21.0
1610612737,ATL,Atlanta Hawks,0022500423,2025-12-26,241,111,40,85,0.471,12,36,0.333,19,21,0.905,5,37,42,26,6,5,21,16,-15.0,1610612748,MIA,Miami Heat,126,49,104,0.471,11,36,0.306,17,18,0.944,13,39,52,29,14,2,10,16,15.0
1610612740,NOP,New Orleans Pelicans,0022500429,2025-12-26,240,108,39,88,0.443,5,25,0.2,25,42,0.595,12,26,38,22,10,2,12,22,-7.0,1610612756,PHX,Phoenix Suns,115,44,91,0.484,8,40,0.2,19,25,0.76,16,36,52,26,9,4,17,27,7.0
1610612754,IND,Indiana Pacers,0022500426,2025-12-26,240,122,44,89,0.494,18,44,0.409,16,20,0.8,11,24,35,29,6,3,14,28,-18.0,1610612738,BOS,Boston Celtics,140,47,83,0.566,20,39,0.513,26,34,0.765,12,31,43,26,8,3,12,22,18.0
1610612757,POR,Portland Trail Blazers,0022500431,2025-12-26,180,78,28,60,0.467,13,33,0.394,9,14,0.643,10,22,32,19,5,1,11,13,-5.0,1610612746,LAC,LA Clippers,85,26,49,0.531,17,34,0.5,16,17,0.941,1,18,19,18,4,3,11,13,-0.6
1610612741,CHI,Chicago Bulls,0022500427,2025-12-26,240,109,38,86,0.442,14,41,0.341,19,25,0.76,12,40,52,31,3,6,11,18,7.0,1610612755,PHI,Philadelphia 76ers,102,35,93,0.376,11,39,0.282,21,24,0.875,13,33,46,22,7,4,8,20,-7.0
1610612763,MEM,Memphis Grizzlies,0022500428,2025-12-26,239,125,43,85,0.506,13,34,0.382,26,32,0.813,7,35,42,28,12,9,13,19,21.0,1610612749,MIL,Milwaukee Bucks,104,36,84,0.429,14,39,0.359,18,24,0.75,15,33,48,18,11,2,22,25,-21.0
1610612762,UTA,Utah Jazz,0022500430,2025-12-26,191,129,43,89,0.483,18,38,0.474,25,26,0.962,13,29,42,35,12,8,17,20,6.6,1610612765,DET,Detroit Pistons,128,48,91,0.527,18,36,0.5,14,22,0.636,10,31,41,38,11,10,17,23,-5.0
1610612744,GSW,Golden State Warriors,0022500011,2025-12-25,241,126,44,99,0.444,14,50,0.28,24,26,0.923,13,36,49,33,9,4,11,22,10.0,1610612742,DAL,Dallas Mavericks,116,49,89,0.551,4,14,0.286,14,21,0.667,3,38,41,18,5,5,11,16,-10.0
1610612760,OKC,Oklahoma City Thunder,0022500010,2025-12-25,242,102,37,95,0.389,11,44,0.25,17,25,0.68,16,32,48,23,7,6,7,18,-15.0,1610612759,SAS,San Antonio Spurs,117,45,84,0.536,11,29,0.379,16,21,0.762,10,39,49,20,3,4,12,16,15.0
1610612747,LAL,Los Angeles Lakers,0022500012,2025-12-25,238,96,39,77,0.506,11,30,0.367,7,11,0.636,7,18,25,19,7,5,16,17,-23.0,1610612745,HOU,Houston Rockets,119,48,90,0.533,8,24,0.333,15,19,0.789,17,31,48,24,10,6,15,13,23.0
1610612743,DEN,Denver Nuggets,0022500013,2025-12-25,264,142,47,101,0.465,19,43,0.442,29,32,0.906,11,34,45,31,6,5,17,18,4.0,1610612750,MIN,Minnesota Timberwolves,138,51,104,0.49,12,45,0.267,24,30,0.8,11,36,47,31,10,12,13,27,-4.0
1610612752,NYK,New York Knicks,0022500009,2025-12-25,240,126,44,94,0.468,21,44,0.477,17,22,0.773,12,31,43,28,9,4,13,17,2.0,1610612739,CLE,Cleveland Cavaliers,124,45,86,0.523,15,34,0.441,19,23,0.826,9,36,45,30,7,0,14,22,-2.0
1610612756,PHX,Phoenix Suns,0022500418,2025-12-23,240,132,50,85,0.588,14,34,0.412,18,20,0.9,12,26,38,35,10,6,13,24,24.0,1610612747,LAL,Los Angeles Lakers,108,39,81,0.481,12,32,0.375,18,29,0.621,14,24,38,22,7,4,17,22,-24.0
1610612759,SAS,San Antonio Spurs,0022500417,2025-12-23,239,130,48,84,0.571,16,36,0.444,18,24,0.75,10,24,34,34,10,3,9,13,20.0,1610612760,OKC,Oklahoma City Thunder,110,46,85,0.541,12,30,0.4,6,7,0.857,9,27,36,23,5,1,13,17,-20.0
1610612748,MIA,Miami Heat,0022500414,2025-12-23,242,91,33,82,0.402,8,30,0.267,17,20,0.85,10,30,40,18,12,1,17,18,-21.0,1610612761,TOR,Toronto Raptors,112,41,86,0.477,14,38,0.368,16,18,0.889,15,35,50,29,12,5,16,19,21.0
1610612737,ATL,Atlanta Hawks,0022500411,2025-12-23,240,123,48,95,0.505,14,42,0.333,13,20,0.65,6,32,38,38,9,4,11,24,-3.0,1610612741,CHI,Chicago Bulls,126,46,91,0.505,13,39,0.333,21,28,0.75,9,39,48,35,4,5,16,18,3.0
1610612750,MIN,Minnesota Timberwolves,0022500416,2025-12-23,240,115,42,93,0.452,15,46,0.326,16,23,0.696,10,32,42,25,12,9,11,15,11.0,1610612752,NYK,New York Knicks,104,41,99,0.414,11,30,0.367,11,15,0.733,18,37,55,20,8,2,19,21,-11.0
1610612754,IND,Indiana Pacers,0022500413,2025-12-23,240,94,33,81,0.407,8,31,0.258,20,33,0.606,7,33,40,20,7,3,12,21,-17.0,1610612749,MIL,Milwaukee Bucks,111,42,82,0.512,10,30,0.333,17,24,0.708,7,41,48,20,6,7,15,26,17.0
1610612758,SAC,Sacramento Kings,0022500421,2025-12-23,241,127,42,92,0.457,11,33,0.333,32,37,0.865,19,23,42,26,12,5,13,25,-9.0,1610612765,DET,Detroit Pistons,136,51,95,0.537,14,32,0.438,20,28,0.714,16,26,42,38,9,8,15,23,9.0
1610612742,DAL,Dallas Mavericks,0022500415,2025-12-23,241,131,53,93,0.57,11,27,0.407,14,15,0.933,11,25,36,34,9,2,10,12,1.0,1610612743,DEN,Denver Nuggets,130,50,87,0.575,20,41,0.488,10,10,1.0,7,27,34,39,8,1,15,16,-1.0
1610612766,CHA,Charlotte Hornets,0022500409,2025-12-23,240,126,42,93,0.452,20,50,0.4,22,27,0.815,14,37,51,35,3,6,4,16,17.0,1610612764,WAS,Washington Wizards,109,40,97,0.412,10,35,0.286,19,23,0.826,18,31,49,22,3,7,6,20,-17.0
1610612755,PHI,Philadelphia 76ers,0022500410,2025-12-23,240,106,33,81,0.407,7,27,0.259,33,38,0.868,13,30,43,15,12,5,16,26,-8.0,1610612751,BKN,Brooklyn Nets,114,35,82,0.427,17,45,0.378,27,33,0.818,12,27,39,24,8,2,18,25,8.0
1610612757,POR,Portland Trail Blazers,0022500420,2025-12-23,241,106,41,87,0.471,9,32,0.281,15,19,0.789,11,34,45,23,9,7,17,22,-4.0,1610612753,ORL,Orlando Magic,110,37,85,0.435,15,33,0.455,21,23,0.913,10,28,38,26,10,5,14,21,4.0
1610612762,UTA,Utah Jazz,0022500419,2025-12-23,241,128,40,90,0.444,16,45,0.356,32,36,0.889,12,28,40,29,9,2,13,21,-9.0,1610612763,MEM,Memphis Grizzlies,137,49,88,0.557,19,45,0.422,20,29,0.69,8,33,41,41,10,8,15,23,9.0
1610612746,LAC,LA Clippers,0022500422,2025-12-23,238,128,42,77,0.545,20,37,0.541,24,27,0.889,6,28,34,25,7,4,8,19,20.0,1610612745,HOU,Houston Rockets,108,43,86,0.5,9,30,0.3,13,18,0.722,15,27,42,25,5,6,13,20,-20.0
1610612739,CLE,Cleveland Cavaliers,0022500412,2025-12-23,241,141,56,105,0.533,20,49,0.408,9,11,0.818,14,35,49,40,8,6,13,21,23.0,1610612740,NOP,New Orleans Pelicans,118,43,94,0.457,11,26,0.423,21,25,0.84,13,30,43,26,10,2,16,16,-23.0
1612709933,RCR,Rip City Remix,2022500028,2025-12-22,240,121,46,107,0.43,18,52,0.346,7,9,0.778,17,31,48,29,7,6,14,18,2.0,1612709923,WCB,Windy City Bulls,119,47,92,0.511,11,31,0.355,9,10,0.9,9,37,46,31,8,3,17,17,-2.0
1610612760,OKC,Oklahoma City Thunder,0022500406,2025-12-22,239,119,46,94,0.489,15,39,0.385,12,14,0.857,9,37,46,20,14,4,13,18,16.0,1610612763,MEM,Memphis Grizzlies,103,34,83,0.41,18,41,0.439,17,23,0.739,10,36,46,26,8,5,21,14,-16.0
1612709927,WIS,Wisconsin Herd,2022500031,2025-12-22,241,103,39,84,0.464,13,37,0.351,7,7,1.0,6,27,33,27,5,3,12,20,-15.0,1612709908,RGV,Rio Grande Valley Vipers,118,44,90,0.489,12,41,0.293,10,14,0.714,14,35,49,24,6,3,12,15,15.0
1612709929,CPS,College Park Skyhawks,2022500025,2025-12-22,239,112,36,82,0.439,15,36,0.417,16,17,0.941,11,27,38,25,6,7,15,22,-1.0,1612709932,MCC,Motor City Cruise,113,44,98,0.449,12,37,0.324,7,12,0.583,25,27,52,26,8,5,14,22,1.0
1612709921,LIN,Long Island Nets,2022500027,2025-12-22,240,116,40,95,0.421,15,44,0.341,12,14,0.857,13,27,40,24,18,1,15,16,19.0,1612709889,OKL,Oklahoma City Blue,97,36,76,0.474,13,37,0.351,8,9,0.889,10,35,45,26,7,9,33,23,-19.0
1612709919,WES,Westchester Knicks,2022500029,2025-12-22,241,104,37,101,0.366,11,50,0.22,10,15,0.667,16,26,42,18,15,10,14,20,-28.0,1612709911,IWA,Iowa Wolves,132,51,92,0.554,11,26,0.423,12,12,1.0,11,43,54,27,8,7,21,18,28.0
1612709928,CCG,Capital City Go-Go,2022500026,2025-12-22,241,103,39,98,0.398,17,54,0.315,6,7,0.857,15,29,44,22,6,11,10,13,-13.0,1612709904,SXF,Sioux Falls Skyforce,116,45,88,0.511,11,25,0.44,8,8,1.0,8,42,50,27,7,5,13,10,13.0
1610612743,DEN,Denver Nuggets,0022500405,2025-12-22,240,135,46,92,0.5,24,47,0.511,19,25,0.76,9,42,51,37,8,7,10,17,23.0,1610612762,UTA,Utah Jazz,112,41,96,0.427,14,41,0.341,16,19,0.842,11,38,49,30,5,1,14,19,-23.0
1612709925,OSC,Osceola Magic,2022500030,2025-12-22,240,119,42,79,0.532,20,38,0.526,10,14,0.714,13,30,43,34,8,5,24,15,7.0,1612709931,MXC,Mexico City Capitanes,112,44,93,0.473,12,37,0.324,7,8,0.875,15,22,37,28,13,6,15,18,-7.0
1610612738,BOS,Boston Celtics,0022500403,2025-12-22,240,103,38,89,0.427,11,37,0.297,16,19,0.842,11,38,49,19,6,6,13,16,8.0,1610612754,IND,Indiana Pacers,95,33,85,0.388,13,40,0.325,16,18,0.889,9,27,36,19,4,3,12,21,-8.0
1610612744,GSW,Golden State Warriors,0022500407,2025-12-22,240,120,46,89,0.517,11,37,0.297,17,24,0.708,14,33,47,33,8,6,13,20,23.0,1610612753,ORL,Orlando Magic,97,36,87,0.414,7,27,0.259,18,26,0.692,16,32,48,21,8,5,18,21,-23.0
1610612740,NOP,New Orleans Pelicans,0022500404,2025-12-22,240,119,44,97,0.454,8,34,0.235,23,27,0.852,14,37,51,28,9,2,12,16,6.0,1610612742,DAL,Dallas Mavericks,113,46,104,0.442,10,33,0.303,11,21,0.524,18,39,57,29,9,5,16,19,-6.0
1610612739,CLE,Cleveland Cavaliers,0022500402,2025-12-22,241,139,48,87,0.552,24,44,0.545,19,19,1.0,5,25,30,36,9,2,13,20,7.0,1610612766,CHA,Charlotte Hornets,132,46,94,0.489,21,42,0.5,19,25,0.76,17,27,44,29,10,3,19,18,-7.0
1610612757,POR,Portland Trail Blazers,0022500408,2025-12-22,241,102,33,74,0.446,7,32,0.219,29,43,0.674,9,29,38,21,6,6,18,22,-8.0,1610612765,DET,Detroit Pistons,110,44,101,0.436,7,30,0.233,15,24,0.625,22,26,48,28,11,7,8,28,8.0
1612709902,SCW,Santa Cruz Warriors,2022500021,2025-12-21,239,108,40,85,0.471,16,38,0.421,8,10,0.8,15,39,54,23,7,7,26,14,8.0,1612709910,NOB,Noblesville Boom,100,39,95,0.411,11,42,0.262,6,6,1.0,10,26,36,24,16,2,13,13,-8.0
1610612737,ATL,Atlanta Hawks,0022500396,2025-12-21,239,150,51,98,0.52,23,47,0.489,25,32,0.781,6,29,35,39,6,7,10,25,-2.0,1610612741,CHI,Chicago Bulls,152,53,92,0.576,20,42,0.476,26,39,0.667,11,29,40,41,9,3,11,21,2.0
1612709903,SLC,Salt Lake City Stars,2022500020,2025-12-21,240,127,48,102,0.471,10,39,0.256,14,14,1.0,19,34,53,21,6,2,12,20,4.0,1612709914,STO,Stockton Kings,123,44,96,0.458,16,47,0.34,12,14,0.857,15,30,45,26,8,9,11,20,-4.0
1610612750,MIN,Minnesota Timberwolves,0022500400,2025-12-21,240,103,37,88,0.42,14,46,0.304,15,23,0.652,11,35,46,28,10,4,10,18,3.0,1610612749,MIL,Milwaukee Bucks,100,35,87,0.402,13,45,0.289,17,20,0.85,11,40,51,27,6,2,16,15,-3.0
1610612758,SAC,Sacramento Kings,0022500401,2025-12-21,265,125,44,95,0.463,12,32,0.375,25,36,0.694,19,36,55,29,8,5,11,21,1.0,1610612745,HOU,Houston Rockets,124,45,94,0.479,16,38,0.421,18,24,0.75,13,34,47,31,9,2,14,20,-1.0
1610612752,NYK,New York Knicks,0022500398,2025-12-21,240,132,47,85,0.553,20,38,0.526,18,21,0.857,4,32,36,28,7,3,12,25,7.0,1610612748,MIA,Miami Heat,125,41,87,0.471,17,35,0.486,26,35,0.743,12,33,45,26,5,1,11,14,-7.0
1610612751,BKN,Brooklyn Nets,0022500397,2025-12-21,239,96,35,75,0.467,14,35,0.4,12,16,0.75,6,42,48,29,7,4,21,17,15.0,1610612761,TOR,Toronto Raptors,81,32,86,0.372,10,36,0.278,7,8,0.875,9,30,39,23,6,5,15,19,-15.0
1612709913,BHM,Birmingham Squadron,2022500023,2025-12-21,241,125,47,86,0.547,14,31,0.452,13,20,0.65,15,36,51,36,7,5,17,23,4.0,1612709934,VAL,Valley Suns,121,41,85,0.482,22,40,0.55,12,15,0.8,9,24,33,26,8,2,15,23,-4.0
1612709905,SBL,South Bay Lakers,2022500022,2025-12-21,239,131,50,89,0.562,19,41,0.463,6,8,0.75,10,29,39,31,13,5,17,14,12.0,1612709927,WIS,Wisconsin Herd,119,44,87,0.506,18,41,0.439,7,7,1.0,9,28,37,28,13,2,19,13,-12.0
1612709924,SDC,San Diego Clippers,2022500019,2025-12-21,240,117,48,91,0.527,13,37,0.351,5,9,0.556,10,30,40,27,6,1,10,25,-10.0,1612709922,GBO,Greensboro Swarm,127,43,86,0.5,13,33,0.394,19,24,0.792,16,31,47,27,5,5,10,16,10.0
1610612764,WAS,Washington Wizards,0022500399,2025-12-21,240,113,42,95,0.442,11,45,0.244,18,24,0.75,8,35,43,20,5,7,5,25,-11.0,1610612759,SAS,San Antonio Spurs,124,43,104,0.413,13,41,0.317,25,32,0.781,20,41,61,26,3,5,9,19,11.0
1612709915,MNE,Maine Celtics,2022500017,2025-12-21,239,123,40,99,0.404,12,40,0.3,19,21,0.905,15,29,44,26,10,8,19,20,9.0,1612709890,AUS,Austin Spurs,114,40,82,0.488,10,28,0.357,16,22,0.727,10,35,45,24,14,7,22,29,-9.0
1612709920,RAP,Raptors 905,2022500018,2025-12-21,241,103,39,90,0.433,16,34,0.471,5,9,0.556,14,36,50,25,5,4,18,19,2.0,1612709917,GRG,Grand Rapids Gold,101,39,94,0.415,14,36,0.389,6,10,0.6,14,37,51,25,9,2,14,14,-2.0
1612709918,TEX,Texas Legends,2022500024,2025-12-21,239,112,41,93,0.441,15,39,0.385,8,12,0.667,11,36,47,19,5,10,16,20,-8.0,1612709909,DEL,Delaware Blue Coats,120,46,97,0.474,6,32,0.188,14,17,0.824,12,35,47,27,9,10,9,18,8.0
1612709908,RGV,Rio Grande Valley Vipers,2022500011,2025-12-20,239,127,43,85,0.506,18,39,0.462,12,16,0.75,12,25,37,31,19,5,24,21,26.0,1612709919,WES,Westchester Knicks,101,38,77,0.494,10,34,0.294,9,13,0.692,10,24,34,24,14,7,27,23,-26.0
1610612761,TOR,Toronto Raptors,0022500388,2025-12-20,240,96,36,87,0.414,16,47,0.34,8,11,0.727,9,28,37,30,2,7,12,18,-16.0,1610612738,BOS,Boston Celtics,112,44,95,0.463,12,39,0.308,12,15,0.8,17,38,55,22,7,4,9,21,16.0
1612709923,WCB,Windy City Bulls,2022500014,2025-12-20,241,110,40,83,0.482,13,32,0.406,10,16,0.625,14,36,50,30,9,4,19,22,8.0,1612709926,MHU,Memphis Hustle,102,37,103,0.359,8,38,0.211,12,18,0.667,28,23,51,19,13,5,12,23,-8.0
1610612765,DET,Detroit Pistons,0022500390,2025-12-20,239,112,41,93,0.441,6,28,0.214,24,32,0.75,17,44,61,23,16,10,20,25,26.0,1610612766,CHA,Charlotte Hornets,86,28,89,0.315,13,41,0.317,17,20,0.85,12,31,43,21,12,7,23,23,-26.0
1610612743,DEN,Denver Nuggets,0022500386,2025-12-20,241,101,37,92,0.402,8,29,0.276,19,23,0.826,10,29,39,21,9,2,11,20,-14.0,1610612745,HOU,Houston Rockets,115,39,77,0.506,19,35,0.543,18,23,0.783,9,38,47,24,6,8,19,20,14.0
1610612758,SAC,Sacramento Kings,0022500394,2025-12-20,240,93,33,87,0.379,6,31,0.194,21,31,0.677,18,32,50,18,14,6,15,19,-5.0,1610612757,POR,Portland Trail Blazers,98,35,81,0.432,11,32,0.344,17,25,0.68,10,36,46,18,12,3,20,20,5.0
1612709889,OKL,Oklahoma City Blue,2022500012,2025-12-20,240,86,35,90,0.389,7,32,0.219,7,15,0.467,15,32,47,22,7,8,14,25,-39.0,1612709928,CCG,Capital City Go-Go,125,39,89,0.438,22,49,0.449,15,17,0.882,12,41,53,29,10,7,10,20,39.0
1612709904,SXF,Sioux Falls Skyforce,2022500009,2025-12-20,239,106,39,80,0.488,6,22,0.273,11,15,0.733,5,36,41,24,9,5,20,27,-24.0,1612709905,SBL,South Bay Lakers,130,43,84,0.512,15,36,0.417,15,22,0.682,6,31,37,29,8,6,11,21,24.0
1612709911,IWA,Iowa Wolves,2022500015,2025-12-20,240,117,42,93,0.452,17,44,0.386,9,14,0.643,17,31,48,26,7,4,13,14,16.0,1612709913,BHM,Birmingham Squadron,101,41,92,0.446,10,33,0.303,5,6,0.833,13,29,42,25,8,7,18,26,-16.0
1610612763,MEM,Memphis Grizzlies,0022500391,2025-12-20,241,122,45,100,0.45,16,44,0.364,16,22,0.727,19,29,48,31,7,3,14,19,-8.0,1610612764,WAS,Washington Wizards,130,47,99,0.475,17,44,0.386,19,26,0.731,20,34,54,32,5,3,13,20,8.0
1610612746,LAC,LA Clippers,0022500395,2025-12-20,241,103,34,80,0.425,16,43,0.372,19,20,0.95,13,35,48,22,8,6,16,23,15.0,1610612747,LAL,Los Angeles Lakers,88,34,88,0.386,6,38,0.158,14,23,0.609,14,29,43,16,7,3,11,19,-15.0
1612709931,MXC,Mexico City Capitanes,2022500010,2025-12-20,239,111,38,86,0.442,13,37,0.351,15,19,0.789,10,32,42,28,17,7,18,17,9.0,1612709921,LIN,Long Island Nets,102,39,84,0.464,16,41,0.39,6,9,0.667,11,36,47,33,12,6,25,27,-9.0
1610612762,UTA,Utah Jazz,0022500393,2025-12-20,266,127,44,105,0.419,15,43,0.349,24,30,0.8,18,34,52,34,7,2,12,29,-1.0,1610612753,ORL,Orlando Magic,128,47,96,0.49,11,37,0.297,23,33,0.697,14,38,52,32,6,9,13,29,1.0
1612709893,CLC,Cleveland Charge,2022500013,2025-12-20,240,127,47,87,0.54,15,31,0.484,11,13,0.846,6,32,38,33,10,3,11,19,5.0,1612709933,RCR,Rip City Remix,122,39,90,0.433,18,50,0.36,14,18,0.778,15,25,40,27,7,5,14,17,-5.0
1610612755,PHI,Philadelphia 76ers,0022500387,2025-12-20,241,121,44,102,0.431,12,40,0.3,21,28,0.75,20,27,47,27,11,2,8,13,7.0,1610612742,DAL,Dallas Mavericks,114,45,83,0.542,3,18,0.167,21,22,0.955,8,36,44,24,5,7,18,22,-7.0
1610612740,NOP,New Orleans Pelicans,0022500389,2025-12-20,241,128,45,85,0.529,9,27,0.333,29,34,0.853,6,43,49,25,6,2,16,25,19.0,1610612754,IND,Indiana Pacers,109,40,94,0.426,8,42,0.19,21,30,0.7,11,31,42,28,7,5,14,26,-19.0
1610612744,GSW,Golden State Warriors,0022500392,2025-12-20,240,119,42,92,0.457,17,49,0.347,18,24,0.75,17,32,49,29,9,7,20,22,3.0,1610612756,PHX,Phoenix Suns,116,42,88,0.477,12,35,0.343,20,24,0.833,9,25,34,23,12,6,14,24,-3.0
1612709934,VAL,Valley Suns,2022500016,2025-12-20,240,130,47,88,0.534,10,31,0.323,17,20,0.85,15,32,47,26,10,4,18,12,9.0,1612709932,MCC,Motor City Cruise,121,44,93,0.473,18,44,0.409,8,10,0.8,13,25,38,29,13,2,18,27,-9.0
1612709890,AUS,Austin Spurs,2022500001,2025-12-19,251,117,45,96,0.469,8,25,0.32,13,18,0.722,16,35,51,21,9,4,18,26,-2.0,1612709914,STO,Stockton Kings,119,43,89,0.483,12,36,0.333,13,17,0.765,10,31,41,28,13,6,14,22,2.0
1612709909,DEL,Delaware Blue Coats,2022500008,2025-12-19,240,119,41,93,0.441,13,41,0.317,14,19,0.737,13,30,43,32,8,3,14,12,-24.0,1612709902,SCW,Santa Cruz Warriors,143,56,99,0.566,17,44,0.386,7,10,0.7,12,40,52,32,11,9,14,22,24.0
1612709922,GBO,Greensboro Swarm,2022500002,2025-12-19,240,106,37,92,0.402,12,47,0.255,13,15,0.867,12,37,49,22,6,7,16,20,-13.0,1612709917,GRG,Grand Rapids Gold,119,43,101,0.426,11,37,0.297,13,15,0.867,14,40,54,21,9,5,9,20,13.0
1610612750,MIN,Minnesota Timberwolves,0022500385,2025-12-19,240,112,33,88,0.375,13,37,0.351,33,47,0.702,18,39,57,20,8,6,13,24,5.0,1610612760,OKC,Oklahoma City Thunder,107,34,92,0.37,11,39,0.282,28,30,0.933,13,39,52,16,7,10,11,30,-5.0
1612709929,CPS,College Park Skyhawks,2022500007,2025-12-19,241,129,48,94,0.511,21,47,0.447,7,12,0.583,13,34,47,37,14,7,19,13,13.0,1612709918,TEX,Texas Legends,116,48,98,0.49,12,35,0.343,5,9,0.556,11,33,44,25,15,7,19,16,-13.0
1610612737,ATL,Atlanta Hawks,0022500383,2025-12-19,240,98,38,94,0.404,10,40,0.25,12,16,0.75,10,33,43,26,7,1,16,14,-28.0,1610612759,SAS,San Antonio Spurs,126,51,94,0.543,13,36,0.361,11,16,0.688,12,44,56,31,11,4,14,12,28.0
1610612752,NYK,New York Knicks,0022500382,2025-12-19,239,107,39,88,0.443,8,32,0.25,21,25,0.84,21,36,57,26,3,3,18,21,-9.0,1610612755,PHI,Philadelphia 76ers,116,40,88,0.455,17,41,0.415,19,21,0.905,10,26,36,21,7,8,10,24,9.0
1610612739,CLE,Cleveland Cavaliers,0022500384,2025-12-19,241,125,48,101,0.475,14,39,0.359,15,19,0.789,13,33,46,31,10,1,15,17,-11.0,1610612741,CHI,Chicago Bulls,136,53,102,0.52,18,47,0.383,12,15,0.8,13,35,48,34,12,5,12,14,11.0
1612709903,SLC,Salt Lake City Stars,2022500003,2025-12-19,240,123,44,97,0.454,11,40,0.275,12,13,0.923,17,41,58,20,9,3,19,16,16.0,1612709915,MNE,Maine Celtics,107,37,93,0.398,18,53,0.34,8,10,0.8,8,28,36,25,13,3,17,22,-16.0
1612709920,RAP,Raptors 905,2022500004,2025-12-19,239,110,42,86,0.488,11,32,0.344,10,12,0.833,9,39,48,24,6,5,15,19,21.0,1612709924,SDC,San Diego Clippers,89,32,76,0.421,8,28,0.286,10,11,0.909,3,29,32,17,8,4,14,25,-21.0
1612709910,NOB,Noblesville Boom,2022500006,2025-12-19,241,112,40,84,0.476,11,40,0.275,13,19,0.684,12,43,55,28,7,7,21,22,13.0,1612709925,OSC,Osceola Magic,99,36,92,0.391,10,42,0.238,10,15,0.667,11,36,47,24,14,6,17,25,-13.0
1612709926,MHU,Memphis Hustle,2022500005,2025-12-19,239,107,44,92,0.478,10,35,0.286,5,10,0.5,15,22,37,31,15,5,17,14,-11.0,1612709893,CLC,Cleveland Charge,118,45,82,0.549,15,38,0.395,9,11,0.818,9,29,38,30,9,10,24,18,11.0
1610612738,BOS,Boston Celtics,0022500381,2025-12-19,241,129,44,82,0.537,21,43,0.488,20,24,0.833,6,40,46,25,8,8,14,19,13.0,1610612748,MIA,Miami Heat,116,40,102,0.392,19,49,0.388,17,24,0.708,17,30,47,27,6,1,13,20,-13.0
1610612757,POR,Portland Trail Blazers,0022500380,2025-12-18,265,134,49,103,0.476,15,45,0.333,21,33,0.636,17,27,44,30,6,6,19,27,1.0,1610612758,SAC,Sacramento Kings,133,48,94,0.511,6,19,0.316,31,34,0.912,11,31,42,29,13,7,18,29,-1.0
1610612754,IND,Indiana Pacers,0022500372,2025-12-18,240,113,43,93,0.462,11,34,0.324,16,18,0.889,16,36,52,22,8,6,14,20,-1.0,1610612752,NYK,New York Knicks,114,43,92,0.467,17,43,0.395,11,19,0.579,14,32,46,31,10,5,16,19,1.0
1610612759,SAS,San Antonio Spurs,0022500370,2025-12-18,241,119,44,90,0.489,15,42,0.357,16,20,0.8,14,39,53,29,6,9,14,12,25.0,1610612764,WAS,Washington Wizards,94,38,94,0.404,9,36,0.25,9,14,0.643,13,33,46,29,10,5,12,18,-25.0
1610612742,DAL,Dallas Mavericks,0022500376,2025-12-18,265,116,40,89,0.449,5,27,0.185,31,36,0.861,11,40,51,22,4,15,17,21,2.0,1610612765,DET,Detroit Pistons,114,47,122,0.385,6,33,0.182,14,20,0.7,26,36,62,26,11,4,10,27,-2.0
1610612756,PHX,Phoenix Suns,0022500378,2025-12-18,239,99,36,88,0.409,10,35,0.286,17,22,0.773,12,37,49,19,16,6,15,17,1.0,1610612744,GSW,Golden State Warriors,98,35,89,0.393,12,42,0.286,16,18,0.889,15,39,54,27,9,3,20,20,-1.0
1610612749,MIL,Milwaukee Bucks,0022500374,2025-12-18,239,105,38,84,0.452,15,37,0.405,14,16,0.875,9,29,38,25,10,2,16,19,-6.0,1610612761,TOR,Toronto Raptors,111,42,84,0.5,13,35,0.371,14,21,0.667,12,33,45,31,9,2,16,20,6.0
1610612751,BKN,Brooklyn Nets,0022500373,2025-12-18,242,95,38,98,0.388,11,49,0.224,8,11,0.727,15,34,49,24,7,7,12,17,-11.0,1610612748,MIA,Miami Heat,106,41,89,0.461,9,28,0.321,15,19,0.789,9,42,51,23,9,8,14,12,11.0
1610612740,NOP,New Orleans Pelicans,0022500375,2025-12-18,263,133,49,97,0.505,11,27,0.407,24,28,0.857,13,28,41,27,15,7,12,24,5.0,1610612745,HOU,Houston Rockets,128,50,107,0.467,10,32,0.313,18,27,0.667,25,33,58,30,6,8,18,21,-5.0
1610612762,UTA,Utah Jazz,0022500379,2025-12-18,239,135,43,83,0.518,18,37,0.486,31,47,0.66,9,30,39,31,4,1,13,29,-8.0,1610612747,LAL,Los Angeles Lakers,143,49,93,0.527,13,39,0.333,32,39,0.821,13,35,48,32,7,2,7,31,8.0
1610612766,CHA,Charlotte Hornets,0022500371,2025-12-18,239,133,49,91,0.538,24,49,0.49,11,17,0.647,7,30,37,39,11,3,14,21,7.0,1610612737,ATL,Atlanta Hawks,126,48,92,0.522,11,37,0.297,19,22,0.864,9,26,35,31,6,2,15,20,-7.0
1610612743,DEN,Denver Nuggets,0022500377,2025-12-18,241,126,49,88,0.557,16,36,0.444,12,15,0.8,5,35,40,31,7,3,13,18,11.0,1610612753,ORL,Orlando Magic,115,43,91,0.473,11,33,0.333,18,26,0.692,12,32,44,30,9,6,9,17,-11.0
1610612760,OKC,Oklahoma City Thunder,0022500369,2025-12-18,241,122,48,101,0.475,13,36,0.361,13,16,0.813,9,29,38,28,18,4,8,19,21.0,1610612746,LAC,LA Clippers,101,37,76,0.487,10,32,0.313,17,22,0.773,9,40,49,25,6,7,28,17,-21.0
1610612741,CHI,Chicago Bulls,0022500367,2025-12-17,240,127,50,89,0.562,14,36,0.389,13,18,0.722,6,37,43,35,12,3,15,17,16.0,1610612739,CLE,Cleveland Cavaliers,111,42,87,0.483,12,39,0.308,15,18,0.833,8,32,40,26,6,3,20,16,-16.0
1610612750,MIN,Minnesota Timberwolves,0022500368,2025-12-17,239,110,39,98,0.398,13,44,0.295,19,27,0.704,16,36,52,26,11,8,18,25,-6.0,1610612763,MEM,Memphis Grizzlies,116,42,96,0.438,11,34,0.324,21,25,0.84,15,39,54,23,10,4,18,25,6.0
1610612743,DEN,Denver Nuggets,0022501225,2025-12-15,265,128,43,85,0.506,15,34,0.441,27,33,0.818,7,31,38,24,10,4,10,28,3.0,1610612745,HOU,Houston Rockets,125,47,93,0.505,12,25,0.48,19,26,0.731,12,34,46,29,7,8,16,25,-3.0
1610612762,UTA,Utah Jazz,0022501224,2025-12-15,264,140,50,97,0.515,13,36,0.361,27,33,0.818,8,39,47,33,8,4,13,32,7.0,1610612742,DAL,Dallas Mavericks,133,48,98,0.49,9,27,0.333,28,41,0.683,14,40,54,24,6,6,14,26,-7.0
1610612748,MIA,Miami Heat,0022501227,2025-12-15,239,96,35,83,0.422,9,31,0.29,17,23,0.739,11,34,45,20,12,7,18,14,-9.6,1610612761,TOR,Toronto Raptors,106,42,88,0.477,16,40,0.4,6,9,0.667,11,34,45,33,9,7,19,20,10.0
1610612746,LAC,LA Clippers,0022501226,2025-12-15,241,103,37,80,0.463,13,36,0.361,16,22,0.727,13,26,39,26,4,2,18,15,-18.0,1610612763,MEM,Memphis Grizzlies,121,45,86,0.523,16,39,0.41,15,17,0.882,9,23,32,33,10,7,11,21,18.0
1610612738,BOS,Boston Celtics,0022501222,2025-12-15,238,105,38,82,0.463,10,39,0.256,19,27,0.704,7,30,37,16,7,5,12,20,-7.0,1610612765,DET,Detroit Pistons,112,41,89,0.461,13,36,0.361,17,25,0.68,12,27,39,21,9,3,10,20,7.0
1610612754,IND,Indiana Pacers,0022501216,2025-12-14,240,89,31,84,0.369,10,39,0.256,17,21,0.81,11,30,41,20,2,7,8,18,-19.0,1610612764,WAS,Washington Wizards,108,41,89,0.461,10,28,0.357,16,26,0.615,17,39,56,19,5,3,11,21,19.0
1610612739,CLE,Cleveland Cavaliers,0022501218,2025-12-14,265,111,38,95,0.4,12,38,0.316,23,29,0.793,13,33,46,27,10,3,14,24,-8.0,1610612766,CHA,Charlotte Hornets,119,43,98,0.439,17,44,0.386,16,21,0.762,12,41,53,28,9,7,16,26,8.0
1610612741,CHI,Chicago Bulls,0022501223,2025-12-14,240,104,38,92,0.413,13,49,0.265,15,17,0.882,13,30,43,26,10,4,13,24,-10.0,1610612740,NOP,New Orleans Pelicans,114,43,93,0.462,8,33,0.242,20,25,0.8,14,39,53,21,7,5,14,17,10.0
1610612737,ATL,Atlanta Hawks,0022501217,2025-12-14,240,120,43,99,0.434,17,33,0.515,17,21,0.81,18,39,57,33,8,6,16,23,3.0,1610612755,PHI,Philadelphia 76ers,117,38,101,0.376,17,41,0.415,24,29,0.828,21,33,54,25,10,10,11,15,-3.0
1610612750,MIN,Minnesota Timberwolves,0022501220,2025-12-14,241,117,43,94,0.457,12,37,0.324,19,27,0.704,15,33,48,25,12,5,11,26,14.0,1610612758,SAC,Sacramento Kings,103,37,81,0.457,10,23,0.435,19,25,0.76,4,32,36,21,5,9,15,21,-14.0
1610612751,BKN,Brooklyn Nets,0022501219,2025-12-14,241,127,45,85,0.529,19,43,0.442,18,19,0.947,6,37,43,33,14,4,13,15,45.0,1610612749,MIL,Milwaukee Bucks,82,31,79,0.392,8,35,0.229,12,16,0.75,7,30,37,20,8,1,20,18,-45.0
1610612756,PHX,Phoenix Suns,0022501228,2025-12-14,241,114,40,82,0.488,13,37,0.351,21,25,0.84,10,27,37,29,11,5,19,28,-2.0,1610612747,LAL,Los Angeles Lakers,116,38,88,0.432,7,37,0.189,33,43,0.767,24,30,54,20,13,8,21,23,2.0
1610612757,POR,Portland Trail Blazers,0022501221,2025-12-14,239,136,45,89,0.506,20,39,0.513,26,29,0.897,10,33,43,30,11,4,17,21,5.0,1610612744,GSW,Golden State Warriors,131,44,87,0.506,24,47,0.511,19,23,0.826,8,28,36,34,14,5,18,24,-5.0
1610612744,GSW,Golden State Warriors,0022501215,2025-12-12,240,120,44,96,0.458,15,46,0.326,17,22,0.773,12,30,42,27,7,2,13,23,-7.0,1610612750,MIN,Minnesota Timberwolves,127,48,89,0.539,11,31,0.355,20,28,0.714,11,33,44,30,8,3,10,22,7.0
1610612755,PHI,Philadelphia 76ers,0022501211,2025-12-12,240,115,35,79,0.443,12,37,0.324,33,43,0.767,11,39,50,22,6,4,12,19,10.0,1610612754,IND,Indiana Pacers,105,38,96,0.396,13,38,0.342,16,19,0.842,12,34,46,26,6,4,7,27,-10.0
1610612765,DET,Detroit Pistons,0022501210,2025-12-12,240,142,53,91,0.582,12,29,0.414,24,29,0.828,10,30,40,34,16,6,12,22,27.0,1610612737,ATL,Atlanta Hawks,115,39,85,0.459,11,36,0.306,26,31,0.839,13,24,37,28,9,8,20,18,-27.0
1610612766,CHA,Charlotte Hornets,0022501209,2025-12-12,239,126,51,97,0.526,16,37,0.432,8,10,0.8,8,24,32,30,5,3,8,19,-3.0,1610612741,CHI,Chicago Bulls,129,52,94,0.553,10,28,0.357,15,19,0.789,11,33,44,29,3,6,11,11,3.0
1610612742,DAL,Dallas Mavericks,0022501214,2025-12-12,239,119,46,94,0.489,10,30,0.333,17,22,0.773,9,31,40,33,10,8,14,20,8.0,1610612751,BKN,Brooklyn Nets,111,39,86,0.453,17,39,0.436,16,19,0.842,9,34,43,26,8,5,17,22,-8.0
1610612763,MEM,Memphis Grizzlies,0022501213,2025-12-12,239,126,46,99,0.465,19,41,0.463,15,21,0.714,9,40,49,32,4,5,10,21,-4.0,1610612762,UTA,Utah Jazz,130,48,104,0.462,17,47,0.362,17,25,0.68,14,44,58,33,6,4,13,23,4.0
1610612764,WAS,Washington Wizards,0022501212,2025-12-12,239,126,42,86,0.488,16,44,0.364,26,32,0.813,12,37,49,29,6,6,16,27,-4.0,1610612739,CLE,Cleveland Cavaliers,130,41,97,0.423,15,53,0.283,33,36,0.917,15,33,48,28,11,1,7,20,4.0
1610612745,HOU,Houston Rockets,0022501205,2025-12-11,240,115,43,93,0.462,12,34,0.353,17,21,0.81,22,29,51,26,9,1,18,22,2.0,1610612746,LAC,LA Clippers,113,39,78,0.5,14,38,0.368,21,26,0.808,8,20,28,25,15,5,15,20,-2.0
1610612758,SAC,Sacramento Kings,0022501208,2025-12-11,240,105,39,87,0.448,11,38,0.289,16,23,0.696,10,28,38,21,9,4,16,20,-31.0,1610612743,DEN,Denver Nuggets,136,52,88,0.591,12,29,0.414,20,29,0.69,10,36,46,35,9,0,12,18,31.0
1610612740,NOP,New Orleans Pelicans,0022501207,2025-12-11,239,143,58,112,0.518,12,32,0.375,15,17,0.882,19,38,57,36,10,8,8,16,23.0,1610612757,POR,Portland Trail Blazers,120,45,102,0.441,14,48,0.292,16,22,0.727,13,28,41,27,5,7,15,19,-23.0
1610612749,MIL,Milwaukee Bucks,0022501206,2025-12-11,241,116,46,79,0.582,13,29,0.448,11,14,0.786,5,35,40,28,5,5,15,24,15.0,1610612738,BOS,Boston Celtics,101,34,88,0.386,14,49,0.286,19,25,0.76,13,26,39,18,7,1,13,15,-15.0
1610612760,OKC,Oklahoma City Thunder,0022501203,2025-12-10,242,138,52,88,0.591,22,40,0.55,12,13,0.923,6,37,43,32,14,7,14,14,49.0,1610612756,PHX,Phoenix Suns,89,33,84,0.393,10,31,0.323,13,16,0.813,7,30,37,24,12,2,20,13,-49.0
1610612747,LAL,Los Angeles Lakers,0022501204,2025-12-10,240,119,43,87,0.494,16,37,0.432,17,23,0.739,6,37,43,27,4,7,11,23,-13.0,1610612759,SAS,San Antonio Spurs,132,43,86,0.5,17,38,0.447,29,36,0.806,9,41,50,25,9,3,10,19,13.0
1610612761,TOR,Toronto Raptors,0022501202,2025-12-09,241,101,39,90,0.433,11,38,0.289,12,18,0.667,12,25,37,28,9,4,13,22,-16.0,1610612752,NYK,New York Knicks,117,42,80,0.525,16,35,0.457,17,28,0.607,14,34,48,19,9,7,13,19,16.0
1610612753,ORL,Orlando Magic,0022501201,2025-12-09,240,117,44,87,0.506,15,32,0.469,14,16,0.875,7,40,47,30,5,6,16,19,9.0,1610612748,MIA,Miami Heat,108,42,93,0.452,8,33,0.242,16,19,0.842,7,32,39,25,8,6,8,16,-9.0
1610612754,IND,Indiana Pacers,0022500364,2025-12-08,240,116,38,87,0.437,14,35,0.4,26,28,0.929,10,31,41,25,14,7,13,15,11.0,1610612758,SAC,Sacramento Kings,105,41,88,0.466,7,22,0.318,16,23,0.696,15,36,51,28,6,4,19,18,-11.0
1610612750,MIN,Minnesota Timberwolves,0022500365,2025-12-08,240,105,39,83,0.47,11,42,0.262,16,23,0.696,13,33,46,26,5,1,13,20,-3.0,1610612756,PHX,Phoenix Suns,108,41,90,0.456,12,33,0.364,14,20,0.7,14,29,43,26,8,2,9,20,3.0
1610612740,NOP,New Orleans Pelicans,0022500366,2025-12-08,241,132,51,88,0.58,7,26,0.269,23,26,0.885,4,29,33,35,8,6,9,23,-3.0,1610612759,SAS,San Antonio Spurs,135,49,98,0.5,17,36,0.472,20,25,0.8,12,31,43,29,5,0,13,19,3.0
1610612761,TOR,Toronto Raptors,0022500358,2025-12-07,237,113,43,88,0.489,9,22,0.409,18,21,0.857,11,31,42,22,5,3,12,18,-8.0,1610612738,BOS,Boston Celtics,121,44,92,0.478,20,47,0.426,13,14,0.929,14,27,41,24,8,9,11,22,8.0
1610612741,CHI,Chicago Bulls,0022500361,2025-12-07,240,91,32,89,0.36,11,40,0.275,16,19,0.842,15,23,38,24,12,4,15,15,-32.0,1610612744,GSW,Golden State Warriors,123,44,88,0.5,22,47,0.468,13,19,0.684,15,36,51,27,11,2,15,16,32.0
1610612766,CHA,Charlotte Hornets,0022500359,2025-12-07,241,106,38,85,0.447,14,46,0.304,16,21,0.762,10,37,47,24,7,3,13,22,-9.0,1610612743,DEN,Denver Nuggets,115,43,83,0.518,13,35,0.371,16,22,0.727,5,30,35,29,8,2,10,19,9.0
1610612763,MEM,Memphis Grizzlies,0022500360,2025-12-07,240,119,40,89,0.449,10,35,0.286,29,39,0.744,16,35,51,28,18,4,22,25,23.0,1610612757,POR,Portland Trail Blazers,96,33,83,0.398,15,43,0.349,15,18,0.833,10,30,40,21,8,5,25,27,-23.0
1610612762,UTA,Utah Jazz,0022500363,2025-12-07,239,101,40,85,0.471,12,36,0.333,9,12,0.75,6,31,37,25,6,3,17,17,-30.0,1610612760,OKC,Oklahoma City Thunder,131,51,88,0.58,21,42,0.5,8,18,0.444,8,36,44,32,9,3,13,20,30.0
1610612752,NYK,New York Knicks,0022500357,2025-12-07,241,106,39,91,0.429,11,35,0.314,17,20,0.85,15,37,52,24,8,7,11,21,6.0,1610612753,ORL,Orlando Magic,100,36,94,0.383,12,42,0.286,16,24,0.667,17,31,48,23,7,4,11,16,-6.0
1610612755,PHI,Philadelphia 76ers,0022500362,2025-12-07,240,108,36,102,0.353,13,36,0.361,23,26,0.885,17,37,54,21,5,4,6,17,-4.0,1610612747,LAL,Los Angeles Lakers,112,41,85,0.482,13,36,0.361,17,27,0.63,8,44,52,25,3,8,10,22,4.0
1610612742,DAL,Dallas Mavericks,0022500356,2025-12-06,241,122,49,82,0.598,7,19,0.368,17,20,0.85,7,24,31,22,13,4,12,14,13.0,1610612745,HOU,Houston Rockets,109,44,87,0.506,10,29,0.345,11,13,0.846,16,21,37,22,8,6,18,20,-13.0
1610612764,WAS,Washington Wizards,0022500351,2025-12-06,240,116,41,80,0.513,17,38,0.447,17,19,0.895,4,22,26,29,6,5,20,18,-15.0,1610612737,ATL,Atlanta Hawks,131,52,98,0.531,13,39,0.333,14,14,1.0,15,30,45,36,13,4,12,16,15.0
1610612748,MIA,Miami Heat,0022500354,2025-12-06,241,111,41,85,0.482,9,31,0.29,20,32,0.625,11,30,41,23,5,4,13,17,-16.0,1610612758,SAC,Sacramento Kings,127,49,93,0.527,14,33,0.424,15,21,0.714,8,37,45,24,11,5,10,19,16.0
1610612751,BKN,Brooklyn Nets,0022500350,2025-12-06,241,119,47,89,0.528,14,35,0.4,11,14,0.786,13,32,45,36,6,7,16,17,18.0,1610612740,NOP,New Orleans Pelicans,101,37,82,0.451,9,25,0.36,18,22,0.818,11,25,36,30,9,3,15,15,-18.0
1610612739,CLE,Cleveland Cavaliers,0022500352,2025-12-06,238,94,37,107,0.346,10,42,0.238,10,12,0.833,24,37,61,15,7,4,12,18,-5.0,1610612744,GSW,Golden State Warriors,99,33,86,0.384,13,35,0.371,20,23,0.87,8,38,46,25,8,8,13,19,5.0
1610612750,MIN,Minnesota Timberwolves,0022500355,2025-12-06,241,109,34,68,0.5,11,25,0.44,30,34,0.882,6,29,35,23,6,5,13,22,3.0,1610612746,LAC,LA Clippers,106,40,85,0.471,9,29,0.31,17,25,0.68,10,25,35,16,8,3,10,28,-3.0
1610612765,DET,Detroit Pistons,0022500353,2025-12-06,242,124,43,86,0.5,15,40,0.375,23,31,0.742,16,37,53,31,5,4,15,26,12.0,1610612749,MIL,Milwaukee Bucks,112,37,84,0.44,16,38,0.421,22,32,0.688,11,25,36,24,11,5,12,26,-12.0
1610612753,ORL,Orlando Magic,0022500339,2025-12-05,240,106,38,92,0.413,12,34,0.353,18,24,0.75,7,35,42,24,5,3,10,19,1.0,1610612748,MIA,Miami Heat,105,40,80,0.5,7,19,0.368,18,27,0.667,4,40,44,23,4,8,15,18,-1.0
1610612752,NYK,New York Knicks,0022500343,2025-12-05,240,146,51,91,0.56,21,42,0.5,23,26,0.885,10,36,46,30,9,2,12,22,34.0,1610612762,UTA,Utah Jazz,112,35,87,0.402,15,42,0.357,27,35,0.771,10,27,37,23,8,1,12,18,-34.0
1610612749,MIL,Milwaukee Bucks,0022500348,2025-12-05,241,101,35,76,0.461,11,32,0.344,20,27,0.741,7,30,37,26,8,3,16,21,-15.0,1610612755,PHI,Philadelphia 76ers,116,39,86,0.453,17,43,0.395,21,22,0.955,11,31,42,25,12,1,12,24,15.0
1610612763,MEM,Memphis Grizzlies,0022500347,2025-12-05,240,107,42,78,0.538,10,28,0.357,13,18,0.722,4,38,42,28,9,4,15,18,9.0,1610612746,LAC,LA Clippers,98,35,80,0.438,14,44,0.318,14,17,0.824,5,32,37,22,11,2,16,18,-9.0
1610612761,TOR,Toronto Raptors,0022500344,2025-12-05,241,86,34,92,0.37,9,29,0.31,9,13,0.692,12,29,41,19,12,4,19,25,-25.0,1610612766,CHA,Charlotte Hornets,111,37,74,0.5,13,36,0.361,24,33,0.727,6,41,47,26,14,6,24,20,25.0
1610612745,HOU,Houston Rockets,0022500346,2025-12-05,240,117,45,76,0.592,10,18,0.556,17,19,0.895,6,34,40,25,9,8,21,20,19.0,1610612756,PHX,Phoenix Suns,98,39,100,0.39,5,36,0.139,15,19,0.789,15,19,34,14,12,2,13,22,-19.0
1610612741,CHI,Chicago Bulls,0022500345,2025-12-05,240,105,34,77,0.442,13,35,0.371,24,29,0.828,11,35,46,21,7,2,18,15,-15.0,1610612754,IND,Indiana Pacers,120,45,84,0.536,18,39,0.462,12,16,0.75,6,29,35,24,13,8,13,21,15.0
1610612738,BOS,Boston Celtics,0022500338,2025-12-05,239,126,46,84,0.548,24,45,0.533,10,12,0.833,8,30,38,31,9,5,14,20,21.0,1610612747,LAL,Los Angeles Lakers,105,33,77,0.429,14,35,0.4,25,29,0.862,10,25,35,15,8,2,14,14,-21.0
1610612760,OKC,Oklahoma City Thunder,0022500349,2025-12-05,242,132,47,84,0.56,12,30,0.4,26,28,0.929,7,36,43,30,5,3,6,21,21.0,1610612742,DAL,Dallas Mavericks,111,41,86,0.477,16,37,0.432,13,20,0.65,9,26,35,28,2,3,11,17,-21.0
1610612737,ATL,Atlanta Hawks,0022500340,2025-12-05,241,133,49,95,0.516,20,46,0.435,15,16,0.938,11,34,45,35,8,2,12,25,-1.0,1610612743,DEN,Denver Nuggets,134,47,89,0.528,16,37,0.432,24,30,0.8,9,33,42,28,9,6,12,15,1.0
1610612765,DET,Detroit Pistons,0022500342,2025-12-05,239,122,38,82,0.463,10,24,0.417,36,48,0.75,13,24,37,24,8,7,13,29,6.0,1610612757,POR,Portland Trail Blazers,116,36,85,0.424,12,37,0.324,32,35,0.914,18,30,48,22,6,8,17,35,-6.0
1610612739,CLE,Cleveland Cavaliers,0022500341,2025-12-05,240,130,50,86,0.581,8,26,0.308,22,29,0.759,9,39,48,32,10,4,14,22,13.0,1610612759,SAS,San Antonio Spurs,117,42,93,0.452,15,43,0.349,18,26,0.692,11,27,38,28,9,3,14,22,-13.0
1610612751,BKN,Brooklyn Nets,0022500335,2025-12-04,240,110,35,82,0.427,11,42,0.262,29,38,0.763,14,30,44,22,6,7,17,19,-13.0,1610612762,UTA,Utah Jazz,123,42,83,0.506,14,25,0.56,25,27,0.926,9,30,39,31,7,1,12,23,13.0
1610612761,TOR,Toronto Raptors,0022500336,2025-12-04,240,120,44,89,0.494,15,37,0.405,17,21,0.81,14,27,41,39,9,8,15,20,-3.0,1610612747,LAL,Los Angeles Lakers,123,44,88,0.5,13,31,0.419,22,26,0.846,14,24,38,26,7,7,11,17,3.0
1610612740,NOP,New Orleans Pelicans,0022500337,2025-12-04,241,116,43,95,0.453,7,25,0.28,23,26,0.885,8,35,43,29,11,2,12,22,-9.0,1610612750,MIN,Minnesota Timberwolves,125,42,92,0.457,15,38,0.395,26,29,0.897,12,37,49,30,5,10,19,22,9.0
1610612764,WAS,Washington Wizards,0022500334,2025-12-04,240,101,35,84,0.417,10,31,0.323,21,25,0.84,12,25,37,21,5,4,18,22,-45.0,1610612738,BOS,Boston Celtics,146,54,99,0.545,20,47,0.426,18,21,0.857,15,31,46,35,14,8,9,20,45.0
1610612755,PHI,Philadelphia 76ers,0022500333,2025-12-04,240,99,39,85,0.459,10,37,0.27,11,14,0.786,11,36,47,23,8,7,19,14,1.0,1610612744,GSW,Golden State Warriors,98,37,89,0.416,12,42,0.286,12,16,0.75,11,32,43,27,12,4,13,20,-1.0
1610612737,ATL,Atlanta Hawks,0022500327,2025-12-03,241,92,34,85,0.4,13,39,0.333,11,14,0.786,7,31,38,20,9,1,16,17,-23.0,1610612746,LAC,LA Clippers,115,44,89,0.494,10,32,0.313,17,20,0.85,13,41,54,29,12,1,12,18,23.0
1610612753,ORL,Orlando Magic,0022500326,2025-12-03,241,112,45,99,0.455,9,27,0.333,13,19,0.684,10,38,48,27,11,3,10,19,-2.0,1610612759,SAS,San Antonio Spurs,114,42,91,0.462,13,38,0.342,17,24,0.708,13,39,52,20,5,5,19,20,2.0
1610612754,IND,Indiana Pacers,0022500325,2025-12-03,241,120,42,81,0.519,13,28,0.464,23,29,0.793,8,30,38,24,6,5,12,24,-15.0,1610612743,DEN,Denver Nuggets,135,49,83,0.59,17,28,0.607,20,26,0.769,5,33,38,23,6,5,10,21,15.0
1610612739,CLE,Cleveland Cavaliers,0022500324,2025-12-03,240,110,38,94,0.404,13,52,0.25,21,24,0.875,10,35,45,23,9,11,7,24,-12.0,1610612757,POR,Portland Trail Blazers,122,37,85,0.435,14,34,0.412,34,39,0.872,12,42,54,27,4,4,11,21,12.0
1610612752,NYK,New York Knicks,0022500328,2025-12-03,240,119,42,88,0.477,12,38,0.316,23,27,0.852,13,31,44,28,9,6,9,19,15.0,1610612766,CHA,Charlotte Hornets,104,36,90,0.4,13,42,0.31,19,21,0.905,12,32,44,19,4,7,13,18,-15.0
1610612749,MIL,Milwaukee Bucks,0022500331,2025-12-03,240,113,40,82,0.488,13,44,0.295,20,21,0.952,8,32,40,28,6,6,15,20,4.0,1610612765,DET,Detroit Pistons,109,38,95,0.4,14,43,0.326,19,24,0.792,13,31,44,25,8,5,14,18,-4.0
1610612745,HOU,Houston Rockets,0022500330,2025-12-03,241,121,48,91,0.527,5,16,0.313,20,24,0.833,17,45,62,24,10,8,16,10,26.0,1610612758,SAC,Sacramento Kings,95,40,97,0.412,10,34,0.294,5,10,0.5,12,20,32,21,10,7,12,17,-26.0
1610612741,CHI,Chicago Bulls,0022500329,2025-12-03,239,103,38,90,0.422,7,30,0.233,20,25,0.8,11,31,42,20,14,1,16,15,-10.0,1610612751,BKN,Brooklyn Nets,113,38,78,0.487,19,46,0.413,18,22,0.818,7,35,42,30,12,8,20,19,10.0
1610612742,DAL,Dallas Mavericks,0022500332,2025-12-03,239,118,46,91,0.505,16,32,0.5,10,12,0.833,10,40,50,31,6,7,13,15,10.0,1610612748,MIA,Miami Heat,108,40,101,0.396,11,37,0.297,17,18,0.944,14,27,41,29,11,5,10,13,-10.0
1610612755,PHI,Philadelphia 76ers,0022500318,2025-12-02,241,121,46,102,0.451,17,40,0.425,12,17,0.706,13,38,51,26,12,6,10,21,19.0,1610612764,WAS,Washington Wizards,102,35,88,0.398,9,36,0.25,23,32,0.719,16,37,53,23,5,11,15,15,-19.0
1610612744,GSW,Golden State Warriors,0022500323,2025-12-02,240,112,43,95,0.453,18,42,0.429,8,10,0.8,12,31,43,30,5,2,15,22,-12.0,1610612760,OKC,Oklahoma City Thunder,124,46,79,0.582,15,32,0.469,17,23,0.739,4,37,41,24,8,5,15,13,12.0
1610612738,BOS,Boston Celtics,0022500320,2025-12-02,241,123,49,87,0.563,13,40,0.325,12,14,0.857,11,27,38,18,6,3,10,20,6.0,1610612752,NYK,New York Knicks,117,43,85,0.506,19,44,0.432,12,17,0.706,10,23,33,29,5,2,10,15,-6.0
1610612740,NOP,New Orleans Pelicans,0022500321,2025-12-02,266,142,50,91,0.549,12,21,0.571,30,35,0.857,6,36,42,26,5,1,12,23,-7.0,1610612750,MIN,Minnesota Timberwolves,149,52,104,0.5,20,51,0.392,25,29,0.862,10,31,41,29,7,4,9,25,7.0
1610612759,SAS,San Antonio Spurs,0022500322,2025-12-02,241,126,42,92,0.457,18,39,0.462,24,31,0.774,11,29,40,28,7,7,6,22,7.0,1610612763,MEM,Memphis Grizzlies,119,45,90,0.5,9,26,0.346,20,24,0.833,9,41,50,28,4,6,15,28,-7.0
1610612761,TOR,Toronto Raptors,0022500319,2025-12-02,240,121,48,90,0.533,11,30,0.367,14,21,0.667,10,33,43,33,10,3,18,28,3.0,1610612757,POR,Portland Trail Blazers,118,41,83,0.494,15,40,0.375,21,32,0.656,9,30,39,23,7,7,15,21,-3.0
1610612753,ORL,Orlando Magic,0022500314,2025-12-01,239,125,45,88,0.511,9,33,0.273,26,33,0.788,12,34,46,25,12,11,17,16,5.0,1610612741,CHI,Chicago Bulls,120,44,88,0.5,16,37,0.432,16,22,0.727,10,33,43,30,9,4,20,23,-5.0
1610612762,UTA,Utah Jazz,0022500316,2025-12-01,239,133,45,90,0.5,14,35,0.4,29,38,0.763,14,36,50,33,8,4,13,31,8.0,1610612745,HOU,Houston Rockets,125,41,93,0.441,10,34,0.294,33,41,0.805,16,30,46,27,6,8,13,26,-8.0
1610612747,LAL,Los Angeles Lakers,0022500317,2025-12-01,241,108,41,80,0.513,13,33,0.394,13,15,0.867,5,34,39,18,1,0,21,13,-17.0,1610612756,PHX,Phoenix Suns,125,52,92,0.565,17,39,0.436,4,8,0.5,4,29,33,35,16,1,11,16,17.0
1610612748,MIA,Miami Heat,0022500313,2025-12-01,241,140,53,100,0.53,24,46,0.522,10,12,0.833,11,39,50,34,7,10,11,25,17.0,1610612746,LAC,LA Clippers,123,43,96,0.448,9,29,0.31,28,35,0.8,13,33,46,23,8,3,11,10,-17.0
1610612764,WAS,Washington Wizards,0022500311,2025-12-01,240,129,53,102,0.52,13,36,0.361,10,15,0.667,14,27,41,29,9,4,10,17,3.0,1610612749,MIL,Milwaukee Bucks,126,46,84,0.548,21,38,0.553,13,21,0.619,7,28,35,29,5,4,16,16,-3.0
1610612765,DET,Detroit Pistons,0022500309,2025-12-01,240,99,38,86,0.442,5,26,0.192,18,24,0.75,18,42,60,18,11,9,22,12,1.0,1610612737,ATL,Atlanta Hawks,98,38,89,0.427,14,40,0.35,8,11,0.727,7,27,34,27,15,4,13,16,-1.0
1610612754,IND,Indiana Pacers,0022500310,2025-12-01,242,119,41,85,0.482,10,30,0.333,27,37,0.73,14,22,36,19,5,6,14,22,-16.0,1610612739,CLE,Cleveland Cavaliers,135,50,98,0.51,14,40,0.35,21,29,0.724,19,29,48,27,7,8,8,28,16.0
1610612743,DEN,Denver Nuggets,0022500315,2025-12-01,241,121,47,99,0.475,12,37,0.324,15,18,0.833,12,35,47,37,5,5,7,11,-10.0,1610612742,DAL,Dallas Mavericks,131,53,95,0.558,16,31,0.516,9,14,0.643,7,36,43,35,4,4,8,19,10.0
1610612751,BKN,Brooklyn Nets,0022500312,2025-12-01,240,116,43,96,0.448,17,43,0.395,13,17,0.765,13,30,43,33,10,3,11,23,13.0,1610612766,CHA,Charlotte Hornets,103,38,85,0.447,12,32,0.375,15,18,0.833,7,35,42,26,5,7,16,15,-13.0
1610612758,SAC,Sacramento Kings,0022500307,2025-11-30,241,107,43,94,0.457,8,27,0.296,13,22,0.591,10,24,34,25,14,7,8,22,-8.0,1610612763,MEM,Memphis Grizzlies,115,45,86,0.523,9,24,0.375,16,22,0.727,13,39,52,28,4,7,23,22,8.0
1610612747,LAL,Los Angeles Lakers,0022500308,2025-11-30,241,133,42,87,0.483,15,41,0.366,34,39,0.872,11,35,46,26,4,10,8,14,12.0,1610612740,NOP,New Orleans Pelicans,121,46,91,0.505,13,26,0.5,16,20,0.8,8,32,40,23,6,1,8,27,-12.0
1610612762,UTA,Utah Jazz,0022500301,2025-11-30,239,101,39,88,0.443,9,32,0.281,14,15,0.933,9,24,33,32,8,4,17,23,-28.0,1610612745,HOU,Houston Rockets,129,46,87,0.529,11,31,0.355,26,33,0.788,15,35,50,30,14,7,14,18,28.0
1610612755,PHI,Philadelphia 76ers,0022500304,2025-11-30,290,134,46,105,0.438,10,44,0.227,32,38,0.842,11,35,46,26,14,6,18,28,-8.0,1610612737,ATL,Atlanta Hawks,142,48,104,0.462,15,45,0.333,31,41,0.756,14,44,58,36,10,6,21,27,8.0
1610612750,MIN,Minnesota Timberwolves,0022500306,2025-11-30,239,125,49,87,0.563,17,37,0.459,10,13,0.769,10,26,36,35,5,0,12,16,13.0,1610612759,SAS,San Antonio Spurs,112,44,84,0.524,8,33,0.242,16,19,0.842,7,26,33,17,10,1,10,15,-13.0
1610612757,POR,Portland Trail Blazers,0022500305,2025-11-30,238,115,35,89,0.393,16,49,0.327,29,37,0.784,13,36,49,22,8,5,14,22,-8.0,1610612760,OKC,Oklahoma City Thunder,123,44,90,0.489,10,29,0.345,25,32,0.781,8,41,49,27,7,9,12,29,8.0
1610612739,CLE,Cleveland Cavaliers,0022500302,2025-11-30,240,115,43,94,0.457,20,52,0.385,9,13,0.692,16,27,43,28,7,2,13,22,-2.0,1610612738,BOS,Boston Celtics,117,40,81,0.494,14,40,0.35,23,29,0.793,15,31,46,19,9,4,16,17,2.0
1610612752,NYK,New York Knicks,0022500303,2025-11-30,240,116,44,96,0.458,16,45,0.356,12,16,0.75,25,36,61,27,9,3,18,15,22.0,1610612761,TOR,Toronto Raptors,94,37,88,0.42,11,37,0.297,9,17,0.529,14,26,40,27,9,6,18,15,-22.0
1610612744,GSW,Golden State Warriors,0022500298,2025-11-29,241,104,38,93,0.409,12,47,0.255,16,20,0.8,14,33,47,28,5,3,9,23,8.0,1610612740,NOP,New Orleans Pelicans,96,32,86,0.372,7,30,0.233,25,34,0.735,16,34,50,16,7,2,13,21,-8.0
1610612756,PHX,Phoenix Suns,0022500299,2025-11-29,241,112,39,88,0.443,14,42,0.333,20,26,0.769,11,21,32,23,11,2,7,23,-18.0,1610612743,DEN,Denver Nuggets,130,44,76,0.579,22,38,0.579,20,21,0.952,10,30,40,36,2,5,16,20,18.0
1610612749,MIL,Milwaukee Bucks,0022500297,2025-11-29,240,116,44,84,0.524,16,39,0.41,12,17,0.706,12,31,43,31,13,2,12,16,17.0,1610612751,BKN,Brooklyn Nets,99,36,77,0.468,16,42,0.381,11,17,0.647,6,25,31,23,4,4,18,16,-17.0
1610612750,MIN,Minnesota Timberwolves,0022500293,2025-11-29,239,119,41,83,0.494,21,48,0.438,16,20,0.8,5,32,37,31,3,4,14,16,4.0,1610612738,BOS,Boston Celtics,115,45,96,0.469,16,46,0.348,9,15,0.6,14,29,43,24,10,7,10,21,-4.0
1610612766,CHA,Charlotte Hornets,0022500294,2025-11-29,264,118,41,93,0.441,10,39,0.256,26,29,0.897,12,27,39,24,10,5,9,19,7.0,1610612761,TOR,Toronto Raptors,111,44,99,0.444,9,29,0.31,14,17,0.824,17,35,52,34,6,3,15,26,-7.0
1610612746,LAC,LA Clippers,0022500300,2025-11-29,240,110,37,80,0.463,7,25,0.28,29,31,0.935,5,41,46,25,5,6,18,21,-4.0,1610612742,DAL,Dallas Mavericks,114,40,90,0.444,11,39,0.282,23,28,0.821,4,33,37,22,15,2,8,19,4.0
1610612754,IND,Indiana Pacers,0022500295,2025-11-29,240,103,41,89,0.461,13,41,0.317,8,11,0.727,7,37,44,24,8,10,12,15,2.0,1610612741,CHI,Chicago Bulls,101,39,87,0.448,14,34,0.412,9,16,0.563,8,37,45,24,5,3,13,14,-2.0
1610612748,MIA,Miami Heat,0022500296,2025-11-29,240,135,44,88,0.5,14,29,0.483,33,39,0.846,11,27,38,27,12,3,17,20,-3.0,1610612765,DET,Detroit Pistons,138,55,93,0.591,11,26,0.423,17,23,0.739,11,32,43,29,11,3,21,27,3.0
1610612762,UTA,Utah Jazz,0022500077,2025-11-28,241,128,42,87,0.483,13,40,0.325,31,40,0.775,13,36,49,32,7,5,12,22,9.0,1610612758,SAC,Sacramento Kings,119,43,96,0.448,10,29,0.345,23,32,0.719,12,32,44,27,9,5,9,22,-9.0
1610612746,LAC,LA Clippers,0022500079,2025-11-28,239,107,38,89,0.427,12,38,0.316,19,21,0.905,8,31,39,19,13,5,13,21,-5.0,1610612763,MEM,Memphis Grizzlies,112,39,88,0.443,17,40,0.425,17,22,0.773,15,38,53,24,5,6,15,19,5.0
1610612743,DEN,Denver Nuggets,0022500076,2025-11-28,241,136,48,91,0.527,16,39,0.41,24,30,0.8,14,30,44,27,5,5,16,22,-3.0,1610612759,SAS,San Antonio Spurs,139,46,94,0.489,17,42,0.405,30,32,0.938,12,23,35,30,10,5,8,27,3.0
1610612766,CHA,Charlotte Hornets,0022500071,2025-11-28,241,123,44,97,0.454,15,45,0.333,20,24,0.833,10,36,46,28,6,10,12,19,7.0,1610612741,CHI,Chicago Bulls,116,46,97,0.474,8,36,0.222,16,20,0.8,10,34,44,31,8,1,10,18,-7.0
1610612752,NYK,New York Knicks,0022500074,2025-11-28,240,118,38,84,0.452,14,34,0.412,28,33,0.848,14,30,44,25,10,2,12,21,9.0,1610612749,MIL,Milwaukee Bucks,109,37,71,0.521,18,41,0.439,17,25,0.68,5,30,35,24,9,4,15,26,-9.0
1610612760,OKC,Oklahoma City Thunder,0022500075,2025-11-28,240,123,42,87,0.483,15,32,0.469,24,28,0.857,3,34,37,27,9,3,10,22,4.0,1610612756,PHX,Phoenix Suns,119,42,92,0.457,15,44,0.341,20,24,0.833,13,38,51,20,7,4,18,24,-4.0
1610612737,ATL,Atlanta Hawks,0022500069,2025-11-28,242,130,48,91,0.527,16,43,0.372,18,26,0.692,6,32,38,36,11,5,12,14,7.0,1610612739,CLE,Cleveland Cavaliers,123,44,95,0.463,17,39,0.436,18,20,0.9,14,34,48,29,9,4,17,17,-7.0
1610612765,DET,Detroit Pistons,0022500072,2025-11-28,240,109,37,84,0.44,11,28,0.393,24,31,0.774,14,35,49,22,7,8,24,27,-3.0,1610612753,ORL,Orlando Magic,112,40,97,0.412,5,30,0.167,27,32,0.844,14,30,44,14,15,7,13,25,3.0
1610612747,LAL,Los Angeles Lakers,0022500078,2025-11-28,240,129,45,76,0.592,18,35,0.514,21,26,0.808,6,28,34,27,4,4,14,20,10.0,1610612742,DAL,Dallas Mavericks,119,44,91,0.484,14,32,0.438,17,20,0.85,14,25,39,28,8,4,11,23,-10.0
1610612754,IND,Indiana Pacers,0022500073,2025-11-28,239,119,48,92,0.522,13,34,0.382,10,13,0.769,10,40,50,27,9,8,11,16,33.0,1610612764,WAS,Washington Wizards,86,33,84,0.393,7,32,0.219,13,20,0.65,11,31,42,18,6,7,17,17,-33.0
1610612751,BKN,Brooklyn Nets,0022500070,2025-11-28,240,103,34,85,0.4,13,43,0.302,22,26,0.846,14,27,41,21,5,5,18,16,-12.0,1610612755,PHI,Philadelphia 76ers,115,43,88,0.489,11,37,0.297,18,20,0.9,9,32,41,28,12,7,11,20,12.0
1610612738,BOS,Boston Celtics,0022500060,2025-11-26,239,117,38,87,0.437,20,43,0.465,21,24,0.875,12,32,44,24,9,7,12,27,3.0,1610612765,DET,Detroit Pistons,114,37,93,0.398,11,36,0.306,29,36,0.806,21,35,56,20,5,7,13,18,-3.0
1610612740,NOP,New Orleans Pelicans,0022500065,2025-11-26,264,128,50,101,0.495,19,45,0.422,9,10,0.9,10,30,40,34,10,9,14,18,-5.0,1610612763,MEM,Memphis Grizzlies,133,52,97,0.536,17,37,0.459,12,14,0.857,11,38,49,38,9,8,16,18,5.0
1610612761,TOR,Toronto Raptors,0022500063,2025-11-26,240,97,35,90,0.389,5,26,0.192,22,27,0.815,12,36,48,18,9,4,13,19,2.0,1610612754,IND,Indiana Pacers,95,35,78,0.449,11,33,0.333,14,23,0.609,3,40,43,20,7,7,18,22,-2.0
1610612766,CHA,Charlotte Hornets,0022500061,2025-11-26,241,101,35,85,0.412,13,43,0.302,18,24,0.75,9,26,35,15,5,3,17,16,-28.0,1610612752,NYK,New York Knicks,129,50,88,0.568,13,25,0.52,16,18,0.889,8,33,41,26,12,4,14,22,28.0
1610612744,GSW,Golden State Warriors,0022500066,2025-11-26,240,100,35,82,0.427,12,43,0.279,18,21,0.857,13,34,47,25,8,5,16,26,-4.0,1610612745,HOU,Houston Rockets,104,39,99,0.394,11,39,0.282,15,24,0.625,25,28,53,24,7,3,10,20,4.0
1610612758,SAC,Sacramento Kings,0022500068,2025-11-26,241,100,40,86,0.465,12,34,0.353,8,10,0.8,9,32,41,20,9,6,19,17,-12.0,1610612756,PHX,Phoenix Suns,112,42,91,0.462,14,42,0.333,14,20,0.7,17,30,47,25,14,5,14,14,12.0
1610612748,MIA,Miami Heat,0022500062,2025-11-26,240,106,39,85,0.459,10,36,0.278,18,20,0.9,9,38,47,32,9,7,14,10,3.0,1610612749,MIL,Milwaukee Bucks,103,40,95,0.421,14,42,0.333,9,14,0.643,11,36,47,31,7,1,13,15,-3.0
1610612757,POR,Portland Trail Blazers,0022500067,2025-11-26,240,102,37,87,0.425,9,36,0.25,19,30,0.633,12,36,48,21,3,9,18,22,-13.0,1610612759,SAS,San Antonio Spurs,115,41,101,0.406,11,33,0.333,22,25,0.88,20,37,57,17,12,6,9,22,13.0
1610612760,OKC,Oklahoma City Thunder,0022500064,2025-11-26,241,113,38,80,0.475,7,26,0.269,30,38,0.789,5,34,39,19,8,3,7,25,8.0,1610612750,MIN,Minnesota Timberwolves,105,33,80,0.413,17,37,0.459,22,37,0.595,12,32,44,25,4,5,14,25,-8.0
1610612755,PHI,Philadelphia 76ers,0022500058,2025-11-25,239,103,37,82,0.451,9,25,0.36,20,22,0.909,8,30,38,22,7,4,21,20,-41.0,1610612753,ORL,Orlando Magic,144,54,101,0.535,13,34,0.382,23,28,0.821,15,32,47,38,10,4,11,20,41.0
1610612747,LAL,Los Angeles Lakers,0022500059,2025-11-25,239,135,50,87,0.575,13,29,0.448,22,26,0.846,12,26,38,29,9,4,11,22,17.0,1610612746,LAC,LA Clippers,118,42,81,0.519,13,35,0.371,21,24,0.875,7,22,29,24,7,2,14,22,-17.0
1610612764,WAS,Washington Wizards,0022500057,2025-11-25,240,132,48,84,0.571,19,38,0.5,17,26,0.654,6,30,36,30,13,8,12,19,19.0,1610612737,ATL,Atlanta Hawks,113,43,95,0.453,15,43,0.349,12,16,0.75,14,30,44,33,4,6,18,19,-19.0
1610612749,MIL,Milwaukee Bucks,0022500288,2025-11-24,238,103,38,86,0.442,13,37,0.351,14,18,0.778,8,31,39,22,10,5,13,26,-12.0,1610612757,POR,Portland Trail Blazers,115,36,79,0.456,18,43,0.419,25,33,0.758,12,36,48,24,8,8,14,16,12.0
1610612740,NOP,New Orleans Pelicans,0022500289,2025-11-24,240,143,53,104,0.51,13,35,0.371,24,35,0.686,19,36,55,28,13,5,10,21,13.0,1610612741,CHI,Chicago Bulls,130,43,82,0.524,20,50,0.4,24,32,0.75,4,29,33,29,4,3,17,21,-13.0
1610612748,MIA,Miami Heat,0022500286,2025-11-24,240,106,42,94,0.447,5,27,0.185,17,24,0.708,14,39,53,22,8,7,13,16,4.0,1610612742,DAL,Dallas Mavericks,102,38,97,0.392,12,40,0.3,14,16,0.875,15,35,50,22,8,5,16,19,-4.0
1610612756,PHX,Phoenix Suns,0022500290,2025-11-24,241,92,33,80,0.413,13,37,0.351,13,19,0.684,13,26,39,11,9,4,21,20,-22.0,1610612745,HOU,Houston Rockets,114,43,88,0.489,13,31,0.419,15,17,0.882,12,29,41,26,13,4,14,20,22.0
1610612744,GSW,Golden State Warriors,0022500291,2025-11-24,241,134,51,104,0.49,19,52,0.365,13,18,0.722,16,34,50,34,11,5,10,14,17.0,1610612762,UTA,Utah Jazz,117,47,99,0.475,11,36,0.306,12,18,0.667,14,33,47,32,7,6,14,14,-17.0
1610612754,IND,Indiana Pacers,0022500283,2025-11-24,239,117,39,82,0.476,13,31,0.419,26,34,0.765,5,25,30,22,11,4,13,27,-5.0,1610612765,DET,Detroit Pistons,122,42,84,0.5,9,25,0.36,29,37,0.784,14,31,45,24,8,4,15,27,5.0
1610612751,BKN,Brooklyn Nets,0022500285,2025-11-24,241,100,33,87,0.379,14,48,0.292,20,28,0.714,13,31,44,19,5,1,10,14,-13.0,1610612752,NYK,New York Knicks,113,45,88,0.511,12,35,0.343,11,14,0.786,9,34,43,28,6,6,8,21,13.0
1610612758,SAC,Sacramento Kings,0022500292,2025-11-24,265,117,42,97,0.433,7,26,0.269,26,28,0.929,11,38,49,27,9,3,12,21,5.0,1610612750,MIN,Minnesota Timberwolves,112,40,97,0.412,13,42,0.31,19,22,0.864,15,40,55,21,9,4,16,28,-5.0
1610612763,MEM,Memphis Grizzlies,0022500287,2025-11-24,241,115,43,93,0.462,16,47,0.34,13,15,0.867,11,29,40,33,6,4,11,16,-10.0,1610612743,DEN,Denver Nuggets,125,46,91,0.505,22,43,0.512,11,14,0.786,14,32,46,32,5,3,14,15,10.0
1610612761,TOR,Toronto Raptors,0022500284,2025-11-24,239,110,44,90,0.489,10,36,0.278,12,18,0.667,10,41,51,28,8,1,15,14,11.0,1610612739,CLE,Cleveland Cavaliers,99,36,87,0.414,14,48,0.292,13,13,1.0,4,33,37,27,11,4,12,13,-11.0
1610612755,PHI,Philadelphia 76ers,0022500275,2025-11-23,239,117,44,98,0.449,14,41,0.341,15,19,0.789,15,32,47,28,7,9,14,21,-10.0,1610612748,MIA,Miami Heat,127,48,98,0.49,11,32,0.344,20,30,0.667,18,40,58,32,7,2,13,17,10.0
1610612737,ATL,Atlanta Hawks,0022500276,2025-11-23,242,113,45,91,0.495,11,31,0.355,12,16,0.75,10,27,37,32,6,5,7,21,3.0,1610612766,CHA,Charlotte Hornets,110,39,86,0.453,14,44,0.318,18,20,0.9,9,34,43,26,4,2,15,15,-3.0
1610612738,BOS,Boston Celtics,0022500277,2025-11-23,239,138,53,88,0.602,15,33,0.455,17,22,0.773,7,30,37,29,6,8,5,21,9.0,1610612753,ORL,Orlando Magic,129,47,100,0.47,16,38,0.421,19,24,0.792,18,26,44,33,3,4,7,17,-9.0
1610612739,CLE,Cleveland Cavaliers,0022500278,2025-11-23,241,120,45,87,0.517,17,45,0.378,13,20,0.65,8,33,41,28,10,4,12,22,15.0,1610612746,LAC,LA Clippers,105,37,80,0.463,8,26,0.308,23,26,0.885,12,28,40,23,6,2,15,17,-15.0
1610612761,TOR,Toronto Raptors,0022500279,2025-11-23,241,119,39,84,0.464,15,30,0.5,26,29,0.897,6,26,32,30,12,4,9,22,10.0,1610612751,BKN,Brooklyn Nets,109,35,75,0.467,12,34,0.353,27,31,0.871,10,30,40,23,5,7,19,20,-10.0
1610612756,PHX,Phoenix Suns,0022500281,2025-11-23,241,111,43,97,0.443,14,38,0.368,11,16,0.688,11,32,43,27,10,6,6,23,9.0,1610612759,SAS,San Antonio Spurs,102,32,77,0.416,10,34,0.294,28,34,0.824,14,36,50,17,4,4,19,17,-9.0
1610612762,UTA,Utah Jazz,0022500282,2025-11-23,241,106,40,94,0.426,13,40,0.325,13,18,0.722,10,35,45,27,7,2,14,21,-2.0,1610612747,LAL,Los Angeles Lakers,108,38,86,0.442,10,38,0.263,22,27,0.815,5,40,45,23,7,4,14,18,2.0
1610612760,OKC,Oklahoma City Thunder,0022500280,2025-11-23,241,122,45,85,0.529,15,36,0.417,17,23,0.739,12,37,49,33,9,8,14,23,27.0,1610612757,POR,Portland Trail Blazers,95,34,92,0.37,12,47,0.255,15,21,0.714,16,29,45,18,8,4,16,19,-27.0
1610612766,CHA,Charlotte Hornets,0022500268,2025-11-22,240,116,41,85,0.482,11,36,0.306,23,26,0.885,11,27,38,24,5,2,10,20,-15.0,1610612746,LAC,LA Clippers,131,46,90,0.511,19,43,0.442,20,24,0.833,11,30,41,30,8,2,8,19,15.0
1610612742,DAL,Dallas Mavericks,0022500273,2025-11-22,240,96,35,91,0.385,12,36,0.333,14,16,0.875,11,30,41,19,4,9,10,21,-6.0,1610612763,MEM,Memphis Grizzlies,102,37,92,0.402,8,31,0.258,20,24,0.833,23,38,61,26,5,5,12,18,6.0
1610612749,MIL,Milwaukee Bucks,0022500272,2025-11-22,239,116,43,84,0.512,20,43,0.465,10,12,0.833,6,29,35,29,8,7,15,19,-13.0,1610612765,DET,Detroit Pistons,129,49,78,0.628,16,30,0.533,15,24,0.625,1,31,32,31,10,6,14,17,13.0
1610612753,ORL,Orlando Magic,0022500269,2025-11-22,240,133,47,85,0.553,13,33,0.394,26,30,0.867,11,25,36,28,5,2,13,26,12.0,1610612752,NYK,New York Knicks,121,43,79,0.544,13,37,0.351,22,28,0.786,9,27,36,28,5,4,17,28,-12.0
1610612741,CHI,Chicago Bulls,0022500271,2025-11-22,239,121,42,100,0.42,12,44,0.273,25,30,0.833,17,37,54,26,5,5,10,15,1.0,1610612764,WAS,Washington Wizards,120,44,96,0.458,16,36,0.444,16,20,0.8,15,40,55,33,9,4,15,23,-1.0
1610612743,DEN,Denver Nuggets,0022500274,2025-11-22,241,123,45,92,0.489,14,37,0.378,19,23,0.826,11,27,38,28,1,3,13,21,-5.0,1610612758,SAC,Sacramento Kings,128,48,91,0.527,10,30,0.333,22,23,0.957,9,28,37,32,8,3,6,20,5.0
1610612740,NOP,New Orleans Pelicans,0022500270,2025-11-22,240,98,35,84,0.417,8,27,0.296,20,24,0.833,13,35,48,21,5,6,14,17,-17.0,1610612737,ATL,Atlanta Hawks,115,42,90,0.467,17,46,0.37,14,19,0.737,10,32,42,28,6,7,7,20,17.0
1610612744,GSW,Golden State Warriors,0022500056,2025-11-21,240,123,40,83,0.482,17,43,0.395,26,30,0.867,9,23,32,29,14,4,13,25,-4.0,1610612757,POR,Portland Trail Blazers,127,42,88,0.477,16,45,0.356,27,32,0.844,21,31,52,31,8,5,20,25,4.0
1610612761,TOR,Toronto Raptors,0022500050,2025-11-21,240,140,48,83,0.578,14,28,0.5,30,39,0.769,13,35,48,36,13,4,14,20,30.0,1610612764,WAS,Washington Wizards,110,39,86,0.453,12,41,0.293,20,24,0.833,7,22,29,26,9,4,17,22,-30.0
1610612762,UTA,Utah Jazz,0022500055,2025-11-21,240,112,38,79,0.481,16,38,0.421,20,24,0.833,12,27,39,30,10,3,27,25,-32.0,1610612760,OKC,Oklahoma City Thunder,144,51,83,0.614,23,37,0.622,19,25,0.76,3,23,26,36,15,4,13,16,32.0
1610612742,DAL,Dallas Mavericks,0022500052,2025-11-21,239,118,40,84,0.476,16,43,0.372,22,28,0.786,11,36,47,30,9,9,20,19,3.0,1610612740,NOP,New Orleans Pelicans,115,42,91,0.462,7,27,0.259,24,31,0.774,9,33,42,25,15,4,13,20,-3.0
1610612739,CLE,Cleveland Cavaliers,0022500048,2025-11-21,240,120,43,89,0.483,13,35,0.371,21,27,0.778,14,38,52,28,5,8,14,22,11.0,1610612754,IND,Indiana Pacers,109,37,88,0.42,11,37,0.297,24,26,0.923,10,33,43,25,10,6,12,22,-11.0
1610612738,BOS,Boston Celtics,0022500049,2025-11-21,240,105,42,90,0.467,11,34,0.324,10,14,0.714,14,30,44,24,7,1,13,25,-8.0,1610612751,BKN,Brooklyn Nets,113,43,82,0.524,13,33,0.394,14,21,0.667,7,34,41,31,5,6,13,17,8.0
1610612756,PHX,Phoenix Suns,0022500053,2025-11-21,240,114,39,81,0.481,14,31,0.452,22,29,0.759,15,30,45,25,13,2,27,29,1.0,1610612750,MIN,Minnesota Timberwolves,113,39,86,0.453,12,37,0.324,23,33,0.697,14,23,37,18,17,4,19,23,-1.0
1610612745,HOU,Houston Rockets,0022500054,2025-11-21,239,109,41,93,0.441,14,36,0.389,13,20,0.65,18,23,41,21,8,2,14,22,-3.0,1610612743,DEN,Denver Nuggets,112,40,76,0.526,11,29,0.379,21,27,0.778,11,27,38,28,8,7,14,20,3.0
1610612741,CHI,Chicago Bulls,0022500051,2025-11-21,240,107,37,90,0.411,12,43,0.279,21,28,0.75,8,31,39,26,5,13,18,27,-36.0,1610612748,MIA,Miami Heat,143,47,100,0.47,14,38,0.368,35,44,0.795,15,38,53,35,13,7,10,22,36.0
1610612763,MEM,Memphis Grizzlies,0022500265,2025-11-20,240,137,50,99,0.505,17,54,0.315,20,26,0.769,11,38,49,42,11,3,7,11,41.0,1610612758,SAC,Sacramento Kings,96,37,80,0.463,11,33,0.333,11,15,0.733,4,28,32,24,5,5,16,22,-41.0
1610612749,MIL,Milwaukee Bucks,0022500266,2025-11-20,265,114,45,92,0.489,14,36,0.389,10,13,0.769,3,39,42,30,7,2,14,19,-9.0,1610612755,PHI,Philadelphia 76ers,123,42,97,0.433,18,53,0.34,21,26,0.808,11,41,52,30,9,6,14,15,9.0
1610612753,ORL,Orlando Magic,0022500264,2025-11-20,240,129,45,94,0.479,18,34,0.529,21,24,0.875,12,39,51,32,12,4,10,17,28.0,1610612746,LAC,LA Clippers,101,36,89,0.404,14,36,0.389,15,19,0.789,10,33,43,20,7,6,21,20,-28.0
1610612759,SAS,San Antonio Spurs,0022500267,2025-11-20,240,135,48,91,0.527,17,40,0.425,22,30,0.733,10,33,43,34,10,4,10,15,9.0,1610612737,ATL,Atlanta Hawks,126,49,87,0.563,20,37,0.541,8,13,0.615,6,33,39,30,7,6,16,24,-9.0
1610612748,MIA,Miami Heat,0022500257,2025-11-19,239,110,39,96,0.406,13,35,0.371,19,26,0.731,14,38,52,30,10,3,14,17,14.0,1610612744,GSW,Golden State Warriors,96,34,95,0.358,13,49,0.265,15,20,0.75,20,42,62,24,8,5,21,20,-14.0
1610612739,CLE,Cleveland Cavaliers,0022500255,2025-11-19,241,104,36,81,0.444,12,39,0.308,20,32,0.625,10,29,39,20,4,5,12,18,-10.0,1610612745,HOU,Houston Rockets,114,41,90,0.456,9,24,0.375,23,27,0.852,16,35,51,23,9,4,13,23,10.0
1610612742,DAL,Dallas Mavericks,0022500262,2025-11-19,240,111,35,85,0.412,16,44,0.364,25,30,0.833,10,40,50,23,6,5,17,26,-2.0,1610612752,NYK,New York Knicks,113,41,93,0.441,12,42,0.286,19,35,0.543,16,33,49,27,8,10,9,22,2.0
1610612755,PHI,Philadelphia 76ers,0022500258,2025-11-19,240,112,41,87,0.471,14,35,0.4,16,18,0.889,16,25,41,24,11,6,21,20,-9.0,1610612761,TOR,Toronto Raptors,121,45,84,0.536,11,29,0.379,20,24,0.833,8,23,31,33,12,2,14,19,9.0
1610612760,OKC,Oklahoma City Thunder,0022500261,2025-11-19,242,113,41,88,0.466,10,38,0.263,21,23,0.913,9,36,45,22,9,10,16,21,14.0,1610612758,SAC,Sacramento Kings,99,38,86,0.442,8,28,0.286,15,23,0.652,12,33,45,21,12,0,18,22,-14.0
1610612757,POR,Portland Trail Blazers,0022500263,2025-11-19,241,121,44,107,0.411,12,42,0.286,21,32,0.656,26,38,64,27,10,5,15,16,-1.0,1610612741,CHI,Chicago Bulls,122,46,96,0.479,21,49,0.429,9,14,0.643,7,31,38,36,10,9,16,26,1.0
1610612754,IND,Indiana Pacers,0022500256,2025-11-19,240,127,46,85,0.541,16,38,0.421,19,23,0.826,10,33,43,32,5,8,15,22,9.0,1610612766,CHA,Charlotte Hornets,118,43,107,0.402,13,45,0.289,19,22,0.864,22,26,48,28,7,2,12,18,-9.0
1610612750,MIN,Minnesota Timberwolves,0022500259,2025-11-19,240,120,42,94,0.447,13,38,0.342,23,32,0.719,19,31,50,28,11,4,9,15,11.0,1610612764,WAS,Washington Wizards,109,43,88,0.489,14,32,0.438,9,12,0.75,12,31,43,25,6,6,17,26,-11.0
1610612740,NOP,New Orleans Pelicans,0022500260,2025-11-19,239,118,44,98,0.449,7,34,0.206,23,31,0.742,17,27,44,25,12,5,12,24,-7.0,1610612743,DEN,Denver Nuggets,125,46,83,0.554,11,31,0.355,22,27,0.815,9,32,41,35,8,1,20,26,7.0
1610612751,BKN,Brooklyn Nets,0022500250,2025-11-18,240,99,33,82,0.402,14,38,0.368,19,27,0.704,12,27,39,25,12,2,13,22,-14.0,1610612738,BOS,Boston Celtics,113,37,75,0.493,19,42,0.452,20,26,0.769,10,39,49,25,6,5,19,24,14.0
1610612753,ORL,Orlando Magic,0022500249,2025-11-18,240,121,43,85,0.506,8,32,0.25,27,29,0.931,10,33,43,28,14,3,14,20,8.0,1610612744,GSW,Golden State Warriors,113,39,78,0.5,13,36,0.361,22,28,0.786,6,30,36,26,11,3,18,18,-8.0
1610612757,POR,Portland Trail Blazers,0022500254,2025-11-18,238,110,42,97,0.433,10,41,0.244,16,20,0.8,15,28,43,24,7,6,19,12,-17.0,1610612756,PHX,Phoenix Suns,127,47,98,0.48,14,40,0.35,19,22,0.864,18,28,46,24,19,4,15,27,17.0
1610612737,ATL,Atlanta Hawks,0022500251,2025-11-18,240,112,42,87,0.483,15,44,0.341,13,15,0.867,11,24,35,31,9,5,17,24,-8.0,1610612765,DET,Detroit Pistons,120,45,83,0.542,10,31,0.323,20,24,0.833,7,32,39,28,12,4,12,16,8.0
1610612759,SAS,San Antonio Spurs,0022500252,2025-11-18,240,111,42,87,0.483,16,42,0.381,11,13,0.846,4,34,38,23,10,3,9,16,10.0,1610612763,MEM,Memphis Grizzlies,101,42,104,0.404,12,39,0.308,5,9,0.556,21,38,59,30,6,4,14,15,-10.0
1610612747,LAL,Los Angeles Lakers,0022500253,2025-11-18,242,140,50,84,0.595,11,32,0.344,29,40,0.725,11,30,41,31,9,1,17,21,14.0,1610612762,UTA,Utah Jazz,126,48,92,0.522,13,45,0.289,17,18,0.944,8,25,33,33,13,2,18,30,-14.0
1610612739,CLE,Cleveland Cavaliers,0022500241,2025-11-17,241,118,44,79,0.557,15,35,0.429,15,21,0.714,4,41,45,25,7,5,16,17,12.0,1610612749,MIL,Milwaukee Bucks,106,39,93,0.419,17,36,0.472,11,15,0.733,7,27,34,26,9,1,14,17,-12.0
1610612740,NOP,New Orleans Pelicans,0022500247,2025-11-17,239,109,42,86,0.488,12,28,0.429,13,15,0.867,12,23,35,21,9,4,20,26,-17.0,1610612760,OKC,Oklahoma City Thunder,126,43,87,0.494,17,42,0.405,23,28,0.821,13,25,38,30,12,6,16,20,17.0
1610612743,DEN,Denver Nuggets,0022500248,2025-11-17,240,127,46,97,0.474,14,36,0.389,21,25,0.84,13,40,53,21,6,5,8,14,-3.0,1610612741,CHI,Chicago Bulls,130,48,102,0.471,19,53,0.358,15,19,0.789,13,40,53,31,5,4,9,18,3.0
1610612748,MIA,Miami Heat,0022500244,2025-11-17,241,115,45,101,0.446,14,35,0.4,11,13,0.846,7,33,40,29,5,5,12,21,2.0,1610612752,NYK,New York Knicks,113,43,94,0.457,9,36,0.25,18,24,0.75,11,37,48,23,7,7,15,18,-2.0
1610612750,MIN,Minnesota Timberwolves,0022500246,2025-11-17,241,120,44,97,0.454,14,44,0.318,18,25,0.72,14,45,59,27,16,5,16,24,24.0,1610612742,DAL,Dallas Mavericks,96,34,85,0.4,9,30,0.3,19,31,0.613,10,33,43,13,7,4,20,22,-24.0
1610612765,DET,Detroit Pistons,0022500242,2025-11-17,238,127,48,88,0.545,9,35,0.257,22,30,0.733,14,29,43,29,9,8,16,28,15.0,1610612754,IND,Indiana Pacers,112,35,84,0.417,9,31,0.29,33,45,0.733,20,23,43,19,8,5,21,26,-15.0
1610612761,TOR,Toronto Raptors,0022500245,2025-11-17,239,110,44,88,0.5,10,25,0.4,12,16,0.75,8,35,43,25,8,7,17,21,2.0,1610612766,CHA,Charlotte Hornets,108,37,87,0.425,10,40,0.25,24,30,0.8,14,34,48,19,11,9,16,14,-2.0
1610612755,PHI,Philadelphia 76ers,0022500243,2025-11-17,240,110,39,84,0.464,11,33,0.333,21,30,0.7,9,37,46,26,7,4,9,20,2.0,1610612746,LAC,LA Clippers,108,35,87,0.402,12,39,0.308,26,27,0.963,8,37,45,18,6,3,10,26,-2.0
1610612759,SAS,San Antonio Spurs,0022500234,2025-11-16,241,123,47,87,0.54,14,38,0.368,15,18,0.833,9,37,46,38,7,4,14,17,13.0,1610612758,SAC,Sacramento Kings,110,41,87,0.471,12,33,0.364,16,22,0.727,5,32,37,25,10,3,12,17,-13.0
1610612756,PHX,Phoenix Suns,0022500239,2025-11-16,241,122,47,97,0.485,10,30,0.333,18,19,0.947,16,31,47,23,9,3,17,24,-2.0,1610612737,ATL,Atlanta Hawks,124,45,85,0.529,14,43,0.326,20,24,0.833,9,25,34,35,11,3,17,19,2.0
1610612764,WAS,Washington Wizards,0022500235,2025-11-16,241,106,37,84,0.44,12,34,0.353,20,22,0.909,3,30,33,21,7,3,10,25,-23.0,1610612751,BKN,Brooklyn Nets,129,42,79,0.532,17,41,0.415,28,35,0.8,7,37,44,32,4,8,14,18,23.0
1610612742,DAL,Dallas Mavericks,0022500238,2025-11-16,264,138,48,95,0.505,15,34,0.441,27,40,0.675,13,34,47,33,7,9,14,22,5.0,1610612757,POR,Portland Trail Blazers,133,46,113,0.407,14,47,0.298,27,32,0.844,22,31,53,26,8,5,11,32,-5.0
1610612745,HOU,Houston Rockets,0022500236,2025-11-16,266,117,42,100,0.42,8,20,0.4,25,29,0.862,19,41,60,19,4,4,14,23,4.0,1610612753,ORL,Orlando Magic,113,38,91,0.418,12,37,0.324,25,34,0.735,9,29,38,21,11,9,8,22,-4.0
1610612762,UTA,Utah Jazz,0022500240,2025-11-16,290,150,49,111,0.441,18,49,0.367,34,41,0.829,12,41,53,29,13,6,9,28,3.0,1610612741,CHI,Chicago Bulls,147,49,108,0.454,19,50,0.38,30,32,0.938,12,48,60,38,7,10,17,29,-3.0
1610612740,NOP,New Orleans Pelicans,0022500237,2025-11-16,241,106,38,83,0.458,8,29,0.276,22,29,0.759,15,30,45,22,11,4,20,16,-18.0,1610612744,GSW,Golden State Warriors,124,43,94,0.457,24,56,0.429,14,17,0.824,16,31,47,34,14,4,21,23,18.0
1610612738,BOS,Boston Celtics,0022500233,2025-11-16,239,121,46,103,0.447,16,39,0.41,13,17,0.765,20,29,49,26,6,6,6,21,3.0,1610612746,LAC,LA Clippers,118,38,81,0.469,14,35,0.4,28,30,0.933,10,34,44,23,4,7,13,20,-3.0
1610612766,CHA,Charlotte Hornets,0022500229,2025-11-15,240,96,37,96,0.385,16,42,0.381,6,7,0.857,12,30,42,23,6,5,12,10,-13.0,1610612760,OKC,Oklahoma City Thunder,109,45,89,0.506,11,23,0.478,8,10,0.8,13,37,50,26,9,6,14,15,13.0
1610612750,MIN,Minnesota Timberwolves,0022500232,2025-11-15,240,112,41,88,0.466,10,34,0.294,20,23,0.87,8,32,40,23,9,7,13,27,-11.0,1610612743,DEN,Denver Nuggets,123,39,83,0.47,14,29,0.483,31,38,0.816,10,37,47,29,9,6,12,19,11.0
1610612754,IND,Indiana Pacers,0022500230,2025-11-15,240,111,37,87,0.425,15,43,0.349,22,27,0.815,7,33,40,22,5,3,15,25,-18.0,1610612761,TOR,Toronto Raptors,129,48,87,0.552,7,30,0.233,26,42,0.619,8,38,46,29,13,3,12,20,18.0
1610612739,CLE,Cleveland Cavaliers,0022500228,2025-11-15,239,108,38,83,0.458,13,40,0.325,19,29,0.655,11,38,49,24,7,9,20,28,8.0,1610612763,MEM,Memphis Grizzlies,100,31,86,0.36,9,32,0.281,29,40,0.725,11,35,46,21,9,5,15,25,-8.0
1610612749,MIL,Milwaukee Bucks,0022500231,2025-11-15,241,95,32,80,0.4,15,39,0.385,16,24,0.667,12,27,39,20,6,4,17,23,-24.0,1610612747,LAL,Los Angeles Lakers,119,38,77,0.494,13,33,0.394,30,33,0.909,11,36,47,23,13,4,15,20,24.0
1610612753,ORL,Orlando Magic,0022500040,2025-11-14,239,105,36,78,0.462,15,39,0.385,18,21,0.857,7,39,46,21,3,5,19,16,7.0,1610612751,BKN,Brooklyn Nets,98,38,89,0.427,10,39,0.256,12,16,0.75,7,27,34,23,9,4,5,19,-7.0
1610612750,MIN,Minnesota Timberwolves,0022500044,2025-11-14,240,124,42,86,0.488,12,37,0.324,28,40,0.7,13,38,51,28,10,3,17,20,14.0,1610612758,SAC,Sacramento Kings,110,41,93,0.441,12,33,0.364,16,27,0.593,13,31,44,32,12,4,15,26,-14.0
1610612752,NYK,New York Knicks,0022500039,2025-11-14,239,140,48,104,0.462,21,53,0.396,23,29,0.793,20,31,51,32,9,2,8,23,8.0,1610612748,MIA,Miami Heat,132,44,95,0.463,19,44,0.432,25,34,0.735,15,31,46,30,4,5,11,23,-8.0
1610612745,HOU,Houston Rockets,0022500042,2025-11-14,240,140,53,106,0.5,17,45,0.378,17,20,0.85,20,29,49,26,16,6,6,22,24.0,1610612757,POR,Portland Trail Blazers,116,42,89,0.472,13,36,0.361,19,27,0.704,16,28,44,18,4,2,20,18,-24.0
1610612749,MIL,Milwaukee Bucks,0022500043,2025-11-14,264,147,55,85,0.647,20,34,0.588,17,22,0.773,5,34,39,37,10,3,22,25,13.0,1610612766,CHA,Charlotte Hornets,134,47,98,0.48,17,45,0.378,23,29,0.793,10,29,39,31,11,1,13,21,-13.0
1610612740,NOP,New Orleans Pelicans,0022500045,2025-11-14,239,104,39,89,0.438,12,34,0.353,14,18,0.778,12,30,42,24,11,3,20,23,-14.0,1610612747,LAL,Los Angeles Lakers,118,44,84,0.524,10,34,0.294,20,26,0.769,10,35,45,28,13,5,17,17,14.0
1610612759,SAS,San Antonio Spurs,0022500047,2025-11-14,239,108,39,85,0.459,14,38,0.368,16,19,0.842,11,36,47,28,8,6,20,19,-1.0,1610612744,GSW,Golden State Warriors,109,38,90,0.422,17,45,0.378,16,18,0.889,15,24,39,18,9,8,14,20,1.0
1610612765,DET,Detroit Pistons,0022500041,2025-11-14,240,114,41,92,0.446,17,41,0.415,15,18,0.833,13,33,46,32,9,7,13,17,9.0,1610612755,PHI,Philadelphia 76ers,105,39,90,0.433,14,39,0.359,13,15,0.867,13,33,46,19,9,4,15,20,-9.0
1610612742,DAL,Dallas Mavericks,0022500046,2025-11-14,290,127,44,99,0.444,10,36,0.278,29,38,0.763,11,39,50,18,11,7,22,25,-6.0,1610612746,LAC,LA Clippers,133,45,95,0.474,13,42,0.31,30,36,0.833,7,38,45,22,16,6,20,32,6.0
1610612739,CLE,Cleveland Cavaliers,0022500225,2025-11-13,240,113,41,91,0.451,10,41,0.244,21,26,0.808,14,23,37,26,7,6,12,20,-13.0,1610612761,TOR,Toronto Raptors,126,49,88,0.557,12,31,0.387,16,17,0.941,11,32,43,37,6,7,13,20,13.0
1610612756,PHX,Phoenix Suns,0022500226,2025-11-13,239,133,49,85,0.576,13,35,0.371,22,27,0.815,10,33,43,19,6,6,11,24,35.0,1610612754,IND,Indiana Pacers,98,32,88,0.364,7,25,0.28,27,29,0.931,16,25,41,20,4,3,12,22,-35.0
1610612762,UTA,Utah Jazz,0022500227,2025-11-13,240,122,45,92,0.489,19,44,0.432,13,21,0.619,14,35,49,39,9,5,24,19,-10.0,1610612737,ATL,Atlanta Hawks,132,46,90,0.511,24,47,0.511,16,22,0.727,9,34,43,36,18,6,16,18,10.0
1610612752,NYK,New York Knicks,0022500215,2025-11-12,241,107,39,88,0.443,11,36,0.306,18,23,0.783,10,27,37,20,10,3,14,25,-17.0,1610612753,ORL,Orlando Magic,124,42,86,0.488,12,33,0.364,28,33,0.848,12,37,49,29,10,4,15,23,17.0
1610612759,SAS,San Antonio Spurs,0022500220,2025-11-12,239,120,46,94,0.489,14,39,0.359,14,16,0.875,13,36,49,30,5,3,20,24,-5.0,1610612744,GSW,Golden State Warriors,125,36,85,0.424,21,57,0.368,32,36,0.889,8,32,40,30,13,3,15,18,5.0
1610612760,OKC,Oklahoma City Thunder,0022500222,2025-11-12,239,121,44,88,0.5,12,39,0.308,21,23,0.913,6,36,42,28,14,4,11,19,29.0,1610612747,LAL,Los Angeles Lakers,92,31,77,0.403,11,35,0.314,19,28,0.679,9,33,42,19,9,0,20,19,-29.0
1610612766,CHA,Charlotte Hornets,0022500213,2025-11-12,240,111,38,86,0.442,12,40,0.3,23,27,0.852,15,35,50,27,5,5,13,15,11.0,1610612749,MIL,Milwaukee Bucks,100,40,88,0.455,12,30,0.4,8,13,0.615,10,24,34,29,6,6,9,22,-11.0
1610612748,MIA,Miami Heat,0022500217,2025-11-12,240,116,45,94,0.479,15,37,0.405,11,13,0.846,9,35,44,29,6,6,21,29,-14.0,1610612739,CLE,Cleveland Cavaliers,130,45,104,0.433,14,47,0.298,26,31,0.839,15,34,49,32,13,10,12,21,14.0
1610612746,LAC,LA Clippers,0022500224,2025-11-12,241,116,41,84,0.488,16,37,0.432,18,19,0.947,11,25,36,28,4,7,14,30,-14.0,1610612743,DEN,Denver Nuggets,130,44,84,0.524,13,34,0.382,29,35,0.829,11,31,42,22,9,3,11,14,14.0
1610612738,BOS,Boston Celtics,0022500216,2025-11-12,240,131,50,99,0.505,21,51,0.412,10,12,0.833,18,40,58,34,4,8,10,20,36.0,1610612763,MEM,Memphis Grizzlies,95,32,95,0.337,10,43,0.233,21,26,0.808,15,26,41,25,8,4,10,18,-36.0
1610612745,HOU,Houston Rockets,0022500218,2025-11-12,240,135,51,96,0.531,17,35,0.486,16,23,0.696,20,33,53,32,9,6,10,18,23.0,1610612764,WAS,Washington Wizards,112,42,92,0.457,15,38,0.395,13,19,0.684,12,25,37,25,6,5,12,22,-23.0
1610612740,NOP,New Orleans Pelicans,0022500219,2025-11-12,239,117,43,91,0.473,13,39,0.333,18,21,0.857,15,20,35,28,6,2,10,20,-8.0,1610612757,POR,Portland Trail Blazers,125,48,83,0.578,13,37,0.351,16,17,0.941,9,30,39,26,5,5,13,22,8.0
1610612765,DET,Detroit Pistons,0022500214,2025-11-12,239,124,50,90,0.556,13,30,0.433,11,16,0.688,11,33,44,30,13,5,18,25,11.0,1610612741,CHI,Chicago Bulls,113,41,86,0.477,12,33,0.364,19,28,0.679,12,32,44,21,11,6,21,18,-11.0
1610612758,SAC,Sacramento Kings,0022500223,2025-11-12,241,100,36,92,0.391,14,39,0.359,14,18,0.778,9,26,35,22,7,1,18,19,-33.0,1610612737,ATL,Atlanta Hawks,133,49,85,0.576,17,40,0.425,18,22,0.818,7,38,45,42,14,6,19,20,33.0
1610612742,DAL,Dallas Mavericks,0022500221,2025-11-12,240,114,43,86,0.5,17,47,0.362,11,17,0.647,8,37,45,32,10,10,19,23,-9.0,1610612756,PHX,Phoenix Suns,123,44,95,0.463,14,35,0.4,21,26,0.808,13,33,46,31,13,3,12,20,9.0
1610612752,NYK,New York Knicks,0022500208,2025-11-11,241,133,47,98,0.48,22,55,0.4,17,20,0.85,10,34,44,35,12,2,14,21,13.0,1610612763,MEM,Memphis Grizzlies,120,43,84,0.512,14,38,0.368,20,24,0.833,5,39,44,36,7,3,22,20,-13.0
1610612755,PHI,Philadelphia 76ers,0022500209,2025-11-11,241,102,36,84,0.429,14,36,0.389,16,19,0.842,8,36,44,24,2,6,9,22,2.0,1610612738,BOS,Boston Celtics,100,36,92,0.391,13,38,0.342,15,19,0.789,13,40,53,23,4,6,10,17,-2.0
1610612762,UTA,Utah Jazz,0022500211,2025-11-11,241,152,51,92,0.554,19,42,0.452,31,35,0.886,13,32,45,38,3,3,14,27,24.0,1610612754,IND,Indiana Pacers,128,46,99,0.465,10,37,0.27,26,29,0.897,15,20,35,29,6,6,8,26,-24.0
1610612751,BKN,Brooklyn Nets,0022500207,2025-11-11,241,109,32,81,0.395,14,41,0.341,31,32,0.969,7,29,36,24,7,5,12,20,-10.0,1610612761,TOR,Toronto Raptors,119,45,91,0.495,9,35,0.257,20,25,0.8,13,37,50,31,5,4,8,23,10.0
1610612758,SAC,Sacramento Kings,0022500212,2025-11-11,240,108,41,85,0.482,10,33,0.303,16,23,0.696,9,26,35,31,4,3,10,23,-14.0,1610612743,DEN,Denver Nuggets,122,44,86,0.512,13,33,0.394,21,27,0.778,15,33,48,24,6,2,12,19,14.0
1610612760,OKC,Oklahoma City Thunder,0022500210,2025-11-11,240,126,42,83,0.506,16,36,0.444,26,31,0.839,10,30,40,29,12,4,19,21,24.0,1610612744,GSW,Golden State Warriors,102,33,74,0.446,13,35,0.371,23,29,0.793,6,26,32,23,16,4,20,28,-24.0
1610612756,PHX,Phoenix Suns,0022500204,2025-11-10,240,121,39,78,0.5,19,43,0.442,24,31,0.774,10,33,43,29,12,7,18,18,23.0,1610612740,NOP,New Orleans Pelicans,98,34,83,0.41,10,32,0.313,20,26,0.769,15,25,40,18,12,3,19,23,-23.0
1610612748,MIA,Miami Heat,0022500201,2025-11-10,264,140,46,98,0.469,12,36,0.333,36,41,0.878,12,44,56,32,5,6,14,27,2.0,1610612739,CLE,Cleveland Cavaliers,138,49,120,0.408,21,65,0.323,19,27,0.704,26,34,60,26,8,4,7,27,-2.0
1610612765,DET,Detroit Pistons,0022500199,2025-11-10,266,137,47,114,0.412,13,41,0.317,30,38,0.789,28,35,63,27,16,5,14,18,2.0,1610612764,WAS,Washington Wizards,135,50,95,0.526,15,38,0.395,20,26,0.769,11,35,46,26,10,6,20,28,-2.0
1610612766,CHA,Charlotte Hornets,0022500198,2025-11-10,241,111,37,71,0.521,17,36,0.472,20,22,0.909,9,28,37,28,6,6,22,25,-10.0,1610612747,LAL,Los Angeles Lakers,121,45,90,0.5,14,39,0.359,17,20,0.85,12,24,36,25,12,2,11,22,10.0
1610612741,CHI,Chicago Bulls,0022500202,2025-11-10,239,117,41,93,0.441,16,38,0.421,19,23,0.826,11,34,45,29,10,4,12,20,-4.0,1610612759,SAS,San Antonio Spurs,121,44,86,0.512,10,33,0.303,23,27,0.852,9,38,47,30,10,7,15,17,4.0
1610612762,UTA,Utah Jazz,0022500205,2025-11-10,240,113,38,95,0.4,17,52,0.327,20,24,0.833,16,34,50,30,5,5,15,24,-7.0,1610612750,MIN,Minnesota Timberwolves,120,42,89,0.472,10,33,0.303,26,28,0.929,7,35,42,25,8,5,10,21,7.0
1610612742,DAL,Dallas Mavericks,0022500203,2025-11-10,239,114,37,89,0.416,9,39,0.231,31,41,0.756,16,36,52,25,8,8,14,22,-2.0,1610612749,MIL,Milwaukee Bucks,116,41,91,0.451,14,36,0.389,20,25,0.8,8,36,44,24,9,6,13,26,2.0
1610612746,LAC,LA Clippers,0022500206,2025-11-10,240,102,36,82,0.439,12,38,0.316,18,25,0.72,11,31,42,19,7,9,11,14,-3.0,1610612737,ATL,Atlanta Hawks,105,38,84,0.452,13,34,0.382,16,20,0.8,7,34,41,30,7,8,11,22,3.0
1610612753,ORL,Orlando Magic,0022500200,2025-11-10,240,115,39,87,0.448,8,30,0.267,29,34,0.853,11,39,50,26,6,7,13,23,3.0,1610612757,POR,Portland Trail Blazers,112,40,90,0.444,13,36,0.361,19,26,0.731,11,27,38,22,5,3,8,24,-3.0
1610612758,SAC,Sacramento Kings,0022500197,2025-11-09,241,117,40,90,0.444,13,29,0.448,24,31,0.774,12,31,43,25,8,3,16,20,-27.0,1610612750,MIN,Minnesota Timberwolves,144,52,97,0.536,18,46,0.391,22,24,0.917,9,35,44,28,11,9,10,23,27.0
1610612744,GSW,Golden State Warriors,0022500196,2025-11-09,240,114,38,88,0.432,12,44,0.273,26,37,0.703,11,39,50,22,11,6,10,16,31.0,1610612754,IND,Indiana Pacers,83,32,94,0.34,11,39,0.282,8,11,0.727,14,39,53,21,7,6,20,25,-31.0
1610612749,MIL,Milwaukee Bucks,0022500191,2025-11-09,241,115,44,79,0.557,13,29,0.448,14,24,0.583,7,20,27,25,11,6,13,20,-7.0,1610612745,HOU,Houston Rockets,122,48,90,0.533,10,26,0.385,16,21,0.762,20,30,50,24,8,3,17,19,7.0
1610612753,ORL,Orlando Magic,0022500193,2025-11-09,240,107,35,78,0.449,7,29,0.241,30,32,0.938,12,30,42,21,8,4,17,24,-4.0,1610612738,BOS,Boston Celtics,111,40,85,0.471,13,33,0.394,18,25,0.72,13,28,41,22,10,2,14,27,4.0
1610612763,MEM,Memphis Grizzlies,0022500194,2025-11-09,241,100,35,91,0.385,17,44,0.386,13,18,0.722,11,39,50,30,3,6,14,25,-14.0,1610612760,OKC,Oklahoma City Thunder,114,41,95,0.432,10,43,0.233,22,26,0.846,9,42,51,19,10,3,6,17,14.0
1610612755,PHI,Philadelphia 76ers,0022500195,2025-11-09,241,108,36,84,0.429,12,33,0.364,24,28,0.857,12,32,44,22,8,6,19,22,-3.0,1610612765,DET,Detroit Pistons,111,39,82,0.476,13,30,0.433,20,28,0.714,9,28,37,23,12,5,15,21,3.0
1610612752,NYK,New York Knicks,0022500192,2025-11-09,239,134,48,89,0.539,17,37,0.459,21,26,0.808,15,31,46,31,9,3,14,25,36.0,1610612751,BKN,Brooklyn Nets,98,33,82,0.402,14,45,0.311,18,24,0.75,15,23,38,21,5,8,19,25,-36.0
1610612764,WAS,Washington Wizards,0022500183,2025-11-08,240,105,37,89,0.416,11,35,0.314,20,23,0.87,12,32,44,17,7,7,18,21,-6.0,1610612742,DAL,Dallas Mavericks,111,42,93,0.452,6,24,0.25,21,30,0.7,16,35,51,26,15,6,13,17,6.0
1610612743,DEN,Denver Nuggets,0022500189,2025-11-08,241,117,45,93,0.484,8,27,0.296,19,23,0.826,15,40,55,32,8,2,16,25,17.0,1610612754,IND,Indiana Pacers,100,33,93,0.355,8,36,0.222,26,34,0.765,15,28,43,20,9,6,11,23,-17.0
1610612737,ATL,Atlanta Hawks,0022500185,2025-11-08,240,122,48,93,0.516,16,39,0.41,10,11,0.909,7,30,37,37,13,6,11,14,20.0,1610612747,LAL,Los Angeles Lakers,102,37,81,0.457,12,30,0.4,16,20,0.8,13,34,47,23,8,5,19,11,-20.0
1610612759,SAS,San Antonio Spurs,0022500188,2025-11-08,241,126,48,90,0.533,14,40,0.35,16,18,0.889,10,33,43,31,6,6,12,20,7.0,1610612740,NOP,New Orleans Pelicans,119,45,94,0.479,15,38,0.395,14,17,0.824,11,29,40,27,7,2,11,19,-7.0
1610612748,MIA,Miami Heat,0022500187,2025-11-08,239,136,49,96,0.51,10,35,0.286,28,36,0.778,12,35,47,37,17,5,14,23,5.0,1610612757,POR,Portland Trail Blazers,131,49,109,0.45,14,51,0.275,19,23,0.826,22,35,57,29,8,4,20,32,-5.0
1610612755,PHI,Philadelphia 76ers,0022500184,2025-11-08,241,130,49,96,0.51,10,35,0.286,22,28,0.786,15,39,54,31,4,9,13,22,10.0,1610612761,TOR,Toronto Raptors,120,41,90,0.456,16,38,0.421,22,28,0.786,10,28,38,29,7,5,10,25,-10.0
1610612746,LAC,LA Clippers,0022500190,2025-11-08,240,103,41,77,0.532,10,33,0.303,11,18,0.611,5,22,27,26,5,5,11,15,-11.0,1610612756,PHX,Phoenix Suns,114,40,83,0.482,16,38,0.421,18,21,0.857,13,29,42,30,9,2,12,19,11.0
1610612739,CLE,Cleveland Cavaliers,0022500186,2025-11-08,241,128,46,94,0.489,17,46,0.37,19,26,0.731,10,29,39,32,6,7,9,27,6.0,1610612741,CHI,Chicago Bulls,122,38,84,0.452,13,29,0.448,33,36,0.917,10,39,49,27,8,4,13,25,-6.0
1610612764,WAS,Washington Wizards,0022500029,2025-11-07,240,115,41,91,0.451,15,41,0.366,18,23,0.783,16,28,44,32,5,7,20,24,-33.0,1610612739,CLE,Cleveland Cavaliers,148,52,110,0.473,20,45,0.444,24,31,0.774,25,32,57,34,15,6,10,17,33.0
1610612737,ATL,Atlanta Hawks,0022500030,2025-11-07,241,97,33,96,0.344,9,38,0.237,22,23,0.957,19,35,54,24,8,7,15,19,-12.0,1610612761,TOR,Toronto Raptors,109,37,91,0.407,12,38,0.316,23,25,0.92,13,35,48,23,11,6,12,21,12.0
1610612758,SAC,Sacramento Kings,0022500038,2025-11-07,241,101,38,92,0.413,15,40,0.375,10,15,0.667,8,30,38,27,6,3,15,20,-31.0,1610612760,OKC,Oklahoma City Thunder,132,49,91,0.538,13,35,0.371,21,24,0.875,8,44,52,27,9,8,11,16,31.0
1610612753,ORL,Orlando Magic,0022500028,2025-11-07,240,123,41,82,0.5,17,36,0.472,24,31,0.774,11,33,44,28,8,7,15,18,13.0,1610612738,BOS,Boston Celtics,110,43,95,0.453,13,37,0.351,11,16,0.688,12,32,44,26,9,8,14,27,-13.0
1610612763,MEM,Memphis Grizzlies,0022500034,2025-11-07,239,118,41,85,0.482,13,35,0.371,23,28,0.821,7,35,42,27,8,1,13,20,14.0,1610612742,DAL,Dallas Mavericks,104,42,86,0.488,10,39,0.256,10,16,0.625,8,36,44,25,7,6,17,20,-14.0
1610612750,MIN,Minnesota Timberwolves,0022500036,2025-11-07,242,137,50,88,0.568,17,36,0.472,20,27,0.741,13,39,52,32,10,10,21,23,40.0,1610612762,UTA,Utah Jazz,97,35,94,0.372,9,39,0.231,18,25,0.72,16,24,40,28,11,3,17,22,-40.0
1610612748,MIA,Miami Heat,0022500033,2025-11-07,239,126,51,99,0.515,12,28,0.429,12,14,0.857,6,31,37,31,10,7,8,21,18.0,1610612766,CHA,Charlotte Hornets,108,37,97,0.381,10,39,0.256,24,27,0.889,19,38,57,22,4,9,18,18,-18.0
1610612749,MIL,Milwaukee Bucks,0022500035,2025-11-07,241,126,48,103,0.466,16,39,0.41,14,18,0.778,14,39,53,27,10,6,11,16,16.0,1610612741,CHI,Chicago Bulls,110,44,90,0.489,10,33,0.303,12,16,0.75,8,37,45,34,9,3,14,19,-16.0
1610612751,BKN,Brooklyn Nets,0022500031,2025-11-07,240,107,34,80,0.425,17,46,0.37,22,26,0.846,8,22,30,26,5,1,19,24,-18.0,1610612765,DET,Detroit Pistons,125,49,85,0.576,6,26,0.231,21,30,0.7,11,35,46,32,14,1,13,19,18.0
1610612743,DEN,Denver Nuggets,0022500037,2025-11-07,241,129,46,82,0.561,16,33,0.485,21,25,0.84,7,34,41,34,8,4,8,15,25.0,1610612744,GSW,Golden State Warriors,104,40,95,0.421,12,41,0.293,12,15,0.8,17,29,46,28,4,5,12,18,-25.0
1610612759,SAS,San Antonio Spurs,0022500032,2025-11-07,239,121,40,87,0.46,18,45,0.4,23,25,0.92,15,25,40,30,15,4,20,19,11.0,1610612745,HOU,Houston Rockets,110,39,85,0.459,13,27,0.481,19,21,0.905,17,24,41,25,12,4,23,24,-11.0
1610612756,PHX,Phoenix Suns,0022500182,2025-11-06,239,115,41,92,0.446,19,49,0.388,14,19,0.737,15,29,44,27,13,2,15,23,13.0,1610612746,LAC,LA Clippers,102,35,79,0.443,10,31,0.323,22,30,0.733,11,30,41,24,8,4,15,19,-13.0
1610612738,BOS,Boston Celtics,0022500174,2025-11-05,241,136,52,95,0.547,16,41,0.39,16,21,0.762,12,28,40,31,12,3,5,24,29.0,1610612764,WAS,Washington Wizards,107,39,80,0.488,9,27,0.333,20,27,0.741,11,29,40,25,2,5,19,18,-29.0
1610612747,LAL,Los Angeles Lakers,0022500179,2025-11-05,242,118,37,83,0.446,10,31,0.323,34,44,0.773,12,26,38,23,8,5,12,30,2.0,1610612759,SAS,San Antonio Spurs,116,36,74,0.486,13,33,0.394,31,40,0.775,8,29,37,22,7,1,19,36,-2.0
1610612739,CLE,Cleveland Cavaliers,0022500171,2025-11-05,241,132,49,92,0.533,18,44,0.409,16,17,0.941,10,24,34,33,9,7,14,22,11.0,1610612755,PHI,Philadelphia 76ers,121,44,90,0.489,12,31,0.387,21,30,0.7,15,28,43,26,9,2,18,23,-11.0
1610612754,IND,Indiana Pacers,0022500173,2025-11-05,239,103,41,99,0.414,13,36,0.361,8,13,0.615,16,40,56,29,6,5,16,23,-9.0,1610612751,BKN,Brooklyn Nets,112,36,86,0.419,14,40,0.35,26,35,0.743,10,35,45,26,9,5,12,17,9.0
1610612765,DET,Detroit Pistons,0022500172,2025-11-05,239,114,45,91,0.495,11,30,0.367,13,22,0.591,13,39,52,24,5,6,13,23,11.0,1610612762,UTA,Utah Jazz,103,33,86,0.384,12,39,0.308,25,29,0.862,11,33,44,24,7,2,15,17,-11.0
1610612758,SAC,Sacramento Kings,0022500181,2025-11-05,239,121,41,83,0.494,11,23,0.478,28,33,0.848,8,39,47,27,7,5,16,18,5.0,1610612744,GSW,Golden State Warriors,116,40,89,0.449,17,43,0.395,19,23,0.826,10,34,44,28,10,6,18,26,-5.0
1610612763,MEM,Memphis Grizzlies,0022500176,2025-11-05,240,109,34,89,0.382,13,39,0.333,28,35,0.8,13,34,47,25,10,9,15,19,-15.0,1610612745,HOU,Houston Rockets,124,48,101,0.475,13,30,0.433,15,18,0.833,15,39,54,29,9,3,13,21,15.0
1610612743,DEN,Denver Nuggets,0022500178,2025-11-05,241,122,43,101,0.426,11,40,0.275,25,28,0.893,21,40,61,33,10,4,16,16,10.0,1610612748,MIA,Miami Heat,112,38,86,0.442,14,41,0.341,22,25,0.88,5,33,38,26,13,4,14,20,-10.0
1610612757,POR,Portland Trail Blazers,0022500180,2025-11-05,241,121,36,88,0.409,19,43,0.442,30,32,0.938,11,38,49,24,8,6,15,24,2.0,1610612760,OKC,Oklahoma City Thunder,119,38,91,0.418,15,38,0.395,28,31,0.903,13,37,50,24,9,5,14,27,-2.0
1610612752,NYK,New York Knicks,0022500175,2025-11-05,239,137,55,102,0.539,19,42,0.452,8,9,0.889,21,29,50,32,7,8,14,21,23.0,1610612750,MIN,Minnesota Timberwolves,114,40,83,0.482,19,40,0.475,15,17,0.882,9,22,31,30,6,2,17,14,-23.0
1610612742,DAL,Dallas Mavericks,0022500177,2025-11-05,240,99,37,89,0.416,10,32,0.313,15,20,0.75,10,34,44,18,11,7,15,15,-2.0,1610612740,NOP,New Orleans Pelicans,101,39,91,0.429,10,31,0.323,13,16,0.813,14,42,56,18,10,3,13,18,2.0
1610612746,LAC,LA Clippers,0022500170,2025-11-04,242,107,33,80,0.413,18,43,0.419,23,27,0.852,10,32,42,26,9,2,19,20,-19.0,1610612760,OKC,Oklahoma City Thunder,126,45,86,0.523,18,38,0.474,18,22,0.818,8,32,40,28,12,6,10,23,19.0
1610612741,CHI,Chicago Bulls,0022500167,2025-11-04,240,113,42,89,0.472,13,34,0.382,16,20,0.8,12,36,48,26,11,9,18,19,2.0,1610612755,PHI,Philadelphia 76ers,111,40,94,0.426,11,30,0.367,20,24,0.833,12,28,40,22,12,11,16,21,-2.0
1610612761,TOR,Toronto Raptors,0022500165,2025-11-04,241,128,44,91,0.484,17,38,0.447,23,29,0.793,10,40,50,33,8,6,9,23,28.0,1610612749,MIL,Milwaukee Bucks,100,37,86,0.43,11,38,0.289,15,21,0.714,9,32,41,26,5,4,12,26,-28.0
1610612737,ATL,Atlanta Hawks,0022500166,2025-11-04,240,127,40,72,0.556,13,30,0.433,34,42,0.81,6,28,34,23,11,6,18,24,15.0,1610612753,ORL,Orlando Magic,112,36,83,0.434,11,34,0.324,29,33,0.879,14,27,41,26,9,1,17,30,-15.0
1610612740,NOP,New Orleans Pelicans,0022500168,2025-11-04,240,116,43,90,0.478,17,38,0.447,13,19,0.684,13,26,39,27,9,3,12,20,4.0,1610612766,CHA,Charlotte Hornets,112,39,82,0.476,13,38,0.342,21,28,0.75,15,34,49,20,8,6,19,23,-4.0
1610612744,GSW,Golden State Warriors,0022500169,2025-11-04,240,118,41,83,0.494,19,42,0.452,17,20,0.85,8,31,39,33,9,4,15,18,11.0,1610612756,PHX,Phoenix Suns,107,40,91,0.44,12,33,0.364,15,16,0.938,16,30,46,25,10,5,17,17,-11.0
1610612751,BKN,Brooklyn Nets,0022500156,2025-11-03,243,109,36,89,0.404,12,40,0.3,25,38,0.658,18,22,40,25,9,4,12,24,-16.0,1610612750,MIN,Minnesota Timberwolves,125,44,78,0.564,14,35,0.4,23,35,0.657,14,39,53,33,6,4,16,26,16.0
1610612754,IND,Indiana Pacers,0022500157,2025-11-03,241,115,39,90,0.433,8,33,0.242,29,38,0.763,14,31,45,24,8,4,11,24,-2.0,1610612749,MIL,Milwaukee Bucks,117,42,88,0.477,20,47,0.426,13,22,0.591,9,34,43,24,6,5,18,28,2.0
1610612738,BOS,Boston Celtics,0022500158,2025-11-03,240,103,37,89,0.416,11,51,0.216,18,22,0.818,10,26,36,21,12,4,10,22,-2.0,1610612762,UTA,Utah Jazz,105,38,84,0.452,9,31,0.29,20,25,0.8,15,40,55,23,4,2,18,21,2.0
1610612743,DEN,Denver Nuggets,0022500162,2025-11-03,239,130,50,97,0.515,12,38,0.316,18,24,0.75,8,32,40,33,9,5,7,18,6.0,1610612758,SAC,Sacramento Kings,124,47,90,0.522,9,27,0.333,21,25,0.84,8,39,47,27,5,1,15,24,-6.0
1610612745,HOU,Houston Rockets,0022500160,2025-11-03,241,110,41,89,0.461,8,29,0.276,20,30,0.667,15,39,54,23,9,7,17,17,8.0,1610612742,DAL,Dallas Mavericks,102,40,89,0.449,9,36,0.25,13,20,0.65,10,30,40,30,12,6,15,25,-8.0
1610612757,POR,Portland Trail Blazers,0022500163,2025-11-03,242,115,42,85,0.494,9,40,0.225,22,30,0.733,15,23,38,23,13,3,18,18,-8.0,1610612747,LAL,Los Angeles Lakers,123,50,85,0.588,9,23,0.391,14,16,0.875,8,26,34,29,11,5,17,22,8.0
1610612752,NYK,New York Knicks,0022500159,2025-11-03,239,119,44,94,0.468,15,41,0.366,16,20,0.8,12,37,49,32,12,4,12,16,17.0,1610612764,WAS,Washington Wizards,102,38,81,0.469,13,35,0.371,13,19,0.684,7,37,44,30,7,5,20,21,-17.0
1610612763,MEM,Memphis Grizzlies,0022500161,2025-11-03,241,106,35,87,0.402,14,41,0.341,22,25,0.88,18,31,49,25,8,5,20,22,-8.0,1610612765,DET,Detroit Pistons,114,42,83,0.506,10,31,0.323,20,29,0.69,10,33,43,23,11,9,12,21,8.0
1610612746,LAC,LA Clippers,0022500164,2025-11-03,240,119,44,88,0.5,17,41,0.415,14,19,0.737,11,33,44,25,13,4,20,24,-1.0,1610612748,MIA,Miami Heat,120,45,83,0.542,12,25,0.48,18,24,0.75,6,31,37,33,12,3,16,15,1.0
1610612760,OKC,Oklahoma City Thunder,0022500148,2025-11-02,240,137,47,84,0.56,20,48,0.417,23,26,0.885,8,34,42,33,12,5,11,22,31.0,1610612740,NOP,New Orleans Pelicans,106,35,80,0.438,16,40,0.4,20,32,0.625,12,26,38,26,6,3,16,22,-31.0
1610612747,LAL,Los Angeles Lakers,0022500155,2025-11-02,241,130,48,95,0.505,15,46,0.326,19,23,0.826,8,33,41,33,14,2,11,26,10.0,1610612748,MIA,Miami Heat,120,43,84,0.512,9,33,0.273,25,36,0.694,9,33,42,29,7,3,15,20,-10.0
1610612756,PHX,Phoenix Suns,0022500154,2025-11-02,239,130,46,79,0.582,19,33,0.576,19,22,0.864,5,34,39,34,8,4,20,26,12.0,1610612759,SAS,San Antonio Spurs,118,45,98,0.459,10,41,0.244,18,23,0.783,16,25,41,21,11,5,14,21,-12.0
1610612761,TOR,Toronto Raptors,0022500152,2025-11-02,240,117,45,89,0.506,11,37,0.297,16,20,0.8,15,34,49,32,5,7,15,23,13.0,1610612763,MEM,Memphis Grizzlies,104,38,87,0.437,11,35,0.314,17,20,0.85,11,30,41,24,6,0,11,18,-13.0
1610612766,CHA,Charlotte Hornets,0022500150,2025-11-02,239,126,43,88,0.489,18,43,0.419,22,22,1.0,9,37,46,31,6,6,14,25,23.0,1610612762,UTA,Utah Jazz,103,36,88,0.409,7,32,0.219,24,29,0.828,10,28,38,27,7,3,10,24,-23.0
1610612739,CLE,Cleveland Cavaliers,0022500151,2025-11-02,241,117,40,97,0.412,20,57,0.351,17,18,0.944,13,31,44,30,12,4,16,28,8.0,1610612737,ATL,Atlanta Hawks,109,39,77,0.506,6,23,0.261,25,35,0.714,8,38,46,28,9,3,22,21,-8.0
1610612752,NYK,New York Knicks,0022500153,2025-11-02,241,128,43,95,0.453,20,42,0.476,22,22,1.0,14,33,47,31,7,5,11,12,12.0,1610612741,CHI,Chicago Bulls,116,45,93,0.484,17,40,0.425,9,11,0.818,12,34,46,28,7,3,14,20,-12.0
1610612751,BKN,Brooklyn Nets,0022500149,2025-11-02,239,105,39,91,0.429,7,39,0.179,20,26,0.769,13,31,44,21,10,4,18,15,-24.0,1610612755,PHI,Philadelphia 76ers,129,50,96,0.521,15,40,0.375,14,17,0.824,12,32,44,34,10,6,15,25,24.0
1610612766,CHA,Charlotte Hornets,0022500143,2025-11-01,240,105,34,86,0.395,13,45,0.289,24,27,0.889,10,35,45,23,4,4,14,16,-17.0,1610612750,MIN,Minnesota Timberwolves,122,47,87,0.54,17,36,0.472,11,14,0.786,4,34,38,31,8,2,10,22,17.0
1610612749,MIL,Milwaukee Bucks,0022500142,2025-11-01,240,133,49,82,0.598,15,32,0.469,20,31,0.645,9,28,37,30,5,2,11,26,-2.0,1610612758,SAC,Sacramento Kings,135,45,87,0.517,10,28,0.357,35,40,0.875,11,27,38,30,8,1,9,21,2.0
1610612764,WAS,Washington Wizards,0022500145,2025-11-01,240,94,39,98,0.398,9,27,0.333,7,15,0.467,11,29,40,19,7,9,17,23,-31.0,1610612753,ORL,Orlando Magic,125,47,92,0.511,12,36,0.333,19,22,0.864,8,45,53,32,13,10,15,16,31.0
1610612754,IND,Indiana Pacers,0022500144,2025-11-01,240,114,40,89,0.449,10,33,0.303,24,28,0.857,11,36,47,24,7,3,12,19,5.0,1610612744,GSW,Golden State Warriors,109,39,90,0.433,12,44,0.273,19,22,0.864,10,34,44,25,5,4,16,27,-5.0
1610612738,BOS,Boston Celtics,0022500146,2025-11-01,240,101,40,103,0.388,14,44,0.318,7,7,1.0,14,22,36,24,9,2,10,25,-27.0,1610612745,HOU,Houston Rockets,128,42,77,0.545,19,29,0.655,25,35,0.714,12,41,53,30,6,11,18,14,27.0
1610612757,POR,Portland Trail Blazers,0022500026,2025-10-31,238,109,38,91,0.418,11,39,0.282,22,31,0.71,16,27,43,26,11,5,12,24,2.0,1610612743,DEN,Denver Nuggets,107,38,79,0.481,6,25,0.24,25,31,0.806,10,36,46,19,6,7,16,21,-2.0
1610612755,PHI,Philadelphia 76ers,0022500021,2025-10-31,240,108,37,78,0.474,13,34,0.382,21,29,0.724,9,31,40,27,6,7,18,13,-1.0,1610612738,BOS,Boston Celtics,109,44,101,0.436,14,45,0.311,7,12,0.583,16,29,45,26,8,7,9,24,1.0
1610612741,CHI,Chicago Bulls,0022500023,2025-10-31,239,135,45,84,0.536,17,37,0.459,28,35,0.8,6,35,41,31,8,6,7,22,10.0,1610612752,NYK,New York Knicks,125,45,91,0.495,18,45,0.4,17,23,0.739,12,27,39,27,3,5,12,25,-10.0
1610612746,LAC,LA Clippers,0022500027,2025-10-31,240,126,46,89,0.517,15,39,0.385,19,21,0.905,10,27,37,28,12,6,12,19,2.0,1610612740,NOP,New Orleans Pelicans,124,40,83,0.482,18,37,0.486,26,29,0.897,12,31,43,28,8,4,15,18,-2.0
1610612756,PHX,Phoenix Suns,0022500025,2025-10-31,239,118,43,91,0.473,17,48,0.354,15,18,0.833,8,36,44,30,10,6,9,25,22.0,1610612762,UTA,Utah Jazz,96,30,80,0.375,12,37,0.324,24,32,0.75,12,36,48,23,4,3,21,22,-22.0
1610612739,CLE,Cleveland Cavaliers,0022500022,2025-10-31,240,101,36,90,0.4,14,46,0.304,15,23,0.652,15,27,42,24,10,10,13,15,-11.0,1610612761,TOR,Toronto Raptors,112,40,82,0.488,13,30,0.433,19,24,0.792,10,38,48,27,9,4,16,18,11.0
1610612754,IND,Indiana Pacers,0022500020,2025-10-31,241,108,35,99,0.354,13,47,0.277,25,33,0.758,18,31,49,23,6,3,12,16,-20.0,1610612737,ATL,Atlanta Hawks,128,51,94,0.543,10,30,0.333,16,20,0.8,12,43,55,30,10,5,10,23,20.0
1610612763,MEM,Memphis Grizzlies,0022500024,2025-10-31,239,112,41,93,0.441,14,45,0.311,16,19,0.842,13,29,42,28,9,0,11,25,-5.0,1610612747,LAL,Los Angeles Lakers,117,39,76,0.513,13,38,0.342,26,33,0.788,5,35,40,24,8,3,13,16,5.0
1610612759,SAS,San Antonio Spurs,0022500141,2025-10-30,240,107,38,86,0.442,14,41,0.341,17,23,0.739,9,39,48,26,10,8,11,17,6.0,1610612748,MIA,Miami Heat,101,39,90,0.433,15,38,0.395,8,11,0.727,5,36,41,29,6,2,14,20,-6.0
1610612766,CHA,Charlotte Hornets,0022500138,2025-10-30,240,107,42,83,0.506,11,30,0.367,12,15,0.8,12,29,41,24,5,6,21,22,-16.0,1610612753,ORL,Orlando Magic,123,45,87,0.517,16,38,0.421,17,23,0.739,14,24,38,29,10,7,13,19,16.0
1610612760,OKC,Oklahoma City Thunder,0022500140,2025-10-30,240,127,44,98,0.449,16,49,0.327,23,28,0.821,14,33,47,29,16,8,6,15,19.0,1610612764,WAS,Washington Wizards,108,38,84,0.452,17,40,0.425,15,17,0.882,12,37,49,25,3,6,22,26,-19.0
1610612749,MIL,Milwaukee Bucks,0022500139,2025-10-30,239,120,46,96,0.479,19,46,0.413,9,13,0.692,7,27,34,25,7,2,12,22,10.0,1610612744,GSW,Golden State Warriors,110,36,85,0.424,13,38,0.342,25,26,0.962,9,35,44,23,8,6,19,17,-10.0
1610612750,MIN,Minnesota Timberwolves,0022500136,2025-10-29,239,115,41,82,0.5,15,30,0.5,18,22,0.818,9,25,34,30,8,5,18,23,-1.0,1610612747,LAL,Los Angeles Lakers,116,45,83,0.542,11,31,0.355,15,22,0.682,11,29,40,34,6,5,18,22,1.0
1610612765,DET,Detroit Pistons,0022500129,2025-10-29,240,135,46,93,0.495,13,32,0.406,30,34,0.882,14,32,46,29,11,8,13,28,19.0,1610612753,ORL,Orlando Magic,116,38,83,0.458,12,31,0.387,28,40,0.7,15,28,43,22,5,5,16,27,-19.0
1610612761,TOR,Toronto Raptors,0022500131,2025-10-29,240,121,43,85,0.506,21,40,0.525,14,19,0.737,4,18,22,29,6,2,10,26,-18.0,1610612745,HOU,Houston Rockets,139,50,87,0.575,13,30,0.433,26,34,0.765,17,36,53,31,9,8,15,16,18.0
1610612742,DAL,Dallas Mavericks,0022500133,2025-10-29,240,107,36,79,0.456,5,24,0.208,30,37,0.811,7,40,47,21,4,7,19,22,2.0,1610612754,IND,Indiana Pacers,105,37,106,0.349,13,45,0.289,18,28,0.643,19,33,52,20,8,7,12,29,-2.0
1610612762,UTA,Utah Jazz,0022500135,2025-10-29,241,134,41,84,0.488,11,35,0.314,41,49,0.837,16,30,46,30,10,7,21,24,-2.0,1610612757,POR,Portland Trail Blazers,136,46,96,0.479,21,55,0.382,23,27,0.852,14,25,39,34,14,5,16,33,2.0
1610612741,CHI,Chicago Bulls,0022500132,2025-10-29,241,126,49,91,0.538,14,32,0.438,14,18,0.778,12,34,46,34,6,2,15,20,13.0,1610612758,SAC,Sacramento Kings,113,43,82,0.524,7,28,0.25,20,26,0.769,5,26,31,28,10,2,10,17,-13.0
1610612738,BOS,Boston Celtics,0022500128,2025-10-29,240,125,42,95,0.442,21,57,0.368,20,24,0.833,18,35,53,29,11,3,9,19,20.0,1610612739,CLE,Cleveland Cavaliers,105,35,87,0.402,17,52,0.327,18,24,0.75,11,31,42,25,6,4,14,22,-20.0
1610612756,PHX,Phoenix Suns,0022500137,2025-10-29,240,113,41,86,0.477,16,40,0.4,15,17,0.882,8,32,40,25,11,4,20,20,-1.0,1610612763,MEM,Memphis Grizzlies,114,44,93,0.473,15,38,0.395,11,13,0.846,9,32,41,31,12,3,17,17,1.0
1610612743,DEN,Denver Nuggets,0022500134,2025-10-29,241,122,48,90,0.533,14,42,0.333,12,14,0.857,13,43,56,40,6,4,14,23,34.0,1610612740,NOP,New Orleans Pelicans,88,32,85,0.376,7,34,0.206,17,29,0.586,13,23,36,17,9,3,13,15,-34.0
1610612751,BKN,Brooklyn Nets,0022500130,2025-10-29,240,112,40,88,0.455,11,37,0.297,21,27,0.778,15,32,47,23,4,4,16,17,-5.0,1610612737,ATL,Atlanta Hawks,117,44,93,0.473,13,33,0.394,16,22,0.727,13,31,44,33,11,8,8,26,5.0
1610612744,GSW,Golden State Warriors,0022500127,2025-10-28,241,98,39,86,0.453,17,45,0.378,3,4,0.75,10,32,42,24,11,3,13,15,19.0,1610612746,LAC,LA Clippers,79,30,82,0.366,6,33,0.182,13,16,0.813,13,34,47,10,7,2,13,5,-19.0
1610612764,WAS,Washington Wizards,0022500123,2025-10-28,266,134,51,107,0.477,17,43,0.395,15,21,0.714,13,37,50,33,10,5,15,30,-5.0,1610612755,PHI,Philadelphia 76ers,139,45,100,0.45,17,42,0.405,32,37,0.865,18,37,55,26,7,11,14,21,5.0
1610612760,OKC,Oklahoma City Thunder,0022500126,2025-10-28,242,107,42,92,0.457,14,44,0.318,9,10,0.9,10,34,44,26,11,10,15,19,6.0,1610612758,SAC,Sacramento Kings,101,36,85,0.424,10,29,0.345,19,21,0.905,9,37,46,21,11,3,17,16,-6.0
1610612748,MIA,Miami Heat,0022500124,2025-10-28,242,144,52,96,0.542,20,45,0.444,20,22,0.909,8,29,37,34,8,2,11,16,27.0,1610612766,CHA,Charlotte Hornets,117,40,90,0.444,18,45,0.4,19,23,0.826,9,32,41,26,9,3,17,18,-27.0
1610612749,MIL,Milwaukee Bucks,0022500125,2025-10-28,240,121,43,79,0.544,14,34,0.412,21,24,0.875,4,34,38,27,7,8,13,21,10.0,1610612752,NYK,New York Knicks,111,39,92,0.424,13,40,0.325,20,23,0.87,17,28,45,24,9,2,13,21,-10.0
1610612750,MIN,Minnesota Timberwolves,0022500008,2025-10-27,240,114,40,85,0.471,10,32,0.313,24,29,0.828,7,26,33,19,8,9,14,22,-13.0,1610612743,DEN,Denver Nuggets,127,46,88,0.523,13,26,0.5,22,25,0.88,10,36,46,24,5,4,12,24,13.0
1610612759,SAS,San Antonio Spurs,0022500118,2025-10-27,239,121,39,67,0.582,13,27,0.481,30,36,0.833,7,37,44,29,11,3,20,17,18.0,1610612761,TOR,Toronto Raptors,103,37,79,0.468,12,32,0.375,17,23,0.739,1,19,20,29,9,4,15,23,-18.0
1610612741,CHI,Chicago Bulls,0022500115,2025-10-27,241,128,48,92,0.522,16,43,0.372,16,21,0.762,12,39,51,33,5,4,14,20,5.0,1610612737,ATL,Atlanta Hawks,123,49,98,0.5,11,32,0.344,14,20,0.7,8,28,36,32,8,1,6,17,-5.0
1610612755,PHI,Philadelphia 76ers,0022500114,2025-10-27,240,136,48,97,0.495,14,33,0.424,26,32,0.813,14,25,39,25,5,9,6,27,12.0,1610612753,ORL,Orlando Magic,124,45,82,0.549,8,25,0.32,26,38,0.684,13,30,43,27,4,7,13,22,-12.0
1610612765,DET,Detroit Pistons,0022500007,2025-10-27,240,95,33,87,0.379,11,34,0.324,18,27,0.667,16,32,48,20,12,4,25,29,-21.0,1610612739,CLE,Cleveland Cavaliers,116,39,85,0.459,11,35,0.314,27,35,0.771,12,36,48,25,11,4,19,25,21.0
1610612742,DAL,Dallas Mavericks,0022500119,2025-10-27,239,94,33,87,0.379,12,39,0.308,16,22,0.727,6,30,36,20,6,4,8,15,-7.0,1610612760,OKC,Oklahoma City Thunder,101,42,90,0.467,6,30,0.2,11,13,0.846,9,46,55,21,5,5,13,23,7.0
1610612762,UTA,Utah Jazz,0022500120,2025-10-27,266,138,44,108,0.407,16,49,0.327,34,36,0.944,28,36,64,27,8,4,18,27,4.0,1610612756,PHX,Phoenix Suns,134,45,106,0.425,20,55,0.364,24,31,0.774,18,30,48,37,13,8,14,29,-4.0
1610612740,NOP,New Orleans Pelicans,0022500117,2025-10-27,240,90,28,84,0.333,9,36,0.25,25,28,0.893,11,24,35,17,7,0,13,19,-32.0,1610612738,BOS,Boston Celtics,122,46,95,0.484,18,53,0.34,12,15,0.8,16,38,54,25,5,7,11,24,32.0
1610612745,HOU,Houston Rockets,0022500116,2025-10-27,240,137,49,85,0.576,16,32,0.5,23,26,0.885,9,30,39,33,10,4,9,22,28.0,1610612751,BKN,Brooklyn Nets,109,41,86,0.477,15,40,0.375,12,18,0.667,15,22,37,22,3,0,12,24,-28.0
1610612744,GSW,Golden State Warriors,0022500121,2025-10-27,239,131,44,83,0.53,19,43,0.442,24,30,0.8,7,32,39,36,7,5,16,24,13.0,1610612763,MEM,Memphis Grizzlies,118,40,88,0.455,12,39,0.308,26,28,0.929,7,32,39,32,8,3,13,20,-13.0
1610612747,LAL,Los Angeles Lakers,0022500122,2025-10-27,240,108,40,86,0.465,7,27,0.259,21,26,0.808,12,30,42,23,11,5,23,19,-14.0,1610612757,POR,Portland Trail Blazers,122,47,103,0.456,14,43,0.326,14,15,0.933,19,30,49,24,12,9,18,17,14.0
1610612739,CLE,Cleveland Cavaliers,0022500107,2025-10-26,239,118,39,87,0.448,12,40,0.3,28,35,0.8,10,34,44,23,10,2,16,23,5.0,1610612749,MIL,Milwaukee Bucks,113,40,79,0.506,13,33,0.394,20,28,0.714,9,28,37,25,12,6,17,26,-5.0
1610612765,DET,Detroit Pistons,0022500106,2025-10-26,239,119,39,93,0.419,9,34,0.265,32,36,0.889,19,36,55,22,7,5,16,24,6.0,1610612738,BOS,Boston Celtics,113,40,94,0.426,15,45,0.333,18,24,0.75,12,26,38,17,11,8,12,26,-6.0
1610612748,MIA,Miami Heat,0022500108,2025-10-26,241,115,38,83,0.458,13,37,0.351,26,31,0.839,9,41,50,25,7,1,16,16,8.0,1610612752,NYK,New York Knicks,107,38,98,0.388,15,54,0.278,16,21,0.762,16,36,52,23,9,3,15,24,-8.0
1610612764,WAS,Washington Wizards,0022500109,2025-10-26,240,113,41,91,0.451,10,34,0.294,21,25,0.84,7,33,40,25,5,4,15,27,-26.0,1610612766,CHA,Charlotte Hornets,139,47,92,0.511,15,38,0.395,30,36,0.833,11,41,52,30,12,4,11,16,26.0
1610612742,DAL,Dallas Mavericks,0022500111,2025-10-26,241,139,50,85,0.588,10,26,0.385,29,39,0.744,12,37,49,32,12,7,20,26,10.0,1610612761,TOR,Toronto Raptors,129,49,100,0.49,13,33,0.394,18,24,0.75,14,29,43,33,10,1,14,28,-10.0
1610612759,SAS,San Antonio Spurs,0022500105,2025-10-26,239,118,39,78,0.5,12,27,0.444,28,36,0.778,11,34,45,20,7,6,12,23,11.0,1610612751,BKN,Brooklyn Nets,107,34,87,0.391,16,50,0.32,23,24,0.958,11,23,34,22,9,0,11,30,-11.0
1610612758,SAC,Sacramento Kings,0022500113,2025-10-26,240,120,45,101,0.446,18,43,0.419,12,18,0.667,13,27,40,27,13,4,15,26,-7.0,1610612747,LAL,Los Angeles Lakers,127,39,80,0.488,8,25,0.32,41,46,0.891,10,37,47,26,9,3,17,17,7.0
1610612746,LAC,LA Clippers,0022500112,2025-10-26,241,114,44,80,0.55,12,31,0.387,14,15,0.933,7,39,46,26,11,8,22,27,7.0,1610612757,POR,Portland Trail Blazers,107,34,92,0.37,11,41,0.268,28,34,0.824,18,24,42,24,12,2,16,21,-7.0
1610612750,MIN,Minnesota Timberwolves,0022500110,2025-10-26,240,114,39,84,0.464,10,33,0.303,26,37,0.703,13,35,48,19,9,4,14,24,4.0,1610612754,IND,Indiana Pacers,110,39,91,0.429,14,40,0.35,18,27,0.667,16,33,49,24,7,5,16,27,-4.0
1610612763,MEM,Memphis Grizzlies,0022500103,2025-10-25,241,128,44,97,0.454,15,39,0.385,25,32,0.781,10,39,49,31,6,4,4,22,25.0,1610612754,IND,Indiana Pacers,103,36,89,0.404,14,40,0.35,17,23,0.739,11,33,44,25,2,5,13,21,-25.0
1610612743,DEN,Denver Nuggets,0022500104,2025-10-25,241,133,43,84,0.512,9,31,0.29,38,42,0.905,11,32,43,31,14,1,16,23,22.0,1610612756,PHX,Phoenix Suns,111,38,88,0.432,17,50,0.34,18,22,0.818,12,26,38,24,7,4,19,29,-22.0
1610612753,ORL,Orlando Magic,0022500100,2025-10-25,240,98,34,87,0.391,3,24,0.125,27,33,0.818,15,38,53,12,8,5,20,25,-12.0,1610612741,CHI,Chicago Bulls,110,39,83,0.47,10,27,0.37,22,29,0.759,9,37,46,26,13,2,18,26,12.0
1610612755,PHI,Philadelphia 76ers,0022500102,2025-10-25,240,125,41,87,0.471,18,39,0.462,25,32,0.781,11,29,40,29,10,5,15,25,4.0,1610612766,CHA,Charlotte Hornets,121,43,89,0.483,16,42,0.381,19,28,0.679,13,32,45,30,6,3,16,26,-4.0
1610612737,ATL,Atlanta Hawks,0022500101,2025-10-25,241,100,35,85,0.412,16,39,0.41,14,21,0.667,15,31,46,25,7,5,16,23,-17.0,1610612760,OKC,Oklahoma City Thunder,117,43,93,0.462,14,37,0.378,17,19,0.895,15,35,50,21,13,3,12,19,17.0
1610612747,LAL,Los Angeles Lakers,0022500019,2025-10-24,241,128,45,76,0.592,12,29,0.414,26,32,0.813,7,31,38,26,6,3,10,20,18.0,1610612750,MIN,Minnesota Timberwolves,110,41,88,0.466,13,38,0.342,15,21,0.714,15,25,40,24,4,3,12,27,-18.0
1610612746,LAC,LA Clippers,0022500099,2025-10-24,240,129,45,76,0.592,16,29,0.552,23,26,0.885,10,35,45,32,12,5,17,19,27.0,1610612756,PHX,Phoenix Suns,102,37,90,0.411,16,47,0.34,12,15,0.8,15,22,37,23,12,4,18,25,-27.0
1610612742,DAL,Dallas Mavericks,0022500096,2025-10-24,238,107,38,88,0.432,10,34,0.294,21,27,0.778,9,39,48,23,11,5,21,19,-10.0,1610612764,WAS,Washington Wizards,117,41,90,0.456,15,36,0.417,20,29,0.69,10,38,48,27,11,8,15,24,10.0
1610612752,NYK,New York Knicks,0022500018,2025-10-24,240,105,33,86,0.384,17,45,0.378,22,25,0.88,21,32,53,23,7,4,15,17,10.0,1610612738,BOS,Boston Celtics,95,35,82,0.427,15,44,0.341,10,15,0.667,8,29,37,19,10,7,15,25,-10.0
1610612763,MEM,Memphis Grizzlies,0022500094,2025-10-24,240,114,38,95,0.4,13,45,0.289,25,28,0.893,12,29,41,29,8,4,20,19,-32.0,1610612748,MIA,Miami Heat,146,55,102,0.539,19,40,0.475,17,22,0.773,17,40,57,34,15,4,19,25,32.0
1610612745,HOU,Houston Rockets,0022500093,2025-10-24,239,111,32,83,0.386,10,22,0.455,37,48,0.771,17,28,45,15,14,2,13,24,-4.0,1610612765,DET,Detroit Pistons,115,42,90,0.467,16,39,0.41,15,23,0.652,15,33,48,26,6,11,17,31,4.0
1610612751,BKN,Brooklyn Nets,0022500091,2025-10-24,238,124,49,96,0.51,19,45,0.422,7,7,1.0,10,28,38,30,9,0,19,28,-7.0,1610612739,CLE,Cleveland Cavaliers,131,44,82,0.537,18,42,0.429,25,35,0.714,9,27,36,32,14,5,17,18,7.0
1610612753,ORL,Orlando Magic,0022500090,2025-10-24,240,107,37,78,0.474,9,31,0.29,24,37,0.649,12,33,45,21,7,3,22,26,-4.0,1610612737,ATL,Atlanta Hawks,111,41,85,0.482,8,29,0.276,21,28,0.75,9,31,40,26,9,5,16,21,4.0
1610612757,POR,Portland Trail Blazers,0022500097,2025-10-24,241,139,50,93,0.538,16,34,0.471,23,25,0.92,10,28,38,30,13,5,18,28,20.0,1610612744,GSW,Golden State Warriors,119,35,80,0.438,16,38,0.421,33,39,0.846,12,29,41,24,12,3,25,22,-20.0
1610612758,SAC,Sacramento Kings,0022500098,2025-10-24,240,105,40,83,0.482,14,32,0.438,11,15,0.733,5,28,33,23,10,4,13,18,1.0,1610612762,UTA,Utah Jazz,104,38,86,0.442,13,41,0.317,15,17,0.882,11,39,50,25,6,1,19,16,-1.0
1610612761,TOR,Toronto Raptors,0022500092,2025-10-24,243,116,42,85,0.494,11,27,0.407,21,32,0.656,10,31,41,25,10,4,16,21,-6.0,1610612749,MIL,Milwaukee Bucks,122,47,90,0.522,14,40,0.35,14,25,0.56,14,37,51,25,9,5,18,24,6.0
1610612740,NOP,New Orleans Pelicans,0022500095,2025-10-24,265,116,42,97,0.433,10,32,0.313,22,29,0.759,16,29,45,24,10,3,13,21,-4.0,1610612759,SAS,San Antonio Spurs,120,45,98,0.459,13,43,0.302,17,26,0.654,20,39,59,25,6,13,18,27,4.0
1610612744,GSW,Golden State Warriors,0022500006,2025-10-23,265,137,50,99,0.505,18,47,0.383,19,25,0.76,10,33,43,33,11,3,8,16,6.0,1610612743,DEN,Denver Nuggets,131,51,95,0.537,16,40,0.4,13,14,0.929,7,36,43,32,8,4,13,22,-6.0
1610612754,IND,Indiana Pacers,0022500005,2025-10-23,290,135,46,105,0.438,13,43,0.302,30,40,0.75,11,44,55,21,6,4,14,37,-6.0,1610612760,OKC,Oklahoma City Thunder,141,43,95,0.453,10,35,0.286,45,51,0.882,9,51,60,17,6,2,14,33,6.0
1610612757,POR,Portland Trail Blazers,0022500089,2025-10-22,241,114,36,90,0.4,13,42,0.31,29,35,0.829,7,32,39,25,10,3,15,17,-4.0,1610612750,MIN,Minnesota Timberwolves,118,42,86,0.488,15,30,0.5,19,24,0.792,10,35,45,21,10,10,19,29,4.0
1610612766,CHA,Charlotte Hornets,0022500080,2025-10-22,241,136,48,90,0.533,17,36,0.472,23,33,0.697,14,36,50,33,5,5,16,25,19.0,1610612751,BKN,Brooklyn Nets,117,39,88,0.443,14,40,0.35,25,34,0.735,12,26,38,25,8,3,17,28,-19.0
1610612738,BOS,Boston Celtics,0022500083,2025-10-22,239,116,41,91,0.451,11,43,0.256,23,26,0.885,10,32,42,16,7,4,11,28,-1.0,1610612755,PHI,Philadelphia 76ers,117,39,85,0.459,16,41,0.39,23,30,0.767,10,30,40,23,3,4,14,23,1.0
1610612749,MIL,Milwaukee Bucks,0022500086,2025-10-22,240,133,50,98,0.51,18,44,0.409,15,19,0.789,6,40,46,31,8,6,8,22,13.0,1610612764,WAS,Washington Wizards,120,46,98,0.469,17,42,0.405,11,19,0.579,13,43,56,23,5,4,13,19,-13.0
1610612737,ATL,Atlanta Hawks,0022500082,2025-10-22,241,118,38,90,0.422,10,35,0.286,32,37,0.865,8,26,34,25,7,6,15,24,-20.0,1610612761,TOR,Toronto Raptors,138,54,95,0.568,6,25,0.24,24,29,0.828,12,42,54,36,10,4,19,31,20.0
1610612752,NYK,New York Knicks,0022500003,2025-10-22,241,119,37,86,0.43,14,40,0.35,31,36,0.861,9,39,48,22,8,4,13,23,8.0,1610612739,CLE,Cleveland Cavaliers,111,40,86,0.465,19,46,0.413,12,18,0.667,4,28,32,21,8,4,15,25,-8.0
1610612763,MEM,Memphis Grizzlies,0022500085,2025-10-22,240,128,41,80,0.513,11,37,0.297,35,43,0.814,6,33,39,20,5,12,17,29,6.0,1610612740,NOP,New Orleans Pelicans,122,45,98,0.459,10,27,0.37,22,31,0.71,17,30,47,20,10,4,14,30,-6.0
1610612742,DAL,Dallas Mavericks,0022500004,2025-10-22,240,92,31,83,0.373,9,21,0.429,21,26,0.808,9,28,37,20,5,3,16,24,-33.0,1610612759,SAS,San Antonio Spurs,125,50,87,0.575,8,20,0.4,17,28,0.607,11,39,50,24,10,5,14,24,33.0
1610612741,CHI,Chicago Bulls,0022500084,2025-10-22,242,115,39,87,0.448,11,30,0.367,26,32,0.813,12,38,50,29,6,8,17,23,4.0,1610612765,DET,Detroit Pistons,111,43,97,0.443,7,24,0.292,18,26,0.692,13,33,46,29,8,10,10,29,-4.0
1610612762,UTA,Utah Jazz,0022500087,2025-10-22,240,129,48,87,0.552,17,44,0.386,16,20,0.8,13,33,46,38,11,6,12,21,21.0,1610612746,LAC,LA Clippers,108,39,88,0.443,14,45,0.311,16,21,0.762,15,23,38,28,8,6,15,21,-21.0
1610612756,PHX,Phoenix Suns,0022500088,2025-10-22,240,120,45,95,0.474,10,34,0.294,20,28,0.714,18,33,51,23,7,7,15,25,4.0,1610612758,SAC,Sacramento Kings,116,47,94,0.5,9,24,0.375,13,23,0.565,9,28,37,24,10,10,13,22,-4.0
1610612753,ORL,Orlando Magic,0022500081,2025-10-22,242,125,42,90,0.467,12,30,0.4,29,35,0.829,9,37,46,23,8,7,15,20,4.0,1610612748,MIA,Miami Heat,121,44,91,0.484,12,35,0.343,21,27,0.778,10,37,47,26,9,4,17,28,-4.0
1610612760,OKC,Oklahoma City Thunder,0022500001,2025-10-21,290,125,46,104,0.442,13,52,0.25,20,25,0.8,11,27,38,29,12,4,11,27,1.0,1610612745,HOU,Houston Rockets,124,43,97,0.443,11,39,0.282,27,31,0.871,16,36,52,23,6,5,22,26,-1.0
1610612747,LAL,Los Angeles Lakers,0022500002,2025-10-21,240,109,42,77,0.545,8,32,0.25,17,28,0.607,7,32,39,23,7,2,19,21,-10.0,1610612744,GSW,Golden State Warriors,119,38,78,0.487,17,40,0.425,26,29,0.897,9,31,40,29,10,4,18,27,10.0
